Timestamp,AccX,AccY,AccZ,GyroX,GyroY,GyroZ
2026-07-27 13:06:50.046,0.26,-0.14,0.95,1.65,-2.87,-1.71
2026-07-27 13:06:50.107,0.0,-0.1,0.97,10.62,-42.91,93.38
2026-07-27 13:06:50.108,-0.09,0.09,0.91,10.38,-13.43,75.81
2026-07-27 13:06:50.108,-0.09,0.09,0.91,10.38,-13.43,75.81
2026-07-27 13:06:50.164,-0.09,0.08,0.94,-7.69,0.79,32.84
2026-07-27 13:06:50.165,-0.09,0.08,0.94,-7.69,0.79,32.84
2026-07-27 13:06:50.165,-0.09,0.08,0.94,-7.69,0.79,32.84
2026-07-27 13:06:50.225,-0.09,0.08,0.94,-7.69,0.79,32.84
2026-07-27 13:06:50.225,0.05,-0.22,1.0,-41.2,-7.14,-14.95
2026-07-27 13:06:50.225,0.05,-0.22,1.0,-41.2,-7.14,-14.95
2026-07-27 13:06:50.294,0.04,-0.23,0.97,-28.14,-4.21,-8.06
2026-07-27 13:06:50.294,0.01,-0.16,0.98,-8.3,-2.87,4.88
2026-07-27 13:06:50.344,0.01,-0.16,0.98,-8.3,-2.87,4.88
2026-07-27 13:06:50.345,0.0,-0.13,0.98,0.24,-3.97,9.7
2026-07-27 13:06:50.345,0.0,-0.13,0.98,0.24,-3.97,9.7
2026-07-27 13:06:50.405,0.02,-0.16,0.98,-1.22,-3.97,5.68
2026-07-27 13:06:50.405,0.02,-0.16,0.98,-1.22,-3.97,5.68
2026-07-27 13:06:50.407,0.03,-0.19,0.98,-3.23,-2.69,0.79
2026-07-27 13:06:50.463,0.03,-0.19,0.98,-3.23,-2.69,0.79
2026-07-27 13:06:50.464,0.03,-0.19,0.98,-2.14,-1.28,0.43
2026-07-27 13:06:50.464,0.03,-0.19,0.98,-2.14,-1.28,0.43
2026-07-27 13:06:50.524,0.02,-0.18,0.98,0.18,-0.43,2.32
2026-07-27 13:06:50.525,0.02,-0.18,0.97,1.71,-0.43,2.93
2026-07-27 13:06:50.584,0.02,-0.18,0.97,1.71,-0.43,2.93
2026-07-27 13:06:50.643,0.02,-0.18,0.97,2.14,-0.73,2.26
2026-07-27 13:06:50.644,0.02,-0.18,0.97,2.14,-0.73,2.26
2026-07-27 13:06:50.644,0.02,-0.18,0.97,2.32,-0.98,1.59
2026-07-27 13:06:50.644,0.02,-0.18,0.97,2.32,-0.98,1.59
2026-07-27 13:06:50.645,0.02,-0.18,0.98,2.32,-1.46,1.16
2026-07-27 13:06:50.704,0.02,-0.18,0.98,2.32,-1.46,1.16
2026-07-27 13:06:50.705,0.02,-0.18,0.98,1.46,-1.59,1.1
2026-07-27 13:06:50.763,0.02,-0.18,0.98,1.46,-1.59,1.1
2026-07-27 13:06:50.764,0.02,-0.17,0.97,0.24,-1.34,1.71
2026-07-27 13:06:50.764,0.02,-0.17,0.97,-0.73,-1.77,1.89
2026-07-27 13:06:50.824,0.03,-0.17,0.98,-0.73,-1.77,1.89
2026-07-27 13:06:50.825,0.03,-0.17,0.98,-1.77,-2.2,0.73
2026-07-27 13:06:50.825,0.03,-0.17,0.98,-1.77,-2.2,0.73
2026-07-27 13:06:50.927,0.02,-0.17,0.98,-3.72,-2.26,-0.73
2026-07-27 13:06:50.928,0.02,-0.17,0.98,-3.72,-2.26,-0.73
2026-07-27 13:06:50.928,0.03,-0.18,0.98,-7.45,-2.44,-2.99
2026-07-27 13:06:50.946,0.03,-0.18,0.98,-7.45,-2.44,-2.99
2026-07-27 13:06:50.947,0.03,-0.19,0.97,-12.02,-2.5,-7.75
2026-07-27 13:06:50.947,0.03,-0.19,0.97,-12.02,-2.5,-7.75
2026-07-27 13:06:51.004,0.04,-0.2,0.98,-15.2,-2.81,-11.96
2026-07-27 13:06:51.004,0.05,-0.22,0.97,-17.88,-4.15,-11.54
2026-07-27 13:06:51.071,0.05,-0.22,0.97,-17.88,-4.15,-11.54
2026-07-27 13:06:51.072,0.05,-0.23,0.97,-18.37,-4.88,-8.06
2026-07-27 13:06:51.072,0.05,-0.23,0.97,-18.37,-4.88,-8.06
2026-07-27 13:06:51.147,0.06,-0.25,0.98,-13.55,-3.05,-3.72
2026-07-27 13:06:51.147,0.06,-0.25,0.98,-13.55,-3.05,-3.72
2026-07-27 13:06:51.148,0.06,-0.26,0.98,-6.1,0.85,1.71
2026-07-27 13:06:51.184,0.06,-0.26,0.98,-6.1,0.85,1.71
2026-07-27 13:06:51.185,0.04,-0.23,0.99,3.42,6.29,6.9
2026-07-27 13:06:51.248,0.04,-0.23,0.99,17.82,13.37,6.41
2026-07-27 13:06:51.251,-0.0,-0.15,0.99,17.82,13.37,6.41
2026-07-27 13:06:51.313,-0.03,-0.1,0.98,28.08,20.02,-1.83
2026-07-27 13:06:51.314,-0.03,-0.1,0.98,28.08,20.02,-1.83
2026-07-27 13:06:51.314,-0.03,-0.13,0.97,29.17,21.06,-10.62
2026-07-27 13:06:51.315,-0.03,-0.13,0.97,29.17,21.06,-10.62
2026-07-27 13:06:51.424,0.02,-0.23,0.95,16.3,8.79,-15.14
2026-07-27 13:06:51.425,0.02,-0.23,0.95,16.3,8.79,-15.14
2026-07-27 13:06:51.425,0.06,-0.3,0.97,-14.89,-12.82,-24.72
2026-07-27 13:06:51.426,0.06,-0.31,0.97,-40.28,-14.1,-38.57
2026-07-27 13:06:51.426,0.06,-0.31,0.97,-40.28,-14.1,-38.57
2026-07-27 13:06:51.484,0.01,-0.25,0.93,-34.67,9.09,-43.82
2026-07-27 13:06:51.484,0.01,-0.25,0.93,-34.67,9.09,-43.82
2026-07-27 13:06:51.484,-0.02,-0.21,0.9,-7.02,28.02,-39.31
2026-07-27 13:06:51.546,-0.02,-0.21,0.9,-7.02,28.02,-39.31
2026-07-27 13:06:51.547,-0.03,-0.24,0.9,10.07,31.31,-24.96
2026-07-27 13:06:51.547,-0.03,-0.24,0.9,10.07,31.31,-24.96
2026-07-27 13:06:51.604,-0.07,-0.31,0.93,-0.73,24.48,1.77
2026-07-27 13:06:51.604,-0.12,-0.4,0.95,-27.77,13.0,31.56
2026-07-27 13:06:51.665,-0.12,-0.4,0.95,-27.77,13.0,31.56
2026-07-27 13:06:51.666,-0.15,-0.42,0.95,-36.38,12.08,30.09
2026-07-27 13:06:51.667,-0.15,-0.42,0.95,-36.38,12.08,30.09
2026-07-27 13:06:51.726,-0.18,-0.43,0.95,-14.53,26.98,-5.86
2026-07-27 13:06:51.726,-0.18,-0.43,0.95,-14.53,26.98,-5.86
2026-07-27 13:06:51.784,-0.21,-0.45,0.95,17.52,47.0,-56.95
2026-07-27 13:06:51.784,-0.2,-0.37,0.98,47.73,60.61,-115.23
2026-07-27 13:06:51.785,-0.2,-0.37,0.98,47.73,60.61,-115.23
2026-07-27 13:06:51.844,-0.17,-0.27,0.99,58.41,49.5,-139.04
2026-07-27 13:06:51.844,-0.17,-0.27,0.99,58.41,49.5,-139.04
2026-07-27 13:06:51.845,-0.14,-0.16,0.99,44.56,23.32,-125.61
2026-07-27 13:06:51.908,-0.14,-0.16,0.99,44.56,23.32,-125.61
2026-07-27 13:06:51.909,-0.01,0.19,1.0,42.18,6.16,-116.21
2026-07-27 13:06:51.970,0.21,0.91,0.97,71.53,0.55,-106.51
2026-07-27 13:06:51.971,0.21,0.91,0.97,71.53,0.55,-106.51
2026-07-27 13:06:51.971,0.24,1.2,0.87,77.51,4.82,-37.41
2026-07-27 13:06:52.026,0.24,1.2,0.87,77.51,4.82,-37.41
2026-07-27 13:06:52.026,-0.1,0.36,0.81,3.36,15.56,93.2
2026-07-27 13:06:52.026,-0.1,0.36,0.81,3.36,15.56,93.2
2026-07-27 13:06:52.084,-0.46,-0.78,0.94,-97.96,36.25,166.87
2026-07-27 13:06:52.085,-0.53,-1.14,1.04,-110.17,45.1,134.46
2026-07-27 13:06:52.158,-0.53,-1.14,1.04,-110.17,45.1,134.46
2026-07-27 13:06:52.159,-0.31,-0.73,0.92,-24.05,10.74,77.39
2026-07-27 13:06:52.160,-0.31,-0.73,0.92,-24.05,10.74,77.39
2026-07-27 13:06:52.204,-0.1,-0.21,0.81,42.42,-50.84,41.81
2026-07-27 13:06:52.205,-0.1,-0.21,0.81,42.42,-50.84,41.81
2026-07-27 13:06:52.265,-0.05,0.02,0.86,32.29,-72.14,20.02
2026-07-27 13:06:52.266,-0.02,0.02,0.92,-3.3,-49.13,21.0
2026-07-27 13:06:52.266,-0.02,0.02,0.92,-3.3,-49.13,21.0
2026-07-27 13:06:52.324,-0.03,-0.1,0.9,-20.32,-30.27,42.66
2026-07-27 13:06:52.325,-0.03,-0.1,0.9,-20.32,-30.27,42.66
2026-07-27 13:06:52.325,-0.13,-0.19,1.02,-13.37,-17.64,49.99
2026-07-27 13:06:52.386,-0.13,-0.19,1.02,-13.37,-17.64,49.99
2026-07-27 13:06:52.386,-0.15,-0.2,1.12,16.48,-12.88,28.69
2026-07-27 13:06:52.445,-0.15,-0.2,1.12,16.6,-19.71,3.36
2026-07-27 13:06:52.446,-0.03,-0.24,1.07,16.6,-19.71,3.36
2026-07-27 13:06:52.446,0.06,-0.25,0.96,-16.78,-28.44,3.05
2026-07-27 13:06:52.504,0.06,-0.25,0.96,-16.78,-28.44,3.05
2026-07-27 13:06:52.506,0.03,-0.19,0.94,-25.21,-24.54,18.01
2026-07-27 13:06:52.506,0.03,-0.19,0.94,-25.21,-24.54,18.01
2026-07-27 13:06:52.564,-0.04,-0.11,0.98,-3.3,-12.02,28.81
2026-07-27 13:06:52.624,-0.04,-0.11,0.98,-3.3,-12.02,28.81
2026-07-27 13:06:52.625,-0.08,-0.06,0.99,23.8,-0.49,31.86
2026-07-27 13:06:52.625,-0.09,-0.07,0.97,34.12,5.0,23.56
2026-07-27 13:06:52.626,-0.09,-0.07,0.97,34.12,5.0,23.56
2026-07-27 13:06:52.688,-0.06,-0.09,0.97,27.28,2.93,10.07
2026-07-27 13:06:52.689,-0.06,-0.09,0.97,27.28,2.93,10.07
2026-07-27 13:06:52.689,-0.02,-0.1,1.0,13.06,-2.62,1.59
2026-07-27 13:06:52.744,-0.02,-0.1,1.0,13.06,-2.62,1.59
2026-07-27 13:06:52.745,-0.0,-0.11,1.0,2.81,-5.19,1.4
2026-07-27 13:06:52.804,-0.0,-0.11,1.0,2.81,-5.19,1.4
2026-07-27 13:06:52.804,-0.01,-0.1,0.98,1.34,-3.11,3.66
2026-07-27 13:06:52.805,-0.02,-0.09,0.98,4.46,-1.95,4.82
2026-07-27 13:06:52.864,-0.02,-0.09,0.98,4.46,-1.95,4.82
2026-07-27 13:06:52.871,-0.02,-0.09,1.0,6.71,-2.69,4.46
2026-07-27 13:06:52.871,-0.02,-0.09,1.0,6.71,-2.69,4.46
2026-07-27 13:06:52.924,-0.02,-0.08,1.0,7.39,-2.32,4.03
2026-07-27 13:06:52.942,-0.02,-0.08,1.0,7.39,-2.32,4.03
2026-07-27 13:06:52.987,-0.02,-0.08,0.99,6.53,-0.55,3.72
2026-07-27 13:06:52.989,-0.02,-0.08,0.99,6.53,-0.55,3.72
2026-07-27 13:06:52.989,-0.02,-0.07,0.98,5.74,0.18,3.66
2026-07-27 13:06:53.044,-0.02,-0.07,0.98,5.74,0.18,3.66
2026-07-27 13:06:53.045,-0.02,-0.06,0.99,5.43,-0.67,3.78
2026-07-27 13:06:53.046,-0.02,-0.06,0.99,4.82,-1.83,3.97
2026-07-27 13:06:53.104,-0.02,-0.06,0.99,4.82,-1.83,3.97
2026-07-27 13:06:53.105,-0.03,-0.05,0.99,3.72,-2.2,3.48
2026-07-27 13:06:53.105,-0.03,-0.05,0.99,3.72,-2.2,3.48
2026-07-27 13:06:53.173,-0.02,-0.05,0.99,2.69,-2.75,1.89
2026-07-27 13:06:53.174,-0.02,-0.05,0.99,2.69,-2.75,1.89
2026-07-27 13:06:53.226,-0.01,-0.06,1.0,2.14,-3.72,0.79
2026-07-27 13:06:53.227,-0.01,-0.06,1.0,2.14,-3.72,0.79
2026-07-27 13:06:53.227,-0.01,-0.06,1.0,1.46,-3.48,0.55
2026-07-27 13:06:53.284,-0.01,-0.06,0.99,1.28,-2.26,0.92
2026-07-27 13:06:53.285,-0.01,-0.06,0.99,1.28,-2.26,0.92
2026-07-27 13:06:53.286,-0.02,-0.06,0.99,1.53,-1.4,1.34
2026-07-27 13:06:53.344,-0.02,-0.06,0.99,1.53,-1.4,1.34
2026-07-27 13:06:53.344,-0.01,-0.05,0.99,1.59,-1.89,1.16
2026-07-27 13:06:53.345,-0.01,-0.05,0.99,1.59,-1.89,1.16
2026-07-27 13:06:53.405,-0.01,-0.06,0.99,0.92,-3.17,0.73
2026-07-27 13:06:53.411,-0.01,-0.06,0.99,0.92,-3.17,0.73
2026-07-27 13:06:53.464,-0.0,-0.06,1.0,-0.37,-3.85,0.67
2026-07-27 13:06:53.465,-0.0,-0.06,1.0,-0.37,-3.85,0.67
2026-07-27 13:06:53.466,0.0,-0.06,1.0,-0.55,-3.36,0.98
2026-07-27 13:06:53.528,-0.0,-0.05,0.99,0.06,-2.62,1.28
2026-07-27 13:06:53.528,-0.0,-0.05,0.99,0.06,-2.62,1.28
2026-07-27 13:06:53.529,-0.0,-0.05,0.99,0.18,-2.75,1.16
2026-07-27 13:06:53.584,-0.0,-0.05,0.99,0.18,-2.75,1.16
2026-07-27 13:06:53.585,0.0,-0.06,1.0,0.31,-2.93,0.79
2026-07-27 13:06:53.585,0.0,-0.06,1.0,0.31,-2.93,0.79
2026-07-27 13:06:53.646,0.01,-0.06,1.0,1.04,-2.26,0.43
2026-07-27 13:06:53.646,0.01,-0.06,1.0,1.04,-2.26,0.43
2026-07-27 13:06:53.706,0.01,-0.05,0.99,1.83,-1.53,0.43
2026-07-27 13:06:53.706,0.01,-0.05,0.99,2.44,-0.98,0.49
2026-07-27 13:06:53.707,0.0,-0.05,0.99,2.44,-0.98,0.49
2026-07-27 13:06:53.770,0.0,-0.05,0.99,2.75,-0.98,0.37
2026-07-27 13:06:53.771,0.0,-0.05,0.99,2.75,-0.98,0.37
2026-07-27 13:06:53.772,0.01,-0.05,0.99,2.26,-1.53,0.12
2026-07-27 13:06:53.824,0.01,-0.05,0.99,2.26,-1.53,0.12
2026-07-27 13:06:53.825,0.01,-0.05,0.99,1.53,-1.59,0.0
2026-07-27 13:06:53.826,0.01,-0.05,0.99,1.53,-1.59,0.0
2026-07-27 13:06:53.885,0.01,-0.05,0.99,1.22,-1.34,0.31
2026-07-27 13:06:53.885,0.01,-0.05,0.99,1.22,-1.34,0.31
2026-07-27 13:06:53.947,0.01,-0.04,1.0,0.92,-1.28,0.49
2026-07-27 13:06:53.949,0.01,-0.04,1.0,0.61,-1.1,0.43
2026-07-27 13:06:53.949,0.01,-0.04,0.99,0.61,-1.1,0.43
2026-07-27 13:06:54.003,0.01,-0.04,0.99,0.49,-0.98,0.31
2026-07-27 13:06:54.004,0.01,-0.04,0.99,0.49,-0.98,0.31
2026-07-27 13:06:54.064,0.01,-0.04,1.0,0.31,-1.46,0.18
2026-07-27 13:06:54.065,0.01,-0.04,1.0,0.31,-1.46,0.18
2026-07-27 13:06:54.065,0.01,-0.04,1.0,0.31,-1.34,0.18
2026-07-27 13:06:54.123,0.01,-0.04,1.0,0.31,-1.34,0.18
2026-07-27 13:06:54.124,0.01,-0.04,1.0,0.24,-0.79,0.12
2026-07-27 13:06:54.124,0.01,-0.04,0.99,0.18,-0.43,0.06
2026-07-27 13:06:54.184,0.01,-0.04,0.99,0.18,-0.43,0.06
2026-07-27 13:06:54.185,0.01,-0.04,0.99,0.49,-0.18,-0.06
2026-07-27 13:06:54.185,0.01,-0.04,0.99,0.49,-0.18,-0.06
2026-07-27 13:06:54.243,0.01,-0.05,0.99,1.04,-0.43,-0.12
2026-07-27 13:06:54.244,0.01,-0.05,0.99,1.04,-0.43,-0.12
2026-07-27 13:06:54.304,0.01,-0.06,0.99,2.08,-0.67,-0.12
2026-07-27 13:06:54.305,0.01,-0.06,0.99,2.08,-0.67,-0.12
2026-07-27 13:06:54.305,0.02,-0.07,1.01,3.72,-1.34,0.79
2026-07-27 13:06:54.364,0.02,-0.07,1.01,3.72,-1.34,0.79
2026-07-27 13:06:54.365,0.05,-0.11,1.07,9.28,1.65,2.44
2026-07-27 13:06:54.365,0.05,-0.09,1.03,34.91,20.26,9.22
2026-07-27 13:06:54.434,0.05,-0.09,1.03,34.91,20.26,9.22
2026-07-27 13:06:54.435,-0.17,0.43,0.83,72.88,42.24,33.45
2026-07-27 13:06:54.435,-0.17,0.43,0.83,72.88,42.24,33.45
2026-07-27 13:06:54.485,-0.29,0.95,0.85,38.15,17.58,31.49
2026-07-27 13:06:54.485,-0.29,0.95,0.85,38.15,17.58,31.49
2026-07-27 13:06:54.544,0.13,0.18,1.05,-90.21,-24.05,-56.46
2026-07-27 13:06:54.545,0.13,0.18,1.05,-189.94,-14.22,-128.6
2026-07-27 13:06:54.545,0.7,-1.35,0.98,-189.94,-14.22,-128.6
2026-07-27 13:06:54.604,0.67,-1.5,0.65,-121.89,23.38,-30.64
2026-07-27 13:06:54.604,0.67,-1.5,0.65,-121.89,23.38,-30.64
2026-07-27 13:06:54.664,-0.05,0.24,0.49,54.44,32.53,152.1
2026-07-27 13:06:54.665,-0.05,0.24,0.49,54.44,32.53,152.1
2026-07-27 13:06:54.665,-0.6,1.63,0.71,116.33,0.06,180.48
2026-07-27 13:06:54.726,-0.6,1.63,0.71,116.33,0.06,180.48
2026-07-27 13:06:54.726,-0.6,1.63,0.71,116.33,0.06,180.48
2026-07-27 13:06:54.726,-0.6,1.63,0.71,116.33,0.06,180.48
2026-07-27 13:06:54.784,0.51,-1.11,1.07,-112.37,-26.73,-131.84
2026-07-27 13:06:54.784,0.51,-1.11,1.07,-112.37,-26.73,-131.84
2026-07-27 13:06:54.785,0.51,-1.11,1.07,-112.37,-26.73,-131.84
2026-07-27 13:06:54.844,0.51,-1.11,1.07,-112.37,-26.73,-131.84
2026-07-27 13:06:54.845,-0.07,0.17,0.68,47.67,6.16,83.19
2026-07-27 13:06:54.846,-0.07,0.17,0.68,47.67,6.16,83.19
2026-07-27 13:06:54.913,-0.52,1.41,1.0,83.25,-24.54,112.85
2026-07-27 13:06:54.913,-0.2,0.67,1.12,-4.21,-28.81,-24.78
2026-07-27 13:06:54.914,-0.2,0.67,1.12,-4.21,-28.81,-24.78
2026-07-27 13:06:54.965,0.38,-0.86,0.89,-81.36,-1.16,-142.64
2026-07-27 13:06:54.966,0.38,-0.86,0.89,-81.36,-1.16,-142.64
2026-07-27 13:06:55.026,0.51,-1.27,0.78,-48.83,9.58,-100.71
2026-07-27 13:06:55.026,0.51,-1.27,0.78,-48.83,9.58,-100.71
2026-07-27 13:06:55.084,0.14,-0.33,0.97,44.43,-8.3,28.69
2026-07-27 13:06:55.084,-0.22,0.54,1.07,74.1,-17.15,85.21
2026-07-27 13:06:55.089,-0.22,0.54,1.07,74.1,-17.15,85.21
2026-07-27 13:06:55.203,-0.17,0.44,1.03,12.27,-11.29,29.66
2026-07-27 13:06:55.205,-0.17,0.44,1.03,12.27,-11.29,29.66
2026-07-27 13:06:55.205,0.11,-0.16,0.97,-55.6,-9.16,-43.03
2026-07-27 13:06:55.206,0.11,-0.16,0.97,-55.6,-9.16,-43.03
2026-07-27 13:06:55.206,0.22,-0.51,0.93,-67.63,-11.84,-52.61
2026-07-27 13:06:55.206,0.22,-0.51,0.93,-67.63,-11.84,-52.61
2026-07-27 13:06:55.264,0.13,-0.4,0.93,-34.79,-16.17,-12.39
2026-07-27 13:06:55.265,0.03,-0.17,0.95,-5.86,-18.92,18.68
2026-07-27 13:06:55.265,0.03,-0.17,0.95,-5.86,-18.92,18.68
2026-07-27 13:06:55.325,-0.01,-0.13,0.91,-4.58,-19.47,15.81
2026-07-27 13:06:55.326,-0.01,-0.13,0.91,-4.58,-19.47,15.81
2026-07-27 13:06:55.384,0.02,-0.3,0.88,-19.53,-25.39,-0.12
2026-07-27 13:06:55.385,0.02,-0.3,0.88,-19.53,-25.39,-0.12
2026-07-27 13:06:55.386,0.14,-0.48,0.94,-35.52,-40.53,-2.01
2026-07-27 13:06:55.444,0.14,-0.48,0.94,-35.52,-40.53,-2.01
2026-07-27 13:06:55.445,0.27,-0.44,1.02,-35.03,-44.13,16.17
2026-07-27 13:06:55.505,0.23,-0.18,1.06,-6.71,-22.09,38.88
2026-07-27 13:06:55.505,0.23,-0.18,1.06,-6.71,-22.09,38.88
2026-07-27 13:06:55.506,0.13,-0.04,1.12,17.4,9.77,40.22
2026-07-27 13:06:55.564,0.13,-0.04,1.12,17.4,9.77,40.22
2026-07-27 13:06:55.565,0.07,-0.14,1.06,1.65,36.56,21.36
2026-07-27 13:06:55.565,0.07,-0.14,1.06,1.65,36.56,21.36
2026-07-27 13:06:55.624,0.0,-0.28,0.85,-23.93,53.28,5.37
2026-07-27 13:06:55.626,0.0,-0.28,0.85,-23.93,53.28,5.37
2026-07-27 13:06:55.626,-0.06,-0.29,0.75,-19.84,46.94,-1.59
2026-07-27 13:06:55.684,-0.02,-0.32,0.83,-4.82,23.01,-11.78
2026-07-27 13:06:55.685,-0.02,-0.32,0.83,-4.82,23.01,-11.78
2026-07-27 13:06:55.745,0.0,-0.42,1.01,10.44,6.71,-19.96
2026-07-27 13:06:55.745,0.0,-0.42,1.01,10.44,6.71,-19.96
2026-07-27 13:06:55.746,-0.09,-0.24,1.21,66.35,-8.42,-2.93
2026-07-27 13:06:55.804,-0.09,-0.24,1.21,66.35,-8.42,-2.93
2026-07-27 13:06:55.805,-0.09,0.06,1.29,132.32,-36.68,5.0
2026-07-27 13:06:55.805,-0.09,0.06,1.29,139.83,-56.88,-30.15
2026-07-27 13:06:55.864,0.11,0.03,1.17,139.83,-56.88,-30.15
2026-07-27 13:06:55.864,0.27,-0.04,0.93,130.13,-48.65,-60.91
2026-07-27 13:06:55.924,0.27,-0.04,0.93,130.13,-48.65,-60.91
2026-07-27 13:06:55.924,0.28,0.13,0.87,153.38,-32.47,-56.03
2026-07-27 13:06:55.925,0.28,0.13,0.87,153.38,-32.47,-56.03
2026-07-27 13:06:55.989,0.21,0.36,0.93,170.35,-16.78,-45.35
2026-07-27 13:06:55.989,0.21,0.36,0.93,133.67,-0.31,-55.11
2026-07-27 13:06:55.990,0.11,0.54,0.85,133.67,-0.31,-55.11
2026-07-27 13:06:56.045,0.11,0.58,0.85,64.15,-15.26,-84.96
2026-07-27 13:06:56.045,0.11,0.58,0.85,64.15,-15.26,-84.96
2026-07-27 13:06:56.110,0.23,0.48,0.83,5.62,-51.51,-120.36
2026-07-27 13:06:56.111,0.23,0.48,0.83,5.62,-51.51,-120.36
2026-07-27 13:06:56.111,0.32,0.43,0.71,-29.97,-70.8,-142.94
2026-07-27 13:06:56.164,0.31,0.35,0.78,-54.63,-78.06,-172.85
2026-07-27 13:06:56.165,0.31,0.35,0.78,-54.63,-78.06,-172.85
2026-07-27 13:06:56.224,0.23,0.14,1.02,-77.21,-54.93,-199.22
2026-07-27 13:06:56.234,0.23,0.14,1.02,-77.21,-54.93,-199.22
2026-07-27 13:06:56.235,0.07,-0.05,1.08,-86.06,16.36,-159.12
2026-07-27 13:06:56.284,0.07,-0.05,1.08,-86.06,16.36,-159.12
2026-07-27 13:06:56.287,-0.07,-0.11,0.97,-77.21,96.44,-56.82
2026-07-27 13:06:56.343,-0.15,-0.09,0.98,-102.97,133.67,3.6
2026-07-27 13:06:56.344,-0.15,-0.09,0.98,-102.97,133.67,3.6
2026-07-27 13:06:56.344,-0.3,-0.02,1.05,-146.91,95.83,-47.73
2026-07-27 13:06:56.406,-0.3,-0.02,1.05,-146.91,95.83,-47.73
2026-07-27 13:06:56.406,-0.44,0.05,1.04,-127.81,23.62,-123.41
2026-07-27 13:06:56.407,-0.44,0.05,1.04,-127.81,23.62,-123.41
2026-07-27 13:06:56.464,-0.42,0.05,1.0,-81.24,-10.93,-132.93
2026-07-27 13:06:56.464,-0.27,0.01,0.93,-52.19,-10.01,-99.73
2026-07-27 13:06:56.525,-0.27,0.01,0.93,-52.19,-10.01,-99.73
2026-07-27 13:06:56.525,-0.1,-0.02,0.83,-28.02,-4.7,-74.58
2026-07-27 13:06:56.526,-0.1,-0.02,0.83,-28.02,-4.7,-74.58
2026-07-27 13:06:56.584,-0.01,-0.08,0.81,-25.82,3.78,-71.41
2026-07-27 13:06:56.584,-0.01,-0.08,0.81,-25.82,3.78,-71.41
2026-07-27 13:06:56.585,0.02,-0.21,0.94,-48.1,22.46,-65.67
2026-07-27 13:06:56.644,0.02,-0.21,0.94,-43.09,46.63,-45.17
2026-07-27 13:06:56.644,0.01,-0.32,1.02,-43.09,46.63,-45.17
2026-07-27 13:06:56.704,-0.07,-0.3,0.95,-16.91,59.02,-34.42
2026-07-27 13:06:56.704,-0.07,-0.3,0.95,-16.91,59.02,-34.42
2026-07-27 13:06:56.704,-0.17,-0.28,0.88,-29.97,52.86,-38.39
2026-07-27 13:06:56.765,-0.17,-0.28,0.88,-29.97,52.86,-38.39
2026-07-27 13:06:56.766,-0.2,-0.32,0.9,-62.5,45.41,-48.22
2026-07-27 13:06:56.767,-0.2,-0.32,0.9,-62.5,45.41,-48.22
2026-07-27 13:06:56.833,-0.2,-0.4,0.9,-85.82,72.63,-88.56
2026-07-27 13:06:56.835,-0.24,-0.57,0.74,-126.59,150.39,-157.41
2026-07-27 13:06:56.885,-0.24,-0.57,0.74,-126.59,150.39,-157.41
2026-07-27 13:06:56.885,-0.31,-0.73,0.53,-142.58,197.57,-176.7
2026-07-27 13:06:56.885,-0.31,-0.73,0.53,-142.58,197.57,-176.7
2026-07-27 13:06:56.944,-0.34,-0.76,0.46,-85.94,144.47,-112.06
2026-07-27 13:06:56.946,-0.34,-0.76,0.46,-21.36,63.84,-33.63
2026-07-27 13:06:57.005,-0.32,-0.76,0.53,-21.36,63.84,-33.63
2026-07-27 13:06:57.016,-0.29,-0.74,0.62,11.47,35.95,0.24
2026-07-27 13:06:57.019,-0.29,-0.74,0.62,11.47,35.95,0.24
2026-07-27 13:06:57.064,-0.26,-0.73,0.65,31.43,47.79,-3.42
2026-07-27 13:06:57.065,-0.26,-0.73,0.65,31.43,47.79,-3.42
2026-07-27 13:06:57.065,-0.3,-0.74,0.65,41.08,45.96,-23.99
2026-07-27 13:06:57.124,-0.3,-0.74,0.65,41.08,45.96,-23.99
2026-07-27 13:06:57.124,-0.34,-0.75,0.64,44.25,17.64,-47.55
2026-07-27 13:06:57.184,-0.35,-0.72,0.61,39.92,0.18,-57.19
2026-07-27 13:06:57.184,-0.35,-0.72,0.61,39.92,0.18,-57.19
2026-07-27 13:06:57.184,-0.37,-0.69,0.56,22.64,4.39,-48.83
2026-07-27 13:06:57.244,-0.37,-0.69,0.56,22.64,4.39,-48.83
2026-07-27 13:06:57.244,-0.38,-0.71,0.52,4.33,12.57,-34.73
2026-07-27 13:06:57.244,-0.38,-0.71,0.52,4.33,12.57,-34.73
2026-07-27 13:06:57.305,-0.38,-0.73,0.5,-5.43,18.98,-25.88
2026-07-27 13:06:57.306,-0.38,-0.73,0.5,-11.11,26.43,-23.8
2026-07-27 13:06:57.364,-0.39,-0.75,0.46,-11.11,26.43,-23.8
2026-07-27 13:06:57.365,-0.42,-0.76,0.42,-17.64,36.87,-25.94
2026-07-27 13:06:57.365,-0.42,-0.76,0.42,-17.64,36.87,-25.94
2026-07-27 13:06:57.424,-0.46,-0.77,0.36,-28.08,49.62,-31.74
2026-07-27 13:06:57.424,-0.46,-0.77,0.36,-28.08,49.62,-31.74
2026-07-27 13:06:57.424,-0.49,-0.77,0.28,-37.78,63.23,-41.08
2026-07-27 13:06:57.486,-0.49,-0.77,0.28,-37.78,63.23,-41.08
2026-07-27 13:06:57.486,-0.53,-0.76,0.14,-40.04,79.83,-45.23
2026-07-27 13:06:57.545,-0.57,-0.69,-0.08,-36.19,94.91,-37.17
2026-07-27 13:06:57.545,-0.57,-0.69,-0.08,-36.19,94.91,-37.17
2026-07-27 13:06:57.604,-0.57,-0.54,-0.14,-41.63,106.75,-27.1
2026-07-27 13:06:57.605,-0.57,-0.54,-0.14,-41.63,106.75,-27.1
2026-07-27 13:06:57.605,-0.59,-0.44,0.09,-66.77,144.47,-21.0
2026-07-27 13:06:57.605,-0.59,-0.44,0.09,-66.77,144.47,-21.0
2026-07-27 13:06:57.670,-0.63,-0.56,0.44,-76.29,205.08,-8.06
2026-07-27 13:06:57.670,-0.58,-0.8,0.65,-28.02,241.15,6.53
2026-07-27 13:06:57.785,-0.58,-0.8,0.65,-28.02,241.15,6.53
2026-07-27 13:06:57.786,-0.49,-0.97,0.6,14.16,217.53,9.16
2026-07-27 13:06:57.786,-0.49,-0.97,0.6,14.16,217.53,9.16
2026-07-27 13:06:57.787,-0.43,-1.02,0.36,-33.75,135.5,4.58
2026-07-27 13:06:57.787,-0.43,-1.02,0.36,-33.75,135.5,4.58
2026-07-27 13:06:57.855,-0.48,-0.92,0.14,-128.72,41.08,1.95
2026-07-27 13:06:57.857,-0.67,-0.72,0.14,-167.11,-25.09,21.24
2026-07-27 13:06:57.857,-0.67,-0.72,0.14,-167.11,-25.09,21.24
2026-07-27 13:06:57.904,-0.89,-0.61,0.33,-95.76,-54.69,71.41
2026-07-27 13:06:57.905,-0.89,-0.61,0.33,-95.76,-54.69,71.41
2026-07-27 13:06:57.905,-0.97,-0.65,0.56,59.57,-57.86,125.73
2026-07-27 13:06:57.964,-0.97,-0.65,0.56,59.57,-57.86,125.73
2026-07-27 13:06:57.965,-0.85,-0.97,0.75,213.99,-43.95,146.42
2026-07-27 13:06:58.024,-0.63,-1.48,0.62,269.78,-24.72,92.65
2026-07-27 13:06:58.026,-0.63,-1.48,0.62,269.78,-24.72,92.65
2026-07-27 13:06:58.026,-0.52,-1.36,0.3,214.97,-0.37,-67.2
2026-07-27 13:06:58.084,-0.52,-1.36,0.3,214.97,-0.37,-67.2
2026-07-27 13:06:58.085,-0.5,-0.75,0.23,131.23,39.31,-200.68
2026-07-27 13:06:58.148,-0.41,-0.49,0.26,55.48,66.77,-178.83
2026-07-27 13:06:58.149,-0.41,-0.49,0.26,55.48,66.77,-178.83
2026-07-27 13:06:58.149,-0.36,-0.6,0.31,-1.83,78.43,-84.11
2026-07-27 13:06:58.205,-0.36,-0.6,0.31,-1.83,78.43,-84.11
2026-07-27 13:06:58.205,-0.38,-0.88,0.31,-7.93,96.56,-2.38
2026-07-27 13:06:58.208,-0.38,-0.88,0.31,-7.93,96.56,-2.38
2026-07-27 13:06:58.266,-0.39,-1.08,0.24,-20.39,90.58,22.52
2026-07-27 13:06:58.267,-0.39,-1.01,0.1,-69.7,42.48,-13.73
2026-07-27 13:06:58.324,-0.39,-1.01,0.1,-69.7,42.48,-13.73
2026-07-27 13:06:58.324,-0.41,-0.84,-0.04,-86.67,-9.64,-48.65
2026-07-27 13:06:58.325,-0.41,-0.84,-0.04,-86.67,-9.64,-48.65
2026-07-27 13:06:58.384,-0.46,-0.74,-0.03,-39.43,-24.9,-47.0
2026-07-27 13:06:58.385,-0.46,-0.74,-0.03,-39.43,-24.9,-47.0
2026-07-27 13:06:58.444,-0.52,-0.78,0.12,52.92,-0.79,-31.13
2026-07-27 13:06:58.445,-0.52,-0.78,0.12,52.92,-0.79,-31.13
2026-07-27 13:06:58.445,-0.55,-0.89,0.33,162.9,42.11,-36.38
2026-07-27 13:06:58.504,-0.56,-0.83,0.49,277.1,101.68,-80.2
2026-07-27 13:06:58.505,-0.56,-0.83,0.49,277.1,101.68,-80.2
2026-07-27 13:06:58.567,-0.53,-0.59,0.59,353.88,164.73,-130.92
2026-07-27 13:06:58.567,-0.53,-0.59,0.59,353.88,164.73,-130.92
2026-07-27 13:06:58.627,-0.5,-0.37,0.62,328.74,177.8,-130.31
2026-07-27 13:06:58.627,-0.5,-0.37,0.62,204.9,124.76,-68.6
2026-07-27 13:06:58.627,-0.47,-0.33,0.64,204.9,124.76,-68.6
2026-07-27 13:06:58.627,-0.43,-0.43,0.7,72.14,55.91,-2.87
2026-07-27 13:06:58.687,-0.43,-0.43,0.7,72.14,55.91,-2.87
2026-07-27 13:06:58.687,-0.41,-0.55,0.76,8.91,16.42,20.45
2026-07-27 13:06:58.687,-0.41,-0.55,0.76,8.91,16.42,20.45
2026-07-27 13:06:58.756,-0.36,-0.64,0.82,6.77,7.63,7.57
2026-07-27 13:06:58.756,-0.36,-0.64,0.82,6.77,7.63,7.57
2026-07-27 13:06:58.804,-0.25,-0.68,0.91,22.34,11.84,-13.0
2026-07-27 13:06:58.805,-0.12,-0.67,0.95,22.34,5.49,-12.02
2026-07-27 13:06:58.864,-0.12,-0.67,0.95,22.34,5.49,-12.02
2026-07-27 13:06:58.864,-0.06,-0.71,0.88,-13.0,-34.73,16.24
2026-07-27 13:06:58.865,-0.06,-0.71,0.88,-13.0,-34.73,16.24
2026-07-27 13:06:58.984,-0.09,-0.78,0.74,-59.69,-86.85,42.72
2026-07-27 13:06:58.984,-0.09,-0.78,0.74,-59.69,-86.85,42.72
2026-07-27 13:06:58.984,-0.15,-0.75,0.67,-74.28,-104.68,41.02
2026-07-27 13:06:58.985,-0.15,-0.75,0.67,-58.96,-87.77,23.19
2026-07-27 13:06:58.985,-0.2,-0.64,0.72,-58.96,-87.77,23.19
2026-07-27 13:06:58.986,-0.21,-0.57,0.79,-46.02,-69.21,18.37
2026-07-27 13:06:59.044,-0.21,-0.57,0.79,-46.02,-69.21,18.37
2026-07-27 13:06:59.046,-0.23,-0.56,0.82,-43.82,-65.25,27.65
2026-07-27 13:06:59.106,-0.23,-0.56,0.82,-43.82,-65.25,27.65
2026-07-27 13:06:59.106,-0.27,-0.57,0.79,-39.79,-68.54,33.45
2026-07-27 13:06:59.106,-0.27,-0.57,0.79,-30.82,-70.68,32.41
2026-07-27 13:06:59.166,-0.31,-0.55,0.73,-30.82,-70.68,32.41
2026-07-27 13:06:59.166,-0.33,-0.52,0.66,-23.19,-70.07,33.45
2026-07-27 13:06:59.167,-0.33,-0.52,0.66,-23.19,-70.07,33.45
2026-07-27 13:06:59.285,-0.33,-0.53,0.59,-22.95,-71.23,46.39
2026-07-27 13:06:59.286,-0.33,-0.53,0.59,-22.95,-71.23,46.39
2026-07-27 13:06:59.344,-0.3,-0.59,0.54,-30.33,-76.97,74.04
2026-07-27 13:06:59.345,-0.3,-0.59,0.54,-30.33,-76.97,74.04
2026-07-27 13:06:59.346,-0.24,-0.66,0.48,-35.22,-81.73,100.95
2026-07-27 13:06:59.346,-0.19,-0.66,0.45,-24.41,-73.18,107.48
2026-07-27 13:06:59.346,-0.19,-0.66,0.45,-24.41,-73.18,107.48
2026-07-27 13:06:59.405,-0.15,-0.58,0.45,7.81,-48.58,91.43
2026-07-27 13:06:59.405,-0.15,-0.58,0.45,7.81,-48.58,91.43
2026-07-27 13:06:59.406,-0.14,-0.46,0.52,49.13,-25.45,63.35
2026-07-27 13:06:59.466,-0.14,-0.46,0.52,49.13,-25.45,63.35
2026-07-27 13:06:59.466,-0.16,-0.36,0.64,74.1,-17.7,39.49
2026-07-27 13:06:59.466,-0.22,-0.34,0.81,75.07,-14.34,39.73
2026-07-27 13:06:59.524,-0.22,-0.34,0.81,75.07,-14.34,39.73
2026-07-27 13:06:59.524,-0.3,-0.37,0.95,64.82,-9.16,59.57
2026-07-27 13:06:59.524,-0.3,-0.37,0.95,64.82,-9.16,59.57
2026-07-27 13:06:59.584,-0.36,-0.41,1.07,49.44,-9.28,78.55
2026-07-27 13:06:59.584,-0.36,-0.41,1.07,49.44,-9.28,78.55
2026-07-27 13:06:59.647,-0.37,-0.48,1.16,27.77,-17.94,89.23
2026-07-27 13:06:59.653,-0.37,-0.48,1.16,27.77,-17.94,89.23
2026-07-27 13:06:59.654,-0.37,-0.48,1.16,27.77,-17.94,89.23
2026-07-27 13:06:59.704,-0.37,-0.48,1.16,27.77,-17.94,89.23
2026-07-27 13:06:59.704,-0.33,-0.28,0.98,17.21,-42.72,41.02
2026-07-27 13:06:59.705,-0.33,-0.28,0.98,26.92,-42.24,8.42
2026-07-27 13:06:59.764,-0.36,-0.15,0.89,26.92,-42.24,8.42
2026-07-27 13:06:59.765,-0.38,-0.13,0.91,19.04,-35.46,6.96
2026-07-27 13:06:59.765,-0.38,-0.13,0.91,19.04,-35.46,6.96
2026-07-27 13:06:59.826,-0.35,-0.18,0.99,-6.77,-31.31,26.12
2026-07-27 13:06:59.826,-0.35,-0.18,0.99,-6.77,-31.31,26.12
2026-07-27 13:06:59.884,-0.35,-0.26,1.02,-38.7,-38.51,46.51
2026-07-27 13:06:59.884,-0.35,-0.26,1.02,-38.7,-38.51,46.51
2026-07-27 13:06:59.884,-0.35,-0.32,0.97,-54.44,-49.26,54.63
2026-07-27 13:06:59.948,-0.35,-0.31,0.91,-37.84,-42.36,39.92
2026-07-27 13:06:59.948,-0.35,-0.31,0.91,-37.84,-42.36,39.92
2026-07-27 13:07:00.064,-0.34,-0.28,0.89,-9.89,-22.34,15.08
2026-07-27 13:07:00.065,-0.34,-0.28,0.89,-9.89,-22.34,15.08
2026-07-27 13:07:00.123,-0.32,-0.25,0.89,3.54,-11.35,2.26
2026-07-27 13:07:00.124,-0.32,-0.25,0.89,3.54,-11.35,2.26
2026-07-27 13:07:00.124,-0.29,-0.24,0.87,0.73,-12.76,3.48
2026-07-27 13:07:00.124,-0.29,-0.24,0.87,0.73,-12.76,3.48
2026-07-27 13:07:00.125,-0.25,-0.24,0.87,-9.4,-13.37,9.83
2026-07-27 13:07:00.127,-0.19,-0.27,0.9,-19.78,-9.28,17.76
2026-07-27 13:07:00.128,-0.19,-0.27,0.9,-19.78,-9.28,17.76
2026-07-27 13:07:00.244,-0.11,-0.32,0.92,-31.13,-9.89,26.12
2026-07-27 13:07:00.245,-0.11,-0.32,0.92,-31.13,-9.89,26.12
2026-07-27 13:07:00.246,-0.09,-0.39,0.93,-41.56,-17.7,26.06
2026-07-27 13:07:00.483,-0.09,-0.39,0.93,-41.32,-21.48,9.7
2026-07-27 13:07:00.503,-0.15,-0.44,0.97,-41.32,-21.48,9.7
2026-07-27 13:07:00.504,-0.16,-0.43,1.0,-30.52,-13.49,-12.33
2026-07-27 13:07:00.505,-0.16,-0.43,1.0,-30.52,-13.49,-12.33
2026-07-27 13:07:00.505,-0.07,-0.41,0.94,-17.46,-4.94,-20.02
2026-07-27 13:07:00.505,-0.07,-0.41,0.94,-17.46,-4.94,-20.02
2026-07-27 13:07:00.509,0.02,-0.49,0.8,-12.63,-13.73,1.04
2026-07-27 13:07:00.509,0.02,-0.49,0.8,-12.63,-13.73,1.04
2026-07-27 13:07:00.509,0.06,-0.63,0.7,-20.69,-30.46,36.13
2026-07-27 13:07:00.510,0.08,-0.66,0.71,-26.73,-30.58,48.22
2026-07-27 13:07:00.510,0.08,-0.66,0.71,-26.73,-30.58,48.22
2026-07-27 13:07:00.510,0.06,-0.59,0.74,-23.5,-20.26,35.77
2026-07-27 13:07:00.511,0.06,-0.59,0.74,-23.5,-20.26,35.77
2026-07-27 13:07:00.545,0.01,-0.5,0.74,-19.35,-18.43,24.72
2026-07-27 13:07:00.604,0.01,-0.5,0.74,-19.35,-18.43,24.72
2026-07-27 13:07:00.669,-0.03,-0.45,0.72,-14.53,-21.73,22.46
2026-07-27 13:07:00.669,-0.04,-0.43,0.74,-5.8,-21.0,25.94
2026-07-27 13:07:00.670,-0.04,-0.43,0.74,-5.8,-21.0,25.94
2026-07-27 13:07:00.670,-0.06,-0.43,0.79,5.92,-17.76,33.02
2026-07-27 13:07:00.670,-0.06,-0.43,0.79,5.92,-17.76,33.02
2026-07-27 13:07:00.723,-0.09,-0.44,0.84,16.11,-17.21,41.26
2026-07-27 13:07:00.724,-0.09,-0.44,0.84,16.11,-17.21,41.26
2026-07-27 13:07:00.724,-0.13,-0.43,0.87,20.08,-19.23,49.74
2026-07-27 13:07:00.784,-0.13,-0.43,0.87,20.08,-19.23,49.74
2026-07-27 13:07:00.785,-0.19,-0.4,0.88,20.02,-19.04,52.98
2026-07-27 13:07:00.843,-0.31,-0.39,0.89,13.49,-8.91,49.5
2026-07-27 13:07:00.844,-0.31,-0.39,0.89,13.49,-8.91,49.5
2026-07-27 13:07:00.844,-0.39,-0.44,0.96,-7.39,15.38,43.88
2026-07-27 13:07:00.906,-0.39,-0.44,0.96,-7.39,15.38,43.88
2026-07-27 13:07:00.906,-0.36,-0.46,1.02,-29.17,38.82,33.45
2026-07-27 13:07:00.906,-0.36,-0.46,1.02,-29.17,38.82,33.45
2026-07-27 13:07:00.964,-0.26,-0.42,1.0,-36.68,38.76,21.24
2026-07-27 13:07:00.964,-0.18,-0.41,0.92,-36.19,11.05,18.25
2026-07-27 13:07:00.965,-0.18,-0.41,0.92,-36.19,11.05,18.25
2026-07-27 13:07:01.028,-0.19,-0.44,0.83,-33.08,-21.67,18.98
2026-07-27 13:07:01.028,-0.19,-0.44,0.83,-33.08,-21.67,18.98
2026-07-27 13:07:01.083,-0.26,-0.46,0.79,-29.24,-27.34,9.7
2026-07-27 13:07:01.084,-0.26,-0.46,0.79,-29.24,-27.34,9.7
2026-07-27 13:07:01.084,-0.35,-0.46,0.83,-19.71,-1.53,-6.59
2026-07-27 13:07:01.145,-0.35,-0.46,0.83,-19.71,-1.53,-6.59
2026-07-27 13:07:01.146,-0.43,-0.44,0.9,4.03,32.78,-6.77
2026-07-27 13:07:01.204,-0.47,-0.39,0.92,36.19,41.99,16.66
2026-07-27 13:07:01.204,-0.47,-0.39,0.92,36.19,41.99,16.66
2026-07-27 13:07:01.204,-0.49,-0.34,0.89,55.6,16.85,33.02
2026-07-27 13:07:01.268,-0.49,-0.34,0.89,55.6,16.85,33.02
2026-07-27 13:07:01.324,-0.5,-0.3,0.83,44.62,-15.38,30.82
2026-07-27 13:07:01.324,-0.5,-0.3,0.83,44.62,-15.38,30.82
2026-07-27 13:07:01.324,-0.46,-0.28,0.77,11.78,-34.06,29.66
2026-07-27 13:07:01.325,-0.38,-0.32,0.73,-17.52,-34.42,32.23
2026-07-27 13:07:01.325,-0.38,-0.32,0.73,-17.52,-34.42,32.23
2026-07-27 13:07:01.384,-0.31,-0.4,0.74,-32.65,-20.81,31.07
2026-07-27 13:07:01.385,-0.31,-0.4,0.74,-32.65,-20.81,31.07
2026-07-27 13:07:01.444,-0.3,-0.51,0.8,-39.73,-4.64,23.56
2026-07-27 13:07:01.444,-0.3,-0.51,0.8,-39.73,-4.64,23.56
2026-07-27 13:07:01.445,-0.3,-0.59,0.86,-39.98,8.61,6.96
2026-07-27 13:07:01.509,-0.3,-0.59,0.86,-39.98,8.61,6.96
2026-07-27 13:07:01.509,-0.3,-0.59,0.86,-39.98,8.61,6.96
2026-07-27 13:07:01.510,-0.3,-0.59,0.86,-39.98,8.61,6.96
2026-07-27 13:07:01.567,-0.22,-0.66,0.86,-33.51,11.11,-30.46
2026-07-27 13:07:01.567,-0.22,-0.66,0.86,-33.51,11.11,-30.46
2026-07-27 13:07:01.569,-0.18,-0.75,0.75,-31.19,-4.82,-39.92
2026-07-27 13:07:01.640,-0.17,-0.95,0.62,-37.05,-17.64,-39.0
2026-07-27 13:07:01.640,-0.17,-0.95,0.62,-37.05,-17.64,-39.0
2026-07-27 13:07:01.686,-0.12,-0.94,0.56,-43.33,-12.08,-45.04
2026-07-27 13:07:01.686,-0.12,-0.94,0.56,-43.33,-12.08,-45.04
2026-07-27 13:07:01.687,-0.07,-0.66,0.55,-22.95,8.48,-70.37
2026-07-27 13:07:01.744,-0.07,-0.66,0.55,-22.95,8.48,-70.37
2026-07-27 13:07:01.744,-0.07,-0.44,0.54,-0.31,15.81,-80.81
2026-07-27 13:07:01.745,-0.07,-0.44,0.54,-0.85,5.0,-60.36
2026-07-27 13:07:01.809,-0.12,-0.4,0.55,-0.85,5.0,-60.36
2026-07-27 13:07:01.810,-0.18,-0.42,0.61,-1.83,4.09,-36.93
2026-07-27 13:07:01.931,-0.18,-0.42,0.61,-1.83,4.09,-36.93
2026-07-27 13:07:01.932,-0.18,-0.43,0.68,11.78,15.26,-21.85
2026-07-27 13:07:01.933,-0.18,-0.43,0.68,11.78,15.26,-21.85
2026-07-27 13:07:01.933,-0.12,-0.42,0.71,26.98,14.71,-0.43
2026-07-27 13:07:01.933,-0.12,-0.42,0.71,26.98,14.71,-0.43
2026-07-27 13:07:01.933,-0.1,-0.44,0.71,32.47,-4.27,30.64
2026-07-27 13:07:01.985,-0.1,-0.44,0.71,32.47,-4.27,30.64
2026-07-27 13:07:01.985,-0.1,-0.44,0.71,32.47,-4.27,30.64
2026-07-27 13:07:01.985,-0.1,-0.44,0.71,32.47,-4.27,30.64
2026-07-27 13:07:02.224,-0.37,-0.72,0.87,29.72,-35.95,72.08
2026-07-27 13:07:02.224,-0.37,-0.72,0.87,29.72,-35.95,72.08
2026-07-27 13:07:02.225,-0.37,-0.72,0.87,29.72,-35.95,72.08
2026-07-27 13:07:02.226,-0.37,-0.72,0.87,29.72,-35.95,72.08
2026-07-27 13:07:02.228,-0.45,-0.93,0.96,25.33,-18.86,54.75
2026-07-27 13:07:02.229,-0.36,-0.86,0.85,26.31,-3.23,29.72
2026-07-27 13:07:02.229,-0.36,-0.86,0.85,26.31,-3.23,29.72
2026-07-27 13:07:02.230,-0.28,-0.77,0.73,22.64,9.22,6.16
2026-07-27 13:07:02.404,-0.28,-0.77,0.73,22.64,9.22,6.16
2026-07-27 13:07:02.404,-0.22,-0.65,0.67,13.98,24.66,-20.14
2026-07-27 13:07:02.404,-0.22,-0.65,0.67,13.98,24.66,-20.14
2026-07-27 13:07:02.404,-0.21,-0.53,0.68,7.87,45.96,-55.79
2026-07-27 13:07:02.465,-0.24,-0.44,0.74,6.59,67.26,-95.7
2026-07-27 13:07:02.481,-0.24,-0.44,0.74,6.59,67.26,-95.7
2026-07-27 13:07:02.482,-0.31,-0.41,0.81,-1.46,84.29,-132.14
2026-07-27 13:07:02.482,-0.31,-0.41,0.81,-1.46,84.29,-132.14
2026-07-27 13:07:02.482,-0.39,-0.38,0.9,-20.2,98.69,-158.45
2026-07-27 13:07:02.482,-0.39,-0.38,0.9,-20.2,98.69,-158.45
2026-07-27 13:07:02.644,-0.47,-0.32,0.96,-21.24,105.96,-169.43
2026-07-27 13:07:02.644,-0.51,-0.24,0.96,9.52,99.3,-164.31
2026-07-27 13:07:02.644,-0.51,-0.24,0.96,9.52,99.3,-164.31
2026-07-27 13:07:02.646,-0.5,-0.2,0.91,43.52,80.57,-138.49
2026-07-27 13:07:02.646,-0.5,-0.2,0.91,43.52,80.57,-138.49
2026-07-27 13:07:02.646,-0.43,-0.22,0.85,54.44,55.66,-95.4
2026-07-27 13:07:02.647,-0.43,-0.22,0.85,54.44,55.66,-95.4
2026-07-27 13:07:02.649,-0.31,-0.29,0.85,51.27,39.92,-57.19
2026-07-27 13:07:02.765,-0.17,-0.35,0.95,73.24,56.64,-53.96
2026-07-27 13:07:02.765,-0.17,-0.35,0.95,73.24,56.64,-53.96
2026-07-27 13:07:02.765,-0.12,-0.28,1.03,139.59,104.31,-89.84
2026-07-27 13:07:02.766,-0.12,-0.28,1.03,139.59,104.31,-89.84
2026-07-27 13:07:02.766,-0.12,-0.13,1.0,193.12,131.1,-111.15
2026-07-27 13:07:02.767,-0.12,-0.13,1.0,193.12,131.1,-111.15
2026-07-27 13:07:02.767,-0.08,-0.1,0.93,162.6,96.07,-62.38
2026-07-27 13:07:02.767,0.03,-0.28,0.9,80.51,34.18,24.9
2026-07-27 13:07:02.824,0.03,-0.28,0.9,80.51,34.18,24.9
2026-07-27 13:07:02.824,0.14,-0.54,0.87,17.03,-4.94,86.24
2026-07-27 13:07:02.886,0.14,-0.54,0.87,17.03,-4.94,86.24
2026-07-27 13:07:02.892,0.1,-0.68,0.81,-27.59,-8.36,88.26
2026-07-27 13:07:02.893,0.1,-0.68,0.81,-27.59,-8.36,88.26
2026-07-27 13:07:02.893,-0.09,-0.57,0.79,-75.38,13.61,33.14
2026-07-27 13:07:03.004,-0.09,-0.57,0.79,-75.38,13.61,33.14
2026-07-27 13:07:03.005,-0.29,-0.46,0.84,-133.24,31.37,-15.5
2026-07-27 13:07:03.008,-0.44,-0.66,0.9,-194.15,25.82,-9.16
2026-07-27 13:07:03.014,-0.44,-0.66,0.9,-194.15,25.82,-9.16
2026-07-27 13:07:03.065,-0.5,-1.03,0.89,-233.34,-14.65,23.86
2026-07-27 13:07:03.126,-0.5,-1.03,0.89,-233.34,-14.65,23.86
2026-07-27 13:07:03.126,-0.37,-1.16,0.85,-227.36,-65.25,42.97
2026-07-27 13:07:03.126,-0.37,-1.16,0.85,-227.36,-65.25,42.97
2026-07-27 13:07:03.127,-0.24,-1.02,0.8,-168.52,-66.47,16.48
2026-07-27 13:07:03.127,-0.33,-0.85,0.68,-75.68,-26.0,-61.95
2026-07-27 13:07:03.187,-0.33,-0.85,0.68,-75.68,-26.0,-61.95
2026-07-27 13:07:03.188,-0.51,-0.69,0.49,6.9,15.75,-148.44
2026-07-27 13:07:03.188,-0.51,-0.69,0.49,6.9,15.75,-148.44
2026-07-27 13:07:03.244,-0.58,-0.47,0.35,52.98,56.4,-196.17
2026-07-27 13:07:03.245,-0.58,-0.47,0.35,52.98,56.4,-196.17
2026-07-27 13:07:03.304,-0.54,-0.25,0.31,63.96,89.42,-186.71
2026-07-27 13:07:03.304,-0.48,-0.13,0.33,45.59,93.2,-126.71
2026-07-27 13:07:03.364,-0.48,-0.13,0.33,45.59,93.2,-126.71
2026-07-27 13:07:03.365,-0.45,-0.19,0.37,14.77,78.19,-45.96
2026-07-27 13:07:03.365,-0.45,-0.19,0.37,14.77,78.19,-45.96
2026-07-27 13:07:03.424,-0.47,-0.35,0.44,-4.52,77.15,23.56
2026-07-27 13:07:03.425,-0.47,-0.35,0.44,-4.52,77.15,23.56
2026-07-27 13:07:03.425,-0.48,-0.53,0.53,-9.64,91.8,73.06
2026-07-27 13:07:03.605,-0.49,-0.7,0.59,-15.44,99.55,108.64
2026-07-27 13:07:03.605,-0.49,-0.7,0.59,-15.44,99.55,108.64
2026-07-27 13:07:03.606,-0.5,-0.87,0.64,-24.48,94.12,132.69
2026-07-27 13:07:03.606,-0.5,-0.87,0.64,-24.48,94.12,132.69
2026-07-27 13:07:03.607,-0.52,-1.05,0.68,-31.13,82.7,142.88
2026-07-27 13:07:03.607,-0.52,-1.05,0.68,-31.13,82.7,142.88
2026-07-27 13:07:03.607,-0.48,-1.16,0.71,-31.43,71.23,138.18
2026-07-27 13:07:03.607,-0.42,-1.2,0.73,-17.46,67.08,112.18
2026-07-27 13:07:03.664,-0.42,-1.2,0.73,-17.46,67.08,112.18
2026-07-27 13:07:03.665,-0.44,-1.17,0.74,13.0,75.13,58.59
2026-07-27 13:07:03.667,-0.44,-1.17,0.74,13.0,75.13,58.59
2026-07-27 13:07:04.023,-0.34,-1.04,0.75,48.95,89.17,2.62
2026-07-27 13:07:04.035,-0.34,-1.04,0.75,48.95,89.17,2.62
2026-07-27 13:07:04.039,-0.2,-0.86,0.74,70.92,82.34,-32.78
2026-07-27 13:07:04.039,-0.2,-0.86,0.74,70.92,82.34,-32.78
2026-07-27 13:07:04.039,-0.22,-0.79,0.69,60.67,27.53,-49.56
2026-07-27 13:07:04.040,-0.4,-0.87,0.63,18.8,-57.68,-50.42
2026-07-27 13:07:04.040,-0.4,-0.87,0.63,18.8,-57.68,-50.42
2026-07-27 13:07:04.040,-0.54,-0.97,0.64,-28.69,-125.37,-50.29
2026-07-27 13:07:04.041,-0.54,-0.97,0.64,-28.69,-125.37,-50.29
2026-07-27 13:07:04.041,-0.6,-0.98,0.67,-49.99,-149.72,-70.92
2026-07-27 13:07:04.041,-0.6,-0.98,0.67,-49.99,-149.72,-70.92
2026-07-27 13:07:04.042,-0.62,-0.9,0.67,-37.48,-139.71,-109.56
2026-07-27 13:07:04.042,-0.65,-0.78,0.63,-5.68,-112.3,-135.8
2026-07-27 13:07:04.042,-0.65,-0.78,0.63,-5.68,-112.3,-135.8
2026-07-27 13:07:04.043,-0.65,-0.63,0.54,24.23,-83.68,-127.99
2026-07-27 13:07:04.043,-0.65,-0.63,0.54,24.23,-83.68,-127.99
2026-07-27 13:07:04.144,-0.61,-0.5,0.44,31.62,-70.25,-97.41
2026-07-27 13:07:04.145,-0.61,-0.5,0.44,31.62,-70.25,-97.41
2026-07-27 13:07:04.145,-0.55,-0.41,0.34,19.29,-65.98,-70.01
2026-07-27 13:07:04.145,-0.53,-0.37,0.28,3.36,-50.29,-57.01
2026-07-27 13:07:04.146,-0.53,-0.37,0.28,3.36,-50.29,-57.01
2026-07-27 13:07:04.385,-0.6,-0.42,0.29,-11.41,-13.73,-52.0
2026-07-27 13:07:04.385,-0.6,-0.42,0.29,-11.41,-13.73,-52.0
2026-07-27 13:07:05.224,-0.73,-0.47,0.39,-16.97,46.75,-48.22
2026-07-27 13:07:05.225,-0.69,-0.42,0.56,-1.16,129.7,-43.21
2026-07-27 13:07:05.225,-0.69,-0.42,0.56,-1.16,129.7,-43.21
2026-07-27 13:07:05.225,-0.46,-0.34,0.73,30.03,202.88,-27.53
2026-07-27 13:07:05.225,-0.46,-0.34,0.73,30.03,202.88,-27.53
2026-07-27 13:07:05.225,-0.3,-0.46,0.73,47.36,210.51,12.08
2026-07-27 13:07:05.226,-0.3,-0.46,0.73,47.36,210.51,12.08
2026-07-27 13:07:05.227,-0.35,-0.76,0.63,20.02,150.76,65.12
2026-07-27 13:07:05.227,-0.35,-0.76,0.63,-23.68,98.94,93.2
2026-07-27 13:07:05.228,-0.46,-0.99,0.62,-23.68,98.94,93.2
2026-07-27 13:07:05.230,-0.43,-1.01,0.71,-17.15,111.82,77.94
2026-07-27 13:07:05.231,-0.43,-1.01,0.71,-17.15,111.82,77.94
2026-07-27 13:07:05.231,-0.29,-0.91,0.8,36.93,151.98,41.63
2026-07-27 13:07:05.231,-0.29,-0.91,0.8,36.93,151.98,41.63
2026-07-27 13:07:05.231,-0.2,-0.83,0.8,72.27,147.52,19.9
2026-07-27 13:07:05.231,-0.2,-0.83,0.8,72.27,147.52,19.9
2026-07-27 13:07:05.231,-0.2,-0.84,0.79,62.01,90.82,22.95
2026-07-27 13:07:05.232,-0.29,-0.86,0.86,58.53,26.25,35.4
2026-07-27 13:07:05.233,-0.29,-0.86,0.86,58.53,26.25,35.4
2026-07-27 13:07:05.233,-0.37,-0.79,1.03,116.7,-33.02,51.64
2026-07-27 13:07:05.235,-0.37,-0.79,1.03,116.7,-33.02,51.64
2026-07-27 13:07:05.235,-0.43,-0.65,1.24,197.2,-91.37,65.19
2026-07-27 13:07:05.235,-0.43,-0.65,1.24,197.2,-91.37,65.19
2026-07-27 13:07:05.240,-0.55,-0.5,1.38,235.53,-132.2,64.27
2026-07-27 13:07:05.241,-0.73,-0.37,1.34,237.3,-147.58,53.77
2026-07-27 13:07:05.241,-0.73,-0.37,1.34,237.3,-147.58,53.77
2026-07-27 13:07:05.241,-0.77,-0.2,1.11,221.74,-142.09,35.95
2026-07-27 13:07:05.242,-0.77,-0.2,1.11,221.74,-142.09,35.95
2026-07-27 13:07:05.242,-0.62,-0.01,0.65,194.27,-114.75,17.82
2026-07-27 13:07:05.242,-0.62,-0.01,0.65,194.27,-114.75,17.82
2026-07-27 13:07:05.242,-0.41,0.12,0.35,142.33,-59.69,17.27
2026-07-27 13:07:05.242,-0.41,0.12,0.35,142.33,-59.69,17.27
2026-07-27 13:07:05.243,-0.21,0.35,0.39,105.29,-8.67,22.4
2026-07-27 13:07:05.243,-0.12,0.53,0.51,119.51,6.04,15.81
2026-07-27 13:07:05.243,-0.12,0.53,0.51,119.51,6.04,15.81
2026-07-27 13:07:05.243,-0.21,0.51,0.64,127.2,6.16,4.82
2026-07-27 13:07:05.583,-0.21,0.51,0.64,127.2,6.16,4.82
2026-07-27 13:07:05.584,-0.3,0.52,0.74,89.11,13.49,8.91
2026-07-27 13:07:05.584,-0.3,0.52,0.74,89.11,13.49,8.91
2026-07-27 13:07:05.584,-0.27,0.63,0.78,38.09,24.72,38.88
2026-07-27 13:07:05.587,-0.27,0.63,0.78,38.09,24.72,38.88
2026-07-27 13:07:05.587,-0.22,0.66,0.7,12.57,33.08,73.85
2026-07-27 13:07:05.588,-0.15,0.62,0.58,5.0,38.64,90.76
2026-07-27 13:07:05.589,-0.15,0.62,0.58,5.0,38.64,90.76
2026-07-27 13:07:05.589,-0.08,0.67,0.56,-0.73,41.56,92.04
2026-07-27 13:07:05.589,-0.08,0.67,0.56,-0.73,41.56,92.04
2026-07-27 13:07:05.589,-0.02,0.75,0.64,-2.38,36.74,84.23
2026-07-27 13:07:05.590,-0.02,0.75,0.64,-2.38,36.74,84.23
2026-07-27 13:07:05.590,0.0,0.76,0.69,8.67,17.03,72.57
2026-07-27 13:07:05.590,0.0,0.76,0.69,22.71,-13.24,60.42
2026-07-27 13:07:05.764,0.03,0.68,0.6,22.71,-13.24,60.42
2026-07-27 13:07:05.765,0.08,0.57,0.44,11.6,-34.3,44.13
2026-07-27 13:07:05.765,0.08,0.57,0.44,11.6,-34.3,44.13
2026-07-27 13:07:05.765,0.1,0.44,0.47,-45.35,-33.02,21.06
2026-07-27 13:07:05.766,0.1,0.44,0.47,-45.35,-33.02,21.06
2026-07-27 13:07:05.766,0.01,0.32,0.65,-137.7,-16.91,-6.35
2026-07-27 13:07:05.767,0.01,0.32,0.65,-137.7,-16.91,-6.35
2026-07-27 13:07:05.767,-0.22,0.24,0.87,-224.49,22.34,-52.55
2026-07-27 13:07:05.767,-0.49,0.12,1.08,-277.89,85.69,-91.8
2026-07-27 13:07:05.768,-0.49,0.12,1.08,-277.89,85.69,-91.8
2026-07-27 13:07:05.769,-0.64,-0.1,1.15,-293.58,109.5,-48.03
2026-07-27 13:07:05.771,-0.64,-0.1,1.15,-293.58,109.5,-48.03
2026-07-27 13:07:05.772,-0.59,-0.35,1.07,-271.0,54.5,45.96
2026-07-27 13:07:05.772,-0.59,-0.35,1.07,-271.0,54.5,45.96
2026-07-27 13:07:05.772,-0.49,-0.4,0.97,-200.32,-1.65,54.93
2026-07-27 13:07:05.773,-0.43,-0.25,0.93,-96.56,1.22,-37.9
2026-07-27 13:07:05.773,-0.43,-0.25,0.93,-96.56,1.22,-37.9
2026-07-27 13:07:05.773,-0.41,-0.11,0.91,-20.14,20.2,-105.22
2026-07-27 13:07:05.773,-0.41,-0.11,0.91,-20.14,20.2,-105.22
2026-07-27 13:07:06.664,-0.38,-0.18,0.88,-3.72,15.99,-74.4
2026-07-27 13:07:06.664,-0.38,-0.18,0.88,-3.72,15.99,-74.4
2026-07-27 13:07:06.664,-0.33,-0.33,0.86,-20.87,-0.18,-2.26
2026-07-27 13:07:06.665,-0.33,-0.33,0.86,-20.87,-0.18,-2.26
2026-07-27 13:07:06.665,-0.3,-0.4,0.85,-28.99,-6.84,33.2
2026-07-27 13:07:06.665,-0.31,-0.37,0.83,-11.9,-5.19,25.88
2026-07-27 13:07:06.666,-0.31,-0.37,0.83,-11.9,-5.19,25.88
2026-07-27 13:07:06.666,-0.35,-0.34,0.8,10.99,-5.49,12.15
2026-07-27 13:07:06.667,-0.35,-0.34,0.8,10.99,-5.49,12.15
2026-07-27 13:07:06.667,-0.38,-0.36,0.79,16.3,-2.2,9.89
2026-07-27 13:07:06.785,-0.38,-0.36,0.79,16.3,-2.2,9.89
2026-07-27 13:07:06.786,-0.35,-0.35,0.78,11.78,12.57,9.28
2026-07-27 13:07:06.786,-0.35,-0.35,0.78,11.78,12.57,9.28
2026-07-27 13:07:06.786,-0.32,-0.32,0.78,10.19,34.42,-3.54
2026-07-27 13:07:06.787,-0.34,-0.31,0.85,10.44,58.59,-21.61
2026-07-27 13:07:06.787,-0.34,-0.31,0.85,10.44,58.59,-21.61
2026-07-27 13:07:06.851,-0.33,-0.35,1.03,1.04,78.25,-24.23
2026-07-27 13:07:06.853,-0.33,-0.35,1.03,1.04,78.25,-24.23
2026-07-27 13:07:06.861,-0.26,-0.44,1.22,-20.87,72.69,-8.91
2026-07-27 13:07:06.861,-0.26,-0.48,1.26,-33.02,30.4,-1.4
2026-07-27 13:07:06.863,-0.26,-0.48,1.26,-33.02,30.4,-1.4
2026-07-27 13:07:06.863,-0.33,-0.42,1.16,-21.48,-29.17,-15.99
2026-07-27 13:07:06.866,-0.33,-0.42,1.16,-21.48,-29.17,-15.99
2026-07-27 13:07:06.866,-0.34,-0.34,1.03,-6.53,-80.32,-23.25
2026-07-27 13:07:06.866,-0.34,-0.34,1.03,-6.53,-80.32,-23.25
2026-07-27 13:07:06.866,-0.23,-0.3,0.91,-4.46,-113.89,-4.46
2026-07-27 13:07:06.866,-0.23,-0.3,0.91,-4.46,-113.89,-4.46
2026-07-27 13:07:06.867,-0.05,-0.27,0.86,-6.65,-128.11,16.72
2026-07-27 13:07:06.867,-0.05,-0.27,0.86,-6.65,-128.11,16.72
2026-07-27 13:07:06.867,0.09,-0.27,0.9,-6.16,-122.01,24.05
2026-07-27 13:07:06.868,0.12,-0.31,0.95,-3.48,-101.56,19.1
2026-07-27 13:07:06.868,0.12,-0.31,0.95,-3.48,-101.56,19.1
2026-07-27 13:07:06.868,0.04,-0.34,0.98,-1.28,-85.21,4.46
2026-07-27 13:07:06.868,0.04,-0.34,0.98,-1.28,-85.21,4.46
2026-07-27 13:07:06.869,-0.1,-0.35,0.95,-2.99,-86.67,-12.15
2026-07-27 13:07:06.869,-0.1,-0.35,0.95,-2.99,-86.67,-12.15
2026-07-27 13:07:06.869,-0.24,-0.35,0.88,-8.36,-93.75,-23.56
2026-07-27 13:07:06.869,-0.24,-0.35,0.88,-8.36,-93.75,-23.56
2026-07-27 13:07:06.869,-0.34,-0.36,0.81,-19.17,-87.22,-28.63
2026-07-27 13:07:06.869,-0.34,-0.36,0.81,-37.6,-60.49,-32.23
2026-07-27 13:07:06.869,-0.39,-0.36,0.74,-37.6,-60.49,-32.23
2026-07-27 13:07:06.869,-0.41,-0.34,0.64,-56.52,-14.89,-39.61
2026-07-27 13:07:06.869,-0.41,-0.34,0.64,-56.52,-14.89,-39.61
2026-07-27 13:07:06.870,-0.41,-0.33,0.54,-63.9,42.18,-40.47
2026-07-27 13:07:06.870,-0.41,-0.33,0.54,-63.9,42.18,-40.47
2026-07-27 13:07:06.872,-0.48,-0.41,0.47,-55.18,104.55,-14.65
2026-07-27 13:07:06.872,-0.48,-0.41,0.47,-55.18,104.55,-14.65
2026-07-27 13:07:06.873,-0.58,-0.55,0.53,-33.08,178.65,39.86
2026-07-27 13:07:06.903,-0.57,-0.67,0.7,-9.34,242.74,101.68
2026-07-27 13:07:06.904,-0.57,-0.67,0.7,-9.34,242.74,101.68
2026-07-27 13:07:06.904,-0.53,-0.81,0.82,-27.04,260.13,149.96
2026-07-27 13:07:07.025,-0.53,-0.81,0.82,-27.04,260.13,149.96
2026-07-27 13:07:07.025,-0.68,-1.02,0.76,-117.49,245.48,179.32
2026-07-27 13:07:07.025,-0.68,-1.02,0.76,-162.78,224.12,151.79
2026-07-27 13:07:07.025,-0.81,-1.08,0.62,-162.78,224.12,151.79
2026-07-27 13:07:07.025,-0.77,-0.8,0.55,-37.6,213.13,43.52
2026-07-27 13:07:07.084,-0.77,-0.8,0.55,-37.6,213.13,43.52
2026-07-27 13:07:07.505,-0.71,-0.44,0.52,141.42,188.29,-62.87
2026-07-27 13:07:07.506,-0.71,-0.44,0.52,141.42,188.29,-62.87
2026-07-27 13:07:07.506,-0.67,-0.25,0.49,210.82,116.33,-91.06
2026-07-27 13:07:07.744,-0.64,-0.25,0.48,170.29,38.33,-67.2
2026-07-27 13:07:07.745,-0.64,-0.25,0.48,170.29,38.33,-67.2
2026-07-27 13:07:07.923,-0.63,-0.31,0.5,101.14,-2.01,-45.23
2026-07-27 13:07:07.924,-0.63,-0.31,0.5,101.14,-2.01,-45.23
2026-07-27 13:07:07.924,-0.63,-0.38,0.51,56.7,-10.31,-33.75
2026-07-27 13:07:07.924,-0.63,-0.38,0.51,56.7,-10.31,-33.75
2026-07-27 13:07:07.924,-0.66,-0.46,0.52,34.73,-8.61,-17.09
2026-07-27 13:07:07.926,-0.66,-0.46,0.52,34.73,-8.61,-17.09
2026-07-27 13:07:07.926,-0.69,-0.57,0.5,16.42,-11.41,6.71
2026-07-27 13:07:07.927,-0.72,-0.69,0.48,-3.36,-26.0,30.46
2026-07-27 13:07:07.928,-0.72,-0.69,0.48,-3.36,-26.0,30.46
2026-07-27 13:07:07.928,-0.74,-0.78,0.5,-18.49,-41.14,43.7
2026-07-27 13:07:07.929,-0.74,-0.78,0.5,-18.49,-41.14,43.7
2026-07-27 13:07:07.929,-0.76,-0.75,0.56,-9.89,-34.73,37.23
2026-07-27 13:07:07.930,-0.76,-0.75,0.56,-9.89,-34.73,37.23
2026-07-27 13:07:07.930,-0.73,-0.59,0.62,22.28,-10.31,12.15
2026-07-27 13:07:07.931,-0.73,-0.59,0.62,22.28,-10.31,12.15
2026-07-27 13:07:07.932,-0.66,-0.43,0.64,38.82,-4.82,-12.33
2026-07-27 13:07:07.932,-0.61,-0.42,0.69,18.07,-35.4,-17.94
2026-07-27 13:07:07.933,-0.61,-0.42,0.69,18.07,-35.4,-17.94
2026-07-27 13:07:07.933,-0.58,-0.63,0.91,-6.47,-86.06,-22.28
2026-07-27 13:07:07.935,-0.58,-0.63,0.91,-6.47,-86.06,-22.28
2026-07-27 13:07:07.935,-0.55,-0.75,1.18,29.17,-133.91,-63.84
2026-07-27 13:07:07.935,-0.55,-0.75,1.18,29.17,-133.91,-63.84
2026-07-27 13:07:07.936,-0.5,-0.58,1.31,125.98,-149.78,-124.82
2026-07-27 13:07:07.936,-0.46,-0.35,1.33,198.49,-140.69,-142.82
2026-07-27 13:07:07.937,-0.46,-0.35,1.33,198.49,-140.69,-142.82
2026-07-27 13:07:07.938,-0.44,-0.23,1.24,189.58,-144.41,-106.02
2026-07-27 13:07:07.938,-0.44,-0.23,1.24,189.58,-144.41,-106.02
2026-07-27 13:07:07.938,-0.42,-0.21,1.04,133.85,-160.22,-54.57
2026-07-27 13:07:07.939,-0.42,-0.21,1.04,133.85,-160.22,-54.57
2026-07-27 13:07:07.940,-0.38,-0.24,0.75,78.74,-171.81,-20.2
2026-07-27 13:07:07.940,-0.38,-0.24,0.75,78.74,-171.81,-20.2
2026-07-27 13:07:07.941,-0.28,-0.27,0.46,30.82,-170.41,-14.4
2026-07-27 13:07:07.942,-0.18,-0.29,0.19,1.34,-137.82,-43.7
2026-07-27 13:07:07.942,-0.18,-0.29,0.19,1.34,-137.82,-43.7
2026-07-27 13:07:07.943,-0.2,-0.35,0.13,-20.08,-64.82,-94.91
2026-07-27 13:07:08.104,-0.2,-0.35,0.13,-20.08,-64.82,-94.91
2026-07-27 13:07:08.105,-0.22,-0.46,0.5,-48.22,0.92,-131.65
2026-07-27 13:07:08.105,-0.22,-0.46,0.5,-48.22,0.92,-131.65
2026-07-27 13:07:08.105,-0.13,-0.5,1.03,-59.88,33.26,-123.9
2026-07-27 13:07:09.185,0.01,-0.41,1.42,-54.02,66.77,-80.38
2026-07-27 13:07:09.186,0.01,-0.41,1.42,-54.02,66.77,-80.38
2026-07-27 13:07:09.187,0.14,-0.26,1.39,-29.85,95.4,-25.94
2026-07-27 13:07:09.187,0.14,-0.26,1.39,-29.85,95.4,-25.94
2026-07-27 13:07:09.187,0.21,-0.14,1.02,27.34,81.48,29.97
2026-07-27 13:07:09.243,0.21,-0.14,1.02,27.34,81.48,29.97
2026-07-27 13:07:09.244,0.21,-0.14,1.02,27.34,81.48,29.97
2026-07-27 13:07:09.244,0.21,-0.14,1.02,27.34,81.48,29.97
2026-07-27 13:07:09.244,0.15,-0.2,0.78,58.59,-9.28,80.32
2026-07-27 13:07:09.244,0.15,-0.2,0.78,58.59,-9.28,80.32
2026-07-27 13:07:09.246,0.15,-0.2,0.78,58.59,-9.28,80.32
2026-07-27 13:07:09.246,0.15,-0.2,0.78,58.59,-9.28,80.32
2026-07-27 13:07:09.247,0.01,-0.15,0.8,22.34,-8.42,37.41
2026-07-27 13:07:09.247,0.01,-0.15,0.8,25.02,-10.25,38.51
2026-07-27 13:07:09.248,-0.05,-0.07,0.61,25.02,-10.25,38.51
2026-07-27 13:07:09.248,-0.11,-0.14,0.41,0.06,-4.82,61.71
2026-07-27 13:07:09.249,-0.11,-0.14,0.41,0.06,-4.82,61.71
2026-07-27 13:07:09.250,-0.21,-0.25,0.37,-34.3,39.55,72.88
2026-07-27 13:07:09.250,-0.21,-0.25,0.37,-34.3,39.55,72.88
2026-07-27 13:07:09.250,-0.35,-0.29,0.67,-50.11,113.59,59.88
2026-07-27 13:07:09.252,-0.35,-0.29,0.67,-50.11,113.59,59.88
2026-07-27 13:07:09.252,-0.43,-0.21,1.21,-44.25,170.29,37.72
2026-07-27 13:07:09.306,-0.43,-0.21,1.21,-44.25,170.29,37.72
2026-07-27 13:07:09.307,-0.43,-0.21,1.21,-44.25,170.29,37.72
2026-07-27 13:07:09.307,-0.43,-0.21,1.21,-44.25,170.29,37.72
2026-07-27 13:07:09.307,-0.39,0.25,1.89,38.94,173.22,73.0
2026-07-27 13:07:09.307,-0.39,0.25,1.89,76.9,139.89,148.62
2026-07-27 13:07:09.308,-0.17,0.09,1.86,76.9,139.89,148.62
2026-07-27 13:07:09.484,0.01,-0.3,1.51,105.65,46.51,179.57
2026-07-27 13:07:09.484,0.01,-0.3,1.51,105.65,46.51,179.57
2026-07-27 13:07:09.484,-0.03,-0.18,1.04,106.87,-49.13,109.92
2026-07-27 13:07:09.484,-0.03,-0.18,1.04,106.87,-49.13,109.92
2026-07-27 13:07:09.485,-0.19,0.14,0.67,23.5,-84.9,33.39
2026-07-27 13:07:09.486,-0.19,0.14,0.67,23.5,-84.9,33.39
2026-07-27 13:07:09.486,-0.37,0.26,0.53,-74.65,-84.53,1.22
2026-07-27 13:07:09.487,-0.37,0.26,0.53,-84.84,-82.82,-8.36
2026-07-27 13:07:09.488,-0.41,0.25,0.61,-84.84,-82.82,-8.36
2026-07-27 13:07:09.488,-0.27,0.26,0.85,-42.66,-70.5,-9.77
2026-07-27 13:07:09.489,-0.27,0.26,0.85,-42.66,-70.5,-9.77
2026-07-27 13:07:09.489,-0.24,0.28,1.04,-13.49,-39.12,-5.25
2026-07-27 13:07:09.490,-0.24,0.28,1.04,-13.49,-39.12,-5.25
2026-07-27 13:07:09.490,-0.35,0.28,1.04,-14.16,-16.91,14.16
2026-07-27 13:07:09.491,-0.35,0.28,1.04,-14.16,-16.91,14.16
2026-07-27 13:07:09.491,-0.41,0.23,0.79,-24.23,-1.34,24.66
2026-07-27 13:07:09.492,-0.41,0.23,0.79,-24.23,-1.34,24.66
2026-07-27 13:07:09.492,-0.45,0.07,0.56,-37.78,44.8,-0.06
2026-07-27 13:07:09.493,-0.45,0.07,0.56,-68.6,114.32,-36.13
2026-07-27 13:07:09.493,-0.45,-0.06,0.66,-68.6,114.32,-36.13
2026-07-27 13:07:09.494,-0.34,-0.07,0.89,-100.95,140.26,-28.08
2026-07-27 13:07:09.494,-0.34,-0.07,0.89,-100.95,140.26,-28.08
2026-07-27 13:07:09.495,-0.24,-0.15,0.98,-142.09,99.06,-2.87
2026-07-27 13:07:09.496,-0.24,-0.15,0.98,-142.09,99.06,-2.87
2026-07-27 13:07:09.496,-0.3,-0.41,0.86,-204.83,70.62,-38.02
2026-07-27 13:07:09.497,-0.3,-0.41,0.86,-204.83,70.62,-38.02
2026-07-27 13:07:09.498,-0.4,-0.64,0.65,-221.13,61.71,-97.41
2026-07-27 13:07:09.498,-0.47,-0.65,0.53,-118.84,28.81,-108.89
2026-07-27 13:07:09.499,-0.47,-0.65,0.53,-118.84,28.81,-108.89
2026-07-27 13:07:09.499,-0.58,-0.64,0.77,31.56,-1.77,-52.73
2026-07-27 13:07:09.500,-0.58,-0.64,0.77,31.56,-1.77,-52.73
2026-07-27 13:07:09.501,-0.6,-0.67,1.19,112.18,-22.77,31.01
2026-07-27 13:07:09.501,-0.6,-0.67,1.19,112.18,-22.77,31.01
2026-07-27 13:07:09.502,-0.47,-0.65,1.26,88.2,-29.6,83.31
2026-07-27 13:07:09.505,-0.42,-0.56,0.87,-2.69,-28.99,73.67
2026-07-27 13:07:09.505,-0.42,-0.56,0.87,-2.69,-28.99,73.67
2026-07-27 13:07:09.505,-0.46,-0.5,0.5,-82.21,-35.34,29.05
2026-07-27 13:07:09.506,-0.46,-0.5,0.5,-82.21,-35.34,29.05
2026-07-27 13:07:09.785,-0.51,-0.53,0.55,-87.71,-23.07,6.59
2026-07-27 13:07:09.785,-0.51,-0.53,0.55,-87.71,-23.07,6.59
2026-07-27 13:07:09.785,-0.54,-0.51,0.78,-44.25,7.26,4.03
2026-07-27 13:07:09.786,-0.57,-0.4,0.71,-13.43,20.57,-1.71
2026-07-27 13:07:09.786,-0.57,-0.4,0.71,-13.43,20.57,-1.71
2026-07-27 13:07:09.786,-0.62,-0.25,0.45,0.85,19.35,-5.0
2026-07-27 13:07:09.787,-0.62,-0.25,0.45,0.85,19.35,-5.0
2026-07-27 13:07:09.788,-0.64,-0.24,0.36,-5.62,14.47,11.9
2026-07-27 13:07:09.788,-0.64,-0.24,0.36,-5.62,14.47,11.9
2026-07-27 13:07:09.788,-0.59,-0.39,0.48,-36.68,13.92,26.49
2026-07-27 13:07:09.789,-0.59,-0.39,0.48,-36.68,13.92,26.49
2026-07-27 13:07:09.789,-0.47,-0.49,0.57,-72.94,17.33,0.73
2026-07-27 13:07:09.969,-0.42,-0.61,0.59,-139.77,15.5,-31.19
2026-07-27 13:07:10.033,-0.42,-0.61,0.59,-139.77,15.5,-31.19
2026-07-27 13:07:10.033,-0.44,-0.79,0.59,-191.89,0.85,-13.92
2026-07-27 13:07:10.034,-0.44,-0.79,0.59,-191.89,0.85,-13.92
2026-07-27 13:07:10.155,-0.39,-0.87,0.54,-111.27,-28.81,26.86
2026-07-27 13:07:10.865,-0.39,-0.87,0.54,-111.27,-28.81,26.86
2026-07-27 13:07:10.865,-0.32,-0.88,0.47,26.61,-36.74,29.6
2026-07-27 13:07:10.866,-0.32,-0.88,0.47,77.76,-17.94,-5.98
2026-07-27 13:07:10.866,-0.26,-0.87,0.45,77.76,-17.94,-5.98
2026-07-27 13:07:10.866,-0.31,-0.81,0.52,34.79,-4.39,-42.42
2026-07-27 13:07:10.867,-0.31,-0.81,0.52,34.79,-4.39,-42.42
2026-07-27 13:07:10.867,-0.63,-0.84,0.56,-42.85,4.94,-71.29
2026-07-27 13:07:10.867,-0.63,-0.84,0.56,-42.85,4.94,-71.29
2026-07-27 13:07:10.867,-0.94,-0.94,0.4,-69.89,16.48,-84.23
2026-07-27 13:07:10.869,-0.94,-0.94,0.4,-69.89,16.48,-84.23
2026-07-27 13:07:10.871,-0.86,-0.82,0.26,-31.62,-25.02,-60.18
2026-07-27 13:07:10.871,-0.51,-0.54,0.41,12.15,-112.55,-23.68
2026-07-27 13:07:10.985,-0.51,-0.54,0.41,12.15,-112.55,-23.68
2026-07-27 13:07:10.985,-0.28,-0.39,0.61,32.23,-145.94,-0.18
2026-07-27 13:07:10.986,-0.28,-0.39,0.61,32.23,-145.94,-0.18
2026-07-27 13:07:10.986,-0.23,-0.5,0.6,28.63,-116.46,18.92
2026-07-27 13:07:10.986,-0.28,-0.73,0.53,14.53,-54.2,18.55
2026-07-27 13:07:10.986,-0.28,-0.73,0.53,14.53,-54.2,18.55
2026-07-27 13:07:10.987,-0.36,-0.85,0.53,-8.79,19.29,-15.75
2026-07-27 13:07:10.987,-0.36,-0.85,0.53,-8.79,19.29,-15.75
2026-07-27 13:07:10.987,-0.35,-0.82,0.57,-38.64,43.95,-43.82
2026-07-27 13:07:11.284,-0.35,-0.82,0.57,-38.64,43.95,-43.82
2026-07-27 13:07:11.285,-0.23,-0.78,0.51,-58.53,13.18,-34.73
2026-07-27 13:07:11.285,-0.23,-0.78,0.51,-58.53,13.18,-34.73
2026-07-27 13:07:11.286,-0.11,-0.78,0.46,-44.56,-6.47,-22.34
2026-07-27 13:07:11.286,-0.08,-0.81,0.4,17.03,35.03,-38.09
2026-07-27 13:07:11.286,-0.08,-0.81,0.4,17.03,35.03,-38.09
2026-07-27 13:07:11.286,-0.16,-0.81,0.37,87.1,87.77,-29.17
2026-07-27 13:07:11.706,-0.16,-0.81,0.37,87.1,87.77,-29.17
2026-07-27 13:07:11.707,-0.25,-0.74,0.48,117.13,95.95,21.91
2026-07-27 13:07:11.708,-0.25,-0.74,0.48,117.13,95.95,21.91
2026-07-27 13:07:11.708,-0.25,-0.73,0.6,95.34,75.5,49.74
2026-07-27 13:07:11.708,-0.25,-0.73,0.6,95.34,75.5,49.74
2026-07-27 13:07:11.708,-0.22,-0.77,0.59,39.61,48.4,44.92
2026-07-27 13:07:11.709,-0.28,-0.93,0.49,-83.5,0.73,48.46
2026-07-27 13:07:11.710,-0.28,-0.93,0.49,-83.5,0.73,48.46
2026-07-27 13:07:11.710,-0.37,-1.19,0.35,-288.64,-69.4,86.79
2026-07-27 13:07:11.711,-0.37,-1.19,0.35,-288.64,-69.4,86.79
2026-07-27 13:07:11.711,-0.38,-1.18,0.15,-378.66,-79.77,106.08
2026-07-27 13:07:11.711,-0.38,-1.18,0.15,-378.66,-79.77,106.08
2026-07-27 13:07:11.712,-0.43,-0.9,-0.0,-282.47,-23.8,57.68
2026-07-27 13:07:11.712,-0.43,-0.9,-0.0,-282.47,-23.8,57.68
2026-07-27 13:07:11.714,-0.57,-0.68,-0.2,-214.42,11.66,-11.96
2026-07-27 13:07:11.714,-0.6,-0.8,-0.33,-288.02,27.89,-55.3
2026-07-27 13:07:11.714,-0.6,-0.8,-0.33,-288.02,27.89,-55.3
2026-07-27 13:07:11.714,-0.45,-0.91,-0.32,-291.2,81.79,-64.7
2026-07-27 13:07:11.714,-0.45,-0.91,-0.32,-291.2,81.79,-64.7
2026-07-27 13:07:11.715,-0.34,-0.7,-0.33,-131.53,128.72,-45.84
2026-07-27 13:07:11.715,-0.34,-0.7,-0.33,-131.53,128.72,-45.84
2026-07-27 13:07:11.716,-0.31,-0.56,-0.35,-1.65,111.63,-14.22
2026-07-27 13:07:11.716,-0.33,-0.57,-0.37,38.7,64.51,29.11
2026-07-27 13:07:11.718,-0.33,-0.57,-0.37,38.7,64.51,29.11
2026-07-27 13:07:11.718,-0.38,-0.62,-0.38,25.82,39.49,99.85
2026-07-27 13:07:11.718,-0.38,-0.62,-0.38,25.82,39.49,99.85
2026-07-27 13:07:11.718,-0.36,-0.63,-0.49,14.47,47.73,174.87
2026-07-27 13:07:11.719,-0.36,-0.63,-0.49,14.47,47.73,174.87
2026-07-27 13:07:11.721,-0.29,-0.62,-0.73,53.59,23.25,181.34
2026-07-27 13:07:11.721,-0.29,-0.62,-0.73,53.59,23.25,181.34
2026-07-27 13:07:11.721,-0.27,-0.72,-0.89,75.87,-45.96,99.12
2026-07-27 13:07:11.722,-0.32,-0.89,-0.84,62.13,-70.86,16.11
2026-07-27 13:07:11.722,-0.32,-0.89,-0.84,62.13,-70.86,16.11
2026-07-27 13:07:11.723,-0.38,-0.93,-0.51,116.39,-12.15,22.4
2026-07-27 13:07:11.723,-0.38,-0.93,-0.51,116.39,-12.15,22.4
2026-07-27 13:07:11.724,-0.77,-0.61,-0.25,160.89,101.07,151.12
2026-07-27 13:07:11.724,-0.77,-0.61,-0.25,160.89,101.07,151.12
2026-07-27 13:07:11.724,-1.09,-0.09,-0.3,21.0,166.14,265.5
2026-07-27 13:07:11.726,-0.92,0.15,-0.41,-203.92,89.36,207.7
2026-07-27 13:07:11.727,-0.92,0.15,-0.41,-203.92,89.36,207.7
2026-07-27 13:07:11.727,-0.86,0.05,-0.42,-320.19,-46.45,69.64
2026-07-27 13:07:11.728,-0.86,0.05,-0.42,-320.19,-46.45,69.64
2026-07-27 13:07:11.729,-0.95,-0.05,-0.33,-266.97,-115.66,-10.3
2026-07-27 13:07:11.729,-0.95,-0.05,-0.33,-266.97,-115.66,-10.3
2026-07-27 13:07:11.730,-1.01,0.03,-0.29,-130.31,-106.69,-2.08
2026-07-27 13:07:11.730,-1.01,0.03,-0.29,-130.31,-106.69,-2.08
2026-07-27 13:07:11.884,-0.97,0.09,-0.45,-36.07,-78.37,68.48
2026-07-27 13:07:11.884,-0.9,0.08,-0.49,26.37,-65.25,162.23
2026-07-27 13:07:11.885,-0.9,0.08,-0.49,26.37,-65.25,162.23
2026-07-27 13:07:12.304,-0.82,0.05,-0.34,72.75,-50.96,223.14
2026-07-27 13:07:12.304,-0.82,0.05,-0.34,72.75,-50.96,223.14
2026-07-27 13:07:12.304,-0.76,0.07,-0.32,94.06,-26.55,197.33
2026-07-27 13:07:12.728,-0.76,0.07,-0.32,94.06,-26.55,197.33
2026-07-27 13:07:12.729,-0.79,0.22,-0.3,108.83,-47.36,115.6
2026-07-27 13:07:13.023,-0.83,0.36,-0.15,76.78,-131.65,47.3
2026-07-27 13:07:13.024,-0.83,0.36,-0.15,76.78,-131.65,47.3
2026-07-27 13:07:13.024,-0.96,0.32,-0.07,-6.9,-185.0,3.91
2026-07-27 13:07:13.025,-0.96,0.32,-0.07,-6.9,-185.0,3.91
2026-07-27 13:07:13.087,-1.12,0.3,-0.14,-40.16,-160.77,-18.92
2026-07-27 13:07:13.088,-1.12,0.3,-0.14,-40.16,-160.77,-18.92
2026-07-27 13:07:13.088,-1.11,0.36,-0.29,-0.73,-114.26,-16.91
2026-07-27 13:07:13.088,-1.03,0.33,-0.4,35.95,-73.12,-4.82
2026-07-27 13:07:13.756,-1.03,0.33,-0.4,35.95,-73.12,-4.82
2026-07-27 13:07:13.760,-1.02,0.21,-0.41,43.95,-16.3,4.52
2026-07-27 13:07:14.104,-1.02,0.21,-0.41,43.95,-16.3,4.52
2026-07-27 13:07:14.106,-1.12,0.23,-0.32,64.09,42.36,-0.55
2026-07-27 13:07:14.106,-1.12,0.23,-0.32,64.09,42.36,-0.55
2026-07-27 13:07:14.107,-1.32,0.37,-0.2,97.23,66.22,-13.43
2026-07-27 13:07:14.107,-1.32,0.37,-0.2,97.23,66.22,-13.43
2026-07-27 13:07:14.107,-1.36,0.43,-0.1,112.12,63.35,-15.81
2026-07-27 13:07:15.551,-1.15,0.41,-0.11,95.52,74.46,22.89
2026-07-27 13:07:15.552,-1.15,0.41,-0.11,95.52,74.46,22.89
2026-07-27 13:07:15.664,-0.87,0.42,-0.12,93.99,98.94,99.73
2026-07-27 13:07:15.665,-0.87,0.42,-0.12,93.99,98.94,99.73
2026-07-27 13:07:15.665,-0.62,0.42,-0.07,124.15,100.22,125.55
2026-07-27 13:07:16.390,-0.62,0.42,-0.07,67.93,81.54,16.66
2026-07-27 13:07:16.390,-0.61,0.31,-0.05,67.93,81.54,16.66
2026-07-27 13:07:16.390,-0.81,0.27,-0.08,-73.67,66.65,-190.43
2026-07-27 13:07:16.391,-0.81,0.27,-0.08,-73.67,66.65,-190.43
2026-07-27 13:07:16.391,-0.79,0.39,-0.17,-121.77,26.67,-273.99
2026-07-27 13:07:16.391,-0.79,0.39,-0.17,-121.77,26.67,-273.99
2026-07-27 13:07:16.391,-0.66,0.42,-0.22,-74.77,-17.7,-144.96
2026-07-27 13:07:16.391,-0.66,0.42,-0.22,-74.77,-17.7,-144.96
2026-07-27 13:07:16.391,-0.6,0.31,-0.21,-49.32,-36.62,18.86
2026-07-27 13:07:16.392,-0.6,0.31,-0.21,-56.34,-71.84,110.11
2026-07-27 13:07:16.392,-0.63,0.23,-0.27,-56.34,-71.84,110.11
2026-07-27 13:07:16.392,-0.83,0.3,-0.47,-61.22,-113.16,148.01
2026-07-27 13:07:17.234,-0.83,0.3,-0.47,-61.22,-113.16,148.01
2026-07-27 13:07:17.236,-0.98,0.36,-0.74,46.69,-54.99,113.95
2026-07-27 13:07:17.236,-0.98,0.36,-0.74,46.69,-54.99,113.95
2026-07-27 13:07:17.236,-0.74,0.22,-0.64,153.81,26.06,48.46
2026-07-27 13:07:17.237,-0.74,0.22,-0.64,153.81,26.06,48.46
2026-07-27 13:07:17.237,-0.33,0.02,-0.12,24.05,3.6,50.05
2026-07-27 13:07:17.238,-0.33,0.02,-0.12,-134.83,-41.63,38.7
2026-07-27 13:07:17.238,-0.56,0.23,-0.0,-134.83,-41.63,38.7
2026-07-27 13:07:17.238,-1.45,0.75,-0.22,34.61,-57.01,-91.8
2026-07-27 13:07:17.238,-1.45,0.75,-0.22,34.61,-57.01,-91.8
2026-07-27 13:07:17.883,-1.68,0.73,-0.12,194.09,-22.89,-162.54
2026-07-27 13:07:17.884,-1.68,0.73,-0.12,194.09,-22.89,-162.54
2026-07-27 13:07:17.884,-1.14,0.35,-0.05,32.71,14.83,-78.12
2026-07-27 13:07:17.885,-1.14,0.35,-0.05,32.71,14.83,-78.12
2026-07-27 13:07:17.885,-0.82,0.22,-0.1,-137.7,-13.73,7.26
2026-07-27 13:07:17.886,-0.82,0.3,-0.05,-129.64,-39.92,31.07
2026-07-27 13:07:17.886,-0.82,0.3,-0.05,-129.64,-39.92,31.07
2026-07-27 13:07:17.886,-0.94,0.41,-0.07,-50.96,-28.44,15.32
2026-07-27 13:07:17.887,-0.94,0.41,-0.07,-50.96,-28.44,15.32
2026-07-27 13:07:17.887,-0.99,0.41,-0.1,-18.62,-26.67,-1.28
2026-07-27 13:07:17.888,-0.99,0.41,-0.1,-18.62,-26.67,-1.28
2026-07-27 13:07:17.888,-0.95,0.32,-0.06,13.12,-24.66,-4.15
2026-07-27 13:07:17.889,-0.95,0.32,-0.06,13.12,-24.66,-4.15
2026-07-27 13:07:17.889,-0.91,0.25,-0.04,54.93,-9.7,-0.85
2026-07-27 13:07:18.007,-0.91,0.25,-0.04,54.93,-9.7,-0.85
2026-07-27 13:07:18.007,-0.89,0.22,-0.07,65.37,-6.65,3.66
2026-07-27 13:07:18.007,-0.89,0.23,-0.14,43.09,-29.3,6.84
2026-07-27 13:07:18.008,-0.89,0.23,-0.14,43.09,-29.3,6.84
2026-07-27 13:07:18.127,-0.91,0.25,-0.18,19.96,-52.61,9.46
2026-07-27 13:07:18.127,-0.91,0.25,-0.18,19.96,-52.61,9.46
2026-07-27 13:07:18.127,-0.95,0.24,-0.14,17.58,-47.49,16.11
2026-07-27 13:07:18.127,-0.95,0.24,-0.14,17.58,-47.49,16.11
2026-07-27 13:07:18.128,-1.0,0.18,-0.09,22.03,-25.39,24.41
2026-07-27 13:07:18.128,-1.0,0.18,-0.09,22.03,-25.39,24.41
2026-07-27 13:07:18.128,-1.07,0.13,-0.09,11.17,-9.58,27.71
2026-07-27 13:07:18.129,-1.09,0.18,-0.18,-19.65,-8.97,21.97
2026-07-27 13:07:18.129,-0.72,0.24,-0.09,-67.08,-20.51,6.29
2026-07-27 13:07:18.129,-0.72,0.24,-0.09,-67.08,-20.51,6.29
2026-07-27 13:07:18.130,-0.79,0.37,0.06,-96.98,37.54,5.31
2026-07-27 13:07:18.130,-0.79,0.37,0.06,-96.98,37.54,5.31
2026-07-27 13:07:18.131,-0.91,0.42,-0.1,-84.72,5.13,-3.78
2026-07-27 13:07:18.131,-1.0,0.39,-0.11,-71.66,-37.84,-11.72
2026-07-27 13:07:18.131,-1.0,0.39,-0.11,-71.66,-37.84,-11.72
2026-07-27 13:07:18.131,-1.03,0.31,-0.02,-38.15,-32.29,-11.17
2026-07-27 13:07:18.132,-1.03,0.31,-0.02,-38.15,-32.29,-11.17
2026-07-27 13:07:18.132,-0.66,0.25,0.24,12.57,42.18,4.39
2026-07-27 13:07:18.133,-0.66,0.25,0.24,12.57,42.18,4.39
2026-07-27 13:07:18.133,-1.1,0.14,-0.16,59.2,-115.3,9.89
2026-07-27 13:07:18.133,-1.1,0.14,-0.16,59.2,-115.3,9.89
2026-07-27 13:07:18.134,-0.93,0.35,0.01,42.05,85.21,6.1
2026-07-27 13:07:18.134,-0.93,0.35,0.01,42.05,85.21,6.1
2026-07-27 13:07:18.135,-0.75,0.3,-0.08,38.51,40.77,6.71
2026-07-27 13:07:18.137,-0.75,0.3,-0.08,38.51,40.77,6.71
2026-07-27 13:07:18.137,-0.68,0.28,-0.06,1.89,26.86,0.18
2026-07-27 13:07:18.138,-0.68,0.28,-0.06,1.89,26.86,0.18
2026-07-27 13:07:18.138,-0.67,0.34,-0.03,-30.4,19.41,-10.99
2026-07-27 13:07:18.139,-0.67,0.34,-0.03,-30.4,19.41,-10.99
2026-07-27 13:07:18.140,-0.73,0.4,-0.04,-39.61,7.02,-13.79
2026-07-27 13:07:18.140,-0.73,0.4,-0.04,-39.61,7.02,-13.79
2026-07-27 13:07:18.140,-0.85,0.39,-0.18,-31.8,-9.77,-7.69
2026-07-27 13:07:18.141,-0.96,0.35,-0.43,-7.57,-26.25,-4.58
2026-07-27 13:07:18.142,-1.03,0.38,-0.64,15.75,0.06,-7.45
2026-07-27 13:07:18.142,-0.98,0.28,-0.04,0.49,-31.8,-8.97
2026-07-27 13:07:18.185,-0.99,0.28,0.0,-32.84,-0.37,-0.31
2026-07-27 13:07:18.550,-0.99,0.28,0.0,-32.84,-0.37,-0.31
2026-07-27 13:07:18.551,-0.96,0.28,0.03,-27.59,10.31,1.53
2026-07-27 13:07:18.551,-0.96,0.28,0.03,-27.59,10.31,1.53
2026-07-27 13:07:18.551,-0.92,0.28,0.04,1.59,3.42,-1.65
2026-07-27 13:07:18.551,-0.92,0.28,0.04,37.78,-8.85,-2.5
2026-07-27 13:07:18.551,-0.92,0.26,0.01,37.78,-8.85,-2.5
2026-07-27 13:07:18.552,-0.94,0.22,-0.02,54.44,-20.39,-1.71
2026-07-27 13:07:18.552,-0.94,0.22,-0.02,54.44,-20.39,-1.71
2026-07-27 13:07:18.553,-0.98,0.37,-0.09,7.02,114.75,-6.04
2026-07-27 13:07:18.553,-1.04,0.4,0.06,-16.97,168.88,1.65
2026-07-27 13:07:18.553,-1.04,0.4,0.06,-16.97,168.88,1.65
2026-07-27 13:07:18.554,-1.14,0.41,0.17,-13.49,163.02,10.99
2026-07-27 13:07:18.557,-1.14,0.41,0.17,-13.49,163.02,10.99
2026-07-27 13:07:18.557,-0.98,0.4,0.11,6.35,108.58,16.24
2026-07-27 13:07:18.558,-0.98,0.4,0.11,6.35,108.58,16.24
2026-07-27 13:07:18.558,-0.77,0.32,-0.01,29.36,59.27,21.18
2026-07-27 13:07:18.558,-0.77,0.32,-0.01,29.36,59.27,21.18
2026-07-27 13:07:18.559,-0.7,0.23,-0.07,36.25,37.41,18.98
2026-07-27 13:07:18.559,-0.67,0.24,-0.06,24.78,23.68,2.44
2026-07-27 13:07:18.559,-0.67,0.24,-0.06,24.78,23.68,2.44
2026-07-27 13:07:18.559,-0.63,0.3,-0.01,7.02,5.07,-13.43
2026-07-27 13:07:18.560,-0.71,0.28,-0.09,-5.8,-20.45,-13.67
2026-07-27 13:07:18.560,-0.71,0.28,-0.09,-5.8,-20.45,-13.67
2026-07-27 13:07:18.560,-0.97,0.24,-0.5,16.3,-49.26,-5.92
2026-07-27 13:07:18.561,-0.97,0.24,-0.5,16.3,-49.26,-5.92
2026-07-27 13:07:18.561,-1.19,0.3,-0.86,57.56,-55.05,-1.4
2026-07-27 13:07:18.561,-1.19,0.3,-0.86,57.56,-55.05,-1.4
2026-07-27 13:07:18.561,-1.01,0.32,-0.69,48.34,-20.63,-3.11
2026-07-27 13:07:18.562,-1.01,0.32,-0.69,48.34,-20.63,-3.11
2026-07-27 13:07:18.562,-0.91,0.23,-0.19,-25.45,7.57,-9.28
2026-07-27 13:07:18.562,-0.91,0.23,-0.19,-25.45,7.57,-9.28
2026-07-27 13:07:18.563,-1.11,0.27,0.05,-81.24,-13.24,-17.09
2026-07-27 13:07:18.563,-1.11,0.27,0.05,-47.24,-51.88,-17.09
2026-07-27 13:07:18.563,-1.01,0.45,-0.14,-47.24,-51.88,-17.09
2026-07-27 13:07:18.563,-0.73,0.48,-0.1,5.92,-57.56,-6.04
2026-07-27 13:07:18.564,-0.73,0.48,-0.1,5.92,-57.56,-6.04
2026-07-27 13:07:18.564,-0.71,0.36,0.12,6.23,-25.82,12.02
2026-07-27 13:07:18.565,-0.71,0.36,0.12,6.23,-25.82,12.02
2026-07-27 13:07:19.267,-0.91,0.22,0.06,-7.45,-3.54,31.43
2026-07-27 13:07:19.268,-0.91,0.22,0.06,-7.45,-3.54,31.43
2026-07-27 13:07:19.269,-1.07,0.13,-0.07,11.47,-31.43,29.66
2026-07-27 13:07:19.269,-1.05,0.16,-0.07,43.09,-65.8,7.08
2026-07-27 13:07:19.269,-1.05,0.16,-0.07,43.09,-65.8,7.08
2026-07-27 13:07:20.106,-1.01,0.27,-0.06,31.49,-58.17,-10.62
2026-07-27 13:07:20.106,-1.01,0.27,-0.06,31.49,-58.17,-10.62
2026-07-27 13:07:20.107,-0.98,0.34,-0.04,-7.32,-26.67,-13.43
2026-07-27 13:07:20.107,-0.98,0.34,-0.04,-7.32,-26.67,-13.43
2026-07-27 13:07:20.108,-0.93,0.33,0.02,-25.09,5.07,-3.54
2026-07-27 13:07:20.108,-0.93,0.33,0.02,-25.09,5.07,-3.54
2026-07-27 13:07:20.109,-0.89,0.28,0.06,-13.31,22.22,9.58
2026-07-27 13:07:20.110,-0.89,0.28,0.06,11.84,18.98,15.32
2026-07-27 13:07:20.110,-0.9,0.23,0.03,11.84,18.98,15.32
2026-07-27 13:07:20.113,-0.93,0.21,-0.04,22.52,-0.73,11.54
2026-07-27 13:07:20.113,-0.93,0.21,-0.04,22.52,-0.73,11.54
2026-07-27 13:07:20.113,-0.95,0.22,-0.08,10.99,-26.0,2.87
2026-07-27 13:07:20.114,-0.95,0.22,-0.08,10.99,-26.0,2.87
2026-07-27 13:07:20.114,-0.96,0.24,-0.09,4.94,-44.92,-4.58
2026-07-27 13:07:20.114,-0.96,0.24,-0.09,4.94,-44.92,-4.58
2026-07-27 13:07:20.117,-0.97,0.25,-0.08,17.09,-51.7,-5.86
2026-07-27 13:07:20.117,-0.97,0.25,-0.08,32.1,-47.36,-0.73
2026-07-27 13:07:20.117,-0.99,0.24,-0.08,32.1,-47.36,-0.73
2026-07-27 13:07:20.117,-1.01,0.2,-0.11,36.99,-37.66,5.74
2026-07-27 13:07:20.118,-1.01,0.2,-0.11,36.99,-37.66,5.74
2026-07-27 13:07:20.119,-1.02,0.18,-0.17,28.14,-31.37,6.9
2026-07-27 13:07:20.119,-1.02,0.18,-0.17,28.14,-31.37,6.9
2026-07-27 13:07:20.119,-1.04,0.19,-0.21,13.43,-37.9,0.92
2026-07-27 13:07:20.119,-1.04,0.19,-0.21,13.43,-37.9,0.92
2026-07-27 13:07:20.120,-1.13,0.19,-0.2,11.47,-43.33,-6.53
2026-07-27 13:07:20.120,-1.13,0.19,-0.2,11.47,-43.33,-6.53
2026-07-27 13:07:20.121,-1.17,0.22,-0.19,9.28,-13.55,-6.53
2026-07-27 13:07:20.121,-1.17,0.22,-0.19,-18.13,55.6,0.85
2026-07-27 13:07:20.122,-1.01,0.3,-0.15,-18.13,55.6,0.85
2026-07-27 13:07:20.122,-0.89,0.38,-0.04,-43.58,128.6,8.67
2026-07-27 13:07:20.123,-0.89,0.38,-0.04,-43.58,128.6,8.67
2026-07-27 13:07:20.124,-1.01,0.38,0.07,-32.35,164.06,15.26
2026-07-27 13:07:20.125,-1.01,0.38,0.07,-32.35,164.06,15.26
2026-07-27 13:07:20.125,-1.09,0.3,0.15,0.92,142.64,18.37
2026-07-27 13:07:20.125,-1.09,0.3,0.15,0.92,142.64,18.37
2026-07-27 13:07:20.126,-0.93,0.24,0.07,28.08,84.29,10.8
2026-07-27 13:07:20.473,-0.93,0.24,0.07,28.08,84.29,10.8
2026-07-27 13:07:20.474,-0.8,0.19,-0.08,41.63,31.01,-9.89
2026-07-27 13:07:20.478,-0.82,0.17,-0.13,30.88,5.98,-34.3
2026-07-27 13:07:20.478,-0.82,0.17,-0.13,30.88,5.98,-34.3
2026-07-27 13:07:20.479,-0.82,0.28,-0.08,-10.07,5.0,-52.37
2026-07-27 13:07:20.479,-0.82,0.28,-0.08,-10.07,5.0,-52.37
2026-07-27 13:07:20.479,-0.78,0.39,-0.03,-48.34,9.83,-53.83
2026-07-27 13:07:20.479,-0.78,0.39,-0.03,-48.34,9.83,-53.83
2026-07-27 13:07:20.480,-0.83,0.31,-0.09,-45.23,-1.53,-39.12
2026-07-27 13:07:20.480,-0.83,0.31,-0.09,-45.23,-1.53,-39.12
2026-07-27 13:07:20.583,-0.92,0.2,-0.22,-13.79,-25.88,-25.09
2026-07-27 13:07:20.584,-0.92,0.2,-0.22,-13.79,-25.88,-25.09
2026-07-27 13:07:20.584,-0.98,0.2,-0.34,0.43,-35.52,-16.11
2026-07-27 13:07:20.585,-1.01,0.24,-0.44,-19.23,-22.77,-9.83
2026-07-27 13:07:20.585,-1.01,0.24,-0.44,-19.23,-22.77,-9.83
2026-07-27 13:07:20.585,-0.96,0.23,-0.45,-43.64,-5.13,-8.67
2026-07-27 13:07:20.586,-0.96,0.23,-0.45,-43.64,-5.13,-8.67
2026-07-27 13:07:20.587,-0.87,0.18,-0.24,-51.76,2.75,-7.39
2026-07-27 13:07:20.587,-0.87,0.18,-0.24,-51.76,2.75,-7.39
2026-07-27 13:07:20.588,-0.92,0.23,0.0,-60.91,0.43,1.04
2026-07-27 13:07:20.588,-0.92,0.23,0.0,-60.91,0.43,1.04
2026-07-27 13:07:20.589,-1.1,0.42,-0.08,-59.27,-15.44,7.39
2026-07-27 13:07:20.589,-1.1,0.42,-0.08,-59.27,-15.44,7.39
2026-07-27 13:07:20.704,-1.07,0.52,-0.28,-18.92,-40.53,6.35
2026-07-27 13:07:20.705,-1.07,0.52,-0.28,23.32,-45.41,8.3
2026-07-27 13:07:20.705,-0.84,0.4,-0.14,23.32,-45.41,8.3
2026-07-27 13:07:20.705,-0.96,0.03,0.07,-18.43,-1.04,35.64
2026-07-27 13:07:20.706,-1.03,0.07,-0.01,-43.09,-6.16,27.59
2026-07-27 13:07:20.706,-1.03,0.07,-0.01,-56.34,-23.13,-0.98
2026-07-27 13:07:20.709,-1.0,0.25,-0.07,-56.34,-23.13,-0.98
2026-07-27 13:07:20.824,-1.0,0.36,-0.09,-75.99,-24.23,-18.37
2026-07-27 13:07:21.005,-1.0,0.36,-0.09,-75.99,-24.23,-18.37
2026-07-27 13:07:21.005,-1.01,0.3,-0.04,-70.68,-5.19,-12.02
2026-07-27 13:07:21.006,-1.01,0.3,-0.04,-70.68,-5.19,-12.02
2026-07-27 13:07:21.006,-0.97,0.21,0.03,-40.28,16.54,0.06
2026-07-27 13:07:21.006,-0.97,0.21,0.03,-40.28,16.54,0.06
2026-07-27 13:07:21.007,-0.91,0.19,0.06,-20.02,20.39,1.53
2026-07-27 13:07:21.007,-0.89,0.22,0.05,-21.3,5.86,-4.39
2026-07-27 13:07:21.007,-0.89,0.22,0.05,-21.3,5.86,-4.39
2026-07-27 13:07:21.245,-0.91,0.26,0.01,-31.37,-9.58,-8.06
2026-07-27 13:07:21.246,-0.91,0.26,0.01,-31.37,-9.58,-8.06
2026-07-27 13:07:21.246,-0.94,0.29,-0.02,-29.91,-17.64,-7.45
2026-07-27 13:07:21.246,-0.94,0.29,-0.02,-29.91,-17.64,-7.45
2026-07-27 13:07:21.246,-0.94,0.29,-0.03,-17.03,-21.85,-4.46
2026-07-27 13:07:21.247,-0.94,0.29,-0.03,-17.03,-21.85,-4.46
2026-07-27 13:07:21.247,-0.93,0.28,-0.03,-4.03,-22.22,0.55
2026-07-27 13:07:21.248,-0.93,0.28,-0.03,-4.03,-22.22,0.55
2026-07-27 13:07:21.248,-0.96,0.26,-0.01,11.11,-15.93,7.81
2026-07-27 13:07:21.607,-1.01,0.22,-0.0,20.87,-1.22,15.62
2026-07-27 13:07:22.144,-1.01,0.22,-0.0,20.87,-1.22,15.62
2026-07-27 13:07:22.453,-1.04,0.18,-0.03,10.93,11.17,18.74
2026-07-27 13:07:22.455,-1.04,0.18,-0.03,10.93,11.17,18.74
2026-07-27 13:07:22.456,-1.0,0.17,-0.09,-8.06,2.08,13.12
2026-07-27 13:07:22.456,-1.0,0.17,-0.09,-8.06,2.08,13.12
2026-07-27 13:07:22.457,-0.96,0.16,-0.13,-17.58,-24.6,2.5
2026-07-27 13:07:22.457,-0.96,0.16,-0.13,-17.58,-24.6,2.5
2026-07-27 13:07:22.457,-0.98,0.13,-0.1,-10.8,-40.04,-3.36
2026-07-27 13:07:22.867,-1.08,0.12,-0.03,-6.16,-22.16,2.01
2026-07-27 13:07:23.104,-1.08,0.12,-0.03,-6.16,-22.16,2.01
2026-07-27 13:07:23.704,-1.1,0.19,-0.02,-25.15,10.93,7.08
2026-07-27 13:07:23.704,-1.1,0.19,-0.02,-25.15,10.93,7.08
2026-07-27 13:07:23.705,-0.94,0.37,-0.1,-59.45,31.25,0.43
2026-07-27 13:07:23.706,-0.94,0.37,-0.1,-59.45,31.25,0.43
2026-07-27 13:07:23.706,-0.8,0.52,-0.17,-72.08,59.69,1.95
2026-07-27 13:07:23.706,-0.8,0.52,-0.17,-72.08,59.69,1.95
2026-07-27 13:07:23.706,-0.89,0.53,-0.13,-38.09,105.59,23.25
2026-07-27 13:07:23.707,-0.89,0.53,-0.13,-38.09,105.59,23.25
2026-07-27 13:07:23.708,-0.89,0.53,-0.13,-38.09,105.59,23.25
2026-07-27 13:07:23.709,-0.89,0.53,-0.13,-38.09,105.59,23.25
2026-07-27 13:07:24.006,-1.09,0.21,0.08,34.67,113.59,40.04
2026-07-27 13:07:24.006,-1.09,0.21,0.08,34.67,113.59,40.04
2026-07-27 13:07:24.007,-1.09,0.21,0.08,34.67,113.59,40.04
2026-07-27 13:07:24.007,-1.09,0.21,0.08,34.67,113.59,40.04
2026-07-27 13:07:24.007,-0.8,0.27,-0.11,-2.5,27.95,-9.77
2026-07-27 13:07:24.010,-0.8,0.27,-0.11,-2.5,27.95,-9.77
2026-07-27 13:07:24.010,-0.8,0.35,-0.16,-2.38,5.0,-31.19
2026-07-27 13:07:24.012,-0.8,0.35,-0.16,14.34,-9.34,-46.26
2026-07-27 13:07:24.012,-0.87,0.36,-0.14,14.34,-9.34,-46.26
2026-07-27 13:07:24.305,-0.92,0.28,-0.16,18.8,-17.09,-54.02
2026-07-27 13:07:24.844,-0.92,0.28,-0.16,18.8,-17.09,-54.02
2026-07-27 13:07:24.844,-0.95,0.21,-0.21,4.33,-17.27,-57.25
2026-07-27 13:07:24.845,-0.95,0.21,-0.21,4.33,-17.27,-57.25
2026-07-27 13:07:24.846,-0.98,0.17,-0.27,-24.29,-6.35,-54.14
2026-07-27 13:07:24.846,-0.98,0.17,-0.27,-24.29,-6.35,-54.14
2026-07-27 13:07:24.847,-0.93,0.19,-0.3,-62.62,12.82,-44.62
2026-07-27 13:07:24.847,-0.93,0.19,-0.3,-62.62,12.82,-44.62
2026-07-27 13:07:24.858,-0.81,0.26,-0.31,-83.74,26.0,-32.84
2026-07-27 13:07:24.859,-0.76,0.26,-0.33,-72.69,21.3,-19.9
2026-07-27 13:07:24.859,-0.76,0.26,-0.33,-72.69,21.3,-19.9
2026-07-27 13:07:24.859,-0.8,0.21,-0.36,-46.94,3.36,-8.73
2026-07-27 13:07:24.859,-0.8,0.21,-0.36,-46.94,3.36,-8.73
2026-07-27 13:07:24.907,-0.9,0.21,-0.31,-30.03,-11.9,0.37
2026-07-27 13:07:24.908,-0.9,0.21,-0.31,-30.03,-11.9,0.37
2026-07-27 13:07:24.908,-1.06,0.27,-0.18,-35.34,-16.48,7.93
2026-07-27 13:07:24.909,-1.06,0.27,-0.18,-35.34,-16.48,7.93
2026-07-27 13:07:24.909,-1.17,0.34,-0.08,-46.45,-22.03,7.75
2026-07-27 13:07:24.909,-1.17,0.34,-0.08,-46.45,-22.03,7.75
2026-07-27 13:07:24.909,-1.04,0.39,-0.1,-31.86,-32.53,3.78
2026-07-27 13:07:24.909,-0.88,0.33,-0.1,-6.04,-32.59,10.56
2026-07-27 13:07:24.909,-0.88,0.33,-0.1,-6.04,-32.59,10.56
2026-07-27 13:07:24.910,-0.87,0.16,0.01,-6.59,-21.61,24.29
2026-07-27 13:07:24.979,-0.87,0.16,0.01,-6.59,-21.61,24.29
2026-07-27 13:07:24.979,-0.94,0.08,0.04,-41.38,-12.21,26.86
2026-07-27 13:07:24.980,-0.94,0.08,0.04,-41.38,-12.21,26.86
2026-07-27 13:07:25.084,-0.98,0.2,-0.02,-80.44,-12.57,9.58
2026-07-27 13:07:25.084,-0.98,0.2,-0.02,-80.44,-12.57,9.58
2026-07-27 13:07:25.084,-0.99,0.33,-0.04,-96.13,-11.29,-8.67
2026-07-27 13:07:25.144,-0.99,0.33,-0.04,-96.13,-11.29,-8.67
2026-07-27 13:07:25.144,-0.99,0.3,-0.02,-95.64,2.08,-8.61
2026-07-27 13:07:25.145,-1.0,0.21,0.03,-80.2,13.55,-1.34
2026-07-27 13:07:25.145,-0.99,0.2,-0.04,-32.65,-10.62,-1.83
2026-07-27 13:07:25.146,-0.99,0.19,0.01,-40.16,7.75,5.43
2026-07-27 13:07:25.146,-0.93,0.26,-0.04,-13.85,-20.14,-4.82
2026-07-27 13:07:25.205,-0.93,0.26,-0.04,-13.85,-20.14,-4.82
2026-07-27 13:07:25.206,-0.94,0.25,-0.07,-5.62,-29.36,-3.6
2026-07-27 13:07:25.206,-0.94,0.25,-0.07,-5.62,-29.36,-3.6
2026-07-27 13:07:25.206,-0.97,0.23,-0.1,10.31,-32.04,0.12
2026-07-27 13:07:25.207,-0.97,0.23,-0.1,10.31,-32.04,0.12
2026-07-27 13:07:25.207,-0.98,0.2,-0.12,24.41,-28.56,6.23
2026-07-27 13:07:25.207,-0.94,0.21,0.01,62.87,34.06,-23.5
2026-07-27 13:07:25.207,-0.82,0.02,0.01,-25.88,-21.3,-57.25
2026-07-27 13:07:25.207,-0.96,0.12,-0.01,-136.6,6.53,25.21
2026-07-27 13:07:25.207,-0.96,0.12,-0.01,-136.6,6.53,25.21
2026-07-27 13:07:25.208,-0.97,0.3,-0.07,-165.77,-10.74,-7.87
2026-07-27 13:07:25.208,-0.97,0.3,-0.07,-165.77,-10.74,-7.87
2026-07-27 13:07:25.209,-0.99,0.32,-0.05,-165.04,9.58,-13.92
2026-07-27 13:07:25.209,-1.03,0.2,0.01,-150.82,39.98,-0.12
2026-07-27 13:07:25.210,-1.03,0.2,0.01,-150.82,39.98,-0.12
2026-07-27 13:07:25.210,-1.01,0.13,0.08,-118.16,50.78,2.08
2026-07-27 13:07:25.213,-1.01,0.13,0.08,-118.16,50.78,2.08
2026-07-27 13:07:25.214,-0.92,0.27,-0.01,-103.94,-1.22,-15.56
2026-07-27 13:07:25.214,-0.95,0.25,-0.03,-103.94,-1.22,-15.56
2026-07-27 13:07:25.215,-0.96,0.22,0.0,-80.75,13.61,-0.12
2026-07-27 13:07:25.215,-0.96,0.22,0.0,-80.75,13.61,-0.12
2026-07-27 13:07:25.215,-0.95,0.22,0.01,-73.55,23.13,8.3
2026-07-27 13:07:25.215,-0.95,0.22,0.01,-73.55,23.13,8.3
2026-07-27 13:07:25.216,-0.95,0.21,-0.0,-73.0,20.75,9.03
2026-07-27 13:07:25.216,-0.95,0.21,-0.0,-73.0,20.75,9.03
2026-07-27 13:07:25.216,-0.97,0.21,-0.05,-73.97,8.42,6.59
2026-07-27 13:07:25.216,-1.0,0.21,-0.13,-80.63,-13.12,0.85
2026-07-27 13:07:25.217,-1.13,0.15,-0.12,-90.09,-14.65,8.54
2026-07-27 13:07:25.230,-1.1,0.28,-0.32,-78.19,9.64,-60.36
2026-07-27 13:07:25.230,-1.03,0.05,-0.21,-106.2,63.78,-58.53
2026-07-27 13:07:25.230,-1.03,0.05,-0.21,-106.2,63.78,-58.53
2026-07-27 13:07:25.231,-0.96,-0.18,-0.09,-143.92,86.18,-63.6
2026-07-27 13:07:25.231,-0.96,-0.18,-0.09,-178.59,77.03,-69.58
2026-07-27 13:07:25.231,-0.87,-0.14,-0.04,-178.59,77.03,-69.58
2026-07-27 13:07:25.232,-0.69,0.14,-0.08,-184.81,53.96,-69.95
2026-07-27 13:07:25.232,-0.69,0.14,-0.08,-184.81,53.96,-69.95
2026-07-27 13:07:25.232,-0.55,0.36,-0.15,-155.76,19.53,-55.97
2026-07-27 13:07:25.232,-0.55,0.36,-0.15,-155.76,19.53,-55.97
2026-07-27 13:07:25.232,-0.84,0.39,-0.14,-100.89,-27.34,-25.02
2026-07-27 13:07:25.232,-0.84,0.39,-0.14,-100.89,-27.34,-25.02
2026-07-27 13:07:25.233,-1.45,0.37,-0.25,-13.73,-74.65,5.19
2026-07-27 13:07:25.233,-1.43,0.38,-0.26,63.29,-74.83,24.66
2026-07-27 13:07:25.233,-1.43,0.38,-0.26,63.29,-74.83,24.66
2026-07-27 13:07:25.233,-0.9,0.34,0.08,25.02,-1.83,34.73
2026-07-27 13:07:25.323,-0.9,0.34,0.08,25.02,-1.83,34.73
2026-07-27 13:07:25.324,-0.76,0.32,0.24,-98.21,94.18,35.03
2026-07-27 13:07:25.324,-0.76,0.32,0.24,-98.21,94.18,35.03
2026-07-27 13:07:25.324,-0.94,0.32,0.08,-177.98,107.3,24.78
2026-07-27 13:07:25.324,-0.99,0.28,-0.08,-155.03,21.36,3.48
2026-07-27 13:07:25.864,-0.99,0.28,-0.08,-155.03,21.36,3.48
2026-07-27 13:07:25.864,-0.95,0.27,-0.12,-69.09,-52.98,-17.76
2026-07-27 13:07:25.874,-0.95,0.27,-0.12,-69.09,-52.98,-17.76
2026-07-27 13:07:26.173,-0.91,0.27,-0.11,-9.83,-71.78,-29.66
2026-07-27 13:07:26.174,-0.91,0.27,-0.11,-9.83,-71.78,-29.66
2026-07-27 13:07:26.174,-0.88,0.23,-0.07,-10.93,-55.18,-27.59
2026-07-27 13:07:26.174,-0.88,0.2,-0.01,-44.62,-15.26,-13.37
2026-07-27 13:07:26.227,-0.88,0.2,-0.01,-44.62,-15.26,-13.37
2026-07-27 13:07:26.228,-0.94,0.21,0.03,-61.65,22.16,1.22
2026-07-27 13:07:26.228,-0.94,0.21,0.03,-61.65,22.16,1.22
2026-07-27 13:07:26.228,-0.98,0.23,0.02,-58.96,31.01,6.71
2026-07-27 13:07:26.229,-0.98,0.23,0.02,-58.96,31.01,6.71
2026-07-27 13:07:26.230,-0.98,0.26,-0.02,-65.67,14.22,4.15
2026-07-27 13:07:26.230,-0.98,0.26,-0.02,-65.67,14.22,4.15
2026-07-27 13:07:26.231,-0.96,0.28,-0.05,-71.59,-8.61,-0.43
2026-07-27 13:07:26.231,-0.97,0.21,-0.09,-55.66,-27.59,-1.28
2026-07-27 13:07:26.234,-0.97,0.21,-0.09,-55.66,-27.59,-1.28
2026-07-27 13:07:26.234,-0.97,0.09,-0.12,-37.84,-38.51,1.22
2026-07-27 13:07:26.235,-0.97,0.09,-0.12,-37.84,-38.51,1.22
2026-07-27 13:07:26.235,-0.96,0.01,-0.1,-23.25,-39.73,0.37
2026-07-27 13:07:26.235,-0.96,0.01,-0.1,-23.25,-39.73,0.37
2026-07-27 13:07:26.235,-1.02,0.04,-0.01,-5.25,-34.48,-4.21
2026-07-27 13:07:26.235,-1.02,0.04,-0.01,-5.25,-34.48,-4.21
2026-07-27 13:07:26.236,-1.14,0.1,0.06,-12.63,-20.94,-6.23
2026-07-27 13:07:26.239,-1.13,0.16,0.1,-53.96,4.09,-5.31
2026-07-27 13:07:26.239,-1.13,0.16,0.1,-53.96,4.09,-5.31
2026-07-27 13:07:26.240,-0.97,0.32,0.11,-81.73,31.68,-11.23
2026-07-27 13:07:26.240,-0.97,0.32,0.11,-81.73,31.68,-11.23
2026-07-27 13:07:26.240,-0.8,0.52,0.08,-53.16,37.84,-25.33
2026-07-27 13:07:26.240,-0.8,0.52,0.08,-53.16,37.84,-25.33
2026-07-27 13:07:26.241,-0.81,0.52,-0.02,-22.16,33.02,-23.32
2026-07-27 13:07:26.241,-0.81,0.52,-0.02,-22.16,33.02,-23.32
2026-07-27 13:07:26.241,-1.02,0.41,-0.12,-11.35,62.81,6.1
2026-07-27 13:07:26.241,-1.16,0.35,-0.1,41.38,95.64,26.18
2026-07-27 13:07:26.242,-1.16,0.35,-0.1,41.38,95.64,26.18
2026-07-27 13:07:26.242,-1.08,0.28,0.0,83.98,89.42,20.69
2026-07-27 13:07:26.242,-1.08,0.28,0.0,83.98,89.42,20.69
2026-07-27 13:07:26.242,-0.95,0.13,0.04,21.61,66.96,16.54
2026-07-27 13:07:26.243,-0.95,0.13,0.04,21.61,66.96,16.54
2026-07-27 13:07:26.243,-0.89,0.03,0.0,-67.93,49.26,15.14
2026-07-27 13:07:26.243,-0.87,0.09,0.01,-82.46,38.94,-1.34
2026-07-27 13:07:26.345,-0.87,0.09,0.01,-82.46,38.94,-1.34
2026-07-27 13:07:26.346,-0.83,0.24,0.05,-61.46,28.38,-27.22
2026-07-27 13:07:26.346,-0.83,0.24,0.05,-61.46,28.38,-27.22
2026-07-27 13:07:26.346,-0.81,0.39,-0.0,-50.48,12.45,-43.21
2026-07-27 13:07:26.346,-0.81,0.39,-0.0,-50.48,12.45,-43.21
2026-07-27 13:07:26.411,-0.88,0.48,-0.22,-39.86,-4.27,-38.57
2026-07-27 13:07:27.004,-0.98,0.44,-0.51,-16.3,-5.49,-19.84
2026-07-27 13:07:27.011,-0.98,0.44,-0.51,-16.3,-5.49,-19.84
2026-07-27 13:07:27.012,-1.04,0.21,-0.57,5.55,19.47,-7.32
2026-07-27 13:07:27.012,-1.04,0.21,-0.57,5.55,19.47,-7.32
2026-07-27 13:07:27.365,-0.96,-0.07,-0.39,-7.14,44.37,-12.7
2026-07-27 13:07:27.365,-0.96,-0.07,-0.39,-7.14,44.37,-12.7
2026-07-27 13:07:27.432,-0.8,-0.17,-0.13,-51.51,37.17,-23.38
2026-07-27 13:07:27.433,-0.8,-0.17,-0.13,-51.51,37.17,-23.38
2026-07-27 13:07:27.434,-0.73,0.02,0.04,-92.53,8.73,-23.13
2026-07-27 13:07:27.435,-1.09,0.5,-0.09,-91.43,-23.44,-21.67
2026-07-27 13:07:27.435,-1.09,0.5,-0.09,-91.43,-23.44,-21.67
2026-07-27 13:07:27.435,-1.28,0.82,-0.42,-38.51,-55.3,-22.64
2026-07-27 13:07:27.435,-1.28,0.82,-0.42,-38.51,-55.3,-22.64
2026-07-27 13:07:27.436,-0.86,0.62,-0.31,10.13,-48.77,-1.95
2026-07-27 13:07:27.437,-0.86,0.62,-0.31,10.13,-48.77,-1.95
2026-07-27 13:07:27.437,-0.72,0.21,0.14,11.17,-3.3,34.42
2026-07-27 13:07:27.437,-0.72,0.21,0.14,11.17,-3.3,34.42
2026-07-27 13:07:27.438,-0.97,-0.05,0.16,-12.45,9.58,57.01
2026-07-27 13:07:27.484,-1.09,-0.02,-0.05,-15.69,-37.78,39.92
2026-07-27 13:07:27.485,-1.09,-0.02,-0.05,-15.69,-37.78,39.92
2026-07-27 13:07:27.485,-1.01,0.21,-0.09,-10.38,-75.13,-7.81
2026-07-27 13:07:27.485,-1.01,0.21,-0.09,-10.38,-75.13,-7.81
2026-07-27 13:07:27.485,-0.95,0.41,-0.09,-42.48,-55.24,-30.88
2026-07-27 13:07:27.486,-0.95,0.41,-0.09,-42.48,-55.24,-30.88
2026-07-27 13:07:27.486,-0.98,0.38,-0.06,-76.17,-12.88,-12.57
2026-07-27 13:07:27.492,-0.98,0.38,-0.06,-76.17,-12.88,-12.57
2026-07-27 13:07:27.492,-0.98,0.38,-0.06,-76.17,-12.88,-12.57
2026-07-27 13:07:27.492,-0.98,0.38,-0.06,-76.17,-12.88,-12.57
2026-07-27 13:07:27.493,-0.93,0.15,0.09,-20.32,33.39,20.94
2026-07-27 13:07:27.493,-0.93,0.15,0.09,-20.32,33.39,20.94
2026-07-27 13:07:27.493,-0.9,0.18,0.06,-3.66,20.08,11.05
2026-07-27 13:07:27.493,-0.9,0.24,0.01,-9.77,-8.79,-4.82
2026-07-27 13:07:27.494,-0.9,0.24,0.01,-9.77,-8.79,-4.82
2026-07-27 13:07:27.494,-0.92,0.29,-0.05,-4.58,-39.79,-16.97
2026-07-27 13:07:27.495,-0.92,0.29,-0.05,-4.58,-39.79,-16.97
2026-07-27 13:07:27.495,-0.93,0.3,-0.06,18.01,-59.94,-19.9
2026-07-27 13:07:27.495,-0.93,0.3,-0.06,18.01,-59.94,-19.9
2026-07-27 13:07:27.495,-0.95,0.28,-0.05,28.56,-58.11,-10.44
2026-07-27 13:07:27.496,-0.95,0.28,-0.05,28.56,-58.11,-10.44
2026-07-27 13:07:27.496,-1.0,0.25,-0.06,22.58,-38.21,8.12
2026-07-27 13:07:27.497,-1.0,0.25,-0.06,22.09,-22.09,21.36
2026-07-27 13:07:27.497,-1.05,0.21,-0.11,22.09,-22.09,21.36
2026-07-27 13:07:27.497,-1.18,0.19,-0.11,29.11,-22.16,20.02
2026-07-27 13:07:27.497,-1.18,0.19,-0.11,29.11,-22.16,20.02
2026-07-27 13:07:27.498,-1.28,0.18,-0.09,20.94,-19.65,11.72
2026-07-27 13:07:27.498,-1.28,0.18,-0.09,20.94,-19.65,11.72
2026-07-27 13:07:27.498,-1.06,0.22,-0.09,-14.95,-2.44,0.24
2026-07-27 13:07:27.500,-1.06,0.22,-0.09,-14.95,-2.44,0.24
2026-07-27 13:07:27.501,-0.74,0.37,-0.07,-52.06,31.31,-7.2
2026-07-27 13:07:27.501,-0.74,0.37,-0.07,-44.98,86.43,6.04
2026-07-27 13:07:27.501,-0.71,0.51,-0.01,-44.98,86.43,6.04
2026-07-27 13:07:27.543,-0.98,0.49,0.02,1.71,128.48,33.08
2026-07-27 13:07:27.784,-0.98,0.49,0.02,1.71,128.48,33.08
2026-07-27 13:07:27.785,-1.13,0.32,0.04,55.85,114.56,45.59
2026-07-27 13:07:27.785,-1.13,0.32,0.04,55.85,114.56,45.59
2026-07-27 13:07:27.785,-1.01,0.2,0.03,74.22,66.89,33.45
2026-07-27 13:07:27.785,-1.01,0.2,0.03,44.86,30.46,7.93
2026-07-27 13:07:27.786,-0.83,0.23,-0.04,44.86,30.46,7.93
2026-07-27 13:07:27.787,-0.73,0.31,-0.07,26.92,8.48,-19.59
2026-07-27 13:07:27.787,-0.73,0.31,-0.07,26.92,8.48,-19.59
2026-07-27 13:07:27.788,-0.76,0.31,-0.05,34.79,-7.39,-37.78
2026-07-27 13:07:27.788,-0.76,0.31,-0.05,34.79,-7.39,-37.78
2026-07-27 13:07:27.789,-0.87,0.26,-0.08,37.41,-15.08,-40.65
2026-07-27 13:07:27.847,-0.87,0.26,-0.08,37.41,-15.08,-40.65
2026-07-27 13:07:27.848,-0.97,0.22,-0.17,22.09,-15.93,-35.16
2026-07-27 13:07:27.848,-1.04,0.2,-0.27,-5.62,-12.57,-32.71
2026-07-27 13:07:28.028,-1.04,0.2,-0.27,-5.62,-12.57,-32.71
2026-07-27 13:07:28.028,-1.07,0.21,-0.35,-37.78,4.21,-35.16
2026-07-27 13:07:28.028,-1.07,0.21,-0.35,-37.78,4.21,-35.16
2026-07-27 13:07:28.028,-1.02,0.23,-0.35,-66.16,32.47,-38.94
2026-07-27 13:07:28.028,-1.02,0.23,-0.35,-66.16,32.47,-38.94
2026-07-27 13:07:28.029,-0.87,0.22,-0.32,-81.05,51.27,-41.63
2026-07-27 13:07:28.029,-0.87,0.22,-0.32,-81.05,51.27,-41.63
2026-07-27 13:07:28.030,-0.72,0.15,-0.25,-82.58,48.95,-38.02
2026-07-27 13:07:28.264,-0.66,0.06,-0.15,-78.55,26.92,-27.71
2026-07-27 13:07:28.264,-0.66,0.06,-0.15,-78.55,26.92,-27.71
2026-07-27 13:07:28.265,-0.7,0.08,-0.11,-69.7,-7.26,-16.85
2026-07-27 13:07:28.265,-0.7,0.08,-0.11,-69.7,-7.26,-16.85
2026-07-27 13:07:28.265,-1.01,0.22,-0.16,-48.28,-46.08,-11.41
2026-07-27 13:07:28.266,-1.01,0.22,-0.16,-48.28,-46.08,-11.41
2026-07-27 13:07:28.266,-1.42,0.47,-0.23,-9.4,-78.25,-12.82
2026-07-27 13:07:28.267,-1.42,0.47,-0.23,27.4,-79.47,-12.27
2026-07-27 13:07:28.267,-1.26,0.66,-0.27,27.4,-79.47,-12.27
2026-07-27 13:07:28.268,-0.72,0.55,-0.09,36.62,-49.62,-0.12
2026-07-27 13:07:28.624,-0.72,0.55,-0.09,36.62,-49.62,-0.12
2026-07-27 13:07:28.625,-0.65,0.25,0.19,26.25,-3.23,31.25
2026-07-27 13:07:28.625,-0.65,0.25,0.19,26.25,-3.23,31.25
2026-07-27 13:07:28.626,-0.96,0.03,0.15,1.83,32.23,65.67
2026-07-27 13:07:28.626,-1.16,0.04,-0.06,-27.04,6.41,59.39
2026-07-27 13:07:28.626,-1.16,0.04,-0.06,-27.04,6.41,59.39
2026-07-27 13:07:28.627,-1.11,0.25,-0.16,-29.17,-54.75,11.29
2026-07-27 13:07:28.627,-1.11,0.25,-0.16,-29.17,-54.75,11.29
2026-07-27 13:07:28.628,-0.99,0.4,-0.1,-8.12,-85.94,-31.19
2026-07-27 13:07:28.630,-0.99,0.4,-0.1,-8.12,-85.94,-31.19
2026-07-27 13:07:28.631,-0.89,0.36,0.03,15.08,-60.36,-33.26
2026-07-27 13:07:28.631,-0.89,0.36,0.03,15.08,-60.36,-33.26
2026-07-27 13:07:28.632,-0.86,0.27,0.09,20.94,5.0,-3.72
2026-07-27 13:07:28.632,-0.89,0.2,0.05,0.24,48.77,20.87
2026-07-27 13:07:28.632,-0.89,0.2,0.05,0.24,48.77,20.87
2026-07-27 13:07:28.634,-0.93,0.19,-0.01,-18.68,36.01,20.63
2026-07-27 13:07:28.634,-0.93,0.19,-0.01,-18.68,36.01,20.63
2026-07-27 13:07:28.684,-0.95,0.23,-0.04,-12.33,-11.6,5.07
2026-07-27 13:07:28.684,-0.95,0.23,-0.04,-12.33,-11.6,5.07
2026-07-27 13:07:28.746,-0.94,0.25,-0.06,19.9,-57.25,-8.42
2026-07-27 13:07:28.805,-0.97,0.23,-0.08,64.51,-81.05,-9.4
2026-07-27 13:07:28.806,-0.97,0.23,-0.08,64.51,-81.05,-9.4
2026-07-27 13:07:28.806,-1.01,0.18,-0.12,88.87,-80.44,-0.61
2026-07-27 13:07:28.806,-1.01,0.18,-0.12,88.87,-80.44,-0.61
2026-07-27 13:07:28.925,-1.06,0.16,-0.16,77.58,-65.19,5.07
2026-07-27 13:07:28.925,-1.06,0.16,-0.16,77.58,-65.19,5.07
2026-07-27 13:07:29.046,-1.19,0.19,-0.18,46.57,-46.51,2.2
2026-07-27 13:07:29.047,-1.19,0.19,-0.18,46.57,-46.51,2.2
2026-07-27 13:07:29.047,-1.25,0.27,-0.18,25.21,-24.23,-6.35
2026-07-27 13:07:29.224,-1.05,0.37,-0.13,18.74,7.93,-16.6
2026-07-27 13:07:29.224,-1.05,0.37,-0.13,18.74,7.93,-16.6
2026-07-27 13:07:29.648,-0.82,0.42,0.03,18.31,67.93,-16.85
2026-07-27 13:07:29.648,-0.82,0.42,0.03,18.31,67.93,-16.85
2026-07-27 13:07:29.649,-0.88,0.48,0.18,16.66,133.67,-3.48
2026-07-27 13:07:29.649,-0.88,0.48,0.18,16.66,133.67,-3.48
2026-07-27 13:07:29.650,-1.05,0.52,0.19,9.09,149.78,15.01
2026-07-27 13:07:29.650,-1.05,0.52,0.19,9.09,149.78,15.01
2026-07-27 13:07:29.650,-0.99,0.4,0.08,9.77,109.92,31.98
2026-07-27 13:07:29.650,-0.81,0.29,-0.05,16.24,60.06,39.06
2026-07-27 13:07:29.650,-0.81,0.29,-0.05,16.24,60.06,39.06
2026-07-27 13:07:29.651,-0.68,0.32,-0.08,19.29,36.8,29.48
2026-07-27 13:07:29.651,-0.68,0.32,-0.08,19.29,36.8,29.48
2026-07-27 13:07:29.651,-0.65,0.39,-0.07,18.19,27.53,12.33
2026-07-27 13:07:29.651,-0.65,0.39,-0.07,18.19,27.53,12.33
2026-07-27 13:07:29.651,-0.67,0.4,-0.07,15.87,11.11,2.44
2026-07-27 13:07:29.652,-0.76,0.35,-0.11,23.01,-15.44,-1.1
2026-07-27 13:07:29.652,-0.76,0.35,-0.11,23.01,-15.44,-1.1
2026-07-27 13:07:29.652,-0.89,0.29,-0.31,45.78,-43.15,-7.51
2026-07-27 13:07:29.653,-0.89,0.29,-0.31,45.78,-43.15,-7.51
2026-07-27 13:07:29.653,-1.03,0.32,-0.61,69.09,-53.77,-15.14
2026-07-27 13:07:29.654,-1.03,0.32,-0.61,69.09,-53.77,-15.14
2026-07-27 13:07:29.655,-1.04,0.35,-0.67,61.95,-32.78,-14.1
2026-07-27 13:07:29.656,-1.04,0.35,-0.67,61.95,-32.78,-14.1
2026-07-27 13:07:29.656,-1.07,0.35,-0.41,20.57,-5.49,-11.9
2026-07-27 13:07:29.763,-1.07,0.35,-0.41,-10.68,-13.98,-22.22
2026-07-27 13:07:30.133,-1.07,0.37,-0.11,-10.68,-13.98,-22.22
2026-07-27 13:07:30.133,-0.87,0.39,0.03,1.04,-36.38,-26.98
2026-07-27 13:07:30.134,-0.87,0.39,0.03,1.04,-36.38,-26.98
2026-07-27 13:07:30.134,-0.76,0.39,0.04,18.8,-36.38,-11.29
2026-07-27 13:07:30.135,-0.76,0.39,0.04,18.8,-36.38,-11.29
2026-07-27 13:07:30.135,-0.83,0.28,0.07,10.38,-33.63,8.73
2026-07-27 13:07:30.136,-0.83,0.28,0.07,10.38,-33.63,8.73
2026-07-27 13:07:30.136,-0.95,0.17,0.04,-8.67,-36.13,22.77
2026-07-27 13:07:30.136,-0.95,0.17,0.04,-8.67,-36.13,22.77
2026-07-27 13:07:30.137,-1.03,0.12,-0.03,-18.92,-37.29,24.48
2026-07-27 13:07:30.137,-1.05,0.18,-0.06,-12.39,-36.56,8.06
2026-07-27 13:07:30.137,-1.05,0.18,-0.06,-12.39,-36.56,8.06
2026-07-27 13:07:30.138,-1.02,0.27,-0.05,-2.56,-29.24,-12.7
2026-07-27 13:07:30.140,-1.02,0.27,-0.05,-2.56,-29.24,-12.7
2026-07-27 13:07:30.140,-0.97,0.29,-0.01,4.03,-18.31,-18.37
2026-07-27 13:07:30.140,-0.97,0.29,-0.01,4.03,-18.31,-18.37
2026-07-27 13:07:30.140,-0.93,0.26,0.03,15.93,-11.54,-10.99
2026-07-27 13:07:30.141,-0.93,0.26,0.03,15.93,-11.54,-10.99
2026-07-27 13:07:30.141,-0.91,0.23,0.02,35.1,-18.8,-5.37
2026-07-27 13:07:30.141,-0.92,0.21,-0.03,55.42,-37.54,-6.65
2026-07-27 13:07:30.141,-0.92,0.21,-0.03,55.42,-37.54,-6.65
2026-07-27 13:07:30.142,-0.95,0.19,-0.05,67.02,-50.23,-8.48
2026-07-27 13:07:30.142,-0.95,0.19,-0.05,67.02,-50.23,-8.48
2026-07-27 13:07:30.143,-0.98,0.18,-0.02,60.91,-42.42,-4.7
2026-07-27 13:07:30.143,-0.98,0.18,-0.02,60.91,-42.42,-4.7
2026-07-27 13:07:30.143,-0.97,0.18,0.02,30.46,-16.54,3.97
2026-07-27 13:07:30.144,-0.97,0.18,0.02,30.46,-16.54,3.97
2026-07-27 13:07:30.144,-0.96,0.22,0.02,-10.93,9.4,9.46
2026-07-27 13:07:30.145,-0.96,0.22,0.02,-29.54,19.78,6.59
2026-07-27 13:07:30.551,-0.95,0.28,0.0,-29.54,19.78,6.59
2026-07-27 13:07:30.551,-0.94,0.31,-0.01,-13.49,8.54,0.67
2026-07-27 13:07:30.551,-0.94,0.31,-0.01,-13.49,8.54,0.67
2026-07-27 13:07:30.551,-0.94,0.27,-0.05,27.83,-22.46,-2.44
2026-07-27 13:07:30.551,-0.94,0.27,-0.05,27.83,-22.46,-2.44
2026-07-27 13:07:30.552,-0.96,0.2,-0.12,75.26,-59.02,-2.93
2026-07-27 13:07:30.552,-0.99,0.16,-0.18,101.14,-83.37,-5.49
2026-07-27 13:07:30.553,-0.99,0.16,-0.18,101.14,-83.37,-5.49
2026-07-27 13:07:30.553,-1.06,0.19,-0.2,94.73,-85.02,-12.63
2026-07-27 13:07:30.553,-1.06,0.19,-0.2,94.73,-85.02,-12.63
2026-07-27 13:07:30.553,-1.19,0.21,-0.2,79.04,-56.21,-16.42
2026-07-27 13:07:30.554,-1.19,0.21,-0.2,79.04,-56.21,-16.42
2026-07-27 13:07:30.554,-1.16,0.23,-0.18,65.67,10.38,-10.07
2026-07-27 13:07:30.554,-1.16,0.23,-0.18,25.82,98.51,3.91
2026-07-27 13:07:30.554,-0.94,0.31,-0.12,25.82,98.51,3.91
2026-07-27 13:07:30.603,-0.96,0.33,-0.02,-27.22,168.33,26.79
2026-07-27 13:07:30.664,-0.96,0.33,-0.02,-27.22,168.33,26.79
2026-07-27 13:07:30.664,-1.16,0.29,0.11,-35.1,177.12,42.42
2026-07-27 13:07:30.665,-1.16,0.29,0.11,-35.1,177.12,42.42
2026-07-27 13:07:30.665,-1.07,0.26,0.12,2.75,125.73,33.33
2026-07-27 13:07:30.665,-1.07,0.26,0.12,2.75,125.73,33.33
2026-07-27 13:07:30.665,-0.84,0.24,-0.05,36.68,69.27,15.01
2026-07-27 13:07:30.666,-0.7,0.26,-0.17,52.06,39.12,-5.86
2026-07-27 13:07:30.844,-0.7,0.26,-0.17,52.06,39.12,-5.86
2026-07-27 13:07:30.844,-0.62,0.28,-0.14,49.62,27.59,-28.32
2026-07-27 13:07:30.844,-0.62,0.28,-0.14,49.62,27.59,-28.32
2026-07-27 13:07:30.845,-0.66,0.31,-0.07,23.99,19.29,-34.73
2026-07-27 13:07:30.845,-0.66,0.31,-0.07,23.99,19.29,-34.73
2026-07-27 13:07:30.845,-0.85,0.31,-0.12,-6.96,4.27,-18.62
2026-07-27 13:07:30.846,-0.85,0.31,-0.12,-10.07,-16.42,1.53
2026-07-27 13:07:30.846,-1.13,0.3,-0.41,-10.07,-16.42,1.53
2026-07-27 13:07:31.087,-1.19,0.24,-0.62,23.74,-28.99,5.37
2026-07-27 13:07:31.564,-1.19,0.24,-0.62,23.74,-28.99,5.37
2026-07-27 13:07:31.564,-0.94,0.14,-0.45,36.38,-25.7,-3.36
2026-07-27 13:07:31.565,-0.94,0.14,-0.45,36.38,-25.7,-3.36
2026-07-27 13:07:31.565,-0.8,0.15,-0.21,-4.52,-24.9,-11.29
2026-07-27 13:07:31.571,-0.8,0.15,-0.21,-4.52,-24.9,-11.29
2026-07-27 13:07:31.580,-0.93,0.3,-0.21,-47.18,-39.67,-17.64
2026-07-27 13:07:31.580,-0.93,0.3,-0.21,-45.53,-56.76,-22.71
2026-07-27 13:07:31.581,-1.0,0.5,-0.33,-45.53,-56.76,-22.71
2026-07-27 13:07:31.581,-0.89,0.59,-0.28,-16.6,-52.0,-16.3
2026-07-27 13:07:31.581,-0.89,0.59,-0.28,-16.6,-52.0,-16.3
2026-07-27 13:07:31.582,-0.84,0.49,-0.12,-5.92,-29.36,3.3
2026-07-27 13:07:31.744,-0.84,0.49,-0.12,-5.92,-29.36,3.3
2026-07-27 13:07:31.744,-0.9,0.26,-0.04,-10.19,-25.57,20.94
2026-07-27 13:07:31.745,-0.9,0.26,-0.04,-10.19,-25.57,20.94
2026-07-27 13:07:31.746,-0.97,0.12,0.01,-2.5,-41.44,23.32
2026-07-27 13:07:31.748,-0.95,0.15,0.05,13.12,-49.13,12.51
2026-07-27 13:07:31.748,-0.95,0.15,0.05,13.12,-49.13,12.51
2026-07-27 13:07:31.748,-0.88,0.26,0.08,30.94,-47.61,0.67
2026-07-27 13:07:31.749,-0.88,0.26,0.08,30.94,-47.61,0.67
2026-07-27 13:07:31.749,-0.88,0.32,0.08,52.8,-43.58,0.67
2026-07-27 13:07:31.749,-0.88,0.32,0.08,52.8,-43.58,0.67
2026-07-27 13:07:31.749,-0.92,0.28,0.08,70.62,-35.58,13.98
2026-07-27 13:07:31.749,-0.92,0.28,0.08,70.62,-35.58,13.98
2026-07-27 13:07:31.749,-0.97,0.18,0.07,74.28,-23.13,30.46
2026-07-27 13:07:31.864,-1.06,0.07,0.02,59.88,-15.08,39.98
2026-07-27 13:07:31.865,-1.06,0.07,0.02,59.88,-15.08,39.98
2026-07-27 13:07:31.867,-1.1,0.07,-0.06,28.5,-21.48,31.49
2026-07-27 13:07:31.867,-1.1,0.07,-0.06,28.5,-21.48,31.49
2026-07-27 13:07:31.867,-1.05,0.17,-0.09,-17.21,-29.91,6.29
2026-07-27 13:07:31.867,-1.05,0.17,-0.09,-17.21,-29.91,6.29
2026-07-27 13:07:31.868,-0.97,0.24,-0.05,-51.76,-19.23,-11.66
2026-07-27 13:07:31.868,-0.97,0.24,-0.05,-51.76,-19.23,-11.66
2026-07-27 13:07:31.868,-0.93,0.23,0.01,-54.32,6.59,-9.58
2026-07-27 13:07:31.868,-0.93,0.21,0.02,-41.93,21.73,-2.62
2026-07-27 13:07:31.869,-0.93,0.21,0.02,-41.93,21.73,-2.62
2026-07-27 13:07:31.870,-0.93,0.22,0.0,-29.6,9.89,-6.04
2026-07-27 13:07:31.870,-0.93,0.22,0.0,-29.6,9.89,-6.04
2026-07-27 13:07:31.871,-0.92,0.27,-0.03,-19.29,-17.52,-15.87
2026-07-27 13:07:32.164,-0.92,0.27,-0.03,-19.29,-17.52,-15.87
2026-07-27 13:07:32.164,-0.93,0.29,-0.04,-11.84,-36.13,-17.58
2026-07-27 13:07:32.165,-0.93,0.29,-0.04,-11.84,-36.13,-17.58
2026-07-27 13:07:32.165,-0.94,0.28,-0.03,-9.16,-31.56,-4.39
2026-07-27 13:07:32.165,-0.97,0.25,-0.03,-6.29,-13.06,13.73
2026-07-27 13:07:32.165,-0.97,0.25,-0.03,-6.29,-13.06,13.73
2026-07-27 13:07:32.166,-1.02,0.22,-0.05,0.12,-3.91,22.34
2026-07-27 13:07:32.167,-1.02,0.22,-0.05,0.12,-3.91,22.34
2026-07-27 13:07:32.167,-1.12,0.2,-0.08,6.41,-10.8,19.35
2026-07-27 13:07:32.168,-1.12,0.2,-0.08,6.41,-10.8,19.35
2026-07-27 13:07:32.168,-1.23,0.22,-0.09,6.77,-14.71,13.0
2026-07-27 13:07:32.168,-1.23,0.22,-0.09,6.77,-14.71,13.0
2026-07-27 13:07:32.169,-1.16,0.3,-0.09,-10.01,-1.53,4.52
2026-07-27 13:07:32.170,-0.91,0.41,-0.08,-38.7,26.49,-5.62
2026-07-27 13:07:32.170,-0.91,0.41,-0.08,-38.7,26.49,-5.62
2026-07-27 13:07:32.171,-0.75,0.47,-0.0,-41.99,73.36,-3.17
2026-07-27 13:07:32.171,-0.75,0.47,-0.0,-41.99,73.36,-3.17
2026-07-27 13:07:32.172,-0.86,0.49,0.08,-16.48,121.34,13.18
2026-07-27 13:07:32.173,-0.86,0.49,0.08,-16.48,121.34,13.18
2026-07-27 13:07:32.173,-1.04,0.44,0.1,10.8,131.47,28.87
2026-07-27 13:07:32.173,-1.04,0.44,0.1,10.8,131.47,28.87
2026-07-27 13:07:32.231,-1.03,0.3,0.04,26.73,96.56,32.65
2026-07-27 13:07:32.232,-0.9,0.25,-0.06,24.54,50.17,20.08
2026-07-27 13:07:32.344,-0.9,0.25,-0.06,24.54,50.17,20.08
2026-07-27 13:07:32.345,-0.77,0.32,-0.06,14.34,22.95,-2.2
2026-07-27 13:07:32.345,-0.77,0.32,-0.06,14.34,22.95,-2.2
2026-07-27 13:07:32.403,-0.72,0.37,-0.0,10.31,8.0,-21.0
2026-07-27 13:07:32.404,-0.75,0.38,-0.01,17.64,-5.31,-25.51
2026-07-27 13:07:32.404,-0.75,0.38,-0.01,17.64,-5.31,-25.51
2026-07-27 13:07:32.405,-0.88,0.35,-0.16,21.67,-12.7,-16.66
2026-07-27 13:07:32.405,-0.88,0.35,-0.16,21.67,-12.7,-16.66
2026-07-27 13:07:32.528,-1.03,0.34,-0.44,19.23,-14.04,-9.46
2026-07-27 13:07:32.529,-1.03,0.34,-0.44,19.23,-14.04,-9.46
2026-07-27 13:07:32.530,-1.11,0.38,-0.63,23.25,-0.12,-12.63
2026-07-27 13:07:32.530,-1.11,0.38,-0.63,23.25,-0.12,-12.63
2026-07-27 13:07:32.531,-1.05,0.34,-0.56,20.87,42.24,-15.01
2026-07-27 13:07:32.715,-0.89,0.21,-0.32,2.32,80.08,-13.12
2026-07-27 13:07:32.716,-0.89,0.21,-0.32,2.32,80.08,-13.12
2026-07-27 13:07:32.716,-0.76,0.12,-0.1,-31.8,80.81,-14.28
2026-07-27 13:07:32.716,-0.76,0.12,-0.1,-31.8,80.81,-14.28
2026-07-27 13:07:32.717,-0.71,0.1,-0.05,-66.35,58.11,-17.88
2026-07-27 13:07:32.824,-0.71,0.1,-0.05,-66.35,58.11,-17.88
2026-07-27 13:07:32.824,-0.67,0.14,-0.13,-69.4,26.73,-24.54
2026-07-27 13:07:32.825,-0.67,0.14,-0.13,-45.53,-11.23,-33.45
2026-07-27 13:07:33.183,-0.64,0.22,-0.18,-45.53,-11.23,-33.45
2026-07-27 13:07:33.184,-0.66,0.29,-0.2,-23.56,-48.83,-35.71
2026-07-27 13:07:33.185,-0.66,0.29,-0.2,-23.56,-48.83,-35.71
2026-07-27 13:07:33.185,-0.81,0.31,-0.27,-11.9,-75.74,-26.92
2026-07-27 13:07:33.186,-0.81,0.31,-0.27,-11.9,-75.74,-26.92
2026-07-27 13:07:33.186,-1.17,0.27,-0.43,2.14,-90.03,-15.5
2026-07-27 13:07:33.188,-1.17,0.27,-0.43,2.14,-90.03,-15.5
2026-07-27 13:07:33.188,-1.49,0.32,-0.57,21.61,-89.42,-16.3
2026-07-27 13:07:33.188,-1.33,0.51,-0.46,20.87,-63.29,-26.37
2026-07-27 13:07:33.188,-1.33,0.51,-0.46,20.87,-63.29,-26.37
2026-07-27 13:07:33.189,-0.84,0.55,-0.15,-4.39,-23.86,-20.87
2026-07-27 13:07:33.189,-0.84,0.55,-0.15,-4.39,-23.86,-20.87
2026-07-27 13:07:33.189,-0.63,0.31,0.11,-29.97,7.45,13.24
2026-07-27 13:07:33.190,-0.63,0.31,0.11,-29.97,7.45,13.24
2026-07-27 13:07:33.190,-0.82,0.08,0.11,-49.62,22.58,53.41
2026-07-27 13:07:33.191,-0.82,0.08,0.11,-49.62,22.58,53.41
2026-07-27 13:07:33.191,-1.04,0.04,-0.0,-48.46,5.0,54.93
2026-07-27 13:07:33.193,-1.08,0.23,-0.02,-26.67,-28.81,13.43
2026-07-27 13:07:33.193,-1.08,0.23,-0.02,-26.67,-28.81,13.43
2026-07-27 13:07:33.193,-1.04,0.47,-0.01,-3.6,-50.9,-29.72
2026-07-27 13:07:33.193,-1.04,0.47,-0.01,-3.6,-50.9,-29.72
2026-07-27 13:07:33.195,-0.99,0.52,0.02,40.34,-56.27,-40.53
2026-07-27 13:07:33.305,-0.99,0.52,0.02,40.34,-56.27,-40.53
2026-07-27 13:07:33.306,-0.93,0.38,0.06,86.18,-24.35,-13.18
2026-07-27 13:07:33.306,-0.89,0.26,0.06,74.34,28.81,23.38
2026-07-27 13:07:33.306,-0.89,0.26,0.06,74.34,28.81,23.38
2026-07-27 13:07:33.605,-0.89,0.22,0.02,22.77,42.24,37.29
2026-07-27 13:07:33.605,-0.89,0.22,0.02,22.77,42.24,37.29
2026-07-27 13:07:33.607,-0.93,0.22,-0.02,8.85,6.47,27.59
2026-07-27 13:07:33.607,-0.93,0.22,-0.02,8.85,6.47,27.59
2026-07-27 13:07:33.608,-0.97,0.24,-0.05,68.42,-41.81,10.68
2026-07-27 13:07:33.608,-0.97,0.24,-0.05,68.42,-41.81,10.68
2026-07-27 13:07:33.608,-1.0,0.26,-0.09,159.12,-81.79,-2.08
2026-07-27 13:07:33.608,-1.01,0.23,-0.12,217.29,-104.98,-6.04
2026-07-27 13:07:33.608,-1.01,0.23,-0.12,217.29,-104.98,-6.04
2026-07-27 13:07:33.609,-1.06,0.17,-0.07,211.12,-91.86,-0.49
2026-07-27 13:07:33.609,-1.06,0.17,-0.07,211.12,-91.86,-0.49
2026-07-27 13:07:33.609,-1.13,0.16,-0.03,145.39,-33.08,13.0
2026-07-27 13:07:33.610,-1.13,0.16,-0.03,145.39,-33.08,13.0
2026-07-27 13:07:33.612,-1.08,0.24,-0.07,67.26,23.56,19.59
2026-07-27 13:07:33.905,-0.94,0.37,-0.12,34.0,31.37,5.98
2026-07-27 13:07:33.906,-0.94,0.37,-0.12,34.0,31.37,5.98
2026-07-27 13:07:33.906,-0.85,0.46,-0.08,27.53,35.03,-1.65
2026-07-27 13:07:33.907,-0.85,0.46,-0.08,27.53,35.03,-1.65
2026-07-27 13:07:33.907,-0.83,0.53,-0.01,22.71,67.02,9.83
2026-07-27 13:07:33.907,-0.83,0.53,-0.01,22.71,67.02,9.83
2026-07-27 13:07:33.907,-0.86,0.62,0.04,56.03,82.52,19.17
2026-07-27 13:07:33.908,-0.86,0.62,0.04,56.03,82.52,19.17
2026-07-27 13:07:33.908,-0.86,0.55,0.04,99.85,60.06,31.01
2026-07-27 13:07:33.908,-0.78,0.37,-0.01,94.79,20.45,53.83
2026-07-27 13:07:33.910,-0.78,0.37,-0.01,94.79,20.45,53.83
2026-07-27 13:07:33.910,-0.73,0.28,-0.05,52.06,-8.54,71.47
2026-07-27 13:07:33.910,-0.73,0.28,-0.05,52.06,-8.54,71.47
2026-07-27 13:07:34.024,-0.78,0.3,-0.1,14.83,-19.96,71.29
2026-07-27 13:07:34.025,-0.78,0.3,-0.1,14.83,-19.96,71.29
2026-07-27 13:07:34.025,-0.88,0.38,-0.22,11.66,-33.14,54.57
2026-07-27 13:07:34.025,-0.88,0.38,-0.22,41.44,-59.08,33.57
2026-07-27 13:07:34.026,-0.93,0.41,-0.34,41.44,-59.08,33.57
2026-07-27 13:07:34.087,-0.93,0.37,-0.35,68.97,-80.44,22.34
2026-07-27 13:07:34.089,-0.93,0.37,-0.35,68.97,-80.44,22.34
2026-07-27 13:07:34.089,-0.88,0.33,-0.23,55.48,-74.95,19.53
2026-07-27 13:07:34.265,-0.88,0.33,-0.23,55.48,-74.95,19.53
2026-07-27 13:07:34.265,-0.83,0.38,-0.09,10.19,-49.68,14.22
2026-07-27 13:07:34.266,-0.83,0.38,-0.09,10.19,-49.68,14.22
2026-07-27 13:07:34.266,-0.82,0.53,-0.07,-19.96,-35.16,4.09
2026-07-27 13:07:34.266,-0.84,0.62,-0.09,-11.41,-40.47,-3.6
2026-07-27 13:07:34.694,-0.84,0.62,-0.09,-11.41,-40.47,-3.6
2026-07-27 13:07:34.695,-0.85,0.58,-0.06,13.79,-47.24,-5.13
2026-07-27 13:07:34.695,-0.85,0.58,-0.06,13.79,-47.24,-5.13
2026-07-27 13:07:34.695,-0.85,0.49,0.0,30.7,-46.2,-5.8
2026-07-27 13:07:34.695,-0.85,0.49,0.0,36.68,-44.49,-12.45
2026-07-27 13:07:34.696,-0.85,0.39,0.02,36.68,-44.49,-12.45
2026-07-27 13:07:34.696,-0.89,0.31,-0.03,49.19,-51.76,-26.55
2026-07-27 13:07:34.697,-0.89,0.31,-0.03,49.19,-51.76,-26.55
2026-07-27 13:07:34.697,-0.97,0.33,-0.09,86.0,-67.14,-46.33
2026-07-27 13:07:34.697,-0.97,0.33,-0.09,86.0,-67.14,-46.33
2026-07-27 13:07:34.698,-1.04,0.44,-0.18,117.49,-79.22,-67.99
2026-07-27 13:07:34.698,-1.04,0.44,-0.18,117.49,-79.22,-67.99
2026-07-27 13:07:34.698,-1.02,0.52,-0.19,111.15,-73.73,-78.25
2026-07-27 13:07:34.699,-0.92,0.48,-0.08,98.21,-47.36,-64.33
2026-07-27 13:07:34.699,-0.92,0.48,-0.08,98.21,-47.36,-64.33
2026-07-27 13:07:34.699,-0.86,0.33,0.01,94.54,-14.59,-33.2
2026-07-27 13:07:34.701,-0.86,0.33,0.01,94.54,-14.59,-33.2
2026-07-27 13:07:34.701,-0.91,0.19,0.05,99.49,12.33,-1.59
2026-07-27 13:07:34.701,-0.91,0.19,0.05,99.49,12.33,-1.59
2026-07-27 13:07:34.702,-1.05,0.12,0.04,90.88,33.2,23.99
2026-07-27 13:07:34.702,-1.05,0.12,0.04,90.88,33.2,23.99
2026-07-27 13:07:34.702,-1.1,0.06,-0.0,54.2,35.89,35.52
2026-07-27 13:07:34.744,-1.06,0.02,-0.02,38.57,17.09,25.63
2026-07-27 13:07:34.744,-1.06,0.02,-0.02,38.57,17.09,25.63
2026-07-27 13:07:35.045,-1.02,0.02,-0.01,51.88,-1.59,5.49
2026-07-27 13:07:35.046,-1.02,0.02,-0.01,51.88,-1.59,5.49
2026-07-27 13:07:35.046,-0.98,0.09,0.01,60.36,-13.24,-10.93
2026-07-27 13:07:35.047,-0.98,0.09,0.01,60.36,-13.24,-10.93
2026-07-27 13:07:35.048,-0.96,0.19,0.01,60.97,-23.44,-19.65
2026-07-27 13:07:35.048,-0.94,0.27,-0.02,64.51,-37.84,-23.13
2026-07-27 13:07:35.049,-0.94,0.27,-0.02,64.51,-37.84,-23.13
2026-07-27 13:07:35.051,-0.92,0.29,-0.05,79.59,-56.7,-24.23
2026-07-27 13:07:35.051,-0.92,0.29,-0.05,79.59,-56.7,-24.23
2026-07-27 13:07:35.052,-0.93,0.25,-0.06,110.66,-65.98,-20.26
2026-07-27 13:07:35.052,-0.93,0.25,-0.06,110.66,-65.98,-20.26
2026-07-27 13:07:35.052,-0.95,0.18,-0.03,134.09,-56.64,-10.25
2026-07-27 13:07:35.052,-0.95,0.18,-0.03,123.54,-39.06,0.24
2026-07-27 13:07:35.053,-0.97,0.12,-0.02,123.54,-39.06,0.24
2026-07-27 13:07:35.646,-0.97,0.11,-0.03,93.14,-24.48,4.94
2026-07-27 13:07:35.646,-0.97,0.11,-0.03,93.14,-24.48,4.94
2026-07-27 13:07:35.646,-0.96,0.16,-0.03,68.85,-14.65,2.38
2026-07-27 13:07:35.647,-0.96,0.16,-0.03,68.85,-14.65,2.38
2026-07-27 13:07:35.647,-0.94,0.21,-0.02,62.26,-11.72,-1.95
2026-07-27 13:07:35.648,-0.94,0.21,-0.02,62.26,-11.72,-1.95
2026-07-27 13:07:35.648,-0.94,0.21,-0.02,68.6,-15.44,-0.37
2026-07-27 13:07:35.648,-0.96,0.17,-0.05,74.65,-20.26,8.36
2026-07-27 13:07:35.649,-0.96,0.17,-0.05,74.65,-20.26,8.36
2026-07-27 13:07:35.649,-0.99,0.11,-0.07,75.13,-23.01,17.64
2026-07-27 13:07:35.649,-0.99,0.11,-0.07,75.13,-23.01,17.64
2026-07-27 13:07:35.650,-1.0,0.07,-0.08,70.92,-24.84,20.81
2026-07-27 13:07:35.650,-1.0,0.07,-0.08,70.92,-24.84,20.81
2026-07-27 13:07:35.650,-1.0,0.09,-0.09,63.48,-29.3,15.08
2026-07-27 13:07:35.651,-1.0,0.09,-0.09,63.48,-29.3,15.08
2026-07-27 13:07:35.651,-1.02,0.13,-0.09,44.07,-36.19,3.54
2026-07-27 13:07:35.652,-1.08,0.15,-0.06,17.82,-32.9,-4.03
2026-07-27 13:07:35.652,-1.08,0.15,-0.06,17.82,-32.9,-4.03
2026-07-27 13:07:35.653,-1.1,0.17,-0.05,1.65,-14.95,-5.43
2026-07-27 13:07:35.654,-1.1,0.17,-0.05,1.65,-14.95,-5.43
2026-07-27 13:07:35.655,-1.02,0.26,-0.06,-0.18,-1.16,-11.54
2026-07-27 13:07:35.656,-1.02,0.26,-0.06,-0.18,-1.16,-11.54
2026-07-27 13:07:35.657,-0.86,0.36,-0.04,5.37,3.66,-23.74
2026-07-27 13:07:35.657,-0.86,0.36,-0.04,5.37,3.66,-23.74
2026-07-27 13:07:35.658,-0.82,0.43,0.01,3.3,32.41,-19.65
2026-07-27 13:07:35.658,-0.82,0.43,0.01,2.75,87.59,8.48
2026-07-27 13:07:35.659,-1.0,0.44,0.07,2.75,87.59,8.48
2026-07-27 13:07:36.488,-1.13,0.38,0.07,29.17,109.13,30.21
2026-07-27 13:07:36.488,-1.13,0.38,0.07,29.17,109.13,30.21
2026-07-27 13:07:36.488,-1.04,0.29,-0.01,63.78,80.44,30.46
2026-07-27 13:07:36.489,-1.04,0.29,-0.01,63.78,80.44,30.46
2026-07-27 13:07:36.489,-0.87,0.27,-0.08,69.4,44.92,22.52
2026-07-27 13:07:36.489,-0.87,0.27,-0.08,69.4,44.92,22.52
2026-07-27 13:07:36.784,-0.78,0.3,-0.13,50.17,29.85,16.17
2026-07-27 13:07:36.785,-0.81,0.3,-0.17,29.66,32.47,15.26
2026-07-27 13:07:36.785,-0.81,0.3,-0.17,29.66,32.47,15.26
2026-07-27 13:07:38.051,-0.87,0.25,-0.2,14.77,37.41,18.55
2026-07-27 13:07:38.052,-0.87,0.25,-0.2,14.77,37.41,18.55
2026-07-27 13:07:38.171,-0.87,0.22,-0.22,2.99,30.88,17.27
2026-07-27 13:07:38.175,-0.87,0.22,-0.22,2.99,30.88,17.27
2026-07-27 13:07:38.176,-0.84,0.25,-0.26,-2.56,10.62,6.96
2026-07-27 13:07:38.176,-0.84,0.25,-0.26,-8.67,-6.16,-1.59
2026-07-27 13:07:38.176,-0.83,0.33,-0.36,-8.67,-6.16,-1.59
2026-07-27 13:07:38.177,-0.87,0.41,-0.51,-22.95,-4.52,-0.43
2026-07-27 13:07:38.177,-0.87,0.41,-0.51,-22.95,-4.52,-0.43
2026-07-27 13:07:38.177,-0.85,0.44,-0.54,-35.03,12.02,1.89
2026-07-27 13:07:38.177,-0.85,0.44,-0.54,-35.03,12.02,1.89
2026-07-27 13:07:38.178,-0.78,0.37,-0.4,-46.2,23.25,-3.48
2026-07-27 13:07:38.178,-0.78,0.37,-0.4,-46.2,23.25,-3.48
2026-07-27 13:07:38.178,-0.99,0.25,-0.29,-59.51,7.57,-16.48
2026-07-27 13:07:38.179,-0.99,0.25,-0.29,-59.51,7.57,-16.48
2026-07-27 13:07:38.179,-1.1,0.26,-0.15,-41.02,-21.12,-30.46
2026-07-27 13:07:38.179,-0.91,0.33,0.02,-6.77,-25.27,-32.84
2026-07-27 13:07:38.180,-0.91,0.33,0.02,-6.77,-25.27,-32.84
2026-07-27 13:07:38.180,-0.9,0.32,0.07,-14.59,-20.75,-22.16
2026-07-27 13:07:38.180,-0.9,0.32,0.07,-14.59,-20.75,-22.16
2026-07-27 13:07:38.180,-0.94,0.26,0.02,-43.27,-29.24,-11.9
2026-07-27 13:07:38.180,-0.94,0.26,0.02,-60.36,-33.08,-13.0
2026-07-27 13:07:38.183,-0.94,0.21,-0.03,-60.36,-33.08,-13.0
2026-07-27 13:07:38.183,-0.98,0.17,-0.04,-65.49,-23.68,-16.85
2026-07-27 13:07:38.184,-0.98,0.17,-0.04,-65.49,-23.68,-16.85
2026-07-27 13:07:38.184,-1.0,0.21,-0.05,-53.65,-10.5,-19.65
2026-07-27 13:07:38.184,-1.0,0.21,-0.05,-53.65,-10.5,-19.65
2026-07-27 13:07:38.185,-0.98,0.28,-0.08,-33.57,-9.22,-27.59
2026-07-27 13:07:38.185,-0.98,0.28,-0.08,-33.57,-9.22,-27.59
2026-07-27 13:07:38.185,-0.96,0.26,-0.09,-10.25,-15.75,-31.68
2026-07-27 13:07:38.185,-0.96,0.26,-0.09,9.64,-19.71,-27.1
2026-07-27 13:07:38.186,-0.95,0.2,-0.09,9.64,-19.71,-27.1
2026-07-27 13:07:38.186,-0.96,0.18,-0.09,13.43,-18.8,-20.39
2026-07-27 13:07:38.224,-0.96,0.18,-0.09,13.43,-18.8,-20.39
2026-07-27 13:07:38.225,-0.97,0.17,-0.08,12.02,-14.95,-15.5
2026-07-27 13:07:38.225,-0.97,0.17,-0.08,12.02,-14.95,-15.5
2026-07-27 13:07:38.226,-0.96,0.18,-0.06,15.14,-11.23,-11.84
2026-07-27 13:07:38.226,-0.96,0.18,-0.06,15.14,-11.23,-11.84
2026-07-27 13:07:38.226,-0.96,0.18,-0.04,19.41,-6.77,-6.77
2026-07-27 13:07:38.227,-0.96,0.18,-0.04,19.41,-6.77,-6.77
2026-07-27 13:07:38.403,-0.97,0.16,-0.02,23.13,0.85,-0.98
2026-07-27 13:07:38.404,-0.97,0.16,-0.02,27.59,8.61,1.95
2026-07-27 13:07:38.405,-0.98,0.12,-0.01,27.59,8.61,1.95
2026-07-27 13:07:38.405,-0.99,0.1,-0.01,31.86,8.61,1.83
2026-07-27 13:07:38.405,-0.99,0.1,-0.01,31.86,8.61,1.83
2026-07-27 13:07:38.407,-0.99,0.1,-0.03,32.1,-1.89,-1.46
2026-07-27 13:07:38.407,-0.99,0.1,-0.03,32.1,-1.89,-1.46
2026-07-27 13:07:38.409,-0.99,0.12,-0.06,28.38,-16.48,-7.2
2026-07-27 13:07:38.409,-0.99,0.12,-0.06,28.38,-16.48,-7.2
2026-07-27 13:07:38.409,-0.97,0.13,-0.08,25.94,-25.88,-9.52
2026-07-27 13:07:38.409,-0.97,0.13,-0.08,25.94,-25.88,-9.52
2026-07-27 13:07:38.409,-0.94,0.13,-0.08,28.93,-25.63,-5.25
2026-07-27 13:07:38.409,-0.94,0.13,-0.08,36.25,-19.47,1.71
2026-07-27 13:07:38.410,-0.94,0.13,-0.05,36.25,-19.47,1.71
2026-07-27 13:07:38.465,-0.96,0.12,-0.06,40.59,-14.53,8.0
2026-07-27 13:07:38.465,-0.96,0.12,-0.06,40.59,-14.53,8.0
2026-07-27 13:07:38.704,-0.99,0.08,-0.08,35.95,-14.04,11.96
2026-07-27 13:07:38.705,-0.99,0.08,-0.08,35.95,-14.04,11.96
2026-07-27 13:07:38.706,-1.0,0.05,-0.09,25.51,-15.2,13.49
2026-07-27 13:07:38.706,-1.0,0.05,-0.09,25.51,-15.2,13.49
2026-07-27 13:07:38.707,-1.0,0.04,-0.07,12.45,-13.98,14.16
2026-07-27 13:07:38.707,-1.0,0.04,-0.07,12.45,-13.98,14.16
2026-07-27 13:07:38.707,-0.82,0.29,-0.14,-31.92,35.52,-40.71
2026-07-27 13:07:38.710,-0.87,0.26,-0.4,-55.36,9.46,-14.53
2026-07-27 13:07:38.710,-0.87,0.26,-0.4,-55.36,9.46,-14.53
2026-07-27 13:07:38.710,-0.91,0.34,-0.52,-56.58,11.11,-9.09
2026-07-27 13:07:38.710,-0.91,0.34,-0.52,-54.2,18.43,-3.6
2026-07-27 13:07:38.711,-0.81,0.32,-0.41,-54.2,18.43,-3.6
2026-07-27 13:07:38.711,-0.82,0.2,-0.15,-62.07,7.81,-3.23
2026-07-27 13:07:38.711,-0.82,0.2,-0.15,-62.07,7.81,-3.23
2026-07-27 13:07:38.712,-1.16,0.24,-0.11,-61.22,-26.25,-13.12
2026-07-27 13:07:38.712,-1.16,0.24,-0.11,-61.22,-26.25,-13.12
2026-07-27 13:07:38.713,-1.21,0.43,-0.3,-10.8,-59.08,-24.17
2026-07-27 13:07:38.715,-1.21,0.43,-0.3,-10.8,-59.08,-24.17
2026-07-27 13:07:38.715,-0.86,0.46,-0.21,30.76,-56.21,-18.25
2026-07-27 13:07:38.715,-0.72,0.28,0.11,1.53,-23.13,6.47
2026-07-27 13:07:38.716,-0.72,0.28,0.11,1.53,-23.13,6.47
2026-07-27 13:07:38.716,-0.91,0.11,0.06,-58.78,-11.29,29.11
2026-07-27 13:07:38.717,-0.91,0.11,0.06,-58.78,-11.29,29.11
2026-07-27 13:07:38.717,-1.1,0.11,-0.15,-80.87,-32.78,25.82
2026-07-27 13:07:38.717,-1.1,0.11,-0.15,-80.87,-32.78,25.82
2026-07-27 13:07:38.718,-1.07,0.22,-0.13,-63.05,-37.05,3.17
2026-07-27 13:07:38.719,-1.07,0.22,-0.13,-34.79,-19.78,-16.3
2026-07-27 13:07:38.720,-0.97,0.31,-0.02,-34.79,-19.78,-16.3
2026-07-27 13:07:38.720,-0.95,0.27,0.02,-4.33,-16.91,-21.42
2026-07-27 13:07:38.720,-0.95,0.27,0.02,-4.33,-16.91,-21.42
2026-07-27 13:07:38.721,-0.95,0.17,0.03,5.43,-20.08,-10.68
2026-07-27 13:07:38.721,-0.95,0.17,0.03,5.43,-20.08,-10.68
2026-07-27 13:07:38.841,-0.93,0.15,0.03,-9.64,-15.01,0.92
2026-07-27 13:07:39.245,-0.93,0.15,0.03,-9.64,-15.01,0.92
2026-07-27 13:07:39.246,-0.91,0.21,0.03,-29.85,-11.05,0.31
2026-07-27 13:07:39.246,-0.91,0.28,0.0,-33.75,-15.87,-7.32
2026-07-27 13:07:39.247,-0.91,0.28,0.0,-33.75,-15.87,-7.32
2026-07-27 13:07:39.247,-0.94,0.3,-0.01,-14.47,-23.19,-11.78
2026-07-27 13:07:39.248,-0.94,0.3,-0.01,-14.47,-23.19,-11.78
2026-07-27 13:07:39.248,-0.96,0.27,-0.0,12.57,-24.41,-8.61
2026-07-27 13:07:39.248,-0.96,0.27,-0.0,12.57,-24.41,-8.61
2026-07-27 13:07:39.248,-0.97,0.21,0.0,26.18,-14.83,2.44
2026-07-27 13:07:39.249,-0.97,0.21,0.0,26.18,-14.83,2.44
2026-07-27 13:07:39.250,-0.99,0.14,-0.02,15.14,-2.5,13.18
2026-07-27 13:07:39.363,-1.0,0.13,-0.08,-4.09,-5.55,11.9
2026-07-27 13:07:39.364,-1.0,0.13,-0.08,-4.09,-5.55,11.9
2026-07-27 13:07:39.364,-1.01,0.17,-0.14,-8.73,-27.22,-0.98
2026-07-27 13:07:39.364,-1.01,0.17,-0.14,-8.73,-27.22,-0.98
2026-07-27 13:07:39.365,-1.0,0.23,-0.2,3.78,-54.14,-15.56
2026-07-27 13:07:39.367,-1.0,0.23,-0.2,3.78,-54.14,-15.56
2026-07-27 13:07:39.367,-1.06,0.25,-0.21,22.46,-64.33,-21.0
2026-07-27 13:07:39.368,-1.06,0.25,-0.21,22.46,-64.33,-21.0
2026-07-27 13:07:39.368,-1.15,0.21,-0.13,20.87,-22.71,-3.6
2026-07-27 13:07:39.368,-1.06,0.24,-0.03,-10.25,64.45,24.78
2026-07-27 13:07:39.369,-1.06,0.24,-0.03,-10.25,64.45,24.78
2026-07-27 13:07:39.373,-0.94,0.42,0.01,-45.04,144.29,38.94
2026-07-27 13:07:39.375,-0.94,0.42,0.01,-45.04,144.29,38.94
2026-07-27 13:07:39.375,-1.05,0.51,0.08,-35.03,176.27,44.98
2026-07-27 13:07:39.375,-1.05,0.51,0.08,-35.03,176.27,44.98
2026-07-27 13:07:39.375,-1.09,0.33,0.15,33.39,136.9,44.19
2026-07-27 13:07:39.376,-1.09,0.33,0.15,79.65,62.19,27.1
2026-07-27 13:07:40.928,-0.95,0.16,0.09,79.65,62.19,27.1
2026-07-27 13:07:40.928,-0.87,0.07,-0.09,60.73,22.71,3.17
2026-07-27 13:07:40.929,-0.87,0.07,-0.09,60.73,22.71,3.17
2026-07-27 13:07:40.929,-0.82,0.14,-0.16,24.54,22.03,-24.72
2026-07-27 13:07:40.929,-0.82,0.14,-0.16,24.54,22.03,-24.72
2026-07-27 13:07:40.930,-0.72,0.35,-0.11,-11.35,26.67,-46.14
2026-07-27 13:07:40.930,-0.72,0.35,-0.11,-11.35,26.67,-46.14
2026-07-27 13:07:40.930,-0.66,0.47,-0.11,-35.83,20.32,-42.05
2026-07-27 13:07:40.930,-0.72,0.38,-0.2,-26.0,-3.85,-24.78
2026-07-27 13:07:40.931,-0.72,0.38,-0.2,-26.0,-3.85,-24.78
2026-07-27 13:07:40.931,-0.89,0.23,-0.4,-0.67,-32.78,-15.56
2026-07-27 13:07:40.931,-0.89,0.23,-0.4,-0.67,-32.78,-15.56
2026-07-27 13:07:40.931,-1.06,0.23,-0.63,-1.16,-33.57,-10.93
2026-07-27 13:07:40.992,-1.06,0.23,-0.63,-1.16,-33.57,-10.93
2026-07-27 13:07:40.993,-0.95,0.27,-0.64,-21.3,-0.61,-1.28
2026-07-27 13:07:40.993,-0.95,0.27,-0.64,-21.3,-0.61,-1.28
2026-07-27 13:07:40.994,-0.93,0.22,-0.27,-29.42,13.55,2.62
2026-07-27 13:07:40.996,-1.17,0.24,0.08,-18.25,-15.44,-2.44
2026-07-27 13:07:40.996,-1.17,0.24,0.08,-18.25,-15.44,-2.44
2026-07-27 13:07:40.997,-1.1,0.36,-0.0,10.68,-45.47,-3.66
2026-07-27 13:07:40.997,-1.1,0.36,-0.0,10.68,-45.47,-3.66
2026-07-27 13:07:40.998,-0.88,0.35,-0.08,4.82,-42.85,0.12
2026-07-27 13:07:40.998,-0.88,0.35,-0.08,4.82,-42.85,0.12
2026-07-27 13:07:40.998,-0.84,0.25,0.04,-63.17,-18.43,6.96
2026-07-27 13:07:40.998,-0.84,0.25,0.04,-63.17,-18.43,6.96
2026-07-27 13:07:40.999,-0.95,0.21,-0.0,-121.58,-3.23,17.21
2026-07-27 13:07:40.999,-1.04,0.21,-0.12,-106.51,-5.37,20.45
2026-07-27 13:07:40.999,-1.04,0.21,-0.12,-106.51,-5.37,20.45
2026-07-27 13:07:40.999,-1.02,0.22,-0.1,-43.33,-10.62,10.56
2026-07-27 13:07:40.999,-1.02,0.22,-0.1,-43.33,-10.62,10.56
2026-07-27 13:07:41.000,-0.95,0.2,-0.03,-1.04,-11.47,0.43
2026-07-27 13:07:41.000,-0.95,0.2,-0.03,-1.04,-11.47,0.43
2026-07-27 13:07:41.001,-0.91,0.19,0.01,-4.15,-9.64,-2.14
2026-07-27 13:07:41.001,-0.91,0.19,0.01,-4.15,-9.64,-2.14
2026-07-27 13:07:41.001,-0.91,0.24,0.01,-21.55,-11.54,-3.78
2026-07-27 13:07:41.001,-0.91,0.24,0.01,-21.55,-11.54,-3.78
2026-07-27 13:07:41.002,-0.91,0.29,-0.02,-16.11,-21.18,-5.8
2026-07-27 13:07:41.002,-0.91,0.29,-0.02,-16.11,-21.18,-5.8
2026-07-27 13:07:41.002,-0.93,0.3,-0.08,6.41,-30.4,-2.38
2026-07-27 13:07:41.002,-0.93,0.26,-0.14,22.46,-26.73,8.06
2026-07-27 13:07:41.005,-0.93,0.26,-0.14,22.46,-26.73,8.06
2026-07-27 13:07:41.005,-1.01,0.22,-0.17,28.08,-7.39,19.53
2026-07-27 13:07:41.006,-1.01,0.22,-0.17,28.08,-7.39,19.53
2026-07-27 13:07:41.006,-1.13,0.31,-0.17,26.61,23.56,22.95
2026-07-27 13:07:41.006,-1.13,0.31,-0.17,26.61,23.56,22.95
2026-07-27 13:07:41.007,-1.09,0.54,-0.18,27.89,54.57,17.4
2026-07-27 13:07:41.007,-1.09,0.54,-0.18,49.26,71.78,17.82
2026-07-27 13:07:41.007,-0.97,0.65,-0.17,49.26,71.78,17.82
2026-07-27 13:07:41.007,-0.89,0.46,-0.09,71.11,69.4,28.02
2026-07-27 13:07:41.007,-0.89,0.46,-0.09,71.11,69.4,28.02
2026-07-27 13:07:41.007,-0.79,0.26,0.09,49.19,53.59,28.32
2026-07-27 13:07:41.008,-0.79,0.26,0.09,49.19,53.59,28.32
2026-07-27 13:07:41.008,-0.69,0.29,0.12,-2.81,32.29,14.77
2026-07-27 13:07:41.008,-0.69,0.29,0.12,-2.81,32.29,14.77
2026-07-27 13:07:41.009,-0.69,0.41,-0.01,-32.41,5.62,-1.28
2026-07-27 13:07:41.009,-0.69,0.41,-0.01,-32.41,5.62,-1.28
2026-07-27 13:07:41.009,-0.73,0.49,-0.09,-27.28,-19.41,-13.31
2026-07-27 13:07:41.009,-0.79,0.51,-0.09,-11.17,-38.76,-19.84
2026-07-27 13:07:41.010,-0.79,0.51,-0.09,-11.17,-38.76,-19.84
2026-07-27 13:07:41.010,-0.9,0.44,-0.19,-2.01,-58.11,-21.67
2026-07-27 13:07:41.010,-0.9,0.44,-0.19,-2.01,-58.11,-21.67
2026-07-27 13:07:41.012,-1.04,0.39,-0.37,3.6,-66.89,-19.35
2026-07-27 13:07:41.012,-0.88,0.36,0.02,-62.56,32.59,-5.25
2026-07-27 13:07:41.012,-0.88,0.36,0.02,-62.56,32.59,-5.25
2026-07-27 13:07:41.012,-0.89,0.53,-0.02,-45.17,6.53,-22.89
2026-07-27 13:07:41.012,-0.89,0.53,-0.02,-45.17,6.53,-22.89
2026-07-27 13:07:41.164,-0.88,0.55,-0.06,-29.36,-1.4,-18.31
2026-07-27 13:07:41.165,-0.88,0.48,-0.15,-25.51,3.78,0.67
2026-07-27 13:07:41.165,-0.88,0.48,-0.15,-25.51,3.78,0.67
2026-07-27 13:07:41.165,-0.92,0.39,-0.21,-17.4,5.74,12.57
2026-07-27 13:07:41.165,-0.92,0.39,-0.21,-17.4,5.74,12.57
2026-07-27 13:07:41.464,-0.95,0.31,-0.2,-0.37,5.68,12.7
2026-07-27 13:07:41.465,-0.95,0.31,-0.2,-0.37,5.68,12.7
2026-07-27 13:07:41.467,-0.93,0.26,-0.12,10.07,6.04,7.14
2026-07-27 13:07:41.467,-0.93,0.26,-0.12,10.07,6.04,7.14
2026-07-27 13:07:41.467,-0.91,0.28,-0.07,1.71,5.62,1.83
2026-07-27 13:07:41.467,-0.91,0.28,-0.07,1.71,5.62,1.83
2026-07-27 13:07:41.526,-0.91,0.28,-0.07,1.71,5.62,1.83
2026-07-27 13:07:41.527,-0.91,0.28,-0.07,1.71,5.62,1.83
2026-07-27 13:07:41.527,-0.88,0.47,-0.13,-17.7,0.06,-4.39
2026-07-27 13:07:41.527,-0.88,0.47,-0.13,-17.7,0.06,-4.39
2026-07-27 13:07:41.527,-0.88,0.47,-0.13,-7.87,-3.23,-2.32
2026-07-27 13:07:41.527,-0.88,0.47,-0.13,-7.87,-3.23,-2.32
2026-07-27 13:07:41.645,-0.88,0.47,-0.13,-7.87,-3.23,-2.32
2026-07-27 13:07:41.645,-0.88,0.47,-0.13,-7.87,-3.23,-2.32
2026-07-27 13:07:41.646,-0.91,0.36,-0.15,7.81,-3.3,6.77
2026-07-27 13:07:41.646,-0.91,0.36,-0.15,7.81,-3.3,6.77
2026-07-27 13:07:41.646,-0.91,0.35,-0.17,8.0,-3.36,5.8
2026-07-27 13:07:41.647,-0.9,0.37,-0.17,5.98,-3.72,2.56
2026-07-27 13:07:42.305,-0.9,0.37,-0.17,5.98,-3.72,2.56
2026-07-27 13:07:43.864,-0.89,0.4,-0.16,2.81,-2.75,0.98
2026-07-27 13:07:43.865,-0.89,0.4,-0.16,2.81,-2.75,0.98
2026-07-27 13:07:43.865,-0.89,0.41,-0.16,-0.12,-0.85,1.71
2026-07-27 13:07:43.865,-0.89,0.41,-0.16,-0.12,-0.85,1.71
2026-07-27 13:07:43.866,-0.89,0.41,-0.15,-0.98,0.49,3.05
2026-07-27 13:07:43.866,-0.89,0.41,-0.15,-0.98,0.49,3.05
2026-07-27 13:07:43.867,-0.89,0.41,-0.15,-0.49,0.73,3.54
2026-07-27 13:07:43.868,-0.89,0.41,-0.15,-0.49,0.73,3.54
2026-07-27 13:07:43.868,-0.89,0.41,-0.15,-0.92,0.37,2.75
2026-07-27 13:07:43.870,-0.89,0.41,-0.15,-2.69,-0.12,1.34
2026-07-27 13:07:43.870,-0.89,0.41,-0.15,-2.69,-0.12,1.34
2026-07-27 13:07:43.983,-0.89,0.42,-0.15,-5.13,-0.31,0.24
2026-07-27 13:07:43.985,-0.89,0.42,-0.15,-5.13,-0.31,0.24
2026-07-27 13:07:43.987,-0.89,0.42,-0.14,-7.69,0.06,-0.37
2026-07-27 13:07:43.987,-0.89,0.42,-0.14,-7.69,0.06,-0.37
2026-07-27 13:07:43.988,-0.89,0.42,-0.13,-9.89,0.79,-0.79
2026-07-27 13:07:43.988,-0.89,0.42,-0.13,-9.89,0.79,-0.79
2026-07-27 13:07:43.988,-0.89,0.42,-0.13,-11.66,1.65,-1.22
2026-07-27 13:07:43.988,-0.89,0.42,-0.13,-11.66,1.65,-1.22
2026-07-27 13:07:43.989,-0.89,0.41,-0.13,-13.85,2.14,-1.46
2026-07-27 13:07:43.989,-0.89,0.41,-0.13,-13.85,2.14,-1.46
2026-07-27 13:07:43.989,-0.89,0.41,-0.13,-16.78,2.38,-1.89
2026-07-27 13:07:43.989,-0.89,0.41,-0.13,-19.59,2.38,-2.69
2026-07-27 13:07:43.990,-0.89,0.41,-0.12,-19.59,2.38,-2.69
2026-07-27 13:07:43.991,-0.88,0.43,-0.11,-21.06,2.44,-3.05
2026-07-27 13:07:43.991,-0.88,0.43,-0.11,-21.06,2.44,-3.05
2026-07-27 13:07:43.991,-0.89,0.45,-0.11,-20.02,2.44,-2.99
2026-07-27 13:07:43.991,-0.89,0.45,-0.11,-20.02,2.44,-2.99
2026-07-27 13:07:43.995,-0.88,0.46,-0.1,-13.67,0.67,-3.3
2026-07-27 13:07:43.995,-0.88,0.46,-0.1,-13.67,0.67,-3.3
2026-07-27 13:07:43.996,-0.87,0.45,-0.09,-3.3,-2.81,-3.48
2026-07-27 13:07:43.997,-0.87,0.45,-0.09,-3.3,-2.81,-3.48
2026-07-27 13:07:43.997,-0.88,0.43,-0.09,5.86,-5.43,-2.32
2026-07-27 13:07:43.997,-0.88,0.43,-0.09,5.86,-5.43,-2.32
2026-07-27 13:07:43.998,-0.89,0.41,-0.1,10.13,-5.86,0.12
2026-07-27 13:07:43.998,-0.9,0.41,-0.12,10.5,-5.49,1.89
2026-07-27 13:07:43.998,-0.9,0.41,-0.12,10.5,-5.49,1.89
2026-07-27 13:07:43.998,-0.9,0.42,-0.13,11.72,-6.65,1.16
2026-07-27 13:07:43.999,-0.9,0.42,-0.13,11.72,-6.65,1.16
2026-07-27 13:07:43.999,-0.89,0.41,-0.13,14.1,-9.34,-1.46
2026-07-27 13:07:43.999,-0.89,0.41,-0.13,14.1,-9.34,-1.46
2026-07-27 13:07:44.000,-0.89,0.38,-0.13,12.02,-10.74,-2.93
2026-07-27 13:07:44.000,-0.89,0.38,-0.13,12.02,-10.74,-2.93
2026-07-27 13:07:44.000,-0.9,0.36,-0.14,2.87,-7.51,-1.83
2026-07-27 13:07:44.001,-0.9,0.36,-0.14,2.87,-7.51,-1.83
2026-07-27 13:07:44.344,-0.91,0.37,-0.12,-5.86,-1.1,-0.67
2026-07-27 13:07:44.344,-0.91,0.37,-0.12,-6.59,3.54,-1.77
2026-07-27 13:07:44.584,-0.9,0.42,-0.09,-6.59,3.54,-1.77
2026-07-27 13:07:44.585,-0.9,0.46,-0.05,-0.12,3.54,-4.7
2026-07-27 13:07:44.586,-0.9,0.46,-0.05,-0.12,3.54,-4.7
2026-07-27 13:07:44.586,-0.88,0.47,-0.03,6.84,-0.43,-6.96
2026-07-27 13:07:44.586,-0.88,0.47,-0.03,6.84,-0.43,-6.96
2026-07-27 13:07:44.587,-0.88,0.45,-0.05,9.09,-5.25,-5.68
2026-07-27 13:07:44.587,-0.88,0.45,-0.05,9.09,-5.25,-5.68
2026-07-27 13:07:44.588,-0.89,0.41,-0.08,9.03,-7.75,-1.65
2026-07-27 13:07:44.588,-0.89,0.41,-0.08,9.03,-7.75,-1.65
2026-07-27 13:07:44.589,-0.91,0.38,-0.1,10.13,-7.02,1.53
2026-07-27 13:07:44.591,-0.91,0.38,-0.1,10.13,-7.02,1.53
2026-07-27 13:07:44.591,-0.92,0.36,-0.11,12.08,-4.03,2.14
2026-07-27 13:07:44.593,-0.92,0.36,-0.11,12.08,-4.03,2.14
2026-07-27 13:07:44.594,-0.92,0.36,-0.1,12.08,-1.1,0.98
2026-07-27 13:07:44.594,-0.92,0.36,-0.1,7.32,0.24,-0.67
2026-07-27 13:07:44.595,-0.89,0.42,-0.13,-5.43,-1.89,1.46
2026-07-27 13:07:44.595,-0.9,0.41,-0.16,-3.36,-2.81,1.34
2026-07-27 13:07:44.597,-0.9,0.41,-0.16,-3.36,-2.81,1.34
2026-07-27 13:07:44.598,-0.9,0.4,-0.15,0.06,-2.2,0.73
2026-07-27 13:07:44.598,-0.9,0.4,-0.15,0.06,-2.2,0.73
2026-07-27 13:07:44.598,-0.9,0.39,-0.14,1.89,-0.67,0.73
2026-07-27 13:07:44.598,-0.9,0.39,-0.14,1.89,-0.67,0.73
2026-07-27 13:07:44.598,-0.9,0.38,-0.12,1.83,0.55,0.85
2026-07-27 13:07:44.599,-0.9,0.38,-0.12,1.83,0.55,0.85
2026-07-27 13:07:44.599,-0.9,0.38,-0.12,0.73,1.04,0.37
2026-07-27 13:07:44.599,-0.9,0.38,-0.12,0.73,1.04,0.37
2026-07-27 13:07:44.599,-0.9,0.39,-0.11,-0.85,1.46,-0.49
2026-07-27 13:07:44.599,-0.9,0.39,-0.11,-3.23,2.08,-0.79
2026-07-27 13:07:44.600,-0.9,0.4,-0.09,-3.23,2.08,-0.79
2026-07-27 13:07:44.884,-0.9,0.4,-0.09,-5.74,2.44,-0.12
2026-07-27 13:07:45.076,-0.9,0.4,-0.09,-5.74,2.44,-0.12
2026-07-27 13:07:45.076,-0.89,0.4,-0.09,-7.87,2.26,1.04
2026-07-27 13:07:45.076,-0.89,0.4,-0.09,-7.87,2.26,1.04
2026-07-27 13:07:45.076,-0.89,0.4,-0.1,-9.7,1.65,1.83
2026-07-27 13:07:45.077,-0.89,0.4,-0.1,-9.7,1.65,1.83
2026-07-27 13:07:45.077,-0.89,0.41,-0.11,-11.11,0.79,1.71
2026-07-27 13:07:45.077,-0.89,0.41,-0.11,-11.11,0.79,1.71
2026-07-27 13:07:45.077,-0.89,0.43,-0.12,-10.68,0.12,0.98
2026-07-27 13:07:45.077,-0.89,0.43,-0.12,-7.63,0.06,0.49
2026-07-27 13:07:45.077,-0.89,0.44,-0.12,-7.63,0.06,0.49
2026-07-27 13:07:45.078,-0.89,0.44,-0.12,-3.3,0.12,0.73
2026-07-27 13:07:45.078,-0.89,0.44,-0.12,-3.3,0.12,0.73
2026-07-27 13:07:45.078,-0.89,0.43,-0.11,0.31,-0.18,0.98
2026-07-27 13:07:45.184,-0.89,0.43,-0.11,0.31,-0.18,0.98
2026-07-27 13:07:45.184,-0.89,0.42,-0.1,2.5,-1.1,0.73
2026-07-27 13:07:45.184,-0.89,0.42,-0.1,2.5,-1.1,0.73
2026-07-27 13:07:45.185,-0.89,0.42,-0.11,3.48,-2.14,0.24
2026-07-27 13:07:45.195,-0.89,0.42,-0.11,3.48,-2.14,0.24
2026-07-27 13:07:45.195,-0.89,0.42,-0.11,4.09,-3.11,-0.06
2026-07-27 13:07:45.198,-0.89,0.42,-0.11,4.09,-3.11,-0.06
2026-07-27 13:07:45.198,-0.89,0.42,-0.11,4.82,-3.72,-0.18
2026-07-27 13:07:45.198,-0.89,0.42,-0.11,5.31,-4.03,0.0
2026-07-27 13:07:45.198,-0.89,0.41,-0.12,5.31,-4.03,0.0
2026-07-27 13:07:45.199,-0.89,0.4,-0.12,4.64,-4.09,0.24
2026-07-27 13:07:45.199,-0.89,0.4,-0.12,4.64,-4.09,0.24
2026-07-27 13:07:45.199,-0.89,0.41,-0.12,3.3,-3.91,0.18
2026-07-27 13:07:45.604,-0.89,0.41,-0.12,3.3,-3.91,0.18
2026-07-27 13:07:45.664,-0.9,0.41,-0.12,2.56,-3.85,-0.18
2026-07-27 13:07:45.784,-0.9,0.41,-0.12,2.56,-3.85,-0.18
2026-07-27 13:07:45.785,-0.89,0.4,-0.12,2.32,-4.64,-0.37
2026-07-27 13:07:45.785,-0.89,0.4,-0.12,2.32,-4.64,-0.37
2026-07-27 13:07:45.786,-0.89,0.39,-0.12,1.16,-5.0,-0.06
2026-07-27 13:07:45.786,-0.89,0.39,-0.12,1.16,-5.0,-0.06
2026-07-27 13:07:45.904,-0.9,0.38,-0.13,-1.4,-3.85,0.55
2026-07-27 13:07:47.403,-0.9,0.38,-0.13,-1.4,-3.85,0.55
2026-07-27 13:07:47.404,-0.9,0.39,-0.13,-4.15,-2.08,0.37
2026-07-27 13:07:47.404,-0.9,0.39,-0.13,-4.15,-2.08,0.37
2026-07-27 13:07:47.405,-0.9,0.4,-0.12,-6.16,-0.43,-0.73
2026-07-27 13:07:47.405,-0.9,0.44,-0.12,-8.42,1.16,-1.65
2026-07-27 13:07:47.409,-0.9,0.44,-0.12,-8.42,1.16,-1.65
2026-07-27 13:07:47.409,-0.92,0.48,-0.15,-11.11,3.72,-0.67
2026-07-27 13:07:47.410,-0.92,0.48,-0.15,-11.11,3.72,-0.67
2026-07-27 13:07:47.410,-0.93,0.5,-0.19,-12.39,8.48,3.42
2026-07-27 13:07:47.410,-0.93,0.5,-0.19,-12.39,8.48,3.42
2026-07-27 13:07:47.410,-0.93,0.49,-0.23,-9.7,15.75,9.03
2026-07-27 13:07:47.410,-0.93,0.49,-0.23,-9.7,15.75,9.03
2026-07-27 13:07:47.411,-0.92,0.47,-0.24,-1.59,26.92,12.7
2026-07-27 13:07:47.411,-0.92,0.47,-0.24,-1.59,26.92,12.7
2026-07-27 13:07:47.412,-0.93,0.46,-0.26,8.24,40.77,10.56
2026-07-27 13:07:47.412,-0.92,0.46,-0.25,21.06,46.39,1.65
2026-07-27 13:07:47.413,-0.92,0.46,-0.25,21.06,46.39,1.65
2026-07-27 13:07:47.414,-0.88,0.46,-0.2,38.39,40.04,-8.85
2026-07-27 13:07:47.414,-0.88,0.46,-0.2,38.39,40.04,-8.85
2026-07-27 13:07:47.415,-0.82,0.44,-0.16,50.48,36.56,-13.31
2026-07-27 13:07:47.415,-0.82,0.44,-0.16,50.48,36.56,-13.31
2026-07-27 13:07:47.416,-0.79,0.37,-0.17,50.66,37.29,-10.99
2026-07-27 13:07:47.644,-0.79,0.37,-0.17,50.66,37.29,-10.99
2026-07-27 13:07:47.885,-0.79,0.28,-0.23,44.25,27.53,-9.83
2026-07-27 13:07:48.249,-0.79,0.28,-0.23,37.78,8.91,-15.01
2026-07-27 13:07:48.249,-0.79,0.23,-0.27,37.78,8.91,-15.01
2026-07-27 13:07:48.249,-0.8,0.22,-0.29,32.1,-7.51,-23.25
2026-07-27 13:07:48.724,-0.8,0.22,-0.29,32.1,-7.51,-23.25
2026-07-27 13:07:48.725,-0.82,0.23,-0.3,25.02,-17.64,-29.79
2026-07-27 13:07:48.725,-0.82,0.23,-0.3,25.02,-17.64,-29.79
2026-07-27 13:07:48.725,-0.8,0.3,-0.31,14.71,-18.98,-31.74
2026-07-27 13:07:48.725,-0.8,0.3,-0.31,14.71,-18.98,-31.74
2026-07-27 13:07:48.726,-0.76,0.4,-0.36,8.67,-18.74,-28.56
2026-07-27 13:07:48.726,-0.76,0.4,-0.36,8.67,-18.74,-28.56
2026-07-27 13:07:48.727,-0.82,0.41,-0.4,9.89,-26.79,-19.84
2026-07-27 13:07:48.728,-0.98,0.27,-0.4,10.38,-33.87,-7.32
2026-07-27 13:07:48.729,-0.98,0.27,-0.4,10.38,-33.87,-7.32
2026-07-27 13:07:48.730,-1.11,0.16,-0.38,3.54,-32.41,0.06
2026-07-27 13:07:48.730,-1.11,0.16,-0.38,3.54,-32.41,0.06
2026-07-27 13:07:48.730,-1.1,0.22,-0.35,-9.46,-29.54,-2.44
2026-07-27 13:07:48.734,-1.1,0.22,-0.35,-9.46,-29.54,-2.44
2026-07-27 13:07:48.735,-0.98,0.37,-0.27,-20.32,-25.33,-7.2
2026-07-27 13:07:48.735,-0.98,0.37,-0.27,-20.32,-25.33,-7.2
2026-07-27 13:07:48.736,-0.83,0.4,-0.17,-30.76,-19.9,-6.96
2026-07-27 13:07:48.736,-0.83,0.4,-0.17,-28.14,-26.37,-2.99
2026-07-27 13:07:48.736,-0.83,0.31,-0.11,-28.14,-26.37,-2.99
2026-07-27 13:07:48.850,-0.92,0.22,-0.11,-2.01,-39.86,2.14
2026-07-27 13:07:48.906,-0.92,0.22,-0.11,-2.01,-39.86,2.14
2026-07-27 13:07:48.906,-0.96,0.19,-0.1,20.39,-44.43,4.15
2026-07-27 13:07:48.907,-0.96,0.19,-0.1,20.39,-44.43,4.15
2026-07-27 13:07:48.907,-0.96,0.19,-0.04,22.46,-41.99,1.83
2026-07-27 13:07:48.908,-0.96,0.19,-0.04,22.46,-41.99,1.83
2026-07-27 13:07:48.908,-0.96,0.19,0.0,9.77,-36.19,0.79
2026-07-27 13:07:48.908,-0.96,0.19,0.0,9.77,-36.19,0.79
2026-07-27 13:07:48.908,-0.96,0.21,0.03,-11.84,-25.02,1.59
2026-07-27 13:07:48.908,-0.96,0.21,0.03,-37.17,-9.4,2.08
2026-07-27 13:07:48.908,-0.95,0.25,0.03,-37.17,-9.4,2.08
2026-07-27 13:07:48.909,-0.97,0.28,0.0,-56.88,3.85,2.14
2026-07-27 13:07:48.909,-0.97,0.28,0.0,-56.88,3.85,2.14
2026-07-27 13:07:48.909,-0.99,0.27,-0.02,-56.64,8.0,1.77
2026-07-27 13:07:48.909,-0.99,0.27,-0.02,-56.64,8.0,1.77
2026-07-27 13:07:48.911,-0.98,0.23,-0.01,-32.9,5.0,1.28
2026-07-27 13:07:48.911,-0.71,0.42,-0.12,-61.28,12.63,-10.38
2026-07-27 13:07:48.912,-0.92,0.54,-0.15,-50.35,-15.01,-28.26
2026-07-27 13:07:48.912,-1.1,0.61,-0.28,-34.0,-32.84,-41.32
2026-07-27 13:07:48.912,-1.1,0.61,-0.28,-34.0,-32.84,-41.32
2026-07-27 13:07:48.913,-0.94,0.43,-0.19,-8.36,-28.93,-36.56
2026-07-27 13:07:48.914,-0.94,0.43,-0.19,-8.36,-28.93,-36.56
2026-07-27 13:07:48.914,-0.87,0.21,-0.03,11.66,-23.38,-17.7
2026-07-27 13:07:48.914,-0.87,0.21,-0.03,11.66,-23.38,-17.7
2026-07-27 13:07:48.915,-0.95,0.18,-0.02,17.82,-36.99,-9.64
2026-07-27 13:07:48.915,-0.95,0.18,-0.02,17.82,-36.99,-9.64
2026-07-27 13:07:48.924,-0.93,0.24,-0.03,27.71,-57.25,-21.73
2026-07-27 13:07:48.924,-0.93,0.24,-0.03,27.77,-60.49,-31.43
2026-07-27 13:07:48.925,-0.91,0.27,-0.04,27.77,-60.49,-31.43
2026-07-27 13:07:48.925,-0.94,0.23,-0.03,14.4,-40.71,-21.73
2026-07-27 13:07:48.963,-0.94,0.23,-0.03,14.4,-40.71,-21.73
2026-07-27 13:07:48.964,-0.98,0.18,-0.02,9.4,-17.21,-6.59
2026-07-27 13:07:48.964,-0.98,0.18,-0.02,9.4,-17.21,-6.59
2026-07-27 13:07:48.964,-1.01,0.16,-0.02,12.82,-7.26,-1.16
2026-07-27 13:07:48.965,-1.01,0.16,-0.02,12.82,-7.26,-1.16
2026-07-27 13:07:48.965,-1.0,0.18,-0.02,22.52,-10.56,-4.64
2026-07-27 13:07:48.965,-1.0,0.18,-0.02,22.52,-10.56,-4.64
2026-07-27 13:07:48.966,-0.97,0.19,-0.02,43.21,-21.48,-12.02
2026-07-27 13:07:48.967,-0.94,0.19,-0.01,67.69,-32.17,-16.72
2026-07-27 13:07:48.967,-0.94,0.19,-0.01,67.69,-32.17,-16.72
2026-07-27 13:07:48.968,-0.97,0.11,-0.04,26.79,-10.07,-3.6
2026-07-27 13:07:48.969,-0.97,0.12,-0.06,33.08,-28.99,-8.42
2026-07-27 13:07:49.204,-0.97,0.12,-0.06,33.08,-28.99,-8.42
2026-07-27 13:07:49.204,-1.1,0.32,0.14,-6.41,147.09,36.93
2026-07-27 13:07:49.205,-1.13,0.32,0.07,23.07,132.75,37.78
2026-07-27 13:07:49.205,-1.13,0.32,0.07,23.07,132.75,37.78
2026-07-27 13:07:49.383,-0.98,0.35,-0.04,40.77,86.06,21.67
2026-07-27 13:07:49.383,-0.98,0.35,-0.04,40.77,86.06,21.67
2026-07-27 13:07:49.384,-0.83,0.32,-0.07,42.18,53.28,11.11
2026-07-27 13:07:49.384,-0.78,0.22,-0.04,36.44,36.44,5.55
2026-07-27 13:07:49.384,-0.78,0.22,-0.04,36.44,36.44,5.55
2026-07-27 13:07:49.443,-0.77,0.19,-0.01,33.26,25.94,-4.58
2026-07-27 13:07:49.444,-0.77,0.19,-0.01,33.26,25.94,-4.58
2026-07-27 13:07:49.444,-0.73,0.24,-0.03,14.59,18.37,-13.43
2026-07-27 13:07:49.445,-0.73,0.24,-0.03,14.59,18.37,-13.43
2026-07-27 13:07:49.445,-0.74,0.24,-0.16,-5.0,3.66,-11.96
2026-07-27 13:07:49.445,-0.74,0.24,-0.16,-6.35,-16.42,-4.88
2026-07-27 13:07:49.446,-0.88,0.2,-0.39,-6.35,-16.42,-4.88
2026-07-27 13:07:49.446,-1.01,0.24,-0.65,-10.19,-21.42,-2.87
2026-07-27 13:07:49.447,-1.01,0.24,-0.65,-10.19,-21.42,-2.87
2026-07-27 13:07:49.457,-0.98,0.3,-0.65,-32.84,-2.38,-3.78
2026-07-27 13:07:49.459,-0.98,0.3,-0.65,-32.84,-2.38,-3.78
2026-07-27 13:07:49.460,-1.13,0.26,-0.3,-64.58,8.18,-8.42
2026-07-27 13:07:49.460,-1.13,0.26,-0.3,-64.58,8.18,-8.42
2026-07-27 13:07:49.460,-1.19,0.27,0.0,-79.35,-8.0,-18.68
2026-07-27 13:07:49.461,-1.19,0.27,0.0,-61.4,-21.61,-17.82
2026-07-27 13:07:50.103,-0.85,0.37,0.05,-61.4,-21.61,-17.82
2026-07-27 13:07:50.104,-0.7,0.36,0.1,-33.81,-23.25,-4.94
2026-07-27 13:07:50.105,-0.7,0.36,0.1,-33.81,-23.25,-4.94
2026-07-27 13:07:50.105,-0.83,0.24,0.11,-27.59,-17.64,10.68
2026-07-27 13:07:50.106,-0.83,0.24,0.11,-27.59,-17.64,10.68
2026-07-27 13:07:50.223,-1.0,0.15,-0.04,-35.22,-23.38,19.84
2026-07-27 13:07:50.223,-1.0,0.15,-0.04,-35.22,-23.38,19.84
2026-07-27 13:07:50.224,-1.06,0.15,-0.11,-18.37,-53.28,4.15
2026-07-27 13:07:50.283,-1.02,0.23,-0.06,14.16,-65.8,-21.0
2026-07-27 13:07:50.297,-1.02,0.23,-0.06,14.16,-65.8,-21.0
2026-07-27 13:07:50.297,-0.98,0.28,0.01,12.08,-41.81,-24.23
2026-07-27 13:07:50.298,-0.98,0.28,0.01,12.08,-41.81,-24.23
2026-07-27 13:07:50.298,-0.97,0.26,0.05,-21.18,-8.67,-9.09
2026-07-27 13:07:50.298,-0.97,0.26,0.05,-21.18,-8.67,-9.09
2026-07-27 13:07:51.425,-0.96,0.22,0.07,-42.42,9.34,2.99
2026-07-27 13:07:51.426,-0.96,0.22,0.07,-42.42,9.34,2.99
2026-07-27 13:07:51.426,-0.95,0.21,0.05,-37.9,6.41,3.23
2026-07-27 13:07:51.426,-0.94,0.23,0.02,-20.51,-6.9,-3.6
2026-07-27 13:07:51.427,-0.94,0.23,0.02,-20.51,-6.9,-3.6
2026-07-27 13:07:51.427,-0.93,0.24,0.01,-2.81,-17.88,-9.64
2026-07-27 13:07:51.427,-0.93,0.24,0.01,-2.81,-17.88,-9.64
2026-07-27 13:07:51.427,-0.92,0.23,0.02,4.39,-19.84,-9.09
2026-07-27 13:07:51.428,-0.92,0.23,0.02,4.39,-19.84,-9.09
2026-07-27 13:07:51.429,-0.94,0.21,0.02,-3.42,-11.9,-2.56
2026-07-27 13:07:51.429,-0.94,0.21,0.02,-3.42,-11.9,-2.56
2026-07-27 13:07:51.429,-0.97,0.21,-0.0,-14.89,-4.58,0.98
2026-07-27 13:07:51.550,-0.97,0.21,-0.0,-14.89,-4.58,0.98
2026-07-27 13:07:51.550,-0.99,0.24,-0.04,-9.46,-10.07,-4.82
2026-07-27 13:07:51.550,-0.97,0.27,-0.05,15.5,-25.21,-15.01
2026-07-27 13:07:51.550,-0.97,0.27,-0.05,15.5,-25.21,-15.01
2026-07-27 13:07:51.551,-0.95,0.24,-0.06,37.84,-36.62,-19.17
2026-07-27 13:07:51.551,-0.95,0.24,-0.06,37.84,-36.62,-19.17
2026-07-27 13:07:51.551,-0.93,0.18,-0.06,48.22,-38.64,-14.1
2026-07-27 13:07:51.552,-0.93,0.18,-0.06,48.22,-38.64,-14.1
2026-07-27 13:07:51.552,-0.92,0.12,-0.06,55.85,-36.8,-7.14
2026-07-27 13:07:51.553,-0.92,0.12,-0.06,55.85,-36.8,-7.14
2026-07-27 13:07:51.553,-0.91,0.1,-0.04,51.03,-36.93,-2.69
2026-07-27 13:07:51.553,-0.91,0.1,-0.04,32.59,-36.01,2.14
2026-07-27 13:07:51.553,-0.91,0.09,-0.01,32.59,-36.01,2.14
2026-07-27 13:07:51.553,-0.95,0.1,-0.0,13.0,-31.25,7.81
2026-07-27 13:07:51.553,-0.95,0.1,-0.0,13.0,-31.25,7.81
2026-07-27 13:07:51.554,-1.11,0.1,0.0,-3.23,-31.19,9.58
2026-07-27 13:07:51.554,-1.11,0.1,0.0,-3.23,-31.19,9.58
2026-07-27 13:07:51.554,-1.29,0.08,0.01,-11.78,-31.74,6.53
2026-07-27 13:07:51.554,-1.29,0.08,0.01,-11.78,-31.74,6.53
2026-07-27 13:07:51.555,-1.22,0.12,0.02,-29.72,-16.3,-2.08
2026-07-27 13:07:51.555,-1.22,0.12,0.02,-29.72,-16.3,-2.08
2026-07-27 13:07:51.556,-0.97,0.27,0.08,-59.75,38.39,-8.91
2026-07-27 13:07:51.557,-0.97,0.4,0.15,-49.8,121.4,1.4
2026-07-27 13:07:51.558,-0.97,0.4,0.15,-49.8,121.4,1.4
2026-07-27 13:07:51.558,-1.06,0.4,0.15,22.28,161.44,18.98
2026-07-27 13:07:51.559,-1.06,0.4,0.15,22.28,161.44,18.98
2026-07-27 13:07:51.559,-1.0,0.33,0.09,85.33,134.58,27.22
2026-07-27 13:07:51.559,-1.0,0.33,0.09,85.33,134.58,27.22
2026-07-27 13:07:51.559,-0.92,0.22,0.02,77.39,87.95,31.25
2026-07-27 13:07:51.560,-0.91,0.11,-0.01,25.63,52.49,32.1
2026-07-27 13:07:51.560,-0.91,0.11,-0.01,25.63,52.49,32.1
2026-07-27 13:07:52.383,-0.91,0.06,0.01,-13.73,35.28,17.4
2026-07-27 13:07:52.384,-0.91,0.06,0.01,-13.73,35.28,17.4
2026-07-27 13:07:52.384,-0.88,0.12,0.02,-20.69,25.27,-14.71
2026-07-27 13:07:52.385,-0.88,0.12,0.02,-20.69,25.27,-14.71
2026-07-27 13:07:52.385,-0.86,0.23,-0.04,-7.08,5.55,-46.51
2026-07-27 13:07:52.386,-0.86,0.23,-0.04,-7.08,5.55,-46.51
2026-07-27 13:07:52.387,-0.89,0.28,-0.19,4.15,-12.15,-54.99
2026-07-27 13:07:52.389,-0.89,0.28,-0.19,4.15,-12.15,-54.99
2026-07-27 13:07:52.389,-0.95,0.24,-0.32,-9.7,-9.77,-39.92
2026-07-27 13:07:52.390,-0.93,0.17,-0.34,-46.75,5.92,-22.77
2026-07-27 13:07:52.391,-0.93,0.17,-0.34,-46.75,5.92,-22.77
2026-07-27 13:07:52.391,-0.89,0.17,-0.27,-74.28,13.12,-14.77
2026-07-27 13:07:52.391,-0.89,0.17,-0.27,-74.28,13.12,-14.77
2026-07-27 13:07:52.391,-1.02,0.25,-0.23,-67.87,0.12,-11.05
2026-07-27 13:07:52.391,-1.02,0.25,-0.23,-67.87,0.12,-11.05
2026-07-27 13:07:52.403,-1.11,0.36,-0.23,-45.23,-17.46,-3.11
2026-07-27 13:07:52.405,-1.11,0.36,-0.23,-45.23,-17.46,-3.11
2026-07-27 13:07:52.684,-0.96,0.4,-0.2,-31.68,-20.39,11.35
2026-07-27 13:07:52.686,-0.96,0.4,-0.2,-31.68,-20.39,11.35
2026-07-27 13:07:52.686,-0.93,0.27,-0.04,-35.34,-15.75,1.89
2026-07-27 13:07:52.687,-0.96,0.24,-0.05,-35.34,-15.75,1.89
2026-07-27 13:07:52.687,-0.98,0.19,-0.07,-6.65,-15.75,10.13
2026-07-27 13:07:52.687,-0.98,0.19,-0.07,-6.65,-15.75,10.13
2026-07-27 13:07:52.688,-1.02,0.1,-0.09,12.45,-20.2,14.89
2026-07-27 13:07:52.688,-1.02,0.1,-0.09,12.45,-20.2,14.89
2026-07-27 13:07:52.743,-1.1,0.03,-0.13,13.12,-25.27,17.27
2026-07-27 13:07:52.744,-1.1,0.03,-0.13,13.12,-25.27,17.27
2026-07-27 13:07:52.744,-1.2,0.03,-0.1,5.43,-30.27,11.05
2026-07-27 13:07:52.869,-1.15,0.09,-0.07,-22.16,-29.72,-6.29
2026-07-27 13:07:52.869,-1.15,0.09,-0.07,-22.16,-29.72,-6.29
2026-07-27 13:07:52.869,-0.94,0.24,-0.04,-73.73,3.3,-17.58
2026-07-27 13:07:52.870,-0.94,0.24,-0.04,-73.73,3.3,-17.58
2026-07-27 13:07:52.870,-0.81,0.45,-0.01,-99.49,72.75,-10.44
2026-07-27 13:07:52.870,-0.81,0.45,-0.01,-99.49,72.75,-10.44
2026-07-27 13:07:52.871,-0.89,0.52,-0.0,-65.25,133.97,10.74
2026-07-27 13:07:52.871,-0.89,0.52,-0.0,-65.25,133.97,10.74
2026-07-27 13:07:52.871,-1.11,0.35,0.03,2.08,148.32,35.34
2026-07-27 13:07:52.871,-1.11,0.35,0.03,37.96,114.87,42.18
2026-07-27 13:07:52.871,-1.16,0.16,0.06,37.96,114.87,42.18
2026-07-27 13:07:52.872,-0.99,0.16,0.02,9.28,63.42,20.45
2026-07-27 13:07:52.873,-0.99,0.16,0.02,9.28,63.42,20.45
2026-07-27 13:07:53.104,-0.83,0.26,-0.01,-18.43,29.54,-11.29
2026-07-27 13:07:53.104,-0.83,0.26,-0.01,-18.43,29.54,-11.29
2026-07-27 13:07:53.105,-0.79,0.31,-0.01,-9.09,17.7,-32.71
2026-07-27 13:07:53.105,-0.79,0.31,-0.01,-9.09,17.7,-32.71
2026-07-27 13:07:53.106,-0.83,0.3,-0.01,4.39,11.23,-40.65
2026-07-27 13:07:53.106,-0.83,0.3,-0.01,4.39,11.23,-40.65
2026-07-27 13:07:53.106,-0.85,0.3,-0.06,8.67,0.12,-42.54
2026-07-27 13:07:53.106,-0.85,0.3,-0.06,4.82,-10.31,-40.47
2026-07-27 13:07:53.108,-0.88,0.29,-0.17,4.82,-10.31,-40.47
2026-07-27 13:07:53.109,-0.92,0.26,-0.29,-5.19,-11.78,-31.07
2026-07-27 13:07:53.109,-0.92,0.26,-0.29,-5.19,-11.78,-31.07
2026-07-27 13:07:53.109,-0.97,0.21,-0.41,-21.85,-1.89,-17.4
2026-07-27 13:07:53.110,-0.97,0.21,-0.41,-21.85,-1.89,-17.4
2026-07-27 13:07:53.111,-0.97,0.11,-0.45,-39.12,16.66,-10.31
2026-07-27 13:07:53.111,-0.97,0.11,-0.45,-39.12,16.66,-10.31
2026-07-27 13:07:53.112,-0.84,0.06,-0.37,-50.6,28.75,-12.27
2026-07-27 13:07:53.113,-0.84,0.06,-0.37,-50.6,28.75,-12.27
2026-07-27 13:07:53.114,-0.75,0.07,-0.13,-63.35,14.65,-9.22
2026-07-27 13:07:53.114,-1.1,0.21,-0.02,-71.23,-17.64,-0.12
2026-07-27 13:07:53.114,-1.1,0.21,-0.02,-71.23,-17.64,-0.12
2026-07-27 13:07:53.116,-1.36,0.44,-0.33,-41.87,-45.53,-0.12
2026-07-27 13:07:53.116,-1.36,0.44,-0.33,-41.87,-45.53,-0.12
2026-07-27 13:07:53.117,-0.99,0.52,-0.39,-1.1,-46.33,-4.94
2026-07-27 13:07:53.117,-0.99,0.52,-0.39,-1.1,-46.33,-4.94
2026-07-27 13:07:53.117,-0.65,0.36,0.04,-3.54,-17.21,4.21
2026-07-27 13:07:53.118,-0.65,0.36,0.04,-3.54,-17.21,4.21
2026-07-27 13:07:53.118,-0.8,0.15,0.17,-27.16,5.37,30.4
2026-07-27 13:07:53.118,-1.05,0.05,-0.02,-12.21,-22.89,40.53
2026-07-27 13:07:53.119,-1.05,0.05,-0.02,-12.21,-22.89,40.53
2026-07-27 13:07:53.119,-1.06,0.1,-0.04,27.34,-63.96,14.53
2026-07-27 13:07:53.120,-1.06,0.1,-0.04,27.34,-63.96,14.53
2026-07-27 13:07:53.122,-0.96,0.3,0.0,2.69,-50.48,-12.45
2026-07-27 13:07:53.122,-0.96,0.3,0.0,2.69,-50.48,-12.45
2026-07-27 13:07:53.123,-0.97,0.38,-0.04,-65.31,-18.13,-14.65
2026-07-27 13:07:53.124,-0.97,0.38,-0.04,-65.31,-18.13,-14.65
2026-07-27 13:07:53.124,-1.0,0.3,-0.04,-78.31,1.4,-0.18
2026-07-27 13:07:53.125,-0.97,0.19,0.01,-43.21,18.98,13.92
2026-07-27 13:07:53.125,-0.97,0.19,0.01,-43.21,18.98,13.92
2026-07-27 13:07:53.126,-0.93,0.15,0.05,-10.31,23.07,14.65
2026-07-27 13:07:53.126,-0.93,0.15,0.05,-10.31,23.07,14.65
2026-07-27 13:07:53.127,-0.93,0.17,0.03,3.72,7.93,4.52
2026-07-27 13:07:53.127,-0.93,0.17,0.03,3.72,7.93,4.52
2026-07-27 13:07:53.128,-0.94,0.22,-0.03,2.75,-16.72,-7.26
2026-07-27 13:07:53.129,-0.94,0.22,-0.03,2.75,-16.72,-7.26
2026-07-27 13:07:53.129,-0.94,0.25,-0.06,2.87,-37.66,-15.26
2026-07-27 13:07:53.130,-0.94,0.25,-0.06,12.02,-46.02,-16.36
2026-07-27 13:07:53.131,-0.93,0.27,-0.06,12.02,-46.02,-16.36
2026-07-27 13:07:53.131,-0.94,0.26,-0.04,23.56,-41.38,-7.87
2026-07-27 13:07:53.131,-0.94,0.26,-0.04,23.56,-41.38,-7.87
2026-07-27 13:07:53.132,-0.97,0.22,-0.03,32.71,-26.61,7.45
2026-07-27 13:07:53.132,-0.97,0.22,-0.03,32.71,-26.61,7.45
2026-07-27 13:07:53.132,-1.03,0.16,-0.05,34.67,-10.93,20.14
2026-07-27 13:07:53.133,-1.03,0.16,-0.05,34.67,-10.93,20.14
2026-07-27 13:07:53.133,-1.08,0.1,-0.12,20.87,-7.45,23.38
2026-07-27 13:07:53.230,-1.11,0.09,-0.17,4.39,-23.25,14.83
2026-07-27 13:07:53.230,-1.11,0.09,-0.17,4.39,-23.25,14.83
2026-07-27 13:07:53.230,-1.14,0.1,-0.13,-0.24,-37.54,-0.98
2026-07-27 13:07:53.231,-1.14,0.1,-0.13,-0.24,-37.54,-0.98
2026-07-27 13:07:53.231,-1.08,0.12,-0.07,-17.21,-17.46,-9.89
2026-07-27 13:07:53.588,-1.08,0.12,-0.07,-17.21,-17.46,-9.89
2026-07-27 13:07:53.588,-0.87,0.2,-0.01,-53.53,31.49,-10.5
2026-07-27 13:07:53.589,-0.87,0.2,-0.01,-53.53,31.49,-10.5
2026-07-27 13:07:53.589,-0.76,0.33,0.09,-74.65,87.16,-6.41
2026-07-27 13:07:53.589,-0.86,0.41,0.18,-65.19,122.13,6.04
2026-07-27 13:07:53.643,-0.86,0.41,0.18,-65.19,122.13,6.04
2026-07-27 13:07:53.644,-1.04,0.42,0.15,-39.12,116.39,21.06
2026-07-27 13:07:53.644,-1.04,0.42,0.15,-39.12,116.39,21.06
2026-07-27 13:07:54.127,-1.07,0.39,0.02,-2.75,73.3,21.06
2026-07-27 13:07:54.127,-1.07,0.39,0.02,-2.75,73.3,21.06
2026-07-27 13:07:54.249,-0.94,0.31,-0.09,41.5,9.52,-1.59
2026-07-27 13:07:54.249,-0.94,0.31,-0.09,41.5,9.52,-1.59
2026-07-27 13:07:54.249,-0.83,0.25,-0.11,70.19,-30.09,-25.76
2026-07-27 13:07:54.250,-0.84,0.27,-0.1,53.59,-14.34,-27.4
2026-07-27 13:07:54.250,-0.84,0.27,-0.1,53.59,-14.34,-27.4
2026-07-27 13:07:54.250,-0.92,0.31,-0.13,-5.68,28.14,-10.13
2026-07-27 13:07:54.250,-0.92,0.31,-0.13,-5.68,28.14,-10.13
2026-07-27 13:07:54.251,-0.97,0.32,-0.2,-48.71,51.94,4.33
2026-07-27 13:07:54.251,-0.97,0.32,-0.2,-48.71,51.94,4.33
2026-07-27 13:07:54.251,-0.96,0.28,-0.21,-42.54,47.97,3.66
2026-07-27 13:07:54.252,-0.96,0.28,-0.21,-24.78,35.4,-7.87
2026-07-27 13:07:54.270,-0.91,0.22,-0.18,-24.78,35.4,-7.87
2026-07-27 13:07:54.270,-0.88,0.17,-0.18,-21.24,25.76,-21.18
2026-07-27 13:07:54.270,-0.88,0.17,-0.18,-21.24,25.76,-21.18
2026-07-27 13:07:54.270,-0.87,0.16,-0.24,-26.25,16.78,-30.82
2026-07-27 13:07:54.270,-0.87,0.16,-0.24,-26.25,16.78,-30.82
2026-07-27 13:07:54.270,-0.87,0.17,-0.31,-35.52,8.73,-35.1
2026-07-27 13:07:54.270,-0.87,0.17,-0.31,-35.52,8.73,-35.1
2026-07-27 13:07:54.270,-0.84,0.2,-0.34,-47.3,4.94,-33.94
2026-07-27 13:07:54.271,-0.78,0.26,-0.32,-54.69,2.81,-26.61
2026-07-27 13:07:54.271,-0.78,0.26,-0.32,-54.69,2.81,-26.61
2026-07-27 13:07:54.271,-0.82,0.28,-0.24,-50.54,-10.25,-15.93
2026-07-27 13:07:54.271,-0.82,0.28,-0.24,-50.54,-10.25,-15.93
2026-07-27 13:07:54.271,-1.12,0.27,-0.22,-33.39,-36.87,-9.03
2026-07-27 13:07:54.271,-1.12,0.27,-0.22,-33.39,-36.87,-9.03
2026-07-27 13:07:54.271,-1.28,0.29,-0.31,-14.1,-51.09,-7.87
2026-07-27 13:07:54.271,-1.28,0.29,-0.31,-14.1,-51.09,-7.87
2026-07-27 13:07:54.271,-1.02,0.34,-0.24,-8.06,-35.34,-6.96
2026-07-27 13:07:54.271,-1.02,0.34,-0.24,-8.06,-35.34,-6.96
2026-07-27 13:07:54.271,-0.76,0.32,0.03,-4.52,-13.0,1.16
2026-07-27 13:07:54.271,-0.77,0.23,0.14,1.04,-3.36,19.17
2026-07-27 13:07:54.271,-0.77,0.23,0.14,1.04,-3.36,19.17
2026-07-27 13:07:54.271,-0.96,0.14,0.02,-7.81,-13.12,33.14
2026-07-27 13:07:54.271,-0.96,0.14,0.02,-7.81,-13.12,33.14
2026-07-27 13:07:54.271,-1.07,0.1,-0.07,-15.93,-36.32,25.45
2026-07-27 13:07:54.271,-1.07,0.1,-0.07,-15.93,-36.32,25.45
2026-07-27 13:07:54.604,-1.04,0.19,-0.07,-24.9,-44.62,1.22
2026-07-27 13:07:54.604,-1.04,0.19,-0.07,-43.58,-33.39,-18.13
2026-07-27 13:07:54.605,-1.01,0.27,-0.05,-43.58,-33.39,-18.13
2026-07-27 13:07:54.605,-0.99,0.27,-0.01,-44.07,-11.66,-17.58
2026-07-27 13:07:54.605,-0.99,0.27,-0.01,-44.07,-11.66,-17.58
2026-07-27 13:07:54.605,-0.96,0.23,0.03,-22.89,6.16,-6.53
2026-07-27 13:07:54.609,-0.96,0.23,0.03,-22.89,6.16,-6.53
2026-07-27 13:07:54.610,-0.92,0.22,0.04,0.79,4.03,-2.38
2026-07-27 13:07:54.610,-0.92,0.23,0.01,15.44,-11.23,-5.92
2026-07-27 13:07:54.611,-0.92,0.23,0.01,15.44,-11.23,-5.92
2026-07-27 13:07:54.612,-0.93,0.23,-0.01,23.32,-24.96,-9.89
2026-07-27 13:07:54.612,-0.93,0.23,-0.01,23.32,-24.96,-9.89
2026-07-27 13:07:54.613,-0.95,0.23,0.0,29.85,-24.41,-8.36
2026-07-27 13:07:54.613,-0.95,0.23,0.0,29.85,-24.41,-8.36
2026-07-27 13:07:55.146,-0.97,0.25,0.02,30.33,-8.36,-1.95
2026-07-27 13:07:55.146,-0.97,0.25,0.02,30.33,-8.36,-1.95
2026-07-27 13:07:55.147,-0.98,0.26,0.03,20.75,7.32,2.69
2026-07-27 13:07:55.147,-0.98,0.25,0.0,13.37,8.3,2.5
2026-07-27 13:07:55.147,-0.98,0.25,0.0,13.37,8.3,2.5
2026-07-27 13:07:55.147,-0.97,0.23,-0.03,23.86,-5.25,-1.16
2026-07-27 13:07:55.148,-0.97,0.23,-0.03,23.86,-5.25,-1.16
2026-07-27 13:07:55.148,-0.94,0.19,-0.04,43.27,-21.18,-5.07
2026-07-27 13:07:55.148,-0.94,0.19,-0.04,43.27,-21.18,-5.07
2026-07-27 13:07:55.148,-0.94,0.16,-0.05,55.11,-30.58,-5.92
2026-07-27 13:07:55.149,-0.94,0.16,-0.05,55.11,-30.58,-5.92
2026-07-27 13:07:55.149,-0.95,0.14,-0.06,60.49,-34.36,-3.66
2026-07-27 13:07:55.924,-0.95,0.15,-0.05,61.58,-32.17,-0.37
2026-07-27 13:07:55.924,-0.95,0.15,-0.05,61.58,-32.17,-0.37
2026-07-27 13:07:55.924,-0.93,0.19,-0.03,52.92,-25.21,2.99
2026-07-27 13:07:55.925,-0.93,0.19,-0.03,52.92,-25.21,2.99
2026-07-27 13:07:55.925,-0.93,0.21,-0.03,39.98,-21.06,6.16
2026-07-27 13:07:55.925,-0.93,0.21,-0.03,39.98,-21.06,6.16
2026-07-27 13:07:55.926,-0.95,0.21,-0.06,33.45,-22.83,8.18
2026-07-27 13:07:55.926,-0.95,0.21,-0.06,33.45,-22.83,8.18
2026-07-27 13:07:55.926,-1.01,0.19,-0.08,35.16,-26.43,7.87
2026-07-27 13:07:55.927,-1.12,0.13,-0.1,41.81,-23.56,7.57
2026-07-27 13:07:55.934,-1.12,0.13,-0.1,41.81,-23.56,7.57
2026-07-27 13:07:55.934,-1.19,0.11,-0.11,37.41,-8.06,6.47
2026-07-27 13:07:55.935,-1.19,0.11,-0.11,37.41,-8.06,6.47
2026-07-27 13:07:55.935,-1.08,0.16,-0.1,11.47,7.32,-2.62
2026-07-27 13:07:55.935,-1.08,0.16,-0.1,11.47,7.32,-2.62
2026-07-27 13:07:55.935,-0.89,0.23,-0.03,-14.22,20.14,-12.82
2026-07-27 13:07:55.935,-0.89,0.23,-0.03,-14.22,20.14,-12.82
2026-07-27 13:07:55.936,-0.86,0.3,0.07,-27.47,55.48,-4.33
2026-07-27 13:07:55.936,-0.86,0.3,0.07,-28.5,97.66,18.25
2026-07-27 13:07:55.936,-1.03,0.33,0.09,-28.5,97.66,18.25
2026-07-27 13:07:55.936,-1.11,0.29,-0.02,0.12,96.44,27.77
2026-07-27 13:07:55.937,-1.11,0.29,-0.02,0.12,96.44,27.77
2026-07-27 13:07:55.937,-1.0,0.25,-0.11,47.36,59.88,15.2
2026-07-27 13:07:55.937,-1.0,0.25,-0.11,47.36,59.88,15.2
2026-07-27 13:07:55.937,-0.87,0.2,-0.11,51.39,38.45,1.59
2026-07-27 13:07:55.938,-0.87,0.2,-0.11,51.39,38.45,1.59
2026-07-27 13:07:55.938,-0.83,0.16,-0.07,7.26,39.92,-1.89
2026-07-27 13:07:55.938,-0.83,0.16,-0.07,7.26,39.92,-1.89
2026-07-27 13:07:55.938,-0.82,0.19,-0.05,-29.05,41.02,-4.7
2026-07-27 13:07:55.939,-0.82,0.24,-0.09,-39.18,31.37,-9.34
2026-07-27 13:07:55.939,-0.82,0.24,-0.09,-39.18,31.37,-9.34
2026-07-27 13:07:55.940,-0.84,0.27,-0.18,-35.1,15.14,-12.63
2026-07-27 13:07:55.940,-0.84,0.27,-0.18,-35.1,15.14,-12.63
2026-07-27 13:07:55.940,-0.86,0.29,-0.29,-33.33,1.83,-12.7
2026-07-27 13:07:55.941,-0.86,0.29,-0.29,-33.33,1.83,-12.7
2026-07-27 13:07:55.942,-0.93,0.33,-0.47,-36.68,-3.91,-10.38
2026-07-27 13:07:55.943,-0.93,0.33,-0.47,-36.68,-3.91,-10.38
2026-07-27 13:07:55.943,-0.98,0.37,-0.61,-34.85,6.65,-8.54
2026-07-27 13:07:55.943,-0.98,0.37,-0.61,-34.85,6.65,-8.54
2026-07-27 13:07:55.944,-0.93,0.33,-0.49,-32.41,26.67,-10.56
2026-07-27 13:07:55.944,-0.98,0.21,-0.2,-47.0,22.46,-16.6
2026-07-27 13:07:55.948,-0.98,0.21,-0.2,-47.0,22.46,-16.6
2026-07-27 13:07:55.948,-0.99,0.15,0.01,-49.74,-7.57,-21.18
2026-07-27 13:07:55.949,-0.99,0.15,0.01,-49.74,-7.57,-21.18
2026-07-27 13:07:55.949,-0.9,0.21,0.09,-20.51,-22.83,-16.91
2026-07-27 13:07:55.949,-0.9,0.21,0.09,-20.51,-22.83,-16.91
2026-07-27 13:07:55.949,-0.94,0.27,0.09,-11.66,-17.88,-7.26
2026-07-27 13:07:55.949,-0.94,0.27,0.09,-11.66,-17.88,-7.26
2026-07-27 13:07:55.949,-0.99,0.25,0.04,-45.53,-13.49,0.92
2026-07-27 13:07:55.950,-0.99,0.25,0.04,-90.21,-6.84,6.59
2026-07-27 13:07:55.985,-0.97,0.22,0.01,-90.21,-6.84,6.59
2026-07-27 13:07:56.167,-0.96,0.25,-0.01,-106.02,0.92,2.99
2026-07-27 13:07:56.168,-0.96,0.25,-0.01,-106.02,0.92,2.99
2026-07-27 13:07:56.168,-0.96,0.29,-0.06,-73.85,-7.26,-12.08
2026-07-27 13:07:56.169,-0.96,0.29,-0.06,-73.85,-7.26,-12.08
2026-07-27 13:07:56.169,-0.97,0.27,-0.08,-13.0,-26.98,-25.39
2026-07-27 13:07:56.169,-0.97,0.27,-0.08,37.54,-37.29,-26.12
2026-07-27 13:07:56.169,-0.96,0.2,-0.08,37.54,-37.29,-26.12
2026-07-27 13:07:56.170,-0.97,0.13,-0.08,46.26,-34.91,-18.92
2026-07-27 13:07:56.170,-0.97,0.13,-0.08,46.26,-34.91,-18.92
2026-07-27 13:07:56.229,-0.99,0.11,-0.07,18.49,-24.72,-13.06
2026-07-27 13:07:56.230,-0.99,0.11,-0.07,18.49,-24.72,-13.06
2026-07-27 13:07:56.464,-0.98,0.14,-0.04,-15.75,-8.85,-9.95
2026-07-27 13:07:56.464,-0.98,0.14,-0.04,-15.75,-8.85,-9.95
2026-07-27 13:07:56.464,-0.96,0.2,-0.01,-34.3,6.77,-7.14
2026-07-27 13:07:56.465,-0.94,0.25,0.01,-28.26,12.94,-5.43
2026-07-27 13:07:56.465,-0.94,0.25,0.01,-28.26,12.94,-5.43
2026-07-27 13:07:56.466,-0.95,0.23,-0.0,-6.47,6.29,-5.86
2026-07-27 13:07:56.466,-0.95,0.23,-0.0,-6.47,6.29,-5.86
2026-07-27 13:07:56.467,-0.98,0.17,-0.05,11.96,-4.52,-7.75
2026-07-27 13:07:56.467,-0.98,0.17,-0.05,11.96,-4.52,-7.75
2026-07-27 13:07:56.468,-1.0,0.14,-0.08,16.78,-9.64,-9.95
2026-07-27 13:07:56.468,-0.99,0.13,-0.09,11.35,-7.87,-11.35
2026-07-27 13:07:56.584,-0.99,0.13,-0.09,11.35,-7.87,-11.35
2026-07-27 13:07:56.584,-0.98,0.15,-0.09,6.96,-4.7,-11.96
2026-07-27 13:07:56.584,-0.98,0.15,-0.09,6.96,-4.7,-11.96
2026-07-27 13:07:56.585,-0.97,0.15,-0.09,12.63,-5.31,-11.47
2026-07-27 13:07:56.588,-0.97,0.15,-0.09,12.63,-5.31,-11.47
2026-07-27 13:07:56.646,-0.97,0.14,-0.08,27.1,-8.42,-9.58
2026-07-27 13:07:56.647,-0.97,0.14,-0.08,27.1,-8.42,-9.58
2026-07-27 13:07:56.648,-0.97,0.13,-0.07,35.77,-9.4,-7.81
2026-07-27 13:07:57.064,-0.96,0.14,-0.05,32.9,-5.19,-5.8
2026-07-27 13:07:57.065,-0.96,0.14,-0.05,32.9,-5.19,-5.8
2026-07-27 13:07:57.065,-0.96,0.14,-0.05,24.17,2.32,-1.95
2026-07-27 13:07:57.066,-0.96,0.14,-0.05,24.17,2.32,-1.95
2026-07-27 13:07:57.066,-0.97,0.12,-0.04,11.72,7.45,2.99
2026-07-27 13:07:57.066,-0.97,0.12,-0.04,11.72,7.45,2.99
2026-07-27 13:07:57.066,-0.98,0.11,-0.05,1.22,5.98,5.86
2026-07-27 13:07:57.066,-0.98,0.11,-0.05,1.22,5.98,5.86
2026-07-27 13:07:57.067,-0.98,0.1,-0.06,-0.67,-0.18,5.19
2026-07-27 13:07:57.067,-0.98,0.1,-0.06,-0.67,-0.18,5.19
2026-07-27 13:07:57.125,-0.98,0.1,-0.06,3.05,-5.98,2.14
2026-07-27 13:07:57.126,-0.97,0.11,-0.04,4.76,-7.87,-0.98
2026-07-27 13:07:57.126,-0.97,0.11,-0.04,4.76,-7.87,-0.98
2026-07-27 13:07:57.126,-0.96,0.12,-0.03,1.04,-5.19,-2.01
2026-07-27 13:07:57.423,-0.96,0.12,-0.03,1.04,-5.19,-2.01
2026-07-27 13:07:57.424,-0.94,0.13,-0.03,-4.33,-0.06,-1.04
2026-07-27 13:07:57.424,-0.94,0.13,-0.03,-4.33,-0.06,-1.04
2026-07-27 13:07:57.424,-0.92,0.12,-0.04,-7.08,2.75,0.24
2026-07-27 13:07:57.425,-0.92,0.12,-0.04,-7.08,2.75,0.24
2026-07-27 13:07:57.425,-0.96,0.11,-0.08,-3.36,-1.83,-0.49
2026-07-27 13:07:57.425,-0.96,0.11,-0.08,-3.36,-1.83,-0.49
2026-07-27 13:07:57.426,-1.0,0.1,-0.11,7.57,-12.21,-4.82
2026-07-27 13:07:57.426,-1.0,0.1,-0.11,8.79,-17.03,-7.26
2026-07-27 13:07:57.427,-1.01,0.11,-0.1,8.79,-17.03,-7.26
2026-07-27 13:07:57.428,-0.99,0.14,-0.07,-7.45,-9.7,-3.11
2026-07-27 13:07:57.428,-0.99,0.14,-0.07,-7.45,-9.7,-3.11
2026-07-27 13:07:57.429,-0.97,0.19,-0.05,-25.76,-0.06,2.56
2026-07-27 13:07:57.429,-0.97,0.19,-0.05,-25.76,-0.06,2.56
2026-07-27 13:07:57.430,-0.96,0.21,-0.05,-33.51,2.93,6.96
2026-07-27 13:07:57.431,-0.96,0.21,-0.05,-33.51,2.93,6.96
2026-07-27 13:07:57.431,-0.97,0.19,-0.05,-28.75,1.04,11.29
2026-07-27 13:07:57.432,-0.97,0.19,-0.05,-28.75,1.04,11.29
2026-07-27 13:07:57.432,-0.98,0.15,-0.06,-19.59,-3.97,13.43
2026-07-27 13:07:57.433,-0.98,0.12,-0.06,-13.18,-11.66,10.8
2026-07-27 13:07:57.433,-0.98,0.12,-0.06,-13.18,-11.66,10.8
2026-07-27 13:07:57.665,-0.97,0.12,-0.06,-10.19,-18.25,5.74
2026-07-27 13:07:57.665,-0.97,0.12,-0.06,-10.19,-18.25,5.74
2026-07-27 13:07:57.853,-0.96,0.14,-0.05,-9.22,-20.39,2.62
2026-07-27 13:07:57.854,-0.96,0.14,-0.05,-9.22,-20.39,2.62
2026-07-27 13:07:57.855,-0.96,0.17,-0.05,-8.97,-20.08,2.08
2026-07-27 13:07:57.856,-0.96,0.17,-0.05,-8.97,-20.08,2.08
2026-07-27 13:07:57.856,-0.96,0.18,-0.06,-4.52,-20.57,2.93
2026-07-27 13:07:57.857,-0.97,0.16,-0.06,4.33,-21.06,5.68
2026-07-27 13:07:57.857,-0.97,0.16,-0.06,4.33,-21.06,5.68
2026-07-27 13:07:57.858,-0.98,0.12,-0.04,8.67,-19.1,10.5
2026-07-27 13:07:57.858,-0.98,0.12,-0.04,8.67,-19.1,10.5
2026-07-27 13:07:57.858,-1.03,0.09,-0.02,6.04,-15.87,14.4
2026-07-27 13:07:57.859,-1.03,0.09,-0.02,6.04,-15.87,14.4
2026-07-27 13:07:57.859,-1.1,0.08,-0.0,-0.67,-13.79,14.34
2026-07-27 13:07:57.859,-1.1,0.08,-0.0,-0.67,-13.79,14.34
2026-07-27 13:07:57.860,-1.1,0.1,0.0,-8.3,-11.6,9.77
2026-07-27 13:07:57.860,-1.1,0.1,0.0,-13.12,-10.8,-1.22
2026-07-27 13:07:57.861,-1.02,0.18,-0.01,-13.12,-10.8,-1.22
2026-07-27 13:07:57.862,-0.94,0.27,-0.02,-12.57,-11.9,-14.65
2026-07-27 13:07:58.084,-0.94,0.27,-0.02,-12.57,-11.9,-14.65
2026-07-27 13:07:58.085,-0.89,0.35,-0.04,-13.31,1.22,-14.34
2026-07-27 13:07:58.085,-0.89,0.35,-0.04,-13.31,1.22,-14.34
2026-07-27 13:07:58.085,-0.93,0.37,-0.03,-13.06,46.39,9.89
2026-07-27 13:07:58.086,-0.93,0.37,-0.03,-13.06,46.39,9.89
2026-07-27 13:07:58.086,-1.02,0.31,0.02,11.84,94.85,35.4
2026-07-27 13:07:58.087,-1.02,0.31,0.02,50.29,102.66,37.17
2026-07-27 13:07:58.087,-1.07,0.28,0.04,50.29,102.66,37.17
2026-07-27 13:07:58.088,-1.02,0.27,-0.01,69.82,72.02,21.97
2026-07-27 13:07:58.088,-1.02,0.27,-0.01,69.82,72.02,21.97
2026-07-27 13:07:58.089,-0.92,0.24,-0.07,65.92,39.55,7.69
2026-07-27 13:07:58.147,-0.92,0.24,-0.07,65.92,39.55,7.69
2026-07-27 13:07:58.147,-0.88,0.2,-0.1,44.19,28.87,3.23
2026-07-27 13:07:58.148,-0.88,0.2,-0.1,44.19,28.87,3.23
2026-07-27 13:07:58.204,-0.87,0.19,-0.11,13.73,31.49,2.93
2026-07-27 13:07:58.204,-0.85,0.26,-0.12,-15.01,34.91,0.67
2026-07-27 13:07:58.270,-0.85,0.26,-0.12,-15.01,34.91,0.67
2026-07-27 13:07:58.277,-0.83,0.29,-0.17,-32.59,32.96,-1.71
2026-07-27 13:07:58.278,-0.83,0.29,-0.17,-32.59,32.96,-1.71
2026-07-27 13:07:58.324,-0.84,0.25,-0.26,-34.85,28.93,-2.08
2026-07-27 13:07:58.325,-0.84,0.25,-0.26,-34.85,28.93,-2.08
2026-07-27 13:07:58.384,-0.87,0.23,-0.38,-30.58,26.67,-1.65
2026-07-27 13:07:58.384,-0.9,0.24,-0.49,-26.79,24.72,-3.78
2026-07-27 13:07:58.385,-0.9,0.24,-0.49,-26.79,24.72,-3.78
2026-07-27 13:07:58.444,-0.89,0.24,-0.51,-31.68,26.06,-9.16
2026-07-27 13:07:58.444,-0.89,0.24,-0.51,-31.68,26.06,-9.16
2026-07-27 13:07:58.565,-0.76,0.21,-0.4,-52.73,26.79,-15.56
2026-07-27 13:07:58.565,-0.76,0.21,-0.4,-52.73,26.79,-15.56
2026-07-27 13:07:58.565,-0.75,0.23,-0.26,-83.92,13.31,-19.1
2026-07-27 13:07:58.566,-1.11,0.44,-0.28,-86.18,-15.81,-25.02
2026-07-27 13:07:58.566,-1.11,0.44,-0.28,-86.18,-15.81,-25.02
2026-07-27 13:07:58.623,-1.13,0.57,-0.22,-54.57,-26.37,-28.26
2026-07-27 13:07:58.686,-1.13,0.57,-0.22,-54.57,-26.37,-28.26
2026-07-27 13:07:58.687,-0.89,0.36,-0.0,-42.11,-11.47,-13.85
2026-07-27 13:07:58.687,-0.89,0.36,-0.0,-42.11,-11.47,-13.85
2026-07-27 13:07:58.687,-0.93,0.16,0.07,-47.36,-6.9,9.64
2026-07-27 13:07:58.687,-0.94,0.13,0.03,-49.38,-14.95,15.75
2026-07-27 13:07:58.807,-0.94,0.13,0.03,-49.38,-14.95,15.75
2026-07-27 13:07:58.808,-0.93,0.18,-0.03,-64.33,-24.78,-1.1
2026-07-27 13:07:58.863,-0.93,0.18,-0.03,-64.33,-24.78,-1.1
2026-07-27 13:07:58.864,-0.95,0.23,-0.07,-74.58,-28.93,-18.31
2026-07-27 13:07:58.864,-0.95,0.23,-0.07,-74.58,-28.93,-18.31
2026-07-27 13:07:58.865,-0.98,0.26,-0.07,-59.27,-21.3,-24.6
2026-07-27 13:07:58.865,-0.98,0.26,-0.07,-59.27,-21.3,-24.6
2026-07-27 13:07:58.866,-1.0,0.27,-0.05,-26.18,-16.17,-26.31
2026-07-27 13:07:59.105,-0.96,0.25,-0.03,15.26,-25.15,-28.44
2026-07-27 13:07:59.105,-0.96,0.25,-0.03,15.26,-25.15,-28.44
2026-07-27 13:07:59.105,-0.94,0.21,-0.04,38.82,-40.04,-28.32
2026-07-27 13:07:59.105,-0.94,0.21,-0.04,38.82,-40.04,-28.32
2026-07-27 13:07:59.106,-0.95,0.15,-0.05,30.58,-43.52,-21.73
2026-07-27 13:07:59.106,-0.95,0.15,-0.05,30.58,-43.52,-21.73
2026-07-27 13:07:59.107,-0.96,0.13,-0.04,5.13,-29.42,-10.38
2026-07-27 13:07:59.107,-0.96,0.15,-0.02,-24.48,-7.93,-0.43
2026-07-27 13:07:59.108,-0.96,0.15,-0.02,-24.48,-7.93,-0.43
2026-07-27 13:07:59.108,-0.97,0.15,-0.03,-49.68,11.54,5.43
2026-07-27 13:07:59.109,-0.97,0.15,-0.03,-49.68,11.54,5.43
2026-07-27 13:07:59.584,-1.01,0.13,-0.05,-63.17,25.7,5.98
2026-07-27 13:07:59.584,-1.01,0.13,-0.05,-63.17,25.7,5.98
2026-07-27 13:07:59.585,-1.03,0.11,-0.06,-60.06,26.31,-0.85
2026-07-27 13:07:59.585,-1.03,0.11,-0.06,-60.06,26.31,-0.85
2026-07-27 13:07:59.585,-0.99,0.14,-0.05,-41.38,12.15,-13.06
2026-07-27 13:07:59.585,-0.9,0.21,-0.02,-8.79,-10.56,-25.57
2026-07-27 13:07:59.587,-0.9,0.21,-0.02,-8.79,-10.56,-25.57
2026-07-27 13:07:59.587,-0.84,0.25,-0.01,29.17,-36.8,-31.19
2026-07-27 13:07:59.588,-0.84,0.25,-0.01,29.17,-36.8,-31.19
2026-07-27 13:07:59.588,-0.87,0.19,-0.06,32.29,-53.34,-22.95
2026-07-27 13:07:59.589,-0.87,0.19,-0.06,32.29,-53.34,-22.95
2026-07-27 13:07:59.589,-0.95,0.1,-0.1,10.19,-52.43,-5.92
2026-07-27 13:07:59.589,-0.95,0.1,-0.1,10.19,-52.43,-5.92
2026-07-27 13:07:59.590,-0.95,0.1,-0.1,10.19,-52.43,-5.92
2026-07-27 13:07:59.590,-0.95,0.1,-0.1,10.19,-52.43,-5.92
2026-07-27 13:07:59.591,-1.05,0.05,-0.06,9.46,-27.77,15.32
2026-07-27 13:07:59.592,-1.05,0.05,-0.06,-7.14,-32.84,14.16
2026-07-27 13:07:59.592,-1.07,0.04,-0.06,-7.14,-32.84,14.16
2026-07-27 13:07:59.593,-1.13,0.01,-0.06,-27.28,-51.09,6.96
2026-07-27 13:07:59.593,-1.13,0.01,-0.06,-27.28,-51.09,6.96
2026-07-27 13:07:59.594,-1.22,-0.01,-0.02,-40.22,-50.42,3.78
2026-07-27 13:07:59.594,-1.22,-0.01,-0.02,-40.22,-50.42,3.78
2026-07-27 13:07:59.645,-1.15,0.14,0.07,-44.56,-8.24,8.06
2026-07-27 13:07:59.646,-1.15,0.14,0.07,-44.56,-8.24,8.06
2026-07-27 13:07:59.767,-0.9,0.44,0.14,-30.58,53.1,10.8
2026-07-27 13:07:59.775,-0.9,0.44,0.14,-0.73,102.6,20.94
2026-07-27 13:07:59.776,-0.87,0.5,0.13,-0.73,102.6,20.94
2026-07-27 13:07:59.776,-1.04,0.34,0.07,50.96,122.44,39.18
2026-07-27 13:07:59.776,-1.04,0.34,0.07,50.96,122.44,39.18
2026-07-27 13:07:59.826,-1.1,0.23,0.02,100.16,106.81,41.69
2026-07-27 13:07:59.826,-1.1,0.23,0.02,100.16,106.81,41.69
2026-07-27 13:07:59.827,-0.99,0.19,0.01,99.49,79.1,31.07
2026-07-27 13:07:59.884,-0.99,0.19,0.01,52.8,59.27,23.74
2026-07-27 13:07:59.884,-0.89,0.16,0.01,52.8,59.27,23.74
2026-07-27 13:07:59.885,-0.88,0.15,-0.01,2.99,41.81,14.53
2026-07-27 13:08:00.072,-0.88,0.15,-0.01,2.99,41.81,14.53
2026-07-27 13:08:00.073,-0.89,0.21,-0.05,-4.27,27.47,-4.09
2026-07-27 13:08:00.073,-0.89,0.21,-0.05,-4.27,27.47,-4.09
2026-07-27 13:08:00.073,-0.88,0.26,-0.08,15.69,20.26,-24.11
2026-07-27 13:08:00.073,-0.88,0.26,-0.08,15.69,20.26,-24.11
2026-07-27 13:08:00.074,-0.88,0.2,-0.16,27.28,14.04,-32.78
2026-07-27 13:08:00.074,-0.91,0.14,-0.26,11.23,12.08,-30.33
2026-07-27 13:08:00.074,-0.91,0.14,-0.26,11.23,12.08,-30.33
2026-07-27 13:08:00.126,-0.92,0.18,-0.34,-31.62,25.09,-22.4
2026-07-27 13:08:00.126,-0.92,0.18,-0.34,-31.62,25.09,-22.4
2026-07-27 13:08:00.189,-0.92,0.26,-0.38,-73.43,46.39,-13.06
2026-07-27 13:08:00.192,-0.92,0.26,-0.38,-73.43,46.39,-13.06
2026-07-27 13:08:00.193,-0.86,0.26,-0.39,-91.13,58.65,-11.6
2026-07-27 13:08:00.304,-0.86,0.26,-0.39,-83.74,47.24,-19.47
2026-07-27 13:08:00.305,-0.73,0.14,-0.34,-83.74,47.24,-19.47
2026-07-27 13:08:00.305,-0.66,0.06,-0.21,-76.54,9.95,-26.18
2026-07-27 13:08:00.305,-0.66,0.06,-0.21,-76.54,9.95,-26.18
2026-07-27 13:08:00.313,-0.87,0.13,-0.17,-77.76,-36.5,-25.33
2026-07-27 13:08:00.364,-0.87,0.13,-0.17,-77.76,-36.5,-25.33
2026-07-27 13:08:00.364,-1.4,0.35,-0.4,-47.67,-75.2,-24.29
2026-07-27 13:08:00.365,-1.33,0.59,-0.5,4.21,-76.72,-27.71
2026-07-27 13:08:00.723,-1.33,0.59,-0.5,4.21,-76.72,-27.71
2026-07-27 13:08:00.724,-0.72,0.59,-0.11,23.74,-36.38,-20.02
2026-07-27 13:08:00.724,-0.72,0.59,-0.11,23.74,-36.38,-20.02
2026-07-27 13:08:00.725,-0.65,0.3,0.24,-8.18,8.61,14.95
2026-07-27 13:08:00.725,-0.65,0.3,0.24,-8.18,8.61,14.95
2026-07-27 13:08:00.726,-1.02,0.01,0.11,-62.19,8.61,52.61
2026-07-27 13:08:00.726,-1.02,0.01,0.11,-75.99,-42.79,42.97
2026-07-27 13:08:00.727,-1.16,-0.04,-0.07,-75.99,-42.79,42.97
2026-07-27 13:08:00.727,-1.03,0.18,-0.03,-62.38,-57.07,-7.51
2026-07-27 13:08:00.728,-1.03,0.18,-0.03,-62.38,-57.07,-7.51
2026-07-27 13:08:00.729,-0.93,0.42,0.02,-59.88,-27.04,-45.59
2026-07-27 13:08:00.730,-0.93,0.42,0.02,-59.88,-27.04,-45.59
2026-07-27 13:08:00.730,-0.88,0.44,0.05,-36.13,-20.02,-47.73
2026-07-27 13:08:00.731,-0.88,0.44,0.05,-36.13,-20.02,-47.73
2026-07-27 13:08:00.731,-0.85,0.32,0.07,2.5,-18.13,-21.48
2026-07-27 13:08:00.732,-0.87,0.2,0.06,1.04,7.57,14.04
2026-07-27 13:08:00.904,-0.87,0.2,0.06,1.04,7.57,14.04
2026-07-27 13:08:00.905,-0.94,0.16,0.01,-29.36,27.77,32.29
2026-07-27 13:08:00.905,-0.94,0.16,0.01,-29.36,27.77,32.29
2026-07-27 13:08:00.905,-0.98,0.16,-0.03,-40.34,11.6,22.34
2026-07-27 13:08:00.906,-0.98,0.16,-0.03,-40.34,11.6,22.34
2026-07-27 13:08:00.906,-0.95,0.19,-0.06,-21.73,-23.86,-0.12
2026-07-27 13:08:00.906,-0.95,0.19,-0.06,-21.73,-23.86,-0.12
2026-07-27 13:08:00.907,-0.95,0.18,-0.08,17.52,-52.37,-16.24
2026-07-27 13:08:00.964,-1.0,0.12,-0.09,56.15,-64.21,-16.54
2026-07-27 13:08:00.964,-1.0,0.12,-0.09,56.15,-64.21,-16.54
2026-07-27 13:08:01.024,-1.06,0.08,-0.11,58.04,-58.53,-5.92
2026-07-27 13:08:01.024,-1.06,0.08,-0.11,58.04,-58.53,-5.92
2026-07-27 13:08:01.025,-1.05,0.08,-0.13,34.12,-51.15,-1.4
2026-07-27 13:08:01.149,-1.05,0.08,-0.13,34.12,-51.15,-1.4
2026-07-27 13:08:01.150,-0.99,0.12,-0.13,21.24,-63.96,-10.25
2026-07-27 13:08:01.150,-0.99,0.12,-0.13,21.24,-63.96,-10.25
2026-07-27 13:08:01.151,-1.04,0.15,-0.12,14.89,-80.99,-22.16
2026-07-27 13:08:01.151,-1.16,0.19,-0.09,-1.04,-47.85,-18.19
2026-07-27 13:08:01.151,-1.16,0.19,-0.09,-1.04,-47.85,-18.19
2026-07-27 13:08:01.213,-1.13,0.29,-0.03,-28.32,44.01,-0.61
2026-07-27 13:08:01.214,-1.13,0.29,-0.03,-28.32,44.01,-0.61
2026-07-27 13:08:01.333,-1.03,0.46,0.1,-38.27,138.24,9.28
2026-07-27 13:08:01.334,-1.03,0.46,0.1,-38.27,138.24,9.28
2026-07-27 13:08:01.334,-1.06,0.52,0.17,0.43,174.07,14.47
2026-07-27 13:08:01.334,-1.06,0.52,0.17,69.03,138.49,22.4
2026-07-27 13:08:01.334,-1.08,0.38,0.09,69.03,138.49,22.4
2026-07-27 13:08:01.805,-0.98,0.2,-0.01,104.61,85.82,28.02
2026-07-27 13:08:01.805,-0.98,0.2,-0.01,104.61,85.82,28.02
2026-07-27 13:08:01.805,-0.89,0.1,-0.05,62.38,60.3,31.92
2026-07-27 13:08:01.805,-0.89,0.1,-0.05,62.38,60.3,31.92
2026-07-27 13:08:01.806,-0.83,0.13,-0.05,-5.0,51.15,24.96
2026-07-27 13:08:01.806,-0.83,0.13,-0.05,-5.0,51.15,24.96
2026-07-27 13:08:01.807,-0.75,0.26,-0.01,-35.46,44.19,2.2
2026-07-27 13:08:01.807,-0.69,0.33,0.01,-45.47,34.67,-17.58
2026-07-27 13:08:01.808,-0.69,0.33,0.01,-45.47,34.67,-17.58
2026-07-27 13:08:01.808,-0.71,0.27,-0.06,-37.96,11.17,-24.48
2026-07-27 13:08:01.809,-0.71,0.27,-0.06,-37.96,11.17,-24.48
2026-07-27 13:08:01.809,-0.88,0.16,-0.28,0.67,-23.01,-28.44
2026-07-27 13:08:01.809,-0.88,0.16,-0.28,0.67,-23.01,-28.44
2026-07-27 13:08:01.810,-1.14,0.17,-0.62,27.53,-33.02,-31.62
2026-07-27 13:08:01.811,-1.14,0.17,-0.62,-4.58,0.98,-30.21
2026-07-27 13:08:01.811,-1.13,0.31,-0.75,-4.58,0.98,-30.21
2026-07-27 13:08:01.812,-0.77,0.34,-0.46,-64.64,28.69,-28.38
2026-07-27 13:08:01.813,-0.77,0.34,-0.46,-64.64,28.69,-28.38
2026-07-27 13:08:01.814,-0.77,0.29,0.0,-105.04,5.25,-22.34
2026-07-27 13:08:01.814,-0.77,0.29,0.0,-105.04,5.25,-22.34
2026-07-27 13:08:01.814,-1.12,0.32,-0.04,-73.0,-48.58,-8.73
2026-07-27 13:08:01.815,-1.12,0.32,-0.04,-73.0,-48.58,-8.73
2026-07-27 13:08:01.931,-1.07,0.39,-0.3,37.17,-85.69,3.6
2026-07-27 13:08:01.931,-0.79,0.33,-0.02,102.97,-64.88,13.31
2026-07-27 13:08:01.931,-0.79,0.33,-0.02,102.97,-64.88,13.31
2026-07-27 13:08:01.932,-0.83,0.13,0.19,45.59,0.43,31.92
2026-07-27 13:08:01.932,-0.83,0.13,0.19,45.59,0.43,31.92
2026-07-27 13:08:02.166,-1.04,0.0,0.01,-54.26,13.79,42.11
2026-07-27 13:08:02.167,-1.04,0.0,0.01,-54.26,13.79,42.11
2026-07-27 13:08:02.167,-1.1,0.05,-0.08,-89.97,-33.14,16.11
2026-07-27 13:08:02.168,-1.1,0.05,-0.08,-89.97,-33.14,16.11
2026-07-27 13:08:02.168,-1.03,0.25,-0.04,-81.3,-41.63,-21.42
2026-07-27 13:08:02.168,-0.96,0.35,-0.01,-66.83,-21.97,-36.07
2026-07-27 13:08:02.168,-0.96,0.35,-0.01,-66.83,-21.97,-36.07
2026-07-27 13:08:02.169,-0.89,0.3,0.03,-31.62,-14.89,-26.73
2026-07-27 13:08:02.169,-0.89,0.3,0.03,-31.62,-14.89,-26.73
2026-07-27 13:08:02.170,-0.86,0.22,0.05,-6.77,-1.77,-5.0
2026-07-27 13:08:02.170,-0.86,0.22,0.05,-6.77,-1.77,-5.0
2026-07-27 13:08:02.464,-0.89,0.18,0.02,-14.89,6.53,10.68
2026-07-27 13:08:02.465,-0.89,0.18,0.02,-14.89,6.53,10.68
2026-07-27 13:08:02.465,-0.92,0.19,-0.03,-27.53,-12.88,6.84
2026-07-27 13:08:02.465,-0.92,0.23,-0.06,-21.48,-46.02,-6.1
2026-07-27 13:08:02.465,-0.92,0.23,-0.06,-21.48,-46.02,-6.1
2026-07-27 13:08:02.466,-0.95,0.23,-0.08,1.77,-66.71,-10.25
2026-07-27 13:08:02.466,-0.95,0.23,-0.08,1.77,-66.71,-10.25
2026-07-27 13:08:02.466,-1.03,0.17,-0.1,29.17,-65.49,-1.16
2026-07-27 13:08:02.467,-1.03,0.17,-0.1,41.75,-51.76,8.54
2026-07-27 13:08:02.467,-1.09,0.12,-0.16,41.75,-51.76,8.54
2026-07-27 13:08:02.486,-1.13,0.11,-0.21,31.07,-47.24,4.46
2026-07-27 13:08:02.487,-1.13,0.11,-0.21,31.07,-47.24,4.46
2026-07-27 13:08:02.584,-1.23,0.12,-0.22,12.02,-55.42,-9.77
2026-07-27 13:08:02.584,-1.23,0.12,-0.22,12.02,-55.42,-9.77
2026-07-27 13:08:02.585,-1.24,0.14,-0.14,-5.92,-21.79,-16.54
2026-07-27 13:08:02.585,-1.24,0.14,-0.14,-5.92,-21.79,-16.54
2026-07-27 13:08:02.585,-1.06,0.23,0.05,-39.0,73.73,-11.66
2026-07-27 13:08:02.586,-1.06,0.23,0.05,-39.0,73.73,-11.66
2026-07-27 13:08:02.586,-0.98,0.45,0.19,-74.46,172.67,-2.69
2026-07-27 13:08:02.644,-1.07,0.6,0.2,-62.13,204.47,8.73
2026-07-27 13:08:02.644,-1.07,0.6,0.2,-62.13,204.47,8.73
2026-07-27 13:08:02.704,-1.0,0.51,0.14,-1.1,151.12,24.17
2026-07-27 13:08:02.705,-1.0,0.51,0.14,-1.1,151.12,24.17
2026-07-27 13:08:02.706,-0.83,0.31,0.05,44.49,82.34,41.69
2026-07-27 13:08:02.884,-0.83,0.31,0.05,44.49,82.34,41.69
2026-07-27 13:08:02.885,-0.76,0.17,-0.03,36.38,50.66,52.19
2026-07-27 13:08:02.885,-0.74,0.18,-0.05,6.77,42.05,43.82
2026-07-27 13:08:02.885,-0.74,0.18,-0.05,6.77,42.05,43.82
2026-07-27 13:08:02.886,-0.68,0.31,-0.01,-20.87,33.51,20.69
2026-07-27 13:08:02.886,-0.68,0.31,-0.01,-20.87,33.51,20.69
2026-07-27 13:08:02.944,-0.66,0.4,-0.06,-37.48,13.79,2.87
2026-07-27 13:08:02.945,-0.66,0.4,-0.06,-37.48,13.79,2.87
2026-07-27 13:08:02.945,-0.8,0.41,-0.33,-17.52,-16.24,-5.62
2026-07-27 13:08:02.945,-0.8,0.41,-0.33,-17.52,-16.24,-5.62
2026-07-27 13:08:03.004,-1.03,0.45,-0.71,27.65,-34.3,-11.9
2026-07-27 13:08:03.004,-1.04,0.47,-0.72,37.78,-16.36,-11.96
2026-07-27 13:08:03.005,-1.04,0.47,-0.72,37.78,-16.36,-11.96
2026-07-27 13:08:03.131,-0.84,0.35,-0.35,-1.46,4.39,-12.51
2026-07-27 13:08:03.131,-0.84,0.35,-0.35,-1.46,4.39,-12.51
2026-07-27 13:08:03.304,-1.02,0.29,-0.05,-34.55,-19.78,-30.15
2026-07-27 13:08:03.306,-1.02,0.29,-0.05,-34.55,-19.78,-30.15
2026-07-27 13:08:03.306,-1.13,0.39,-0.07,10.38,-71.53,-48.34
2026-07-27 13:08:03.306,-1.13,0.39,-0.07,10.38,-71.53,-48.34
2026-07-27 13:08:03.315,-0.84,0.5,-0.13,87.95,-93.2,-39.49
2026-07-27 13:08:03.316,-0.7,0.41,0.08,95.52,-65.8,-8.36
2026-07-27 13:08:03.316,-0.7,0.41,0.08,95.52,-65.8,-8.36
2026-07-27 13:08:03.317,-0.85,0.17,0.14,45.1,-26.25,30.52
2026-07-27 13:08:03.317,-0.85,0.17,0.14,45.1,-26.25,30.52
2026-07-27 13:08:03.317,-1.09,-0.03,-0.06,2.01,-28.08,51.21
2026-07-27 13:08:03.318,-1.09,-0.03,-0.06,2.01,-28.08,51.21
2026-07-27 13:08:03.318,-1.13,-0.03,-0.09,12.76,-57.43,27.47
2026-07-27 13:08:03.485,-1.03,0.17,-0.01,35.16,-54.87,-14.77
2026-07-27 13:08:03.485,-1.03,0.17,-0.01,35.16,-54.87,-14.77
2026-07-27 13:08:03.485,-0.96,0.31,0.0,14.83,-34.48,-34.67
2026-07-27 13:08:03.728,-0.96,0.31,0.0,14.83,-34.48,-34.67
2026-07-27 13:08:03.728,-0.91,0.3,0.01,-11.41,-21.12,-24.84
2026-07-27 13:08:03.729,-0.91,0.3,0.01,-11.41,-21.12,-24.84
2026-07-27 13:08:03.730,-0.9,0.23,0.03,-7.26,-4.27,-1.59
2026-07-27 13:08:03.730,-0.9,0.23,0.03,-7.26,-4.27,-1.59
2026-07-27 13:08:03.730,-0.93,0.18,0.03,17.21,2.75,10.86
2026-07-27 13:08:03.730,-0.94,0.2,0.01,36.74,-13.79,4.09
2026-07-27 13:08:03.731,-0.94,0.2,0.01,36.74,-13.79,4.09
2026-07-27 13:08:03.731,-0.93,0.25,-0.02,37.35,-37.84,-6.9
2026-07-27 13:08:03.731,-0.93,0.25,-0.02,37.35,-37.84,-6.9
2026-07-27 13:08:03.731,-0.93,0.25,-0.02,35.71,-49.26,-6.41
2026-07-27 13:08:03.731,-0.93,0.25,-0.02,35.71,-49.26,-6.41
2026-07-27 13:08:03.731,-0.96,0.21,-0.0,35.4,-37.41,7.69
2026-07-27 13:08:03.731,-0.96,0.21,-0.0,35.4,-37.41,7.69
2026-07-27 13:08:03.732,-1.01,0.14,-0.02,24.66,-15.44,23.62
2026-07-27 13:08:03.904,-1.06,0.09,-0.06,15.44,-7.39,27.59
2026-07-27 13:08:03.904,-1.06,0.09,-0.06,15.44,-7.39,27.59
2026-07-27 13:08:03.905,-1.07,0.08,-0.13,22.89,-24.35,16.36
2026-07-27 13:08:03.905,-1.07,0.08,-0.13,22.89,-24.35,16.36
2026-07-27 13:08:03.906,-1.03,0.08,-0.2,43.46,-67.5,-2.93
2026-07-27 13:08:03.906,-1.03,0.08,-0.2,43.46,-67.5,-2.93
2026-07-27 13:08:03.907,-1.08,0.07,-0.2,53.59,-100.52,-16.6
2026-07-27 13:08:03.907,-1.08,0.07,-0.2,53.59,-100.52,-16.6
2026-07-27 13:08:03.907,-1.08,0.07,-0.2,53.59,-100.52,-16.6
2026-07-27 13:08:04.024,-1.08,0.07,-0.2,53.59,-100.52,-16.6
2026-07-27 13:08:04.025,-1.08,0.11,-0.09,-32.65,16.97,2.99
2026-07-27 13:08:04.025,-1.08,0.11,-0.09,-88.01,101.75,4.09
2026-07-27 13:08:04.025,-0.9,0.29,0.03,-88.01,101.75,4.09
2026-07-27 13:08:04.025,-0.93,0.49,0.15,-89.54,161.68,-3.48
2026-07-27 13:08:04.217,-0.93,0.49,0.15,-89.54,161.68,-3.48
2026-07-27 13:08:04.217,-1.08,0.53,0.17,-37.11,166.38,-2.93
2026-07-27 13:08:04.217,-1.08,0.53,0.17,-37.11,166.38,-2.93
2026-07-27 13:08:04.217,-1.08,0.43,0.08,20.51,117.55,4.52
2026-07-27 13:08:04.218,-1.08,0.43,0.08,20.51,117.55,4.52
2026-07-27 13:08:04.218,-0.95,0.36,-0.02,41.44,65.43,8.85
2026-07-27 13:08:04.218,-0.8,0.31,-0.03,25.09,42.91,11.11
2026-07-27 13:08:04.219,-0.8,0.31,-0.03,25.09,42.91,11.11
2026-07-27 13:08:04.264,-0.74,0.2,0.01,-2.69,37.17,10.99
2026-07-27 13:08:04.265,-0.74,0.2,0.01,-2.69,37.17,10.99
2026-07-27 13:08:04.265,-0.73,0.18,0.02,-17.4,27.71,2.44
2026-07-27 13:08:04.324,-0.73,0.18,0.02,-17.4,27.71,2.44
2026-07-27 13:08:04.325,-0.74,0.29,-0.07,-12.39,13.18,-12.88
2026-07-27 13:08:04.384,-0.74,0.29,-0.07,-12.39,13.18,-12.88
2026-07-27 13:08:04.385,-0.79,0.37,-0.27,0.85,-2.01,-22.4
2026-07-27 13:08:04.385,-0.91,0.36,-0.55,10.8,-14.22,-20.81
2026-07-27 13:08:04.505,-0.91,0.36,-0.55,10.8,-14.22,-20.81
2026-07-27 13:08:04.505,-1.03,0.29,-0.72,7.63,-9.22,-15.44
2026-07-27 13:08:04.505,-1.03,0.29,-0.72,7.63,-9.22,-15.44
2026-07-27 13:08:04.505,-0.88,0.18,-0.61,-22.89,12.21,-12.33
2026-07-27 13:08:04.506,-1.02,0.13,-0.29,-67.44,11.23,-14.47
2026-07-27 13:08:04.627,-1.02,0.13,-0.29,-67.44,11.23,-14.47
2026-07-27 13:08:04.627,-1.33,0.25,-0.14,-66.47,-23.5,-20.81
2026-07-27 13:08:04.628,-1.33,0.25,-0.14,-66.47,-23.5,-20.81
2026-07-27 13:08:04.628,-0.99,0.44,-0.12,-22.34,-44.19,-20.39
2026-07-27 13:08:04.628,-0.99,0.44,-0.12,-22.34,-44.19,-20.39
2026-07-27 13:08:04.985,-0.63,0.45,0.11,-0.49,-33.08,-10.62
2026-07-27 13:08:04.985,-0.63,0.45,0.11,-4.88,-12.51,13.06
2026-07-27 13:08:04.985,-0.72,0.3,0.24,-4.88,-12.51,13.06
2026-07-27 13:08:04.986,-0.99,0.15,0.07,-16.48,-16.05,40.41
2026-07-27 13:08:04.986,-0.99,0.15,0.07,-16.48,-16.05,40.41
2026-07-27 13:08:04.986,-1.12,0.11,-0.04,-11.17,-44.8,35.4
2026-07-27 13:08:04.986,-1.12,0.11,-0.04,-11.17,-44.8,35.4
2026-07-27 13:08:04.987,-1.06,0.23,-0.03,8.85,-51.09,2.14
2026-07-27 13:08:04.988,-1.06,0.23,-0.03,8.85,-51.09,2.14
2026-07-27 13:08:04.989,-0.97,0.34,-0.02,21.24,-45.23,-26.49
2026-07-27 13:08:04.989,-0.97,0.34,-0.02,39.18,-49.56,-31.62
2026-07-27 13:08:04.990,-0.92,0.31,-0.01,39.18,-49.56,-31.62
2026-07-27 13:08:04.990,-0.89,0.21,0.01,56.7,-40.34,-14.22
2026-07-27 13:08:04.990,-0.89,0.21,0.01,56.7,-40.34,-14.22
2026-07-27 13:08:04.991,-0.9,0.14,0.02,61.04,-21.61,4.15
2026-07-27 13:08:04.991,-0.9,0.14,0.02,61.04,-21.61,4.15
2026-07-27 13:08:04.993,-0.94,0.13,-0.01,52.12,-17.27,8.36
2026-07-27 13:08:05.046,-0.94,0.13,-0.01,52.12,-17.27,8.36
2026-07-27 13:08:05.046,-0.97,0.16,-0.03,29.48,-30.09,2.99
2026-07-27 13:08:05.164,-0.96,0.2,-0.03,10.31,-44.37,-2.69
2026-07-27 13:08:05.165,-0.96,0.2,-0.03,10.31,-44.37,-2.69
2026-07-27 13:08:05.165,-0.95,0.21,-0.03,6.71,-46.02,-1.65
2026-07-27 13:08:05.166,-0.95,0.21,-0.03,6.71,-46.02,-1.65
2026-07-27 13:08:05.166,-0.98,0.21,-0.07,9.22,-39.49,3.72
2026-07-27 13:08:05.166,-0.98,0.21,-0.07,9.22,-39.49,3.72
2026-07-27 13:08:05.227,-1.01,0.22,-0.14,15.5,-41.93,3.91
2026-07-27 13:08:05.228,-1.01,0.22,-0.14,15.5,-41.93,3.91
2026-07-27 13:08:05.284,-1.01,0.2,-0.22,37.48,-63.42,-2.81
2026-07-27 13:08:05.284,-1.06,0.15,-0.24,67.93,-87.59,-9.95
2026-07-27 13:08:05.285,-1.06,0.15,-0.24,67.93,-87.59,-9.95
2026-07-27 13:08:05.885,-1.24,0.09,-0.16,89.48,-67.63,-8.61
2026-07-27 13:08:05.885,-1.24,0.09,-0.16,89.48,-67.63,-8.61
2026-07-27 13:08:05.885,-1.29,0.11,-0.04,70.43,13.92,-0.92
2026-07-27 13:08:05.886,-1.29,0.11,-0.04,70.43,13.92,-0.92
2026-07-27 13:08:05.886,-1.1,0.23,0.05,-9.89,114.69,-1.4
2026-07-27 13:08:05.886,-1.1,0.23,0.05,-9.89,114.69,-1.4
2026-07-27 13:08:05.886,-1.0,0.37,0.14,-70.37,182.19,-7.39
2026-07-27 13:08:06.004,-1.0,0.37,0.14,-35.22,182.92,-3.85
2026-07-27 13:08:06.005,-1.02,0.42,0.21,-35.22,182.92,-3.85
2026-07-27 13:08:06.005,-0.96,0.33,0.15,21.73,130.74,12.08
2026-07-27 13:08:06.006,-0.96,0.33,0.15,21.73,130.74,12.08
2026-07-27 13:08:06.006,-0.88,0.19,-0.0,30.21,72.08,22.95
2026-07-27 13:08:06.006,-0.88,0.19,-0.0,30.21,72.08,22.95
2026-07-27 13:08:06.007,-0.84,0.13,-0.09,27.95,34.97,10.5
2026-07-27 13:08:06.007,-0.84,0.13,-0.09,27.95,34.97,10.5
2026-07-27 13:08:06.008,-0.74,0.21,-0.03,13.67,22.09,-17.52
2026-07-27 13:08:06.008,-0.62,0.32,0.05,-29.11,16.54,-33.69
2026-07-27 13:08:06.008,-0.62,0.32,0.05,-29.11,16.54,-33.69
2026-07-27 13:08:06.009,-0.66,0.3,-0.01,-57.13,-0.98,-24.96
2026-07-27 13:08:06.009,-0.66,0.3,-0.01,-57.13,-0.98,-24.96
2026-07-27 13:08:06.010,-0.91,0.23,-0.36,-36.19,-28.32,-10.44
2026-07-27 13:08:06.010,-0.91,0.23,-0.36,-36.19,-28.32,-10.44
2026-07-27 13:08:06.011,-1.14,0.3,-0.72,1.28,-34.24,-4.88
2026-07-27 13:08:06.011,-1.14,0.3,-0.72,1.28,-34.24,-4.88
2026-07-27 13:08:06.012,-1.03,0.3,-0.64,3.6,-9.89,-4.82
2026-07-27 13:08:06.012,-1.03,0.16,-0.21,-28.44,-0.61,-9.09
2026-07-27 13:08:06.013,-1.03,0.16,-0.21,-28.44,-0.61,-9.09
2026-07-27 13:08:06.014,-1.22,0.21,0.04,-54.02,-25.39,-15.69
2026-07-27 13:08:06.015,-1.22,0.21,0.04,-54.02,-25.39,-15.69
2026-07-27 13:08:06.015,-1.0,0.42,-0.1,-26.37,-54.5,-14.34
2026-07-27 13:08:06.015,-1.0,0.42,-0.1,-26.37,-54.5,-14.34
2026-07-27 13:08:06.031,-0.7,0.43,-0.06,15.5,-54.02,0.37
2026-07-27 13:08:06.064,-0.7,0.43,-0.06,15.5,-54.02,0.37
2026-07-27 13:08:06.064,-0.78,0.23,0.13,-8.06,-17.52,25.33
2026-07-27 13:08:06.065,-1.01,0.07,0.02,-73.49,6.16,43.64
2026-07-27 13:08:06.307,-1.01,0.07,0.02,-73.49,6.16,43.64
2026-07-27 13:08:06.308,-1.08,0.09,-0.07,-91.55,-16.78,26.37
2026-07-27 13:08:06.308,-1.08,0.09,-0.07,-91.55,-16.78,26.37
2026-07-27 13:08:06.309,-1.03,0.22,-0.01,-61.4,-28.81,-9.52
2026-07-27 13:08:06.309,-1.03,0.22,-0.01,-61.4,-28.81,-9.52
2026-07-27 13:08:06.309,-0.98,0.3,0.02,-48.89,-8.12,-23.19
2026-07-27 13:08:06.309,-0.98,0.3,0.02,-45.41,2.99,-17.09
2026-07-27 13:08:06.310,-0.93,0.27,0.04,-45.41,2.99,-17.09
2026-07-27 13:08:06.310,-0.88,0.25,0.06,-20.94,8.85,-6.1
2026-07-27 13:08:06.310,-0.88,0.25,0.06,-20.94,8.85,-6.1
2026-07-27 13:08:06.310,-0.87,0.26,0.05,2.01,9.77,1.16
2026-07-27 13:08:06.364,-0.87,0.26,0.05,2.01,9.77,1.16
2026-07-27 13:08:06.364,-0.88,0.27,0.0,-6.29,-12.08,-2.75
2026-07-27 13:08:06.484,-0.9,0.3,-0.05,-17.88,-46.75,-12.76
2026-07-27 13:08:06.485,-0.9,0.3,-0.05,-17.88,-46.75,-12.76
2026-07-27 13:08:06.485,-0.93,0.29,-0.07,10.86,-73.24,-17.15
2026-07-27 13:08:06.485,-0.93,0.29,-0.07,10.86,-73.24,-17.15
2026-07-27 13:08:06.485,-0.99,0.23,-0.08,55.6,-76.11,-8.3
2026-07-27 13:08:06.605,-0.99,0.23,-0.08,55.6,-76.11,-8.3
2026-07-27 13:08:06.605,-1.04,0.15,-0.1,70.07,-55.48,8.48
2026-07-27 13:08:06.606,-1.04,0.15,-0.1,70.07,-55.48,8.48
2026-07-27 13:08:06.606,-1.13,0.06,-0.12,55.24,-32.9,21.55
2026-07-27 13:08:06.607,-1.31,0.03,-0.11,37.66,-25.45,23.38
2026-07-27 13:08:06.725,-1.31,0.03,-0.11,37.66,-25.45,23.38
2026-07-27 13:08:06.726,-1.27,0.12,-0.14,-0.49,-23.74,6.65
2026-07-27 13:08:06.726,-1.27,0.12,-0.14,-0.49,-23.74,6.65
2026-07-27 13:08:06.726,-0.95,0.29,-0.1,-53.04,11.72,-15.08
2026-07-27 13:08:06.726,-0.95,0.29,-0.1,-53.04,11.72,-15.08
2026-07-27 13:08:06.727,-0.73,0.46,0.06,-55.91,95.09,-20.02
2026-07-27 13:08:06.783,-0.73,0.46,0.06,-10.07,162.96,-6.35
2026-07-27 13:08:06.784,-0.86,0.5,0.15,-10.07,162.96,-6.35
2026-07-27 13:08:06.904,-1.12,0.4,0.09,44.43,155.33,12.82
2026-07-27 13:08:06.904,-1.12,0.4,0.09,44.43,155.33,12.82
2026-07-27 13:08:06.905,-1.12,0.3,-0.03,81.54,92.16,16.6
2026-07-27 13:08:06.905,-1.12,0.3,-0.03,81.54,92.16,16.6
2026-07-27 13:08:06.905,-0.94,0.26,-0.1,71.35,39.55,8.79
2026-07-27 13:08:06.906,-0.94,0.26,-0.1,71.35,39.55,8.79
2026-07-27 13:08:07.085,-0.78,0.23,-0.05,22.71,26.37,4.27
2026-07-27 13:08:07.085,-0.7,0.2,0.03,-24.84,31.37,1.04
2026-07-27 13:08:07.086,-0.7,0.2,0.03,-24.84,31.37,1.04
2026-07-27 13:08:07.264,-0.69,0.24,0.02,-47.73,28.93,-6.41
2026-07-27 13:08:07.264,-0.69,0.24,0.02,-47.73,28.93,-6.41
2026-07-27 13:08:07.264,-0.76,0.3,-0.11,-41.75,8.48,-15.99
2026-07-27 13:08:07.265,-0.76,0.3,-0.11,-41.75,8.48,-15.99
2026-07-27 13:08:07.265,-0.9,0.33,-0.39,-15.81,-18.43,-23.32
2026-07-27 13:08:07.444,-0.9,0.33,-0.39,-15.81,-18.43,-23.32
2026-07-27 13:08:07.444,-1.06,0.33,-0.68,8.73,-23.8,-25.27
2026-07-27 13:08:07.445,-1.01,0.29,-0.66,0.73,4.76,-19.96
2026-07-27 13:08:07.446,-1.01,0.29,-0.66,0.73,4.76,-19.96
2026-07-27 13:08:07.446,-0.95,0.22,-0.34,-43.21,26.67,-15.38
2026-07-27 13:08:07.447,-0.95,0.22,-0.34,-43.21,26.67,-15.38
2026-07-27 13:08:07.447,-1.13,0.26,-0.05,-75.62,2.87,-19.71
2026-07-27 13:08:07.450,-1.13,0.26,-0.05,-75.62,2.87,-19.71
2026-07-27 13:08:07.451,-1.05,0.41,-0.02,-45.17,-37.54,-21.97
2026-07-27 13:08:07.451,-1.05,0.41,-0.02,-45.17,-37.54,-21.97
2026-07-27 13:08:07.452,-0.76,0.46,-0.03,4.76,-48.58,-9.95
2026-07-27 13:08:07.452,-0.74,0.32,0.1,8.36,-26.98,13.85
2026-07-27 13:08:07.453,-0.74,0.32,0.1,8.36,-26.98,13.85
2026-07-27 13:08:07.455,-0.93,0.12,0.07,-32.65,-3.3,39.25
2026-07-27 13:08:07.456,-0.93,0.12,0.07,-32.65,-3.3,39.25
2026-07-27 13:08:07.456,-1.1,0.04,-0.07,-64.51,-13.92,38.7
2026-07-27 13:08:07.864,-1.1,0.04,-0.07,-64.51,-13.92,38.7
2026-07-27 13:08:07.864,-1.09,0.16,-0.08,-46.63,-39.37,2.01
2026-07-27 13:08:07.865,-1.09,0.16,-0.08,-14.28,-42.54,-31.98
2026-07-27 13:08:07.865,-0.99,0.32,-0.03,-14.28,-42.54,-31.98
2026-07-27 13:08:07.867,-0.92,0.33,0.01,5.13,-31.25,-31.56
2026-07-27 13:08:07.867,-0.92,0.33,0.01,5.13,-31.25,-31.56
2026-07-27 13:08:07.867,-0.89,0.24,0.05,14.22,-12.57,-5.8
2026-07-27 13:08:07.868,-0.89,0.24,0.05,14.22,-12.57,-5.8
2026-07-27 13:08:07.868,-0.9,0.16,0.05,14.1,-1.4,15.5
2026-07-27 13:08:07.869,-0.9,0.16,0.05,14.1,-1.4,15.5
2026-07-27 13:08:07.869,-0.93,0.16,-0.01,14.83,-18.92,12.57
2026-07-27 13:08:07.870,-0.96,0.22,-0.07,27.16,-49.32,-3.91
2026-07-27 13:08:07.872,-0.96,0.22,-0.07,27.16,-49.32,-3.91
2026-07-27 13:08:07.872,-0.98,0.3,-0.1,42.3,-64.76,-15.44
2026-07-27 13:08:07.873,-0.98,0.3,-0.1,42.3,-64.76,-15.44
2026-07-27 13:08:07.873,-0.97,0.33,-0.08,52.86,-59.69,-15.38
2026-07-27 13:08:07.874,-0.97,0.33,-0.08,52.86,-59.69,-15.38
2026-07-27 13:08:07.874,-0.96,0.3,-0.05,66.47,-40.95,-3.97
2026-07-27 13:08:07.874,-0.96,0.3,-0.05,66.47,-40.95,-3.97
2026-07-27 13:08:07.933,-1.02,0.21,-0.04,83.56,-19.9,12.57
2026-07-27 13:08:07.934,-1.16,0.13,-0.05,85.14,-3.91,23.19
2026-07-27 13:08:08.225,-1.16,0.13,-0.05,85.14,-3.91,23.19
2026-07-27 13:08:08.225,-1.2,0.18,-0.06,56.27,11.47,18.49
2026-07-27 13:08:08.226,-1.2,0.18,-0.06,56.27,11.47,18.49
2026-07-27 13:08:08.227,-1.01,0.36,-0.09,5.86,28.14,2.32
2026-07-27 13:08:08.228,-1.01,0.36,-0.09,5.86,28.14,2.32
2026-07-27 13:08:08.228,-0.81,0.5,-0.07,-29.66,63.72,5.86
2026-07-27 13:08:08.228,-0.81,0.5,-0.07,-29.66,63.72,5.86
2026-07-27 13:08:08.229,-0.81,0.56,0.04,-13.73,110.72,34.79
2026-07-27 13:08:08.229,-0.94,0.51,0.14,37.05,123.54,60.3
2026-07-27 13:08:08.240,-0.94,0.51,0.14,37.05,123.54,60.3
2026-07-27 13:08:08.241,-0.93,0.36,0.12,53.16,92.1,68.3
2026-07-27 13:08:08.241,-0.93,0.36,0.12,53.16,92.1,68.3
2026-07-27 13:08:08.344,-0.77,0.29,0.02,16.48,40.1,54.69
2026-07-27 13:08:08.345,-0.77,0.29,0.02,16.48,40.1,54.69
2026-07-27 13:08:08.345,-0.67,0.3,-0.07,-18.55,-2.01,31.56
2026-07-27 13:08:08.345,-0.7,0.26,-0.1,-27.89,-25.33,14.77
2026-07-27 13:08:08.825,-0.7,0.26,-0.1,-27.89,-25.33,14.77
2026-07-27 13:08:08.825,-0.82,0.23,-0.07,-25.88,-44.13,-2.14
2026-07-27 13:08:08.826,-0.82,0.23,-0.07,-25.88,-44.13,-2.14
2026-07-27 13:08:08.826,-0.97,0.38,-0.15,-33.14,-63.11,-28.5
2026-07-27 13:08:08.826,-0.97,0.38,-0.15,-33.14,-63.11,-28.5
2026-07-27 13:08:08.826,-0.97,0.38,-0.15,-33.14,-63.11,-28.5
2026-07-27 13:08:08.827,-0.97,0.38,-0.15,-33.14,-63.11,-28.5
2026-07-27 13:08:08.828,-1.03,0.79,-0.44,-38.76,-47.24,-45.84
2026-07-27 13:08:08.828,-1.03,0.79,-0.44,-38.76,-47.24,-45.84
2026-07-27 13:08:08.830,-0.93,0.59,-0.19,2.14,-14.47,-18.01
2026-07-27 13:08:08.830,-0.86,0.37,0.02,7.93,9.52,10.38
2026-07-27 13:08:08.830,-0.86,0.37,0.02,7.93,9.52,10.38
2026-07-27 13:08:08.831,-0.86,0.29,0.0,-8.24,15.32,19.53
2026-07-27 13:08:08.831,-0.86,0.29,0.0,-8.24,15.32,19.53
2026-07-27 13:08:08.831,-0.89,0.32,-0.06,-11.84,2.08,2.99
2026-07-27 13:08:08.831,-0.89,0.32,-0.06,-11.84,2.08,2.99
2026-07-27 13:08:08.831,-0.93,0.38,-0.05,-2.81,-10.99,-17.64
2026-07-27 13:08:08.832,-0.93,0.38,-0.05,-2.81,-10.99,-17.64
2026-07-27 13:08:08.833,-0.93,0.38,-0.05,-2.81,-10.99,-17.64
2026-07-27 13:08:08.833,-0.93,0.38,-0.05,-2.81,-10.99,-17.64
2026-07-27 13:08:08.833,-0.89,0.51,-0.04,-4.27,-4.03,-11.47
2026-07-27 13:08:08.835,-0.89,0.51,-0.04,-4.27,-4.03,-11.47
2026-07-27 13:08:08.835,-0.9,0.47,-0.05,-2.38,-1.59,0.24
2026-07-27 13:08:08.835,-0.92,0.35,-0.03,14.34,-1.71,7.2
2026-07-27 13:08:08.836,-0.92,0.35,-0.03,14.34,-1.71,7.2
2026-07-27 13:08:08.836,-0.93,0.29,-0.04,19.41,-1.34,7.14
2026-07-27 13:08:08.884,-0.93,0.29,-0.04,19.41,-1.34,7.14
2026-07-27 13:08:08.884,-0.92,0.33,-0.05,9.7,-1.1,1.89
2026-07-27 13:08:09.609,-0.92,0.33,-0.05,9.7,-1.1,1.89
2026-07-27 13:08:09.610,-0.91,0.4,-0.06,-0.73,-2.08,-3.54
2026-07-27 13:08:09.610,-0.91,0.4,-0.06,-0.73,-2.08,-3.54
2026-07-27 13:08:09.611,-0.9,0.42,-0.06,-3.17,-2.62,-4.03
2026-07-27 13:08:09.611,-0.9,0.42,-0.06,-3.17,-2.62,-4.03
2026-07-27 13:08:09.611,-0.91,0.4,-0.06,1.04,-1.46,-0.06
2026-07-27 13:08:09.612,-0.92,0.37,-0.07,5.25,1.22,3.72
2026-07-27 13:08:09.613,-0.92,0.37,-0.07,5.25,1.22,3.72
2026-07-27 13:08:09.614,-0.91,0.38,-0.08,5.68,4.76,4.7
2026-07-27 13:08:09.614,-0.91,0.38,-0.08,5.68,4.76,4.7
2026-07-27 13:08:09.614,-0.9,0.41,-0.08,5.07,8.18,3.54
2026-07-27 13:08:09.614,-0.9,0.41,-0.08,5.07,8.18,3.54
2026-07-27 13:08:09.614,-0.9,0.42,-0.08,8.06,10.31,2.93
2026-07-27 13:08:09.614,-0.9,0.42,-0.08,8.06,10.31,2.93
2026-07-27 13:08:09.614,-0.9,0.41,-0.09,12.82,10.44,3.85
2026-07-27 13:08:09.615,-0.9,0.41,-0.09,12.82,10.44,3.85
2026-07-27 13:08:09.615,-0.91,0.38,-0.11,15.2,8.18,4.33
2026-07-27 13:08:09.615,-0.9,0.36,-0.12,13.73,3.85,2.75
2026-07-27 13:08:09.616,-0.9,0.36,-0.12,13.73,3.85,2.75
2026-07-27 13:08:09.616,-0.9,0.38,-0.12,9.09,-0.55,-0.12
2026-07-27 13:08:09.616,-0.9,0.38,-0.12,9.09,-0.55,-0.12
2026-07-27 13:08:09.619,-0.9,0.4,-0.11,4.33,-2.44,-2.32
2026-07-27 13:08:09.620,-0.9,0.4,-0.11,4.33,-2.44,-2.32
2026-07-27 13:08:09.620,-0.9,0.41,-0.12,2.14,-2.32,-2.5
2026-07-27 13:08:09.620,-0.9,0.41,-0.12,2.14,-2.32,-2.5
2026-07-27 13:08:09.621,-0.9,0.41,-0.13,2.32,-1.53,-1.16
2026-07-27 13:08:09.621,-0.9,0.41,-0.13,2.32,-1.53,-1.16
2026-07-27 13:08:09.622,-0.9,0.4,-0.13,3.6,-0.49,0.31
2026-07-27 13:08:09.622,-0.9,0.4,-0.13,3.6,-0.49,0.31
2026-07-27 13:08:09.622,-0.9,0.38,-0.13,4.21,0.85,1.16
2026-07-27 13:08:09.622,-0.9,0.37,-0.13,2.81,2.26,1.46
2026-07-27 13:08:09.622,-0.9,0.37,-0.13,2.81,2.26,1.46
2026-07-27 13:08:09.623,-0.9,0.38,-0.13,-0.79,3.11,1.4
2026-07-27 13:08:09.623,-0.9,0.38,-0.13,-0.79,3.11,1.4
2026-07-27 13:08:09.664,-0.9,0.39,-0.14,-4.94,3.23,1.04
2026-07-27 13:08:09.665,-0.9,0.39,-0.14,-4.94,3.23,1.04
2026-07-27 13:08:09.724,-0.91,0.39,-0.14,-7.51,2.62,0.49
2026-07-27 13:08:09.724,-0.91,0.39,-0.14,-7.51,2.62,0.49
2026-07-27 13:08:09.785,-0.9,0.39,-0.14,-8.12,1.89,0.06
2026-07-27 13:08:09.786,-0.9,0.39,-0.14,-8.12,1.89,0.06
2026-07-27 13:08:09.786,-0.9,0.39,-0.14,-8.12,1.89,0.06
2026-07-27 13:08:09.786,-0.9,0.39,-0.14,-8.12,1.89,0.06
2026-07-27 13:08:09.844,-0.9,0.39,-0.14,-7.51,1.22,-0.12
2026-07-27 13:08:09.845,-0.9,0.39,-0.14,-7.51,1.22,-0.12
2026-07-27 13:08:10.024,-0.9,0.39,-0.14,-8.12,1.34,-0.18
2026-07-27 13:08:10.026,-0.9,0.39,-0.14,-8.61,1.53,-0.31
2026-07-27 13:08:10.026,-0.9,0.4,-0.14,-8.61,1.53,-0.31
2026-07-27 13:08:10.027,-0.9,0.4,-0.13,-8.36,1.65,-0.37
2026-07-27 13:08:10.028,-0.9,0.4,-0.13,-8.36,1.65,-0.37
2026-07-27 13:08:10.028,-0.9,0.41,-0.13,-7.45,1.59,-0.31
2026-07-27 13:08:10.028,-0.9,0.41,-0.13,-7.45,1.59,-0.31
2026-07-27 13:08:10.028,-0.89,0.4,-0.12,-6.47,1.16,-0.37
2026-07-27 13:08:10.029,-0.89,0.4,-0.12,-6.47,1.16,-0.37
2026-07-27 13:08:10.091,-0.9,0.41,-0.12,-5.74,0.67,-0.73
2026-07-27 13:08:10.092,-0.9,0.41,-0.12,-5.74,0.67,-0.73
2026-07-27 13:08:10.203,-0.9,0.42,-0.12,-4.33,0.67,-1.04
2026-07-27 13:08:10.204,-0.9,0.42,-0.12,-1.53,0.92,-0.67
2026-07-27 13:08:10.205,-0.89,0.42,-0.11,-1.53,0.92,-0.67
2026-07-27 13:08:10.205,-0.9,0.41,-0.11,1.28,0.85,0.0
2026-07-27 13:08:10.205,-0.9,0.41,-0.11,1.28,0.85,0.0
2026-07-27 13:08:10.205,-0.9,0.4,-0.11,2.56,0.0,0.49
2026-07-27 13:08:10.265,-0.9,0.4,-0.11,2.56,0.0,0.49
2026-07-27 13:08:10.266,-0.9,0.39,-0.12,2.01,-1.4,0.55
2026-07-27 13:08:10.266,-0.9,0.39,-0.12,2.01,-1.4,0.55
2026-07-27 13:08:10.324,-0.9,0.39,-0.13,0.31,-2.5,0.12
2026-07-27 13:08:10.325,-0.9,0.39,-0.13,0.31,-2.5,0.12
2026-07-27 13:08:10.386,-0.9,0.41,-0.13,-0.67,-2.56,-0.49
2026-07-27 13:08:10.387,-0.9,0.41,-0.13,0.06,-1.65,-0.61
2026-07-27 13:08:10.387,-0.9,0.41,-0.12,0.06,-1.65,-0.61
2026-07-27 13:08:10.444,-0.9,0.4,-0.12,1.28,-0.43,0.0
2026-07-27 13:08:10.444,-0.9,0.4,-0.12,1.28,-0.43,0.0
2026-07-27 13:08:10.503,-0.9,0.4,-0.12,2.01,0.24,0.79
2026-07-27 13:08:10.504,-0.9,0.4,-0.12,2.01,0.24,0.79
2026-07-27 13:08:10.504,-0.9,0.4,-0.12,2.56,-0.18,0.98
2026-07-27 13:08:10.630,-0.9,0.4,-0.12,2.56,-0.18,0.98
2026-07-27 13:08:10.637,-0.9,0.4,-0.12,3.54,-1.53,0.61
2026-07-27 13:08:10.683,-0.9,0.41,-0.13,5.13,-3.11,0.06
2026-07-27 13:08:10.685,-0.9,0.41,-0.13,5.13,-3.11,0.06
2026-07-27 13:08:10.685,-0.9,0.4,-0.14,6.65,-3.78,-0.06
2026-07-27 13:08:10.687,-0.9,0.4,-0.14,6.65,-3.78,-0.06
2026-07-27 13:08:10.687,-0.9,0.4,-0.14,7.45,-3.11,0.18
2026-07-27 13:08:10.687,-0.9,0.4,-0.14,7.45,-3.11,0.18
2026-07-27 13:08:10.804,-0.9,0.39,-0.14,7.81,-1.77,0.37
2026-07-27 13:08:10.804,-0.9,0.39,-0.14,7.81,-1.77,0.37
2026-07-27 13:08:10.805,-0.9,0.38,-0.13,7.51,-0.49,0.43
2026-07-27 13:08:10.805,-0.9,0.38,-0.13,7.51,-0.49,0.43
2026-07-27 13:08:10.806,-0.9,0.38,-0.12,5.62,0.31,0.37
2026-07-27 13:08:10.806,-0.9,0.38,-0.12,3.05,0.43,0.06
2026-07-27 13:08:10.864,-0.9,0.38,-0.12,3.05,0.43,0.06
2026-07-27 13:08:10.864,-0.9,0.39,-0.12,1.28,-0.06,-0.37
2026-07-27 13:08:10.931,-0.9,0.39,-0.12,1.28,-0.06,-0.37
2026-07-27 13:08:10.932,-0.9,0.4,-0.12,0.18,-0.67,-0.73
2026-07-27 13:08:10.932,-0.9,0.4,-0.12,0.18,-0.67,-0.73
2026-07-27 13:08:11.105,-0.9,0.4,-0.12,-0.55,-0.92,-0.67
2026-07-27 13:08:11.105,-0.9,0.4,-0.12,-0.55,-0.92,-0.67
2026-07-27 13:08:11.106,-0.9,0.4,-0.12,-0.85,-0.73,-0.24
2026-07-27 13:08:11.106,-0.9,0.4,-0.12,-0.85,-0.73,-0.24
2026-07-27 13:08:11.106,-0.9,0.4,-0.13,-0.73,-0.43,0.24
2026-07-27 13:08:11.106,-0.9,0.4,-0.13,-1.04,-0.49,0.61
2026-07-27 13:08:11.116,-0.9,0.39,-0.13,-1.04,-0.49,0.61
2026-07-27 13:08:11.116,-0.9,0.38,-0.13,-2.56,-1.28,0.37
2026-07-27 13:08:11.117,-0.9,0.38,-0.13,-2.56,-1.28,0.37
2026-07-27 13:08:11.164,-0.9,0.39,-0.13,-4.46,-1.71,-0.61
2026-07-27 13:08:11.164,-0.9,0.39,-0.13,-4.46,-1.71,-0.61
2026-07-27 13:08:11.225,-0.9,0.4,-0.13,-5.0,-0.85,-1.59
2026-07-27 13:08:11.225,-0.9,0.4,-0.13,-5.0,-0.85,-1.59
2026-07-27 13:08:11.225,-0.89,0.41,-0.12,-4.21,0.98,-1.59
2026-07-27 13:08:11.284,-0.89,0.41,-0.12,-4.21,0.98,-1.59
2026-07-27 13:08:11.284,-0.89,0.4,-0.11,-3.91,2.75,-0.55
2026-07-27 13:08:11.285,-0.89,0.4,-0.11,-4.82,3.54,0.49
2026-07-27 13:08:11.349,-0.89,0.4,-0.11,-4.82,3.54,0.49
2026-07-27 13:08:11.351,-0.9,0.4,-0.12,-6.35,3.11,0.67
2026-07-27 13:08:11.351,-0.9,0.4,-0.12,-6.35,3.11,0.67
2026-07-27 13:08:11.404,-0.9,0.41,-0.13,-7.02,1.77,-0.31
2026-07-27 13:08:11.405,-0.9,0.41,-0.13,-7.02,1.77,-0.31
2026-07-27 13:08:11.531,-0.9,0.42,-0.13,-6.04,0.73,-1.34
2026-07-27 13:08:11.531,-0.9,0.42,-0.13,-6.04,0.73,-1.34
2026-07-27 13:08:11.531,-0.9,0.42,-0.13,-4.76,0.61,-1.34
2026-07-27 13:08:11.532,-0.9,0.42,-0.13,-4.76,0.61,-1.34
2026-07-27 13:08:11.532,-0.9,0.41,-0.13,-4.15,1.1,-0.73
2026-07-27 13:08:11.533,-0.9,0.41,-0.13,-3.6,1.53,-0.31
2026-07-27 13:08:11.583,-0.89,0.41,-0.13,-3.6,1.53,-0.31
2026-07-27 13:08:11.584,-0.89,0.4,-0.12,-2.62,1.89,-0.31
2026-07-27 13:08:11.584,-0.89,0.4,-0.12,-2.62,1.89,-0.31
2026-07-27 13:08:11.647,-0.89,0.4,-0.12,-1.59,2.14,-0.37
2026-07-27 13:08:11.647,-0.89,0.4,-0.12,-1.59,2.14,-0.37
2026-07-27 13:08:11.704,-0.89,0.41,-0.12,-0.92,2.01,-0.43
2026-07-27 13:08:11.704,-0.89,0.41,-0.12,-0.92,2.01,-0.43
2026-07-27 13:08:11.704,-0.9,0.41,-0.12,-0.67,1.53,-0.43
2026-07-27 13:08:11.764,-0.9,0.41,-0.12,-0.67,1.53,-0.43
2026-07-27 13:08:11.765,-0.9,0.41,-0.13,-0.31,1.04,-0.43
2026-07-27 13:08:11.765,-0.89,0.4,-0.13,0.24,0.79,-0.31
2026-07-27 13:08:11.824,-0.89,0.4,-0.13,0.24,0.79,-0.31
2026-07-27 13:08:11.824,-0.89,0.4,-0.13,0.49,0.79,-0.18
2026-07-27 13:08:11.824,-0.89,0.4,-0.13,0.49,0.79,-0.18
2026-07-27 13:08:11.885,-0.89,0.4,-0.13,0.37,1.1,0.0
2026-07-27 13:08:11.885,-0.89,0.4,-0.13,0.37,1.1,0.0
2026-07-27 13:08:11.944,-0.9,0.4,-0.14,0.06,1.65,0.24
2026-07-27 13:08:11.944,-0.9,0.4,-0.14,0.06,1.65,0.24
2026-07-27 13:08:11.945,-0.9,0.4,-0.14,-0.31,2.14,0.37
2026-07-27 13:08:12.005,-0.9,0.4,-0.14,-0.31,2.14,0.37
2026-07-27 13:08:12.005,-0.9,0.4,-0.14,-0.67,2.5,0.31
2026-07-27 13:08:12.006,-0.9,0.4,-0.14,-1.22,2.5,0.43
2026-07-27 13:08:12.063,-0.9,0.4,-0.14,-1.22,2.5,0.43
2026-07-27 13:08:12.064,-0.89,0.4,-0.14,-2.08,2.08,0.49
2026-07-27 13:08:12.124,-0.89,0.4,-0.14,-2.08,2.08,0.49
2026-07-27 13:08:12.124,-0.89,0.4,-0.14,-3.23,1.34,0.37
2026-07-27 13:08:12.125,-0.89,0.4,-0.14,-3.23,1.34,0.37
2026-07-27 13:08:12.184,-0.89,0.4,-0.14,-4.39,0.73,0.12
2026-07-27 13:08:12.184,-0.89,0.4,-0.14,-4.39,0.73,0.12
2026-07-27 13:08:12.184,-0.9,0.4,-0.15,-5.25,0.37,-0.18
2026-07-27 13:08:12.244,-0.9,0.4,-0.15,-5.25,0.37,-0.18
2026-07-27 13:08:12.245,-0.9,0.4,-0.15,-5.25,0.37,-0.18
2026-07-27 13:08:12.245,-0.9,0.4,-0.15,-5.25,0.37,-0.18
2026-07-27 13:08:12.304,-0.89,0.41,-0.14,-4.27,0.06,-0.79
2026-07-27 13:08:12.305,-0.89,0.41,-0.14,-4.27,0.06,-0.79
2026-07-27 13:08:12.305,-0.89,0.41,-0.14,-2.75,0.49,-1.04
2026-07-27 13:08:12.369,-0.89,0.41,-0.14,-1.1,1.22,-0.92
2026-07-27 13:08:12.369,-0.89,0.41,-0.14,-1.1,1.22,-0.92
2026-07-27 13:08:12.424,-0.89,0.4,-0.14,-0.43,1.53,-0.73
2026-07-27 13:08:12.425,-0.89,0.4,-0.14,-0.43,1.53,-0.73
2026-07-27 13:08:12.425,-0.89,0.4,-0.13,-0.98,0.98,-0.79
2026-07-27 13:08:12.492,-0.89,0.4,-0.13,-0.98,0.98,-0.79
2026-07-27 13:08:12.493,-0.89,0.4,-0.13,-1.77,0.06,-1.04
2026-07-27 13:08:12.493,-0.89,0.4,-0.13,-1.77,0.06,-1.04
2026-07-27 13:08:12.545,-0.89,0.41,-0.14,-1.71,-0.67,-1.22
2026-07-27 13:08:12.545,-0.89,0.41,-0.14,-0.73,-1.04,-1.1
2026-07-27 13:08:12.546,-0.89,0.41,-0.14,-0.73,-1.04,-1.1
2026-07-27 13:08:12.610,-0.89,0.41,-0.14,0.55,-0.79,-0.61
2026-07-27 13:08:12.610,-0.89,0.41,-0.14,0.55,-0.79,-0.61
2026-07-27 13:08:12.669,-0.9,0.4,-0.14,1.65,-0.37,-0.06
2026-07-27 13:08:12.669,-0.9,0.4,-0.14,1.65,-0.37,-0.06
2026-07-27 13:08:12.669,-0.9,0.39,-0.14,2.44,-0.18,0.0
2026-07-27 13:08:12.724,-0.9,0.39,-0.14,2.44,-0.18,0.0
2026-07-27 13:08:12.725,-0.9,0.39,-0.14,2.69,-0.18,-0.31
2026-07-27 13:08:12.725,-0.9,0.39,-0.14,2.69,-0.18,-0.31
2026-07-27 13:08:12.844,-0.9,0.4,-0.14,2.44,-0.18,-0.49
2026-07-27 13:08:12.845,-0.9,0.4,-0.14,2.26,-0.24,-0.43
2026-07-27 13:08:12.845,-0.9,0.4,-0.14,2.26,-0.24,-0.43
2026-07-27 13:08:12.846,-0.9,0.4,-0.14,2.38,-0.37,-0.37
2026-07-27 13:08:12.846,-0.9,0.4,-0.14,2.38,-0.37,-0.37
2026-07-27 13:08:12.903,-0.9,0.4,-0.14,2.62,-0.43,-0.24
2026-07-27 13:08:12.904,-0.9,0.4,-0.14,2.62,-0.43,-0.24
2026-07-27 13:08:12.904,-0.9,0.4,-0.14,2.75,-0.49,-0.12
2026-07-27 13:08:12.966,-0.9,0.4,-0.14,2.75,-0.49,-0.12
2026-07-27 13:08:12.972,-0.9,0.39,-0.14,2.5,-0.73,-0.06
2026-07-27 13:08:12.973,-0.9,0.39,-0.14,2.5,-0.73,-0.06
2026-07-27 13:08:13.024,-0.89,0.39,-0.14,1.83,-1.04,-0.06
2026-07-27 13:08:13.024,-0.9,0.4,-0.14,1.04,-1.1,-0.18
2026-07-27 13:08:13.084,-0.9,0.4,-0.14,1.04,-1.1,-0.18
2026-07-27 13:08:13.084,-0.9,0.4,-0.14,0.79,-0.85,-0.18
2026-07-27 13:08:13.085,-0.9,0.4,-0.14,0.79,-0.85,-0.18
2026-07-27 13:08:13.146,-0.9,0.4,-0.14,1.04,-0.61,-0.18
2026-07-27 13:08:13.146,-0.9,0.4,-0.14,1.04,-0.61,-0.18
2026-07-27 13:08:13.147,-0.9,0.4,-0.14,1.04,-0.49,-0.31
2026-07-27 13:08:13.208,-0.9,0.4,-0.14,1.04,-0.49,-0.31
2026-07-27 13:08:13.210,-0.89,0.4,-0.14,0.85,-0.55,-0.37
2026-07-27 13:08:13.211,-0.89,0.4,-0.14,0.55,-0.67,-0.31
2026-07-27 13:08:13.269,-0.89,0.4,-0.14,0.55,-0.67,-0.31
2026-07-27 13:08:13.269,-0.9,0.4,-0.14,0.12,-0.85,-0.24
2026-07-27 13:08:13.329,-0.9,0.4,-0.14,0.12,-0.85,-0.24
2026-07-27 13:08:13.329,-0.9,0.4,-0.14,-0.24,-0.92,-0.18
2026-07-27 13:08:13.329,-0.9,0.4,-0.14,-0.24,-0.92,-0.18
2026-07-27 13:08:13.391,-0.9,0.4,-0.14,-0.37,-0.85,-0.18
2026-07-27 13:08:13.391,-0.9,0.4,-0.14,-0.37,-0.85,-0.18
2026-07-27 13:08:13.391,-0.9,0.4,-0.14,-0.18,-0.79,-0.31
2026-07-27 13:08:13.444,-0.9,0.4,-0.14,-0.18,-0.79,-0.31
2026-07-27 13:08:13.445,-0.89,0.4,-0.14,0.0,-0.85,-0.43
2026-07-27 13:08:13.507,-0.9,0.4,-0.14,0.0,-0.85,-0.43
2026-07-27 13:08:13.508,-0.9,0.4,-0.14,0.0,-0.85,-0.43
2026-07-27 13:08:13.508,-0.9,0.4,-0.14,0.06,-0.85,-0.37
2026-07-27 13:08:13.564,-0.9,0.4,-0.14,0.06,-0.85,-0.37
2026-07-27 13:08:13.565,-0.9,0.4,-0.14,0.43,-0.85,-0.24
2026-07-27 13:08:13.565,-0.9,0.4,-0.14,0.43,-0.85,-0.24
2026-07-27 13:08:13.624,-0.9,0.4,-0.14,0.55,-0.79,-0.12
2026-07-27 13:08:13.624,-0.9,0.4,-0.14,0.55,-0.79,-0.12
2026-07-27 13:08:13.624,-0.9,0.4,-0.14,0.49,-0.92,-0.12
2026-07-27 13:08:13.684,-0.9,0.4,-0.14,0.49,-0.92,-0.12
2026-07-27 13:08:13.685,-0.9,0.4,-0.14,0.49,-0.92,-0.12
2026-07-27 13:08:13.685,-0.9,0.4,-0.14,0.49,-0.92,-0.12
2026-07-27 13:08:13.745,-0.9,0.39,-0.14,0.49,-1.46,-0.43
2026-07-27 13:08:13.745,-0.9,0.39,-0.14,0.49,-1.46,-0.43
2026-07-27 13:08:13.747,-0.9,0.4,-0.14,0.06,-1.4,-0.73
2026-07-27 13:08:13.804,-0.9,0.4,-0.13,0.24,-0.98,-0.79
2026-07-27 13:08:13.805,-0.9,0.4,-0.13,0.24,-0.98,-0.79
2026-07-27 13:08:13.864,-0.9,0.4,-0.13,0.98,-0.55,-0.61
2026-07-27 13:08:13.865,-0.9,0.4,-0.13,0.98,-0.55,-0.61
2026-07-27 13:08:13.865,-0.9,0.4,-0.13,1.53,-0.61,-0.37
2026-07-27 13:08:13.924,-0.9,0.4,-0.13,1.53,-0.61,-0.37
2026-07-27 13:08:13.925,-0.9,0.4,-0.13,1.71,-1.16,-0.31
2026-07-27 13:08:13.925,-0.9,0.4,-0.13,1.71,-1.16,-0.31
2026-07-27 13:08:14.044,-0.9,0.4,-0.13,1.95,-1.71,-0.37
2026-07-27 13:08:14.044,-0.9,0.4,-0.13,1.95,-1.71,-0.37
2026-07-27 13:08:14.045,-0.9,0.4,-0.13,2.44,-1.89,-0.49
2026-07-27 13:08:14.045,-0.9,0.4,-0.13,3.54,-1.89,-0.85
2026-07-27 13:08:14.045,-0.91,0.41,-0.13,3.54,-1.89,-0.85
2026-07-27 13:08:14.104,-0.91,0.41,-0.13,5.68,-1.71,-1.4
2026-07-27 13:08:14.104,-0.91,0.41,-0.13,5.68,-1.71,-1.4
2026-07-27 13:08:14.105,-0.91,0.42,-0.12,9.03,-1.71,-1.89
2026-07-27 13:08:14.164,-0.91,0.42,-0.12,9.03,-1.71,-1.89
2026-07-27 13:08:14.165,-0.9,0.42,-0.11,13.0,-2.32,-2.08
2026-07-27 13:08:14.165,-0.9,0.42,-0.11,13.0,-2.32,-2.08
2026-07-27 13:08:14.235,-0.9,0.42,-0.1,16.72,-3.36,-1.89
2026-07-27 13:08:14.235,-0.9,0.42,-0.1,16.72,-3.36,-1.89
2026-07-27 13:08:14.288,-0.9,0.41,-0.1,20.26,-3.91,-1.4
2026-07-27 13:08:14.289,-0.9,0.41,-0.1,24.84,-3.48,-1.16
2026-07-27 13:08:14.289,-0.9,0.41,-0.1,24.84,-3.48,-1.16
2026-07-27 13:08:14.344,-0.9,0.42,-0.11,32.84,-2.99,-0.98
2026-07-27 13:08:14.344,-0.9,0.42,-0.11,32.84,-2.99,-0.98
2026-07-27 13:08:14.344,-0.9,0.42,-0.11,44.37,-4.03,0.49
2026-07-27 13:08:14.407,-0.9,0.42,-0.11,44.37,-4.03,0.49
2026-07-27 13:08:14.407,-0.91,0.41,-0.11,49.8,-7.69,4.52
2026-07-27 13:08:14.464,-0.91,0.41,-0.11,49.8,-7.69,4.52
2026-07-27 13:08:14.465,-0.91,0.39,-0.13,46.63,-13.49,9.46
2026-07-27 13:08:14.465,-0.9,0.37,-0.15,43.15,-19.23,13.12
2026-07-27 13:08:14.588,-0.9,0.37,-0.15,43.15,-19.23,13.12
2026-07-27 13:08:14.588,-0.9,0.36,-0.19,39.98,-21.67,15.08
2026-07-27 13:08:14.589,-0.9,0.36,-0.19,39.98,-21.67,15.08
2026-07-27 13:08:14.589,-0.9,0.35,-0.26,33.81,-19.29,15.93
2026-07-27 13:08:14.589,-0.9,0.35,-0.26,33.81,-19.29,15.93
2026-07-27 13:08:14.655,-0.91,0.33,-0.29,22.77,-12.82,16.11
2026-07-27 13:08:14.658,-0.9,0.34,-0.27,9.83,-5.74,14.16
2026-07-27 13:08:14.659,-0.9,0.34,-0.27,9.83,-5.74,14.16
2026-07-27 13:08:14.704,-0.86,0.36,-0.2,-0.12,-2.69,9.77
2026-07-27 13:08:14.726,-0.86,0.36,-0.2,-0.12,-2.69,9.77
2026-07-27 13:08:14.727,-0.84,0.4,-0.13,-5.68,-3.42,6.1
2026-07-27 13:08:14.765,-0.84,0.4,-0.13,-5.68,-3.42,6.1
2026-07-27 13:08:14.765,-0.85,0.4,-0.1,-7.51,-6.65,3.36
2026-07-27 13:08:14.765,-0.85,0.4,-0.1,-7.51,-6.65,3.36
2026-07-27 13:08:14.827,-0.87,0.37,-0.1,-1.53,-15.56,-3.6
2026-07-27 13:08:14.827,-0.88,0.34,-0.07,16.36,-28.44,-16.05
2026-07-27 13:08:14.883,-0.88,0.34,-0.07,16.36,-28.44,-16.05
2026-07-27 13:08:14.884,-0.87,0.36,-0.04,30.52,-38.09,-27.71
2026-07-27 13:08:14.884,-0.87,0.36,-0.04,30.52,-38.09,-27.71
2026-07-27 13:08:14.943,-0.89,0.41,-0.05,22.34,-41.02,-34.18
2026-07-27 13:08:14.944,-0.89,0.41,-0.05,22.34,-41.02,-34.18
2026-07-27 13:08:15.004,-0.93,0.44,-0.09,8.12,-39.98,-35.03
2026-07-27 13:08:15.005,-0.93,0.44,-0.09,11.23,-36.87,-30.7
2026-07-27 13:08:15.005,-0.95,0.45,-0.12,11.23,-36.87,-30.7
2026-07-27 13:08:15.124,-0.95,0.46,-0.15,22.22,-29.3,-21.55
2026-07-27 13:08:15.125,-0.95,0.46,-0.15,22.22,-29.3,-21.55
2026-07-27 13:08:15.125,-0.92,0.46,-0.13,32.23,-14.22,-8.61
2026-07-27 13:08:15.125,-0.92,0.46,-0.13,32.23,-14.22,-8.61
2026-07-27 13:08:15.126,-0.9,0.38,-0.03,46.94,1.46,4.39
2026-07-27 13:08:15.126,-0.9,0.38,-0.03,46.94,1.46,4.39
2026-07-27 13:08:15.184,-0.9,0.28,0.05,61.16,7.51,11.72
2026-07-27 13:08:15.308,-0.95,0.24,0.01,58.04,3.36,9.09
2026-07-27 13:08:15.308,-0.95,0.24,0.01,58.04,3.36,9.09
2026-07-27 13:08:15.308,-1.01,0.24,-0.07,38.21,-17.03,-7.57
2026-07-27 13:08:15.308,-1.01,0.24,-0.07,38.21,-17.03,-7.57
2026-07-27 13:08:15.309,-1.02,0.29,-0.13,24.9,-43.21,-31.07
2026-07-27 13:08:15.309,-1.02,0.29,-0.13,24.9,-43.21,-31.07
2026-07-27 13:08:15.364,-0.96,0.37,-0.1,30.76,-44.62,-42.18
2026-07-27 13:08:15.365,-0.96,0.37,-0.1,30.76,-44.62,-42.18
2026-07-27 13:08:15.365,-0.88,0.39,0.0,49.93,-24.78,-32.78
2026-07-27 13:08:15.484,-0.86,0.32,0.06,61.89,-5.49,-12.33
2026-07-27 13:08:15.484,-0.86,0.32,0.06,61.89,-5.49,-12.33
2026-07-27 13:08:15.485,-0.9,0.27,0.06,57.19,7.08,5.13
2026-07-27 13:08:15.485,-0.9,0.27,0.06,57.19,7.08,5.13
2026-07-27 13:08:15.485,-0.94,0.26,0.04,46.08,12.76,12.94
2026-07-27 13:08:15.485,-0.94,0.26,0.04,46.08,12.76,12.94
2026-07-27 13:08:15.547,-0.93,0.26,0.02,37.6,10.01,12.94
2026-07-27 13:08:15.608,-0.9,0.25,0.03,43.09,0.61,10.38
2026-07-27 13:08:15.609,-0.9,0.25,0.03,43.09,0.61,10.38
2026-07-27 13:08:15.609,-0.93,0.21,0.03,55.42,-7.26,10.56
2026-07-27 13:08:15.610,-0.93,0.21,0.03,55.42,-7.26,10.56
2026-07-27 13:08:15.678,-1.02,0.14,-0.01,53.34,-10.93,13.85
2026-07-27 13:08:15.679,-1.02,0.14,-0.01,53.34,-10.93,13.85
2026-07-27 13:08:15.727,-1.06,0.05,-0.06,49.8,-20.81,12.57
2026-07-27 13:08:15.727,-1.06,0.05,-0.06,49.8,-20.81,12.57
2026-07-27 13:08:15.727,-1.04,0.04,-0.06,68.36,-35.95,0.43
2026-07-27 13:08:15.784,-1.0,0.11,-0.02,93.26,-43.46,-15.75
2026-07-27 13:08:15.784,-1.0,0.11,-0.02,93.26,-43.46,-15.75
2026-07-27 13:08:15.785,-0.98,0.18,0.02,96.25,-40.59,-23.32
2026-07-27 13:08:15.846,-0.98,0.18,0.02,96.25,-40.59,-23.32
2026-07-27 13:08:15.846,-0.96,0.25,0.03,76.66,-30.76,-20.32
2026-07-27 13:08:15.904,-0.96,0.25,0.03,76.66,-30.76,-20.32
2026-07-27 13:08:15.904,-0.94,0.29,0.03,61.58,-21.3,-13.85
2026-07-27 13:08:15.904,-0.95,0.29,0.02,65.61,-18.86,-7.63
2026-07-27 13:08:15.964,-0.95,0.29,0.02,65.61,-18.86,-7.63
2026-07-27 13:08:15.965,-0.96,0.25,0.01,75.32,-20.32,-1.65
2026-07-27 13:08:15.965,-0.96,0.25,0.01,75.32,-20.32,-1.65
2026-07-27 13:08:16.024,-0.97,0.21,0.01,78.12,-19.9,3.97
2026-07-27 13:08:16.025,-0.97,0.21,0.01,78.12,-19.9,3.97
2026-07-27 13:08:16.088,-0.97,0.19,0.01,70.62,-16.91,7.81
2026-07-27 13:08:16.089,-0.97,0.19,0.01,70.62,-16.91,7.81
2026-07-27 13:08:16.089,-0.97,0.19,0.01,62.01,-14.65,8.24
2026-07-27 13:08:16.144,-0.97,0.19,0.02,59.94,-14.47,6.16
2026-07-27 13:08:16.144,-0.97,0.19,0.02,59.94,-14.47,6.16
2026-07-27 13:08:16.145,-0.96,0.19,0.02,56.46,-14.71,4.52
2026-07-27 13:08:16.209,-0.96,0.19,0.02,56.46,-14.71,4.52
2026-07-27 13:08:16.209,-0.97,0.17,0.0,50.11,-15.44,3.78
2026-07-27 13:08:16.264,-0.97,0.17,0.0,50.11,-15.44,3.78
2026-07-27 13:08:16.265,-0.98,0.14,-0.03,49.62,-18.01,1.71
2026-07-27 13:08:16.265,-0.98,0.14,-0.03,56.7,-21.0,-2.32
2026-07-27 13:08:16.383,-0.97,0.13,-0.04,56.7,-21.0,-2.32
2026-07-27 13:08:16.384,-0.97,0.15,-0.05,63.11,-21.55,-6.16
2026-07-27 13:08:16.385,-0.97,0.15,-0.05,63.11,-21.55,-6.16
2026-07-27 13:08:16.385,-0.97,0.19,-0.03,59.14,-18.8,-7.26
2026-07-27 13:08:16.385,-0.97,0.19,-0.03,59.14,-18.8,-7.26
2026-07-27 13:08:16.446,-0.95,0.24,-0.02,46.02,-14.04,-5.25
2026-07-27 13:08:16.446,-0.95,0.24,-0.02,46.02,-14.04,-5.25
2026-07-27 13:08:16.503,-0.93,0.27,0.0,33.33,-8.85,-1.83
2026-07-27 13:08:16.504,-0.92,0.27,0.02,27.77,-5.55,1.28
2026-07-27 13:08:16.504,-0.92,0.27,0.02,27.77,-5.55,1.28
2026-07-27 13:08:16.564,-0.93,0.24,0.02,23.99,-6.29,4.52
2026-07-27 13:08:16.564,-0.93,0.24,0.02,23.99,-6.29,4.52
2026-07-27 13:08:16.565,-0.98,0.17,-0.0,13.55,-9.89,8.24
2026-07-27 13:08:16.624,-0.98,0.17,-0.0,13.55,-9.89,8.24
2026-07-27 13:08:16.624,-1.03,0.13,-0.02,8.36,-13.24,9.16
2026-07-27 13:08:16.624,-1.03,0.19,-0.01,14.83,-13.18,3.17
2026-07-27 13:08:16.684,-1.03,0.19,-0.01,14.83,-13.18,3.17
2026-07-27 13:08:16.743,-0.99,0.3,0.03,31.74,-11.47,-7.45
2026-07-27 13:08:16.745,-0.99,0.3,0.03,31.74,-11.47,-7.45
2026-07-27 13:08:16.745,-0.96,0.37,0.07,56.76,-12.51,-16.05
2026-07-27 13:08:16.745,-0.96,0.37,0.07,56.76,-12.51,-16.05
2026-07-27 13:08:16.804,-0.94,0.38,0.07,70.92,-13.67,-17.4
2026-07-27 13:08:16.805,-0.94,0.38,0.07,70.92,-13.67,-17.4
2026-07-27 13:08:16.805,-0.94,0.36,0.03,73.3,-13.0,-12.51
2026-07-27 13:08:16.864,-0.93,0.35,-0.02,91.37,-17.27,-9.28
2026-07-27 13:08:16.924,-0.93,0.35,-0.02,91.37,-17.27,-9.28
2026-07-27 13:08:16.924,-0.93,0.37,-0.02,136.41,-21.18,-13.06
2026-07-27 13:08:16.924,-0.93,0.37,-0.02,136.41,-21.18,-13.06
2026-07-27 13:08:16.924,-0.94,0.43,0.03,168.4,-5.98,-16.48
2026-07-27 13:08:16.984,-0.94,0.43,0.03,168.4,-5.98,-16.48
2026-07-27 13:08:16.984,-0.96,0.49,0.12,148.86,30.27,-3.66
2026-07-27 13:08:16.985,-0.99,0.49,0.18,81.12,63.11,28.69
2026-07-27 13:08:17.047,-0.99,0.49,0.18,81.12,63.11,28.69
2026-07-27 13:08:17.048,-0.98,0.34,0.13,21.24,63.96,63.23
2026-07-27 13:08:17.048,-0.98,0.34,0.13,21.24,63.96,63.23
2026-07-27 13:08:17.104,-0.93,0.12,-0.01,18.37,39.06,80.38
2026-07-27 13:08:17.104,-0.93,0.12,-0.01,18.37,39.06,80.38
2026-07-27 13:08:17.166,-0.89,0.06,-0.16,43.76,17.4,72.81
2026-07-27 13:08:17.167,-0.89,0.06,-0.16,58.47,4.09,46.39
2026-07-27 13:08:17.168,-0.84,0.21,-0.19,58.47,4.09,46.39
2026-07-27 13:08:17.224,-0.79,0.41,-0.14,54.75,-10.25,19.23
2026-07-27 13:08:17.224,-0.79,0.41,-0.14,54.75,-10.25,19.23
2026-07-27 13:08:17.284,-0.76,0.49,-0.16,43.4,-28.75,4.76
2026-07-27 13:08:17.285,-0.76,0.49,-0.16,43.4,-28.75,4.76
2026-07-27 13:08:17.285,-0.83,0.51,-0.3,42.6,-47.79,0.85
2026-07-27 13:08:17.347,-0.83,0.51,-0.3,42.6,-47.79,0.85
2026-07-27 13:08:17.347,-0.93,0.49,-0.43,54.44,-49.01,3.23
2026-07-27 13:08:17.348,-0.86,0.39,-0.39,53.59,-22.4,10.5
2026-07-27 13:08:17.405,-0.86,0.39,-0.39,53.59,-22.4,10.5
2026-07-27 13:08:17.405,-0.75,0.26,-0.26,31.86,-0.73,12.57
2026-07-27 13:08:17.584,-0.75,0.26,-0.26,31.86,-0.73,12.57
2026-07-27 13:08:17.585,-1.02,0.2,-0.16,21.42,-23.5,-4.76
2026-07-27 13:08:17.585,-1.02,0.2,-0.16,21.42,-23.5,-4.76
2026-07-27 13:08:17.585,-1.22,0.3,-0.18,49.93,-67.75,-34.0
2026-07-27 13:08:17.585,-1.22,0.3,-0.18,49.93,-67.75,-34.0
2026-07-27 13:08:17.586,-1.01,0.4,-0.15,73.79,-74.71,-46.02
2026-07-27 13:08:17.586,-0.8,0.35,0.06,36.68,-38.82,-28.44
2026-07-27 13:08:17.587,-0.8,0.35,0.06,36.68,-38.82,-28.44
2026-07-27 13:08:17.650,-0.84,0.25,0.16,-36.07,2.2,3.3
2026-07-27 13:08:17.650,-0.84,0.25,0.16,-36.07,2.2,3.3
2026-07-27 13:08:17.651,-0.98,0.19,0.06,-73.12,14.83,20.57
2026-07-27 13:08:17.706,-0.98,0.19,0.06,-73.12,14.83,20.57
2026-07-27 13:08:17.706,-1.01,0.22,0.02,-34.18,-7.93,6.77
2026-07-27 13:08:17.706,-1.01,0.22,0.02,29.97,-32.35,-15.08
2026-07-27 13:08:17.764,-0.98,0.27,0.04,29.97,-32.35,-15.08
2026-07-27 13:08:17.765,-0.98,0.24,0.04,48.34,-34.0,-18.8
2026-07-27 13:08:17.824,-0.98,0.24,0.04,48.34,-34.0,-18.8
2026-07-27 13:08:17.824,-0.98,0.16,0.02,20.81,-18.55,-9.03
2026-07-27 13:08:17.825,-0.98,0.16,0.02,20.81,-18.55,-9.03
2026-07-27 13:08:17.897,-0.98,0.13,0.02,-14.22,-0.55,-2.56
2026-07-27 13:08:17.899,-0.98,0.13,0.02,-14.22,-0.55,-2.56
2026-07-27 13:08:17.899,-0.96,0.18,0.02,-20.02,-0.18,-9.16
2026-07-27 13:08:18.004,-0.93,0.25,-0.01,5.19,-21.36,-23.56
2026-07-27 13:08:18.007,-0.93,0.25,-0.01,5.19,-21.36,-23.56
2026-07-27 13:08:18.007,-0.91,0.28,-0.04,22.77,-44.07,-32.84
2026-07-27 13:08:18.007,-0.91,0.28,-0.04,22.77,-44.07,-32.84
2026-07-27 13:08:18.008,-0.9,0.28,-0.05,17.82,-49.07,-30.09
2026-07-27 13:08:18.243,-0.9,0.28,-0.05,17.82,-49.07,-30.09
2026-07-27 13:08:18.244,-0.92,0.25,-0.07,15.56,-41.87,-18.37
2026-07-27 13:08:18.245,-0.92,0.25,-0.07,30.7,-41.69,-6.16
2026-07-27 13:08:18.245,-0.98,0.2,-0.14,30.7,-41.69,-6.16
2026-07-27 13:08:18.245,-1.03,0.15,-0.27,47.91,-50.6,1.4
2026-07-27 13:08:18.246,-1.03,0.15,-0.27,47.91,-50.6,1.4
2026-07-27 13:08:18.246,-1.21,0.13,-0.28,52.73,-38.33,9.64
2026-07-27 13:08:18.247,-1.21,0.13,-0.28,52.73,-38.33,9.64
2026-07-27 13:08:18.247,-1.35,0.21,-0.12,40.16,19.47,16.05
2026-07-27 13:08:18.247,-1.35,0.21,-0.12,40.16,19.47,16.05
2026-07-27 13:08:18.248,-1.17,0.41,0.01,0.06,97.29,7.51
2026-07-27 13:08:18.365,-0.97,0.56,0.12,-27.34,158.57,5.37
2026-07-27 13:08:18.370,-0.97,0.56,0.12,-27.34,158.57,5.37
2026-07-27 13:08:18.370,-0.91,0.46,0.22,9.77,169.01,28.69
2026-07-27 13:08:18.370,-0.91,0.46,0.22,9.77,169.01,28.69
2026-07-27 13:08:18.370,-0.88,0.22,0.2,72.88,117.13,50.9
2026-07-27 13:08:18.607,-0.88,0.22,0.2,72.88,117.13,50.9
2026-07-27 13:08:18.607,-0.85,0.08,0.02,86.0,46.08,46.14
2026-07-27 13:08:18.608,-0.85,0.08,0.02,86.0,46.08,46.14
2026-07-27 13:08:18.609,-0.83,0.12,-0.09,41.38,7.69,18.68
2026-07-27 13:08:18.609,-0.8,0.28,-0.06,-13.0,7.32,-10.8
2026-07-27 13:08:18.609,-0.8,0.28,-0.06,-13.0,7.32,-10.8
2026-07-27 13:08:18.609,-0.78,0.39,-0.06,-30.76,6.1,-33.26
2026-07-27 13:08:18.609,-0.78,0.39,-0.06,-30.76,6.1,-33.26
2026-07-27 13:08:18.609,-0.82,0.39,-0.17,-3.3,-13.06,-42.3
2026-07-27 13:08:18.610,-0.82,0.39,-0.17,-3.3,-13.06,-42.3
2026-07-27 13:08:18.610,-0.94,0.31,-0.36,30.82,-29.85,-31.25
2026-07-27 13:08:18.664,-1.02,0.26,-0.5,35.46,-29.17,-15.32
2026-07-27 13:08:18.665,-1.02,0.26,-0.5,35.46,-29.17,-15.32
2026-07-27 13:08:18.725,-0.99,0.26,-0.49,8.06,-12.08,-8.0
2026-07-27 13:08:18.725,-0.99,0.26,-0.49,8.06,-12.08,-8.0
2026-07-27 13:08:18.843,-0.87,0.26,-0.33,-27.77,11.29,-5.31
2026-07-27 13:08:18.844,-0.87,0.26,-0.33,-27.77,11.29,-5.31
2026-07-27 13:08:18.844,-0.77,0.26,-0.13,-54.38,16.54,-5.19
2026-07-27 13:08:18.845,-0.88,0.31,-0.01,-62.32,-5.74,-6.53
2026-07-27 13:08:18.845,-0.88,0.31,-0.01,-62.32,-5.74,-6.53
2026-07-27 13:08:18.845,-1.1,0.41,-0.1,-42.18,-36.38,-8.18
2026-07-27 13:08:18.964,-1.1,0.41,-0.1,-42.18,-36.38,-8.18
2026-07-27 13:08:18.964,-1.09,0.47,-0.27,-1.59,-54.26,-9.95
2026-07-27 13:08:18.965,-1.09,0.47,-0.27,-1.59,-54.26,-9.95
2026-07-27 13:08:19.023,-0.9,0.38,-0.21,29.66,-49.56,-7.2
2026-07-27 13:08:19.024,-0.9,0.38,-0.21,29.66,-49.56,-7.2
2026-07-27 13:08:19.024,-0.81,0.22,-0.01,27.71,-29.79,5.07
2026-07-27 13:08:19.024,-0.88,0.11,0.04,-2.56,-14.22,19.71
2026-07-27 13:08:19.025,-0.88,0.11,0.04,-2.56,-14.22,19.71
2026-07-27 13:08:19.089,-1.01,0.1,-0.04,-20.75,-21.42,19.23
2026-07-27 13:08:19.090,-1.01,0.1,-0.04,-20.75,-21.42,19.23
2026-07-27 13:08:19.090,-1.03,0.18,-0.07,4.46,-45.29,-0.73
2026-07-27 13:08:19.144,-1.03,0.18,-0.07,4.46,-45.29,-0.73
2026-07-27 13:08:19.144,-0.96,0.25,-0.06,25.94,-53.04,-17.88
2026-07-27 13:08:19.145,-0.96,0.25,-0.06,25.94,-53.04,-17.88
2026-07-27 13:08:19.264,-0.94,0.23,-0.03,-5.98,-27.47,-12.15
2026-07-27 13:08:19.265,-0.98,0.18,0.01,-54.32,11.9,5.43
2026-07-27 13:08:19.265,-0.98,0.18,0.01,-54.32,11.9,5.43
2026-07-27 13:08:19.265,-1.01,0.19,0.03,-68.3,31.43,10.86
2026-07-27 13:08:19.266,-1.01,0.19,0.03,-68.3,31.43,10.86
2026-07-27 13:08:19.326,-1.0,0.24,0.03,-40.28,19.41,-0.92
2026-07-27 13:08:19.326,-1.0,0.24,0.03,-40.28,19.41,-0.92
2026-07-27 13:08:19.327,-0.95,0.25,0.02,8.48,-5.98,-14.28
2026-07-27 13:08:19.384,-0.95,0.25,0.02,36.93,-20.32,-15.32
2026-07-27 13:08:19.446,-0.92,0.22,0.02,36.93,-20.32,-15.32
2026-07-27 13:08:19.447,-0.93,0.18,0.01,24.96,-16.6,-7.02
2026-07-27 13:08:19.447,-0.93,0.18,0.01,24.96,-16.6,-7.02
2026-07-27 13:08:19.447,-0.95,0.18,-0.0,-0.92,-6.71,-1.28
2026-07-27 13:08:19.569,-0.95,0.18,-0.0,-0.92,-6.71,-1.28
2026-07-27 13:08:19.627,-0.96,0.22,-0.01,-7.93,-5.98,-2.99
2026-07-27 13:08:19.627,-0.96,0.22,-0.01,-7.93,-5.98,-2.99
2026-07-27 13:08:19.628,-0.95,0.24,-0.02,7.81,-15.62,-6.29
2026-07-27 13:08:19.628,-0.95,0.24,-0.02,7.81,-15.62,-6.29
2026-07-27 13:08:19.629,-0.95,0.25,-0.02,29.6,-24.84,-5.19
2026-07-27 13:08:19.629,-0.96,0.24,-0.02,41.63,-27.04,0.37
2026-07-27 13:08:19.629,-0.96,0.24,-0.02,41.63,-27.04,0.37
2026-07-27 13:08:19.687,-0.97,0.21,-0.02,37.54,-23.01,8.0
2026-07-27 13:08:19.688,-0.97,0.21,-0.02,37.54,-23.01,8.0
2026-07-27 13:08:19.688,-0.98,0.18,-0.04,28.26,-18.92,13.43
2026-07-27 13:08:19.743,-0.98,0.18,-0.04,28.26,-18.92,13.43
2026-07-27 13:08:19.746,-0.99,0.16,-0.08,30.82,-23.56,12.51
2026-07-27 13:08:19.804,-1.02,0.15,-0.12,45.84,-38.7,7.26
2026-07-27 13:08:19.804,-1.02,0.15,-0.12,45.84,-38.7,7.26
2026-07-27 13:08:19.804,-1.11,0.11,-0.13,67.02,-50.17,5.37
2026-07-27 13:08:19.941,-1.11,0.11,-0.13,67.02,-50.17,5.37
2026-07-27 13:08:19.941,-1.18,0.16,-0.1,72.63,-37.41,6.04
2026-07-27 13:08:19.942,-1.18,0.16,-0.1,72.63,-37.41,6.04
2026-07-27 13:08:19.942,-1.11,0.3,-0.11,30.03,-9.58,-2.87
2026-07-27 13:08:19.942,-1.11,0.3,-0.11,30.03,-9.58,-2.87
2026-07-27 13:08:19.988,-0.94,0.4,-0.13,-18.98,24.11,-12.08
2026-07-27 13:08:19.988,-0.94,0.4,-0.13,-18.98,24.11,-12.08
2026-07-27 13:08:19.988,-0.94,0.4,-0.13,-18.98,24.11,-12.08
2026-07-27 13:08:19.988,-0.94,0.4,-0.13,-18.98,24.11,-12.08
2026-07-27 13:08:20.046,-0.93,0.28,0.08,20.26,119.14,18.43
2026-07-27 13:08:20.046,-0.93,0.28,0.08,31.74,127.99,35.03
2026-07-27 13:08:20.104,-1.02,0.18,0.16,31.74,127.99,35.03
2026-07-27 13:08:20.106,-0.99,0.19,0.09,17.76,92.71,28.69
2026-07-27 13:08:20.106,-0.99,0.19,0.09,17.76,92.71,28.69
2026-07-27 13:08:20.165,-0.89,0.25,-0.09,14.47,30.27,-4.64
2026-07-27 13:08:20.165,-0.89,0.25,-0.09,14.47,30.27,-4.64
2026-07-27 13:08:20.225,-0.82,0.32,-0.17,37.48,-11.11,-38.7
2026-07-27 13:08:20.225,-0.82,0.32,-0.17,37.48,-11.11,-38.7
2026-07-27 13:08:20.225,-0.79,0.37,-0.14,35.1,-9.22,-46.63
2026-07-27 13:08:20.284,-0.82,0.35,-0.14,1.65,8.36,-29.11
2026-07-27 13:08:20.284,-0.82,0.35,-0.14,1.65,8.36,-29.11
2026-07-27 13:08:20.285,-0.88,0.27,-0.2,-20.02,17.94,-5.74
2026-07-27 13:08:20.343,-0.88,0.27,-0.2,-20.02,17.94,-5.74
2026-07-27 13:08:20.344,-0.93,0.18,-0.25,-25.02,16.91,7.02
2026-07-27 13:08:20.345,-0.93,0.18,-0.25,-25.02,16.91,7.02
2026-07-27 13:08:20.404,-0.93,0.18,-0.27,-32.84,12.88,7.02
2026-07-27 13:08:20.405,-0.93,0.18,-0.27,-32.84,12.88,7.02
2026-07-27 13:08:20.524,-0.9,0.26,-0.3,-45.9,10.68,2.44
2026-07-27 13:08:20.524,-0.88,0.35,-0.33,-51.94,7.32,-1.65
2026-07-27 13:08:20.524,-0.88,0.35,-0.33,-51.94,7.32,-1.65
2026-07-27 13:08:20.525,-0.87,0.35,-0.29,-50.6,2.99,-3.17
2026-07-27 13:08:20.525,-0.87,0.35,-0.29,-50.6,2.99,-3.17
2026-07-27 13:08:20.586,-0.91,0.31,-0.17,-49.93,1.59,-0.98
2026-07-27 13:08:20.587,-0.91,0.31,-0.17,-50.23,-7.51,-2.62
2026-07-27 13:08:20.587,-1.05,0.34,-0.09,-50.23,-7.51,-2.62
2026-07-27 13:08:20.643,-1.06,0.44,-0.15,-34.36,-28.38,-11.35
2026-07-27 13:08:20.644,-1.06,0.44,-0.15,-34.36,-28.38,-11.35
2026-07-27 13:08:20.644,-0.93,0.41,-0.2,-3.54,-35.22,-9.28
2026-07-27 13:08:20.704,-0.93,0.41,-0.2,-3.54,-35.22,-9.28
2026-07-27 13:08:20.705,-0.87,0.25,-0.09,8.97,-24.35,3.17
2026-07-27 13:08:20.705,-0.87,0.25,-0.09,8.97,-24.35,3.17
2026-07-27 13:08:20.764,-0.91,0.17,-0.04,-2.62,-20.39,6.77
2026-07-27 13:08:20.765,-0.91,0.17,-0.04,-0.79,-31.62,-0.49
2026-07-27 13:08:21.004,-0.95,0.22,-0.09,-0.79,-31.62,-0.49
2026-07-27 13:08:21.064,-0.96,0.29,-0.09,20.69,-40.59,-8.48
2026-07-27 13:08:21.064,-0.96,0.29,-0.09,20.69,-40.59,-8.48
2026-07-27 13:08:21.064,-0.94,0.28,-0.04,23.07,-32.35,-8.18
2026-07-27 13:08:21.065,-0.94,0.28,-0.04,23.07,-32.35,-8.18
2026-07-27 13:08:21.065,-0.96,0.21,-0.0,-1.28,-16.42,-0.61
2026-07-27 13:08:21.065,-0.96,0.21,-0.0,-1.28,-16.42,-0.61
2026-07-27 13:08:21.245,-0.97,0.16,0.01,-26.25,-2.56,6.84
2026-07-27 13:08:21.246,-0.98,0.17,0.01,-40.04,6.29,8.36
2026-07-27 13:08:21.246,-0.98,0.17,0.01,-40.04,6.29,8.36
2026-07-27 13:08:21.246,-0.99,0.22,-0.01,-45.35,6.29,2.56
2026-07-27 13:08:21.246,-0.99,0.22,-0.01,-45.35,6.29,2.56
2026-07-27 13:08:21.247,-0.99,0.26,-0.02,-32.23,-1.4,-5.43
2026-07-27 13:08:21.247,-0.99,0.26,-0.02,-32.23,-1.4,-5.43
2026-07-27 13:08:21.247,-0.96,0.25,-0.0,0.61,-9.34,-8.3
2026-07-27 13:08:21.248,-0.96,0.25,-0.0,0.61,-9.34,-8.3
2026-07-27 13:08:21.248,-0.94,0.21,0.02,20.57,-12.21,-4.76
2026-07-27 13:08:21.248,-0.94,0.21,0.02,10.01,-9.4,0.06
2026-07-27 13:08:21.248,-0.93,0.19,0.03,10.01,-9.4,0.06
2026-07-27 13:08:21.249,-0.94,0.22,0.02,-8.85,-6.41,1.65
2026-07-27 13:08:21.249,-0.94,0.22,0.02,-8.85,-6.41,1.65
2026-07-27 13:08:21.250,-0.96,0.25,0.0,-16.85,-8.85,1.4
2026-07-27 13:08:21.309,-0.96,0.25,0.0,-16.85,-8.85,1.4
2026-07-27 13:08:21.311,-0.97,0.24,-0.03,-15.01,-13.18,3.48
2026-07-27 13:08:21.311,-0.97,0.24,-0.03,-15.01,-13.18,3.48
2026-07-27 13:08:21.365,-0.97,0.23,-0.04,-10.31,-11.84,8.36
2026-07-27 13:08:21.365,-0.97,0.23,-0.04,-8.12,-6.1,13.67
2026-07-27 13:08:21.484,-0.98,0.22,-0.04,-8.12,-6.1,13.67
2026-07-27 13:08:21.485,-1.0,0.21,-0.06,-9.03,-1.4,17.76
2026-07-27 13:08:21.485,-1.0,0.21,-0.06,-9.03,-1.4,17.76
2026-07-27 13:08:21.486,-1.06,0.21,-0.07,-5.8,-0.24,18.68
2026-07-27 13:08:21.486,-1.06,0.21,-0.07,-5.8,-0.24,18.68
2026-07-27 13:08:21.544,-1.08,0.23,-0.03,6.77,-1.4,14.4
2026-07-27 13:08:21.544,-1.08,0.23,-0.03,6.77,-1.4,14.4
2026-07-27 13:08:21.545,-1.0,0.29,0.02,21.67,-0.98,6.59
2026-07-27 13:08:21.607,-1.0,0.29,0.02,21.67,-0.98,6.59
2026-07-27 13:08:21.607,-0.88,0.35,0.03,23.07,-0.31,0.06
2026-07-27 13:08:21.608,-0.85,0.38,-0.02,8.61,-3.85,-1.53
2026-07-27 13:08:21.669,-0.85,0.38,-0.02,8.61,-3.85,-1.53
2026-07-27 13:08:21.669,-0.9,0.38,-0.09,-5.37,-0.37,4.52
2026-07-27 13:08:21.671,-0.9,0.38,-0.09,-5.37,-0.37,4.52
2026-07-27 13:08:21.783,-0.95,0.38,-0.13,-3.85,20.45,16.78
2026-07-27 13:08:21.784,-0.95,0.38,-0.13,-3.85,20.45,16.78
2026-07-27 13:08:21.784,-0.96,0.38,-0.16,0.85,45.65,26.18
2026-07-27 13:08:21.785,-0.96,0.38,-0.16,0.85,45.65,26.18
2026-07-27 13:08:21.785,-0.94,0.35,-0.14,-2.99,62.07,27.04
2026-07-27 13:08:21.964,-0.9,0.31,-0.08,-4.03,63.29,18.43
2026-07-27 13:08:21.964,-0.9,0.31,-0.08,-4.03,63.29,18.43
2026-07-27 13:08:21.965,-0.87,0.3,-0.0,0.98,46.14,3.17
2026-07-27 13:08:22.084,-0.87,0.3,-0.0,0.98,46.14,3.17
2026-07-27 13:08:22.143,-0.85,0.35,-0.0,5.98,18.37,-13.73
2026-07-27 13:08:22.144,-0.85,0.35,-0.0,5.98,18.37,-13.73
2026-07-27 13:08:22.145,-0.83,0.41,-0.06,6.04,-3.17,-26.0
2026-07-27 13:08:22.145,-0.83,0.41,-0.06,6.04,-3.17,-26.0
2026-07-27 13:08:22.145,-0.84,0.43,-0.12,6.23,-10.56,-29.24
2026-07-27 13:08:22.145,-0.87,0.41,-0.15,12.39,-11.54,-25.63
2026-07-27 13:08:22.146,-0.87,0.41,-0.15,12.39,-11.54,-25.63
2026-07-27 13:08:22.146,-0.92,0.36,-0.2,18.92,-11.29,-18.74
2026-07-27 13:08:22.147,-0.92,0.36,-0.2,18.92,-11.29,-18.74
2026-07-27 13:08:22.148,-0.97,0.31,-0.25,17.82,-8.0,-12.57
2026-07-27 13:08:22.148,-0.97,0.31,-0.25,17.82,-8.0,-12.57
2026-07-27 13:08:22.153,-0.97,0.28,-0.27,10.01,0.12,-9.89
2026-07-27 13:08:22.204,-0.97,0.28,-0.27,10.01,0.12,-9.89
2026-07-27 13:08:22.264,-0.95,0.25,-0.25,0.61,11.41,-9.7
2026-07-27 13:08:22.265,-0.94,0.23,-0.23,-7.26,21.36,-10.93
2026-07-27 13:08:22.265,-0.94,0.23,-0.23,-7.26,21.36,-10.93
2026-07-27 13:08:22.268,-0.93,0.23,-0.22,-15.44,27.65,-13.49
2026-07-27 13:08:22.324,-0.93,0.23,-0.22,-15.44,27.65,-13.49
2026-07-27 13:08:22.324,-0.9,0.26,-0.21,-24.48,29.85,-16.05
2026-07-27 13:08:22.325,-0.9,0.26,-0.21,-24.48,29.85,-16.05
2026-07-27 13:08:22.386,-0.88,0.29,-0.21,-28.32,27.4,-16.05
2026-07-27 13:08:22.386,-0.87,0.29,-0.23,-26.55,22.34,-13.61
2026-07-27 13:08:22.386,-0.87,0.29,-0.23,-26.55,22.34,-13.61
2026-07-27 13:08:22.511,-0.87,0.28,-0.24,-23.93,17.52,-11.35
2026-07-27 13:08:22.511,-0.87,0.28,-0.24,-23.93,17.52,-11.35
2026-07-27 13:08:22.511,-0.85,0.26,-0.24,-23.8,13.31,-10.44
2026-07-27 13:08:22.512,-0.83,0.26,-0.23,-27.16,8.79,-9.16
2026-07-27 13:08:22.512,-0.83,0.26,-0.23,-27.16,8.79,-9.16
2026-07-27 13:08:22.564,-0.81,0.26,-0.24,-32.17,4.58,-5.74
2026-07-27 13:08:22.564,-0.81,0.26,-0.24,-32.17,4.58,-5.74
2026-07-27 13:08:22.685,-0.8,0.3,-0.26,-36.44,1.34,-0.61
2026-07-27 13:08:22.685,-0.8,0.3,-0.26,-36.44,1.34,-0.61
2026-07-27 13:08:22.685,-0.86,0.35,-0.28,-35.58,-5.13,3.11
2026-07-27 13:08:22.744,-0.86,0.35,-0.28,-35.58,-5.13,3.11
2026-07-27 13:08:22.804,-1.07,0.36,-0.36,-22.83,-19.23,1.16
2026-07-27 13:08:22.804,-1.18,0.29,-0.36,-0.85,-31.37,-8.0
2026-07-27 13:08:22.805,-1.18,0.29,-0.36,-0.85,-31.37,-8.0
2026-07-27 13:08:22.805,-1.03,0.25,-0.2,8.06,-28.56,-15.32
2026-07-27 13:08:22.805,-1.03,0.25,-0.2,8.06,-28.56,-15.32
2026-07-27 13:08:22.805,-0.91,0.25,-0.05,-6.29,-18.01,-6.77
2026-07-27 13:08:22.806,-0.91,0.25,-0.05,-6.29,-18.01,-6.77
2026-07-27 13:08:22.864,-0.89,0.22,0.01,-22.28,-14.47,8.54
2026-07-27 13:08:22.867,-0.89,0.22,0.01,-22.28,-14.47,8.54
2026-07-27 13:08:22.867,-0.91,0.23,-0.01,-27.77,-22.89,9.64
2026-07-27 13:08:22.929,-0.94,0.24,-0.02,-29.72,-29.6,2.87
2026-07-27 13:08:22.932,-0.94,0.24,-0.02,-29.72,-29.6,2.87
2026-07-27 13:08:22.985,-0.98,0.24,-0.01,-38.02,-19.78,1.77
2026-07-27 13:08:22.985,-0.98,0.24,-0.01,-38.02,-19.78,1.77
2026-07-27 13:08:22.986,-1.0,0.24,-0.01,-53.59,-2.87,2.38
2026-07-27 13:08:23.044,-1.0,0.24,-0.01,-53.59,-2.87,2.38
2026-07-27 13:08:23.044,-1.0,0.24,-0.0,-54.63,5.31,0.24
2026-07-27 13:08:23.224,-1.0,0.24,-0.0,-54.63,5.31,0.24
2026-07-27 13:08:23.224,-0.95,0.23,0.01,-25.45,0.12,-3.6
2026-07-27 13:08:23.226,-0.92,0.21,0.02,8.67,-12.88,-6.16
2026-07-27 13:08:23.226,-0.92,0.21,0.02,8.67,-12.88,-6.16
2026-07-27 13:08:23.226,-0.93,0.2,-0.0,15.26,-24.72,-7.02
2026-07-27 13:08:23.227,-0.93,0.2,-0.0,15.26,-24.72,-7.02
2026-07-27 13:08:23.229,-0.95,0.21,-0.03,3.23,-29.91,-8.67
2026-07-27 13:08:23.229,-0.95,0.21,-0.03,3.23,-29.91,-8.67
2026-07-27 13:08:23.230,-0.96,0.24,-0.03,-5.62,-28.81,-10.99
2026-07-27 13:08:23.348,-0.96,0.24,-0.03,-5.62,-28.81,-10.99
2026-07-27 13:08:23.348,-0.95,0.26,-0.01,-5.86,-24.35,-9.4
2026-07-27 13:08:23.348,-0.95,0.24,-0.01,0.61,-19.17,-1.65
2026-07-27 13:08:23.348,-0.95,0.24,-0.01,0.61,-19.17,-1.65
2026-07-27 13:08:23.348,-0.96,0.2,-0.02,11.84,-17.76,7.93
2026-07-27 13:08:23.464,-0.96,0.2,-0.02,11.84,-17.76,7.93
2026-07-27 13:08:23.465,-0.99,0.15,-0.04,20.94,-20.75,15.08
2026-07-27 13:08:23.465,-0.99,0.15,-0.04,20.94,-20.75,15.08
2026-07-27 13:08:23.466,-1.02,0.11,-0.07,23.38,-23.01,18.8
2026-07-27 13:08:23.466,-1.02,0.11,-0.07,23.38,-23.01,18.8
2026-07-27 13:08:23.466,-1.11,0.12,-0.08,16.85,-19.96,19.29
2026-07-27 13:08:23.525,-1.21,0.16,-0.05,4.88,-10.62,14.65
2026-07-27 13:08:23.525,-1.21,0.16,-0.05,4.88,-10.62,14.65
2026-07-27 13:08:23.644,-1.11,0.26,0.01,4.88,2.93,1.34
2026-07-27 13:08:23.645,-1.11,0.26,0.01,4.88,2.93,1.34
2026-07-27 13:08:23.645,-0.88,0.42,0.03,10.44,10.93,-17.09
2026-07-27 13:08:23.646,-0.88,0.42,0.03,10.44,10.93,-17.09
2026-07-27 13:08:23.646,-0.73,0.57,-0.06,3.11,13.18,-23.86
2026-07-27 13:08:23.650,-0.73,0.57,-0.06,3.11,13.18,-23.86
2026-07-27 13:08:23.943,-0.81,0.57,-0.13,17.52,38.15,-1.77
2026-07-27 13:08:23.944,-0.99,0.41,-0.04,70.25,77.27,32.53
2026-07-27 13:08:23.944,-0.99,0.41,-0.04,70.25,77.27,32.53
2026-07-27 13:08:23.945,-1.06,0.24,0.04,93.81,85.75,45.84
2026-07-27 13:08:23.945,-1.06,0.24,0.04,93.81,85.75,45.84
2026-07-27 13:08:23.946,-0.98,0.22,-0.02,63.9,58.17,28.32
2026-07-27 13:08:23.946,-0.98,0.22,-0.02,63.9,58.17,28.32
2026-07-27 13:08:23.946,-0.84,0.33,-0.11,38.57,24.54,-3.23
2026-07-27 13:08:23.947,-0.75,0.42,-0.15,46.57,8.3,-23.62
2026-07-27 13:08:23.948,-0.75,0.42,-0.15,46.57,8.3,-23.62
2026-07-27 13:08:23.948,-0.77,0.38,-0.16,60.3,6.65,-23.74
2026-07-27 13:08:23.949,-0.77,0.38,-0.16,60.3,6.65,-23.74
2026-07-27 13:08:23.949,-0.88,0.24,-0.22,48.16,7.63,-13.79
2026-07-27 13:08:24.004,-0.88,0.24,-0.22,48.16,7.63,-13.79
2026-07-27 13:08:24.004,-0.92,0.17,-0.28,22.52,4.52,-13.85
2026-07-27 13:08:24.184,-0.92,0.17,-0.28,22.52,4.52,-13.85
2026-07-27 13:08:24.184,-0.88,0.17,-0.29,6.59,0.06,-23.68
2026-07-27 13:08:24.184,-0.84,0.16,-0.31,-4.27,-2.26,-27.34
2026-07-27 13:08:24.185,-0.84,0.16,-0.31,-4.27,-2.26,-27.34
2026-07-27 13:08:24.186,-0.84,0.17,-0.36,-21.48,-0.49,-20.87
2026-07-27 13:08:24.186,-0.84,0.17,-0.36,-21.48,-0.49,-20.87
2026-07-27 13:08:24.191,-0.84,0.22,-0.41,-45.23,6.84,-8.06
2026-07-27 13:08:24.191,-0.84,0.22,-0.41,-45.23,6.84,-8.06
2026-07-27 13:08:24.191,-0.84,0.28,-0.4,-63.17,11.54,3.05
2026-07-27 13:08:24.244,-0.84,0.28,-0.4,-63.17,11.54,3.05
2026-07-27 13:08:24.245,-1.01,0.32,-0.3,-71.47,2.38,2.5
2026-07-27 13:08:24.489,-1.28,0.41,-0.18,-66.83,-17.03,-11.05
2026-07-27 13:08:24.490,-1.28,0.41,-0.18,-66.83,-17.03,-11.05
2026-07-27 13:08:24.490,-1.11,0.54,-0.14,-39.92,-31.98,-22.71
2026-07-27 13:08:24.490,-1.11,0.54,-0.14,-39.92,-31.98,-22.71
2026-07-27 13:08:24.490,-0.72,0.54,-0.03,-3.91,-34.42,-18.01
2026-07-27 13:08:24.490,-0.72,0.54,-0.03,-3.91,-34.42,-18.01
2026-07-27 13:08:24.491,-0.69,0.37,0.15,16.05,-26.79,2.93
2026-07-27 13:08:24.491,-0.69,0.37,0.15,16.05,-26.79,2.93
2026-07-27 13:08:24.492,-0.91,0.15,0.11,4.27,-19.65,31.8
2026-07-27 13:08:24.492,-1.11,0.02,-0.04,-0.98,-38.02,40.28
2026-07-27 13:08:24.492,-1.11,0.02,-0.04,-0.98,-38.02,40.28
2026-07-27 13:08:24.544,-1.1,0.1,-0.07,28.87,-64.03,11.66
2026-07-27 13:08:24.545,-1.1,0.1,-0.07,28.87,-64.03,11.66
2026-07-27 13:08:24.545,-1.01,0.27,-0.06,44.19,-62.87,-22.64
2026-07-27 13:08:24.604,-1.01,0.27,-0.06,30.88,-43.76,-29.54
2026-07-27 13:08:24.605,-0.94,0.32,-0.02,30.88,-43.76,-29.54
2026-07-27 13:08:24.664,-0.9,0.27,0.05,16.36,-13.55,-9.58
2026-07-27 13:08:24.665,-0.9,0.27,0.05,16.36,-13.55,-9.58
2026-07-27 13:08:24.724,-0.9,0.19,0.07,8.67,10.68,12.63
2026-07-27 13:08:24.724,-0.9,0.19,0.07,8.67,10.68,12.63
2026-07-27 13:08:24.724,-0.92,0.14,0.03,9.89,2.38,14.65
2026-07-27 13:08:24.725,-0.92,0.14,0.03,9.89,2.38,14.65
2026-07-27 13:08:24.784,-0.92,0.16,-0.02,13.98,-27.53,0.12
2026-07-27 13:08:24.784,-0.92,0.16,-0.02,20.08,-48.71,-10.5
2026-07-27 13:08:24.844,-0.91,0.21,-0.05,20.08,-48.71,-10.5
2026-07-27 13:08:24.845,-0.93,0.21,-0.04,32.71,-49.87,-5.55
2026-07-27 13:08:24.846,-0.93,0.21,-0.04,32.71,-49.87,-5.55
2026-07-27 13:08:24.970,-0.99,0.19,-0.03,44.8,-41.87,7.02
2026-07-27 13:08:24.970,-0.99,0.19,-0.03,44.8,-41.87,7.02
2026-07-27 13:08:24.970,-1.06,0.14,-0.07,52.31,-42.3,15.87
2026-07-27 13:08:24.970,-1.06,0.14,-0.07,52.31,-42.3,15.87
2026-07-27 13:08:24.971,-1.1,0.1,-0.16,51.09,-56.88,16.97
2026-07-27 13:08:25.025,-1.19,0.12,-0.22,40.16,-76.6,7.08
2026-07-27 13:08:25.025,-1.19,0.12,-0.22,40.16,-76.6,7.08
2026-07-27 13:08:25.026,-1.29,0.16,-0.19,29.11,-62.5,-7.63
2026-07-27 13:08:25.084,-1.29,0.16,-0.19,29.11,-62.5,-7.63
2026-07-27 13:08:25.084,-1.18,0.27,-0.08,10.68,8.73,-18.62
2026-07-27 13:08:25.084,-1.18,0.27,-0.08,10.68,8.73,-18.62
2026-07-27 13:08:25.144,-0.95,0.47,0.06,-15.93,103.82,-24.78
2026-07-27 13:08:25.144,-0.95,0.47,0.06,-15.93,103.82,-24.78
2026-07-27 13:08:25.204,-0.85,0.59,0.18,-8.73,168.88,-18.86
2026-07-27 13:08:25.204,-0.88,0.45,0.17,35.77,159.06,5.62
2026-07-27 13:08:25.205,-0.88,0.45,0.17,35.77,159.06,5.62
2026-07-27 13:08:25.264,-0.93,0.24,0.05,60.24,100.46,34.36
2026-07-27 13:08:25.265,-0.93,0.24,0.05,60.24,100.46,34.36
2026-07-27 13:08:25.266,-0.92,0.18,-0.04,32.53,58.72,43.27
2026-07-27 13:08:25.328,-0.92,0.18,-0.04,32.53,58.72,43.27
2026-07-27 13:08:25.328,-0.85,0.24,-0.04,-13.98,44.56,26.79
2026-07-27 13:08:25.443,-0.76,0.31,-0.01,-25.27,32.78,-1.89
2026-07-27 13:08:25.444,-0.76,0.31,-0.01,-25.27,32.78,-1.89
2026-07-27 13:08:25.444,-0.74,0.32,-0.07,3.91,14.22,-25.82
2026-07-27 13:08:25.445,-0.74,0.32,-0.07,3.91,14.22,-25.82
2026-07-27 13:08:25.445,-0.82,0.28,-0.22,31.31,-2.69,-33.87
2026-07-27 13:08:25.445,-0.82,0.28,-0.22,31.31,-2.69,-33.87
2026-07-27 13:08:25.624,-0.92,0.22,-0.4,31.68,-11.17,-31.56
2026-07-27 13:08:25.625,-0.92,0.22,-0.4,13.31,-7.32,-30.52
2026-07-27 13:08:25.685,-0.98,0.21,-0.53,13.31,-7.32,-30.52
2026-07-27 13:08:25.685,-0.99,0.22,-0.56,-23.74,18.25,-28.2
2026-07-27 13:08:25.686,-0.99,0.22,-0.56,-23.74,18.25,-28.2
2026-07-27 13:08:25.686,-0.83,0.23,-0.45,-70.43,52.49,-20.75
2026-07-27 13:08:25.686,-0.83,0.23,-0.45,-70.43,52.49,-20.75
2026-07-27 13:08:25.686,-0.6,0.21,-0.27,-95.89,48.77,-17.15
2026-07-27 13:08:25.810,-0.6,0.21,-0.27,-95.89,48.77,-17.15
2026-07-27 13:08:25.810,-0.91,0.32,-0.14,-85.69,-7.93,-22.46
2026-07-27 13:08:25.811,-1.5,0.53,-0.21,-34.3,-70.74,-29.79
2026-07-27 13:08:25.811,-1.5,0.53,-0.21,-34.3,-70.74,-29.79
2026-07-27 13:08:25.811,-1.22,0.65,-0.24,26.98,-87.77,-29.42
2026-07-27 13:08:25.812,-1.22,0.65,-0.24,26.98,-87.77,-29.42
2026-07-27 13:08:25.812,-0.59,0.49,0.05,47.73,-47.24,-13.37
2026-07-27 13:08:25.813,-0.59,0.49,0.05,47.73,-47.24,-13.37
2026-07-27 13:08:25.927,-0.63,0.24,0.29,34.18,15.14,29.54
2026-07-27 13:08:25.935,-1.02,0.09,0.14,-4.27,35.46,72.63
2026-07-27 13:08:25.936,-1.02,0.09,0.14,-4.27,35.46,72.63
2026-07-27 13:08:25.936,-1.18,0.01,-0.07,-27.89,-21.85,61.83
2026-07-27 13:08:25.936,-1.18,0.01,-0.07,-27.89,-21.85,61.83
2026-07-27 13:08:25.984,-1.08,0.12,-0.13,-3.91,-85.82,8.67
2026-07-27 13:08:25.984,-1.08,0.12,-0.13,-3.91,-85.82,8.67
2026-07-27 13:08:26.044,-0.96,0.3,-0.08,42.85,-107.54,-36.68
2026-07-27 13:08:26.044,-0.96,0.3,-0.08,42.85,-107.54,-36.68
2026-07-27 13:08:26.045,-0.89,0.34,0.02,94.54,-101.44,-45.17
2026-07-27 13:08:26.169,-0.89,0.24,0.05,119.63,-60.55,-16.6
2026-07-27 13:08:26.170,-0.89,0.24,0.05,119.63,-60.55,-16.6
2026-07-27 13:08:26.170,-0.92,0.14,0.02,100.16,-15.99,12.57
2026-07-27 13:08:26.170,-0.92,0.14,0.02,100.16,-15.99,12.57
2026-07-27 13:08:26.171,-0.95,0.12,-0.02,50.11,-3.11,17.52
2026-07-27 13:08:26.171,-0.95,0.12,-0.02,50.11,-3.11,17.52
2026-07-27 13:08:26.224,-0.94,0.19,-0.04,-5.62,-17.58,7.75
2026-07-27 13:08:26.225,-0.93,0.25,-0.03,-23.32,-35.34,0.31
2026-07-27 13:08:26.288,-0.93,0.25,-0.03,-23.32,-35.34,0.31
2026-07-27 13:08:26.289,-0.98,0.23,-0.03,4.39,-40.04,5.49
2026-07-27 13:08:26.289,-0.98,0.23,-0.03,4.39,-40.04,5.49
2026-07-27 13:08:26.344,-1.05,0.13,-0.1,37.6,-39.06,16.91
2026-07-27 13:08:26.412,-1.05,0.13,-0.1,37.6,-39.06,16.91
2026-07-27 13:08:26.412,-1.1,0.03,-0.21,62.81,-53.47,19.71
2026-07-27 13:08:26.413,-1.1,0.03,-0.21,62.81,-53.47,19.71
2026-07-27 13:08:26.413,-1.1,0.03,-0.21,62.81,-53.47,19.71
2026-07-27 13:08:26.413,-1.1,0.03,-0.21,62.81,-53.47,19.71
2026-07-27 13:08:26.532,-1.23,0.11,-0.25,61.46,-76.11,-13.61
2026-07-27 13:08:26.532,-1.23,0.11,-0.25,10.68,2.56,-19.78
2026-07-27 13:08:26.532,-1.15,0.23,-0.16,10.68,2.56,-19.78
2026-07-27 13:08:26.532,-0.99,0.32,0.01,-42.48,111.33,-18.68
2026-07-27 13:08:26.533,-0.99,0.32,0.01,-42.48,111.33,-18.68
2026-07-27 13:08:26.583,-1.01,0.42,0.18,-54.08,181.64,-20.32
2026-07-27 13:08:26.584,-1.01,0.42,0.18,-54.08,181.64,-20.32
2026-07-27 13:08:26.703,-1.09,0.45,0.2,-19.04,184.08,-11.6
2026-07-27 13:08:26.891,-0.99,0.38,0.04,15.81,124.82,4.7
2026-07-27 13:08:26.953,-0.99,0.38,0.04,15.81,124.82,4.7
2026-07-27 13:08:26.954,-0.82,0.25,-0.1,23.56,55.73,9.46
2026-07-27 13:08:26.954,-0.82,0.25,-0.1,23.56,55.73,9.46
2026-07-27 13:08:26.955,-0.73,0.18,-0.09,7.63,30.94,4.15
2026-07-27 13:08:27.004,-0.73,0.18,-0.09,7.63,30.94,4.15
2026-07-27 13:08:27.004,-0.69,0.23,-0.02,-28.69,37.41,-5.13
2026-07-27 13:08:27.004,-0.69,0.23,-0.02,-57.86,37.66,-10.31
2026-07-27 13:08:27.005,-0.68,0.33,0.02,-57.86,37.66,-10.31
2026-07-27 13:08:27.005,-0.75,0.34,-0.08,-48.03,16.48,-6.77
2026-07-27 13:08:27.005,-0.75,0.34,-0.08,-48.03,16.48,-6.77
2026-07-27 13:08:27.006,-0.88,0.27,-0.31,0.73,-20.94,-7.93
2026-07-27 13:08:27.006,-0.88,0.27,-0.31,0.73,-20.94,-7.93
2026-07-27 13:08:27.007,-1.08,0.2,-0.62,39.79,-42.36,-15.56
2026-07-27 13:08:27.008,-1.08,0.2,-0.62,39.79,-42.36,-15.56
2026-07-27 13:08:27.011,-1.08,0.19,-0.71,19.59,-18.19,-19.41
2026-07-27 13:08:27.011,-0.78,0.17,-0.45,-41.75,14.1,-17.88
2026-07-27 13:08:27.012,-0.78,0.17,-0.45,-41.75,14.1,-17.88
2026-07-27 13:08:27.064,-1.09,0.25,-0.14,-72.14,-8.24,-20.51
2026-07-27 13:08:27.064,-1.09,0.25,-0.14,-72.14,-8.24,-20.51
2026-07-27 13:08:27.124,-1.36,0.47,-0.17,-15.69,-56.27,-23.13
2026-07-27 13:08:27.125,-1.36,0.47,-0.17,-15.69,-56.27,-23.13
2026-07-27 13:08:27.125,-0.85,0.53,-0.14,52.67,-60.18,-13.61
2026-07-27 13:08:27.244,-0.85,0.53,-0.14,48.28,-19.17,6.59
2026-07-27 13:08:27.249,-0.57,0.37,0.22,48.28,-19.17,6.59
2026-07-27 13:08:27.250,-0.8,0.21,0.26,13.06,24.17,40.22
2026-07-27 13:08:27.250,-0.8,0.21,0.26,13.06,24.17,40.22
2026-07-27 13:08:27.251,-1.09,0.13,0.04,-25.45,5.25,61.4
2026-07-27 13:08:27.251,-1.09,0.13,0.04,-25.45,5.25,61.4
2026-07-27 13:08:27.371,-1.12,0.11,-0.07,-40.04,-58.11,40.83
2026-07-27 13:08:27.372,-1.12,0.11,-0.07,-40.04,-58.11,40.83
2026-07-27 13:08:27.373,-1.04,0.2,-0.07,-22.16,-81.67,2.44
2026-07-27 13:08:27.373,-0.98,0.27,-0.01,13.06,-76.48,-24.11
2026-07-27 13:08:27.373,-0.98,0.27,-0.01,13.06,-76.48,-24.11
2026-07-27 13:08:27.493,-0.91,0.26,0.04,59.2,-62.01,-25.45
2026-07-27 13:08:27.494,-0.91,0.26,0.04,59.2,-62.01,-25.45
2026-07-27 13:08:27.494,-0.86,0.21,0.03,72.75,-33.63,-7.81
2026-07-27 13:08:27.494,-0.86,0.21,0.03,72.75,-33.63,-7.81
2026-07-27 13:08:27.724,-0.89,0.18,-0.02,46.2,-13.06,4.82
2026-07-27 13:08:27.725,-0.91,0.19,-0.06,3.23,-16.72,3.36
2026-07-27 13:08:27.725,-0.91,0.19,-0.06,3.23,-16.72,3.36
2026-07-27 13:08:27.725,-0.92,0.2,-0.07,-26.12,-37.29,-3.36
2026-07-27 13:08:27.726,-0.92,0.2,-0.07,-26.12,-37.29,-3.36
2026-07-27 13:08:27.726,-0.97,0.18,-0.07,-12.45,-52.25,-3.23
2026-07-27 13:08:27.726,-0.97,0.18,-0.07,-12.45,-52.25,-3.23
2026-07-27 13:08:27.726,-1.05,0.13,-0.11,19.65,-52.73,6.23
2026-07-27 13:08:27.785,-1.05,0.13,-0.11,19.65,-52.73,6.23
2026-07-27 13:08:27.786,-1.09,0.1,-0.18,30.03,-52.43,12.15
2026-07-27 13:08:27.786,-1.15,0.13,-0.23,16.3,-61.58,2.75
2026-07-27 13:08:27.786,-1.15,0.13,-0.23,16.3,-61.58,2.75
2026-07-27 13:08:27.787,-1.26,0.18,-0.19,15.75,-49.32,-11.66
2026-07-27 13:08:27.787,-1.26,0.18,-0.19,15.75,-49.32,-11.66
2026-07-27 13:08:27.906,-1.22,0.24,-0.1,18.07,17.76,-17.88
2026-07-27 13:08:27.907,-1.22,0.24,-0.1,18.07,17.76,-17.88
2026-07-27 13:08:27.907,-1.06,0.31,0.06,-8.73,115.11,-23.19
2026-07-27 13:08:27.907,-1.06,0.31,0.06,-8.73,115.11,-23.19
2026-07-27 13:08:27.908,-1.03,0.47,0.21,-23.44,191.41,-28.87
2026-07-27 13:08:27.908,-1.03,0.57,0.22,14.34,194.76,-21.3
2026-07-27 13:08:28.086,-1.03,0.57,0.22,14.34,194.76,-21.3
2026-07-27 13:08:28.087,-0.9,0.46,0.06,55.36,124.57,-0.92
2026-07-27 13:08:28.143,-0.9,0.46,0.06,55.36,124.57,-0.92
2026-07-27 13:08:28.143,-0.81,0.29,-0.07,44.37,58.35,21.12
2026-07-27 13:08:28.144,-0.81,0.29,-0.07,44.37,58.35,21.12
2026-07-27 13:08:28.145,-0.79,0.14,-0.06,6.1,35.4,30.27
2026-07-27 13:08:28.145,-0.72,0.17,0.0,-20.32,26.06,12.63
2026-07-27 13:08:28.264,-0.72,0.17,0.0,-20.32,26.06,12.63
2026-07-27 13:08:28.264,-0.65,0.3,0.04,-26.49,11.23,-12.02
2026-07-27 13:08:28.267,-0.65,0.3,0.04,-26.49,11.23,-12.02
2026-07-27 13:08:28.268,-0.73,0.31,-0.08,-15.81,-11.84,-17.27
2026-07-27 13:08:28.268,-0.73,0.31,-0.08,-15.81,-11.84,-17.27
2026-07-27 13:08:28.268,-0.96,0.26,-0.53,14.04,-38.09,-11.78
2026-07-27 13:08:28.268,-1.17,0.25,-0.85,37.78,-36.07,-10.44
2026-07-27 13:08:28.268,-1.17,0.25,-0.85,37.78,-36.07,-10.44
2026-07-27 13:08:28.269,-1.0,0.2,-0.63,13.49,-1.65,-13.67
2026-07-27 13:08:28.324,-1.0,0.2,-0.63,13.49,-1.65,-13.67
2026-07-27 13:08:28.329,-0.99,0.18,-0.16,-42.11,8.18,-17.7
2026-07-27 13:08:28.451,-0.99,0.18,-0.16,-42.11,8.18,-17.7
2026-07-27 13:08:28.452,-1.21,0.32,0.04,-48.4,-30.46,-19.71
2026-07-27 13:08:28.452,-1.21,0.32,0.04,-48.4,-30.46,-19.71
2026-07-27 13:08:28.453,-0.97,0.45,-0.08,17.52,-69.21,-13.0
2026-07-27 13:08:28.454,-0.69,0.39,0.01,56.52,-64.09,1.04
2026-07-27 13:08:28.456,-0.69,0.39,0.01,56.52,-64.09,1.04
2026-07-27 13:08:28.565,-0.78,0.24,0.14,9.64,-12.39,25.27
2026-07-27 13:08:28.573,-0.78,0.24,0.14,9.64,-12.39,25.27
2026-07-27 13:08:28.574,-1.0,0.17,0.01,-73.61,29.85,50.29
2026-07-27 13:08:28.574,-1.07,0.17,-0.06,-79.53,4.15,41.26
2026-07-27 13:08:28.574,-1.07,0.17,-0.06,-79.53,4.15,41.26
2026-07-27 13:08:28.624,-1.02,0.26,-0.01,14.47,-41.93,5.68
2026-07-27 13:08:28.624,-1.02,0.26,-0.01,14.47,-41.93,5.68
2026-07-27 13:08:28.689,-0.97,0.31,0.01,86.91,-69.27,-18.55
2026-07-27 13:08:28.689,-0.97,0.31,0.01,86.91,-69.27,-18.55
2026-07-27 13:08:28.689,-0.95,0.28,0.01,102.42,-82.09,-19.1
2026-07-27 13:08:28.805,-0.95,0.28,0.01,94.67,-61.04,-4.64
2026-07-27 13:08:28.805,-0.92,0.22,0.02,94.67,-61.04,-4.64
2026-07-27 13:08:28.805,-0.92,0.18,0.0,69.95,-27.34,9.09
2026-07-27 13:08:28.806,-0.92,0.18,0.0,69.95,-27.34,9.09
2026-07-27 13:08:28.806,-0.94,0.15,-0.05,38.57,-19.59,11.35
2026-07-27 13:08:29.344,-0.94,0.15,-0.05,38.57,-19.59,11.35
2026-07-27 13:08:29.344,-0.96,0.16,-0.08,16.36,-35.89,4.09
2026-07-27 13:08:29.404,-0.96,0.16,-0.08,16.36,-35.89,4.09
2026-07-27 13:08:29.404,-0.96,0.19,-0.07,14.4,-47.36,-1.46
2026-07-27 13:08:29.404,-0.96,0.19,-0.07,22.77,-40.95,3.66
2026-07-27 13:08:29.644,-0.97,0.2,-0.05,22.77,-40.95,3.66
2026-07-27 13:08:29.825,-1.01,0.18,-0.07,25.27,-30.82,13.43
2026-07-27 13:08:29.825,-1.01,0.18,-0.07,25.27,-30.82,13.43
2026-07-27 13:08:29.826,-1.03,0.16,-0.14,25.33,-32.1,15.87
2026-07-27 13:08:29.891,-1.03,0.16,-0.14,25.33,-32.1,15.87
2026-07-27 13:08:29.948,-1.07,0.16,-0.2,27.83,-45.1,7.39
2026-07-27 13:08:30.003,-1.07,0.16,-0.2,27.83,-45.1,7.39
2026-07-27 13:08:30.004,-1.18,0.16,-0.2,32.29,-50.78,-4.76
2026-07-27 13:08:30.004,-1.21,0.22,-0.18,29.91,-20.94,-14.28
2026-07-27 13:08:30.004,-1.21,0.22,-0.18,29.91,-20.94,-14.28
2026-07-27 13:08:30.068,-1.05,0.32,-0.12,7.32,46.2,-18.19
2026-07-27 13:08:30.069,-1.05,0.32,-0.12,7.32,46.2,-18.19
2026-07-27 13:08:30.069,-0.92,0.42,0.02,-14.28,124.82,-13.18
2026-07-27 13:08:30.070,-0.92,0.42,0.02,-14.28,124.82,-13.18
2026-07-27 13:08:30.070,-0.99,0.46,0.18,-4.7,172.0,-1.4
2026-07-27 13:08:30.071,-0.99,0.46,0.18,-4.7,172.0,-1.4
2026-07-27 13:08:30.071,-1.04,0.39,0.23,22.03,158.33,12.94
2026-07-27 13:08:30.072,-0.93,0.26,0.08,37.9,94.3,15.5
2026-07-27 13:08:30.072,-0.93,0.26,0.08,37.9,94.3,15.5
2026-07-27 13:08:30.072,-0.82,0.2,-0.1,49.44,22.83,-3.78
2026-07-27 13:08:30.073,-0.82,0.2,-0.1,49.44,22.83,-3.78
2026-07-27 13:08:30.074,-0.73,0.25,-0.14,45.65,-7.14,-26.12
2026-07-27 13:08:30.074,-0.73,0.25,-0.14,45.65,-7.14,-26.12
2026-07-27 13:08:30.075,-0.65,0.33,-0.05,13.18,-1.22,-31.98
2026-07-27 13:08:30.075,-0.65,0.33,-0.05,-18.8,0.61,-16.97
2026-07-27 13:08:30.075,-0.65,0.32,0.01,-18.8,0.61,-16.97
2026-07-27 13:08:30.075,-0.84,0.21,-0.15,-31.56,-15.14,5.0
2026-07-27 13:08:30.075,-0.84,0.21,-0.15,-31.56,-15.14,5.0
2026-07-27 13:08:30.076,-1.14,0.17,-0.61,-13.37,-33.75,11.66
2026-07-27 13:08:30.076,-1.14,0.17,-0.61,-13.37,-33.75,11.66
2026-07-27 13:08:30.076,-1.2,0.24,-0.81,14.4,-25.15,0.85
2026-07-27 13:08:30.076,-1.2,0.24,-0.81,14.4,-25.15,0.85
2026-07-27 13:08:30.304,-0.91,0.25,-0.49,7.02,7.02,-11.05
2026-07-27 13:08:30.304,-0.91,0.25,-0.49,7.02,7.02,-11.05
2026-07-27 13:08:30.305,-0.8,0.18,-0.03,-31.43,15.2,-13.55
2026-07-27 13:08:30.305,-0.8,0.18,-0.03,-31.43,15.2,-13.55
2026-07-27 13:08:30.305,-1.1,0.24,0.11,-57.92,-11.6,-11.54
2026-07-27 13:08:30.305,-1.15,0.46,-0.19,-25.94,-52.37,-10.25
2026-07-27 13:08:30.365,-1.15,0.46,-0.19,-25.94,-52.37,-10.25
2026-07-27 13:08:30.366,-0.84,0.5,-0.23,40.1,-73.3,-5.68
2026-07-27 13:08:30.366,-0.84,0.5,-0.23,40.1,-73.3,-5.68
2026-07-27 13:08:30.366,-0.74,0.33,0.07,48.34,-45.59,9.58
2026-07-27 13:08:30.367,-0.74,0.33,0.07,48.34,-45.59,9.58
2026-07-27 13:08:30.367,-0.91,0.13,0.08,-15.32,-3.17,31.37
2026-07-27 13:08:30.367,-0.91,0.13,0.08,-15.32,-3.17,31.37
2026-07-27 13:08:30.367,-1.06,0.03,-0.05,-50.05,-8.42,31.07
2026-07-27 13:08:30.367,-1.02,0.13,-0.03,-25.51,-37.35,3.23
2026-07-27 13:08:30.368,-1.02,0.13,-0.03,-25.51,-37.35,3.23
2026-07-27 13:08:30.368,-0.99,0.29,0.0,-22.89,-31.74,-15.62
2026-07-27 13:08:30.423,-0.99,0.29,0.0,-22.89,-31.74,-15.62
2026-07-27 13:08:30.424,-1.01,0.34,-0.02,-48.16,-8.97,-13.12
2026-07-27 13:08:30.425,-1.01,0.34,-0.02,-48.16,-8.97,-13.12
2026-07-27 13:08:30.425,-0.97,0.3,0.01,-44.19,7.81,-3.78
2026-07-27 13:08:30.426,-0.91,0.23,0.05,-8.97,17.94,5.31
2026-07-27 13:08:30.426,-0.91,0.23,0.05,-8.97,17.94,5.31
2026-07-27 13:08:30.426,-0.9,0.18,0.05,17.64,14.77,10.01
2026-07-27 13:08:30.427,-0.9,0.18,0.05,17.64,14.77,10.01
2026-07-27 13:08:30.483,-0.91,0.16,0.0,14.89,-3.91,6.96
2026-07-27 13:08:30.604,-0.91,0.16,0.0,14.89,-3.91,6.96
2026-07-27 13:08:30.671,-0.93,0.2,-0.04,4.64,-27.34,-1.46
2026-07-27 13:08:30.671,-0.93,0.2,-0.04,4.64,-27.34,-1.46
2026-07-27 13:08:30.672,-0.96,0.24,-0.06,11.05,-44.62,-8.97
2026-07-27 13:08:30.672,-0.96,0.24,-0.06,11.05,-44.62,-8.97
2026-07-27 13:08:30.672,-0.97,0.26,-0.05,28.26,-49.87,-8.97
2026-07-27 13:08:30.673,-0.99,0.23,-0.03,38.45,-42.05,-0.92
2026-07-27 13:08:30.673,-0.99,0.23,-0.03,38.45,-42.05,-0.92
2026-07-27 13:08:30.673,-1.0,0.2,-0.03,30.46,-26.49,8.36
2026-07-27 13:08:30.673,-1.0,0.2,-0.03,30.46,-26.49,8.36
2026-07-27 13:08:30.729,-0.99,0.16,-0.06,12.88,-15.44,11.96
2026-07-27 13:08:30.789,-0.99,0.16,-0.06,12.88,-15.44,11.96
2026-07-27 13:08:30.789,-1.0,0.13,-0.12,5.43,-18.19,9.95
2026-07-27 13:08:30.790,-1.04,0.12,-0.15,15.26,-31.43,3.97
2026-07-27 13:08:30.790,-1.04,0.12,-0.15,15.26,-31.43,3.97
2026-07-27 13:08:30.790,-1.13,0.13,-0.13,23.38,-37.41,-3.48
2026-07-27 13:08:30.790,-1.13,0.13,-0.13,23.38,-37.41,-3.48
2026-07-27 13:08:30.790,-1.16,0.17,-0.12,4.58,-19.78,-7.69
2026-07-27 13:08:30.791,-1.16,0.17,-0.12,4.58,-19.78,-7.69
2026-07-27 13:08:30.791,-1.01,0.3,-0.14,-23.56,16.17,-10.56
2026-07-27 13:08:30.791,-0.85,0.44,-0.11,-22.09,71.35,-8.42
2026-07-27 13:08:30.791,-0.85,0.44,-0.11,-22.09,71.35,-8.42
2026-07-27 13:08:30.791,-0.96,0.4,0.04,2.08,135.19,4.58
2026-07-27 13:08:30.792,-0.96,0.4,0.04,2.08,135.19,4.58
2026-07-27 13:08:30.792,-1.14,0.3,0.18,17.82,163.39,18.49
2026-07-27 13:08:30.795,-1.14,0.3,0.18,17.82,163.39,18.49
2026-07-27 13:08:31.212,-1.08,0.27,0.15,26.25,128.54,18.07
2026-07-27 13:08:31.212,-1.08,0.27,0.15,26.25,128.54,18.07
2026-07-27 13:08:31.213,-0.88,0.25,-0.04,44.19,54.44,-0.79
2026-07-27 13:08:31.213,-0.74,0.23,-0.14,52.61,4.7,-20.57
2026-07-27 13:08:31.213,-0.74,0.23,-0.14,52.61,4.7,-20.57
2026-07-27 13:08:31.214,-0.68,0.26,-0.1,24.29,-1.28,-26.31
2026-07-27 13:08:31.214,-0.68,0.26,-0.1,24.29,-1.28,-26.31
2026-07-27 13:08:31.214,-0.65,0.33,-0.02,-17.76,4.15,-18.68
2026-07-27 13:08:31.214,-0.65,0.33,-0.02,-17.76,4.15,-18.68
2026-07-27 13:08:31.214,-0.73,0.32,-0.05,-37.78,-1.77,-0.43
2026-07-27 13:08:31.215,-0.73,0.32,-0.05,-37.78,-1.77,-0.43
2026-07-27 13:08:31.215,-0.73,0.32,-0.05,-37.78,-1.77,-0.43
2026-07-27 13:08:31.215,-0.73,0.32,-0.05,-37.78,-1.77,-0.43
2026-07-27 13:08:31.215,-1.18,0.19,-0.67,14.89,-42.36,10.01
2026-07-27 13:08:31.216,-1.18,0.19,-0.67,14.89,-42.36,10.01
2026-07-27 13:08:31.216,-1.13,0.2,-0.71,28.63,-23.19,-2.75
2026-07-27 13:08:31.383,-0.9,0.17,-0.36,6.16,7.57,-12.15
2026-07-27 13:08:31.384,-0.9,0.17,-0.36,6.16,7.57,-12.15
2026-07-27 13:08:31.864,-0.96,0.18,0.02,-31.98,3.54,-15.38
2026-07-27 13:08:31.865,-0.96,0.18,0.02,-31.98,3.54,-15.38
2026-07-27 13:08:31.865,-1.08,0.35,-0.01,-46.57,-26.49,-14.22
2026-07-27 13:08:31.866,-1.08,0.35,-0.01,-46.57,-26.49,-14.22
2026-07-27 13:08:31.866,-0.92,0.48,-0.22,-16.91,-50.9,-8.0
2026-07-27 13:08:31.867,-0.92,0.48,-0.22,12.39,-49.19,1.65
2026-07-27 13:08:31.867,-0.79,0.41,-0.07,12.39,-49.19,1.65
2026-07-27 13:08:31.867,-0.85,0.23,0.1,1.22,-25.21,17.03
2026-07-27 13:08:31.868,-0.85,0.23,0.1,1.22,-25.21,17.03
2026-07-27 13:08:31.868,-1.0,0.09,0.02,-22.89,-14.65,30.09
2026-07-27 13:08:31.869,-1.0,0.09,0.02,-22.89,-14.65,30.09
2026-07-27 13:08:31.869,-1.04,0.09,-0.04,-13.79,-30.82,19.65
2026-07-27 13:08:31.870,-1.04,0.09,-0.04,-13.79,-30.82,19.65
2026-07-27 13:08:31.870,-0.98,0.2,-0.0,-3.36,-36.19,-2.32
2026-07-27 13:08:31.870,-0.98,0.3,-0.02,-35.58,-17.21,-9.03
2026-07-27 13:08:31.871,-0.98,0.3,-0.02,-35.58,-17.21,-9.03
2026-07-27 13:08:31.871,-1.0,0.3,-0.02,-60.85,3.97,-2.87
2026-07-27 13:08:31.871,-1.0,0.3,-0.02,-60.85,3.97,-2.87
2026-07-27 13:08:31.872,-0.97,0.26,0.03,-35.28,17.03,4.58
2026-07-27 13:08:31.874,-0.97,0.26,0.03,-35.28,17.03,4.58
2026-07-27 13:08:31.875,-0.93,0.22,0.06,3.72,17.88,7.63
2026-07-27 13:08:31.875,-0.93,0.22,0.06,3.72,17.88,7.63
2026-07-27 13:08:31.875,-0.91,0.2,0.04,16.85,4.94,5.43
2026-07-27 13:08:31.877,-0.92,0.21,-0.01,7.69,-16.17,-0.12
2026-07-27 13:08:31.877,-0.92,0.21,-0.01,7.69,-16.17,-0.12
2026-07-27 13:08:31.877,-0.94,0.24,-0.06,2.99,-37.05,-7.08
2026-07-27 13:08:31.877,-0.94,0.24,-0.06,2.99,-37.05,-7.08
2026-07-27 13:08:31.878,-0.96,0.25,-0.07,18.19,-48.83,-10.13
2026-07-27 13:08:31.878,-0.96,0.25,-0.07,18.19,-48.83,-10.13
2026-07-27 13:08:31.879,-0.99,0.24,-0.06,38.39,-45.04,-4.15
2026-07-27 13:08:31.879,-0.99,0.24,-0.06,38.39,-45.04,-4.15
2026-07-27 13:08:31.924,-1.0,0.21,-0.03,45.04,-28.63,7.14
2026-07-27 13:08:31.925,-1.0,0.17,-0.03,33.14,-12.94,14.59
2026-07-27 13:08:32.163,-1.0,0.17,-0.03,33.14,-12.94,14.59
2026-07-27 13:08:32.164,-1.02,0.13,-0.06,13.12,-8.48,14.53
2026-07-27 13:08:32.179,-1.02,0.13,-0.06,13.12,-8.48,14.53
2026-07-27 13:08:32.179,-1.08,0.11,-0.09,-4.09,-12.21,9.4
2026-07-27 13:08:32.180,-1.08,0.11,-0.09,-4.09,-12.21,9.4
2026-07-27 13:08:32.180,-1.1,0.12,-0.07,-17.4,-13.31,2.69
2026-07-27 13:08:32.180,-1.1,0.12,-0.07,-17.4,-13.31,2.69
2026-07-27 13:08:32.181,-1.02,0.15,-0.04,-33.63,-3.48,-1.59
2026-07-27 13:08:32.181,-0.91,0.24,-0.03,-50.11,11.29,-6.23
2026-07-27 13:08:32.181,-0.91,0.24,-0.03,-50.11,11.29,-6.23
2026-07-27 13:08:32.182,-0.86,0.39,-0.09,-44.25,18.62,-15.01
2026-07-27 13:08:32.284,-0.86,0.39,-0.09,-44.25,18.62,-15.01
2026-07-27 13:08:32.285,-0.91,0.48,-0.15,-11.96,39.12,-13.85
2026-07-27 13:08:32.286,-0.91,0.48,-0.15,-11.96,39.12,-13.85
2026-07-27 13:08:32.286,-1.06,0.42,-0.08,26.98,89.17,1.77
2026-07-27 13:08:32.286,-1.06,0.42,-0.08,50.6,127.08,12.02
2026-07-27 13:08:32.530,-1.14,0.31,0.08,50.6,127.08,12.02
2026-07-27 13:08:32.530,-1.04,0.24,0.14,49.07,111.33,8.24
2026-07-27 13:08:32.584,-1.04,0.24,0.14,49.07,111.33,8.24
2026-07-27 13:08:32.584,-0.87,0.19,0.0,32.9,56.46,-3.66
2026-07-27 13:08:32.585,-0.87,0.19,0.0,32.9,56.46,-3.66
2026-07-27 13:08:32.585,-0.78,0.2,-0.12,3.3,16.78,-14.71
2026-07-27 13:08:32.586,-0.78,0.2,-0.12,3.3,16.78,-14.71
2026-07-27 13:08:32.586,-0.74,0.27,-0.1,-46.63,14.34,-17.03
2026-07-27 13:08:32.586,-0.72,0.38,-0.03,-78.74,18.31,-13.85
2026-07-27 13:08:32.602,-0.72,0.38,-0.03,-78.74,18.31,-13.85
2026-07-27 13:08:32.603,-0.77,0.44,-0.05,-56.15,6.71,-7.14
2026-07-27 13:08:32.603,-0.77,0.44,-0.05,-56.15,6.71,-7.14
2026-07-27 13:08:32.956,-0.91,0.39,-0.21,5.13,-16.42,2.99
2026-07-27 13:08:32.956,-0.91,0.39,-0.21,5.13,-16.42,2.99
2026-07-27 13:08:32.956,-1.05,0.28,-0.49,58.65,-33.75,10.62
2026-07-27 13:08:32.956,-1.09,0.21,-0.64,66.41,-23.32,11.41
2026-07-27 13:08:32.957,-1.09,0.21,-0.64,66.41,-23.32,11.41
2026-07-27 13:08:32.957,-0.97,0.18,-0.48,27.53,8.42,6.65
2026-07-27 13:08:32.958,-0.97,0.18,-0.48,27.53,8.42,6.65
2026-07-27 13:08:32.958,-0.9,0.15,-0.16,-32.96,26.12,0.12
2026-07-27 13:08:33.005,-0.9,0.15,-0.16,-32.96,26.12,0.12
2026-07-27 13:08:33.006,-0.97,0.24,0.08,-64.58,11.84,-8.97
2026-07-27 13:08:33.066,-0.97,0.24,0.08,-46.33,-22.28,-20.45
2026-07-27 13:08:33.067,-1.0,0.45,-0.02,-46.33,-22.28,-20.45
2026-07-27 13:08:33.067,-0.91,0.54,-0.2,-1.53,-53.41,-24.05
2026-07-27 13:08:33.067,-0.91,0.54,-0.2,-1.53,-53.41,-24.05
2026-07-27 13:08:33.067,-0.82,0.41,-0.07,35.83,-56.21,-12.82
2026-07-27 13:08:33.068,-0.82,0.41,-0.07,35.83,-56.21,-12.82
2026-07-27 13:08:33.070,-0.85,0.24,0.06,38.51,-35.1,7.02
2026-07-27 13:08:33.071,-0.85,0.24,0.06,38.51,-35.1,7.02
2026-07-27 13:08:33.071,-0.98,0.14,-0.02,28.02,-28.14,19.29
2026-07-27 13:08:33.244,-1.04,0.14,-0.09,43.21,-45.53,11.72
2026-07-27 13:08:33.663,-1.04,0.14,-0.09,43.21,-45.53,11.72
2026-07-27 13:08:33.664,-0.99,0.18,-0.04,55.6,-52.0,-2.56
2026-07-27 13:08:34.083,-0.99,0.18,-0.04,55.6,-52.0,-2.56
2026-07-27 13:08:34.325,-0.95,0.21,-0.02,27.04,-36.01,-6.41
2026-07-27 13:08:34.444,-0.95,0.21,-0.02,27.04,-36.01,-6.41
2026-07-27 13:08:34.444,-0.95,0.24,-0.04,-12.63,-17.82,-2.81
2026-07-27 13:08:34.444,-0.98,0.25,-0.04,-29.42,-5.55,0.79
2026-07-27 13:08:34.445,-0.98,0.25,-0.04,-29.42,-5.55,0.79
2026-07-27 13:08:34.445,-1.0,0.25,-0.03,-23.07,0.43,1.46
2026-07-27 13:08:34.445,-1.0,0.25,-0.03,-23.07,0.43,1.46
2026-07-27 13:08:34.446,-0.99,0.25,0.0,2.44,1.65,0.85
2026-07-27 13:08:34.447,-0.99,0.25,0.0,2.44,1.65,0.85
2026-07-27 13:08:34.447,-0.97,0.22,0.04,29.24,2.5,3.78
2026-07-27 13:08:34.447,-0.97,0.22,0.04,29.24,2.5,3.78
2026-07-27 13:08:34.448,-0.94,0.19,0.06,32.23,3.6,8.73
2026-07-27 13:08:34.449,-0.93,0.19,0.04,18.55,0.06,8.79
2026-07-27 13:08:34.449,-0.93,0.19,0.04,18.55,0.06,8.79
2026-07-27 13:08:34.451,-0.94,0.23,0.01,11.35,-13.31,2.08
2026-07-27 13:08:34.452,-0.94,0.23,0.01,11.35,-13.31,2.08
2026-07-27 13:08:34.452,-0.95,0.26,-0.03,22.28,-33.08,-6.47
2026-07-27 13:08:34.452,-0.95,0.26,-0.03,22.28,-33.08,-6.47
2026-07-27 13:08:34.453,-0.97,0.25,-0.04,43.7,-42.85,-7.57
2026-07-27 13:08:34.453,-0.97,0.25,-0.04,43.7,-42.85,-7.57
2026-07-27 13:08:34.454,-0.99,0.22,-0.01,54.57,-30.76,2.32
2026-07-27 13:08:34.456,-0.99,0.2,0.0,42.6,-8.91,13.49
2026-07-27 13:08:34.456,-0.99,0.2,0.0,42.6,-8.91,13.49
2026-07-27 13:08:34.456,-0.98,0.23,-0.01,22.09,2.62,15.38
2026-07-27 13:08:34.457,-0.98,0.23,-0.01,22.09,2.62,15.38
2026-07-27 13:08:34.457,-0.97,0.26,-0.03,18.49,-1.53,9.7
2026-07-27 13:08:34.457,-0.97,0.26,-0.03,18.49,-1.53,9.7
2026-07-27 13:08:34.457,-0.98,0.25,-0.05,34.85,-13.49,5.19
2026-07-27 13:08:34.458,-0.98,0.25,-0.05,34.85,-13.49,5.19
2026-07-27 13:08:34.458,-1.03,0.21,-0.04,46.39,-16.11,8.85
2026-07-27 13:08:34.458,-1.03,0.21,-0.04,32.47,0.37,16.78
2026-07-27 13:08:34.459,-1.02,0.22,0.01,32.47,0.37,16.78
2026-07-27 13:08:34.464,-0.95,0.28,0.04,2.87,16.3,17.09
2026-07-27 13:08:34.464,-0.95,0.28,0.04,2.87,16.3,17.09
2026-07-27 13:08:34.465,-0.9,0.35,0.01,-5.62,11.35,7.69
2026-07-27 13:08:34.465,-0.9,0.35,0.01,-5.62,11.35,7.69
2026-07-27 13:08:34.466,-0.9,0.39,-0.07,28.32,-4.39,-4.21
2026-07-27 13:08:34.466,-0.9,0.39,-0.07,28.32,-4.39,-4.21
2026-07-27 13:08:34.467,-0.92,0.41,-0.16,76.72,0.12,-7.32
2026-07-27 13:08:34.467,-0.92,0.41,-0.16,76.72,0.12,-7.32
2026-07-27 13:08:34.468,-0.98,0.4,-0.23,95.58,40.71,7.02
2026-07-27 13:08:34.468,-0.98,0.4,-0.23,95.58,40.71,7.02
2026-07-27 13:08:34.468,-1.02,0.36,-0.25,85.75,83.5,26.55
2026-07-27 13:08:34.468,-0.94,0.31,-0.17,58.72,91.13,31.8
2026-07-27 13:08:34.469,-0.94,0.31,-0.17,58.72,91.13,31.8
2026-07-27 13:08:34.469,-0.81,0.31,-0.07,8.91,66.65,25.51
2026-07-27 13:08:34.469,-0.81,0.31,-0.07,8.91,66.65,25.51
2026-07-27 13:08:34.470,-0.72,0.35,-0.02,-43.52,31.43,17.94
2026-07-27 13:08:34.470,-0.72,0.35,-0.02,-43.52,31.43,17.94
2026-07-27 13:08:34.514,-0.7,0.42,-0.03,-68.66,4.03,11.29
2026-07-27 13:08:34.564,-0.7,0.42,-0.03,-68.66,4.03,11.29
2026-07-27 13:08:34.564,-0.76,0.5,-0.09,-61.52,-11.11,8.12
2026-07-27 13:08:34.564,-0.76,0.5,-0.09,-36.38,-22.16,7.87
2026-07-27 13:08:34.564,-0.86,0.52,-0.18,-36.38,-22.16,7.87
2026-07-27 13:08:34.565,-0.91,0.45,-0.22,-8.73,-34.36,5.68
2026-07-27 13:08:34.565,-0.91,0.45,-0.22,-8.73,-34.36,5.68
2026-07-27 13:08:34.565,-0.92,0.37,-0.2,6.53,-42.66,1.1
2026-07-27 13:08:34.566,-0.92,0.37,-0.2,6.53,-42.66,1.1
2026-07-27 13:08:34.567,-0.92,0.36,-0.19,1.34,-43.76,-4.09
2026-07-27 13:08:34.568,-0.92,0.36,-0.19,1.34,-43.76,-4.09
2026-07-27 13:08:34.568,-0.92,0.41,-0.2,-15.38,-42.72,-9.58
2026-07-27 13:08:34.569,-0.92,0.41,-0.2,-15.38,-42.72,-9.58
2026-07-27 13:08:34.623,-0.88,0.48,-0.19,-28.69,-40.95,-15.08
2026-07-27 13:08:34.626,-0.87,0.49,-0.15,-20.69,-34.42,-19.1
2026-07-27 13:08:34.626,-0.87,0.49,-0.15,-20.69,-34.42,-19.1
2026-07-27 13:08:34.631,-0.91,0.45,-0.09,15.01,-26.86,-22.09
2026-07-27 13:08:34.640,-0.91,0.45,-0.09,45.65,-22.77,-24.23
2026-07-27 13:08:34.641,-0.94,0.43,-0.04,45.65,-22.77,-24.23
2026-07-27 13:08:34.643,-0.96,0.44,-0.03,42.48,-16.11,-21.0
2026-07-27 13:08:34.863,-0.96,0.44,-0.03,42.48,-16.11,-21.0
2026-07-27 13:08:34.864,-0.95,0.41,0.01,29.42,-6.77,-12.45
2026-07-27 13:08:34.864,-0.95,0.41,0.01,29.42,-6.77,-12.45
2026-07-27 13:08:34.865,-0.92,0.37,0.05,30.4,-0.43,-4.7
2026-07-27 13:08:34.865,-0.92,0.37,0.05,39.79,1.77,-0.55
2026-07-27 13:08:34.866,-0.9,0.36,0.05,39.79,1.77,-0.55
2026-07-27 13:08:34.867,-0.87,0.29,0.03,50.66,-4.64,-0.06
2026-07-27 13:08:34.868,-0.87,0.29,0.03,50.66,-4.64,-0.06
2026-07-27 13:08:34.868,-0.9,0.19,-0.04,36.19,-13.43,4.33
2026-07-27 13:08:34.869,-0.9,0.19,-0.04,36.19,-13.43,4.33
2026-07-27 13:08:34.869,-0.98,0.22,-0.13,-17.21,-17.94,6.23
2026-07-27 13:08:34.927,-0.98,0.22,-0.13,-17.21,-17.94,6.23
2026-07-27 13:08:34.927,-1.01,0.33,-0.16,-50.29,-18.13,-5.49
2026-07-27 13:08:34.984,-0.99,0.4,-0.09,-17.88,-10.07,-17.27
2026-07-27 13:08:34.984,-0.99,0.4,-0.09,-17.88,-10.07,-17.27
2026-07-27 13:08:34.985,-0.94,0.38,0.01,28.93,-0.55,-16.85
2026-07-27 13:08:35.166,-0.94,0.38,0.01,28.93,-0.55,-16.85
2026-07-27 13:08:35.166,-0.9,0.31,0.06,38.45,5.49,-5.62
2026-07-27 13:08:35.166,-0.9,0.31,0.06,38.45,5.49,-5.62
2026-07-27 13:08:35.167,-0.9,0.26,0.05,21.73,9.4,6.47
2026-07-27 13:08:35.167,-0.9,0.26,0.05,21.73,9.4,6.47
2026-07-27 13:08:35.167,-0.93,0.25,0.01,4.88,6.47,8.06
2026-07-27 13:08:35.167,-0.95,0.27,-0.03,-0.49,-5.19,-0.61
2026-07-27 13:08:35.167,-0.95,0.27,-0.03,-0.49,-5.19,-0.61
2026-07-27 13:08:35.285,-0.95,0.31,-0.05,0.79,-15.26,-9.64
2026-07-27 13:08:35.286,-0.95,0.31,-0.05,0.79,-15.26,-9.64
2026-07-27 13:08:35.304,-0.94,0.34,-0.04,6.59,-14.71,-11.54
2026-07-27 13:08:35.304,-0.94,0.34,-0.04,6.59,-14.71,-11.54
2026-07-27 13:08:35.305,-0.93,0.34,-0.01,16.24,-6.53,-6.1
2026-07-27 13:08:35.344,-0.93,0.34,-0.01,16.24,-6.53,-6.1
2026-07-27 13:08:35.405,-0.94,0.3,0.01,18.25,0.31,1.89
2026-07-27 13:08:35.405,-0.95,0.27,-0.01,13.92,0.18,5.43
2026-07-27 13:08:35.406,-0.95,0.27,-0.01,13.92,0.18,5.43
2026-07-27 13:08:35.464,-0.94,0.27,-0.02,11.96,-4.21,3.05
2026-07-27 13:08:35.464,-0.94,0.27,-0.02,11.96,-4.21,3.05
2026-07-27 13:08:35.585,-0.94,0.29,-0.03,9.46,-6.47,-0.24
2026-07-27 13:08:35.587,-0.94,0.29,-0.03,9.46,-6.47,-0.24
2026-07-27 13:08:35.588,-0.94,0.31,-0.04,6.77,-5.68,-1.4
2026-07-27 13:08:35.588,-0.94,0.31,-0.04,6.77,-5.68,-1.4
2026-07-27 13:08:35.589,-0.94,0.31,-0.04,6.84,-3.78,-0.79
2026-07-27 13:08:35.589,-0.94,0.31,-0.04,7.51,-1.71,0.61
2026-07-27 13:08:35.589,-0.94,0.31,-0.04,7.51,-1.71,0.61
2026-07-27 13:08:35.589,-0.94,0.3,-0.03,7.45,-0.18,1.71
2026-07-27 13:08:35.644,-0.94,0.3,-0.03,7.45,-0.18,1.71
2026-07-27 13:08:35.769,-0.94,0.29,-0.03,6.96,0.43,1.65
2026-07-27 13:08:35.769,-0.94,0.29,-0.03,6.96,0.43,1.65
2026-07-27 13:08:35.771,-0.94,0.3,-0.03,6.41,0.12,0.67
2026-07-27 13:08:36.063,-0.94,0.3,-0.03,6.41,0.12,0.67
2026-07-27 13:08:36.063,-0.94,0.3,-0.03,5.49,-0.43,-0.24
2026-07-27 13:08:36.064,-0.94,0.3,-0.03,5.49,-0.43,-0.24
2026-07-27 13:08:36.064,-0.94,0.31,-0.03,4.58,-0.85,-0.61
2026-07-27 13:08:36.065,-0.94,0.31,-0.04,4.39,-0.92,-0.49
2026-07-27 13:08:36.065,-0.94,0.31,-0.04,4.39,-0.92,-0.49
2026-07-27 13:08:36.066,-0.94,0.31,-0.04,4.64,-0.49,-0.31
2026-07-27 13:08:36.066,-0.94,0.31,-0.04,4.64,-0.49,-0.31
2026-07-27 13:08:36.066,-0.94,0.31,-0.04,5.74,-0.31,-0.31
2026-07-27 13:08:36.067,-0.94,0.31,-0.04,5.74,-0.31,-0.31
2026-07-27 13:08:36.068,-0.94,0.31,-0.04,8.36,-0.79,-0.67
2026-07-27 13:08:36.069,-0.94,0.31,-0.04,8.36,-0.79,-0.67
2026-07-27 13:08:36.069,-0.94,0.31,-0.04,11.29,-1.71,-1.04
2026-07-27 13:08:36.070,-0.94,0.31,-0.04,11.29,-1.71,-1.04
2026-07-27 13:08:36.071,-0.94,0.29,-0.04,11.29,-2.01,-0.73
2026-07-27 13:08:36.071,-0.94,0.29,-0.05,8.0,-1.46,-0.43
2026-07-27 13:08:36.088,-0.94,0.29,-0.05,8.0,-1.46,-0.43
2026-07-27 13:08:36.090,-0.94,0.3,-0.05,5.31,-0.67,-0.92
2026-07-27 13:08:36.124,-0.94,0.3,-0.05,5.31,-0.67,-0.92
2026-07-27 13:08:36.124,-0.94,0.31,-0.06,4.88,0.06,-1.4
2026-07-27 13:08:36.125,-0.94,0.31,-0.06,4.88,0.06,-1.4
2026-07-27 13:08:36.245,-0.95,0.31,-0.05,5.19,0.92,-1.22
2026-07-27 13:08:36.245,-0.95,0.31,-0.05,5.19,0.92,-1.22
2026-07-27 13:08:36.245,-0.94,0.31,-0.05,5.92,1.34,-0.92
2026-07-27 13:08:36.246,-0.93,0.3,-0.04,6.84,0.85,-0.61
2026-07-27 13:08:36.246,-0.93,0.3,-0.04,6.84,0.85,-0.61
2026-07-27 13:08:36.424,-0.93,0.29,-0.04,5.86,0.0,0.12
2026-07-27 13:08:36.484,-0.93,0.29,-0.04,5.86,0.0,0.12
2026-07-27 13:08:36.965,-0.94,0.28,-0.05,3.48,-0.61,0.73
2026-07-27 13:08:37.025,-0.94,0.28,-0.05,3.48,-0.61,0.73
2026-07-27 13:08:37.027,-0.94,0.28,-0.06,1.4,-0.43,0.79
2026-07-27 13:08:37.027,-0.94,0.28,-0.06,1.4,-0.43,0.79
2026-07-27 13:08:37.027,-0.95,0.28,-0.06,-0.06,0.43,0.37
2026-07-27 13:08:37.027,-0.95,0.28,-0.06,-0.06,0.43,0.37
2026-07-27 13:08:37.028,-0.94,0.29,-0.05,-0.37,1.16,-0.49
2026-07-27 13:08:37.028,-0.94,0.3,-0.05,0.92,1.53,-1.65
2026-07-27 13:08:37.029,-0.94,0.3,-0.05,0.92,1.53,-1.65
2026-07-27 13:08:37.029,-0.94,0.31,-0.04,2.87,1.77,-2.2
2026-07-27 13:08:37.029,-0.94,0.31,-0.04,2.87,1.77,-2.2
2026-07-27 13:08:37.029,-0.94,0.31,-0.04,3.91,1.53,-1.28
2026-07-27 13:08:37.030,-0.94,0.31,-0.04,3.91,1.53,-1.28
2026-07-27 13:08:37.030,-0.94,0.3,-0.04,3.6,0.43,0.61
2026-07-27 13:08:37.084,-0.94,0.29,-0.04,2.56,-1.77,2.2
2026-07-27 13:08:37.085,-0.94,0.29,-0.04,2.56,-1.77,2.2
2026-07-27 13:08:37.206,-0.94,0.29,-0.06,1.53,-4.21,2.99
2026-07-27 13:08:37.324,-0.94,0.29,-0.06,1.53,-4.21,2.99
2026-07-27 13:08:37.324,-0.94,0.29,-0.07,0.98,-5.43,3.23
2026-07-27 13:08:37.325,-0.94,0.29,-0.07,0.98,-5.43,3.23
2026-07-27 13:08:37.325,-0.94,0.28,-0.08,0.49,-4.46,3.42
2026-07-27 13:08:37.326,-0.94,0.28,-0.08,0.49,-4.46,3.42
2026-07-27 13:08:37.330,-0.95,0.28,-0.07,-0.49,-2.56,3.54
2026-07-27 13:08:37.331,-0.95,0.28,-0.07,-0.49,-2.56,3.54
2026-07-27 13:08:37.331,-0.95,0.27,-0.07,-2.26,-1.28,3.17
2026-07-27 13:08:37.332,-0.94,0.28,-0.06,-5.07,-1.04,2.38
2026-07-27 13:08:37.332,-0.94,0.28,-0.06,-5.07,-1.04,2.38
2026-07-27 13:08:37.332,-0.93,0.3,-0.06,-8.54,-1.16,1.95
2026-07-27 13:08:37.333,-0.93,0.3,-0.06,-8.54,-1.16,1.95
2026-07-27 13:08:37.333,-0.94,0.3,-0.07,-12.45,-0.73,2.2
2026-07-27 13:08:37.333,-0.94,0.3,-0.07,-12.45,-0.73,2.2
2026-07-27 13:08:37.333,-0.94,0.31,-0.07,-15.87,0.37,2.38
2026-07-27 13:08:37.334,-0.94,0.31,-0.07,-15.87,0.37,2.38
2026-07-27 13:08:37.334,-0.94,0.31,-0.06,-17.46,1.53,1.95
2026-07-27 13:08:37.334,-0.94,0.31,-0.06,-17.94,1.89,1.04
2026-07-27 13:08:37.383,-0.94,0.31,-0.04,-17.94,1.89,1.04
2026-07-27 13:08:37.384,-0.93,0.32,-0.03,-18.74,1.4,-0.31
2026-07-27 13:08:37.384,-0.93,0.32,-0.03,-18.74,1.4,-0.31
2026-07-27 13:08:37.384,-0.93,0.33,-0.03,-19.47,0.43,-1.53
2026-07-27 13:08:37.386,-0.93,0.33,-0.03,-19.47,0.43,-1.53
2026-07-27 13:08:37.386,-0.93,0.33,-0.02,-18.86,-0.37,-1.77
2026-07-27 13:08:37.386,-0.93,0.33,-0.02,-18.86,-0.37,-1.77
2026-07-27 13:08:37.386,-0.93,0.33,-0.02,-16.05,-0.12,-1.53
2026-07-27 13:08:37.387,-0.93,0.33,-0.02,-16.05,-0.12,-1.53
2026-07-27 13:08:37.388,-0.93,0.33,-0.02,-11.84,0.18,-1.65
2026-07-27 13:08:37.388,-0.93,0.33,-0.02,-7.57,-0.12,-1.89
2026-07-27 13:08:37.388,-0.93,0.34,-0.01,-7.57,-0.12,-1.89
2026-07-27 13:08:37.389,-0.93,0.34,-0.0,-4.21,-0.73,-1.89
2026-07-27 13:08:37.390,-0.93,0.34,-0.0,-4.21,-0.73,-1.89
2026-07-27 13:08:37.391,-0.93,0.34,0.0,-2.62,-1.22,-1.53
2026-07-27 13:08:37.504,-0.93,0.34,0.0,-2.62,-1.22,-1.53
2026-07-27 13:08:37.504,-0.93,0.34,0.0,-1.95,-1.4,-1.04
2026-07-27 13:08:37.504,-0.93,0.34,0.0,-1.95,-1.4,-1.04
2026-07-27 13:08:37.505,-0.93,0.34,0.0,-1.28,-1.28,-0.43
2026-07-27 13:08:37.508,-0.93,0.34,0.0,-1.28,-1.28,-0.43
2026-07-27 13:08:37.625,-0.93,0.33,-0.0,-0.49,-1.28,0.24
2026-07-27 13:08:37.626,-0.93,0.32,-0.0,0.37,-1.4,0.61
2026-07-27 13:08:37.626,-0.93,0.32,-0.0,0.37,-1.4,0.61
2026-07-27 13:08:37.626,-0.94,0.32,-0.01,1.53,-1.71,0.43
2026-07-27 13:08:37.626,-0.94,0.32,-0.01,1.53,-1.71,0.43
2026-07-27 13:08:37.626,-0.93,0.32,-0.01,3.23,-2.26,-0.06
2026-07-27 13:08:37.685,-0.93,0.32,-0.01,3.23,-2.26,-0.06
2026-07-27 13:08:37.685,-0.93,0.32,-0.01,4.52,-2.26,0.0
2026-07-27 13:08:37.685,-0.93,0.32,-0.01,4.52,-2.26,0.0
2026-07-27 13:08:37.744,-0.93,0.32,-0.0,4.82,-1.83,0.49
2026-07-27 13:08:37.744,-0.93,0.32,-0.0,4.52,-1.71,0.61
2026-07-27 13:08:37.806,-0.93,0.32,-0.01,4.52,-1.71,0.61
2026-07-27 13:08:37.806,-0.94,0.32,-0.01,4.03,-2.2,0.18
2026-07-27 13:08:37.806,-0.94,0.32,-0.01,4.03,-2.2,0.18
2026-07-27 13:08:37.925,-0.94,0.32,-0.01,3.54,-2.56,0.0
2026-07-27 13:08:37.925,-0.94,0.32,-0.01,3.54,-2.56,0.0
2026-07-27 13:08:37.925,-0.94,0.32,-0.01,3.42,-2.44,0.06
2026-07-27 13:08:38.283,-0.94,0.32,-0.01,3.42,-2.44,0.06
2026-07-27 13:08:38.284,-0.94,0.32,-0.01,3.85,-2.26,0.06
2026-07-27 13:08:38.295,-0.94,0.32,-0.01,3.85,-2.26,0.06
2026-07-27 13:08:38.295,-0.93,0.32,-0.01,3.66,-2.01,-0.12
2026-07-27 13:08:38.297,-0.93,0.32,-0.01,2.75,-1.71,-0.31
2026-07-27 13:08:38.297,-0.93,0.32,-0.01,2.75,-1.71,-0.31
2026-07-27 13:08:38.298,-0.93,0.32,-0.01,2.08,-1.34,-0.31
2026-07-27 13:08:38.298,-0.93,0.32,-0.01,2.08,-1.34,-0.31
2026-07-27 13:08:38.298,-0.93,0.31,-0.01,1.77,-0.98,-0.12
2026-07-27 13:08:38.298,-0.93,0.31,-0.01,1.77,-0.98,-0.12
2026-07-27 13:08:38.298,-0.93,0.31,-0.01,1.83,-0.85,-0.12
2026-07-27 13:08:38.298,-0.93,0.31,-0.01,1.83,-0.85,-0.12
2026-07-27 13:08:38.298,-0.94,0.31,-0.01,2.2,-0.92,-0.37
2026-07-27 13:08:38.298,-0.94,0.31,-0.01,2.2,-0.92,-0.37
2026-07-27 13:08:38.298,-0.94,0.32,-0.0,2.5,-1.1,-0.67
2026-07-27 13:08:38.299,-0.94,0.32,-0.0,2.2,-1.22,-0.73
2026-07-27 13:08:38.299,-0.94,0.32,-0.0,2.2,-1.22,-0.73
2026-07-27 13:08:38.299,-0.93,0.32,-0.0,1.77,-1.16,-0.55
2026-07-27 13:08:38.407,-0.93,0.32,-0.0,1.77,-1.16,-0.55
2026-07-27 13:08:38.407,-0.94,0.32,-0.0,2.01,-1.28,-0.55
2026-07-27 13:08:38.407,-0.94,0.32,-0.0,2.01,-1.28,-0.55
2026-07-27 13:08:38.407,-0.93,0.32,-0.0,2.44,-1.71,-0.85
2026-07-27 13:08:38.407,-0.93,0.32,-0.0,2.44,-1.71,-0.85
2026-07-27 13:08:38.408,-0.93,0.32,-0.01,2.5,-2.08,-0.92
2026-07-27 13:08:38.464,-0.93,0.32,-0.01,2.5,-2.08,-0.92
2026-07-27 13:08:38.464,-0.93,0.32,-0.01,2.5,-1.95,-0.85
2026-07-27 13:08:38.523,-0.93,0.32,-0.0,2.93,-1.59,-0.85
2026-07-27 13:08:38.524,-0.93,0.32,-0.0,2.93,-1.59,-0.85
2026-07-27 13:08:38.524,-0.93,0.32,-0.0,2.99,-1.22,-0.73
2026-07-27 13:08:38.525,-0.93,0.32,-0.0,2.99,-1.22,-0.73
2026-07-27 13:08:38.584,-0.94,0.32,-0.0,2.75,-0.98,-0.49
2026-07-27 13:08:38.584,-0.94,0.32,-0.0,2.75,-0.98,-0.49
2026-07-27 13:08:38.646,-0.94,0.32,-0.0,3.11,-1.04,-0.49
2026-07-27 13:08:38.646,-0.93,0.32,-0.0,3.72,-1.4,-0.55
2026-07-27 13:08:38.646,-0.93,0.32,-0.0,3.72,-1.4,-0.55
2026-07-27 13:08:38.764,-0.93,0.32,-0.0,3.85,-1.53,-0.55
2026-07-27 13:08:38.765,-0.93,0.32,-0.0,3.85,-1.53,-0.55
2026-07-27 13:08:38.765,-0.93,0.32,-0.0,3.85,-1.59,-0.61
2026-07-27 13:08:38.766,-0.93,0.32,-0.0,3.85,-1.59,-0.61
2026-07-27 13:08:38.766,-0.93,0.32,-0.0,3.91,-1.65,-0.67
2026-07-27 13:08:38.824,-0.93,0.32,-0.0,3.91,-1.65,-0.67
2026-07-27 13:08:38.824,-0.93,0.32,-0.0,3.72,-1.28,-0.55
2026-07-27 13:08:38.824,-0.93,0.32,-0.0,3.72,-1.28,-0.55
2026-07-27 13:08:38.889,-0.93,0.31,-0.0,3.17,-0.61,-0.24
2026-07-27 13:08:38.889,-0.93,0.31,-0.0,2.5,-0.31,-0.24
2026-07-27 13:08:38.889,-0.93,0.31,-0.0,2.5,-0.31,-0.24
2026-07-27 13:08:39.015,-0.93,0.31,-0.0,2.14,-0.49,-0.49
2026-07-27 13:08:39.015,-0.93,0.31,-0.0,2.14,-0.49,-0.49
2026-07-27 13:08:39.245,-0.93,0.31,-0.01,1.65,-0.61,-0.67
2026-07-27 13:08:39.252,-0.93,0.31,-0.01,1.65,-0.61,-0.67
2026-07-27 13:08:39.252,-0.93,0.31,-0.01,1.16,-0.24,-0.61
2026-07-27 13:08:39.252,-0.93,0.31,-0.01,1.16,-0.24,-0.61
2026-07-27 13:08:39.252,-0.93,0.31,-0.01,0.92,0.18,-0.49
2026-07-27 13:08:39.252,-0.93,0.31,-0.01,0.73,0.24,-0.31
2026-07-27 13:08:39.252,-0.93,0.31,-0.01,0.73,0.24,-0.31
2026-07-27 13:08:39.252,-0.94,0.31,-0.01,0.06,0.18,0.06
2026-07-27 13:08:39.252,-0.94,0.31,-0.01,0.06,0.18,0.06
2026-07-27 13:08:39.252,-0.94,0.31,-0.01,-0.24,0.24,0.31
2026-07-27 13:08:39.253,-0.94,0.31,-0.01,-0.24,0.24,0.31
2026-07-27 13:08:39.253,-0.94,0.31,-0.01,0.24,0.18,0.12
2026-07-27 13:08:39.253,-0.94,0.31,-0.01,0.24,0.18,0.12
2026-07-27 13:08:39.483,-0.94,0.31,-0.01,-0.24,0.18,-0.24
2026-07-27 13:08:39.484,-0.94,0.31,-0.01,-0.24,0.18,-0.24
2026-07-27 13:08:39.484,-0.93,0.31,-0.01,-1.71,0.37,-0.37
2026-07-27 13:08:39.485,-0.93,0.31,-0.02,-2.93,0.85,-0.24
2026-07-27 13:08:39.485,-0.93,0.31,-0.02,-2.93,0.85,-0.24
2026-07-27 13:08:39.486,-0.94,0.31,-0.02,-3.23,1.1,-0.18
2026-07-27 13:08:39.486,-0.94,0.31,-0.02,-3.23,1.1,-0.18
2026-07-27 13:08:39.487,-0.94,0.31,-0.02,-2.93,1.1,-0.37
2026-07-27 13:08:39.488,-0.94,0.31,-0.02,-2.93,1.1,-0.37
2026-07-27 13:08:39.490,-0.94,0.31,-0.02,-2.87,1.1,-0.43
2026-07-27 13:08:39.490,-0.94,0.31,-0.02,-2.87,1.1,-0.43
2026-07-27 13:08:39.491,-0.93,0.32,-0.01,-2.87,1.1,-0.43
2026-07-27 13:08:39.604,-0.93,0.32,-0.01,-2.87,1.1,-0.43
2026-07-27 13:08:39.725,-0.93,0.31,-0.01,-2.62,0.98,-0.31
2026-07-27 13:08:39.726,-0.93,0.31,-0.02,-2.32,0.67,-0.24
2026-07-27 13:08:39.726,-0.93,0.31,-0.02,-2.32,0.67,-0.24
2026-07-27 13:08:39.727,-0.94,0.32,-0.02,-2.08,0.31,-0.31
2026-07-27 13:08:39.727,-0.94,0.32,-0.02,-2.08,0.31,-0.31
2026-07-27 13:08:39.727,-0.94,0.32,-0.02,-1.28,0.06,-0.43
2026-07-27 13:08:39.727,-0.94,0.32,-0.02,-1.28,0.06,-0.43
2026-07-27 13:08:39.728,-0.93,0.32,-0.02,-0.24,0.0,-0.31
2026-07-27 13:08:39.730,-0.93,0.32,-0.02,-0.24,0.0,-0.31
2026-07-27 13:08:39.730,-0.93,0.32,-0.01,0.37,0.0,-0.18
2026-07-27 13:08:39.852,-0.93,0.32,-0.01,0.37,0.0,-0.18
2026-07-27 13:08:39.852,-0.93,0.31,-0.02,0.49,0.0,-0.18
2026-07-27 13:08:39.852,-0.94,0.32,-0.02,0.37,-0.06,-0.43
2026-07-27 13:08:39.853,-0.94,0.32,-0.02,0.37,-0.06,-0.43
2026-07-27 13:08:39.853,-0.93,0.32,-0.01,0.73,-0.12,-0.55
2026-07-27 13:08:39.854,-0.93,0.32,-0.01,0.73,-0.12,-0.55
2026-07-27 13:08:40.085,-0.93,0.31,-0.01,0.79,-0.12,-0.37
2026-07-27 13:08:40.086,-0.93,0.31,-0.01,0.79,-0.12,-0.37
2026-07-27 13:08:40.086,-0.93,0.31,-0.02,0.61,-0.31,-0.24
2026-07-27 13:08:40.086,-0.93,0.31,-0.02,0.61,-0.31,-0.24
2026-07-27 13:08:40.087,-0.94,0.31,-0.02,0.98,-0.49,-0.43
2026-07-27 13:08:40.144,-0.94,0.31,-0.02,0.98,-0.49,-0.43
2026-07-27 13:08:40.144,-0.94,0.32,-0.02,1.1,-0.43,-0.55
2026-07-27 13:08:40.385,-0.93,0.31,-0.02,1.04,-0.31,-0.49
2026-07-27 13:08:40.385,-0.93,0.31,-0.02,1.04,-0.31,-0.49
2026-07-27 13:08:40.386,-0.93,0.31,-0.02,1.22,-0.31,-0.37
2026-07-27 13:08:40.386,-0.93,0.31,-0.02,1.22,-0.31,-0.37
2026-07-27 13:08:40.387,-0.93,0.31,-0.02,1.1,-0.37,-0.49
2026-07-27 13:08:40.387,-0.93,0.31,-0.02,1.1,-0.37,-0.49
2026-07-27 13:08:40.387,-0.94,0.31,-0.02,0.31,-0.31,-0.55
2026-07-27 13:08:40.387,-0.94,0.31,-0.02,0.31,-0.31,-0.55
2026-07-27 13:08:40.388,-0.94,0.31,-0.02,-0.31,-0.31,-0.55
2026-07-27 13:08:40.388,-0.94,0.31,-0.02,-0.31,-0.31,-0.55
2026-07-27 13:08:40.388,-0.94,0.31,-0.02,-0.24,-0.37,-0.49
2026-07-27 13:08:40.389,-0.94,0.31,-0.02,-0.24,-0.49,-0.49
2026-07-27 13:08:40.391,-0.94,0.31,-0.02,-0.24,-0.49,-0.49
2026-07-27 13:08:40.391,-0.93,0.31,-0.02,-0.79,-0.49,-0.43
2026-07-27 13:08:40.391,-0.93,0.31,-0.02,-0.79,-0.49,-0.43
2026-07-27 13:08:40.392,-0.94,0.31,-0.02,-1.16,-0.49,-0.43
2026-07-27 13:08:40.443,-0.94,0.31,-0.02,-1.16,-0.49,-0.43
2026-07-27 13:08:40.444,-0.94,0.31,-0.02,-1.28,-0.49,-0.43
2026-07-27 13:08:40.445,-0.94,0.31,-0.02,-1.28,-0.49,-0.43
2026-07-27 13:08:40.445,-0.94,0.31,-0.02,-1.4,-0.43,-0.49
2026-07-27 13:08:40.504,-0.94,0.31,-0.02,-1.4,-0.43,-0.49
2026-07-27 13:08:40.505,-0.94,0.31,-0.02,-1.46,-0.31,-0.43
2026-07-27 13:08:40.564,-0.94,0.31,-0.01,-1.04,-0.31,-0.49
2026-07-27 13:08:40.565,-0.94,0.31,-0.01,-1.04,-0.31,-0.49
2026-07-27 13:08:40.565,-0.94,0.31,-0.01,-0.49,-0.37,-0.49
2026-07-27 13:08:40.685,-0.94,0.31,-0.01,-0.49,-0.37,-0.49
2026-07-27 13:08:40.685,-0.94,0.31,-0.01,-0.24,-0.43,-0.55
2026-07-27 13:08:40.685,-0.94,0.31,-0.01,-0.24,-0.43,-0.55
2026-07-27 13:08:40.686,-0.94,0.31,-0.01,-0.06,-0.43,-0.55
2026-07-27 13:08:40.686,-0.94,0.31,-0.01,0.18,-0.55,-0.37
2026-07-27 13:08:40.687,-0.94,0.31,-0.01,0.18,-0.55,-0.37
2026-07-27 13:08:40.744,-0.94,0.31,-0.01,0.0,-0.61,-0.12
2026-07-27 13:08:40.746,-0.94,0.31,-0.01,0.0,-0.61,-0.12
2026-07-27 13:08:40.804,-0.94,0.31,-0.01,0.0,-0.61,-0.18
2026-07-27 13:08:40.805,-0.94,0.31,-0.01,0.0,-0.61,-0.18
2026-07-27 13:08:40.925,-0.94,0.31,-0.01,0.06,-0.49,-0.37
2026-07-27 13:08:40.928,-0.94,0.31,-0.01,0.06,-0.49,-0.37
2026-07-27 13:08:40.929,-0.94,0.31,-0.01,-0.43,-0.12,-0.24
2026-07-27 13:08:40.929,-0.94,0.31,-0.01,-0.43,-0.12,-0.24
2026-07-27 13:08:40.930,-0.94,0.31,-0.01,-0.79,0.06,-0.06
2026-07-27 13:08:40.930,-0.94,0.31,-0.01,-0.73,0.06,-0.06
2026-07-27 13:08:41.105,-0.94,0.31,-0.01,-0.73,0.06,-0.06
2026-07-27 13:08:41.105,-0.94,0.31,-0.01,-0.92,0.0,-0.24
2026-07-27 13:08:41.105,-0.94,0.31,-0.01,-0.92,0.0,-0.24
2026-07-27 13:08:41.106,-0.94,0.31,-0.01,-1.28,0.06,-0.24
2026-07-27 13:08:41.106,-0.94,0.31,-0.01,-1.28,0.06,-0.24
2026-07-27 13:08:41.106,-0.94,0.31,-0.01,-1.34,0.12,-0.12
2026-07-27 13:08:41.107,-0.94,0.31,-0.01,-1.34,0.12,-0.12
2026-07-27 13:08:41.107,-0.94,0.31,-0.01,-1.1,0.12,-0.06
2026-07-27 13:08:41.107,-0.94,0.31,-0.01,-1.1,0.12,-0.06
2026-07-27 13:08:41.163,-0.94,0.31,-0.01,-0.98,0.0,0.0
2026-07-27 13:08:41.163,-0.94,0.31,-0.01,-1.1,-0.12,-0.06
2026-07-27 13:08:41.225,-0.94,0.31,-0.01,-1.1,-0.12,-0.06
2026-07-27 13:08:41.226,-0.94,0.31,-0.02,-1.16,-0.24,-0.12
2026-07-27 13:08:41.226,-0.94,0.31,-0.02,-1.16,-0.24,-0.12
2026-07-27 13:08:41.463,-0.94,0.31,-0.02,-0.98,-0.12,-0.12
2026-07-27 13:08:41.464,-0.94,0.31,-0.02,-0.98,-0.12,-0.12
2026-07-27 13:08:41.465,-0.94,0.31,-0.02,-0.85,0.0,-0.12
2026-07-27 13:08:41.465,-0.94,0.31,-0.02,-0.85,0.0,-0.12
2026-07-27 13:08:41.465,-0.94,0.31,-0.02,-0.73,0.0,-0.06
2026-07-27 13:08:41.465,-0.94,0.31,-0.02,-0.73,0.0,-0.06
2026-07-27 13:08:41.465,-0.94,0.31,-0.02,-0.37,-0.12,-0.12
2026-07-27 13:08:41.466,-0.94,0.31,-0.02,0.24,-0.24,-0.24
2026-07-27 13:08:41.467,-0.93,0.31,-0.01,0.24,-0.24,-0.24
2026-07-27 13:08:41.467,-0.94,0.31,-0.01,0.49,-0.37,-0.31
2026-07-27 13:08:41.468,-0.94,0.31,-0.01,0.49,-0.37,-0.31
2026-07-27 13:08:41.527,-0.94,0.31,-0.02,0.43,-0.61,-0.37
2026-07-27 13:08:41.527,-0.94,0.31,-0.02,0.43,-0.61,-0.37
2026-07-27 13:08:41.528,-0.94,0.31,-0.02,0.43,-0.67,-0.24
2026-07-27 13:08:41.584,-0.94,0.31,-0.02,0.43,-0.67,-0.24
2026-07-27 13:08:41.584,-0.94,0.31,-0.02,0.49,-0.43,-0.18
2026-07-27 13:08:41.584,-0.94,0.31,-0.02,0.49,-0.43,-0.18
2026-07-27 13:08:41.646,-0.94,0.31,-0.02,0.92,-0.24,-0.43
2026-07-27 13:08:41.646,-0.94,0.31,-0.01,0.98,-0.06,-0.61
2026-07-27 13:08:41.824,-0.94,0.31,-0.01,0.98,-0.06,-0.61
2026-07-27 13:08:41.825,-0.93,0.31,-0.01,0.37,0.0,-0.55
2026-07-27 13:08:41.825,-0.93,0.31,-0.01,0.37,0.0,-0.55
2026-07-27 13:08:42.004,-0.93,0.31,-0.01,0.18,-0.31,-0.49
2026-07-27 13:08:42.004,-0.93,0.31,-0.01,0.18,-0.31,-0.49
2026-07-27 13:08:42.004,-0.94,0.31,-0.01,0.49,-0.55,-0.49
2026-07-27 13:08:42.005,-0.94,0.31,-0.01,0.49,-0.55,-0.49
2026-07-27 13:08:42.014,-0.94,0.31,-0.01,0.43,-0.43,-0.49
2026-07-27 13:08:42.014,-0.94,0.31,-0.01,0.43,-0.43,-0.49
2026-07-27 13:08:42.016,-0.94,0.31,-0.02,0.0,-0.24,-0.43
2026-07-27 13:08:42.137,-0.94,0.31,-0.01,-0.24,-0.12,-0.43
2026-07-27 13:08:42.307,-0.94,0.31,-0.01,-0.24,-0.12,-0.43
2026-07-27 13:08:42.307,-0.94,0.31,-0.01,-0.18,0.0,-0.37
2026-07-27 13:08:42.308,-0.94,0.31,-0.01,-0.18,0.0,-0.37
2026-07-27 13:08:42.308,-0.94,0.31,-0.01,-0.18,0.12,-0.31
2026-07-27 13:08:42.308,-0.94,0.31,-0.01,-0.18,0.12,-0.31
2026-07-27 13:08:42.308,-0.94,0.31,-0.01,-0.55,0.12,-0.24
2026-07-27 13:08:42.308,-0.94,0.31,-0.01,-0.55,0.12,-0.24
2026-07-27 13:08:42.309,-0.94,0.31,-0.01,-1.16,0.24,-0.12
2026-07-27 13:08:42.309,-0.94,0.31,-0.01,-1.89,0.43,0.06
2026-07-27 13:08:42.309,-0.94,0.31,-0.02,-1.89,0.43,0.06
2026-07-27 13:08:42.309,-0.94,0.31,-0.02,-2.38,0.49,0.18
2026-07-27 13:08:42.363,-0.94,0.31,-0.02,-2.38,0.49,0.18
2026-07-27 13:08:42.425,-0.94,0.31,-0.02,-2.44,0.37,0.18
2026-07-27 13:08:42.425,-0.94,0.31,-0.02,-2.44,0.37,0.18
2026-07-27 13:08:42.426,-0.94,0.31,-0.02,-2.69,0.24,0.12
2026-07-27 13:08:42.485,-0.94,0.31,-0.02,-2.69,0.24,0.12
2026-07-27 13:08:42.783,-0.94,0.31,-0.02,-3.36,0.49,0.24
2026-07-27 13:08:42.783,-0.94,0.31,-0.02,-3.36,0.49,0.24
2026-07-27 13:08:42.844,-0.94,0.31,-0.02,-4.27,0.92,0.55
2026-07-27 13:08:42.905,-0.94,0.31,-0.02,-5.07,1.16,0.92
2026-07-27 13:08:42.905,-0.94,0.31,-0.02,-5.07,1.16,0.92
2026-07-27 13:08:42.906,-0.94,0.3,-0.02,-6.23,1.28,1.28
2026-07-27 13:08:42.906,-0.94,0.3,-0.02,-6.23,1.28,1.28
2026-07-27 13:08:42.906,-0.94,0.3,-0.02,-7.14,1.16,1.1
2026-07-27 13:08:42.906,-0.94,0.3,-0.02,-7.14,1.16,1.1
2026-07-27 13:08:42.906,-0.94,0.3,-0.02,-6.47,0.61,0.37
2026-07-27 13:08:42.907,-0.94,0.3,-0.02,-6.47,0.61,0.37
2026-07-27 13:08:42.907,-0.94,0.31,-0.02,-5.68,0.31,-0.18
2026-07-27 13:08:42.908,-0.94,0.31,-0.02,-5.68,0.31,-0.18
2026-07-27 13:08:42.909,-0.94,0.32,-0.02,-6.04,0.55,-0.18
2026-07-27 13:08:42.909,-0.93,0.32,-0.01,-5.92,0.67,0.0
2026-07-27 13:08:42.910,-0.93,0.32,-0.01,-5.92,0.67,0.0
2026-07-27 13:08:42.910,-0.93,0.32,-0.01,-4.94,0.55,0.0
2026-07-27 13:08:42.910,-0.93,0.32,-0.01,-4.94,0.55,0.0
2026-07-27 13:08:42.911,-0.93,0.32,-0.01,-4.76,0.43,-0.06
2026-07-27 13:08:42.911,-0.93,0.32,-0.01,-4.76,0.43,-0.06
2026-07-27 13:08:42.912,-0.93,0.32,-0.01,-4.94,0.49,0.12
2026-07-27 13:08:42.913,-0.93,0.32,-0.01,-4.94,0.49,0.12
2026-07-27 13:08:42.913,-0.94,0.32,-0.01,-4.21,0.73,0.79
2026-07-27 13:08:42.914,-0.94,0.32,-0.01,-3.17,0.85,1.4
2026-07-27 13:08:42.914,-0.94,0.32,-0.01,-3.17,0.85,1.4
2026-07-27 13:08:42.915,-0.94,0.31,-0.01,-2.93,1.1,1.89
2026-07-27 13:08:42.915,-0.94,0.31,-0.01,-2.93,1.1,1.89
2026-07-27 13:08:42.964,-0.94,0.31,-0.01,-3.3,1.59,2.5
2026-07-27 13:08:42.964,-0.94,0.31,-0.01,-3.3,1.59,2.5
2026-07-27 13:08:42.965,-0.94,0.3,-0.02,-4.39,2.38,3.36
2026-07-27 13:08:42.965,-0.94,0.3,-0.02,-4.39,2.38,3.36
2026-07-27 13:08:42.966,-0.94,0.3,-0.02,-5.98,3.48,4.27
2026-07-27 13:08:42.967,-0.94,0.3,-0.02,-5.98,3.48,4.27
2026-07-27 13:08:42.968,-0.94,0.3,-0.02,-5.98,3.48,4.27
2026-07-27 13:08:43.023,-0.94,0.3,-0.02,-5.98,3.48,4.27
2026-07-27 13:08:43.024,-0.94,0.29,-0.02,-10.74,6.77,5.55
2026-07-27 13:08:43.204,-0.94,0.29,-0.02,-10.74,6.77,5.55
2026-07-27 13:08:43.204,-0.94,0.29,-0.03,-13.98,8.61,6.16
2026-07-27 13:08:43.206,-0.94,0.29,-0.05,-17.76,11.6,7.26
2026-07-27 13:08:43.323,-0.94,0.29,-0.05,-17.76,11.6,7.26
2026-07-27 13:08:43.624,-0.95,0.29,-0.07,-22.58,16.42,9.16
2026-07-27 13:08:43.683,-0.95,0.29,-0.07,-22.58,16.42,9.16
2026-07-27 13:08:43.684,-0.95,0.29,-0.1,-28.93,23.07,11.6
2026-07-27 13:08:43.684,-0.95,0.29,-0.1,-28.93,23.07,11.6
2026-07-27 13:08:43.685,-0.96,0.31,-0.14,-35.52,31.49,14.16
2026-07-27 13:08:43.685,-0.97,0.33,-0.21,-38.33,42.54,16.78
2026-07-27 13:08:43.686,-0.97,0.33,-0.21,-38.33,42.54,16.78
2026-07-27 13:08:43.687,-0.98,0.34,-0.28,-38.82,56.95,19.59
2026-07-27 13:08:43.687,-0.98,0.34,-0.28,-38.82,56.95,19.59
2026-07-27 13:08:43.687,-0.99,0.32,-0.31,-42.97,72.88,20.51
2026-07-27 13:08:43.688,-0.99,0.32,-0.31,-42.97,72.88,20.51
2026-07-27 13:08:43.688,-0.99,0.3,-0.29,-51.21,84.17,15.56
2026-07-27 13:08:43.804,-0.99,0.3,-0.29,-55.11,85.75,1.83
2026-07-27 13:08:43.804,-0.95,0.29,-0.22,-55.11,85.75,1.83
2026-07-27 13:08:43.804,-0.87,0.33,-0.11,-43.21,72.63,-20.75
2026-07-27 13:08:43.924,-0.87,0.33,-0.11,-43.21,72.63,-20.75
2026-07-27 13:08:43.924,-0.79,0.42,-0.04,-18.92,46.51,-43.82
2026-07-27 13:08:43.924,-0.79,0.42,-0.04,-18.92,46.51,-43.82
2026-07-27 13:08:43.925,-0.77,0.48,-0.09,-4.7,22.71,-53.83
2026-07-27 13:08:43.925,-0.77,0.48,-0.09,-4.7,22.71,-53.83
2026-07-27 13:08:44.044,-0.8,0.5,-0.2,-7.63,11.35,-47.42
2026-07-27 13:08:44.045,-0.83,0.52,-0.31,-19.53,12.88,-30.58
2026-07-27 13:08:44.045,-0.83,0.52,-0.31,-19.53,12.88,-30.58
2026-07-27 13:08:44.045,-0.83,0.53,-0.35,-31.07,20.69,-11.6
2026-07-27 13:08:44.046,-0.83,0.53,-0.35,-31.07,20.69,-11.6
2026-07-27 13:08:44.046,-0.82,0.47,-0.31,-22.22,20.26,-0.37
2026-07-27 13:08:44.046,-0.82,0.47,-0.31,-22.22,20.26,-0.37
2026-07-27 13:08:44.047,-0.79,0.37,-0.25,4.94,7.87,0.43
2026-07-27 13:08:44.047,-0.75,0.3,-0.21,26.06,-8.61,-5.55
2026-07-27 13:08:44.047,-0.75,0.3,-0.21,26.06,-8.61,-5.55
2026-07-27 13:08:44.047,-0.74,0.29,-0.23,30.82,-24.54,-13.12
2026-07-27 13:08:44.048,-0.74,0.29,-0.23,30.82,-24.54,-13.12
2026-07-27 13:08:44.049,-0.8,0.29,-0.31,22.46,-38.21,-16.42
2026-07-27 13:08:44.049,-0.8,0.29,-0.31,22.46,-38.21,-16.42
2026-07-27 13:08:44.050,-0.96,0.26,-0.42,11.78,-49.68,-15.5
2026-07-27 13:08:44.050,-0.96,0.26,-0.42,11.78,-49.68,-15.5
2026-07-27 13:08:44.052,-0.96,0.26,-0.42,11.78,-49.68,-15.5
2026-07-27 13:08:44.052,-0.96,0.26,-0.42,11.78,-49.68,-15.5
2026-07-27 13:08:44.052,-1.2,0.35,-0.4,10.56,-45.1,-15.69
2026-07-27 13:08:44.106,-1.2,0.35,-0.4,10.56,-45.1,-15.69
2026-07-27 13:08:44.106,-0.9,0.48,-0.22,-4.94,-23.8,-11.47
2026-07-27 13:08:44.107,-0.72,0.46,-0.02,-16.54,-16.97,-0.37
2026-07-27 13:08:44.107,-0.72,0.46,-0.02,-16.54,-16.97,-0.37
2026-07-27 13:08:44.107,-0.79,0.28,0.05,-0.61,-37.48,14.4
2026-07-27 13:08:44.108,-0.79,0.28,0.05,-0.61,-37.48,14.4
2026-07-27 13:08:44.283,-0.96,0.11,-0.03,50.17,-68.66,24.05
2026-07-27 13:08:44.284,-0.96,0.11,-0.03,50.17,-68.66,24.05
2026-07-27 13:08:44.284,-1.04,0.07,-0.08,94.3,-76.48,20.14
2026-07-27 13:08:44.285,-1.02,0.15,-0.05,70.68,-54.44,7.87
2026-07-27 13:08:44.285,-1.02,0.15,-0.05,70.68,-54.44,7.87
2026-07-27 13:08:44.286,-0.99,0.23,-0.03,4.58,-26.12,-0.55
2026-07-27 13:08:44.289,-0.99,0.23,-0.03,4.58,-26.12,-0.55
2026-07-27 13:08:44.350,-1.0,0.27,0.01,-45.78,1.16,2.26
2026-07-27 13:08:44.350,-1.0,0.27,0.01,-45.78,1.16,2.26
2026-07-27 13:08:44.407,-0.99,0.25,0.05,-62.26,25.33,12.08
2026-07-27 13:08:44.408,-0.99,0.25,0.05,-62.26,25.33,12.08
2026-07-27 13:08:44.408,-0.95,0.19,0.05,-53.41,31.86,16.24
2026-07-27 13:08:44.408,-0.93,0.15,0.02,-43.88,17.52,8.79
2026-07-27 13:08:44.463,-0.93,0.15,0.02,-43.88,17.52,8.79
2026-07-27 13:08:44.463,-0.92,0.15,-0.01,-39.61,-1.71,-3.97
2026-07-27 13:08:44.584,-0.92,0.15,-0.01,-39.61,-1.71,-3.97
2026-07-27 13:08:44.584,-0.92,0.2,-0.01,-30.4,-14.59,-14.95
2026-07-27 13:08:44.584,-0.92,0.2,-0.01,-30.4,-14.59,-14.95
2026-07-27 13:08:44.585,-0.91,0.27,0.0,-14.59,-23.5,-20.2
2026-07-27 13:08:44.585,-0.92,0.3,0.01,-0.06,-29.6,-17.09
2026-07-27 13:08:44.647,-0.92,0.3,0.01,-0.06,-29.6,-17.09
2026-07-27 13:08:44.703,-0.95,0.3,-0.0,6.71,-31.37,-6.41
2026-07-27 13:08:44.704,-0.95,0.3,-0.0,6.71,-31.37,-6.41
2026-07-27 13:08:44.704,-0.99,0.23,-0.04,3.42,-28.75,8.36
2026-07-27 13:08:44.705,-0.99,0.23,-0.04,-7.32,-24.78,21.06
2026-07-27 13:08:44.705,-1.1,0.15,-0.08,-7.32,-24.78,21.06
2026-07-27 13:08:44.823,-1.28,0.14,-0.08,-10.13,-23.44,19.96
2026-07-27 13:08:44.824,-1.28,0.14,-0.08,-10.13,-23.44,19.96
2026-07-27 13:08:44.824,-1.24,0.24,-0.05,5.68,-25.51,-2.93
2026-07-27 13:08:44.824,-1.24,0.24,-0.05,5.68,-25.51,-2.93
2026-07-27 13:08:44.825,-0.94,0.44,-0.02,6.16,-21.0,-30.64
2026-07-27 13:08:44.944,-0.94,0.44,-0.02,6.16,-21.0,-30.64
2026-07-27 13:08:44.944,-0.73,0.6,-0.02,-24.6,15.2,-26.37
2026-07-27 13:08:44.944,-0.73,0.6,-0.02,-24.6,15.2,-26.37
2026-07-27 13:08:44.944,-0.73,0.6,-0.02,-24.6,15.2,-26.37
2026-07-27 13:08:44.945,-0.73,0.6,-0.02,-24.6,15.2,-26.37
2026-07-27 13:08:44.945,-0.94,0.38,0.07,45.59,101.99,41.75
2026-07-27 13:08:45.004,-1.05,0.24,0.09,77.82,96.62,47.24
2026-07-27 13:08:45.005,-1.05,0.24,0.09,77.82,96.62,47.24
2026-07-27 13:08:45.124,-0.97,0.27,0.07,56.82,66.1,26.0
2026-07-27 13:08:45.124,-0.97,0.27,0.07,56.82,66.1,26.0
2026-07-27 13:08:45.125,-0.81,0.37,0.01,34.36,35.34,-5.25
2026-07-27 13:08:45.125,-0.81,0.37,0.01,34.36,35.34,-5.25
2026-07-27 13:08:45.125,-0.72,0.43,-0.06,36.13,19.9,-22.52
2026-07-27 13:08:45.125,-0.72,0.43,-0.06,36.13,19.9,-22.52
2026-07-27 13:08:45.363,-0.72,0.43,-0.06,36.13,19.9,-22.52
2026-07-27 13:08:45.364,-0.72,0.43,-0.06,36.13,19.9,-22.52
2026-07-27 13:08:45.364,-0.84,0.32,-0.2,41.99,18.98,-9.34
2026-07-27 13:08:45.364,-0.84,0.32,-0.2,28.2,10.25,-5.68
2026-07-27 13:08:45.365,-0.89,0.25,-0.24,28.2,10.25,-5.68
2026-07-27 13:08:45.365,-0.89,0.22,-0.27,13.85,-5.55,-12.82
2026-07-27 13:08:45.365,-0.89,0.22,-0.27,13.85,-5.55,-12.82
2026-07-27 13:08:45.366,-0.9,0.22,-0.36,5.74,-17.15,-21.18
2026-07-27 13:08:45.366,-0.9,0.22,-0.36,5.74,-17.15,-21.18
2026-07-27 13:08:45.367,-0.93,0.26,-0.48,-4.39,-11.66,-21.61
2026-07-27 13:08:45.367,-0.93,0.26,-0.48,-4.39,-11.66,-21.61
2026-07-27 13:08:45.483,-0.89,0.3,-0.45,-17.7,6.9,-17.27
2026-07-27 13:08:45.484,-0.89,0.3,-0.23,-27.83,12.39,-15.99
2026-07-27 13:08:45.484,-0.89,0.3,-0.23,-27.83,12.39,-15.99
2026-07-27 13:08:45.484,-1.13,0.36,-0.0,-27.65,-12.51,-20.51
2026-07-27 13:08:45.485,-1.13,0.36,-0.0,-27.65,-12.51,-20.51
2026-07-27 13:08:45.844,-1.17,0.49,-0.06,-4.58,-47.24,-22.28
2026-07-27 13:08:45.844,-1.17,0.49,-0.06,-4.58,-47.24,-22.28
2026-07-27 13:08:45.845,-0.86,0.53,-0.17,20.94,-53.96,-9.64
2026-07-27 13:08:45.845,-0.86,0.53,-0.17,23.68,-31.37,11.54
2026-07-27 13:08:46.144,-0.7,0.4,0.01,23.68,-31.37,11.54
2026-07-27 13:08:46.145,-0.84,0.23,0.16,19.23,-6.29,31.07
2026-07-27 13:08:46.146,-0.84,0.23,0.16,19.23,-6.29,31.07
2026-07-27 13:08:46.146,-1.03,0.1,0.07,21.48,-8.61,39.98
2026-07-27 13:08:46.146,-1.03,0.1,0.07,21.48,-8.61,39.98
2026-07-27 13:08:46.146,-1.07,0.07,-0.02,38.76,-42.05,27.34
2026-07-27 13:08:46.146,-1.07,0.07,-0.02,38.76,-42.05,27.34
2026-07-27 13:08:46.147,-1.01,0.18,-0.02,45.41,-60.61,3.48
2026-07-27 13:08:46.147,-1.0,0.29,-0.03,17.46,-49.8,-10.93
2026-07-27 13:08:46.147,-1.0,0.29,-0.03,17.46,-49.8,-10.93
2026-07-27 13:08:46.148,-0.99,0.27,-0.01,-9.83,-28.38,-7.26
2026-07-27 13:08:46.148,-0.99,0.27,-0.01,-9.83,-28.38,-7.26
2026-07-27 13:08:46.149,-0.95,0.21,0.03,-3.78,-6.53,4.52
2026-07-27 13:08:46.149,-0.95,0.21,0.03,-3.78,-6.53,4.52
2026-07-27 13:08:46.150,-0.91,0.18,0.06,23.99,0.0,9.64
2026-07-27 13:08:46.150,-0.91,0.18,0.06,23.99,0.0,9.64
2026-07-27 13:08:46.151,-0.92,0.17,0.03,39.37,-13.24,6.96
2026-07-27 13:08:46.152,-0.95,0.17,-0.03,31.92,-33.33,1.1
2026-07-27 13:08:46.152,-0.95,0.17,-0.03,31.92,-33.33,1.1
2026-07-27 13:08:46.153,-0.97,0.2,-0.06,19.35,-43.82,-3.23
2026-07-27 13:08:46.153,-0.97,0.2,-0.06,19.35,-43.82,-3.23
2026-07-27 13:08:46.154,-0.97,0.23,-0.05,15.87,-38.57,-1.77
2026-07-27 13:08:46.155,-0.97,0.23,-0.05,15.87,-38.57,-1.77
2026-07-27 13:08:46.158,-0.97,0.23,-0.02,22.77,-24.72,5.0
2026-07-27 13:08:46.158,-0.97,0.23,-0.02,22.77,-24.72,5.0
2026-07-27 13:08:46.159,-0.99,0.2,-0.01,28.02,-14.04,13.61
2026-07-27 13:08:46.386,-1.01,0.16,-0.03,20.02,-12.02,18.49
2026-07-27 13:08:46.386,-1.01,0.16,-0.03,20.02,-12.02,18.49
2026-07-27 13:08:46.505,-1.05,0.15,-0.09,9.95,-19.23,16.11
2026-07-27 13:08:46.506,-1.05,0.15,-0.09,9.95,-19.23,16.11
2026-07-27 13:08:46.507,-1.16,0.17,-0.12,17.76,-31.25,8.0
2026-07-27 13:08:46.507,-1.16,0.17,-0.12,17.76,-31.25,8.0
2026-07-27 13:08:46.508,-1.18,0.25,-0.11,35.16,-31.43,-4.27
2026-07-27 13:08:46.508,-1.18,0.25,-0.11,33.33,-14.83,-18.19
2026-07-27 13:08:46.509,-1.0,0.37,-0.09,33.33,-14.83,-18.19
2026-07-27 13:08:46.509,-0.8,0.48,-0.06,11.6,21.67,-17.33
2026-07-27 13:08:46.510,-0.8,0.48,-0.06,11.6,21.67,-17.33
2026-07-27 13:08:46.510,-0.79,0.53,-0.03,7.39,75.32,5.74
2026-07-27 13:08:46.510,-0.79,0.53,-0.03,7.39,75.32,5.74
2026-07-27 13:08:46.510,-0.96,0.43,0.03,37.72,108.83,28.69
2026-07-27 13:08:46.511,-0.96,0.43,0.03,37.72,108.83,28.69
2026-07-27 13:08:46.511,-1.04,0.3,0.08,63.84,97.96,32.1
2026-07-27 13:08:46.624,-0.94,0.28,0.05,53.83,60.06,15.75
2026-07-27 13:08:46.633,-0.94,0.28,0.05,53.83,60.06,15.75
2026-07-27 13:08:46.633,-0.78,0.37,-0.03,35.22,28.44,-7.57
2026-07-27 13:08:46.634,-0.78,0.37,-0.03,35.22,28.44,-7.57
2026-07-27 13:08:46.684,-0.69,0.43,-0.07,38.33,14.04,-22.52
2026-07-27 13:08:46.924,-0.73,0.37,-0.1,50.96,3.66,-23.56
2026-07-27 13:08:47.164,-0.73,0.37,-0.1,50.96,3.66,-23.56
2026-07-27 13:08:47.165,-0.87,0.21,-0.16,49.5,-10.56,-18.74
2026-07-27 13:08:47.165,-0.87,0.21,-0.16,49.5,-10.56,-18.74
2026-07-27 13:08:47.165,-0.97,0.12,-0.24,33.02,-24.17,-23.32
2026-07-27 13:08:47.165,-0.97,0.12,-0.24,33.02,-24.17,-23.32
2026-07-27 13:08:47.166,-0.98,0.15,-0.31,12.39,-27.16,-34.55
2026-07-27 13:08:47.166,-0.98,0.16,-0.36,-7.81,-19.59,-37.48
2026-07-27 13:08:47.166,-0.98,0.16,-0.36,-7.81,-19.59,-37.48
2026-07-27 13:08:47.167,-0.99,0.12,-0.39,-25.57,-8.48,-34.97
2026-07-27 13:08:47.167,-0.99,0.12,-0.39,-25.57,-8.48,-34.97
2026-07-27 13:08:47.168,-0.91,0.09,-0.36,-43.95,6.16,-35.16
2026-07-27 13:08:47.168,-0.91,0.09,-0.36,-43.95,6.16,-35.16
2026-07-27 13:08:47.170,-0.8,0.13,-0.25,-54.32,11.66,-34.24
2026-07-27 13:08:47.170,-0.8,0.13,-0.25,-54.32,11.66,-34.24
2026-07-27 13:08:47.170,-0.8,0.13,-0.25,-54.32,11.66,-34.24
2026-07-27 13:08:47.283,-0.8,0.13,-0.25,-54.32,11.66,-34.24
2026-07-27 13:08:47.284,-1.16,0.47,-0.02,-38.02,-37.17,-12.7
2026-07-27 13:08:47.284,-1.16,0.47,-0.02,-38.02,-37.17,-12.7
2026-07-27 13:08:47.284,-1.16,0.47,-0.02,-38.02,-37.17,-12.7
2026-07-27 13:08:47.285,-1.16,0.47,-0.02,-38.02,-37.17,-12.7
2026-07-27 13:08:47.285,-0.86,0.41,-0.1,33.14,-44.37,22.64
2026-07-27 13:08:47.286,-0.86,0.41,-0.1,42.3,-23.99,35.28
2026-07-27 13:08:47.286,-0.77,0.25,0.08,42.3,-23.99,35.28
2026-07-27 13:08:47.290,-0.92,0.16,0.13,33.87,-8.3,45.04
2026-07-27 13:08:47.290,-0.92,0.16,0.13,33.87,-8.3,45.04
2026-07-27 13:08:47.291,-1.03,0.12,0.08,8.73,-4.03,46.57
2026-07-27 13:08:47.291,-1.03,0.12,0.08,8.73,-4.03,46.57
2026-07-27 13:08:47.291,-1.04,0.16,0.03,-19.17,-10.31,34.3
2026-07-27 13:08:47.292,-1.04,0.16,0.03,-19.17,-10.31,34.3
2026-07-27 13:08:47.404,-1.03,0.26,0.01,-37.41,-16.11,12.94
2026-07-27 13:08:47.405,-1.0,0.31,0.01,-32.29,-17.82,-2.93
2026-07-27 13:08:47.405,-1.0,0.31,0.01,-32.29,-17.82,-2.93
2026-07-27 13:08:47.405,-0.95,0.3,0.04,-6.41,-11.29,-3.54
2026-07-27 13:08:47.406,-0.95,0.3,0.04,-6.41,-11.29,-3.54
2026-07-27 13:08:47.469,-0.9,0.25,0.05,20.26,-3.48,3.05
2026-07-27 13:08:47.643,-0.9,0.25,0.05,20.26,-3.48,3.05
2026-07-27 13:08:47.644,-0.9,0.21,0.04,36.44,-6.9,6.23
2026-07-27 13:08:47.714,-0.9,0.21,0.04,36.44,-6.9,6.23
2026-07-27 13:08:47.715,-0.94,0.19,-0.01,37.48,-22.52,3.42
2026-07-27 13:08:47.715,-0.97,0.19,-0.06,31.98,-42.72,-4.09
2026-07-27 13:08:47.715,-0.97,0.19,-0.06,31.98,-42.72,-4.09
2026-07-27 13:08:47.718,-0.97,0.21,-0.07,39.12,-55.54,-9.83
2026-07-27 13:08:47.720,-0.97,0.21,-0.07,39.12,-55.54,-9.83
2026-07-27 13:08:47.720,-0.96,0.21,-0.05,50.11,-49.87,-5.98
2026-07-27 13:08:47.721,-0.96,0.21,-0.05,50.11,-49.87,-5.98
2026-07-27 13:08:47.721,-0.98,0.21,-0.03,48.83,-31.56,4.94
2026-07-27 13:08:47.721,-1.0,0.2,-0.05,41.69,-19.29,13.79
2026-07-27 13:08:47.766,-1.0,0.2,-0.05,41.69,-19.29,13.79
2026-07-27 13:08:47.766,-1.07,0.2,-0.07,36.62,-22.77,14.4
2026-07-27 13:08:47.766,-1.07,0.2,-0.07,36.62,-22.77,14.4
2026-07-27 13:08:48.191,-1.19,0.26,-0.1,41.08,-28.93,4.09
2026-07-27 13:08:48.191,-1.19,0.26,-0.1,41.08,-28.93,4.09
2026-07-27 13:08:48.192,-1.17,0.38,-0.14,60.91,-26.67,-17.21
2026-07-27 13:08:48.192,-1.17,0.38,-0.14,60.91,-26.67,-17.21
2026-07-27 13:08:48.192,-0.93,0.49,-0.14,81.24,-13.49,-36.07
2026-07-27 13:08:48.193,-0.78,0.48,-0.03,82.64,39.06,-25.51
2026-07-27 13:08:48.193,-0.78,0.48,-0.03,82.64,39.06,-25.51
2026-07-27 13:08:48.193,-0.88,0.45,0.1,72.45,107.79,5.74
2026-07-27 13:08:48.193,-0.88,0.45,0.1,72.45,107.79,5.74
2026-07-27 13:08:48.244,-1.03,0.44,0.14,60.85,128.23,25.09
2026-07-27 13:08:48.245,-1.03,0.44,0.14,60.85,128.23,25.09
2026-07-27 13:08:48.245,-0.97,0.39,0.09,47.73,94.54,25.27
2026-07-27 13:08:48.246,-0.78,0.33,0.01,46.2,45.04,14.28
2026-07-27 13:08:48.246,-0.78,0.33,0.01,46.2,45.04,14.28
2026-07-27 13:08:48.246,-0.64,0.33,-0.02,62.38,12.21,3.3
2026-07-27 13:08:48.247,-0.64,0.33,-0.02,62.38,12.21,3.3
2026-07-27 13:08:48.247,-0.62,0.33,-0.05,72.75,-7.32,1.22
2026-07-27 13:08:48.247,-0.62,0.33,-0.05,72.75,-7.32,1.22
2026-07-27 13:08:48.248,-0.75,0.33,-0.1,60.49,-28.26,5.19
2026-07-27 13:08:48.249,-0.75,0.33,-0.1,60.49,-28.26,5.19
2026-07-27 13:08:48.249,-0.75,0.33,-0.1,60.49,-28.26,5.19
2026-07-27 13:08:48.249,-0.75,0.33,-0.1,60.49,-28.26,5.19
2026-07-27 13:08:48.364,-1.09,0.29,-0.38,49.32,-74.89,-6.35
2026-07-27 13:08:48.364,-1.09,0.29,-0.38,62.44,-72.02,-11.54
2026-07-27 13:08:48.365,-1.09,0.29,-0.42,62.44,-72.02,-11.54
2026-07-27 13:08:48.365,-1.04,0.28,-0.28,56.58,-45.23,-8.48
2026-07-27 13:08:48.365,-1.04,0.28,-0.28,56.58,-45.23,-8.48
2026-07-27 13:08:48.424,-0.96,0.31,-0.11,31.98,-18.07,-5.8
2026-07-27 13:08:48.425,-0.96,0.31,-0.11,31.98,-18.07,-5.8
2026-07-27 13:08:48.483,-0.86,0.35,-0.01,15.44,-6.1,-6.23
2026-07-27 13:08:48.483,-0.86,0.35,-0.01,15.44,-6.1,-6.23
2026-07-27 13:08:48.484,-0.87,0.33,0.01,20.2,-14.47,-5.74
2026-07-27 13:08:48.604,-0.95,0.27,-0.02,39.31,-30.64,-3.6
2026-07-27 13:08:48.604,-0.95,0.27,-0.02,39.31,-30.64,-3.6
2026-07-27 13:08:48.604,-1.0,0.23,-0.04,55.24,-33.81,-1.59
2026-07-27 13:08:48.605,-1.0,0.23,-0.04,55.24,-33.81,-1.59
2026-07-27 13:08:48.605,-0.94,0.21,0.01,56.95,-24.54,-2.81
2026-07-27 13:08:48.665,-0.92,0.2,0.04,34.73,-8.61,-0.55
2026-07-27 13:08:48.666,-0.92,0.2,0.04,34.73,-8.61,-0.55
2026-07-27 13:08:48.666,-1.03,0.15,-0.01,-2.2,1.77,8.79
2026-07-27 13:08:48.724,-1.03,0.15,-0.01,-2.2,1.77,8.79
2026-07-27 13:08:48.724,-1.1,0.12,-0.04,-7.2,-0.67,12.39
2026-07-27 13:08:48.725,-1.1,0.12,-0.04,-7.2,-0.67,12.39
2026-07-27 13:08:48.785,-1.05,0.18,-0.02,28.93,-9.77,2.93
2026-07-27 13:08:48.795,-1.05,0.18,-0.02,28.93,-9.77,2.93
2026-07-27 13:08:48.964,-0.94,0.24,0.01,68.42,-21.24,-7.14
2026-07-27 13:08:48.964,-0.88,0.24,0.03,94.06,-28.87,-5.31
2026-07-27 13:08:48.965,-0.88,0.24,0.03,94.06,-28.87,-5.31
2026-07-27 13:08:48.965,-0.92,0.18,0.01,105.1,-26.79,5.19
2026-07-27 13:08:48.965,-0.92,0.18,0.01,105.1,-26.79,5.19
2026-07-27 13:08:48.965,-0.99,0.08,-0.04,104.86,-22.34,13.79
2026-07-27 13:08:48.966,-0.99,0.08,-0.04,104.86,-22.34,13.79
2026-07-27 13:08:48.966,-1.03,0.03,-0.07,107.06,-23.13,14.04
2026-07-27 13:08:49.027,-1.01,0.09,-0.04,108.34,-22.03,6.47
2026-07-27 13:08:49.027,-1.01,0.09,-0.04,108.34,-22.03,6.47
2026-07-27 13:08:49.094,-0.98,0.18,0.01,90.52,-12.15,0.12
2026-07-27 13:08:49.145,-0.98,0.18,0.01,90.52,-12.15,0.12
2026-07-27 13:08:49.145,-0.96,0.18,0.0,58.04,-0.79,3.42
2026-07-27 13:08:49.146,-0.96,0.18,0.0,58.04,-0.79,3.42
2026-07-27 13:08:49.146,-0.97,0.11,-0.04,35.4,1.83,11.17
2026-07-27 13:08:49.147,-0.97,0.11,-0.04,35.4,1.83,11.17
2026-07-27 13:08:49.205,-0.98,0.07,-0.05,27.89,-0.31,14.47
2026-07-27 13:08:49.205,-0.96,0.12,-0.03,24.29,0.24,11.72
2026-07-27 13:08:49.206,-0.96,0.12,-0.03,24.29,0.24,11.72
2026-07-27 13:08:49.384,-0.95,0.24,-0.01,21.42,-1.34,3.91
2026-07-27 13:08:49.385,-0.95,0.24,-0.01,21.42,-1.34,3.91
2026-07-27 13:08:49.385,-0.95,0.31,0.01,16.36,-7.39,-3.54
2026-07-27 13:08:49.385,-0.95,0.31,0.01,16.36,-7.39,-3.54
2026-07-27 13:08:49.386,-0.95,0.3,0.02,8.06,-7.69,-1.77
2026-07-27 13:08:49.388,-0.95,0.3,0.02,8.06,-7.69,-1.77
2026-07-27 13:08:49.388,-0.94,0.28,-0.01,3.66,0.31,6.84
2026-07-27 13:08:49.388,-0.94,0.28,-0.01,6.16,2.5,9.95
2026-07-27 13:08:49.452,-0.96,0.37,-0.13,6.16,2.5,9.95
2026-07-27 13:08:49.452,-0.99,0.49,-0.24,14.71,4.15,10.5
2026-07-27 13:08:49.453,-0.99,0.49,-0.24,14.71,4.15,10.5
2026-07-27 13:08:49.564,-0.96,0.52,-0.23,23.01,18.92,21.85
2026-07-27 13:08:49.565,-0.96,0.52,-0.23,23.01,18.92,21.85
2026-07-27 13:08:49.565,-0.91,0.47,-0.18,21.67,37.41,43.95
2026-07-27 13:08:49.565,-0.91,0.47,-0.18,21.67,37.41,43.95
2026-07-27 13:08:49.565,-0.88,0.33,-0.15,10.62,44.13,61.77
2026-07-27 13:08:49.628,-0.86,0.22,-0.15,-6.23,36.25,61.46
2026-07-27 13:08:49.629,-0.86,0.22,-0.15,-6.23,36.25,61.46
2026-07-27 13:08:49.687,-0.82,0.23,-0.16,-19.41,19.04,42.11
2026-07-27 13:08:49.687,-0.82,0.23,-0.16,-19.41,19.04,42.11
2026-07-27 13:08:49.688,-0.82,0.31,-0.16,-16.05,-2.87,16.85
2026-07-27 13:08:49.803,-0.82,0.31,-0.16,-16.05,-2.87,16.85
2026-07-27 13:08:49.804,-0.86,0.35,-0.17,0.0,-20.57,0.92
2026-07-27 13:08:49.805,-0.86,0.35,-0.17,13.0,-29.54,-7.63
2026-07-27 13:08:49.806,-0.92,0.39,-0.22,13.0,-29.54,-7.63
2026-07-27 13:08:49.806,-0.95,0.45,-0.27,15.87,-30.64,-15.2
2026-07-27 13:08:49.806,-0.95,0.45,-0.27,15.87,-30.64,-15.2
2026-07-27 13:08:49.864,-0.94,0.48,-0.29,13.43,-20.87,-16.42
2026-07-27 13:08:49.866,-0.94,0.48,-0.29,13.43,-20.87,-16.42
2026-07-27 13:08:50.045,-0.91,0.46,-0.24,8.12,-2.93,-7.39
2026-07-27 13:08:50.045,-0.91,0.46,-0.24,8.12,-2.93,-7.39
2026-07-27 13:08:50.045,-0.88,0.42,-0.18,-0.61,11.47,5.07
2026-07-27 13:08:50.046,-0.88,0.38,-0.13,-5.68,16.11,11.78
2026-07-27 13:08:50.046,-0.88,0.38,-0.13,-5.68,16.11,11.78
2026-07-27 13:08:50.046,-0.89,0.36,-0.12,-4.39,13.85,9.89
2026-07-27 13:08:50.046,-0.89,0.36,-0.12,-4.39,13.85,9.89
2026-07-27 13:08:50.047,-0.89,0.36,-0.13,-1.04,7.39,2.69
2026-07-27 13:08:50.047,-0.89,0.36,-0.13,-1.04,7.39,2.69
2026-07-27 13:08:50.344,-0.88,0.37,-0.14,-0.06,-0.12,-4.39
2026-07-27 13:08:50.344,-0.88,0.37,-0.14,-0.06,-0.12,-4.39
2026-07-27 13:08:50.346,-0.88,0.4,-0.15,-4.03,-4.15,-7.69
2026-07-27 13:08:50.347,-0.88,0.4,-0.15,-10.44,-3.6,-7.14
2026-07-27 13:08:50.347,-0.89,0.43,-0.16,-10.44,-3.6,-7.14
2026-07-27 13:08:50.349,-0.9,0.44,-0.17,-13.67,-0.24,-4.15
2026-07-27 13:08:50.350,-0.9,0.44,-0.17,-13.67,-0.24,-4.15
2026-07-27 13:08:50.350,-0.91,0.43,-0.17,-12.02,3.85,-0.79
2026-07-27 13:08:50.352,-0.91,0.43,-0.17,-12.02,3.85,-0.79
2026-07-27 13:08:50.354,-0.9,0.41,-0.16,-7.93,6.59,1.04
2026-07-27 13:08:50.354,-0.9,0.41,-0.16,-7.93,6.59,1.04
2026-07-27 13:08:50.354,-0.9,0.4,-0.15,-3.85,6.77,0.61
2026-07-27 13:08:50.355,-0.9,0.4,-0.15,-3.85,6.77,0.61
2026-07-27 13:08:50.405,-0.89,0.39,-0.14,-1.59,5.0,-0.92
2026-07-27 13:08:50.406,-0.88,0.4,-0.13,-2.01,2.5,-2.32
2026-07-27 13:08:50.407,-0.88,0.4,-0.13,-2.01,2.5,-2.32
2026-07-27 13:08:50.469,-0.88,0.41,-0.14,-3.54,0.18,-2.87
2026-07-27 13:08:50.469,-0.88,0.41,-0.14,-3.54,0.18,-2.87
2026-07-27 13:08:50.525,-0.89,0.42,-0.14,-4.33,-0.92,-2.2
2026-07-27 13:08:50.525,-0.89,0.42,-0.14,-4.33,-0.92,-2.2
2026-07-27 13:08:50.526,-0.89,0.41,-0.15,-4.39,-0.37,-0.73
2026-07-27 13:08:50.644,-0.89,0.41,-0.15,-4.39,-0.37,-0.73
2026-07-27 13:08:50.644,-0.9,0.4,-0.16,-3.91,0.98,0.79
2026-07-27 13:08:50.645,-0.9,0.4,-0.16,-3.23,2.08,1.34
2026-07-27 13:08:50.645,-0.9,0.39,-0.16,-3.23,2.08,1.34
2026-07-27 13:08:50.946,-0.9,0.39,-0.16,-3.05,2.2,0.79
2026-07-27 13:08:50.947,-0.9,0.39,-0.16,-3.05,2.2,0.79
2026-07-27 13:08:51.124,-0.9,0.4,-0.16,-3.36,1.53,-0.12
2026-07-27 13:08:51.124,-0.9,0.4,-0.16,-3.36,1.53,-0.12
2026-07-27 13:08:51.125,-0.89,0.4,-0.16,-3.72,0.61,-0.79
2026-07-27 13:08:51.125,-0.89,0.4,-0.16,-3.78,0.12,-0.98
2026-07-27 13:08:51.125,-0.89,0.4,-0.16,-3.78,0.12,-0.98
2026-07-27 13:08:51.125,-0.89,0.4,-0.16,-3.36,0.18,-0.79
2026-07-27 13:08:51.126,-0.89,0.4,-0.16,-3.36,0.18,-0.79
2026-07-27 13:08:51.126,-0.89,0.4,-0.16,-2.5,0.49,-0.73
2026-07-27 13:08:51.127,-0.89,0.4,-0.16,-2.5,0.49,-0.73
2026-07-27 13:08:51.127,-0.89,0.4,-0.16,-1.71,0.79,-0.85
2026-07-27 13:08:51.127,-0.89,0.4,-0.16,-1.71,0.79,-0.85
2026-07-27 13:08:51.128,-0.89,0.4,-0.15,-1.22,1.04,-1.04
2026-07-27 13:08:51.128,-0.89,0.4,-0.15,-1.22,1.04,-1.04
2026-07-27 13:08:51.129,-0.89,0.4,-0.15,-0.79,1.16,-0.98
2026-07-27 13:08:51.130,-0.89,0.4,-0.15,-0.55,0.85,-0.79
2026-07-27 13:08:51.130,-0.89,0.4,-0.15,-0.55,0.85,-0.79
2026-07-27 13:08:51.186,-0.89,0.4,-0.15,-0.79,0.37,-0.67
2026-07-27 13:08:51.186,-0.89,0.4,-0.15,-0.79,0.37,-0.67
2026-07-27 13:08:51.187,-0.9,0.4,-0.15,-1.04,-0.06,-0.61
2026-07-27 13:08:51.187,-0.9,0.4,-0.15,-1.04,-0.06,-0.61
2026-07-27 13:08:51.187,-0.89,0.4,-0.15,-1.1,-0.24,-0.49
2026-07-27 13:08:51.188,-0.89,0.4,-0.15,-1.1,-0.24,-0.49
2026-07-27 13:08:51.188,-0.89,0.39,-0.16,-1.04,-0.18,-0.37
2026-07-27 13:08:51.188,-0.89,0.39,-0.16,-1.04,-0.18,-0.37
2026-07-27 13:08:51.244,-0.89,0.39,-0.16,-1.04,-0.12,-0.55
2026-07-27 13:08:51.245,-0.89,0.39,-0.15,-0.79,0.06,-0.73
2026-07-27 13:08:51.307,-0.89,0.39,-0.15,-0.79,0.06,-0.73
2026-07-27 13:08:51.307,-0.89,0.4,-0.15,-0.55,0.31,-0.67
2026-07-27 13:08:51.308,-0.89,0.4,-0.15,-0.55,0.31,-0.67
2026-07-27 13:08:51.664,-0.89,0.4,-0.15,-0.73,0.31,-0.55
2026-07-27 13:08:51.665,-0.89,0.4,-0.15,-0.73,0.31,-0.55
2026-07-27 13:08:51.665,-0.9,0.4,-0.15,-1.22,0.12,-0.43
2026-07-27 13:08:51.666,-0.9,0.4,-0.15,-1.22,0.12,-0.43
2026-07-27 13:08:51.666,-0.9,0.4,-0.15,-1.4,-0.12,-0.43
2026-07-27 13:08:51.666,-0.9,0.4,-0.15,-1.28,-0.37,-0.43
2026-07-27 13:08:51.666,-0.89,0.4,-0.16,-1.28,-0.37,-0.43
2026-07-27 13:08:51.666,-0.9,0.4,-0.16,-1.04,-0.55,-0.43
2026-07-27 13:08:51.667,-0.9,0.4,-0.16,-1.04,-0.55,-0.43
2026-07-27 13:08:51.667,-0.9,0.4,-0.16,-0.67,-0.55,-0.49
2026-07-27 13:08:51.670,-0.9,0.4,-0.16,-0.67,-0.55,-0.49
2026-07-27 13:08:51.671,-0.89,0.4,-0.16,-0.18,-0.37,-0.61
2026-07-27 13:08:51.671,-0.89,0.4,-0.16,-0.18,-0.37,-0.61
2026-07-27 13:08:51.672,-0.89,0.39,-0.15,0.24,-0.24,-0.61
2026-07-27 13:08:51.673,-0.89,0.39,-0.15,0.24,-0.24,-0.61
2026-07-27 13:08:51.674,-0.9,0.39,-0.15,0.24,-0.12,-0.61
2026-07-27 13:08:51.674,-0.9,0.4,-0.15,0.12,0.0,-0.67
2026-07-27 13:08:51.783,-0.9,0.4,-0.15,0.12,0.0,-0.67
2026-07-27 13:08:51.784,-0.89,0.4,-0.15,0.31,0.06,-0.67
2026-07-27 13:08:51.785,-0.89,0.4,-0.15,0.31,0.06,-0.67
2026-07-27 13:08:51.785,-0.89,0.4,-0.15,0.49,-0.12,-0.55
2026-07-27 13:08:51.785,-0.89,0.4,-0.15,0.49,-0.12,-0.55
2026-07-27 13:08:51.845,-0.89,0.4,-0.15,0.31,-0.24,-0.49
2026-07-27 13:08:51.845,-0.89,0.4,-0.15,0.31,-0.24,-0.49
2026-07-27 13:08:51.845,-0.89,0.4,-0.16,0.18,-0.06,-0.49
2026-07-27 13:08:51.905,-0.9,0.4,-0.16,0.06,0.24,-0.49
2026-07-27 13:08:51.906,-0.9,0.4,-0.16,0.06,0.24,-0.49
2026-07-27 13:08:51.964,-0.9,0.4,-0.16,0.0,0.49,-0.55
2026-07-27 13:08:51.964,-0.9,0.4,-0.16,0.0,0.49,-0.55
2026-07-27 13:08:51.971,-0.89,0.4,-0.16,-0.06,0.55,-0.61
2026-07-27 13:08:52.144,-0.89,0.4,-0.16,-0.06,0.55,-0.61
2026-07-27 13:08:52.144,-0.89,0.39,-0.16,-0.18,0.61,-0.61
2026-07-27 13:08:52.145,-0.89,0.39,-0.16,-0.18,0.61,-0.61
2026-07-27 13:08:52.145,-0.89,0.39,-0.16,-0.43,0.61,-0.61
2026-07-27 13:08:52.146,-0.89,0.39,-0.16,-0.43,0.61,-0.61
2026-07-27 13:08:52.146,-0.89,0.39,-0.16,-0.73,0.67,-0.67
2026-07-27 13:08:52.146,-0.89,0.39,-0.16,-0.85,0.92,-0.67
2026-07-27 13:08:52.146,-0.89,0.39,-0.16,-0.85,0.92,-0.67
2026-07-27 13:08:52.204,-0.89,0.39,-0.16,-0.79,1.34,-0.55
2026-07-27 13:08:52.211,-0.89,0.39,-0.16,-0.79,1.34,-0.55
2026-07-27 13:08:52.263,-0.89,0.39,-0.16,-0.85,1.46,-0.61
2026-07-27 13:08:52.328,-0.89,0.39,-0.16,-0.85,1.46,-0.61
2026-07-27 13:08:52.383,-0.89,0.39,-0.16,-1.04,1.46,-0.73
2026-07-27 13:08:52.383,-0.89,0.39,-0.16,-1.04,1.46,-0.73
2026-07-27 13:08:52.384,-0.89,0.39,-0.16,-1.4,1.46,-0.79
2026-07-27 13:08:52.384,-0.89,0.39,-0.16,-1.4,1.46,-0.79
2026-07-27 13:08:52.384,-0.89,0.39,-0.16,-1.4,1.46,-0.79
2026-07-27 13:08:52.385,-0.89,0.39,-0.16,-1.4,1.46,-0.79
2026-07-27 13:08:52.386,-0.89,0.39,-0.17,-1.83,1.71,-0.73
2026-07-27 13:08:52.504,-0.89,0.39,-0.17,-1.83,1.71,-0.73
2026-07-27 13:08:52.504,-0.89,0.39,-0.17,-1.83,1.95,-0.67
2026-07-27 13:08:52.505,-0.89,0.39,-0.17,-1.89,2.14,-0.61
2026-07-27 13:08:52.505,-0.89,0.39,-0.17,-1.89,2.14,-0.61
2026-07-27 13:08:52.505,-0.9,0.39,-0.17,-2.2,2.38,-0.61
2026-07-27 13:08:52.505,-0.9,0.39,-0.17,-2.2,2.38,-0.61
2026-07-27 13:08:52.574,-0.9,0.39,-0.17,-2.56,2.38,-0.61
2026-07-27 13:08:52.575,-0.9,0.39,-0.17,-2.56,2.38,-0.61
2026-07-27 13:08:52.575,-0.89,0.39,-0.17,-3.05,1.95,-0.61
2026-07-27 13:08:52.624,-0.89,0.39,-0.17,-3.05,1.95,-0.61
2026-07-27 13:08:52.625,-0.89,0.39,-0.17,-3.54,1.16,-0.73
2026-07-27 13:08:52.691,-0.89,0.39,-0.17,-3.3,0.79,-0.79
2026-07-27 13:08:52.691,-0.89,0.39,-0.17,-3.3,0.79,-0.79
2026-07-27 13:08:52.924,-0.89,0.39,-0.17,-2.62,0.92,-0.67
2026-07-27 13:08:52.925,-0.89,0.39,-0.17,-2.62,0.92,-0.67
2026-07-27 13:08:52.985,-0.89,0.39,-0.17,-1.95,1.16,-0.61
2026-07-27 13:08:53.163,-0.89,0.39,-0.17,-1.95,1.16,-0.61
2026-07-27 13:08:53.164,-0.89,0.39,-0.17,-1.4,1.16,-0.61
2026-07-27 13:08:53.165,-0.89,0.39,-0.17,-0.98,1.28,-0.61
2026-07-27 13:08:53.165,-0.89,0.39,-0.17,-0.98,1.28,-0.61
2026-07-27 13:08:53.166,-0.89,0.39,-0.17,-0.67,1.28,-0.55
2026-07-27 13:08:53.166,-0.89,0.39,-0.17,-0.67,1.28,-0.55
2026-07-27 13:08:53.234,-0.89,0.39,-0.17,-0.67,1.22,-0.37
2026-07-27 13:08:53.234,-0.89,0.39,-0.17,-0.67,1.22,-0.37
2026-07-27 13:08:53.235,-0.89,0.39,-0.17,-0.79,1.34,-0.24
2026-07-27 13:08:53.235,-0.89,0.39,-0.17,-0.79,1.34,-0.24
2026-07-27 13:08:53.235,-0.89,0.39,-0.18,-1.1,1.71,-0.12
2026-07-27 13:08:53.236,-0.89,0.39,-0.18,-1.1,1.71,-0.12
2026-07-27 13:08:53.236,-0.89,0.38,-0.18,-1.71,2.14,0.06
2026-07-27 13:08:53.236,-0.89,0.38,-0.18,-2.75,2.32,0.18
2026-07-27 13:08:53.237,-0.89,0.38,-0.18,-2.75,2.32,0.18
2026-07-27 13:08:53.237,-0.89,0.39,-0.18,-4.09,2.01,0.18
2026-07-27 13:08:53.238,-0.89,0.39,-0.18,-4.09,2.01,0.18
2026-07-27 13:08:53.238,-0.89,0.39,-0.18,-5.25,1.46,0.0
2026-07-27 13:08:53.238,-0.89,0.39,-0.18,-5.25,1.46,0.0
2026-07-27 13:08:53.240,-0.89,0.4,-0.18,-5.8,0.85,-0.24
2026-07-27 13:08:53.240,-0.89,0.4,-0.18,-5.8,0.85,-0.24
2026-07-27 13:08:53.241,-0.89,0.4,-0.18,-5.74,0.31,-0.31
2026-07-27 13:08:53.241,-0.89,0.4,-0.18,-5.74,0.31,-0.31
2026-07-27 13:08:53.403,-0.89,0.4,-0.18,-5.13,-0.18,-0.12
2026-07-27 13:08:53.404,-0.89,0.4,-0.18,-4.03,-0.61,0.06
2026-07-27 13:08:53.404,-0.89,0.4,-0.18,-4.03,-0.61,0.06
2026-07-27 13:08:53.405,-0.89,0.41,-0.18,-2.56,-0.85,0.06
2026-07-27 13:08:53.405,-0.89,0.41,-0.18,-2.56,-0.85,0.06
2026-07-27 13:08:53.405,-0.89,0.41,-0.18,-0.73,-0.98,-0.06
2026-07-27 13:08:53.406,-0.89,0.41,-0.18,-0.73,-0.98,-0.06
2026-07-27 13:08:53.409,-0.89,0.41,-0.17,1.22,-1.22,-0.06
2026-07-27 13:08:53.523,-0.89,0.41,-0.17,1.22,-1.22,-0.06
2026-07-27 13:08:53.524,-0.89,0.4,-0.17,2.75,-1.77,0.0
2026-07-27 13:08:53.524,-0.89,0.4,-0.17,2.75,-1.77,0.0
2026-07-27 13:08:53.524,-0.89,0.4,-0.17,3.85,-2.2,0.0
2026-07-27 13:08:53.524,-0.89,0.4,-0.18,4.94,-2.2,0.12
2026-07-27 13:08:53.584,-0.89,0.4,-0.18,4.94,-2.2,0.12
2026-07-27 13:08:53.584,-0.89,0.4,-0.18,5.8,-2.08,0.31
2026-07-27 13:08:53.585,-0.89,0.4,-0.18,5.8,-2.08,0.31
2026-07-27 13:08:53.712,-0.89,0.39,-0.18,5.98,-2.14,0.31
2026-07-27 13:08:53.712,-0.89,0.39,-0.18,5.98,-2.14,0.31
2026-07-27 13:08:53.712,-0.89,0.39,-0.18,5.55,-2.2,0.18
2026-07-27 13:08:53.713,-0.89,0.39,-0.18,5.55,-2.2,0.18
2026-07-27 13:08:53.713,-0.89,0.39,-0.17,4.88,-2.14,0.18
2026-07-27 13:08:53.713,-0.89,0.39,-0.17,4.88,-2.14,0.18
2026-07-27 13:08:53.763,-0.89,0.39,-0.17,4.03,-1.95,0.31
2026-07-27 13:08:53.764,-0.89,0.39,-0.17,3.05,-1.89,0.31
2026-07-27 13:08:53.827,-0.89,0.39,-0.17,3.05,-1.89,0.31
2026-07-27 13:08:53.828,-0.9,0.39,-0.17,2.14,-1.95,-0.06
2026-07-27 13:08:53.831,-0.9,0.39,-0.17,2.14,-1.95,-0.06
2026-07-27 13:08:53.883,-0.9,0.4,-0.17,1.77,-2.32,-0.67
2026-07-27 13:08:53.884,-0.9,0.4,-0.17,1.77,-2.32,-0.67
2026-07-27 13:08:54.065,-0.89,0.41,-0.17,2.2,-3.17,-1.22
2026-07-27 13:08:54.065,-0.89,0.41,-0.17,2.2,-3.17,-1.22
2026-07-27 13:08:54.065,-0.89,0.41,-0.17,3.91,-4.39,-1.71
2026-07-27 13:08:54.066,-0.89,0.41,-0.17,6.53,-5.13,-1.77
2026-07-27 13:08:54.066,-0.89,0.41,-0.16,6.53,-5.13,-1.77
2026-07-27 13:08:54.066,-0.89,0.4,-0.16,9.22,-4.88,-1.4
2026-07-27 13:08:54.066,-0.89,0.4,-0.16,9.22,-4.88,-1.4
2026-07-27 13:08:54.067,-0.9,0.4,-0.16,11.72,-4.52,-0.98
2026-07-27 13:08:54.067,-0.9,0.4,-0.16,11.72,-4.52,-0.98
2026-07-27 13:08:54.123,-0.9,0.4,-0.15,13.92,-4.52,-0.79
2026-07-27 13:08:54.124,-0.9,0.4,-0.15,13.92,-4.52,-0.79
2026-07-27 13:08:54.184,-0.9,0.4,-0.15,15.81,-5.19,-0.85
2026-07-27 13:08:54.185,-0.9,0.4,-0.15,15.81,-5.19,-0.85
2026-07-27 13:08:54.186,-0.91,0.41,-0.15,17.52,-6.65,-1.34
2026-07-27 13:08:54.243,-0.93,0.42,-0.16,18.68,-9.03,-2.44
2026-07-27 13:08:54.265,-0.93,0.42,-0.16,18.68,-9.03,-2.44
2026-07-27 13:08:54.265,-0.92,0.43,-0.17,18.19,-11.9,-3.6
2026-07-27 13:08:54.304,-0.92,0.43,-0.17,18.19,-11.9,-3.6
2026-07-27 13:08:54.378,-0.89,0.44,-0.18,15.08,-13.12,-2.56
2026-07-27 13:08:54.378,-0.89,0.44,-0.18,15.08,-13.12,-2.56
2026-07-27 13:08:54.379,-0.89,0.43,-0.21,12.82,-10.31,2.38
2026-07-27 13:08:54.379,-0.89,0.43,-0.21,12.82,-10.31,2.38
2026-07-27 13:08:54.424,-0.9,0.37,-0.25,21.55,-5.74,6.41
2026-07-27 13:08:54.425,-0.9,0.34,-0.25,40.95,-4.09,3.36
2026-07-27 13:08:54.425,-0.9,0.34,-0.25,40.95,-4.09,3.36
2026-07-27 13:08:54.488,-0.9,0.35,-0.23,47.73,-1.22,-2.99
2026-07-27 13:08:54.488,-0.9,0.35,-0.23,47.73,-1.22,-2.99
2026-07-27 13:08:54.544,-0.89,0.37,-0.21,32.9,6.23,-5.0
2026-07-27 13:08:54.603,-0.89,0.37,-0.21,32.9,6.23,-5.0
2026-07-27 13:08:54.663,-0.85,0.4,-0.16,9.7,13.49,-2.2
2026-07-27 13:08:54.664,-0.85,0.4,-0.16,9.7,13.49,-2.2
2026-07-27 13:08:54.664,-0.85,0.4,-0.16,9.7,13.49,-2.2
2026-07-27 13:08:54.664,-0.85,0.4,-0.16,9.7,13.49,-2.2
2026-07-27 13:08:54.664,-0.84,0.38,-0.16,-9.34,8.0,8.91
2026-07-27 13:08:54.665,-0.85,0.41,-0.19,-7.26,-3.97,9.34
2026-07-27 13:08:54.665,-0.85,0.41,-0.19,-7.26,-3.97,9.34
2026-07-27 13:08:54.727,-0.85,0.44,-0.21,-11.66,-10.99,8.73
2026-07-27 13:08:54.727,-0.85,0.44,-0.21,-11.66,-10.99,8.73
2026-07-27 13:08:54.783,-0.86,0.46,-0.22,-19.1,-12.57,8.67
2026-07-27 13:08:54.784,-0.86,0.46,-0.22,-19.1,-12.57,8.67
2026-07-27 13:08:54.785,-0.85,0.49,-0.24,-19.9,-11.66,8.3
2026-07-27 13:08:54.963,-0.85,0.49,-0.24,-10.5,-9.7,8.91
2026-07-27 13:08:54.964,-0.83,0.5,-0.25,-10.5,-9.7,8.91
2026-07-27 13:08:54.964,-0.8,0.47,-0.24,2.5,-6.71,10.99
2026-07-27 13:08:54.964,-0.8,0.47,-0.24,2.5,-6.71,10.99
2026-07-27 13:08:54.965,-0.79,0.43,-0.23,8.61,-2.75,12.27
2026-07-27 13:08:54.965,-0.79,0.43,-0.23,8.61,-2.75,12.27
2026-07-27 13:08:54.966,-0.78,0.42,-0.24,6.47,1.22,9.77
2026-07-27 13:08:54.966,-0.78,0.42,-0.24,6.47,1.22,9.77
2026-07-27 13:08:55.086,-0.79,0.44,-0.26,6.77,0.43,0.67
2026-07-27 13:08:55.145,-0.79,0.44,-0.26,14.83,-10.13,-16.97
2026-07-27 13:08:55.264,-0.86,0.45,-0.26,14.83,-10.13,-16.97
2026-07-27 13:08:55.330,-1.05,0.46,-0.25,28.2,-27.4,-38.33
2026-07-27 13:08:55.332,-1.05,0.46,-0.25,28.2,-27.4,-38.33
2026-07-27 13:08:55.333,-1.08,0.51,-0.19,34.91,-33.87,-47.0
2026-07-27 13:08:55.334,-1.08,0.51,-0.19,34.91,-33.87,-47.0
2026-07-27 13:08:55.334,-0.89,0.48,-0.05,26.86,-23.44,-36.74
2026-07-27 13:08:55.334,-0.89,0.48,-0.05,26.86,-23.44,-36.74
2026-07-27 13:08:55.334,-0.82,0.34,0.04,19.71,-22.16,-23.01
2026-07-27 13:08:55.335,-0.87,0.22,0.05,35.34,-36.87,-15.2
2026-07-27 13:08:55.335,-0.87,0.22,0.05,35.34,-36.87,-15.2
2026-07-27 13:08:55.335,-0.94,0.16,0.03,58.84,-46.63,-8.67
2026-07-27 13:08:55.335,-0.94,0.16,0.03,58.84,-46.63,-8.67
2026-07-27 13:08:55.336,-1.0,0.12,0.01,51.82,-41.81,-2.32
2026-07-27 13:08:55.337,-1.0,0.12,0.01,51.82,-41.81,-2.32
2026-07-27 13:08:55.565,-1.02,0.13,0.0,27.71,-26.55,-1.28
2026-07-27 13:08:55.566,-1.0,0.15,0.01,18.86,-14.53,-5.07
2026-07-27 13:08:55.566,-1.0,0.15,0.01,18.86,-14.53,-5.07
2026-07-27 13:08:55.566,-0.98,0.14,0.02,23.56,-11.78,-7.39
2026-07-27 13:08:55.566,-0.98,0.14,0.02,23.56,-11.78,-7.39
2026-07-27 13:08:55.567,-0.98,0.11,0.02,34.97,-14.34,-7.87
2026-07-27 13:08:55.567,-0.98,0.11,0.02,34.97,-14.34,-7.87
2026-07-27 13:08:55.568,-0.96,0.12,0.02,44.56,-23.5,-11.35
2026-07-27 13:08:55.568,-0.96,0.12,0.02,44.56,-23.5,-11.35
2026-07-27 13:08:55.568,-0.94,0.18,0.0,42.11,-35.58,-17.4
2026-07-27 13:08:55.568,-0.95,0.23,-0.0,34.36,-39.61,-18.68
2026-07-27 13:08:55.863,-0.95,0.23,-0.0,34.36,-39.61,-18.68
2026-07-27 13:08:55.864,-0.96,0.23,-0.01,31.56,-31.68,-11.17
2026-07-27 13:08:55.865,-0.96,0.23,-0.01,31.56,-31.68,-11.17
2026-07-27 13:08:55.866,-0.97,0.18,-0.01,32.78,-20.39,-1.16
2026-07-27 13:08:55.866,-0.97,0.18,-0.01,32.78,-20.39,-1.16
2026-07-27 13:08:55.866,-0.99,0.16,-0.01,35.46,-16.05,3.23
2026-07-27 13:08:56.046,-0.99,0.16,-0.01,33.87,-18.19,3.17
2026-07-27 13:08:56.046,-0.99,0.17,-0.03,33.87,-18.19,3.17
2026-07-27 13:08:56.047,-0.99,0.19,-0.04,28.26,-20.81,3.66
2026-07-27 13:08:56.047,-0.99,0.19,-0.04,28.26,-20.81,3.66
2026-07-27 13:08:56.047,-0.98,0.2,-0.05,27.65,-21.48,5.37
2026-07-27 13:08:56.048,-0.98,0.2,-0.05,27.65,-21.48,5.37
2026-07-27 13:08:56.048,-0.99,0.18,-0.07,30.4,-20.94,7.63
2026-07-27 13:08:56.048,-0.99,0.18,-0.07,30.4,-20.94,7.63
2026-07-27 13:08:56.049,-1.04,0.14,-0.08,29.05,-20.08,9.58
2026-07-27 13:08:56.053,-1.12,0.12,-0.06,22.58,-15.32,10.5
2026-07-27 13:08:56.054,-1.12,0.12,-0.06,22.58,-15.32,10.5
2026-07-27 13:08:56.054,-1.13,0.14,-0.02,12.02,-1.71,8.85
2026-07-27 13:08:56.404,-1.13,0.14,-0.02,12.02,-1.71,8.85
2026-07-27 13:08:56.404,-0.99,0.23,0.02,-5.43,14.28,1.89
2026-07-27 13:08:56.404,-0.99,0.23,0.02,-5.43,14.28,1.89
2026-07-27 13:08:56.404,-0.85,0.33,0.04,-17.33,24.05,-5.25
2026-07-27 13:08:56.405,-0.85,0.33,0.04,-17.33,24.05,-5.25
2026-07-27 13:08:56.406,-0.82,0.4,0.03,-10.93,30.94,-2.44
2026-07-27 13:08:56.406,-0.89,0.42,0.01,-1.22,42.79,11.41
2026-07-27 13:08:56.407,-0.89,0.42,0.01,-1.22,42.79,11.41
2026-07-27 13:08:56.408,-1.0,0.38,0.03,7.39,60.67,28.75
2026-07-27 13:08:56.409,-1.0,0.38,0.03,7.39,60.67,28.75
2026-07-27 13:08:56.409,-1.03,0.3,0.06,14.47,67.26,35.03
2026-07-27 13:08:56.409,-1.03,0.3,0.06,14.47,67.26,35.03
2026-07-27 13:08:56.409,-0.94,0.28,0.06,16.36,51.27,22.89
2026-07-27 13:08:56.409,-0.94,0.28,0.06,16.36,51.27,22.89
2026-07-27 13:08:56.409,-0.83,0.34,0.04,13.12,26.92,3.66
2026-07-27 13:08:56.412,-0.79,0.43,-0.01,-1.59,14.83,-5.62
2026-07-27 13:08:56.412,-0.79,0.43,-0.01,-1.59,14.83,-5.62
2026-07-27 13:08:56.413,-0.82,0.48,-0.06,-16.6,18.31,0.43
2026-07-27 13:08:56.413,-0.82,0.48,-0.06,-16.6,18.31,0.43
2026-07-27 13:08:56.525,-0.87,0.45,-0.11,-17.46,22.58,11.6
2026-07-27 13:08:56.527,-0.87,0.45,-0.11,-17.46,22.58,11.6
2026-07-27 13:08:56.528,-0.91,0.4,-0.2,-6.16,20.75,17.64
2026-07-27 13:08:56.528,-0.92,0.36,-0.28,10.99,17.82,17.03
2026-07-27 13:08:56.529,-0.92,0.36,-0.28,10.99,17.82,17.03
2026-07-27 13:08:56.588,-0.9,0.33,-0.29,22.64,16.24,11.78
2026-07-27 13:08:56.588,-0.9,0.33,-0.29,22.64,16.24,11.78
2026-07-27 13:08:56.588,-0.87,0.34,-0.27,19.1,15.32,4.33
2026-07-27 13:08:56.650,-0.87,0.34,-0.27,19.1,15.32,4.33
2026-07-27 13:08:56.650,-0.83,0.4,-0.25,3.78,16.78,-0.49
2026-07-27 13:08:56.711,-0.82,0.43,-0.27,-10.38,21.73,0.79
2026-07-27 13:08:56.711,-0.82,0.43,-0.27,-10.38,21.73,0.79
2026-07-27 13:08:56.712,-0.8,0.42,-0.28,-13.37,23.62,4.27
2026-07-27 13:08:56.827,-0.8,0.42,-0.28,-13.37,23.62,4.27
2026-07-27 13:08:56.827,-0.77,0.4,-0.26,-8.61,14.65,3.48
2026-07-27 13:08:56.828,-0.77,0.4,-0.26,-8.61,14.65,3.48
2026-07-27 13:08:56.829,-0.78,0.36,-0.22,-5.0,-3.97,-3.97
2026-07-27 13:08:56.829,-0.78,0.36,-0.22,-4.03,-25.57,-16.3
2026-07-27 13:08:56.831,-0.83,0.35,-0.19,-4.03,-25.57,-16.3
2026-07-27 13:08:56.884,-0.96,0.38,-0.17,-1.28,-46.2,-31.19
2026-07-27 13:08:56.884,-0.96,0.38,-0.17,-1.28,-46.2,-31.19
2026-07-27 13:08:56.951,-1.14,0.49,-0.22,8.48,-60.36,-42.24
2026-07-27 13:08:56.951,-1.14,0.49,-0.22,8.48,-60.36,-42.24
2026-07-27 13:08:56.952,-1.08,0.58,-0.29,18.62,-58.65,-41.02
2026-07-27 13:08:57.004,-1.08,0.58,-0.29,18.62,-58.65,-41.02
2026-07-27 13:08:57.005,-0.82,0.52,-0.18,18.62,-37.78,-27.53
2026-07-27 13:08:57.125,-0.73,0.35,0.06,23.25,-15.14,-6.84
2026-07-27 13:08:57.125,-0.73,0.35,0.06,23.25,-15.14,-6.84
2026-07-27 13:08:57.125,-0.85,0.19,0.15,33.08,-8.73,13.73
2026-07-27 13:08:57.126,-0.85,0.19,0.15,33.08,-8.73,13.73
2026-07-27 13:08:57.126,-1.03,0.08,0.03,31.68,-24.78,18.98
2026-07-27 13:08:57.126,-1.03,0.08,0.03,31.68,-24.78,18.98
2026-07-27 13:08:57.183,-1.07,0.08,-0.04,37.84,-50.78,2.69
2026-07-27 13:08:57.244,-1.07,0.08,-0.04,40.95,-54.99,-16.85
2026-07-27 13:08:57.303,-1.01,0.16,-0.03,40.95,-54.99,-16.85
2026-07-27 13:08:57.304,-0.97,0.21,-0.02,15.62,-34.0,-20.63
2026-07-27 13:08:57.544,-0.97,0.21,-0.02,15.62,-34.0,-20.63
2026-07-27 13:08:57.545,-0.98,0.2,-0.02,-2.99,-14.1,-13.43
2026-07-27 13:08:57.545,-0.98,0.2,-0.02,-2.99,-14.1,-13.43
2026-07-27 13:08:57.546,-0.99,0.19,0.0,8.48,-9.34,-8.73
2026-07-27 13:08:57.546,-0.99,0.19,0.0,8.48,-9.34,-8.73
2026-07-27 13:08:57.547,-0.98,0.21,0.01,28.81,-15.69,-10.13
2026-07-27 13:08:57.547,-0.96,0.22,0.01,39.12,-22.95,-12.51
2026-07-27 13:08:57.547,-0.96,0.22,0.01,39.12,-22.95,-12.51
2026-07-27 13:08:57.548,-0.95,0.22,0.02,39.12,-23.86,-11.41
2026-07-27 13:08:57.549,-0.95,0.22,0.02,39.12,-23.86,-11.41
2026-07-27 13:08:57.550,-0.95,0.22,0.02,34.85,-17.82,-7.69
2026-07-27 13:08:57.550,-0.95,0.22,0.02,34.85,-17.82,-7.69
2026-07-27 13:08:57.550,-0.95,0.22,0.03,26.92,-7.87,-3.54
2026-07-27 13:08:57.551,-0.95,0.22,0.03,15.44,2.75,0.61
2026-07-27 13:08:57.551,-0.96,0.22,0.04,15.44,2.75,0.61
2026-07-27 13:08:57.615,-0.96,0.22,0.03,4.09,10.38,4.21
2026-07-27 13:08:57.616,-0.96,0.22,0.03,4.09,10.38,4.21
2026-07-27 13:08:57.664,-0.97,0.21,0.01,0.79,10.01,5.25
2026-07-27 13:08:57.664,-0.97,0.21,0.01,0.79,10.01,5.25
2026-07-27 13:08:57.665,-0.96,0.21,-0.0,11.05,0.61,3.05
2026-07-27 13:08:57.724,-0.96,0.21,-0.0,11.05,0.61,3.05
2026-07-27 13:08:57.739,-0.96,0.21,-0.02,27.1,-13.61,0.37
2026-07-27 13:08:57.785,-0.96,0.21,-0.02,40.1,-28.02,-0.12
2026-07-27 13:08:57.787,-0.96,0.19,-0.04,40.1,-28.02,-0.12
2026-07-27 13:08:57.787,-0.97,0.16,-0.07,54.26,-39.55,0.67
2026-07-27 13:08:57.844,-0.97,0.16,-0.07,54.26,-39.55,0.67
2026-07-27 13:08:57.845,-0.98,0.15,-0.08,64.39,-43.88,1.04
2026-07-27 13:08:57.845,-0.98,0.15,-0.08,64.39,-43.88,1.04
2026-07-27 13:08:57.964,-0.99,0.16,-0.08,58.72,-38.45,1.71
2026-07-27 13:08:57.965,-0.99,0.16,-0.08,58.72,-38.45,1.71
2026-07-27 13:08:57.966,-1.01,0.17,-0.06,40.34,-27.53,3.42
2026-07-27 13:08:57.966,-1.08,0.17,-0.04,20.32,-17.33,5.25
2026-07-27 13:08:57.966,-1.08,0.17,-0.04,20.32,-17.33,5.25
2026-07-27 13:08:58.023,-1.12,0.17,-0.04,5.62,-8.36,5.49
2026-07-27 13:08:58.024,-1.12,0.17,-0.04,5.62,-8.36,5.49
2026-07-27 13:08:58.024,-1.05,0.24,-0.08,-9.03,-4.09,0.24
2026-07-27 13:08:58.086,-1.05,0.24,-0.08,-9.03,-4.09,0.24
2026-07-27 13:08:58.087,-0.92,0.32,-0.15,-9.77,-10.13,-10.99
2026-07-27 13:08:58.087,-0.92,0.32,-0.15,-9.77,-10.13,-10.99
2026-07-27 13:08:58.204,-0.85,0.36,-0.15,17.33,5.43,-12.15
2026-07-27 13:08:58.204,-0.94,0.35,-0.08,34.18,67.57,9.7
2026-07-27 13:08:58.205,-0.94,0.35,-0.08,34.18,67.57,9.7
2026-07-27 13:08:58.205,-1.12,0.31,0.02,13.12,129.82,36.8
2026-07-27 13:08:58.205,-1.12,0.31,0.02,13.12,129.82,36.8
2026-07-27 13:08:58.264,-1.13,0.31,0.13,-22.89,139.89,42.42
2026-07-27 13:08:58.265,-1.13,0.31,0.13,-22.89,139.89,42.42
2026-07-27 13:08:58.266,-0.94,0.34,0.11,-43.4,103.39,28.44
2026-07-27 13:08:58.683,-0.94,0.34,0.11,-30.94,63.66,17.46
2026-07-27 13:08:58.743,-0.77,0.35,-0.04,-30.94,63.66,17.46
2026-07-27 13:08:58.744,-0.72,0.36,-0.14,1.22,43.76,13.67
2026-07-27 13:08:58.745,-0.72,0.36,-0.14,1.22,43.76,13.67
2026-07-27 13:08:58.745,-0.73,0.37,-0.15,16.3,34.79,9.7
2026-07-27 13:08:58.746,-0.73,0.37,-0.15,16.3,34.79,9.7
2026-07-27 13:08:58.746,-0.73,0.35,-0.12,6.47,24.96,7.08
2026-07-27 13:08:58.746,-0.73,0.35,-0.12,6.47,24.96,7.08
2026-07-27 13:08:58.748,-0.76,0.3,-0.17,-1.53,6.96,5.74
2026-07-27 13:08:58.750,-0.76,0.3,-0.17,5.62,-16.42,0.37
2026-07-27 13:08:58.751,-0.84,0.27,-0.33,5.62,-16.42,0.37
2026-07-27 13:08:58.751,-0.97,0.36,-0.58,6.71,-27.4,-8.06
2026-07-27 13:08:58.751,-0.97,0.36,-0.58,6.71,-27.4,-8.06
2026-07-27 13:08:58.751,-0.96,0.49,-0.63,-16.17,-8.06,-9.83
2026-07-27 13:08:58.752,-0.96,0.49,-0.63,-16.17,-8.06,-9.83
2026-07-27 13:08:58.752,-0.77,0.46,-0.38,-43.4,17.03,-8.3
2026-07-27 13:08:58.752,-0.89,0.35,-0.1,-49.26,4.03,-19.71
2026-07-27 13:08:58.752,-0.89,0.35,-0.1,-49.26,4.03,-19.71
2026-07-27 13:08:58.752,-1.18,0.35,-0.02,-12.63,-42.42,-39.37
2026-07-27 13:08:58.754,-1.18,0.35,-0.02,-12.63,-42.42,-39.37
2026-07-27 13:08:58.756,-1.04,0.46,-0.13,42.72,-73.49,-40.95
2026-07-27 13:08:58.804,-1.04,0.46,-0.13,42.72,-73.49,-40.95
2026-07-27 13:08:58.804,-0.82,0.45,-0.08,41.44,-56.58,-19.23
2026-07-27 13:08:58.866,-0.82,0.45,-0.08,0.43,-24.96,3.85
2026-07-27 13:08:58.866,-0.81,0.29,0.1,0.43,-24.96,3.85
2026-07-27 13:08:58.866,-0.94,0.11,0.04,-25.76,-23.07,15.5
2026-07-27 13:08:58.983,-0.94,0.11,0.04,-25.76,-23.07,15.5
2026-07-27 13:08:58.984,-1.06,0.04,-0.12,-28.38,-45.35,9.09
2026-07-27 13:08:58.984,-1.06,0.04,-0.12,-28.38,-45.35,9.09
2026-07-27 13:08:58.985,-1.05,0.12,-0.08,-15.08,-45.29,-8.54
2026-07-27 13:08:58.985,-1.05,0.12,-0.08,-15.08,-45.29,-8.54
2026-07-27 13:08:59.103,-1.0,0.21,0.03,-11.35,-17.58,-18.74
2026-07-27 13:08:59.103,-0.96,0.27,0.04,-10.86,-6.9,-21.18
2026-07-27 13:08:59.104,-0.96,0.27,0.04,-10.86,-6.9,-21.18
2026-07-27 13:08:59.104,-0.93,0.29,0.02,2.5,-21.12,-21.3
2026-07-27 13:08:59.104,-0.93,0.29,0.02,2.5,-21.12,-21.3
2026-07-27 13:08:59.108,-0.91,0.27,0.01,18.43,-35.71,-17.52
2026-07-27 13:08:59.164,-0.91,0.27,0.01,18.43,-35.71,-17.52
2026-07-27 13:08:59.166,-0.92,0.21,0.02,23.5,-32.1,-6.41
2026-07-27 13:08:59.225,-0.92,0.21,0.02,15.32,-15.93,7.57
2026-07-27 13:08:59.225,-0.95,0.16,0.03,15.32,-15.93,7.57
2026-07-27 13:08:59.225,-0.98,0.16,0.0,0.67,-3.36,16.05
2026-07-27 13:08:59.289,-0.98,0.16,0.0,0.67,-3.36,16.05
2026-07-27 13:08:59.290,-0.99,0.2,-0.02,-7.02,-0.24,16.91
2026-07-27 13:08:59.290,-0.99,0.2,-0.02,-7.02,-0.24,16.91
2026-07-27 13:08:59.353,-0.99,0.22,-0.03,0.79,-4.21,13.79
2026-07-27 13:08:59.354,-0.99,0.22,-0.03,0.79,-4.21,13.79
2026-07-27 13:08:59.405,-0.99,0.21,-0.05,16.24,-13.67,10.99
2026-07-27 13:08:59.406,-0.99,0.17,-0.08,28.32,-25.45,9.52
2026-07-27 13:08:59.406,-0.99,0.17,-0.08,28.32,-25.45,9.52
2026-07-27 13:08:59.465,-1.02,0.13,-0.11,30.64,-32.9,9.03
2026-07-27 13:08:59.465,-1.02,0.13,-0.11,30.64,-32.9,9.03
2026-07-27 13:08:59.466,-1.15,0.09,-0.11,17.82,-29.3,10.44
2026-07-27 13:08:59.524,-1.15,0.09,-0.11,17.82,-29.3,10.44
2026-07-27 13:08:59.524,-1.22,0.09,-0.06,-0.24,-12.15,9.52
2026-07-27 13:08:59.584,-1.22,0.09,-0.06,-26.49,10.68,1.34
2026-07-27 13:08:59.705,-1.05,0.19,-0.01,-26.49,10.68,1.34
2026-07-27 13:08:59.706,-0.82,0.41,-0.04,-70.01,31.56,-6.9
2026-07-27 13:08:59.706,-0.82,0.41,-0.04,-70.01,31.56,-6.9
2026-07-27 13:08:59.706,-0.77,0.5,-0.08,-92.77,63.48,7.14
2026-07-27 13:08:59.706,-0.77,0.5,-0.08,-92.77,63.48,7.14
2026-07-27 13:08:59.706,-0.96,0.34,-0.05,-60.12,102.42,40.04
2026-07-27 13:08:59.706,-0.96,0.34,-0.05,-60.12,102.42,40.04
2026-07-27 13:08:59.765,-1.12,0.12,0.04,-14.28,117.49,55.42
2026-07-27 13:08:59.765,-1.05,0.1,0.11,1.04,99.3,36.87
2026-07-27 13:08:59.824,-1.05,0.1,0.11,1.04,99.3,36.87
2026-07-27 13:08:59.824,-0.87,0.21,0.06,-11.29,65.61,1.34
2026-07-27 13:08:59.824,-0.87,0.21,0.06,-11.29,65.61,1.34
2026-07-27 13:09:00.004,-0.78,0.27,0.01,-32.65,39.0,-24.11
2026-07-27 13:09:00.004,-0.78,0.27,0.01,-32.65,39.0,-24.11
2026-07-27 13:09:00.005,-0.79,0.25,0.02,-49.8,30.27,-29.48
2026-07-27 13:09:00.005,-0.79,0.25,0.02,-67.02,31.25,-26.67
2026-07-27 13:09:00.006,-0.86,0.25,0.05,-67.02,31.25,-26.67
2026-07-27 13:09:00.007,-0.95,0.31,0.01,-80.44,20.69,-31.56
2026-07-27 13:09:00.007,-0.95,0.31,0.01,-80.44,20.69,-31.56
2026-07-27 13:09:00.007,-1.01,0.45,-0.19,-87.52,-7.87,-44.49
2026-07-27 13:09:00.008,-1.01,0.45,-0.19,-87.52,-7.87,-44.49
2026-07-27 13:09:00.143,-1.02,0.62,-0.42,-82.89,-8.73,-40.95
2026-07-27 13:09:00.143,-1.02,0.62,-0.42,-82.89,-8.73,-40.95
2026-07-27 13:09:00.145,-1.04,0.54,-0.45,-57.01,47.61,-12.15
2026-07-27 13:09:00.145,-1.02,0.17,-0.36,-27.1,100.52,0.49
2026-07-27 13:09:00.145,-1.02,0.17,-0.36,-27.1,100.52,0.49
2026-07-27 13:09:00.187,-0.98,-0.23,-0.23,-25.57,95.34,-29.17
2026-07-27 13:09:00.188,-0.98,-0.23,-0.23,-25.57,95.34,-29.17
2026-07-27 13:09:00.244,-0.92,-0.26,-0.04,-59.14,51.27,-71.23
2026-07-27 13:09:00.244,-0.92,-0.26,-0.04,-59.14,51.27,-71.23
2026-07-27 13:09:00.245,-0.76,0.11,0.07,-100.22,12.94,-88.26
2026-07-27 13:09:00.304,-0.56,0.46,-0.03,-110.72,-18.37,-81.12
2026-07-27 13:09:00.304,-0.56,0.46,-0.03,-110.72,-18.37,-81.12
2026-07-27 13:09:00.430,-0.77,0.73,-0.29,-77.76,-62.38,-66.47
2026-07-27 13:09:00.430,-0.77,0.73,-0.29,-77.76,-62.38,-66.47
2026-07-27 13:09:00.430,-1.31,0.81,-0.52,-15.26,-87.16,-30.4
2026-07-27 13:09:00.431,-1.31,0.81,-0.52,-15.26,-87.16,-30.4
2026-07-27 13:09:00.431,-1.34,0.4,-0.35,34.0,-51.39,35.64
2026-07-27 13:09:00.431,-1.01,-0.1,0.13,12.08,8.36,80.87
2026-07-27 13:09:00.544,-1.01,-0.1,0.13,12.08,8.36,80.87
2026-07-27 13:09:00.663,-0.9,-0.18,0.27,-62.38,45.17,68.42
2026-07-27 13:09:00.664,-0.9,-0.18,0.27,-62.38,45.17,68.42
2026-07-27 13:09:00.724,-0.92,0.03,0.08,-120.36,32.47,19.65
2026-07-27 13:09:00.724,-0.92,0.03,0.08,-120.36,32.47,19.65
2026-07-27 13:09:00.725,-0.98,0.27,-0.02,-116.33,-18.13,-29.42
2026-07-27 13:09:00.725,-0.98,0.27,-0.02,-59.2,-45.47,-51.33
2026-07-27 13:09:00.726,-1.01,0.41,-0.02,-59.2,-45.47,-51.33
2026-07-27 13:09:00.727,-0.98,0.4,0.02,-9.64,-40.59,-46.75
2026-07-27 13:09:00.727,-0.98,0.4,0.02,-9.64,-40.59,-46.75
2026-07-27 13:09:00.727,-0.91,0.3,0.06,5.07,-20.02,-25.51
2026-07-27 13:09:00.727,-0.91,0.3,0.06,5.07,-20.02,-25.51
2026-07-27 13:09:00.729,-0.9,0.21,0.05,-10.93,10.62,1.4
2026-07-27 13:09:00.783,-0.92,0.16,0.02,-34.18,23.99,12.7
2026-07-27 13:09:00.784,-0.92,0.16,0.02,-34.18,23.99,12.7
2026-07-27 13:09:00.903,-0.93,0.2,-0.02,-36.68,0.31,1.16
2026-07-27 13:09:00.904,-0.93,0.2,-0.02,-36.68,0.31,1.16
2026-07-27 13:09:00.904,-0.9,0.27,-0.04,-18.25,-43.7,-18.62
2026-07-27 13:09:00.904,-0.9,0.27,-0.04,-18.25,-43.7,-18.62
2026-07-27 13:09:00.905,-0.9,0.28,-0.03,15.14,-73.0,-26.43
2026-07-27 13:09:00.905,-0.97,0.24,-0.02,43.15,-64.27,-12.08
2026-07-27 13:09:00.963,-0.97,0.24,-0.02,43.15,-64.27,-12.08
2026-07-27 13:09:00.964,-1.04,0.19,-0.04,39.98,-30.09,11.41
2026-07-27 13:09:00.964,-1.04,0.19,-0.04,39.98,-30.09,11.41
2026-07-27 13:09:01.263,-1.06,0.18,-0.12,20.45,-14.59,21.91
2026-07-27 13:09:01.264,-1.06,0.18,-0.12,20.45,-14.59,21.91
2026-07-27 13:09:01.264,-1.08,0.17,-0.19,30.46,-45.53,12.51
2026-07-27 13:09:01.264,-1.08,0.17,-0.19,30.46,-45.53,12.51
2026-07-27 13:09:01.265,-1.08,0.17,-0.19,30.46,-45.53,12.51
2026-07-27 13:09:01.267,-1.08,0.17,-0.19,30.46,-45.53,12.51
2026-07-27 13:09:01.267,-1.21,0.22,-0.1,75.62,-57.19,-10.44
2026-07-27 13:09:01.268,-1.21,0.22,-0.1,75.62,-57.19,-10.44
2026-07-27 13:09:01.268,-1.06,0.35,-0.03,38.02,21.42,-10.68
2026-07-27 13:09:01.268,-0.9,0.45,0.07,4.33,106.69,0.43
2026-07-27 13:09:01.268,-0.9,0.45,0.07,4.33,106.69,0.43
2026-07-27 13:09:01.269,-0.93,0.44,0.17,7.45,155.76,25.45
2026-07-27 13:09:01.269,-0.93,0.44,0.17,7.45,155.76,25.45
2026-07-27 13:09:01.383,-1.02,0.32,0.2,30.76,147.52,48.28
2026-07-27 13:09:01.384,-1.02,0.32,0.2,30.76,147.52,48.28
2026-07-27 13:09:01.384,-0.98,0.22,0.05,49.62,96.5,47.06
2026-07-27 13:09:01.385,-0.89,0.19,-0.12,55.66,47.61,25.7
2026-07-27 13:09:01.385,-0.89,0.19,-0.12,55.66,47.61,25.7
2026-07-27 13:09:01.444,-0.79,0.19,-0.14,50.42,30.21,0.55
2026-07-27 13:09:01.445,-0.79,0.19,-0.14,50.42,30.21,0.55
2026-07-27 13:09:01.445,-0.69,0.23,-0.09,30.4,26.86,-23.19
2026-07-27 13:09:01.625,-0.69,0.23,-0.09,30.4,26.86,-23.19
2026-07-27 13:09:01.626,-0.62,0.28,-0.09,4.46,16.54,-34.42
2026-07-27 13:09:01.626,-0.69,0.24,-0.17,-9.34,-2.38,-26.67
2026-07-27 13:09:01.626,-0.69,0.24,-0.17,-9.34,-2.38,-26.67
2026-07-27 13:09:01.626,-0.86,0.18,-0.39,-10.68,-20.63,-13.31
2026-07-27 13:09:01.627,-0.86,0.18,-0.39,-10.68,-20.63,-13.31
2026-07-27 13:09:01.627,-1.09,0.24,-0.66,-23.56,-17.46,-4.58
2026-07-27 13:09:01.627,-1.09,0.24,-0.66,-23.56,-17.46,-4.58
2026-07-27 13:09:01.683,-1.07,0.33,-0.67,-59.14,10.74,-3.23
2026-07-27 13:09:01.684,-1.07,0.33,-0.67,-59.14,10.74,-3.23
2026-07-27 13:09:01.684,-0.91,0.34,-0.36,-98.51,22.95,-13.55
2026-07-27 13:09:01.929,-1.1,0.35,-0.05,-101.5,-11.05,-33.69
2026-07-27 13:09:01.930,-1.1,0.35,-0.05,-101.5,-11.05,-33.69
2026-07-27 13:09:01.930,-1.09,0.49,-0.04,-35.71,-57.8,-43.52
2026-07-27 13:09:01.931,-1.09,0.49,-0.04,-35.71,-57.8,-43.52
2026-07-27 13:09:01.931,-0.82,0.52,-0.08,22.52,-62.56,-25.27
2026-07-27 13:09:01.931,-0.82,0.52,-0.08,22.52,-62.56,-25.27
2026-07-27 13:09:01.986,-0.79,0.32,0.1,5.98,-30.03,8.42
2026-07-27 13:09:01.987,-0.91,0.11,0.13,-35.71,-8.48,33.94
2026-07-27 13:09:01.987,-0.91,0.11,0.13,-35.71,-8.48,33.94
2026-07-27 13:09:01.988,-1.03,0.04,0.01,-49.62,-23.01,32.23
2026-07-27 13:09:01.988,-1.03,0.04,0.01,-49.62,-23.01,32.23
2026-07-27 13:09:01.989,-1.05,0.14,-0.01,-24.72,-44.62,-0.61
2026-07-27 13:09:01.989,-1.05,0.14,-0.01,-24.72,-44.62,-0.61
2026-07-27 13:09:02.051,-0.98,0.29,0.04,7.26,-40.28,-31.31
2026-07-27 13:09:02.051,-0.98,0.29,0.04,21.67,-32.23,-32.47
2026-07-27 13:09:02.051,-0.92,0.33,0.05,21.67,-32.23,-32.47
2026-07-27 13:09:02.226,-0.91,0.26,0.03,21.24,-33.2,-13.61
2026-07-27 13:09:02.226,-0.91,0.26,0.03,21.24,-33.2,-13.61
2026-07-27 13:09:02.283,-0.93,0.16,-0.01,19.35,-31.43,4.52
2026-07-27 13:09:02.283,-0.93,0.16,-0.01,19.35,-31.43,4.52
2026-07-27 13:09:02.284,-0.93,0.13,-0.03,29.24,-36.07,5.43
2026-07-27 13:09:02.285,-0.93,0.13,-0.03,29.24,-36.07,5.43
2026-07-27 13:09:02.345,-0.92,0.16,-0.04,36.5,-49.13,-5.74
2026-07-27 13:09:02.346,-0.91,0.21,-0.03,22.46,-52.06,-10.07
2026-07-27 13:09:02.465,-0.91,0.21,-0.03,22.46,-52.06,-10.07
2026-07-27 13:09:02.523,-0.96,0.21,-0.04,3.42,-40.04,-0.49
2026-07-27 13:09:02.523,-0.96,0.21,-0.04,3.42,-40.04,-0.49
2026-07-27 13:09:02.523,-1.04,0.17,-0.09,2.14,-28.5,12.45
2026-07-27 13:09:02.524,-1.04,0.17,-0.09,2.14,-28.5,12.45
2026-07-27 13:09:02.524,-1.13,0.14,-0.17,20.87,-39.31,11.41
2026-07-27 13:09:02.525,-1.13,0.14,-0.17,33.63,-61.71,-4.03
2026-07-27 13:09:02.525,-1.3,0.13,-0.2,33.63,-61.71,-4.03
2026-07-27 13:09:02.526,-1.34,0.17,-0.14,20.81,-36.99,-13.37
2026-07-27 13:09:02.526,-1.34,0.17,-0.14,20.81,-36.99,-13.37
2026-07-27 13:09:02.527,-1.09,0.3,0.01,-8.61,49.07,-12.51
2026-07-27 13:09:02.527,-1.09,0.3,0.01,-8.61,49.07,-12.51
2026-07-27 13:09:02.528,-0.9,0.49,0.17,-14.47,139.95,-4.33
2026-07-27 13:09:02.587,-0.9,0.49,0.17,-14.47,139.95,-4.33
2026-07-27 13:09:02.587,-0.91,0.53,0.23,21.18,172.61,13.92
2026-07-27 13:09:02.645,-0.96,0.38,0.13,61.71,131.96,28.87
2026-07-27 13:09:02.645,-0.96,0.38,0.13,61.71,131.96,28.87
2026-07-27 13:09:02.646,-0.95,0.26,0.01,84.23,72.27,27.65
2026-07-27 13:09:02.703,-0.95,0.26,0.01,84.23,72.27,27.65
2026-07-27 13:09:02.704,-0.88,0.22,0.01,70.31,44.92,19.41
2026-07-27 13:09:02.763,-0.81,0.17,0.03,36.8,40.1,9.95
2026-07-27 13:09:02.764,-0.81,0.17,0.03,36.8,40.1,9.95
2026-07-27 13:09:02.764,-0.72,0.17,0.02,16.42,29.48,-8.48
2026-07-27 13:09:02.824,-0.72,0.17,0.02,16.42,29.48,-8.48
2026-07-27 13:09:02.824,-0.66,0.21,-0.04,-0.31,9.7,-27.77
2026-07-27 13:09:02.888,-0.66,0.21,-0.04,-0.31,9.7,-27.77
2026-07-27 13:09:02.894,-0.76,0.19,-0.21,-3.91,-14.4,-31.62
2026-07-27 13:09:02.895,-0.76,0.19,-0.21,-3.91,-14.4,-31.62
2026-07-27 13:09:02.895,-0.98,0.12,-0.47,2.14,-31.19,-25.88
2026-07-27 13:09:02.944,-1.1,0.13,-0.64,-22.4,-21.24,-22.28
2026-07-27 13:09:02.953,-1.1,0.13,-0.64,-22.4,-21.24,-22.28
2026-07-27 13:09:03.064,-0.96,0.18,-0.58,-69.34,8.18,-18.49
2026-07-27 13:09:03.065,-0.96,0.18,-0.58,-69.34,8.18,-18.49
2026-07-27 13:09:03.065,-1.06,0.24,-0.27,-88.87,7.63,-19.53
2026-07-27 13:09:03.065,-1.06,0.24,-0.27,-88.87,7.63,-19.53
2026-07-27 13:09:03.066,-1.25,0.38,-0.05,-51.39,-31.43,-21.73
2026-07-27 13:09:03.066,-1.25,0.38,-0.05,-51.39,-31.43,-21.73
2026-07-27 13:09:03.188,-1.25,0.38,-0.05,-51.39,-31.43,-21.73
2026-07-27 13:09:03.189,-1.25,0.38,-0.05,-51.39,-31.43,-21.73
2026-07-27 13:09:03.190,-0.73,0.4,0.07,7.32,-33.81,13.12
2026-07-27 13:09:03.191,-0.73,0.4,0.07,-33.2,-6.41,36.07
2026-07-27 13:09:03.247,-0.81,0.19,0.17,-33.2,-6.41,36.07
2026-07-27 13:09:03.248,-1.0,0.04,0.06,-68.18,-9.03,47.24
2026-07-27 13:09:03.248,-1.0,0.04,0.06,-68.18,-9.03,47.24
2026-07-27 13:09:03.249,-1.08,0.06,-0.03,-67.93,-35.46,25.7
2026-07-27 13:09:03.489,-1.08,0.06,-0.03,-67.93,-35.46,25.7
2026-07-27 13:09:03.489,-1.02,0.2,-0.03,-48.16,-43.46,-11.17
2026-07-27 13:09:03.489,-1.02,0.2,-0.03,-48.16,-43.46,-11.17
2026-07-27 13:09:03.489,-0.92,0.29,0.01,-28.14,-35.22,-30.52
2026-07-27 13:09:03.490,-0.86,0.29,0.04,-16.36,-24.05,-24.35
2026-07-27 13:09:03.490,-0.86,0.29,0.04,-16.36,-24.05,-24.35
2026-07-27 13:09:03.490,-0.86,0.27,0.03,-19.96,-12.39,-7.57
2026-07-27 13:09:03.490,-0.86,0.27,0.03,-19.96,-12.39,-7.57
2026-07-27 13:09:03.490,-0.9,0.22,-0.0,-12.21,-19.65,0.06
2026-07-27 13:09:03.490,-0.9,0.22,-0.0,-12.21,-19.65,0.06
2026-07-27 13:09:03.491,-0.93,0.2,-0.04,8.91,-45.96,-3.66
2026-07-27 13:09:03.544,-0.94,0.21,-0.07,19.84,-65.43,-8.48
2026-07-27 13:09:03.724,-0.94,0.21,-0.07,19.84,-65.43,-8.48
2026-07-27 13:09:03.724,-0.98,0.21,-0.09,25.33,-64.15,-6.41
2026-07-27 13:09:03.726,-0.98,0.21,-0.09,25.33,-64.15,-6.41
2026-07-27 13:09:03.726,-1.03,0.19,-0.14,31.31,-48.71,3.3
2026-07-27 13:09:03.726,-1.03,0.19,-0.14,31.31,-48.71,3.3
2026-07-27 13:09:03.727,-1.2,0.19,-0.2,31.74,-42.6,6.96
2026-07-27 13:09:03.727,-1.2,0.19,-0.2,31.74,-42.6,6.96
2026-07-27 13:09:03.727,-1.4,0.19,-0.19,29.05,-33.33,0.79
2026-07-27 13:09:03.727,-1.3,0.25,-0.09,20.87,24.48,-4.33
2026-07-27 13:09:03.795,-1.3,0.25,-0.09,20.87,24.48,-4.33
2026-07-27 13:09:03.795,-1.06,0.42,0.09,-0.85,116.27,-3.97
2026-07-27 13:09:03.796,-1.06,0.42,0.09,-0.85,116.27,-3.97
2026-07-27 13:09:03.844,-0.95,0.5,0.23,-2.62,173.28,7.45
2026-07-27 13:09:03.845,-0.95,0.5,0.23,-2.62,173.28,7.45
2026-07-27 13:09:03.845,-0.88,0.38,0.22,39.73,149.96,22.03
2026-07-27 13:09:03.970,-0.88,0.38,0.22,79.53,84.66,26.12
2026-07-27 13:09:03.970,-0.85,0.25,0.05,79.53,84.66,26.12
2026-07-27 13:09:03.971,-0.87,0.18,-0.02,78.0,46.69,22.58
2026-07-27 13:09:03.971,-0.87,0.18,-0.02,78.0,46.69,22.58
2026-07-27 13:09:03.972,-0.88,0.17,0.02,45.47,43.09,10.44
2026-07-27 13:09:04.146,-0.88,0.17,0.02,45.47,43.09,10.44
2026-07-27 13:09:04.147,-0.78,0.24,0.03,12.39,39.86,-14.28
2026-07-27 13:09:04.147,-0.78,0.24,0.03,12.39,39.86,-14.28
2026-07-27 13:09:04.147,-0.66,0.27,-0.02,-12.57,20.45,-33.75
2026-07-27 13:09:04.147,-0.7,0.15,-0.16,-18.68,-10.44,-32.17
2026-07-27 13:09:04.148,-0.7,0.15,-0.16,-18.68,-10.44,-32.17
2026-07-27 13:09:04.148,-0.89,0.04,-0.36,-5.31,-36.32,-23.01
2026-07-27 13:09:04.148,-0.89,0.04,-0.36,-5.31,-36.32,-23.01
2026-07-27 13:09:04.204,-1.08,0.11,-0.59,-15.32,-34.97,-18.25
2026-07-27 13:09:04.204,-1.08,0.11,-0.59,-15.32,-34.97,-18.25
2026-07-27 13:09:04.265,-1.04,0.25,-0.65,-53.28,-6.04,-16.78
2026-07-27 13:09:04.266,-0.89,0.26,-0.4,-80.08,13.43,-17.46
2026-07-27 13:09:04.266,-0.89,0.26,-0.4,-80.08,13.43,-17.46
2026-07-27 13:09:04.324,-1.16,0.28,-0.05,-78.98,-6.16,-21.61
2026-07-27 13:09:04.324,-1.16,0.28,-0.05,-78.98,-6.16,-21.61
2026-07-27 13:09:04.324,-1.24,0.42,-0.04,-33.51,-42.85,-19.53
2026-07-27 13:09:04.384,-1.24,0.42,-0.04,-33.51,-42.85,-19.53
2026-07-27 13:09:04.385,-0.85,0.46,-0.09,7.32,-47.36,-1.77
2026-07-27 13:09:04.385,-0.85,0.46,-0.09,7.32,-47.36,-1.77
2026-07-27 13:09:04.443,-0.68,0.31,0.14,-18.43,-7.32,24.48
2026-07-27 13:09:04.444,-0.84,0.18,0.18,-84.47,39.31,47.55
2026-07-27 13:09:04.565,-0.84,0.18,0.18,-84.47,39.31,47.55
2026-07-27 13:09:04.566,-1.07,0.12,-0.0,-120.3,19.47,38.94
2026-07-27 13:09:04.566,-1.07,0.12,-0.0,-120.3,19.47,38.94
2026-07-27 13:09:04.567,-1.11,0.14,-0.08,-74.4,-53.04,-4.46
2026-07-27 13:09:04.567,-1.11,0.14,-0.08,-74.4,-53.04,-4.46
2026-07-27 13:09:04.623,-1.01,0.23,-0.05,5.62,-79.28,-37.72
2026-07-27 13:09:04.624,-0.9,0.29,0.01,42.36,-58.72,-39.67
2026-07-27 13:09:04.743,-0.9,0.29,0.01,42.36,-58.72,-39.67
2026-07-27 13:09:04.743,-0.84,0.3,0.05,23.99,-32.78,-22.52
2026-07-27 13:09:04.744,-0.84,0.3,0.05,23.99,-32.78,-22.52
2026-07-27 13:09:04.804,-0.85,0.28,0.03,-9.09,-14.28,-1.83
2026-07-27 13:09:04.863,-0.85,0.28,0.03,-9.09,-14.28,-1.83
2026-07-27 13:09:04.864,-0.85,0.28,0.03,-9.09,-14.28,-1.83
2026-07-27 13:09:04.864,-0.85,0.28,0.03,-9.09,-14.28,-1.83
2026-07-27 13:09:04.864,-0.94,0.23,-0.04,-0.24,-41.87,5.43
2026-07-27 13:09:04.865,-0.94,0.23,-0.04,-0.24,-41.87,5.43
2026-07-27 13:09:04.865,-0.99,0.23,-0.05,28.63,-53.16,4.27
2026-07-27 13:09:04.865,-1.06,0.15,-0.08,53.28,-51.76,9.22
2026-07-27 13:09:04.866,-1.06,0.15,-0.08,53.28,-51.76,9.22
2026-07-27 13:09:04.925,-1.17,0.06,-0.12,60.61,-43.15,16.66
2026-07-27 13:09:04.925,-1.17,0.06,-0.12,60.61,-43.15,16.66
2026-07-27 13:09:04.984,-1.27,0.05,-0.16,42.18,-35.16,14.95
2026-07-27 13:09:04.984,-1.27,0.05,-0.16,42.18,-35.16,14.95
2026-07-27 13:09:04.984,-1.21,0.18,-0.17,-0.43,-25.51,-4.82
2026-07-27 13:09:05.045,-1.0,0.34,-0.1,-45.72,15.87,-22.64
2026-07-27 13:09:05.046,-1.0,0.34,-0.1,-45.72,15.87,-22.64
2026-07-27 13:09:05.046,-0.87,0.44,0.04,-49.13,90.76,-14.77
2026-07-27 13:09:05.103,-0.87,0.44,0.04,-49.13,90.76,-14.77
2026-07-27 13:09:05.104,-0.94,0.43,0.12,-10.19,142.76,8.67
2026-07-27 13:09:05.169,-0.94,0.43,0.12,-10.19,142.76,8.67
2026-07-27 13:09:05.170,-1.02,0.31,0.1,24.29,132.69,24.96
2026-07-27 13:09:05.170,-0.97,0.25,0.02,26.43,89.66,24.29
2026-07-27 13:09:05.224,-0.97,0.25,0.02,26.43,89.66,24.29
2026-07-27 13:09:05.224,-0.87,0.3,-0.03,2.26,63.05,16.24
2026-07-27 13:09:05.225,-0.87,0.3,-0.03,2.26,63.05,16.24
2026-07-27 13:09:05.284,-0.78,0.35,-0.02,-24.9,59.81,10.44
2026-07-27 13:09:05.284,-0.78,0.35,-0.02,-24.9,59.81,10.44
2026-07-27 13:09:05.405,-0.72,0.35,-0.03,-29.72,59.57,3.91
2026-07-27 13:09:05.405,-0.72,0.3,-0.1,-20.69,51.09,-0.67
2026-07-27 13:09:05.406,-0.72,0.3,-0.1,-20.69,51.09,-0.67
2026-07-27 13:09:05.406,-0.76,0.26,-0.22,-23.99,32.47,-2.44
2026-07-27 13:09:05.406,-0.76,0.26,-0.22,-23.99,32.47,-2.44
2026-07-27 13:09:05.406,-0.8,0.29,-0.31,-36.44,8.18,-8.91
2026-07-27 13:09:05.464,-0.8,0.29,-0.31,-36.44,8.18,-8.91
2026-07-27 13:09:05.464,-0.87,0.41,-0.46,-51.76,-11.9,-18.68
2026-07-27 13:09:05.524,-0.87,0.41,-0.46,-51.76,-11.9,-18.68
2026-07-27 13:09:05.525,-0.96,0.53,-0.55,-70.31,-9.4,-20.94
2026-07-27 13:09:05.525,-1.06,0.55,-0.4,-85.45,9.46,-17.88
2026-07-27 13:09:05.645,-1.06,0.55,-0.4,-85.45,9.46,-17.88
2026-07-27 13:09:05.645,-1.11,0.35,-0.05,-84.17,6.04,-21.97
2026-07-27 13:09:05.646,-1.11,0.35,-0.05,-84.17,6.04,-21.97
2026-07-27 13:09:05.646,-1.01,0.22,0.19,-44.13,-18.31,-24.05
2026-07-27 13:09:05.646,-1.01,0.22,0.19,-44.13,-18.31,-24.05
2026-07-27 13:09:05.713,-0.9,0.29,0.09,-14.22,-41.87,-22.09
2026-07-27 13:09:05.714,-0.88,0.26,-0.01,-35.52,-61.4,-24.41
2026-07-27 13:09:05.714,-0.88,0.26,-0.01,-35.52,-61.4,-24.41
2026-07-27 13:09:05.764,-0.92,0.13,0.03,-54.38,-53.96,-17.46
2026-07-27 13:09:05.764,-0.92,0.13,0.03,-54.38,-53.96,-17.46
2026-07-27 13:09:05.827,-1.0,0.09,-0.03,-61.34,-28.69,-8.48
2026-07-27 13:09:05.829,-1.0,0.09,-0.03,-61.34,-28.69,-8.48
2026-07-27 13:09:05.829,-1.01,0.17,-0.09,-63.42,-21.85,-18.13
2026-07-27 13:09:05.886,-1.01,0.17,-0.09,-32.29,-24.6,-30.46
2026-07-27 13:09:05.887,-0.96,0.24,-0.04,-32.29,-24.6,-30.46
2026-07-27 13:09:05.887,-0.92,0.23,0.06,8.18,-22.4,-26.55
2026-07-27 13:09:05.944,-0.92,0.23,0.06,8.18,-22.4,-26.55
2026-07-27 13:09:05.944,-0.91,0.19,0.06,-0.85,-19.23,-13.37
2026-07-27 13:09:06.004,-0.91,0.19,0.06,-0.85,-19.23,-13.37
2026-07-27 13:09:06.004,-0.94,0.18,-0.01,-47.49,-14.71,-1.83
2026-07-27 13:09:06.005,-0.94,0.18,-0.01,-47.49,-14.71,-1.83
2026-07-27 13:09:06.063,-0.94,0.19,-0.04,-55.97,-11.6,1.77
2026-07-27 13:09:06.064,-0.93,0.23,-0.0,-14.71,-12.88,0.79
2026-07-27 13:09:06.064,-0.93,0.23,-0.0,-14.71,-12.88,0.79
2026-07-27 13:09:06.124,-0.94,0.27,0.01,17.58,-17.52,3.72
2026-07-27 13:09:06.125,-0.94,0.27,0.01,17.58,-17.52,3.72
2026-07-27 13:09:06.190,-0.99,0.23,-0.06,18.92,-28.81,11.29
2026-07-27 13:09:06.191,-0.99,0.23,-0.06,18.92,-28.81,11.29
2026-07-27 13:09:06.191,-1.05,0.13,-0.16,11.35,-44.19,17.82
2026-07-27 13:09:06.243,-1.16,0.11,-0.24,5.55,-48.34,18.8
2026-07-27 13:09:06.244,-1.16,0.11,-0.24,5.55,-48.34,18.8
2026-07-27 13:09:06.308,-1.3,0.14,-0.22,-4.15,-28.93,17.76
2026-07-27 13:09:06.308,-1.3,0.14,-0.22,-4.15,-28.93,17.76
2026-07-27 13:09:06.308,-1.22,0.19,-0.06,-10.93,17.21,17.03
2026-07-27 13:09:06.364,-1.22,0.19,-0.06,-10.93,17.21,17.03
2026-07-27 13:09:06.364,-0.93,0.39,0.12,-12.51,76.78,16.05
2026-07-27 13:09:06.365,-0.93,0.39,0.12,-12.51,76.78,16.05
2026-07-27 13:09:06.424,-0.8,0.51,0.13,-7.14,117.86,23.68
2026-07-27 13:09:06.426,-0.89,0.35,0.06,31.07,117.0,42.97
2026-07-27 13:09:06.426,-0.89,0.35,0.06,31.07,117.0,42.97
2026-07-27 13:09:06.484,-0.97,0.12,0.05,66.53,85.27,51.88
2026-07-27 13:09:06.484,-0.97,0.12,0.05,66.53,85.27,51.88
2026-07-27 13:09:06.546,-0.96,0.06,0.02,43.21,56.34,34.24
2026-07-27 13:09:06.546,-0.96,0.06,0.02,43.21,56.34,34.24
2026-07-27 13:09:06.547,-0.9,0.17,0.0,0.43,41.26,1.04
2026-07-27 13:09:06.614,-0.85,0.28,0.0,-6.04,26.67,-30.58
2026-07-27 13:09:06.615,-0.85,0.28,0.0,-6.04,26.67,-30.58
2026-07-27 13:09:06.664,-0.84,0.28,-0.04,17.09,6.35,-50.72
2026-07-27 13:09:06.664,-0.84,0.28,-0.04,17.09,6.35,-50.72
2026-07-27 13:09:06.665,-0.92,0.19,-0.15,28.99,-11.78,-58.23
2026-07-27 13:09:06.725,-1.03,0.12,-0.27,3.97,-15.14,-60.85
2026-07-27 13:09:06.726,-1.03,0.12,-0.27,3.97,-15.14,-60.85
2026-07-27 13:09:06.784,-1.04,0.14,-0.37,-51.45,5.98,-62.07
2026-07-27 13:09:06.785,-1.04,0.14,-0.37,-51.45,5.98,-62.07
2026-07-27 13:09:06.785,-0.95,0.14,-0.37,-108.83,38.33,-56.46
2026-07-27 13:09:06.844,-0.95,0.14,-0.37,-108.83,38.33,-56.46
2026-07-27 13:09:06.845,-0.85,0.07,-0.29,-137.88,53.53,-47.06
2026-07-27 13:09:06.845,-0.85,0.07,-0.29,-135.38,41.93,-40.95
2026-07-27 13:09:06.963,-0.72,0.02,-0.24,-135.38,41.93,-40.95
2026-07-27 13:09:06.963,-0.83,0.19,-0.13,-119.38,8.79,-34.48
2026-07-27 13:09:06.964,-0.83,0.19,-0.13,-119.38,8.79,-34.48
2026-07-27 13:09:06.964,-1.27,0.49,-0.02,-76.48,-34.42,-21.79
2026-07-27 13:09:06.964,-1.27,0.49,-0.02,-76.48,-34.42,-21.79
2026-07-27 13:09:07.024,-1.26,0.56,-0.04,-22.28,-54.26,3.54
2026-07-27 13:09:07.025,-1.26,0.56,-0.04,-30.27,-29.05,33.87
2026-07-27 13:09:07.025,-0.89,0.38,0.04,-30.27,-29.05,33.87
2026-07-27 13:09:07.094,-0.85,0.2,0.18,-101.87,21.97,53.16
2026-07-27 13:09:07.094,-0.85,0.2,0.18,-101.87,21.97,53.16
2026-07-27 13:09:07.144,-1.0,0.11,0.07,-161.5,47.3,47.49
2026-07-27 13:09:07.144,-1.0,0.11,0.07,-161.5,47.3,47.49
2026-07-27 13:09:07.145,-1.03,0.08,-0.07,-152.28,10.01,10.38
2026-07-27 13:09:07.209,-1.03,0.08,-0.07,-152.28,10.01,10.38
2026-07-27 13:09:07.209,-0.96,0.14,-0.06,-84.72,-36.68,-29.17
2026-07-27 13:09:07.271,-0.88,0.26,0.0,-15.08,-43.33,-44.49
2026-07-27 13:09:07.326,-0.88,0.26,0.0,-15.08,-43.33,-44.49
2026-07-27 13:09:07.387,-0.86,0.34,0.06,17.09,-36.93,-40.77
2026-07-27 13:09:07.387,-0.86,0.34,0.06,17.09,-36.93,-40.77
2026-07-27 13:09:07.387,-0.87,0.38,0.06,5.19,-39.92,-30.82
2026-07-27 13:09:07.387,-0.87,0.38,0.06,5.19,-39.92,-30.82
2026-07-27 13:09:07.504,-0.9,0.36,0.01,-20.87,-50.54,-20.57
2026-07-27 13:09:07.569,-0.94,0.29,-0.05,-15.56,-59.45,-8.79
2026-07-27 13:09:07.569,-0.94,0.29,-0.05,-15.56,-59.45,-8.79
2026-07-27 13:09:07.569,-0.95,0.22,-0.06,21.91,-57.43,3.54
2026-07-27 13:09:07.570,-0.95,0.22,-0.06,21.91,-57.43,3.54
2026-07-27 13:09:07.570,-0.98,0.16,-0.06,52.55,-46.57,15.75
2026-07-27 13:09:07.570,-0.98,0.16,-0.06,52.55,-46.57,15.75
2026-07-27 13:09:07.570,-1.05,0.06,-0.11,46.14,-39.43,29.17
2026-07-27 13:09:07.685,-1.23,-0.03,-0.17,21.18,-38.02,36.87
2026-07-27 13:09:07.686,-1.23,-0.03,-0.17,21.18,-38.02,36.87
2026-07-27 13:09:07.686,-1.35,0.05,-0.15,-0.55,-5.62,31.07
2026-07-27 13:09:07.687,-1.35,0.05,-0.15,-0.55,-5.62,31.07
2026-07-27 13:09:07.689,-1.19,0.25,-0.03,-51.33,69.15,12.21
2026-07-27 13:09:07.689,-1.19,0.25,-0.03,-51.33,69.15,12.21
2026-07-27 13:09:07.690,-1.04,0.46,0.08,-98.27,144.71,0.98
2026-07-27 13:09:07.690,-1.04,0.46,0.08,-98.27,144.71,0.98
2026-07-27 13:09:07.864,-1.02,0.49,0.18,-61.16,173.28,10.99
2026-07-27 13:09:07.890,-0.92,0.32,0.23,21.36,140.44,25.51
2026-07-27 13:09:07.892,-0.92,0.32,0.23,21.36,140.44,25.51
2026-07-27 13:09:07.892,-0.84,0.15,0.1,62.01,79.47,28.14
2026-07-27 13:09:07.892,-0.84,0.15,0.1,62.01,79.47,28.14
2026-07-27 13:09:07.893,-0.87,0.08,-0.03,60.67,27.53,8.42
2026-07-27 13:09:07.893,-0.87,0.08,-0.03,60.67,27.53,8.42
2026-07-27 13:09:07.893,-0.88,0.18,-0.02,45.29,5.43,-29.91
2026-07-27 13:09:07.923,-0.78,0.37,0.05,1.22,13.31,-56.7
2026-07-27 13:09:07.924,-0.78,0.37,0.05,1.22,13.31,-56.7
2026-07-27 13:09:07.984,-0.68,0.42,0.03,-47.97,21.42,-49.01
2026-07-27 13:09:07.984,-0.68,0.42,0.03,-47.97,21.42,-49.01
2026-07-27 13:09:07.986,-0.77,0.3,-0.08,-43.15,2.87,-22.52
2026-07-27 13:09:08.103,-0.77,0.3,-0.08,-43.15,2.87,-22.52
2026-07-27 13:09:08.103,-0.95,0.18,-0.26,0.49,-26.43,-5.68
2026-07-27 13:09:08.104,-0.95,0.18,-0.26,10.31,-32.29,-1.95
2026-07-27 13:09:08.170,-1.02,0.22,-0.41,10.31,-32.29,-1.95
2026-07-27 13:09:08.171,-1.03,0.29,-0.39,-11.11,-18.55,-2.99
2026-07-27 13:09:08.171,-1.03,0.29,-0.39,-11.11,-18.55,-2.99
2026-07-27 13:09:08.171,-1.19,0.33,-0.16,-13.24,-13.37,-5.98
2026-07-27 13:09:08.172,-1.19,0.33,-0.16,-13.24,-13.37,-5.98
2026-07-27 13:09:08.224,-1.16,0.38,0.14,-4.52,-13.18,-4.03
2026-07-27 13:09:08.224,-1.16,0.38,0.14,-4.52,-13.18,-4.03
2026-07-27 13:09:08.225,-0.85,0.43,0.2,-9.28,-6.47,2.01
2026-07-27 13:09:08.404,-0.85,0.43,0.2,-17.76,-26.43,-0.06
2026-07-27 13:09:08.404,-0.78,0.43,0.01,-17.76,-26.43,-0.06
2026-07-27 13:09:08.405,-0.93,0.33,-0.19,2.99,-65.25,-0.67
2026-07-27 13:09:08.405,-0.93,0.33,-0.19,2.99,-65.25,-0.67
2026-07-27 13:09:08.464,-1.0,0.16,-0.16,30.7,-54.08,18.25
2026-07-27 13:09:08.465,-1.0,0.16,-0.16,30.7,-54.08,18.25
2026-07-27 13:09:08.465,-1.02,0.03,-0.03,35.22,-15.56,30.76
2026-07-27 13:09:08.465,-1.02,0.03,-0.03,35.22,-15.56,30.76
2026-07-27 13:09:08.466,-1.01,0.1,-0.03,41.14,-8.06,12.82
2026-07-27 13:09:08.466,-0.94,0.26,-0.01,52.92,-12.33,-8.91
2026-07-27 13:09:08.524,-0.94,0.26,-0.01,52.92,-12.33,-8.91
2026-07-27 13:09:08.524,-0.87,0.34,0.05,50.48,-6.53,-9.7
2026-07-27 13:09:08.524,-0.87,0.34,0.05,50.48,-6.53,-9.7
2026-07-27 13:09:08.643,-0.88,0.27,0.04,33.33,-3.85,7.08
2026-07-27 13:09:08.644,-0.88,0.27,0.04,33.33,-3.85,7.08
2026-07-27 13:09:08.644,-0.96,0.16,-0.0,34.67,-11.47,28.44
2026-07-27 13:09:08.644,-0.96,0.16,-0.0,34.67,-11.47,28.44
2026-07-27 13:09:08.645,-0.96,0.16,-0.0,34.67,-11.47,28.44
2026-07-27 13:09:08.645,-0.96,0.16,-0.0,34.67,-11.47,28.44
2026-07-27 13:09:08.704,-0.97,0.2,0.03,106.14,-21.73,46.14
2026-07-27 13:09:08.704,-1.01,0.23,0.15,142.33,-15.87,51.7
2026-07-27 13:09:08.763,-1.01,0.23,0.15,142.33,-15.87,51.7
2026-07-27 13:09:08.764,-1.17,0.3,0.23,180.11,-9.34,57.01
2026-07-27 13:09:08.764,-1.17,0.3,0.23,180.11,-9.34,57.01
2026-07-27 13:09:08.894,-1.22,0.57,0.04,197.88,-10.99,47.18
2026-07-27 13:09:08.895,-1.22,0.57,0.04,197.88,-10.99,47.18
2026-07-27 13:09:08.895,-0.95,0.8,-0.29,167.05,-16.6,34.12
2026-07-27 13:09:08.896,-0.67,0.68,-0.32,101.68,-13.49,52.31
2026-07-27 13:09:08.896,-0.67,0.68,-0.32,101.68,-13.49,52.31
2026-07-27 13:09:08.944,-0.61,0.43,-0.18,61.22,-15.38,77.45
2026-07-27 13:09:08.944,-0.61,0.43,-0.18,61.22,-15.38,77.45
2026-07-27 13:09:08.945,-0.71,0.28,-0.21,70.31,-36.99,66.16
2026-07-27 13:09:09.063,-0.71,0.28,-0.21,70.31,-36.99,66.16
2026-07-27 13:09:09.064,-0.82,0.11,-0.26,101.81,-66.77,31.68
2026-07-27 13:09:09.065,-0.83,0.06,-0.16,114.07,-81.85,2.69
2026-07-27 13:09:09.066,-0.83,0.06,-0.16,114.07,-81.85,2.69
2026-07-27 13:09:09.066,-0.81,0.27,-0.11,75.32,-73.36,-10.86
2026-07-27 13:09:09.243,-0.81,0.27,-0.11,75.32,-73.36,-10.86
2026-07-27 13:09:09.243,-0.85,0.49,-0.21,19.53,-61.04,-13.37
2026-07-27 13:09:09.246,-0.85,0.49,-0.21,19.53,-61.04,-13.37
2026-07-27 13:09:09.246,-0.91,0.56,-0.3,3.05,-62.38,-16.91
2026-07-27 13:09:09.246,-0.91,0.56,-0.3,23.56,-64.94,-24.66
2026-07-27 13:09:09.246,-1.0,0.53,-0.53,23.56,-64.94,-24.66
2026-07-27 13:09:09.247,-1.1,0.39,-0.64,58.53,-39.0,-31.07
2026-07-27 13:09:09.247,-1.1,0.39,-0.64,58.53,-39.0,-31.07
2026-07-27 13:09:09.308,-0.96,0.33,-0.34,53.96,23.68,-23.93
2026-07-27 13:09:09.308,-0.96,0.33,-0.34,53.96,23.68,-23.93
2026-07-27 13:09:09.365,-0.84,0.38,-0.13,-30.82,89.66,1.28
2026-07-27 13:09:09.366,-0.84,0.38,-0.13,-87.95,107.24,18.07
2026-07-27 13:09:09.367,-0.89,0.4,-0.13,-87.95,107.24,18.07
2026-07-27 13:09:09.484,-0.93,0.38,-0.2,-39.86,76.11,21.85
2026-07-27 13:09:09.484,-0.93,0.38,-0.2,-39.86,76.11,21.85
2026-07-27 13:09:09.484,-0.92,0.31,-0.31,39.67,38.45,27.95
2026-07-27 13:09:09.485,-0.92,0.31,-0.31,39.67,38.45,27.95
2026-07-27 13:09:09.485,-0.86,0.31,-0.37,85.14,16.72,31.74
2026-07-27 13:09:09.486,-0.86,0.31,-0.37,85.14,16.72,31.74
2026-07-27 13:09:09.611,-0.8,0.3,-0.39,89.48,17.94,34.91
2026-07-27 13:09:09.612,-0.87,0.21,-0.43,57.5,39.43,41.14
2026-07-27 13:09:09.613,-0.87,0.21,-0.43,57.5,39.43,41.14
2026-07-27 13:09:09.663,-0.89,0.23,-0.47,-3.66,74.52,44.86
2026-07-27 13:09:09.664,-0.89,0.23,-0.47,-3.66,74.52,44.86
2026-07-27 13:09:09.665,-0.66,0.55,-0.52,-56.82,107.73,39.61
2026-07-27 13:09:09.665,-0.66,0.55,-0.52,-56.82,107.73,39.61
2026-07-27 13:09:09.783,-0.41,0.84,-0.57,-56.58,117.0,32.59
2026-07-27 13:09:09.784,-0.38,0.73,-0.6,-18.13,106.57,37.23
2026-07-27 13:09:09.784,-0.38,0.73,-0.6,-18.13,106.57,37.23
2026-07-27 13:09:09.784,-0.53,0.51,-0.68,15.2,97.29,47.55
2026-07-27 13:09:09.784,-0.53,0.51,-0.68,15.2,97.29,47.55
2026-07-27 13:09:09.786,-0.51,0.49,-0.7,46.57,95.64,52.8
2026-07-27 13:09:09.843,-0.51,0.49,-0.7,80.02,94.79,49.44
2026-07-27 13:09:09.846,-0.36,0.53,-0.7,80.02,94.79,49.44
2026-07-27 13:09:09.904,-0.36,0.54,-0.79,99.24,94.48,38.76
2026-07-27 13:09:09.904,-0.36,0.54,-0.79,99.24,94.48,38.76
2026-07-27 13:09:09.905,-0.26,0.48,-0.91,98.69,98.27,25.39
2026-07-27 13:09:09.964,-0.26,0.48,-0.91,98.69,98.27,25.39
2026-07-27 13:09:09.965,-0.08,0.35,-1.01,75.81,89.36,12.76
2026-07-27 13:09:09.965,-0.08,0.35,-1.01,75.81,89.36,12.76
2026-07-27 13:09:10.024,-0.1,0.33,-1.06,36.13,54.87,7.2
2026-07-27 13:09:10.024,-0.21,0.37,-1.02,2.69,12.27,6.65
2026-07-27 13:09:10.085,-0.21,0.37,-1.02,2.69,12.27,6.65
2026-07-27 13:09:10.086,-0.24,0.39,-0.92,-7.39,-13.43,3.3
2026-07-27 13:09:10.086,-0.24,0.39,-0.92,-7.39,-13.43,3.3
2026-07-27 13:09:10.144,-0.19,0.34,-0.83,-1.1,-17.64,-3.05
2026-07-27 13:09:10.145,-0.19,0.34,-0.83,-1.1,-17.64,-3.05
2026-07-27 13:09:10.204,-0.15,0.29,-0.8,6.96,-13.49,-8.54
2026-07-27 13:09:10.204,-0.15,0.29,-0.8,10.44,-13.85,-11.47
2026-07-27 13:09:10.205,-0.18,0.28,-0.84,10.44,-13.85,-11.47
2026-07-27 13:09:10.264,-0.26,0.32,-0.93,11.23,-19.23,-12.94
2026-07-27 13:09:10.264,-0.26,0.32,-0.93,11.23,-19.23,-12.94
2026-07-27 13:09:10.265,-0.34,0.37,-0.99,12.51,-21.24,-14.65
2026-07-27 13:09:10.324,-0.34,0.37,-0.99,12.51,-21.24,-14.65
2026-07-27 13:09:10.324,-0.35,0.39,-1.0,18.43,-16.6,-16.72
2026-07-27 13:09:10.384,-0.35,0.39,-1.0,18.43,-16.6,-16.72
2026-07-27 13:09:10.385,-0.33,0.36,-0.94,29.24,-11.23,-18.98
2026-07-27 13:09:10.385,-0.3,0.31,-0.89,36.13,-8.42,-19.65
2026-07-27 13:09:10.445,-0.3,0.31,-0.89,36.13,-8.42,-19.65
2026-07-27 13:09:10.447,-0.28,0.26,-0.87,31.8,-5.43,-15.14
2026-07-27 13:09:10.447,-0.28,0.26,-0.87,31.8,-5.43,-15.14
2026-07-27 13:09:10.504,-0.27,0.24,-0.88,18.01,-1.4,-6.59
2026-07-27 13:09:10.505,-0.27,0.24,-0.88,18.01,-1.4,-6.59
2026-07-27 13:09:10.565,-0.28,0.25,-0.91,2.08,1.83,0.98
2026-07-27 13:09:10.565,-0.29,0.27,-0.94,-9.22,3.78,5.0
2026-07-27 13:09:10.565,-0.29,0.27,-0.94,-9.22,3.78,5.0
2026-07-27 13:09:10.624,-0.31,0.28,-0.95,-12.94,5.43,6.47
2026-07-27 13:09:10.684,-0.31,0.28,-0.95,-12.94,5.43,6.47
2026-07-27 13:09:10.684,-0.32,0.27,-0.95,-9.95,6.47,6.1
2026-07-27 13:09:10.684,-0.32,0.27,-0.95,-9.95,6.47,6.1
2026-07-27 13:09:10.686,-0.31,0.25,-0.93,-3.11,5.68,4.21
2026-07-27 13:09:10.744,-0.29,0.24,-0.91,3.17,3.42,1.83
2026-07-27 13:09:10.744,-0.29,0.24,-0.91,3.17,3.42,1.83
2026-07-27 13:09:10.745,-0.28,0.25,-0.91,5.19,1.1,0.12
2026-07-27 13:09:10.804,-0.28,0.25,-0.91,5.19,1.1,0.12
2026-07-27 13:09:10.805,-0.28,0.25,-0.92,4.46,-0.67,-0.85
2026-07-27 13:09:10.805,-0.28,0.25,-0.92,4.46,-0.67,-0.85
2026-07-27 13:09:10.864,-0.29,0.26,-0.93,3.85,-1.89,-1.34
2026-07-27 13:09:10.864,-0.29,0.26,-0.93,3.85,-1.89,-1.34
2026-07-27 13:09:10.984,-0.3,0.26,-0.94,3.78,-1.89,-1.53
2026-07-27 13:09:10.984,-0.3,0.26,-0.93,3.17,-0.73,-1.16
2026-07-27 13:09:10.985,-0.3,0.26,-0.93,3.17,-0.73,-1.16
2026-07-27 13:09:10.986,-0.3,0.26,-0.93,1.04,0.79,-0.49
2026-07-27 13:09:10.986,-0.3,0.26,-0.93,1.04,0.79,-0.49
2026-07-27 13:09:10.986,-0.29,0.26,-0.93,-2.14,2.14,0.18
2026-07-27 13:09:11.043,-0.29,0.26,-0.93,-2.14,2.14,0.18
2026-07-27 13:09:11.044,-0.29,0.26,-0.93,-3.91,3.17,0.98
2026-07-27 13:09:11.104,-0.29,0.26,-0.93,-3.91,3.17,0.98
2026-07-27 13:09:11.164,-0.28,0.26,-0.93,-3.3,4.15,1.71
2026-07-27 13:09:11.167,-0.28,0.26,-0.93,-3.3,4.15,1.71
2026-07-27 13:09:11.178,-0.27,0.27,-0.93,-2.14,5.0,2.08
2026-07-27 13:09:11.180,-0.27,0.27,-0.92,-1.46,4.7,2.2
2026-07-27 13:09:11.180,-0.27,0.27,-0.92,-1.46,4.7,2.2
2026-07-27 13:09:11.284,-0.27,0.26,-0.89,-3.48,6.53,2.99
2026-07-27 13:09:11.285,-0.27,0.26,-0.89,-3.48,6.53,2.99
2026-07-27 13:09:11.285,-0.26,0.27,-0.89,-12.82,17.52,5.74
2026-07-27 13:09:11.285,-0.26,0.27,-0.89,-12.82,17.52,5.74
2026-07-27 13:09:11.286,-0.24,0.3,-0.94,-23.93,27.1,7.63
2026-07-27 13:09:11.344,-0.24,0.3,-0.94,-27.83,24.17,5.98
2026-07-27 13:09:11.345,-0.22,0.32,-0.96,-27.83,24.17,5.98
2026-07-27 13:09:11.345,-0.18,0.32,-0.95,-26.37,14.22,3.97
2026-07-27 13:09:11.404,-0.18,0.32,-0.95,-26.37,14.22,3.97
2026-07-27 13:09:11.405,-0.15,0.31,-0.93,-24.05,2.01,3.72
2026-07-27 13:09:11.405,-0.15,0.31,-0.93,-24.05,2.01,3.72
2026-07-27 13:09:11.464,-0.14,0.32,-0.92,-24.05,-10.01,2.93
2026-07-27 13:09:11.464,-0.14,0.32,-0.92,-24.05,-10.01,2.93
2026-07-27 13:09:11.525,-0.15,0.34,-0.91,-27.4,-23.01,-0.79
2026-07-27 13:09:11.525,-0.22,0.37,-0.92,-29.72,-38.02,-6.53
2026-07-27 13:09:11.525,-0.22,0.37,-0.92,-29.72,-38.02,-6.53
2026-07-27 13:09:11.644,-0.31,0.42,-0.97,-24.35,-48.95,-10.5
2026-07-27 13:09:11.644,-0.31,0.42,-0.97,-24.35,-48.95,-10.5
2026-07-27 13:09:11.645,-0.35,0.45,-0.97,-15.5,-46.94,-8.79
2026-07-27 13:09:11.645,-0.35,0.45,-0.97,-15.5,-46.94,-8.79
2026-07-27 13:09:11.645,-0.34,0.5,-0.97,-17.09,-39.18,-4.39
2026-07-27 13:09:11.704,-0.34,0.5,-0.97,-33.57,-39.43,-1.34
2026-07-27 13:09:11.704,-0.33,0.55,-0.98,-33.57,-39.43,-1.34
2026-07-27 13:09:11.705,-0.38,0.52,-0.93,-53.59,-50.11,-3.6
2026-07-27 13:09:11.764,-0.38,0.52,-0.93,-53.59,-50.11,-3.6
2026-07-27 13:09:11.764,-0.46,0.44,-0.84,-64.21,-67.08,-16.91
2026-07-27 13:09:11.824,-0.46,0.44,-0.84,-64.21,-67.08,-16.91
2026-07-27 13:09:11.826,-0.53,0.41,-0.73,-65.61,-81.91,-38.33
2026-07-27 13:09:11.827,-0.53,0.41,-0.73,-65.61,-81.91,-38.33
2026-07-27 13:09:11.883,-0.55,0.45,-0.61,-64.27,-92.16,-62.93
2026-07-27 13:09:11.884,-0.54,0.48,-0.49,-53.1,-101.87,-78.49
2026-07-27 13:09:11.884,-0.54,0.48,-0.49,-53.1,-101.87,-78.49
2026-07-27 13:09:12.004,-0.51,0.43,-0.37,-25.94,-115.6,-77.21
2026-07-27 13:09:12.004,-0.51,0.43,-0.37,-25.94,-115.6,-77.21
2026-07-27 13:09:12.004,-0.54,0.36,-0.24,2.14,-130.13,-68.6
2026-07-27 13:09:12.005,-0.54,0.36,-0.24,2.14,-130.13,-68.6
2026-07-27 13:09:12.005,-0.83,0.38,-0.13,15.01,-136.66,-58.17
2026-07-27 13:09:12.063,-1.23,0.43,-0.13,20.57,-134.09,-44.98
2026-07-27 13:09:12.064,-1.23,0.43,-0.13,20.57,-134.09,-44.98
2026-07-27 13:09:12.124,-1.2,0.38,-0.18,37.84,-125.18,-35.89
2026-07-27 13:09:12.124,-1.2,0.38,-0.18,37.84,-125.18,-35.89
2026-07-27 13:09:12.125,-0.87,0.31,-0.23,39.49,-108.15,-32.71
2026-07-27 13:09:12.185,-0.87,0.31,-0.23,16.91,-78.92,-25.88
2026-07-27 13:09:12.186,-0.75,0.32,-0.27,16.91,-78.92,-25.88
2026-07-27 13:09:12.244,-0.84,0.35,-0.22,2.87,-40.47,-13.12
2026-07-27 13:09:12.245,-0.84,0.35,-0.22,2.87,-40.47,-13.12
2026-07-27 13:09:12.245,-0.94,0.31,-0.1,2.62,-8.12,-1.22
2026-07-27 13:09:12.305,-0.94,0.31,-0.1,2.62,-8.12,-1.22
2026-07-27 13:09:12.305,-0.99,0.25,-0.0,7.45,6.41,2.93
2026-07-27 13:09:12.306,-0.99,0.25,-0.0,7.45,6.41,2.93
2026-07-27 13:09:12.425,-0.96,0.29,0.01,2.5,7.87,-0.92
2026-07-27 13:09:12.426,-0.91,0.38,-0.03,-18.01,1.95,-8.24
2026-07-27 13:09:12.426,-0.91,0.38,-0.03,-18.01,1.95,-8.24
2026-07-27 13:09:12.426,-0.9,0.39,-0.08,-33.08,-5.0,-9.09
2026-07-27 13:09:12.427,-0.9,0.39,-0.08,-33.08,-5.0,-9.09
2026-07-27 13:09:12.484,-0.93,0.32,-0.07,-15.5,-7.32,-2.5
2026-07-27 13:09:12.484,-0.93,0.32,-0.07,-15.5,-7.32,-2.5
2026-07-27 13:09:12.485,-0.95,0.28,-0.05,8.85,-6.23,1.46
2026-07-27 13:09:12.546,-0.95,0.28,-0.05,8.85,-6.23,1.46
2026-07-27 13:09:12.547,-0.94,0.31,-0.06,6.59,-4.09,0.92
2026-07-27 13:09:12.547,-0.94,0.31,-0.06,6.59,-4.09,0.92
2026-07-27 13:09:12.604,-0.94,0.31,-0.06,6.59,-4.09,0.92
2026-07-27 13:09:12.605,-0.94,0.31,-0.06,6.59,-4.09,0.92
2026-07-27 13:09:12.605,-0.93,0.31,-0.07,-0.98,-3.11,0.31
2026-07-27 13:09:12.665,-0.93,0.31,-0.07,-0.98,-3.11,0.31
2026-07-27 13:09:12.666,-0.93,0.3,-0.06,3.3,-2.69,0.79
2026-07-27 13:09:12.783,-0.93,0.31,-0.06,3.6,-1.77,0.18
2026-07-27 13:09:12.908,-0.93,0.31,-0.06,3.6,-1.77,0.18
2026-07-27 13:09:12.908,-0.94,0.31,-0.08,1.53,-1.4,-0.67
2026-07-27 13:09:12.909,-0.94,0.31,-0.08,1.53,-1.4,-0.67
2026-07-27 13:09:12.909,-0.94,0.31,-0.08,3.05,-1.71,-0.79
2026-07-27 13:09:12.909,-0.94,0.31,-0.08,3.05,-1.71,-0.79
2026-07-27 13:09:12.909,-0.94,0.29,-0.08,6.71,-1.77,-0.49
2026-07-27 13:09:12.909,-0.94,0.29,-0.08,8.06,-2.01,-0.67
2026-07-27 13:09:12.909,-0.94,0.29,-0.08,8.06,-2.01,-0.67
2026-07-27 13:09:12.910,-0.94,0.29,-0.08,5.31,-1.83,-0.92
2026-07-27 13:09:12.910,-0.94,0.29,-0.08,5.31,-1.83,-0.92
2026-07-27 13:09:13.023,-0.94,0.29,-0.09,1.1,-0.49,-0.67
2026-07-27 13:09:13.024,-0.94,0.29,-0.09,1.1,-0.49,-0.67
2026-07-27 13:09:13.024,-0.94,0.29,-0.08,-0.79,0.98,-0.31
2026-07-27 13:09:13.024,-0.94,0.29,-0.08,-0.79,0.98,-0.31
2026-07-27 13:09:13.026,-0.94,0.29,-0.07,-0.37,1.59,-0.12
2026-07-27 13:09:13.027,-0.94,0.29,-0.07,-0.37,1.59,-0.12
2026-07-27 13:09:13.084,-0.94,0.3,-0.07,0.18,1.28,0.0
2026-07-27 13:09:13.084,-0.94,0.3,-0.08,0.12,0.73,0.18
2026-07-27 13:09:13.144,-0.94,0.3,-0.08,0.12,0.73,0.18
2026-07-27 13:09:13.144,-0.94,0.29,-0.09,0.06,0.85,0.18
2026-07-27 13:09:13.145,-0.94,0.29,-0.09,0.06,0.85,0.18
2026-07-27 13:09:13.326,-0.94,0.29,-0.09,-0.43,2.14,0.06
2026-07-27 13:09:13.330,-0.94,0.29,-0.09,-0.43,2.14,0.06
2026-07-27 13:09:13.330,-0.94,0.29,-0.08,-1.71,4.27,0.06
2026-07-27 13:09:13.330,-0.94,0.29,-0.08,-1.71,4.27,0.06
2026-07-27 13:09:13.330,-0.94,0.3,-0.08,-3.23,6.47,0.24
2026-07-27 13:09:13.331,-0.94,0.31,-0.07,-3.17,7.87,0.49
2026-07-27 13:09:13.331,-0.94,0.31,-0.07,-3.17,7.87,0.49
2026-07-27 13:09:13.331,-0.94,0.32,-0.07,-1.1,8.79,0.79
2026-07-27 13:09:13.331,-0.94,0.32,-0.07,-1.1,8.79,0.79
2026-07-27 13:09:13.447,-0.93,0.32,-0.07,1.83,9.7,1.4
2026-07-27 13:09:13.447,-0.93,0.32,-0.07,1.83,9.7,1.4
2026-07-27 13:09:13.448,-0.93,0.33,-0.08,4.94,10.44,1.89
2026-07-27 13:09:13.448,-0.93,0.33,-0.08,4.94,10.44,1.89
2026-07-27 13:09:13.449,-0.93,0.33,-0.1,7.39,10.8,2.32
2026-07-27 13:09:13.503,-0.93,0.33,-0.1,9.34,11.17,2.93
2026-07-27 13:09:13.624,-0.93,0.32,-0.12,9.34,11.17,2.93
2026-07-27 13:09:13.625,-0.93,0.32,-0.13,11.66,12.15,3.48
2026-07-27 13:09:13.625,-0.93,0.32,-0.13,11.66,12.15,3.48
2026-07-27 13:09:13.625,-0.93,0.32,-0.13,14.34,14.4,3.78
2026-07-27 13:09:13.626,-0.93,0.32,-0.13,14.34,14.4,3.78
2026-07-27 13:09:13.626,-0.92,0.33,-0.14,16.6,17.76,4.03
2026-07-27 13:09:13.626,-0.92,0.33,-0.14,16.6,17.76,4.03
2026-07-27 13:09:13.685,-0.9,0.33,-0.15,17.7,21.97,5.19
2026-07-27 13:09:13.685,-0.9,0.33,-0.15,17.7,21.97,5.19
2026-07-27 13:09:13.686,-0.88,0.33,-0.17,17.03,27.59,8.3
2026-07-27 13:09:13.747,-0.87,0.31,-0.19,13.18,35.83,13.67
2026-07-27 13:09:13.748,-0.87,0.31,-0.19,13.18,35.83,13.67
2026-07-27 13:09:13.805,-0.87,0.29,-0.22,4.27,47.85,20.63
2026-07-27 13:09:13.806,-0.87,0.29,-0.22,4.27,47.85,20.63
2026-07-27 13:09:13.863,-0.85,0.31,-0.27,-6.77,64.88,26.86
2026-07-27 13:09:13.864,-0.85,0.31,-0.27,-6.77,64.88,26.86
2026-07-27 13:09:13.864,-0.8,0.33,-0.29,-4.64,88.87,32.17
2026-07-27 13:09:13.934,-0.77,0.35,-0.33,12.88,115.66,38.7
2026-07-27 13:09:13.936,-0.77,0.35,-0.33,12.88,115.66,38.7
2026-07-27 13:09:13.936,-0.78,0.4,-0.39,32.78,134.09,42.79
2026-07-27 13:09:13.984,-0.78,0.4,-0.39,32.78,134.09,42.79
2026-07-27 13:09:13.984,-0.7,0.38,-0.48,40.41,144.65,40.34
2026-07-27 13:09:13.984,-0.7,0.38,-0.48,40.41,144.65,40.34
2026-07-27 13:09:14.044,-0.51,0.33,-0.69,32.53,148.07,33.02
2026-07-27 13:09:14.044,-0.48,0.39,-0.94,37.6,143.13,21.36
2026-07-27 13:09:14.104,-0.48,0.39,-0.94,37.6,143.13,21.36
2026-07-27 13:09:14.106,-0.46,0.41,-1.14,62.13,143.55,6.16
2026-07-27 13:09:14.106,-0.46,0.41,-1.14,62.13,143.55,6.16
2026-07-27 13:09:14.224,-0.19,0.28,-1.31,69.27,144.41,2.26
2026-07-27 13:09:14.225,-0.19,0.28,-1.31,69.27,144.41,2.26
2026-07-27 13:09:14.225,-0.04,0.25,-1.27,47.06,114.87,12.02
2026-07-27 13:09:14.225,-0.13,0.31,-1.03,20.26,58.04,15.62
2026-07-27 13:09:14.226,-0.13,0.31,-1.03,20.26,58.04,15.62
2026-07-27 13:09:14.343,-0.21,0.3,-0.82,3.66,10.19,9.03
2026-07-27 13:09:14.344,-0.21,0.3,-0.82,3.66,10.19,9.03
2026-07-27 13:09:14.344,-0.19,0.25,-0.75,-3.05,-14.71,0.0
2026-07-27 13:09:14.344,-0.19,0.25,-0.75,-3.05,-14.71,0.0
2026-07-27 13:09:14.344,-0.18,0.22,-0.78,-0.24,-24.29,-8.06
2026-07-27 13:09:14.345,-0.18,0.22,-0.78,-0.24,-24.29,-8.06
2026-07-27 13:09:14.405,-0.24,0.23,-0.85,9.16,-22.22,-10.68
2026-07-27 13:09:14.405,-0.3,0.26,-0.95,16.85,-8.24,-4.09
2026-07-27 13:09:14.467,-0.3,0.26,-0.95,16.85,-8.24,-4.09
2026-07-27 13:09:14.469,-0.33,0.29,-1.03,20.08,6.16,5.68
2026-07-27 13:09:14.469,-0.33,0.29,-1.03,20.08,6.16,5.68
2026-07-27 13:09:14.525,-0.32,0.3,-1.01,19.96,10.93,9.95
2026-07-27 13:09:14.584,-0.32,0.3,-1.01,19.96,10.93,9.95
2026-07-27 13:09:14.585,-0.28,0.28,-0.94,15.93,7.39,7.26
2026-07-27 13:09:14.585,-0.28,0.28,-0.94,15.93,7.39,7.26
2026-07-27 13:09:14.586,-0.25,0.23,-0.89,7.69,1.28,2.32
2026-07-27 13:09:14.645,-0.25,0.19,-0.9,-2.62,-3.85,-0.55
2026-07-27 13:09:14.645,-0.25,0.19,-0.9,-2.62,-3.85,-0.55
2026-07-27 13:09:14.645,-0.26,0.19,-0.93,-8.79,-7.39,-2.56
2026-07-27 13:09:14.703,-0.26,0.19,-0.93,-8.79,-7.39,-2.56
2026-07-27 13:09:14.704,-0.27,0.21,-0.95,-7.69,-7.93,-4.76
2026-07-27 13:09:14.704,-0.27,0.21,-0.95,-7.69,-7.93,-4.76
2026-07-27 13:09:14.764,-0.29,0.24,-0.96,-2.14,-5.25,-5.49
2026-07-27 13:09:14.764,-0.29,0.25,-0.94,2.99,-2.69,-4.58
2026-07-27 13:09:14.823,-0.29,0.25,-0.94,2.99,-2.69,-4.58
2026-07-27 13:09:14.824,-0.29,0.26,-0.93,5.19,-3.11,-3.78
2026-07-27 13:09:14.824,-0.29,0.26,-0.93,5.19,-3.11,-3.78
2026-07-27 13:09:14.884,-0.29,0.26,-0.94,4.39,-5.25,-3.48
2026-07-27 13:09:14.884,-0.29,0.26,-0.94,4.39,-5.25,-3.48
2026-07-27 13:09:15.003,-0.3,0.26,-0.96,0.92,-4.21,-2.14
2026-07-27 13:09:15.063,-0.3,0.26,-0.96,0.92,-4.21,-2.14
2026-07-27 13:09:15.064,-0.27,0.27,-0.94,-5.49,3.17,1.65
2026-07-27 13:09:15.064,-0.24,0.27,-0.91,-11.72,11.11,7.87
2026-07-27 13:09:15.065,-0.24,0.27,-0.91,-11.72,11.11,7.87
2026-07-27 13:09:15.065,-0.23,0.27,-0.9,-12.08,11.96,13.73
2026-07-27 13:09:15.065,-0.23,0.27,-0.9,-12.08,11.96,13.73
2026-07-27 13:09:15.065,-0.23,0.24,-0.88,-7.57,8.36,16.48
2026-07-27 13:09:15.066,-0.23,0.24,-0.88,-7.57,8.36,16.48
2026-07-27 13:09:15.183,-0.22,0.22,-0.82,-3.17,5.49,15.01
2026-07-27 13:09:15.184,-0.22,0.22,-0.82,-3.17,5.49,15.01
2026-07-27 13:09:15.184,-0.19,0.2,-0.84,-5.13,0.18,9.52
2026-07-27 13:09:15.185,-0.18,0.2,-0.97,-12.21,-19.59,0.67
2026-07-27 13:09:15.185,-0.18,0.2,-0.97,-12.21,-19.59,0.67
2026-07-27 13:09:15.244,-0.23,0.23,-1.08,-18.74,-50.96,-7.14
2026-07-27 13:09:15.244,-0.23,0.23,-1.08,-18.74,-50.96,-7.14
2026-07-27 13:09:15.245,-0.33,0.34,-1.19,-28.38,-72.81,-6.65
2026-07-27 13:09:15.304,-0.33,0.34,-1.19,-28.38,-72.81,-6.65
2026-07-27 13:09:15.304,-0.42,0.48,-1.17,-45.59,-75.81,0.43
2026-07-27 13:09:15.304,-0.42,0.48,-1.17,-45.59,-75.81,0.43
2026-07-27 13:09:15.364,-0.45,0.56,-0.98,-59.94,-75.56,9.52
2026-07-27 13:09:15.364,-0.55,0.48,-0.8,-62.87,-86.85,15.75
2026-07-27 13:09:15.424,-0.55,0.48,-0.8,-62.87,-86.85,15.75
2026-07-27 13:09:15.425,-0.67,0.33,-0.69,-59.27,-101.99,5.8
2026-07-27 13:09:15.425,-0.67,0.33,-0.69,-59.27,-101.99,5.8
2026-07-27 13:09:15.545,-0.64,0.26,-0.59,-54.44,-110.05,-21.79
2026-07-27 13:09:15.546,-0.64,0.26,-0.59,-54.44,-110.05,-21.79
2026-07-27 13:09:15.547,-0.56,0.28,-0.47,-45.1,-117.74,-56.88
2026-07-27 13:09:15.549,-0.55,0.37,-0.36,-30.03,-132.69,-79.35
2026-07-27 13:09:15.569,-0.55,0.37,-0.36,-30.03,-132.69,-79.35
2026-07-27 13:09:15.724,-0.67,0.42,-0.3,-19.35,-149.48,-73.18
2026-07-27 13:09:15.724,-0.67,0.42,-0.3,-19.35,-149.48,-73.18
2026-07-27 13:09:15.725,-0.89,0.39,-0.29,-15.99,-156.01,-51.45
2026-07-27 13:09:15.725,-0.89,0.39,-0.29,-6.29,-140.69,-32.71
2026-07-27 13:09:15.726,-0.99,0.31,-0.29,-6.29,-140.69,-32.71
2026-07-27 13:09:15.726,-0.93,0.31,-0.24,-7.2,-100.95,-22.09
2026-07-27 13:09:15.727,-0.93,0.31,-0.24,-7.2,-100.95,-22.09
2026-07-27 13:09:15.727,-0.88,0.36,-0.19,-33.94,-55.36,-16.85
2026-07-27 13:09:15.786,-0.88,0.36,-0.19,-33.94,-55.36,-16.85
2026-07-27 13:09:15.786,-0.91,0.34,-0.13,-62.13,-28.26,-11.29
2026-07-27 13:09:15.844,-0.91,0.34,-0.13,-62.13,-28.26,-11.29
2026-07-27 13:09:15.846,-0.93,0.29,-0.04,-85.45,-12.15,-7.32
2026-07-27 13:09:15.846,-0.95,0.31,0.04,-84.84,8.79,-8.36
2026-07-27 13:09:15.903,-0.95,0.31,0.04,-84.84,8.79,-8.36
2026-07-27 13:09:15.904,-0.96,0.34,0.06,-44.01,18.68,-7.69
2026-07-27 13:09:15.904,-0.96,0.34,0.06,-44.01,18.68,-7.69
2026-07-27 13:09:16.028,-0.94,0.35,0.05,-32.59,7.14,5.8
2026-07-27 13:09:16.028,-0.94,0.35,0.05,-32.59,7.14,5.8
2026-07-27 13:09:16.028,-0.84,0.37,-0.01,-104.8,0.73,21.79
2026-07-27 13:09:16.029,-0.82,0.37,-0.01,-192.38,13.37,22.71
2026-07-27 13:09:16.029,-0.82,0.37,-0.01,-192.38,13.37,22.71
2026-07-27 13:09:16.096,-0.9,0.4,0.04,-197.45,22.16,6.41
2026-07-27 13:09:16.097,-0.9,0.4,0.04,-197.45,22.16,6.41
2026-07-27 13:09:16.144,-0.88,0.4,-0.06,17.88,22.52,-24.17
2026-07-27 13:09:16.144,-0.88,0.4,-0.06,17.88,22.52,-24.17
2026-07-27 13:09:16.145,-0.92,0.41,-0.21,368.47,11.54,-30.58
2026-07-27 13:09:16.265,-1.05,0.43,-0.28,470.83,5.37,-3.91
2026-07-27 13:09:16.266,-1.05,0.43,-0.28,470.83,5.37,-3.91
2026-07-27 13:09:16.267,-1.04,0.41,-0.3,307.13,10.13,4.58
2026-07-27 13:09:16.267,-1.04,0.41,-0.3,307.13,10.13,4.58
2026-07-27 13:09:16.267,-0.89,0.33,-0.33,181.58,32.41,-4.15
2026-07-27 13:09:16.268,-0.89,0.33,-0.33,181.58,32.41,-4.15
2026-07-27 13:09:16.329,-0.6,0.19,-0.28,229.49,56.64,3.85
2026-07-27 13:09:16.329,-0.6,0.19,-0.28,209.84,45.41,30.7
2026-07-27 13:09:16.384,-0.6,0.24,-0.05,209.84,45.41,30.7
2026-07-27 13:09:16.384,-0.92,0.31,0.13,-107.79,-29.91,27.89
2026-07-27 13:09:16.385,-0.92,0.31,0.13,-107.79,-29.91,27.89
2026-07-27 13:09:16.445,-1.01,0.38,0.03,-342.83,-111.15,-5.62
2026-07-27 13:09:16.446,-1.01,0.38,0.03,-342.83,-111.15,-5.62
2026-07-27 13:09:16.504,-0.98,0.58,-0.23,-147.22,-69.03,-51.57
2026-07-27 13:09:16.505,-0.98,0.58,-0.23,-147.22,-69.03,-51.57
2026-07-27 13:09:16.505,-0.98,0.58,-0.23,-147.22,-69.03,-51.57
2026-07-27 13:09:16.574,-0.98,0.58,-0.23,-147.22,-69.03,-51.57
2026-07-27 13:09:16.805,-0.55,-0.18,-0.5,154.54,38.45,-371.03
2026-07-27 13:09:16.805,-0.64,-0.98,-0.19,42.85,-49.5,-390.81
2026-07-27 13:09:16.806,-0.64,-0.98,-0.19,42.85,-49.5,-390.81
2026-07-27 13:09:16.806,-0.96,-1.4,0.01,-14.47,-116.09,-281.19
2026-07-27 13:09:16.807,-0.96,-1.4,0.01,-14.47,-116.09,-281.19
2026-07-27 13:09:16.807,-0.9,-0.98,-0.26,35.34,-106.75,-74.34
2026-07-27 13:09:16.808,-0.9,-0.98,-0.26,35.34,-106.75,-74.34
2026-07-27 13:09:16.808,-0.64,-0.3,-0.26,215.82,-38.64,106.69
2026-07-27 13:09:16.808,-0.63,-0.04,0.07,316.96,17.7,145.57
2026-07-27 13:09:16.808,-0.63,-0.04,0.07,316.96,17.7,145.57
2026-07-27 13:09:16.809,-0.79,-0.2,0.19,192.2,42.91,72.81
2026-07-27 13:09:16.809,-0.79,-0.2,0.19,192.2,42.91,72.81
2026-07-27 13:09:16.812,-0.79,-0.2,0.19,192.2,42.91,72.81
2026-07-27 13:09:16.864,-0.79,-0.2,0.19,192.2,42.91,72.81
2026-07-27 13:09:16.871,-1.0,-0.36,-0.12,-20.14,114.01,38.39
2026-07-27 13:09:16.924,-1.01,-0.34,-0.11,31.92,206.48,106.51
2026-07-27 13:09:16.924,-1.01,-0.34,-0.11,31.92,206.48,106.51
2026-07-27 13:09:17.164,-1.0,-0.3,-0.07,87.71,219.24,160.28
2026-07-27 13:09:17.165,-1.0,-0.3,-0.07,87.71,219.24,160.28
2026-07-27 13:09:17.165,-1.01,-0.24,-0.1,75.44,104.37,144.59
2026-07-27 13:09:17.223,-1.01,-0.24,-0.1,75.44,104.37,144.59
2026-07-27 13:09:17.224,-0.97,-0.1,-0.21,16.36,1.65,82.28
2026-07-27 13:09:17.225,-1.02,0.07,-0.37,37.66,9.7,49.01
2026-07-27 13:09:17.225,-1.02,0.07,-0.37,37.66,9.7,49.01
2026-07-27 13:09:17.225,-1.07,0.07,-0.4,109.19,32.65,32.41
2026-07-27 13:09:17.226,-1.07,0.07,-0.4,109.19,32.65,32.41
2026-07-27 13:09:17.226,-1.08,-0.03,-0.32,117.07,0.06,7.87
2026-07-27 13:09:17.227,-1.08,-0.03,-0.32,117.07,0.06,7.87
2026-07-27 13:09:17.227,-1.16,-0.09,-0.22,82.15,-57.98,-14.34
2026-07-27 13:09:17.227,-1.16,-0.09,-0.22,53.83,-130.74,-43.33
2026-07-27 13:09:17.228,-1.26,-0.1,-0.17,53.83,-130.74,-43.33
2026-07-27 13:09:17.283,-1.2,-0.09,-0.16,36.5,-169.01,-65.92
2026-07-27 13:09:17.284,-1.2,-0.09,-0.16,36.5,-169.01,-65.92
2026-07-27 13:09:17.344,-1.0,-0.12,-0.13,13.61,-144.17,-57.37
2026-07-27 13:09:17.345,-1.0,-0.12,-0.13,13.61,-144.17,-57.37
2026-07-27 13:09:17.345,-0.89,-0.24,-0.02,-1.71,-97.9,-13.43
2026-07-27 13:09:17.466,-0.85,-0.49,0.05,-0.92,-65.0,41.38
2026-07-27 13:09:17.466,-0.85,-0.49,0.05,-0.92,-65.0,41.38
2026-07-27 13:09:17.466,-0.83,-0.78,0.02,7.75,-19.59,51.39
2026-07-27 13:09:17.467,-0.83,-0.78,0.02,7.75,-19.59,51.39
2026-07-27 13:09:17.467,-0.87,-0.93,0.07,-1.04,63.6,-10.93
2026-07-27 13:09:17.524,-0.87,-0.93,0.07,-1.04,63.6,-10.93
2026-07-27 13:09:17.584,-0.98,-0.94,0.19,-41.38,151.0,-115.6
2026-07-27 13:09:17.584,-0.98,-0.94,0.19,-41.38,151.0,-115.6
2026-07-27 13:09:17.585,-1.12,-0.84,0.22,-55.73,200.93,-204.22
2026-07-27 13:09:17.585,-1.21,-0.69,0.18,-2.08,176.76,-229.31
2026-07-27 13:09:17.585,-1.21,-0.69,0.18,-2.08,176.76,-229.31
2026-07-27 13:09:17.644,-1.19,-0.5,0.21,105.9,82.7,-197.75
2026-07-27 13:09:17.644,-1.19,-0.5,0.21,105.9,82.7,-197.75
2026-07-27 13:09:17.764,-1.03,-0.25,0.32,215.7,-46.33,-140.32
2026-07-27 13:09:17.764,-1.03,-0.25,0.32,217.04,-133.3,-68.54
2026-07-27 13:09:17.766,-0.85,-0.01,0.28,217.04,-133.3,-68.54
2026-07-27 13:09:17.766,-0.62,-0.05,0.07,86.61,-151.49,-28.5
2026-07-27 13:09:17.766,-0.62,-0.05,0.07,86.61,-151.49,-28.5
2026-07-27 13:09:17.824,-0.39,-0.38,-0.1,-61.58,-131.65,-44.92
2026-07-27 13:09:17.824,-0.39,-0.38,-0.1,-61.58,-131.65,-44.92
2026-07-27 13:09:17.825,-0.32,-0.65,-0.18,-126.16,-70.07,-59.45
2026-07-27 13:09:17.884,-0.32,-0.84,-0.2,-115.78,11.54,-49.87
2026-07-27 13:09:17.884,-0.32,-0.84,-0.2,-115.78,11.54,-49.87
2026-07-27 13:09:17.944,-0.33,-0.98,-0.19,-77.76,83.74,-25.76
2026-07-27 13:09:17.945,-0.33,-0.98,-0.19,-77.76,83.74,-25.76
2026-07-27 13:09:17.946,-0.36,-1.0,-0.15,-10.68,105.53,9.4
2026-07-27 13:09:18.005,-0.36,-1.0,-0.15,-10.68,105.53,9.4
2026-07-27 13:09:18.006,-0.45,-0.96,-0.01,78.12,55.42,11.29
2026-07-27 13:09:18.006,-0.45,-0.96,-0.01,153.69,-37.05,-13.12
2026-07-27 13:09:18.064,-0.51,-0.92,0.17,153.69,-37.05,-13.12
2026-07-27 13:09:18.064,-0.47,-0.83,0.29,202.64,-112.98,-20.26
2026-07-27 13:09:18.123,-0.47,-0.83,0.29,202.64,-112.98,-20.26
2026-07-27 13:09:18.124,-0.41,-0.69,0.48,240.84,-120.73,-27.1
2026-07-27 13:09:18.125,-0.41,-0.69,0.48,240.84,-120.73,-27.1
2026-07-27 13:09:18.189,-0.31,-0.55,0.64,250.31,-86.61,-31.86
2026-07-27 13:09:18.189,-0.23,-0.42,0.72,208.98,-62.93,-18.19
2026-07-27 13:09:18.192,-0.23,-0.42,0.72,208.98,-62.93,-18.19
2026-07-27 13:09:18.244,-0.21,-0.33,0.8,144.41,-55.91,9.77
2026-07-27 13:09:18.244,-0.21,-0.33,0.8,144.41,-55.91,9.77
2026-07-27 13:09:18.326,-0.2,-0.29,0.85,100.59,-64.33,46.33
2026-07-27 13:09:18.327,-0.2,-0.29,0.85,100.59,-64.33,46.33
2026-07-27 13:09:18.327,-0.17,-0.27,0.86,89.9,-82.4,74.52
2026-07-27 13:09:18.364,-0.14,-0.25,0.87,73.3,-83.56,74.95
2026-07-27 13:09:18.364,-0.14,-0.25,0.87,73.3,-83.56,74.95
2026-07-27 13:09:18.431,-0.11,-0.25,0.89,34.91,-65.49,50.96
2026-07-27 13:09:18.431,-0.11,-0.25,0.89,34.91,-65.49,50.96
2026-07-27 13:09:18.432,-0.1,-0.29,0.89,2.87,-51.64,29.24
2026-07-27 13:09:18.483,-0.1,-0.29,0.89,2.87,-51.64,29.24
2026-07-27 13:09:18.484,-0.07,-0.28,0.88,-8.79,-40.71,18.01
2026-07-27 13:09:18.544,-0.04,-0.22,0.88,-7.57,-26.0,8.0
2026-07-27 13:09:18.544,-0.04,-0.22,0.88,-7.57,-26.0,8.0
2026-07-27 13:09:18.545,-0.04,-0.16,0.89,-2.93,-14.04,12.63
2026-07-27 13:09:18.604,-0.04,-0.16,0.89,-2.93,-14.04,12.63
2026-07-27 13:09:18.604,-0.06,-0.19,0.88,-1.71,-3.42,30.46
2026-07-27 13:09:18.605,-0.06,-0.19,0.88,-1.71,-3.42,30.46
2026-07-27 13:09:18.664,-0.1,-0.26,0.91,-7.63,13.06,28.69
2026-07-27 13:09:18.664,-0.1,-0.26,0.91,-11.72,19.9,4.94
2026-07-27 13:09:18.723,-0.13,-0.32,0.95,-11.72,19.9,4.94
2026-07-27 13:09:18.724,-0.08,-0.33,0.92,-2.14,-0.85,-26.06
2026-07-27 13:09:18.724,-0.08,-0.33,0.92,-2.14,-0.85,-26.06
2026-07-27 13:09:18.852,0.01,-0.27,0.79,44.19,-43.7,-76.72
2026-07-27 13:09:18.852,0.01,-0.27,0.79,44.19,-43.7,-76.72
2026-07-27 13:09:18.966,0.03,-0.1,0.71,152.65,-87.83,-156.01
2026-07-27 13:09:18.966,0.0,0.13,0.78,259.64,-110.17,-216.31
2026-07-27 13:09:18.967,0.0,0.13,0.78,259.64,-110.17,-216.31
2026-07-27 13:09:18.967,0.02,0.36,0.79,278.26,-115.11,-221.98
2026-07-27 13:09:18.968,0.02,0.36,0.79,278.26,-115.11,-221.98
2026-07-27 13:09:18.970,0.03,0.51,0.74,204.77,-67.87,-170.41
2026-07-27 13:09:18.970,0.03,0.51,0.74,113.65,42.42,-79.41
2026-07-27 13:09:18.970,-0.02,0.48,0.75,113.65,42.42,-79.41
2026-07-27 13:09:19.025,-0.13,0.36,0.67,75.26,120.3,-4.7
2026-07-27 13:09:19.026,-0.13,0.36,0.67,75.26,120.3,-4.7
2026-07-27 13:09:19.026,-0.19,0.25,0.54,55.3,115.11,7.81
2026-07-27 13:09:19.084,-0.19,0.25,0.54,55.3,115.11,7.81
2026-07-27 13:09:19.084,-0.2,0.19,0.46,26.31,65.37,-22.89
2026-07-27 13:09:19.084,-0.2,0.19,0.46,26.31,65.37,-22.89
2026-07-27 13:09:19.144,-0.24,0.15,0.41,-10.31,25.7,-38.82
2026-07-27 13:09:19.144,-0.3,0.16,0.38,-60.42,13.49,-24.35
2026-07-27 13:09:19.263,-0.3,0.16,0.38,-60.42,13.49,-24.35
2026-07-27 13:09:19.264,-0.31,0.17,0.43,-92.16,15.32,1.22
2026-07-27 13:09:19.264,-0.31,0.17,0.43,-92.16,15.32,1.22
2026-07-27 13:09:19.324,-0.32,0.28,0.61,-76.72,22.89,7.2
2026-07-27 13:09:19.324,-0.32,0.28,0.61,-76.72,22.89,7.2
2026-07-27 13:09:19.325,-0.32,0.52,1.06,-51.7,23.56,1.46
2026-07-27 13:09:19.326,0.09,0.92,1.93,-68.42,22.22,31.01
2026-07-27 13:09:19.326,0.09,0.92,1.93,-68.42,22.22,31.01
2026-07-27 13:09:19.383,0.6,1.07,2.86,-104.86,39.0,66.04
2026-07-27 13:09:19.384,0.6,1.07,2.86,-104.86,39.0,66.04
2026-07-27 13:09:19.384,0.48,0.44,2.5,-118.1,-22.03,101.38
2026-07-27 13:09:19.444,0.48,0.44,2.5,-118.1,-22.03,101.38
2026-07-27 13:09:19.445,-0.01,-0.22,1.03,-71.84,-134.77,100.1
2026-07-27 13:09:19.504,-0.2,-0.17,0.23,-0.73,-120.42,13.06
2026-07-27 13:09:19.505,-0.2,-0.17,0.23,-0.73,-120.42,13.06
2026-07-27 13:09:19.505,-0.03,0.2,0.47,38.15,-7.51,-61.22
2026-07-27 13:09:19.567,-0.03,0.2,0.47,38.15,-7.51,-61.22
2026-07-27 13:09:19.586,0.15,0.46,0.88,79.47,75.01,-64.21
2026-07-27 13:09:19.587,0.15,0.46,0.88,79.47,75.01,-64.21
2026-07-27 13:09:19.632,0.12,0.51,0.92,113.04,100.4,-40.47
2026-07-27 13:09:19.633,-0.07,0.41,0.86,83.31,99.85,-20.26
2026-07-27 13:09:19.684,-0.07,0.41,0.86,83.31,99.85,-20.26
2026-07-27 13:09:19.684,-0.21,0.32,0.94,18.01,80.02,11.47
2026-07-27 13:09:19.685,-0.21,0.32,0.94,18.01,80.02,11.47
2026-07-27 13:09:19.804,-0.27,0.34,1.02,-14.4,43.15,38.02
2026-07-27 13:09:19.804,-0.27,0.34,1.02,-14.4,43.15,38.02
2026-07-27 13:09:19.805,-0.25,0.45,0.92,5.07,1.89,47.67
2026-07-27 13:09:19.806,-0.25,0.45,0.92,25.27,-23.38,49.87
2026-07-27 13:09:19.806,-0.18,0.51,0.77,25.27,-23.38,49.87
2026-07-27 13:09:19.863,-0.1,0.49,0.76,9.83,-19.65,43.88
2026-07-27 13:09:19.864,-0.1,0.49,0.76,9.83,-19.65,43.88
2026-07-27 13:09:19.864,-0.04,0.42,0.85,-17.76,-3.85,35.46
2026-07-27 13:09:19.923,-0.04,0.42,0.85,-17.76,-3.85,35.46
2026-07-27 13:09:19.923,-0.04,0.37,0.93,-27.04,4.7,29.6
2026-07-27 13:09:19.924,-0.04,0.37,0.93,-27.04,4.7,29.6
2026-07-27 13:09:19.983,-0.08,0.36,0.98,-14.71,4.82,21.85
2026-07-27 13:09:19.984,-0.13,0.4,0.97,4.82,0.18,9.09
2026-07-27 13:09:20.044,-0.13,0.4,0.97,4.82,0.18,9.09
2026-07-27 13:09:20.045,-0.14,0.44,0.9,18.62,-5.07,-2.5
2026-07-27 13:09:20.045,-0.14,0.44,0.9,18.62,-5.07,-2.5
2026-07-27 13:09:20.104,-0.13,0.46,0.86,18.55,-9.4,-8.18
2026-07-27 13:09:20.104,-0.13,0.46,0.86,18.55,-9.4,-8.18
2026-07-27 13:09:20.105,-0.09,0.44,0.87,8.91,-12.63,-9.09
2026-07-27 13:09:20.223,-0.09,0.44,0.87,8.91,-12.63,-9.09
2026-07-27 13:09:20.224,-0.06,0.42,0.89,4.27,-14.28,-10.13
2026-07-27 13:09:20.224,-0.05,0.42,0.88,8.79,-15.5,-14.47
2026-07-27 13:09:20.225,-0.05,0.42,0.88,8.79,-15.5,-14.47
2026-07-27 13:09:20.225,-0.06,0.46,0.87,15.56,-16.05,-20.14
2026-07-27 13:09:20.344,-0.06,0.46,0.87,15.56,-16.05,-20.14
2026-07-27 13:09:20.345,-0.07,0.49,0.86,18.19,-15.08,-23.13
2026-07-27 13:09:20.345,-0.07,0.49,0.86,18.19,-15.08,-23.13
2026-07-27 13:09:20.345,-0.07,0.51,0.85,16.05,-13.06,-22.16
2026-07-27 13:09:20.346,-0.07,0.51,0.85,11.35,-8.36,-19.96
2026-07-27 13:09:20.464,-0.06,0.5,0.85,11.35,-8.36,-19.96
2026-07-27 13:09:20.764,-0.04,0.48,0.85,5.43,-4.03,-18.43
2026-07-27 13:09:20.765,-0.04,0.48,0.85,5.43,-4.03,-18.43
2026-07-27 13:09:20.766,-0.03,0.46,0.85,-0.12,-4.76,-18.01
2026-07-27 13:09:20.766,-0.03,0.46,0.85,-0.12,-4.76,-18.01
2026-07-27 13:09:20.766,-0.03,0.44,0.86,-5.07,-7.45,-19.35
2026-07-27 13:09:20.767,-0.03,0.44,0.86,-5.07,-7.45,-19.35
2026-07-27 13:09:20.767,-0.04,0.43,0.86,-12.45,-9.09,-22.95
2026-07-27 13:09:20.884,-0.04,0.43,0.86,-18.86,-10.86,-28.32
2026-07-27 13:09:20.899,-0.04,0.39,0.89,-18.86,-10.86,-28.32
2026-07-27 13:09:20.899,-0.0,0.38,1.03,-17.88,-7.14,-33.75
2026-07-27 13:09:20.900,-0.0,0.38,1.03,-17.88,-7.14,-33.75
2026-07-27 13:09:20.901,0.06,0.4,1.21,-15.38,7.02,-38.39
2026-07-27 13:09:20.901,0.06,0.4,1.21,-15.38,7.02,-38.39
2026-07-27 13:09:20.901,0.03,0.43,1.29,-14.16,20.14,-45.84
2026-07-27 13:09:20.902,0.03,0.43,1.29,-14.16,20.14,-45.84
2026-07-27 13:09:21.064,-0.15,0.37,1.21,-13.12,20.63,-50.78
2026-07-27 13:09:21.184,-0.4,0.2,1.03,-38.45,13.18,-36.07
2026-07-27 13:09:21.184,-0.4,0.2,1.03,-38.45,13.18,-36.07
2026-07-27 13:09:21.185,-0.61,0.06,0.86,-86.12,24.54,-17.27
2026-07-27 13:09:21.185,-0.61,0.06,0.86,-86.12,24.54,-17.27
2026-07-27 13:09:21.186,-0.75,0.05,0.8,-110.11,73.55,-20.02
2026-07-27 13:09:21.186,-0.75,0.05,0.8,-110.11,73.55,-20.02
2026-07-27 13:09:21.187,-0.75,0.05,0.8,-110.11,73.55,-20.02
2026-07-27 13:09:21.188,-0.75,0.05,0.8,-110.11,73.55,-20.02
2026-07-27 13:09:21.188,-0.69,0.33,0.94,-57.01,158.51,-67.69
2026-07-27 13:09:21.189,-0.63,0.42,0.82,-49.99,149.6,-52.43
2026-07-27 13:09:21.190,-0.63,0.42,0.82,-49.99,149.6,-52.43
2026-07-27 13:09:21.190,-0.65,0.44,0.64,-61.28,142.88,-4.64
2026-07-27 13:09:21.190,-0.65,0.44,0.64,-61.28,142.88,-4.64
2026-07-27 13:09:21.191,-0.68,0.45,0.59,-60.97,170.47,64.88
2026-07-27 13:09:21.191,-0.68,0.45,0.59,-60.97,170.47,64.88
2026-07-27 13:09:21.191,-0.64,0.48,0.73,-14.1,215.15,134.4
2026-07-27 13:09:21.192,-0.49,0.35,1.02,84.84,206.67,177.0
2026-07-27 13:09:21.192,-0.49,0.35,1.02,84.84,206.67,177.0
2026-07-27 13:09:21.193,-0.32,0.13,1.16,169.98,94.67,170.41
2026-07-27 13:09:21.193,-0.32,0.13,1.16,169.98,94.67,170.41
2026-07-27 13:09:21.193,-0.3,0.32,0.85,151.73,-92.16,127.01
2026-07-27 13:09:21.244,-0.3,0.32,0.85,151.73,-92.16,127.01
2026-07-27 13:09:21.245,-0.54,0.56,0.22,84.47,-246.4,99.24
2026-07-27 13:09:21.303,-0.74,0.4,-0.0,38.09,-231.38,91.86
2026-07-27 13:09:21.304,-0.74,0.4,-0.0,38.09,-231.38,91.86
2026-07-27 13:09:21.304,-0.84,0.22,0.32,-25.88,-109.07,68.91
2026-07-27 13:09:21.364,-0.84,0.22,0.32,-25.88,-109.07,68.91
2026-07-27 13:09:21.364,-0.9,0.33,0.6,-59.81,-56.46,8.36
2026-07-27 13:09:21.424,-0.9,0.33,0.6,-59.81,-56.46,8.36
2026-07-27 13:09:21.425,-0.74,0.63,0.76,-41.63,-90.21,-57.74
2026-07-27 13:09:21.425,-0.45,0.91,0.83,-14.34,-119.87,-63.72
2026-07-27 13:09:21.488,-0.45,0.91,0.83,-14.34,-119.87,-63.72
2026-07-27 13:09:21.489,-0.23,1.04,0.73,65.8,-64.33,-7.26
2026-07-27 13:09:21.490,-0.23,1.04,0.73,65.8,-64.33,-7.26
2026-07-27 13:09:21.544,-0.22,0.82,0.59,105.1,49.56,24.6
2026-07-27 13:09:21.545,-0.22,0.82,0.59,105.1,49.56,24.6
2026-07-27 13:09:21.904,-0.33,0.44,0.56,9.16,84.41,-20.69
2026-07-27 13:09:21.966,-0.37,0.29,0.52,-62.93,29.42,-65.61
2026-07-27 13:09:21.977,-0.37,0.29,0.52,-62.93,29.42,-65.61
2026-07-27 13:09:21.978,-0.32,0.37,0.49,-55.18,-7.02,-55.05
2026-07-27 13:09:21.978,-0.32,0.37,0.49,-55.18,-7.02,-55.05
2026-07-27 13:09:21.979,-0.38,0.46,0.53,-78.8,-13.98,-28.44
2026-07-27 13:09:21.979,-0.38,0.46,0.53,-78.8,-13.98,-28.44
2026-07-27 13:09:21.979,-0.48,0.32,0.66,-168.4,-33.69,-14.89
2026-07-27 13:09:21.980,-0.49,0.1,0.87,-240.11,-65.86,-10.25
2026-07-27 13:09:21.980,-0.49,0.1,0.87,-240.11,-65.86,-10.25
2026-07-27 13:09:21.980,-0.47,-0.04,0.91,-174.5,-67.26,-0.79
2026-07-27 13:09:21.981,-0.47,-0.04,0.91,-174.5,-67.26,-0.79
2026-07-27 13:09:21.981,-0.49,-0.09,0.81,-32.41,-22.58,9.64
2026-07-27 13:09:21.981,-0.49,-0.09,0.81,-32.41,-22.58,9.64
2026-07-27 13:09:21.981,-0.58,-0.06,0.83,9.83,27.71,2.56
2026-07-27 13:09:21.982,-0.66,0.06,0.99,-60.67,33.57,-26.06
2026-07-27 13:09:21.984,-0.66,0.06,0.99,-60.67,33.57,-26.06
2026-07-27 13:09:22.026,-0.56,0.17,1.17,-127.08,-37.23,-75.13
2026-07-27 13:09:22.031,-0.56,0.17,1.17,-127.08,-37.23,-75.13
2026-07-27 13:09:22.031,-0.37,0.11,1.22,-112.12,-108.34,-113.46
2026-07-27 13:09:22.031,-0.37,0.11,1.22,-112.12,-108.34,-113.46
2026-07-27 13:09:22.084,-0.25,-0.08,1.12,-49.56,-89.48,-100.4
2026-07-27 13:09:22.084,-0.26,-0.21,0.98,-2.75,-26.73,-53.96
2026-07-27 13:09:22.085,-0.26,-0.21,0.98,-2.75,-26.73,-53.96
2026-07-27 13:09:22.144,-0.29,-0.21,0.92,3.85,12.94,-6.65
2026-07-27 13:09:22.145,-0.29,-0.21,0.92,3.85,12.94,-6.65
2026-07-27 13:09:22.204,-0.22,-0.12,1.0,-22.03,5.25,25.82
2026-07-27 13:09:22.205,-0.22,-0.12,1.0,-22.03,5.25,25.82
2026-07-27 13:09:22.205,-0.09,-0.09,1.07,-29.11,-39.55,6.29
2026-07-27 13:09:22.264,-0.09,-0.09,1.07,-29.11,-39.55,6.29
2026-07-27 13:09:22.265,-0.12,-0.18,1.05,7.93,-63.11,-52.25
2026-07-27 13:09:22.265,-0.24,-0.24,0.95,54.87,-41.26,-66.89
2026-07-27 13:09:22.324,-0.24,-0.24,0.95,54.87,-41.26,-66.89
2026-07-27 13:09:22.325,-0.26,-0.2,0.86,66.65,-17.52,-17.46
2026-07-27 13:09:22.325,-0.26,-0.2,0.86,66.65,-17.52,-17.46
2026-07-27 13:09:22.505,-0.22,-0.09,0.83,44.19,-15.38,45.41
2026-07-27 13:09:22.506,-0.22,-0.09,0.83,44.19,-15.38,45.41
2026-07-27 13:09:22.506,-0.11,-0.0,0.88,46.75,-42.54,107.85
2026-07-27 13:09:22.640,0.07,0.04,0.99,93.93,-104.0,158.57
2026-07-27 13:09:22.641,0.07,0.04,0.99,93.93,-104.0,158.57
2026-07-27 13:09:22.642,0.21,0.07,1.03,112.67,-147.46,133.79
2026-07-27 13:09:22.643,0.21,0.07,1.03,112.67,-147.46,133.79
2026-07-27 13:09:22.643,0.3,0.09,0.96,82.03,-148.5,53.59
2026-07-27 13:09:22.690,0.3,0.09,0.96,35.28,-150.51,-20.14
2026-07-27 13:09:22.690,0.33,0.13,0.91,35.28,-150.51,-20.14
2026-07-27 13:09:22.691,0.31,0.14,0.96,-42.48,-123.17,-62.19
2026-07-27 13:09:22.691,0.31,0.14,0.96,-42.48,-123.17,-62.19
2026-07-27 13:09:22.692,0.34,0.14,1.0,-101.32,-49.5,-52.67
2026-07-27 13:09:22.692,0.34,0.14,1.0,-101.32,-49.5,-52.67
2026-07-27 13:09:22.692,0.37,0.11,0.98,-76.42,5.13,-17.94
2026-07-27 13:09:49.869,0.37,0.11,0.98,0.06,15.26,13.18
2026-07-27 13:09:49.869,0.38,0.13,0.93,0.06,15.26,13.18
2026-07-27 13:09:49.869,0.37,0.19,0.91,52.49,9.34,35.77
2026-07-27 13:09:49.869,0.37,0.19,0.91,52.49,9.34,35.77
2026-07-27 13:09:49.869,0.34,0.16,0.95,43.27,23.13,48.03
2026-07-27 13:09:49.869,0.34,0.16,0.95,43.27,23.13,48.03
2026-07-27 13:09:49.869,0.29,0.12,0.98,-0.92,61.71,47.55
2026-07-27 13:09:49.869,0.23,0.11,0.98,-37.66,83.92,30.15
2026-07-27 13:09:49.869,0.23,0.11,0.98,-37.66,83.92,30.15
2026-07-27 13:09:49.869,0.2,0.06,1.0,-40.1,69.21,2.75
2026-07-27 13:09:49.869,0.2,0.06,1.0,-40.1,69.21,2.75
2026-07-27 13:09:49.869,0.18,0.03,1.0,-23.8,52.0,-30.15
2026-07-27 13:09:49.869,0.18,0.03,1.0,-23.8,52.0,-30.15
2026-07-27 13:09:49.869,0.16,0.01,0.97,-17.76,48.65,-68.66
2026-07-27 13:09:49.869,0.16,0.03,0.94,-16.48,33.26,-81.67
2026-07-27 13:09:49.869,0.16,0.03,0.94,-16.48,33.26,-81.67
2026-07-27 13:09:49.869,0.17,0.1,0.94,-0.06,-9.52,-62.99
2026-07-27 13:09:49.869,0.17,0.1,0.94,-0.06,-9.52,-62.99
2026-07-27 13:09:49.869,0.16,0.12,0.97,25.88,-55.36,-51.94
2026-07-27 13:09:49.869,0.16,0.12,0.97,25.88,-55.36,-51.94
2026-07-27 13:09:49.869,0.2,0.08,0.99,21.42,-64.76,-65.49
2026-07-27 13:09:49.869,0.2,0.08,0.99,21.42,-64.76,-65.49
2026-07-27 13:09:49.869,0.23,-0.0,0.99,-38.64,-15.87,-86.67
2026-07-27 13:09:49.869,0.17,-0.09,1.0,-116.27,56.58,-89.42
2026-07-27 13:09:49.869,0.17,-0.09,1.0,-116.27,56.58,-89.42
2026-07-27 13:09:49.869,0.09,-0.17,0.99,-146.18,77.27,-68.36
2026-07-27 13:09:49.869,0.09,-0.17,0.99,-146.18,77.27,-68.36
2026-07-27 13:09:49.869,0.06,-0.2,0.97,-102.05,40.77,-36.68
2026-07-27 13:09:49.869,0.06,-0.2,0.97,-102.05,40.77,-36.68
2026-07-27 13:09:49.869,0.06,-0.18,0.98,-20.81,6.1,-11.84
2026-07-27 13:09:49.869,0.06,-0.18,0.98,33.45,-2.81,-6.53
2026-07-27 13:09:49.869,0.08,-0.12,0.98,33.45,-2.81,-6.53
2026-07-27 13:09:49.869,0.11,-0.03,0.98,50.72,5.19,-17.46
2026-07-27 13:09:49.869,0.11,-0.03,0.98,50.72,5.19,-17.46
2026-07-27 13:09:49.869,0.09,0.05,0.97,58.9,22.71,-30.76
2026-07-27 13:09:49.869,0.09,0.05,0.97,58.9,22.71,-30.76
2026-07-27 13:09:49.869,0.0,0.07,0.93,41.93,31.92,-28.81
2026-07-27 13:09:49.869,0.0,0.07,0.93,41.93,31.92,-28.81
2026-07-27 13:09:49.869,0.01,-0.07,0.91,-52.12,40.59,17.46
2026-07-27 13:09:49.869,-0.01,-0.27,0.96,-109.13,57.19,126.89
2026-07-27 13:09:49.869,-0.01,-0.27,0.96,-109.13,57.19,126.89
2026-07-27 13:09:49.869,-0.11,-0.3,1.02,-29.05,45.65,185.24
2026-07-27 13:09:49.869,-0.11,-0.3,1.02,-29.05,45.65,185.24
2026-07-27 13:09:49.869,-0.08,-0.18,1.01,52.49,8.97,109.25
2026-07-27 13:09:49.869,-0.08,-0.18,1.01,52.49,8.97,109.25
2026-07-27 13:09:49.869,-0.08,-0.09,0.96,56.03,-4.21,10.68
2026-07-27 13:09:49.869,-0.14,-0.09,0.94,11.66,19.96,-5.74
2026-07-27 13:09:49.869,-0.14,-0.09,0.94,11.66,19.96,-5.74
2026-07-27 13:09:49.869,-0.19,-0.14,0.98,-36.32,34.67,45.96
2026-07-27 13:09:49.869,-0.19,-0.14,0.98,-36.32,34.67,45.96
2026-07-27 13:09:49.869,-0.17,-0.16,1.0,-44.56,19.47,77.94
2026-07-27 13:09:49.869,-0.17,-0.16,1.0,-44.56,19.47,77.94
2026-07-27 13:09:49.869,-0.16,-0.13,0.99,-21.97,6.84,50.05
2026-07-27 13:09:49.869,-0.21,-0.1,0.95,-0.67,12.94,-1.16
2026-07-27 13:09:49.869,-0.21,-0.1,0.95,-0.67,12.94,-1.16
2026-07-27 13:09:49.870,-0.27,-0.05,0.97,2.81,20.63,-32.78
2026-07-27 13:09:49.870,-0.27,-0.05,0.97,2.81,20.63,-32.78
2026-07-27 13:09:49.870,-0.27,-0.07,0.98,-16.54,26.06,-22.03
2026-07-27 13:09:49.870,-0.27,-0.07,0.98,-16.54,26.06,-22.03
2026-07-27 13:09:49.870,-0.24,-0.19,0.93,-40.1,37.17,17.03
2026-07-27 13:09:49.870,-0.24,-0.19,0.93,-40.1,37.17,17.03
2026-07-27 13:09:49.870,-0.28,-0.23,0.88,-41.87,34.91,41.69
2026-07-27 13:09:49.900,-0.37,-0.2,0.85,-21.61,19.71,48.1
2026-07-27 13:09:49.901,-0.37,-0.2,0.85,-21.61,19.71,48.1
2026-07-27 13:09:49.901,-0.42,-0.17,0.83,20.02,20.14,66.96
2026-07-27 13:09:49.901,-0.42,-0.17,0.83,20.02,20.14,66.96
2026-07-27 13:09:49.901,-0.36,-0.09,0.9,85.21,36.93,91.61
2026-07-27 13:09:49.902,-0.36,-0.09,0.9,85.21,36.93,91.61
2026-07-27 13:09:49.902,-0.3,0.03,1.0,116.82,42.24,84.23
2026-07-27 13:09:49.902,-0.34,0.11,0.98,73.18,27.65,45.53
2026-07-27 13:09:49.902,-0.34,0.11,0.98,73.18,27.65,45.53
2026-07-27 13:09:49.902,-0.38,0.11,0.93,8.12,9.64,11.66
2026-07-27 13:09:49.903,-0.38,0.11,0.93,8.12,9.64,11.66
2026-07-27 13:09:49.903,-0.38,0.1,0.92,-25.45,-10.19,1.34
2026-07-27 13:09:49.903,-0.38,0.1,0.92,-25.45,-10.19,1.34
2026-07-27 13:09:49.904,-0.33,0.03,0.91,-37.41,-31.92,7.2
2026-07-27 13:09:49.904,-0.33,0.03,0.91,-26.31,-28.08,5.13
2026-07-27 13:09:49.904,-0.32,-0.03,0.9,-26.31,-28.08,5.13
2026-07-27 13:09:49.904,-0.42,0.09,0.91,47.85,15.62,-8.79
2026-07-27 13:09:49.904,-0.42,0.09,0.91,47.85,15.62,-8.79
2026-07-27 13:09:49.904,-0.47,0.22,0.9,102.23,36.25,0.43
2026-07-27 13:09:49.905,-0.47,0.22,0.9,102.23,36.25,0.43
2026-07-27 13:09:49.905,-0.44,0.26,0.91,79.53,11.72,36.44
2026-07-27 13:09:49.906,-0.44,0.26,0.91,79.53,11.72,36.44
2026-07-27 13:09:49.906,-0.38,0.25,0.89,56.95,-3.6,63.11
2026-07-27 13:09:49.906,-0.34,0.23,0.85,55.42,-2.01,56.82
2026-07-27 13:09:49.906,-0.34,0.23,0.85,55.42,-2.01,56.82
2026-07-27 13:09:49.906,-0.36,0.27,0.85,55.91,-3.36,25.27
2026-07-27 13:09:49.907,-0.36,0.27,0.85,55.91,-3.36,25.27
2026-07-27 13:09:49.907,-0.37,0.34,0.82,43.7,-9.34,-9.58
2026-07-27 13:09:49.907,-0.37,0.34,0.82,43.7,-9.34,-9.58
2026-07-27 13:09:49.907,-0.35,0.36,0.76,4.33,-7.81,-27.95
2026-07-27 13:09:49.908,-0.32,0.41,0.77,1.71,20.81,-1.16
2026-07-27 13:09:49.908,-0.32,0.41,0.77,1.71,20.81,-1.16
2026-07-27 13:09:49.909,-0.43,0.44,0.69,-2.87,91.74,56.52
2026-07-27 13:09:49.909,-0.43,0.44,0.69,-2.87,91.74,56.52
2026-07-27 13:09:49.909,-0.57,0.36,0.61,-47.97,136.78,65.98
2026-07-27 13:09:49.910,-0.57,0.36,0.61,-47.97,136.78,65.98
2026-07-27 13:09:49.910,-0.6,0.27,0.74,-51.88,104.68,12.02
2026-07-27 13:09:49.911,-0.6,0.28,0.84,-19.71,60.85,-35.16
2026-07-27 13:09:49.911,-0.6,0.28,0.84,-19.71,60.85,-35.16
2026-07-27 13:09:49.911,-0.63,0.32,0.77,18.01,66.59,-34.12
2026-07-27 13:09:49.911,-0.63,0.32,0.77,18.01,66.59,-34.12
2026-07-27 13:09:49.912,-0.66,0.31,0.64,31.98,91.98,-7.2
2026-07-27 13:09:49.912,-0.66,0.31,0.64,31.98,91.98,-7.2
2026-07-27 13:09:49.912,-0.67,0.28,0.62,18.55,70.37,0.67
2026-07-27 13:09:49.913,-0.68,0.29,0.62,-1.53,12.7,-25.09
2026-07-27 13:09:49.913,-0.68,0.29,0.62,-1.53,12.7,-25.09
2026-07-27 13:09:49.914,-0.68,0.31,0.61,-16.24,-22.95,-44.13
2026-07-27 13:09:49.914,-0.68,0.31,0.61,-16.24,-22.95,-44.13
2026-07-27 13:09:49.914,-0.67,0.31,0.6,-27.04,-21.79,-30.46
2026-07-27 13:09:49.914,-0.67,0.31,0.6,-27.04,-21.79,-30.46
2026-07-27 13:09:49.915,-0.7,0.27,0.59,-93.93,-3.85,0.0
2026-07-27 13:09:49.915,-0.73,0.1,0.59,-251.71,38.21,26.86
2026-07-27 13:09:49.915,-0.73,0.1,0.59,-251.71,38.21,26.86
2026-07-27 13:09:49.916,-0.76,-0.09,0.59,-353.33,51.51,37.6
2026-07-27 13:09:49.916,-0.76,-0.09,0.59,-353.33,51.51,37.6
2026-07-27 13:09:49.916,-0.77,-0.23,0.6,-270.02,2.62,54.99
2026-07-27 13:09:49.916,-0.77,-0.23,0.6,-270.02,2.62,54.99
2026-07-27 13:09:49.917,-0.75,-0.26,0.66,-100.22,-39.12,54.14
2026-07-27 13:09:49.917,-0.76,-0.17,0.71,-21.0,-35.52,18.25
2026-07-27 13:09:49.917,-0.76,-0.17,0.71,-21.0,-35.52,18.25
2026-07-27 13:09:49.917,-0.73,-0.17,0.69,-69.7,-0.37,-5.55
2026-07-27 13:09:49.918,-0.73,-0.17,0.69,-69.7,-0.37,-5.55
2026-07-27 13:09:49.918,-0.71,-0.26,0.61,-134.52,41.63,-1.77
2026-07-27 13:09:49.918,-0.71,-0.26,0.61,-134.52,41.63,-1.77
2026-07-27 13:09:49.918,-0.73,-0.34,0.49,-144.23,75.44,17.03
2026-07-27 13:09:49.918,-0.73,-0.34,0.49,-122.99,74.89,19.96
2026-07-27 13:09:49.919,-0.77,-0.35,0.32,-122.99,74.89,19.96
2026-07-27 13:09:49.919,-0.82,-0.33,0.2,-80.81,60.24,-14.77
2026-07-27 13:09:49.919,-0.82,-0.33,0.2,-80.81,60.24,-14.77
2026-07-27 13:09:49.920,-0.8,-0.33,0.21,-19.17,59.45,-45.1
2026-07-27 13:09:49.920,-0.8,-0.33,0.21,-19.17,59.45,-45.1
2026-07-27 13:09:49.920,-0.73,-0.25,0.27,31.31,62.44,-39.43
2026-07-27 13:09:49.920,-0.73,-0.25,0.27,16.05,72.14,-70.37
2026-07-27 13:09:49.921,-0.8,-0.38,0.31,16.05,72.14,-70.37
2026-07-27 13:09:49.921,-0.79,-0.64,0.25,-29.66,52.8,-119.69
2026-07-27 13:09:49.922,-0.79,-0.64,0.25,-29.66,52.8,-119.69
2026-07-27 13:09:49.922,-0.68,-0.7,0.2,-59.88,-25.76,-116.15
2026-07-27 13:09:49.922,-0.68,-0.7,0.2,-59.88,-25.76,-116.15
2026-07-27 13:09:49.923,-0.67,-0.71,0.3,-80.38,-96.98,-96.92
2026-07-27 13:09:49.923,-0.67,-0.71,0.3,-80.38,-96.98,-96.92
2026-07-27 13:09:49.923,-0.67,-0.71,0.3,-80.38,-96.98,-96.92
2026-07-27 13:09:49.923,-0.67,-0.71,0.3,-80.38,-96.98,-96.92
2026-07-27 13:09:49.924,-0.63,-0.71,0.3,-11.23,-31.56,-36.5
2026-07-27 13:09:49.926,-0.58,-0.65,0.22,21.12,31.43,-6.96
2026-07-27 13:09:49.935,-0.58,-0.65,0.22,21.12,31.43,-6.96
2026-07-27 13:09:49.935,-0.6,-0.62,0.23,0.0,59.51,26.73
2026-07-27 13:09:49.935,-0.6,-0.62,0.23,0.0,59.51,26.73
2026-07-27 13:09:49.936,-0.53,-0.57,0.19,-17.27,35.4,37.9
2026-07-27 13:09:49.936,-0.53,-0.57,0.19,-17.27,35.4,37.9
2026-07-27 13:09:49.936,-0.55,-0.66,0.19,-16.97,1.28,7.75
2026-07-27 13:09:49.936,-0.55,-0.66,0.19,-67.63,-33.51,-60.42
2026-07-27 13:09:49.936,-0.64,-0.83,0.21,-67.63,-33.51,-60.42
2026-07-27 13:09:49.936,-0.61,-0.93,0.15,-126.1,-51.03,-127.01
2026-07-27 13:09:49.936,-0.61,-0.93,0.15,-126.1,-51.03,-127.01
2026-07-27 13:09:49.937,-0.53,-0.91,0.08,-110.9,-13.61,-155.09
2026-07-27 13:09:49.937,-0.53,-0.91,0.08,-110.9,-13.61,-155.09
2026-07-27 13:09:49.937,-0.42,-0.88,0.08,-51.45,45.96,-113.46
2026-07-27 13:09:49.937,-0.42,-0.88,0.08,-4.46,46.57,-44.62
2026-07-27 13:09:49.937,-0.29,-0.9,0.1,-4.46,46.57,-44.62
2026-07-27 13:09:49.937,-0.23,-0.86,0.06,-3.66,2.5,-1.34
2026-07-27 13:09:49.938,-0.23,-0.86,0.06,-3.66,2.5,-1.34
2026-07-27 13:09:49.938,-0.32,-0.74,-0.06,-41.75,9.4,66.35
2026-07-27 13:09:49.938,-0.32,-0.74,-0.06,-41.75,9.4,66.35
2026-07-27 13:09:49.938,-0.46,-0.61,-0.21,-75.32,95.7,170.96
2026-07-27 13:09:49.939,-0.46,-0.61,-0.21,-75.32,95.7,170.96
2026-07-27 13:09:49.939,-0.4,-0.46,-0.32,-81.67,190.67,246.15
2026-07-27 13:09:49.939,-0.57,-0.47,-0.46,-57.13,197.33,309.14
2026-07-27 13:09:49.940,-0.57,-0.47,-0.46,-57.13,197.33,309.14
2026-07-27 13:09:49.940,-1.18,-0.38,-0.47,11.23,157.47,369.45
2026-07-27 13:09:49.940,-1.18,-0.38,-0.47,11.23,157.47,369.45
2026-07-27 13:09:49.940,-1.39,-0.11,-0.35,186.46,109.13,252.44
2026-07-27 13:09:49.940,-1.39,-0.11,-0.35,186.46,109.13,252.44
2026-07-27 13:09:49.940,-1.0,-0.22,-0.31,321.78,-23.8,2.01
2026-07-27 13:09:49.941,-0.73,-0.48,-0.24,199.83,-117.86,-74.4
2026-07-27 13:09:49.941,-0.73,-0.48,-0.24,199.83,-117.86,-74.4
2026-07-27 13:09:49.942,-0.86,-0.5,-0.22,-5.92,-77.33,33.51
2026-07-27 13:09:49.942,-0.86,-0.5,-0.22,-5.92,-77.33,33.51
2026-07-27 13:09:49.942,-1.05,-0.37,-0.22,-38.88,-44.07,109.31
2026-07-27 13:09:49.942,-0.94,-0.34,-0.16,76.05,-74.16,82.15
2026-07-27 13:09:49.943,-0.94,-0.34,-0.16,76.05,-74.16,82.15
2026-07-27 13:09:49.943,-0.56,-0.43,-0.09,166.56,-100.4,11.66
2026-07-27 13:09:49.943,-0.56,-0.43,-0.09,166.56,-100.4,11.66
2026-07-27 13:09:49.944,-0.63,-0.5,-0.02,112.79,-58.35,-84.59
2026-07-27 13:09:49.959,-0.63,-0.5,-0.02,112.79,-58.35,-84.59
2026-07-27 13:09:49.959,-1.0,-0.48,0.05,-19.17,19.78,-161.38
2026-07-27 13:09:49.960,-0.99,-0.5,0.06,-97.29,24.11,-129.58
2026-07-27 13:09:49.960,-0.99,-0.5,0.06,-97.29,24.11,-129.58
2026-07-27 13:09:49.960,-0.86,-0.52,0.01,-113.04,-44.8,-50.42
2026-07-27 13:09:49.960,-0.86,-0.52,0.01,-113.04,-44.8,-50.42
2026-07-27 13:09:49.960,-0.79,-0.57,-0.05,-101.93,-83.86,-15.87
2026-07-27 13:09:49.960,-0.79,-0.57,-0.05,-101.93,-83.86,-15.87
2026-07-27 13:09:49.960,-0.73,-0.64,-0.07,-104.92,-67.5,-19.96
2026-07-27 13:09:49.961,-0.71,-0.63,-0.09,-110.11,-41.08,-25.39
2026-07-27 13:09:49.961,-0.71,-0.63,-0.09,-110.11,-41.08,-25.39
2026-07-27 13:09:49.961,-0.73,-0.62,-0.11,-82.58,-29.36,-12.51
2026-07-27 13:09:49.961,-0.73,-0.62,-0.11,-82.58,-29.36,-12.51
2026-07-27 13:09:49.961,-0.76,-0.6,-0.13,-47.49,-28.14,0.98
2026-07-27 13:09:49.961,-0.76,-0.6,-0.13,-47.49,-28.14,0.98
2026-07-27 13:09:49.962,-0.78,-0.6,-0.14,-25.76,-23.56,-2.14
2026-07-27 13:09:49.962,-0.77,-0.62,-0.14,-8.3,1.1,-15.2
2026-07-27 13:09:49.962,-0.77,-0.62,-0.14,-8.3,1.1,-15.2
2026-07-27 13:09:49.962,-0.73,-0.66,-0.16,4.09,49.87,-34.55
2026-07-27 13:09:49.962,-0.73,-0.66,-0.16,4.09,49.87,-34.55
2026-07-27 13:09:49.962,-0.67,-0.7,-0.18,-6.35,94.91,-62.81
2026-07-27 13:09:49.963,-0.67,-0.7,-0.18,-6.35,94.91,-62.81
2026-07-27 13:09:49.963,-0.62,-0.72,-0.24,-34.36,109.68,-88.56
2026-07-27 13:09:49.963,-0.62,-0.72,-0.24,-64.27,104.25,-99.3
2026-07-27 13:09:49.963,-0.56,-0.73,-0.3,-64.27,104.25,-99.3
2026-07-27 13:09:49.964,-0.48,-0.73,-0.37,-77.15,84.41,-98.75
2026-07-27 13:09:49.964,-0.48,-0.73,-0.37,-77.15,84.41,-98.75
2026-07-27 13:09:49.965,-0.42,-0.72,-0.43,-63.42,55.48,-92.04
2026-07-27 13:09:49.966,-0.42,-0.72,-0.43,-63.42,55.48,-92.04
2026-07-27 13:09:49.966,-0.37,-0.72,-0.46,-37.17,30.27,-69.03
2026-07-27 13:09:49.966,-0.37,-0.72,-0.46,-15.44,12.45,-35.71
2026-07-27 13:09:49.967,-0.31,-0.75,-0.48,-15.44,12.45,-35.71
2026-07-27 13:09:49.967,-0.29,-0.76,-0.48,-3.54,1.77,-18.43
2026-07-27 13:09:49.967,-0.29,-0.76,-0.48,-3.54,1.77,-18.43
2026-07-27 13:09:49.967,-0.3,-0.76,-0.47,2.62,-7.93,-21.97
2026-07-27 13:09:49.967,-0.3,-0.76,-0.47,2.62,-7.93,-21.97
2026-07-27 13:09:49.968,-0.32,-0.75,-0.47,7.08,-22.58,-31.37
2026-07-27 13:09:49.968,-0.32,-0.75,-0.47,7.08,-22.58,-31.37
2026-07-27 13:09:49.968,-0.35,-0.71,-0.46,6.84,-43.76,-29.66
2026-07-27 13:09:49.968,-0.3,-0.79,-0.46,-10.38,-81.6,-24.17
2026-07-27 13:09:49.969,-0.3,-0.79,-0.46,-10.38,-81.6,-24.17
2026-07-27 13:09:49.970,-0.32,-0.86,-0.44,-47.06,-138.92,-81.12
2026-07-27 13:09:49.970,-0.32,-0.86,-0.44,-47.06,-138.92,-81.12
2026-07-27 13:09:49.971,-0.37,-0.84,-0.44,-74.1,-161.74,-129.3
2026-07-27 13:09:49.973,-0.37,-0.84,-0.44,-74.1,-161.74,-129.3
2026-07-27 13:09:49.973,-0.31,-0.84,-0.51,-68.85,-116.27,-80.93
2026-07-27 13:09:49.974,-0.21,-0.82,-0.59,-56.95,-28.93,-28.69
2026-07-27 13:09:49.974,-0.21,-0.82,-0.59,-56.95,-28.93,-28.69
2026-07-27 13:09:49.974,-0.13,-0.8,-0.6,-61.16,71.53,-25.33
2026-07-27 13:09:49.974,-0.13,-0.8,-0.6,-61.16,71.53,-25.33
2026-07-27 13:09:49.974,-0.08,-0.78,-0.58,-70.92,132.14,-50.66
2026-07-27 13:09:49.975,-0.08,-0.78,-0.58,-70.92,132.14,-50.66
2026-07-27 13:09:49.975,-0.02,-0.76,-0.6,-67.81,115.97,-78.06
2026-07-27 13:09:49.975,-0.01,-0.73,-0.65,-46.69,62.81,-90.03
2026-07-27 13:09:49.975,-0.01,-0.73,-0.65,-46.69,62.81,-90.03
2026-07-27 13:09:49.975,-0.03,-0.67,-0.7,-19.78,28.38,-78.8
2026-07-27 13:09:49.976,-0.03,-0.67,-0.7,-19.78,28.38,-78.8
2026-07-27 13:09:49.976,-0.0,-0.68,-0.71,-0.61,23.68,-48.1
2026-07-27 13:09:49.976,-0.0,-0.68,-0.71,-0.61,23.68,-48.1
2026-07-27 13:09:49.976,0.08,-0.71,-0.68,15.81,30.88,-27.95
2026-07-27 13:09:49.977,0.2,-0.68,-0.65,31.01,33.94,-36.68
2026-07-27 13:09:49.977,0.2,-0.68,-0.65,31.01,33.94,-36.68
2026-07-27 13:09:49.977,0.25,-0.67,-0.62,33.08,24.29,-34.55
2026-07-27 13:09:49.978,0.25,-0.67,-0.62,33.08,24.29,-34.55
2026-07-27 13:09:49.978,0.19,-0.71,-0.62,28.87,1.77,-1.16
2026-07-27 13:09:49.978,0.19,-0.71,-0.62,28.87,1.77,-1.16
2026-07-27 13:09:49.978,0.12,-0.76,-0.61,24.35,-16.17,22.16
2026-07-27 13:09:49.981,0.12,-0.76,-0.61,17.15,-24.72,8.73
2026-07-27 13:09:49.982,0.15,-0.81,-0.58,17.15,-24.72,8.73
2026-07-27 13:09:49.982,0.19,-0.8,-0.57,12.15,-22.52,-21.06
2026-07-27 13:09:49.982,0.19,-0.8,-0.57,12.15,-22.52,-21.06
2026-07-27 13:09:49.983,0.18,-0.76,-0.58,13.79,-4.03,-31.98
2026-07-27 13:09:49.983,0.18,-0.76,-0.58,13.79,-4.03,-31.98
2026-07-27 13:09:49.983,0.16,-0.75,-0.58,19.29,16.48,-19.1
2026-07-27 13:09:49.983,0.16,-0.75,-0.58,19.29,16.48,-19.1
2026-07-27 13:09:49.983,0.15,-0.75,-0.56,17.76,24.29,-5.49
2026-07-27 13:09:49.984,0.15,-0.74,-0.56,4.76,19.35,-0.06
2026-07-27 13:09:49.984,0.15,-0.74,-0.56,4.76,19.35,-0.06
2026-07-27 13:09:49.984,0.14,-0.76,-0.57,-15.32,14.34,8.61
2026-07-27 13:09:49.984,0.14,-0.76,-0.57,-15.32,14.34,8.61
2026-07-27 13:09:49.984,0.17,-0.78,-0.57,-21.79,14.47,15.01
2026-07-27 13:09:49.984,0.17,-0.78,-0.57,-21.79,14.47,15.01
2026-07-27 13:09:49.985,0.31,-0.76,-0.56,-8.85,12.82,7.32
2026-07-27 13:09:49.985,0.37,-0.71,-0.54,4.76,0.67,7.75
2026-07-27 13:09:49.985,0.37,-0.71,-0.54,4.76,0.67,7.75
2026-07-27 13:09:49.985,0.25,-0.75,-0.54,15.93,-43.27,37.96
2026-07-27 13:09:49.986,0.25,-0.75,-0.54,15.93,-43.27,37.96
2026-07-27 13:09:49.987,0.05,-0.84,-0.59,25.39,-97.78,77.45
2026-07-27 13:09:49.987,0.05,-0.84,-0.59,25.39,-97.78,77.45
2026-07-27 13:09:49.988,-0.08,-0.9,-0.57,26.61,-82.58,89.66
2026-07-27 13:09:49.989,-0.07,-0.88,-0.54,26.61,-1.16,72.45
2026-07-27 13:09:49.989,-0.07,-0.88,-0.54,26.61,-1.16,72.45
2026-07-27 13:09:49.989,-0.05,-0.8,-0.55,25.57,67.87,41.2
2026-07-27 13:09:49.990,-0.05,-0.8,-0.55,25.57,67.87,41.2
2026-07-27 13:09:49.990,-0.02,-0.75,-0.56,12.94,81.05,7.69
2026-07-27 13:09:49.991,-0.02,-0.75,-0.56,12.94,81.05,7.69
2026-07-27 13:09:49.991,0.02,-0.77,-0.54,-4.82,49.93,-11.54
2026-07-27 13:09:50.007,0.04,-0.83,-0.51,-15.69,21.3,-11.11
2026-07-27 13:09:50.007,0.04,-0.83,-0.51,-15.69,21.3,-11.11
2026-07-27 13:09:50.007,0.02,-0.85,-0.51,-15.99,17.76,-2.87
2026-07-27 13:09:50.008,0.02,-0.85,-0.51,-15.99,17.76,-2.87
2026-07-27 13:09:50.008,-0.0,-0.8,-0.58,-22.77,26.12,-1.89
2026-07-27 13:09:50.008,-0.0,-0.8,-0.58,-22.77,26.12,-1.89
2026-07-27 13:09:50.008,0.02,-0.73,-0.65,-51.76,32.65,-0.55
2026-07-27 13:09:50.009,0.02,-0.73,-0.65,-51.76,32.65,-0.55
2026-07-27 13:09:50.010,0.05,-0.68,-0.7,-68.48,25.09,5.74
2026-07-27 13:09:50.010,0.03,-0.7,-0.67,-54.75,-2.01,-1.22
2026-07-27 13:09:50.010,0.03,-0.7,-0.67,-54.75,-2.01,-1.22
2026-07-27 13:09:50.011,0.01,-0.74,-0.61,-35.77,-23.38,-16.78
2026-07-27 13:09:50.011,0.01,-0.74,-0.61,-35.77,-23.38,-16.78
2026-07-27 13:09:50.011,0.01,-0.73,-0.59,-21.06,-25.82,-23.25
2026-07-27 13:09:50.011,0.01,-0.73,-0.59,-21.06,-25.82,-23.25
2026-07-27 13:09:50.011,-0.02,-0.73,-0.57,-10.62,-29.3,-24.66
2026-07-27 13:09:50.011,-0.04,-0.73,-0.58,-3.36,-47.49,-29.91
2026-07-27 13:09:50.012,-0.04,-0.73,-0.58,-3.36,-47.49,-29.91
2026-07-27 13:09:50.012,0.0,-0.77,-0.63,15.32,-71.78,-35.95
2026-07-27 13:09:50.012,0.0,-0.77,-0.63,15.32,-71.78,-35.95
2026-07-27 13:09:50.012,0.04,-0.81,-0.68,54.38,-85.02,-15.56
2026-07-27 13:09:50.012,0.04,-0.81,-0.68,54.38,-85.02,-15.56
2026-07-27 13:09:50.013,0.0,-0.74,-0.69,81.79,-76.48,28.63
2026-07-27 13:09:50.013,0.0,-0.74,-0.69,71.23,-55.24,48.28
2026-07-27 13:09:50.014,0.0,-0.66,-0.71,71.23,-55.24,48.28
2026-07-27 13:09:50.014,-0.04,-0.67,-0.71,34.06,-27.47,42.6
2026-07-27 13:09:50.015,-0.04,-0.67,-0.71,34.06,-27.47,42.6
2026-07-27 13:09:50.015,-0.22,-0.68,-0.63,-4.03,0.43,51.94
2026-07-27 13:09:50.015,-0.22,-0.68,-0.63,-4.03,0.43,51.94
2026-07-27 13:09:50.015,-0.29,-0.68,-0.52,-12.57,16.54,96.19
2026-07-27 13:09:50.015,-0.29,-0.68,-0.52,15.01,31.68,141.91
2026-07-27 13:09:50.015,-0.26,-0.68,-0.43,15.01,31.68,141.91
2026-07-27 13:09:50.016,-0.28,-0.73,-0.34,33.87,35.03,103.21
2026-07-27 13:09:50.016,-0.28,-0.73,-0.34,33.87,35.03,103.21
2026-07-27 13:09:50.020,-0.23,-0.96,-0.24,29.66,-12.08,-4.52
2026-07-27 13:09:50.020,-0.23,-0.96,-0.24,29.66,-12.08,-4.52
2026-07-27 13:09:50.021,-0.3,-1.07,-0.21,48.58,-54.93,-63.42
2026-07-27 13:09:50.021,-0.3,-1.07,-0.21,48.58,-54.93,-63.42
2026-07-27 13:09:50.021,-0.4,-0.9,-0.56,98.45,22.22,-30.15
2026-07-27 13:09:50.022,-0.34,-0.75,-0.88,100.77,88.44,27.28
2026-07-27 13:09:50.022,-0.34,-0.75,-0.88,100.77,88.44,27.28
2026-07-27 13:09:50.022,-0.28,-0.76,-0.7,48.71,46.87,40.47
2026-07-27 13:09:50.023,-0.28,-0.76,-0.7,48.71,46.87,40.47
2026-07-27 13:09:50.023,-0.28,-0.83,-0.4,20.32,26.49,26.37
2026-07-27 13:09:50.023,-0.28,-0.83,-0.4,20.32,26.49,26.37
2026-07-27 13:09:50.023,-0.29,-0.86,-0.23,17.52,43.46,12.82
2026-07-27 13:09:50.024,-0.3,-0.86,-0.22,13.92,48.77,5.31
2026-07-27 13:09:50.024,-0.3,-0.86,-0.22,13.92,48.77,5.31
2026-07-27 13:09:50.024,-0.36,-0.87,-0.22,6.1,35.4,4.33
2026-07-27 13:09:50.024,-0.36,-0.87,-0.22,6.1,35.4,4.33
2026-07-27 13:09:50.024,-0.39,-0.87,-0.19,-9.77,-1.89,-9.77
2026-07-27 13:09:50.024,-0.39,-0.87,-0.19,-9.77,-1.89,-9.77
2026-07-27 13:09:50.024,-0.28,-0.89,-0.28,-26.61,-87.16,-31.19
2026-07-27 13:09:50.025,-0.19,-0.9,-0.45,-27.1,-159.73,-43.64
2026-07-27 13:09:50.025,-0.19,-0.9,-0.45,-27.1,-159.73,-43.64
2026-07-27 13:09:50.025,-0.21,-0.85,-0.5,-18.98,-133.0,-53.71
2026-07-27 13:09:50.025,-0.21,-0.85,-0.5,-18.98,-133.0,-53.71
2026-07-27 13:09:50.025,-0.25,-0.83,-0.43,-17.52,-49.74,-58.35
2026-07-27 13:09:50.025,-0.25,-0.83,-0.43,-17.52,-49.74,-58.35
2026-07-27 13:09:50.026,-0.26,-0.84,-0.36,-18.98,-0.55,-51.21
2026-07-27 13:09:50.026,-0.24,-0.86,-0.35,-14.77,-1.89,-36.13
2026-07-27 13:09:50.026,-0.24,-0.86,-0.35,-14.77,-1.89,-36.13
2026-07-27 13:09:50.026,-0.2,-0.87,-0.36,-7.57,-14.77,-22.09
2026-07-27 13:09:50.026,-0.2,-0.87,-0.36,-7.57,-14.77,-22.09
2026-07-27 13:09:50.027,-0.18,-0.87,-0.37,-4.52,-13.18,-10.99
2026-07-27 13:09:50.027,-0.18,-0.87,-0.37,-4.52,-13.18,-10.99
2026-07-27 13:09:50.027,-0.18,-0.87,-0.36,-3.91,-3.36,-1.77
2026-07-27 13:09:50.027,-0.18,-0.87,-0.36,-3.91,-3.36,-1.77
2026-07-27 13:09:50.027,-0.19,-0.88,-0.36,-0.43,0.98,6.29
2026-07-27 13:09:50.027,-0.2,-0.88,-0.36,4.52,-0.85,10.25
2026-07-27 13:09:50.028,-0.2,-0.88,-0.36,4.52,-0.85,10.25
2026-07-27 13:09:50.028,-0.21,-0.88,-0.36,6.65,-3.97,8.97
2026-07-27 13:09:50.028,-0.21,-0.88,-0.36,6.65,-3.97,8.97
2026-07-27 13:09:50.028,-0.22,-0.87,-0.36,5.43,-7.02,6.9
2026-07-27 13:09:50.028,-0.22,-0.87,-0.36,5.43,-7.02,6.9
2026-07-27 13:09:50.028,-0.21,-0.87,-0.37,-0.12,-6.1,6.65
2026-07-27 13:09:50.028,-0.2,-0.86,-0.4,-9.77,5.13,10.8
2026-07-27 13:09:50.029,-0.2,-0.86,-0.4,-9.77,5.13,10.8
2026-07-27 13:09:50.029,-0.26,-0.84,-0.4,-9.64,26.92,28.69
2026-07-27 13:09:50.029,-0.26,-0.84,-0.4,-9.64,26.92,28.69
2026-07-27 13:09:50.029,-0.36,-0.83,-0.37,5.55,46.2,46.33
2026-07-27 13:09:50.029,-0.36,-0.83,-0.37,5.55,46.2,46.33
2026-07-27 13:09:50.029,-0.36,-0.85,-0.36,17.46,44.37,39.0
2026-07-27 13:09:50.030,-0.31,-0.88,-0.35,18.01,28.08,14.04
2026-07-27 13:09:50.030,-0.31,-0.88,-0.35,18.01,28.08,14.04
2026-07-27 13:09:50.030,-0.26,-0.89,-0.34,12.33,14.28,-11.72
2026-07-27 13:09:50.031,-0.26,-0.89,-0.34,12.33,14.28,-11.72
2026-07-27 13:09:50.031,-0.25,-0.87,-0.34,5.62,5.98,-28.44
2026-07-27 13:09:50.031,-0.25,-0.87,-0.34,5.62,5.98,-28.44
2026-07-27 13:09:50.032,-0.24,-0.85,-0.35,2.93,1.71,-31.13
2026-07-27 13:09:50.032,-0.24,-0.85,-0.35,2.93,1.71,-31.13
2026-07-27 13:09:50.032,-0.23,-0.85,-0.36,3.11,-0.12,-23.62
2026-07-27 13:09:50.032,-0.22,-0.86,-0.36,2.5,0.31,-14.95
2026-07-27 13:09:50.033,-0.22,-0.86,-0.36,2.5,0.31,-14.95
2026-07-27 13:09:50.033,-0.22,-0.89,-0.37,0.79,2.56,-9.52
2026-07-27 13:09:50.033,-0.22,-0.89,-0.37,0.79,2.56,-9.52
2026-07-27 13:09:50.033,-0.23,-0.9,-0.36,0.55,1.04,-2.56
2026-07-27 13:09:50.033,-0.23,-0.9,-0.36,0.55,1.04,-2.56
2026-07-27 13:09:50.033,-0.24,-0.86,-0.34,1.71,-6.9,11.78
2026-07-27 13:09:50.034,-0.24,-0.86,-0.34,1.71,-6.9,11.78
2026-07-27 13:09:50.034,-0.26,-0.8,-0.31,1.89,-9.22,26.0
2026-07-27 13:09:50.034,-0.31,-0.78,-0.3,-3.85,-3.48,26.79
2026-07-27 13:09:50.034,-0.31,-0.78,-0.3,-3.85,-3.48,26.79
2026-07-27 13:09:50.034,-0.34,-0.78,-0.33,-17.58,-7.51,24.66
2026-07-27 13:09:50.035,-0.34,-0.78,-0.33,-17.58,-7.51,24.66
2026-07-27 13:09:50.035,-0.32,-0.77,-0.4,-32.84,-24.11,30.33
2026-07-27 13:09:50.035,-0.32,-0.77,-0.4,-32.84,-24.11,30.33
2026-07-27 13:09:50.035,-0.29,-0.79,-0.45,-46.14,-32.96,18.68
2026-07-27 13:09:50.036,-0.28,-0.84,-0.44,-55.48,-19.96,-22.89
2026-07-27 13:09:50.036,-0.28,-0.84,-0.44,-55.48,-19.96,-22.89
2026-07-27 13:09:50.036,-0.27,-0.84,-0.43,-48.58,8.61,-68.12
2026-07-27 13:09:50.043,-0.27,-0.84,-0.43,-48.58,8.61,-68.12
2026-07-27 13:09:50.044,-0.2,-0.82,-0.47,-23.38,35.46,-94.18
2026-07-27 13:09:50.045,-0.2,-0.82,-0.47,-23.38,35.46,-94.18
2026-07-27 13:09:50.045,-0.09,-0.79,-0.49,-0.24,54.87,-103.39
2026-07-27 13:09:50.046,0.03,-0.81,-0.41,13.61,73.12,-108.03
2026-07-27 13:09:50.046,0.03,-0.81,-0.41,13.61,73.12,-108.03
2026-07-27 13:09:50.046,0.13,-0.85,-0.34,27.22,88.38,-117.37
2026-07-27 13:09:50.046,0.13,-0.85,-0.34,27.22,88.38,-117.37
2026-07-27 13:09:50.046,0.32,-0.86,-0.45,23.93,86.3,-140.93
2026-07-27 13:09:50.047,0.32,-0.86,-0.45,23.93,86.3,-140.93
2026-07-27 13:09:50.047,0.66,-0.83,-0.6,10.62,84.78,-174.93
2026-07-27 13:09:50.047,0.86,-0.78,-0.49,22.28,109.13,-194.15
2026-07-27 13:09:50.047,0.86,-0.78,-0.49,22.28,109.13,-194.15
2026-07-27 13:09:50.047,0.78,-0.75,-0.21,38.45,117.8,-175.48
2026-07-27 13:09:50.047,0.78,-0.75,-0.21,38.45,117.8,-175.48
2026-07-27 13:09:50.047,0.62,-0.69,-0.05,25.82,69.52,-110.78
2026-07-27 13:09:50.048,0.62,-0.69,-0.05,25.82,69.52,-110.78
2026-07-27 13:09:50.048,0.55,-0.62,-0.09,-3.72,-5.98,-24.9
2026-07-27 13:09:50.048,0.56,-0.6,-0.22,-22.71,-54.69,31.56
2026-07-27 13:09:50.048,0.56,-0.6,-0.22,-22.71,-54.69,31.56
2026-07-27 13:09:50.048,0.61,-0.62,-0.34,-19.71,-55.73,36.74
2026-07-27 13:09:50.048,0.61,-0.62,-0.34,-19.71,-55.73,36.74
2026-07-27 13:09:50.049,0.66,-0.65,-0.41,-5.86,-24.35,12.7
2026-07-27 13:09:50.049,0.66,-0.65,-0.41,-5.86,-24.35,12.7
2026-07-27 13:09:50.049,0.69,-0.68,-0.43,3.72,11.78,-10.62
2026-07-27 13:09:50.049,0.68,-0.7,-0.41,6.9,32.17,-18.68
2026-07-27 13:09:50.049,0.68,-0.7,-0.41,6.9,32.17,-18.68
2026-07-27 13:09:50.050,0.64,-0.7,-0.35,7.93,33.2,-13.43
2026-07-27 13:09:50.050,0.64,-0.7,-0.35,7.93,33.2,-13.43
2026-07-27 13:09:50.050,0.6,-0.68,-0.29,6.29,22.22,-4.33
2026-07-27 13:09:50.051,0.6,-0.68,-0.29,6.29,22.22,-4.33
2026-07-27 13:09:50.051,0.61,-0.66,-0.27,0.61,6.16,1.22
2026-07-27 13:09:50.051,0.61,-0.66,-0.27,0.61,6.16,1.22
2026-07-27 13:09:50.051,0.65,-0.65,-0.27,-5.07,-6.96,0.98
2026-07-27 13:09:50.052,0.68,-0.65,-0.28,-5.92,-10.38,-0.61
2026-07-27 13:09:50.052,0.68,-0.65,-0.28,-5.92,-10.38,-0.61
2026-07-27 13:09:50.053,0.68,-0.65,-0.28,-2.26,-5.13,-0.12
2026-07-27 13:09:50.054,0.68,-0.65,-0.28,-2.26,-5.13,-0.12
2026-07-27 13:09:50.054,0.66,-0.67,-0.28,1.53,1.53,1.71
2026-07-27 13:09:50.054,0.66,-0.67,-0.28,1.53,1.53,1.71
2026-07-27 13:09:50.054,0.64,-0.67,-0.29,2.38,4.46,3.23
2026-07-27 13:09:50.054,0.64,-0.67,-0.29,2.38,4.46,3.23
2026-07-27 13:09:50.055,0.64,-0.67,-0.31,1.4,3.85,4.94
2026-07-27 13:09:50.055,0.63,-0.67,-0.31,0.73,0.49,7.75
2026-07-27 13:09:50.055,0.63,-0.67,-0.31,0.73,0.49,7.75
2026-07-27 13:09:50.055,0.63,-0.67,-0.3,-0.49,-5.92,9.58
2026-07-27 13:09:50.055,0.63,-0.67,-0.3,-0.49,-5.92,9.58
2026-07-27 13:09:50.055,0.64,-0.67,-0.3,-3.85,-12.82,8.73
2026-07-27 13:09:50.055,0.64,-0.67,-0.3,-3.85,-12.82,8.73
2026-07-27 13:09:50.055,0.64,-0.68,-0.3,-7.32,-14.65,8.48
2026-07-27 13:09:50.056,0.64,-0.68,-0.3,-7.32,-14.65,8.48
2026-07-27 13:09:50.056,0.62,-0.68,-0.31,-8.06,-11.35,12.57
2026-07-27 13:09:50.056,0.59,-0.67,-0.3,-4.94,-6.9,19.78
2026-07-27 13:09:50.056,0.59,-0.67,-0.3,-4.94,-6.9,19.78
2026-07-27 13:09:50.056,0.57,-0.68,-0.29,1.53,-2.56,29.91
2026-07-27 13:09:50.056,0.57,-0.68,-0.29,1.53,-2.56,29.91
2026-07-27 13:09:50.056,0.62,-0.72,-0.29,5.13,-1.77,37.9
2026-07-27 13:09:50.056,0.62,-0.72,-0.29,1.59,-7.63,33.81
2026-07-27 13:09:50.057,0.68,-0.76,-0.29,1.59,-7.63,33.81
2026-07-27 13:09:50.057,0.68,-0.74,-0.33,-8.42,-22.64,23.38
2026-07-27 13:09:50.057,0.68,-0.74,-0.33,-8.42,-22.64,23.38
2026-07-27 13:09:50.057,0.58,-0.71,-0.44,-26.61,-51.27,30.27
2026-07-27 13:09:50.058,0.58,-0.71,-0.44,-26.61,-51.27,30.27
2026-07-27 13:09:50.058,0.43,-0.74,-0.56,-50.05,-89.17,67.08
2026-07-27 13:09:50.058,0.43,-0.74,-0.56,-50.05,-89.17,67.08
2026-07-27 13:09:50.058,0.26,-0.83,-0.62,-58.84,-110.05,115.23
2026-07-27 13:09:50.058,0.13,-0.94,-0.57,-38.94,-97.05,134.64
2026-07-27 13:09:50.058,0.13,-0.94,-0.57,-38.94,-97.05,134.64
2026-07-27 13:09:50.059,0.08,-0.97,-0.5,-5.25,-70.5,109.5
2026-07-27 13:09:50.059,0.08,-0.97,-0.5,-5.25,-70.5,109.5
2026-07-27 13:09:50.060,0.07,-0.89,-0.46,17.94,-56.27,67.81
2026-07-27 13:09:50.060,0.07,-0.89,-0.46,17.94,-56.27,67.81
2026-07-27 13:09:50.060,0.07,-0.8,-0.49,22.46,-60.3,37.11
2026-07-27 13:09:50.060,0.06,-0.76,-0.53,16.36,-72.51,17.58
2026-07-27 13:09:50.060,0.06,-0.76,-0.53,16.36,-72.51,17.58
2026-07-27 13:09:50.060,0.03,-0.75,-0.54,10.93,-77.27,-0.06
2026-07-27 13:09:50.062,0.03,-0.75,-0.54,10.93,-77.27,-0.06
2026-07-27 13:09:50.062,0.02,-0.78,-0.52,3.85,-70.19,-26.18
2026-07-27 13:09:50.062,0.02,-0.78,-0.52,3.85,-70.19,-26.18
2026-07-27 13:09:50.062,0.03,-0.79,-0.5,-5.86,-49.07,-53.83
2026-07-27 13:09:50.062,-0.03,-0.82,-0.47,-4.76,-4.33,-55.66
2026-07-27 13:09:50.063,-0.03,-0.82,-0.47,-4.76,-4.33,-55.66
2026-07-27 13:09:50.063,-0.15,-0.83,-0.47,15.99,52.73,-23.19
2026-07-27 13:09:50.063,-0.15,-0.83,-0.47,15.99,52.73,-23.19
2026-07-27 13:09:50.063,-0.13,-0.79,-0.48,44.01,89.66,11.11
2026-07-27 13:09:50.063,-0.13,-0.79,-0.48,44.01,89.66,11.11
2026-07-27 13:09:50.063,0.07,-0.74,-0.45,51.21,93.08,15.75
2026-07-27 13:09:50.063,0.24,-0.74,-0.36,31.37,61.52,7.39
2026-07-27 13:09:50.064,0.24,-0.74,-0.36,31.37,61.52,7.39
2026-07-27 13:09:50.064,0.18,-0.81,-0.29,6.35,2.81,10.19
2026-07-27 13:09:50.064,0.18,-0.81,-0.29,6.35,2.81,10.19
2026-07-27 13:09:50.064,-0.01,-0.94,-0.32,-1.4,-41.32,27.89
2026-07-27 13:09:50.064,-0.01,-0.94,-0.32,-1.4,-41.32,27.89
2026-07-27 13:09:50.064,-0.12,-0.99,-0.41,11.54,-51.15,51.82
2026-07-27 13:09:50.065,-0.12,-0.99,-0.41,11.54,-51.15,51.82
2026-07-27 13:09:50.065,-0.14,-0.92,-0.45,26.55,-49.56,57.19
2026-07-27 13:09:50.065,-0.12,-0.87,-0.41,25.82,-51.51,40.89
2026-07-27 13:09:50.065,-0.12,-0.87,-0.41,25.82,-51.51,40.89
2026-07-27 13:09:50.065,-0.12,-0.88,-0.36,15.75,-46.75,28.32
2026-07-27 13:09:50.065,-0.12,-0.88,-0.36,15.75,-46.75,28.32
2026-07-27 13:09:50.066,-0.13,-0.9,-0.34,11.96,-25.27,27.22
2026-07-27 13:09:50.066,-0.13,-0.9,-0.34,11.96,-25.27,27.22
2026-07-27 13:09:50.066,-0.15,-0.91,-0.33,17.33,4.09,29.24
2026-07-27 13:09:50.066,-0.17,-0.91,-0.31,22.71,24.9,27.71
2026-07-27 13:09:50.066,-0.17,-0.91,-0.31,22.71,24.9,27.71
2026-07-27 13:09:50.067,-0.16,-0.91,-0.29,19.41,31.19,21.73
2026-07-27 13:09:50.067,-0.16,-0.91,-0.29,19.41,31.19,21.73
2026-07-27 13:09:50.067,-0.16,-0.91,-0.28,9.4,28.56,14.89
2026-07-27 13:09:50.067,-0.16,-0.91,-0.28,9.4,28.56,14.89
2026-07-27 13:09:50.068,-0.18,-0.9,-0.29,-0.55,22.77,8.3
2026-07-27 13:09:50.068,-0.18,-0.9,-0.29,-0.55,22.77,8.3
2026-07-27 13:09:50.068,-0.19,-0.9,-0.31,-7.69,14.22,0.92
2026-07-27 13:09:50.069,-0.19,-0.9,-0.33,-11.35,2.08,-6.53
2026-07-27 13:09:50.069,-0.19,-0.9,-0.33,-11.35,2.08,-6.53
2026-07-27 13:09:50.069,-0.18,-0.89,-0.34,-11.47,-9.28,-10.99
2026-07-27 13:09:50.069,-0.18,-0.89,-0.34,-11.47,-9.28,-10.99
2026-07-27 13:09:50.069,-0.18,-0.88,-0.35,-9.58,-14.34,-12.08
2026-07-27 13:09:50.069,-0.18,-0.88,-0.35,-9.58,-14.34,-12.08
2026-07-27 13:09:50.070,-0.17,-0.88,-0.36,-8.67,-12.88,-10.74
2026-07-27 13:09:50.070,-0.17,-0.88,-0.36,-8.67,-12.88,-10.74
2026-07-27 13:09:50.070,-0.17,-0.89,-0.35,-9.22,-7.39,-6.84
2026-07-27 13:09:50.070,-0.18,-0.89,-0.35,-8.73,-1.95,-2.81
2026-07-27 13:09:50.070,-0.18,-0.89,-0.35,-8.73,-1.95,-2.81
2026-07-27 13:09:50.070,-0.18,-0.89,-0.36,-6.1,0.73,-2.14
2026-07-27 13:09:50.070,-0.18,-0.89,-0.36,-6.1,0.73,-2.14
2026-07-27 13:09:50.070,-0.18,-0.88,-0.37,-2.81,1.95,-3.23
2026-07-27 13:09:50.070,-0.18,-0.88,-0.37,-2.81,1.95,-3.23
2026-07-27 13:09:50.070,-0.17,-0.88,-0.36,0.31,4.39,-2.56
2026-07-27 13:09:50.071,-0.17,-0.88,-0.36,0.31,4.39,-2.56
2026-07-27 13:09:50.071,-0.16,-0.89,-0.35,2.08,6.71,-2.01
2026-07-27 13:09:50.071,-0.16,-0.89,-0.35,1.77,6.59,-3.17
2026-07-27 13:09:50.071,-0.16,-0.89,-0.35,1.77,6.59,-3.17
2026-07-27 13:09:50.071,-0.16,-0.89,-0.35,0.73,4.52,-4.52
2026-07-27 13:09:50.071,-0.16,-0.89,-0.35,0.73,4.52,-4.52
2026-07-27 13:09:50.072,-0.15,-0.89,-0.35,0.37,2.44,-4.88
2026-07-27 13:09:50.072,-0.15,-0.89,-0.35,0.37,2.44,-4.88
2026-07-27 13:09:50.072,-0.15,-0.89,-0.36,0.61,1.83,-4.52
2026-07-27 13:09:50.072,-0.15,-0.89,-0.36,0.61,1.83,-4.52
2026-07-27 13:09:50.072,-0.15,-0.89,-0.36,0.92,2.87,-3.97
2026-07-27 13:09:50.072,-0.15,-0.89,-0.36,1.22,4.7,-3.3
2026-07-27 13:09:50.073,-0.15,-0.89,-0.36,1.22,4.7,-3.3
2026-07-27 13:09:50.073,-0.15,-0.88,-0.36,1.53,5.37,-2.38
2026-07-27 13:09:50.073,-0.15,-0.88,-0.36,1.53,5.37,-2.38
2026-07-27 13:09:50.073,-0.15,-0.88,-0.36,1.89,4.27,-0.43
2026-07-27 13:09:50.073,-0.15,-0.88,-0.36,1.89,4.27,-0.43
2026-07-27 13:09:50.073,-0.15,-0.88,-0.36,2.81,4.27,3.3
2026-07-27 13:09:50.073,-0.15,-0.88,-0.36,4.09,6.84,5.92
2026-07-27 13:09:50.073,-0.15,-0.89,-0.36,4.09,6.84,5.92
2026-07-27 13:09:50.073,-0.14,-0.9,-0.34,5.74,10.8,5.0
2026-07-27 13:09:50.074,-0.14,-0.9,-0.34,5.74,10.8,5.0
2026-07-27 13:09:50.074,-0.13,-0.9,-0.32,9.83,18.31,3.05
2026-07-27 13:09:50.074,-0.13,-0.9,-0.32,9.83,18.31,3.05
2026-07-27 13:09:50.074,-0.15,-0.87,-0.33,12.88,31.25,1.89
2026-07-27 13:09:50.074,-0.15,-0.87,-0.33,12.88,31.25,1.89
2026-07-27 13:09:50.074,-0.19,-0.83,-0.35,8.18,40.53,0.85
2026-07-27 13:09:50.074,-0.19,-0.83,-0.35,-2.93,34.18,-1.4
2026-07-27 13:09:50.074,-0.19,-0.79,-0.35,-2.93,34.18,-1.4
2026-07-27 13:09:50.074,-0.16,-0.76,-0.33,-13.92,15.01,-5.0
2026-07-27 13:09:50.074,-0.16,-0.76,-0.33,-13.92,15.01,-5.0
2026-07-27 13:09:50.075,-0.17,-0.76,-0.3,-19.04,-3.23,-8.73
2026-07-27 13:09:50.075,-0.17,-0.76,-0.3,-19.04,-3.23,-8.73
2026-07-27 13:09:50.075,-0.19,-0.81,-0.32,-19.47,-13.0,-10.25
2026-07-27 13:09:50.075,-0.19,-0.81,-0.32,-19.47,-13.0,-10.25
2026-07-27 13:09:50.075,-0.17,-0.89,-0.34,-14.28,-29.48,10.62
2026-07-27 13:09:50.075,-0.18,-0.99,-0.36,-6.59,-66.53,85.14
2026-07-27 13:09:50.075,-0.18,-0.99,-0.36,-6.59,-66.53,85.14
2026-07-27 13:09:50.075,-0.26,-1.15,-0.4,41.32,-104.37,183.72
2026-07-27 13:09:50.089,-0.26,-1.15,-0.4,41.32,-104.37,183.72
2026-07-27 13:09:50.089,-0.3,-1.17,-0.12,142.03,-79.77,177.49
2026-07-27 13:09:50.089,-0.3,-1.17,-0.12,142.03,-79.77,177.49
2026-07-27 13:09:50.089,-0.42,-1.14,-0.04,130.07,-6.35,61.95
2026-07-27 13:09:50.090,-0.48,-1.05,-0.39,22.64,10.99,-37.54
2026-07-27 13:09:50.090,-0.48,-1.05,-0.39,22.64,10.99,-37.54
2026-07-27 13:09:50.090,-0.35,-0.83,-0.36,17.82,-4.09,-73.55
2026-07-27 13:09:50.090,-0.35,-0.83,-0.36,17.82,-4.09,-73.55
2026-07-27 13:09:50.090,-0.29,-0.75,-0.09,58.23,4.21,-59.39
2026-07-27 13:09:50.091,-0.29,-0.75,-0.09,58.23,4.21,-59.39
2026-07-27 13:09:50.091,-0.32,-0.74,0.05,33.51,12.7,-35.03
2026-07-27 13:09:50.091,-0.32,-0.74,0.05,33.51,12.7,-35.03
2026-07-27 13:09:50.091,-0.32,-0.76,-0.0,-28.5,15.5,-28.69
2026-07-27 13:09:50.091,-0.27,-0.78,-0.15,-72.69,14.95,-35.52
2026-07-27 13:09:50.091,-0.27,-0.78,-0.15,-72.69,14.95,-35.52
2026-07-27 13:09:50.091,-0.21,-0.82,-0.29,-65.92,9.95,-37.54
2026-07-27 13:09:50.096,-0.21,-0.82,-0.29,-65.92,9.95,-37.54
2026-07-27 13:09:50.096,-0.18,-0.85,-0.29,-14.53,2.14,-25.51
2026-07-27 13:09:50.097,-0.18,-0.85,-0.29,-14.53,2.14,-25.51
2026-07-27 13:09:50.097,-0.21,-0.85,-0.18,38.94,-4.09,-5.07
2026-07-27 13:09:50.097,-0.27,-0.87,-0.07,56.58,-6.59,12.51
2026-07-27 13:09:50.097,-0.27,-0.87,-0.07,56.58,-6.59,12.51
2026-07-27 13:09:50.097,-0.3,-0.9,-0.04,35.34,-6.29,20.26
2026-07-27 13:09:50.097,-0.3,-0.9,-0.04,35.34,-6.29,20.26
2026-07-27 13:09:50.097,-0.29,-0.9,-0.09,1.4,-4.09,19.1
2026-07-27 13:09:50.098,-0.29,-0.9,-0.09,1.4,-4.09,19.1
2026-07-27 13:09:50.098,-0.27,-0.89,-0.14,-16.42,-1.83,14.89
2026-07-27 13:09:50.098,-0.27,-0.89,-0.14,-12.94,-1.4,14.28
2026-07-27 13:09:50.098,-0.28,-0.88,-0.15,-12.94,-1.4,14.28
2026-07-27 13:09:50.098,-0.3,-0.87,-0.13,-0.92,-1.77,19.1
2026-07-27 13:09:50.098,-0.3,-0.87,-0.13,-0.92,-1.77,19.1
2026-07-27 13:09:50.098,-0.34,-0.85,-0.11,6.1,-1.65,25.82
2026-07-27 13:09:50.098,-0.34,-0.85,-0.11,6.1,-1.65,25.82
2026-07-27 13:09:50.098,-0.37,-0.85,-0.1,1.77,-1.59,31.43
2026-07-27 13:09:50.099,-0.37,-0.85,-0.1,1.77,-1.59,31.43
2026-07-27 13:09:50.099,-0.39,-0.86,-0.1,-8.0,-2.08,35.22
2026-07-27 13:09:50.099,-0.39,-0.86,-0.1,-8.0,-2.08,35.22
2026-07-27 13:09:50.099,-0.4,-0.85,-0.11,-13.67,-2.99,37.66
2026-07-27 13:09:50.099,-0.41,-0.83,-0.13,-12.39,-4.33,39.61
2026-07-27 13:09:50.099,-0.41,-0.83,-0.13,-12.39,-4.33,39.61
2026-07-27 13:09:50.099,-0.4,-0.81,-0.14,-9.34,-4.94,38.82
2026-07-27 13:09:50.100,-0.4,-0.81,-0.14,-9.34,-4.94,38.82
2026-07-27 13:09:50.100,-0.42,-1.01,-0.16,-6.59,-5.13,35.34
2026-07-27 13:09:50.100,-0.42,-1.01,-0.16,-6.59,-5.13,35.34
2026-07-27 13:09:50.100,-0.51,-1.18,-0.16,-8.54,-4.58,28.38
2026-07-27 13:09:50.100,-0.51,-1.18,-0.16,-8.54,-4.58,28.38
2026-07-27 13:09:50.100,-0.61,-1.04,-0.21,-25.21,-5.55,32.71
2026-07-27 13:09:50.101,-0.69,-0.83,-0.29,-36.38,-14.77,58.41
2026-07-27 13:09:50.101,-0.69,-0.83,-0.29,-36.38,-14.77,58.41
2026-07-27 13:09:50.101,-0.77,-0.68,-0.23,-13.49,-32.35,84.84
2026-07-27 13:09:50.101,-0.77,-0.68,-0.23,-13.49,-32.35,84.84
2026-07-27 13:09:50.101,-0.81,-0.61,-0.04,29.85,-57.8,99.85
2026-07-27 13:09:50.101,-0.81,-0.61,-0.04,29.85,-57.8,99.85
2026-07-27 13:09:50.101,-0.82,-0.55,0.12,61.34,-83.68,107.3
2026-07-27 13:09:50.102,-0.8,-0.47,0.19,84.17,-106.38,101.56
2026-07-27 13:09:50.102,-0.8,-0.47,0.19,84.17,-106.38,101.56
2026-07-27 13:09:50.102,-0.76,-0.38,0.2,102.6,-128.78,78.98
2026-07-27 13:09:50.102,-0.76,-0.38,0.2,102.6,-128.78,78.98
2026-07-27 13:09:50.102,-0.74,-0.35,0.21,76.29,-116.7,59.39
2026-07-27 13:09:50.102,-0.74,-0.35,0.21,4.15,-69.46,55.05
2026-07-27 13:09:50.102,-0.74,-0.39,0.21,4.15,-69.46,55.05
2026-07-27 13:09:50.103,-0.74,-0.45,0.23,-52.49,-42.18,54.75
2026-07-27 13:09:50.103,-0.74,-0.45,0.23,-52.49,-42.18,54.75
2026-07-27 13:09:50.103,-0.76,-0.46,0.28,-61.89,-46.26,46.2
2026-07-27 13:09:50.103,-0.76,-0.46,0.28,-61.89,-46.26,46.2
2026-07-27 13:09:50.103,-0.8,-0.44,0.32,-47.42,-57.25,35.71
2026-07-27 13:09:50.103,-0.81,-0.4,0.3,-38.57,-53.71,33.33
2026-07-27 13:09:50.104,-0.81,-0.4,0.3,-38.57,-53.71,33.33
2026-07-27 13:09:50.104,-0.81,-0.36,0.27,-44.37,-33.08,36.13
2026-07-27 13:09:50.104,-0.81,-0.36,0.27,-44.37,-33.08,36.13
2026-07-27 13:09:50.104,-0.83,-0.35,0.26,-53.47,-9.95,37.11
2026-07-27 13:09:50.104,-0.83,-0.35,0.26,-53.47,-9.95,37.11
2026-07-27 13:09:50.124,-0.87,-0.36,0.28,-39.79,7.87,27.22
2026-07-27 13:09:50.125,-0.88,-0.36,0.32,-0.31,18.68,13.49
2026-07-27 13:09:50.125,-0.88,-0.36,0.32,-0.31,18.68,13.49
2026-07-27 13:09:50.126,-0.89,-0.34,0.35,28.02,20.32,6.53
2026-07-27 13:09:50.126,-0.89,-0.34,0.35,28.02,20.32,6.53
2026-07-27 13:09:50.127,-0.89,-0.33,0.35,29.36,13.18,3.78
2026-07-27 13:09:50.127,-0.89,-0.33,0.35,29.36,13.18,3.78
2026-07-27 13:09:50.127,-0.89,-0.32,0.34,21.85,1.04,4.58
2026-07-27 13:09:50.127,-0.88,-0.32,0.34,20.26,-10.13,3.48
2026-07-27 13:09:50.128,-0.88,-0.32,0.34,20.26,-10.13,3.48
2026-07-27 13:09:50.128,-0.86,-0.29,0.34,28.38,-15.14,-5.25
2026-07-27 13:09:50.128,-0.86,-0.29,0.34,28.38,-15.14,-5.25
2026-07-27 13:09:50.128,-0.84,-0.25,0.36,39.92,-14.28,-12.7
2026-07-27 13:09:50.128,-0.84,-0.25,0.36,39.92,-14.28,-12.7
2026-07-27 13:09:50.128,-0.84,-0.22,0.37,53.1,-11.35,-4.03
2026-07-27 13:09:50.129,-0.84,-0.22,0.37,53.1,-11.35,-4.03
2026-07-27 13:09:50.129,-0.86,-0.21,0.4,69.09,-10.31,18.37
2026-07-27 13:09:50.129,-0.85,-0.21,0.42,78.12,-10.74,36.87
2026-07-27 13:09:50.129,-0.85,-0.21,0.42,78.12,-10.74,36.87
2026-07-27 13:09:50.129,-0.85,-0.19,0.41,64.09,-6.41,34.91
2026-07-27 13:09:50.130,-0.85,-0.19,0.41,64.09,-6.41,34.91
2026-07-27 13:09:50.130,-0.86,-0.18,0.39,27.71,4.82,12.88
2026-07-27 13:09:50.130,-0.86,-0.18,0.39,27.71,4.82,12.88
2026-07-27 13:09:50.130,-0.87,-0.18,0.36,-5.68,12.94,-7.08
2026-07-27 13:09:50.130,-0.9,-0.2,0.34,-22.34,8.42,-5.74
2026-07-27 13:09:50.130,-0.9,-0.2,0.34,-22.34,8.42,-5.74
2026-07-27 13:09:50.130,-0.93,-0.25,0.31,-34.61,-2.81,12.7
2026-07-27 13:09:50.131,-0.93,-0.25,0.31,-34.61,-2.81,12.7
2026-07-27 13:09:50.131,-0.95,-0.28,0.3,-49.13,-10.56,29.6
2026-07-27 13:09:50.131,-0.95,-0.28,0.3,-49.13,-10.56,29.6
2026-07-27 13:09:50.131,-0.94,-0.28,0.29,-55.79,-12.51,32.53
2026-07-27 13:09:50.131,-0.94,-0.28,0.29,-46.94,-10.07,19.78
2026-07-27 13:09:50.132,-0.91,-0.25,0.3,-46.94,-10.07,19.78
2026-07-27 13:09:50.132,-0.88,-0.2,0.31,-24.9,-3.42,-7.75
2026-07-27 13:09:50.132,-0.88,-0.2,0.31,-24.9,-3.42,-7.75
2026-07-27 13:09:50.132,-0.88,-0.19,0.35,-0.79,7.69,-40.83
2026-07-27 13:09:50.132,-0.88,-0.19,0.35,-0.79,7.69,-40.83
2026-07-27 13:09:50.132,-0.9,-0.2,0.38,17.94,18.55,-65.49
2026-07-27 13:09:50.133,-0.9,-0.2,0.38,17.94,18.55,-65.49
2026-07-27 13:09:50.133,-0.89,-0.21,0.38,34.24,22.58,-70.01
2026-07-27 13:09:50.133,-0.86,-0.24,0.38,49.99,15.44,-55.54
2026-07-27 13:09:50.133,-0.86,-0.24,0.38,49.99,15.44,-55.54
2026-07-27 13:09:50.134,-0.82,-0.26,0.38,73.43,4.52,-41.38
2026-07-27 13:09:50.134,-0.82,-0.26,0.38,73.43,4.52,-41.38
2026-07-27 13:09:50.134,-0.81,-0.24,0.4,102.29,-3.3,-40.71
2026-07-27 13:09:50.134,-0.81,-0.24,0.4,102.29,-3.3,-40.71
2026-07-27 13:09:50.134,-0.8,-0.19,0.49,118.04,-17.15,-44.56
2026-07-27 13:09:50.134,-0.79,-0.15,0.59,147.34,-49.13,-42.24
2026-07-27 13:09:50.134,-0.79,-0.15,0.59,147.34,-49.13,-42.24
2026-07-27 13:09:50.135,-0.78,-0.02,0.6,234.37,-110.41,-19.59
2026-07-27 13:09:50.135,-0.78,-0.02,0.6,234.37,-110.41,-19.59
2026-07-27 13:09:50.135,-0.56,0.12,0.75,294.8,-191.35,39.12
2026-07-27 13:09:50.135,-0.56,0.12,0.75,294.8,-191.35,39.12
2026-07-27 13:09:50.135,-0.27,0.18,0.96,239.14,-185.24,60.67
2026-07-27 13:09:50.135,-0.27,0.21,1.0,120.42,-76.35,23.68
2026-07-27 13:09:50.136,-0.27,0.21,1.0,120.42,-76.35,23.68
2026-07-27 13:09:50.136,-0.4,0.2,0.93,20.87,6.96,10.74
2026-07-27 13:09:50.136,-0.4,0.2,0.93,20.87,6.96,10.74
2026-07-27 13:09:50.136,-0.48,0.2,0.83,-21.85,26.67,29.79
2026-07-27 13:09:50.136,-0.48,0.2,0.83,-21.85,26.67,29.79
2026-07-27 13:09:50.137,-0.51,0.24,0.77,-18.31,26.67,44.49
2026-07-27 13:09:50.137,-0.55,0.31,0.78,-6.29,34.24,48.03
2026-07-27 13:09:50.137,-0.55,0.31,0.78,-6.29,34.24,48.03
2026-07-27 13:09:50.137,-0.55,0.31,0.82,-19.78,30.58,60.06
2026-07-27 13:09:50.138,-0.55,0.31,0.82,-19.78,30.58,60.06
2026-07-27 13:09:50.138,-0.55,0.21,0.86,-53.83,11.54,71.41
2026-07-27 13:09:50.138,-0.55,0.21,0.86,-53.83,11.54,71.41
2026-07-27 13:09:50.138,-0.56,0.08,0.87,-92.29,1.1,62.32
2026-07-27 13:09:50.138,-0.54,-0.09,0.89,-144.04,6.59,44.07
2026-07-27 13:09:50.139,-0.54,-0.09,0.89,-144.04,6.59,44.07
2026-07-27 13:09:50.139,-0.48,-0.26,0.89,-220.03,18.01,30.27
2026-07-27 13:09:50.139,-0.48,-0.26,0.89,-220.03,18.01,30.27
2026-07-27 13:09:50.139,-0.48,-0.32,0.78,-243.1,26.92,16.48
2026-07-27 13:09:50.140,-0.48,-0.32,0.78,-243.1,26.92,16.48
2026-07-27 13:09:50.140,-0.51,-0.37,0.71,-163.88,39.55,-13.18
2026-07-27 13:09:50.140,-0.58,-0.44,0.74,-60.67,61.77,-62.93
2026-07-27 13:09:50.141,-0.58,-0.44,0.74,-60.67,61.77,-62.93
2026-07-27 13:09:50.142,-0.7,-0.49,0.71,10.31,84.84,-117.31
2026-07-27 13:09:50.142,-0.7,-0.49,0.71,10.31,84.84,-117.31
2026-07-27 13:09:50.142,-0.75,-0.54,0.62,44.92,99.3,-161.62
2026-07-27 13:09:50.143,-0.67,-0.59,0.52,51.51,102.66,-178.59
2026-07-27 13:09:50.143,-0.67,-0.59,0.52,51.51,102.66,-178.59
2026-07-27 13:09:50.143,-0.59,-0.64,0.47,46.2,101.5,-147.22
2026-07-27 13:09:50.143,-0.59,-0.64,0.47,46.2,101.5,-147.22
2026-07-27 13:09:50.143,-0.61,-0.63,0.53,41.5,86.61,-93.26
2026-07-27 13:09:50.143,-0.61,-0.63,0.53,41.5,86.61,-93.26
2026-07-27 13:09:50.144,-0.69,-0.53,0.65,30.76,47.55,-67.69
2026-07-27 13:09:50.144,-0.76,-0.37,0.74,26.79,9.77,-74.71
2026-07-27 13:09:50.144,-0.76,-0.37,0.74,26.79,9.77,-74.71
2026-07-27 13:09:50.144,-0.8,-0.23,0.67,39.55,-6.29,-85.39
2026-07-27 13:09:50.144,-0.8,-0.23,0.67,39.55,-6.29,-85.39
2026-07-27 13:09:50.144,-0.76,-0.11,0.54,26.31,-14.71,-88.5
2026-07-27 13:09:50.145,-0.76,-0.11,0.54,26.31,-14.71,-88.5
2026-07-27 13:09:50.145,-0.56,-0.19,0.49,-34.24,-31.07,-87.28
2026-07-27 13:09:50.145,-0.31,-0.45,0.47,-86.61,-34.55,-72.39
2026-07-27 13:09:50.146,-0.31,-0.45,0.47,-86.61,-34.55,-72.39
2026-07-27 13:09:50.146,-0.26,-0.64,0.43,-80.75,-11.72,-47.85
2026-07-27 13:09:50.146,-0.26,-0.64,0.43,-80.75,-11.72,-47.85
2026-07-27 13:09:50.146,-0.31,-0.7,0.42,-40.95,15.08,-30.88
2026-07-27 13:09:50.146,-0.31,-0.7,0.42,-40.95,15.08,-30.88
2026-07-27 13:09:50.147,-0.29,-0.75,0.49,-10.01,31.8,-20.57
2026-07-27 13:09:50.147,-0.27,-0.87,0.58,8.97,43.76,-8.79
2026-07-27 13:09:50.147,-0.27,-0.87,0.58,8.97,43.76,-8.79
2026-07-27 13:09:50.148,-0.29,-0.97,0.64,33.75,54.32,11.96
2026-07-27 13:09:50.148,-0.29,-0.97,0.64,33.75,54.32,11.96
2026-07-27 13:09:50.148,-0.4,-0.93,0.6,59.33,57.25,32.59
2026-07-27 13:09:50.148,-0.4,-0.93,0.6,59.33,57.25,32.59
2026-07-27 13:09:50.149,-0.56,-0.79,0.51,65.31,50.42,30.27
2026-07-27 13:09:50.149,-0.67,-0.63,0.43,65.43,45.84,19.1
2026-07-27 13:09:50.149,-0.67,-0.63,0.43,65.43,45.84,19.1
2026-07-27 13:09:50.150,-0.71,-0.5,0.44,75.62,37.84,16.85
2026-07-27 13:09:50.150,-0.71,-0.5,0.44,75.62,37.84,16.85
2026-07-27 13:09:50.150,-0.74,-0.39,0.57,77.15,15.44,25.33
2026-07-27 13:09:50.150,-0.74,-0.39,0.57,77.15,15.44,25.33
2026-07-27 13:09:50.150,-0.7,-0.3,0.69,66.71,-13.79,46.2
2026-07-27 13:09:50.151,-0.56,-0.28,0.73,56.76,-37.41,72.94
2026-07-27 13:09:50.151,-0.56,-0.28,0.73,56.76,-37.41,72.94
2026-07-27 13:09:50.151,-0.52,-0.32,0.7,45.84,-41.26,97.72
2026-07-27 13:09:50.151,-0.52,-0.32,0.7,45.84,-41.26,97.72
2026-07-27 13:09:50.151,-0.55,-0.34,0.68,42.05,-26.18,107.06
2026-07-27 13:09:50.152,-0.55,-0.34,0.68,42.05,-26.18,107.06
2026-07-27 13:09:50.152,-0.57,-0.27,0.74,45.29,3.05,91.19
2026-07-27 13:09:50.152,-0.57,-0.27,0.74,34.12,37.05,66.59
2026-07-27 13:09:50.153,-0.6,-0.13,0.78,34.12,37.05,66.59
2026-07-27 13:09:50.153,-0.64,-0.04,0.72,7.81,53.71,57.62
2026-07-27 13:09:50.153,-0.64,-0.04,0.72,7.81,53.71,57.62
2026-07-27 13:09:50.153,-0.68,-0.03,0.63,-9.95,43.15,62.01
2026-07-27 13:09:50.154,-0.68,-0.03,0.63,-9.95,43.15,62.01
2026-07-27 13:09:50.154,-0.65,-0.07,0.6,-13.79,19.53,63.72
2026-07-27 13:09:50.154,-0.65,-0.07,0.6,-13.79,19.53,63.72
2026-07-27 13:09:50.154,-0.63,-0.1,0.61,-15.38,8.3,50.78
2026-07-27 13:09:50.155,-0.66,-0.13,0.66,-9.77,19.23,23.74
2026-07-27 13:09:50.155,-0.66,-0.13,0.66,-9.77,19.23,23.74
2026-07-27 13:09:50.155,-0.71,-0.2,0.72,7.93,40.04,-6.1
2026-07-27 13:09:50.155,-0.71,-0.2,0.72,7.93,40.04,-6.1
2026-07-27 13:09:50.155,-0.74,-0.3,0.79,28.44,54.69,-36.44
2026-07-27 13:09:50.156,-0.74,-0.3,0.79,28.44,54.69,-36.44
2026-07-27 13:09:50.156,-0.81,-0.39,0.86,43.4,55.24,-74.77
2026-07-27 13:09:50.156,-0.85,-0.44,0.84,51.09,35.28,-117.61
2026-07-27 13:09:50.156,-0.85,-0.44,0.84,51.09,35.28,-117.61
2026-07-27 13:09:50.156,-0.79,-0.46,0.7,42.48,-10.01,-145.63
2026-07-27 13:09:50.157,-0.79,-0.46,0.7,42.48,-10.01,-145.63
2026-07-27 13:09:50.157,-0.71,-0.42,0.56,12.45,-63.23,-142.33
2026-07-27 13:09:50.157,-0.71,-0.42,0.56,12.45,-63.23,-142.33
2026-07-27 13:09:50.157,-0.69,-0.29,0.57,-13.31,-96.68,-113.95
2026-07-27 13:09:50.157,-0.69,-0.17,0.68,-10.44,-94.18,-76.48
2026-07-27 13:09:50.157,-0.69,-0.17,0.68,-10.44,-94.18,-76.48
2026-07-27 13:09:50.158,-0.66,-0.16,0.71,4.21,-66.59,-47.12
2026-07-27 13:09:50.158,-0.66,-0.16,0.71,4.21,-66.59,-47.12
2026-07-27 13:09:50.158,-0.59,-0.27,0.62,1.95,-52.43,-30.15
2026-07-27 13:09:50.158,-0.59,-0.27,0.62,1.95,-52.43,-30.15
2026-07-27 13:09:50.159,-0.51,-0.39,0.52,-10.86,-59.75,-11.9
2026-07-27 13:09:50.159,-0.51,-0.39,0.52,-13.92,-62.81,7.87
2026-07-27 13:09:50.159,-0.49,-0.44,0.48,-13.92,-62.81,7.87
2026-07-27 13:09:50.159,-0.5,-0.42,0.54,-6.35,-51.45,20.14
2026-07-27 13:09:50.160,-0.5,-0.42,0.54,-6.35,-51.45,20.14
2026-07-27 13:09:50.160,-0.42,-0.38,0.66,3.11,-32.65,23.99
2026-07-27 13:09:50.160,-0.42,-0.38,0.66,3.11,-32.65,23.99
2026-07-27 13:09:50.160,-0.31,-0.38,0.79,6.16,-17.4,17.94
2026-07-27 13:09:50.161,-0.31,-0.38,0.79,6.16,-17.4,17.94
2026-07-27 13:09:50.171,-0.25,-0.45,0.84,-2.93,-14.28,0.98
2026-07-27 13:09:50.171,-0.18,-0.57,0.8,-28.38,-26.18,-27.1
2026-07-27 13:09:50.172,-0.18,-0.57,0.8,-28.38,-26.18,-27.1
2026-07-27 13:09:50.172,-0.13,-0.66,0.72,-74.95,-51.15,-68.05
2026-07-27 13:09:50.172,-0.13,-0.66,0.72,-74.95,-51.15,-68.05
2026-07-27 13:09:50.172,-0.1,-0.69,0.64,-105.29,-71.47,-99.61
2026-07-27 13:09:50.173,-0.1,-0.69,0.64,-105.29,-71.47,-99.61
2026-07-27 13:09:50.173,-0.07,-0.72,0.67,-91.13,-73.61,-97.78
2026-07-27 13:09:50.173,-0.05,-0.74,0.72,-70.13,-55.18,-96.98
2026-07-27 13:09:50.174,-0.05,-0.74,0.72,-70.13,-55.18,-96.98
2026-07-27 13:09:50.174,-0.14,-0.7,0.58,-80.14,-10.13,-143.19
2026-07-27 13:09:50.174,-0.14,-0.7,0.58,-80.14,-10.13,-143.19
2026-07-27 13:09:50.175,-0.28,-0.78,0.41,-137.21,31.92,-202.09
2026-07-27 13:09:50.175,-0.25,-0.91,0.4,-188.72,24.9,-174.68
2026-07-27 13:09:50.175,-0.25,-0.91,0.4,-188.72,24.9,-174.68
2026-07-27 13:09:50.176,-0.08,-0.93,0.47,-154.54,-13.79,-47.36
2026-07-27 13:09:50.176,-0.08,-0.93,0.47,-154.54,-13.79,-47.36
2026-07-27 13:09:50.176,0.04,-0.99,0.47,-78.55,-29.24,58.23
2026-07-27 13:09:50.176,0.04,-0.99,0.47,-78.55,-29.24,58.23
2026-07-27 13:09:50.176,0.04,-1.08,0.39,-39.73,-16.54,76.23
2026-07-27 13:09:50.177,0.07,-1.06,0.27,-26.55,-7.45,59.45
2026-07-27 13:09:50.177,0.07,-1.06,0.27,-26.55,-7.45,59.45
2026-07-27 13:09:50.177,0.09,-1.0,0.21,-10.99,-8.06,48.77
2026-07-27 13:09:50.178,0.09,-1.0,0.21,-10.99,-8.06,48.77
2026-07-27 13:09:50.178,0.05,-0.94,0.21,11.23,4.39,37.05
2026-07-27 13:09:50.178,0.05,-0.94,0.21,11.23,4.39,37.05
2026-07-27 13:09:50.178,0.01,-0.88,0.23,34.48,37.17,19.84
2026-07-27 13:09:50.179,0.01,-0.88,0.23,34.48,37.17,19.84
2026-07-27 13:09:50.179,-0.02,-0.86,0.25,53.34,75.93,10.56
2026-07-27 13:09:50.179,-0.04,-0.87,0.32,67.38,108.83,12.63
2026-07-27 13:09:50.179,-0.04,-0.87,0.32,67.38,108.83,12.63
2026-07-27 13:09:50.179,-0.06,-0.88,0.42,76.78,129.64,10.99
2026-07-27 13:09:50.179,-0.06,-0.88,0.42,76.78,129.64,10.99
2026-07-27 13:09:50.179,-0.1,-0.88,0.54,89.78,138.0,-5.55
2026-07-27 13:09:50.180,-0.1,-0.88,0.54,89.78,138.0,-5.55
2026-07-27 13:09:50.180,-0.11,-0.87,0.7,104.49,131.16,-28.38
2026-07-27 13:09:50.180,0.01,-0.78,0.82,111.39,107.54,-37.35
2026-07-27 13:09:50.180,0.01,-0.78,0.82,111.39,107.54,-37.35
2026-07-27 13:09:50.180,0.15,-0.69,0.86,92.41,72.75,-33.75
2026-07-27 13:09:50.181,0.15,-0.69,0.86,92.41,72.75,-33.75
2026-07-27 13:09:50.181,0.17,-0.76,0.92,32.84,29.72,-36.25
2026-07-27 13:09:50.181,0.17,-0.76,0.92,32.84,29.72,-36.25
2026-07-27 13:09:50.181,0.17,-0.76,0.92,32.84,29.72,-36.25
2026-07-27 13:09:50.181,0.17,-0.76,0.92,32.84,29.72,-36.25
2026-07-27 13:09:50.182,0.07,-0.78,0.68,-12.88,-81.18,-61.52
2026-07-27 13:09:50.182,0.01,-0.74,0.58,19.59,-137.08,-34.12
2026-07-27 13:09:50.182,0.01,-0.74,0.58,19.59,-137.08,-34.12
2026-07-27 13:09:50.182,-0.14,-0.7,0.75,39.25,-153.14,25.82
2026-07-27 13:09:50.182,-0.14,-0.7,0.75,39.25,-153.14,25.82
2026-07-27 13:09:50.183,-0.29,-0.62,0.9,14.71,-119.93,60.97
2026-07-27 13:09:50.183,-0.29,-0.62,0.9,14.71,-119.93,60.97
2026-07-27 13:09:50.184,-0.24,-0.58,0.77,-60.61,-81.36,35.89
2026-07-27 13:09:50.184,-0.24,-0.58,0.77,-110.66,-71.23,-7.02
2026-07-27 13:09:50.184,-0.09,-0.63,0.44,-110.66,-71.23,-7.02
2026-07-27 13:09:50.185,-0.07,-0.67,0.26,-67.69,-81.12,-3.48
2026-07-27 13:09:50.185,-0.07,-0.67,0.26,-67.69,-81.12,-3.48
2026-07-27 13:09:50.185,-0.09,-0.68,0.35,33.33,-108.83,24.05
2026-07-27 13:09:50.186,-0.09,-0.68,0.35,33.33,-108.83,24.05
2026-07-27 13:09:50.186,0.04,-0.69,0.49,124.63,-143.98,20.02
2026-07-27 13:09:50.186,0.04,-0.69,0.49,124.63,-143.98,20.02
2026-07-27 13:09:50.186,0.25,-0.71,0.63,149.48,-145.14,5.86
2026-07-27 13:09:50.186,0.38,-0.73,0.65,98.51,-109.86,21.06
2026-07-27 13:09:50.187,0.38,-0.73,0.65,98.51,-109.86,21.06
2026-07-27 13:09:50.187,0.43,-0.77,0.55,33.2,-77.76,52.12
2026-07-27 13:09:50.187,0.43,-0.77,0.55,33.2,-77.76,52.12
2026-07-27 13:09:50.187,0.45,-0.81,0.48,1.71,-70.5,71.84
2026-07-27 13:09:50.187,0.45,-0.81,0.48,1.71,-70.5,71.84
2026-07-27 13:09:50.188,0.4,-0.75,0.47,-5.07,-77.64,73.55
2026-07-27 13:09:50.188,0.3,-0.68,0.56,-10.19,-89.97,70.37
2026-07-27 13:09:50.188,0.3,-0.68,0.56,-10.19,-89.97,70.37
2026-07-27 13:09:50.188,0.28,-0.74,0.74,-13.18,-84.78,55.24
2026-07-27 13:09:50.188,0.28,-0.74,0.74,-13.18,-84.78,55.24
2026-07-27 13:09:50.188,0.27,-0.87,0.74,10.93,-13.55,24.66
2026-07-27 13:09:50.189,0.27,-0.87,0.74,10.93,-13.55,24.66
2026-07-27 13:09:50.189,0.13,-0.87,0.53,45.1,67.02,14.16
2026-07-27 13:09:50.189,0.03,-0.75,0.46,28.81,38.33,34.85
2026-07-27 13:09:50.190,0.03,-0.75,0.46,28.81,38.33,34.85
2026-07-27 13:09:50.190,0.06,-0.62,0.58,-30.27,-47.36,46.39
2026-07-27 13:09:50.190,0.06,-0.62,0.58,-30.27,-47.36,46.39
2026-07-27 13:09:50.190,0.1,-0.61,0.67,-69.58,-72.57,31.49
2026-07-27 13:09:50.190,0.1,-0.61,0.67,-69.58,-72.57,31.49
2026-07-27 13:09:50.190,0.1,-0.74,0.64,-58.78,-50.29,25.82
2026-07-27 13:09:50.191,0.18,-0.86,0.58,-12.15,-27.59,34.42
2026-07-27 13:09:50.191,0.18,-0.86,0.58,-12.15,-27.59,34.42
2026-07-27 13:09:50.192,0.26,-0.88,0.58,28.08,-9.46,30.21
2026-07-27 13:09:50.192,0.26,-0.88,0.58,28.08,-9.46,30.21
2026-07-27 13:09:50.192,0.25,-0.81,0.59,34.73,7.69,8.36
2026-07-27 13:09:50.192,0.25,-0.81,0.59,34.73,7.69,8.36
2026-07-27 13:09:50.193,0.2,-0.74,0.54,30.15,27.28,-17.09
2026-07-27 13:09:50.193,0.2,-0.74,0.54,36.44,52.67,-28.56
2026-07-27 13:09:50.193,0.15,-0.7,0.52,36.44,52.67,-28.56
2026-07-27 13:09:50.193,0.14,-0.71,0.57,40.04,73.85,-20.81
2026-07-27 13:09:50.194,0.14,-0.71,0.57,40.04,73.85,-20.81
2026-07-27 13:09:50.194,0.2,-0.73,0.65,33.51,85.75,-8.61
2026-07-27 13:09:50.194,0.2,-0.73,0.65,33.51,85.75,-8.61
2026-07-27 13:09:50.194,0.23,-0.74,0.72,28.87,95.09,-12.88
2026-07-27 13:09:50.194,0.26,-0.68,0.83,41.93,104.8,-42.6
2026-07-27 13:09:50.195,0.26,-0.68,0.83,41.93,104.8,-42.6
2026-07-27 13:09:50.195,0.39,-0.61,0.95,55.3,120.79,-80.81
2026-07-27 13:09:50.195,0.39,-0.61,0.95,55.3,120.79,-80.81
2026-07-27 13:09:50.195,0.52,-0.67,1.03,30.64,116.15,-100.28
2026-07-27 13:09:50.195,0.5,-0.75,0.94,-11.6,56.46,-106.63
2026-07-27 13:09:50.195,0.5,-0.75,0.94,-11.6,56.46,-106.63
2026-07-27 13:09:50.196,0.34,-0.71,0.71,-23.07,-38.7,-106.2
2026-07-27 13:09:50.196,0.34,-0.71,0.71,-23.07,-38.7,-106.2
2026-07-27 13:09:50.196,0.13,-0.61,0.68,-0.79,-117.86,-68.42
2026-07-27 13:09:50.196,0.13,-0.61,0.68,-0.79,-117.86,-68.42
2026-07-27 13:09:50.196,0.01,-0.56,0.84,34.61,-131.53,13.0
2026-07-27 13:09:50.196,-0.01,-0.55,0.9,65.43,-82.15,78.25
2026-07-27 13:09:50.196,-0.01,-0.55,0.9,65.43,-82.15,78.25
2026-07-27 13:09:50.197,-0.01,-0.52,0.8,71.66,-31.49,81.24
2026-07-27 13:09:50.197,-0.01,-0.52,0.8,71.66,-31.49,81.24
2026-07-27 13:09:50.197,0.01,-0.46,0.65,60.91,-17.09,57.01
2026-07-27 13:09:50.197,0.01,-0.46,0.65,60.91,-17.09,57.01
2026-07-27 13:09:50.197,-0.01,-0.47,0.58,65.25,-17.58,62.32
2026-07-27 13:09:50.197,-0.01,-0.47,0.58,70.07,-15.87,99.18
2026-07-27 13:09:50.197,-0.03,-0.51,0.61,70.07,-15.87,99.18
2026-07-27 13:09:50.198,0.03,-0.49,0.71,48.34,-14.83,127.69
2026-07-27 13:09:50.198,0.03,-0.49,0.71,48.34,-14.83,127.69
2026-07-27 13:09:50.198,0.12,-0.44,0.84,21.55,-10.99,120.12
2026-07-27 13:09:50.198,0.12,-0.44,0.84,21.55,-10.99,120.12
2026-07-27 13:09:50.198,0.21,-0.47,0.9,9.89,-5.13,77.15
2026-07-27 13:09:50.198,0.21,-0.47,0.9,9.89,-5.13,77.15
2026-07-27 13:09:50.198,0.29,-0.61,0.87,8.48,-9.52,27.1
2026-07-27 13:09:50.198,0.31,-0.67,0.82,10.13,-30.94,1.59
2026-07-27 13:09:50.198,0.31,-0.67,0.82,10.13,-30.94,1.59
2026-07-27 13:09:50.199,0.23,-0.57,0.77,6.71,-52.67,2.44
2026-07-27 13:09:50.199,0.23,-0.57,0.77,6.71,-52.67,2.44
2026-07-27 13:09:50.199,0.18,-0.52,0.91,-3.97,-59.33,4.76
2026-07-27 13:09:50.199,0.18,-0.52,0.91,-3.97,-59.33,4.76
2026-07-27 13:09:50.199,0.2,-0.62,1.06,-1.04,-21.12,-11.47
2026-07-27 13:09:50.199,0.2,-0.62,1.06,15.62,48.95,-21.97
2026-07-27 13:09:50.199,0.14,-0.69,0.9,15.62,48.95,-21.97
2026-07-27 13:09:50.199,-0.05,-0.54,0.74,8.06,58.78,-1.89
2026-07-27 13:09:50.200,-0.05,-0.54,0.74,8.06,58.78,-1.89
2026-07-27 13:09:50.200,-0.15,-0.26,0.78,-28.26,3.11,44.01
2026-07-27 13:09:50.200,-0.15,-0.26,0.78,-28.26,3.11,44.01
2026-07-27 13:09:50.200,-0.2,-0.16,0.82,-50.29,-37.35,127.56
2026-07-27 13:09:50.200,-0.2,-0.16,0.82,-50.29,-37.35,127.56
2026-07-27 13:09:50.200,-0.3,-0.33,0.86,-34.55,-33.87,235.72
2026-07-27 13:09:50.200,-0.3,-0.62,0.89,10.07,-14.71,288.33
2026-07-27 13:09:50.200,-0.3,-0.62,0.89,10.07,-14.71,288.33
2026-07-27 13:09:50.200,-0.24,-0.7,0.87,45.04,0.0,219.36
2026-07-27 13:09:50.201,-0.24,-0.7,0.87,45.04,0.0,219.36
2026-07-27 13:09:50.201,-0.18,-0.51,0.86,35.83,9.64,96.86
2026-07-27 13:09:50.201,-0.18,-0.51,0.86,35.83,9.64,96.86
2026-07-27 13:09:50.202,-0.15,-0.33,0.89,0.0,9.95,35.89
2026-07-27 13:09:50.202,-0.2,-0.28,0.88,-24.9,-3.6,50.6
2026-07-27 13:09:50.202,-0.2,-0.28,0.88,-24.9,-3.6,50.6
2026-07-27 13:09:50.202,-0.28,-0.36,0.83,-25.39,-25.63,95.34
2026-07-27 13:09:50.202,-0.28,-0.36,0.83,-25.39,-25.63,95.34
2026-07-27 13:09:50.203,-0.33,-0.47,0.79,-10.99,-41.75,122.56
2026-07-27 13:09:50.203,-0.33,-0.47,0.79,-10.99,-41.75,122.56
2026-07-27 13:09:50.203,-0.32,-0.5,0.8,4.33,-44.74,117.61
2026-07-27 13:09:50.203,-0.27,-0.51,0.86,7.32,-35.28,95.15
2026-07-27 13:09:50.203,-0.27,-0.51,0.86,7.32,-35.28,95.15
2026-07-27 13:09:50.204,-0.23,-0.56,0.89,0.79,-14.83,60.0
2026-07-27 13:09:50.204,-0.23,-0.56,0.89,0.79,-14.83,60.0
2026-07-27 13:09:50.204,-0.25,-0.66,0.87,-5.74,10.74,13.49
2026-07-27 13:09:50.204,-0.25,-0.66,0.87,-5.74,10.74,13.49
2026-07-27 13:09:50.204,-0.3,-0.8,0.86,-14.34,32.04,-21.91
2026-07-27 13:09:50.205,-0.34,-0.87,0.84,-28.56,44.19,-30.33
2026-07-27 13:09:50.205,-0.34,-0.87,0.84,-28.56,44.19,-30.33
2026-07-27 13:09:50.205,-0.36,-0.76,0.71,-61.16,43.46,-28.75
2026-07-27 13:09:50.205,-0.36,-0.76,0.71,-61.16,43.46,-28.75
2026-07-27 13:09:50.205,-0.41,-0.52,0.67,-116.64,26.18,-13.12
2026-07-27 13:09:50.205,-0.41,-0.52,0.67,-116.64,26.18,-13.12
2026-07-27 13:09:50.205,-0.43,-0.3,0.89,-137.88,1.22,49.8
2026-07-27 13:09:50.206,-0.39,-0.23,1.03,-89.05,-15.87,114.07
2026-07-27 13:09:50.206,-0.39,-0.23,1.03,-89.05,-15.87,114.07
2026-07-27 13:09:50.206,-0.36,-0.26,0.91,-26.43,-17.52,94.42
2026-07-27 13:09:50.206,-0.36,-0.26,0.91,-26.43,-17.52,94.42
2026-07-27 13:09:50.207,-0.37,-0.24,0.71,-0.49,-12.76,17.46
2026-07-27 13:09:50.207,-0.37,-0.24,0.71,-0.49,-12.76,17.46
2026-07-27 13:09:50.207,-0.43,-0.23,0.56,-4.09,-21.48,-29.24
2026-07-27 13:09:50.207,-0.43,-0.23,0.56,-18.49,-40.34,-19.78
2026-07-27 13:09:50.207,-0.49,-0.33,0.51,-18.49,-40.34,-19.78
2026-07-27 13:09:50.207,-0.52,-0.47,0.52,-26.06,-41.08,9.46
2026-07-27 13:09:50.208,-0.52,-0.47,0.52,-26.06,-41.08,9.46
2026-07-27 13:09:50.208,-0.53,-0.62,0.58,-4.94,-15.32,18.62
2026-07-27 13:09:50.208,-0.53,-0.62,0.58,-4.94,-15.32,18.62
2026-07-27 13:09:50.208,-0.49,-0.81,0.63,42.24,11.11,9.28
2026-07-27 13:09:50.208,-0.49,-0.81,0.63,42.24,11.11,9.28
2026-07-27 13:09:50.227,-0.47,-0.84,0.71,82.52,21.85,11.17
2026-07-27 13:09:50.228,-0.45,-0.62,0.77,64.88,26.79,17.76
2026-07-27 13:09:50.228,-0.45,-0.62,0.77,64.88,26.79,17.76
2026-07-27 13:09:50.228,-0.41,-0.39,0.69,-7.69,26.79,-5.37
2026-07-27 13:09:50.228,-0.41,-0.39,0.69,-7.69,26.79,-5.37
2026-07-27 13:09:50.228,-0.51,-0.27,0.62,-73.91,27.77,-54.32
2026-07-27 13:09:50.228,-0.67,-0.39,0.73,-74.83,18.49,-44.43
2026-07-27 13:09:50.229,-0.67,-0.39,0.73,-74.83,18.49,-44.43
2026-07-27 13:09:50.229,-0.73,-0.59,0.74,32.04,-16.36,51.03
2026-07-27 13:09:50.229,-0.73,-0.59,0.74,32.04,-16.36,51.03
2026-07-27 13:09:50.230,-0.69,-0.56,0.61,126.53,-44.8,120.73
2026-07-27 13:09:50.230,-0.69,-0.56,0.61,126.53,-44.8,120.73
2026-07-27 13:09:50.231,-0.51,-0.39,0.66,72.33,-44.8,87.16
2026-07-27 13:09:50.231,-0.37,-0.3,0.8,-35.71,-15.62,-25.15
2026-07-27 13:09:50.231,-0.37,-0.3,0.8,-35.71,-15.62,-25.15
2026-07-27 13:09:50.232,-0.4,-0.33,0.82,-63.84,30.94,-130.19
2026-07-27 13:09:50.232,-0.4,-0.33,0.82,-63.84,30.94,-130.19
2026-07-27 13:09:50.232,-0.51,-0.4,0.75,-8.54,67.02,-163.51
2026-07-27 13:09:50.232,-0.51,-0.4,0.75,-8.54,67.02,-163.51
2026-07-27 13:09:50.233,-0.59,-0.48,0.69,55.36,83.92,-143.19
2026-07-27 13:09:50.233,-0.57,-0.58,0.69,75.07,91.49,-121.34
2026-07-27 13:09:50.234,-0.57,-0.58,0.69,75.07,91.49,-121.34
2026-07-27 13:09:50.234,-0.43,-0.6,0.76,52.49,103.33,-133.24
2026-07-27 13:09:50.235,-0.43,-0.6,0.76,52.49,103.33,-133.24
2026-07-27 13:09:50.235,-0.32,-0.57,0.79,20.39,111.57,-164.43
2026-07-27 13:09:50.235,-0.32,-0.57,0.79,20.39,111.57,-164.43
2026-07-27 13:09:50.236,-0.31,-0.54,0.75,2.87,96.13,-169.49
2026-07-27 13:09:50.236,-0.35,-0.54,0.68,-0.49,65.31,-140.99
2026-07-27 13:09:50.236,-0.35,-0.54,0.68,-0.49,65.31,-140.99
2026-07-27 13:09:50.236,-0.34,-0.57,0.65,1.71,39.73,-108.4
2026-07-27 13:09:50.236,-0.34,-0.57,0.65,1.71,39.73,-108.4
2026-07-27 13:09:50.236,-0.26,-0.63,0.66,1.77,29.42,-88.01
2026-07-27 13:09:50.236,-0.26,-0.63,0.66,1.77,29.42,-88.01
2026-07-27 13:09:50.237,-0.19,-0.65,0.67,1.65,31.56,-72.57
2026-07-27 13:09:50.237,-0.17,-0.67,0.67,3.85,34.48,-47.91
2026-07-27 13:09:50.237,-0.17,-0.67,0.67,3.85,34.48,-47.91
2026-07-27 13:09:50.237,-0.17,-0.69,0.67,6.71,28.63,-11.29
2026-07-27 13:09:50.237,-0.17,-0.69,0.67,6.71,28.63,-11.29
2026-07-27 13:09:50.237,-0.19,-0.68,0.67,4.82,10.31,30.82
2026-07-27 13:09:50.237,-0.19,-0.68,0.67,4.82,10.31,30.82
2026-07-27 13:09:50.238,-0.28,-0.66,0.68,-5.49,-19.04,78.55
2026-07-27 13:09:50.238,-0.28,-0.66,0.68,-18.92,-46.87,113.34
2026-07-27 13:09:50.238,-0.36,-0.64,0.67,-18.92,-46.87,113.34
2026-07-27 13:09:50.238,-0.39,-0.64,0.65,-27.47,-60.3,113.59
2026-07-27 13:09:50.238,-0.39,-0.64,0.65,-27.47,-60.3,113.59
2026-07-27 13:09:50.238,-0.37,-0.66,0.65,-30.82,-56.88,86.67
2026-07-27 13:09:50.239,-0.37,-0.66,0.65,-30.82,-56.88,86.67
2026-07-27 13:09:50.239,-0.34,-0.65,0.67,-34.48,-41.2,50.54
2026-07-27 13:09:50.239,-0.32,-0.62,0.69,-40.28,-22.52,18.13
2026-07-27 13:09:50.239,-0.32,-0.62,0.69,-40.28,-22.52,18.13
2026-07-27 13:09:50.239,-0.33,-0.59,0.71,-44.49,-6.9,-6.65
2026-07-27 13:09:50.239,-0.33,-0.59,0.71,-44.49,-6.9,-6.65
2026-07-27 13:09:50.251,-0.34,-0.58,0.73,-44.92,2.14,-22.71
2026-07-27 13:09:50.251,-0.34,-0.58,0.73,-44.92,2.14,-22.71
2026-07-27 13:09:50.251,-0.39,-0.66,0.76,-42.79,0.85,-29.97
2026-07-27 13:09:50.251,-0.39,-0.66,0.76,-39.61,-10.01,-33.33
2026-07-27 13:09:50.251,-0.42,-0.79,0.71,-39.61,-10.01,-33.33
2026-07-27 13:09:50.251,-0.28,-0.84,0.56,-39.25,-27.47,-31.8
2026-07-27 13:09:50.252,-0.28,-0.84,0.56,-39.25,-27.47,-31.8
2026-07-27 13:09:50.252,-0.1,-0.76,0.45,-46.69,-63.78,-12.33
2026-07-27 13:09:50.252,-0.1,-0.76,0.45,-46.69,-63.78,-12.33
2026-07-27 13:09:50.252,-0.05,-0.72,0.39,-56.09,-111.45,22.95
2026-07-27 13:09:50.252,-0.05,-0.72,0.39,-56.09,-111.45,22.95
2026-07-27 13:09:50.252,-0.05,-0.72,0.39,-56.09,-111.45,22.95
2026-07-27 13:09:50.252,-0.05,-0.72,0.39,-56.09,-111.45,22.95
2026-07-27 13:09:50.252,-0.22,-0.97,0.3,-19.17,-106.87,53.41
2026-07-27 13:09:50.253,-0.19,-0.97,0.48,4.09,-56.76,34.73
2026-07-27 13:09:50.261,-0.19,-0.97,0.48,4.09,-56.76,34.73
2026-07-27 13:09:50.261,-0.26,-0.9,0.6,24.54,7.02,2.81
2026-07-27 13:09:50.261,-0.26,-0.9,0.6,24.54,7.02,2.81
2026-07-27 13:09:50.261,-0.41,-0.82,0.48,58.11,46.81,0.61
2026-07-27 13:09:50.261,-0.41,-0.82,0.48,58.11,46.81,0.61
2026-07-27 13:09:50.262,-0.49,-0.77,0.3,80.08,36.38,35.77
2026-07-27 13:09:50.262,-0.49,-0.77,0.3,80.08,36.38,35.77
2026-07-27 13:09:50.262,-0.49,-0.74,0.3,65.8,-2.44,61.28
2026-07-27 13:09:50.262,-0.44,-0.72,0.41,39.12,-30.4,55.79
2026-07-27 13:09:50.262,-0.44,-0.72,0.41,39.12,-30.4,55.79
2026-07-27 13:09:50.262,-0.39,-0.7,0.48,28.81,-30.4,38.02
2026-07-27 13:09:50.263,-0.39,-0.7,0.48,28.81,-30.4,38.02
2026-07-27 13:09:50.263,-0.47,-0.67,0.47,31.13,-5.37,33.26
2026-07-27 13:09:50.263,-0.47,-0.67,0.47,31.13,-5.37,33.26
2026-07-27 13:09:50.263,-0.56,-0.69,0.46,48.4,67.08,22.4
2026-07-27 13:09:50.263,-0.56,-0.72,0.43,74.4,147.16,-14.1
2026-07-27 13:09:50.263,-0.56,-0.72,0.43,74.4,147.16,-14.1
2026-07-27 13:09:50.264,-0.54,-0.75,0.46,70.07,139.89,-28.02
2026-07-27 13:09:50.264,-0.54,-0.75,0.46,70.07,139.89,-28.02
2026-07-27 13:09:50.264,-0.49,-0.68,0.54,29.3,59.81,-16.6
2026-07-27 13:09:50.264,-0.49,-0.68,0.54,29.3,59.81,-16.6
2026-07-27 13:09:50.264,-0.48,-0.47,0.57,-4.15,-25.09,3.11
2026-07-27 13:09:50.264,-0.47,-0.24,0.52,-4.82,-111.21,85.63
2026-07-27 13:09:50.265,-0.47,-0.24,0.52,-4.82,-111.21,85.63
2026-07-27 13:09:50.265,-0.49,-0.02,0.67,27.4,-234.92,245.91
2026-07-27 13:09:50.265,-0.49,-0.02,0.67,27.4,-234.92,245.91
2026-07-27 13:09:50.265,-0.55,-0.09,1.0,81.97,-293.33,387.94
2026-07-27 13:09:50.265,-0.54,-0.28,1.11,113.65,-183.29,361.39
2026-07-27 13:09:50.265,-0.54,-0.28,1.11,113.65,-183.29,361.39
2026-07-27 13:09:50.266,-0.47,-0.17,1.01,89.48,-33.69,142.33
2026-07-27 13:09:50.266,-0.47,-0.17,1.01,89.48,-33.69,142.33
2026-07-27 13:09:50.266,-0.4,-0.01,0.91,40.83,32.65,-55.36
2026-07-27 13:09:50.266,-0.4,-0.01,0.91,40.83,32.65,-55.36
2026-07-27 13:09:50.266,-0.4,0.02,0.87,10.44,33.08,-91.67
2026-07-27 13:09:50.266,-0.43,-0.01,0.87,5.19,14.83,-53.65
2026-07-27 13:09:50.267,-0.43,-0.01,0.87,5.19,14.83,-53.65
2026-07-27 13:09:50.267,-0.41,-0.02,0.87,11.41,3.36,-26.79
2026-07-27 13:09:50.267,-0.41,-0.02,0.87,11.41,3.36,-26.79
2026-07-27 13:09:50.267,-0.34,0.0,0.88,14.28,1.22,-26.25
2026-07-27 13:09:50.267,-0.34,0.0,0.88,14.28,1.22,-26.25
2026-07-27 13:09:50.267,-0.28,0.01,0.9,14.22,2.01,-32.9
2026-07-27 13:09:50.268,-0.28,0.01,0.9,14.22,2.01,-32.9
2026-07-27 13:09:50.268,-0.26,0.0,0.95,15.5,1.1,-28.69
2026-07-27 13:09:50.268,-0.29,-0.02,1.02,19.84,-3.6,-10.56
2026-07-27 13:09:50.268,-0.29,-0.02,1.02,19.84,-3.6,-10.56
2026-07-27 13:09:50.268,-0.32,-0.03,1.04,23.93,-11.23,9.46
2026-07-27 13:09:50.268,-0.32,-0.03,1.04,23.93,-11.23,9.46
2026-07-27 13:09:50.269,-0.32,0.01,0.94,22.58,-17.7,13.49
2026-07-27 13:09:50.269,-0.32,0.01,0.94,22.58,-17.7,13.49
2026-07-27 13:09:50.269,-0.32,0.07,0.82,16.91,-19.35,10.31
2026-07-27 13:09:50.269,-0.3,0.04,0.87,11.9,-16.17,22.77
2026-07-27 13:09:50.269,-0.3,0.04,0.87,11.9,-16.17,22.77
2026-07-27 13:09:50.269,-0.28,-0.02,1.05,10.19,-12.02,35.03
2026-07-27 13:09:50.269,-0.28,-0.02,1.05,10.19,-12.02,35.03
2026-07-27 13:09:50.270,-0.3,-0.0,1.11,11.41,-11.66,13.98
2026-07-27 13:09:50.270,-0.3,-0.0,1.11,11.41,-11.66,13.98
2026-07-27 13:09:50.270,-0.31,0.1,1.02,9.03,-10.25,-21.91
2026-07-27 13:09:50.270,-0.31,0.1,1.02,6.96,-4.94,-42.11
2026-07-27 13:09:50.270,-0.33,0.2,0.88,6.96,-4.94,-42.11
2026-07-27 13:09:50.270,-0.36,0.19,0.8,13.98,2.26,-44.25
2026-07-27 13:09:50.271,-0.36,0.19,0.8,13.98,2.26,-44.25
2026-07-27 13:09:50.271,-0.38,0.12,0.83,27.65,11.17,-44.31
2026-07-27 13:09:50.271,-0.38,0.12,0.83,27.65,11.17,-44.31
2026-07-27 13:09:50.271,-0.35,0.09,0.91,40.22,19.04,-64.21
2026-07-27 13:09:50.271,-0.35,0.09,0.91,40.22,19.04,-64.21
2026-07-27 13:09:50.271,-0.27,0.08,1.0,40.95,25.7,-87.34
2026-07-27 13:09:50.271,-0.21,0.11,1.06,30.7,31.31,-91.98
2026-07-27 13:09:50.272,-0.21,0.11,1.06,30.7,31.31,-91.98
2026-07-27 13:09:50.272,-0.29,0.25,1.06,12.57,34.3,-79.9
2026-07-27 13:09:50.272,-0.29,0.25,1.06,12.57,34.3,-79.9
2026-07-27 13:09:50.272,-0.38,0.23,1.17,10.99,26.55,-45.23
2026-07-27 13:09:50.272,-0.38,0.23,1.17,10.99,26.55,-45.23
2026-07-27 13:09:50.281,-0.54,0.04,1.16,35.22,9.09,-0.55
2026-07-27 13:09:50.282,-0.54,0.04,1.16,40.83,6.96,-17.15
2026-07-27 13:09:50.282,-0.65,-0.01,0.89,40.83,6.96,-17.15
2026-07-27 13:09:50.282,-0.44,0.08,0.71,33.2,12.57,-111.39
2026-07-27 13:09:50.291,-0.44,0.08,0.71,33.2,12.57,-111.39
2026-07-27 13:09:50.291,-0.29,0.09,0.66,52.37,-3.3,-200.38
2026-07-27 13:09:50.291,-0.29,0.09,0.66,52.37,-3.3,-200.38
2026-07-27 13:09:50.291,-0.41,-0.02,0.7,75.93,-21.42,-204.16
2026-07-27 13:09:50.292,-0.41,-0.02,0.7,67.2,-14.16,-132.08
2026-07-27 13:09:50.292,-0.55,-0.11,0.8,67.2,-14.16,-132.08
2026-07-27 13:09:50.292,-0.49,-0.09,0.86,34.06,6.77,-64.51
2026-07-27 13:09:50.292,-0.49,-0.09,0.86,34.06,6.77,-64.51
2026-07-27 13:09:50.292,-0.31,-0.0,0.88,10.25,17.03,-38.94
2026-07-27 13:09:50.293,-0.31,-0.0,0.88,10.25,17.03,-38.94
2026-07-27 13:09:50.293,-0.21,0.04,0.89,11.84,5.68,-48.4
2026-07-27 13:09:50.293,-0.21,0.04,0.89,11.84,5.68,-48.4
2026-07-27 13:09:50.293,-0.28,0.02,0.88,24.05,-19.47,-71.59
2026-07-27 13:09:50.293,-0.4,0.02,0.85,22.71,-37.29,-68.24
2026-07-27 13:09:50.293,-0.4,0.02,0.85,22.71,-37.29,-68.24
2026-07-27 13:09:50.293,-0.44,0.1,0.82,6.77,-38.51,-24.41
2026-07-27 13:09:50.294,-0.44,0.1,0.82,6.77,-38.51,-24.41
2026-07-27 13:09:50.294,-0.37,0.16,0.83,5.68,-36.99,22.52
2026-07-27 13:09:50.294,-0.37,0.16,0.83,5.68,-36.99,22.52
2026-07-27 13:09:50.294,-0.27,0.15,0.9,26.43,-48.65,38.33
2026-07-27 13:09:50.294,-0.25,0.12,1.02,39.79,-73.12,34.85
2026-07-27 13:09:50.294,-0.25,0.12,1.02,39.79,-73.12,34.85
2026-07-27 13:09:50.294,-0.36,0.1,1.05,31.01,-82.95,46.45
2026-07-27 13:09:50.294,-0.36,0.1,1.05,31.01,-82.95,46.45
2026-07-27 13:09:50.295,-0.42,0.05,0.89,2.93,-49.93,86.3
2026-07-27 13:09:50.295,-0.42,0.05,0.89,2.93,-49.93,86.3
2026-07-27 13:09:50.295,-0.33,0.01,0.83,-32.96,22.03,133.18
2026-07-27 13:09:50.295,-0.27,-0.04,1.08,-50.6,81.79,157.1
2026-07-27 13:09:50.295,-0.27,-0.04,1.08,-50.6,81.79,157.1
2026-07-27 13:09:50.296,-0.25,-0.02,1.23,-44.43,71.59,143.07
2026-07-27 13:09:50.296,-0.25,-0.02,1.23,-44.43,71.59,143.07
2026-07-27 13:09:50.296,-0.26,0.15,1.06,-20.75,13.92,77.76
2026-07-27 13:09:50.296,-0.26,0.15,1.06,-20.75,13.92,77.76
2026-07-27 13:09:50.296,-0.32,0.28,0.87,2.69,-22.4,19.96
2026-07-27 13:09:50.296,-0.37,0.2,0.83,14.1,-18.92,18.07
2026-07-27 13:09:50.296,-0.37,0.2,0.83,14.1,-18.92,18.07
2026-07-27 13:09:50.297,-0.35,0.09,0.9,23.62,-3.05,7.14
2026-07-27 13:09:50.297,-0.35,0.09,0.9,23.62,-3.05,7.14
2026-07-27 13:09:50.297,-0.3,0.07,0.94,28.87,6.9,-33.14
2026-07-27 13:09:50.297,-0.3,0.07,0.94,27.04,12.02,-62.74
2026-07-27 13:09:50.298,-0.3,0.09,0.95,27.04,12.02,-62.74
2026-07-27 13:09:50.298,-0.28,0.11,0.95,21.91,15.99,-72.33
2026-07-27 13:09:50.298,-0.28,0.11,0.95,21.91,15.99,-72.33
2026-07-27 13:09:50.298,-0.26,0.11,0.97,17.58,18.19,-72.94
2026-07-27 13:09:50.299,-0.26,0.11,0.97,17.58,18.19,-72.94
2026-07-27 13:09:50.299,-0.27,0.12,0.97,12.51,16.97,-75.99
2026-07-27 13:09:50.299,-0.27,0.12,0.97,12.51,16.97,-75.99
2026-07-27 13:09:50.299,-0.28,0.12,0.95,4.76,16.11,-84.84
2026-07-27 13:09:50.299,-0.29,0.07,0.94,-0.37,20.57,-95.64
2026-07-27 13:09:50.299,-0.29,0.07,0.94,-0.37,20.57,-95.64
2026-07-27 13:09:50.299,-0.3,0.04,0.98,3.05,30.4,-103.03
2026-07-27 13:09:50.300,-0.3,0.04,0.98,3.05,30.4,-103.03
2026-07-27 13:09:50.300,-0.39,0.16,0.98,18.55,39.61,-117.49
2026-07-27 13:09:50.300,-0.39,0.16,0.98,18.55,39.61,-117.49
2026-07-27 13:09:50.300,-0.6,0.25,0.94,40.65,51.88,-98.94
2026-07-27 13:09:50.300,-0.88,-0.03,0.86,44.01,73.0,30.76
2026-07-27 13:09:50.300,-0.88,-0.03,0.86,44.01,73.0,30.76
2026-07-27 13:09:50.301,-0.87,-0.22,0.76,25.57,71.96,115.3
2026-07-27 13:09:50.301,-0.87,-0.22,0.76,25.57,71.96,115.3
2026-07-27 13:09:50.301,-0.42,-0.01,0.77,4.64,34.3,20.02
2026-07-27 13:09:50.301,-0.42,-0.01,0.77,4.64,34.3,20.02
2026-07-27 13:09:50.301,-0.09,0.15,0.82,-2.87,-5.13,-73.49
2026-07-27 13:09:50.301,-0.23,0.15,0.81,17.27,-28.99,-56.34
2026-07-27 13:09:50.302,-0.23,0.15,0.81,17.27,-28.99,-56.34
2026-07-27 13:09:50.302,-0.58,0.14,0.75,47.06,-38.09,-2.56
2026-07-27 13:09:50.302,-0.58,0.14,0.75,47.06,-38.09,-2.56
2026-07-27 13:09:50.302,-0.83,0.19,0.68,65.61,-32.84,24.17
2026-07-27 13:09:50.302,-0.83,0.19,0.68,65.61,-32.84,24.17
2026-07-27 13:09:50.302,-0.87,0.21,0.67,61.34,-14.65,23.56
2026-07-27 13:09:50.302,-0.76,0.2,0.74,29.6,11.84,23.25
2026-07-27 13:09:50.302,-0.76,0.2,0.74,29.6,11.84,23.25
2026-07-27 13:09:50.303,-0.64,0.18,0.8,-1.83,29.36,22.64
2026-07-27 13:09:50.303,-0.64,0.18,0.8,-1.83,29.36,22.64
2026-07-27 13:09:50.303,-0.55,0.19,0.81,-18.68,30.58,9.09
2026-07-27 13:09:50.303,-0.55,0.19,0.81,-18.68,30.58,9.09
2026-07-27 13:09:50.303,-0.53,0.2,0.8,-23.74,24.41,-6.47
2026-07-27 13:09:50.303,-0.53,0.2,0.8,-23.74,24.41,-6.47
2026-07-27 13:09:50.303,-0.58,0.2,0.76,-20.81,17.33,-16.91
2026-07-27 13:09:50.304,-0.63,0.21,0.74,-16.11,12.02,-20.81
2026-07-27 13:09:50.304,-0.63,0.21,0.74,-16.11,12.02,-20.81
2026-07-27 13:09:50.304,-0.66,0.21,0.73,-6.35,6.96,-23.32
2026-07-27 13:09:50.304,-0.66,0.21,0.73,-6.35,6.96,-23.32
2026-07-27 13:09:50.304,-0.66,0.23,0.72,3.66,1.83,-32.78
2026-07-27 13:09:50.304,-0.66,0.23,0.72,3.66,1.83,-32.78
2026-07-27 13:09:50.305,-0.62,0.24,0.74,3.85,1.59,-39.55
2026-07-27 13:09:50.305,-0.58,0.2,0.77,1.28,4.76,-35.64
2026-07-27 13:09:50.305,-0.58,0.2,0.77,1.28,4.76,-35.64
2026-07-27 13:09:50.305,-0.56,0.15,0.77,-2.08,7.57,-22.95
2026-07-27 13:09:50.305,-0.56,0.15,0.77,-2.08,7.57,-22.95
2026-07-27 13:09:50.306,-0.58,0.11,0.75,-6.41,6.96,-8.24
2026-07-27 13:09:50.306,-0.58,0.11,0.75,-6.41,6.96,-8.24
2026-07-27 13:09:50.306,-0.63,0.1,0.73,-1.95,1.16,-1.22
2026-07-27 13:09:50.306,-0.63,0.1,0.73,-1.95,1.16,-1.22
2026-07-27 13:09:50.306,-0.66,0.12,0.73,5.8,-3.97,-3.72
2026-07-27 13:09:50.306,-0.66,0.12,0.73,5.8,-3.97,-3.72
2026-07-27 13:09:50.371,-0.65,0.12,0.74,4.82,-3.6,-6.16
2026-07-27 13:09:50.372,-0.62,0.12,0.75,-0.61,-0.85,-6.53
2026-07-27 13:09:50.372,-0.62,0.12,0.75,-0.61,-0.85,-6.53
2026-07-27 13:09:50.418,-0.6,0.11,0.76,-2.26,0.12,-7.87
2026-07-27 13:09:50.419,-0.6,0.11,0.76,-2.26,0.12,-7.87
2026-07-27 13:09:50.463,-0.61,0.11,0.76,-0.55,-0.37,-8.12
2026-07-27 13:09:50.463,-0.61,0.11,0.76,-0.55,-0.37,-8.12
2026-07-27 13:09:50.496,-0.61,0.11,0.76,0.43,-0.37,-6.16
2026-07-27 13:09:50.524,-0.61,0.11,0.76,0.43,-0.37,-6.16
2026-07-27 13:09:50.524,-0.61,0.11,0.77,-0.92,0.37,-2.75
2026-07-27 13:09:50.524,-0.61,0.11,0.77,-0.92,0.37,-2.75
2026-07-27 13:09:50.592,-0.61,0.12,0.77,-3.36,0.79,0.24
2026-07-27 13:09:50.592,-0.62,0.12,0.77,-3.97,0.43,1.65
2026-07-27 13:09:50.592,-0.62,0.12,0.77,-3.97,0.43,1.65
2026-07-27 13:09:50.643,-0.63,0.11,0.76,-0.79,0.0,1.46
2026-07-27 13:09:50.643,-0.63,0.11,0.76,-0.79,0.0,1.46
2026-07-27 13:09:50.704,-0.62,0.1,0.77,3.3,0.18,0.79
2026-07-27 13:09:50.704,-0.62,0.1,0.77,3.3,0.18,0.79
2026-07-27 13:09:50.704,-0.61,0.09,0.77,4.39,0.61,-0.85
2026-07-27 13:09:50.771,-0.61,0.09,0.77,4.39,0.61,-0.85
2026-07-27 13:09:50.772,-0.61,0.09,0.77,3.23,0.67,-3.91
2026-07-27 13:09:50.772,-0.61,0.09,0.77,1.65,0.55,-6.53
2026-07-27 13:09:50.823,-0.61,0.1,0.77,1.65,0.55,-6.53
2026-07-27 13:09:50.884,-0.61,0.1,0.76,0.0,0.43,-7.63
2026-07-27 13:09:50.887,-0.61,0.1,0.76,0.0,0.43,-7.63
2026-07-27 13:09:50.887,-0.62,0.11,0.76,-0.24,0.24,-8.42
2026-07-27 13:09:50.887,-0.62,0.11,0.76,-0.24,0.24,-8.42
2026-07-27 13:09:50.943,-0.62,0.12,0.76,1.95,-0.31,-8.54
2026-07-27 13:09:50.943,-0.62,0.12,0.76,4.52,-0.85,-6.59
2026-07-27 13:09:50.983,-0.62,0.11,0.76,4.52,-0.85,-6.59
2026-07-27 13:09:51.048,-0.61,0.11,0.76,4.27,-0.79,-3.72
2026-07-27 13:09:51.048,-0.61,0.11,0.76,4.27,-0.79,-3.72
2026-07-27 13:09:51.063,-0.62,0.11,0.76,2.56,-0.43,-1.53
2026-07-27 13:09:51.064,-0.62,0.11,0.76,2.56,-0.43,-1.53
2026-07-27 13:09:51.064,-0.62,0.1,0.76,2.01,0.0,-0.06
2026-07-27 13:09:51.123,-0.62,0.1,0.76,2.01,0.0,-0.06
2026-07-27 13:09:51.123,-0.62,0.1,0.76,2.56,0.49,1.77
2026-07-27 13:09:51.123,-0.62,0.1,0.76,2.56,0.49,1.77
2026-07-27 13:09:51.186,-0.62,0.1,0.76,2.69,0.79,3.05
2026-07-27 13:09:51.186,-0.62,0.1,0.76,1.59,0.67,2.5
2026-07-27 13:09:51.187,-0.62,0.1,0.76,1.59,0.67,2.5
2026-07-27 13:09:51.243,-0.61,0.1,0.76,0.24,0.24,0.61
2026-07-27 13:09:51.243,-0.61,0.1,0.76,0.24,0.24,0.61
2026-07-27 13:09:51.311,-0.61,0.1,0.76,-0.55,-0.43,-1.34
2026-07-27 13:09:51.313,-0.61,0.1,0.76,-0.55,-0.43,-1.34
2026-07-27 13:09:51.313,-0.62,0.1,0.76,-1.1,-0.98,-2.75
2026-07-27 13:09:51.363,-0.62,0.1,0.76,-1.1,-0.98,-2.75
2026-07-27 13:09:51.363,-0.62,0.1,0.76,-1.77,-1.22,-3.48
2026-07-27 13:09:51.364,-0.62,0.1,0.76,-1.77,-1.22,-3.48
2026-07-27 13:09:51.423,-0.62,0.11,0.76,-1.95,-0.98,-3.17
2026-07-27 13:09:51.423,-0.62,0.11,0.76,-1.95,-0.98,-3.17
2026-07-27 13:09:51.424,-0.62,0.11,0.76,-1.95,-0.98,-3.17
2026-07-27 13:09:51.502,-0.62,0.11,0.76,-1.95,-0.98,-3.17
2026-07-27 13:09:51.502,-0.61,0.1,0.77,0.24,-0.12,-2.56
2026-07-27 13:09:51.502,-0.61,0.1,0.77,0.24,-0.12,-2.56
2026-07-27 13:09:51.557,-0.61,0.1,0.77,1.04,0.12,-3.11
2026-07-27 13:09:51.557,-0.6,0.1,0.78,0.61,0.49,-2.44
2026-07-27 13:09:51.558,-0.6,0.1,0.78,0.61,0.49,-2.44
2026-07-27 13:09:51.617,-0.59,0.09,0.78,-0.67,0.61,-0.79
2026-07-27 13:09:51.618,-0.59,0.09,0.78,-0.67,0.61,-0.79
2026-07-27 13:09:51.677,-0.59,0.09,0.78,-2.14,-0.12,0.24
2026-07-27 13:09:51.677,-0.59,0.09,0.78,-2.14,-0.12,0.24
2026-07-27 13:09:51.678,-0.61,0.09,0.77,-3.23,-1.46,0.67
2026-07-27 13:09:51.746,-0.61,0.09,0.77,-3.23,-1.46,0.67
2026-07-27 13:09:51.746,-0.62,0.1,0.76,-3.36,-2.38,0.67
2026-07-27 13:09:51.746,-0.62,0.1,0.76,-1.95,-2.44,0.24
2026-07-27 13:09:51.822,-0.63,0.1,0.76,-1.95,-2.44,0.24
2026-07-27 13:09:51.822,-0.62,0.1,0.77,-0.37,-1.46,0.92
2026-07-27 13:09:51.868,-0.62,0.1,0.77,-0.37,-1.46,0.92
2026-07-27 13:09:51.869,-0.61,0.09,0.78,-0.06,0.18,3.91
2026-07-27 13:09:51.869,-0.61,0.09,0.78,-0.06,0.18,3.91
2026-07-27 13:09:51.919,-0.6,0.1,0.79,0.18,1.22,7.02
2026-07-27 13:09:51.920,-0.6,0.1,0.79,0.18,1.22,7.02
2026-07-27 13:09:51.920,-0.61,0.12,0.77,3.36,2.62,12.57
2026-07-27 13:09:51.964,-0.61,0.12,0.77,3.36,2.62,12.57
2026-07-27 13:09:51.964,-0.62,0.15,0.76,11.35,8.0,28.99
2026-07-27 13:09:52.024,-0.61,0.17,0.78,17.64,13.18,48.28
2026-07-27 13:09:52.024,-0.61,0.17,0.78,17.64,13.18,48.28
2026-07-27 13:09:52.024,-0.64,0.17,0.73,17.21,8.67,51.27
2026-07-27 13:09:52.084,-0.64,0.17,0.73,17.21,8.67,51.27
2026-07-27 13:09:52.084,-0.68,0.21,0.67,23.07,2.44,41.02
2026-07-27 13:09:52.084,-0.68,0.21,0.67,23.07,2.44,41.02
2026-07-27 13:09:52.144,-0.65,0.27,0.69,46.39,0.43,32.35
2026-07-27 13:09:52.144,-0.65,0.27,0.69,72.69,-2.56,27.04
2026-07-27 13:09:52.203,-0.59,0.34,0.71,72.69,-2.56,27.04
2026-07-27 13:09:52.203,-0.55,0.39,0.71,79.47,-9.58,7.14
2026-07-27 13:09:52.204,-0.55,0.39,0.71,79.47,-9.58,7.14
2026-07-27 13:09:52.269,-0.55,0.38,0.7,60.79,-27.28,-32.84
2026-07-27 13:09:52.269,-0.55,0.38,0.7,60.79,-27.28,-32.84
2026-07-27 13:09:52.269,-0.59,0.32,0.71,27.16,-43.58,-60.73
2026-07-27 13:09:52.325,-0.59,0.32,0.71,27.16,-43.58,-60.73
2026-07-27 13:09:52.325,-0.62,0.28,0.72,-5.43,-35.34,-51.27
2026-07-27 13:09:52.384,-0.62,0.29,0.74,-24.54,-9.77,-19.41
2026-07-27 13:09:52.384,-0.62,0.29,0.74,-24.54,-9.77,-19.41
2026-07-27 13:09:52.384,-0.6,0.3,0.75,-22.16,8.24,7.32
2026-07-27 13:09:52.443,-0.6,0.3,0.75,-22.16,8.24,7.32
2026-07-27 13:09:52.444,-0.58,0.32,0.74,-1.28,10.93,18.74
2026-07-27 13:09:52.444,-0.58,0.32,0.74,-1.28,10.93,18.74
2026-07-27 13:09:52.503,-0.58,0.33,0.72,17.15,6.04,17.33
2026-07-27 13:09:52.504,-0.58,0.34,0.71,14.89,2.44,10.74
2026-07-27 13:09:52.564,-0.58,0.34,0.71,14.89,2.44,10.74
2026-07-27 13:09:52.564,-0.58,0.34,0.72,-2.08,2.2,4.15
2026-07-27 13:09:52.564,-0.58,0.34,0.72,-2.08,2.2,4.15
2026-07-27 13:09:52.627,-0.58,0.33,0.73,-15.01,2.44,-1.83
2026-07-27 13:09:52.627,-0.58,0.33,0.73,-15.01,2.44,-1.83
2026-07-27 13:09:52.628,-0.59,0.32,0.73,-16.24,1.59,-6.53
2026-07-27 13:09:52.694,-0.59,0.32,0.73,-16.24,1.59,-6.53
2026-07-27 13:09:52.694,-0.59,0.32,0.74,-9.4,-0.67,-9.28
2026-07-27 13:09:52.742,-0.59,0.32,0.75,-0.06,-3.72,-8.61
2026-07-27 13:09:52.743,-0.59,0.32,0.75,-0.06,-3.72,-8.61
2026-07-27 13:09:52.744,-0.6,0.31,0.74,1.89,-4.46,-1.59
2026-07-27 13:09:52.866,-0.6,0.31,0.74,1.89,-4.46,-1.59
2026-07-27 13:09:52.866,-0.59,0.29,0.73,-7.87,-1.83,6.59
2026-07-27 13:09:52.866,-0.59,0.29,0.73,-7.87,-1.83,6.59
2026-07-27 13:09:52.867,-0.57,0.28,0.74,-18.62,-0.24,5.55
2026-07-27 13:09:52.867,-0.57,0.28,0.74,-18.62,-0.24,5.55
2026-07-27 13:09:52.867,-0.56,0.28,0.75,-22.16,-2.32,-6.04
2026-07-27 13:09:52.928,-0.56,0.28,0.75,-20.63,-6.53,-19.35
2026-07-27 13:09:52.929,-0.57,0.26,0.77,-20.63,-6.53,-19.35
2026-07-27 13:09:52.991,-0.59,0.25,0.77,-13.49,-9.95,-24.23
2026-07-27 13:09:52.991,-0.59,0.25,0.77,-13.49,-9.95,-24.23
2026-07-27 13:09:52.991,-0.58,0.26,0.74,0.73,-11.35,-20.57
2026-07-27 13:09:53.049,-0.58,0.26,0.74,0.73,-11.35,-20.57
2026-07-27 13:09:53.049,-0.56,0.27,0.72,10.5,-10.07,-13.31
2026-07-27 13:09:53.104,-0.53,0.26,0.74,5.25,-4.88,-1.59
2026-07-27 13:09:53.104,-0.53,0.26,0.74,5.25,-4.88,-1.59
2026-07-27 13:09:53.110,-0.54,0.24,0.78,-6.65,0.55,10.31
2026-07-27 13:09:53.169,-0.54,0.24,0.78,-6.65,0.55,10.31
2026-07-27 13:09:53.169,-0.58,0.22,0.81,-9.7,0.18,12.21
2026-07-27 13:09:53.169,-0.58,0.22,0.81,-9.7,0.18,12.21
2026-07-27 13:09:53.252,-0.61,0.23,0.8,-1.77,-5.13,3.85
2026-07-27 13:09:53.253,-0.61,0.23,0.8,6.35,-8.54,-4.88
2026-07-27 13:09:53.292,-0.62,0.24,0.77,6.35,-8.54,-4.88
2026-07-27 13:09:53.292,-0.6,0.25,0.76,5.68,-6.35,-7.08
2026-07-27 13:09:53.292,-0.6,0.25,0.76,5.68,-6.35,-7.08
2026-07-27 13:09:53.343,-0.57,0.24,0.77,-1.83,-1.22,-4.76
2026-07-27 13:09:53.343,-0.57,0.24,0.77,-1.83,-1.22,-4.76
2026-07-27 13:09:53.356,-0.54,0.23,0.78,-7.14,1.71,-2.87
2026-07-27 13:09:53.405,-0.54,0.23,0.78,-7.14,1.71,-2.87
2026-07-27 13:09:53.405,-0.54,0.22,0.78,-5.31,0.61,-2.99
2026-07-27 13:09:53.405,-0.54,0.22,0.78,-5.31,0.61,-2.99
2026-07-27 13:09:53.463,-0.55,0.22,0.78,0.55,-2.56,-3.91
2026-07-27 13:09:53.463,-0.57,0.22,0.78,4.82,-4.88,-4.52
2026-07-27 13:09:53.527,-0.57,0.22,0.78,4.82,-4.88,-4.52
2026-07-27 13:09:53.527,-0.57,0.22,0.79,5.62,-5.62,-5.37
2026-07-27 13:09:53.527,-0.57,0.22,0.79,5.62,-5.62,-5.37
2026-07-27 13:09:53.583,-0.56,0.22,0.79,4.76,-5.43,-6.84
2026-07-27 13:09:53.583,-0.56,0.22,0.79,4.76,-5.43,-6.84
2026-07-27 13:09:53.583,-0.56,0.23,0.78,2.75,-4.03,-6.04
2026-07-27 13:09:53.652,-0.56,0.23,0.78,2.75,-4.03,-6.04
2026-07-27 13:09:53.652,-0.56,0.23,0.78,-0.31,-1.95,-2.44
2026-07-27 13:09:53.709,-0.56,0.23,0.78,-1.83,-0.67,0.92
2026-07-27 13:09:53.710,-0.56,0.23,0.78,-1.83,-0.67,0.92
2026-07-27 13:09:53.710,-0.56,0.23,0.78,-0.98,-0.61,1.46
2026-07-27 13:09:53.763,-0.56,0.23,0.78,-0.98,-0.61,1.46
2026-07-27 13:09:53.763,-0.56,0.23,0.78,0.49,-1.1,-0.06
2026-07-27 13:09:53.763,-0.56,0.23,0.78,0.49,-1.1,-0.06
2026-07-27 13:09:53.823,-0.56,0.24,0.78,0.85,-1.1,-0.98
2026-07-27 13:09:53.823,-0.56,0.24,0.78,0.85,-1.1,-0.98
2026-07-27 13:09:53.887,-0.56,0.24,0.78,0.12,-0.61,-0.24
2026-07-27 13:09:53.888,-0.56,0.24,0.78,-0.79,-0.12,0.67
2026-07-27 13:09:53.888,-0.56,0.23,0.78,-0.79,-0.12,0.67
2026-07-27 13:09:53.944,-0.56,0.24,0.78,-1.1,0.06,0.79
2026-07-27 13:09:53.945,-0.56,0.24,0.78,-1.1,0.06,0.79
2026-07-27 13:09:53.945,-0.56,0.24,0.78,-0.92,0.0,0.55
2026-07-27 13:09:54.006,-0.56,0.24,0.78,-0.92,0.0,0.55
2026-07-27 13:09:54.006,-0.57,0.24,0.78,-0.43,-0.06,0.49
2026-07-27 13:09:54.006,-0.57,0.24,0.78,-0.43,-0.06,0.49
2026-07-27 13:09:54.065,-0.56,0.24,0.78,-0.49,0.31,1.1
2026-07-27 13:09:54.065,-0.56,0.24,0.78,-0.49,0.31,1.1
2026-07-27 13:09:54.123,-0.56,0.23,0.78,-1.04,0.73,1.28
2026-07-27 13:09:54.123,-0.55,0.23,0.78,-1.04,0.55,0.24
2026-07-27 13:09:54.123,-0.55,0.23,0.78,-1.04,0.55,0.24
2026-07-27 13:09:54.183,-0.56,0.23,0.79,-0.61,0.0,-0.61
2026-07-27 13:09:54.183,-0.56,0.23,0.79,-0.61,0.0,-0.61
2026-07-27 13:09:54.183,-0.57,0.24,0.79,-0.24,-0.49,-0.67
2026-07-27 13:09:54.246,-0.57,0.24,0.79,-0.24,-0.49,-0.67
2026-07-27 13:09:54.247,-0.58,0.24,0.79,-0.12,-0.85,-1.1
2026-07-27 13:09:54.302,-0.58,0.24,0.79,-0.12,-0.85,-1.1
2026-07-27 13:09:54.304,-0.58,0.24,0.78,-0.37,-0.98,-2.2
2026-07-27 13:09:54.304,-0.57,0.22,0.78,-1.1,-0.24,-3.3
2026-07-27 13:09:54.365,-0.57,0.22,0.78,-1.1,-0.24,-3.3
2026-07-27 13:09:54.365,-0.53,0.2,0.78,-1.59,1.16,-3.23
2026-07-27 13:09:54.365,-0.53,0.2,0.78,-1.59,1.16,-3.23
2026-07-27 13:09:54.423,-0.51,0.19,0.79,-0.73,1.89,-0.92
2026-07-27 13:09:54.423,-0.51,0.19,0.79,-0.73,1.89,-0.92
2026-07-27 13:09:54.490,-0.51,0.18,0.8,0.73,0.98,1.22
2026-07-27 13:09:54.491,-0.51,0.18,0.8,0.73,0.98,1.22
2026-07-27 13:09:54.491,-0.52,0.2,0.81,1.34,-0.49,1.83
2026-07-27 13:09:54.545,-0.52,0.2,0.81,1.34,-0.49,1.83
2026-07-27 13:09:54.546,-0.55,0.22,0.81,0.92,-0.79,4.94
2026-07-27 13:09:54.546,-0.6,0.26,0.78,0.0,-1.53,2.87
2026-07-27 13:09:54.607,-0.6,0.26,0.78,0.0,-1.53,2.87
2026-07-27 13:09:54.607,-0.6,0.29,0.76,1.89,-4.7,-13.43
2026-07-27 13:09:54.607,-0.6,0.29,0.76,1.89,-4.7,-13.43
2026-07-27 13:09:54.663,-0.58,0.25,0.77,9.03,-8.24,-28.63
2026-07-27 13:09:54.663,-0.58,0.25,0.77,9.03,-8.24,-28.63
2026-07-27 13:09:54.725,-0.56,0.23,0.78,16.91,-9.83,-29.3
2026-07-27 13:09:54.725,-0.56,0.23,0.78,18.62,-9.77,-19.59
2026-07-27 13:09:54.725,-0.56,0.23,0.78,18.62,-9.77,-19.59
2026-07-27 13:09:54.785,-0.57,0.24,0.79,11.47,-8.97,-5.8
2026-07-27 13:09:54.786,-0.57,0.24,0.79,11.47,-8.97,-5.8
2026-07-27 13:09:54.786,-0.59,0.24,0.79,-2.81,-7.57,8.48
2026-07-27 13:09:54.852,-0.59,0.24,0.79,-2.81,-7.57,8.48
2026-07-27 13:09:54.852,-0.58,0.25,0.78,-16.66,-5.49,13.85
2026-07-27 13:09:54.908,-0.58,0.25,0.78,-16.66,-5.49,13.85
2026-07-27 13:09:54.909,-0.58,0.24,0.77,-16.36,-5.49,1.83
2026-07-27 13:09:54.912,-0.56,0.22,0.78,-4.88,-8.06,-15.5
2026-07-27 13:09:54.967,-0.56,0.22,0.78,-4.88,-8.06,-15.5
2026-07-27 13:09:54.968,-0.53,0.18,0.82,5.62,-7.63,-21.85
2026-07-27 13:09:54.969,-0.53,0.18,0.82,5.62,-7.63,-21.85
2026-07-27 13:09:55.027,-0.49,0.17,0.83,18.31,0.92,-14.1
2026-07-27 13:09:55.027,-0.49,0.17,0.83,18.31,0.92,-14.1
2026-07-27 13:09:55.083,-0.45,0.21,0.84,29.54,9.34,3.97
2026-07-27 13:09:55.084,-0.43,0.26,0.83,26.55,12.76,24.23
2026-07-27 13:09:55.084,-0.43,0.26,0.83,26.55,12.76,24.23
2026-07-27 13:09:55.145,-0.45,0.28,0.84,-4.21,11.47,24.9
2026-07-27 13:09:55.146,-0.45,0.28,0.84,-4.21,11.47,24.9
2026-07-27 13:09:55.205,-0.48,0.2,0.93,-76.17,8.0,7.87
2026-07-27 13:09:55.205,-0.48,0.2,0.93,-76.17,8.0,7.87
2026-07-27 13:09:55.206,-0.49,0.02,1.04,-170.9,-8.85,-34.97
2026-07-27 13:09:55.263,-0.49,0.02,1.04,-170.9,-8.85,-34.97
2026-07-27 13:09:55.265,-0.49,0.02,1.04,-170.9,-8.85,-34.97
2026-07-27 13:09:55.265,-0.49,0.02,1.04,-170.9,-8.85,-34.97
2026-07-27 13:09:55.324,-0.48,-0.1,0.83,-162.35,-100.16,-75.62
2026-07-27 13:09:55.324,-0.56,-0.09,0.6,-76.29,-117.49,63.17
2026-07-27 13:09:55.324,-0.56,-0.09,0.6,-76.29,-117.49,63.17
2026-07-27 13:09:55.387,-0.66,-0.1,0.52,-14.53,-85.57,122.74
2026-07-27 13:09:55.387,-0.66,-0.1,0.52,-14.53,-85.57,122.74
2026-07-27 13:09:55.443,-0.6,-0.13,0.73,14.28,-3.17,45.84
2026-07-27 13:09:55.444,-0.6,-0.13,0.73,14.28,-3.17,45.84
2026-07-27 13:09:55.444,-0.39,-0.22,1.04,14.59,83.74,-48.46
2026-07-27 13:09:55.568,-0.3,-0.29,0.97,16.91,116.15,-99.12
2026-07-27 13:09:55.568,-0.3,-0.29,0.97,16.91,116.15,-99.12
2026-07-27 13:09:55.568,-0.35,-0.29,0.76,23.07,124.08,-134.34
2026-07-27 13:09:55.568,-0.35,-0.29,0.76,23.07,124.08,-134.34
2026-07-27 13:09:55.568,-0.5,-0.21,0.71,-1.89,135.93,-163.94
2026-07-27 13:09:55.626,-0.5,-0.21,0.71,-1.89,135.93,-163.94
2026-07-27 13:09:55.626,-0.7,-0.09,0.73,-32.04,102.72,-153.75
2026-07-27 13:09:55.627,-0.7,-0.29,0.62,-82.15,75.32,-131.35
2026-07-27 13:09:55.690,-0.7,-0.29,0.62,-82.15,75.32,-131.35
2026-07-27 13:09:55.691,-0.54,-0.67,0.49,-124.27,85.75,-95.64
2026-07-27 13:09:55.745,-0.54,-0.67,0.49,-124.27,85.75,-95.64
2026-07-27 13:09:55.745,-0.51,-0.76,0.45,-92.41,82.03,-27.53
2026-07-27 13:09:55.746,-0.51,-0.76,0.45,-92.41,82.03,-27.53
2026-07-27 13:09:55.804,-0.62,-0.71,0.48,-25.15,69.21,28.08
2026-07-27 13:09:55.804,-0.78,-0.69,0.66,89.54,61.16,67.57
2026-07-27 13:09:55.805,-0.78,-0.69,0.66,89.54,61.16,67.57
2026-07-27 13:09:55.865,-0.75,-0.57,0.62,282.71,148.68,131.04
2026-07-27 13:09:55.865,-0.75,-0.57,0.62,282.71,148.68,131.04
2026-07-27 13:09:55.924,-0.69,-0.11,0.43,437.68,300.23,200.44
2026-07-27 13:09:55.924,-0.82,0.46,0.33,536.44,238.4,155.88
2026-07-27 13:09:55.925,-0.82,0.46,0.33,536.44,238.4,155.88
2026-07-27 13:09:55.990,-0.8,0.44,0.34,605.16,-43.15,-29.36
2026-07-27 13:09:55.991,-0.8,0.44,0.34,605.16,-43.15,-29.36
2026-07-27 13:09:56.044,-0.75,-0.01,0.44,468.87,-228.03,-151.86
2026-07-27 13:09:56.044,-0.75,-0.01,0.44,468.87,-228.03,-151.86
2026-07-27 13:09:56.045,-0.92,-0.15,0.33,180.42,-183.35,-66.22
2026-07-27 13:09:56.127,-1.06,0.04,0.28,-12.94,-36.25,83.8
2026-07-27 13:09:56.128,-1.06,0.04,0.28,-12.94,-36.25,83.8
2026-07-27 13:09:56.163,-1.13,0.39,0.49,-62.26,47.91,163.15
2026-07-27 13:09:56.167,-1.13,0.39,0.49,-62.26,47.91,163.15
2026-07-27 13:09:56.167,-0.96,0.57,0.65,-98.02,-16.91,168.95
2026-07-27 13:09:56.245,-0.96,0.57,0.65,-98.02,-16.91,168.95
2026-07-27 13:09:56.247,-0.6,0.46,0.65,-197.75,-118.41,115.48
2026-07-27 13:09:56.285,-0.51,0.33,0.66,-224.06,-105.53,59.27
2026-07-27 13:09:56.286,-0.51,0.33,0.66,-224.06,-105.53,59.27
2026-07-27 13:09:56.286,-0.66,0.26,0.85,-117.86,-38.7,48.34
2026-07-27 13:09:56.375,-0.66,0.26,0.85,-117.86,-38.7,48.34
2026-07-27 13:09:56.376,-0.66,0.24,0.96,11.78,-65.98,76.54
2026-07-27 13:09:56.376,-0.66,0.24,0.96,11.78,-65.98,76.54
2026-07-27 13:09:56.403,-0.66,0.24,0.96,11.78,-65.98,76.54
2026-07-27 13:09:56.404,-0.66,0.24,0.96,11.78,-65.98,76.54
2026-07-27 13:09:56.404,-0.17,0.4,0.6,25.82,-275.21,60.49
2026-07-27 13:09:56.518,-0.09,0.4,0.66,-75.99,-247.5,7.81
2026-07-27 13:09:56.519,-0.09,0.4,0.66,-75.99,-247.5,7.81
2026-07-27 13:09:56.525,-0.11,0.23,0.84,-147.34,-158.57,-23.62
2026-07-27 13:09:56.526,-0.11,0.23,0.84,-147.34,-158.57,-23.62
2026-07-27 13:09:56.526,-0.11,0.07,0.98,-152.71,-88.01,-25.02
2026-07-27 13:09:56.584,-0.11,0.07,0.98,-152.71,-88.01,-25.02
2026-07-27 13:09:56.585,-0.07,-0.01,1.01,-109.07,-69.76,2.81
2026-07-27 13:09:56.690,-0.01,-0.02,0.99,-81.48,-76.29,36.56
2026-07-27 13:09:56.690,-0.01,-0.02,0.99,-81.48,-76.29,36.56
2026-07-27 13:09:56.691,0.03,-0.1,0.93,-116.82,-55.42,48.1
2026-07-27 13:09:56.703,0.03,-0.1,0.93,-116.82,-55.42,48.1
2026-07-27 13:09:56.704,0.08,-0.28,0.88,-159.0,-26.79,42.6
2026-07-27 13:09:56.704,0.08,-0.28,0.88,-159.0,-26.79,42.6
2026-07-27 13:09:56.792,0.15,-0.38,0.89,-135.44,-42.91,34.42
2026-07-27 13:09:56.792,0.26,-0.39,0.94,-75.2,-92.71,15.44
2026-07-27 13:09:56.856,0.26,-0.39,0.94,-75.2,-92.71,15.44
2026-07-27 13:09:56.857,0.37,-0.37,0.95,-30.09,-120.18,-18.13
2026-07-27 13:09:56.857,0.37,-0.37,0.95,-30.09,-120.18,-18.13
2026-07-27 13:09:56.887,0.4,-0.34,0.91,6.59,-90.33,-51.51
2026-07-27 13:09:56.889,0.4,-0.34,0.91,6.59,-90.33,-51.51
2026-07-27 13:09:56.889,0.36,-0.21,0.9,56.95,-43.09,-72.14
2026-07-27 13:09:56.973,0.35,-0.09,0.92,80.69,-9.77,-56.82
2026-07-27 13:09:56.974,0.35,-0.09,0.92,80.69,-9.77,-56.82
2026-07-27 13:09:57.031,0.41,-0.11,0.92,49.68,27.4,-15.99
2026-07-27 13:09:57.031,0.41,-0.11,0.92,49.68,27.4,-15.99
2026-07-27 13:09:57.032,0.43,-0.14,0.94,19.96,50.42,-7.26
2026-07-27 13:09:57.065,0.41,-0.09,0.97,22.58,26.49,-36.62
2026-07-27 13:09:57.065,0.41,-0.09,0.97,22.58,26.49,-36.62
2026-07-27 13:09:57.133,0.41,-0.06,1.01,-3.11,-29.91,-60.06
2026-07-27 13:09:57.134,0.41,-0.06,1.01,-3.11,-29.91,-60.06
2026-07-27 13:09:57.134,0.4,-0.17,0.9,-77.03,-69.21,-67.26
2026-07-27 13:09:57.200,0.4,-0.17,0.9,-77.03,-69.21,-67.26
2026-07-27 13:09:57.200,0.4,-0.32,0.68,-116.88,-66.41,-50.29
2026-07-27 13:09:57.201,0.4,-0.32,0.68,-109.62,-36.74,-18.92
2026-07-27 13:09:57.244,0.45,-0.32,0.57,-109.62,-36.74,-18.92
2026-07-27 13:09:57.245,0.45,-0.31,0.63,-135.25,17.27,0.49
2026-07-27 13:09:57.328,0.45,-0.31,0.63,-135.25,17.27,0.49
2026-07-27 13:09:57.329,0.39,-0.43,0.7,-199.46,70.01,28.63
2026-07-27 13:09:57.329,0.39,-0.43,0.7,-199.46,70.01,28.63
2026-07-27 13:09:57.375,0.32,-0.62,0.71,-220.46,70.01,69.58
2026-07-27 13:09:57.375,0.32,-0.62,0.71,-220.46,70.01,69.58
2026-07-27 13:09:57.376,0.32,-0.62,0.71,-220.46,70.01,69.58
2026-07-27 13:09:57.441,0.32,-0.62,0.71,-220.46,70.01,69.58
2026-07-27 13:09:57.442,0.31,-0.78,0.64,-37.48,-30.33,71.9
2026-07-27 13:09:57.531,0.34,-0.76,0.55,28.69,-37.48,37.05
2026-07-27 13:09:57.531,0.34,-0.76,0.55,28.69,-37.48,37.05
2026-07-27 13:09:57.532,0.36,-0.71,0.55,23.99,-0.92,10.56
2026-07-27 13:09:57.560,0.36,-0.71,0.55,23.99,-0.92,10.56
2026-07-27 13:09:57.561,0.36,-0.66,0.63,-11.41,47.67,-0.24
2026-07-27 13:09:57.561,0.36,-0.66,0.63,-11.41,47.67,-0.24
2026-07-27 13:09:57.619,0.33,-0.64,0.68,-32.53,74.28,-0.67
2026-07-27 13:09:57.620,0.33,-0.64,0.68,-25.15,64.21,4.7
2026-07-27 13:09:57.664,0.28,-0.66,0.69,-25.15,64.21,4.7
2026-07-27 13:09:57.665,0.22,-0.71,0.68,-3.05,29.79,12.82
2026-07-27 13:09:57.665,0.22,-0.71,0.68,-3.05,29.79,12.82
2026-07-27 13:09:57.724,0.19,-0.76,0.64,15.81,-4.15,19.53
2026-07-27 13:09:57.724,0.19,-0.76,0.64,15.81,-4.15,19.53
2026-07-27 13:09:57.725,0.21,-0.78,0.6,25.45,-16.17,19.1
2026-07-27 13:09:57.788,0.21,-0.78,0.6,25.45,-16.17,19.1
2026-07-27 13:09:57.788,0.24,-0.74,0.58,22.28,2.2,12.39
2026-07-27 13:09:57.859,0.22,-0.69,0.64,13.55,41.02,16.48
2026-07-27 13:09:57.860,0.22,-0.69,0.64,13.55,41.02,16.48
2026-07-27 13:09:57.860,0.15,-0.68,0.74,14.34,65.19,34.24
2026-07-27 13:09:57.905,0.15,-0.68,0.74,14.34,65.19,34.24
2026-07-27 13:09:57.906,0.11,-0.66,0.8,41.75,44.37,35.58
2026-07-27 13:09:57.906,0.11,-0.66,0.8,41.75,44.37,35.58
2026-07-27 13:09:57.977,0.11,-0.63,0.81,86.12,-4.15,21.36
2026-07-27 13:09:57.977,0.09,-0.61,0.8,101.56,-44.19,18.62
2026-07-27 13:09:58.045,0.09,-0.61,0.8,101.56,-44.19,18.62
2026-07-27 13:09:58.046,0.09,-0.59,0.76,76.78,-57.37,20.57
2026-07-27 13:09:58.046,0.09,-0.59,0.76,76.78,-57.37,20.57
2026-07-27 13:09:58.084,0.12,-0.55,0.76,36.68,-28.87,4.82
2026-07-27 13:09:58.084,0.12,-0.55,0.76,36.68,-28.87,4.82
2026-07-27 13:09:58.085,0.07,-0.51,0.81,4.7,6.35,-12.76
2026-07-27 13:09:58.145,0.07,-0.51,0.81,4.7,6.35,-12.76
2026-07-27 13:09:58.145,0.07,-0.51,0.81,4.7,6.35,-12.76
2026-07-27 13:09:58.145,0.07,-0.51,0.81,4.7,6.35,-12.76
2026-07-27 13:09:58.237,-0.0,-0.54,0.81,-6.04,10.01,8.73
2026-07-27 13:09:58.237,-0.0,-0.54,0.81,-6.04,10.01,8.73
2026-07-27 13:09:58.289,0.07,-0.55,0.83,0.79,14.77,18.31
2026-07-27 13:09:58.293,0.1,-0.53,0.86,5.31,16.72,15.81
2026-07-27 13:09:58.294,0.1,-0.53,0.86,5.31,16.72,15.81
2026-07-27 13:09:58.326,0.06,-0.51,0.85,2.93,10.56,5.98
2026-07-27 13:09:58.327,0.06,-0.51,0.85,2.93,10.56,5.98
2026-07-27 13:09:58.327,0.01,-0.5,0.84,-6.77,8.0,-5.92
2026-07-27 13:09:58.399,0.01,-0.5,0.84,-6.77,8.0,-5.92
2026-07-27 13:09:58.399,0.01,-0.53,0.84,-14.1,16.36,-12.63
2026-07-27 13:09:58.458,0.01,-0.53,0.84,-14.65,25.39,-12.08
2026-07-27 13:09:58.459,0.04,-0.57,0.84,-14.65,25.39,-12.08
2026-07-27 13:09:58.459,0.05,-0.61,0.82,-14.04,23.74,-6.71
2026-07-27 13:09:58.504,0.05,-0.61,0.82,-14.04,23.74,-6.71
2026-07-27 13:09:58.504,0.03,-0.62,0.79,-13.73,10.07,-0.18
2026-07-27 13:09:58.505,0.03,-0.62,0.79,-13.73,10.07,-0.18
2026-07-27 13:09:58.575,-0.01,-0.6,0.76,-10.01,-3.23,4.03
2026-07-27 13:09:58.575,-0.01,-0.6,0.76,-10.01,-3.23,4.03
2026-07-27 13:09:58.633,-0.06,-0.56,0.75,-1.04,-5.49,9.16
2026-07-27 13:09:58.633,-0.05,-0.54,0.78,9.09,-3.05,17.76
2026-07-27 13:09:58.633,-0.05,-0.54,0.78,9.09,-3.05,17.76
2026-07-27 13:09:58.690,0.01,-0.54,0.82,15.93,-8.24,19.9
2026-07-27 13:09:58.691,0.01,-0.54,0.82,15.93,-8.24,19.9
2026-07-27 13:09:58.691,0.07,-0.53,0.86,20.57,-19.1,7.87
2026-07-27 13:09:58.745,0.07,-0.53,0.86,20.57,-19.1,7.87
2026-07-27 13:09:58.745,0.07,-0.53,0.89,20.87,-19.71,-10.19
2026-07-27 13:09:58.745,0.07,-0.53,0.89,20.87,-19.71,-10.19
2026-07-27 13:09:58.810,0.04,-0.53,0.91,12.76,-6.35,-21.91
2026-07-27 13:09:58.810,-0.0,-0.53,0.89,2.08,5.98,-27.16
2026-07-27 13:09:58.867,-0.0,-0.53,0.89,2.08,5.98,-27.16
2026-07-27 13:09:58.867,-0.02,-0.53,0.84,-5.19,8.91,-31.98
2026-07-27 13:09:58.868,-0.02,-0.53,0.84,-5.19,8.91,-31.98
2026-07-27 13:09:58.923,-0.02,-0.54,0.8,-8.73,7.93,-35.03
2026-07-27 13:09:58.924,-0.02,-0.54,0.8,-8.73,7.93,-35.03
2026-07-27 13:09:58.984,-0.01,-0.55,0.77,-12.33,12.51,-35.28
2026-07-27 13:09:58.985,0.02,-0.58,0.77,-16.66,23.86,-34.06
2026-07-27 13:09:58.985,0.02,-0.58,0.77,-16.66,23.86,-34.06
2026-07-27 13:09:59.044,0.05,-0.6,0.77,-18.49,34.97,-33.08
2026-07-27 13:09:59.044,0.05,-0.6,0.77,-18.49,34.97,-33.08
2026-07-27 13:09:59.104,0.04,-0.61,0.8,-22.77,41.63,-33.81
2026-07-27 13:09:59.104,0.04,-0.61,0.8,-30.09,46.02,-36.19
2026-07-27 13:09:59.104,0.04,-0.59,0.82,-30.09,46.02,-36.19
2026-07-27 13:09:59.224,0.03,-0.57,0.83,-34.55,49.68,-38.94
2026-07-27 13:09:59.224,0.03,-0.57,0.83,-34.55,49.68,-38.94
2026-07-27 13:09:59.224,0.02,-0.57,0.84,-29.91,46.33,-36.32
2026-07-27 13:09:59.225,0.02,-0.57,0.84,-29.91,46.33,-36.32
2026-07-27 13:09:59.225,0.02,-0.62,0.83,-17.52,32.59,-29.17
2026-07-27 13:09:59.287,0.02,-0.62,0.83,-12.57,8.42,-23.38
2026-07-27 13:09:59.287,0.01,-0.65,0.81,-12.57,8.42,-23.38
2026-07-27 13:09:59.287,0.03,-0.63,0.79,-20.75,-19.1,-21.85
2026-07-27 13:09:59.343,0.03,-0.63,0.79,-20.75,-19.1,-21.85
2026-07-27 13:09:59.344,0.1,-0.64,0.75,-36.25,-35.16,-33.63
2026-07-27 13:09:59.344,0.1,-0.64,0.75,-36.25,-35.16,-33.63
2026-07-27 13:09:59.403,0.19,-0.66,0.73,-47.18,-46.33,-72.94
2026-07-27 13:09:59.404,0.19,-0.66,0.73,-44.25,-76.54,-127.93
2026-07-27 13:09:59.463,0.31,-0.63,0.74,-44.25,-76.54,-127.93
2026-07-27 13:09:59.464,0.46,-0.55,0.69,-31.49,-104.49,-157.04
2026-07-27 13:09:59.464,0.46,-0.55,0.69,-31.49,-104.49,-157.04
2026-07-27 13:09:59.524,0.51,-0.56,0.55,-49.8,-63.66,-98.08
2026-07-27 13:09:59.524,0.51,-0.56,0.55,-49.8,-63.66,-98.08
2026-07-27 13:09:59.583,0.41,-0.65,0.44,-88.07,27.1,18.86
2026-07-27 13:09:59.583,0.29,-0.74,0.45,-86.24,78.74,74.95
2026-07-27 13:09:59.583,0.29,-0.74,0.45,-86.24,78.74,74.95
2026-07-27 13:09:59.643,0.25,-0.77,0.49,-50.42,60.06,54.14
2026-07-27 13:09:59.643,0.25,-0.77,0.49,-50.42,60.06,54.14
2026-07-27 13:09:59.644,0.27,-0.78,0.5,-11.9,19.71,15.81
2026-07-27 13:09:59.704,0.27,-0.78,0.5,-11.9,19.71,15.81
2026-07-27 13:09:59.704,0.24,-0.79,0.51,16.48,14.28,-5.37
2026-07-27 13:09:59.764,0.24,-0.79,0.51,16.48,14.28,-5.37
2026-07-27 13:09:59.764,0.19,-0.78,0.53,42.6,37.96,-2.38
2026-07-27 13:09:59.765,0.16,-0.75,0.6,64.7,62.87,10.8
2026-07-27 13:09:59.827,0.16,-0.75,0.6,64.7,62.87,10.8
2026-07-27 13:09:59.828,0.12,-0.72,0.69,55.6,79.28,12.21
2026-07-27 13:09:59.828,0.12,-0.72,0.69,55.6,79.28,12.21
2026-07-27 13:09:59.904,0.1,-0.72,0.7,26.98,66.04,-0.98
2026-07-27 13:09:59.904,0.1,-0.72,0.7,26.98,66.04,-0.98
2026-07-27 13:09:59.970,0.13,-0.73,0.63,21.18,17.33,-8.42
2026-07-27 13:09:59.970,0.14,-0.71,0.62,31.37,-24.29,-6.96
2026-07-27 13:09:59.970,0.14,-0.71,0.62,31.37,-24.29,-6.96
2026-07-27 13:10:00.008,0.12,-0.66,0.67,29.85,-28.44,-9.4
2026-07-27 13:10:00.008,0.12,-0.66,0.67,29.85,-28.44,-9.4
2026-07-27 13:10:00.064,0.13,-0.63,0.71,13.92,-7.51,-15.08
2026-07-27 13:10:00.065,0.13,-0.63,0.71,13.92,-7.51,-15.08
2026-07-27 13:10:00.065,0.14,-0.65,0.72,-0.12,13.18,-20.14
2026-07-27 13:10:00.124,0.14,-0.65,0.72,-0.12,13.18,-20.14
2026-07-27 13:10:00.124,0.14,-0.67,0.71,-3.17,23.07,-24.11
2026-07-27 13:10:00.125,0.14,-0.69,0.71,-1.46,26.49,-25.15
2026-07-27 13:10:00.186,0.14,-0.69,0.71,-1.46,26.49,-25.15
2026-07-27 13:10:00.186,0.15,-0.7,0.71,-1.22,32.47,-23.8
2026-07-27 13:10:00.187,0.15,-0.7,0.71,-1.22,32.47,-23.8
2026-07-27 13:10:00.247,0.16,-0.68,0.71,-11.05,45.96,-22.4
2026-07-27 13:10:00.247,0.16,-0.68,0.71,-11.05,45.96,-22.4
2026-07-27 13:10:00.308,0.15,-0.69,0.71,-37.72,61.65,-20.02
2026-07-27 13:10:00.313,0.14,-0.69,0.71,-59.14,65.49,-22.58
2026-07-27 13:10:00.316,0.14,-0.69,0.71,-59.14,65.49,-22.58
2026-07-27 13:10:00.365,0.13,-0.69,0.69,-57.43,55.24,-34.61
2026-07-27 13:10:00.365,0.13,-0.69,0.69,-57.43,55.24,-34.61
2026-07-27 13:10:00.423,0.13,-0.68,0.65,-37.96,43.27,-47.3
2026-07-27 13:10:00.424,0.13,-0.68,0.65,-37.96,43.27,-47.3
2026-07-27 13:10:00.424,0.16,-0.67,0.65,-8.36,36.5,-48.34
2026-07-27 13:10:00.488,0.21,-0.68,0.67,14.4,36.32,-35.83
2026-07-27 13:10:00.488,0.21,-0.68,0.67,14.4,36.32,-35.83
2026-07-27 13:10:00.489,0.22,-0.71,0.69,21.91,39.12,-27.1
2026-07-27 13:10:00.544,0.22,-0.71,0.69,21.91,39.12,-27.1
2026-07-27 13:10:00.544,0.18,-0.74,0.69,26.86,36.56,-34.42
2026-07-27 13:10:00.604,0.18,-0.74,0.69,26.86,36.56,-34.42
2026-07-27 13:10:00.604,0.12,-0.72,0.68,40.83,26.61,-43.52
2026-07-27 13:10:00.605,0.12,-0.72,0.68,50.11,17.7,-32.47
2026-07-27 13:10:00.734,0.12,-0.65,0.67,50.11,17.7,-32.47
2026-07-27 13:10:00.735,0.17,-0.62,0.71,38.02,20.87,-5.07
2026-07-27 13:10:00.735,0.17,-0.62,0.71,38.02,20.87,-5.07
2026-07-27 13:10:00.735,0.2,-0.59,0.81,14.95,32.78,21.55
2026-07-27 13:10:00.736,0.2,-0.59,0.81,14.95,32.78,21.55
2026-07-27 13:10:00.785,0.19,-0.6,0.85,2.38,39.49,48.34
2026-07-27 13:10:00.785,0.19,-0.6,0.85,2.38,39.49,48.34
2026-07-27 13:10:00.786,0.12,-0.59,0.81,-2.62,52.19,46.81
2026-07-27 13:10:00.843,-0.01,-0.54,0.79,-13.43,79.71,19.84
2026-07-27 13:10:00.844,-0.01,-0.54,0.79,-13.43,79.71,19.84
2026-07-27 13:10:00.907,-0.1,-0.54,0.8,-23.07,92.9,4.21
2026-07-27 13:10:00.908,-0.1,-0.54,0.8,-23.07,92.9,4.21
2026-07-27 13:10:00.908,-0.15,-0.56,0.81,-24.54,76.35,-7.57
2026-07-27 13:10:00.976,-0.15,-0.56,0.81,-24.54,76.35,-7.57
2026-07-27 13:10:00.976,-0.17,-0.59,0.82,-25.7,45.84,-17.82
2026-07-27 13:10:01.024,-0.13,-0.66,0.82,-27.53,18.49,-29.11
2026-07-27 13:10:01.026,-0.13,-0.66,0.82,-27.53,18.49,-29.11
2026-07-27 13:10:01.026,-0.04,-0.75,0.71,-32.23,-0.06,-53.96
2026-07-27 13:10:01.085,-0.04,-0.75,0.71,-32.23,-0.06,-53.96
2026-07-27 13:10:01.086,0.05,-0.87,0.53,-47.73,-9.34,-80.93
2026-07-27 13:10:01.086,0.05,-0.87,0.53,-74.58,-4.46,-95.09
2026-07-27 13:10:01.152,0.1,-1.07,0.35,-74.58,-4.46,-95.09
2026-07-27 13:10:01.152,0.02,-1.26,0.21,-149.66,-2.69,-100.65
2026-07-27 13:10:01.152,0.02,-1.26,0.21,-149.66,-2.69,-100.65
2026-07-27 13:10:01.206,-0.02,-1.21,0.25,-257.51,-15.93,-99.24
2026-07-27 13:10:01.207,-0.02,-1.21,0.25,-257.51,-15.93,-99.24
2026-07-27 13:10:01.265,0.17,-1.02,0.36,-268.31,-8.0,-96.62
2026-07-27 13:10:01.265,0.17,-1.02,0.36,-138.61,43.95,-99.73
2026-07-27 13:10:01.265,0.36,-0.92,0.37,-138.61,43.95,-99.73
2026-07-27 13:10:01.385,0.39,-0.94,0.56,69.34,72.51,-103.82
2026-07-27 13:10:01.385,0.39,-0.94,0.56,69.34,72.51,-103.82
2026-07-27 13:10:01.444,0.37,-0.99,0.86,190.06,30.64,-93.26
2026-07-27 13:10:01.444,0.37,-0.99,0.86,190.06,30.64,-93.26
2026-07-27 13:10:01.445,0.41,-0.97,0.74,143.68,-64.58,-92.96
2026-07-27 13:10:01.445,0.46,-0.76,0.33,86.79,-173.28,-116.15
2026-07-27 13:10:01.445,0.46,-0.76,0.33,86.79,-173.28,-116.15
2026-07-27 13:10:01.567,0.47,-0.52,0.05,76.6,-201.05,-105.59
2026-07-27 13:10:01.567,0.47,-0.52,0.05,76.6,-201.05,-105.59
2026-07-27 13:10:01.567,0.57,-0.38,-0.0,63.35,-121.64,-38.27
2026-07-27 13:10:01.568,0.57,-0.38,-0.0,63.35,-121.64,-38.27
2026-07-27 13:10:01.568,0.75,-0.38,0.12,52.67,-12.02,53.28
2026-07-27 13:10:01.568,0.86,-0.56,0.19,74.22,57.25,108.83
2026-07-27 13:10:01.625,0.86,-0.56,0.19,74.22,57.25,108.83
2026-07-27 13:10:01.625,0.83,-0.79,0.1,119.08,64.7,105.83
2026-07-27 13:10:01.683,0.83,-0.79,0.1,119.08,64.7,105.83
2026-07-27 13:10:01.683,0.75,-0.79,-0.05,140.81,35.89,95.95
2026-07-27 13:10:01.684,0.75,-0.79,-0.05,140.81,35.89,95.95
2026-07-27 13:10:01.805,0.75,-0.56,0.02,97.9,16.91,96.07
2026-07-27 13:10:01.805,0.69,-0.34,0.41,6.29,36.74,78.49
2026-07-27 13:10:01.809,0.69,-0.34,0.41,6.29,36.74,78.49
2026-07-27 13:10:01.809,0.58,-0.3,0.85,-57.98,72.75,41.26
2026-07-27 13:10:01.809,0.58,-0.3,0.85,-57.98,72.75,41.26
2026-07-27 13:10:01.865,0.38,-0.44,1.1,-49.8,99.91,3.42
2026-07-27 13:10:01.866,0.38,-0.44,1.1,-49.8,99.91,3.42
2026-07-27 13:10:01.866,0.11,-0.62,1.13,12.39,138.92,14.34
2026-07-27 13:10:01.924,-0.09,-0.73,1.01,88.38,146.73,81.54
2026-07-27 13:10:01.924,-0.09,-0.73,1.01,88.38,146.73,81.54
2026-07-27 13:10:01.986,-0.25,-0.72,0.85,131.84,76.97,120.3
2026-07-27 13:10:01.986,-0.25,-0.72,0.85,131.84,76.97,120.3
2026-07-27 13:10:01.987,-0.37,-0.59,0.71,123.66,-20.69,72.51
2026-07-27 13:10:02.043,-0.37,-0.59,0.71,123.66,-20.69,72.51
2026-07-27 13:10:02.044,-0.32,-0.45,0.66,92.22,-93.14,-26.25
2026-07-27 13:10:02.108,-0.14,-0.37,0.69,83.37,-112.49,-99.55
2026-07-27 13:10:02.109,-0.14,-0.37,0.69,83.37,-112.49,-99.55
2026-07-27 13:10:02.109,-0.04,-0.33,0.71,112.73,-90.33,-86.85
2026-07-27 13:10:02.164,-0.04,-0.33,0.71,112.73,-90.33,-86.85
2026-07-27 13:10:02.164,0.07,-0.36,0.68,116.27,-68.73,-12.21
2026-07-27 13:10:02.164,0.07,-0.36,0.68,116.27,-68.73,-12.21
2026-07-27 13:10:02.226,0.2,-0.4,0.69,76.23,-74.95,19.1
2026-07-27 13:10:02.226,0.24,-0.42,0.79,48.52,-71.96,-2.81
2026-07-27 13:10:02.283,0.24,-0.42,0.79,48.52,-71.96,-2.81
2026-07-27 13:10:02.284,0.31,-0.41,0.92,50.96,-40.77,13.92
2026-07-27 13:10:02.284,0.31,-0.41,0.92,50.96,-40.77,13.92
2026-07-27 13:10:02.345,0.41,-0.31,0.99,58.72,-9.89,59.45
2026-07-27 13:10:02.346,0.41,-0.31,0.99,58.72,-9.89,59.45
2026-07-27 13:10:02.346,0.38,-0.25,1.04,21.73,14.83,51.51
2026-07-27 13:10:02.403,0.31,-0.29,1.08,-47.55,26.18,-8.36
2026-07-27 13:10:02.404,0.31,-0.29,1.08,-47.55,26.18,-8.36
2026-07-27 13:10:02.464,0.29,-0.22,1.09,-73.18,48.34,-52.43
2026-07-27 13:10:02.464,0.29,-0.22,1.09,-73.18,48.34,-52.43
2026-07-27 13:10:02.464,0.28,-0.09,1.02,-21.48,98.69,-28.08
2026-07-27 13:10:02.523,0.28,-0.09,1.02,-21.48,98.69,-28.08
2026-07-27 13:10:02.527,0.28,-0.11,0.91,51.45,123.9,56.03
2026-07-27 13:10:02.585,0.29,-0.22,0.9,88.38,100.16,130.31
2026-07-27 13:10:02.585,0.29,-0.22,0.9,88.38,100.16,130.31
2026-07-27 13:10:02.586,0.3,-0.26,0.97,98.45,67.81,136.72
2026-07-27 13:10:02.644,0.3,-0.26,0.97,98.45,67.81,136.72
2026-07-27 13:10:02.645,0.28,-0.19,1.03,90.03,44.62,90.03
2026-07-27 13:10:02.645,0.28,-0.19,1.03,90.03,44.62,90.03
2026-07-27 13:10:02.704,0.18,-0.07,0.97,65.73,20.87,41.2
2026-07-27 13:10:02.704,0.04,0.04,0.84,37.48,-0.73,22.58
2026-07-27 13:10:02.773,0.04,0.04,0.84,37.48,-0.73,22.58
2026-07-27 13:10:02.774,-0.03,0.12,0.73,22.09,-6.47,27.28
2026-07-27 13:10:02.774,-0.03,0.12,0.73,22.09,-6.47,27.28
2026-07-27 13:10:02.825,-0.05,0.17,0.74,25.33,7.02,33.69
2026-07-27 13:10:02.825,-0.05,0.17,0.74,25.33,7.02,33.69
2026-07-27 13:10:02.826,-0.02,0.17,0.86,34.3,29.6,43.46
2026-07-27 13:10:02.888,-0.02,0.17,0.86,34.85,48.89,65.06
2026-07-27 13:10:02.889,0.03,0.08,1.04,34.85,48.89,65.06
2026-07-27 13:10:02.944,0.06,-0.05,1.16,20.57,53.04,96.19
2026-07-27 13:10:02.944,0.06,-0.05,1.16,20.57,53.04,96.19
2026-07-27 13:10:02.945,0.03,-0.15,1.18,1.22,35.34,117.74
2026-07-27 13:10:03.065,0.03,-0.15,1.18,-9.58,7.26,104.0
2026-07-27 13:10:03.065,-0.07,-0.12,1.18,-9.58,7.26,104.0
2026-07-27 13:10:03.066,-0.13,0.03,1.19,-9.95,-14.53,59.45
2026-07-27 13:10:03.066,-0.13,0.03,1.19,-9.95,-14.53,59.45
2026-07-27 13:10:03.066,-0.17,0.17,1.17,-6.16,-24.54,12.21
2026-07-27 13:10:03.124,-0.17,0.17,1.17,-6.16,-24.54,12.21
2026-07-27 13:10:03.124,-0.2,0.28,1.1,-0.37,-24.35,-21.0
2026-07-27 13:10:03.125,-0.2,0.28,1.1,-0.37,-24.35,-21.0
2026-07-27 13:10:03.184,-0.19,0.3,1.0,5.0,-19.41,-32.1
2026-07-27 13:10:03.184,-0.19,0.3,1.0,3.72,-14.59,-20.81
2026-07-27 13:10:03.245,-0.14,0.25,0.94,3.72,-14.59,-20.81
2026-07-27 13:10:03.245,-0.1,0.17,0.91,-3.23,-13.73,-2.44
2026-07-27 13:10:03.245,-0.1,0.17,0.91,-3.23,-13.73,-2.44
2026-07-27 13:10:03.303,-0.08,0.1,0.88,-12.94,-17.21,5.25
2026-07-27 13:10:03.304,-0.08,0.1,0.88,-12.94,-17.21,5.25
2026-07-27 13:10:03.304,-0.08,0.07,0.88,-23.99,-19.23,-5.8
2026-07-27 13:10:03.367,-0.08,0.07,0.88,-23.99,-19.23,-5.8
2026-07-27 13:10:03.367,-0.07,0.1,0.92,-30.82,-15.26,-28.75
2026-07-27 13:10:03.424,-0.07,0.15,0.98,-31.86,-7.14,-49.8
2026-07-27 13:10:03.424,-0.07,0.15,0.98,-31.86,-7.14,-49.8
2026-07-27 13:10:03.424,-0.08,0.18,1.02,-30.09,0.0,-60.0
2026-07-27 13:10:03.487,-0.08,0.18,1.02,-30.09,0.0,-60.0
2026-07-27 13:10:03.487,-0.09,0.18,1.02,-27.34,5.43,-56.76
2026-07-27 13:10:03.487,-0.09,0.18,1.02,-27.34,5.43,-56.76
2026-07-27 13:10:03.543,-0.06,0.16,1.02,-21.73,12.63,-41.93
2026-07-27 13:10:03.544,-0.06,0.16,1.02,-14.65,20.14,-20.26
2026-07-27 13:10:03.608,0.0,0.11,1.02,-14.65,20.14,-20.26
2026-07-27 13:10:03.608,0.04,0.03,1.03,-11.9,19.78,3.54
2026-07-27 13:10:03.608,0.04,0.03,1.03,-11.9,19.78,3.54
2026-07-27 13:10:03.664,0.04,-0.04,1.03,-13.49,9.09,20.51
2026-07-27 13:10:03.664,0.04,-0.04,1.03,-13.49,9.09,20.51
2026-07-27 13:10:03.664,-0.01,-0.07,1.01,-15.75,-2.01,20.63
2026-07-27 13:10:03.723,-0.01,-0.07,1.01,-15.75,-2.01,20.63
2026-07-27 13:10:03.725,-0.08,-0.04,0.99,-16.3,-4.82,7.14
2026-07-27 13:10:03.785,-0.08,-0.04,0.99,-15.87,-0.73,-3.11
2026-07-27 13:10:03.785,-0.11,0.01,0.98,-15.87,-0.73,-3.11
2026-07-27 13:10:03.786,-0.11,0.01,0.98,-16.66,3.97,1.16
2026-07-27 13:10:03.847,-0.11,0.01,0.98,-16.66,3.97,1.16
2026-07-27 13:10:03.847,-0.07,-0.04,1.0,-16.42,4.76,13.06
2026-07-27 13:10:03.848,-0.07,-0.04,1.0,-16.42,4.76,13.06
2026-07-27 13:10:03.906,-0.05,-0.1,1.02,-12.02,1.65,19.29
2026-07-27 13:10:03.907,-0.05,-0.1,1.02,-12.02,1.65,19.29
2026-07-27 13:10:03.964,-0.05,-0.14,1.04,-5.13,-2.2,15.2
2026-07-27 13:10:03.964,-0.06,-0.13,1.03,0.67,-5.0,6.04
2026-07-27 13:10:03.964,-0.06,-0.13,1.03,0.67,-5.0,6.04
2026-07-27 13:10:04.024,-0.07,-0.12,1.0,4.82,-6.71,0.06
2026-07-27 13:10:04.086,-0.07,-0.12,1.0,4.82,-6.71,0.06
2026-07-27 13:10:04.086,-0.05,-0.13,0.97,6.41,-7.26,0.85
2026-07-27 13:10:04.086,-0.05,-0.13,0.97,6.41,-7.26,0.85
2026-07-27 13:10:04.087,-0.03,-0.14,0.96,4.88,-6.35,4.46
2026-07-27 13:10:04.087,-0.03,-0.14,0.96,4.88,-6.35,4.46
2026-07-27 13:10:04.144,-0.02,-0.14,0.98,1.71,-3.85,4.27
2026-07-27 13:10:04.144,-0.02,-0.14,0.98,1.71,-3.85,4.27
2026-07-27 13:10:04.208,-0.03,-0.11,0.99,-0.73,-1.22,-0.49
2026-07-27 13:10:04.208,-0.05,-0.08,0.98,-2.56,-0.79,-4.58
2026-07-27 13:10:04.211,-0.05,-0.08,0.98,-2.56,-0.79,-4.58
2026-07-27 13:10:04.264,-0.06,-0.07,0.96,-6.23,-1.71,-5.07
2026-07-27 13:10:04.264,-0.06,-0.07,0.96,-6.23,-1.71,-5.07
2026-07-27 13:10:04.264,-0.05,-0.09,0.96,-10.19,-1.53,-4.39
2026-07-27 13:10:04.326,-0.05,-0.09,0.96,-10.19,-1.53,-4.39
2026-07-27 13:10:04.326,-0.03,-0.11,0.97,-12.21,-0.73,-5.55
2026-07-27 13:10:04.326,-0.03,-0.11,0.97,-12.21,-0.73,-5.55
2026-07-27 13:10:04.384,-0.02,-0.12,0.98,-13.37,-0.31,-8.42
2026-07-27 13:10:04.385,-0.03,-0.12,1.0,-13.49,-0.37,-11.72
2026-07-27 13:10:04.445,-0.03,-0.12,1.0,-13.49,-0.37,-11.72
2026-07-27 13:10:04.447,-0.04,-0.12,1.0,-11.05,-0.67,-13.18
2026-07-27 13:10:04.447,-0.04,-0.12,1.0,-11.05,-0.67,-13.18
2026-07-27 13:10:04.504,-0.04,-0.12,0.99,-7.45,-0.73,-10.5
2026-07-27 13:10:04.504,-0.04,-0.12,0.99,-7.45,-0.73,-10.5
2026-07-27 13:10:04.504,-0.02,-0.13,0.98,-5.37,-0.55,-4.76
2026-07-27 13:10:04.564,-0.02,-0.13,0.98,-5.37,-0.55,-4.76
2026-07-27 13:10:04.565,-0.01,-0.14,0.97,-5.62,-0.06,-0.43
2026-07-27 13:10:04.624,-0.01,-0.14,0.97,-6.04,1.4,0.61
2026-07-27 13:10:04.624,-0.02,-0.14,0.97,-6.04,1.4,0.61
2026-07-27 13:10:04.624,-0.02,-0.14,0.99,-5.13,2.75,1.22
2026-07-27 13:10:04.686,-0.02,-0.14,0.99,-5.13,2.75,1.22
2026-07-27 13:10:04.687,-0.01,-0.15,1.0,-3.85,2.01,2.56
2026-07-27 13:10:04.687,-0.01,-0.15,1.0,-3.85,2.01,2.56
2026-07-27 13:10:04.744,-0.01,-0.16,1.0,-2.99,0.0,3.05
2026-07-27 13:10:04.744,-0.01,-0.16,1.0,-2.99,0.0,3.05
2026-07-27 13:10:04.745,-0.02,-0.17,0.99,-2.38,-1.46,2.2
2026-07-27 13:10:04.804,-0.02,-0.17,0.99,-2.38,-1.46,2.2
2026-07-27 13:10:04.805,-0.02,-0.17,0.98,-2.32,-2.26,1.16
2026-07-27 13:10:04.863,-0.03,-0.17,0.97,-2.69,-2.69,0.85
2026-07-27 13:10:04.864,-0.03,-0.17,0.97,-2.69,-2.69,0.85
2026-07-27 13:10:04.864,-0.04,-0.17,0.97,-3.36,-1.95,0.85
2026-07-27 13:10:04.923,-0.04,-0.17,0.97,-3.36,-1.95,0.85
2026-07-27 13:10:04.924,-0.05,-0.16,0.97,-5.07,0.18,1.71
2026-07-27 13:10:04.924,-0.05,-0.16,0.97,-5.07,0.18,1.71
2026-07-27 13:10:04.991,-0.05,-0.16,0.97,-7.87,1.89,4.58
2026-07-27 13:10:04.991,-0.05,-0.16,0.97,-9.28,2.5,6.71
2026-07-27 13:10:05.046,-0.05,-0.17,0.98,-9.28,2.5,6.71
2026-07-27 13:10:05.046,-0.04,-0.19,0.98,-7.63,2.5,6.96
2026-07-27 13:10:05.046,-0.04,-0.19,0.98,-7.63,2.5,6.96
2026-07-27 13:10:05.104,-0.02,-0.2,0.97,-5.13,2.08,6.53
2026-07-27 13:10:05.104,-0.02,-0.2,0.97,-5.13,2.08,6.53
2026-07-27 13:10:05.105,-0.01,-0.2,0.97,-4.15,1.46,4.88
2026-07-27 13:10:05.163,-0.01,-0.2,0.97,-4.15,1.46,4.88
2026-07-27 13:10:05.164,-0.02,-0.19,0.99,-4.33,0.67,1.71
2026-07-27 13:10:05.164,-0.02,-0.19,0.99,-4.33,0.67,1.71
2026-07-27 13:10:05.224,-0.05,-0.18,0.99,-3.78,-0.79,0.12
2026-07-27 13:10:05.225,-0.07,-0.18,0.97,-2.08,-2.32,2.62
2026-07-27 13:10:05.283,-0.07,-0.18,0.97,-2.08,-2.32,2.62
2026-07-27 13:10:05.284,-0.06,-0.2,0.94,-0.98,-2.32,8.18
2026-07-27 13:10:05.284,-0.06,-0.2,0.94,-0.98,-2.32,8.18
2026-07-27 13:10:05.346,-0.04,-0.21,0.94,-1.46,-0.18,11.78
2026-07-27 13:10:05.346,-0.04,-0.21,0.94,-1.46,-0.18,11.78
2026-07-27 13:10:05.403,-0.02,-0.21,0.96,-2.2,2.75,8.61
2026-07-27 13:10:05.404,-0.02,-0.21,0.96,-2.2,2.75,8.61
2026-07-27 13:10:05.404,-0.02,-0.2,0.98,-1.46,3.91,1.89
2026-07-27 13:10:05.464,-0.02,-0.2,0.98,0.18,2.08,-2.44
2026-07-27 13:10:05.465,-0.03,-0.2,0.99,0.18,2.08,-2.44
2026-07-27 13:10:05.465,-0.04,-0.2,0.98,1.1,-0.85,-3.85
2026-07-27 13:10:05.523,-0.04,-0.2,0.98,1.1,-0.85,-3.85
2026-07-27 13:10:05.524,-0.04,-0.2,0.97,1.53,-2.87,-4.82
2026-07-27 13:10:05.524,-0.04,-0.2,0.97,1.53,-2.87,-4.82
2026-07-27 13:10:05.591,-0.05,-0.19,0.96,2.14,-3.23,-5.86
2026-07-27 13:10:05.592,-0.05,-0.19,0.96,2.14,-3.23,-5.86
2026-07-27 13:10:05.644,-0.06,-0.2,0.96,2.2,-2.56,-5.8
2026-07-27 13:10:05.644,-0.06,-0.2,0.96,2.2,-2.56,-5.8
2026-07-27 13:10:05.644,-0.05,-0.21,0.98,1.16,-1.28,-4.7
2026-07-27 13:10:05.706,-0.04,-0.21,0.99,-0.43,-0.37,-2.62
2026-07-27 13:10:05.708,-0.04,-0.21,0.99,-0.43,-0.37,-2.62
2026-07-27 13:10:05.708,-0.03,-0.21,0.98,-2.08,-0.49,0.0
2026-07-27 13:10:05.764,-0.03,-0.21,0.98,-2.08,-0.49,0.0
2026-07-27 13:10:05.764,-0.03,-0.2,0.97,-3.66,-1.04,1.34
2026-07-27 13:10:05.764,-0.03,-0.2,0.97,-3.66,-1.04,1.34
2026-07-27 13:10:05.826,-0.04,-0.19,0.97,-4.33,-1.34,0.67
2026-07-27 13:10:05.827,-0.04,-0.19,0.97,-4.33,-1.34,0.67
2026-07-27 13:10:05.885,-0.05,-0.19,0.97,-3.3,-1.59,-0.49
2026-07-27 13:10:05.885,-0.05,-0.19,0.97,-1.34,-1.65,-0.61
2026-07-27 13:10:05.885,-0.05,-0.19,0.97,-1.34,-1.65,-0.61
2026-07-27 13:10:05.944,-0.04,-0.19,0.97,0.55,-1.89,-0.06
2026-07-27 13:10:05.946,-0.04,-0.19,0.97,0.55,-1.89,-0.06
2026-07-27 13:10:05.946,-0.02,-0.21,0.96,2.5,-3.3,0.49
2026-07-27 13:10:06.003,-0.02,-0.21,0.96,2.5,-3.3,0.49
2026-07-27 13:10:06.004,0.0,-0.22,0.95,5.49,-6.23,-0.92
2026-07-27 13:10:06.066,0.0,-0.22,0.95,5.49,-6.23,-0.92
2026-07-27 13:10:06.067,0.0,-0.23,0.95,7.57,-7.51,-4.82
2026-07-27 13:10:06.067,0.0,-0.23,0.95,6.23,-5.19,-8.67
2026-07-27 13:10:06.185,-0.01,-0.22,0.98,6.23,-5.19,-8.67
2026-07-27 13:10:06.193,-0.02,-0.2,1.0,2.99,-2.44,-10.25
2026-07-27 13:10:06.193,-0.02,-0.2,1.0,2.99,-2.44,-10.25
2026-07-27 13:10:06.194,-0.02,-0.18,1.0,0.24,-1.16,-8.24
2026-07-27 13:10:06.194,-0.02,-0.18,1.0,0.24,-1.16,-8.24
2026-07-27 13:10:06.243,-0.02,-0.17,0.98,-1.28,-0.85,-2.87
2026-07-27 13:10:06.244,-0.02,-0.17,0.98,-1.28,-0.85,-2.87
2026-07-27 13:10:06.244,-0.02,-0.17,0.97,-1.95,-0.85,2.14
2026-07-27 13:10:06.306,-0.02,-0.17,0.97,-2.38,-0.61,3.3
2026-07-27 13:10:06.307,-0.01,-0.18,0.97,-2.38,-0.61,3.3
2026-07-27 13:10:06.307,-0.02,-0.18,0.98,-2.14,-0.24,1.22
2026-07-27 13:10:06.363,-0.02,-0.18,0.98,-2.14,-0.24,1.22
2026-07-27 13:10:06.364,-0.02,-0.17,0.98,-1.4,-0.31,-0.67
2026-07-27 13:10:06.364,-0.02,-0.17,0.98,-1.4,-0.31,-0.67
2026-07-27 13:10:06.454,-0.03,-0.17,0.98,-0.73,-0.92,-0.31
2026-07-27 13:10:06.524,-0.03,-0.17,0.98,-0.73,-0.92,-0.31
2026-07-27 13:10:06.524,-0.03,-0.19,0.97,0.12,-1.34,1.95
2026-07-27 13:10:06.524,-0.03,-0.19,0.97,0.12,-1.34,1.95
2026-07-27 13:10:06.524,-0.02,-0.2,0.97,0.73,-1.16,3.72
2026-07-27 13:10:06.544,-0.02,-0.21,0.97,0.92,-0.55,3.6
2026-07-27 13:10:06.544,-0.02,-0.21,0.97,0.92,-0.55,3.6
2026-07-27 13:10:06.544,-0.01,-0.2,0.97,0.61,0.06,2.26
2026-07-27 13:10:06.608,-0.01,-0.2,0.97,0.61,0.06,2.26
2026-07-27 13:10:06.608,-0.02,-0.2,0.98,0.06,0.43,1.16
2026-07-27 13:10:06.609,-0.02,-0.2,0.98,0.06,0.43,1.16
2026-07-27 13:10:06.665,-0.02,-0.2,0.97,-0.24,0.55,0.79
2026-07-27 13:10:06.665,-0.02,-0.2,0.97,-0.24,0.55,0.79
2026-07-27 13:10:06.725,-0.03,-0.2,0.97,-0.24,0.55,0.92
2026-07-27 13:10:06.725,-0.03,-0.2,0.97,-0.24,0.55,0.92
2026-07-27 13:10:06.725,-0.03,-0.2,0.97,-0.18,1.28,0.37
2026-07-27 13:10:06.784,-0.02,-0.18,0.98,0.24,2.44,-0.31
2026-07-27 13:10:06.784,-0.02,-0.18,0.98,0.24,2.44,-0.31
2026-07-27 13:10:06.848,-0.02,-0.16,0.98,1.83,3.54,1.04
2026-07-27 13:10:06.848,-0.02,-0.16,0.98,1.83,3.54,1.04
2026-07-27 13:10:06.849,-0.0,-0.14,0.96,5.07,4.76,5.49
2026-07-27 13:10:06.907,-0.0,-0.14,0.96,5.07,4.76,5.49
2026-07-27 13:10:06.908,0.02,-0.13,0.95,8.85,5.55,12.45
2026-07-27 13:10:06.908,0.02,-0.13,0.95,8.85,5.55,12.45
2026-07-27 13:10:06.965,0.02,-0.12,0.94,11.72,5.92,21.06
2026-07-27 13:10:06.965,0.02,-0.12,0.94,13.12,7.02,31.86
2026-07-27 13:10:06.965,0.01,-0.13,0.95,13.12,7.02,31.86
2026-07-27 13:10:07.024,0.02,-0.15,0.99,11.35,6.9,44.56
2026-07-27 13:10:07.024,0.02,-0.15,0.99,11.35,6.9,44.56
2026-07-27 13:10:07.087,0.04,-0.17,1.05,5.49,2.26,53.89
2026-07-27 13:10:07.087,0.04,-0.17,1.05,5.49,2.26,53.89
2026-07-27 13:10:07.087,0.04,-0.19,1.11,-1.1,-6.65,51.21
2026-07-27 13:10:07.144,0.04,-0.19,1.11,-1.1,-6.65,51.21
2026-07-27 13:10:07.144,0.04,-0.19,1.11,-1.1,-6.65,51.21
2026-07-27 13:10:07.145,0.04,-0.19,1.11,-1.1,-6.65,51.21
2026-07-27 13:10:07.204,-0.07,-0.14,1.11,1.46,-27.71,18.98
2026-07-27 13:10:07.204,-0.07,-0.14,1.11,1.46,-27.71,18.98
2026-07-27 13:10:07.205,-0.12,-0.1,1.06,6.9,-34.79,10.62
2026-07-27 13:10:07.264,-0.15,-0.08,1.01,6.1,-32.78,8.0
2026-07-27 13:10:07.264,-0.15,-0.08,1.01,6.1,-32.78,8.0
2026-07-27 13:10:07.324,-0.17,-0.08,0.98,3.6,-20.14,10.01
2026-07-27 13:10:07.324,-0.17,-0.08,0.98,3.6,-20.14,10.01
2026-07-27 13:10:07.324,-0.18,-0.09,0.94,4.15,-5.98,19.17
2026-07-27 13:10:07.384,-0.18,-0.09,0.94,4.15,-5.98,19.17
2026-07-27 13:10:07.385,-0.17,-0.09,0.93,2.93,1.4,31.01
2026-07-27 13:10:07.385,-0.17,-0.09,0.93,2.93,1.4,31.01
2026-07-27 13:10:07.443,-0.14,-0.1,0.95,-3.66,3.66,41.38
2026-07-27 13:10:07.443,-0.11,-0.14,0.98,-11.96,2.99,48.71
2026-07-27 13:10:07.444,-0.11,-0.14,0.98,-11.96,2.99,48.71
2026-07-27 13:10:07.503,-0.11,-0.21,1.03,-17.88,0.73,47.79
2026-07-27 13:10:07.504,-0.11,-0.21,1.03,-17.88,0.73,47.79
2026-07-27 13:10:07.564,-0.12,-0.26,1.06,-20.08,0.18,33.02
2026-07-27 13:10:07.565,-0.12,-0.26,1.06,-20.08,0.18,33.02
2026-07-27 13:10:07.565,-0.11,-0.2,1.02,-16.36,4.15,5.25
2026-07-27 13:10:07.624,-0.11,-0.2,1.02,-16.36,4.15,5.25
2026-07-27 13:10:07.624,-0.06,-0.11,0.92,-9.46,8.79,-16.91
2026-07-27 13:10:07.683,-0.01,-0.13,0.85,-9.7,7.75,-14.89
2026-07-27 13:10:07.684,-0.01,-0.13,0.85,-9.7,7.75,-14.89
2026-07-27 13:10:07.684,0.04,-0.2,0.86,-15.69,7.87,-5.74
2026-07-27 13:10:07.744,0.04,-0.2,0.86,-15.69,7.87,-5.74
2026-07-27 13:10:07.744,0.09,-0.23,0.92,-17.46,17.64,-12.63
2026-07-27 13:10:07.744,0.09,-0.23,0.92,-17.46,17.64,-12.63
2026-07-27 13:10:07.804,0.12,-0.23,0.98,-14.59,26.31,-26.31
2026-07-27 13:10:07.807,0.12,-0.23,0.98,-14.59,26.31,-26.31
2026-07-27 13:10:07.808,0.1,-0.24,1.0,-11.47,20.51,-28.87
2026-07-27 13:10:07.863,0.04,-0.26,0.97,-11.11,3.11,-19.23
2026-07-27 13:10:07.864,0.04,-0.26,0.97,-11.11,3.11,-19.23
2026-07-27 13:10:07.923,-0.02,-0.26,0.93,-15.38,-15.08,-6.84
2026-07-27 13:10:07.925,-0.02,-0.26,0.93,-15.38,-15.08,-6.84
2026-07-27 13:10:07.925,-0.05,-0.25,0.89,-19.17,-24.78,4.7
2026-07-27 13:10:07.995,-0.05,-0.25,0.89,-19.17,-24.78,4.7
2026-07-27 13:10:07.995,-0.05,-0.25,0.87,-12.94,-20.75,14.1
2026-07-27 13:10:08.052,-0.06,-0.24,0.87,0.55,-9.16,16.05
2026-07-27 13:10:08.052,-0.06,-0.24,0.87,0.55,-9.16,16.05
2026-07-27 13:10:08.052,-0.05,-0.24,0.89,12.33,0.06,11.54
2026-07-27 13:10:08.104,-0.05,-0.24,0.89,12.33,0.06,11.54
2026-07-27 13:10:08.104,-0.02,-0.25,0.91,20.75,4.88,5.19
2026-07-27 13:10:08.104,-0.02,-0.25,0.91,20.75,4.88,5.19
2026-07-27 13:10:08.164,0.01,-0.25,0.93,25.76,6.41,-2.87
2026-07-27 13:10:08.164,0.01,-0.25,0.93,25.76,6.41,-2.87
2026-07-27 13:10:08.165,0.03,-0.23,0.94,27.89,5.13,-12.02
2026-07-27 13:10:08.224,0.03,-0.19,0.94,29.24,2.08,-17.03
2026-07-27 13:10:08.225,0.03,-0.19,0.94,29.24,2.08,-17.03
2026-07-27 13:10:08.283,0.01,-0.18,0.93,28.81,-2.01,-13.0
2026-07-27 13:10:08.284,0.01,-0.18,0.93,28.81,-2.01,-13.0
2026-07-27 13:10:08.284,-0.01,-0.19,0.94,25.27,-5.43,-3.6
2026-07-27 13:10:08.344,-0.01,-0.19,0.94,25.27,-5.43,-3.6
2026-07-27 13:10:08.344,-0.02,-0.19,0.99,20.94,-2.87,4.64
2026-07-27 13:10:08.345,-0.02,-0.19,0.99,20.94,-2.87,4.64
2026-07-27 13:10:08.403,0.02,-0.18,1.07,17.94,4.7,12.39
2026-07-27 13:10:08.404,0.05,-0.19,1.13,16.05,6.35,19.35
2026-07-27 13:10:08.464,0.05,-0.19,1.13,16.05,6.35,19.35
2026-07-27 13:10:08.464,0.02,-0.17,1.11,17.52,-3.23,16.6
2026-07-27 13:10:08.464,0.02,-0.17,1.11,17.52,-3.23,16.6
2026-07-27 13:10:08.524,-0.05,-0.1,1.04,22.58,-14.47,-0.12
2026-07-27 13:10:08.525,-0.05,-0.1,1.04,22.58,-14.47,-0.12
2026-07-27 13:10:08.526,-0.11,-0.01,1.0,25.94,-18.62,-19.47
2026-07-27 13:10:08.584,-0.11,-0.01,1.0,26.06,-18.31,-28.2
2026-07-27 13:10:08.584,-0.12,0.03,1.01,26.06,-18.31,-28.2
2026-07-27 13:10:08.644,-0.12,0.05,1.03,24.6,-17.7,-28.32
2026-07-27 13:10:08.644,-0.12,0.05,1.03,24.6,-17.7,-28.32
2026-07-27 13:10:08.645,-0.12,0.05,1.02,22.4,-16.3,-29.17
2026-07-27 13:10:08.704,-0.12,0.05,1.02,22.4,-16.3,-29.17
2026-07-27 13:10:08.705,-0.11,0.06,0.97,20.94,-13.18,-31.92
2026-07-27 13:10:08.705,-0.11,0.06,0.97,20.94,-13.18,-31.92
2026-07-27 13:10:08.764,-0.09,0.08,0.93,17.58,-8.85,-31.49
2026-07-27 13:10:08.767,-0.06,0.1,0.91,11.6,-2.32,-27.59
2026-07-27 13:10:08.824,-0.06,0.1,0.91,11.6,-2.32,-27.59
2026-07-27 13:10:08.824,-0.02,0.12,0.93,6.29,6.1,-23.93
2026-07-27 13:10:08.825,-0.02,0.12,0.93,6.29,6.1,-23.93
2026-07-27 13:10:08.884,0.01,0.13,0.97,0.61,13.24,-19.84
2026-07-27 13:10:08.884,0.01,0.13,0.97,0.61,13.24,-19.84
2026-07-27 13:10:08.888,0.04,0.12,1.03,-6.1,17.7,-13.79
2026-07-27 13:10:08.946,0.04,0.12,1.03,-6.1,17.7,-13.79
2026-07-27 13:10:08.947,0.07,0.08,1.08,-11.47,17.64,-9.46
2026-07-27 13:10:09.004,0.06,0.04,1.09,-15.26,12.15,-8.85
2026-07-27 13:10:09.004,0.06,0.04,1.09,-15.26,12.15,-8.85
2026-07-27 13:10:09.005,0.06,-0.01,1.07,-17.4,4.52,-8.67
2026-07-27 13:10:09.078,0.06,-0.01,1.07,-17.4,4.52,-8.67
2026-07-27 13:10:09.123,0.04,-0.07,1.04,-19.65,-2.75,-6.65
2026-07-27 13:10:09.124,0.04,-0.07,1.04,-19.65,-2.75,-6.65
2026-07-27 13:10:09.125,0.01,-0.14,1.02,-24.54,-8.3,-6.53
2026-07-27 13:10:09.125,-0.05,-0.24,1.0,-31.07,-8.36,-17.7
2026-07-27 13:10:09.184,-0.05,-0.24,1.0,-31.07,-8.36,-17.7
2026-07-27 13:10:09.185,-0.13,-0.3,1.01,-39.31,-0.67,-47.42
2026-07-27 13:10:09.185,-0.13,-0.3,1.01,-39.31,-0.67,-47.42
2026-07-27 13:10:09.245,-0.2,-0.24,1.05,-54.99,0.24,-71.84
2026-07-27 13:10:09.245,-0.2,-0.24,1.05,-54.99,0.24,-71.84
2026-07-27 13:10:09.246,-0.25,-0.16,1.09,-74.71,-8.36,-73.06
2026-07-27 13:10:09.309,-0.25,-0.16,1.09,-88.26,-6.9,-67.75
2026-07-27 13:10:09.310,-0.3,-0.15,1.15,-88.26,-6.9,-67.75
2026-07-27 13:10:09.364,-0.34,-0.17,1.17,-96.5,8.24,-65.0
2026-07-27 13:10:09.364,-0.34,-0.17,1.17,-96.5,8.24,-65.0
2026-07-27 13:10:09.364,-0.26,-0.12,1.05,-98.39,32.71,-65.43
2026-07-27 13:10:09.427,-0.26,-0.12,1.05,-98.39,32.71,-65.43
2026-07-27 13:10:09.428,-0.05,-0.06,0.88,-89.48,61.28,-52.92
2026-07-27 13:10:09.428,-0.05,-0.06,0.88,-89.48,61.28,-52.92
2026-07-27 13:10:09.484,0.17,-0.2,0.8,-75.68,76.35,-3.3
2026-07-27 13:10:09.485,0.3,-0.46,0.84,-68.18,66.53,64.82
2026-07-27 13:10:09.544,0.3,-0.46,0.84,-68.18,66.53,64.82
2026-07-27 13:10:09.544,0.26,-0.6,0.89,-60.97,42.79,94.91
2026-07-27 13:10:09.544,0.26,-0.6,0.89,-60.97,42.79,94.91
2026-07-27 13:10:09.605,0.12,-0.56,0.85,-42.36,19.29,73.79
2026-07-27 13:10:09.605,0.12,-0.56,0.85,-42.36,19.29,73.79
2026-07-27 13:10:09.664,-0.0,-0.52,0.79,-22.22,-1.59,46.81
2026-07-27 13:10:09.664,-0.08,-0.56,0.76,-11.96,-18.37,42.42
2026-07-27 13:10:09.664,-0.08,-0.56,0.76,-11.96,-18.37,42.42
2026-07-27 13:10:09.723,-0.13,-0.62,0.72,-7.45,-29.79,51.57
2026-07-27 13:10:09.724,-0.13,-0.62,0.72,-7.45,-29.79,51.57
2026-07-27 13:10:09.724,-0.18,-0.68,0.68,-2.44,-36.01,55.79
2026-07-27 13:10:09.791,-0.18,-0.68,0.68,-2.44,-36.01,55.79
2026-07-27 13:10:09.791,-0.23,-0.69,0.66,0.55,-34.91,42.97
2026-07-27 13:10:09.850,-0.29,-0.66,0.69,-1.71,-27.34,19.29
2026-07-27 13:10:09.859,-0.29,-0.66,0.69,-1.71,-27.34,19.29
2026-07-27 13:10:09.859,-0.32,-0.63,0.71,-7.45,-18.92,2.08
2026-07-27 13:10:09.904,-0.32,-0.63,0.71,-7.45,-18.92,2.08
2026-07-27 13:10:09.905,-0.32,-0.63,0.72,-11.96,-12.76,-3.17
2026-07-27 13:10:09.905,-0.32,-0.63,0.72,-11.96,-12.76,-3.17
2026-07-27 13:10:09.964,-0.28,-0.62,0.71,-11.47,-5.74,-6.1
2026-07-27 13:10:09.964,-0.28,-0.62,0.71,-11.47,-5.74,-6.1
2026-07-27 13:10:10.023,-0.22,-0.61,0.7,-9.16,3.11,-9.58
2026-07-27 13:10:10.023,-0.16,-0.59,0.72,-9.22,10.13,-10.86
2026-07-27 13:10:10.024,-0.16,-0.59,0.72,-9.22,10.13,-10.86
2026-07-27 13:10:10.085,-0.14,-0.58,0.76,-10.01,12.08,-11.29
2026-07-27 13:10:10.085,-0.14,-0.58,0.76,-10.01,12.08,-11.29
2026-07-27 13:10:10.085,-0.15,-0.56,0.79,-9.52,8.79,-10.38
2026-07-27 13:10:10.149,-0.15,-0.56,0.79,-9.52,8.79,-10.38
2026-07-27 13:10:10.149,-0.16,-0.57,0.79,-8.12,3.42,-5.31
2026-07-27 13:10:10.149,-0.16,-0.57,0.79,-8.12,3.42,-5.31
2026-07-27 13:10:10.204,-0.16,-0.59,0.77,-5.8,-1.4,0.92
2026-07-27 13:10:10.204,-0.16,-0.61,0.74,-3.6,-4.82,2.93
2026-07-27 13:10:10.264,-0.16,-0.61,0.74,-3.6,-4.82,2.93
2026-07-27 13:10:10.264,-0.17,-0.61,0.72,-2.44,-6.71,-0.24
2026-07-27 13:10:10.265,-0.17,-0.61,0.72,-2.44,-6.71,-0.24
2026-07-27 13:10:10.324,-0.18,-0.59,0.71,-0.92,-6.84,-6.41
2026-07-27 13:10:10.325,-0.18,-0.59,0.71,-0.92,-6.84,-6.41
2026-07-27 13:10:10.325,-0.18,-0.58,0.73,1.22,-5.74,-12.02
2026-07-27 13:10:10.384,-0.18,-0.58,0.73,1.22,-5.74,-12.02
2026-07-27 13:10:10.384,-0.18,-0.57,0.75,3.42,-4.52,-14.22
2026-07-27 13:10:10.444,-0.18,-0.57,0.75,5.92,-3.48,-14.71
2026-07-27 13:10:10.444,-0.17,-0.58,0.76,5.92,-3.48,-14.71
2026-07-27 13:10:10.445,-0.15,-0.57,0.76,9.22,-1.95,-15.56
2026-07-27 13:10:10.505,-0.15,-0.57,0.76,9.22,-1.95,-15.56
2026-07-27 13:10:10.505,-0.13,-0.56,0.74,12.82,-0.37,-14.71
2026-07-27 13:10:10.506,-0.13,-0.56,0.74,12.82,-0.37,-14.71
2026-07-27 13:10:10.565,-0.11,-0.56,0.75,16.3,1.1,-12.39
2026-07-27 13:10:10.566,-0.11,-0.56,0.75,16.3,1.1,-12.39
2026-07-27 13:10:10.683,-0.1,-0.56,0.78,19.35,1.77,-11.84
2026-07-27 13:10:10.684,-0.1,-0.56,0.78,21.42,0.85,-13.92
2026-07-27 13:10:10.687,-0.1,-0.55,0.81,21.42,0.85,-13.92
2026-07-27 13:10:10.688,-0.11,-0.54,0.81,23.56,-0.92,-16.91
2026-07-27 13:10:10.688,-0.11,-0.54,0.81,23.56,-0.92,-16.91
2026-07-27 13:10:10.688,-0.11,-0.53,0.8,26.31,-1.1,-18.25
2026-07-27 13:10:10.757,-0.11,-0.53,0.8,26.31,-1.1,-18.25
2026-07-27 13:10:10.757,-0.09,-0.53,0.79,26.98,2.5,-16.91
2026-07-27 13:10:10.804,-0.09,-0.53,0.79,26.98,2.5,-16.91
2026-07-27 13:10:10.804,-0.07,-0.53,0.8,26.25,7.87,-14.59
2026-07-27 13:10:10.805,-0.05,-0.53,0.81,27.4,10.74,-13.43
2026-07-27 13:10:10.869,-0.05,-0.53,0.81,27.4,10.74,-13.43
2026-07-27 13:10:10.874,-0.05,-0.52,0.81,29.48,10.5,-13.49
2026-07-27 13:10:10.874,-0.05,-0.52,0.81,29.48,10.5,-13.49
2026-07-27 13:10:10.925,-0.07,-0.49,0.82,31.62,8.42,-13.49
2026-07-27 13:10:10.926,-0.07,-0.49,0.82,31.62,8.42,-13.49
2026-07-27 13:10:10.984,-0.06,-0.46,0.84,34.06,6.53,-11.96
2026-07-27 13:10:10.985,-0.02,-0.44,0.91,34.36,3.05,-5.8
2026-07-27 13:10:10.985,-0.02,-0.44,0.91,34.36,3.05,-5.8
2026-07-27 13:10:11.044,-0.05,-0.52,0.88,32.47,-8.54,0.0
2026-07-27 13:10:11.044,-0.05,-0.52,0.88,32.47,-8.54,0.0
2026-07-27 13:10:11.108,-0.07,-0.54,0.76,38.33,-13.98,-20.32
2026-07-27 13:10:11.108,-0.07,-0.54,0.76,38.33,-13.98,-20.32
2026-07-27 13:10:11.108,-0.07,-0.54,0.76,38.33,-13.98,-20.32
2026-07-27 13:10:11.108,-0.07,-0.54,0.76,38.33,-13.98,-20.32
2026-07-27 13:10:11.164,-0.04,-0.28,0.83,46.63,24.84,-58.29
2026-07-27 13:10:11.164,-0.04,-0.28,0.83,24.11,29.17,-4.94
2026-07-27 13:10:11.224,-0.08,-0.27,0.94,24.11,29.17,-4.94
2026-07-27 13:10:11.224,-0.14,-0.38,1.03,1.1,17.82,57.98
2026-07-27 13:10:11.224,-0.14,-0.38,1.03,1.1,17.82,57.98
2026-07-27 13:10:11.284,-0.19,-0.42,1.12,-4.82,8.12,81.42
2026-07-27 13:10:11.284,-0.19,-0.42,1.12,-4.82,8.12,81.42
2026-07-27 13:10:11.345,-0.2,-0.38,1.19,1.83,8.06,62.5
2026-07-27 13:10:11.346,-0.2,-0.38,1.19,1.83,8.06,62.5
2026-07-27 13:10:11.403,-0.14,-0.28,1.19,4.7,5.68,34.79
2026-07-27 13:10:11.404,-0.14,-0.28,1.19,5.68,-6.1,15.69
2026-07-27 13:10:11.404,-0.12,-0.15,1.06,5.68,-6.1,15.69
2026-07-27 13:10:11.405,-0.15,-0.05,0.88,12.02,-17.58,1.89
2026-07-27 13:10:11.464,-0.15,-0.05,0.88,12.02,-17.58,1.89
2026-07-27 13:10:11.464,-0.18,-0.01,0.81,16.66,-20.32,-5.68
2026-07-27 13:10:11.465,-0.18,-0.01,0.81,16.66,-20.32,-5.68
2026-07-27 13:10:11.524,-0.17,0.01,0.87,16.6,-15.93,-7.87
2026-07-27 13:10:11.524,-0.17,0.01,0.87,16.6,-15.93,-7.87
2026-07-27 13:10:11.585,-0.17,0.0,0.97,16.36,-11.29,-9.03
2026-07-27 13:10:11.585,-0.17,0.0,0.97,15.75,-11.72,-8.24
2026-07-27 13:10:11.586,-0.19,-0.03,1.05,15.75,-11.72,-8.24
2026-07-27 13:10:11.644,-0.21,-0.07,1.09,14.1,-16.6,-5.62
2026-07-27 13:10:11.644,-0.21,-0.07,1.09,14.1,-16.6,-5.62
2026-07-27 13:10:11.705,-0.22,-0.11,1.09,13.67,-21.18,-4.82
2026-07-27 13:10:11.724,-0.22,-0.11,1.09,13.67,-21.18,-4.82
2026-07-27 13:10:11.724,-0.22,-0.15,1.05,15.2,-22.64,-4.52
2026-07-27 13:10:11.765,-0.22,-0.15,1.05,15.2,-22.64,-4.52
2026-07-27 13:10:11.766,-0.22,-0.18,0.98,17.03,-22.34,-0.85
2026-07-27 13:10:11.766,-0.22,-0.18,0.98,15.56,-20.57,6.1
2026-07-27 13:10:11.825,-0.19,-0.21,0.91,15.56,-20.57,6.1
2026-07-27 13:10:11.825,-0.15,-0.23,0.88,9.4,-14.59,12.82
2026-07-27 13:10:11.826,-0.15,-0.23,0.88,9.4,-14.59,12.82
2026-07-27 13:10:11.896,-0.1,-0.24,0.89,0.06,-5.25,15.62
2026-07-27 13:10:11.896,-0.1,-0.24,0.89,0.06,-5.25,15.62
2026-07-27 13:10:11.947,-0.05,-0.24,0.94,-8.79,2.99,11.9
2026-07-27 13:10:11.948,-0.05,-0.24,0.94,-8.79,2.99,11.9
2026-07-27 13:10:11.948,-0.04,-0.22,0.99,-14.28,7.45,2.5
2026-07-27 13:10:12.011,-0.04,-0.2,1.02,-16.05,7.57,-8.18
2026-07-27 13:10:12.012,-0.04,-0.2,1.02,-16.05,7.57,-8.18
2026-07-27 13:10:12.012,-0.06,-0.19,1.02,-15.2,3.72,-15.08
2026-07-27 13:10:12.069,-0.06,-0.19,1.02,-15.2,3.72,-15.08
2026-07-27 13:10:12.069,-0.08,-0.2,0.98,-13.98,-1.83,-16.97
2026-07-27 13:10:12.125,-0.08,-0.2,0.98,-13.98,-1.83,-16.97
2026-07-27 13:10:12.125,-0.07,-0.21,0.95,-14.89,-5.37,-18.19
2026-07-27 13:10:12.126,-0.07,-0.21,0.95,-14.89,-5.37,-18.19
2026-07-27 13:10:12.184,-0.06,-0.2,0.95,-17.46,-6.23,-22.89
2026-07-27 13:10:12.184,-0.06,-0.19,0.99,-19.47,-6.35,-31.07
2026-07-27 13:10:12.184,-0.06,-0.19,0.99,-19.47,-6.35,-31.07
2026-07-27 13:10:12.249,-0.07,-0.18,1.04,-19.53,-6.1,-41.5
2026-07-27 13:10:12.250,-0.07,-0.18,1.04,-19.53,-6.1,-41.5
2026-07-27 13:10:12.304,-0.06,-0.16,1.07,-17.15,-3.48,-51.57
2026-07-27 13:10:12.304,-0.06,-0.16,1.07,-17.15,-3.48,-51.57
2026-07-27 13:10:12.305,-0.01,-0.14,1.02,-11.78,0.12,-54.5
2026-07-27 13:10:12.430,-0.01,-0.14,1.02,-4.82,-1.95,-38.76
2026-07-27 13:10:12.435,0.08,-0.18,0.89,-4.82,-1.95,-38.76
2026-07-27 13:10:12.435,0.17,-0.33,0.79,-2.93,-8.85,-1.89
2026-07-27 13:10:12.436,0.17,-0.33,0.79,-2.93,-8.85,-1.89
2026-07-27 13:10:12.436,0.22,-0.48,0.81,-8.42,-9.03,31.19
2026-07-27 13:10:12.436,0.22,-0.48,0.81,-8.42,-9.03,31.19
2026-07-27 13:10:12.488,0.22,-0.48,0.92,-20.51,-3.42,35.64
2026-07-27 13:10:12.488,0.22,-0.48,0.92,-20.51,-3.42,35.64
2026-07-27 13:10:12.544,0.21,-0.36,1.0,-27.77,-0.24,17.03
2026-07-27 13:10:12.544,0.17,-0.29,0.99,-18.98,-4.46,-3.85
2026-07-27 13:10:12.544,0.17,-0.29,0.99,-18.98,-4.46,-3.85
2026-07-27 13:10:12.604,0.1,-0.29,0.93,-3.78,-15.01,-14.83
2026-07-27 13:10:12.604,0.1,-0.29,0.93,-3.78,-15.01,-14.83
2026-07-27 13:10:12.667,0.06,-0.27,0.86,8.85,-19.65,-21.85
2026-07-27 13:10:12.667,0.06,-0.27,0.86,8.85,-19.65,-21.85
2026-07-27 13:10:12.668,0.04,-0.23,0.81,18.25,-13.85,-27.83
2026-07-27 13:10:12.724,0.04,-0.23,0.81,18.25,-13.85,-27.83
2026-07-27 13:10:12.724,0.07,-0.22,0.81,22.77,-4.03,-21.3
2026-07-27 13:10:12.785,0.14,-0.24,0.85,23.25,5.92,-2.44
2026-07-27 13:10:12.785,0.14,-0.24,0.85,23.25,5.92,-2.44
2026-07-27 13:10:12.785,0.2,-0.26,0.9,24.54,14.16,15.56
2026-07-27 13:10:12.846,0.2,-0.26,0.9,24.54,14.16,15.56
2026-07-27 13:10:12.846,0.23,-0.28,0.93,26.06,16.85,28.02
2026-07-27 13:10:12.846,0.23,-0.28,0.93,26.06,16.85,28.02
2026-07-27 13:10:12.904,0.22,-0.3,0.97,25.21,12.21,38.27
2026-07-27 13:10:12.905,0.13,-0.37,1.06,23.07,1.89,48.65
2026-07-27 13:10:12.905,0.13,-0.37,1.06,23.07,1.89,48.65
2026-07-27 13:10:12.963,0.01,-0.48,1.2,22.83,-8.67,52.06
2026-07-27 13:10:12.964,0.01,-0.48,1.2,22.83,-8.67,52.06
2026-07-27 13:10:13.026,-0.06,-0.5,1.24,29.48,-13.43,39.79
2026-07-27 13:10:13.026,-0.06,-0.5,1.24,29.48,-13.43,39.79
2026-07-27 13:10:13.026,-0.07,-0.43,1.11,44.68,-15.44,16.72
2026-07-27 13:10:13.084,-0.08,-0.37,0.93,60.06,-20.51,-10.5
2026-07-27 13:10:13.085,-0.08,-0.37,0.93,60.06,-20.51,-10.5
2026-07-27 13:10:13.204,-0.12,-0.32,0.84,64.33,-24.6,-46.33
2026-07-27 13:10:13.204,-0.12,-0.32,0.84,64.33,-24.6,-46.33
2026-07-27 13:10:13.204,-0.18,-0.21,0.86,53.83,-21.0,-90.58
2026-07-27 13:10:13.204,-0.25,-0.03,0.97,34.0,-13.0,-130.43
2026-07-27 13:10:13.205,-0.25,-0.03,0.97,34.0,-13.0,-130.43
2026-07-27 13:10:13.266,-0.27,0.16,1.06,18.13,-11.05,-151.06
2026-07-27 13:10:13.266,-0.27,0.16,1.06,18.13,-11.05,-151.06
2026-07-27 13:10:13.266,-0.24,0.27,1.06,12.15,-17.7,-144.78
2026-07-27 13:10:13.324,-0.24,0.27,1.06,12.15,-17.7,-144.78
2026-07-27 13:10:13.325,-0.19,0.27,1.01,6.84,-22.46,-117.61
2026-07-27 13:10:13.325,-0.19,0.27,1.01,6.84,-22.46,-117.61
2026-07-27 13:10:13.444,-0.12,0.2,0.95,-3.66,-20.02,-85.57
2026-07-27 13:10:13.444,-0.05,0.13,0.93,-14.71,-13.98,-65.49
2026-07-27 13:10:13.445,-0.05,0.13,0.93,-14.71,-13.98,-65.49
2026-07-27 13:10:13.445,-0.0,0.09,0.96,-20.08,-8.42,-65.49
2026-07-27 13:10:13.445,-0.0,0.09,0.96,-20.08,-8.42,-65.49
2026-07-27 13:10:13.504,0.03,0.07,0.99,-19.9,-3.78,-80.26
2026-07-27 13:10:13.504,0.03,0.07,0.99,-19.9,-3.78,-80.26
2026-07-27 13:10:13.505,0.05,0.08,1.03,-17.58,1.71,-98.57
2026-07-27 13:10:13.566,0.08,0.1,1.07,-9.03,10.62,-116.94
2026-07-27 13:10:13.567,0.08,0.1,1.07,-9.03,10.62,-116.94
2026-07-27 13:10:13.623,0.11,0.16,1.1,16.3,27.95,-146.67
2026-07-27 13:10:13.624,0.11,0.16,1.1,16.3,27.95,-146.67
2026-07-27 13:10:13.624,0.12,0.23,1.09,46.81,41.5,-170.72
2026-07-27 13:10:13.684,0.12,0.23,1.09,46.81,41.5,-170.72
2026-07-27 13:10:13.685,0.11,0.24,1.03,56.21,27.47,-154.42
2026-07-27 13:10:13.685,0.11,0.24,1.03,56.21,27.47,-154.42
2026-07-27 13:10:13.744,0.11,0.24,1.03,56.21,27.47,-154.42
2026-07-27 13:10:13.745,0.11,0.24,1.03,56.21,27.47,-154.42
2026-07-27 13:10:13.745,0.04,0.17,0.76,27.28,-26.92,-78.06
2026-07-27 13:10:13.804,0.01,0.17,0.8,2.69,-28.38,-61.46
2026-07-27 13:10:13.804,0.01,0.17,0.8,2.69,-28.38,-61.46
2026-07-27 13:10:13.864,0.0,0.2,0.97,-19.71,-17.64,-57.98
2026-07-27 13:10:13.865,0.0,0.2,0.97,-19.71,-17.64,-57.98
2026-07-27 13:10:13.865,-0.02,0.26,1.09,-27.89,-5.92,-63.29
2026-07-27 13:10:14.044,-0.02,0.26,1.09,-27.89,-5.92,-63.29
2026-07-27 13:10:14.046,-0.02,0.33,1.07,-23.32,-1.16,-62.44
2026-07-27 13:10:14.046,-0.02,0.33,1.07,-15.56,-3.3,-42.24
2026-07-27 13:10:14.046,0.01,0.34,0.97,-15.56,-3.3,-42.24
2026-07-27 13:10:14.046,0.08,0.25,0.91,-10.68,-8.12,-10.99
2026-07-27 13:10:14.051,0.08,0.25,0.91,-10.68,-8.12,-10.99
2026-07-27 13:10:14.051,0.1,0.12,0.93,-11.9,-13.73,11.41
2026-07-27 13:10:14.052,0.1,0.12,0.93,-11.9,-13.73,11.41
2026-07-27 13:10:14.114,0.1,0.01,1.03,-21.55,-22.77,23.8
2026-07-27 13:10:14.115,0.1,0.01,1.03,-21.55,-22.77,23.8
2026-07-27 13:10:14.115,0.11,-0.09,1.09,-29.54,-37.6,36.07
2026-07-27 13:10:14.164,0.15,-0.19,1.02,-21.06,-49.44,40.83
2026-07-27 13:10:14.165,0.15,-0.19,1.02,-21.06,-49.44,40.83
2026-07-27 13:10:14.284,0.21,-0.2,0.9,-6.41,-42.79,24.29
2026-07-27 13:10:14.284,0.21,-0.2,0.9,-6.41,-42.79,24.29
2026-07-27 13:10:14.285,0.26,-0.09,0.86,-3.48,-20.51,-9.64
2026-07-27 13:10:14.285,0.26,-0.09,0.86,-3.48,-20.51,-9.64
2026-07-27 13:10:14.286,0.28,0.07,0.88,-7.81,-0.37,-43.21
2026-07-27 13:10:14.286,0.28,0.07,0.88,-7.81,-0.37,-43.21
2026-07-27 13:10:14.350,0.25,0.17,0.92,-8.36,7.08,-61.04
2026-07-27 13:10:14.350,0.22,0.2,0.95,-4.09,5.0,-61.46
2026-07-27 13:10:14.404,0.22,0.2,0.95,-4.09,5.0,-61.46
2026-07-27 13:10:14.404,0.21,0.2,0.98,1.89,2.99,-54.32
2026-07-27 13:10:14.406,0.21,0.2,0.98,1.89,2.99,-54.32
2026-07-27 13:10:14.527,0.22,0.2,1.0,7.93,4.7,-45.17
2026-07-27 13:10:14.528,0.22,0.2,1.0,7.93,4.7,-45.17
2026-07-27 13:10:14.528,0.24,0.18,1.0,13.0,6.96,-31.68
2026-07-27 13:10:14.529,0.24,0.18,1.0,13.0,6.96,-31.68
2026-07-27 13:10:14.529,0.24,0.14,1.0,14.77,8.3,-12.21
2026-07-27 13:10:14.645,0.27,0.07,1.05,10.19,8.48,11.41
2026-07-27 13:10:14.645,0.27,0.07,1.05,10.19,8.48,11.41
2026-07-27 13:10:14.646,0.28,0.01,1.1,3.72,8.12,28.5
2026-07-27 13:10:14.646,0.28,0.01,1.1,3.72,8.12,28.5
2026-07-27 13:10:14.646,0.24,-0.01,1.07,2.14,7.93,29.91
2026-07-27 13:10:14.646,0.24,-0.01,1.07,2.14,7.93,29.91
2026-07-27 13:10:14.705,0.17,0.03,1.01,1.28,8.54,21.61
2026-07-27 13:10:14.705,0.17,0.03,1.01,1.28,8.54,21.61
2026-07-27 13:10:14.764,0.12,0.1,0.97,-2.2,10.01,12.63
2026-07-27 13:10:14.764,0.07,0.13,0.92,-4.88,10.44,9.34
2026-07-27 13:10:14.765,0.07,0.13,0.92,-4.88,10.44,9.34
2026-07-27 13:10:14.826,0.03,0.12,0.91,-6.16,10.31,10.19
2026-07-27 13:10:14.827,0.03,0.12,0.91,-6.16,10.31,10.19
2026-07-27 13:10:14.827,0.01,0.12,0.95,-6.9,12.76,7.63
2026-07-27 13:10:14.884,0.01,0.12,0.95,-6.9,12.76,7.63
2026-07-27 13:10:14.884,-0.02,0.13,0.98,-3.91,15.44,2.81
2026-07-27 13:10:14.885,-0.02,0.13,0.98,-3.91,15.44,2.81
2026-07-27 13:10:14.944,-0.05,0.14,0.99,1.16,13.18,1.71
2026-07-27 13:10:14.944,-0.04,0.14,1.0,0.49,7.69,4.7
2026-07-27 13:10:15.005,-0.04,0.14,1.0,0.49,7.69,4.7
2026-07-27 13:10:15.006,-0.02,0.14,1.04,-3.66,4.15,5.86
2026-07-27 13:10:15.006,-0.02,0.14,1.04,-3.66,4.15,5.86
2026-07-27 13:10:15.064,0.01,0.14,1.04,-4.21,4.09,1.53
2026-07-27 13:10:15.065,0.01,0.14,1.04,-4.21,4.09,1.53
2026-07-27 13:10:15.184,0.02,0.14,1.0,-0.18,4.64,-6.1
2026-07-27 13:10:15.185,0.02,0.14,1.0,5.86,4.64,-13.43
2026-07-27 13:10:15.304,0.02,0.13,0.93,5.86,4.64,-13.43
2026-07-27 13:10:15.304,0.01,0.12,0.89,8.0,5.19,-17.52
2026-07-27 13:10:15.306,0.01,0.12,0.89,8.0,5.19,-17.52
2026-07-27 13:10:15.306,0.02,0.11,0.92,2.14,6.53,-18.62
2026-07-27 13:10:15.307,0.02,0.11,0.92,2.14,6.53,-18.62
2026-07-27 13:10:15.307,0.04,0.08,0.99,-6.59,7.45,-18.92
2026-07-27 13:10:15.307,0.04,0.08,0.99,-6.59,7.45,-18.92
2026-07-27 13:10:15.307,0.05,0.04,1.03,-10.8,6.65,-21.24
2026-07-27 13:10:15.308,0.05,0.04,1.03,-10.8,6.65,-21.24
2026-07-27 13:10:15.364,0.05,0.01,1.03,-10.93,5.86,-27.89
2026-07-27 13:10:15.364,0.03,0.02,1.02,-11.84,7.02,-35.89
2026-07-27 13:10:15.365,0.03,0.02,1.02,-11.84,7.02,-35.89
2026-07-27 13:10:15.493,0.04,0.06,1.03,-14.77,8.61,-39.73
2026-07-27 13:10:15.494,0.04,0.06,1.03,-14.77,8.61,-39.73
2026-07-27 13:10:15.494,0.07,0.08,1.06,-16.66,6.47,-36.8
2026-07-27 13:10:15.495,0.07,0.08,1.06,-16.66,6.47,-36.8
2026-07-27 13:10:15.495,0.11,0.05,1.11,-16.17,-2.56,-29.97
2026-07-27 13:10:15.548,0.12,0.04,1.15,-15.08,-12.57,-30.64
2026-07-27 13:10:15.549,0.12,0.04,1.15,-15.08,-12.57,-30.64
2026-07-27 13:10:15.549,0.09,0.11,1.1,-11.35,-15.56,-42.66
2026-07-27 13:10:15.605,0.09,0.11,1.1,-11.35,-15.56,-42.66
2026-07-27 13:10:15.605,0.05,0.19,1.02,-7.93,-15.75,-45.84
2026-07-27 13:10:15.606,0.05,0.19,1.02,-7.93,-15.75,-45.84
2026-07-27 13:10:15.664,0.07,0.17,0.99,-8.18,-21.79,-24.29
2026-07-27 13:10:15.664,0.07,0.17,0.99,-8.18,-21.79,-24.29
2026-07-27 13:10:15.724,0.11,0.02,0.99,-7.81,-32.9,9.46
2026-07-27 13:10:15.729,0.13,-0.15,0.95,-6.29,-42.05,31.01
2026-07-27 13:10:15.783,0.13,-0.15,0.95,-6.29,-42.05,31.01
2026-07-27 13:10:15.783,0.11,-0.18,0.88,-4.09,-38.33,22.83
2026-07-27 13:10:15.783,0.11,-0.18,0.88,-4.09,-38.33,22.83
2026-07-27 13:10:15.784,0.06,-0.06,0.82,-0.61,-20.39,-3.66
2026-07-27 13:10:15.845,0.06,-0.06,0.82,-0.61,-20.39,-3.66
2026-07-27 13:10:15.846,0.05,0.06,0.78,0.55,-3.48,-17.4
2026-07-27 13:10:15.903,0.05,0.06,0.78,0.55,-3.48,-17.4
2026-07-27 13:10:15.904,0.07,0.09,0.79,-2.93,6.47,-12.08
2026-07-27 13:10:15.964,0.11,0.06,0.87,-10.13,16.78,-4.76
2026-07-27 13:10:15.965,0.11,0.06,0.87,-10.13,16.78,-4.76
2026-07-27 13:10:15.965,0.12,0.05,0.98,-19.53,30.94,-6.1
2026-07-27 13:10:15.965,0.12,0.05,0.98,-19.53,30.94,-6.1
2026-07-27 13:10:16.028,0.11,0.06,1.04,-28.87,46.94,-13.31
2026-07-27 13:10:16.030,0.11,0.06,1.04,-28.87,46.94,-13.31
2026-07-27 13:10:16.148,0.08,0.03,1.05,-39.98,60.24,-18.13
2026-07-27 13:10:16.148,0.06,-0.06,1.06,-53.47,67.44,-16.42
2026-07-27 13:10:16.149,0.06,-0.06,1.06,-53.47,67.44,-16.42
2026-07-27 13:10:16.149,0.03,-0.16,1.06,-61.34,74.58,-8.67
2026-07-27 13:10:16.149,0.03,-0.16,1.06,-61.34,74.58,-8.67
2026-07-27 13:10:16.149,-0.03,-0.27,1.03,-61.46,88.2,2.62
2026-07-27 13:10:16.204,-0.03,-0.27,1.03,-61.46,88.2,2.62
2026-07-27 13:10:16.204,-0.14,-0.38,0.97,-53.34,92.41,13.85
2026-07-27 13:10:16.264,-0.14,-0.38,0.97,-31.19,69.03,25.82
2026-07-27 13:10:16.265,-0.22,-0.4,0.98,-31.19,69.03,25.82
2026-07-27 13:10:16.265,-0.22,-0.32,1.03,-6.41,28.87,35.77
2026-07-27 13:10:16.324,-0.22,-0.32,1.03,-6.41,28.87,35.77
2026-07-27 13:10:16.324,-0.18,-0.25,1.01,4.09,-1.89,39.12
2026-07-27 13:10:16.325,-0.18,-0.25,1.01,4.09,-1.89,39.12
2026-07-27 13:10:16.384,-0.16,-0.22,0.92,2.93,-14.04,36.19
2026-07-27 13:10:16.385,-0.16,-0.22,0.92,2.93,-14.04,36.19
2026-07-27 13:10:16.449,-0.17,-0.21,0.87,-0.79,-15.75,29.85
2026-07-27 13:10:16.449,-0.2,-0.22,0.9,-5.37,-19.9,24.96
2026-07-27 13:10:16.449,-0.2,-0.22,0.9,-5.37,-19.9,24.96
2026-07-27 13:10:16.504,-0.21,-0.23,0.96,-9.28,-32.71,22.71
2026-07-27 13:10:16.504,-0.21,-0.23,0.96,-9.28,-32.71,22.71
2026-07-27 13:10:16.569,-0.24,-0.22,0.99,-7.45,-49.01,24.05
2026-07-27 13:10:16.570,-0.24,-0.22,0.99,-7.45,-49.01,24.05
2026-07-27 13:10:16.570,-0.23,-0.2,1.01,-0.24,-62.44,37.05
2026-07-27 13:10:16.624,-0.19,-0.14,1.04,10.19,-62.68,60.73
2026-07-27 13:10:16.624,-0.19,-0.14,1.04,10.19,-62.68,60.73
2026-07-27 13:10:16.684,-0.16,-0.08,1.05,22.34,-47.06,73.91
2026-07-27 13:10:16.805,-0.16,-0.08,1.05,22.34,-47.06,73.91
2026-07-27 13:10:16.805,-0.17,-0.04,1.03,27.89,-30.21,66.35
2026-07-27 13:10:16.806,-0.17,-0.04,1.03,27.89,-30.21,66.35
2026-07-27 13:10:16.806,-0.18,-0.01,0.97,23.01,-21.91,49.8
2026-07-27 13:10:16.806,-0.18,0.01,0.91,12.63,-20.2,33.45
2026-07-27 13:10:16.806,-0.18,0.01,0.91,12.63,-20.2,33.45
2026-07-27 13:10:16.806,-0.17,0.02,0.87,2.75,-21.24,22.22
2026-07-27 13:10:16.807,-0.17,0.02,0.87,2.75,-21.24,22.22
2026-07-27 13:10:16.865,-0.15,0.03,0.87,-4.52,-20.87,19.47
2026-07-27 13:10:16.865,-0.15,0.03,0.87,-4.52,-20.87,19.47
2026-07-27 13:10:16.924,-0.11,0.01,0.92,-9.16,-18.37,23.32
2026-07-27 13:10:16.924,-0.11,0.01,0.92,-9.16,-18.37,23.32
2026-07-27 13:10:16.925,-0.08,-0.03,1.02,-8.3,-15.32,27.77
2026-07-27 13:10:16.984,-0.06,-0.06,1.1,0.18,-13.55,28.93
2026-07-27 13:10:16.984,-0.06,-0.06,1.1,0.18,-13.55,28.93
2026-07-27 13:10:16.985,-0.05,-0.11,1.14,12.94,-15.62,27.16
2026-07-27 13:10:17.044,-0.05,-0.11,1.14,12.94,-15.62,27.16
2026-07-27 13:10:17.044,-0.05,-0.19,1.13,25.57,-20.51,23.44
2026-07-27 13:10:17.105,-0.04,-0.26,1.08,36.32,-24.11,19.53
2026-07-27 13:10:17.106,-0.04,-0.26,1.08,36.32,-24.11,19.53
2026-07-27 13:10:17.106,-0.0,-0.3,1.01,42.85,-25.88,18.31
2026-07-27 13:10:17.164,-0.0,-0.3,1.01,42.85,-25.88,18.31
2026-07-27 13:10:17.171,0.06,-0.33,0.94,42.54,-26.43,20.2
2026-07-27 13:10:17.283,0.06,-0.33,0.94,42.54,-26.43,20.2
2026-07-27 13:10:17.283,0.11,-0.37,0.89,35.22,-25.63,20.69
2026-07-27 13:10:17.284,0.09,-0.36,0.84,24.66,-20.94,12.39
2026-07-27 13:10:17.285,0.09,-0.36,0.84,24.66,-20.94,12.39
2026-07-27 13:10:17.285,0.01,-0.32,0.83,10.56,-7.32,-6.35
2026-07-27 13:10:17.286,0.01,-0.32,0.83,10.56,-7.32,-6.35
2026-07-27 13:10:17.404,-0.03,-0.21,0.89,-8.73,15.87,-29.05
2026-07-27 13:10:17.405,-0.03,-0.21,0.89,-8.73,15.87,-29.05
2026-07-27 13:10:17.406,0.01,-0.03,0.96,-22.52,37.05,-45.47
2026-07-27 13:10:17.406,0.01,-0.03,0.96,-27.95,38.15,-45.78
2026-07-27 13:10:17.407,0.05,0.07,0.99,-27.95,38.15,-45.78
2026-07-27 13:10:17.464,0.02,0.01,1.03,-30.33,17.88,-32.9
2026-07-27 13:10:17.464,0.02,0.01,1.03,-30.33,17.88,-32.9
2026-07-27 13:10:17.525,-0.06,-0.09,1.1,-26.73,-1.89,-27.1
2026-07-27 13:10:17.525,-0.06,-0.09,1.1,-26.73,-1.89,-27.1
2026-07-27 13:10:17.525,-0.14,-0.05,1.13,-11.11,-5.62,-41.02
2026-07-27 13:10:17.584,-0.14,-0.05,1.13,-11.11,-5.62,-41.02
2026-07-27 13:10:17.584,-0.17,0.09,1.03,13.43,-2.08,-58.29
2026-07-27 13:10:17.585,-0.17,0.19,0.88,30.33,-3.05,-57.31
2026-07-27 13:10:17.644,-0.17,0.19,0.88,30.33,-3.05,-57.31
2026-07-27 13:10:17.645,-0.17,0.24,0.78,30.76,-2.81,-41.44
2026-07-27 13:10:17.645,-0.17,0.24,0.78,30.76,-2.81,-41.44
2026-07-27 13:10:17.823,-0.17,0.29,0.79,23.32,8.67,-21.12
2026-07-27 13:10:17.826,-0.17,0.29,0.79,23.32,8.67,-21.12
2026-07-27 13:10:17.826,-0.17,0.35,0.88,21.67,29.97,2.75
2026-07-27 13:10:17.884,-0.17,0.35,0.88,21.67,29.97,2.75
2026-07-27 13:10:17.884,-0.16,0.37,0.99,24.6,49.5,33.87
2026-07-27 13:10:17.943,-0.07,0.24,1.12,21.61,50.48,74.1
2026-07-27 13:10:17.955,-0.07,0.24,1.12,21.61,50.48,74.1
2026-07-27 13:10:17.955,0.07,-0.01,1.22,15.62,27.47,114.26
2026-07-27 13:10:17.957,0.07,-0.01,1.22,15.62,27.47,114.26
2026-07-27 13:10:17.957,0.17,-0.21,1.29,15.56,-5.13,133.85
2026-07-27 13:10:17.957,0.17,-0.21,1.29,15.56,-5.13,133.85
2026-07-27 13:10:17.958,0.19,-0.31,1.29,24.72,-29.36,124.15
2026-07-27 13:10:17.958,0.18,-0.34,1.24,29.85,-43.76,101.87
2026-07-27 13:10:18.004,0.18,-0.34,1.24,29.85,-43.76,101.87
2026-07-27 13:10:18.004,0.18,-0.3,1.13,20.02,-52.61,81.73
2026-07-27 13:10:18.124,0.18,-0.3,1.13,20.02,-52.61,81.73
2026-07-27 13:10:18.124,0.14,-0.22,1.03,8.91,-49.32,57.62
2026-07-27 13:10:18.663,0.14,-0.22,1.03,8.91,-49.32,57.62
2026-07-27 13:10:18.664,0.03,-0.12,0.96,26.06,-13.31,31.25
2026-07-27 13:10:18.664,0.03,-0.12,0.96,77.15,34.24,-6.71
2026-07-27 13:10:18.665,-0.12,0.08,0.85,77.15,34.24,-6.71
2026-07-27 13:10:18.665,-0.28,0.36,0.72,118.84,31.8,-83.19
2026-07-27 13:10:18.665,-0.28,0.36,0.72,118.84,31.8,-83.19
2026-07-27 13:10:18.783,-0.36,0.6,0.59,114.07,-17.64,-161.99
2026-07-27 13:10:19.144,-0.36,0.6,0.59,114.07,-17.64,-161.99
2026-07-27 13:10:19.145,-0.34,0.75,0.54,66.22,-55.73,-185.49
2026-07-27 13:10:19.146,-0.34,0.75,0.54,14.16,-51.03,-153.56
2026-07-27 13:10:19.146,-0.28,0.82,0.62,14.16,-51.03,-153.56
2026-07-27 13:10:19.146,-0.26,0.84,0.74,-12.45,-20.63,-94.24
2026-07-27 13:10:19.147,-0.26,0.84,0.74,-12.45,-20.63,-94.24
2026-07-27 13:10:19.148,-0.3,0.82,0.83,-25.33,5.25,-31.98
2026-07-27 13:10:19.148,-0.3,0.82,0.83,-25.33,5.25,-31.98
2026-07-27 13:10:19.149,-0.29,0.7,0.86,-34.42,14.53,23.13
2026-07-27 13:10:19.149,-0.29,0.7,0.86,-34.42,14.53,23.13
2026-07-27 13:10:19.150,-0.17,0.47,0.85,-31.25,16.11,57.37
2026-07-27 13:10:19.150,0.06,0.31,0.9,-15.93,23.93,53.59
2026-07-27 13:10:19.150,0.06,0.31,0.9,-15.93,23.93,53.59
2026-07-27 13:10:19.150,0.36,0.28,1.09,-3.66,33.51,26.37
2026-07-27 13:10:19.151,0.36,0.28,1.09,-3.66,33.51,26.37
2026-07-27 13:10:19.151,0.61,0.34,1.34,-4.21,22.71,9.4
2026-07-27 13:10:19.151,0.61,0.34,1.34,-4.21,22.71,9.4
2026-07-27 13:10:19.152,0.64,0.42,1.47,-11.23,-18.55,12.51
2026-07-27 13:10:19.152,0.64,0.42,1.47,-11.23,-18.55,12.51
2026-07-27 13:10:19.153,0.54,0.45,1.46,-13.12,-69.27,23.07
2026-07-27 13:10:19.153,0.38,0.44,1.36,-8.97,-108.09,28.69
2026-07-27 13:10:19.154,0.38,0.44,1.36,-8.97,-108.09,28.69
2026-07-27 13:10:19.155,0.22,0.4,1.1,-9.64,-135.38,36.5
2026-07-27 13:10:19.159,0.22,0.4,1.1,-9.64,-135.38,36.5
2026-07-27 13:10:19.159,0.12,0.36,0.72,-21.61,-141.36,47.3
2026-07-27 13:10:19.160,0.12,0.36,0.72,-21.61,-141.36,47.3
2026-07-27 13:10:19.160,0.1,0.41,0.43,-36.74,-106.99,38.39
2026-07-27 13:10:19.160,0.1,0.41,0.43,-46.14,-54.75,25.88
2026-07-27 13:10:19.161,0.06,0.43,0.29,-46.14,-54.75,25.88
2026-07-27 13:10:19.161,-0.07,0.26,0.21,-49.8,-26.0,48.77
2026-07-27 13:10:19.204,-0.07,0.26,0.21,-49.8,-26.0,48.77
2026-07-27 13:10:19.324,-0.31,-0.09,0.2,-55.42,-17.76,92.77
2026-07-27 13:10:19.575,-0.31,-0.09,0.2,-55.42,-17.76,92.77
2026-07-27 13:10:19.746,-0.66,-0.46,0.38,-70.31,1.53,112.61
2026-07-27 13:10:19.864,-0.66,-0.46,0.38,-70.31,1.53,112.61
2026-07-27 13:10:19.865,-1.03,-0.73,0.83,-95.15,56.52,90.15
2026-07-27 13:10:19.865,-1.03,-0.73,0.83,-136.05,128.85,60.24
2026-07-27 13:10:20.105,-1.28,-0.84,1.47,-136.05,128.85,60.24
2026-07-27 13:10:20.105,-1.28,-0.99,2.1,-188.66,179.2,89.84
2026-07-27 13:10:20.105,-1.28,-0.99,2.1,-188.66,179.2,89.84
2026-07-27 13:10:20.106,-1.02,-1.31,2.67,-203.37,211.24,169.13
2026-07-27 13:10:20.106,-1.02,-1.31,2.67,-203.37,211.24,169.13
2026-07-27 13:10:20.106,-0.58,-1.54,2.98,-139.89,243.77,197.51
2026-07-27 13:10:20.106,0.02,-1.37,2.89,-35.95,261.66,133.61
2026-07-27 13:10:20.107,0.02,-1.37,2.89,-35.95,261.66,133.61
2026-07-27 13:10:20.107,1.0,-0.86,2.57,30.46,244.32,39.67
2026-07-27 13:10:20.107,1.0,-0.86,2.57,30.46,244.32,39.67
2026-07-27 13:10:20.108,1.83,-0.32,1.89,57.74,179.5,-35.77
2026-07-27 13:10:20.109,1.73,-0.04,0.73,87.59,60.0,-85.94
2026-07-27 13:10:20.110,1.73,-0.04,0.73,87.59,60.0,-85.94
2026-07-27 13:10:20.110,1.03,0.09,-0.46,109.44,-64.94,-121.83
2026-07-27 13:10:20.110,1.03,0.09,-0.46,109.44,-64.94,-121.83
2026-07-27 13:10:20.112,0.54,0.22,-1.1,121.15,-124.82,-165.16
2026-07-27 13:10:20.112,0.54,0.22,-1.1,121.15,-124.82,-165.16
2026-07-27 13:10:20.113,0.39,0.2,-1.05,142.88,-127.08,-202.09
2026-07-27 13:10:20.113,0.46,-0.01,-0.49,152.28,-122.62,-198.61
2026-07-27 13:10:20.113,0.46,-0.01,-0.49,152.28,-122.62,-198.61
2026-07-27 13:10:20.114,0.94,0.02,0.62,120.61,-121.58,-162.05
2026-07-27 13:10:20.114,0.94,0.02,0.62,120.61,-121.58,-162.05
2026-07-27 13:10:20.114,1.95,0.53,2.39,78.19,-120.3,-125.31
2026-07-27 13:10:20.115,1.95,0.53,2.39,78.19,-120.3,-125.31
2026-07-27 13:10:20.116,2.33,0.81,3.93,83.31,-166.02,-69.34
2026-07-27 13:10:20.118,1.1,0.48,4.0,147.09,-287.96,26.43
2026-07-27 13:10:20.119,1.1,0.48,4.0,147.09,-287.96,26.43
2026-07-27 13:10:20.119,-0.72,-0.04,3.57,222.23,-398.25,112.18
2026-07-27 13:10:20.119,-0.72,-0.04,3.57,222.23,-398.25,112.18
2026-07-27 13:10:20.119,-1.67,-0.46,1.84,253.54,-420.84,161.62
2026-07-27 13:10:20.119,-1.67,-0.46,1.84,253.54,-420.84,161.62
2026-07-27 13:10:20.120,-1.43,-0.55,0.31,219.36,-353.33,165.95
2026-07-27 13:10:20.120,-0.76,-0.37,-0.31,168.03,-219.54,108.58
2026-07-27 13:10:20.121,-0.76,-0.37,-0.31,168.03,-219.54,108.58
2026-07-27 13:10:20.121,-0.56,-0.18,-0.2,130.13,-108.76,37.48
2026-07-27 13:10:20.123,-0.56,-0.18,-0.2,130.13,-108.76,37.48
2026-07-27 13:10:20.123,-0.89,-0.1,0.23,75.32,-67.93,1.4
2026-07-27 13:10:20.123,-0.89,-0.1,0.23,75.32,-67.93,1.4
2026-07-27 13:10:20.127,-1.2,-0.09,0.57,24.72,-28.26,-14.47
2026-07-27 13:10:20.128,-1.2,-0.09,0.57,18.25,52.73,-24.72
2026-07-27 13:10:20.128,-1.1,-0.27,0.69,18.25,52.73,-24.72
2026-07-27 13:10:20.128,-0.65,-0.79,1.04,19.65,147.03,-9.89
2026-07-27 13:10:20.129,-0.65,-0.79,1.04,19.65,147.03,-9.89
2026-07-27 13:10:20.129,0.25,-1.16,2.23,-48.89,258.73,18.01
2026-07-27 13:10:20.129,0.25,-1.16,2.23,-48.89,258.73,18.01
2026-07-27 13:10:20.163,1.47,-0.89,3.65,-161.01,395.02,3.72
2026-07-27 13:10:20.164,1.47,-0.89,3.65,-161.01,395.02,3.72
2026-07-27 13:10:20.165,2.05,-0.2,3.98,-209.23,458.07,-42.85
2026-07-27 13:10:20.165,1.82,0.38,2.98,-192.99,402.16,-68.3
2026-07-27 13:10:20.224,1.82,0.38,2.98,-192.99,402.16,-68.3
2026-07-27 13:10:20.224,1.44,0.64,1.7,-185.55,342.47,-89.23
2026-07-27 13:10:20.225,1.44,0.64,1.7,-185.55,342.47,-89.23
2026-07-27 13:10:20.404,1.28,0.81,0.83,-182.31,316.53,-118.47
2026-07-27 13:10:20.464,1.35,0.73,0.14,-121.58,226.68,-110.84
2026-07-27 13:10:20.467,1.35,0.73,0.14,-121.58,226.68,-110.84
2026-07-27 13:10:20.763,1.37,0.42,-0.48,-13.37,54.02,-90.45
2026-07-27 13:10:20.763,1.37,0.42,-0.48,-13.37,54.02,-90.45
2026-07-27 13:10:21.005,1.15,0.22,-0.78,66.28,-100.65,-111.69
2026-07-27 13:10:21.126,1.15,0.22,-0.78,66.28,-100.65,-111.69
2026-07-27 13:10:21.127,0.85,0.19,-0.56,87.46,-170.04,-151.86
2026-07-27 13:10:21.127,0.9,0.38,0.06,103.45,-171.94,-192.08
2026-07-27 13:10:21.127,0.9,0.38,0.06,103.45,-171.94,-192.08
2026-07-27 13:10:21.128,1.93,0.86,1.47,146.3,-143.55,-209.11
2026-07-27 13:10:21.128,1.93,0.86,1.47,146.3,-143.55,-209.11
2026-07-27 13:10:21.129,2.95,1.01,3.32,169.74,-147.77,-142.46
2026-07-27 13:10:21.129,2.95,1.01,3.32,169.74,-147.77,-142.46
2026-07-27 13:10:21.129,2.17,0.26,4.0,203.0,-272.95,9.52
2026-07-27 13:10:21.130,0.25,-0.7,3.28,245.42,-448.73,162.23
2026-07-27 13:10:21.130,0.25,-0.7,3.28,245.42,-448.73,162.23
2026-07-27 13:10:21.130,-1.16,-0.99,1.43,236.02,-499.33,201.54
2026-07-27 13:10:21.131,-1.16,-0.99,1.43,236.02,-499.33,201.54
2026-07-27 13:10:21.131,-1.49,-0.75,-0.06,216.31,-379.94,115.97
2026-07-27 13:10:21.131,-1.49,-0.75,-0.06,199.34,-168.33,21.79
2026-07-27 13:10:21.131,-1.15,-0.4,-0.53,199.34,-168.33,21.79
2026-07-27 13:10:21.132,-0.84,-0.15,-0.26,152.89,12.88,-8.54
2026-07-27 13:10:21.133,-0.84,-0.15,-0.26,152.89,12.88,-8.54
2026-07-27 13:10:21.133,-0.82,-0.03,0.19,79.53,97.9,8.97
2026-07-27 13:10:21.133,-0.82,-0.03,0.19,79.53,97.9,8.97
2026-07-27 13:10:21.134,-0.92,-0.04,0.55,-5.86,123.66,34.91
2026-07-27 13:10:21.134,-0.92,-0.04,0.55,-5.86,123.66,34.91
2026-07-27 13:10:21.135,-1.01,-0.27,0.72,-80.26,146.61,47.18
2026-07-27 13:10:21.135,-1.24,-0.67,1.16,-125.73,218.44,29.72
2026-07-27 13:10:21.137,-1.24,-0.67,1.16,-125.73,218.44,29.72
2026-07-27 13:10:21.138,-0.77,-1.34,2.51,-175.96,418.58,-5.86
2026-07-27 13:10:21.138,-0.77,-1.34,2.51,-175.96,418.58,-5.86
2026-07-27 13:10:21.139,0.59,-1.81,3.89,-188.9,625.12,-30.76
2026-07-27 13:10:21.140,0.59,-1.81,3.89,-188.9,625.12,-30.76
2026-07-27 13:10:21.140,1.23,-1.41,4.0,-88.5,587.83,-22.77
2026-07-27 13:10:21.140,1.16,-0.59,3.08,15.44,373.29,36.99
2026-07-27 13:10:21.141,1.16,-0.59,3.08,15.44,373.29,36.99
2026-07-27 13:10:21.147,1.48,0.19,1.69,28.2,248.05,49.62
2026-07-27 13:10:21.307,1.48,0.19,1.69,14.65,262.7,-47.79
2026-07-27 13:10:21.307,2.06,0.59,0.64,14.65,262.7,-47.79
2026-07-27 13:10:21.308,2.29,0.46,-0.05,7.26,252.56,-139.53
2026-07-27 13:10:21.308,2.29,0.46,-0.05,7.26,252.56,-139.53
2026-07-27 13:10:21.309,1.99,0.27,-0.5,3.42,135.44,-179.87
2026-07-27 13:10:21.309,1.99,0.27,-0.5,3.42,135.44,-179.87
2026-07-27 13:10:21.309,1.36,0.21,-0.61,14.4,-20.69,-221.25
2026-07-27 13:10:21.309,1.36,0.21,-0.61,14.4,-20.69,-221.25
2026-07-27 13:10:21.373,1.36,0.21,-0.61,14.4,-20.69,-221.25
2026-07-27 13:10:21.373,1.36,0.21,-0.61,14.4,-20.69,-221.25
2026-07-27 13:10:21.544,0.48,-0.05,-0.07,85.63,-194.03,-283.39
2026-07-27 13:10:21.544,1.22,-0.08,1.23,103.03,-182.92,-248.05
2026-07-27 13:10:21.545,1.22,-0.08,1.23,103.03,-182.92,-248.05
2026-07-27 13:10:21.546,2.18,0.1,3.15,134.83,-133.79,-194.34
2026-07-27 13:10:21.546,2.18,0.1,3.15,134.83,-133.79,-194.34
2026-07-27 13:10:21.546,2.05,0.05,4.0,209.47,-177.06,-73.0
2026-07-27 13:10:21.546,2.05,0.05,4.0,209.47,-177.06,-73.0
2026-07-27 13:10:21.546,1.16,-0.52,3.83,241.64,-351.07,146.55
2026-07-27 13:10:21.723,0.27,-1.03,2.34,178.83,-482.85,263.85
2026-07-27 13:10:21.724,0.27,-1.03,2.34,178.83,-482.85,263.85
2026-07-27 13:10:21.724,-0.36,-0.91,0.76,90.64,-453.67,155.15
2026-07-27 13:10:21.724,-0.36,-0.91,0.76,90.64,-453.67,155.15
2026-07-27 13:10:21.724,-0.7,-0.43,-0.15,61.77,-300.35,-53.47
2026-07-27 13:10:21.726,-0.88,-0.0,-0.39,100.52,-114.26,-202.5
2026-07-27 13:10:21.726,-0.88,-0.0,-0.39,100.52,-114.26,-202.5
2026-07-27 13:10:21.727,-1.03,0.17,-0.24,136.17,26.0,-212.95
2026-07-27 13:10:21.784,-1.03,0.17,-0.24,136.17,26.0,-212.95
2026-07-27 13:10:21.785,-1.16,0.07,0.14,125.37,102.05,-106.69
2026-07-27 13:10:21.845,-1.16,0.07,0.14,125.37,102.05,-106.69
2026-07-27 13:10:21.845,-1.23,-0.19,0.55,85.63,141.54,20.14
2026-07-27 13:10:21.845,-1.24,-0.52,0.73,53.16,183.11,83.31
2026-07-27 13:10:22.084,-1.24,-0.52,0.73,53.16,183.11,83.31
2026-07-27 13:10:22.323,-1.15,-1.07,1.31,5.49,269.78,80.99
2026-07-27 13:10:22.623,-1.15,-1.07,1.31,5.49,269.78,80.99
2026-07-27 13:10:22.623,-0.12,-1.64,2.79,-123.17,434.2,54.5
2026-07-27 13:10:22.624,-0.12,-1.64,2.79,-123.17,434.2,54.5
2026-07-27 13:10:22.624,1.4,-1.32,4.0,-220.46,552.19,-5.31
2026-07-27 13:10:22.624,1.78,-0.16,3.7,-184.14,458.44,-70.01
2026-07-27 13:10:22.626,1.78,-0.16,3.7,-184.14,458.44,-70.01
2026-07-27 13:10:23.104,1.3,0.72,2.19,-123.17,245.97,-69.15
2026-07-27 13:10:24.246,1.3,0.72,2.19,-123.17,245.97,-69.15
2026-07-27 13:10:24.247,0.95,0.91,0.73,-105.47,121.46,-43.21
2026-07-27 13:10:24.247,0.95,0.91,0.73,-105.47,121.46,-43.21
2026-07-27 13:10:24.247,0.95,0.91,0.73,-105.47,121.46,-43.21
2026-07-27 13:10:24.247,0.95,0.91,0.73,-105.47,121.46,-43.21
2026-07-27 13:10:24.247,0.99,0.36,-0.41,-52.0,103.88,-28.44
2026-07-27 13:10:24.247,0.99,0.07,-0.67,-16.05,2.2,11.9
2026-07-27 13:10:24.248,0.99,0.07,-0.67,-16.05,2.2,11.9
2026-07-27 13:10:24.248,0.84,-0.14,-0.9,-12.21,-150.21,49.93
2026-07-27 13:10:24.248,0.84,-0.14,-0.9,-12.21,-150.21,49.93
2026-07-27 13:10:24.248,0.55,-0.32,-0.9,-47.06,-251.89,26.25
2026-07-27 13:10:24.248,0.55,-0.32,-0.9,-47.06,-251.89,26.25
2026-07-27 13:10:24.249,0.75,-0.31,-0.24,-68.36,-218.38,-98.57
2026-07-27 13:10:24.250,0.75,-0.31,-0.24,-33.75,-59.08,-258.06
2026-07-27 13:10:24.250,2.13,-0.17,1.69,-33.75,-59.08,-258.06
2026-07-27 13:10:24.251,2.96,0.3,3.76,72.27,27.47,-347.6
2026-07-27 13:10:24.251,2.96,0.3,3.76,72.27,27.47,-347.6
2026-07-27 13:10:24.252,1.69,0.56,4.0,227.29,-110.23,-244.02
2026-07-27 13:10:24.253,1.69,0.56,4.0,227.29,-110.23,-244.02
2026-07-27 13:10:24.253,-0.22,-0.05,3.45,296.94,-328.67,28.14
2026-07-27 13:10:24.303,-0.22,-0.05,3.45,242.86,-431.21,205.02
2026-07-27 13:10:24.429,-1.28,-0.74,1.79,242.86,-431.21,205.02
2026-07-27 13:10:24.430,-1.29,-0.93,0.48,189.15,-368.77,173.16
2026-07-27 13:10:24.430,-1.29,-0.93,0.48,189.15,-368.77,173.16
2026-07-27 13:10:24.431,-0.86,-0.78,0.06,200.26,-209.9,40.71
2026-07-27 13:10:24.432,-0.86,-0.78,0.06,200.26,-209.9,40.71
2026-07-27 13:10:24.432,-0.63,-0.63,0.14,249.69,-60.85,-94.06
2026-07-27 13:10:24.432,-0.69,-0.57,0.14,278.81,16.36,-164.49
2026-07-27 13:10:24.433,-0.69,-0.57,0.14,278.81,16.36,-164.49
2026-07-27 13:10:24.498,-0.82,-0.59,-0.07,232.54,35.64,-141.6
2026-07-27 13:10:24.500,-0.82,-0.59,-0.07,232.54,35.64,-141.6
2026-07-27 13:10:24.500,-0.88,-0.75,-0.15,112.24,67.14,-67.81
2026-07-27 13:10:24.611,-0.88,-0.75,-0.15,112.24,67.14,-67.81
2026-07-27 13:10:24.611,-0.98,-0.89,0.72,-42.11,191.41,-29.6
2026-07-27 13:10:24.612,-0.98,-0.89,0.72,-42.11,191.41,-29.6
2026-07-27 13:10:24.614,-0.98,-0.89,0.72,-42.11,191.41,-29.6
2026-07-27 13:10:24.615,-0.98,-0.89,0.72,-42.11,191.41,-29.6
2026-07-27 13:10:24.615,-0.53,1.65,4.0,-274.17,580.44,-333.62
2026-07-27 13:10:24.615,-0.53,1.65,4.0,-274.17,580.44,-333.62
2026-07-27 13:10:24.615,0.03,2.43,3.57,-215.45,463.44,-378.91
2026-07-27 13:10:24.616,0.4,1.89,1.92,-146.97,236.39,-228.7
2026-07-27 13:10:24.616,0.4,1.89,1.92,-146.97,236.39,-228.7
2026-07-27 13:10:24.616,0.56,1.24,0.63,-110.96,109.25,-140.75
2026-07-27 13:10:24.617,0.56,1.24,0.63,-110.96,109.25,-140.75
2026-07-27 13:10:24.617,0.72,0.98,0.13,-93.87,72.75,-167.24
2026-07-27 13:10:24.617,0.92,0.84,0.07,-83.44,30.7,-161.25
2026-07-27 13:10:24.617,0.92,0.84,0.07,-83.44,30.7,-161.25
2026-07-27 13:10:24.618,0.96,0.55,-0.07,-34.24,-75.93,-89.72
2026-07-27 13:10:24.619,0.96,0.55,-0.07,-34.24,-75.93,-89.72
2026-07-27 13:10:24.619,0.75,0.12,-0.31,22.46,-204.71,-5.49
2026-07-27 13:10:24.663,0.75,0.12,-0.31,22.46,-204.71,-5.49
2026-07-27 13:10:24.663,0.57,-0.27,-0.16,20.57,-257.39,50.05
2026-07-27 13:10:24.665,0.74,-0.51,1.19,-18.19,-195.74,57.86
2026-07-27 13:10:24.665,0.74,-0.51,1.19,-18.19,-195.74,57.86
2026-07-27 13:10:24.666,0.68,-0.61,2.99,-27.89,-80.57,42.24
2026-07-27 13:10:24.666,0.68,-0.61,2.99,-27.89,-80.57,42.24
2026-07-27 13:10:24.666,-0.1,-0.59,3.05,-16.54,-41.26,33.87
2026-07-27 13:10:24.666,-0.1,-0.59,3.05,-16.54,-41.26,33.87
2026-07-27 13:10:24.667,-0.89,-0.6,1.39,-25.7,-75.5,64.39
2026-07-27 13:10:24.723,-0.89,-0.6,1.39,-25.7,-75.5,64.39
2026-07-27 13:10:25.024,-1.09,-0.5,-0.15,-35.28,-51.94,80.14
2026-07-27 13:10:25.024,-0.89,-0.12,-0.58,6.84,66.28,8.0
2026-07-27 13:10:25.025,0.62,-0.2,1.16,66.04,142.21,-93.75
2026-07-27 13:10:25.025,0.46,-0.62,0.74,54.26,98.08,-158.51
2026-07-27 13:10:25.026,0.46,-0.62,0.74,54.26,98.08,-158.51
2026-07-27 13:10:25.026,0.31,-0.44,0.52,102.78,68.42,-284.06
2026-07-27 13:10:25.026,0.31,-0.44,0.52,102.78,68.42,-284.06
2026-07-27 13:10:25.027,-0.05,0.04,0.3,64.94,73.61,-345.15
2026-07-27 13:10:25.027,-0.32,0.34,0.08,-58.35,54.81,-273.13
2026-07-27 13:10:25.027,-0.32,0.34,0.08,-58.35,54.81,-273.13
2026-07-27 13:10:25.028,-0.3,0.12,0.25,-130.68,8.0,-144.1
2026-07-27 13:10:25.028,-0.3,0.12,0.25,-130.68,8.0,-144.1
2026-07-27 13:10:25.031,-0.35,-0.53,0.93,-141.17,-25.51,-19.47
2026-07-27 13:10:25.031,-0.35,-0.53,0.93,-141.17,-25.51,-19.47
2026-07-27 13:10:25.031,-0.45,-1.31,1.75,-179.81,-52.06,93.51
2026-07-27 13:10:25.031,-0.5,-1.72,1.97,-218.08,-69.03,132.45
2026-07-27 13:10:25.032,-0.5,-1.72,1.97,-218.08,-69.03,132.45
2026-07-27 13:10:25.032,-0.39,-1.45,1.6,-168.95,-78.67,68.85
2026-07-27 13:10:25.032,-0.39,-1.45,1.6,-168.95,-78.67,68.85
2026-07-27 13:10:25.033,0.05,-0.85,1.06,-34.0,-118.96,-36.5
2026-07-27 13:10:25.034,0.43,-0.25,0.48,119.02,-162.41,-127.5
2026-07-27 13:10:25.035,0.43,-0.25,0.48,119.02,-162.41,-127.5
2026-07-27 13:10:25.035,0.3,0.09,-0.05,167.36,-158.81,-127.44
2026-07-27 13:10:25.039,0.3,0.09,-0.05,167.36,-158.81,-127.44
2026-07-27 13:10:25.039,-0.1,0.17,-0.29,111.39,-118.84,-22.28
2026-07-27 13:10:25.040,-0.1,0.17,-0.29,111.39,-118.84,-22.28
2026-07-27 13:10:25.040,-0.18,0.2,-0.05,42.6,-65.37,123.05
2026-07-27 13:10:25.040,0.1,-0.06,0.61,-60.73,-29.36,232.24
2026-07-27 13:10:25.041,0.1,-0.06,0.61,-60.73,-29.36,232.24
2026-07-27 13:10:25.041,0.31,-0.61,1.17,-180.42,-55.11,236.02
2026-07-27 13:10:25.041,0.31,-0.61,1.17,-180.42,-55.11,236.02
2026-07-27 13:10:25.041,0.28,-0.96,1.35,-220.28,-83.92,156.86
2026-07-27 13:10:25.144,0.28,-0.96,1.35,-220.28,-83.92,156.86
2026-07-27 13:10:25.144,0.23,-1.2,1.18,-211.18,-55.18,103.58
2026-07-27 13:10:25.144,0.23,-1.2,1.18,-211.18,-55.18,103.58
2026-07-27 13:10:25.145,0.02,-1.36,0.62,-191.89,-5.25,81.12
2026-07-27 13:10:25.145,-0.37,-1.25,-0.06,-74.65,40.59,26.37
2026-07-27 13:10:25.149,-0.37,-1.25,-0.06,-74.65,40.59,26.37
2026-07-27 13:10:25.149,-0.57,-0.76,-0.23,86.79,73.49,-64.51
2026-07-27 13:10:25.149,-0.47,-0.29,0.06,72.08,120.73,-83.01
2026-07-27 13:10:25.149,-0.47,-0.29,0.06,72.08,120.73,-83.01
2026-07-27 13:10:25.266,-0.13,-0.27,0.27,-106.87,158.94,21.97
2026-07-27 13:10:25.266,-0.13,-0.27,0.27,-106.87,158.94,21.97
2026-07-27 13:10:25.266,0.19,-0.39,0.34,-203.49,152.22,94.6
2026-07-27 13:10:25.266,0.19,-0.39,0.34,-203.49,152.22,94.6
2026-07-27 13:10:25.266,0.39,-0.54,0.23,-172.73,118.35,49.68
2026-07-27 13:10:25.325,0.27,-0.85,0.03,-128.05,95.4,-33.69
2026-07-27 13:10:25.325,0.27,-0.85,0.03,-128.05,95.4,-33.69
2026-07-27 13:10:25.684,-0.07,-1.45,-0.08,-84.47,91.8,-70.74
2026-07-27 13:10:25.684,-0.07,-1.45,-0.08,-84.47,91.8,-70.74
2026-07-27 13:10:25.803,-0.11,-2.23,-0.11,-2.01,163.76,-84.66
2026-07-27 13:10:25.804,-0.11,-2.23,-0.11,-2.01,163.76,-84.66
2026-07-27 13:10:25.804,0.02,-2.65,-0.03,112.55,314.76,-138.73
2026-07-27 13:10:25.805,0.04,-2.19,0.06,113.83,338.75,-191.1
2026-07-27 13:10:25.805,0.04,-2.19,0.06,113.83,338.75,-191.1
2026-07-27 13:10:25.805,0.16,-1.16,0.02,-26.98,173.4,-155.27
2026-07-27 13:10:25.806,0.16,-1.16,0.02,-26.98,173.4,-155.27
2026-07-27 13:10:25.865,0.22,-0.25,-0.01,-133.54,-23.07,-41.99
2026-07-27 13:10:26.224,0.22,-0.25,-0.01,-133.54,-23.07,-41.99
2026-07-27 13:10:26.224,0.15,0.13,0.12,-129.39,-134.77,84.11
2026-07-27 13:10:26.225,0.17,0.13,0.26,-78.74,-160.77,132.14
2026-07-27 13:10:26.225,0.17,0.13,0.26,-78.74,-160.77,132.14
2026-07-27 13:10:26.229,0.2,0.03,0.24,-20.08,-163.15,63.66
2026-07-27 13:10:26.229,0.2,0.03,0.24,-20.08,-163.15,63.66
2026-07-27 13:10:26.229,0.3,-0.37,0.21,37.05,-170.84,-25.82
2026-07-27 13:10:26.230,0.3,-0.37,0.21,37.05,-170.84,-25.82
2026-07-27 13:10:26.230,0.09,-1.22,0.04,91.37,-125.24,-33.81
2026-07-27 13:10:26.230,-0.42,-1.97,0.01,128.6,0.67,5.0
2026-07-27 13:10:26.230,-0.42,-1.97,0.01,128.6,0.67,5.0
2026-07-27 13:10:26.230,-0.7,-2.09,0.4,99.67,115.23,7.87
2026-07-27 13:10:26.231,-0.7,-2.09,0.4,99.67,115.23,7.87
2026-07-27 13:10:26.232,-0.56,-1.78,0.53,62.19,141.05,-35.58
2026-07-27 13:10:26.232,-0.56,-1.78,0.53,62.19,141.05,-35.58
2026-07-27 13:10:26.232,-0.16,-1.32,0.34,53.1,123.6,-56.4
2026-07-27 13:10:26.233,0.09,-0.79,0.11,49.13,102.42,-19.71
2026-07-27 13:10:26.233,0.09,-0.79,0.11,49.13,102.42,-19.71
2026-07-27 13:10:26.233,0.13,-0.3,-0.03,93.32,46.39,42.54
2026-07-27 13:10:26.233,0.13,-0.3,-0.03,93.32,46.39,42.54
2026-07-27 13:10:26.234,0.15,-0.03,-0.1,120.61,11.6,78.67
2026-07-27 13:10:26.235,0.15,-0.03,-0.1,120.61,11.6,78.67
2026-07-27 13:10:26.236,0.29,-0.06,0.0,45.41,37.35,52.98
2026-07-27 13:10:26.236,0.4,-0.27,0.3,-21.18,32.96,-1.89
2026-07-27 13:10:26.237,0.4,-0.27,0.3,-21.18,32.96,-1.89
2026-07-27 13:10:26.245,0.24,-0.87,0.73,27.71,-74.22,-47.42
2026-07-27 13:10:26.245,0.24,-0.87,0.73,27.71,-74.22,-47.42
2026-07-27 13:10:26.246,0.23,-1.75,1.06,106.81,-210.08,-55.97
2026-07-27 13:10:26.246,0.23,-1.75,1.06,106.81,-210.08,-55.97
2026-07-27 13:10:26.246,0.36,-2.21,1.06,86.98,-194.95,-52.12
2026-07-27 13:10:26.346,0.36,-2.21,1.06,-12.94,0.73,-60.18
2026-07-27 13:10:26.952,0.27,-2.0,0.69,-12.94,0.73,-60.18
2026-07-27 13:10:26.952,0.07,-1.28,0.26,-51.51,179.32,-93.69
2026-07-27 13:10:26.952,0.07,-1.28,0.26,-51.51,179.32,-93.69
2026-07-27 13:10:26.952,0.02,-0.46,0.27,4.82,183.41,-149.11
2026-07-27 13:10:27.005,0.02,-0.46,0.27,4.82,183.41,-149.11
2026-07-27 13:10:27.006,0.16,0.12,0.44,67.14,69.46,-145.02
2026-07-27 13:10:27.006,0.16,0.12,0.44,67.14,69.46,-145.02
2026-07-27 13:10:27.007,0.17,0.34,0.3,103.33,-39.79,-77.82
2026-07-27 13:10:27.007,0.04,0.24,0.11,118.04,-92.41,-19.53
2026-07-27 13:10:27.007,0.04,0.24,0.11,118.04,-92.41,-19.53
2026-07-27 13:10:27.007,0.29,0.03,0.3,100.34,-82.15,6.77
2026-07-27 13:10:27.008,0.29,0.03,0.3,100.34,-82.15,6.77
2026-07-27 13:10:27.008,0.53,-0.79,0.69,42.6,-18.92,-2.26
2026-07-27 13:10:27.008,0.53,-0.79,0.69,42.6,-18.92,-2.26
2026-07-27 13:10:27.008,0.25,-1.58,1.16,-26.06,4.82,-29.17
2026-07-27 13:10:27.008,-0.03,-1.56,1.48,-55.24,-7.93,-55.48
2026-07-27 13:10:27.009,-0.03,-1.56,1.48,-55.24,-7.93,-55.48
2026-07-27 13:10:27.010,0.1,-1.28,1.28,-32.65,25.51,-53.41
2026-07-27 13:10:27.010,0.1,-1.28,1.28,-32.65,25.51,-53.41
2026-07-27 13:10:27.010,0.34,-0.9,0.91,3.72,73.43,-18.62
2026-07-27 13:10:27.012,0.34,-0.9,0.91,3.72,73.43,-18.62
2026-07-27 13:10:27.012,0.4,-0.52,0.72,5.55,93.44,12.94
2026-07-27 13:10:27.012,0.4,-0.52,0.72,5.55,93.44,12.94
2026-07-27 13:10:27.013,0.4,-0.52,0.72,5.55,93.44,12.94
2026-07-27 13:10:27.014,0.4,-0.52,0.72,5.55,93.44,12.94
2026-07-27 13:10:27.014,0.44,-0.12,0.33,-219.48,77.27,66.35
2026-07-27 13:10:27.014,0.44,-0.12,0.33,-219.48,77.27,66.35
2026-07-27 13:10:27.016,0.47,-0.09,0.03,-295.9,22.52,44.86
2026-07-27 13:10:27.016,0.35,-0.24,0.06,-182.07,1.22,10.93
2026-07-27 13:10:27.016,0.35,-0.24,0.06,-182.07,1.22,10.93
2026-07-27 13:10:27.016,0.27,-0.66,0.41,-8.85,4.09,5.13
2026-07-27 13:10:27.018,0.27,-0.66,0.41,-8.85,4.09,5.13
2026-07-27 13:10:27.018,0.29,-1.33,0.72,85.75,21.12,53.77
2026-07-27 13:10:27.018,0.29,-1.33,0.72,85.75,21.12,53.77
2026-07-27 13:10:27.064,0.1,-1.8,0.68,80.32,58.23,76.84
2026-07-27 13:10:27.065,-0.1,-1.75,0.51,21.73,64.45,-7.32
2026-07-27 13:10:27.124,-0.1,-1.75,0.51,21.73,64.45,-7.32
2026-07-27 13:10:27.124,-0.05,-1.39,0.41,-29.72,33.87,-87.4
2026-07-27 13:10:27.125,-0.05,-1.39,0.41,-29.72,33.87,-87.4
2026-07-27 13:10:27.373,-0.02,-0.86,0.13,-31.43,-0.37,-80.02
2026-07-27 13:10:27.374,-0.02,-0.86,0.13,-31.43,-0.37,-80.02
2026-07-27 13:10:27.375,-0.07,-0.37,-0.15,-7.81,-38.27,-17.4
2026-07-27 13:10:27.375,0.04,-0.23,0.04,-2.5,-67.02,45.23
2026-07-27 13:10:27.375,0.04,-0.23,0.04,-2.5,-67.02,45.23
2026-07-27 13:10:27.376,0.18,-0.4,0.32,-11.17,-61.95,59.33
2026-07-27 13:10:27.376,0.18,-0.4,0.32,-11.17,-61.95,59.33
2026-07-27 13:10:27.376,0.17,-0.64,0.35,-13.55,-37.72,27.89
2026-07-27 13:10:27.377,0.17,-0.64,0.35,-13.55,-37.72,27.89
2026-07-27 13:10:27.377,0.27,-1.07,0.39,-1.71,1.65,3.11
2026-07-27 13:10:27.424,0.27,-1.07,0.39,30.4,81.3,8.97
2026-07-27 13:10:27.424,0.24,-1.43,0.33,30.4,81.3,8.97
2026-07-27 13:10:27.424,-0.03,-1.32,0.18,37.23,125.06,-11.05
2026-07-27 13:10:27.484,-0.03,-1.32,0.18,37.23,125.06,-11.05
2026-07-27 13:10:27.484,-0.23,-1.1,0.18,-24.29,73.06,-45.47
2026-07-27 13:10:27.485,-0.23,-1.1,0.18,-24.29,73.06,-45.47
2026-07-27 13:10:27.544,-0.32,-1.06,0.21,-89.42,21.67,-38.39
2026-07-27 13:10:27.544,-0.32,-1.06,0.21,-89.11,19.84,-7.02
2026-07-27 13:10:27.609,-0.28,-0.99,0.2,-89.11,19.84,-7.02
2026-07-27 13:10:27.609,-0.15,-0.96,0.24,-48.34,21.67,10.99
2026-07-27 13:10:27.610,-0.15,-0.96,0.24,-48.34,21.67,10.99
2026-07-27 13:10:27.671,0.08,-0.94,0.23,-21.91,14.71,22.71
2026-07-27 13:10:27.671,0.08,-0.94,0.23,-21.91,14.71,22.71
2026-07-27 13:10:27.785,0.32,-0.78,0.15,-14.89,41.5,14.04
2026-07-27 13:10:27.785,0.32,-0.78,0.15,-14.89,41.5,14.04
2026-07-27 13:10:27.785,0.25,-0.58,0.11,-22.28,125.85,-23.93
2026-07-27 13:10:27.786,0.15,-0.72,0.35,-45.59,258.85,4.94
2026-07-27 13:10:27.786,0.15,-0.72,0.35,-45.59,258.85,4.94
2026-07-27 13:10:27.787,0.22,-1.01,0.56,-52.0,336.85,64.45
2026-07-27 13:10:27.904,0.22,-1.01,0.56,-52.0,336.85,64.45
2026-07-27 13:10:27.905,0.14,-1.04,0.48,-26.86,246.77,36.87
2026-07-27 13:10:27.905,0.14,-1.04,0.48,-26.86,246.77,36.87
2026-07-27 13:10:27.905,0.03,-1.15,0.29,10.5,45.72,-16.24
2026-07-27 13:10:27.906,0.02,-1.28,-0.05,45.1,-133.0,-21.18
2026-07-27 13:10:27.966,0.02,-1.28,-0.05,45.1,-133.0,-21.18
2026-07-27 13:10:27.967,-0.09,-1.25,-0.15,57.25,-183.35,-26.12
2026-07-27 13:10:27.967,-0.09,-1.25,-0.15,57.25,-183.35,-26.12
2026-07-27 13:10:28.024,-0.16,-1.21,-0.18,43.09,-50.11,-74.22
2026-07-27 13:10:28.024,-0.16,-1.21,-0.18,43.09,-50.11,-74.22
2026-07-27 13:10:28.084,-0.03,-1.18,-0.28,30.88,140.14,-99.12
2026-07-27 13:10:28.084,0.01,-1.01,-0.14,23.56,216.43,-72.02
2026-07-27 13:10:28.086,0.01,-1.01,-0.14,23.56,216.43,-72.02
2026-07-27 13:10:28.145,-0.08,-0.74,0.11,8.18,197.51,-48.28
2026-07-27 13:10:28.146,-0.08,-0.74,0.11,8.18,197.51,-48.28
2026-07-27 13:10:28.204,-0.13,-0.58,0.19,-4.52,155.76,-30.4
2026-07-27 13:10:28.205,-0.13,-0.58,0.19,-4.52,155.76,-30.4
2026-07-27 13:10:28.205,-0.13,-0.58,0.17,-4.09,133.91,-0.31
2026-07-27 13:10:28.264,-0.0,-0.7,0.19,2.08,146.48,31.01
2026-07-27 13:10:28.264,-0.0,-0.7,0.19,2.08,146.48,31.01
2026-07-27 13:10:28.264,0.16,-0.89,0.25,7.39,173.77,48.1
2026-07-27 13:10:28.323,0.16,-0.89,0.25,7.39,173.77,48.1
2026-07-27 13:10:28.324,-0.0,-1.02,0.36,15.69,174.32,30.33
2026-07-27 13:10:28.386,-0.0,-1.02,0.36,15.69,174.32,30.33
2026-07-27 13:10:28.386,-0.21,-1.12,0.32,21.67,139.89,-5.31
2026-07-27 13:10:28.386,-0.21,-1.12,0.32,17.03,99.79,-22.03
2026-07-27 13:10:28.444,-0.25,-1.04,0.07,17.03,99.79,-22.03
2026-07-27 13:10:28.444,-0.35,-0.9,-0.02,1.46,53.83,-39.06
2026-07-27 13:10:28.444,-0.35,-0.9,-0.02,1.46,53.83,-39.06
2026-07-27 13:10:28.565,-0.42,-0.99,0.12,-23.19,8.67,-56.09
2026-07-27 13:10:28.565,-0.42,-0.99,0.12,-23.19,8.67,-56.09
2026-07-27 13:10:28.565,-0.33,-1.08,0.25,-37.66,-0.79,-36.32
2026-07-27 13:10:28.626,-0.33,-1.08,0.25,-37.66,-0.79,-36.32
2026-07-27 13:10:28.626,-0.23,-1.06,0.32,-26.37,55.6,4.46
2026-07-27 13:10:28.626,-0.16,-1.02,0.36,-5.49,147.89,25.82
2026-07-27 13:10:28.627,-0.16,-1.02,0.36,-5.49,147.89,25.82
2026-07-27 13:10:28.688,-0.14,-0.96,0.36,6.77,205.26,21.61
2026-07-27 13:10:28.688,-0.14,-0.96,0.36,6.77,205.26,21.61
2026-07-27 13:10:28.689,-0.11,-0.89,0.35,6.35,201.54,13.06
2026-07-27 13:10:28.811,-0.11,-0.89,0.35,6.35,201.54,13.06
2026-07-27 13:10:28.812,-0.1,-0.83,0.4,-5.49,142.15,16.91
2026-07-27 13:10:28.813,-0.11,-0.75,0.46,-16.97,48.46,37.11
2026-07-27 13:10:28.813,-0.11,-0.75,0.46,-16.97,48.46,37.11
2026-07-27 13:10:28.813,-0.06,-0.75,0.43,-12.02,-29.6,64.09
2026-07-27 13:10:28.813,-0.06,-0.75,0.43,-12.02,-29.6,64.09
2026-07-27 13:10:28.864,0.1,-0.81,0.33,5.74,-44.62,70.5
2026-07-27 13:10:28.864,0.1,-0.81,0.33,5.74,-44.62,70.5
2026-07-27 13:10:29.051,0.33,-0.95,0.33,11.84,-2.56,46.87
2026-07-27 13:10:29.051,0.33,-0.95,0.33,11.84,-2.56,46.87
2026-07-27 13:10:29.051,0.33,-0.95,0.33,11.84,-2.56,46.87
2026-07-27 13:10:29.051,0.33,-0.95,0.33,11.84,-2.56,46.87
2026-07-27 13:10:29.052,0.25,-1.11,0.3,12.94,47.97,-65.31
2026-07-27 13:10:29.052,0.25,-1.11,0.3,40.04,7.81,-115.84
2026-07-27 13:10:29.053,-0.14,-1.3,0.23,40.04,7.81,-115.84
2026-07-27 13:10:29.053,-0.22,-1.78,0.23,72.75,-20.02,-117.98
2026-07-27 13:10:29.053,-0.22,-1.78,0.23,72.75,-20.02,-117.98
2026-07-27 13:10:29.107,-0.08,-2.07,0.32,96.01,44.74,-94.42
2026-07-27 13:10:29.108,-0.08,-2.07,0.32,92.35,129.52,-75.99
2026-07-27 13:10:29.169,-0.06,-1.8,0.35,92.35,129.52,-75.99
2026-07-27 13:10:29.169,-0.13,-1.31,0.18,55.73,88.44,-73.79
2026-07-27 13:10:29.228,-0.13,-1.31,0.18,55.73,88.44,-73.79
2026-07-27 13:10:29.228,-0.19,-0.77,-0.06,20.08,-55.36,-78.49
2026-07-27 13:10:29.229,-0.19,-0.77,-0.06,20.08,-55.36,-78.49
2026-07-27 13:10:29.343,-0.13,-0.11,-0.23,0.67,-193.79,-107.36
2026-07-27 13:10:29.345,-0.13,-0.11,-0.23,-17.64,-245.97,-164.0
2026-07-27 13:10:29.345,-0.05,0.37,-0.19,-17.64,-245.97,-164.06
2026-07-27 13:10:29.346,0.12,0.21,-0.18,-29.6,-161.19,-139.53
2026-07-27 13:10:29.346,0.12,0.21,-0.18,-29.6,-161.19,-139.53
2026-07-27 13:10:29.406,0.15,-0.41,-0.2,-22.46,1.16,16.42
2026-07-27 13:10:29.411,0.15,-0.41,-0.2,-22.46,1.16,16.42
2026-07-27 13:10:29.412,-0.39,-0.83,0.0,1.65,154.97,161.5
2026-07-27 13:10:29.474,-0.39,-0.83,0.0,1.65,154.97,161.5
2026-07-27 13:10:29.474,-0.88,-1.25,0.01,-23.5,289.49,177.8
2026-07-27 13:10:29.584,-0.99,-1.78,-0.23,-106.45,365.91,130.31
2026-07-27 13:10:29.584,-0.99,-1.78,-0.23,-106.45,365.91,130.31
2026-07-27 13:10:29.586,-0.64,-2.23,0.12,-150.39,288.27,73.49
2026-07-27 13:10:29.586,-0.64,-2.23,0.12,-150.39,288.27,73.49
2026-07-27 13:10:29.586,0.03,-2.28,0.76,-142.21,156.92,23.68
2026-07-27 13:10:29.587,0.47,-1.55,0.83,-115.05,96.19,6.59
2026-07-27 13:10:29.643,0.47,-1.55,0.83,-115.05,96.19,6.59
2026-07-27 13:10:29.644,0.54,-0.56,0.59,-85.02,22.22,-4.58
2026-07-27 13:10:29.704,0.54,-0.56,0.59,-85.02,22.22,-4.58
2026-07-27 13:10:29.704,0.36,0.14,0.43,-71.17,-81.12,-33.94
2026-07-27 13:10:29.705,0.36,0.14,0.43,-71.17,-81.12,-33.94
2026-07-27 13:10:29.764,0.24,0.21,0.35,-54.81,-80.51,-50.05
2026-07-27 13:10:29.764,0.24,0.21,0.35,-5.8,8.06,-6.59
2026-07-27 13:10:29.764,0.18,-0.36,0.15,-5.8,8.06,-6.59
2026-07-27 13:10:29.824,0.04,-1.2,-0.07,63.72,6.84,31.56
2026-07-27 13:10:29.825,0.04,-1.2,-0.07,63.72,6.84,31.56
2026-07-27 13:10:29.884,-0.19,-1.95,-0.09,121.95,-99.0,2.93
2026-07-27 13:10:29.944,-0.19,-1.95,-0.09,121.95,-99.0,2.93
2026-07-27 13:10:29.944,-0.36,-2.5,-0.04,136.96,-157.53,-54.02
2026-07-27 13:10:29.945,-0.36,-2.5,-0.04,136.96,-157.53,-54.02
2026-07-27 13:10:29.945,-0.28,-2.32,0.04,94.3,-97.78,-110.23
2026-07-27 13:10:30.003,-0.19,-1.37,0.07,40.28,1.77,-109.92
2026-07-27 13:10:30.004,-0.19,-1.37,0.07,40.28,1.77,-109.92
2026-07-27 13:10:30.004,-0.14,-0.38,-0.17,18.19,13.43,-51.82
2026-07-27 13:10:30.067,-0.14,-0.38,-0.17,18.19,13.43,-51.82
2026-07-27 13:10:30.067,-0.13,0.24,-0.47,17.64,-69.76,-39.49
2026-07-27 13:10:30.067,-0.13,0.24,-0.47,17.64,-69.76,-39.49
2026-07-27 13:10:30.123,-0.16,0.31,-0.46,15.75,-143.86,-91.19
2026-07-27 13:10:30.124,0.14,-0.15,-0.3,10.68,-153.38,-91.0
2026-07-27 13:10:30.188,0.14,-0.15,-0.3,10.68,-153.38,-91.0
2026-07-27 13:10:30.188,-0.02,-1.02,0.0,19.1,-97.05,37.78
2026-07-27 13:10:30.188,-0.02,-1.02,0.0,19.1,-97.05,37.78
2026-07-27 13:10:30.306,-0.68,-1.47,0.1,32.04,36.13,129.46
2026-07-27 13:10:30.306,-0.68,-1.47,0.1,32.04,36.13,129.46
2026-07-27 13:10:30.306,-0.87,-1.39,-0.36,-6.84,196.29,45.35
2026-07-27 13:10:30.306,-0.85,-1.46,-0.71,-87.16,274.17,-13.55
2026-07-27 13:10:30.307,-0.85,-1.46,-0.71,-87.16,274.17,-13.55
2026-07-27 13:10:30.483,-0.53,-1.7,-0.28,-147.95,207.46,33.81
2026-07-27 13:10:30.484,-0.53,-1.7,-0.28,-147.95,207.46,33.81
2026-07-27 13:10:30.484,0.11,-1.72,0.55,-165.47,116.82,69.64
2026-07-27 13:10:30.485,0.11,-1.72,0.55,-165.47,116.82,69.64
2026-07-27 13:10:30.485,0.45,-1.11,0.88,-127.87,154.97,61.22
2026-07-27 13:10:30.545,0.48,-0.43,0.56,-80.93,111.02,24.05
2026-07-27 13:10:30.545,0.48,-0.43,0.56,-80.93,111.02,24.05
2026-07-27 13:10:30.545,0.43,-0.11,0.07,-60.42,-79.22,-12.21
2026-07-27 13:10:30.603,0.43,-0.11,0.07,-60.42,-79.22,-12.21
2026-07-27 13:10:30.604,0.26,-0.17,0.06,-47.42,-166.81,-66.53
2026-07-27 13:10:30.604,0.26,-0.17,0.06,-47.42,-166.81,-66.53
2026-07-27 13:10:30.606,0.14,-0.79,0.3,-15.93,-134.03,-109.01
2026-07-27 13:10:30.607,0.0,-1.62,0.17,67.93,-81.67,-55.73
2026-07-27 13:10:30.723,0.0,-1.62,0.17,67.93,-81.67,-55.73
2026-07-27 13:10:30.724,-0.18,-2.22,-0.07,190.0,35.52,43.15
2026-07-27 13:10:30.724,-0.18,-2.22,-0.07,190.0,35.52,43.15
2026-07-27 13:10:30.725,-0.32,-2.24,0.04,235.47,173.16,48.77
2026-07-27 13:10:30.725,-0.32,-2.24,0.04,235.47,173.16,48.77
2026-07-27 13:10:30.725,-0.42,-1.62,0.27,148.44,111.45,-16.24
2026-07-27 13:10:30.785,-0.41,-0.8,0.06,37.66,-118.23,-54.26
2026-07-27 13:10:30.799,-0.41,-0.8,0.06,37.66,-118.23,-54.26
2026-07-27 13:10:30.904,-0.35,-0.12,-0.36,-8.79,-295.72,-63.96
2026-07-27 13:10:30.905,-0.35,-0.12,-0.36,-8.79,-295.72,-63.96
2026-07-27 13:10:30.905,-0.3,0.11,-0.53,-16.85,-369.69,-77.82
2026-07-27 13:10:30.905,-0.3,0.11,-0.53,-16.85,-369.69,-77.82
2026-07-27 13:10:30.906,-0.01,-0.15,-0.68,-15.2,-384.83,-97.29
2026-07-27 13:10:30.963,0.12,-0.82,-0.46,15.56,-399.05,-51.15
2026-07-27 13:10:30.964,0.12,-0.82,-0.46,15.56,-399.05,-51.15
2026-07-27 13:10:30.964,-0.36,-1.25,0.1,37.35,-381.29,38.39
2026-07-27 13:10:31.083,-0.36,-1.25,0.1,37.35,-381.29,38.39
2026-07-27 13:10:31.084,-0.8,-1.17,0.33,-3.97,-157.53,26.79
2026-07-27 13:10:31.084,-0.8,-1.17,0.33,-3.97,-157.53,26.79
2026-07-27 13:10:31.084,-0.77,-1.31,-0.1,-74.4,224.0,-12.82
2026-07-27 13:10:31.085,-0.39,-1.66,-0.53,-109.86,459.47,41.75
2026-07-27 13:10:31.146,-0.39,-1.66,-0.53,-109.86,459.47,41.75
2026-07-27 13:10:31.146,0.01,-1.7,-0.12,-91.13,443.24,115.11
2026-07-27 13:10:31.146,0.01,-1.7,-0.12,-91.13,443.24,115.11
2026-07-27 13:10:31.204,0.19,-1.38,0.58,-64.27,327.21,131.59
2026-07-27 13:10:31.212,0.2,-0.86,0.73,-64.21,182.86,90.45
2026-07-27 13:10:31.263,0.2,-0.86,0.73,-64.21,182.86,90.45
2026-07-27 13:10:31.264,0.28,-0.37,0.37,-68.24,14.1,37.11
2026-07-27 13:10:31.265,0.28,-0.37,0.37,-68.24,14.1,37.11
2026-07-27 13:10:31.324,0.47,-0.16,-0.02,-55.91,-111.63,14.53
2026-07-27 13:10:31.324,0.47,-0.16,-0.02,-55.91,-111.63,14.53
2026-07-27 13:10:31.394,0.52,-0.28,-0.14,-33.75,-144.1,2.01
2026-07-27 13:10:31.394,0.23,-0.89,-0.02,-4.76,-118.47,-39.06
2026-07-27 13:10:31.394,0.23,-0.89,-0.02,-4.76,-118.47,-39.06
2026-07-27 13:10:31.445,-0.15,-1.56,-0.09,42.79,-113.4,-78.55
2026-07-27 13:10:31.445,-0.15,-1.56,-0.09,42.79,-113.4,-78.55
2026-07-27 13:10:31.447,-0.34,-1.93,-0.33,109.74,-96.37,-76.11
2026-07-27 13:10:31.565,-0.34,-1.93,-0.33,109.74,-96.37,-76.11
2026-07-27 13:10:31.565,-0.29,-2.02,-0.17,143.25,34.97,-65.37
2026-07-27 13:10:31.566,-0.19,-1.59,0.2,114.56,176.27,-58.84
2026-07-27 13:10:31.566,-0.19,-1.59,0.2,114.56,176.27,-58.84
2026-07-27 13:10:31.566,-0.28,-0.93,0.24,69.7,157.59,-22.71
2026-07-27 13:10:31.683,-0.28,-0.93,0.24,69.7,157.59,-22.71
2026-07-27 13:10:31.685,-0.37,-0.4,-0.01,32.17,20.26,32.96
2026-07-27 13:10:31.685,-0.37,-0.4,-0.01,32.17,20.26,32.96
2026-07-27 13:10:31.685,-0.28,-0.19,-0.32,-7.81,-137.76,51.94
2026-07-27 13:10:31.686,0.03,-0.35,-0.41,-39.73,-250.92,31.68
2026-07-27 13:10:31.744,0.03,-0.35,-0.41,-39.73,-250.92,31.68
2026-07-27 13:10:31.744,0.59,-0.88,-0.37,-45.35,-256.41,32.59
2026-07-27 13:10:31.744,0.59,-0.88,-0.37,-45.35,-256.41,32.59
2026-07-27 13:10:31.805,0.68,-1.14,-0.37,-23.62,-176.15,50.23
2026-07-27 13:10:31.805,0.68,-1.14,-0.37,0.98,-121.52,11.11
2026-07-27 13:10:31.865,-0.02,-0.89,-0.11,0.98,-121.52,11.11
2026-07-27 13:10:31.865,-0.58,-1.05,0.19,4.94,-78.49,-60.73
2026-07-27 13:10:31.866,-0.58,-1.05,0.19,4.94,-78.49,-60.73
2026-07-27 13:10:31.987,-0.52,-1.33,-0.1,1.1,37.72,-69.15
2026-07-27 13:10:31.988,-0.52,-1.33,-0.1,1.1,37.72,-69.15
2026-07-27 13:10:31.989,-0.31,-1.16,-0.54,-3.05,97.05,-22.03
2026-07-27 13:10:31.989,-0.31,-1.16,-0.54,-3.05,97.05,-22.03
2026-07-27 13:10:31.989,-0.24,-1.0,-0.53,-32.59,6.23,-7.14
2026-07-27 13:10:32.044,-0.24,-1.0,-0.53,-65.37,-82.34,-14.65
2026-07-27 13:10:32.045,-0.19,-0.95,-0.22,-65.37,-82.34,-14.65
2026-07-27 13:10:32.046,-0.16,-0.92,0.09,-56.52,-52.86,22.28
2026-07-27 13:10:32.104,-0.16,-0.92,0.09,-56.52,-52.86,22.28
2026-07-27 13:10:32.105,-0.01,-0.92,0.22,-16.11,46.45,81.91
2026-07-27 13:10:32.106,-0.01,-0.92,0.22,-16.11,46.45,81.91
2026-07-27 13:10:32.167,0.15,-0.88,0.17,6.71,97.41,104.06
2026-07-27 13:10:32.167,0.15,-0.88,0.17,-0.43,49.74,82.82
2026-07-27 13:10:32.227,0.09,-0.86,0.03,-0.43,49.74,82.82
2026-07-27 13:10:32.227,0.02,-0.92,-0.03,-10.99,-12.76,59.57
2026-07-27 13:10:32.227,0.02,-0.92,-0.03,-10.99,-12.76,59.57
2026-07-27 13:10:32.284,0.0,-1.02,0.1,-21.85,-28.14,48.83
2026-07-27 13:10:32.285,0.0,-1.02,0.1,-21.85,-28.14,48.83
2026-07-27 13:10:32.343,0.02,-1.13,0.22,-32.47,-32.41,43.09
2026-07-27 13:10:32.344,0.02,-1.13,0.22,-32.47,-32.41,43.09
2026-07-27 13:10:32.345,0.13,-1.23,0.19,-41.38,-63.42,31.92
2026-07-27 13:10:32.404,0.23,-1.32,0.11,-56.95,-143.92,2.93
2026-07-27 13:10:32.404,0.23,-1.32,0.11,-56.95,-143.92,2.93
2026-07-27 13:10:32.405,0.09,-1.28,-0.0,-67.38,-260.38,-40.83
2026-07-27 13:10:32.473,0.09,-1.28,-0.0,-67.38,-260.38,-40.83
2026-07-27 13:10:32.476,-0.29,-1.14,-0.13,-66.1,-360.35,-85.94
2026-07-27 13:10:32.477,-0.29,-1.14,-0.13,-66.1,-360.35,-85.94
2026-07-27 13:10:32.585,-0.57,-1.06,-0.17,-64.21,-357.36,-117.1
2026-07-27 13:10:32.585,-0.5,-1.03,-0.13,-41.69,-178.34,-120.2
2026-07-27 13:10:32.585,-0.5,-1.03,-0.13,-41.69,-178.34,-120.2
2026-07-27 13:10:32.585,-0.33,-0.92,0.02,3.11,73.24,-98.02
2026-07-27 13:10:32.586,-0.33,-0.92,0.02,3.11,73.24,-98.02
2026-07-27 13:10:32.644,-0.32,-0.82,0.14,43.09,217.29,-59.02
2026-07-27 13:10:32.644,-0.32,-0.82,0.14,43.09,217.29,-59.02
2026-07-27 13:10:32.824,-0.35,-0.78,0.05,67.63,191.41,-16.85
2026-07-27 13:10:32.824,-0.35,-0.72,-0.22,70.43,50.9,0.12
2026-07-27 13:10:32.825,-0.35,-0.72,-0.22,70.43,50.9,0.12
2026-07-27 13:10:32.825,-0.35,-0.61,-0.41,55.3,-76.84,-10.44
2026-07-27 13:10:32.825,-0.35,-0.61,-0.41,55.3,-76.84,-10.44
2026-07-27 13:10:32.826,-0.24,-0.62,-0.36,39.61,-104.86,-10.62
2026-07-27 13:10:32.826,-0.24,-0.62,-0.36,39.61,-104.86,-10.62
2026-07-27 13:10:32.826,-0.02,-0.83,-0.16,29.72,-52.06,17.52
2026-07-27 13:10:32.890,0.23,-1.13,-0.06,14.53,0.18,53.1
2026-07-27 13:10:32.892,0.23,-1.13,-0.06,14.53,0.18,53.1
2026-07-27 13:10:32.892,0.3,-1.16,-0.09,-7.14,-1.1,62.93
2026-07-27 13:10:33.063,0.3,-1.16,-0.09,-7.14,-1.1,62.93
2026-07-27 13:10:33.064,0.11,-1.25,0.19,-20.51,-25.94,38.64
2026-07-27 13:10:33.065,0.11,-1.25,0.19,-20.51,-25.94,38.64
2026-07-27 13:10:33.065,-0.16,-1.42,0.36,-10.8,1.65,15.14
2026-07-27 13:10:33.065,-0.16,-1.42,0.36,-10.8,1.65,15.14
2026-07-27 13:10:33.065,-0.31,-0.98,0.03,19.1,86.43,14.95
2026-07-27 13:10:33.066,-0.39,-0.55,-0.25,13.37,154.36,-13.37
2026-07-27 13:10:33.066,-0.39,-0.55,-0.25,13.37,154.36,-13.37
2026-07-27 13:10:33.124,-0.49,-0.72,-0.31,-43.03,141.36,-61.4
2026-07-27 13:10:33.124,-0.49,-0.72,-0.31,-43.03,141.36,-61.4
2026-07-27 13:10:33.183,-0.26,-1.01,-0.23,-78.92,29.72,-54.75
2026-07-27 13:10:33.185,-0.03,-1.08,-0.15,-58.78,-59.57,-5.49
2026-07-27 13:10:33.185,-0.03,-1.08,-0.15,-58.78,-59.57,-5.49
2026-07-27 13:10:33.244,-0.08,-0.99,-0.13,-16.97,-41.02,37.17
2026-07-27 13:10:33.244,-0.08,-0.99,-0.13,-16.97,-41.02,37.17
2026-07-27 13:10:33.304,-0.12,-0.92,-0.12,5.25,21.42,48.4
2026-07-27 13:10:33.304,-0.12,-0.92,-0.12,5.25,21.42,48.4
2026-07-27 13:10:33.305,-0.12,-0.87,-0.07,7.39,63.29,41.02
2026-07-27 13:10:33.424,-0.12,-0.87,-0.07,2.44,57.56,39.0
2026-07-27 13:10:33.426,-0.08,-0.86,-0.05,2.44,57.56,39.0
2026-07-27 13:10:33.426,-0.06,-0.88,-0.04,-7.32,26.86,40.41
2026-07-27 13:10:33.428,-0.06,-0.88,-0.04,-7.32,26.86,40.41
2026-07-27 13:10:33.428,-0.04,-0.92,0.01,-18.86,3.42,38.94
2026-07-27 13:10:33.428,-0.04,-0.92,0.01,-18.86,3.42,38.94
2026-07-27 13:10:33.483,0.03,-1.0,0.05,-25.51,6.59,38.94
2026-07-27 13:10:33.544,0.03,-1.0,0.05,-25.51,6.59,38.94
2026-07-27 13:10:33.544,0.22,-1.14,0.08,-26.18,33.39,38.64
2026-07-27 13:10:33.545,0.33,-1.39,0.19,-32.04,22.58,17.33
2026-07-27 13:10:33.546,0.33,-1.39,0.19,-32.04,22.58,17.33
2026-07-27 13:10:33.604,0.19,-1.53,0.17,-34.79,-66.89,-37.35
2026-07-27 13:10:33.604,0.19,-1.53,0.17,-34.79,-66.89,-37.35
2026-07-27 13:10:33.664,-0.14,-1.35,-0.16,-21.0,-211.67,-104.3
2026-07-27 13:10:33.664,-0.14,-1.35,-0.16,-21.0,-211.67,-104.3
2026-07-27 13:10:33.665,-0.48,-1.15,-0.37,-15.69,-327.7,-148.3
2026-07-27 13:10:33.733,-0.47,-0.99,-0.33,-15.99,-253.54,-150.6
2026-07-27 13:10:33.733,-0.47,-0.99,-0.33,-15.99,-253.54,-150.6
2026-07-27 13:10:33.783,-0.27,-0.84,-0.18,1.71,-11.96,-114.62
2026-07-27 13:10:33.784,-0.27,-0.84,-0.18,1.71,-11.96,-114.62
2026-07-27 13:10:33.849,-0.23,-0.79,-0.02,20.94,178.59,-71.78
2026-07-27 13:10:33.907,-0.23,-0.79,-0.02,20.94,178.59,-71.78
2026-07-27 13:10:33.907,-0.28,-0.78,-0.04,25.33,177.8,-44.92
2026-07-27 13:10:33.907,-0.34,-0.68,-0.22,18.31,24.29,-32.96
2026-07-27 13:10:33.907,-0.34,-0.68,-0.22,18.31,24.29,-32.96
2026-07-27 13:10:33.907,-0.33,-0.53,-0.32,16.42,-107.54,-24.9
2026-07-27 13:10:33.907,-0.33,-0.53,-0.32,16.42,-107.54,-24.9
2026-07-27 13:10:33.972,-0.12,-0.61,-0.22,23.99,-113.77,-0.12
2026-07-27 13:10:33.973,-0.12,-0.61,-0.22,23.99,-113.77,-0.12
2026-07-27 13:10:34.024,0.29,-1.06,-0.11,31.01,-47.73,46.39
2026-07-27 13:10:34.024,0.29,-1.06,-0.11,34.55,0.18,78.61
2026-07-27 13:10:34.024,0.5,-1.41,-0.18,34.55,0.18,78.61
2026-07-27 13:10:34.084,0.34,-1.2,-0.29,31.68,-3.36,58.59
2026-07-27 13:10:34.084,0.34,-1.2,-0.29,31.68,-3.36,58.59
2026-07-27 13:10:34.145,0.12,-0.8,-0.12,16.48,-48.4,11.35
2026-07-27 13:10:34.145,0.12,-0.8,-0.12,16.48,-48.4,11.35
2026-07-27 13:10:34.146,-0.13,-0.88,0.09,-10.31,-63.78,-20.32
2026-07-27 13:10:34.205,-0.13,-0.88,0.09,-10.31,-63.78,-20.32
2026-07-27 13:10:34.206,-0.33,-1.06,-0.09,-22.58,32.47,-18.37
2026-07-27 13:10:34.206,-0.4,-0.91,-0.28,-23.32,142.7,-5.55
2026-07-27 13:10:34.443,-0.4,-0.91,-0.28,-23.32,142.7,-5.55
2026-07-27 13:10:34.563,-0.4,-0.92,-0.19,-48.58,120.24,-8.73
2026-07-27 13:10:34.564,-0.4,-0.92,-0.19,-48.58,120.24,-8.73
2026-07-27 13:10:34.564,-0.2,-1.1,-0.06,-74.22,22.58,-4.39
2026-07-27 13:10:34.576,-0.2,-1.1,-0.06,-74.22,22.58,-4.39
2026-07-27 13:10:34.577,-0.0,-1.12,-0.06,-56.82,-10.86,23.99
2026-07-27 13:10:34.686,0.01,-1.02,-0.1,-14.28,16.11,58.47
2026-07-27 13:10:34.745,0.01,-1.02,-0.1,-14.28,16.11,58.47
2026-07-27 13:10:34.745,-0.0,-0.92,-0.1,14.95,42.79,74.83
2026-07-27 13:10:34.746,-0.0,-0.92,-0.1,14.95,42.79,74.83
2026-07-27 13:10:34.746,0.0,-0.87,-0.07,22.16,63.05,69.52
2026-07-27 13:10:34.746,0.0,-0.87,-0.07,22.16,63.05,69.52
2026-07-27 13:10:34.747,0.02,-0.9,-0.05,15.62,59.69,54.93
2026-07-27 13:10:34.747,0.02,-0.9,-0.05,15.62,59.69,54.93
2026-07-27 13:10:34.747,0.01,-0.94,-0.05,4.39,25.82,40.22
2026-07-27 13:10:34.747,0.01,-0.94,-0.08,-3.85,-6.96,31.8
2026-07-27 13:10:34.748,0.01,-0.94,-0.08,-3.85,-6.96,31.8
2026-07-27 13:10:34.748,0.11,-0.93,-0.09,-7.57,-12.7,27.22
2026-07-27 13:10:34.748,0.11,-0.93,-0.09,-7.57,-12.7,27.22
2026-07-27 13:10:34.749,0.34,-0.93,-0.06,-7.87,-0.12,13.98
2026-07-27 13:10:34.749,0.34,-0.93,-0.06,-7.87,-0.12,13.98
2026-07-27 13:10:34.750,0.51,-1.01,-0.03,-2.87,17.27,-20.81
2026-07-27 13:10:34.751,0.51,-1.01,-0.03,6.9,10.38,-77.94
2026-07-27 13:10:34.751,0.31,-1.17,-0.1,6.9,10.38,-77.94
2026-07-27 13:10:34.804,-0.17,-1.38,-0.23,13.12,-55.24,-130.37
2026-07-27 13:10:34.804,-0.17,-1.38,-0.23,13.12,-55.24,-130.37
2026-07-27 13:10:34.923,-0.41,-1.52,-0.18,14.53,-118.96,-138.24
2026-07-27 13:10:34.923,-0.41,-1.52,-0.18,14.53,-118.96,-138.24
2026-07-27 13:10:34.924,-0.26,-1.43,-0.08,12.33,-90.39,-98.63
2026-07-27 13:10:34.924,-0.26,-1.43,-0.08,12.33,-90.39,-98.63
2026-07-27 13:10:34.924,-0.1,-1.12,-0.15,15.2,16.42,-47.24
2026-07-27 13:10:34.926,-0.1,-0.73,-0.25,29.48,124.39,-10.93
2026-07-27 13:10:34.983,-0.1,-0.73,-0.25,29.48,124.39,-10.93
2026-07-27 13:10:34.984,-0.11,-0.42,-0.27,38.88,141.17,17.33
2026-07-27 13:10:35.050,-0.11,-0.42,-0.27,38.88,141.17,17.33
2026-07-27 13:10:35.050,-0.09,-0.27,-0.25,26.61,49.19,36.38
2026-07-27 13:10:35.050,-0.09,-0.27,-0.25,26.61,49.19,36.38
2026-07-27 13:10:35.109,-0.08,-0.4,-0.14,-9.4,-62.44,32.84
2026-07-27 13:10:35.109,0.31,-0.97,-0.18,-28.63,-104.49,47.67
2026-07-27 13:10:35.165,0.31,-0.97,-0.18,-28.63,-104.49,47.67
2026-07-27 13:10:35.165,0.36,-1.42,-0.4,8.48,-62.56,92.04
2026-07-27 13:10:35.166,0.36,-1.42,-0.4,8.48,-62.56,92.04
2026-07-27 13:10:35.284,-0.2,-1.22,-0.32,39.43,-17.33,57.56
2026-07-27 13:10:35.285,-0.57,-0.9,0.03,-0.18,-25.45,-53.83
2026-07-27 13:10:35.285,-0.57,-0.9,0.03,-0.18,-25.45,-53.83
2026-07-27 13:10:35.285,-0.46,-1.01,0.13,-72.39,-53.96,-105.59
2026-07-27 13:10:35.285,-0.46,-1.01,0.13,-72.39,-53.96,-105.59
2026-07-27 13:10:35.345,-0.09,-1.21,-0.09,-85.21,-38.45,-50.29
2026-07-27 13:10:35.345,-0.09,-1.21,-0.09,-85.21,-38.45,-50.29
2026-07-27 13:10:35.345,0.08,-1.12,-0.25,-28.08,15.75,42.72
2026-07-27 13:10:35.403,0.07,-0.94,-0.17,14.28,50.72,86.3
2026-07-27 13:10:35.404,0.07,-0.94,-0.17,14.28,50.72,86.3
2026-07-27 13:10:35.464,0.02,-0.78,0.02,15.56,53.59,75.44
2026-07-27 13:10:35.465,0.02,-0.78,0.02,15.56,53.59,75.44
2026-07-27 13:10:35.465,0.02,-0.68,0.06,4.39,33.51,53.22
2026-07-27 13:10:35.526,0.02,-0.68,0.06,4.39,33.51,53.22
2026-07-27 13:10:35.527,0.12,-0.75,0.02,-4.52,8.61,43.15
2026-07-27 13:10:35.527,0.12,-0.75,0.02,-9.83,-3.17,36.68
2026-07-27 13:10:35.583,0.37,-0.98,0.02,-9.83,-3.17,36.68
2026-07-27 13:10:35.584,0.64,-1.23,0.08,-6.96,7.02,9.34
2026-07-27 13:10:35.645,0.64,-1.23,0.08,-6.96,7.02,9.34
2026-07-27 13:10:35.646,0.55,-1.43,0.11,5.68,14.95,-58.72
2026-07-27 13:10:35.646,0.55,-1.43,0.11,5.68,14.95,-58.72
2026-07-27 13:10:35.704,0.05,-1.53,-0.03,21.18,-38.82,-145.26
2026-07-27 13:10:35.704,0.05,-1.53,-0.03,21.18,-38.82,-145.26
2026-07-27 13:10:35.705,-0.39,-1.48,0.02,30.7,-124.63,-181.52
2026-07-27 13:10:35.764,-0.46,-1.27,0.17,25.94,-145.57,-133.06
2026-07-27 13:10:35.764,-0.46,-1.27,0.17,25.94,-145.57,-133.06
2026-07-27 13:10:35.883,-0.3,-0.97,0.04,15.2,-118.41,-54.32
2026-07-27 13:10:35.884,-0.3,-0.97,0.04,15.2,-118.41,-54.32
2026-07-27 13:10:35.884,-0.23,-0.66,-0.18,22.52,-113.28,-12.63
2026-07-27 13:10:35.885,-0.23,-0.66,-0.18,22.52,-113.28,-12.63
2026-07-27 13:10:35.885,-0.25,-0.45,-0.29,46.94,-115.3,-11.41
2026-07-27 13:10:35.944,-0.28,-0.38,-0.34,57.13,-98.02,-11.6
2026-07-27 13:10:35.944,-0.28,-0.38,-0.34,57.13,-98.02,-11.6
2026-07-27 13:10:35.945,-0.37,-0.56,-0.34,32.41,-75.62,7.93
2026-07-27 13:10:36.004,-0.37,-0.56,-0.34,32.41,-75.62,7.93
2026-07-27 13:10:36.004,-0.09,-1.14,-0.53,-9.28,-72.69,52.37
2026-07-27 13:10:36.005,-0.09,-1.14,-0.53,-9.28,-72.69,52.37
2026-07-27 13:10:36.063,0.4,-1.62,-0.93,-19.84,-115.48,106.75
2026-07-27 13:10:36.124,0.19,-1.37,-0.65,-13.24,-106.87,79.65
2026-07-27 13:10:36.124,0.19,-1.37,-0.65,-13.24,-106.87,79.65
2026-07-27 13:10:36.125,-0.28,-0.91,0.24,-42.24,8.24,-25.94
2026-07-27 13:10:36.125,-0.28,-0.91,0.24,-42.24,8.24,-25.94
2026-07-27 13:10:36.184,-0.19,-0.8,0.58,-57.62,71.96,-54.08
2026-07-27 13:10:36.184,-0.19,-0.8,0.58,-57.62,71.96,-54.08
2026-07-27 13:10:36.185,0.05,-0.87,0.17,-15.56,15.2,10.44
2026-07-27 13:10:36.246,0.09,-1.0,-0.31,23.32,-78.31,50.9
2026-07-27 13:10:36.257,0.09,-1.0,-0.31,23.32,-78.31,50.9
2026-07-27 13:10:36.365,0.13,-1.1,-0.36,15.26,-146.24,33.14
2026-07-27 13:10:36.366,0.13,-1.1,-0.36,15.26,-146.24,33.14
2026-07-27 13:10:36.366,0.0,-1.06,-0.08,-16.17,-167.48,-8.61
2026-07-27 13:10:36.367,0.0,-1.06,-0.08,-16.17,-167.48,-8.61
2026-07-27 13:10:36.367,-0.19,-0.92,0.08,-23.44,-132.39,-26.12
2026-07-27 13:10:36.367,-0.19,-0.92,0.08,1.28,-62.99,-3.36
2026-07-27 13:10:36.426,-0.22,-0.84,-0.02,1.28,-62.99,-3.36
2026-07-27 13:10:36.426,-0.16,-0.83,-0.16,21.48,-7.32,26.37
2026-07-27 13:10:36.483,-0.16,-0.83,-0.16,21.48,-7.32,26.37
2026-07-27 13:10:36.484,-0.11,-0.88,-0.22,16.42,4.03,38.02
2026-07-27 13:10:36.485,-0.11,-0.88,-0.22,16.42,4.03,38.02
2026-07-27 13:10:36.546,-0.09,-0.96,-0.17,-5.19,-18.25,34.55
2026-07-27 13:10:36.548,-0.09,-0.96,-0.17,-5.19,-18.25,34.55
2026-07-27 13:10:36.606,-0.07,-1.03,-0.08,-24.72,-36.87,27.53
2026-07-27 13:10:36.606,-0.03,-1.06,-0.01,-33.26,-40.83,22.09
2026-07-27 13:10:36.607,-0.03,-1.06,-0.01,-33.26,-40.83,22.09
2026-07-27 13:10:36.724,0.0,-1.07,0.03,-34.79,-42.48,15.99
2026-07-27 13:10:36.725,0.0,-1.07,0.03,-34.79,-42.48,15.99
2026-07-27 13:10:36.725,0.03,-1.12,0.05,-31.49,-46.81,13.61
2026-07-27 13:10:36.726,0.03,-1.12,0.05,-31.49,-46.81,13.61
2026-07-27 13:10:36.726,0.0,-1.21,0.06,-22.03,-49.07,15.75
2026-07-27 13:10:36.784,0.01,-1.19,-0.04,-13.85,-67.26,3.42
2026-07-27 13:10:36.785,0.01,-1.19,-0.04,-13.85,-67.26,3.42
2026-07-27 13:10:36.785,0.07,-1.02,-0.26,-12.57,-105.35,-33.08
2026-07-27 13:10:36.844,0.07,-1.02,-0.26,-12.57,-105.35,-33.08
2026-07-27 13:10:36.844,-0.02,-0.93,-0.31,-12.51,-107.18,-79.16
2026-07-27 13:10:36.845,-0.02,-0.93,-0.31,-12.51,-107.18,-79.16
2026-07-27 13:10:36.904,-0.24,-0.97,-0.12,-4.58,-28.38,-111.94
2026-07-27 13:10:36.905,-0.34,-1.04,-0.0,13.0,72.27,-114.5
2026-07-27 13:10:37.030,-0.34,-1.04,-0.0,13.0,72.27,-114.5
2026-07-27 13:10:37.030,-0.26,-1.04,-0.11,28.02,109.68,-87.52
2026-07-27 13:10:37.030,-0.26,-1.04,-0.11,28.02,109.68,-87.52
2026-07-27 13:10:37.031,-0.15,-0.98,-0.28,34.85,92.71,-47.67
2026-07-27 13:10:37.033,-0.15,-0.98,-0.28,34.85,92.71,-47.67
2026-07-27 13:10:37.033,-0.13,-0.88,-0.33,48.16,82.82,-5.55
2026-07-27 13:10:37.085,-0.13,-0.88,-0.33,69.4,85.33,35.89
2026-07-27 13:10:37.086,-0.15,-0.8,-0.3,69.4,85.33,35.89
2026-07-27 13:10:37.144,-0.08,-0.76,-0.3,76.35,51.88,58.04
2026-07-27 13:10:37.144,-0.08,-0.76,-0.3,76.35,51.88,58.04
2026-07-27 13:10:37.204,-0.01,-0.74,-0.31,58.47,-5.43,48.77
2026-07-27 13:10:37.204,-0.01,-0.74,-0.31,28.75,-30.27,28.26
2026-07-27 13:10:37.204,0.0,-0.77,-0.19,28.75,-30.27,28.26
2026-07-27 13:10:37.264,0.04,-0.9,0.03,3.54,-17.7,23.93
2026-07-27 13:10:37.265,0.04,-0.9,0.03,3.54,-17.7,23.93
2026-07-27 13:10:37.265,0.12,-1.15,0.21,-10.68,-3.6,35.34
2026-07-27 13:10:37.323,0.12,-1.15,0.21,-10.68,-3.6,35.34
2026-07-27 13:10:37.324,0.12,-1.14,0.21,-10.38,-16.3,31.98
2026-07-27 13:10:37.324,0.12,-1.14,0.21,-10.38,-16.3,31.98
2026-07-27 13:10:37.384,0.02,-0.79,0.16,-5.43,-59.69,-1.59
2026-07-27 13:10:37.387,-0.16,-0.98,0.05,-17.82,-103.21,-35.03
2026-07-27 13:10:37.444,-0.16,-0.98,0.05,-17.82,-103.21,-35.03
2026-07-27 13:10:37.444,-0.06,-1.44,-0.14,-31.13,-64.09,11.6
2026-07-27 13:10:37.445,-0.06,-1.44,-0.14,-31.13,-64.09,11.6
2026-07-27 13:10:37.504,0.11,-1.13,-0.34,-5.8,54.57,104.92
2026-07-27 13:10:37.504,0.11,-1.13,-0.34,-5.8,54.57,104.92
2026-07-27 13:10:37.573,-0.22,-0.61,-0.42,17.88,120.79,77.76
2026-07-27 13:10:37.573,-0.22,-0.61,-0.42,-1.59,86.3,-19.9
2026-07-27 13:10:37.576,-0.43,-0.69,-0.17,-1.59,86.3,-19.9
2026-07-27 13:10:37.632,-0.31,-0.97,0.06,-17.15,44.92,-18.25
2026-07-27 13:10:37.632,-0.31,-0.97,0.06,-17.15,44.92,-18.25
2026-07-27 13:10:37.633,-0.26,-1.02,0.02,-7.14,54.93,49.13
2026-07-27 13:10:37.690,-0.26,-1.02,0.02,-7.14,54.93,49.13
2026-07-27 13:10:37.691,-0.22,-1.01,-0.05,-3.48,76.54,65.49
2026-07-27 13:10:37.691,-0.22,-1.01,-0.05,-3.48,76.54,65.49
2026-07-27 13:10:37.747,-0.2,-0.97,-0.06,-10.62,69.7,12.45
2026-07-27 13:10:37.747,-0.25,-0.9,-0.09,-12.39,33.14,-47.73
2026-07-27 13:10:37.807,-0.25,-0.9,-0.09,-12.39,33.14,-47.73
2026-07-27 13:10:37.807,-0.22,-0.87,-0.11,-13.55,-16.6,-64.94
2026-07-27 13:10:37.807,-0.22,-0.87,-0.11,-13.55,-16.6,-64.94
2026-07-27 13:10:37.925,-0.14,-0.87,-0.13,-20.57,-56.58,-42.66
2026-07-27 13:10:37.926,-0.14,-0.87,-0.13,-20.57,-56.58,-42.66
2026-07-27 13:10:37.926,-0.11,-0.88,-0.14,-28.02,-63.72,-10.31
2026-07-27 13:10:37.926,-0.1,-0.92,-0.11,-28.38,-37.41,15.44
2026-07-27 13:10:37.926,-0.1,-0.92,-0.11,-28.38,-37.41,15.44
2026-07-27 13:10:37.985,-0.07,-0.98,-0.04,-23.44,-1.16,29.42
2026-07-27 13:10:37.985,-0.07,-0.98,-0.04,-23.44,-1.16,29.42
2026-07-27 13:10:37.985,-0.04,-1.04,0.01,-20.45,31.43,30.58
2026-07-27 13:10:38.104,-0.04,-1.04,0.01,-20.45,31.43,30.58
2026-07-27 13:10:38.105,0.02,-1.16,0.08,-18.25,64.88,19.78
2026-07-27 13:10:38.164,0.02,-1.16,0.08,-5.74,95.76,-1.34
2026-07-27 13:10:38.164,0.07,-1.38,0.15,-5.74,95.76,-1.34
2026-07-27 13:10:38.165,0.14,-1.42,0.07,27.83,109.86,-33.51
2026-07-27 13:10:38.165,0.14,-1.42,0.07,27.83,109.86,-33.51
2026-07-27 13:10:38.165,0.17,-1.19,-0.05,74.89,95.76,-72.39
2026-07-27 13:10:38.165,0.17,-1.19,-0.05,74.89,95.76,-72.39
2026-07-27 13:10:38.284,-0.05,-1.0,-0.09,109.99,32.04,-106.81
2026-07-27 13:10:38.284,-0.05,-1.0,-0.09,109.99,32.04,-106.81
2026-07-27 13:10:38.285,-0.24,-0.92,-0.11,115.42,-52.31,-97.84
2026-07-27 13:10:38.285,-0.17,-0.89,-0.11,95.03,-67.69,-40.53
2026-07-27 13:10:38.285,-0.17,-0.89,-0.11,95.03,-67.69,-40.53
2026-07-27 13:10:38.344,-0.07,-0.85,-0.11,72.75,-2.69,2.32
2026-07-27 13:10:38.344,-0.07,-0.85,-0.11,72.75,-2.69,2.32
2026-07-27 13:10:38.404,-0.03,-0.8,-0.08,63.35,55.3,13.92
2026-07-27 13:10:38.404,-0.03,-0.8,-0.08,63.35,55.3,13.92
2026-07-27 13:10:38.405,-0.02,-0.77,-0.04,58.65,35.28,19.29
2026-07-27 13:10:38.528,-0.02,-0.78,0.03,50.05,-44.25,18.92
2026-07-27 13:10:38.590,-0.02,-0.78,0.03,50.05,-44.25,18.92
2026-07-27 13:10:38.591,0.04,-0.8,0.11,40.47,-126.89,4.82
2026-07-27 13:10:38.591,0.04,-0.8,0.11,40.47,-126.89,4.82
2026-07-27 13:10:38.592,0.15,-0.81,0.14,33.33,-166.32,-11.17
2026-07-27 13:10:38.592,0.15,-0.81,0.14,33.33,-166.32,-11.17
2026-07-27 13:10:38.592,0.23,-0.84,0.15,29.85,-147.52,-12.15
2026-07-27 13:10:38.592,0.23,-0.84,0.15,29.85,-147.52,-12.15
2026-07-27 13:10:38.592,0.23,-0.84,0.15,29.85,-147.52,-12.15
2026-07-27 13:10:38.648,0.23,-0.84,0.15,29.85,-147.52,-12.15
2026-07-27 13:10:38.649,0.43,-1.09,0.36,63.23,-132.63,22.52
2026-07-27 13:10:38.775,0.32,-1.29,0.42,45.53,-187.93,47.0
2026-07-27 13:10:38.777,0.32,-1.29,0.42,45.53,-187.93,47.0
2026-07-27 13:10:38.777,0.06,-1.17,0.21,-17.82,-214.66,76.11
2026-07-27 13:10:38.777,0.06,-1.17,0.21,-17.82,-214.66,76.11
2026-07-27 13:10:38.824,-0.1,-0.88,0.03,-40.34,-186.04,53.96
2026-07-27 13:10:38.825,-0.1,-0.88,0.03,-40.34,-186.04,53.96
2026-07-27 13:10:38.883,-0.04,-0.74,0.05,-4.64,-138.79,6.96
2026-07-27 13:10:38.884,0.09,-0.8,0.17,22.16,-65.55,3.36
2026-07-27 13:10:38.884,0.09,-0.8,0.17,22.16,-65.55,3.36
2026-07-27 13:10:38.884,0.15,-0.94,0.27,13.18,32.84,31.86
2026-07-27 13:10:38.884,0.15,-0.94,0.27,13.18,32.84,31.86
2026-07-27 13:10:38.943,0.14,-1.01,0.3,1.83,122.56,54.38
2026-07-27 13:10:38.944,0.14,-1.01,0.3,1.83,122.56,54.38
2026-07-27 13:10:39.005,0.03,-0.98,0.33,13.55,177.12,50.17
2026-07-27 13:10:39.005,-0.06,-0.87,0.32,35.77,174.19,24.41
2026-07-27 13:10:39.005,-0.06,-0.87,0.32,35.77,174.19,24.41
2026-07-27 13:10:39.124,-0.05,-0.8,0.27,27.77,117.49,4.39
2026-07-27 13:10:39.124,-0.05,-0.8,0.27,27.77,117.49,4.39
2026-07-27 13:10:39.125,-0.01,-0.82,0.25,-4.58,33.33,3.48
2026-07-27 13:10:39.125,-0.01,-0.82,0.25,-4.58,33.33,3.48
2026-07-27 13:10:39.125,0.03,-0.86,0.24,-17.03,-28.14,8.73
2026-07-27 13:10:39.185,0.07,-0.9,0.24,-12.27,-16.48,12.02
2026-07-27 13:10:39.186,0.07,-0.9,0.24,-12.27,-16.48,12.02
2026-07-27 13:10:39.309,0.18,-0.96,0.3,-9.22,53.65,16.6
2026-07-27 13:10:39.309,0.18,-0.96,0.3,-9.22,53.65,16.6
2026-07-27 13:10:39.309,0.37,-1.0,0.43,-10.31,118.41,13.85
2026-07-27 13:10:39.309,0.37,-1.0,0.43,-10.31,118.41,13.85
2026-07-27 13:10:39.363,0.56,-1.08,0.59,-9.52,127.38,-16.42
2026-07-27 13:10:39.364,0.54,-1.21,0.66,11.35,81.67,-80.32
2026-07-27 13:10:39.364,0.54,-1.21,0.66,11.35,81.67,-80.32
2026-07-27 13:10:39.365,0.3,-1.17,0.53,64.94,16.54,-150.33
2026-07-27 13:10:39.365,0.3,-1.17,0.53,64.94,16.54,-150.33
2026-07-27 13:10:39.425,0.05,-1.06,0.5,108.22,-72.02,-159.91
2026-07-27 13:10:39.426,0.05,-1.06,0.5,108.22,-72.02,-159.91
2026-07-27 13:10:39.483,-0.02,-1.06,0.62,95.4,-155.88,-107.85
2026-07-27 13:10:39.484,0.09,-1.07,0.59,53.34,-166.2,-69.76
2026-07-27 13:10:39.484,0.09,-1.07,0.59,53.34,-166.2,-69.76
2026-07-27 13:10:39.544,0.18,-0.96,0.47,25.82,-114.5,-68.85
2026-07-27 13:10:39.545,0.18,-0.96,0.47,25.82,-114.5,-68.85
2026-07-27 13:10:39.609,0.15,-0.8,0.33,21.73,-61.89,-70.19
2026-07-27 13:10:39.609,0.15,-0.8,0.33,21.73,-61.89,-70.19
2026-07-27 13:10:39.609,0.07,-0.66,0.2,29.3,-43.4,-46.08
2026-07-27 13:10:39.686,0.04,-0.55,0.14,35.89,-56.52,-7.51
2026-07-27 13:10:39.687,0.04,-0.55,0.14,35.89,-56.52,-7.51
2026-07-27 13:10:39.725,0.13,-0.49,0.19,32.96,-66.28,21.85
2026-07-27 13:10:39.725,0.13,-0.49,0.19,32.96,-66.28,21.85
2026-07-27 13:10:39.726,0.4,-0.52,0.3,26.67,-45.1,38.27
2026-07-27 13:10:39.784,0.4,-0.52,0.3,26.67,-45.1,38.27
2026-07-27 13:10:39.785,0.72,-0.66,0.35,25.94,-19.84,53.96
2026-07-27 13:10:39.785,0.83,-0.84,0.3,27.53,-40.34,80.14
2026-07-27 13:10:39.845,0.83,-0.84,0.3,27.53,-40.34,80.14
2026-07-27 13:10:39.846,0.69,-0.85,0.24,32.65,-96.86,106.87
2026-07-27 13:10:39.904,0.69,-0.85,0.24,32.65,-96.86,106.87
2026-07-27 13:10:39.904,0.6,-0.87,0.34,40.77,-140.81,93.51
2026-07-27 13:10:39.904,0.6,-0.87,0.34,40.77,-140.81,93.51
2026-07-27 13:10:39.965,0.57,-1.01,0.5,53.71,-109.5,60.18
2026-07-27 13:10:39.966,0.24,-0.97,0.35,67.14,3.48,63.11
2026-07-27 13:10:39.966,0.24,-0.97,0.35,67.14,3.48,63.11
2026-07-27 13:10:40.023,-0.1,-0.8,0.32,50.05,27.28,70.37
2026-07-27 13:10:40.024,-0.1,-0.8,0.32,50.05,27.28,70.37
2026-07-27 13:10:40.091,-0.16,-0.76,0.51,17.4,-35.89,57.43
2026-07-27 13:10:40.091,-0.16,-0.76,0.51,17.4,-35.89,57.43
2026-07-27 13:10:40.091,-0.12,-0.88,0.49,6.53,-13.98,55.18
2026-07-27 13:10:40.143,-0.03,-1.0,0.52,0.98,71.11,56.46
2026-07-27 13:10:40.144,-0.03,-1.0,0.52,0.98,71.11,56.46
2026-07-27 13:10:40.204,0.03,-0.99,0.58,-15.26,126.83,45.78
2026-07-27 13:10:40.205,0.03,-0.99,0.58,-15.26,126.83,45.78
2026-07-27 13:10:40.205,0.05,-0.86,0.52,-37.35,121.22,28.5
2026-07-27 13:10:40.267,0.05,-0.86,0.52,-37.35,121.22,28.5
2026-07-27 13:10:40.267,0.06,-0.75,0.41,-61.58,81.12,14.34
2026-07-27 13:10:40.268,0.08,-0.72,0.31,-75.5,44.98,18.13
2026-07-27 13:10:40.336,0.08,-0.72,0.31,-75.5,44.98,18.13
2026-07-27 13:10:40.339,0.1,-0.74,0.26,-67.38,22.09,39.61
2026-07-27 13:10:40.383,0.1,-0.74,0.26,-67.38,22.09,39.61
2026-07-27 13:10:40.384,0.12,-0.82,0.24,-48.03,14.89,56.4
2026-07-27 13:10:40.384,0.12,-0.82,0.24,-48.03,14.89,56.4
2026-07-27 13:10:40.506,0.18,-0.96,0.25,-34.55,28.75,50.96
2026-07-27 13:10:40.507,0.37,-1.1,0.26,-29.05,53.41,27.95
2026-07-27 13:10:40.508,0.37,-1.1,0.26,-29.05,53.41,27.95
2026-07-27 13:10:40.508,0.71,-1.21,0.33,-28.99,74.83,-9.22
2026-07-27 13:10:40.563,0.71,-1.21,0.33,-28.99,74.83,-9.22
2026-07-27 13:10:40.564,0.77,-1.36,0.52,-33.81,96.13,-73.43
2026-07-27 13:10:40.564,0.77,-1.36,0.52,-33.81,96.13,-73.43
2026-07-27 13:10:40.564,0.3,-1.47,0.6,-25.94,92.35,-159.48
2026-07-27 13:10:40.624,0.3,-1.47,0.6,14.1,23.93,-203.0
2026-07-27 13:10:40.624,-0.19,-1.49,0.57,14.1,23.93,-203.0
2026-07-27 13:10:40.708,-0.16,-1.47,0.61,64.27,-45.41,-164.06
2026-07-27 13:10:40.724,-0.16,-1.47,0.61,64.27,-45.41,-164.06
2026-07-27 13:10:40.727,0.11,-1.42,0.61,85.94,-17.09,-100.1
2026-07-27 13:10:40.745,0.11,-1.42,0.61,85.94,-17.09,-100.1
2026-07-27 13:10:40.745,0.13,-1.33,0.47,89.54,51.7,-69.09
2026-07-27 13:10:40.746,0.13,-1.33,0.47,89.54,51.7,-69.09
2026-07-27 13:10:40.806,0.05,-1.15,0.27,105.59,18.8,-66.65
2026-07-27 13:10:40.807,0.02,-0.96,0.28,120.48,-100.4,-76.84
2026-07-27 13:10:40.864,0.02,-0.96,0.28,120.48,-100.4,-76.84
2026-07-27 13:10:40.864,-0.0,-0.84,0.39,111.69,-208.31,-106.08
2026-07-27 13:10:40.865,-0.0,-0.84,0.39,111.69,-208.31,-106.08
2026-07-27 13:10:40.973,0.05,-0.67,0.2,84.47,-291.81,-160.28
2026-07-27 13:10:40.974,0.05,-0.67,0.2,57.31,-340.7,-216.31
2026-07-27 13:10:40.974,0.19,-0.4,-0.16,57.31,-340.7,-216.31
2026-07-27 13:10:41.040,0.33,-0.1,-0.34,45.65,-335.88,-244.75
2026-07-27 13:10:41.040,0.33,-0.1,-0.34,45.65,-335.88,-244.75
2026-07-27 13:10:41.043,0.45,0.1,-0.31,54.38,-260.07,-219.54
2026-07-27 13:10:41.044,0.45,0.1,-0.31,54.38,-260.07,-219.54
2026-07-27 13:10:41.044,0.57,0.11,-0.19,78.43,-121.64,-136.54
2026-07-27 13:10:41.137,0.71,0.02,-0.1,102.54,-1.59,-44.98
2026-07-27 13:10:41.138,0.71,0.02,-0.1,102.54,-1.59,-44.98
2026-07-27 13:10:41.219,0.87,-0.07,-0.11,117.31,38.39,10.01
2026-07-27 13:10:41.219,0.87,-0.07,-0.11,117.31,38.39,10.01
2026-07-27 13:10:41.220,1.24,-0.04,-0.39,125.92,23.86,33.81
2026-07-27 13:10:41.272,1.61,-0.13,-0.51,112.85,-2.93,44.92
2026-07-27 13:10:41.272,1.61,-0.13,-0.51,112.85,-2.93,44.92
2026-07-27 13:10:41.552,1.36,-0.45,-0.33,84.41,-16.05,78.19
2026-07-27 13:10:41.553,1.36,-0.45,-0.33,84.41,-16.05,78.19
2026-07-27 13:10:41.553,0.81,-0.71,-0.18,75.68,35.58,145.51
2026-07-27 13:10:41.553,0.81,-0.71,-0.18,75.68,35.58,145.51
2026-07-27 13:10:41.554,0.45,-0.81,-0.01,60.0,162.96,220.21
2026-07-27 13:10:41.554,0.45,-0.81,-0.01,12.15,284.36,297.06
2026-07-27 13:10:41.554,0.2,-0.91,0.11,12.15,284.36,297.06
2026-07-27 13:10:41.555,-0.03,-1.06,0.16,-36.87,323.12,369.26
2026-07-27 13:10:41.555,-0.03,-1.06,0.16,-36.87,323.12,369.26
2026-07-27 13:10:41.555,-0.2,-1.17,0.2,-62.81,239.26,368.16
2026-07-27 13:10:41.556,-0.2,-1.17,0.2,-62.81,239.26,368.16
2026-07-27 13:10:41.558,-0.2,-1.14,0.23,-55.91,65.73,253.54
2026-07-27 13:10:41.558,-0.05,-0.97,0.23,-30.76,-78.74,104.8
2026-07-27 13:10:41.587,-0.05,-0.97,0.23,-30.76,-78.74,104.8
2026-07-27 13:10:41.588,0.07,-0.81,0.21,-21.73,-133.42,-1.95
2026-07-27 13:10:41.588,0.07,-0.81,0.21,-21.73,-133.42,-1.95
2026-07-27 13:10:41.680,0.09,-0.75,0.15,-34.0,-130.62,-48.77
2026-07-27 13:10:41.681,0.09,-0.75,0.15,-34.0,-130.62,-48.77
2026-07-27 13:10:41.681,0.04,-0.77,0.06,-42.85,-119.69,-49.13
2026-07-27 13:10:41.784,0.08,-0.9,0.05,-38.09,-111.88,-24.78
2026-07-27 13:10:41.919,0.08,-0.9,0.05,-38.09,-111.88,-24.78
2026-07-27 13:10:41.920,0.17,-1.03,0.13,-28.38,-100.04,5.62
2026-07-27 13:10:41.920,0.17,-1.03,0.13,-28.38,-100.04,5.62
2026-07-27 13:10:42.067,0.17,-1.04,0.13,-14.95,-89.42,19.78
2026-07-27 13:10:42.068,0.17,-1.04,0.13,-14.95,-89.42,19.78
2026-07-27 13:10:42.068,0.12,-0.96,0.02,2.32,-77.64,10.31
2026-07-27 13:10:42.068,0.12,-0.96,0.02,14.04,-52.98,-3.3
2026-07-27 13:10:42.069,0.07,-0.88,-0.06,14.04,-52.98,-3.3
2026-07-27 13:10:42.069,0.07,-0.85,-0.07,13.67,-16.6,-4.88
2026-07-27 13:10:42.069,0.07,-0.85,-0.07,13.67,-16.6,-4.88
2026-07-27 13:10:42.069,0.08,-0.87,-0.08,7.69,15.14,2.75
2026-07-27 13:10:42.127,0.08,-0.87,-0.08,7.69,15.14,2.75
2026-07-27 13:10:42.128,0.11,-0.94,-0.07,0.92,32.47,10.74
2026-07-27 13:10:42.129,0.11,-0.94,-0.07,0.92,32.47,10.74
2026-07-27 13:10:42.129,0.15,-1.06,0.03,-9.34,44.31,8.61
2026-07-27 13:10:42.130,0.15,-1.06,0.03,-28.56,76.66,-14.1
2026-07-27 13:10:42.137,0.19,-1.23,0.16,-28.56,76.66,-14.1
2026-07-27 13:10:42.146,0.36,-1.44,0.17,-68.66,130.37,-53.34
2026-07-27 13:10:42.146,0.36,-1.44,0.17,-68.66,130.37,-53.34
2026-07-27 13:10:42.147,0.59,-1.49,-0.0,-116.52,167.72,-88.62
2026-07-27 13:10:42.201,0.59,-1.49,-0.0,-116.52,167.72,-88.62
2026-07-27 13:10:42.202,0.63,-1.3,-0.08,-142.76,150.57,-88.01
2026-07-27 13:10:42.203,0.63,-1.3,-0.08,-142.76,150.57,-88.01
2026-07-27 13:10:42.310,0.53,-1.03,0.04,-127.38,72.27,-33.26
2026-07-27 13:10:42.310,0.44,-0.87,0.07,-79.28,-17.15,42.05
2026-07-27 13:10:42.494,0.44,-0.87,0.07,-79.28,-17.15,42.05
2026-07-27 13:10:42.495,0.3,-0.88,-0.1,-40.41,-59.94,77.39
2026-07-27 13:10:42.495,0.3,-0.88,-0.1,-40.41,-59.94,77.39
2026-07-27 13:10:42.495,0.11,-0.99,-0.31,-29.72,-66.28,57.8
2026-07-27 13:10:42.495,0.11,-0.99,-0.31,-29.72,-66.28,57.8
2026-07-27 13:10:42.496,-0.01,-1.1,-0.38,-34.67,-71.17,19.23
2026-07-27 13:10:42.496,-0.01,-1.18,-0.31,-34.55,-64.88,-17.15
2026-07-27 13:10:42.496,-0.01,-1.18,-0.31,-34.55,-64.88,-17.15
2026-07-27 13:10:42.497,-0.01,-1.14,-0.31,-13.98,-22.4,-48.28
2026-07-27 13:10:42.497,-0.01,-1.14,-0.31,-13.98,-22.4,-48.28
2026-07-27 13:10:42.500,-0.07,-0.98,-0.38,22.46,29.24,-75.68
2026-07-27 13:10:42.667,-0.07,-0.98,-0.38,22.46,29.24,-75.68
2026-07-27 13:10:42.668,-0.08,-0.84,-0.41,52.67,42.36,-104.31
2026-07-27 13:10:42.673,0.0,-0.8,-0.36,66.41,16.66,-126.71
2026-07-27 13:10:42.673,0.0,-0.8,-0.36,66.41,16.66,-126.71
2026-07-27 13:10:42.795,0.1,-0.77,-0.29,68.48,-16.97,-132.81
2026-07-27 13:10:42.795,0.1,-0.77,-0.29,68.48,-16.97,-132.81
2026-07-27 13:10:42.797,0.1,-0.75,-0.23,63.23,-39.73,-123.54
2026-07-27 13:10:42.798,0.1,-0.75,-0.23,63.23,-39.73,-123.54
2026-07-27 13:10:42.798,0.07,-0.68,-0.21,48.65,-60.3,-121.28
2026-07-27 13:10:42.798,0.12,-0.49,-0.24,27.65,-81.3,-137.94
2026-07-27 13:10:42.798,0.12,-0.49,-0.24,27.65,-81.3,-137.94
2026-07-27 13:10:42.799,0.25,-0.18,-0.28,15.99,-86.49,-139.34
2026-07-27 13:10:42.799,0.25,-0.18,-0.28,15.99,-86.49,-139.34
2026-07-27 13:10:42.845,0.4,0.04,-0.29,16.42,-72.08,-102.54
2026-07-27 13:10:42.965,0.4,0.04,-0.29,16.42,-72.08,-102.54
2026-07-27 13:10:42.965,0.68,-0.12,-0.29,17.46,-45.72,-41.38
2026-07-27 13:10:42.966,1.04,-0.71,-0.25,12.82,-15.32,21.42
2026-07-27 13:10:42.966,1.04,-0.71,-0.25,12.82,-15.32,21.42
2026-07-27 13:10:42.971,1.03,-1.05,-0.3,7.75,-0.06,58.23
2026-07-27 13:10:42.971,1.03,-1.05,-0.3,7.75,-0.06,58.23
2026-07-27 13:10:42.972,0.73,-0.97,-0.45,5.92,-8.61,60.91
2026-07-27 13:10:43.105,0.73,-0.97,-0.45,5.92,-8.61,60.91
2026-07-27 13:10:43.106,0.49,-0.88,-0.43,14.83,-4.33,78.61
2026-07-27 13:10:43.106,0.49,-0.88,-0.43,14.83,-4.33,78.61
2026-07-27 13:10:43.107,0.3,-0.87,-0.27,32.78,32.84,141.36
2026-07-27 13:10:43.107,0.1,-0.94,-0.19,41.14,65.43,213.32
2026-07-27 13:10:43.149,0.1,-0.94,-0.19,41.14,65.43,213.32
2026-07-27 13:10:43.149,-0.1,-0.98,-0.24,29.85,62.19,262.21
2026-07-27 13:10:43.150,-0.1,-0.98,-0.24,29.85,62.19,262.21
2026-07-27 13:10:43.204,-0.21,-0.96,-0.32,1.53,25.09,267.46
2026-07-27 13:10:43.205,-0.24,-0.92,-0.31,-29.85,-23.25,212.71
2026-07-27 13:10:43.384,-0.24,-0.92,-0.31,-29.85,-23.25,212.71
2026-07-27 13:10:43.385,-0.23,-0.91,-0.21,-52.86,-62.32,113.71
2026-07-27 13:10:43.385,-0.23,-0.91,-0.21,-52.86,-62.32,113.71
2026-07-27 13:10:43.386,-0.15,-0.92,-0.12,-59.94,-86.18,9.95
2026-07-27 13:10:43.386,-0.15,-0.92,-0.12,-59.94,-86.18,9.95
2026-07-27 13:10:43.386,-0.05,-0.93,-0.13,-56.82,-90.64,-77.7
2026-07-27 13:10:43.387,0.02,-0.96,-0.18,-62.81,-92.9,-145.26
2026-07-27 13:10:43.387,0.02,-0.96,-0.18,-62.81,-92.9,-145.26
2026-07-27 13:10:43.594,-0.03,-0.9,-0.26,-66.96,-104.06,-159.6
2026-07-27 13:10:43.594,-0.03,-0.9,-0.26,-66.96,-104.06,-159.6
2026-07-27 13:10:43.595,-0.07,-0.72,-0.44,-41.14,-92.29,-98.88
2026-07-27 13:10:43.595,-0.07,-0.72,-0.44,-41.14,-92.29,-98.88
2026-07-27 13:10:43.595,-0.0,-0.68,-0.53,-9.52,-72.33,-27.04
2026-07-27 13:10:43.595,0.05,-0.8,-0.48,-0.49,-65.92,4.58
2026-07-27 13:10:43.596,0.05,-0.8,-0.48,-0.49,-65.92,4.58
2026-07-27 13:10:43.596,0.05,-0.9,-0.43,-1.65,-50.96,8.18
2026-07-27 13:10:43.700,0.05,-0.9,-0.43,-1.65,-50.96,8.18
2026-07-27 13:10:43.705,0.05,-0.91,-0.42,-3.17,-28.75,3.66
2026-07-27 13:10:43.706,0.05,-0.91,-0.42,-3.17,-28.75,3.66
2026-07-27 13:10:43.706,0.05,-0.87,-0.42,-3.48,-7.45,13.92
2026-07-27 13:10:43.706,0.05,-0.87,-0.42,-2.01,13.85,47.91
2026-07-27 13:10:43.870,0.02,-0.85,-0.43,-2.01,13.85,47.91
2026-07-27 13:10:43.870,-0.05,-0.91,-0.44,1.1,35.89,87.77
2026-07-27 13:10:43.870,-0.05,-0.91,-0.44,1.1,35.89,87.77
2026-07-27 13:10:43.871,-0.16,-1.09,-0.42,1.95,51.39,102.66
2026-07-27 13:10:43.871,-0.16,-1.09,-0.42,1.95,51.39,102.66
2026-07-27 13:10:43.871,-0.16,-1.31,-0.44,1.28,46.26,66.96
2026-07-27 13:10:43.871,-0.16,-1.31,-0.44,1.28,46.26,66.96
2026-07-27 13:10:43.871,-0.1,-1.38,-0.54,-1.95,29.05,8.42
2026-07-27 13:10:43.936,-0.1,-1.38,-0.54,-1.95,29.05,8.42
2026-07-27 13:10:43.936,-0.1,-1.38,-0.54,-1.95,29.05,8.42
2026-07-27 13:10:43.937,-0.1,-1.38,-0.54,-1.95,29.05,8.42
2026-07-27 13:10:43.984,-0.01,-1.07,-0.41,-38.33,-18.55,-56.58
2026-07-27 13:10:43.984,-0.01,-1.07,-0.41,-35.03,-40.89,-80.81
2026-07-27 13:10:43.984,0.09,-0.93,-0.3,-35.03,-40.89,-80.81
2026-07-27 13:10:44.164,0.13,-0.84,-0.3,-5.43,-38.76,-99.12
2026-07-27 13:10:44.223,0.13,-0.84,-0.3,-5.43,-38.76,-99.12
2026-07-27 13:10:44.224,0.11,-0.82,-0.36,19.04,-16.85,-119.2
2026-07-27 13:10:44.224,0.11,-0.82,-0.36,19.04,-16.85,-119.2
2026-07-27 13:10:44.224,0.02,-0.85,-0.35,13.73,2.81,-120.61
2026-07-27 13:10:44.224,0.02,-0.85,-0.35,13.73,2.81,-120.61
2026-07-27 13:10:44.287,-0.14,-0.84,-0.29,-1.34,3.97,-106.93
2026-07-27 13:10:44.343,-0.21,-0.78,-0.27,6.71,-9.46,-95.95
2026-07-27 13:10:44.343,-0.21,-0.78,-0.27,6.71,-9.46,-95.95
2026-07-27 13:10:44.403,-0.13,-0.69,-0.3,35.03,-29.48,-69.82
2026-07-27 13:10:44.404,-0.13,-0.69,-0.3,35.03,-29.48,-69.82
2026-07-27 13:10:44.404,-0.01,-0.65,-0.35,58.11,-47.36,-25.63
2026-07-27 13:10:44.405,-0.01,-0.65,-0.35,58.11,-47.36,-25.63
2026-07-27 13:10:44.413,0.03,-0.68,-0.36,59.75,-49.74,13.79
2026-07-27 13:10:44.413,-0.02,-0.78,-0.33,43.58,-38.76,35.22
2026-07-27 13:10:44.413,-0.02,-0.78,-0.33,43.58,-38.76,35.22
2026-07-27 13:10:44.413,-0.12,-0.85,-0.31,29.54,-38.33,35.64
2026-07-27 13:10:44.413,-0.12,-0.85,-0.31,29.54,-38.33,35.64
2026-07-27 13:10:44.464,-0.18,-0.8,-0.38,30.94,-65.49,14.22
2026-07-27 13:10:44.465,-0.18,-0.8,-0.38,30.94,-65.49,14.22
2026-07-27 13:10:44.465,-0.13,-0.72,-0.47,35.52,-117.19,-14.16
2026-07-27 13:10:44.524,0.06,-0.71,-0.5,25.76,-169.98,-30.82
2026-07-27 13:10:44.524,0.06,-0.71,-0.5,25.76,-169.98,-30.82
2026-07-27 13:10:44.583,0.3,-0.83,-0.49,4.03,-192.2,-27.4
2026-07-27 13:10:44.584,0.3,-0.83,-0.49,4.03,-192.2,-27.4
2026-07-27 13:10:44.584,0.26,-1.0,-0.46,-15.75,-168.52,3.17
2026-07-27 13:10:44.644,0.26,-1.0,-0.46,-15.75,-168.52,3.17
2026-07-27 13:10:44.644,0.07,-1.06,-0.41,-21.3,-126.16,36.19
2026-07-27 13:10:44.645,-0.06,-1.02,-0.33,-13.61,-91.19,39.49
2026-07-27 13:10:44.704,-0.06,-1.02,-0.33,-13.61,-91.19,39.49
2026-07-27 13:10:44.704,-0.14,-0.93,-0.27,-2.38,-62.99,26.37
2026-07-27 13:10:44.705,-0.14,-0.93,-0.27,-2.38,-62.99,26.37
2026-07-27 13:10:44.764,-0.14,-0.87,-0.19,3.97,-49.44,28.2
2026-07-27 13:10:44.765,-0.14,-0.87,-0.19,3.97,-49.44,28.2
2026-07-27 13:10:44.824,-0.13,-0.9,-0.08,3.3,-47.49,42.24
2026-07-27 13:10:44.824,-0.16,-0.95,-0.06,2.08,-53.53,34.97
2026-07-27 13:10:44.824,-0.16,-0.95,-0.06,2.08,-53.53,34.97
2026-07-27 13:10:44.885,-0.19,-0.94,-0.16,-4.76,-85.94,-8.54
2026-07-27 13:10:44.886,-0.19,-0.94,-0.16,-4.76,-85.94,-8.54
2026-07-27 13:10:44.947,-0.2,-0.94,-0.25,-25.33,-134.58,-64.7
2026-07-27 13:10:44.947,-0.2,-0.94,-0.25,-25.33,-134.58,-64.7
2026-07-27 13:10:44.948,-0.18,-0.96,-0.27,-43.4,-149.96,-93.38
2026-07-27 13:10:45.005,-0.15,-0.99,-0.25,-39.98,-116.27,-82.28
2026-07-27 13:10:45.006,-0.15,-0.99,-0.25,-39.98,-116.27,-82.28
2026-07-27 13:10:45.069,-0.13,-1.02,-0.2,-20.81,-71.84,-48.89
2026-07-27 13:10:45.069,-0.13,-1.02,-0.2,-20.81,-71.84,-48.89
2026-07-27 13:10:45.070,-0.15,-0.99,-0.16,-4.58,-54.75,-17.4
2026-07-27 13:10:45.137,-0.15,-0.99,-0.16,-4.58,-54.75,-17.4
2026-07-27 13:10:45.137,-0.2,-0.92,-0.16,-2.62,-65.98,-7.93
2026-07-27 13:10:45.138,-0.2,-0.92,-0.16,-13.49,-84.11,-19.9
2026-07-27 13:10:45.243,-0.27,-0.88,-0.2,-13.49,-84.11,-19.9
2026-07-27 13:10:45.253,-0.28,-0.88,-0.25,-28.14,-97.6,-36.25
2026-07-27 13:10:45.256,-0.28,-0.88,-0.25,-28.14,-97.6,-36.25
2026-07-27 13:10:45.257,-0.21,-0.87,-0.31,-37.29,-107.97,-41.38
2026-07-27 13:10:45.257,-0.21,-0.87,-0.31,-37.29,-107.97,-41.38
2026-07-27 13:10:45.304,-0.11,-0.87,-0.38,-38.02,-117.19,-40.34
2026-07-27 13:10:45.304,-0.03,-0.91,-0.43,-33.63,-125.98,-48.03
2026-07-27 13:10:45.305,-0.03,-0.91,-0.43,-33.63,-125.98,-48.03
2026-07-27 13:10:45.363,0.05,-0.97,-0.44,-30.46,-132.32,-62.13
2026-07-27 13:10:45.364,0.05,-0.97,-0.44,-30.46,-132.32,-62.13
2026-07-27 13:10:45.426,0.09,-0.99,-0.46,-33.87,-130.19,-78.12
2026-07-27 13:10:45.427,0.09,-0.99,-0.46,-41.44,-112.18,-91.8
2026-07-27 13:10:45.427,0.02,-0.96,-0.5,-41.44,-112.18,-91.8
2026-07-27 13:10:45.490,-0.18,-0.9,-0.45,-46.45,-78.37,-96.86
2026-07-27 13:10:45.490,-0.18,-0.9,-0.45,-46.45,-78.37,-96.86
2026-07-27 13:10:45.549,-0.27,-0.86,-0.38,-33.08,-33.45,-82.46
2026-07-27 13:10:45.549,-0.27,-0.86,-0.38,-33.08,-33.45,-82.46
2026-07-27 13:10:45.550,-0.2,-0.85,-0.39,8.3,17.33,-42.3
2026-07-27 13:10:45.610,-0.2,-0.85,-0.39,48.4,57.86,-7.45
2026-07-27 13:10:45.611,-0.09,-0.82,-0.42,48.4,57.86,-7.45
2026-07-27 13:10:45.724,0.0,-0.77,-0.42,58.72,69.15,-0.43
2026-07-27 13:10:45.724,0.0,-0.77,-0.42,58.72,69.15,-0.43
2026-07-27 13:10:45.724,0.05,-0.74,-0.4,45.17,51.94,-5.13
2026-07-27 13:10:45.724,0.05,-0.74,-0.4,45.17,51.94,-5.13
2026-07-27 13:10:45.725,0.08,-0.76,-0.37,22.22,19.78,-11.96
2026-07-27 13:10:45.725,0.08,-0.76,-0.37,22.22,19.78,-11.96
2026-07-27 13:10:45.964,0.15,-0.81,-0.31,-1.46,-5.86,-23.38
2026-07-27 13:10:46.028,0.25,-0.89,-0.27,-25.45,-4.09,-37.54
2026-07-27 13:10:46.029,0.25,-0.89,-0.27,-25.45,-4.09,-37.54
2026-07-27 13:10:46.030,0.3,-0.91,-0.29,-43.33,5.43,-49.62
2026-07-27 13:10:46.030,0.3,-0.91,-0.29,-43.33,5.43,-49.62
2026-07-27 13:10:46.031,0.3,-0.85,-0.35,-45.78,-6.41,-58.47
2026-07-27 13:10:46.031,0.3,-0.85,-0.35,-45.78,-6.41,-58.47
2026-07-27 13:10:46.031,0.27,-0.8,-0.38,-36.5,-25.33,-67.38
2026-07-27 13:10:46.031,0.25,-0.79,-0.34,-22.58,-25.7,-64.88
2026-07-27 13:10:46.033,0.25,-0.79,-0.34,-22.58,-25.7,-64.88
2026-07-27 13:10:46.033,0.23,-0.75,-0.3,-5.8,-10.74,-43.88
2026-07-27 13:10:46.033,0.23,-0.75,-0.3,-5.8,-10.74,-43.88
2026-07-27 13:10:46.034,0.21,-0.7,-0.29,11.47,-1.53,-25.88
2026-07-27 13:10:46.144,0.21,-0.7,-0.29,11.47,-1.53,-25.88
2026-07-27 13:10:46.144,0.2,-0.68,-0.31,29.42,-10.8,-18.43
2026-07-27 13:10:46.144,0.2,-0.68,-0.31,29.42,-10.8,-18.43
2026-07-27 13:10:46.145,0.23,-0.71,-0.35,48.65,-37.96,-7.32
2026-07-27 13:10:46.145,0.3,-0.77,-0.38,59.2,-67.93,9.89
2026-07-27 13:10:46.145,0.3,-0.77,-0.38,59.2,-67.93,9.89
2026-07-27 13:10:46.269,0.33,-0.84,-0.38,54.38,-80.87,26.67
2026-07-27 13:10:46.270,0.33,-0.84,-0.38,54.38,-80.87,26.67
2026-07-27 13:10:46.270,0.31,-0.86,-0.37,42.97,-72.27,37.11
2026-07-27 13:10:46.270,0.31,-0.86,-0.37,42.97,-72.27,37.11
2026-07-27 13:10:46.270,0.25,-0.81,-0.37,34.85,-57.8,34.36
2026-07-27 13:10:46.327,0.19,-0.72,-0.38,33.08,-54.2,15.87
2026-07-27 13:10:46.328,0.19,-0.72,-0.38,33.08,-54.2,15.87
2026-07-27 13:10:46.387,0.16,-0.63,-0.35,33.2,-66.65,-13.73
2026-07-27 13:10:46.388,0.16,-0.63,-0.35,33.2,-66.65,-13.73
2026-07-27 13:10:46.388,0.18,-0.59,-0.3,24.6,-85.27,-47.97
2026-07-27 13:10:46.449,0.18,-0.59,-0.3,24.6,-85.27,-47.97
2026-07-27 13:10:46.450,0.26,-0.55,-0.33,-6.1,-95.58,-87.28
2026-07-27 13:10:46.568,0.3,-0.68,-0.37,-40.83,-97.53,-109.56
2026-07-27 13:10:46.568,0.3,-0.68,-0.37,-40.83,-97.53,-109.56
2026-07-27 13:10:46.568,0.27,-1.17,-0.43,-21.06,-94.3,-47.85
2026-07-27 13:10:46.568,0.27,-1.17,-0.43,-21.06,-94.3,-47.85
2026-07-27 13:10:46.569,0.08,-1.7,-0.54,53.22,-48.22,88.32
2026-07-27 13:10:46.569,0.08,-1.7,-0.54,53.22,-48.22,88.32
2026-07-27 13:10:46.624,-0.14,-1.86,-0.44,87.22,73.24,147.64
2026-07-27 13:10:46.624,-0.15,-1.55,-0.27,39.12,222.29,63.42
2026-07-27 13:10:46.684,-0.15,-1.55,-0.27,39.12,222.29,63.42
2026-07-27 13:10:46.686,0.01,-1.07,-0.22,-42.79,309.27,-66.96
2026-07-27 13:10:46.686,0.01,-1.07,-0.22,-42.79,309.27,-66.96
2026-07-27 13:10:46.745,0.25,-0.69,-0.2,-100.22,291.99,-131.41
2026-07-27 13:10:46.747,0.25,-0.69,-0.2,-100.22,291.99,-131.41
2026-07-27 13:10:46.747,0.41,-0.49,-0.14,-101.56,205.26,-95.03
2026-07-27 13:10:46.804,0.49,-0.5,-0.07,-67.57,112.79,-15.5
2026-07-27 13:10:46.805,0.49,-0.5,-0.07,-67.57,112.79,-15.5
2026-07-27 13:10:46.864,0.53,-0.62,-0.05,-34.85,50.11,49.01
2026-07-27 13:10:46.865,0.53,-0.62,-0.05,-34.85,50.11,49.01
2026-07-27 13:10:46.866,0.49,-0.75,-0.09,-17.7,15.56,77.94
2026-07-27 13:10:46.924,0.49,-0.75,-0.09,-17.7,15.56,77.94
2026-07-27 13:10:46.924,0.4,-0.86,-0.13,-16.3,6.23,72.88
2026-07-27 13:10:46.986,0.31,-0.9,-0.16,-19.1,17.52,51.39
2026-07-27 13:10:46.987,0.31,-0.9,-0.16,-19.1,17.52,51.39
2026-07-27 13:10:46.988,0.26,-0.85,-0.16,-12.08,31.31,26.37
2026-07-27 13:10:47.056,0.26,-0.85,-0.16,-12.08,31.31,26.37
2026-07-27 13:10:47.056,0.28,-0.8,-0.13,-2.38,28.63,6.23
2026-07-27 13:10:47.057,0.28,-0.8,-0.13,-2.38,28.63,6.23
2026-07-27 13:10:47.166,0.27,-0.75,-0.08,-0.79,8.18,-9.52
2026-07-27 13:10:47.167,0.24,-0.71,-0.01,-6.1,-21.85,-24.78
2026-07-27 13:10:47.167,0.24,-0.71,-0.01,-6.1,-21.85,-24.78
2026-07-27 13:10:47.168,0.26,-0.68,0.04,-10.38,-63.84,-31.01
2026-07-27 13:10:47.168,0.26,-0.68,0.04,-10.38,-63.84,-31.01
2026-07-27 13:10:47.223,0.31,-0.73,-0.02,-7.51,-119.08,-31.62
2026-07-27 13:10:47.224,0.31,-0.73,-0.02,-7.51,-119.08,-31.62
2026-07-27 13:10:47.292,0.35,-1.08,-0.25,-0.12,-170.41,-50.48
2026-07-27 13:10:47.292,0.28,-1.55,-0.63,15.56,-195.86,-72.14
2026-07-27 13:10:47.292,0.28,-1.55,-0.63,15.56,-195.86,-72.14
2026-07-27 13:10:47.410,0.11,-1.58,-0.91,38.45,-164.61,-60.12
2026-07-27 13:10:47.411,0.11,-1.58,-0.91,38.45,-164.61,-60.12
2026-07-27 13:10:47.411,0.07,-1.35,-0.85,49.74,-83.8,-47.06
2026-07-27 13:10:47.411,0.07,-1.35,-0.85,49.74,-83.8,-47.06
2026-07-27 13:10:47.411,0.23,-1.1,-0.69,49.5,-19.96,-61.77
2026-07-27 13:10:47.467,0.33,-0.75,-0.66,48.28,-17.4,-82.4
2026-07-27 13:10:47.468,0.33,-0.75,-0.66,48.28,-17.4,-82.4
2026-07-27 13:10:47.468,0.33,-0.48,-0.63,40.16,-66.41,-98.82
2026-07-27 13:10:47.529,0.33,-0.48,-0.63,40.16,-66.41,-98.82
2026-07-27 13:10:47.530,0.29,-0.43,-0.52,25.33,-131.65,-93.99
2026-07-27 13:10:47.530,0.29,-0.43,-0.52,25.33,-131.65,-93.99
2026-07-27 13:10:47.588,0.24,-0.51,-0.5,5.07,-154.79,-38.45
2026-07-27 13:10:47.589,0.18,-0.64,-0.65,-27.83,-115.66,56.09
2026-07-27 13:10:47.770,0.18,-0.64,-0.65,-27.83,-115.66,56.09
2026-07-27 13:10:47.770,0.11,-0.74,-0.77,-57.74,-64.76,131.65
2026-07-27 13:10:47.771,0.11,-0.74,-0.77,-57.74,-64.76,131.65
2026-07-27 13:10:47.771,0.08,-0.75,-0.74,-55.18,-28.38,140.56
2026-07-27 13:10:47.771,0.08,-0.75,-0.74,-55.18,-28.38,140.56
2026-07-27 13:10:47.772,0.02,-0.65,-0.57,-17.27,10.8,89.17
2026-07-27 13:10:47.772,-0.0,-0.56,-0.39,29.05,50.84,29.91
2026-07-27 13:10:47.773,-0.0,-0.56,-0.39,29.05,50.84,29.91
2026-07-27 13:10:47.824,0.06,-0.53,-0.25,55.85,79.22,-0.55
2026-07-27 13:10:47.824,0.06,-0.53,-0.25,55.85,79.22,-0.55
2026-07-27 13:10:47.884,0.12,-0.53,-0.17,51.57,111.15,-17.76
2026-07-27 13:10:47.884,0.12,-0.53,-0.17,51.57,111.15,-17.76
2026-07-27 13:10:47.885,0.14,-0.59,-0.19,21.48,152.89,-39.67
2026-07-27 13:10:47.944,0.3,-0.64,-0.24,-18.25,167.24,-41.02
2026-07-27 13:10:47.944,0.3,-0.64,-0.24,-18.25,167.24,-41.02
2026-07-27 13:10:47.944,0.5,-0.63,-0.27,-53.04,110.47,-2.2
2026-07-27 13:10:48.064,0.5,-0.63,-0.27,-53.04,110.47,-2.2
2026-07-27 13:10:48.064,0.53,-0.62,-0.33,-58.96,13.61,39.86
2026-07-27 13:10:48.064,0.53,-0.62,-0.33,-58.96,13.61,39.86
2026-07-27 13:10:48.064,0.53,-0.64,-0.44,-35.52,-52.98,31.43
2026-07-27 13:10:48.064,0.6,-0.64,-0.53,-15.01,-69.7,-27.34
2026-07-27 13:10:48.188,0.6,-0.64,-0.53,-15.01,-69.7,-27.34
2026-07-27 13:10:48.249,0.59,-0.7,-0.51,-4.39,-60.49,-80.87
2026-07-27 13:10:48.250,0.59,-0.7,-0.51,-4.39,-60.49,-80.87
2026-07-27 13:10:48.251,0.53,-0.99,-0.48,12.08,-36.19,-58.72
2026-07-27 13:10:48.251,0.53,-0.99,-0.48,12.08,-36.19,-58.72
2026-07-27 13:10:48.251,0.38,-1.33,-0.8,53.65,23.25,105.77
2026-07-27 13:10:48.252,0.38,-1.33,-0.8,80.99,88.32,263.49
2026-07-27 13:10:48.253,-0.13,-1.48,-1.09,80.99,88.32,263.49
2026-07-27 13:10:48.371,-0.47,-1.48,-0.83,47.73,109.62,193.97
2026-07-27 13:10:48.372,-0.47,-1.48,-0.83,47.73,109.62,193.97
2026-07-27 13:10:48.372,-0.25,-1.38,-0.46,6.04,113.59,18.92
2026-07-27 13:10:48.372,-0.25,-1.38,-0.46,6.04,113.59,18.92
2026-07-27 13:10:48.373,0.07,-1.06,-0.31,1.83,110.72,-50.84
2026-07-27 13:10:48.431,0.07,-1.06,-0.31,10.99,76.05,-26.31
2026-07-27 13:10:48.431,0.24,-0.67,-0.3,10.99,76.05,-26.31
2026-07-27 13:10:48.432,0.25,-0.48,-0.28,6.16,29.36,-3.97
2026-07-27 13:10:48.502,0.25,-0.48,-0.28,6.16,29.36,-3.97
2026-07-27 13:10:48.502,0.21,-0.47,-0.26,-0.31,2.81,-4.7
2026-07-27 13:10:48.503,0.21,-0.47,-0.26,-0.31,2.81,-4.7
2026-07-27 13:10:48.544,0.2,-0.53,-0.3,2.87,9.09,-1.59
2026-07-27 13:10:48.544,0.2,-0.53,-0.3,2.87,9.09,-1.59
2026-07-27 13:10:48.604,0.16,-0.65,-0.39,-0.55,40.95,15.26
2026-07-27 13:10:48.604,0.16,-0.65,-0.39,-21.06,83.74,36.07
2026-07-27 13:10:48.604,0.1,-0.74,-0.46,-21.06,83.74,36.07
2026-07-27 13:10:48.664,-0.01,-0.84,-0.39,-59.88,129.03,42.72
2026-07-27 13:10:48.664,-0.01,-0.84,-0.39,-59.88,129.03,42.72
2026-07-27 13:10:48.665,-0.02,-0.98,-0.17,-94.24,157.35,24.05
2026-07-27 13:10:48.784,-0.02,-0.98,-0.17,-94.24,157.35,24.05
2026-07-27 13:10:48.784,0.26,-1.03,-0.01,-89.29,167.42,27.65
2026-07-27 13:10:48.785,0.26,-1.03,-0.01,-57.62,161.87,74.4
2026-07-27 13:10:48.785,0.51,-0.94,-0.07,-57.62,161.87,74.4
2026-07-27 13:10:48.786,0.54,-0.84,-0.19,-30.94,118.29,95.15
2026-07-27 13:10:48.844,0.54,-0.84,-0.19,-30.94,118.29,95.15
2026-07-27 13:10:48.845,0.4,-0.75,-0.26,-18.62,48.58,53.1
2026-07-27 13:10:48.845,0.4,-0.75,-0.26,-18.62,48.58,53.1
2026-07-27 13:10:48.907,0.26,-0.7,-0.25,-24.84,-7.39,-26.43
2026-07-27 13:10:48.907,0.26,-0.7,-0.25,-39.49,-36.62,-86.0
2026-07-27 13:10:49.023,0.21,-0.67,-0.12,-39.49,-36.62,-86.0
2026-07-27 13:10:49.024,0.29,-0.66,0.01,-41.2,-56.82,-85.69
2026-07-27 13:10:49.024,0.29,-0.66,0.01,-41.2,-56.82,-85.69
2026-07-27 13:10:49.024,0.28,-0.99,-0.25,-25.76,-54.14,-33.14
2026-07-27 13:10:49.143,0.28,-0.99,-0.25,-25.76,-54.14,-33.14
2026-07-27 13:10:49.144,0.17,-1.56,-1.01,23.25,-18.68,57.56
2026-07-27 13:10:49.144,0.17,-1.56,-1.01,73.12,40.22,115.42
2026-07-27 13:10:49.144,0.3,-1.81,-1.37,73.12,40.22,115.42
2026-07-27 13:10:49.145,0.61,-1.69,-0.99,63.17,66.71,40.77
2026-07-27 13:10:49.145,0.61,-1.69,-0.99,63.17,66.71,40.77
2026-07-27 13:10:49.146,0.71,-1.32,-0.48,57.86,-17.27,-146.48
2026-07-27 13:10:49.208,0.71,-1.32,-0.48,57.86,-17.27,-146.48
2026-07-27 13:10:49.209,0.41,-0.76,-0.31,102.05,-106.38,-268.62
2026-07-27 13:10:49.264,-0.02,-0.2,-0.43,125.85,-96.86,-214.66
2026-07-27 13:10:49.265,-0.02,-0.2,-0.43,125.85,-96.86,-214.66
2026-07-27 13:10:49.265,-0.28,0.1,-0.61,94.42,-57.01,-101.07
2026-07-27 13:10:49.334,-0.28,0.1,-0.61,94.42,-57.01,-101.07
2026-07-27 13:10:49.335,-0.27,0.04,-0.74,31.68,-52.92,-46.14
2026-07-27 13:10:49.391,-0.27,0.04,-0.74,31.68,-52.92,-46.14
2026-07-27 13:10:49.391,0.06,-0.35,-0.73,-24.6,-77.88,-33.69
2026-07-27 13:10:49.391,0.47,-0.77,-0.65,-48.71,-73.0,12.7
2026-07-27 13:10:49.504,0.47,-0.77,-0.65,-48.71,-73.0,12.7
2026-07-27 13:10:49.505,0.69,-0.99,-0.5,-49.38,3.54,108.22
2026-07-27 13:10:49.505,0.69,-0.99,-0.5,-49.38,3.54,108.22
2026-07-27 13:10:49.505,0.89,-1.04,-0.3,-48.16,113.22,175.78
2026-07-27 13:10:49.505,0.89,-1.04,-0.3,-48.16,113.22,175.78
2026-07-27 13:10:49.628,1.0,-1.02,-0.22,-41.99,168.27,178.59
2026-07-27 13:10:49.628,0.74,-0.92,-0.12,-24.11,127.62,137.57
2026-07-27 13:10:49.628,0.74,-0.92,-0.12,-24.11,127.62,137.57
2026-07-27 13:10:49.629,0.38,-0.91,-0.29,10.19,68.24,61.46
2026-07-27 13:10:49.629,0.38,-0.91,-0.29,10.19,68.24,61.46
2026-07-27 13:10:49.684,0.24,-0.95,-0.67,36.13,57.68,10.01
2026-07-27 13:10:49.685,0.24,-0.95,-0.67,36.13,57.68,10.01
2026-07-27 13:10:49.685,0.24,-0.91,-0.64,15.01,53.34,-3.97
2026-07-27 13:10:49.751,0.2,-0.88,-0.32,-27.16,37.17,-28.56
2026-07-27 13:10:49.752,0.2,-0.88,-0.32,-27.16,37.17,-28.56
2026-07-27 13:10:49.807,0.17,-0.8,-0.15,-39.98,28.63,-49.5
2026-07-27 13:10:49.808,0.17,-0.8,-0.15,-39.98,28.63,-49.5
2026-07-27 13:10:49.808,0.09,-0.69,-0.26,-19.71,13.61,-42.24
2026-07-27 13:10:49.879,0.09,-0.69,-0.26,-19.71,13.61,-42.24
2026-07-27 13:10:49.881,-0.1,-0.71,-0.38,3.3,-24.84,28.08
2026-07-27 13:10:49.882,-0.23,-0.96,-0.37,23.5,-73.97,138.79
2026-07-27 13:10:49.925,-0.23,-0.96,-0.37,23.5,-73.97,138.79
2026-07-27 13:10:49.925,0.04,-1.19,-0.3,40.34,-92.04,178.47
2026-07-27 13:10:49.926,0.04,-1.19,-0.3,40.34,-92.04,178.47
2026-07-27 13:10:49.983,0.43,-1.14,-0.24,34.42,-46.39,136.23
2026-07-27 13:10:49.984,0.43,-1.14,-0.24,10.01,30.33,79.65
2026-07-27 13:10:50.105,0.34,-0.98,-0.2,10.01,30.33,79.65
2026-07-27 13:10:50.106,0.1,-0.87,-0.22,-8.48,55.24,39.43
2026-07-27 13:10:50.106,0.1,-0.87,-0.22,-8.48,55.24,39.43
2026-07-27 13:10:50.106,0.02,-0.86,-0.24,-15.26,16.11,21.42
2026-07-27 13:10:50.107,0.02,-0.86,-0.24,-15.26,16.11,21.42
2026-07-27 13:10:50.176,0.02,-0.92,-0.24,-16.85,-23.86,15.01
2026-07-27 13:10:50.176,0.02,-0.92,-0.24,-16.85,-23.86,15.01
2026-07-27 13:10:50.177,0.09,-0.98,-0.25,-16.66,-34.79,16.97
2026-07-27 13:10:50.224,0.26,-1.0,-0.26,-16.54,-23.86,18.86
2026-07-27 13:10:50.224,0.26,-1.0,-0.26,-16.54,-23.86,18.86
2026-07-27 13:10:50.347,0.42,-1.14,-0.17,-17.27,2.75,14.1
2026-07-27 13:10:50.347,0.42,-1.14,-0.17,-17.27,2.75,14.1
2026-07-27 13:10:50.347,0.48,-1.36,-0.1,-10.93,27.65,-4.27
2026-07-27 13:10:50.404,0.48,-1.36,-0.1,-10.93,27.65,-4.27
2026-07-27 13:10:50.405,0.36,-1.3,-0.28,7.14,-7.39,-58.47
2026-07-27 13:10:50.405,0.36,-1.3,-0.28,7.14,-7.39,-58.47
2026-07-27 13:10:50.405,0.36,-1.3,-0.28,7.14,-7.39,-58.47
2026-07-27 13:10:50.405,0.36,-1.3,-0.28,7.14,-7.39,-58.47
2026-07-27 13:10:50.405,-0.29,-0.96,-0.57,-9.95,-172.0,-192.26
2026-07-27 13:10:50.535,-0.29,-0.96,-0.57,-9.95,-172.0,-192.26
2026-07-27 13:10:50.536,-0.2,-0.91,-0.37,-40.47,-41.81,-154.3
2026-07-27 13:10:50.536,-0.0,-0.9,-0.19,-36.01,142.88,-68.97
2026-07-27 13:10:50.537,-0.0,-0.9,-0.19,-36.01,142.88,-68.97
2026-07-27 13:10:50.537,0.02,-0.88,-0.11,1.1,205.2,14.34
2026-07-27 13:10:50.583,0.02,-0.88,-0.11,1.1,205.2,14.34
2026-07-27 13:10:50.584,-0.01,-0.77,-0.23,36.93,122.07,58.23
2026-07-27 13:10:50.584,-0.01,-0.77,-0.23,36.93,122.07,58.23
2026-07-27 13:10:50.643,-0.02,-0.63,-0.42,50.42,-14.77,37.23
2026-07-27 13:10:50.644,-0.02,-0.57,-0.41,45.96,-99.18,-13.98
2026-07-27 13:10:50.644,-0.02,-0.57,-0.41,45.96,-99.18,-13.98
2026-07-27 13:10:50.704,0.07,-0.64,-0.22,36.25,-104.92,-33.63
2026-07-27 13:10:50.704,0.07,-0.64,-0.22,36.25,-104.92,-33.63
2026-07-27 13:10:50.772,0.26,-0.82,-0.11,30.03,-69.09,-2.81
2026-07-27 13:10:50.773,0.26,-0.82,-0.11,30.03,-69.09,-2.81
2026-07-27 13:10:50.773,0.45,-0.97,-0.24,22.46,-45.47,35.64
2026-07-27 13:10:50.833,0.51,-0.97,-0.45,9.34,-53.65,36.68
2026-07-27 13:10:50.834,0.51,-0.97,-0.45,9.34,-53.65,36.68
2026-07-27 13:10:50.892,0.42,-0.97,-0.45,-1.53,-70.25,13.18
2026-07-27 13:10:50.892,0.42,-0.97,-0.45,-1.53,-70.25,13.18
2026-07-27 13:10:50.893,0.18,-1.25,-0.33,-3.42,-61.71,-0.37
2026-07-27 13:10:50.951,0.18,-1.25,-0.33,-3.42,-61.71,-0.37
2026-07-27 13:10:50.951,-0.01,-1.19,-0.35,1.59,-4.15,14.77
2026-07-27 13:10:50.952,-0.01,-1.19,-0.35,1.59,-4.15,14.77
2026-07-27 13:10:51.003,-0.1,-0.75,-0.34,-5.31,46.57,20.08
2026-07-27 13:10:51.004,-0.22,-0.7,-0.21,-27.89,10.13,-14.65
2026-07-27 13:10:51.004,-0.22,-0.7,-0.21,-27.89,10.13,-14.65
2026-07-27 13:10:51.065,-0.06,-0.91,-0.27,-35.34,-91.67,-45.9
2026-07-27 13:10:51.123,-0.06,-0.91,-0.27,-35.34,-91.67,-45.9
2026-07-27 13:10:51.123,0.22,-0.99,-0.46,-16.11,-150.15,-40.95
2026-07-27 13:10:51.124,0.22,-0.99,-0.46,-16.11,-150.15,-40.95
2026-07-27 13:10:51.124,0.12,-0.95,-0.43,4.52,-91.06,-7.32
2026-07-27 13:10:51.184,-0.02,-0.88,-0.32,13.0,12.63,33.87
2026-07-27 13:10:51.189,-0.02,-0.88,-0.32,13.0,12.63,33.87
2026-07-27 13:10:51.244,0.03,-0.85,-0.25,10.13,58.59,57.62
2026-07-27 13:10:51.244,0.03,-0.85,-0.25,10.13,58.59,57.62
2026-07-27 13:10:51.244,0.08,-0.85,-0.2,0.12,45.47,58.41
2026-07-27 13:10:51.311,0.11,-0.85,-0.23,-5.62,20.32,55.91
2026-07-27 13:10:51.312,0.11,-0.85,-0.23,-5.62,20.32,55.91
2026-07-27 13:10:51.365,0.14,-0.88,-0.27,-7.81,10.74,56.46
2026-07-27 13:10:51.365,0.14,-0.88,-0.27,-7.81,10.74,56.46
2026-07-27 13:10:51.366,0.19,-0.97,-0.24,-11.84,16.17,54.26
2026-07-27 13:10:51.427,0.19,-0.97,-0.24,-11.84,16.17,54.26
2026-07-27 13:10:51.483,0.29,-1.06,-0.18,-15.93,36.93,47.97
2026-07-27 13:10:51.483,0.29,-1.06,-0.18,-16.85,59.2,36.13
2026-07-27 13:10:51.483,0.47,-1.13,-0.14,-16.85,59.2,36.13
2026-07-27 13:10:51.484,0.58,-1.28,-0.09,-16.17,43.7,6.16
2026-07-27 13:10:51.484,0.58,-1.28,-0.09,-16.17,43.7,6.16
2026-07-27 13:10:51.543,0.44,-1.33,-0.17,-7.75,-22.4,-57.43
2026-07-27 13:10:51.544,0.44,-1.33,-0.17,-7.75,-22.4,-57.43
2026-07-27 13:10:51.604,0.13,-1.17,-0.41,4.64,-117.31,-144.23
2026-07-27 13:10:51.664,0.13,-1.17,-0.41,4.64,-117.31,-144.23
2026-07-27 13:10:51.665,-0.19,-1.04,-0.46,-2.44,-152.53,-193.97
2026-07-27 13:10:51.665,-0.22,-0.99,-0.23,-19.65,-31.25,-158.02
2026-07-27 13:10:51.665,-0.22,-0.99,-0.23,-19.65,-31.25,-158.02
2026-07-27 13:10:51.723,-0.07,-0.98,-0.01,-11.23,141.24,-58.84
2026-07-27 13:10:51.724,-0.07,-0.98,-0.01,-11.23,141.24,-58.84
2026-07-27 13:10:51.724,-0.04,-0.96,-0.03,16.78,179.2,44.86
2026-07-27 13:10:51.784,-0.04,-0.96,-0.03,16.78,179.2,44.86
2026-07-27 13:10:51.784,-0.09,-0.85,-0.29,41.93,64.58,77.15
2026-07-27 13:10:51.850,-0.15,-0.66,-0.52,56.88,-80.32,18.13
2026-07-27 13:10:51.850,-0.15,-0.66,-0.52,56.88,-80.32,18.13
2026-07-27 13:10:51.850,-0.13,-0.5,-0.54,55.6,-150.51,-54.08
2026-07-27 13:10:51.908,-0.13,-0.5,-0.54,55.6,-150.51,-54.08
2026-07-27 13:10:51.908,0.03,-0.52,-0.37,41.44,-135.68,-64.21
2026-07-27 13:10:51.908,0.03,-0.52,-0.37,41.44,-135.68,-64.21
2026-07-27 13:10:52.024,0.29,-0.76,-0.18,23.38,-78.43,-10.86
2026-07-27 13:10:52.024,0.57,-1.09,-0.2,4.7,-41.02,54.32
2026-07-27 13:10:52.024,0.57,-1.09,-0.2,4.7,-41.02,54.32
2026-07-27 13:10:52.024,0.6,-1.08,-0.34,-13.61,-52.61,72.69
2026-07-27 13:10:52.024,0.6,-1.08,-0.34,-13.61,-52.61,72.69
2026-07-27 13:10:52.085,0.22,-1.08,-0.29,-23.19,-87.04,24.48
2026-07-27 13:10:52.085,0.22,-1.08,-0.29,-23.19,-87.04,24.48
2026-07-27 13:10:52.086,-0.19,-1.29,-0.18,-14.47,-87.16,-31.8
2026-07-27 13:10:52.144,-0.19,-1.09,-0.26,-1.89,-54.87,-35.52
2026-07-27 13:10:52.145,-0.19,-1.09,-0.26,-1.89,-54.87,-35.52
2026-07-27 13:10:52.268,-0.11,-0.74,-0.33,-6.9,-53.96,-27.28
2026-07-27 13:10:52.269,-0.11,-0.74,-0.33,-6.9,-53.96,-27.28
2026-07-27 13:10:52.269,-0.15,-0.77,-0.32,-15.62,-102.6,-41.63
2026-07-27 13:10:52.269,-0.15,-0.77,-0.32,-15.62,-102.6,-41.63
2026-07-27 13:10:52.269,0.14,-0.92,-0.46,-7.39,-172.97,-52.12
2026-07-27 13:10:52.270,0.14,-0.92,-0.46,-7.39,-172.97,-52.12
2026-07-27 13:10:52.384,0.28,-0.96,-0.43,2.81,-183.17,-51.51
2026-07-27 13:10:52.384,0.02,-0.92,-0.23,7.2,-89.29,-25.33
2026-07-27 13:10:52.384,0.02,-0.92,-0.23,7.2,-89.29,-25.33
2026-07-27 13:10:52.385,-0.05,-0.85,-0.22,13.43,-8.0,17.52
2026-07-27 13:10:52.387,-0.05,-0.85,-0.22,13.43,-8.0,17.52
2026-07-27 13:10:52.444,0.03,-0.85,-0.25,13.0,-16.6,34.79
2026-07-27 13:10:52.444,0.03,-0.85,-0.25,13.0,-16.6,34.79
2026-07-27 13:10:52.444,0.03,-0.84,-0.29,10.8,-42.05,36.62
2026-07-27 13:10:52.507,0.08,-0.85,-0.34,10.93,-41.08,44.49
2026-07-27 13:10:52.507,0.08,-0.85,-0.34,10.93,-41.08,44.49
2026-07-27 13:10:52.563,0.2,-0.94,-0.29,1.59,-23.38,47.91
2026-07-27 13:10:52.564,0.2,-0.94,-0.29,1.59,-23.38,47.91
2026-07-27 13:10:52.564,0.37,-1.04,-0.15,-11.11,5.62,44.07
2026-07-27 13:10:52.632,0.37,-1.04,-0.15,-11.11,5.62,44.07
2026-07-27 13:10:52.632,0.49,-1.17,-0.04,-16.11,22.58,30.46
2026-07-27 13:10:52.633,0.49,-1.17,-0.04,-13.31,-3.72,-5.07
2026-07-27 13:10:52.753,0.56,-1.34,-0.05,-13.31,-3.72,-5.07
2026-07-27 13:10:52.753,0.44,-1.26,-0.24,-2.5,-74.52,-70.68
2026-07-27 13:10:52.754,0.44,-1.26,-0.24,-2.5,-74.52,-70.68
2026-07-27 13:10:52.754,0.08,-1.07,-0.5,7.32,-119.14,-137.02
2026-07-27 13:10:52.755,0.08,-1.07,-0.5,7.32,-119.14,-137.02
2026-07-27 13:10:52.874,-0.21,-1.08,-0.44,7.87,-56.52,-150.45
2026-07-27 13:10:52.874,-0.21,-1.08,-0.44,7.87,-56.52,-150.45
2026-07-27 13:10:52.875,-0.23,-1.14,-0.22,8.54,69.09,-105.22
2026-07-27 13:10:52.875,-0.07,-1.09,-0.23,13.55,136.78,-34.36
2026-07-27 13:10:52.875,-0.07,-1.09,-0.23,13.55,136.78,-34.36
2026-07-27 13:10:52.933,-0.03,-0.92,-0.37,22.22,119.87,17.94
2026-07-27 13:10:52.934,-0.03,-0.92,-0.37,22.22,119.87,17.94
2026-07-27 13:10:52.934,-0.13,-0.71,-0.42,35.03,47.97,15.87
2026-07-27 13:10:52.992,-0.13,-0.71,-0.42,35.03,47.97,15.87
2026-07-27 13:10:52.993,-0.17,-0.54,-0.38,41.14,-47.91,-21.0
2026-07-27 13:10:53.054,-0.14,-0.41,-0.37,33.69,-115.78,-51.09
2026-07-27 13:10:53.054,-0.14,-0.41,-0.37,33.69,-115.78,-51.09
2026-07-27 13:10:53.054,-0.04,-0.45,-0.29,20.2,-122.62,-50.66
2026-07-27 13:10:53.110,-0.04,-0.45,-0.29,20.2,-122.62,-50.66
2026-07-27 13:10:53.111,0.23,-0.77,-0.19,12.08,-80.38,-10.5
2026-07-27 13:10:53.111,0.23,-0.77,-0.19,12.08,-80.38,-10.5
2026-07-27 13:10:53.164,0.58,-1.2,-0.26,9.64,-51.88,38.02
2026-07-27 13:10:53.164,0.62,-1.2,-0.43,3.17,-70.43,42.48
2026-07-27 13:10:53.230,0.62,-1.2,-0.43,3.17,-70.43,42.48
2026-07-27 13:10:53.284,0.3,-1.02,-0.37,-4.03,-90.45,3.42
2026-07-27 13:10:53.284,0.3,-1.02,-0.37,-4.03,-90.45,3.42
2026-07-27 13:10:53.285,0.1,-1.19,-0.34,6.1,-34.3,6.23
2026-07-27 13:10:53.286,0.1,-1.19,-0.34,6.1,-34.3,6.23
2026-07-27 13:10:53.403,0.12,-1.07,-0.44,25.82,82.58,84.41
2026-07-27 13:10:53.404,-0.06,-0.68,-0.38,23.01,140.81,106.14
2026-07-27 13:10:53.405,-0.06,-0.68,-0.38,23.01,140.81,106.14
2026-07-27 13:10:53.406,-0.27,-0.69,-0.21,-13.67,60.91,21.42
2026-07-27 13:10:53.406,-0.27,-0.69,-0.21,-13.67,60.91,21.42
2026-07-27 13:10:53.412,-0.04,-1.02,-0.13,-50.05,-92.35,-58.65
2026-07-27 13:10:53.463,-0.04,-1.02,-0.13,-50.05,-92.35,-58.65
2026-07-27 13:10:53.464,0.12,-1.14,-0.18,-44.92,-152.53,-70.62
2026-07-27 13:10:53.534,-0.04,-0.99,-0.27,-14.83,-105.53,-35.77
2026-07-27 13:10:53.535,-0.04,-0.99,-0.27,-14.83,-105.53,-35.77
2026-07-27 13:10:53.535,-0.09,-0.84,-0.34,6.53,-50.72,6.77
2026-07-27 13:10:53.592,-0.09,-0.84,-0.34,6.53,-50.72,6.77
2026-07-27 13:10:53.592,0.01,-0.8,-0.34,11.11,-19.59,29.85
2026-07-27 13:10:53.592,0.01,-0.8,-0.34,11.11,-19.59,29.85
2026-07-27 13:10:53.657,0.09,-0.82,-0.26,2.99,-14.53,29.24
2026-07-27 13:10:53.657,0.11,-0.85,-0.22,-2.01,-11.96,31.13
2026-07-27 13:10:53.704,0.11,-0.85,-0.22,-2.01,-11.96,31.13
2026-07-27 13:10:53.705,0.09,-0.89,-0.25,0.06,2.56,44.01
2026-07-27 13:10:53.705,0.09,-0.89,-0.25,0.06,2.56,44.01
2026-07-27 13:10:53.767,0.11,-0.93,-0.28,-2.2,11.78,51.33
2026-07-27 13:10:53.767,0.11,-0.93,-0.28,-2.2,11.78,51.33
2026-07-27 13:10:53.768,0.17,-1.0,-0.25,-11.35,14.4,45.78
2026-07-27 13:10:53.851,0.17,-1.0,-0.25,-11.35,14.4,45.78
2026-07-27 13:10:53.852,0.3,-1.08,-0.17,-20.63,21.0,32.17
2026-07-27 13:10:53.949,0.47,-1.23,-0.06,-23.13,21.18,9.95
2026-07-27 13:10:53.950,0.47,-1.23,-0.06,-23.13,21.18,9.95
2026-07-27 13:10:53.950,0.48,-1.36,-0.02,-15.38,-4.03,-35.16
2026-07-27 13:10:53.952,0.48,-1.36,-0.02,-15.38,-4.03,-35.16
2026-07-27 13:10:53.952,0.29,-1.19,-0.26,-3.23,-72.45,-109.44
2026-07-27 13:10:53.952,0.29,-1.19,-0.26,-3.23,-72.45,-109.44
2026-07-27 13:10:54.004,-0.02,-1.01,-0.43,-2.01,-139.16,-172.36
2026-07-27 13:10:54.004,-0.21,-1.03,-0.29,-8.91,-85.27,-167.05
2026-07-27 13:10:54.183,-0.21,-1.03,-0.29,-8.91,-85.27,-167.05
2026-07-27 13:10:54.184,-0.1,-1.08,-0.16,-2.75,71.59,-98.88
2026-07-27 13:10:54.184,-0.1,-1.08,-0.16,-2.75,71.59,-98.88
2026-07-27 13:10:54.184,0.04,-1.06,-0.22,15.93,169.86,-12.88
2026-07-27 13:10:54.184,0.04,-1.06,-0.22,15.93,169.86,-12.88
2026-07-27 13:10:54.185,-0.02,-0.96,-0.31,35.1,137.57,40.16
2026-07-27 13:10:54.186,-0.15,-0.81,-0.3,49.99,27.04,36.07
2026-07-27 13:10:54.186,-0.15,-0.81,-0.3,49.99,27.04,36.07
2026-07-27 13:10:54.255,-0.19,-0.63,-0.31,55.18,-85.51,3.11
2026-07-27 13:10:54.256,-0.19,-0.63,-0.31,55.18,-85.51,3.11
2026-07-27 13:10:54.256,-0.12,-0.51,-0.33,50.48,-143.37,-29.36
2026-07-27 13:10:54.311,-0.12,-0.51,-0.33,50.48,-143.37,-29.36
2026-07-27 13:10:54.311,0.02,-0.52,-0.31,42.48,-127.08,-30.76
2026-07-27 13:10:54.364,0.02,-0.52,-0.31,34.3,-78.19,8.85
2026-07-27 13:10:54.364,0.33,-0.74,-0.34,34.3,-78.19,8.85
2026-07-27 13:10:54.365,0.58,-1.05,-0.36,18.92,-56.34,40.59
2026-07-27 13:10:54.425,0.58,-1.05,-0.36,18.92,-56.34,40.59
2026-07-27 13:10:54.426,0.51,-1.05,-0.24,-2.32,-86.12,21.73
2026-07-27 13:10:54.427,0.51,-1.05,-0.24,-2.32,-86.12,21.73
2026-07-27 13:10:54.484,0.26,-1.1,0.07,-16.6,-134.28,-31.86
2026-07-27 13:10:54.484,0.26,-1.1,0.07,-16.6,-134.28,-31.86
2026-07-27 13:10:54.555,0.09,-1.42,-0.05,-9.28,-101.44,-27.65
2026-07-27 13:10:54.555,0.14,-1.2,-0.59,21.61,41.63,70.56
2026-07-27 13:10:54.556,0.14,-1.2,-0.59,21.61,41.63,70.56
2026-07-27 13:10:54.605,0.03,-0.62,-0.73,30.33,141.3,112.79
2026-07-27 13:10:54.605,0.03,-0.62,-0.73,30.33,141.3,112.79
2026-07-27 13:10:54.670,-0.3,-0.57,-0.43,-10.38,66.83,21.73
2026-07-27 13:10:54.674,-0.3,-0.57,-0.43,-10.38,66.83,21.73
2026-07-27 13:10:54.674,-0.14,-0.97,-0.16,-52.55,-99.73,-81.3
2026-07-27 13:10:54.724,0.1,-1.13,-0.12,-45.29,-155.58,-84.11
2026-07-27 13:10:54.724,0.1,-1.13,-0.12,-45.29,-155.58,-84.11
2026-07-27 13:10:54.725,-0.01,-0.95,-0.25,-7.51,-83.01,-13.06
2026-07-27 13:10:54.786,-0.01,-0.95,-0.25,-7.51,-83.01,-13.06
2026-07-27 13:10:54.786,0.0,-0.84,-0.4,12.88,-24.05,37.35
2026-07-27 13:10:54.847,0.0,-0.84,-0.4,12.88,-24.05,37.35
2026-07-27 13:10:54.847,0.08,-0.85,-0.37,5.13,-12.45,35.95
2026-07-27 13:10:54.903,0.12,-0.88,-0.25,-8.36,-12.08,23.44
2026-07-27 13:10:54.903,0.12,-0.88,-0.25,-8.36,-12.08,23.44
2026-07-27 13:10:54.903,0.11,-0.89,-0.19,-9.03,-0.06,29.54
2026-07-27 13:10:54.907,0.11,-0.89,-0.19,-9.03,-0.06,29.54
2026-07-27 13:10:54.964,0.12,-0.9,-0.19,-4.46,12.08,41.5
2026-07-27 13:10:54.965,0.12,-0.9,-0.19,-4.46,12.08,41.5
2026-07-27 13:10:55.023,0.2,-0.94,-0.2,-3.54,14.34,48.22
2026-07-27 13:10:55.024,0.2,-0.94,-0.2,-6.59,24.11,46.69
2026-07-27 13:10:55.024,0.32,-1.03,-0.19,-6.59,24.11,46.69
2026-07-27 13:10:55.091,0.39,-1.27,-0.14,-9.34,35.58,33.2
2026-07-27 13:10:55.091,0.39,-1.27,-0.14,-9.34,35.58,33.2
2026-07-27 13:10:55.091,0.44,-1.41,-0.2,-3.05,21.67,-3.66
2026-07-27 13:10:55.144,0.44,-1.41,-0.2,-3.05,21.67,-3.66
2026-07-27 13:10:55.144,0.34,-1.15,-0.46,9.83,-33.51,-75.13
2026-07-27 13:10:55.205,0.34,-1.15,-0.46,9.83,-33.51,-75.13
2026-07-27 13:10:55.205,-0.0,-0.9,-0.61,4.58,-94.42,-159.12
2026-07-27 13:10:55.207,-0.29,-0.92,-0.52,-21.91,-66.04,-191.28
2026-07-27 13:10:55.275,-0.29,-0.92,-0.52,-21.91,-66.04,-191.28
2026-07-27 13:10:55.275,-0.26,-0.97,-0.39,-33.39,67.57,-130.86
2026-07-27 13:10:55.383,-0.26,-0.97,-0.39,-33.39,67.57,-130.86
2026-07-27 13:10:55.383,-0.09,-0.9,-0.24,-8.91,175.78,-11.84
2026-07-27 13:10:55.384,0.01,-0.77,-0.24,24.23,154.85,78.55
2026-07-27 13:10:55.385,0.01,-0.77,-0.24,24.23,154.85,78.55
2026-07-27 13:10:55.392,0.01,-0.6,-0.4,38.15,56.95,81.85
2026-07-27 13:10:55.451,0.01,-0.6,-0.4,38.15,56.95,81.85
2026-07-27 13:10:55.451,-0.07,-0.45,-0.51,30.94,-10.25,32.84
2026-07-27 13:10:55.451,-0.07,-0.45,-0.51,30.94,-10.25,32.84
2026-07-27 13:10:55.509,-0.11,-0.51,-0.46,8.12,-14.4,6.04
2026-07-27 13:10:55.509,0.15,-0.84,-0.3,-11.23,12.57,31.68
2026-07-27 13:10:55.510,0.15,-0.84,-0.3,-11.23,12.57,31.68
2026-07-27 13:10:55.564,0.59,-1.24,-0.2,-6.04,51.94,82.46
2026-07-27 13:10:55.564,0.59,-1.24,-0.2,-6.04,51.94,82.46
2026-07-27 13:10:55.628,0.62,-1.26,-0.11,10.62,77.82,96.25
2026-07-27 13:10:55.629,0.62,-1.26,-0.11,10.62,77.82,96.25
2026-07-27 13:10:55.629,0.17,-1.02,0.04,6.59,49.38,33.51
2026-07-27 13:10:55.683,0.17,-1.02,0.04,6.59,49.38,33.51
2026-07-27 13:10:55.684,-0.23,-1.1,-0.14,-6.04,-10.19,-36.56
2026-07-27 13:10:55.684,-0.1,-1.12,-0.65,4.94,-28.26,-16.48
2026-07-27 13:10:55.745,-0.1,-1.12,-0.65,4.94,-28.26,-16.48
2026-07-27 13:10:55.745,0.08,-0.77,-0.86,19.9,17.27,42.05
2026-07-27 13:10:55.746,0.08,-0.77,-0.86,19.9,17.27,42.05
2026-07-27 13:10:55.865,-0.03,-0.71,-0.6,5.25,68.66,50.29
2026-07-27 13:10:55.865,-0.03,-0.71,-0.6,5.25,68.66,50.29
2026-07-27 13:10:55.865,-0.08,-0.98,-0.26,-22.46,112.67,38.33
2026-07-27 13:10:55.866,-0.14,-1.1,-0.15,-23.07,194.95,57.13
2026-07-27 13:10:55.866,-0.14,-1.1,-0.15,-23.07,194.95,57.13
2026-07-27 13:10:55.932,-0.15,-1.05,-0.16,-4.88,256.41,77.27
2026-07-27 13:10:55.933,-0.15,-1.05,-0.16,-4.88,256.41,77.27
2026-07-27 13:10:55.988,-0.04,-1.0,-0.16,-0.37,219.79,56.7
2026-07-27 13:10:55.989,-0.04,-1.0,-0.16,-0.37,219.79,56.7
2026-07-27 13:10:55.989,0.01,-0.96,-0.12,-8.36,126.4,8.42
2026-07-27 13:10:56.057,0.01,-0.96,-0.12,-8.36,126.4,8.42
2026-07-27 13:10:56.058,0.01,-0.96,-0.12,-8.36,126.4,8.42
2026-07-27 13:10:56.058,0.01,-0.96,-0.12,-8.36,126.4,8.42
2026-07-27 13:10:56.112,0.03,-0.95,0.03,-14.28,48.28,-8.85
2026-07-27 13:10:56.112,0.03,-0.95,0.03,-12.82,57.19,8.3
2026-07-27 13:10:56.112,0.07,-0.93,0.01,-12.82,57.19,8.3
2026-07-27 13:10:56.172,0.16,-0.9,-0.08,-10.25,38.76,13.12
2026-07-27 13:10:56.172,0.16,-0.9,-0.08,-10.25,38.76,13.12
2026-07-27 13:10:56.224,0.23,-0.88,-0.16,-7.08,7.57,3.54
2026-07-27 13:10:56.224,0.23,-0.88,-0.16,-7.08,7.57,3.54
2026-07-27 13:10:56.224,0.22,-0.92,-0.18,-4.7,-2.32,-6.1
2026-07-27 13:10:56.284,0.22,-0.92,-0.18,-4.7,-2.32,-6.1
2026-07-27 13:10:56.284,0.16,-0.95,-0.2,-5.92,7.26,-7.45
2026-07-27 13:10:56.285,0.16,-0.95,-0.2,-13.18,10.31,-12.21
2026-07-27 13:10:56.347,0.09,-0.92,-0.22,-13.18,10.31,-12.21
2026-07-27 13:10:56.347,0.08,-0.88,-0.24,-19.17,-9.28,-21.36
2026-07-27 13:10:56.347,0.08,-0.88,-0.24,-19.17,-9.28,-21.36
2026-07-27 13:10:56.407,0.17,-0.86,-0.25,-18.43,-30.7,-27.77
2026-07-27 13:10:56.407,0.17,-0.86,-0.25,-18.43,-30.7,-27.77
2026-07-27 13:10:56.464,0.23,-0.84,-0.19,-16.42,-9.03,-30.58
2026-07-27 13:10:56.465,0.23,-0.84,-0.19,-16.42,-9.03,-30.58
2026-07-27 13:10:56.530,0.29,-0.81,-0.13,-17.27,44.01,-28.38
2026-07-27 13:10:56.533,0.42,-0.79,-0.08,-21.67,66.65,-27.65
2026-07-27 13:10:56.533,0.42,-0.79,-0.08,-21.67,66.65,-27.65
2026-07-27 13:10:56.584,0.5,-0.87,-0.01,-31.98,19.47,-50.48
2026-07-27 13:10:56.585,0.5,-0.87,-0.01,-31.98,19.47,-50.48
2026-07-27 13:10:56.585,0.32,-1.19,-0.13,-41.32,-114.2,-98.39
2026-07-27 13:10:56.663,0.32,-1.19,-0.13,-41.32,-114.2,-98.39
2026-07-27 13:10:56.664,-0.0,-1.36,-0.49,-21.36,-245.85,-133.6
2026-07-27 13:10:56.704,-0.19,-1.23,-0.73,11.78,-137.15,-110.23
2026-07-27 13:10:56.705,-0.19,-1.23,-0.73,11.78,-137.15,-110.23
2026-07-27 13:10:56.705,-0.02,-1.07,-0.84,42.6,171.2,-6.41
2026-07-27 13:10:56.764,-0.02,-1.07,-0.84,42.6,171.2,-6.41
2026-07-27 13:10:56.765,0.27,-0.93,-0.8,72.45,337.4,94.42
2026-07-27 13:10:56.765,0.27,-0.93,-0.8,72.45,337.4,94.42
2026-07-27 13:10:56.827,0.31,-0.8,-0.43,70.43,276.18,89.42
2026-07-27 13:10:56.828,0.24,-0.65,-0.1,47.3,141.54,22.34
2026-07-27 13:10:56.828,0.24,-0.65,-0.1,47.3,141.54,22.34
2026-07-27 13:10:56.889,0.24,-0.53,-0.08,29.05,49.8,-10.8
2026-07-27 13:10:56.889,0.24,-0.53,-0.08,29.05,49.8,-10.8
2026-07-27 13:10:56.944,0.28,-0.5,-0.23,17.7,33.2,8.24
2026-07-27 13:10:56.946,0.28,-0.5,-0.23,17.7,33.2,8.24
2026-07-27 13:10:56.946,0.32,-0.48,-0.26,15.14,53.53,24.41
2026-07-27 13:10:57.004,0.41,-0.47,0.02,26.55,77.45,-4.52
2026-07-27 13:10:57.005,0.41,-0.47,0.02,26.55,77.45,-4.52
2026-07-27 13:10:57.072,0.48,-0.87,0.58,51.45,113.1,-53.22
2026-07-27 13:10:57.075,0.48,-0.87,0.58,51.45,113.1,-53.22
2026-07-27 13:10:57.076,0.38,-1.25,0.58,80.63,136.9,-87.71
2026-07-27 13:10:57.183,0.38,-1.25,0.58,80.63,136.9,-87.71
2026-07-27 13:10:57.184,0.37,-0.97,0.07,92.65,86.36,-145.02
2026-07-27 13:10:57.184,0.57,-0.72,-0.01,77.7,14.16,-208.8
2026-07-27 13:10:57.184,0.57,-0.72,-0.01,77.7,14.16,-208.8
2026-07-27 13:10:57.184,0.84,-0.8,0.14,57.43,1.1,-212.95
2026-07-27 13:10:57.251,0.84,-0.8,0.14,57.43,1.1,-212.95
2026-07-27 13:10:57.251,1.12,-0.56,0.54,34.85,32.04,-277.53
2026-07-27 13:10:57.369,1.23,-0.18,0.81,-4.27,44.56,-442.57
2026-07-27 13:10:57.369,1.23,-0.18,0.81,-4.27,44.56,-442.57
2026-07-27 13:10:57.370,1.08,-0.05,0.43,-20.39,-20.32,-455.26
2026-07-27 13:10:57.371,1.08,-0.05,0.43,-20.39,-20.32,-455.26
2026-07-27 13:10:57.371,0.81,0.13,0.16,21.55,-88.32,-290.47
2026-07-27 13:10:57.372,0.81,0.13,0.16,21.55,-88.32,-290.47
2026-07-27 13:10:57.425,0.57,0.36,0.32,46.26,-74.16,-211.43
2026-07-27 13:10:57.425,0.43,0.76,0.51,8.06,5.68,-294.25
2026-07-27 13:10:57.484,0.43,0.76,0.51,8.06,5.68,-294.25
2026-07-27 13:10:57.484,0.43,1.05,0.47,-9.58,70.25,-311.52
2026-07-27 13:10:57.485,0.43,1.05,0.47,-9.58,70.25,-311.52
2026-07-27 13:10:57.544,0.53,0.97,0.31,16.66,59.75,-156.49
2026-07-27 13:10:57.544,0.53,0.97,0.31,16.66,59.75,-156.49
2026-07-27 13:10:57.544,0.58,0.82,0.22,26.86,17.7,-10.62
2026-07-27 13:10:57.604,0.53,0.79,0.22,10.68,-6.16,29.48
2026-07-27 13:10:57.605,0.53,0.79,0.22,10.68,-6.16,29.48
2026-07-27 13:10:57.664,0.45,0.81,0.24,-5.37,-8.3,9.7
2026-07-27 13:10:57.664,0.45,0.81,0.24,-5.37,-8.3,9.7
2026-07-27 13:10:57.675,0.41,0.85,0.28,-9.46,-4.33,-14.04
2026-07-27 13:10:57.783,0.41,0.85,0.28,-9.46,-4.33,-14.04
2026-07-27 13:10:57.783,0.42,0.85,0.32,-5.86,-4.03,-21.91
2026-07-27 13:10:57.784,0.42,0.85,0.32,-5.86,-4.03,-21.91
2026-07-27 13:10:57.784,0.45,0.82,0.31,-1.77,-5.68,-18.13
2026-07-27 13:10:57.785,0.45,0.76,0.27,-2.44,-6.16,-6.71
2026-07-27 13:10:57.850,0.45,0.76,0.27,-2.44,-6.16,-6.71
2026-07-27 13:10:57.850,0.43,0.71,0.24,-3.97,-7.63,8.67
2026-07-27 13:10:57.851,0.43,0.71,0.24,-3.97,-7.63,8.67
2026-07-27 13:10:57.904,0.5,0.77,0.27,2.87,-13.24,18.86
2026-07-27 13:10:57.904,0.5,0.77,0.27,2.87,-13.24,18.86
2026-07-27 13:10:57.904,0.67,0.94,0.36,15.69,-18.8,13.12
2026-07-27 13:10:57.983,0.67,0.94,0.36,15.69,-18.8,13.12
2026-07-27 13:10:57.983,0.69,0.99,0.39,20.2,-15.26,-6.29
2026-07-27 13:10:58.024,0.52,0.86,0.31,11.47,-2.38,-23.19
2026-07-27 13:10:58.024,0.52,0.86,0.31,11.47,-2.38,-23.19
2026-07-27 13:10:58.025,0.34,0.72,0.2,0.49,8.18,-24.29
2026-07-27 13:10:58.087,0.34,0.72,0.2,0.49,8.18,-24.29
2026-07-27 13:10:58.089,0.31,0.66,0.15,-2.01,4.46,-8.61
2026-07-27 13:10:58.089,0.31,0.66,0.15,-2.01,4.46,-8.61
2026-07-27 13:10:58.144,0.46,0.74,0.17,6.59,-12.33,10.68
2026-07-27 13:10:58.144,0.46,0.74,0.17,16.91,-27.1,16.78
2026-07-27 13:10:58.211,0.65,0.93,0.23,16.91,-27.1,16.78
2026-07-27 13:10:58.211,0.7,1.02,0.27,13.43,-27.77,7.26
2026-07-27 13:10:58.211,0.7,1.02,0.27,13.43,-27.77,7.26
2026-07-27 13:10:58.266,0.59,0.92,0.24,-1.77,-16.78,-5.55
2026-07-27 13:10:58.266,0.59,0.92,0.24,-1.77,-16.78,-5.55
2026-07-27 13:10:58.267,0.49,0.78,0.21,-12.63,-7.57,-10.86
2026-07-27 13:10:58.331,0.49,0.78,0.21,-12.63,-7.57,-10.86
2026-07-27 13:10:58.332,0.49,0.78,0.22,-11.54,-7.87,-7.63
2026-07-27 13:10:58.384,0.54,0.87,0.27,-3.66,-11.23,-2.14
2026-07-27 13:10:58.384,0.54,0.87,0.27,-3.66,-11.23,-2.14
2026-07-27 13:10:58.385,0.55,0.91,0.33,5.13,-8.54,-2.56
2026-07-27 13:10:58.448,0.55,0.91,0.33,5.13,-8.54,-2.56
2026-07-27 13:10:58.450,0.48,0.86,0.35,11.29,0.37,-10.99
2026-07-27 13:10:58.450,0.48,0.86,0.35,11.29,0.37,-10.99
2026-07-27 13:10:58.504,0.37,0.75,0.27,11.72,9.34,-14.53
2026-07-27 13:10:58.504,0.37,0.75,0.27,11.72,9.34,-14.53
2026-07-27 13:10:58.504,0.32,0.63,0.15,5.8,11.17,0.12
2026-07-27 13:10:58.564,0.4,0.61,0.11,2.2,3.72,28.69
2026-07-27 13:10:58.564,0.4,0.61,0.11,2.2,3.72,28.69
2026-07-27 13:10:58.624,0.56,0.69,0.15,5.25,-5.68,58.59
2026-07-27 13:10:58.625,0.56,0.69,0.15,5.25,-5.68,58.59
2026-07-27 13:10:58.625,0.7,0.79,0.18,6.59,-7.39,78.12
2026-07-27 13:10:58.685,0.7,0.79,0.18,6.59,-7.39,78.12
2026-07-27 13:10:58.685,0.78,0.89,0.19,4.82,-1.65,78.55
2026-07-27 13:10:58.685,0.78,0.89,0.19,4.82,-1.65,78.55
2026-07-27 13:10:58.751,0.83,0.95,0.21,3.78,3.78,59.63
2026-07-27 13:10:58.751,0.85,0.93,0.23,2.26,7.14,28.38
2026-07-27 13:10:58.804,0.85,0.93,0.23,2.26,7.14,28.38
2026-07-27 13:10:58.804,0.81,0.81,0.22,-0.31,10.93,-4.03
2026-07-27 13:10:58.805,0.81,0.81,0.22,-0.31,10.93,-4.03
2026-07-27 13:10:58.864,0.71,0.68,0.17,-2.01,13.67,-24.11
2026-07-27 13:10:58.864,0.71,0.68,0.17,-2.01,13.67,-24.11
2026-07-27 13:10:58.865,0.62,0.63,0.16,-2.81,11.96,-25.76
2026-07-27 13:10:58.927,0.62,0.63,0.16,-2.81,11.96,-25.76
2026-07-27 13:10:58.928,0.59,0.66,0.18,-2.14,5.74,-13.67
2026-07-27 13:10:58.985,0.61,0.72,0.19,-0.43,-1.4,1.1
2026-07-27 13:10:58.985,0.61,0.72,0.19,-0.43,-1.4,1.1
2026-07-27 13:10:58.985,0.64,0.77,0.21,0.31,-6.1,9.4
2026-07-27 13:10:59.047,0.64,0.77,0.21,0.31,-6.1,9.4
2026-07-27 13:10:59.048,0.68,0.81,0.22,-0.92,-7.14,9.16
2026-07-27 13:10:59.048,0.68,0.81,0.22,-0.92,-7.14,9.16
2026-07-27 13:10:59.111,0.7,0.81,0.23,-4.76,-4.7,3.97
2026-07-27 13:10:59.112,0.7,0.81,0.23,-4.76,-4.7,3.97
2026-07-27 13:10:59.112,0.7,0.78,0.24,-11.05,0.24,-1.71
2026-07-27 13:10:59.169,0.7,0.78,0.24,-11.05,0.24,-1.71
2026-07-27 13:10:59.169,0.67,0.74,0.26,-16.72,5.92,-6.1
2026-07-27 13:10:59.224,0.62,0.7,0.27,-17.03,9.89,-10.13
2026-07-27 13:10:59.224,0.62,0.7,0.27,-17.03,9.89,-10.13
2026-07-27 13:10:59.224,0.57,0.67,0.27,-10.62,10.13,-12.63
2026-07-27 13:10:59.284,0.57,0.67,0.27,-10.62,10.13,-12.63
2026-07-27 13:10:59.284,0.56,0.67,0.26,-0.43,6.35,-10.74
2026-07-27 13:10:59.284,0.56,0.67,0.26,-0.43,6.35,-10.74
2026-07-27 13:10:59.345,0.56,0.67,0.26,-0.43,6.35,-10.74
2026-07-27 13:10:59.345,0.56,0.67,0.26,-0.43,6.35,-10.74
2026-07-27 13:10:59.476,0.65,0.72,0.24,13.55,-3.11,4.82
2026-07-27 13:10:59.476,0.65,0.72,0.24,13.55,-3.11,4.82
2026-07-27 13:10:59.476,0.69,0.75,0.23,13.37,-4.15,10.62
2026-07-27 13:10:59.477,0.69,0.77,0.22,10.62,-2.81,11.54
2026-07-27 13:10:59.477,0.69,0.77,0.22,10.62,-2.81,11.54
2026-07-27 13:10:59.478,0.67,0.77,0.21,6.53,-0.79,9.58
2026-07-27 13:10:59.524,0.67,0.77,0.21,6.53,-0.79,9.58
2026-07-27 13:10:59.524,0.65,0.77,0.2,2.26,0.37,6.77
2026-07-27 13:10:59.524,0.65,0.77,0.2,2.26,0.37,6.77
2026-07-27 13:10:59.590,0.64,0.75,0.2,-2.44,0.98,4.82
2026-07-27 13:10:59.590,0.64,0.75,0.2,-4.94,-0.61,3.3
2026-07-27 13:10:59.703,0.66,0.74,0.21,-4.94,-0.61,3.3
2026-07-27 13:10:59.704,0.68,0.74,0.2,-3.23,-4.94,1.34
2026-07-27 13:10:59.704,0.68,0.74,0.2,-3.23,-4.94,1.34
2026-07-27 13:10:59.705,0.68,0.73,0.21,-2.56,-7.57,-0.55
2026-07-27 13:10:59.705,0.68,0.73,0.21,-2.56,-7.57,-0.55
2026-07-27 13:10:59.705,0.67,0.73,0.23,-5.74,-6.23,-2.01
2026-07-27 13:10:59.763,0.67,0.73,0.23,-5.74,-6.23,-2.01
2026-07-27 13:10:59.764,0.65,0.72,0.27,-7.93,-3.85,-2.99
2026-07-27 13:10:59.764,0.65,0.72,0.27,-7.93,-3.85,-2.99
2026-07-27 13:10:59.831,0.64,0.72,0.28,-5.98,-1.89,-2.99
2026-07-27 13:10:59.831,0.65,0.72,0.28,-3.6,0.67,-1.59
2026-07-27 13:10:59.886,0.65,0.72,0.28,-3.6,0.67,-1.59
2026-07-27 13:10:59.886,0.68,0.72,0.24,-2.81,3.85,1.22
2026-07-27 13:10:59.886,0.68,0.72,0.24,-2.81,3.85,1.22
2026-07-27 13:10:59.943,0.69,0.73,0.23,-2.2,7.14,5.0
2026-07-27 13:10:59.944,0.69,0.73,0.23,-2.2,7.14,5.0
2026-07-27 13:11:00.009,0.65,0.72,0.24,-4.03,8.42,7.32
2026-07-27 13:11:00.009,0.65,0.72,0.24,-4.03,8.42,7.32
2026-07-27 13:11:00.010,0.6,0.71,0.25,-9.7,10.38,4.52
2026-07-27 13:11:00.073,0.6,0.71,0.25,-16.17,14.53,1.53
2026-07-27 13:11:00.073,0.62,0.71,0.27,-16.17,14.53,1.53
2026-07-27 13:11:00.074,0.67,0.7,0.27,-19.78,18.13,1.71
2026-07-27 13:11:00.127,0.67,0.7,0.27,-19.78,18.13,1.71
2026-07-27 13:11:00.127,0.57,0.71,0.33,-13.43,29.42,-1.1
2026-07-27 13:11:00.127,0.57,0.71,0.33,-13.43,29.42,-1.1
2026-07-27 13:11:00.192,0.54,0.7,0.51,13.12,30.33,4.09
2026-07-27 13:11:00.192,0.54,0.7,0.51,13.12,30.33,4.09
2026-07-27 13:11:00.244,0.66,0.66,0.49,52.55,-76.35,15.44
2026-07-27 13:11:00.244,0.76,0.67,0.03,65.8,-243.23,1.65
2026-07-27 13:11:00.245,0.76,0.67,0.03,65.8,-243.23,1.65
2026-07-27 13:11:00.303,0.81,0.74,-0.33,37.48,-246.64,-30.64
2026-07-27 13:11:00.304,0.81,0.74,-0.33,37.48,-246.64,-30.64
2026-07-27 13:11:00.366,0.76,0.79,-0.29,1.59,-88.01,-37.84
2026-07-27 13:11:00.366,0.76,0.79,-0.29,1.59,-88.01,-37.84
2026-07-27 13:11:00.366,0.64,0.78,-0.12,-15.56,44.92,-12.33
2026-07-27 13:11:00.423,0.64,0.78,-0.12,-17.88,76.17,7.26
2026-07-27 13:11:00.423,0.54,0.75,0.02,-17.88,76.17,7.26
2026-07-27 13:11:00.424,0.56,0.76,0.07,-16.05,44.01,2.93
2026-07-27 13:11:00.483,0.56,0.76,0.07,-16.05,44.01,2.93
2026-07-27 13:11:00.484,0.63,0.77,0.04,-20.45,8.54,1.16
2026-07-27 13:11:00.484,0.63,0.77,0.04,-20.45,8.54,1.16
2026-07-27 13:11:00.554,0.67,0.76,0.0,-52.8,-3.85,15.32
2026-07-27 13:11:00.554,0.67,0.76,0.0,-52.8,-3.85,15.32
2026-07-27 13:11:00.609,0.74,0.75,0.06,-144.29,-8.3,29.42
2026-07-27 13:11:00.609,0.73,0.57,0.38,-295.29,-15.69,26.73
2026-07-27 13:11:00.610,0.73,0.57,0.38,-295.29,-15.69,26.73
2026-07-27 13:11:00.673,0.75,0.38,0.57,-403.02,-13.98,2.69
2026-07-27 13:11:00.673,0.75,0.38,0.57,-403.02,-13.98,2.69
2026-07-27 13:11:00.727,0.87,0.39,0.49,-344.48,12.82,-17.94
2026-07-27 13:11:00.727,0.87,0.39,0.49,-344.48,12.82,-17.94
2026-07-27 13:11:00.728,0.79,0.27,0.6,-330.87,41.63,-29.66
2026-07-27 13:11:00.785,0.61,0.01,0.8,-399.29,37.9,-35.34
2026-07-27 13:11:00.794,0.61,0.01,0.8,-399.29,37.9,-35.34
2026-07-27 13:11:00.843,0.64,-0.05,0.81,-280.46,4.52,-18.43
2026-07-27 13:11:00.844,0.64,-0.05,0.81,-280.46,4.52,-18.43
2026-07-27 13:11:00.844,0.85,0.04,0.77,-87.4,-38.27,-4.64
2026-07-27 13:11:00.970,0.85,0.04,0.77,-87.4,-38.27,-4.64
2026-07-27 13:11:00.971,0.79,0.07,0.7,-1.28,-71.84,-16.54
2026-07-27 13:11:00.972,0.57,-0.06,0.63,-6.71,-68.66,-57.5
2026-07-27 13:11:00.972,0.57,-0.06,0.63,-6.71,-68.66,-57.5
2026-07-27 13:11:00.972,0.6,-0.11,0.64,-35.03,-14.83,-108.46
2026-07-27 13:11:00.973,0.6,-0.11,0.64,-35.03,-14.83,-108.46
2026-07-27 13:11:01.024,0.71,0.03,0.69,-34.24,45.29,-108.34
2026-07-27 13:11:01.024,0.71,0.03,0.69,-34.24,45.29,-108.34
2026-07-27 13:11:01.094,0.76,0.26,0.75,-18.74,58.96,-46.02
2026-07-27 13:11:01.094,0.75,0.36,0.75,-10.8,57.07,-34.85
2026-07-27 13:11:01.095,0.75,0.36,0.75,-10.8,57.07,-34.85
2026-07-27 13:11:01.144,0.69,0.33,0.73,-2.99,58.53,-137.21
2026-07-27 13:11:01.145,0.69,0.33,0.73,-2.99,58.53,-137.21
2026-07-27 13:11:01.207,0.66,0.35,0.71,21.0,7.45,-238.22
2026-07-27 13:11:01.209,0.66,0.35,0.71,21.0,7.45,-238.22
2026-07-27 13:11:01.210,0.72,0.38,0.65,60.06,-83.25,-224.85
2026-07-27 13:11:01.264,0.72,0.38,0.65,23.25,-111.82,-94.97
2026-07-27 13:11:01.265,0.71,0.44,0.62,23.25,-111.82,-94.97
2026-07-27 13:11:01.329,0.64,0.48,0.66,-94.48,-73.36,57.37
2026-07-27 13:11:01.330,0.64,0.48,0.66,-94.48,-73.36,57.37
2026-07-27 13:11:01.330,0.61,0.45,0.75,-85.21,-54.14,162.11
2026-07-27 13:11:01.388,0.61,0.45,0.75,-85.21,-54.14,162.11
2026-07-27 13:11:01.388,0.65,0.39,0.84,109.37,-78.12,138.67
2026-07-27 13:11:01.400,0.87,0.42,0.88,323.67,-112.73,-27.89
2026-07-27 13:11:01.447,0.87,0.42,0.88,323.67,-112.73,-27.89
2026-07-27 13:11:01.449,1.0,0.49,0.83,338.68,-51.94,-126.65
2026-07-27 13:11:01.504,1.0,0.49,0.83,338.68,-51.94,-126.65
2026-07-27 13:11:01.505,0.87,0.41,0.91,162.6,156.62,-42.54
2026-07-27 13:11:01.505,0.78,0.23,1.18,43.46,341.55,69.82
2026-07-27 13:11:01.627,0.78,0.23,1.18,43.46,341.55,69.82
2026-07-27 13:11:01.628,0.84,0.06,1.29,-24.11,353.94,86.98
2026-07-27 13:11:01.628,0.84,0.06,1.29,-24.11,353.94,86.98
2026-07-27 13:11:01.629,0.77,-0.05,1.1,-143.07,281.68,49.01
2026-07-27 13:11:01.629,0.77,-0.05,1.1,-143.07,281.68,49.01
2026-07-27 13:11:01.685,0.64,-0.05,0.81,-231.02,207.46,19.17
2026-07-27 13:11:01.685,0.5,-0.08,0.62,-238.4,140.69,28.99
2026-07-27 13:11:01.687,0.5,-0.08,0.62,-238.4,140.69,28.99
2026-07-27 13:11:01.746,0.25,-0.18,0.51,-185.12,98.88,79.04
2026-07-27 13:11:01.746,0.25,-0.18,0.51,-185.12,98.88,79.04
2026-07-27 13:11:01.804,0.13,-0.15,0.52,-94.79,35.28,161.8
2026-07-27 13:11:01.804,0.13,-0.15,0.52,-94.79,35.28,161.8
2026-07-27 13:11:01.804,0.22,-0.01,0.76,-15.2,-53.22,247.74
2026-07-27 13:11:01.864,0.24,0.08,0.91,26.49,-55.05,267.27
2026-07-27 13:11:01.864,0.24,0.08,0.91,26.49,-55.05,267.27
2026-07-27 13:11:01.934,0.13,0.13,0.84,34.36,20.81,223.33
2026-07-27 13:11:01.934,0.13,0.13,0.84,34.36,20.81,223.33
2026-07-27 13:11:01.934,0.06,0.15,0.76,30.94,64.33,164.67
2026-07-27 13:11:01.985,0.06,0.15,0.76,30.94,64.33,164.67
2026-07-27 13:11:01.986,0.06,0.13,0.83,26.98,54.08,110.47
2026-07-27 13:11:02.049,0.11,0.09,0.95,12.27,20.02,75.99
2026-07-27 13:11:02.049,0.11,0.09,0.95,12.27,20.02,75.99
2026-07-27 13:11:02.050,0.13,0.04,1.03,-7.63,-4.33,54.93
2026-07-27 13:11:02.103,0.13,0.04,1.03,-7.63,-4.33,54.93
2026-07-27 13:11:02.103,0.1,0.01,1.02,-10.07,-13.31,37.48
2026-07-27 13:11:02.104,0.1,0.01,1.02,-10.07,-13.31,37.48
2026-07-27 13:11:02.164,0.06,0.04,0.96,9.46,-27.22,16.91
2026-07-27 13:11:02.164,0.09,0.05,0.95,29.17,-49.68,-3.72
2026-07-27 13:11:02.164,0.09,0.05,0.95,29.17,-49.68,-3.72
2026-07-27 13:11:02.223,0.17,0.04,1.01,29.36,-56.64,-6.96
2026-07-27 13:11:02.224,0.17,0.04,1.01,29.36,-56.64,-6.96
2026-07-27 13:11:02.304,0.22,0.02,1.04,8.79,-40.1,-1.71
2026-07-27 13:11:02.304,0.22,0.02,1.04,8.79,-40.1,-1.71
2026-07-27 13:11:02.305,0.18,0.01,1.03,-21.3,-29.05,-19.96
2026-07-27 13:11:02.344,0.18,0.01,1.03,-21.3,-29.05,-19.96
2026-07-27 13:11:02.345,0.16,-0.01,1.03,-33.69,-32.23,-63.6
2026-07-27 13:11:02.404,0.23,-0.03,1.04,-29.91,-32.29,-120.73
2026-07-27 13:11:02.405,0.23,-0.03,1.04,-29.91,-32.29,-120.73
2026-07-27 13:11:02.405,0.24,-0.05,1.03,-33.08,-18.92,-203.49
2026-07-27 13:11:02.464,0.24,-0.05,1.03,-33.08,-18.92,-203.49
2026-07-27 13:11:02.526,0.13,-0.04,0.99,-15.5,14.65,-306.03
2026-07-27 13:11:02.527,0.13,-0.04,0.99,-15.5,14.65,-306.03
2026-07-27 13:11:02.527,0.1,0.01,0.87,31.62,65.61,-407.96
2026-07-27 13:11:02.528,0.15,0.06,0.71,11.05,92.16,-488.83
2026-07-27 13:11:02.528,0.15,0.06,0.71,11.05,92.16,-488.83
2026-07-27 13:11:02.585,0.09,0.05,0.76,-58.53,58.53,-458.92
2026-07-27 13:11:02.585,0.09,0.05,0.76,-58.53,58.53,-458.92
2026-07-27 13:11:02.645,0.0,-0.0,0.94,-59.39,9.16,-294.37
2026-07-27 13:11:02.645,0.0,-0.0,0.94,-18.31,-10.8,-116.09
2026-07-27 13:11:02.646,-0.03,-0.04,1.03,-18.31,-10.8,-116.09
2026-07-27 13:11:02.704,-0.04,0.01,1.03,6.59,-8.85,-34.79
2026-07-27 13:11:02.704,-0.04,0.01,1.03,6.59,-8.85,-34.79
2026-07-27 13:11:02.763,0.03,0.01,1.01,10.74,-1.89,-142.52
2026-07-27 13:11:02.764,0.03,0.01,1.01,10.74,-1.89,-142.52
2026-07-27 13:11:02.764,0.18,0.03,0.99,7.32,1.53,-335.94
2026-07-27 13:11:02.823,0.18,0.03,0.99,7.32,1.53,-335.94
2026-07-27 13:11:02.824,0.24,0.06,0.99,0.85,1.4,-353.45
2026-07-27 13:11:02.884,0.11,-0.01,1.0,-3.23,1.1,-201.66
2026-07-27 13:11:02.885,0.11,-0.01,1.0,-3.23,1.1,-201.66
2026-07-27 13:11:02.885,-0.07,-0.05,1.0,-3.91,1.34,-62.32
2026-07-27 13:11:02.949,-0.07,-0.05,1.0,-3.91,1.34,-62.32
2026-07-27 13:11:02.949,-0.12,-0.04,0.99,-3.72,1.04,0.43
2026-07-27 13:11:02.950,-0.12,-0.04,0.99,-3.72,1.04,0.43
2026-07-27 13:11:03.012,-0.05,-0.01,1.0,-1.22,0.06,12.51
2026-07-27 13:11:03.012,-0.05,-0.01,1.0,-1.22,0.06,12.51
2026-07-27 13:11:03.012,0.03,0.01,1.0,0.37,-0.49,6.47
2026-07-27 13:11:03.065,0.05,0.02,1.0,0.61,-0.49,0.0
2026-07-27 13:11:03.066,0.05,0.02,1.0,0.61,-0.49,0.0
2026-07-27 13:11:03.132,0.05,0.01,1.0,0.24,-0.37,-2.01
2026-07-27 13:11:03.135,0.05,0.01,1.0,0.24,-0.37,-2.01
2026-07-27 13:11:03.135,0.03,0.01,1.0,0.0,-0.31,-1.4
2026-07-27 13:11:03.186,0.03,0.01,1.0,0.0,-0.31,-1.4
2026-07-27 13:11:03.186,0.03,0.01,1.0,-0.12,-0.31,-0.43
2026-07-27 13:11:03.187,0.03,0.01,1.0,-0.12,-0.31,-0.43
2026-07-27 13:11:03.243,0.03,0.01,1.0,-0.06,-0.31,-0.06
2026-07-27 13:11:03.244,0.03,0.01,1.0,-0.06,-0.31,-0.12
2026-07-27 13:11:03.244,0.03,0.01,1.0,-0.06,-0.31,-0.12
2026-07-27 13:11:03.307,0.03,0.01,1.0,0.0,-0.37,-0.24
2026-07-27 13:11:03.308,0.03,0.01,1.0,0.0,-0.37,-0.24
2026-07-27 13:11:03.364,0.03,0.01,0.99,0.0,-0.37,-0.31
2026-07-27 13:11:03.364,0.03,0.01,0.99,0.0,-0.37,-0.31
2026-07-27 13:11:03.364,0.03,0.01,1.0,0.0,-0.49,-0.31
2026-07-27 13:11:03.424,0.03,0.01,1.0,0.0,-0.49,-0.31
2026-07-27 13:11:03.425,0.03,0.01,1.0,-0.06,-0.55,-0.24
2026-07-27 13:11:03.543,0.04,0.01,1.0,0.0,-0.49,-0.18
2026-07-27 13:11:03.543,0.04,0.01,1.0,0.0,-0.49,-0.18
2026-07-27 13:11:03.543,0.03,0.01,0.99,0.0,-0.37,-0.18
2026-07-27 13:11:03.544,0.03,0.01,0.99,0.0,-0.37,-0.18
2026-07-27 13:11:03.544,0.0,0.03,0.99,-0.06,-0.37,-0.12
2026-07-27 13:11:03.545,0.0,0.03,0.99,-0.06,-0.37,-0.12
2026-07-27 13:11:03.605,0.01,0.04,1.0,-0.12,-0.43,-1.16
2026-07-27 13:11:03.605,0.01,0.04,1.0,-0.12,-0.43,-1.16
2026-07-27 13:11:03.605,0.09,-0.0,1.0,-0.06,-0.12,-18.86
2026-07-27 13:11:03.663,0.09,-0.0,1.0,-0.06,0.18,-55.48
2026-07-27 13:11:03.663,0.12,-0.05,0.99,-0.06,0.18,-55.48
2026-07-27 13:11:03.726,0.06,-0.03,1.0,-0.24,0.43,-92.22
2026-07-27 13:11:03.726,0.06,-0.03,1.0,-0.24,0.43,-92.22
2026-07-27 13:11:03.726,-0.02,0.02,1.0,-0.61,0.85,-108.28
2026-07-27 13:11:03.784,-0.02,0.02,1.0,-0.61,0.85,-108.28
2026-07-27 13:11:03.784,-0.02,0.02,1.0,-0.43,0.61,-89.78
2026-07-27 13:11:03.785,-0.02,0.02,1.0,-0.43,0.61,-89.78
2026-07-27 13:11:03.848,0.02,0.01,1.0,0.06,-0.18,-60.18
2026-07-27 13:11:03.849,0.04,0.02,1.0,0.12,-0.49,-47.18
2026-07-27 13:11:03.912,0.04,0.02,1.0,0.12,-0.49,-47.18
2026-07-27 13:11:03.912,0.04,0.03,1.0,-0.06,-0.31,-43.95
2026-07-27 13:11:03.912,0.04,0.03,1.0,-0.06,-0.31,-43.95
2026-07-27 13:11:03.967,0.03,0.04,1.0,-0.18,-0.06,-36.44
2026-07-27 13:11:03.968,0.03,0.04,1.0,-0.18,-0.06,-36.44
2026-07-27 13:11:03.968,0.03,0.04,1.0,-0.18,-0.06,-26.43
2026-07-27 13:11:04.088,0.03,0.04,1.0,-0.18,-0.06,-26.43
2026-07-27 13:11:04.089,0.03,0.03,1.0,-0.12,-0.06,-21.85
2026-07-27 13:11:04.089,0.03,0.03,1.0,0.0,-0.18,-23.44
2026-07-27 13:11:04.089,0.03,0.03,1.0,0.0,-0.18,-23.44
2026-07-27 13:11:04.089,0.02,0.04,1.0,0.0,-0.31,-22.95
2026-07-27 13:11:04.144,0.02,0.04,1.0,0.0,-0.31,-22.95
2026-07-27 13:11:04.144,0.01,0.02,1.0,0.18,-0.31,-10.38
2026-07-27 13:11:04.144,0.01,0.02,1.0,0.18,-0.31,-10.38
2026-07-27 13:11:04.208,0.03,-0.01,1.0,0.37,-0.43,5.92
2026-07-27 13:11:04.208,0.03,-0.01,1.0,0.37,-0.43,5.92
2026-07-27 13:11:04.270,0.05,-0.01,1.0,0.43,-0.43,9.34
2026-07-27 13:11:04.279,0.06,0.0,1.0,0.37,-0.43,3.11
2026-07-27 13:11:04.279,0.06,0.0,1.0,0.37,-0.43,3.11
2026-07-27 13:11:04.326,0.05,0.02,1.0,0.37,-0.43,-1.77
2026-07-27 13:11:04.327,0.05,0.02,1.0,0.37,-0.43,-1.77
2026-07-27 13:11:04.327,0.04,0.02,1.0,0.12,-0.37,-4.64
2026-07-27 13:11:04.383,0.04,0.02,1.0,0.12,-0.37,-4.64
2026-07-27 13:11:04.383,0.03,0.03,1.0,0.06,-0.31,-7.32
2026-07-27 13:11:04.384,0.03,0.03,1.0,0.06,-0.31,-7.32
2026-07-27 13:11:04.448,0.03,0.02,1.0,0.06,-0.37,-6.23
2026-07-27 13:11:04.449,0.03,0.02,1.0,0.06,-0.37,-6.23
2026-07-27 13:11:04.503,0.03,0.02,1.0,0.0,-0.31,-3.6
2026-07-27 13:11:04.504,0.04,0.02,1.0,-0.12,-0.24,-3.05
2026-07-27 13:11:04.504,0.04,0.02,1.0,-0.12,-0.24,-3.05
2026-07-27 13:11:04.564,0.04,0.02,1.0,-0.12,-0.24,-2.87
2026-07-27 13:11:04.565,0.04,0.02,1.0,-0.12,-0.24,-2.87
2026-07-27 13:11:04.623,0.04,0.02,1.0,-0.06,-0.31,-2.38
2026-07-27 13:11:04.623,0.04,0.02,1.0,-0.06,-0.31,-2.38
2026-07-27 13:11:04.623,0.03,0.02,1.0,-0.31,-0.18,-1.71
2026-07-27 13:11:04.624,0.03,0.02,1.0,-0.31,-0.18,-1.71
2026-07-27 13:11:04.750,0.03,0.02,1.0,-0.73,0.0,-1.53
2026-07-27 13:11:04.750,0.04,0.02,1.0,-0.67,0.0,-1.65
2026-07-27 13:11:04.750,0.04,0.02,1.0,-0.67,0.0,-1.65
2026-07-27 13:11:04.751,0.04,0.02,1.0,-0.24,-0.24,-1.16
2026-07-27 13:11:04.751,0.04,0.02,1.0,-0.24,-0.24,-1.16
2026-07-27 13:11:04.809,0.05,0.02,1.0,0.37,-0.55,-1.71
2026-07-27 13:11:04.809,0.05,0.02,1.0,0.37,-0.55,-1.71
2026-07-27 13:11:04.809,0.03,0.02,1.0,0.98,-0.85,-2.87
2026-07-27 13:11:04.869,0.03,0.02,1.0,0.98,-0.85,-2.87
2026-07-27 13:11:04.878,0.03,0.02,1.0,0.79,-0.79,-2.08
2026-07-27 13:11:04.878,0.03,0.02,1.0,0.79,-0.79,-2.08
2026-07-27 13:11:04.924,0.03,0.02,1.0,0.12,-0.43,-0.55
2026-07-27 13:11:04.924,0.04,0.02,1.0,-0.24,-0.24,0.12
2026-07-27 13:11:04.992,0.04,0.02,1.0,-0.24,-0.24,0.12
2026-07-27 13:11:04.992,0.04,0.02,1.0,-0.18,-0.24,0.0
2026-07-27 13:11:04.996,0.04,0.02,1.0,-0.18,-0.24,0.0
2026-07-27 13:11:05.047,0.04,0.02,1.0,-0.06,-0.31,-0.24
2026-07-27 13:11:05.048,0.04,0.02,1.0,-0.06,-0.31,-0.24
2026-07-27 13:11:05.108,0.04,0.02,1.0,0.0,-0.37,-0.31
2026-07-27 13:11:05.108,0.04,0.02,1.0,0.0,-0.37,-0.31
2026-07-27 13:11:05.109,0.03,0.02,1.0,0.0,-0.37,-0.31
2026-07-27 13:11:05.169,0.03,0.02,1.0,0.0,-0.37,-0.31
2026-07-27 13:11:05.225,0.03,0.02,1.0,0.0,-0.37,-0.31
2026-07-27 13:11:05.226,0.03,0.02,1.0,-0.06,-0.31,-0.24
2026-07-27 13:11:05.226,0.03,0.02,1.0,-0.06,-0.31,-0.24
2026-07-27 13:11:05.226,0.03,0.02,1.0,0.0,-0.37,-0.24
2026-07-27 13:11:05.226,0.03,0.02,1.0,0.0,-0.37,-0.24
2026-07-27 13:11:05.289,0.03,0.02,1.0,0.06,-0.37,-0.24
2026-07-27 13:11:05.292,0.03,0.02,1.0,0.06,-0.37,-0.24
2026-07-27 13:11:05.344,0.03,0.02,1.0,0.06,-0.37,-0.24
2026-07-27 13:11:05.345,0.04,0.02,1.0,0.0,-0.31,-0.24
2026-07-27 13:11:05.345,0.04,0.02,1.0,0.0,-0.31,-0.24
2026-07-27 13:11:05.463,0.04,0.02,1.0,-0.06,-0.31,-0.24
2026-07-27 13:11:05.463,0.04,0.02,1.0,-0.06,-0.31,-0.24
2026-07-27 13:11:05.464,0.03,0.02,1.0,-0.06,-0.31,-0.24
2026-07-27 13:11:05.464,0.03,0.02,1.0,-0.06,-0.31,-0.24
2026-07-27 13:11:05.465,0.03,0.02,1.0,-0.06,-0.31,-0.24
2026-07-27 13:11:05.538,0.03,0.02,1.0,-0.06,-0.31,-0.31
2026-07-27 13:11:05.538,0.03,0.02,1.0,-0.06,-0.31,-0.31
2026-07-27 13:11:05.538,0.03,0.02,1.0,0.0,-0.37,-0.79
2026-07-27 13:11:05.583,0.03,0.02,1.0,0.0,-0.37,-0.79
2026-07-27 13:11:05.584,0.04,0.02,1.0,0.12,-0.43,-1.59
2026-07-27 13:11:05.584,0.04,0.02,1.0,0.12,-0.43,-1.59
2026-07-27 13:11:05.650,0.04,0.02,1.0,0.12,-0.43,-1.59
2026-07-27 13:11:05.650,0.04,0.02,1.0,0.12,-0.43,-1.59
2026-07-27 13:11:05.704,0.04,0.02,1.0,0.0,-0.37,-0.73
2026-07-27 13:11:05.704,0.04,0.02,1.0,0.0,-0.37,-0.73
2026-07-27 13:11:05.705,0.03,0.02,1.0,-0.06,-0.31,-0.18
2026-07-27 13:11:05.770,0.03,0.02,1.0,-0.06,-0.31,-0.06
2026-07-27 13:11:05.770,0.03,0.02,1.0,-0.06,-0.31,-0.06
2026-07-27 13:11:05.771,0.03,0.02,1.0,0.0,-0.31,-0.18
2026-07-27 13:11:05.824,0.03,0.02,1.0,0.0,-0.31,-0.18
2026-07-27 13:11:05.825,0.03,0.02,1.0,0.06,-0.37,-0.31
2026-07-27 13:11:05.825,0.03,0.02,1.0,0.06,-0.37,-0.31
2026-07-27 13:11:05.894,0.03,0.02,1.0,0.06,-0.37,-0.31
2026-07-27 13:11:05.894,0.03,0.02,1.0,0.06,-0.37,-0.31
2026-07-27 13:11:05.960,0.04,0.02,1.0,0.12,-0.37,-0.31
2026-07-27 13:11:05.961,0.04,0.02,1.0,0.18,-0.49,-0.24
2026-07-27 13:11:05.961,0.04,0.02,1.0,0.18,-0.49,-0.24
2026-07-27 13:11:06.003,0.04,0.02,1.0,0.49,-0.67,-0.24
2026-07-27 13:11:06.003,0.04,0.02,1.0,0.49,-0.67,-0.24
2026-07-27 13:11:06.071,0.04,0.02,1.0,0.61,-0.79,-0.24
2026-07-27 13:11:06.072,0.04,0.02,1.0,0.61,-0.79,-0.24
2026-07-27 13:11:06.072,0.04,0.02,1.0,0.0,-0.37,-0.24
2026-07-27 13:11:06.126,0.04,0.02,1.0,0.0,-0.37,-0.24
2026-07-27 13:11:06.126,0.03,0.02,1.0,-0.61,0.06,-0.24
2026-07-27 13:11:06.126,0.03,0.02,1.0,-0.55,0.06,-0.24
2026-07-27 13:11:06.198,0.03,0.02,1.0,-0.55,0.06,-0.24
2026-07-27 13:11:06.199,0.03,0.02,1.0,-0.24,-0.24,-0.31
2026-07-27 13:11:06.199,0.03,0.02,1.0,-0.24,-0.24,-0.31
2026-07-27 13:11:06.245,0.03,0.02,1.0,0.0,-0.37,-0.31
2026-07-27 13:11:06.245,0.03,0.02,1.0,0.0,-0.37,-0.31
2026-07-27 13:11:06.303,0.04,0.02,1.0,0.0,-0.43,-0.24
2026-07-27 13:11:06.303,0.04,0.02,1.0,0.0,-0.43,-0.24
2026-07-27 13:11:06.304,0.04,0.02,1.0,0.0,-0.37,-0.24
2026-07-27 13:11:06.371,0.04,0.02,1.0,0.0,-0.37,-0.24
2026-07-27 13:11:06.372,0.03,0.02,1.0,0.0,-0.37,-0.24
2026-07-27 13:11:06.372,0.03,0.02,1.0,0.0,-0.37,-0.31
