Worker,Timestamp,AccX,AccY,AccZ,GyroX,GyroY,GyroZ
worker 1,2026-07-27 13:06:50.046,0.26,-0.14,0.95,1.65,-2.87,-1.71
worker 1,2026-07-27 13:06:50.107,0.0,-0.1,0.97,10.62,-42.91,93.38
worker 1,2026-07-27 13:06:50.108,-0.09,0.09,0.91,10.38,-13.43,75.81
worker 1,2026-07-27 13:06:50.164,-0.09,0.08,0.94,-7.69,0.79,32.84
worker 1,2026-07-27 13:06:50.165,-0.09,0.08,0.94,-7.69,0.79,32.84
worker 1,2026-07-27 13:06:50.225,-0.09,0.08,0.94,-7.69,0.79,32.84
worker 1,2026-07-27 13:06:50.225,0.05,-0.22,1.0,-41.2,-7.14,-14.95
worker 1,2026-07-27 13:06:50.294,0.04,-0.23,0.97,-28.14,-4.21,-8.06
worker 1,2026-07-27 13:06:50.294,0.01,-0.16,0.98,-8.3,-2.87,4.88
worker 1,2026-07-27 13:06:50.344,0.01,-0.16,0.98,-8.3,-2.87,4.88
worker 1,2026-07-27 13:06:50.345,0.0,-0.13,0.98,0.24,-3.97,9.7
worker 1,2026-07-27 13:06:50.405,0.02,-0.16,0.98,-1.22,-3.97,5.68
worker 1,2026-07-27 13:06:50.407,0.03,-0.19,0.98,-3.23,-2.69,0.79
worker 1,2026-07-27 13:06:50.463,0.03,-0.19,0.98,-3.23,-2.69,0.79
worker 1,2026-07-27 13:06:50.464,0.03,-0.19,0.98,-2.14,-1.28,0.43
worker 1,2026-07-27 13:06:50.524,0.02,-0.18,0.98,0.18,-0.43,2.32
worker 1,2026-07-27 13:06:50.525,0.02,-0.18,0.97,1.71,-0.43,2.93
worker 1,2026-07-27 13:06:50.584,0.02,-0.18,0.97,1.71,-0.43,2.93
worker 1,2026-07-27 13:06:50.643,0.02,-0.18,0.97,2.14,-0.73,2.26
worker 1,2026-07-27 13:06:50.644,0.02,-0.18,0.97,2.14,-0.73,2.26
worker 1,2026-07-27 13:06:50.644,0.02,-0.18,0.97,2.32,-0.98,1.59
worker 1,2026-07-27 13:06:50.645,0.02,-0.18,0.98,2.32,-1.46,1.16
worker 1,2026-07-27 13:06:50.704,0.02,-0.18,0.98,2.32,-1.46,1.16
worker 1,2026-07-27 13:06:50.705,0.02,-0.18,0.98,1.46,-1.59,1.1
worker 1,2026-07-27 13:06:50.763,0.02,-0.18,0.98,1.46,-1.59,1.1
worker 1,2026-07-27 13:06:50.764,0.02,-0.17,0.97,0.24,-1.34,1.71
worker 1,2026-07-27 13:06:50.764,0.02,-0.17,0.97,-0.73,-1.77,1.89
worker 1,2026-07-27 13:06:50.824,0.03,-0.17,0.98,-0.73,-1.77,1.89
worker 1,2026-07-27 13:06:50.825,0.03,-0.17,0.98,-1.77,-2.2,0.73
worker 1,2026-07-27 13:06:50.927,0.02,-0.17,0.98,-3.72,-2.26,-0.73
worker 1,2026-07-27 13:06:50.928,0.02,-0.17,0.98,-3.72,-2.26,-0.73
worker 1,2026-07-27 13:06:50.928,0.03,-0.18,0.98,-7.45,-2.44,-2.99
worker 1,2026-07-27 13:06:50.946,0.03,-0.18,0.98,-7.45,-2.44,-2.99
worker 1,2026-07-27 13:06:50.947,0.03,-0.19,0.97,-12.02,-2.5,-7.75
worker 1,2026-07-27 13:06:51.004,0.04,-0.2,0.98,-15.2,-2.81,-11.96
worker 1,2026-07-27 13:06:51.004,0.05,-0.22,0.97,-17.88,-4.15,-11.54
worker 1,2026-07-27 13:06:51.071,0.05,-0.22,0.97,-17.88,-4.15,-11.54
worker 1,2026-07-27 13:06:51.072,0.05,-0.23,0.97,-18.37,-4.88,-8.06
worker 1,2026-07-27 13:06:51.147,0.06,-0.25,0.98,-13.55,-3.05,-3.72
worker 1,2026-07-27 13:06:51.148,0.06,-0.26,0.98,-6.1,0.85,1.71
worker 1,2026-07-27 13:06:51.184,0.06,-0.26,0.98,-6.1,0.85,1.71
worker 1,2026-07-27 13:06:51.185,0.04,-0.23,0.99,3.42,6.29,6.9
worker 1,2026-07-27 13:06:51.248,0.04,-0.23,0.99,17.82,13.37,6.41
worker 1,2026-07-27 13:06:51.251,-0.0,-0.15,0.99,17.82,13.37,6.41
worker 1,2026-07-27 13:06:51.313,-0.03,-0.1,0.98,28.08,20.02,-1.83
worker 1,2026-07-27 13:06:51.314,-0.03,-0.1,0.98,28.08,20.02,-1.83
worker 1,2026-07-27 13:06:51.314,-0.03,-0.13,0.97,29.17,21.06,-10.62
worker 1,2026-07-27 13:06:51.315,-0.03,-0.13,0.97,29.17,21.06,-10.62
worker 1,2026-07-27 13:06:51.424,0.02,-0.23,0.95,16.3,8.79,-15.14
worker 1,2026-07-27 13:06:51.425,0.02,-0.23,0.95,16.3,8.79,-15.14
worker 1,2026-07-27 13:06:51.425,0.06,-0.3,0.97,-14.89,-12.82,-24.72
worker 1,2026-07-27 13:06:51.426,0.06,-0.31,0.97,-40.28,-14.1,-38.57
worker 1,2026-07-27 13:06:51.484,0.01,-0.25,0.93,-34.67,9.09,-43.82
worker 1,2026-07-27 13:06:51.484,-0.02,-0.21,0.9,-7.02,28.02,-39.31
worker 1,2026-07-27 13:06:51.546,-0.02,-0.21,0.9,-7.02,28.02,-39.31
worker 1,2026-07-27 13:06:51.547,-0.03,-0.24,0.9,10.07,31.31,-24.96
worker 1,2026-07-27 13:06:51.604,-0.07,-0.31,0.93,-0.73,24.48,1.77
worker 1,2026-07-27 13:06:51.604,-0.12,-0.4,0.95,-27.77,13.0,31.56
worker 1,2026-07-27 13:06:51.665,-0.12,-0.4,0.95,-27.77,13.0,31.56
worker 1,2026-07-27 13:06:51.666,-0.15,-0.42,0.95,-36.38,12.08,30.09
worker 1,2026-07-27 13:06:51.667,-0.15,-0.42,0.95,-36.38,12.08,30.09
worker 1,2026-07-27 13:06:51.726,-0.18,-0.43,0.95,-14.53,26.98,-5.86
worker 1,2026-07-27 13:06:51.784,-0.21,-0.45,0.95,17.52,47.0,-56.95
worker 1,2026-07-27 13:06:51.784,-0.2,-0.37,0.98,47.73,60.61,-115.23
worker 1,2026-07-27 13:06:51.785,-0.2,-0.37,0.98,47.73,60.61,-115.23
worker 1,2026-07-27 13:06:51.844,-0.17,-0.27,0.99,58.41,49.5,-139.04
worker 1,2026-07-27 13:06:51.845,-0.14,-0.16,0.99,44.56,23.32,-125.61
worker 1,2026-07-27 13:06:51.908,-0.14,-0.16,0.99,44.56,23.32,-125.61
worker 1,2026-07-27 13:06:51.909,-0.01,0.19,1.0,42.18,6.16,-116.21
worker 1,2026-07-27 13:06:51.970,0.21,0.91,0.97,71.53,0.55,-106.51
worker 1,2026-07-27 13:06:51.971,0.21,0.91,0.97,71.53,0.55,-106.51
worker 1,2026-07-27 13:06:51.971,0.24,1.2,0.87,77.51,4.82,-37.41
worker 1,2026-07-27 13:06:52.026,0.24,1.2,0.87,77.51,4.82,-37.41
worker 1,2026-07-27 13:06:52.026,-0.1,0.36,0.81,3.36,15.56,93.2
worker 1,2026-07-27 13:06:52.084,-0.46,-0.78,0.94,-97.96,36.25,166.87
worker 1,2026-07-27 13:06:52.085,-0.53,-1.14,1.04,-110.17,45.1,134.46
worker 1,2026-07-27 13:06:52.158,-0.53,-1.14,1.04,-110.17,45.1,134.46
worker 1,2026-07-27 13:06:52.159,-0.31,-0.73,0.92,-24.05,10.74,77.39
worker 1,2026-07-27 13:06:52.160,-0.31,-0.73,0.92,-24.05,10.74,77.39
worker 1,2026-07-27 13:06:52.204,-0.1,-0.21,0.81,42.42,-50.84,41.81
worker 1,2026-07-27 13:06:52.205,-0.1,-0.21,0.81,42.42,-50.84,41.81
worker 1,2026-07-27 13:06:52.265,-0.05,0.02,0.86,32.29,-72.14,20.02
worker 1,2026-07-27 13:06:52.266,-0.02,0.02,0.92,-3.3,-49.13,21.0
worker 1,2026-07-27 13:06:52.324,-0.03,-0.1,0.9,-20.32,-30.27,42.66
worker 1,2026-07-27 13:06:52.325,-0.03,-0.1,0.9,-20.32,-30.27,42.66
worker 1,2026-07-27 13:06:52.325,-0.13,-0.19,1.02,-13.37,-17.64,49.99
worker 1,2026-07-27 13:06:52.386,-0.13,-0.19,1.02,-13.37,-17.64,49.99
worker 1,2026-07-27 13:06:52.386,-0.15,-0.2,1.12,16.48,-12.88,28.69
worker 1,2026-07-27 13:06:52.445,-0.15,-0.2,1.12,16.6,-19.71,3.36
worker 1,2026-07-27 13:06:52.446,-0.03,-0.24,1.07,16.6,-19.71,3.36
worker 1,2026-07-27 13:06:52.446,0.06,-0.25,0.96,-16.78,-28.44,3.05
worker 1,2026-07-27 13:06:52.504,0.06,-0.25,0.96,-16.78,-28.44,3.05
worker 1,2026-07-27 13:06:52.506,0.03,-0.19,0.94,-25.21,-24.54,18.01
worker 1,2026-07-27 13:06:52.564,-0.04,-0.11,0.98,-3.3,-12.02,28.81
worker 1,2026-07-27 13:06:52.624,-0.04,-0.11,0.98,-3.3,-12.02,28.81
worker 1,2026-07-27 13:06:52.625,-0.08,-0.06,0.99,23.8,-0.49,31.86
worker 1,2026-07-27 13:06:52.625,-0.09,-0.07,0.97,34.12,5.0,23.56
worker 1,2026-07-27 13:06:52.626,-0.09,-0.07,0.97,34.12,5.0,23.56
worker 1,2026-07-27 13:06:52.688,-0.06,-0.09,0.97,27.28,2.93,10.07
worker 1,2026-07-27 13:06:52.689,-0.06,-0.09,0.97,27.28,2.93,10.07
worker 1,2026-07-27 13:06:52.689,-0.02,-0.1,1.0,13.06,-2.62,1.59
worker 1,2026-07-27 13:06:52.744,-0.02,-0.1,1.0,13.06,-2.62,1.59
worker 1,2026-07-27 13:06:52.745,-0.0,-0.11,1.0,2.81,-5.19,1.4
worker 1,2026-07-27 13:06:52.804,-0.0,-0.11,1.0,2.81,-5.19,1.4
worker 1,2026-07-27 13:06:52.804,-0.01,-0.1,0.98,1.34,-3.11,3.66
worker 1,2026-07-27 13:06:52.805,-0.02,-0.09,0.98,4.46,-1.95,4.82
worker 1,2026-07-27 13:06:52.864,-0.02,-0.09,0.98,4.46,-1.95,4.82
worker 1,2026-07-27 13:06:52.871,-0.02,-0.09,1.0,6.71,-2.69,4.46
worker 1,2026-07-27 13:06:52.924,-0.02,-0.08,1.0,7.39,-2.32,4.03
worker 1,2026-07-27 13:06:52.942,-0.02,-0.08,1.0,7.39,-2.32,4.03
worker 1,2026-07-27 13:06:52.987,-0.02,-0.08,0.99,6.53,-0.55,3.72
worker 1,2026-07-27 13:06:52.989,-0.02,-0.08,0.99,6.53,-0.55,3.72
worker 1,2026-07-27 13:06:52.989,-0.02,-0.07,0.98,5.74,0.18,3.66
worker 1,2026-07-27 13:06:53.044,-0.02,-0.07,0.98,5.74,0.18,3.66
worker 1,2026-07-27 13:06:53.045,-0.02,-0.06,0.99,5.43,-0.67,3.78
worker 1,2026-07-27 13:06:53.046,-0.02,-0.06,0.99,4.82,-1.83,3.97
worker 1,2026-07-27 13:06:53.104,-0.02,-0.06,0.99,4.82,-1.83,3.97
worker 1,2026-07-27 13:06:53.105,-0.03,-0.05,0.99,3.72,-2.2,3.48
worker 1,2026-07-27 13:06:53.173,-0.02,-0.05,0.99,2.69,-2.75,1.89
worker 1,2026-07-27 13:06:53.174,-0.02,-0.05,0.99,2.69,-2.75,1.89
worker 1,2026-07-27 13:06:53.226,-0.01,-0.06,1.0,2.14,-3.72,0.79
worker 1,2026-07-27 13:06:53.227,-0.01,-0.06,1.0,2.14,-3.72,0.79
worker 1,2026-07-27 13:06:53.227,-0.01,-0.06,1.0,1.46,-3.48,0.55
worker 1,2026-07-27 13:06:53.284,-0.01,-0.06,0.99,1.28,-2.26,0.92
worker 1,2026-07-27 13:06:53.285,-0.01,-0.06,0.99,1.28,-2.26,0.92
worker 1,2026-07-27 13:06:53.286,-0.02,-0.06,0.99,1.53,-1.4,1.34
worker 1,2026-07-27 13:06:53.344,-0.02,-0.06,0.99,1.53,-1.4,1.34
worker 1,2026-07-27 13:06:53.344,-0.01,-0.05,0.99,1.59,-1.89,1.16
worker 1,2026-07-27 13:06:53.345,-0.01,-0.05,0.99,1.59,-1.89,1.16
worker 1,2026-07-27 13:06:53.405,-0.01,-0.06,0.99,0.92,-3.17,0.73
worker 1,2026-07-27 13:06:53.411,-0.01,-0.06,0.99,0.92,-3.17,0.73
worker 1,2026-07-27 13:06:53.464,-0.0,-0.06,1.0,-0.37,-3.85,0.67
worker 1,2026-07-27 13:06:53.465,-0.0,-0.06,1.0,-0.37,-3.85,0.67
worker 1,2026-07-27 13:06:53.466,0.0,-0.06,1.0,-0.55,-3.36,0.98
worker 1,2026-07-27 13:06:53.528,-0.0,-0.05,0.99,0.06,-2.62,1.28
worker 1,2026-07-27 13:06:53.529,-0.0,-0.05,0.99,0.18,-2.75,1.16
worker 1,2026-07-27 13:06:53.584,-0.0,-0.05,0.99,0.18,-2.75,1.16
worker 1,2026-07-27 13:06:53.585,0.0,-0.06,1.0,0.31,-2.93,0.79
worker 1,2026-07-27 13:06:53.646,0.01,-0.06,1.0,1.04,-2.26,0.43
worker 1,2026-07-27 13:06:53.706,0.01,-0.05,0.99,1.83,-1.53,0.43
worker 1,2026-07-27 13:06:53.706,0.01,-0.05,0.99,2.44,-0.98,0.49
worker 1,2026-07-27 13:06:53.707,0.0,-0.05,0.99,2.44,-0.98,0.49
worker 1,2026-07-27 13:06:53.770,0.0,-0.05,0.99,2.75,-0.98,0.37
worker 1,2026-07-27 13:06:53.771,0.0,-0.05,0.99,2.75,-0.98,0.37
worker 1,2026-07-27 13:06:53.772,0.01,-0.05,0.99,2.26,-1.53,0.12
worker 1,2026-07-27 13:06:53.824,0.01,-0.05,0.99,2.26,-1.53,0.12
worker 1,2026-07-27 13:06:53.825,0.01,-0.05,0.99,1.53,-1.59,0.0
worker 1,2026-07-27 13:06:53.826,0.01,-0.05,0.99,1.53,-1.59,0.0
worker 1,2026-07-27 13:06:53.885,0.01,-0.05,0.99,1.22,-1.34,0.31
worker 1,2026-07-27 13:06:53.947,0.01,-0.04,1.0,0.92,-1.28,0.49
worker 1,2026-07-27 13:06:53.949,0.01,-0.04,1.0,0.61,-1.1,0.43
worker 1,2026-07-27 13:06:53.949,0.01,-0.04,0.99,0.61,-1.1,0.43
worker 1,2026-07-27 13:06:54.003,0.01,-0.04,0.99,0.49,-0.98,0.31
worker 1,2026-07-27 13:06:54.004,0.01,-0.04,0.99,0.49,-0.98,0.31
worker 1,2026-07-27 13:06:54.064,0.01,-0.04,1.0,0.31,-1.46,0.18
worker 1,2026-07-27 13:06:54.065,0.01,-0.04,1.0,0.31,-1.46,0.18
worker 1,2026-07-27 13:06:54.065,0.01,-0.04,1.0,0.31,-1.34,0.18
worker 1,2026-07-27 13:06:54.123,0.01,-0.04,1.0,0.31,-1.34,0.18
worker 1,2026-07-27 13:06:54.124,0.01,-0.04,1.0,0.24,-0.79,0.12
worker 1,2026-07-27 13:06:54.124,0.01,-0.04,0.99,0.18,-0.43,0.06
worker 1,2026-07-27 13:06:54.184,0.01,-0.04,0.99,0.18,-0.43,0.06
worker 1,2026-07-27 13:06:54.185,0.01,-0.04,0.99,0.49,-0.18,-0.06
worker 1,2026-07-27 13:06:54.243,0.01,-0.05,0.99,1.04,-0.43,-0.12
worker 1,2026-07-27 13:06:54.244,0.01,-0.05,0.99,1.04,-0.43,-0.12
worker 1,2026-07-27 13:06:54.304,0.01,-0.06,0.99,2.08,-0.67,-0.12
worker 1,2026-07-27 13:06:54.305,0.01,-0.06,0.99,2.08,-0.67,-0.12
worker 1,2026-07-27 13:06:54.305,0.02,-0.07,1.01,3.72,-1.34,0.79
worker 1,2026-07-27 13:06:54.364,0.02,-0.07,1.01,3.72,-1.34,0.79
worker 1,2026-07-27 13:06:54.365,0.05,-0.11,1.07,9.28,1.65,2.44
worker 1,2026-07-27 13:06:54.365,0.05,-0.09,1.03,34.91,20.26,9.22
worker 1,2026-07-27 13:06:54.434,0.05,-0.09,1.03,34.91,20.26,9.22
worker 1,2026-07-27 13:06:54.435,-0.17,0.43,0.83,72.88,42.24,33.45
worker 1,2026-07-27 13:06:54.485,-0.29,0.95,0.85,38.15,17.58,31.49
worker 1,2026-07-27 13:06:54.544,0.13,0.18,1.05,-90.21,-24.05,-56.46
worker 1,2026-07-27 13:06:54.545,0.13,0.18,1.05,-189.94,-14.22,-128.6
worker 1,2026-07-27 13:06:54.545,0.7,-1.35,0.98,-189.94,-14.22,-128.6
worker 1,2026-07-27 13:06:54.604,0.67,-1.5,0.65,-121.89,23.38,-30.64
worker 1,2026-07-27 13:06:54.664,-0.05,0.24,0.49,54.44,32.53,152.1
worker 1,2026-07-27 13:06:54.665,-0.05,0.24,0.49,54.44,32.53,152.1
worker 1,2026-07-27 13:06:54.665,-0.6,1.63,0.71,116.33,0.06,180.48
worker 1,2026-07-27 13:06:54.726,-0.6,1.63,0.71,116.33,0.06,180.48
worker 1,2026-07-27 13:06:54.784,0.51,-1.11,1.07,-112.37,-26.73,-131.84
worker 1,2026-07-27 13:06:54.785,0.51,-1.11,1.07,-112.37,-26.73,-131.84
worker 1,2026-07-27 13:06:54.844,0.51,-1.11,1.07,-112.37,-26.73,-131.84
worker 1,2026-07-27 13:06:54.845,-0.07,0.17,0.68,47.67,6.16,83.19
worker 1,2026-07-27 13:06:54.846,-0.07,0.17,0.68,47.67,6.16,83.19
worker 1,2026-07-27 13:06:54.913,-0.52,1.41,1.0,83.25,-24.54,112.85
worker 1,2026-07-27 13:06:54.913,-0.2,0.67,1.12,-4.21,-28.81,-24.78
worker 1,2026-07-27 13:06:54.914,-0.2,0.67,1.12,-4.21,-28.81,-24.78
worker 1,2026-07-27 13:06:54.965,0.38,-0.86,0.89,-81.36,-1.16,-142.64
worker 1,2026-07-27 13:06:54.966,0.38,-0.86,0.89,-81.36,-1.16,-142.64
worker 1,2026-07-27 13:06:55.026,0.51,-1.27,0.78,-48.83,9.58,-100.71
worker 1,2026-07-27 13:06:55.084,0.14,-0.33,0.97,44.43,-8.3,28.69
worker 1,2026-07-27 13:06:55.084,-0.22,0.54,1.07,74.1,-17.15,85.21
worker 1,2026-07-27 13:06:55.089,-0.22,0.54,1.07,74.1,-17.15,85.21
worker 1,2026-07-27 13:06:55.203,-0.17,0.44,1.03,12.27,-11.29,29.66
worker 1,2026-07-27 13:06:55.205,-0.17,0.44,1.03,12.27,-11.29,29.66
worker 1,2026-07-27 13:06:55.205,0.11,-0.16,0.97,-55.6,-9.16,-43.03
worker 1,2026-07-27 13:06:55.206,0.11,-0.16,0.97,-55.6,-9.16,-43.03
worker 1,2026-07-27 13:06:55.206,0.22,-0.51,0.93,-67.63,-11.84,-52.61
worker 1,2026-07-27 13:06:55.264,0.13,-0.4,0.93,-34.79,-16.17,-12.39
worker 1,2026-07-27 13:06:55.265,0.03,-0.17,0.95,-5.86,-18.92,18.68
worker 1,2026-07-27 13:06:55.325,-0.01,-0.13,0.91,-4.58,-19.47,15.81
worker 1,2026-07-27 13:06:55.326,-0.01,-0.13,0.91,-4.58,-19.47,15.81
worker 1,2026-07-27 13:06:55.384,0.02,-0.3,0.88,-19.53,-25.39,-0.12
worker 1,2026-07-27 13:06:55.385,0.02,-0.3,0.88,-19.53,-25.39,-0.12
worker 1,2026-07-27 13:06:55.386,0.14,-0.48,0.94,-35.52,-40.53,-2.01
worker 1,2026-07-27 13:06:55.444,0.14,-0.48,0.94,-35.52,-40.53,-2.01
worker 1,2026-07-27 13:06:55.445,0.27,-0.44,1.02,-35.03,-44.13,16.17
worker 1,2026-07-27 13:06:55.505,0.23,-0.18,1.06,-6.71,-22.09,38.88
worker 1,2026-07-27 13:06:55.506,0.13,-0.04,1.12,17.4,9.77,40.22
worker 1,2026-07-27 13:06:55.564,0.13,-0.04,1.12,17.4,9.77,40.22
worker 1,2026-07-27 13:06:55.565,0.07,-0.14,1.06,1.65,36.56,21.36
worker 1,2026-07-27 13:06:55.624,0.0,-0.28,0.85,-23.93,53.28,5.37
worker 1,2026-07-27 13:06:55.626,0.0,-0.28,0.85,-23.93,53.28,5.37
worker 1,2026-07-27 13:06:55.626,-0.06,-0.29,0.75,-19.84,46.94,-1.59
worker 1,2026-07-27 13:06:55.684,-0.02,-0.32,0.83,-4.82,23.01,-11.78
worker 1,2026-07-27 13:06:55.685,-0.02,-0.32,0.83,-4.82,23.01,-11.78
worker 1,2026-07-27 13:06:55.745,0.0,-0.42,1.01,10.44,6.71,-19.96
worker 1,2026-07-27 13:06:55.746,-0.09,-0.24,1.21,66.35,-8.42,-2.93
worker 1,2026-07-27 13:06:55.804,-0.09,-0.24,1.21,66.35,-8.42,-2.93
worker 1,2026-07-27 13:06:55.805,-0.09,0.06,1.29,132.32,-36.68,5.0
worker 1,2026-07-27 13:06:55.805,-0.09,0.06,1.29,139.83,-56.88,-30.15
worker 1,2026-07-27 13:06:55.864,0.11,0.03,1.17,139.83,-56.88,-30.15
worker 1,2026-07-27 13:06:55.864,0.27,-0.04,0.93,130.13,-48.65,-60.91
worker 1,2026-07-27 13:06:55.924,0.27,-0.04,0.93,130.13,-48.65,-60.91
worker 1,2026-07-27 13:06:55.924,0.28,0.13,0.87,153.38,-32.47,-56.03
worker 1,2026-07-27 13:06:55.925,0.28,0.13,0.87,153.38,-32.47,-56.03
worker 1,2026-07-27 13:06:55.989,0.21,0.36,0.93,170.35,-16.78,-45.35
worker 1,2026-07-27 13:06:55.989,0.21,0.36,0.93,133.67,-0.31,-55.11
worker 1,2026-07-27 13:06:55.990,0.11,0.54,0.85,133.67,-0.31,-55.11
worker 1,2026-07-27 13:06:56.045,0.11,0.58,0.85,64.15,-15.26,-84.96
worker 1,2026-07-27 13:06:56.110,0.23,0.48,0.83,5.62,-51.51,-120.36
worker 1,2026-07-27 13:06:56.111,0.23,0.48,0.83,5.62,-51.51,-120.36
worker 1,2026-07-27 13:06:56.111,0.32,0.43,0.71,-29.97,-70.8,-142.94
worker 1,2026-07-27 13:06:56.164,0.31,0.35,0.78,-54.63,-78.06,-172.85
worker 1,2026-07-27 13:06:56.165,0.31,0.35,0.78,-54.63,-78.06,-172.85
worker 1,2026-07-27 13:06:56.224,0.23,0.14,1.02,-77.21,-54.93,-199.22
worker 1,2026-07-27 13:06:56.234,0.23,0.14,1.02,-77.21,-54.93,-199.22
worker 1,2026-07-27 13:06:56.235,0.07,-0.05,1.08,-86.06,16.36,-159.12
worker 1,2026-07-27 13:06:56.284,0.07,-0.05,1.08,-86.06,16.36,-159.12
worker 1,2026-07-27 13:06:56.287,-0.07,-0.11,0.97,-77.21,96.44,-56.82
worker 1,2026-07-27 13:06:56.343,-0.15,-0.09,0.98,-102.97,133.67,3.6
worker 1,2026-07-27 13:06:56.344,-0.15,-0.09,0.98,-102.97,133.67,3.6
worker 1,2026-07-27 13:06:56.344,-0.3,-0.02,1.05,-146.91,95.83,-47.73
worker 1,2026-07-27 13:06:56.406,-0.3,-0.02,1.05,-146.91,95.83,-47.73
worker 1,2026-07-27 13:06:56.406,-0.44,0.05,1.04,-127.81,23.62,-123.41
worker 1,2026-07-27 13:06:56.407,-0.44,0.05,1.04,-127.81,23.62,-123.41
worker 1,2026-07-27 13:06:56.464,-0.42,0.05,1.0,-81.24,-10.93,-132.93
worker 1,2026-07-27 13:06:56.464,-0.27,0.01,0.93,-52.19,-10.01,-99.73
worker 1,2026-07-27 13:06:56.525,-0.27,0.01,0.93,-52.19,-10.01,-99.73
worker 1,2026-07-27 13:06:56.525,-0.1,-0.02,0.83,-28.02,-4.7,-74.58
worker 1,2026-07-27 13:06:56.526,-0.1,-0.02,0.83,-28.02,-4.7,-74.58
worker 1,2026-07-27 13:06:56.584,-0.01,-0.08,0.81,-25.82,3.78,-71.41
worker 1,2026-07-27 13:06:56.585,0.02,-0.21,0.94,-48.1,22.46,-65.67
worker 1,2026-07-27 13:06:56.644,0.02,-0.21,0.94,-43.09,46.63,-45.17
worker 1,2026-07-27 13:06:56.644,0.01,-0.32,1.02,-43.09,46.63,-45.17
worker 1,2026-07-27 13:06:56.704,-0.07,-0.3,0.95,-16.91,59.02,-34.42
worker 1,2026-07-27 13:06:56.704,-0.17,-0.28,0.88,-29.97,52.86,-38.39
worker 1,2026-07-27 13:06:56.765,-0.17,-0.28,0.88,-29.97,52.86,-38.39
worker 1,2026-07-27 13:06:56.766,-0.2,-0.32,0.9,-62.5,45.41,-48.22
worker 1,2026-07-27 13:06:56.767,-0.2,-0.32,0.9,-62.5,45.41,-48.22
worker 1,2026-07-27 13:06:56.833,-0.2,-0.4,0.9,-85.82,72.63,-88.56
worker 1,2026-07-27 13:06:56.835,-0.24,-0.57,0.74,-126.59,150.39,-157.41
worker 1,2026-07-27 13:06:56.885,-0.24,-0.57,0.74,-126.59,150.39,-157.41
worker 1,2026-07-27 13:06:56.885,-0.31,-0.73,0.53,-142.58,197.57,-176.7
worker 1,2026-07-27 13:06:56.944,-0.34,-0.76,0.46,-85.94,144.47,-112.06
worker 1,2026-07-27 13:06:56.946,-0.34,-0.76,0.46,-21.36,63.84,-33.63
worker 1,2026-07-27 13:06:57.005,-0.32,-0.76,0.53,-21.36,63.84,-33.63
worker 1,2026-07-27 13:06:57.016,-0.29,-0.74,0.62,11.47,35.95,0.24
worker 1,2026-07-27 13:06:57.019,-0.29,-0.74,0.62,11.47,35.95,0.24
worker 1,2026-07-27 13:06:57.064,-0.26,-0.73,0.65,31.43,47.79,-3.42
worker 1,2026-07-27 13:06:57.065,-0.26,-0.73,0.65,31.43,47.79,-3.42
worker 1,2026-07-27 13:06:57.065,-0.3,-0.74,0.65,41.08,45.96,-23.99
worker 1,2026-07-27 13:06:57.124,-0.3,-0.74,0.65,41.08,45.96,-23.99
worker 1,2026-07-27 13:06:57.124,-0.34,-0.75,0.64,44.25,17.64,-47.55
worker 1,2026-07-27 13:06:57.184,-0.35,-0.72,0.61,39.92,0.18,-57.19
worker 1,2026-07-27 13:06:57.184,-0.37,-0.69,0.56,22.64,4.39,-48.83
worker 1,2026-07-27 13:06:57.244,-0.37,-0.69,0.56,22.64,4.39,-48.83
worker 1,2026-07-27 13:06:57.244,-0.38,-0.71,0.52,4.33,12.57,-34.73
worker 1,2026-07-27 13:06:57.305,-0.38,-0.73,0.5,-5.43,18.98,-25.88
worker 1,2026-07-27 13:06:57.306,-0.38,-0.73,0.5,-11.11,26.43,-23.8
worker 1,2026-07-27 13:06:57.364,-0.39,-0.75,0.46,-11.11,26.43,-23.8
worker 1,2026-07-27 13:06:57.365,-0.42,-0.76,0.42,-17.64,36.87,-25.94
worker 1,2026-07-27 13:06:57.424,-0.46,-0.77,0.36,-28.08,49.62,-31.74
worker 1,2026-07-27 13:06:57.424,-0.49,-0.77,0.28,-37.78,63.23,-41.08
worker 1,2026-07-27 13:06:57.486,-0.49,-0.77,0.28,-37.78,63.23,-41.08
worker 1,2026-07-27 13:06:57.486,-0.53,-0.76,0.14,-40.04,79.83,-45.23
worker 1,2026-07-27 13:06:57.545,-0.57,-0.69,-0.08,-36.19,94.91,-37.17
worker 1,2026-07-27 13:06:57.604,-0.57,-0.54,-0.14,-41.63,106.75,-27.1
worker 1,2026-07-27 13:06:57.605,-0.57,-0.54,-0.14,-41.63,106.75,-27.1
worker 1,2026-07-27 13:06:57.605,-0.59,-0.44,0.09,-66.77,144.47,-21.0
worker 1,2026-07-27 13:06:57.670,-0.63,-0.56,0.44,-76.29,205.08,-8.06
worker 1,2026-07-27 13:06:57.670,-0.58,-0.8,0.65,-28.02,241.15,6.53
worker 1,2026-07-27 13:06:57.785,-0.58,-0.8,0.65,-28.02,241.15,6.53
worker 1,2026-07-27 13:06:57.786,-0.49,-0.97,0.6,14.16,217.53,9.16
worker 1,2026-07-27 13:06:57.787,-0.43,-1.02,0.36,-33.75,135.5,4.58
worker 1,2026-07-27 13:06:57.855,-0.48,-0.92,0.14,-128.72,41.08,1.95
worker 1,2026-07-27 13:06:57.857,-0.67,-0.72,0.14,-167.11,-25.09,21.24
worker 1,2026-07-27 13:06:57.904,-0.89,-0.61,0.33,-95.76,-54.69,71.41
worker 1,2026-07-27 13:06:57.905,-0.89,-0.61,0.33,-95.76,-54.69,71.41
worker 1,2026-07-27 13:06:57.905,-0.97,-0.65,0.56,59.57,-57.86,125.73
worker 1,2026-07-27 13:06:57.964,-0.97,-0.65,0.56,59.57,-57.86,125.73
worker 1,2026-07-27 13:06:57.965,-0.85,-0.97,0.75,213.99,-43.95,146.42
worker 1,2026-07-27 13:06:58.024,-0.63,-1.48,0.62,269.78,-24.72,92.65
worker 1,2026-07-27 13:06:58.026,-0.63,-1.48,0.62,269.78,-24.72,92.65
worker 1,2026-07-27 13:06:58.026,-0.52,-1.36,0.3,214.97,-0.37,-67.2
worker 1,2026-07-27 13:06:58.084,-0.52,-1.36,0.3,214.97,-0.37,-67.2
worker 1,2026-07-27 13:06:58.085,-0.5,-0.75,0.23,131.23,39.31,-200.68
worker 1,2026-07-27 13:06:58.148,-0.41,-0.49,0.26,55.48,66.77,-178.83
worker 1,2026-07-27 13:06:58.149,-0.41,-0.49,0.26,55.48,66.77,-178.83
worker 1,2026-07-27 13:06:58.149,-0.36,-0.6,0.31,-1.83,78.43,-84.11
worker 1,2026-07-27 13:06:58.205,-0.36,-0.6,0.31,-1.83,78.43,-84.11
worker 1,2026-07-27 13:06:58.205,-0.38,-0.88,0.31,-7.93,96.56,-2.38
worker 1,2026-07-27 13:06:58.208,-0.38,-0.88,0.31,-7.93,96.56,-2.38
worker 1,2026-07-27 13:06:58.266,-0.39,-1.08,0.24,-20.39,90.58,22.52
worker 1,2026-07-27 13:06:58.267,-0.39,-1.01,0.1,-69.7,42.48,-13.73
worker 1,2026-07-27 13:06:58.324,-0.39,-1.01,0.1,-69.7,42.48,-13.73
worker 1,2026-07-27 13:06:58.324,-0.41,-0.84,-0.04,-86.67,-9.64,-48.65
worker 1,2026-07-27 13:06:58.325,-0.41,-0.84,-0.04,-86.67,-9.64,-48.65
worker 1,2026-07-27 13:06:58.384,-0.46,-0.74,-0.03,-39.43,-24.9,-47.0
worker 1,2026-07-27 13:06:58.385,-0.46,-0.74,-0.03,-39.43,-24.9,-47.0
worker 1,2026-07-27 13:06:58.444,-0.52,-0.78,0.12,52.92,-0.79,-31.13
worker 1,2026-07-27 13:06:58.445,-0.52,-0.78,0.12,52.92,-0.79,-31.13
worker 1,2026-07-27 13:06:58.445,-0.55,-0.89,0.33,162.9,42.11,-36.38
worker 1,2026-07-27 13:06:58.504,-0.56,-0.83,0.49,277.1,101.68,-80.2
worker 1,2026-07-27 13:06:58.505,-0.56,-0.83,0.49,277.1,101.68,-80.2
worker 1,2026-07-27 13:06:58.567,-0.53,-0.59,0.59,353.88,164.73,-130.92
worker 1,2026-07-27 13:06:58.627,-0.5,-0.37,0.62,328.74,177.8,-130.31
worker 1,2026-07-27 13:06:58.627,-0.5,-0.37,0.62,204.9,124.76,-68.6
worker 1,2026-07-27 13:06:58.627,-0.47,-0.33,0.64,204.9,124.76,-68.6
worker 1,2026-07-27 13:06:58.627,-0.43,-0.43,0.7,72.14,55.91,-2.87
worker 1,2026-07-27 13:06:58.687,-0.43,-0.43,0.7,72.14,55.91,-2.87
worker 1,2026-07-27 13:06:58.687,-0.41,-0.55,0.76,8.91,16.42,20.45
worker 1,2026-07-27 13:06:58.756,-0.36,-0.64,0.82,6.77,7.63,7.57
worker 1,2026-07-27 13:06:58.804,-0.25,-0.68,0.91,22.34,11.84,-13.0
worker 1,2026-07-27 13:06:58.805,-0.12,-0.67,0.95,22.34,5.49,-12.02
worker 1,2026-07-27 13:06:58.864,-0.12,-0.67,0.95,22.34,5.49,-12.02
worker 1,2026-07-27 13:06:58.864,-0.06,-0.71,0.88,-13.0,-34.73,16.24
worker 1,2026-07-27 13:06:58.865,-0.06,-0.71,0.88,-13.0,-34.73,16.24
worker 1,2026-07-27 13:06:58.984,-0.09,-0.78,0.74,-59.69,-86.85,42.72
worker 1,2026-07-27 13:06:58.984,-0.15,-0.75,0.67,-74.28,-104.68,41.02
worker 1,2026-07-27 13:06:58.985,-0.15,-0.75,0.67,-58.96,-87.77,23.19
worker 1,2026-07-27 13:06:58.985,-0.2,-0.64,0.72,-58.96,-87.77,23.19
worker 1,2026-07-27 13:06:58.986,-0.21,-0.57,0.79,-46.02,-69.21,18.37
worker 1,2026-07-27 13:06:59.044,-0.21,-0.57,0.79,-46.02,-69.21,18.37
worker 1,2026-07-27 13:06:59.046,-0.23,-0.56,0.82,-43.82,-65.25,27.65
worker 1,2026-07-27 13:06:59.106,-0.23,-0.56,0.82,-43.82,-65.25,27.65
worker 1,2026-07-27 13:06:59.106,-0.27,-0.57,0.79,-39.79,-68.54,33.45
worker 1,2026-07-27 13:06:59.106,-0.27,-0.57,0.79,-30.82,-70.68,32.41
worker 1,2026-07-27 13:06:59.166,-0.31,-0.55,0.73,-30.82,-70.68,32.41
worker 1,2026-07-27 13:06:59.166,-0.33,-0.52,0.66,-23.19,-70.07,33.45
worker 1,2026-07-27 13:06:59.167,-0.33,-0.52,0.66,-23.19,-70.07,33.45
worker 1,2026-07-27 13:06:59.285,-0.33,-0.53,0.59,-22.95,-71.23,46.39
worker 1,2026-07-27 13:06:59.286,-0.33,-0.53,0.59,-22.95,-71.23,46.39
worker 1,2026-07-27 13:06:59.344,-0.3,-0.59,0.54,-30.33,-76.97,74.04
worker 1,2026-07-27 13:06:59.345,-0.3,-0.59,0.54,-30.33,-76.97,74.04
worker 1,2026-07-27 13:06:59.346,-0.24,-0.66,0.48,-35.22,-81.73,100.95
worker 1,2026-07-27 13:06:59.346,-0.19,-0.66,0.45,-24.41,-73.18,107.48
worker 1,2026-07-27 13:06:59.405,-0.15,-0.58,0.45,7.81,-48.58,91.43
worker 1,2026-07-27 13:06:59.406,-0.14,-0.46,0.52,49.13,-25.45,63.35
worker 1,2026-07-27 13:06:59.466,-0.14,-0.46,0.52,49.13,-25.45,63.35
worker 1,2026-07-27 13:06:59.466,-0.16,-0.36,0.64,74.1,-17.7,39.49
worker 1,2026-07-27 13:06:59.466,-0.22,-0.34,0.81,75.07,-14.34,39.73
worker 1,2026-07-27 13:06:59.524,-0.22,-0.34,0.81,75.07,-14.34,39.73
worker 1,2026-07-27 13:06:59.524,-0.3,-0.37,0.95,64.82,-9.16,59.57
worker 1,2026-07-27 13:06:59.584,-0.36,-0.41,1.07,49.44,-9.28,78.55
worker 1,2026-07-27 13:06:59.647,-0.37,-0.48,1.16,27.77,-17.94,89.23
worker 1,2026-07-27 13:06:59.653,-0.37,-0.48,1.16,27.77,-17.94,89.23
worker 1,2026-07-27 13:06:59.654,-0.37,-0.48,1.16,27.77,-17.94,89.23
worker 1,2026-07-27 13:06:59.704,-0.37,-0.48,1.16,27.77,-17.94,89.23
worker 1,2026-07-27 13:06:59.704,-0.33,-0.28,0.98,17.21,-42.72,41.02
worker 1,2026-07-27 13:06:59.705,-0.33,-0.28,0.98,26.92,-42.24,8.42
worker 1,2026-07-27 13:06:59.764,-0.36,-0.15,0.89,26.92,-42.24,8.42
worker 1,2026-07-27 13:06:59.765,-0.38,-0.13,0.91,19.04,-35.46,6.96
worker 1,2026-07-27 13:06:59.826,-0.35,-0.18,0.99,-6.77,-31.31,26.12
worker 1,2026-07-27 13:06:59.884,-0.35,-0.26,1.02,-38.7,-38.51,46.51
worker 1,2026-07-27 13:06:59.884,-0.35,-0.32,0.97,-54.44,-49.26,54.63
worker 1,2026-07-27 13:06:59.948,-0.35,-0.31,0.91,-37.84,-42.36,39.92
worker 1,2026-07-27 13:07:00.064,-0.34,-0.28,0.89,-9.89,-22.34,15.08
worker 1,2026-07-27 13:07:00.065,-0.34,-0.28,0.89,-9.89,-22.34,15.08
worker 1,2026-07-27 13:07:00.123,-0.32,-0.25,0.89,3.54,-11.35,2.26
worker 1,2026-07-27 13:07:00.124,-0.32,-0.25,0.89,3.54,-11.35,2.26
worker 1,2026-07-27 13:07:00.124,-0.29,-0.24,0.87,0.73,-12.76,3.48
worker 1,2026-07-27 13:07:00.125,-0.25,-0.24,0.87,-9.4,-13.37,9.83
worker 1,2026-07-27 13:07:00.127,-0.19,-0.27,0.9,-19.78,-9.28,17.76
worker 1,2026-07-27 13:07:00.128,-0.19,-0.27,0.9,-19.78,-9.28,17.76
worker 1,2026-07-27 13:07:00.244,-0.11,-0.32,0.92,-31.13,-9.89,26.12
worker 1,2026-07-27 13:07:00.245,-0.11,-0.32,0.92,-31.13,-9.89,26.12
worker 1,2026-07-27 13:07:00.246,-0.09,-0.39,0.93,-41.56,-17.7,26.06
worker 1,2026-07-27 13:07:00.483,-0.09,-0.39,0.93,-41.32,-21.48,9.7
worker 1,2026-07-27 13:07:00.503,-0.15,-0.44,0.97,-41.32,-21.48,9.7
worker 1,2026-07-27 13:07:00.504,-0.16,-0.43,1.0,-30.52,-13.49,-12.33
worker 1,2026-07-27 13:07:00.505,-0.16,-0.43,1.0,-30.52,-13.49,-12.33
worker 1,2026-07-27 13:07:00.505,-0.07,-0.41,0.94,-17.46,-4.94,-20.02
worker 1,2026-07-27 13:07:00.509,0.02,-0.49,0.8,-12.63,-13.73,1.04
worker 1,2026-07-27 13:07:00.509,0.06,-0.63,0.7,-20.69,-30.46,36.13
worker 1,2026-07-27 13:07:00.510,0.08,-0.66,0.71,-26.73,-30.58,48.22
worker 1,2026-07-27 13:07:00.510,0.06,-0.59,0.74,-23.5,-20.26,35.77
worker 1,2026-07-27 13:07:00.511,0.06,-0.59,0.74,-23.5,-20.26,35.77
worker 1,2026-07-27 13:07:00.545,0.01,-0.5,0.74,-19.35,-18.43,24.72
worker 1,2026-07-27 13:07:00.604,0.01,-0.5,0.74,-19.35,-18.43,24.72
worker 1,2026-07-27 13:07:00.669,-0.03,-0.45,0.72,-14.53,-21.73,22.46
worker 1,2026-07-27 13:07:00.669,-0.04,-0.43,0.74,-5.8,-21.0,25.94
worker 1,2026-07-27 13:07:00.670,-0.04,-0.43,0.74,-5.8,-21.0,25.94
worker 1,2026-07-27 13:07:00.670,-0.06,-0.43,0.79,5.92,-17.76,33.02
worker 1,2026-07-27 13:07:00.723,-0.09,-0.44,0.84,16.11,-17.21,41.26
worker 1,2026-07-27 13:07:00.724,-0.09,-0.44,0.84,16.11,-17.21,41.26
worker 1,2026-07-27 13:07:00.724,-0.13,-0.43,0.87,20.08,-19.23,49.74
worker 1,2026-07-27 13:07:00.784,-0.13,-0.43,0.87,20.08,-19.23,49.74
worker 1,2026-07-27 13:07:00.785,-0.19,-0.4,0.88,20.02,-19.04,52.98
worker 1,2026-07-27 13:07:00.843,-0.31,-0.39,0.89,13.49,-8.91,49.5
worker 1,2026-07-27 13:07:00.844,-0.31,-0.39,0.89,13.49,-8.91,49.5
worker 1,2026-07-27 13:07:00.844,-0.39,-0.44,0.96,-7.39,15.38,43.88
worker 1,2026-07-27 13:07:00.906,-0.39,-0.44,0.96,-7.39,15.38,43.88
worker 1,2026-07-27 13:07:00.906,-0.36,-0.46,1.02,-29.17,38.82,33.45
worker 1,2026-07-27 13:07:00.964,-0.26,-0.42,1.0,-36.68,38.76,21.24
worker 1,2026-07-27 13:07:00.964,-0.18,-0.41,0.92,-36.19,11.05,18.25
worker 1,2026-07-27 13:07:00.965,-0.18,-0.41,0.92,-36.19,11.05,18.25
worker 1,2026-07-27 13:07:01.028,-0.19,-0.44,0.83,-33.08,-21.67,18.98
worker 1,2026-07-27 13:07:01.083,-0.26,-0.46,0.79,-29.24,-27.34,9.7
worker 1,2026-07-27 13:07:01.084,-0.26,-0.46,0.79,-29.24,-27.34,9.7
worker 1,2026-07-27 13:07:01.084,-0.35,-0.46,0.83,-19.71,-1.53,-6.59
worker 1,2026-07-27 13:07:01.145,-0.35,-0.46,0.83,-19.71,-1.53,-6.59
worker 1,2026-07-27 13:07:01.146,-0.43,-0.44,0.9,4.03,32.78,-6.77
worker 1,2026-07-27 13:07:01.204,-0.47,-0.39,0.92,36.19,41.99,16.66
worker 1,2026-07-27 13:07:01.204,-0.49,-0.34,0.89,55.6,16.85,33.02
worker 1,2026-07-27 13:07:01.268,-0.49,-0.34,0.89,55.6,16.85,33.02
worker 1,2026-07-27 13:07:01.324,-0.5,-0.3,0.83,44.62,-15.38,30.82
worker 1,2026-07-27 13:07:01.324,-0.46,-0.28,0.77,11.78,-34.06,29.66
worker 1,2026-07-27 13:07:01.325,-0.38,-0.32,0.73,-17.52,-34.42,32.23
worker 1,2026-07-27 13:07:01.384,-0.31,-0.4,0.74,-32.65,-20.81,31.07
worker 1,2026-07-27 13:07:01.385,-0.31,-0.4,0.74,-32.65,-20.81,31.07
worker 1,2026-07-27 13:07:01.444,-0.3,-0.51,0.8,-39.73,-4.64,23.56
worker 1,2026-07-27 13:07:01.445,-0.3,-0.59,0.86,-39.98,8.61,6.96
worker 1,2026-07-27 13:07:01.509,-0.3,-0.59,0.86,-39.98,8.61,6.96
worker 1,2026-07-27 13:07:01.510,-0.3,-0.59,0.86,-39.98,8.61,6.96
worker 1,2026-07-27 13:07:01.567,-0.22,-0.66,0.86,-33.51,11.11,-30.46
worker 1,2026-07-27 13:07:01.569,-0.18,-0.75,0.75,-31.19,-4.82,-39.92
worker 1,2026-07-27 13:07:01.640,-0.17,-0.95,0.62,-37.05,-17.64,-39.0
worker 1,2026-07-27 13:07:01.686,-0.12,-0.94,0.56,-43.33,-12.08,-45.04
worker 1,2026-07-27 13:07:01.687,-0.07,-0.66,0.55,-22.95,8.48,-70.37
worker 1,2026-07-27 13:07:01.744,-0.07,-0.66,0.55,-22.95,8.48,-70.37
worker 1,2026-07-27 13:07:01.744,-0.07,-0.44,0.54,-0.31,15.81,-80.81
worker 1,2026-07-27 13:07:01.745,-0.07,-0.44,0.54,-0.85,5.0,-60.36
worker 1,2026-07-27 13:07:01.809,-0.12,-0.4,0.55,-0.85,5.0,-60.36
worker 1,2026-07-27 13:07:01.810,-0.18,-0.42,0.61,-1.83,4.09,-36.93
worker 1,2026-07-27 13:07:01.931,-0.18,-0.42,0.61,-1.83,4.09,-36.93
worker 1,2026-07-27 13:07:01.932,-0.18,-0.43,0.68,11.78,15.26,-21.85
worker 1,2026-07-27 13:07:01.933,-0.18,-0.43,0.68,11.78,15.26,-21.85
worker 1,2026-07-27 13:07:01.933,-0.12,-0.42,0.71,26.98,14.71,-0.43
worker 1,2026-07-27 13:07:01.933,-0.1,-0.44,0.71,32.47,-4.27,30.64
worker 1,2026-07-27 13:07:01.985,-0.1,-0.44,0.71,32.47,-4.27,30.64
worker 1,2026-07-27 13:07:02.224,-0.37,-0.72,0.87,29.72,-35.95,72.08
worker 1,2026-07-27 13:07:02.225,-0.37,-0.72,0.87,29.72,-35.95,72.08
worker 1,2026-07-27 13:07:02.226,-0.37,-0.72,0.87,29.72,-35.95,72.08
worker 1,2026-07-27 13:07:02.228,-0.45,-0.93,0.96,25.33,-18.86,54.75
worker 1,2026-07-27 13:07:02.229,-0.36,-0.86,0.85,26.31,-3.23,29.72
worker 1,2026-07-27 13:07:02.230,-0.28,-0.77,0.73,22.64,9.22,6.16
worker 1,2026-07-27 13:07:02.404,-0.28,-0.77,0.73,22.64,9.22,6.16
worker 1,2026-07-27 13:07:02.404,-0.22,-0.65,0.67,13.98,24.66,-20.14
worker 1,2026-07-27 13:07:02.404,-0.21,-0.53,0.68,7.87,45.96,-55.79
worker 1,2026-07-27 13:07:02.465,-0.24,-0.44,0.74,6.59,67.26,-95.7
worker 1,2026-07-27 13:07:02.481,-0.24,-0.44,0.74,6.59,67.26,-95.7
worker 1,2026-07-27 13:07:02.482,-0.31,-0.41,0.81,-1.46,84.29,-132.14
worker 1,2026-07-27 13:07:02.482,-0.39,-0.38,0.9,-20.2,98.69,-158.45
worker 1,2026-07-27 13:07:02.644,-0.47,-0.32,0.96,-21.24,105.96,-169.43
worker 1,2026-07-27 13:07:02.644,-0.51,-0.24,0.96,9.52,99.3,-164.31
worker 1,2026-07-27 13:07:02.646,-0.5,-0.2,0.91,43.52,80.57,-138.49
worker 1,2026-07-27 13:07:02.646,-0.43,-0.22,0.85,54.44,55.66,-95.4
worker 1,2026-07-27 13:07:02.647,-0.43,-0.22,0.85,54.44,55.66,-95.4
worker 1,2026-07-27 13:07:02.649,-0.31,-0.29,0.85,51.27,39.92,-57.19
worker 1,2026-07-27 13:07:02.765,-0.17,-0.35,0.95,73.24,56.64,-53.96
worker 1,2026-07-27 13:07:02.765,-0.12,-0.28,1.03,139.59,104.31,-89.84
worker 1,2026-07-27 13:07:02.766,-0.12,-0.28,1.03,139.59,104.31,-89.84
worker 1,2026-07-27 13:07:02.766,-0.12,-0.13,1.0,193.12,131.1,-111.15
worker 1,2026-07-27 13:07:02.767,-0.12,-0.13,1.0,193.12,131.1,-111.15
worker 1,2026-07-27 13:07:02.767,-0.08,-0.1,0.93,162.6,96.07,-62.38
worker 1,2026-07-27 13:07:02.767,0.03,-0.28,0.9,80.51,34.18,24.9
worker 1,2026-07-27 13:07:02.824,0.03,-0.28,0.9,80.51,34.18,24.9
worker 1,2026-07-27 13:07:02.824,0.14,-0.54,0.87,17.03,-4.94,86.24
worker 1,2026-07-27 13:07:02.886,0.14,-0.54,0.87,17.03,-4.94,86.24
worker 1,2026-07-27 13:07:02.892,0.1,-0.68,0.81,-27.59,-8.36,88.26
worker 1,2026-07-27 13:07:02.893,0.1,-0.68,0.81,-27.59,-8.36,88.26
worker 1,2026-07-27 13:07:02.893,-0.09,-0.57,0.79,-75.38,13.61,33.14
worker 1,2026-07-27 13:07:03.004,-0.09,-0.57,0.79,-75.38,13.61,33.14
worker 1,2026-07-27 13:07:03.005,-0.29,-0.46,0.84,-133.24,31.37,-15.5
worker 1,2026-07-27 13:07:03.008,-0.44,-0.66,0.9,-194.15,25.82,-9.16
worker 1,2026-07-27 13:07:03.014,-0.44,-0.66,0.9,-194.15,25.82,-9.16
worker 1,2026-07-27 13:07:03.065,-0.5,-1.03,0.89,-233.34,-14.65,23.86
worker 1,2026-07-27 13:07:03.126,-0.5,-1.03,0.89,-233.34,-14.65,23.86
worker 1,2026-07-27 13:07:03.126,-0.37,-1.16,0.85,-227.36,-65.25,42.97
worker 1,2026-07-27 13:07:03.127,-0.24,-1.02,0.8,-168.52,-66.47,16.48
worker 1,2026-07-27 13:07:03.127,-0.33,-0.85,0.68,-75.68,-26.0,-61.95
worker 1,2026-07-27 13:07:03.187,-0.33,-0.85,0.68,-75.68,-26.0,-61.95
worker 1,2026-07-27 13:07:03.188,-0.51,-0.69,0.49,6.9,15.75,-148.44
worker 1,2026-07-27 13:07:03.244,-0.58,-0.47,0.35,52.98,56.4,-196.17
worker 1,2026-07-27 13:07:03.245,-0.58,-0.47,0.35,52.98,56.4,-196.17
worker 1,2026-07-27 13:07:03.304,-0.54,-0.25,0.31,63.96,89.42,-186.71
worker 1,2026-07-27 13:07:03.304,-0.48,-0.13,0.33,45.59,93.2,-126.71
worker 1,2026-07-27 13:07:03.364,-0.48,-0.13,0.33,45.59,93.2,-126.71
worker 1,2026-07-27 13:07:03.365,-0.45,-0.19,0.37,14.77,78.19,-45.96
worker 1,2026-07-27 13:07:03.424,-0.47,-0.35,0.44,-4.52,77.15,23.56
worker 1,2026-07-27 13:07:03.425,-0.47,-0.35,0.44,-4.52,77.15,23.56
worker 1,2026-07-27 13:07:03.425,-0.48,-0.53,0.53,-9.64,91.8,73.06
worker 1,2026-07-27 13:07:03.605,-0.49,-0.7,0.59,-15.44,99.55,108.64
worker 1,2026-07-27 13:07:03.606,-0.5,-0.87,0.64,-24.48,94.12,132.69
worker 1,2026-07-27 13:07:03.607,-0.52,-1.05,0.68,-31.13,82.7,142.88
worker 1,2026-07-27 13:07:03.607,-0.48,-1.16,0.71,-31.43,71.23,138.18
worker 1,2026-07-27 13:07:03.607,-0.42,-1.2,0.73,-17.46,67.08,112.18
worker 1,2026-07-27 13:07:03.664,-0.42,-1.2,0.73,-17.46,67.08,112.18
worker 1,2026-07-27 13:07:03.665,-0.44,-1.17,0.74,13.0,75.13,58.59
worker 1,2026-07-27 13:07:03.667,-0.44,-1.17,0.74,13.0,75.13,58.59
worker 1,2026-07-27 13:07:04.023,-0.34,-1.04,0.75,48.95,89.17,2.62
worker 1,2026-07-27 13:07:04.035,-0.34,-1.04,0.75,48.95,89.17,2.62
worker 1,2026-07-27 13:07:04.039,-0.2,-0.86,0.74,70.92,82.34,-32.78
worker 1,2026-07-27 13:07:04.039,-0.22,-0.79,0.69,60.67,27.53,-49.56
worker 1,2026-07-27 13:07:04.040,-0.4,-0.87,0.63,18.8,-57.68,-50.42
worker 1,2026-07-27 13:07:04.040,-0.54,-0.97,0.64,-28.69,-125.37,-50.29
worker 1,2026-07-27 13:07:04.041,-0.54,-0.97,0.64,-28.69,-125.37,-50.29
worker 1,2026-07-27 13:07:04.041,-0.6,-0.98,0.67,-49.99,-149.72,-70.92
worker 1,2026-07-27 13:07:04.042,-0.62,-0.9,0.67,-37.48,-139.71,-109.56
worker 1,2026-07-27 13:07:04.042,-0.65,-0.78,0.63,-5.68,-112.3,-135.8
worker 1,2026-07-27 13:07:04.043,-0.65,-0.63,0.54,24.23,-83.68,-127.99
worker 1,2026-07-27 13:07:04.144,-0.61,-0.5,0.44,31.62,-70.25,-97.41
worker 1,2026-07-27 13:07:04.145,-0.61,-0.5,0.44,31.62,-70.25,-97.41
worker 1,2026-07-27 13:07:04.145,-0.55,-0.41,0.34,19.29,-65.98,-70.01
worker 1,2026-07-27 13:07:04.145,-0.53,-0.37,0.28,3.36,-50.29,-57.01
worker 1,2026-07-27 13:07:04.146,-0.53,-0.37,0.28,3.36,-50.29,-57.01
worker 1,2026-07-27 13:07:04.385,-0.6,-0.42,0.29,-11.41,-13.73,-52.0
worker 1,2026-07-27 13:07:05.224,-0.73,-0.47,0.39,-16.97,46.75,-48.22
worker 1,2026-07-27 13:07:05.225,-0.69,-0.42,0.56,-1.16,129.7,-43.21
worker 1,2026-07-27 13:07:05.225,-0.46,-0.34,0.73,30.03,202.88,-27.53
worker 1,2026-07-27 13:07:05.225,-0.3,-0.46,0.73,47.36,210.51,12.08
worker 1,2026-07-27 13:07:05.226,-0.3,-0.46,0.73,47.36,210.51,12.08
worker 1,2026-07-27 13:07:05.227,-0.35,-0.76,0.63,20.02,150.76,65.12
worker 1,2026-07-27 13:07:05.227,-0.35,-0.76,0.63,-23.68,98.94,93.2
worker 1,2026-07-27 13:07:05.228,-0.46,-0.99,0.62,-23.68,98.94,93.2
worker 1,2026-07-27 13:07:05.230,-0.43,-1.01,0.71,-17.15,111.82,77.94
worker 1,2026-07-27 13:07:05.231,-0.43,-1.01,0.71,-17.15,111.82,77.94
worker 1,2026-07-27 13:07:05.231,-0.29,-0.91,0.8,36.93,151.98,41.63
worker 1,2026-07-27 13:07:05.231,-0.2,-0.83,0.8,72.27,147.52,19.9
worker 1,2026-07-27 13:07:05.231,-0.2,-0.84,0.79,62.01,90.82,22.95
worker 1,2026-07-27 13:07:05.232,-0.29,-0.86,0.86,58.53,26.25,35.4
worker 1,2026-07-27 13:07:05.233,-0.29,-0.86,0.86,58.53,26.25,35.4
worker 1,2026-07-27 13:07:05.233,-0.37,-0.79,1.03,116.7,-33.02,51.64
worker 1,2026-07-27 13:07:05.235,-0.37,-0.79,1.03,116.7,-33.02,51.64
worker 1,2026-07-27 13:07:05.235,-0.43,-0.65,1.24,197.2,-91.37,65.19
worker 1,2026-07-27 13:07:05.240,-0.55,-0.5,1.38,235.53,-132.2,64.27
worker 1,2026-07-27 13:07:05.241,-0.73,-0.37,1.34,237.3,-147.58,53.77
worker 1,2026-07-27 13:07:05.241,-0.77,-0.2,1.11,221.74,-142.09,35.95
worker 1,2026-07-27 13:07:05.242,-0.77,-0.2,1.11,221.74,-142.09,35.95
worker 1,2026-07-27 13:07:05.242,-0.62,-0.01,0.65,194.27,-114.75,17.82
worker 1,2026-07-27 13:07:05.242,-0.41,0.12,0.35,142.33,-59.69,17.27
worker 1,2026-07-27 13:07:05.243,-0.21,0.35,0.39,105.29,-8.67,22.4
worker 1,2026-07-27 13:07:05.243,-0.12,0.53,0.51,119.51,6.04,15.81
worker 1,2026-07-27 13:07:05.243,-0.21,0.51,0.64,127.2,6.16,4.82
worker 1,2026-07-27 13:07:05.583,-0.21,0.51,0.64,127.2,6.16,4.82
worker 1,2026-07-27 13:07:05.584,-0.3,0.52,0.74,89.11,13.49,8.91
worker 1,2026-07-27 13:07:05.584,-0.27,0.63,0.78,38.09,24.72,38.88
worker 1,2026-07-27 13:07:05.587,-0.27,0.63,0.78,38.09,24.72,38.88
worker 1,2026-07-27 13:07:05.587,-0.22,0.66,0.7,12.57,33.08,73.85
worker 1,2026-07-27 13:07:05.588,-0.15,0.62,0.58,5.0,38.64,90.76
worker 1,2026-07-27 13:07:05.589,-0.15,0.62,0.58,5.0,38.64,90.76
worker 1,2026-07-27 13:07:05.589,-0.08,0.67,0.56,-0.73,41.56,92.04
worker 1,2026-07-27 13:07:05.589,-0.02,0.75,0.64,-2.38,36.74,84.23
worker 1,2026-07-27 13:07:05.590,-0.02,0.75,0.64,-2.38,36.74,84.23
worker 1,2026-07-27 13:07:05.590,0.0,0.76,0.69,8.67,17.03,72.57
worker 1,2026-07-27 13:07:05.590,0.0,0.76,0.69,22.71,-13.24,60.42
worker 1,2026-07-27 13:07:05.764,0.03,0.68,0.6,22.71,-13.24,60.42
worker 1,2026-07-27 13:07:05.765,0.08,0.57,0.44,11.6,-34.3,44.13
worker 1,2026-07-27 13:07:05.765,0.1,0.44,0.47,-45.35,-33.02,21.06
worker 1,2026-07-27 13:07:05.766,0.1,0.44,0.47,-45.35,-33.02,21.06
worker 1,2026-07-27 13:07:05.766,0.01,0.32,0.65,-137.7,-16.91,-6.35
worker 1,2026-07-27 13:07:05.767,0.01,0.32,0.65,-137.7,-16.91,-6.35
worker 1,2026-07-27 13:07:05.767,-0.22,0.24,0.87,-224.49,22.34,-52.55
worker 1,2026-07-27 13:07:05.767,-0.49,0.12,1.08,-277.89,85.69,-91.8
worker 1,2026-07-27 13:07:05.768,-0.49,0.12,1.08,-277.89,85.69,-91.8
worker 1,2026-07-27 13:07:05.769,-0.64,-0.1,1.15,-293.58,109.5,-48.03
worker 1,2026-07-27 13:07:05.771,-0.64,-0.1,1.15,-293.58,109.5,-48.03
worker 1,2026-07-27 13:07:05.772,-0.59,-0.35,1.07,-271.0,54.5,45.96
worker 1,2026-07-27 13:07:05.772,-0.49,-0.4,0.97,-200.32,-1.65,54.93
worker 1,2026-07-27 13:07:05.773,-0.43,-0.25,0.93,-96.56,1.22,-37.9
worker 1,2026-07-27 13:07:05.773,-0.41,-0.11,0.91,-20.14,20.2,-105.22
worker 1,2026-07-27 13:07:06.664,-0.38,-0.18,0.88,-3.72,15.99,-74.4
worker 1,2026-07-27 13:07:06.664,-0.33,-0.33,0.86,-20.87,-0.18,-2.26
worker 1,2026-07-27 13:07:06.665,-0.33,-0.33,0.86,-20.87,-0.18,-2.26
worker 1,2026-07-27 13:07:06.665,-0.3,-0.4,0.85,-28.99,-6.84,33.2
worker 1,2026-07-27 13:07:06.665,-0.31,-0.37,0.83,-11.9,-5.19,25.88
worker 1,2026-07-27 13:07:06.666,-0.31,-0.37,0.83,-11.9,-5.19,25.88
worker 1,2026-07-27 13:07:06.666,-0.35,-0.34,0.8,10.99,-5.49,12.15
worker 1,2026-07-27 13:07:06.667,-0.35,-0.34,0.8,10.99,-5.49,12.15
worker 1,2026-07-27 13:07:06.667,-0.38,-0.36,0.79,16.3,-2.2,9.89
worker 1,2026-07-27 13:07:06.785,-0.38,-0.36,0.79,16.3,-2.2,9.89
worker 1,2026-07-27 13:07:06.786,-0.35,-0.35,0.78,11.78,12.57,9.28
worker 1,2026-07-27 13:07:06.786,-0.32,-0.32,0.78,10.19,34.42,-3.54
worker 1,2026-07-27 13:07:06.787,-0.34,-0.31,0.85,10.44,58.59,-21.61
worker 1,2026-07-27 13:07:06.851,-0.33,-0.35,1.03,1.04,78.25,-24.23
worker 1,2026-07-27 13:07:06.853,-0.33,-0.35,1.03,1.04,78.25,-24.23
worker 1,2026-07-27 13:07:06.861,-0.26,-0.44,1.22,-20.87,72.69,-8.91
worker 1,2026-07-27 13:07:06.861,-0.26,-0.48,1.26,-33.02,30.4,-1.4
worker 1,2026-07-27 13:07:06.863,-0.26,-0.48,1.26,-33.02,30.4,-1.4
worker 1,2026-07-27 13:07:06.863,-0.33,-0.42,1.16,-21.48,-29.17,-15.99
worker 1,2026-07-27 13:07:06.866,-0.33,-0.42,1.16,-21.48,-29.17,-15.99
worker 1,2026-07-27 13:07:06.866,-0.34,-0.34,1.03,-6.53,-80.32,-23.25
worker 1,2026-07-27 13:07:06.866,-0.23,-0.3,0.91,-4.46,-113.89,-4.46
worker 1,2026-07-27 13:07:06.867,-0.05,-0.27,0.86,-6.65,-128.11,16.72
worker 1,2026-07-27 13:07:06.867,0.09,-0.27,0.9,-6.16,-122.01,24.05
worker 1,2026-07-27 13:07:06.868,0.12,-0.31,0.95,-3.48,-101.56,19.1
worker 1,2026-07-27 13:07:06.868,0.04,-0.34,0.98,-1.28,-85.21,4.46
worker 1,2026-07-27 13:07:06.869,-0.1,-0.35,0.95,-2.99,-86.67,-12.15
worker 1,2026-07-27 13:07:06.869,-0.24,-0.35,0.88,-8.36,-93.75,-23.56
worker 1,2026-07-27 13:07:06.869,-0.34,-0.36,0.81,-19.17,-87.22,-28.63
worker 1,2026-07-27 13:07:06.869,-0.34,-0.36,0.81,-37.6,-60.49,-32.23
worker 1,2026-07-27 13:07:06.869,-0.39,-0.36,0.74,-37.6,-60.49,-32.23
worker 1,2026-07-27 13:07:06.869,-0.41,-0.34,0.64,-56.52,-14.89,-39.61
worker 1,2026-07-27 13:07:06.870,-0.41,-0.33,0.54,-63.9,42.18,-40.47
worker 1,2026-07-27 13:07:06.872,-0.48,-0.41,0.47,-55.18,104.55,-14.65
worker 1,2026-07-27 13:07:06.873,-0.58,-0.55,0.53,-33.08,178.65,39.86
worker 1,2026-07-27 13:07:06.903,-0.57,-0.67,0.7,-9.34,242.74,101.68
worker 1,2026-07-27 13:07:06.904,-0.57,-0.67,0.7,-9.34,242.74,101.68
worker 1,2026-07-27 13:07:06.904,-0.53,-0.81,0.82,-27.04,260.13,149.96
worker 1,2026-07-27 13:07:07.025,-0.53,-0.81,0.82,-27.04,260.13,149.96
worker 1,2026-07-27 13:07:07.025,-0.68,-1.02,0.76,-117.49,245.48,179.32
worker 1,2026-07-27 13:07:07.025,-0.68,-1.02,0.76,-162.78,224.12,151.79
worker 1,2026-07-27 13:07:07.025,-0.81,-1.08,0.62,-162.78,224.12,151.79
worker 1,2026-07-27 13:07:07.025,-0.77,-0.8,0.55,-37.6,213.13,43.52
worker 1,2026-07-27 13:07:07.084,-0.77,-0.8,0.55,-37.6,213.13,43.52
worker 1,2026-07-27 13:07:07.505,-0.71,-0.44,0.52,141.42,188.29,-62.87
worker 1,2026-07-27 13:07:07.506,-0.71,-0.44,0.52,141.42,188.29,-62.87
worker 1,2026-07-27 13:07:07.506,-0.67,-0.25,0.49,210.82,116.33,-91.06
worker 1,2026-07-27 13:07:07.744,-0.64,-0.25,0.48,170.29,38.33,-67.2
worker 1,2026-07-27 13:07:07.745,-0.64,-0.25,0.48,170.29,38.33,-67.2
worker 1,2026-07-27 13:07:07.923,-0.63,-0.31,0.5,101.14,-2.01,-45.23
worker 1,2026-07-27 13:07:07.924,-0.63,-0.31,0.5,101.14,-2.01,-45.23
worker 1,2026-07-27 13:07:07.924,-0.63,-0.38,0.51,56.7,-10.31,-33.75
worker 1,2026-07-27 13:07:07.924,-0.66,-0.46,0.52,34.73,-8.61,-17.09
worker 1,2026-07-27 13:07:07.926,-0.66,-0.46,0.52,34.73,-8.61,-17.09
worker 1,2026-07-27 13:07:07.926,-0.69,-0.57,0.5,16.42,-11.41,6.71
worker 1,2026-07-27 13:07:07.927,-0.72,-0.69,0.48,-3.36,-26.0,30.46
worker 1,2026-07-27 13:07:07.928,-0.72,-0.69,0.48,-3.36,-26.0,30.46
worker 1,2026-07-27 13:07:07.928,-0.74,-0.78,0.5,-18.49,-41.14,43.7
worker 1,2026-07-27 13:07:07.929,-0.74,-0.78,0.5,-18.49,-41.14,43.7
worker 1,2026-07-27 13:07:07.929,-0.76,-0.75,0.56,-9.89,-34.73,37.23
worker 1,2026-07-27 13:07:07.930,-0.76,-0.75,0.56,-9.89,-34.73,37.23
worker 1,2026-07-27 13:07:07.930,-0.73,-0.59,0.62,22.28,-10.31,12.15
worker 1,2026-07-27 13:07:07.931,-0.73,-0.59,0.62,22.28,-10.31,12.15
worker 1,2026-07-27 13:07:07.932,-0.66,-0.43,0.64,38.82,-4.82,-12.33
worker 1,2026-07-27 13:07:07.932,-0.61,-0.42,0.69,18.07,-35.4,-17.94
worker 1,2026-07-27 13:07:07.933,-0.61,-0.42,0.69,18.07,-35.4,-17.94
worker 1,2026-07-27 13:07:07.933,-0.58,-0.63,0.91,-6.47,-86.06,-22.28
worker 1,2026-07-27 13:07:07.935,-0.58,-0.63,0.91,-6.47,-86.06,-22.28
worker 1,2026-07-27 13:07:07.935,-0.55,-0.75,1.18,29.17,-133.91,-63.84
worker 1,2026-07-27 13:07:07.936,-0.5,-0.58,1.31,125.98,-149.78,-124.82
worker 1,2026-07-27 13:07:07.936,-0.46,-0.35,1.33,198.49,-140.69,-142.82
worker 1,2026-07-27 13:07:07.937,-0.46,-0.35,1.33,198.49,-140.69,-142.82
worker 1,2026-07-27 13:07:07.938,-0.44,-0.23,1.24,189.58,-144.41,-106.02
worker 1,2026-07-27 13:07:07.938,-0.42,-0.21,1.04,133.85,-160.22,-54.57
worker 1,2026-07-27 13:07:07.939,-0.42,-0.21,1.04,133.85,-160.22,-54.57
worker 1,2026-07-27 13:07:07.940,-0.38,-0.24,0.75,78.74,-171.81,-20.2
worker 1,2026-07-27 13:07:07.941,-0.28,-0.27,0.46,30.82,-170.41,-14.4
worker 1,2026-07-27 13:07:07.942,-0.18,-0.29,0.19,1.34,-137.82,-43.7
worker 1,2026-07-27 13:07:07.943,-0.2,-0.35,0.13,-20.08,-64.82,-94.91
worker 1,2026-07-27 13:07:08.104,-0.2,-0.35,0.13,-20.08,-64.82,-94.91
worker 1,2026-07-27 13:07:08.105,-0.22,-0.46,0.5,-48.22,0.92,-131.65
worker 1,2026-07-27 13:07:08.105,-0.13,-0.5,1.03,-59.88,33.26,-123.9
worker 1,2026-07-27 13:07:09.185,0.01,-0.41,1.42,-54.02,66.77,-80.38
worker 1,2026-07-27 13:07:09.186,0.01,-0.41,1.42,-54.02,66.77,-80.38
worker 1,2026-07-27 13:07:09.187,0.14,-0.26,1.39,-29.85,95.4,-25.94
worker 1,2026-07-27 13:07:09.187,0.21,-0.14,1.02,27.34,81.48,29.97
worker 1,2026-07-27 13:07:09.243,0.21,-0.14,1.02,27.34,81.48,29.97
worker 1,2026-07-27 13:07:09.244,0.21,-0.14,1.02,27.34,81.48,29.97
worker 1,2026-07-27 13:07:09.244,0.15,-0.2,0.78,58.59,-9.28,80.32
worker 1,2026-07-27 13:07:09.246,0.15,-0.2,0.78,58.59,-9.28,80.32
worker 1,2026-07-27 13:07:09.247,0.01,-0.15,0.8,22.34,-8.42,37.41
worker 1,2026-07-27 13:07:09.247,0.01,-0.15,0.8,25.02,-10.25,38.51
worker 1,2026-07-27 13:07:09.248,-0.05,-0.07,0.61,25.02,-10.25,38.51
worker 1,2026-07-27 13:07:09.248,-0.11,-0.14,0.41,0.06,-4.82,61.71
worker 1,2026-07-27 13:07:09.249,-0.11,-0.14,0.41,0.06,-4.82,61.71
worker 1,2026-07-27 13:07:09.250,-0.21,-0.25,0.37,-34.3,39.55,72.88
worker 1,2026-07-27 13:07:09.250,-0.35,-0.29,0.67,-50.11,113.59,59.88
worker 1,2026-07-27 13:07:09.252,-0.35,-0.29,0.67,-50.11,113.59,59.88
worker 1,2026-07-27 13:07:09.252,-0.43,-0.21,1.21,-44.25,170.29,37.72
worker 1,2026-07-27 13:07:09.306,-0.43,-0.21,1.21,-44.25,170.29,37.72
worker 1,2026-07-27 13:07:09.307,-0.43,-0.21,1.21,-44.25,170.29,37.72
worker 1,2026-07-27 13:07:09.307,-0.39,0.25,1.89,38.94,173.22,73.0
worker 1,2026-07-27 13:07:09.307,-0.39,0.25,1.89,76.9,139.89,148.62
worker 1,2026-07-27 13:07:09.308,-0.17,0.09,1.86,76.9,139.89,148.62
worker 1,2026-07-27 13:07:09.484,0.01,-0.3,1.51,105.65,46.51,179.57
worker 1,2026-07-27 13:07:09.484,-0.03,-0.18,1.04,106.87,-49.13,109.92
worker 1,2026-07-27 13:07:09.485,-0.19,0.14,0.67,23.5,-84.9,33.39
worker 1,2026-07-27 13:07:09.486,-0.19,0.14,0.67,23.5,-84.9,33.39
worker 1,2026-07-27 13:07:09.486,-0.37,0.26,0.53,-74.65,-84.53,1.22
worker 1,2026-07-27 13:07:09.487,-0.37,0.26,0.53,-84.84,-82.82,-8.36
worker 1,2026-07-27 13:07:09.488,-0.41,0.25,0.61,-84.84,-82.82,-8.36
worker 1,2026-07-27 13:07:09.488,-0.27,0.26,0.85,-42.66,-70.5,-9.77
worker 1,2026-07-27 13:07:09.489,-0.27,0.26,0.85,-42.66,-70.5,-9.77
worker 1,2026-07-27 13:07:09.489,-0.24,0.28,1.04,-13.49,-39.12,-5.25
worker 1,2026-07-27 13:07:09.490,-0.24,0.28,1.04,-13.49,-39.12,-5.25
worker 1,2026-07-27 13:07:09.490,-0.35,0.28,1.04,-14.16,-16.91,14.16
worker 1,2026-07-27 13:07:09.491,-0.35,0.28,1.04,-14.16,-16.91,14.16
worker 1,2026-07-27 13:07:09.491,-0.41,0.23,0.79,-24.23,-1.34,24.66
worker 1,2026-07-27 13:07:09.492,-0.41,0.23,0.79,-24.23,-1.34,24.66
worker 1,2026-07-27 13:07:09.492,-0.45,0.07,0.56,-37.78,44.8,-0.06
worker 1,2026-07-27 13:07:09.493,-0.45,0.07,0.56,-68.6,114.32,-36.13
worker 1,2026-07-27 13:07:09.493,-0.45,-0.06,0.66,-68.6,114.32,-36.13
worker 1,2026-07-27 13:07:09.494,-0.34,-0.07,0.89,-100.95,140.26,-28.08
worker 1,2026-07-27 13:07:09.495,-0.24,-0.15,0.98,-142.09,99.06,-2.87
worker 1,2026-07-27 13:07:09.496,-0.24,-0.15,0.98,-142.09,99.06,-2.87
worker 1,2026-07-27 13:07:09.496,-0.3,-0.41,0.86,-204.83,70.62,-38.02
worker 1,2026-07-27 13:07:09.497,-0.3,-0.41,0.86,-204.83,70.62,-38.02
worker 1,2026-07-27 13:07:09.498,-0.4,-0.64,0.65,-221.13,61.71,-97.41
worker 1,2026-07-27 13:07:09.498,-0.47,-0.65,0.53,-118.84,28.81,-108.89
worker 1,2026-07-27 13:07:09.499,-0.47,-0.65,0.53,-118.84,28.81,-108.89
worker 1,2026-07-27 13:07:09.499,-0.58,-0.64,0.77,31.56,-1.77,-52.73
worker 1,2026-07-27 13:07:09.500,-0.58,-0.64,0.77,31.56,-1.77,-52.73
worker 1,2026-07-27 13:07:09.501,-0.6,-0.67,1.19,112.18,-22.77,31.01
worker 1,2026-07-27 13:07:09.502,-0.47,-0.65,1.26,88.2,-29.6,83.31
worker 1,2026-07-27 13:07:09.505,-0.42,-0.56,0.87,-2.69,-28.99,73.67
worker 1,2026-07-27 13:07:09.505,-0.46,-0.5,0.5,-82.21,-35.34,29.05
worker 1,2026-07-27 13:07:09.506,-0.46,-0.5,0.5,-82.21,-35.34,29.05
worker 1,2026-07-27 13:07:09.785,-0.51,-0.53,0.55,-87.71,-23.07,6.59
worker 1,2026-07-27 13:07:09.785,-0.54,-0.51,0.78,-44.25,7.26,4.03
worker 1,2026-07-27 13:07:09.786,-0.57,-0.4,0.71,-13.43,20.57,-1.71
worker 1,2026-07-27 13:07:09.786,-0.62,-0.25,0.45,0.85,19.35,-5.0
worker 1,2026-07-27 13:07:09.787,-0.62,-0.25,0.45,0.85,19.35,-5.0
worker 1,2026-07-27 13:07:09.788,-0.64,-0.24,0.36,-5.62,14.47,11.9
worker 1,2026-07-27 13:07:09.788,-0.59,-0.39,0.48,-36.68,13.92,26.49
worker 1,2026-07-27 13:07:09.789,-0.59,-0.39,0.48,-36.68,13.92,26.49
worker 1,2026-07-27 13:07:09.789,-0.47,-0.49,0.57,-72.94,17.33,0.73
worker 1,2026-07-27 13:07:09.969,-0.42,-0.61,0.59,-139.77,15.5,-31.19
worker 1,2026-07-27 13:07:10.033,-0.42,-0.61,0.59,-139.77,15.5,-31.19
worker 1,2026-07-27 13:07:10.033,-0.44,-0.79,0.59,-191.89,0.85,-13.92
worker 1,2026-07-27 13:07:10.034,-0.44,-0.79,0.59,-191.89,0.85,-13.92
worker 1,2026-07-27 13:07:10.155,-0.39,-0.87,0.54,-111.27,-28.81,26.86
worker 1,2026-07-27 13:07:10.865,-0.39,-0.87,0.54,-111.27,-28.81,26.86
worker 1,2026-07-27 13:07:10.865,-0.32,-0.88,0.47,26.61,-36.74,29.6
worker 1,2026-07-27 13:07:10.866,-0.32,-0.88,0.47,77.76,-17.94,-5.98
worker 1,2026-07-27 13:07:10.866,-0.26,-0.87,0.45,77.76,-17.94,-5.98
worker 1,2026-07-27 13:07:10.866,-0.31,-0.81,0.52,34.79,-4.39,-42.42
worker 1,2026-07-27 13:07:10.867,-0.31,-0.81,0.52,34.79,-4.39,-42.42
worker 1,2026-07-27 13:07:10.867,-0.63,-0.84,0.56,-42.85,4.94,-71.29
worker 1,2026-07-27 13:07:10.867,-0.94,-0.94,0.4,-69.89,16.48,-84.23
worker 1,2026-07-27 13:07:10.869,-0.94,-0.94,0.4,-69.89,16.48,-84.23
worker 1,2026-07-27 13:07:10.871,-0.86,-0.82,0.26,-31.62,-25.02,-60.18
worker 1,2026-07-27 13:07:10.871,-0.51,-0.54,0.41,12.15,-112.55,-23.68
worker 1,2026-07-27 13:07:10.985,-0.51,-0.54,0.41,12.15,-112.55,-23.68
worker 1,2026-07-27 13:07:10.985,-0.28,-0.39,0.61,32.23,-145.94,-0.18
worker 1,2026-07-27 13:07:10.986,-0.28,-0.39,0.61,32.23,-145.94,-0.18
worker 1,2026-07-27 13:07:10.986,-0.23,-0.5,0.6,28.63,-116.46,18.92
worker 1,2026-07-27 13:07:10.986,-0.28,-0.73,0.53,14.53,-54.2,18.55
worker 1,2026-07-27 13:07:10.987,-0.36,-0.85,0.53,-8.79,19.29,-15.75
worker 1,2026-07-27 13:07:10.987,-0.35,-0.82,0.57,-38.64,43.95,-43.82
worker 1,2026-07-27 13:07:11.284,-0.35,-0.82,0.57,-38.64,43.95,-43.82
worker 1,2026-07-27 13:07:11.285,-0.23,-0.78,0.51,-58.53,13.18,-34.73
worker 1,2026-07-27 13:07:11.286,-0.11,-0.78,0.46,-44.56,-6.47,-22.34
worker 1,2026-07-27 13:07:11.286,-0.08,-0.81,0.4,17.03,35.03,-38.09
worker 1,2026-07-27 13:07:11.286,-0.16,-0.81,0.37,87.1,87.77,-29.17
worker 1,2026-07-27 13:07:11.706,-0.16,-0.81,0.37,87.1,87.77,-29.17
worker 1,2026-07-27 13:07:11.707,-0.25,-0.74,0.48,117.13,95.95,21.91
worker 1,2026-07-27 13:07:11.708,-0.25,-0.74,0.48,117.13,95.95,21.91
worker 1,2026-07-27 13:07:11.708,-0.25,-0.73,0.6,95.34,75.5,49.74
worker 1,2026-07-27 13:07:11.708,-0.22,-0.77,0.59,39.61,48.4,44.92
worker 1,2026-07-27 13:07:11.709,-0.28,-0.93,0.49,-83.5,0.73,48.46
worker 1,2026-07-27 13:07:11.710,-0.28,-0.93,0.49,-83.5,0.73,48.46
worker 1,2026-07-27 13:07:11.710,-0.37,-1.19,0.35,-288.64,-69.4,86.79
worker 1,2026-07-27 13:07:11.711,-0.37,-1.19,0.35,-288.64,-69.4,86.79
worker 1,2026-07-27 13:07:11.711,-0.38,-1.18,0.15,-378.66,-79.77,106.08
worker 1,2026-07-27 13:07:11.712,-0.43,-0.9,-0.0,-282.47,-23.8,57.68
worker 1,2026-07-27 13:07:11.714,-0.57,-0.68,-0.2,-214.42,11.66,-11.96
worker 1,2026-07-27 13:07:11.714,-0.6,-0.8,-0.33,-288.02,27.89,-55.3
worker 1,2026-07-27 13:07:11.714,-0.45,-0.91,-0.32,-291.2,81.79,-64.7
worker 1,2026-07-27 13:07:11.715,-0.34,-0.7,-0.33,-131.53,128.72,-45.84
worker 1,2026-07-27 13:07:11.716,-0.31,-0.56,-0.35,-1.65,111.63,-14.22
worker 1,2026-07-27 13:07:11.716,-0.33,-0.57,-0.37,38.7,64.51,29.11
worker 1,2026-07-27 13:07:11.718,-0.33,-0.57,-0.37,38.7,64.51,29.11
worker 1,2026-07-27 13:07:11.718,-0.38,-0.62,-0.38,25.82,39.49,99.85
worker 1,2026-07-27 13:07:11.718,-0.36,-0.63,-0.49,14.47,47.73,174.87
worker 1,2026-07-27 13:07:11.719,-0.36,-0.63,-0.49,14.47,47.73,174.87
worker 1,2026-07-27 13:07:11.721,-0.29,-0.62,-0.73,53.59,23.25,181.34
worker 1,2026-07-27 13:07:11.721,-0.27,-0.72,-0.89,75.87,-45.96,99.12
worker 1,2026-07-27 13:07:11.722,-0.32,-0.89,-0.84,62.13,-70.86,16.11
worker 1,2026-07-27 13:07:11.723,-0.38,-0.93,-0.51,116.39,-12.15,22.4
worker 1,2026-07-27 13:07:11.724,-0.77,-0.61,-0.25,160.89,101.07,151.12
worker 1,2026-07-27 13:07:11.724,-1.09,-0.09,-0.3,21.0,166.14,265.5
worker 1,2026-07-27 13:07:11.726,-0.92,0.15,-0.41,-203.92,89.36,207.7
worker 1,2026-07-27 13:07:11.727,-0.92,0.15,-0.41,-203.92,89.36,207.7
worker 1,2026-07-27 13:07:11.727,-0.86,0.05,-0.42,-320.19,-46.45,69.64
worker 1,2026-07-27 13:07:11.728,-0.86,0.05,-0.42,-320.19,-46.45,69.64
worker 1,2026-07-27 13:07:11.729,-0.95,-0.05,-0.33,-266.97,-115.66,-10.3
worker 1,2026-07-27 13:07:11.730,-1.01,0.03,-0.29,-130.31,-106.69,-2.08
worker 1,2026-07-27 13:07:11.884,-0.97,0.09,-0.45,-36.07,-78.37,68.48
worker 1,2026-07-27 13:07:11.884,-0.9,0.08,-0.49,26.37,-65.25,162.23
worker 1,2026-07-27 13:07:11.885,-0.9,0.08,-0.49,26.37,-65.25,162.23
worker 1,2026-07-27 13:07:12.304,-0.82,0.05,-0.34,72.75,-50.96,223.14
worker 1,2026-07-27 13:07:12.304,-0.76,0.07,-0.32,94.06,-26.55,197.33
worker 1,2026-07-27 13:07:12.728,-0.76,0.07,-0.32,94.06,-26.55,197.33
worker 1,2026-07-27 13:07:12.729,-0.79,0.22,-0.3,108.83,-47.36,115.6
worker 1,2026-07-27 13:07:13.023,-0.83,0.36,-0.15,76.78,-131.65,47.3
worker 1,2026-07-27 13:07:13.024,-0.83,0.36,-0.15,76.78,-131.65,47.3
worker 1,2026-07-27 13:07:13.024,-0.96,0.32,-0.07,-6.9,-185.0,3.91
worker 1,2026-07-27 13:07:13.025,-0.96,0.32,-0.07,-6.9,-185.0,3.91
worker 1,2026-07-27 13:07:13.087,-1.12,0.3,-0.14,-40.16,-160.77,-18.92
worker 1,2026-07-27 13:07:13.088,-1.12,0.3,-0.14,-40.16,-160.77,-18.92
worker 1,2026-07-27 13:07:13.088,-1.11,0.36,-0.29,-0.73,-114.26,-16.91
worker 1,2026-07-27 13:07:13.088,-1.03,0.33,-0.4,35.95,-73.12,-4.82
worker 1,2026-07-27 13:07:13.756,-1.03,0.33,-0.4,35.95,-73.12,-4.82
worker 1,2026-07-27 13:07:13.760,-1.02,0.21,-0.41,43.95,-16.3,4.52
worker 1,2026-07-27 13:07:14.104,-1.02,0.21,-0.41,43.95,-16.3,4.52
worker 1,2026-07-27 13:07:14.106,-1.12,0.23,-0.32,64.09,42.36,-0.55
worker 1,2026-07-27 13:07:14.107,-1.32,0.37,-0.2,97.23,66.22,-13.43
worker 1,2026-07-27 13:07:14.107,-1.36,0.43,-0.1,112.12,63.35,-15.81
worker 1,2026-07-27 13:07:15.551,-1.15,0.41,-0.11,95.52,74.46,22.89
worker 1,2026-07-27 13:07:15.552,-1.15,0.41,-0.11,95.52,74.46,22.89
worker 1,2026-07-27 13:07:15.664,-0.87,0.42,-0.12,93.99,98.94,99.73
worker 1,2026-07-27 13:07:15.665,-0.87,0.42,-0.12,93.99,98.94,99.73
worker 1,2026-07-27 13:07:15.665,-0.62,0.42,-0.07,124.15,100.22,125.55
worker 1,2026-07-27 13:07:16.390,-0.62,0.42,-0.07,67.93,81.54,16.66
worker 1,2026-07-27 13:07:16.390,-0.61,0.31,-0.05,67.93,81.54,16.66
worker 1,2026-07-27 13:07:16.390,-0.81,0.27,-0.08,-73.67,66.65,-190.43
worker 1,2026-07-27 13:07:16.391,-0.81,0.27,-0.08,-73.67,66.65,-190.43
worker 1,2026-07-27 13:07:16.391,-0.79,0.39,-0.17,-121.77,26.67,-273.99
worker 1,2026-07-27 13:07:16.391,-0.66,0.42,-0.22,-74.77,-17.7,-144.96
worker 1,2026-07-27 13:07:16.391,-0.6,0.31,-0.21,-49.32,-36.62,18.86
worker 1,2026-07-27 13:07:16.392,-0.6,0.31,-0.21,-56.34,-71.84,110.11
worker 1,2026-07-27 13:07:16.392,-0.63,0.23,-0.27,-56.34,-71.84,110.11
worker 1,2026-07-27 13:07:16.392,-0.83,0.3,-0.47,-61.22,-113.16,148.01
worker 1,2026-07-27 13:07:17.234,-0.83,0.3,-0.47,-61.22,-113.16,148.01
worker 1,2026-07-27 13:07:17.236,-0.98,0.36,-0.74,46.69,-54.99,113.95
worker 1,2026-07-27 13:07:17.236,-0.74,0.22,-0.64,153.81,26.06,48.46
worker 1,2026-07-27 13:07:17.237,-0.74,0.22,-0.64,153.81,26.06,48.46
worker 1,2026-07-27 13:07:17.237,-0.33,0.02,-0.12,24.05,3.6,50.05
worker 1,2026-07-27 13:07:17.238,-0.33,0.02,-0.12,-134.83,-41.63,38.7
worker 1,2026-07-27 13:07:17.238,-0.56,0.23,-0.0,-134.83,-41.63,38.7
worker 1,2026-07-27 13:07:17.238,-1.45,0.75,-0.22,34.61,-57.01,-91.8
worker 1,2026-07-27 13:07:17.883,-1.68,0.73,-0.12,194.09,-22.89,-162.54
worker 1,2026-07-27 13:07:17.884,-1.68,0.73,-0.12,194.09,-22.89,-162.54
worker 1,2026-07-27 13:07:17.884,-1.14,0.35,-0.05,32.71,14.83,-78.12
worker 1,2026-07-27 13:07:17.885,-1.14,0.35,-0.05,32.71,14.83,-78.12
worker 1,2026-07-27 13:07:17.885,-0.82,0.22,-0.1,-137.7,-13.73,7.26
worker 1,2026-07-27 13:07:17.886,-0.82,0.3,-0.05,-129.64,-39.92,31.07
worker 1,2026-07-27 13:07:17.886,-0.94,0.41,-0.07,-50.96,-28.44,15.32
worker 1,2026-07-27 13:07:17.887,-0.94,0.41,-0.07,-50.96,-28.44,15.32
worker 1,2026-07-27 13:07:17.887,-0.99,0.41,-0.1,-18.62,-26.67,-1.28
worker 1,2026-07-27 13:07:17.888,-0.99,0.41,-0.1,-18.62,-26.67,-1.28
worker 1,2026-07-27 13:07:17.888,-0.95,0.32,-0.06,13.12,-24.66,-4.15
worker 1,2026-07-27 13:07:17.889,-0.95,0.32,-0.06,13.12,-24.66,-4.15
worker 1,2026-07-27 13:07:17.889,-0.91,0.25,-0.04,54.93,-9.7,-0.85
worker 1,2026-07-27 13:07:18.007,-0.91,0.25,-0.04,54.93,-9.7,-0.85
worker 1,2026-07-27 13:07:18.007,-0.89,0.22,-0.07,65.37,-6.65,3.66
worker 1,2026-07-27 13:07:18.007,-0.89,0.23,-0.14,43.09,-29.3,6.84
worker 1,2026-07-27 13:07:18.008,-0.89,0.23,-0.14,43.09,-29.3,6.84
worker 1,2026-07-27 13:07:18.127,-0.91,0.25,-0.18,19.96,-52.61,9.46
worker 1,2026-07-27 13:07:18.127,-0.95,0.24,-0.14,17.58,-47.49,16.11
worker 1,2026-07-27 13:07:18.128,-1.0,0.18,-0.09,22.03,-25.39,24.41
worker 1,2026-07-27 13:07:18.128,-1.07,0.13,-0.09,11.17,-9.58,27.71
worker 1,2026-07-27 13:07:18.129,-1.09,0.18,-0.18,-19.65,-8.97,21.97
worker 1,2026-07-27 13:07:18.129,-0.72,0.24,-0.09,-67.08,-20.51,6.29
worker 1,2026-07-27 13:07:18.130,-0.79,0.37,0.06,-96.98,37.54,5.31
worker 1,2026-07-27 13:07:18.131,-0.91,0.42,-0.1,-84.72,5.13,-3.78
worker 1,2026-07-27 13:07:18.131,-1.0,0.39,-0.11,-71.66,-37.84,-11.72
worker 1,2026-07-27 13:07:18.131,-1.03,0.31,-0.02,-38.15,-32.29,-11.17
worker 1,2026-07-27 13:07:18.132,-1.03,0.31,-0.02,-38.15,-32.29,-11.17
worker 1,2026-07-27 13:07:18.132,-0.66,0.25,0.24,12.57,42.18,4.39
worker 1,2026-07-27 13:07:18.133,-0.66,0.25,0.24,12.57,42.18,4.39
worker 1,2026-07-27 13:07:18.133,-1.1,0.14,-0.16,59.2,-115.3,9.89
worker 1,2026-07-27 13:07:18.134,-0.93,0.35,0.01,42.05,85.21,6.1
worker 1,2026-07-27 13:07:18.135,-0.75,0.3,-0.08,38.51,40.77,6.71
worker 1,2026-07-27 13:07:18.137,-0.75,0.3,-0.08,38.51,40.77,6.71
worker 1,2026-07-27 13:07:18.137,-0.68,0.28,-0.06,1.89,26.86,0.18
worker 1,2026-07-27 13:07:18.138,-0.68,0.28,-0.06,1.89,26.86,0.18
worker 1,2026-07-27 13:07:18.138,-0.67,0.34,-0.03,-30.4,19.41,-10.99
worker 1,2026-07-27 13:07:18.139,-0.67,0.34,-0.03,-30.4,19.41,-10.99
worker 1,2026-07-27 13:07:18.140,-0.73,0.4,-0.04,-39.61,7.02,-13.79
worker 1,2026-07-27 13:07:18.140,-0.85,0.39,-0.18,-31.8,-9.77,-7.69
worker 1,2026-07-27 13:07:18.141,-0.96,0.35,-0.43,-7.57,-26.25,-4.58
worker 1,2026-07-27 13:07:18.142,-1.03,0.38,-0.64,15.75,0.06,-7.45
worker 1,2026-07-27 13:07:18.142,-0.98,0.28,-0.04,0.49,-31.8,-8.97
worker 1,2026-07-27 13:07:18.185,-0.99,0.28,0.0,-32.84,-0.37,-0.31
worker 1,2026-07-27 13:07:18.550,-0.99,0.28,0.0,-32.84,-0.37,-0.31
worker 1,2026-07-27 13:07:18.551,-0.96,0.28,0.03,-27.59,10.31,1.53
worker 1,2026-07-27 13:07:18.551,-0.92,0.28,0.04,1.59,3.42,-1.65
worker 1,2026-07-27 13:07:18.551,-0.92,0.28,0.04,37.78,-8.85,-2.5
worker 1,2026-07-27 13:07:18.551,-0.92,0.26,0.01,37.78,-8.85,-2.5
worker 1,2026-07-27 13:07:18.552,-0.94,0.22,-0.02,54.44,-20.39,-1.71
worker 1,2026-07-27 13:07:18.553,-0.98,0.37,-0.09,7.02,114.75,-6.04
worker 1,2026-07-27 13:07:18.553,-1.04,0.4,0.06,-16.97,168.88,1.65
worker 1,2026-07-27 13:07:18.554,-1.14,0.41,0.17,-13.49,163.02,10.99
worker 1,2026-07-27 13:07:18.557,-1.14,0.41,0.17,-13.49,163.02,10.99
worker 1,2026-07-27 13:07:18.557,-0.98,0.4,0.11,6.35,108.58,16.24
worker 1,2026-07-27 13:07:18.558,-0.98,0.4,0.11,6.35,108.58,16.24
worker 1,2026-07-27 13:07:18.558,-0.77,0.32,-0.01,29.36,59.27,21.18
worker 1,2026-07-27 13:07:18.559,-0.7,0.23,-0.07,36.25,37.41,18.98
worker 1,2026-07-27 13:07:18.559,-0.67,0.24,-0.06,24.78,23.68,2.44
worker 1,2026-07-27 13:07:18.559,-0.63,0.3,-0.01,7.02,5.07,-13.43
worker 1,2026-07-27 13:07:18.560,-0.71,0.28,-0.09,-5.8,-20.45,-13.67
worker 1,2026-07-27 13:07:18.560,-0.97,0.24,-0.5,16.3,-49.26,-5.92
worker 1,2026-07-27 13:07:18.561,-0.97,0.24,-0.5,16.3,-49.26,-5.92
worker 1,2026-07-27 13:07:18.561,-1.19,0.3,-0.86,57.56,-55.05,-1.4
worker 1,2026-07-27 13:07:18.561,-1.01,0.32,-0.69,48.34,-20.63,-3.11
worker 1,2026-07-27 13:07:18.562,-1.01,0.32,-0.69,48.34,-20.63,-3.11
worker 1,2026-07-27 13:07:18.562,-0.91,0.23,-0.19,-25.45,7.57,-9.28
worker 1,2026-07-27 13:07:18.563,-1.11,0.27,0.05,-81.24,-13.24,-17.09
worker 1,2026-07-27 13:07:18.563,-1.11,0.27,0.05,-47.24,-51.88,-17.09
worker 1,2026-07-27 13:07:18.563,-1.01,0.45,-0.14,-47.24,-51.88,-17.09
worker 1,2026-07-27 13:07:18.563,-0.73,0.48,-0.1,5.92,-57.56,-6.04
worker 1,2026-07-27 13:07:18.564,-0.73,0.48,-0.1,5.92,-57.56,-6.04
worker 1,2026-07-27 13:07:18.564,-0.71,0.36,0.12,6.23,-25.82,12.02
worker 1,2026-07-27 13:07:18.565,-0.71,0.36,0.12,6.23,-25.82,12.02
worker 1,2026-07-27 13:07:19.267,-0.91,0.22,0.06,-7.45,-3.54,31.43
worker 1,2026-07-27 13:07:19.268,-0.91,0.22,0.06,-7.45,-3.54,31.43
worker 1,2026-07-27 13:07:19.269,-1.07,0.13,-0.07,11.47,-31.43,29.66
worker 1,2026-07-27 13:07:19.269,-1.05,0.16,-0.07,43.09,-65.8,7.08
worker 1,2026-07-27 13:07:20.106,-1.01,0.27,-0.06,31.49,-58.17,-10.62
worker 1,2026-07-27 13:07:20.107,-0.98,0.34,-0.04,-7.32,-26.67,-13.43
worker 1,2026-07-27 13:07:20.108,-0.93,0.33,0.02,-25.09,5.07,-3.54
worker 1,2026-07-27 13:07:20.109,-0.89,0.28,0.06,-13.31,22.22,9.58
worker 1,2026-07-27 13:07:20.110,-0.89,0.28,0.06,11.84,18.98,15.32
worker 1,2026-07-27 13:07:20.110,-0.9,0.23,0.03,11.84,18.98,15.32
worker 1,2026-07-27 13:07:20.113,-0.93,0.21,-0.04,22.52,-0.73,11.54
worker 1,2026-07-27 13:07:20.113,-0.95,0.22,-0.08,10.99,-26.0,2.87
worker 1,2026-07-27 13:07:20.114,-0.95,0.22,-0.08,10.99,-26.0,2.87
worker 1,2026-07-27 13:07:20.114,-0.96,0.24,-0.09,4.94,-44.92,-4.58
worker 1,2026-07-27 13:07:20.117,-0.97,0.25,-0.08,17.09,-51.7,-5.86
worker 1,2026-07-27 13:07:20.117,-0.97,0.25,-0.08,32.1,-47.36,-0.73
worker 1,2026-07-27 13:07:20.117,-0.99,0.24,-0.08,32.1,-47.36,-0.73
worker 1,2026-07-27 13:07:20.117,-1.01,0.2,-0.11,36.99,-37.66,5.74
worker 1,2026-07-27 13:07:20.118,-1.01,0.2,-0.11,36.99,-37.66,5.74
worker 1,2026-07-27 13:07:20.119,-1.02,0.18,-0.17,28.14,-31.37,6.9
worker 1,2026-07-27 13:07:20.119,-1.04,0.19,-0.21,13.43,-37.9,0.92
worker 1,2026-07-27 13:07:20.120,-1.13,0.19,-0.2,11.47,-43.33,-6.53
worker 1,2026-07-27 13:07:20.121,-1.17,0.22,-0.19,9.28,-13.55,-6.53
worker 1,2026-07-27 13:07:20.121,-1.17,0.22,-0.19,-18.13,55.6,0.85
worker 1,2026-07-27 13:07:20.122,-1.01,0.3,-0.15,-18.13,55.6,0.85
worker 1,2026-07-27 13:07:20.122,-0.89,0.38,-0.04,-43.58,128.6,8.67
worker 1,2026-07-27 13:07:20.123,-0.89,0.38,-0.04,-43.58,128.6,8.67
worker 1,2026-07-27 13:07:20.124,-1.01,0.38,0.07,-32.35,164.06,15.26
worker 1,2026-07-27 13:07:20.125,-1.01,0.38,0.07,-32.35,164.06,15.26
worker 1,2026-07-27 13:07:20.125,-1.09,0.3,0.15,0.92,142.64,18.37
worker 1,2026-07-27 13:07:20.126,-0.93,0.24,0.07,28.08,84.29,10.8
worker 1,2026-07-27 13:07:20.473,-0.93,0.24,0.07,28.08,84.29,10.8
worker 1,2026-07-27 13:07:20.474,-0.8,0.19,-0.08,41.63,31.01,-9.89
worker 1,2026-07-27 13:07:20.478,-0.82,0.17,-0.13,30.88,5.98,-34.3
worker 1,2026-07-27 13:07:20.479,-0.82,0.28,-0.08,-10.07,5.0,-52.37
worker 1,2026-07-27 13:07:20.479,-0.78,0.39,-0.03,-48.34,9.83,-53.83
worker 1,2026-07-27 13:07:20.480,-0.83,0.31,-0.09,-45.23,-1.53,-39.12
worker 1,2026-07-27 13:07:20.583,-0.92,0.2,-0.22,-13.79,-25.88,-25.09
worker 1,2026-07-27 13:07:20.584,-0.92,0.2,-0.22,-13.79,-25.88,-25.09
worker 1,2026-07-27 13:07:20.584,-0.98,0.2,-0.34,0.43,-35.52,-16.11
worker 1,2026-07-27 13:07:20.585,-1.01,0.24,-0.44,-19.23,-22.77,-9.83
worker 1,2026-07-27 13:07:20.585,-0.96,0.23,-0.45,-43.64,-5.13,-8.67
worker 1,2026-07-27 13:07:20.586,-0.96,0.23,-0.45,-43.64,-5.13,-8.67
worker 1,2026-07-27 13:07:20.587,-0.87,0.18,-0.24,-51.76,2.75,-7.39
worker 1,2026-07-27 13:07:20.588,-0.92,0.23,0.0,-60.91,0.43,1.04
worker 1,2026-07-27 13:07:20.589,-1.1,0.42,-0.08,-59.27,-15.44,7.39
worker 1,2026-07-27 13:07:20.704,-1.07,0.52,-0.28,-18.92,-40.53,6.35
worker 1,2026-07-27 13:07:20.705,-1.07,0.52,-0.28,23.32,-45.41,8.3
worker 1,2026-07-27 13:07:20.705,-0.84,0.4,-0.14,23.32,-45.41,8.3
worker 1,2026-07-27 13:07:20.705,-0.96,0.03,0.07,-18.43,-1.04,35.64
worker 1,2026-07-27 13:07:20.706,-1.03,0.07,-0.01,-43.09,-6.16,27.59
worker 1,2026-07-27 13:07:20.706,-1.03,0.07,-0.01,-56.34,-23.13,-0.98
worker 1,2026-07-27 13:07:20.709,-1.0,0.25,-0.07,-56.34,-23.13,-0.98
worker 1,2026-07-27 13:07:20.824,-1.0,0.36,-0.09,-75.99,-24.23,-18.37
worker 1,2026-07-27 13:07:21.005,-1.0,0.36,-0.09,-75.99,-24.23,-18.37
worker 1,2026-07-27 13:07:21.005,-1.01,0.3,-0.04,-70.68,-5.19,-12.02
worker 1,2026-07-27 13:07:21.006,-1.01,0.3,-0.04,-70.68,-5.19,-12.02
worker 1,2026-07-27 13:07:21.006,-0.97,0.21,0.03,-40.28,16.54,0.06
worker 1,2026-07-27 13:07:21.007,-0.91,0.19,0.06,-20.02,20.39,1.53
worker 1,2026-07-27 13:07:21.007,-0.89,0.22,0.05,-21.3,5.86,-4.39
worker 1,2026-07-27 13:07:21.245,-0.91,0.26,0.01,-31.37,-9.58,-8.06
worker 1,2026-07-27 13:07:21.246,-0.91,0.26,0.01,-31.37,-9.58,-8.06
worker 1,2026-07-27 13:07:21.246,-0.94,0.29,-0.02,-29.91,-17.64,-7.45
worker 1,2026-07-27 13:07:21.246,-0.94,0.29,-0.03,-17.03,-21.85,-4.46
worker 1,2026-07-27 13:07:21.247,-0.94,0.29,-0.03,-17.03,-21.85,-4.46
worker 1,2026-07-27 13:07:21.247,-0.93,0.28,-0.03,-4.03,-22.22,0.55
worker 1,2026-07-27 13:07:21.248,-0.93,0.28,-0.03,-4.03,-22.22,0.55
worker 1,2026-07-27 13:07:21.248,-0.96,0.26,-0.01,11.11,-15.93,7.81
worker 1,2026-07-27 13:07:21.607,-1.01,0.22,-0.0,20.87,-1.22,15.62
worker 1,2026-07-27 13:07:22.144,-1.01,0.22,-0.0,20.87,-1.22,15.62
worker 1,2026-07-27 13:07:22.453,-1.04,0.18,-0.03,10.93,11.17,18.74
worker 1,2026-07-27 13:07:22.455,-1.04,0.18,-0.03,10.93,11.17,18.74
worker 1,2026-07-27 13:07:22.456,-1.0,0.17,-0.09,-8.06,2.08,13.12
worker 1,2026-07-27 13:07:22.457,-0.96,0.16,-0.13,-17.58,-24.6,2.5
worker 1,2026-07-27 13:07:22.457,-0.98,0.13,-0.1,-10.8,-40.04,-3.36
worker 1,2026-07-27 13:07:22.867,-1.08,0.12,-0.03,-6.16,-22.16,2.01
worker 1,2026-07-27 13:07:23.104,-1.08,0.12,-0.03,-6.16,-22.16,2.01
worker 1,2026-07-27 13:07:23.704,-1.1,0.19,-0.02,-25.15,10.93,7.08
worker 1,2026-07-27 13:07:23.705,-0.94,0.37,-0.1,-59.45,31.25,0.43
worker 1,2026-07-27 13:07:23.706,-0.94,0.37,-0.1,-59.45,31.25,0.43
worker 1,2026-07-27 13:07:23.706,-0.8,0.52,-0.17,-72.08,59.69,1.95
worker 1,2026-07-27 13:07:23.706,-0.89,0.53,-0.13,-38.09,105.59,23.25
worker 1,2026-07-27 13:07:23.707,-0.89,0.53,-0.13,-38.09,105.59,23.25
worker 1,2026-07-27 13:07:23.708,-0.89,0.53,-0.13,-38.09,105.59,23.25
worker 1,2026-07-27 13:07:23.709,-0.89,0.53,-0.13,-38.09,105.59,23.25
worker 1,2026-07-27 13:07:24.006,-1.09,0.21,0.08,34.67,113.59,40.04
worker 1,2026-07-27 13:07:24.007,-1.09,0.21,0.08,34.67,113.59,40.04
worker 1,2026-07-27 13:07:24.007,-0.8,0.27,-0.11,-2.5,27.95,-9.77
worker 1,2026-07-27 13:07:24.010,-0.8,0.27,-0.11,-2.5,27.95,-9.77
worker 1,2026-07-27 13:07:24.010,-0.8,0.35,-0.16,-2.38,5.0,-31.19
worker 1,2026-07-27 13:07:24.012,-0.8,0.35,-0.16,14.34,-9.34,-46.26
worker 1,2026-07-27 13:07:24.012,-0.87,0.36,-0.14,14.34,-9.34,-46.26
worker 1,2026-07-27 13:07:24.305,-0.92,0.28,-0.16,18.8,-17.09,-54.02
worker 1,2026-07-27 13:07:24.844,-0.92,0.28,-0.16,18.8,-17.09,-54.02
worker 1,2026-07-27 13:07:24.844,-0.95,0.21,-0.21,4.33,-17.27,-57.25
worker 1,2026-07-27 13:07:24.845,-0.95,0.21,-0.21,4.33,-17.27,-57.25
worker 1,2026-07-27 13:07:24.846,-0.98,0.17,-0.27,-24.29,-6.35,-54.14
worker 1,2026-07-27 13:07:24.847,-0.93,0.19,-0.3,-62.62,12.82,-44.62
worker 1,2026-07-27 13:07:24.858,-0.81,0.26,-0.31,-83.74,26.0,-32.84
worker 1,2026-07-27 13:07:24.859,-0.76,0.26,-0.33,-72.69,21.3,-19.9
worker 1,2026-07-27 13:07:24.859,-0.8,0.21,-0.36,-46.94,3.36,-8.73
worker 1,2026-07-27 13:07:24.907,-0.9,0.21,-0.31,-30.03,-11.9,0.37
worker 1,2026-07-27 13:07:24.908,-0.9,0.21,-0.31,-30.03,-11.9,0.37
worker 1,2026-07-27 13:07:24.908,-1.06,0.27,-0.18,-35.34,-16.48,7.93
worker 1,2026-07-27 13:07:24.909,-1.06,0.27,-0.18,-35.34,-16.48,7.93
worker 1,2026-07-27 13:07:24.909,-1.17,0.34,-0.08,-46.45,-22.03,7.75
worker 1,2026-07-27 13:07:24.909,-1.04,0.39,-0.1,-31.86,-32.53,3.78
worker 1,2026-07-27 13:07:24.909,-0.88,0.33,-0.1,-6.04,-32.59,10.56
worker 1,2026-07-27 13:07:24.910,-0.87,0.16,0.01,-6.59,-21.61,24.29
worker 1,2026-07-27 13:07:24.979,-0.87,0.16,0.01,-6.59,-21.61,24.29
worker 1,2026-07-27 13:07:24.979,-0.94,0.08,0.04,-41.38,-12.21,26.86
worker 1,2026-07-27 13:07:24.980,-0.94,0.08,0.04,-41.38,-12.21,26.86
worker 1,2026-07-27 13:07:25.084,-0.98,0.2,-0.02,-80.44,-12.57,9.58
worker 1,2026-07-27 13:07:25.084,-0.99,0.33,-0.04,-96.13,-11.29,-8.67
worker 1,2026-07-27 13:07:25.144,-0.99,0.33,-0.04,-96.13,-11.29,-8.67
worker 1,2026-07-27 13:07:25.144,-0.99,0.3,-0.02,-95.64,2.08,-8.61
worker 1,2026-07-27 13:07:25.145,-1.0,0.21,0.03,-80.2,13.55,-1.34
worker 1,2026-07-27 13:07:25.145,-0.99,0.2,-0.04,-32.65,-10.62,-1.83
worker 1,2026-07-27 13:07:25.146,-0.99,0.19,0.01,-40.16,7.75,5.43
worker 1,2026-07-27 13:07:25.146,-0.93,0.26,-0.04,-13.85,-20.14,-4.82
worker 1,2026-07-27 13:07:25.205,-0.93,0.26,-0.04,-13.85,-20.14,-4.82
worker 1,2026-07-27 13:07:25.206,-0.94,0.25,-0.07,-5.62,-29.36,-3.6
worker 1,2026-07-27 13:07:25.206,-0.97,0.23,-0.1,10.31,-32.04,0.12
worker 1,2026-07-27 13:07:25.207,-0.97,0.23,-0.1,10.31,-32.04,0.12
worker 1,2026-07-27 13:07:25.207,-0.98,0.2,-0.12,24.41,-28.56,6.23
worker 1,2026-07-27 13:07:25.207,-0.94,0.21,0.01,62.87,34.06,-23.5
worker 1,2026-07-27 13:07:25.207,-0.82,0.02,0.01,-25.88,-21.3,-57.25
worker 1,2026-07-27 13:07:25.207,-0.96,0.12,-0.01,-136.6,6.53,25.21
worker 1,2026-07-27 13:07:25.208,-0.97,0.3,-0.07,-165.77,-10.74,-7.87
worker 1,2026-07-27 13:07:25.209,-0.99,0.32,-0.05,-165.04,9.58,-13.92
worker 1,2026-07-27 13:07:25.209,-1.03,0.2,0.01,-150.82,39.98,-0.12
worker 1,2026-07-27 13:07:25.210,-1.03,0.2,0.01,-150.82,39.98,-0.12
worker 1,2026-07-27 13:07:25.210,-1.01,0.13,0.08,-118.16,50.78,2.08
worker 1,2026-07-27 13:07:25.213,-1.01,0.13,0.08,-118.16,50.78,2.08
worker 1,2026-07-27 13:07:25.214,-0.92,0.27,-0.01,-103.94,-1.22,-15.56
worker 1,2026-07-27 13:07:25.214,-0.95,0.25,-0.03,-103.94,-1.22,-15.56
worker 1,2026-07-27 13:07:25.215,-0.96,0.22,0.0,-80.75,13.61,-0.12
worker 1,2026-07-27 13:07:25.215,-0.95,0.22,0.01,-73.55,23.13,8.3
worker 1,2026-07-27 13:07:25.216,-0.95,0.21,-0.0,-73.0,20.75,9.03
worker 1,2026-07-27 13:07:25.216,-0.97,0.21,-0.05,-73.97,8.42,6.59
worker 1,2026-07-27 13:07:25.216,-1.0,0.21,-0.13,-80.63,-13.12,0.85
worker 1,2026-07-27 13:07:25.217,-1.13,0.15,-0.12,-90.09,-14.65,8.54
worker 1,2026-07-27 13:07:25.230,-1.1,0.28,-0.32,-78.19,9.64,-60.36
worker 1,2026-07-27 13:07:25.230,-1.03,0.05,-0.21,-106.2,63.78,-58.53
worker 1,2026-07-27 13:07:25.231,-0.96,-0.18,-0.09,-143.92,86.18,-63.6
worker 1,2026-07-27 13:07:25.231,-0.96,-0.18,-0.09,-178.59,77.03,-69.58
worker 1,2026-07-27 13:07:25.231,-0.87,-0.14,-0.04,-178.59,77.03,-69.58
worker 1,2026-07-27 13:07:25.232,-0.69,0.14,-0.08,-184.81,53.96,-69.95
worker 1,2026-07-27 13:07:25.232,-0.55,0.36,-0.15,-155.76,19.53,-55.97
worker 1,2026-07-27 13:07:25.232,-0.84,0.39,-0.14,-100.89,-27.34,-25.02
worker 1,2026-07-27 13:07:25.233,-1.45,0.37,-0.25,-13.73,-74.65,5.19
worker 1,2026-07-27 13:07:25.233,-1.43,0.38,-0.26,63.29,-74.83,24.66
worker 1,2026-07-27 13:07:25.233,-0.9,0.34,0.08,25.02,-1.83,34.73
worker 1,2026-07-27 13:07:25.323,-0.9,0.34,0.08,25.02,-1.83,34.73
worker 1,2026-07-27 13:07:25.324,-0.76,0.32,0.24,-98.21,94.18,35.03
worker 1,2026-07-27 13:07:25.324,-0.94,0.32,0.08,-177.98,107.3,24.78
worker 1,2026-07-27 13:07:25.324,-0.99,0.28,-0.08,-155.03,21.36,3.48
worker 1,2026-07-27 13:07:25.864,-0.99,0.28,-0.08,-155.03,21.36,3.48
worker 1,2026-07-27 13:07:25.864,-0.95,0.27,-0.12,-69.09,-52.98,-17.76
worker 1,2026-07-27 13:07:25.874,-0.95,0.27,-0.12,-69.09,-52.98,-17.76
worker 1,2026-07-27 13:07:26.173,-0.91,0.27,-0.11,-9.83,-71.78,-29.66
worker 1,2026-07-27 13:07:26.174,-0.91,0.27,-0.11,-9.83,-71.78,-29.66
worker 1,2026-07-27 13:07:26.174,-0.88,0.23,-0.07,-10.93,-55.18,-27.59
worker 1,2026-07-27 13:07:26.174,-0.88,0.2,-0.01,-44.62,-15.26,-13.37
worker 1,2026-07-27 13:07:26.227,-0.88,0.2,-0.01,-44.62,-15.26,-13.37
worker 1,2026-07-27 13:07:26.228,-0.94,0.21,0.03,-61.65,22.16,1.22
worker 1,2026-07-27 13:07:26.228,-0.98,0.23,0.02,-58.96,31.01,6.71
worker 1,2026-07-27 13:07:26.229,-0.98,0.23,0.02,-58.96,31.01,6.71
worker 1,2026-07-27 13:07:26.230,-0.98,0.26,-0.02,-65.67,14.22,4.15
worker 1,2026-07-27 13:07:26.231,-0.96,0.28,-0.05,-71.59,-8.61,-0.43
worker 1,2026-07-27 13:07:26.231,-0.97,0.21,-0.09,-55.66,-27.59,-1.28
worker 1,2026-07-27 13:07:26.234,-0.97,0.21,-0.09,-55.66,-27.59,-1.28
worker 1,2026-07-27 13:07:26.234,-0.97,0.09,-0.12,-37.84,-38.51,1.22
worker 1,2026-07-27 13:07:26.235,-0.97,0.09,-0.12,-37.84,-38.51,1.22
worker 1,2026-07-27 13:07:26.235,-0.96,0.01,-0.1,-23.25,-39.73,0.37
worker 1,2026-07-27 13:07:26.235,-1.02,0.04,-0.01,-5.25,-34.48,-4.21
worker 1,2026-07-27 13:07:26.236,-1.14,0.1,0.06,-12.63,-20.94,-6.23
worker 1,2026-07-27 13:07:26.239,-1.13,0.16,0.1,-53.96,4.09,-5.31
worker 1,2026-07-27 13:07:26.240,-0.97,0.32,0.11,-81.73,31.68,-11.23
worker 1,2026-07-27 13:07:26.240,-0.8,0.52,0.08,-53.16,37.84,-25.33
worker 1,2026-07-27 13:07:26.241,-0.81,0.52,-0.02,-22.16,33.02,-23.32
worker 1,2026-07-27 13:07:26.241,-1.02,0.41,-0.12,-11.35,62.81,6.1
worker 1,2026-07-27 13:07:26.241,-1.16,0.35,-0.1,41.38,95.64,26.18
worker 1,2026-07-27 13:07:26.242,-1.16,0.35,-0.1,41.38,95.64,26.18
worker 1,2026-07-27 13:07:26.242,-1.08,0.28,0.0,83.98,89.42,20.69
worker 1,2026-07-27 13:07:26.242,-0.95,0.13,0.04,21.61,66.96,16.54
worker 1,2026-07-27 13:07:26.243,-0.95,0.13,0.04,21.61,66.96,16.54
worker 1,2026-07-27 13:07:26.243,-0.89,0.03,0.0,-67.93,49.26,15.14
worker 1,2026-07-27 13:07:26.243,-0.87,0.09,0.01,-82.46,38.94,-1.34
worker 1,2026-07-27 13:07:26.345,-0.87,0.09,0.01,-82.46,38.94,-1.34
worker 1,2026-07-27 13:07:26.346,-0.83,0.24,0.05,-61.46,28.38,-27.22
worker 1,2026-07-27 13:07:26.346,-0.81,0.39,-0.0,-50.48,12.45,-43.21
worker 1,2026-07-27 13:07:26.411,-0.88,0.48,-0.22,-39.86,-4.27,-38.57
worker 1,2026-07-27 13:07:27.004,-0.98,0.44,-0.51,-16.3,-5.49,-19.84
worker 1,2026-07-27 13:07:27.011,-0.98,0.44,-0.51,-16.3,-5.49,-19.84
worker 1,2026-07-27 13:07:27.012,-1.04,0.21,-0.57,5.55,19.47,-7.32
worker 1,2026-07-27 13:07:27.365,-0.96,-0.07,-0.39,-7.14,44.37,-12.7
worker 1,2026-07-27 13:07:27.432,-0.8,-0.17,-0.13,-51.51,37.17,-23.38
worker 1,2026-07-27 13:07:27.433,-0.8,-0.17,-0.13,-51.51,37.17,-23.38
worker 1,2026-07-27 13:07:27.434,-0.73,0.02,0.04,-92.53,8.73,-23.13
worker 1,2026-07-27 13:07:27.435,-1.09,0.5,-0.09,-91.43,-23.44,-21.67
worker 1,2026-07-27 13:07:27.435,-1.28,0.82,-0.42,-38.51,-55.3,-22.64
worker 1,2026-07-27 13:07:27.436,-0.86,0.62,-0.31,10.13,-48.77,-1.95
worker 1,2026-07-27 13:07:27.437,-0.86,0.62,-0.31,10.13,-48.77,-1.95
worker 1,2026-07-27 13:07:27.437,-0.72,0.21,0.14,11.17,-3.3,34.42
worker 1,2026-07-27 13:07:27.438,-0.97,-0.05,0.16,-12.45,9.58,57.01
worker 1,2026-07-27 13:07:27.484,-1.09,-0.02,-0.05,-15.69,-37.78,39.92
worker 1,2026-07-27 13:07:27.485,-1.09,-0.02,-0.05,-15.69,-37.78,39.92
worker 1,2026-07-27 13:07:27.485,-1.01,0.21,-0.09,-10.38,-75.13,-7.81
worker 1,2026-07-27 13:07:27.485,-0.95,0.41,-0.09,-42.48,-55.24,-30.88
worker 1,2026-07-27 13:07:27.486,-0.95,0.41,-0.09,-42.48,-55.24,-30.88
worker 1,2026-07-27 13:07:27.486,-0.98,0.38,-0.06,-76.17,-12.88,-12.57
worker 1,2026-07-27 13:07:27.492,-0.98,0.38,-0.06,-76.17,-12.88,-12.57
worker 1,2026-07-27 13:07:27.493,-0.93,0.15,0.09,-20.32,33.39,20.94
worker 1,2026-07-27 13:07:27.493,-0.9,0.18,0.06,-3.66,20.08,11.05
worker 1,2026-07-27 13:07:27.493,-0.9,0.24,0.01,-9.77,-8.79,-4.82
worker 1,2026-07-27 13:07:27.494,-0.9,0.24,0.01,-9.77,-8.79,-4.82
worker 1,2026-07-27 13:07:27.494,-0.92,0.29,-0.05,-4.58,-39.79,-16.97
worker 1,2026-07-27 13:07:27.495,-0.92,0.29,-0.05,-4.58,-39.79,-16.97
worker 1,2026-07-27 13:07:27.495,-0.93,0.3,-0.06,18.01,-59.94,-19.9
worker 1,2026-07-27 13:07:27.495,-0.95,0.28,-0.05,28.56,-58.11,-10.44
worker 1,2026-07-27 13:07:27.496,-0.95,0.28,-0.05,28.56,-58.11,-10.44
worker 1,2026-07-27 13:07:27.496,-1.0,0.25,-0.06,22.58,-38.21,8.12
worker 1,2026-07-27 13:07:27.497,-1.0,0.25,-0.06,22.09,-22.09,21.36
worker 1,2026-07-27 13:07:27.497,-1.05,0.21,-0.11,22.09,-22.09,21.36
worker 1,2026-07-27 13:07:27.497,-1.18,0.19,-0.11,29.11,-22.16,20.02
worker 1,2026-07-27 13:07:27.498,-1.28,0.18,-0.09,20.94,-19.65,11.72
worker 1,2026-07-27 13:07:27.498,-1.06,0.22,-0.09,-14.95,-2.44,0.24
worker 1,2026-07-27 13:07:27.500,-1.06,0.22,-0.09,-14.95,-2.44,0.24
worker 1,2026-07-27 13:07:27.501,-0.74,0.37,-0.07,-52.06,31.31,-7.2
worker 1,2026-07-27 13:07:27.501,-0.74,0.37,-0.07,-44.98,86.43,6.04
worker 1,2026-07-27 13:07:27.501,-0.71,0.51,-0.01,-44.98,86.43,6.04
worker 1,2026-07-27 13:07:27.543,-0.98,0.49,0.02,1.71,128.48,33.08
worker 1,2026-07-27 13:07:27.784,-0.98,0.49,0.02,1.71,128.48,33.08
worker 1,2026-07-27 13:07:27.785,-1.13,0.32,0.04,55.85,114.56,45.59
worker 1,2026-07-27 13:07:27.785,-1.01,0.2,0.03,74.22,66.89,33.45
worker 1,2026-07-27 13:07:27.785,-1.01,0.2,0.03,44.86,30.46,7.93
worker 1,2026-07-27 13:07:27.786,-0.83,0.23,-0.04,44.86,30.46,7.93
worker 1,2026-07-27 13:07:27.787,-0.73,0.31,-0.07,26.92,8.48,-19.59
worker 1,2026-07-27 13:07:27.788,-0.76,0.31,-0.05,34.79,-7.39,-37.78
worker 1,2026-07-27 13:07:27.789,-0.87,0.26,-0.08,37.41,-15.08,-40.65
worker 1,2026-07-27 13:07:27.847,-0.87,0.26,-0.08,37.41,-15.08,-40.65
worker 1,2026-07-27 13:07:27.848,-0.97,0.22,-0.17,22.09,-15.93,-35.16
worker 1,2026-07-27 13:07:27.848,-1.04,0.2,-0.27,-5.62,-12.57,-32.71
worker 1,2026-07-27 13:07:28.028,-1.04,0.2,-0.27,-5.62,-12.57,-32.71
worker 1,2026-07-27 13:07:28.028,-1.07,0.21,-0.35,-37.78,4.21,-35.16
worker 1,2026-07-27 13:07:28.028,-1.02,0.23,-0.35,-66.16,32.47,-38.94
worker 1,2026-07-27 13:07:28.029,-0.87,0.22,-0.32,-81.05,51.27,-41.63
worker 1,2026-07-27 13:07:28.030,-0.72,0.15,-0.25,-82.58,48.95,-38.02
worker 1,2026-07-27 13:07:28.264,-0.66,0.06,-0.15,-78.55,26.92,-27.71
worker 1,2026-07-27 13:07:28.265,-0.7,0.08,-0.11,-69.7,-7.26,-16.85
worker 1,2026-07-27 13:07:28.265,-1.01,0.22,-0.16,-48.28,-46.08,-11.41
worker 1,2026-07-27 13:07:28.266,-1.01,0.22,-0.16,-48.28,-46.08,-11.41
worker 1,2026-07-27 13:07:28.266,-1.42,0.47,-0.23,-9.4,-78.25,-12.82
worker 1,2026-07-27 13:07:28.267,-1.42,0.47,-0.23,27.4,-79.47,-12.27
worker 1,2026-07-27 13:07:28.267,-1.26,0.66,-0.27,27.4,-79.47,-12.27
worker 1,2026-07-27 13:07:28.268,-0.72,0.55,-0.09,36.62,-49.62,-0.12
worker 1,2026-07-27 13:07:28.624,-0.72,0.55,-0.09,36.62,-49.62,-0.12
worker 1,2026-07-27 13:07:28.625,-0.65,0.25,0.19,26.25,-3.23,31.25
worker 1,2026-07-27 13:07:28.626,-0.96,0.03,0.15,1.83,32.23,65.67
worker 1,2026-07-27 13:07:28.626,-1.16,0.04,-0.06,-27.04,6.41,59.39
worker 1,2026-07-27 13:07:28.627,-1.11,0.25,-0.16,-29.17,-54.75,11.29
worker 1,2026-07-27 13:07:28.628,-0.99,0.4,-0.1,-8.12,-85.94,-31.19
worker 1,2026-07-27 13:07:28.630,-0.99,0.4,-0.1,-8.12,-85.94,-31.19
worker 1,2026-07-27 13:07:28.631,-0.89,0.36,0.03,15.08,-60.36,-33.26
worker 1,2026-07-27 13:07:28.632,-0.86,0.27,0.09,20.94,5.0,-3.72
worker 1,2026-07-27 13:07:28.632,-0.89,0.2,0.05,0.24,48.77,20.87
worker 1,2026-07-27 13:07:28.634,-0.93,0.19,-0.01,-18.68,36.01,20.63
worker 1,2026-07-27 13:07:28.684,-0.95,0.23,-0.04,-12.33,-11.6,5.07
worker 1,2026-07-27 13:07:28.746,-0.94,0.25,-0.06,19.9,-57.25,-8.42
worker 1,2026-07-27 13:07:28.805,-0.97,0.23,-0.08,64.51,-81.05,-9.4
worker 1,2026-07-27 13:07:28.806,-0.97,0.23,-0.08,64.51,-81.05,-9.4
worker 1,2026-07-27 13:07:28.806,-1.01,0.18,-0.12,88.87,-80.44,-0.61
worker 1,2026-07-27 13:07:28.925,-1.06,0.16,-0.16,77.58,-65.19,5.07
worker 1,2026-07-27 13:07:29.046,-1.19,0.19,-0.18,46.57,-46.51,2.2
worker 1,2026-07-27 13:07:29.047,-1.19,0.19,-0.18,46.57,-46.51,2.2
worker 1,2026-07-27 13:07:29.047,-1.25,0.27,-0.18,25.21,-24.23,-6.35
worker 1,2026-07-27 13:07:29.224,-1.05,0.37,-0.13,18.74,7.93,-16.6
worker 1,2026-07-27 13:07:29.648,-0.82,0.42,0.03,18.31,67.93,-16.85
worker 1,2026-07-27 13:07:29.649,-0.88,0.48,0.18,16.66,133.67,-3.48
worker 1,2026-07-27 13:07:29.650,-1.05,0.52,0.19,9.09,149.78,15.01
worker 1,2026-07-27 13:07:29.650,-0.99,0.4,0.08,9.77,109.92,31.98
worker 1,2026-07-27 13:07:29.650,-0.81,0.29,-0.05,16.24,60.06,39.06
worker 1,2026-07-27 13:07:29.651,-0.68,0.32,-0.08,19.29,36.8,29.48
worker 1,2026-07-27 13:07:29.651,-0.65,0.39,-0.07,18.19,27.53,12.33
worker 1,2026-07-27 13:07:29.651,-0.67,0.4,-0.07,15.87,11.11,2.44
worker 1,2026-07-27 13:07:29.652,-0.76,0.35,-0.11,23.01,-15.44,-1.1
worker 1,2026-07-27 13:07:29.652,-0.89,0.29,-0.31,45.78,-43.15,-7.51
worker 1,2026-07-27 13:07:29.653,-0.89,0.29,-0.31,45.78,-43.15,-7.51
worker 1,2026-07-27 13:07:29.653,-1.03,0.32,-0.61,69.09,-53.77,-15.14
worker 1,2026-07-27 13:07:29.654,-1.03,0.32,-0.61,69.09,-53.77,-15.14
worker 1,2026-07-27 13:07:29.655,-1.04,0.35,-0.67,61.95,-32.78,-14.1
worker 1,2026-07-27 13:07:29.656,-1.04,0.35,-0.67,61.95,-32.78,-14.1
worker 1,2026-07-27 13:07:29.656,-1.07,0.35,-0.41,20.57,-5.49,-11.9
worker 1,2026-07-27 13:07:29.763,-1.07,0.35,-0.41,-10.68,-13.98,-22.22
worker 1,2026-07-27 13:07:30.133,-1.07,0.37,-0.11,-10.68,-13.98,-22.22
worker 1,2026-07-27 13:07:30.133,-0.87,0.39,0.03,1.04,-36.38,-26.98
worker 1,2026-07-27 13:07:30.134,-0.87,0.39,0.03,1.04,-36.38,-26.98
worker 1,2026-07-27 13:07:30.134,-0.76,0.39,0.04,18.8,-36.38,-11.29
worker 1,2026-07-27 13:07:30.135,-0.76,0.39,0.04,18.8,-36.38,-11.29
worker 1,2026-07-27 13:07:30.135,-0.83,0.28,0.07,10.38,-33.63,8.73
worker 1,2026-07-27 13:07:30.136,-0.83,0.28,0.07,10.38,-33.63,8.73
worker 1,2026-07-27 13:07:30.136,-0.95,0.17,0.04,-8.67,-36.13,22.77
worker 1,2026-07-27 13:07:30.137,-1.03,0.12,-0.03,-18.92,-37.29,24.48
worker 1,2026-07-27 13:07:30.137,-1.05,0.18,-0.06,-12.39,-36.56,8.06
worker 1,2026-07-27 13:07:30.138,-1.02,0.27,-0.05,-2.56,-29.24,-12.7
worker 1,2026-07-27 13:07:30.140,-1.02,0.27,-0.05,-2.56,-29.24,-12.7
worker 1,2026-07-27 13:07:30.140,-0.97,0.29,-0.01,4.03,-18.31,-18.37
worker 1,2026-07-27 13:07:30.140,-0.93,0.26,0.03,15.93,-11.54,-10.99
worker 1,2026-07-27 13:07:30.141,-0.93,0.26,0.03,15.93,-11.54,-10.99
worker 1,2026-07-27 13:07:30.141,-0.91,0.23,0.02,35.1,-18.8,-5.37
worker 1,2026-07-27 13:07:30.141,-0.92,0.21,-0.03,55.42,-37.54,-6.65
worker 1,2026-07-27 13:07:30.142,-0.95,0.19,-0.05,67.02,-50.23,-8.48
worker 1,2026-07-27 13:07:30.143,-0.98,0.18,-0.02,60.91,-42.42,-4.7
worker 1,2026-07-27 13:07:30.143,-0.97,0.18,0.02,30.46,-16.54,3.97
worker 1,2026-07-27 13:07:30.144,-0.97,0.18,0.02,30.46,-16.54,3.97
worker 1,2026-07-27 13:07:30.144,-0.96,0.22,0.02,-10.93,9.4,9.46
worker 1,2026-07-27 13:07:30.145,-0.96,0.22,0.02,-29.54,19.78,6.59
worker 1,2026-07-27 13:07:30.551,-0.95,0.28,0.0,-29.54,19.78,6.59
worker 1,2026-07-27 13:07:30.551,-0.94,0.31,-0.01,-13.49,8.54,0.67
worker 1,2026-07-27 13:07:30.551,-0.94,0.27,-0.05,27.83,-22.46,-2.44
worker 1,2026-07-27 13:07:30.552,-0.96,0.2,-0.12,75.26,-59.02,-2.93
worker 1,2026-07-27 13:07:30.552,-0.99,0.16,-0.18,101.14,-83.37,-5.49
worker 1,2026-07-27 13:07:30.553,-0.99,0.16,-0.18,101.14,-83.37,-5.49
worker 1,2026-07-27 13:07:30.553,-1.06,0.19,-0.2,94.73,-85.02,-12.63
worker 1,2026-07-27 13:07:30.553,-1.19,0.21,-0.2,79.04,-56.21,-16.42
worker 1,2026-07-27 13:07:30.554,-1.19,0.21,-0.2,79.04,-56.21,-16.42
worker 1,2026-07-27 13:07:30.554,-1.16,0.23,-0.18,65.67,10.38,-10.07
worker 1,2026-07-27 13:07:30.554,-1.16,0.23,-0.18,25.82,98.51,3.91
worker 1,2026-07-27 13:07:30.554,-0.94,0.31,-0.12,25.82,98.51,3.91
worker 1,2026-07-27 13:07:30.603,-0.96,0.33,-0.02,-27.22,168.33,26.79
worker 1,2026-07-27 13:07:30.664,-0.96,0.33,-0.02,-27.22,168.33,26.79
worker 1,2026-07-27 13:07:30.664,-1.16,0.29,0.11,-35.1,177.12,42.42
worker 1,2026-07-27 13:07:30.665,-1.16,0.29,0.11,-35.1,177.12,42.42
worker 1,2026-07-27 13:07:30.665,-1.07,0.26,0.12,2.75,125.73,33.33
worker 1,2026-07-27 13:07:30.665,-0.84,0.24,-0.05,36.68,69.27,15.01
worker 1,2026-07-27 13:07:30.666,-0.7,0.26,-0.17,52.06,39.12,-5.86
worker 1,2026-07-27 13:07:30.844,-0.7,0.26,-0.17,52.06,39.12,-5.86
worker 1,2026-07-27 13:07:30.844,-0.62,0.28,-0.14,49.62,27.59,-28.32
worker 1,2026-07-27 13:07:30.845,-0.66,0.31,-0.07,23.99,19.29,-34.73
worker 1,2026-07-27 13:07:30.845,-0.85,0.31,-0.12,-6.96,4.27,-18.62
worker 1,2026-07-27 13:07:30.846,-0.85,0.31,-0.12,-10.07,-16.42,1.53
worker 1,2026-07-27 13:07:30.846,-1.13,0.3,-0.41,-10.07,-16.42,1.53
worker 1,2026-07-27 13:07:31.087,-1.19,0.24,-0.62,23.74,-28.99,5.37
worker 1,2026-07-27 13:07:31.564,-1.19,0.24,-0.62,23.74,-28.99,5.37
worker 1,2026-07-27 13:07:31.564,-0.94,0.14,-0.45,36.38,-25.7,-3.36
worker 1,2026-07-27 13:07:31.565,-0.94,0.14,-0.45,36.38,-25.7,-3.36
worker 1,2026-07-27 13:07:31.565,-0.8,0.15,-0.21,-4.52,-24.9,-11.29
worker 1,2026-07-27 13:07:31.571,-0.8,0.15,-0.21,-4.52,-24.9,-11.29
worker 1,2026-07-27 13:07:31.580,-0.93,0.3,-0.21,-47.18,-39.67,-17.64
worker 1,2026-07-27 13:07:31.580,-0.93,0.3,-0.21,-45.53,-56.76,-22.71
worker 1,2026-07-27 13:07:31.581,-1.0,0.5,-0.33,-45.53,-56.76,-22.71
worker 1,2026-07-27 13:07:31.581,-0.89,0.59,-0.28,-16.6,-52.0,-16.3
worker 1,2026-07-27 13:07:31.582,-0.84,0.49,-0.12,-5.92,-29.36,3.3
worker 1,2026-07-27 13:07:31.744,-0.84,0.49,-0.12,-5.92,-29.36,3.3
worker 1,2026-07-27 13:07:31.744,-0.9,0.26,-0.04,-10.19,-25.57,20.94
worker 1,2026-07-27 13:07:31.745,-0.9,0.26,-0.04,-10.19,-25.57,20.94
worker 1,2026-07-27 13:07:31.746,-0.97,0.12,0.01,-2.5,-41.44,23.32
worker 1,2026-07-27 13:07:31.748,-0.95,0.15,0.05,13.12,-49.13,12.51
worker 1,2026-07-27 13:07:31.748,-0.88,0.26,0.08,30.94,-47.61,0.67
worker 1,2026-07-27 13:07:31.749,-0.88,0.26,0.08,30.94,-47.61,0.67
worker 1,2026-07-27 13:07:31.749,-0.88,0.32,0.08,52.8,-43.58,0.67
worker 1,2026-07-27 13:07:31.749,-0.92,0.28,0.08,70.62,-35.58,13.98
worker 1,2026-07-27 13:07:31.749,-0.97,0.18,0.07,74.28,-23.13,30.46
worker 1,2026-07-27 13:07:31.864,-1.06,0.07,0.02,59.88,-15.08,39.98
worker 1,2026-07-27 13:07:31.865,-1.06,0.07,0.02,59.88,-15.08,39.98
worker 1,2026-07-27 13:07:31.867,-1.1,0.07,-0.06,28.5,-21.48,31.49
worker 1,2026-07-27 13:07:31.867,-1.05,0.17,-0.09,-17.21,-29.91,6.29
worker 1,2026-07-27 13:07:31.868,-0.97,0.24,-0.05,-51.76,-19.23,-11.66
worker 1,2026-07-27 13:07:31.868,-0.93,0.23,0.01,-54.32,6.59,-9.58
worker 1,2026-07-27 13:07:31.868,-0.93,0.21,0.02,-41.93,21.73,-2.62
worker 1,2026-07-27 13:07:31.869,-0.93,0.21,0.02,-41.93,21.73,-2.62
worker 1,2026-07-27 13:07:31.870,-0.93,0.22,0.0,-29.6,9.89,-6.04
worker 1,2026-07-27 13:07:31.871,-0.92,0.27,-0.03,-19.29,-17.52,-15.87
worker 1,2026-07-27 13:07:32.164,-0.92,0.27,-0.03,-19.29,-17.52,-15.87
worker 1,2026-07-27 13:07:32.164,-0.93,0.29,-0.04,-11.84,-36.13,-17.58
worker 1,2026-07-27 13:07:32.165,-0.93,0.29,-0.04,-11.84,-36.13,-17.58
worker 1,2026-07-27 13:07:32.165,-0.94,0.28,-0.03,-9.16,-31.56,-4.39
worker 1,2026-07-27 13:07:32.165,-0.97,0.25,-0.03,-6.29,-13.06,13.73
worker 1,2026-07-27 13:07:32.166,-1.02,0.22,-0.05,0.12,-3.91,22.34
worker 1,2026-07-27 13:07:32.167,-1.02,0.22,-0.05,0.12,-3.91,22.34
worker 1,2026-07-27 13:07:32.167,-1.12,0.2,-0.08,6.41,-10.8,19.35
worker 1,2026-07-27 13:07:32.168,-1.12,0.2,-0.08,6.41,-10.8,19.35
worker 1,2026-07-27 13:07:32.168,-1.23,0.22,-0.09,6.77,-14.71,13.0
worker 1,2026-07-27 13:07:32.169,-1.16,0.3,-0.09,-10.01,-1.53,4.52
worker 1,2026-07-27 13:07:32.170,-0.91,0.41,-0.08,-38.7,26.49,-5.62
worker 1,2026-07-27 13:07:32.171,-0.75,0.47,-0.0,-41.99,73.36,-3.17
worker 1,2026-07-27 13:07:32.172,-0.86,0.49,0.08,-16.48,121.34,13.18
worker 1,2026-07-27 13:07:32.173,-0.86,0.49,0.08,-16.48,121.34,13.18
worker 1,2026-07-27 13:07:32.173,-1.04,0.44,0.1,10.8,131.47,28.87
worker 1,2026-07-27 13:07:32.231,-1.03,0.3,0.04,26.73,96.56,32.65
worker 1,2026-07-27 13:07:32.232,-0.9,0.25,-0.06,24.54,50.17,20.08
worker 1,2026-07-27 13:07:32.344,-0.9,0.25,-0.06,24.54,50.17,20.08
worker 1,2026-07-27 13:07:32.345,-0.77,0.32,-0.06,14.34,22.95,-2.2
worker 1,2026-07-27 13:07:32.403,-0.72,0.37,-0.0,10.31,8.0,-21.0
worker 1,2026-07-27 13:07:32.404,-0.75,0.38,-0.01,17.64,-5.31,-25.51
worker 1,2026-07-27 13:07:32.405,-0.88,0.35,-0.16,21.67,-12.7,-16.66
worker 1,2026-07-27 13:07:32.528,-1.03,0.34,-0.44,19.23,-14.04,-9.46
worker 1,2026-07-27 13:07:32.529,-1.03,0.34,-0.44,19.23,-14.04,-9.46
worker 1,2026-07-27 13:07:32.530,-1.11,0.38,-0.63,23.25,-0.12,-12.63
worker 1,2026-07-27 13:07:32.531,-1.05,0.34,-0.56,20.87,42.24,-15.01
worker 1,2026-07-27 13:07:32.715,-0.89,0.21,-0.32,2.32,80.08,-13.12
worker 1,2026-07-27 13:07:32.716,-0.89,0.21,-0.32,2.32,80.08,-13.12
worker 1,2026-07-27 13:07:32.716,-0.76,0.12,-0.1,-31.8,80.81,-14.28
worker 1,2026-07-27 13:07:32.717,-0.71,0.1,-0.05,-66.35,58.11,-17.88
worker 1,2026-07-27 13:07:32.824,-0.71,0.1,-0.05,-66.35,58.11,-17.88
worker 1,2026-07-27 13:07:32.824,-0.67,0.14,-0.13,-69.4,26.73,-24.54
worker 1,2026-07-27 13:07:32.825,-0.67,0.14,-0.13,-45.53,-11.23,-33.45
worker 1,2026-07-27 13:07:33.183,-0.64,0.22,-0.18,-45.53,-11.23,-33.45
worker 1,2026-07-27 13:07:33.184,-0.66,0.29,-0.2,-23.56,-48.83,-35.71
worker 1,2026-07-27 13:07:33.185,-0.66,0.29,-0.2,-23.56,-48.83,-35.71
worker 1,2026-07-27 13:07:33.185,-0.81,0.31,-0.27,-11.9,-75.74,-26.92
worker 1,2026-07-27 13:07:33.186,-0.81,0.31,-0.27,-11.9,-75.74,-26.92
worker 1,2026-07-27 13:07:33.186,-1.17,0.27,-0.43,2.14,-90.03,-15.5
worker 1,2026-07-27 13:07:33.188,-1.17,0.27,-0.43,2.14,-90.03,-15.5
worker 1,2026-07-27 13:07:33.188,-1.49,0.32,-0.57,21.61,-89.42,-16.3
worker 1,2026-07-27 13:07:33.188,-1.33,0.51,-0.46,20.87,-63.29,-26.37
worker 1,2026-07-27 13:07:33.189,-0.84,0.55,-0.15,-4.39,-23.86,-20.87
worker 1,2026-07-27 13:07:33.189,-0.63,0.31,0.11,-29.97,7.45,13.24
worker 1,2026-07-27 13:07:33.190,-0.63,0.31,0.11,-29.97,7.45,13.24
worker 1,2026-07-27 13:07:33.190,-0.82,0.08,0.11,-49.62,22.58,53.41
worker 1,2026-07-27 13:07:33.191,-0.82,0.08,0.11,-49.62,22.58,53.41
worker 1,2026-07-27 13:07:33.191,-1.04,0.04,-0.0,-48.46,5.0,54.93
worker 1,2026-07-27 13:07:33.193,-1.08,0.23,-0.02,-26.67,-28.81,13.43
worker 1,2026-07-27 13:07:33.193,-1.04,0.47,-0.01,-3.6,-50.9,-29.72
worker 1,2026-07-27 13:07:33.195,-0.99,0.52,0.02,40.34,-56.27,-40.53
worker 1,2026-07-27 13:07:33.305,-0.99,0.52,0.02,40.34,-56.27,-40.53
worker 1,2026-07-27 13:07:33.306,-0.93,0.38,0.06,86.18,-24.35,-13.18
worker 1,2026-07-27 13:07:33.306,-0.89,0.26,0.06,74.34,28.81,23.38
worker 1,2026-07-27 13:07:33.605,-0.89,0.22,0.02,22.77,42.24,37.29
worker 1,2026-07-27 13:07:33.607,-0.93,0.22,-0.02,8.85,6.47,27.59
worker 1,2026-07-27 13:07:33.608,-0.97,0.24,-0.05,68.42,-41.81,10.68
worker 1,2026-07-27 13:07:33.608,-1.0,0.26,-0.09,159.12,-81.79,-2.08
worker 1,2026-07-27 13:07:33.608,-1.01,0.23,-0.12,217.29,-104.98,-6.04
worker 1,2026-07-27 13:07:33.609,-1.06,0.17,-0.07,211.12,-91.86,-0.49
worker 1,2026-07-27 13:07:33.609,-1.13,0.16,-0.03,145.39,-33.08,13.0
worker 1,2026-07-27 13:07:33.610,-1.13,0.16,-0.03,145.39,-33.08,13.0
worker 1,2026-07-27 13:07:33.612,-1.08,0.24,-0.07,67.26,23.56,19.59
worker 1,2026-07-27 13:07:33.905,-0.94,0.37,-0.12,34.0,31.37,5.98
worker 1,2026-07-27 13:07:33.906,-0.94,0.37,-0.12,34.0,31.37,5.98
worker 1,2026-07-27 13:07:33.906,-0.85,0.46,-0.08,27.53,35.03,-1.65
worker 1,2026-07-27 13:07:33.907,-0.85,0.46,-0.08,27.53,35.03,-1.65
worker 1,2026-07-27 13:07:33.907,-0.83,0.53,-0.01,22.71,67.02,9.83
worker 1,2026-07-27 13:07:33.907,-0.86,0.62,0.04,56.03,82.52,19.17
worker 1,2026-07-27 13:07:33.908,-0.86,0.62,0.04,56.03,82.52,19.17
worker 1,2026-07-27 13:07:33.908,-0.86,0.55,0.04,99.85,60.06,31.01
worker 1,2026-07-27 13:07:33.908,-0.78,0.37,-0.01,94.79,20.45,53.83
worker 1,2026-07-27 13:07:33.910,-0.78,0.37,-0.01,94.79,20.45,53.83
worker 1,2026-07-27 13:07:33.910,-0.73,0.28,-0.05,52.06,-8.54,71.47
worker 1,2026-07-27 13:07:34.024,-0.78,0.3,-0.1,14.83,-19.96,71.29
worker 1,2026-07-27 13:07:34.025,-0.78,0.3,-0.1,14.83,-19.96,71.29
worker 1,2026-07-27 13:07:34.025,-0.88,0.38,-0.22,11.66,-33.14,54.57
worker 1,2026-07-27 13:07:34.025,-0.88,0.38,-0.22,41.44,-59.08,33.57
worker 1,2026-07-27 13:07:34.026,-0.93,0.41,-0.34,41.44,-59.08,33.57
worker 1,2026-07-27 13:07:34.087,-0.93,0.37,-0.35,68.97,-80.44,22.34
worker 1,2026-07-27 13:07:34.089,-0.93,0.37,-0.35,68.97,-80.44,22.34
worker 1,2026-07-27 13:07:34.089,-0.88,0.33,-0.23,55.48,-74.95,19.53
worker 1,2026-07-27 13:07:34.265,-0.88,0.33,-0.23,55.48,-74.95,19.53
worker 1,2026-07-27 13:07:34.265,-0.83,0.38,-0.09,10.19,-49.68,14.22
worker 1,2026-07-27 13:07:34.266,-0.83,0.38,-0.09,10.19,-49.68,14.22
worker 1,2026-07-27 13:07:34.266,-0.82,0.53,-0.07,-19.96,-35.16,4.09
worker 1,2026-07-27 13:07:34.266,-0.84,0.62,-0.09,-11.41,-40.47,-3.6
worker 1,2026-07-27 13:07:34.694,-0.84,0.62,-0.09,-11.41,-40.47,-3.6
worker 1,2026-07-27 13:07:34.695,-0.85,0.58,-0.06,13.79,-47.24,-5.13
worker 1,2026-07-27 13:07:34.695,-0.85,0.49,0.0,30.7,-46.2,-5.8
worker 1,2026-07-27 13:07:34.695,-0.85,0.49,0.0,36.68,-44.49,-12.45
worker 1,2026-07-27 13:07:34.696,-0.85,0.39,0.02,36.68,-44.49,-12.45
worker 1,2026-07-27 13:07:34.696,-0.89,0.31,-0.03,49.19,-51.76,-26.55
worker 1,2026-07-27 13:07:34.697,-0.89,0.31,-0.03,49.19,-51.76,-26.55
worker 1,2026-07-27 13:07:34.697,-0.97,0.33,-0.09,86.0,-67.14,-46.33
worker 1,2026-07-27 13:07:34.698,-1.04,0.44,-0.18,117.49,-79.22,-67.99
worker 1,2026-07-27 13:07:34.698,-1.02,0.52,-0.19,111.15,-73.73,-78.25
worker 1,2026-07-27 13:07:34.699,-0.92,0.48,-0.08,98.21,-47.36,-64.33
worker 1,2026-07-27 13:07:34.699,-0.86,0.33,0.01,94.54,-14.59,-33.2
worker 1,2026-07-27 13:07:34.701,-0.86,0.33,0.01,94.54,-14.59,-33.2
worker 1,2026-07-27 13:07:34.701,-0.91,0.19,0.05,99.49,12.33,-1.59
worker 1,2026-07-27 13:07:34.702,-1.05,0.12,0.04,90.88,33.2,23.99
worker 1,2026-07-27 13:07:34.702,-1.1,0.06,-0.0,54.2,35.89,35.52
worker 1,2026-07-27 13:07:34.744,-1.06,0.02,-0.02,38.57,17.09,25.63
worker 1,2026-07-27 13:07:35.045,-1.02,0.02,-0.01,51.88,-1.59,5.49
worker 1,2026-07-27 13:07:35.046,-1.02,0.02,-0.01,51.88,-1.59,5.49
worker 1,2026-07-27 13:07:35.046,-0.98,0.09,0.01,60.36,-13.24,-10.93
worker 1,2026-07-27 13:07:35.047,-0.98,0.09,0.01,60.36,-13.24,-10.93
worker 1,2026-07-27 13:07:35.048,-0.96,0.19,0.01,60.97,-23.44,-19.65
worker 1,2026-07-27 13:07:35.048,-0.94,0.27,-0.02,64.51,-37.84,-23.13
worker 1,2026-07-27 13:07:35.049,-0.94,0.27,-0.02,64.51,-37.84,-23.13
worker 1,2026-07-27 13:07:35.051,-0.92,0.29,-0.05,79.59,-56.7,-24.23
worker 1,2026-07-27 13:07:35.052,-0.93,0.25,-0.06,110.66,-65.98,-20.26
worker 1,2026-07-27 13:07:35.052,-0.95,0.18,-0.03,134.09,-56.64,-10.25
worker 1,2026-07-27 13:07:35.052,-0.95,0.18,-0.03,123.54,-39.06,0.24
worker 1,2026-07-27 13:07:35.053,-0.97,0.12,-0.02,123.54,-39.06,0.24
worker 1,2026-07-27 13:07:35.646,-0.97,0.11,-0.03,93.14,-24.48,4.94
worker 1,2026-07-27 13:07:35.646,-0.96,0.16,-0.03,68.85,-14.65,2.38
worker 1,2026-07-27 13:07:35.647,-0.96,0.16,-0.03,68.85,-14.65,2.38
worker 1,2026-07-27 13:07:35.647,-0.94,0.21,-0.02,62.26,-11.72,-1.95
worker 1,2026-07-27 13:07:35.648,-0.94,0.21,-0.02,62.26,-11.72,-1.95
worker 1,2026-07-27 13:07:35.648,-0.94,0.21,-0.02,68.6,-15.44,-0.37
worker 1,2026-07-27 13:07:35.648,-0.96,0.17,-0.05,74.65,-20.26,8.36
worker 1,2026-07-27 13:07:35.649,-0.96,0.17,-0.05,74.65,-20.26,8.36
worker 1,2026-07-27 13:07:35.649,-0.99,0.11,-0.07,75.13,-23.01,17.64
worker 1,2026-07-27 13:07:35.650,-1.0,0.07,-0.08,70.92,-24.84,20.81
worker 1,2026-07-27 13:07:35.650,-1.0,0.09,-0.09,63.48,-29.3,15.08
worker 1,2026-07-27 13:07:35.651,-1.0,0.09,-0.09,63.48,-29.3,15.08
worker 1,2026-07-27 13:07:35.651,-1.02,0.13,-0.09,44.07,-36.19,3.54
worker 1,2026-07-27 13:07:35.652,-1.08,0.15,-0.06,17.82,-32.9,-4.03
worker 1,2026-07-27 13:07:35.653,-1.1,0.17,-0.05,1.65,-14.95,-5.43
worker 1,2026-07-27 13:07:35.654,-1.1,0.17,-0.05,1.65,-14.95,-5.43
worker 1,2026-07-27 13:07:35.655,-1.02,0.26,-0.06,-0.18,-1.16,-11.54
worker 1,2026-07-27 13:07:35.656,-1.02,0.26,-0.06,-0.18,-1.16,-11.54
worker 1,2026-07-27 13:07:35.657,-0.86,0.36,-0.04,5.37,3.66,-23.74
worker 1,2026-07-27 13:07:35.658,-0.82,0.43,0.01,3.3,32.41,-19.65
worker 1,2026-07-27 13:07:35.658,-0.82,0.43,0.01,2.75,87.59,8.48
worker 1,2026-07-27 13:07:35.659,-1.0,0.44,0.07,2.75,87.59,8.48
worker 1,2026-07-27 13:07:36.488,-1.13,0.38,0.07,29.17,109.13,30.21
worker 1,2026-07-27 13:07:36.488,-1.04,0.29,-0.01,63.78,80.44,30.46
worker 1,2026-07-27 13:07:36.489,-1.04,0.29,-0.01,63.78,80.44,30.46
worker 1,2026-07-27 13:07:36.489,-0.87,0.27,-0.08,69.4,44.92,22.52
worker 1,2026-07-27 13:07:36.784,-0.78,0.3,-0.13,50.17,29.85,16.17
worker 1,2026-07-27 13:07:36.785,-0.81,0.3,-0.17,29.66,32.47,15.26
worker 1,2026-07-27 13:07:38.051,-0.87,0.25,-0.2,14.77,37.41,18.55
worker 1,2026-07-27 13:07:38.052,-0.87,0.25,-0.2,14.77,37.41,18.55
worker 1,2026-07-27 13:07:38.171,-0.87,0.22,-0.22,2.99,30.88,17.27
worker 1,2026-07-27 13:07:38.175,-0.87,0.22,-0.22,2.99,30.88,17.27
worker 1,2026-07-27 13:07:38.176,-0.84,0.25,-0.26,-2.56,10.62,6.96
worker 1,2026-07-27 13:07:38.176,-0.84,0.25,-0.26,-8.67,-6.16,-1.59
worker 1,2026-07-27 13:07:38.176,-0.83,0.33,-0.36,-8.67,-6.16,-1.59
worker 1,2026-07-27 13:07:38.177,-0.87,0.41,-0.51,-22.95,-4.52,-0.43
worker 1,2026-07-27 13:07:38.177,-0.85,0.44,-0.54,-35.03,12.02,1.89
worker 1,2026-07-27 13:07:38.178,-0.78,0.37,-0.4,-46.2,23.25,-3.48
worker 1,2026-07-27 13:07:38.178,-0.99,0.25,-0.29,-59.51,7.57,-16.48
worker 1,2026-07-27 13:07:38.179,-0.99,0.25,-0.29,-59.51,7.57,-16.48
worker 1,2026-07-27 13:07:38.179,-1.1,0.26,-0.15,-41.02,-21.12,-30.46
worker 1,2026-07-27 13:07:38.179,-0.91,0.33,0.02,-6.77,-25.27,-32.84
worker 1,2026-07-27 13:07:38.180,-0.91,0.33,0.02,-6.77,-25.27,-32.84
worker 1,2026-07-27 13:07:38.180,-0.9,0.32,0.07,-14.59,-20.75,-22.16
worker 1,2026-07-27 13:07:38.180,-0.94,0.26,0.02,-43.27,-29.24,-11.9
worker 1,2026-07-27 13:07:38.180,-0.94,0.26,0.02,-60.36,-33.08,-13.0
worker 1,2026-07-27 13:07:38.183,-0.94,0.21,-0.03,-60.36,-33.08,-13.0
worker 1,2026-07-27 13:07:38.183,-0.98,0.17,-0.04,-65.49,-23.68,-16.85
worker 1,2026-07-27 13:07:38.184,-0.98,0.17,-0.04,-65.49,-23.68,-16.85
worker 1,2026-07-27 13:07:38.184,-1.0,0.21,-0.05,-53.65,-10.5,-19.65
worker 1,2026-07-27 13:07:38.185,-0.98,0.28,-0.08,-33.57,-9.22,-27.59
worker 1,2026-07-27 13:07:38.185,-0.96,0.26,-0.09,-10.25,-15.75,-31.68
worker 1,2026-07-27 13:07:38.185,-0.96,0.26,-0.09,9.64,-19.71,-27.1
worker 1,2026-07-27 13:07:38.186,-0.95,0.2,-0.09,9.64,-19.71,-27.1
worker 1,2026-07-27 13:07:38.186,-0.96,0.18,-0.09,13.43,-18.8,-20.39
worker 1,2026-07-27 13:07:38.224,-0.96,0.18,-0.09,13.43,-18.8,-20.39
worker 1,2026-07-27 13:07:38.225,-0.97,0.17,-0.08,12.02,-14.95,-15.5
worker 1,2026-07-27 13:07:38.226,-0.96,0.18,-0.06,15.14,-11.23,-11.84
worker 1,2026-07-27 13:07:38.226,-0.96,0.18,-0.04,19.41,-6.77,-6.77
worker 1,2026-07-27 13:07:38.227,-0.96,0.18,-0.04,19.41,-6.77,-6.77
worker 1,2026-07-27 13:07:38.403,-0.97,0.16,-0.02,23.13,0.85,-0.98
worker 1,2026-07-27 13:07:38.404,-0.97,0.16,-0.02,27.59,8.61,1.95
worker 1,2026-07-27 13:07:38.405,-0.98,0.12,-0.01,27.59,8.61,1.95
worker 1,2026-07-27 13:07:38.405,-0.99,0.1,-0.01,31.86,8.61,1.83
worker 1,2026-07-27 13:07:38.407,-0.99,0.1,-0.03,32.1,-1.89,-1.46
worker 1,2026-07-27 13:07:38.409,-0.99,0.12,-0.06,28.38,-16.48,-7.2
worker 1,2026-07-27 13:07:38.409,-0.97,0.13,-0.08,25.94,-25.88,-9.52
worker 1,2026-07-27 13:07:38.409,-0.94,0.13,-0.08,28.93,-25.63,-5.25
worker 1,2026-07-27 13:07:38.409,-0.94,0.13,-0.08,36.25,-19.47,1.71
worker 1,2026-07-27 13:07:38.410,-0.94,0.13,-0.05,36.25,-19.47,1.71
worker 1,2026-07-27 13:07:38.465,-0.96,0.12,-0.06,40.59,-14.53,8.0
worker 1,2026-07-27 13:07:38.704,-0.99,0.08,-0.08,35.95,-14.04,11.96
worker 1,2026-07-27 13:07:38.705,-0.99,0.08,-0.08,35.95,-14.04,11.96
worker 1,2026-07-27 13:07:38.706,-1.0,0.05,-0.09,25.51,-15.2,13.49
worker 1,2026-07-27 13:07:38.707,-1.0,0.04,-0.07,12.45,-13.98,14.16
worker 1,2026-07-27 13:07:38.707,-0.82,0.29,-0.14,-31.92,35.52,-40.71
worker 1,2026-07-27 13:07:38.710,-0.87,0.26,-0.4,-55.36,9.46,-14.53
worker 1,2026-07-27 13:07:38.710,-0.91,0.34,-0.52,-56.58,11.11,-9.09
worker 1,2026-07-27 13:07:38.710,-0.91,0.34,-0.52,-54.2,18.43,-3.6
worker 1,2026-07-27 13:07:38.711,-0.81,0.32,-0.41,-54.2,18.43,-3.6
worker 1,2026-07-27 13:07:38.711,-0.82,0.2,-0.15,-62.07,7.81,-3.23
worker 1,2026-07-27 13:07:38.712,-1.16,0.24,-0.11,-61.22,-26.25,-13.12
worker 1,2026-07-27 13:07:38.713,-1.21,0.43,-0.3,-10.8,-59.08,-24.17
worker 1,2026-07-27 13:07:38.715,-1.21,0.43,-0.3,-10.8,-59.08,-24.17
worker 1,2026-07-27 13:07:38.715,-0.86,0.46,-0.21,30.76,-56.21,-18.25
worker 1,2026-07-27 13:07:38.715,-0.72,0.28,0.11,1.53,-23.13,6.47
worker 1,2026-07-27 13:07:38.716,-0.72,0.28,0.11,1.53,-23.13,6.47
worker 1,2026-07-27 13:07:38.716,-0.91,0.11,0.06,-58.78,-11.29,29.11
worker 1,2026-07-27 13:07:38.717,-0.91,0.11,0.06,-58.78,-11.29,29.11
worker 1,2026-07-27 13:07:38.717,-1.1,0.11,-0.15,-80.87,-32.78,25.82
worker 1,2026-07-27 13:07:38.718,-1.07,0.22,-0.13,-63.05,-37.05,3.17
worker 1,2026-07-27 13:07:38.719,-1.07,0.22,-0.13,-34.79,-19.78,-16.3
worker 1,2026-07-27 13:07:38.720,-0.97,0.31,-0.02,-34.79,-19.78,-16.3
worker 1,2026-07-27 13:07:38.720,-0.95,0.27,0.02,-4.33,-16.91,-21.42
worker 1,2026-07-27 13:07:38.721,-0.95,0.17,0.03,5.43,-20.08,-10.68
worker 1,2026-07-27 13:07:38.841,-0.93,0.15,0.03,-9.64,-15.01,0.92
worker 1,2026-07-27 13:07:39.245,-0.93,0.15,0.03,-9.64,-15.01,0.92
worker 1,2026-07-27 13:07:39.246,-0.91,0.21,0.03,-29.85,-11.05,0.31
worker 1,2026-07-27 13:07:39.246,-0.91,0.28,0.0,-33.75,-15.87,-7.32
worker 1,2026-07-27 13:07:39.247,-0.91,0.28,0.0,-33.75,-15.87,-7.32
worker 1,2026-07-27 13:07:39.247,-0.94,0.3,-0.01,-14.47,-23.19,-11.78
worker 1,2026-07-27 13:07:39.248,-0.94,0.3,-0.01,-14.47,-23.19,-11.78
worker 1,2026-07-27 13:07:39.248,-0.96,0.27,-0.0,12.57,-24.41,-8.61
worker 1,2026-07-27 13:07:39.248,-0.97,0.21,0.0,26.18,-14.83,2.44
worker 1,2026-07-27 13:07:39.249,-0.97,0.21,0.0,26.18,-14.83,2.44
worker 1,2026-07-27 13:07:39.250,-0.99,0.14,-0.02,15.14,-2.5,13.18
worker 1,2026-07-27 13:07:39.363,-1.0,0.13,-0.08,-4.09,-5.55,11.9
worker 1,2026-07-27 13:07:39.364,-1.0,0.13,-0.08,-4.09,-5.55,11.9
worker 1,2026-07-27 13:07:39.364,-1.01,0.17,-0.14,-8.73,-27.22,-0.98
worker 1,2026-07-27 13:07:39.365,-1.0,0.23,-0.2,3.78,-54.14,-15.56
worker 1,2026-07-27 13:07:39.367,-1.0,0.23,-0.2,3.78,-54.14,-15.56
worker 1,2026-07-27 13:07:39.367,-1.06,0.25,-0.21,22.46,-64.33,-21.0
worker 1,2026-07-27 13:07:39.368,-1.06,0.25,-0.21,22.46,-64.33,-21.0
worker 1,2026-07-27 13:07:39.368,-1.15,0.21,-0.13,20.87,-22.71,-3.6
worker 1,2026-07-27 13:07:39.368,-1.06,0.24,-0.03,-10.25,64.45,24.78
worker 1,2026-07-27 13:07:39.369,-1.06,0.24,-0.03,-10.25,64.45,24.78
worker 1,2026-07-27 13:07:39.373,-0.94,0.42,0.01,-45.04,144.29,38.94
worker 1,2026-07-27 13:07:39.375,-0.94,0.42,0.01,-45.04,144.29,38.94
worker 1,2026-07-27 13:07:39.375,-1.05,0.51,0.08,-35.03,176.27,44.98
worker 1,2026-07-27 13:07:39.375,-1.09,0.33,0.15,33.39,136.9,44.19
worker 1,2026-07-27 13:07:39.376,-1.09,0.33,0.15,79.65,62.19,27.1
worker 1,2026-07-27 13:07:40.928,-0.95,0.16,0.09,79.65,62.19,27.1
worker 1,2026-07-27 13:07:40.928,-0.87,0.07,-0.09,60.73,22.71,3.17
worker 1,2026-07-27 13:07:40.929,-0.87,0.07,-0.09,60.73,22.71,3.17
worker 1,2026-07-27 13:07:40.929,-0.82,0.14,-0.16,24.54,22.03,-24.72
worker 1,2026-07-27 13:07:40.930,-0.72,0.35,-0.11,-11.35,26.67,-46.14
worker 1,2026-07-27 13:07:40.930,-0.66,0.47,-0.11,-35.83,20.32,-42.05
worker 1,2026-07-27 13:07:40.930,-0.72,0.38,-0.2,-26.0,-3.85,-24.78
worker 1,2026-07-27 13:07:40.931,-0.72,0.38,-0.2,-26.0,-3.85,-24.78
worker 1,2026-07-27 13:07:40.931,-0.89,0.23,-0.4,-0.67,-32.78,-15.56
worker 1,2026-07-27 13:07:40.931,-1.06,0.23,-0.63,-1.16,-33.57,-10.93
worker 1,2026-07-27 13:07:40.992,-1.06,0.23,-0.63,-1.16,-33.57,-10.93
worker 1,2026-07-27 13:07:40.993,-0.95,0.27,-0.64,-21.3,-0.61,-1.28
worker 1,2026-07-27 13:07:40.994,-0.93,0.22,-0.27,-29.42,13.55,2.62
worker 1,2026-07-27 13:07:40.996,-1.17,0.24,0.08,-18.25,-15.44,-2.44
worker 1,2026-07-27 13:07:40.997,-1.1,0.36,-0.0,10.68,-45.47,-3.66
worker 1,2026-07-27 13:07:40.998,-0.88,0.35,-0.08,4.82,-42.85,0.12
worker 1,2026-07-27 13:07:40.998,-0.84,0.25,0.04,-63.17,-18.43,6.96
worker 1,2026-07-27 13:07:40.999,-0.95,0.21,-0.0,-121.58,-3.23,17.21
worker 1,2026-07-27 13:07:40.999,-1.04,0.21,-0.12,-106.51,-5.37,20.45
worker 1,2026-07-27 13:07:40.999,-1.02,0.22,-0.1,-43.33,-10.62,10.56
worker 1,2026-07-27 13:07:41.000,-0.95,0.2,-0.03,-1.04,-11.47,0.43
worker 1,2026-07-27 13:07:41.001,-0.91,0.19,0.01,-4.15,-9.64,-2.14
worker 1,2026-07-27 13:07:41.001,-0.91,0.24,0.01,-21.55,-11.54,-3.78
worker 1,2026-07-27 13:07:41.002,-0.91,0.29,-0.02,-16.11,-21.18,-5.8
worker 1,2026-07-27 13:07:41.002,-0.93,0.3,-0.08,6.41,-30.4,-2.38
worker 1,2026-07-27 13:07:41.002,-0.93,0.26,-0.14,22.46,-26.73,8.06
worker 1,2026-07-27 13:07:41.005,-0.93,0.26,-0.14,22.46,-26.73,8.06
worker 1,2026-07-27 13:07:41.005,-1.01,0.22,-0.17,28.08,-7.39,19.53
worker 1,2026-07-27 13:07:41.006,-1.01,0.22,-0.17,28.08,-7.39,19.53
worker 1,2026-07-27 13:07:41.006,-1.13,0.31,-0.17,26.61,23.56,22.95
worker 1,2026-07-27 13:07:41.007,-1.09,0.54,-0.18,27.89,54.57,17.4
worker 1,2026-07-27 13:07:41.007,-1.09,0.54,-0.18,49.26,71.78,17.82
worker 1,2026-07-27 13:07:41.007,-0.97,0.65,-0.17,49.26,71.78,17.82
worker 1,2026-07-27 13:07:41.007,-0.89,0.46,-0.09,71.11,69.4,28.02
worker 1,2026-07-27 13:07:41.007,-0.79,0.26,0.09,49.19,53.59,28.32
worker 1,2026-07-27 13:07:41.008,-0.79,0.26,0.09,49.19,53.59,28.32
worker 1,2026-07-27 13:07:41.008,-0.69,0.29,0.12,-2.81,32.29,14.77
worker 1,2026-07-27 13:07:41.009,-0.69,0.41,-0.01,-32.41,5.62,-1.28
worker 1,2026-07-27 13:07:41.009,-0.73,0.49,-0.09,-27.28,-19.41,-13.31
worker 1,2026-07-27 13:07:41.009,-0.79,0.51,-0.09,-11.17,-38.76,-19.84
worker 1,2026-07-27 13:07:41.010,-0.79,0.51,-0.09,-11.17,-38.76,-19.84
worker 1,2026-07-27 13:07:41.010,-0.9,0.44,-0.19,-2.01,-58.11,-21.67
worker 1,2026-07-27 13:07:41.012,-1.04,0.39,-0.37,3.6,-66.89,-19.35
worker 1,2026-07-27 13:07:41.012,-0.88,0.36,0.02,-62.56,32.59,-5.25
worker 1,2026-07-27 13:07:41.012,-0.89,0.53,-0.02,-45.17,6.53,-22.89
worker 1,2026-07-27 13:07:41.164,-0.88,0.55,-0.06,-29.36,-1.4,-18.31
worker 1,2026-07-27 13:07:41.165,-0.88,0.48,-0.15,-25.51,3.78,0.67
worker 1,2026-07-27 13:07:41.165,-0.92,0.39,-0.21,-17.4,5.74,12.57
worker 1,2026-07-27 13:07:41.464,-0.95,0.31,-0.2,-0.37,5.68,12.7
worker 1,2026-07-27 13:07:41.465,-0.95,0.31,-0.2,-0.37,5.68,12.7
worker 1,2026-07-27 13:07:41.467,-0.93,0.26,-0.12,10.07,6.04,7.14
worker 1,2026-07-27 13:07:41.467,-0.91,0.28,-0.07,1.71,5.62,1.83
worker 1,2026-07-27 13:07:41.526,-0.91,0.28,-0.07,1.71,5.62,1.83
worker 1,2026-07-27 13:07:41.527,-0.91,0.28,-0.07,1.71,5.62,1.83
worker 1,2026-07-27 13:07:41.527,-0.88,0.47,-0.13,-17.7,0.06,-4.39
worker 1,2026-07-27 13:07:41.527,-0.88,0.47,-0.13,-7.87,-3.23,-2.32
worker 1,2026-07-27 13:07:41.645,-0.88,0.47,-0.13,-7.87,-3.23,-2.32
worker 1,2026-07-27 13:07:41.646,-0.91,0.36,-0.15,7.81,-3.3,6.77
worker 1,2026-07-27 13:07:41.646,-0.91,0.35,-0.17,8.0,-3.36,5.8
worker 1,2026-07-27 13:07:41.647,-0.9,0.37,-0.17,5.98,-3.72,2.56
worker 1,2026-07-27 13:07:42.305,-0.9,0.37,-0.17,5.98,-3.72,2.56
worker 1,2026-07-27 13:07:43.864,-0.89,0.4,-0.16,2.81,-2.75,0.98
worker 1,2026-07-27 13:07:43.865,-0.89,0.4,-0.16,2.81,-2.75,0.98
worker 1,2026-07-27 13:07:43.865,-0.89,0.41,-0.16,-0.12,-0.85,1.71
worker 1,2026-07-27 13:07:43.866,-0.89,0.41,-0.15,-0.98,0.49,3.05
worker 1,2026-07-27 13:07:43.867,-0.89,0.41,-0.15,-0.49,0.73,3.54
worker 1,2026-07-27 13:07:43.868,-0.89,0.41,-0.15,-0.49,0.73,3.54
worker 1,2026-07-27 13:07:43.868,-0.89,0.41,-0.15,-0.92,0.37,2.75
worker 1,2026-07-27 13:07:43.870,-0.89,0.41,-0.15,-2.69,-0.12,1.34
worker 1,2026-07-27 13:07:43.983,-0.89,0.42,-0.15,-5.13,-0.31,0.24
worker 1,2026-07-27 13:07:43.985,-0.89,0.42,-0.15,-5.13,-0.31,0.24
worker 1,2026-07-27 13:07:43.987,-0.89,0.42,-0.14,-7.69,0.06,-0.37
worker 1,2026-07-27 13:07:43.988,-0.89,0.42,-0.13,-9.89,0.79,-0.79
worker 1,2026-07-27 13:07:43.988,-0.89,0.42,-0.13,-11.66,1.65,-1.22
worker 1,2026-07-27 13:07:43.989,-0.89,0.41,-0.13,-13.85,2.14,-1.46
worker 1,2026-07-27 13:07:43.989,-0.89,0.41,-0.13,-16.78,2.38,-1.89
worker 1,2026-07-27 13:07:43.989,-0.89,0.41,-0.13,-19.59,2.38,-2.69
worker 1,2026-07-27 13:07:43.990,-0.89,0.41,-0.12,-19.59,2.38,-2.69
worker 1,2026-07-27 13:07:43.991,-0.88,0.43,-0.11,-21.06,2.44,-3.05
worker 1,2026-07-27 13:07:43.991,-0.89,0.45,-0.11,-20.02,2.44,-2.99
worker 1,2026-07-27 13:07:43.995,-0.88,0.46,-0.1,-13.67,0.67,-3.3
worker 1,2026-07-27 13:07:43.996,-0.87,0.45,-0.09,-3.3,-2.81,-3.48
worker 1,2026-07-27 13:07:43.997,-0.87,0.45,-0.09,-3.3,-2.81,-3.48
worker 1,2026-07-27 13:07:43.997,-0.88,0.43,-0.09,5.86,-5.43,-2.32
worker 1,2026-07-27 13:07:43.998,-0.89,0.41,-0.1,10.13,-5.86,0.12
worker 1,2026-07-27 13:07:43.998,-0.9,0.41,-0.12,10.5,-5.49,1.89
worker 1,2026-07-27 13:07:43.998,-0.9,0.42,-0.13,11.72,-6.65,1.16
worker 1,2026-07-27 13:07:43.999,-0.9,0.42,-0.13,11.72,-6.65,1.16
worker 1,2026-07-27 13:07:43.999,-0.89,0.41,-0.13,14.1,-9.34,-1.46
worker 1,2026-07-27 13:07:44.000,-0.89,0.38,-0.13,12.02,-10.74,-2.93
worker 1,2026-07-27 13:07:44.000,-0.9,0.36,-0.14,2.87,-7.51,-1.83
worker 1,2026-07-27 13:07:44.001,-0.9,0.36,-0.14,2.87,-7.51,-1.83
worker 1,2026-07-27 13:07:44.344,-0.91,0.37,-0.12,-5.86,-1.1,-0.67
worker 1,2026-07-27 13:07:44.344,-0.91,0.37,-0.12,-6.59,3.54,-1.77
worker 1,2026-07-27 13:07:44.584,-0.9,0.42,-0.09,-6.59,3.54,-1.77
worker 1,2026-07-27 13:07:44.585,-0.9,0.46,-0.05,-0.12,3.54,-4.7
worker 1,2026-07-27 13:07:44.586,-0.9,0.46,-0.05,-0.12,3.54,-4.7
worker 1,2026-07-27 13:07:44.586,-0.88,0.47,-0.03,6.84,-0.43,-6.96
worker 1,2026-07-27 13:07:44.587,-0.88,0.45,-0.05,9.09,-5.25,-5.68
worker 1,2026-07-27 13:07:44.588,-0.89,0.41,-0.08,9.03,-7.75,-1.65
worker 1,2026-07-27 13:07:44.589,-0.91,0.38,-0.1,10.13,-7.02,1.53
worker 1,2026-07-27 13:07:44.591,-0.91,0.38,-0.1,10.13,-7.02,1.53
worker 1,2026-07-27 13:07:44.591,-0.92,0.36,-0.11,12.08,-4.03,2.14
worker 1,2026-07-27 13:07:44.593,-0.92,0.36,-0.11,12.08,-4.03,2.14
worker 1,2026-07-27 13:07:44.594,-0.92,0.36,-0.1,12.08,-1.1,0.98
worker 1,2026-07-27 13:07:44.594,-0.92,0.36,-0.1,7.32,0.24,-0.67
worker 1,2026-07-27 13:07:44.595,-0.89,0.42,-0.13,-5.43,-1.89,1.46
worker 1,2026-07-27 13:07:44.595,-0.9,0.41,-0.16,-3.36,-2.81,1.34
worker 1,2026-07-27 13:07:44.597,-0.9,0.41,-0.16,-3.36,-2.81,1.34
worker 1,2026-07-27 13:07:44.598,-0.9,0.4,-0.15,0.06,-2.2,0.73
worker 1,2026-07-27 13:07:44.598,-0.9,0.39,-0.14,1.89,-0.67,0.73
worker 1,2026-07-27 13:07:44.598,-0.9,0.38,-0.12,1.83,0.55,0.85
worker 1,2026-07-27 13:07:44.599,-0.9,0.38,-0.12,1.83,0.55,0.85
worker 1,2026-07-27 13:07:44.599,-0.9,0.38,-0.12,0.73,1.04,0.37
worker 1,2026-07-27 13:07:44.599,-0.9,0.39,-0.11,-0.85,1.46,-0.49
worker 1,2026-07-27 13:07:44.599,-0.9,0.39,-0.11,-3.23,2.08,-0.79
worker 1,2026-07-27 13:07:44.600,-0.9,0.4,-0.09,-3.23,2.08,-0.79
worker 1,2026-07-27 13:07:44.884,-0.9,0.4,-0.09,-5.74,2.44,-0.12
worker 1,2026-07-27 13:07:45.076,-0.9,0.4,-0.09,-5.74,2.44,-0.12
worker 1,2026-07-27 13:07:45.076,-0.89,0.4,-0.09,-7.87,2.26,1.04
worker 1,2026-07-27 13:07:45.076,-0.89,0.4,-0.1,-9.7,1.65,1.83
worker 1,2026-07-27 13:07:45.077,-0.89,0.4,-0.1,-9.7,1.65,1.83
worker 1,2026-07-27 13:07:45.077,-0.89,0.41,-0.11,-11.11,0.79,1.71
worker 1,2026-07-27 13:07:45.077,-0.89,0.43,-0.12,-10.68,0.12,0.98
worker 1,2026-07-27 13:07:45.077,-0.89,0.43,-0.12,-7.63,0.06,0.49
worker 1,2026-07-27 13:07:45.077,-0.89,0.44,-0.12,-7.63,0.06,0.49
worker 1,2026-07-27 13:07:45.078,-0.89,0.44,-0.12,-3.3,0.12,0.73
worker 1,2026-07-27 13:07:45.078,-0.89,0.43,-0.11,0.31,-0.18,0.98
worker 1,2026-07-27 13:07:45.184,-0.89,0.43,-0.11,0.31,-0.18,0.98
worker 1,2026-07-27 13:07:45.184,-0.89,0.42,-0.1,2.5,-1.1,0.73
worker 1,2026-07-27 13:07:45.185,-0.89,0.42,-0.11,3.48,-2.14,0.24
worker 1,2026-07-27 13:07:45.195,-0.89,0.42,-0.11,3.48,-2.14,0.24
worker 1,2026-07-27 13:07:45.195,-0.89,0.42,-0.11,4.09,-3.11,-0.06
worker 1,2026-07-27 13:07:45.198,-0.89,0.42,-0.11,4.09,-3.11,-0.06
worker 1,2026-07-27 13:07:45.198,-0.89,0.42,-0.11,4.82,-3.72,-0.18
worker 1,2026-07-27 13:07:45.198,-0.89,0.42,-0.11,5.31,-4.03,0.0
worker 1,2026-07-27 13:07:45.198,-0.89,0.41,-0.12,5.31,-4.03,0.0
worker 1,2026-07-27 13:07:45.199,-0.89,0.4,-0.12,4.64,-4.09,0.24
worker 1,2026-07-27 13:07:45.199,-0.89,0.41,-0.12,3.3,-3.91,0.18
worker 1,2026-07-27 13:07:45.604,-0.89,0.41,-0.12,3.3,-3.91,0.18
worker 1,2026-07-27 13:07:45.664,-0.9,0.41,-0.12,2.56,-3.85,-0.18
worker 1,2026-07-27 13:07:45.784,-0.9,0.41,-0.12,2.56,-3.85,-0.18
worker 1,2026-07-27 13:07:45.785,-0.89,0.4,-0.12,2.32,-4.64,-0.37
worker 1,2026-07-27 13:07:45.786,-0.89,0.39,-0.12,1.16,-5.0,-0.06
worker 1,2026-07-27 13:07:45.904,-0.9,0.38,-0.13,-1.4,-3.85,0.55
worker 1,2026-07-27 13:07:47.403,-0.9,0.38,-0.13,-1.4,-3.85,0.55
worker 1,2026-07-27 13:07:47.404,-0.9,0.39,-0.13,-4.15,-2.08,0.37
worker 1,2026-07-27 13:07:47.405,-0.9,0.4,-0.12,-6.16,-0.43,-0.73
worker 1,2026-07-27 13:07:47.405,-0.9,0.44,-0.12,-8.42,1.16,-1.65
worker 1,2026-07-27 13:07:47.409,-0.9,0.44,-0.12,-8.42,1.16,-1.65
worker 1,2026-07-27 13:07:47.409,-0.92,0.48,-0.15,-11.11,3.72,-0.67
worker 1,2026-07-27 13:07:47.410,-0.92,0.48,-0.15,-11.11,3.72,-0.67
worker 1,2026-07-27 13:07:47.410,-0.93,0.5,-0.19,-12.39,8.48,3.42
worker 1,2026-07-27 13:07:47.410,-0.93,0.49,-0.23,-9.7,15.75,9.03
worker 1,2026-07-27 13:07:47.411,-0.92,0.47,-0.24,-1.59,26.92,12.7
worker 1,2026-07-27 13:07:47.412,-0.93,0.46,-0.26,8.24,40.77,10.56
worker 1,2026-07-27 13:07:47.412,-0.92,0.46,-0.25,21.06,46.39,1.65
worker 1,2026-07-27 13:07:47.413,-0.92,0.46,-0.25,21.06,46.39,1.65
worker 1,2026-07-27 13:07:47.414,-0.88,0.46,-0.2,38.39,40.04,-8.85
worker 1,2026-07-27 13:07:47.415,-0.82,0.44,-0.16,50.48,36.56,-13.31
worker 1,2026-07-27 13:07:47.416,-0.79,0.37,-0.17,50.66,37.29,-10.99
worker 1,2026-07-27 13:07:47.644,-0.79,0.37,-0.17,50.66,37.29,-10.99
worker 1,2026-07-27 13:07:47.885,-0.79,0.28,-0.23,44.25,27.53,-9.83
worker 1,2026-07-27 13:07:48.249,-0.79,0.28,-0.23,37.78,8.91,-15.01
worker 1,2026-07-27 13:07:48.249,-0.79,0.23,-0.27,37.78,8.91,-15.01
worker 1,2026-07-27 13:07:48.249,-0.8,0.22,-0.29,32.1,-7.51,-23.25
worker 1,2026-07-27 13:07:48.724,-0.8,0.22,-0.29,32.1,-7.51,-23.25
worker 1,2026-07-27 13:07:48.725,-0.82,0.23,-0.3,25.02,-17.64,-29.79
worker 1,2026-07-27 13:07:48.725,-0.8,0.3,-0.31,14.71,-18.98,-31.74
worker 1,2026-07-27 13:07:48.726,-0.76,0.4,-0.36,8.67,-18.74,-28.56
worker 1,2026-07-27 13:07:48.727,-0.82,0.41,-0.4,9.89,-26.79,-19.84
worker 1,2026-07-27 13:07:48.728,-0.98,0.27,-0.4,10.38,-33.87,-7.32
worker 1,2026-07-27 13:07:48.729,-0.98,0.27,-0.4,10.38,-33.87,-7.32
worker 1,2026-07-27 13:07:48.730,-1.11,0.16,-0.38,3.54,-32.41,0.06
worker 1,2026-07-27 13:07:48.730,-1.1,0.22,-0.35,-9.46,-29.54,-2.44
worker 1,2026-07-27 13:07:48.734,-1.1,0.22,-0.35,-9.46,-29.54,-2.44
worker 1,2026-07-27 13:07:48.735,-0.98,0.37,-0.27,-20.32,-25.33,-7.2
worker 1,2026-07-27 13:07:48.736,-0.83,0.4,-0.17,-30.76,-19.9,-6.96
worker 1,2026-07-27 13:07:48.736,-0.83,0.4,-0.17,-28.14,-26.37,-2.99
worker 1,2026-07-27 13:07:48.736,-0.83,0.31,-0.11,-28.14,-26.37,-2.99
worker 1,2026-07-27 13:07:48.850,-0.92,0.22,-0.11,-2.01,-39.86,2.14
worker 1,2026-07-27 13:07:48.906,-0.92,0.22,-0.11,-2.01,-39.86,2.14
worker 1,2026-07-27 13:07:48.906,-0.96,0.19,-0.1,20.39,-44.43,4.15
worker 1,2026-07-27 13:07:48.907,-0.96,0.19,-0.1,20.39,-44.43,4.15
worker 1,2026-07-27 13:07:48.907,-0.96,0.19,-0.04,22.46,-41.99,1.83
worker 1,2026-07-27 13:07:48.908,-0.96,0.19,-0.04,22.46,-41.99,1.83
worker 1,2026-07-27 13:07:48.908,-0.96,0.19,0.0,9.77,-36.19,0.79
worker 1,2026-07-27 13:07:48.908,-0.96,0.21,0.03,-11.84,-25.02,1.59
worker 1,2026-07-27 13:07:48.908,-0.96,0.21,0.03,-37.17,-9.4,2.08
worker 1,2026-07-27 13:07:48.908,-0.95,0.25,0.03,-37.17,-9.4,2.08
worker 1,2026-07-27 13:07:48.909,-0.97,0.28,0.0,-56.88,3.85,2.14
worker 1,2026-07-27 13:07:48.909,-0.99,0.27,-0.02,-56.64,8.0,1.77
worker 1,2026-07-27 13:07:48.911,-0.98,0.23,-0.01,-32.9,5.0,1.28
worker 1,2026-07-27 13:07:48.911,-0.71,0.42,-0.12,-61.28,12.63,-10.38
worker 1,2026-07-27 13:07:48.912,-0.92,0.54,-0.15,-50.35,-15.01,-28.26
worker 1,2026-07-27 13:07:48.912,-1.1,0.61,-0.28,-34.0,-32.84,-41.32
worker 1,2026-07-27 13:07:48.913,-0.94,0.43,-0.19,-8.36,-28.93,-36.56
worker 1,2026-07-27 13:07:48.914,-0.94,0.43,-0.19,-8.36,-28.93,-36.56
worker 1,2026-07-27 13:07:48.914,-0.87,0.21,-0.03,11.66,-23.38,-17.7
worker 1,2026-07-27 13:07:48.915,-0.95,0.18,-0.02,17.82,-36.99,-9.64
worker 1,2026-07-27 13:07:48.924,-0.93,0.24,-0.03,27.71,-57.25,-21.73
worker 1,2026-07-27 13:07:48.924,-0.93,0.24,-0.03,27.77,-60.49,-31.43
worker 1,2026-07-27 13:07:48.925,-0.91,0.27,-0.04,27.77,-60.49,-31.43
worker 1,2026-07-27 13:07:48.925,-0.94,0.23,-0.03,14.4,-40.71,-21.73
worker 1,2026-07-27 13:07:48.963,-0.94,0.23,-0.03,14.4,-40.71,-21.73
worker 1,2026-07-27 13:07:48.964,-0.98,0.18,-0.02,9.4,-17.21,-6.59
worker 1,2026-07-27 13:07:48.964,-1.01,0.16,-0.02,12.82,-7.26,-1.16
worker 1,2026-07-27 13:07:48.965,-1.01,0.16,-0.02,12.82,-7.26,-1.16
worker 1,2026-07-27 13:07:48.965,-1.0,0.18,-0.02,22.52,-10.56,-4.64
worker 1,2026-07-27 13:07:48.966,-0.97,0.19,-0.02,43.21,-21.48,-12.02
worker 1,2026-07-27 13:07:48.967,-0.94,0.19,-0.01,67.69,-32.17,-16.72
worker 1,2026-07-27 13:07:48.968,-0.97,0.11,-0.04,26.79,-10.07,-3.6
worker 1,2026-07-27 13:07:48.969,-0.97,0.12,-0.06,33.08,-28.99,-8.42
worker 1,2026-07-27 13:07:49.204,-0.97,0.12,-0.06,33.08,-28.99,-8.42
worker 1,2026-07-27 13:07:49.204,-1.1,0.32,0.14,-6.41,147.09,36.93
worker 1,2026-07-27 13:07:49.205,-1.13,0.32,0.07,23.07,132.75,37.78
worker 1,2026-07-27 13:07:49.383,-0.98,0.35,-0.04,40.77,86.06,21.67
worker 1,2026-07-27 13:07:49.384,-0.83,0.32,-0.07,42.18,53.28,11.11
worker 1,2026-07-27 13:07:49.384,-0.78,0.22,-0.04,36.44,36.44,5.55
worker 1,2026-07-27 13:07:49.443,-0.77,0.19,-0.01,33.26,25.94,-4.58
worker 1,2026-07-27 13:07:49.444,-0.77,0.19,-0.01,33.26,25.94,-4.58
worker 1,2026-07-27 13:07:49.444,-0.73,0.24,-0.03,14.59,18.37,-13.43
worker 1,2026-07-27 13:07:49.445,-0.73,0.24,-0.03,14.59,18.37,-13.43
worker 1,2026-07-27 13:07:49.445,-0.74,0.24,-0.16,-5.0,3.66,-11.96
worker 1,2026-07-27 13:07:49.445,-0.74,0.24,-0.16,-6.35,-16.42,-4.88
worker 1,2026-07-27 13:07:49.446,-0.88,0.2,-0.39,-6.35,-16.42,-4.88
worker 1,2026-07-27 13:07:49.446,-1.01,0.24,-0.65,-10.19,-21.42,-2.87
worker 1,2026-07-27 13:07:49.447,-1.01,0.24,-0.65,-10.19,-21.42,-2.87
worker 1,2026-07-27 13:07:49.457,-0.98,0.3,-0.65,-32.84,-2.38,-3.78
worker 1,2026-07-27 13:07:49.459,-0.98,0.3,-0.65,-32.84,-2.38,-3.78
worker 1,2026-07-27 13:07:49.460,-1.13,0.26,-0.3,-64.58,8.18,-8.42
worker 1,2026-07-27 13:07:49.460,-1.19,0.27,0.0,-79.35,-8.0,-18.68
worker 1,2026-07-27 13:07:49.461,-1.19,0.27,0.0,-61.4,-21.61,-17.82
worker 1,2026-07-27 13:07:50.103,-0.85,0.37,0.05,-61.4,-21.61,-17.82
worker 1,2026-07-27 13:07:50.104,-0.7,0.36,0.1,-33.81,-23.25,-4.94
worker 1,2026-07-27 13:07:50.105,-0.7,0.36,0.1,-33.81,-23.25,-4.94
worker 1,2026-07-27 13:07:50.105,-0.83,0.24,0.11,-27.59,-17.64,10.68
worker 1,2026-07-27 13:07:50.106,-0.83,0.24,0.11,-27.59,-17.64,10.68
worker 1,2026-07-27 13:07:50.223,-1.0,0.15,-0.04,-35.22,-23.38,19.84
worker 1,2026-07-27 13:07:50.224,-1.06,0.15,-0.11,-18.37,-53.28,4.15
worker 1,2026-07-27 13:07:50.283,-1.02,0.23,-0.06,14.16,-65.8,-21.0
worker 1,2026-07-27 13:07:50.297,-1.02,0.23,-0.06,14.16,-65.8,-21.0
worker 1,2026-07-27 13:07:50.297,-0.98,0.28,0.01,12.08,-41.81,-24.23
worker 1,2026-07-27 13:07:50.298,-0.98,0.28,0.01,12.08,-41.81,-24.23
worker 1,2026-07-27 13:07:50.298,-0.97,0.26,0.05,-21.18,-8.67,-9.09
worker 1,2026-07-27 13:07:51.425,-0.96,0.22,0.07,-42.42,9.34,2.99
worker 1,2026-07-27 13:07:51.426,-0.96,0.22,0.07,-42.42,9.34,2.99
worker 1,2026-07-27 13:07:51.426,-0.95,0.21,0.05,-37.9,6.41,3.23
worker 1,2026-07-27 13:07:51.426,-0.94,0.23,0.02,-20.51,-6.9,-3.6
worker 1,2026-07-27 13:07:51.427,-0.94,0.23,0.02,-20.51,-6.9,-3.6
worker 1,2026-07-27 13:07:51.427,-0.93,0.24,0.01,-2.81,-17.88,-9.64
worker 1,2026-07-27 13:07:51.427,-0.92,0.23,0.02,4.39,-19.84,-9.09
worker 1,2026-07-27 13:07:51.428,-0.92,0.23,0.02,4.39,-19.84,-9.09
worker 1,2026-07-27 13:07:51.429,-0.94,0.21,0.02,-3.42,-11.9,-2.56
worker 1,2026-07-27 13:07:51.429,-0.97,0.21,-0.0,-14.89,-4.58,0.98
worker 1,2026-07-27 13:07:51.550,-0.97,0.21,-0.0,-14.89,-4.58,0.98
worker 1,2026-07-27 13:07:51.550,-0.99,0.24,-0.04,-9.46,-10.07,-4.82
worker 1,2026-07-27 13:07:51.550,-0.97,0.27,-0.05,15.5,-25.21,-15.01
worker 1,2026-07-27 13:07:51.551,-0.95,0.24,-0.06,37.84,-36.62,-19.17
worker 1,2026-07-27 13:07:51.551,-0.93,0.18,-0.06,48.22,-38.64,-14.1
worker 1,2026-07-27 13:07:51.552,-0.93,0.18,-0.06,48.22,-38.64,-14.1
worker 1,2026-07-27 13:07:51.552,-0.92,0.12,-0.06,55.85,-36.8,-7.14
worker 1,2026-07-27 13:07:51.553,-0.92,0.12,-0.06,55.85,-36.8,-7.14
worker 1,2026-07-27 13:07:51.553,-0.91,0.1,-0.04,51.03,-36.93,-2.69
worker 1,2026-07-27 13:07:51.553,-0.91,0.1,-0.04,32.59,-36.01,2.14
worker 1,2026-07-27 13:07:51.553,-0.91,0.09,-0.01,32.59,-36.01,2.14
worker 1,2026-07-27 13:07:51.553,-0.95,0.1,-0.0,13.0,-31.25,7.81
worker 1,2026-07-27 13:07:51.554,-1.11,0.1,0.0,-3.23,-31.19,9.58
worker 1,2026-07-27 13:07:51.554,-1.29,0.08,0.01,-11.78,-31.74,6.53
worker 1,2026-07-27 13:07:51.555,-1.22,0.12,0.02,-29.72,-16.3,-2.08
worker 1,2026-07-27 13:07:51.556,-0.97,0.27,0.08,-59.75,38.39,-8.91
worker 1,2026-07-27 13:07:51.557,-0.97,0.4,0.15,-49.8,121.4,1.4
worker 1,2026-07-27 13:07:51.558,-0.97,0.4,0.15,-49.8,121.4,1.4
worker 1,2026-07-27 13:07:51.558,-1.06,0.4,0.15,22.28,161.44,18.98
worker 1,2026-07-27 13:07:51.559,-1.06,0.4,0.15,22.28,161.44,18.98
worker 1,2026-07-27 13:07:51.559,-1.0,0.33,0.09,85.33,134.58,27.22
worker 1,2026-07-27 13:07:51.559,-0.92,0.22,0.02,77.39,87.95,31.25
worker 1,2026-07-27 13:07:51.560,-0.91,0.11,-0.01,25.63,52.49,32.1
worker 1,2026-07-27 13:07:52.383,-0.91,0.06,0.01,-13.73,35.28,17.4
worker 1,2026-07-27 13:07:52.384,-0.91,0.06,0.01,-13.73,35.28,17.4
worker 1,2026-07-27 13:07:52.384,-0.88,0.12,0.02,-20.69,25.27,-14.71
worker 1,2026-07-27 13:07:52.385,-0.88,0.12,0.02,-20.69,25.27,-14.71
worker 1,2026-07-27 13:07:52.385,-0.86,0.23,-0.04,-7.08,5.55,-46.51
worker 1,2026-07-27 13:07:52.386,-0.86,0.23,-0.04,-7.08,5.55,-46.51
worker 1,2026-07-27 13:07:52.387,-0.89,0.28,-0.19,4.15,-12.15,-54.99
worker 1,2026-07-27 13:07:52.389,-0.89,0.28,-0.19,4.15,-12.15,-54.99
worker 1,2026-07-27 13:07:52.389,-0.95,0.24,-0.32,-9.7,-9.77,-39.92
worker 1,2026-07-27 13:07:52.390,-0.93,0.17,-0.34,-46.75,5.92,-22.77
worker 1,2026-07-27 13:07:52.391,-0.93,0.17,-0.34,-46.75,5.92,-22.77
worker 1,2026-07-27 13:07:52.391,-0.89,0.17,-0.27,-74.28,13.12,-14.77
worker 1,2026-07-27 13:07:52.391,-1.02,0.25,-0.23,-67.87,0.12,-11.05
worker 1,2026-07-27 13:07:52.403,-1.11,0.36,-0.23,-45.23,-17.46,-3.11
worker 1,2026-07-27 13:07:52.405,-1.11,0.36,-0.23,-45.23,-17.46,-3.11
worker 1,2026-07-27 13:07:52.684,-0.96,0.4,-0.2,-31.68,-20.39,11.35
worker 1,2026-07-27 13:07:52.686,-0.96,0.4,-0.2,-31.68,-20.39,11.35
worker 1,2026-07-27 13:07:52.686,-0.93,0.27,-0.04,-35.34,-15.75,1.89
worker 1,2026-07-27 13:07:52.687,-0.96,0.24,-0.05,-35.34,-15.75,1.89
worker 1,2026-07-27 13:07:52.687,-0.98,0.19,-0.07,-6.65,-15.75,10.13
worker 1,2026-07-27 13:07:52.688,-1.02,0.1,-0.09,12.45,-20.2,14.89
worker 1,2026-07-27 13:07:52.743,-1.1,0.03,-0.13,13.12,-25.27,17.27
worker 1,2026-07-27 13:07:52.744,-1.1,0.03,-0.13,13.12,-25.27,17.27
worker 1,2026-07-27 13:07:52.744,-1.2,0.03,-0.1,5.43,-30.27,11.05
worker 1,2026-07-27 13:07:52.869,-1.15,0.09,-0.07,-22.16,-29.72,-6.29
worker 1,2026-07-27 13:07:52.869,-0.94,0.24,-0.04,-73.73,3.3,-17.58
worker 1,2026-07-27 13:07:52.870,-0.94,0.24,-0.04,-73.73,3.3,-17.58
worker 1,2026-07-27 13:07:52.870,-0.81,0.45,-0.01,-99.49,72.75,-10.44
worker 1,2026-07-27 13:07:52.871,-0.89,0.52,-0.0,-65.25,133.97,10.74
worker 1,2026-07-27 13:07:52.871,-1.11,0.35,0.03,2.08,148.32,35.34
worker 1,2026-07-27 13:07:52.871,-1.11,0.35,0.03,37.96,114.87,42.18
worker 1,2026-07-27 13:07:52.871,-1.16,0.16,0.06,37.96,114.87,42.18
worker 1,2026-07-27 13:07:52.872,-0.99,0.16,0.02,9.28,63.42,20.45
worker 1,2026-07-27 13:07:52.873,-0.99,0.16,0.02,9.28,63.42,20.45
worker 1,2026-07-27 13:07:53.104,-0.83,0.26,-0.01,-18.43,29.54,-11.29
worker 1,2026-07-27 13:07:53.105,-0.79,0.31,-0.01,-9.09,17.7,-32.71
worker 1,2026-07-27 13:07:53.106,-0.83,0.3,-0.01,4.39,11.23,-40.65
worker 1,2026-07-27 13:07:53.106,-0.85,0.3,-0.06,8.67,0.12,-42.54
worker 1,2026-07-27 13:07:53.106,-0.85,0.3,-0.06,4.82,-10.31,-40.47
worker 1,2026-07-27 13:07:53.108,-0.88,0.29,-0.17,4.82,-10.31,-40.47
worker 1,2026-07-27 13:07:53.109,-0.92,0.26,-0.29,-5.19,-11.78,-31.07
worker 1,2026-07-27 13:07:53.109,-0.97,0.21,-0.41,-21.85,-1.89,-17.4
worker 1,2026-07-27 13:07:53.110,-0.97,0.21,-0.41,-21.85,-1.89,-17.4
worker 1,2026-07-27 13:07:53.111,-0.97,0.11,-0.45,-39.12,16.66,-10.31
worker 1,2026-07-27 13:07:53.112,-0.84,0.06,-0.37,-50.6,28.75,-12.27
worker 1,2026-07-27 13:07:53.113,-0.84,0.06,-0.37,-50.6,28.75,-12.27
worker 1,2026-07-27 13:07:53.114,-0.75,0.07,-0.13,-63.35,14.65,-9.22
worker 1,2026-07-27 13:07:53.114,-1.1,0.21,-0.02,-71.23,-17.64,-0.12
worker 1,2026-07-27 13:07:53.116,-1.36,0.44,-0.33,-41.87,-45.53,-0.12
worker 1,2026-07-27 13:07:53.117,-0.99,0.52,-0.39,-1.1,-46.33,-4.94
worker 1,2026-07-27 13:07:53.117,-0.65,0.36,0.04,-3.54,-17.21,4.21
worker 1,2026-07-27 13:07:53.118,-0.65,0.36,0.04,-3.54,-17.21,4.21
worker 1,2026-07-27 13:07:53.118,-0.8,0.15,0.17,-27.16,5.37,30.4
worker 1,2026-07-27 13:07:53.118,-1.05,0.05,-0.02,-12.21,-22.89,40.53
worker 1,2026-07-27 13:07:53.119,-1.05,0.05,-0.02,-12.21,-22.89,40.53
worker 1,2026-07-27 13:07:53.119,-1.06,0.1,-0.04,27.34,-63.96,14.53
worker 1,2026-07-27 13:07:53.120,-1.06,0.1,-0.04,27.34,-63.96,14.53
worker 1,2026-07-27 13:07:53.122,-0.96,0.3,0.0,2.69,-50.48,-12.45
worker 1,2026-07-27 13:07:53.123,-0.97,0.38,-0.04,-65.31,-18.13,-14.65
worker 1,2026-07-27 13:07:53.124,-0.97,0.38,-0.04,-65.31,-18.13,-14.65
worker 1,2026-07-27 13:07:53.124,-1.0,0.3,-0.04,-78.31,1.4,-0.18
worker 1,2026-07-27 13:07:53.125,-0.97,0.19,0.01,-43.21,18.98,13.92
worker 1,2026-07-27 13:07:53.126,-0.93,0.15,0.05,-10.31,23.07,14.65
worker 1,2026-07-27 13:07:53.127,-0.93,0.17,0.03,3.72,7.93,4.52
worker 1,2026-07-27 13:07:53.128,-0.94,0.22,-0.03,2.75,-16.72,-7.26
worker 1,2026-07-27 13:07:53.129,-0.94,0.22,-0.03,2.75,-16.72,-7.26
worker 1,2026-07-27 13:07:53.129,-0.94,0.25,-0.06,2.87,-37.66,-15.26
worker 1,2026-07-27 13:07:53.130,-0.94,0.25,-0.06,12.02,-46.02,-16.36
worker 1,2026-07-27 13:07:53.131,-0.93,0.27,-0.06,12.02,-46.02,-16.36
worker 1,2026-07-27 13:07:53.131,-0.94,0.26,-0.04,23.56,-41.38,-7.87
worker 1,2026-07-27 13:07:53.132,-0.97,0.22,-0.03,32.71,-26.61,7.45
worker 1,2026-07-27 13:07:53.132,-1.03,0.16,-0.05,34.67,-10.93,20.14
worker 1,2026-07-27 13:07:53.133,-1.03,0.16,-0.05,34.67,-10.93,20.14
worker 1,2026-07-27 13:07:53.133,-1.08,0.1,-0.12,20.87,-7.45,23.38
worker 1,2026-07-27 13:07:53.230,-1.11,0.09,-0.17,4.39,-23.25,14.83
worker 1,2026-07-27 13:07:53.230,-1.14,0.1,-0.13,-0.24,-37.54,-0.98
worker 1,2026-07-27 13:07:53.231,-1.14,0.1,-0.13,-0.24,-37.54,-0.98
worker 1,2026-07-27 13:07:53.231,-1.08,0.12,-0.07,-17.21,-17.46,-9.89
worker 1,2026-07-27 13:07:53.588,-1.08,0.12,-0.07,-17.21,-17.46,-9.89
worker 1,2026-07-27 13:07:53.588,-0.87,0.2,-0.01,-53.53,31.49,-10.5
worker 1,2026-07-27 13:07:53.589,-0.87,0.2,-0.01,-53.53,31.49,-10.5
worker 1,2026-07-27 13:07:53.589,-0.76,0.33,0.09,-74.65,87.16,-6.41
worker 1,2026-07-27 13:07:53.589,-0.86,0.41,0.18,-65.19,122.13,6.04
worker 1,2026-07-27 13:07:53.643,-0.86,0.41,0.18,-65.19,122.13,6.04
worker 1,2026-07-27 13:07:53.644,-1.04,0.42,0.15,-39.12,116.39,21.06
worker 1,2026-07-27 13:07:54.127,-1.07,0.39,0.02,-2.75,73.3,21.06
worker 1,2026-07-27 13:07:54.249,-0.94,0.31,-0.09,41.5,9.52,-1.59
worker 1,2026-07-27 13:07:54.249,-0.83,0.25,-0.11,70.19,-30.09,-25.76
worker 1,2026-07-27 13:07:54.250,-0.84,0.27,-0.1,53.59,-14.34,-27.4
worker 1,2026-07-27 13:07:54.250,-0.92,0.31,-0.13,-5.68,28.14,-10.13
worker 1,2026-07-27 13:07:54.251,-0.97,0.32,-0.2,-48.71,51.94,4.33
worker 1,2026-07-27 13:07:54.251,-0.96,0.28,-0.21,-42.54,47.97,3.66
worker 1,2026-07-27 13:07:54.252,-0.96,0.28,-0.21,-24.78,35.4,-7.87
worker 1,2026-07-27 13:07:54.270,-0.91,0.22,-0.18,-24.78,35.4,-7.87
worker 1,2026-07-27 13:07:54.270,-0.88,0.17,-0.18,-21.24,25.76,-21.18
worker 1,2026-07-27 13:07:54.270,-0.87,0.16,-0.24,-26.25,16.78,-30.82
worker 1,2026-07-27 13:07:54.270,-0.87,0.17,-0.31,-35.52,8.73,-35.1
worker 1,2026-07-27 13:07:54.270,-0.84,0.2,-0.34,-47.3,4.94,-33.94
worker 1,2026-07-27 13:07:54.271,-0.78,0.26,-0.32,-54.69,2.81,-26.61
worker 1,2026-07-27 13:07:54.271,-0.82,0.28,-0.24,-50.54,-10.25,-15.93
worker 1,2026-07-27 13:07:54.271,-1.12,0.27,-0.22,-33.39,-36.87,-9.03
worker 1,2026-07-27 13:07:54.271,-1.28,0.29,-0.31,-14.1,-51.09,-7.87
worker 1,2026-07-27 13:07:54.271,-1.02,0.34,-0.24,-8.06,-35.34,-6.96
worker 1,2026-07-27 13:07:54.271,-0.76,0.32,0.03,-4.52,-13.0,1.16
worker 1,2026-07-27 13:07:54.271,-0.77,0.23,0.14,1.04,-3.36,19.17
worker 1,2026-07-27 13:07:54.271,-0.96,0.14,0.02,-7.81,-13.12,33.14
worker 1,2026-07-27 13:07:54.271,-1.07,0.1,-0.07,-15.93,-36.32,25.45
worker 1,2026-07-27 13:07:54.604,-1.04,0.19,-0.07,-24.9,-44.62,1.22
worker 1,2026-07-27 13:07:54.604,-1.04,0.19,-0.07,-43.58,-33.39,-18.13
worker 1,2026-07-27 13:07:54.605,-1.01,0.27,-0.05,-43.58,-33.39,-18.13
worker 1,2026-07-27 13:07:54.605,-0.99,0.27,-0.01,-44.07,-11.66,-17.58
worker 1,2026-07-27 13:07:54.605,-0.96,0.23,0.03,-22.89,6.16,-6.53
worker 1,2026-07-27 13:07:54.609,-0.96,0.23,0.03,-22.89,6.16,-6.53
worker 1,2026-07-27 13:07:54.610,-0.92,0.22,0.04,0.79,4.03,-2.38
worker 1,2026-07-27 13:07:54.610,-0.92,0.23,0.01,15.44,-11.23,-5.92
worker 1,2026-07-27 13:07:54.611,-0.92,0.23,0.01,15.44,-11.23,-5.92
worker 1,2026-07-27 13:07:54.612,-0.93,0.23,-0.01,23.32,-24.96,-9.89
worker 1,2026-07-27 13:07:54.613,-0.95,0.23,0.0,29.85,-24.41,-8.36
worker 1,2026-07-27 13:07:55.146,-0.97,0.25,0.02,30.33,-8.36,-1.95
worker 1,2026-07-27 13:07:55.147,-0.98,0.26,0.03,20.75,7.32,2.69
worker 1,2026-07-27 13:07:55.147,-0.98,0.25,0.0,13.37,8.3,2.5
worker 1,2026-07-27 13:07:55.147,-0.97,0.23,-0.03,23.86,-5.25,-1.16
worker 1,2026-07-27 13:07:55.148,-0.97,0.23,-0.03,23.86,-5.25,-1.16
worker 1,2026-07-27 13:07:55.148,-0.94,0.19,-0.04,43.27,-21.18,-5.07
worker 1,2026-07-27 13:07:55.148,-0.94,0.16,-0.05,55.11,-30.58,-5.92
worker 1,2026-07-27 13:07:55.149,-0.94,0.16,-0.05,55.11,-30.58,-5.92
worker 1,2026-07-27 13:07:55.149,-0.95,0.14,-0.06,60.49,-34.36,-3.66
worker 1,2026-07-27 13:07:55.924,-0.95,0.15,-0.05,61.58,-32.17,-0.37
worker 1,2026-07-27 13:07:55.924,-0.93,0.19,-0.03,52.92,-25.21,2.99
worker 1,2026-07-27 13:07:55.925,-0.93,0.19,-0.03,52.92,-25.21,2.99
worker 1,2026-07-27 13:07:55.925,-0.93,0.21,-0.03,39.98,-21.06,6.16
worker 1,2026-07-27 13:07:55.926,-0.95,0.21,-0.06,33.45,-22.83,8.18
worker 1,2026-07-27 13:07:55.926,-1.01,0.19,-0.08,35.16,-26.43,7.87
worker 1,2026-07-27 13:07:55.927,-1.12,0.13,-0.1,41.81,-23.56,7.57
worker 1,2026-07-27 13:07:55.934,-1.12,0.13,-0.1,41.81,-23.56,7.57
worker 1,2026-07-27 13:07:55.934,-1.19,0.11,-0.11,37.41,-8.06,6.47
worker 1,2026-07-27 13:07:55.935,-1.19,0.11,-0.11,37.41,-8.06,6.47
worker 1,2026-07-27 13:07:55.935,-1.08,0.16,-0.1,11.47,7.32,-2.62
worker 1,2026-07-27 13:07:55.935,-0.89,0.23,-0.03,-14.22,20.14,-12.82
worker 1,2026-07-27 13:07:55.936,-0.86,0.3,0.07,-27.47,55.48,-4.33
worker 1,2026-07-27 13:07:55.936,-0.86,0.3,0.07,-28.5,97.66,18.25
worker 1,2026-07-27 13:07:55.936,-1.03,0.33,0.09,-28.5,97.66,18.25
worker 1,2026-07-27 13:07:55.936,-1.11,0.29,-0.02,0.12,96.44,27.77
worker 1,2026-07-27 13:07:55.937,-1.11,0.29,-0.02,0.12,96.44,27.77
worker 1,2026-07-27 13:07:55.937,-1.0,0.25,-0.11,47.36,59.88,15.2
worker 1,2026-07-27 13:07:55.937,-0.87,0.2,-0.11,51.39,38.45,1.59
worker 1,2026-07-27 13:07:55.938,-0.87,0.2,-0.11,51.39,38.45,1.59
worker 1,2026-07-27 13:07:55.938,-0.83,0.16,-0.07,7.26,39.92,-1.89
worker 1,2026-07-27 13:07:55.938,-0.82,0.19,-0.05,-29.05,41.02,-4.7
worker 1,2026-07-27 13:07:55.939,-0.82,0.24,-0.09,-39.18,31.37,-9.34
worker 1,2026-07-27 13:07:55.940,-0.84,0.27,-0.18,-35.1,15.14,-12.63
worker 1,2026-07-27 13:07:55.940,-0.86,0.29,-0.29,-33.33,1.83,-12.7
worker 1,2026-07-27 13:07:55.941,-0.86,0.29,-0.29,-33.33,1.83,-12.7
worker 1,2026-07-27 13:07:55.942,-0.93,0.33,-0.47,-36.68,-3.91,-10.38
worker 1,2026-07-27 13:07:55.943,-0.93,0.33,-0.47,-36.68,-3.91,-10.38
worker 1,2026-07-27 13:07:55.943,-0.98,0.37,-0.61,-34.85,6.65,-8.54
worker 1,2026-07-27 13:07:55.944,-0.93,0.33,-0.49,-32.41,26.67,-10.56
worker 1,2026-07-27 13:07:55.944,-0.98,0.21,-0.2,-47.0,22.46,-16.6
worker 1,2026-07-27 13:07:55.948,-0.98,0.21,-0.2,-47.0,22.46,-16.6
worker 1,2026-07-27 13:07:55.948,-0.99,0.15,0.01,-49.74,-7.57,-21.18
worker 1,2026-07-27 13:07:55.949,-0.99,0.15,0.01,-49.74,-7.57,-21.18
worker 1,2026-07-27 13:07:55.949,-0.9,0.21,0.09,-20.51,-22.83,-16.91
worker 1,2026-07-27 13:07:55.949,-0.94,0.27,0.09,-11.66,-17.88,-7.26
worker 1,2026-07-27 13:07:55.949,-0.99,0.25,0.04,-45.53,-13.49,0.92
worker 1,2026-07-27 13:07:55.950,-0.99,0.25,0.04,-90.21,-6.84,6.59
worker 1,2026-07-27 13:07:55.985,-0.97,0.22,0.01,-90.21,-6.84,6.59
worker 1,2026-07-27 13:07:56.167,-0.96,0.25,-0.01,-106.02,0.92,2.99
worker 1,2026-07-27 13:07:56.168,-0.96,0.25,-0.01,-106.02,0.92,2.99
worker 1,2026-07-27 13:07:56.168,-0.96,0.29,-0.06,-73.85,-7.26,-12.08
worker 1,2026-07-27 13:07:56.169,-0.96,0.29,-0.06,-73.85,-7.26,-12.08
worker 1,2026-07-27 13:07:56.169,-0.97,0.27,-0.08,-13.0,-26.98,-25.39
worker 1,2026-07-27 13:07:56.169,-0.97,0.27,-0.08,37.54,-37.29,-26.12
worker 1,2026-07-27 13:07:56.169,-0.96,0.2,-0.08,37.54,-37.29,-26.12
worker 1,2026-07-27 13:07:56.170,-0.97,0.13,-0.08,46.26,-34.91,-18.92
worker 1,2026-07-27 13:07:56.229,-0.99,0.11,-0.07,18.49,-24.72,-13.06
worker 1,2026-07-27 13:07:56.230,-0.99,0.11,-0.07,18.49,-24.72,-13.06
worker 1,2026-07-27 13:07:56.464,-0.98,0.14,-0.04,-15.75,-8.85,-9.95
worker 1,2026-07-27 13:07:56.464,-0.96,0.2,-0.01,-34.3,6.77,-7.14
worker 1,2026-07-27 13:07:56.465,-0.94,0.25,0.01,-28.26,12.94,-5.43
worker 1,2026-07-27 13:07:56.466,-0.95,0.23,-0.0,-6.47,6.29,-5.86
worker 1,2026-07-27 13:07:56.467,-0.98,0.17,-0.05,11.96,-4.52,-7.75
worker 1,2026-07-27 13:07:56.468,-1.0,0.14,-0.08,16.78,-9.64,-9.95
worker 1,2026-07-27 13:07:56.468,-0.99,0.13,-0.09,11.35,-7.87,-11.35
worker 1,2026-07-27 13:07:56.584,-0.99,0.13,-0.09,11.35,-7.87,-11.35
worker 1,2026-07-27 13:07:56.584,-0.98,0.15,-0.09,6.96,-4.7,-11.96
worker 1,2026-07-27 13:07:56.585,-0.97,0.15,-0.09,12.63,-5.31,-11.47
worker 1,2026-07-27 13:07:56.588,-0.97,0.15,-0.09,12.63,-5.31,-11.47
worker 1,2026-07-27 13:07:56.646,-0.97,0.14,-0.08,27.1,-8.42,-9.58
worker 1,2026-07-27 13:07:56.647,-0.97,0.14,-0.08,27.1,-8.42,-9.58
worker 1,2026-07-27 13:07:56.648,-0.97,0.13,-0.07,35.77,-9.4,-7.81
worker 1,2026-07-27 13:07:57.064,-0.96,0.14,-0.05,32.9,-5.19,-5.8
worker 1,2026-07-27 13:07:57.065,-0.96,0.14,-0.05,32.9,-5.19,-5.8
worker 1,2026-07-27 13:07:57.065,-0.96,0.14,-0.05,24.17,2.32,-1.95
worker 1,2026-07-27 13:07:57.066,-0.96,0.14,-0.05,24.17,2.32,-1.95
worker 1,2026-07-27 13:07:57.066,-0.97,0.12,-0.04,11.72,7.45,2.99
worker 1,2026-07-27 13:07:57.066,-0.98,0.11,-0.05,1.22,5.98,5.86
worker 1,2026-07-27 13:07:57.067,-0.98,0.1,-0.06,-0.67,-0.18,5.19
worker 1,2026-07-27 13:07:57.125,-0.98,0.1,-0.06,3.05,-5.98,2.14
worker 1,2026-07-27 13:07:57.126,-0.97,0.11,-0.04,4.76,-7.87,-0.98
worker 1,2026-07-27 13:07:57.126,-0.96,0.12,-0.03,1.04,-5.19,-2.01
worker 1,2026-07-27 13:07:57.423,-0.96,0.12,-0.03,1.04,-5.19,-2.01
worker 1,2026-07-27 13:07:57.424,-0.94,0.13,-0.03,-4.33,-0.06,-1.04
worker 1,2026-07-27 13:07:57.424,-0.92,0.12,-0.04,-7.08,2.75,0.24
worker 1,2026-07-27 13:07:57.425,-0.92,0.12,-0.04,-7.08,2.75,0.24
worker 1,2026-07-27 13:07:57.425,-0.96,0.11,-0.08,-3.36,-1.83,-0.49
worker 1,2026-07-27 13:07:57.426,-1.0,0.1,-0.11,7.57,-12.21,-4.82
worker 1,2026-07-27 13:07:57.426,-1.0,0.1,-0.11,8.79,-17.03,-7.26
worker 1,2026-07-27 13:07:57.427,-1.01,0.11,-0.1,8.79,-17.03,-7.26
worker 1,2026-07-27 13:07:57.428,-0.99,0.14,-0.07,-7.45,-9.7,-3.11
worker 1,2026-07-27 13:07:57.429,-0.97,0.19,-0.05,-25.76,-0.06,2.56
worker 1,2026-07-27 13:07:57.430,-0.96,0.21,-0.05,-33.51,2.93,6.96
worker 1,2026-07-27 13:07:57.431,-0.96,0.21,-0.05,-33.51,2.93,6.96
worker 1,2026-07-27 13:07:57.431,-0.97,0.19,-0.05,-28.75,1.04,11.29
worker 1,2026-07-27 13:07:57.432,-0.97,0.19,-0.05,-28.75,1.04,11.29
worker 1,2026-07-27 13:07:57.432,-0.98,0.15,-0.06,-19.59,-3.97,13.43
worker 1,2026-07-27 13:07:57.433,-0.98,0.12,-0.06,-13.18,-11.66,10.8
worker 1,2026-07-27 13:07:57.665,-0.97,0.12,-0.06,-10.19,-18.25,5.74
worker 1,2026-07-27 13:07:57.853,-0.96,0.14,-0.05,-9.22,-20.39,2.62
worker 1,2026-07-27 13:07:57.854,-0.96,0.14,-0.05,-9.22,-20.39,2.62
worker 1,2026-07-27 13:07:57.855,-0.96,0.17,-0.05,-8.97,-20.08,2.08
worker 1,2026-07-27 13:07:57.856,-0.96,0.17,-0.05,-8.97,-20.08,2.08
worker 1,2026-07-27 13:07:57.856,-0.96,0.18,-0.06,-4.52,-20.57,2.93
worker 1,2026-07-27 13:07:57.857,-0.97,0.16,-0.06,4.33,-21.06,5.68
worker 1,2026-07-27 13:07:57.858,-0.98,0.12,-0.04,8.67,-19.1,10.5
worker 1,2026-07-27 13:07:57.858,-1.03,0.09,-0.02,6.04,-15.87,14.4
worker 1,2026-07-27 13:07:57.859,-1.03,0.09,-0.02,6.04,-15.87,14.4
worker 1,2026-07-27 13:07:57.859,-1.1,0.08,-0.0,-0.67,-13.79,14.34
worker 1,2026-07-27 13:07:57.860,-1.1,0.1,0.0,-8.3,-11.6,9.77
worker 1,2026-07-27 13:07:57.860,-1.1,0.1,0.0,-13.12,-10.8,-1.22
worker 1,2026-07-27 13:07:57.861,-1.02,0.18,-0.01,-13.12,-10.8,-1.22
worker 1,2026-07-27 13:07:57.862,-0.94,0.27,-0.02,-12.57,-11.9,-14.65
worker 1,2026-07-27 13:07:58.084,-0.94,0.27,-0.02,-12.57,-11.9,-14.65
worker 1,2026-07-27 13:07:58.085,-0.89,0.35,-0.04,-13.31,1.22,-14.34
worker 1,2026-07-27 13:07:58.085,-0.93,0.37,-0.03,-13.06,46.39,9.89
worker 1,2026-07-27 13:07:58.086,-0.93,0.37,-0.03,-13.06,46.39,9.89
worker 1,2026-07-27 13:07:58.086,-1.02,0.31,0.02,11.84,94.85,35.4
worker 1,2026-07-27 13:07:58.087,-1.02,0.31,0.02,50.29,102.66,37.17
worker 1,2026-07-27 13:07:58.087,-1.07,0.28,0.04,50.29,102.66,37.17
worker 1,2026-07-27 13:07:58.088,-1.02,0.27,-0.01,69.82,72.02,21.97
worker 1,2026-07-27 13:07:58.089,-0.92,0.24,-0.07,65.92,39.55,7.69
worker 1,2026-07-27 13:07:58.147,-0.92,0.24,-0.07,65.92,39.55,7.69
worker 1,2026-07-27 13:07:58.147,-0.88,0.2,-0.1,44.19,28.87,3.23
worker 1,2026-07-27 13:07:58.148,-0.88,0.2,-0.1,44.19,28.87,3.23
worker 1,2026-07-27 13:07:58.204,-0.87,0.19,-0.11,13.73,31.49,2.93
worker 1,2026-07-27 13:07:58.204,-0.85,0.26,-0.12,-15.01,34.91,0.67
worker 1,2026-07-27 13:07:58.270,-0.85,0.26,-0.12,-15.01,34.91,0.67
worker 1,2026-07-27 13:07:58.277,-0.83,0.29,-0.17,-32.59,32.96,-1.71
worker 1,2026-07-27 13:07:58.278,-0.83,0.29,-0.17,-32.59,32.96,-1.71
worker 1,2026-07-27 13:07:58.324,-0.84,0.25,-0.26,-34.85,28.93,-2.08
worker 1,2026-07-27 13:07:58.325,-0.84,0.25,-0.26,-34.85,28.93,-2.08
worker 1,2026-07-27 13:07:58.384,-0.87,0.23,-0.38,-30.58,26.67,-1.65
worker 1,2026-07-27 13:07:58.384,-0.9,0.24,-0.49,-26.79,24.72,-3.78
worker 1,2026-07-27 13:07:58.385,-0.9,0.24,-0.49,-26.79,24.72,-3.78
worker 1,2026-07-27 13:07:58.444,-0.89,0.24,-0.51,-31.68,26.06,-9.16
worker 1,2026-07-27 13:07:58.565,-0.76,0.21,-0.4,-52.73,26.79,-15.56
worker 1,2026-07-27 13:07:58.565,-0.75,0.23,-0.26,-83.92,13.31,-19.1
worker 1,2026-07-27 13:07:58.566,-1.11,0.44,-0.28,-86.18,-15.81,-25.02
worker 1,2026-07-27 13:07:58.623,-1.13,0.57,-0.22,-54.57,-26.37,-28.26
worker 1,2026-07-27 13:07:58.686,-1.13,0.57,-0.22,-54.57,-26.37,-28.26
worker 1,2026-07-27 13:07:58.687,-0.89,0.36,-0.0,-42.11,-11.47,-13.85
worker 1,2026-07-27 13:07:58.687,-0.93,0.16,0.07,-47.36,-6.9,9.64
worker 1,2026-07-27 13:07:58.687,-0.94,0.13,0.03,-49.38,-14.95,15.75
worker 1,2026-07-27 13:07:58.807,-0.94,0.13,0.03,-49.38,-14.95,15.75
worker 1,2026-07-27 13:07:58.808,-0.93,0.18,-0.03,-64.33,-24.78,-1.1
worker 1,2026-07-27 13:07:58.863,-0.93,0.18,-0.03,-64.33,-24.78,-1.1
worker 1,2026-07-27 13:07:58.864,-0.95,0.23,-0.07,-74.58,-28.93,-18.31
worker 1,2026-07-27 13:07:58.865,-0.98,0.26,-0.07,-59.27,-21.3,-24.6
worker 1,2026-07-27 13:07:58.866,-1.0,0.27,-0.05,-26.18,-16.17,-26.31
worker 1,2026-07-27 13:07:59.105,-0.96,0.25,-0.03,15.26,-25.15,-28.44
worker 1,2026-07-27 13:07:59.105,-0.94,0.21,-0.04,38.82,-40.04,-28.32
worker 1,2026-07-27 13:07:59.106,-0.95,0.15,-0.05,30.58,-43.52,-21.73
worker 1,2026-07-27 13:07:59.107,-0.96,0.13,-0.04,5.13,-29.42,-10.38
worker 1,2026-07-27 13:07:59.107,-0.96,0.15,-0.02,-24.48,-7.93,-0.43
worker 1,2026-07-27 13:07:59.108,-0.96,0.15,-0.02,-24.48,-7.93,-0.43
worker 1,2026-07-27 13:07:59.108,-0.97,0.15,-0.03,-49.68,11.54,5.43
worker 1,2026-07-27 13:07:59.109,-0.97,0.15,-0.03,-49.68,11.54,5.43
worker 1,2026-07-27 13:07:59.584,-1.01,0.13,-0.05,-63.17,25.7,5.98
worker 1,2026-07-27 13:07:59.585,-1.03,0.11,-0.06,-60.06,26.31,-0.85
worker 1,2026-07-27 13:07:59.585,-0.99,0.14,-0.05,-41.38,12.15,-13.06
worker 1,2026-07-27 13:07:59.585,-0.9,0.21,-0.02,-8.79,-10.56,-25.57
worker 1,2026-07-27 13:07:59.587,-0.9,0.21,-0.02,-8.79,-10.56,-25.57
worker 1,2026-07-27 13:07:59.587,-0.84,0.25,-0.01,29.17,-36.8,-31.19
worker 1,2026-07-27 13:07:59.588,-0.84,0.25,-0.01,29.17,-36.8,-31.19
worker 1,2026-07-27 13:07:59.588,-0.87,0.19,-0.06,32.29,-53.34,-22.95
worker 1,2026-07-27 13:07:59.589,-0.87,0.19,-0.06,32.29,-53.34,-22.95
worker 1,2026-07-27 13:07:59.589,-0.95,0.1,-0.1,10.19,-52.43,-5.92
worker 1,2026-07-27 13:07:59.590,-0.95,0.1,-0.1,10.19,-52.43,-5.92
worker 1,2026-07-27 13:07:59.591,-1.05,0.05,-0.06,9.46,-27.77,15.32
worker 1,2026-07-27 13:07:59.592,-1.05,0.05,-0.06,-7.14,-32.84,14.16
worker 1,2026-07-27 13:07:59.592,-1.07,0.04,-0.06,-7.14,-32.84,14.16
worker 1,2026-07-27 13:07:59.593,-1.13,0.01,-0.06,-27.28,-51.09,6.96
worker 1,2026-07-27 13:07:59.594,-1.22,-0.01,-0.02,-40.22,-50.42,3.78
worker 1,2026-07-27 13:07:59.645,-1.15,0.14,0.07,-44.56,-8.24,8.06
worker 1,2026-07-27 13:07:59.646,-1.15,0.14,0.07,-44.56,-8.24,8.06
worker 1,2026-07-27 13:07:59.767,-0.9,0.44,0.14,-30.58,53.1,10.8
worker 1,2026-07-27 13:07:59.775,-0.9,0.44,0.14,-0.73,102.6,20.94
worker 1,2026-07-27 13:07:59.776,-0.87,0.5,0.13,-0.73,102.6,20.94
worker 1,2026-07-27 13:07:59.776,-1.04,0.34,0.07,50.96,122.44,39.18
worker 1,2026-07-27 13:07:59.826,-1.1,0.23,0.02,100.16,106.81,41.69
worker 1,2026-07-27 13:07:59.827,-0.99,0.19,0.01,99.49,79.1,31.07
worker 1,2026-07-27 13:07:59.884,-0.99,0.19,0.01,52.8,59.27,23.74
worker 1,2026-07-27 13:07:59.884,-0.89,0.16,0.01,52.8,59.27,23.74
worker 1,2026-07-27 13:07:59.885,-0.88,0.15,-0.01,2.99,41.81,14.53
worker 1,2026-07-27 13:08:00.072,-0.88,0.15,-0.01,2.99,41.81,14.53
worker 1,2026-07-27 13:08:00.073,-0.89,0.21,-0.05,-4.27,27.47,-4.09
worker 1,2026-07-27 13:08:00.073,-0.88,0.26,-0.08,15.69,20.26,-24.11
worker 1,2026-07-27 13:08:00.074,-0.88,0.2,-0.16,27.28,14.04,-32.78
worker 1,2026-07-27 13:08:00.074,-0.91,0.14,-0.26,11.23,12.08,-30.33
worker 1,2026-07-27 13:08:00.126,-0.92,0.18,-0.34,-31.62,25.09,-22.4
worker 1,2026-07-27 13:08:00.189,-0.92,0.26,-0.38,-73.43,46.39,-13.06
worker 1,2026-07-27 13:08:00.192,-0.92,0.26,-0.38,-73.43,46.39,-13.06
worker 1,2026-07-27 13:08:00.193,-0.86,0.26,-0.39,-91.13,58.65,-11.6
worker 1,2026-07-27 13:08:00.304,-0.86,0.26,-0.39,-83.74,47.24,-19.47
worker 1,2026-07-27 13:08:00.305,-0.73,0.14,-0.34,-83.74,47.24,-19.47
worker 1,2026-07-27 13:08:00.305,-0.66,0.06,-0.21,-76.54,9.95,-26.18
worker 1,2026-07-27 13:08:00.313,-0.87,0.13,-0.17,-77.76,-36.5,-25.33
worker 1,2026-07-27 13:08:00.364,-0.87,0.13,-0.17,-77.76,-36.5,-25.33
worker 1,2026-07-27 13:08:00.364,-1.4,0.35,-0.4,-47.67,-75.2,-24.29
worker 1,2026-07-27 13:08:00.365,-1.33,0.59,-0.5,4.21,-76.72,-27.71
worker 1,2026-07-27 13:08:00.723,-1.33,0.59,-0.5,4.21,-76.72,-27.71
worker 1,2026-07-27 13:08:00.724,-0.72,0.59,-0.11,23.74,-36.38,-20.02
worker 1,2026-07-27 13:08:00.725,-0.65,0.3,0.24,-8.18,8.61,14.95
worker 1,2026-07-27 13:08:00.726,-1.02,0.01,0.11,-62.19,8.61,52.61
worker 1,2026-07-27 13:08:00.726,-1.02,0.01,0.11,-75.99,-42.79,42.97
worker 1,2026-07-27 13:08:00.727,-1.16,-0.04,-0.07,-75.99,-42.79,42.97
worker 1,2026-07-27 13:08:00.727,-1.03,0.18,-0.03,-62.38,-57.07,-7.51
worker 1,2026-07-27 13:08:00.728,-1.03,0.18,-0.03,-62.38,-57.07,-7.51
worker 1,2026-07-27 13:08:00.729,-0.93,0.42,0.02,-59.88,-27.04,-45.59
worker 1,2026-07-27 13:08:00.730,-0.93,0.42,0.02,-59.88,-27.04,-45.59
worker 1,2026-07-27 13:08:00.730,-0.88,0.44,0.05,-36.13,-20.02,-47.73
worker 1,2026-07-27 13:08:00.731,-0.88,0.44,0.05,-36.13,-20.02,-47.73
worker 1,2026-07-27 13:08:00.731,-0.85,0.32,0.07,2.5,-18.13,-21.48
worker 1,2026-07-27 13:08:00.732,-0.87,0.2,0.06,1.04,7.57,14.04
worker 1,2026-07-27 13:08:00.904,-0.87,0.2,0.06,1.04,7.57,14.04
worker 1,2026-07-27 13:08:00.905,-0.94,0.16,0.01,-29.36,27.77,32.29
worker 1,2026-07-27 13:08:00.905,-0.98,0.16,-0.03,-40.34,11.6,22.34
worker 1,2026-07-27 13:08:00.906,-0.98,0.16,-0.03,-40.34,11.6,22.34
worker 1,2026-07-27 13:08:00.906,-0.95,0.19,-0.06,-21.73,-23.86,-0.12
worker 1,2026-07-27 13:08:00.907,-0.95,0.18,-0.08,17.52,-52.37,-16.24
worker 1,2026-07-27 13:08:00.964,-1.0,0.12,-0.09,56.15,-64.21,-16.54
worker 1,2026-07-27 13:08:01.024,-1.06,0.08,-0.11,58.04,-58.53,-5.92
worker 1,2026-07-27 13:08:01.025,-1.05,0.08,-0.13,34.12,-51.15,-1.4
worker 1,2026-07-27 13:08:01.149,-1.05,0.08,-0.13,34.12,-51.15,-1.4
worker 1,2026-07-27 13:08:01.150,-0.99,0.12,-0.13,21.24,-63.96,-10.25
worker 1,2026-07-27 13:08:01.151,-1.04,0.15,-0.12,14.89,-80.99,-22.16
worker 1,2026-07-27 13:08:01.151,-1.16,0.19,-0.09,-1.04,-47.85,-18.19
worker 1,2026-07-27 13:08:01.213,-1.13,0.29,-0.03,-28.32,44.01,-0.61
worker 1,2026-07-27 13:08:01.214,-1.13,0.29,-0.03,-28.32,44.01,-0.61
worker 1,2026-07-27 13:08:01.333,-1.03,0.46,0.1,-38.27,138.24,9.28
worker 1,2026-07-27 13:08:01.334,-1.03,0.46,0.1,-38.27,138.24,9.28
worker 1,2026-07-27 13:08:01.334,-1.06,0.52,0.17,0.43,174.07,14.47
worker 1,2026-07-27 13:08:01.334,-1.06,0.52,0.17,69.03,138.49,22.4
worker 1,2026-07-27 13:08:01.334,-1.08,0.38,0.09,69.03,138.49,22.4
worker 1,2026-07-27 13:08:01.805,-0.98,0.2,-0.01,104.61,85.82,28.02
worker 1,2026-07-27 13:08:01.805,-0.89,0.1,-0.05,62.38,60.3,31.92
worker 1,2026-07-27 13:08:01.806,-0.83,0.13,-0.05,-5.0,51.15,24.96
worker 1,2026-07-27 13:08:01.807,-0.75,0.26,-0.01,-35.46,44.19,2.2
worker 1,2026-07-27 13:08:01.807,-0.69,0.33,0.01,-45.47,34.67,-17.58
worker 1,2026-07-27 13:08:01.808,-0.69,0.33,0.01,-45.47,34.67,-17.58
worker 1,2026-07-27 13:08:01.808,-0.71,0.27,-0.06,-37.96,11.17,-24.48
worker 1,2026-07-27 13:08:01.809,-0.71,0.27,-0.06,-37.96,11.17,-24.48
worker 1,2026-07-27 13:08:01.809,-0.88,0.16,-0.28,0.67,-23.01,-28.44
worker 1,2026-07-27 13:08:01.810,-1.14,0.17,-0.62,27.53,-33.02,-31.62
worker 1,2026-07-27 13:08:01.811,-1.14,0.17,-0.62,-4.58,0.98,-30.21
worker 1,2026-07-27 13:08:01.811,-1.13,0.31,-0.75,-4.58,0.98,-30.21
worker 1,2026-07-27 13:08:01.812,-0.77,0.34,-0.46,-64.64,28.69,-28.38
worker 1,2026-07-27 13:08:01.813,-0.77,0.34,-0.46,-64.64,28.69,-28.38
worker 1,2026-07-27 13:08:01.814,-0.77,0.29,0.0,-105.04,5.25,-22.34
worker 1,2026-07-27 13:08:01.814,-1.12,0.32,-0.04,-73.0,-48.58,-8.73
worker 1,2026-07-27 13:08:01.815,-1.12,0.32,-0.04,-73.0,-48.58,-8.73
worker 1,2026-07-27 13:08:01.931,-1.07,0.39,-0.3,37.17,-85.69,3.6
worker 1,2026-07-27 13:08:01.931,-0.79,0.33,-0.02,102.97,-64.88,13.31
worker 1,2026-07-27 13:08:01.932,-0.83,0.13,0.19,45.59,0.43,31.92
worker 1,2026-07-27 13:08:02.166,-1.04,0.0,0.01,-54.26,13.79,42.11
worker 1,2026-07-27 13:08:02.167,-1.04,0.0,0.01,-54.26,13.79,42.11
worker 1,2026-07-27 13:08:02.167,-1.1,0.05,-0.08,-89.97,-33.14,16.11
worker 1,2026-07-27 13:08:02.168,-1.1,0.05,-0.08,-89.97,-33.14,16.11
worker 1,2026-07-27 13:08:02.168,-1.03,0.25,-0.04,-81.3,-41.63,-21.42
worker 1,2026-07-27 13:08:02.168,-0.96,0.35,-0.01,-66.83,-21.97,-36.07
worker 1,2026-07-27 13:08:02.169,-0.89,0.3,0.03,-31.62,-14.89,-26.73
worker 1,2026-07-27 13:08:02.170,-0.86,0.22,0.05,-6.77,-1.77,-5.0
worker 1,2026-07-27 13:08:02.464,-0.89,0.18,0.02,-14.89,6.53,10.68
worker 1,2026-07-27 13:08:02.465,-0.89,0.18,0.02,-14.89,6.53,10.68
worker 1,2026-07-27 13:08:02.465,-0.92,0.19,-0.03,-27.53,-12.88,6.84
worker 1,2026-07-27 13:08:02.465,-0.92,0.23,-0.06,-21.48,-46.02,-6.1
worker 1,2026-07-27 13:08:02.466,-0.95,0.23,-0.08,1.77,-66.71,-10.25
worker 1,2026-07-27 13:08:02.466,-1.03,0.17,-0.1,29.17,-65.49,-1.16
worker 1,2026-07-27 13:08:02.467,-1.03,0.17,-0.1,41.75,-51.76,8.54
worker 1,2026-07-27 13:08:02.467,-1.09,0.12,-0.16,41.75,-51.76,8.54
worker 1,2026-07-27 13:08:02.486,-1.13,0.11,-0.21,31.07,-47.24,4.46
worker 1,2026-07-27 13:08:02.487,-1.13,0.11,-0.21,31.07,-47.24,4.46
worker 1,2026-07-27 13:08:02.584,-1.23,0.12,-0.22,12.02,-55.42,-9.77
worker 1,2026-07-27 13:08:02.585,-1.24,0.14,-0.14,-5.92,-21.79,-16.54
worker 1,2026-07-27 13:08:02.585,-1.06,0.23,0.05,-39.0,73.73,-11.66
worker 1,2026-07-27 13:08:02.586,-1.06,0.23,0.05,-39.0,73.73,-11.66
worker 1,2026-07-27 13:08:02.586,-0.98,0.45,0.19,-74.46,172.67,-2.69
worker 1,2026-07-27 13:08:02.644,-1.07,0.6,0.2,-62.13,204.47,8.73
worker 1,2026-07-27 13:08:02.704,-1.0,0.51,0.14,-1.1,151.12,24.17
worker 1,2026-07-27 13:08:02.705,-1.0,0.51,0.14,-1.1,151.12,24.17
worker 1,2026-07-27 13:08:02.706,-0.83,0.31,0.05,44.49,82.34,41.69
worker 1,2026-07-27 13:08:02.884,-0.83,0.31,0.05,44.49,82.34,41.69
worker 1,2026-07-27 13:08:02.885,-0.76,0.17,-0.03,36.38,50.66,52.19
worker 1,2026-07-27 13:08:02.885,-0.74,0.18,-0.05,6.77,42.05,43.82
worker 1,2026-07-27 13:08:02.886,-0.68,0.31,-0.01,-20.87,33.51,20.69
worker 1,2026-07-27 13:08:02.944,-0.66,0.4,-0.06,-37.48,13.79,2.87
worker 1,2026-07-27 13:08:02.945,-0.66,0.4,-0.06,-37.48,13.79,2.87
worker 1,2026-07-27 13:08:02.945,-0.8,0.41,-0.33,-17.52,-16.24,-5.62
worker 1,2026-07-27 13:08:03.004,-1.03,0.45,-0.71,27.65,-34.3,-11.9
worker 1,2026-07-27 13:08:03.004,-1.04,0.47,-0.72,37.78,-16.36,-11.96
worker 1,2026-07-27 13:08:03.005,-1.04,0.47,-0.72,37.78,-16.36,-11.96
worker 1,2026-07-27 13:08:03.131,-0.84,0.35,-0.35,-1.46,4.39,-12.51
worker 1,2026-07-27 13:08:03.304,-1.02,0.29,-0.05,-34.55,-19.78,-30.15
worker 1,2026-07-27 13:08:03.306,-1.02,0.29,-0.05,-34.55,-19.78,-30.15
worker 1,2026-07-27 13:08:03.306,-1.13,0.39,-0.07,10.38,-71.53,-48.34
worker 1,2026-07-27 13:08:03.315,-0.84,0.5,-0.13,87.95,-93.2,-39.49
worker 1,2026-07-27 13:08:03.316,-0.7,0.41,0.08,95.52,-65.8,-8.36
worker 1,2026-07-27 13:08:03.317,-0.85,0.17,0.14,45.1,-26.25,30.52
worker 1,2026-07-27 13:08:03.317,-1.09,-0.03,-0.06,2.01,-28.08,51.21
worker 1,2026-07-27 13:08:03.318,-1.09,-0.03,-0.06,2.01,-28.08,51.21
worker 1,2026-07-27 13:08:03.318,-1.13,-0.03,-0.09,12.76,-57.43,27.47
worker 1,2026-07-27 13:08:03.485,-1.03,0.17,-0.01,35.16,-54.87,-14.77
worker 1,2026-07-27 13:08:03.485,-0.96,0.31,0.0,14.83,-34.48,-34.67
worker 1,2026-07-27 13:08:03.728,-0.96,0.31,0.0,14.83,-34.48,-34.67
worker 1,2026-07-27 13:08:03.728,-0.91,0.3,0.01,-11.41,-21.12,-24.84
worker 1,2026-07-27 13:08:03.729,-0.91,0.3,0.01,-11.41,-21.12,-24.84
worker 1,2026-07-27 13:08:03.730,-0.9,0.23,0.03,-7.26,-4.27,-1.59
worker 1,2026-07-27 13:08:03.730,-0.93,0.18,0.03,17.21,2.75,10.86
worker 1,2026-07-27 13:08:03.730,-0.94,0.2,0.01,36.74,-13.79,4.09
worker 1,2026-07-27 13:08:03.731,-0.94,0.2,0.01,36.74,-13.79,4.09
worker 1,2026-07-27 13:08:03.731,-0.93,0.25,-0.02,37.35,-37.84,-6.9
worker 1,2026-07-27 13:08:03.731,-0.93,0.25,-0.02,35.71,-49.26,-6.41
worker 1,2026-07-27 13:08:03.731,-0.96,0.21,-0.0,35.4,-37.41,7.69
worker 1,2026-07-27 13:08:03.732,-1.01,0.14,-0.02,24.66,-15.44,23.62
worker 1,2026-07-27 13:08:03.904,-1.06,0.09,-0.06,15.44,-7.39,27.59
worker 1,2026-07-27 13:08:03.905,-1.07,0.08,-0.13,22.89,-24.35,16.36
worker 1,2026-07-27 13:08:03.906,-1.03,0.08,-0.2,43.46,-67.5,-2.93
worker 1,2026-07-27 13:08:03.907,-1.08,0.07,-0.2,53.59,-100.52,-16.6
worker 1,2026-07-27 13:08:04.024,-1.08,0.07,-0.2,53.59,-100.52,-16.6
worker 1,2026-07-27 13:08:04.025,-1.08,0.11,-0.09,-32.65,16.97,2.99
worker 1,2026-07-27 13:08:04.025,-1.08,0.11,-0.09,-88.01,101.75,4.09
worker 1,2026-07-27 13:08:04.025,-0.9,0.29,0.03,-88.01,101.75,4.09
worker 1,2026-07-27 13:08:04.025,-0.93,0.49,0.15,-89.54,161.68,-3.48
worker 1,2026-07-27 13:08:04.217,-0.93,0.49,0.15,-89.54,161.68,-3.48
worker 1,2026-07-27 13:08:04.217,-1.08,0.53,0.17,-37.11,166.38,-2.93
worker 1,2026-07-27 13:08:04.217,-1.08,0.43,0.08,20.51,117.55,4.52
worker 1,2026-07-27 13:08:04.218,-1.08,0.43,0.08,20.51,117.55,4.52
worker 1,2026-07-27 13:08:04.218,-0.95,0.36,-0.02,41.44,65.43,8.85
worker 1,2026-07-27 13:08:04.218,-0.8,0.31,-0.03,25.09,42.91,11.11
worker 1,2026-07-27 13:08:04.219,-0.8,0.31,-0.03,25.09,42.91,11.11
worker 1,2026-07-27 13:08:04.264,-0.74,0.2,0.01,-2.69,37.17,10.99
worker 1,2026-07-27 13:08:04.265,-0.74,0.2,0.01,-2.69,37.17,10.99
worker 1,2026-07-27 13:08:04.265,-0.73,0.18,0.02,-17.4,27.71,2.44
worker 1,2026-07-27 13:08:04.324,-0.73,0.18,0.02,-17.4,27.71,2.44
worker 1,2026-07-27 13:08:04.325,-0.74,0.29,-0.07,-12.39,13.18,-12.88
worker 1,2026-07-27 13:08:04.384,-0.74,0.29,-0.07,-12.39,13.18,-12.88
worker 1,2026-07-27 13:08:04.385,-0.79,0.37,-0.27,0.85,-2.01,-22.4
worker 1,2026-07-27 13:08:04.385,-0.91,0.36,-0.55,10.8,-14.22,-20.81
worker 1,2026-07-27 13:08:04.505,-0.91,0.36,-0.55,10.8,-14.22,-20.81
worker 1,2026-07-27 13:08:04.505,-1.03,0.29,-0.72,7.63,-9.22,-15.44
worker 1,2026-07-27 13:08:04.505,-0.88,0.18,-0.61,-22.89,12.21,-12.33
worker 1,2026-07-27 13:08:04.506,-1.02,0.13,-0.29,-67.44,11.23,-14.47
worker 1,2026-07-27 13:08:04.627,-1.02,0.13,-0.29,-67.44,11.23,-14.47
worker 1,2026-07-27 13:08:04.627,-1.33,0.25,-0.14,-66.47,-23.5,-20.81
worker 1,2026-07-27 13:08:04.628,-1.33,0.25,-0.14,-66.47,-23.5,-20.81
worker 1,2026-07-27 13:08:04.628,-0.99,0.44,-0.12,-22.34,-44.19,-20.39
worker 1,2026-07-27 13:08:04.985,-0.63,0.45,0.11,-0.49,-33.08,-10.62
worker 1,2026-07-27 13:08:04.985,-0.63,0.45,0.11,-4.88,-12.51,13.06
worker 1,2026-07-27 13:08:04.985,-0.72,0.3,0.24,-4.88,-12.51,13.06
worker 1,2026-07-27 13:08:04.986,-0.99,0.15,0.07,-16.48,-16.05,40.41
worker 1,2026-07-27 13:08:04.986,-1.12,0.11,-0.04,-11.17,-44.8,35.4
worker 1,2026-07-27 13:08:04.987,-1.06,0.23,-0.03,8.85,-51.09,2.14
worker 1,2026-07-27 13:08:04.988,-1.06,0.23,-0.03,8.85,-51.09,2.14
worker 1,2026-07-27 13:08:04.989,-0.97,0.34,-0.02,21.24,-45.23,-26.49
worker 1,2026-07-27 13:08:04.989,-0.97,0.34,-0.02,39.18,-49.56,-31.62
worker 1,2026-07-27 13:08:04.990,-0.92,0.31,-0.01,39.18,-49.56,-31.62
worker 1,2026-07-27 13:08:04.990,-0.89,0.21,0.01,56.7,-40.34,-14.22
worker 1,2026-07-27 13:08:04.991,-0.9,0.14,0.02,61.04,-21.61,4.15
worker 1,2026-07-27 13:08:04.993,-0.94,0.13,-0.01,52.12,-17.27,8.36
worker 1,2026-07-27 13:08:05.046,-0.94,0.13,-0.01,52.12,-17.27,8.36
worker 1,2026-07-27 13:08:05.046,-0.97,0.16,-0.03,29.48,-30.09,2.99
worker 1,2026-07-27 13:08:05.164,-0.96,0.2,-0.03,10.31,-44.37,-2.69
worker 1,2026-07-27 13:08:05.165,-0.96,0.2,-0.03,10.31,-44.37,-2.69
worker 1,2026-07-27 13:08:05.165,-0.95,0.21,-0.03,6.71,-46.02,-1.65
worker 1,2026-07-27 13:08:05.166,-0.95,0.21,-0.03,6.71,-46.02,-1.65
worker 1,2026-07-27 13:08:05.166,-0.98,0.21,-0.07,9.22,-39.49,3.72
worker 1,2026-07-27 13:08:05.227,-1.01,0.22,-0.14,15.5,-41.93,3.91
worker 1,2026-07-27 13:08:05.228,-1.01,0.22,-0.14,15.5,-41.93,3.91
worker 1,2026-07-27 13:08:05.284,-1.01,0.2,-0.22,37.48,-63.42,-2.81
worker 1,2026-07-27 13:08:05.284,-1.06,0.15,-0.24,67.93,-87.59,-9.95
worker 1,2026-07-27 13:08:05.285,-1.06,0.15,-0.24,67.93,-87.59,-9.95
worker 1,2026-07-27 13:08:05.885,-1.24,0.09,-0.16,89.48,-67.63,-8.61
worker 1,2026-07-27 13:08:05.885,-1.29,0.11,-0.04,70.43,13.92,-0.92
worker 1,2026-07-27 13:08:05.886,-1.29,0.11,-0.04,70.43,13.92,-0.92
worker 1,2026-07-27 13:08:05.886,-1.1,0.23,0.05,-9.89,114.69,-1.4
worker 1,2026-07-27 13:08:05.886,-1.0,0.37,0.14,-70.37,182.19,-7.39
worker 1,2026-07-27 13:08:06.004,-1.0,0.37,0.14,-35.22,182.92,-3.85
worker 1,2026-07-27 13:08:06.005,-1.02,0.42,0.21,-35.22,182.92,-3.85
worker 1,2026-07-27 13:08:06.005,-0.96,0.33,0.15,21.73,130.74,12.08
worker 1,2026-07-27 13:08:06.006,-0.96,0.33,0.15,21.73,130.74,12.08
worker 1,2026-07-27 13:08:06.006,-0.88,0.19,-0.0,30.21,72.08,22.95
worker 1,2026-07-27 13:08:06.007,-0.84,0.13,-0.09,27.95,34.97,10.5
worker 1,2026-07-27 13:08:06.008,-0.74,0.21,-0.03,13.67,22.09,-17.52
worker 1,2026-07-27 13:08:06.008,-0.62,0.32,0.05,-29.11,16.54,-33.69
worker 1,2026-07-27 13:08:06.009,-0.66,0.3,-0.01,-57.13,-0.98,-24.96
worker 1,2026-07-27 13:08:06.010,-0.91,0.23,-0.36,-36.19,-28.32,-10.44
worker 1,2026-07-27 13:08:06.011,-1.14,0.3,-0.72,1.28,-34.24,-4.88
worker 1,2026-07-27 13:08:06.012,-1.03,0.3,-0.64,3.6,-9.89,-4.82
worker 1,2026-07-27 13:08:06.012,-1.03,0.16,-0.21,-28.44,-0.61,-9.09
worker 1,2026-07-27 13:08:06.013,-1.03,0.16,-0.21,-28.44,-0.61,-9.09
worker 1,2026-07-27 13:08:06.014,-1.22,0.21,0.04,-54.02,-25.39,-15.69
worker 1,2026-07-27 13:08:06.015,-1.22,0.21,0.04,-54.02,-25.39,-15.69
worker 1,2026-07-27 13:08:06.015,-1.0,0.42,-0.1,-26.37,-54.5,-14.34
worker 1,2026-07-27 13:08:06.031,-0.7,0.43,-0.06,15.5,-54.02,0.37
worker 1,2026-07-27 13:08:06.064,-0.7,0.43,-0.06,15.5,-54.02,0.37
worker 1,2026-07-27 13:08:06.064,-0.78,0.23,0.13,-8.06,-17.52,25.33
worker 1,2026-07-27 13:08:06.065,-1.01,0.07,0.02,-73.49,6.16,43.64
worker 1,2026-07-27 13:08:06.307,-1.01,0.07,0.02,-73.49,6.16,43.64
worker 1,2026-07-27 13:08:06.308,-1.08,0.09,-0.07,-91.55,-16.78,26.37
worker 1,2026-07-27 13:08:06.309,-1.03,0.22,-0.01,-61.4,-28.81,-9.52
worker 1,2026-07-27 13:08:06.309,-0.98,0.3,0.02,-48.89,-8.12,-23.19
worker 1,2026-07-27 13:08:06.309,-0.98,0.3,0.02,-45.41,2.99,-17.09
worker 1,2026-07-27 13:08:06.310,-0.93,0.27,0.04,-45.41,2.99,-17.09
worker 1,2026-07-27 13:08:06.310,-0.88,0.25,0.06,-20.94,8.85,-6.1
worker 1,2026-07-27 13:08:06.310,-0.87,0.26,0.05,2.01,9.77,1.16
worker 1,2026-07-27 13:08:06.364,-0.87,0.26,0.05,2.01,9.77,1.16
worker 1,2026-07-27 13:08:06.364,-0.88,0.27,0.0,-6.29,-12.08,-2.75
worker 1,2026-07-27 13:08:06.484,-0.9,0.3,-0.05,-17.88,-46.75,-12.76
worker 1,2026-07-27 13:08:06.485,-0.9,0.3,-0.05,-17.88,-46.75,-12.76
worker 1,2026-07-27 13:08:06.485,-0.93,0.29,-0.07,10.86,-73.24,-17.15
worker 1,2026-07-27 13:08:06.485,-0.99,0.23,-0.08,55.6,-76.11,-8.3
worker 1,2026-07-27 13:08:06.605,-0.99,0.23,-0.08,55.6,-76.11,-8.3
worker 1,2026-07-27 13:08:06.605,-1.04,0.15,-0.1,70.07,-55.48,8.48
worker 1,2026-07-27 13:08:06.606,-1.04,0.15,-0.1,70.07,-55.48,8.48
worker 1,2026-07-27 13:08:06.606,-1.13,0.06,-0.12,55.24,-32.9,21.55
worker 1,2026-07-27 13:08:06.607,-1.31,0.03,-0.11,37.66,-25.45,23.38
worker 1,2026-07-27 13:08:06.725,-1.31,0.03,-0.11,37.66,-25.45,23.38
worker 1,2026-07-27 13:08:06.726,-1.27,0.12,-0.14,-0.49,-23.74,6.65
worker 1,2026-07-27 13:08:06.726,-0.95,0.29,-0.1,-53.04,11.72,-15.08
worker 1,2026-07-27 13:08:06.727,-0.73,0.46,0.06,-55.91,95.09,-20.02
worker 1,2026-07-27 13:08:06.783,-0.73,0.46,0.06,-10.07,162.96,-6.35
worker 1,2026-07-27 13:08:06.784,-0.86,0.5,0.15,-10.07,162.96,-6.35
worker 1,2026-07-27 13:08:06.904,-1.12,0.4,0.09,44.43,155.33,12.82
worker 1,2026-07-27 13:08:06.905,-1.12,0.3,-0.03,81.54,92.16,16.6
worker 1,2026-07-27 13:08:06.905,-0.94,0.26,-0.1,71.35,39.55,8.79
worker 1,2026-07-27 13:08:06.906,-0.94,0.26,-0.1,71.35,39.55,8.79
worker 1,2026-07-27 13:08:07.085,-0.78,0.23,-0.05,22.71,26.37,4.27
worker 1,2026-07-27 13:08:07.085,-0.7,0.2,0.03,-24.84,31.37,1.04
worker 1,2026-07-27 13:08:07.086,-0.7,0.2,0.03,-24.84,31.37,1.04
worker 1,2026-07-27 13:08:07.264,-0.69,0.24,0.02,-47.73,28.93,-6.41
worker 1,2026-07-27 13:08:07.264,-0.76,0.3,-0.11,-41.75,8.48,-15.99
worker 1,2026-07-27 13:08:07.265,-0.76,0.3,-0.11,-41.75,8.48,-15.99
worker 1,2026-07-27 13:08:07.265,-0.9,0.33,-0.39,-15.81,-18.43,-23.32
worker 1,2026-07-27 13:08:07.444,-0.9,0.33,-0.39,-15.81,-18.43,-23.32
worker 1,2026-07-27 13:08:07.444,-1.06,0.33,-0.68,8.73,-23.8,-25.27
worker 1,2026-07-27 13:08:07.445,-1.01,0.29,-0.66,0.73,4.76,-19.96
worker 1,2026-07-27 13:08:07.446,-1.01,0.29,-0.66,0.73,4.76,-19.96
worker 1,2026-07-27 13:08:07.446,-0.95,0.22,-0.34,-43.21,26.67,-15.38
worker 1,2026-07-27 13:08:07.447,-0.95,0.22,-0.34,-43.21,26.67,-15.38
worker 1,2026-07-27 13:08:07.447,-1.13,0.26,-0.05,-75.62,2.87,-19.71
worker 1,2026-07-27 13:08:07.450,-1.13,0.26,-0.05,-75.62,2.87,-19.71
worker 1,2026-07-27 13:08:07.451,-1.05,0.41,-0.02,-45.17,-37.54,-21.97
worker 1,2026-07-27 13:08:07.452,-0.76,0.46,-0.03,4.76,-48.58,-9.95
worker 1,2026-07-27 13:08:07.452,-0.74,0.32,0.1,8.36,-26.98,13.85
worker 1,2026-07-27 13:08:07.453,-0.74,0.32,0.1,8.36,-26.98,13.85
worker 1,2026-07-27 13:08:07.455,-0.93,0.12,0.07,-32.65,-3.3,39.25
worker 1,2026-07-27 13:08:07.456,-0.93,0.12,0.07,-32.65,-3.3,39.25
worker 1,2026-07-27 13:08:07.456,-1.1,0.04,-0.07,-64.51,-13.92,38.7
worker 1,2026-07-27 13:08:07.864,-1.1,0.04,-0.07,-64.51,-13.92,38.7
worker 1,2026-07-27 13:08:07.864,-1.09,0.16,-0.08,-46.63,-39.37,2.01
worker 1,2026-07-27 13:08:07.865,-1.09,0.16,-0.08,-14.28,-42.54,-31.98
worker 1,2026-07-27 13:08:07.865,-0.99,0.32,-0.03,-14.28,-42.54,-31.98
worker 1,2026-07-27 13:08:07.867,-0.92,0.33,0.01,5.13,-31.25,-31.56
worker 1,2026-07-27 13:08:07.867,-0.89,0.24,0.05,14.22,-12.57,-5.8
worker 1,2026-07-27 13:08:07.868,-0.89,0.24,0.05,14.22,-12.57,-5.8
worker 1,2026-07-27 13:08:07.868,-0.9,0.16,0.05,14.1,-1.4,15.5
worker 1,2026-07-27 13:08:07.869,-0.9,0.16,0.05,14.1,-1.4,15.5
worker 1,2026-07-27 13:08:07.869,-0.93,0.16,-0.01,14.83,-18.92,12.57
worker 1,2026-07-27 13:08:07.870,-0.96,0.22,-0.07,27.16,-49.32,-3.91
worker 1,2026-07-27 13:08:07.872,-0.96,0.22,-0.07,27.16,-49.32,-3.91
worker 1,2026-07-27 13:08:07.872,-0.98,0.3,-0.1,42.3,-64.76,-15.44
worker 1,2026-07-27 13:08:07.873,-0.98,0.3,-0.1,42.3,-64.76,-15.44
worker 1,2026-07-27 13:08:07.873,-0.97,0.33,-0.08,52.86,-59.69,-15.38
worker 1,2026-07-27 13:08:07.874,-0.97,0.33,-0.08,52.86,-59.69,-15.38
worker 1,2026-07-27 13:08:07.874,-0.96,0.3,-0.05,66.47,-40.95,-3.97
worker 1,2026-07-27 13:08:07.933,-1.02,0.21,-0.04,83.56,-19.9,12.57
worker 1,2026-07-27 13:08:07.934,-1.16,0.13,-0.05,85.14,-3.91,23.19
worker 1,2026-07-27 13:08:08.225,-1.16,0.13,-0.05,85.14,-3.91,23.19
worker 1,2026-07-27 13:08:08.225,-1.2,0.18,-0.06,56.27,11.47,18.49
worker 1,2026-07-27 13:08:08.226,-1.2,0.18,-0.06,56.27,11.47,18.49
worker 1,2026-07-27 13:08:08.227,-1.01,0.36,-0.09,5.86,28.14,2.32
worker 1,2026-07-27 13:08:08.228,-1.01,0.36,-0.09,5.86,28.14,2.32
worker 1,2026-07-27 13:08:08.228,-0.81,0.5,-0.07,-29.66,63.72,5.86
worker 1,2026-07-27 13:08:08.229,-0.81,0.56,0.04,-13.73,110.72,34.79
worker 1,2026-07-27 13:08:08.229,-0.94,0.51,0.14,37.05,123.54,60.3
worker 1,2026-07-27 13:08:08.240,-0.94,0.51,0.14,37.05,123.54,60.3
worker 1,2026-07-27 13:08:08.241,-0.93,0.36,0.12,53.16,92.1,68.3
worker 1,2026-07-27 13:08:08.344,-0.77,0.29,0.02,16.48,40.1,54.69
worker 1,2026-07-27 13:08:08.345,-0.77,0.29,0.02,16.48,40.1,54.69
worker 1,2026-07-27 13:08:08.345,-0.67,0.3,-0.07,-18.55,-2.01,31.56
worker 1,2026-07-27 13:08:08.345,-0.7,0.26,-0.1,-27.89,-25.33,14.77
worker 1,2026-07-27 13:08:08.825,-0.7,0.26,-0.1,-27.89,-25.33,14.77
worker 1,2026-07-27 13:08:08.825,-0.82,0.23,-0.07,-25.88,-44.13,-2.14
worker 1,2026-07-27 13:08:08.826,-0.82,0.23,-0.07,-25.88,-44.13,-2.14
worker 1,2026-07-27 13:08:08.826,-0.97,0.38,-0.15,-33.14,-63.11,-28.5
worker 1,2026-07-27 13:08:08.827,-0.97,0.38,-0.15,-33.14,-63.11,-28.5
worker 1,2026-07-27 13:08:08.828,-1.03,0.79,-0.44,-38.76,-47.24,-45.84
worker 1,2026-07-27 13:08:08.830,-0.93,0.59,-0.19,2.14,-14.47,-18.01
worker 1,2026-07-27 13:08:08.830,-0.86,0.37,0.02,7.93,9.52,10.38
worker 1,2026-07-27 13:08:08.831,-0.86,0.29,0.0,-8.24,15.32,19.53
worker 1,2026-07-27 13:08:08.831,-0.89,0.32,-0.06,-11.84,2.08,2.99
worker 1,2026-07-27 13:08:08.831,-0.93,0.38,-0.05,-2.81,-10.99,-17.64
worker 1,2026-07-27 13:08:08.832,-0.93,0.38,-0.05,-2.81,-10.99,-17.64
worker 1,2026-07-27 13:08:08.833,-0.93,0.38,-0.05,-2.81,-10.99,-17.64
worker 1,2026-07-27 13:08:08.833,-0.89,0.51,-0.04,-4.27,-4.03,-11.47
worker 1,2026-07-27 13:08:08.835,-0.89,0.51,-0.04,-4.27,-4.03,-11.47
worker 1,2026-07-27 13:08:08.835,-0.9,0.47,-0.05,-2.38,-1.59,0.24
worker 1,2026-07-27 13:08:08.835,-0.92,0.35,-0.03,14.34,-1.71,7.2
worker 1,2026-07-27 13:08:08.836,-0.92,0.35,-0.03,14.34,-1.71,7.2
worker 1,2026-07-27 13:08:08.836,-0.93,0.29,-0.04,19.41,-1.34,7.14
worker 1,2026-07-27 13:08:08.884,-0.93,0.29,-0.04,19.41,-1.34,7.14
worker 1,2026-07-27 13:08:08.884,-0.92,0.33,-0.05,9.7,-1.1,1.89
worker 1,2026-07-27 13:08:09.609,-0.92,0.33,-0.05,9.7,-1.1,1.89
worker 1,2026-07-27 13:08:09.610,-0.91,0.4,-0.06,-0.73,-2.08,-3.54
worker 1,2026-07-27 13:08:09.611,-0.9,0.42,-0.06,-3.17,-2.62,-4.03
worker 1,2026-07-27 13:08:09.611,-0.91,0.4,-0.06,1.04,-1.46,-0.06
worker 1,2026-07-27 13:08:09.612,-0.92,0.37,-0.07,5.25,1.22,3.72
worker 1,2026-07-27 13:08:09.613,-0.92,0.37,-0.07,5.25,1.22,3.72
worker 1,2026-07-27 13:08:09.614,-0.91,0.38,-0.08,5.68,4.76,4.7
worker 1,2026-07-27 13:08:09.614,-0.9,0.41,-0.08,5.07,8.18,3.54
worker 1,2026-07-27 13:08:09.614,-0.9,0.42,-0.08,8.06,10.31,2.93
worker 1,2026-07-27 13:08:09.614,-0.9,0.41,-0.09,12.82,10.44,3.85
worker 1,2026-07-27 13:08:09.615,-0.9,0.41,-0.09,12.82,10.44,3.85
worker 1,2026-07-27 13:08:09.615,-0.91,0.38,-0.11,15.2,8.18,4.33
worker 1,2026-07-27 13:08:09.615,-0.9,0.36,-0.12,13.73,3.85,2.75
worker 1,2026-07-27 13:08:09.616,-0.9,0.36,-0.12,13.73,3.85,2.75
worker 1,2026-07-27 13:08:09.616,-0.9,0.38,-0.12,9.09,-0.55,-0.12
worker 1,2026-07-27 13:08:09.619,-0.9,0.4,-0.11,4.33,-2.44,-2.32
worker 1,2026-07-27 13:08:09.620,-0.9,0.4,-0.11,4.33,-2.44,-2.32
worker 1,2026-07-27 13:08:09.620,-0.9,0.41,-0.12,2.14,-2.32,-2.5
worker 1,2026-07-27 13:08:09.621,-0.9,0.41,-0.13,2.32,-1.53,-1.16
worker 1,2026-07-27 13:08:09.622,-0.9,0.4,-0.13,3.6,-0.49,0.31
worker 1,2026-07-27 13:08:09.622,-0.9,0.38,-0.13,4.21,0.85,1.16
worker 1,2026-07-27 13:08:09.622,-0.9,0.37,-0.13,2.81,2.26,1.46
worker 1,2026-07-27 13:08:09.623,-0.9,0.38,-0.13,-0.79,3.11,1.4
worker 1,2026-07-27 13:08:09.664,-0.9,0.39,-0.14,-4.94,3.23,1.04
worker 1,2026-07-27 13:08:09.665,-0.9,0.39,-0.14,-4.94,3.23,1.04
worker 1,2026-07-27 13:08:09.724,-0.91,0.39,-0.14,-7.51,2.62,0.49
worker 1,2026-07-27 13:08:09.785,-0.9,0.39,-0.14,-8.12,1.89,0.06
worker 1,2026-07-27 13:08:09.786,-0.9,0.39,-0.14,-8.12,1.89,0.06
worker 1,2026-07-27 13:08:09.844,-0.9,0.39,-0.14,-7.51,1.22,-0.12
worker 1,2026-07-27 13:08:09.845,-0.9,0.39,-0.14,-7.51,1.22,-0.12
worker 1,2026-07-27 13:08:10.024,-0.9,0.39,-0.14,-8.12,1.34,-0.18
worker 1,2026-07-27 13:08:10.026,-0.9,0.39,-0.14,-8.61,1.53,-0.31
worker 1,2026-07-27 13:08:10.026,-0.9,0.4,-0.14,-8.61,1.53,-0.31
worker 1,2026-07-27 13:08:10.027,-0.9,0.4,-0.13,-8.36,1.65,-0.37
worker 1,2026-07-27 13:08:10.028,-0.9,0.4,-0.13,-8.36,1.65,-0.37
worker 1,2026-07-27 13:08:10.028,-0.9,0.41,-0.13,-7.45,1.59,-0.31
worker 1,2026-07-27 13:08:10.028,-0.89,0.4,-0.12,-6.47,1.16,-0.37
worker 1,2026-07-27 13:08:10.029,-0.89,0.4,-0.12,-6.47,1.16,-0.37
worker 1,2026-07-27 13:08:10.091,-0.9,0.41,-0.12,-5.74,0.67,-0.73
worker 1,2026-07-27 13:08:10.092,-0.9,0.41,-0.12,-5.74,0.67,-0.73
worker 1,2026-07-27 13:08:10.203,-0.9,0.42,-0.12,-4.33,0.67,-1.04
worker 1,2026-07-27 13:08:10.204,-0.9,0.42,-0.12,-1.53,0.92,-0.67
worker 1,2026-07-27 13:08:10.205,-0.89,0.42,-0.11,-1.53,0.92,-0.67
worker 1,2026-07-27 13:08:10.205,-0.9,0.41,-0.11,1.28,0.85,0.0
worker 1,2026-07-27 13:08:10.205,-0.9,0.4,-0.11,2.56,0.0,0.49
worker 1,2026-07-27 13:08:10.265,-0.9,0.4,-0.11,2.56,0.0,0.49
worker 1,2026-07-27 13:08:10.266,-0.9,0.39,-0.12,2.01,-1.4,0.55
worker 1,2026-07-27 13:08:10.324,-0.9,0.39,-0.13,0.31,-2.5,0.12
worker 1,2026-07-27 13:08:10.325,-0.9,0.39,-0.13,0.31,-2.5,0.12
worker 1,2026-07-27 13:08:10.386,-0.9,0.41,-0.13,-0.67,-2.56,-0.49
worker 1,2026-07-27 13:08:10.387,-0.9,0.41,-0.13,0.06,-1.65,-0.61
worker 1,2026-07-27 13:08:10.387,-0.9,0.41,-0.12,0.06,-1.65,-0.61
worker 1,2026-07-27 13:08:10.444,-0.9,0.4,-0.12,1.28,-0.43,0.0
worker 1,2026-07-27 13:08:10.503,-0.9,0.4,-0.12,2.01,0.24,0.79
worker 1,2026-07-27 13:08:10.504,-0.9,0.4,-0.12,2.01,0.24,0.79
worker 1,2026-07-27 13:08:10.504,-0.9,0.4,-0.12,2.56,-0.18,0.98
worker 1,2026-07-27 13:08:10.630,-0.9,0.4,-0.12,2.56,-0.18,0.98
worker 1,2026-07-27 13:08:10.637,-0.9,0.4,-0.12,3.54,-1.53,0.61
worker 1,2026-07-27 13:08:10.683,-0.9,0.41,-0.13,5.13,-3.11,0.06
worker 1,2026-07-27 13:08:10.685,-0.9,0.41,-0.13,5.13,-3.11,0.06
worker 1,2026-07-27 13:08:10.685,-0.9,0.4,-0.14,6.65,-3.78,-0.06
worker 1,2026-07-27 13:08:10.687,-0.9,0.4,-0.14,6.65,-3.78,-0.06
worker 1,2026-07-27 13:08:10.687,-0.9,0.4,-0.14,7.45,-3.11,0.18
worker 1,2026-07-27 13:08:10.804,-0.9,0.39,-0.14,7.81,-1.77,0.37
worker 1,2026-07-27 13:08:10.805,-0.9,0.38,-0.13,7.51,-0.49,0.43
worker 1,2026-07-27 13:08:10.806,-0.9,0.38,-0.12,5.62,0.31,0.37
worker 1,2026-07-27 13:08:10.806,-0.9,0.38,-0.12,3.05,0.43,0.06
worker 1,2026-07-27 13:08:10.864,-0.9,0.38,-0.12,3.05,0.43,0.06
worker 1,2026-07-27 13:08:10.864,-0.9,0.39,-0.12,1.28,-0.06,-0.37
worker 1,2026-07-27 13:08:10.931,-0.9,0.39,-0.12,1.28,-0.06,-0.37
worker 1,2026-07-27 13:08:10.932,-0.9,0.4,-0.12,0.18,-0.67,-0.73
worker 1,2026-07-27 13:08:11.105,-0.9,0.4,-0.12,-0.55,-0.92,-0.67
worker 1,2026-07-27 13:08:11.106,-0.9,0.4,-0.12,-0.85,-0.73,-0.24
worker 1,2026-07-27 13:08:11.106,-0.9,0.4,-0.13,-0.73,-0.43,0.24
worker 1,2026-07-27 13:08:11.106,-0.9,0.4,-0.13,-1.04,-0.49,0.61
worker 1,2026-07-27 13:08:11.116,-0.9,0.39,-0.13,-1.04,-0.49,0.61
worker 1,2026-07-27 13:08:11.116,-0.9,0.38,-0.13,-2.56,-1.28,0.37
worker 1,2026-07-27 13:08:11.117,-0.9,0.38,-0.13,-2.56,-1.28,0.37
worker 1,2026-07-27 13:08:11.164,-0.9,0.39,-0.13,-4.46,-1.71,-0.61
worker 1,2026-07-27 13:08:11.225,-0.9,0.4,-0.13,-5.0,-0.85,-1.59
worker 1,2026-07-27 13:08:11.225,-0.89,0.41,-0.12,-4.21,0.98,-1.59
worker 1,2026-07-27 13:08:11.284,-0.89,0.41,-0.12,-4.21,0.98,-1.59
worker 1,2026-07-27 13:08:11.284,-0.89,0.4,-0.11,-3.91,2.75,-0.55
worker 1,2026-07-27 13:08:11.285,-0.89,0.4,-0.11,-4.82,3.54,0.49
worker 1,2026-07-27 13:08:11.349,-0.89,0.4,-0.11,-4.82,3.54,0.49
worker 1,2026-07-27 13:08:11.351,-0.9,0.4,-0.12,-6.35,3.11,0.67
worker 1,2026-07-27 13:08:11.404,-0.9,0.41,-0.13,-7.02,1.77,-0.31
worker 1,2026-07-27 13:08:11.405,-0.9,0.41,-0.13,-7.02,1.77,-0.31
worker 1,2026-07-27 13:08:11.531,-0.9,0.42,-0.13,-6.04,0.73,-1.34
worker 1,2026-07-27 13:08:11.531,-0.9,0.42,-0.13,-4.76,0.61,-1.34
worker 1,2026-07-27 13:08:11.532,-0.9,0.42,-0.13,-4.76,0.61,-1.34
worker 1,2026-07-27 13:08:11.532,-0.9,0.41,-0.13,-4.15,1.1,-0.73
worker 1,2026-07-27 13:08:11.533,-0.9,0.41,-0.13,-3.6,1.53,-0.31
worker 1,2026-07-27 13:08:11.583,-0.89,0.41,-0.13,-3.6,1.53,-0.31
worker 1,2026-07-27 13:08:11.584,-0.89,0.4,-0.12,-2.62,1.89,-0.31
worker 1,2026-07-27 13:08:11.647,-0.89,0.4,-0.12,-1.59,2.14,-0.37
worker 1,2026-07-27 13:08:11.704,-0.89,0.41,-0.12,-0.92,2.01,-0.43
worker 1,2026-07-27 13:08:11.704,-0.9,0.41,-0.12,-0.67,1.53,-0.43
worker 1,2026-07-27 13:08:11.764,-0.9,0.41,-0.12,-0.67,1.53,-0.43
worker 1,2026-07-27 13:08:11.765,-0.9,0.41,-0.13,-0.31,1.04,-0.43
worker 1,2026-07-27 13:08:11.765,-0.89,0.4,-0.13,0.24,0.79,-0.31
worker 1,2026-07-27 13:08:11.824,-0.89,0.4,-0.13,0.24,0.79,-0.31
worker 1,2026-07-27 13:08:11.824,-0.89,0.4,-0.13,0.49,0.79,-0.18
worker 1,2026-07-27 13:08:11.885,-0.89,0.4,-0.13,0.37,1.1,0.0
worker 1,2026-07-27 13:08:11.944,-0.9,0.4,-0.14,0.06,1.65,0.24
worker 1,2026-07-27 13:08:11.945,-0.9,0.4,-0.14,-0.31,2.14,0.37
worker 1,2026-07-27 13:08:12.005,-0.9,0.4,-0.14,-0.31,2.14,0.37
worker 1,2026-07-27 13:08:12.005,-0.9,0.4,-0.14,-0.67,2.5,0.31
worker 1,2026-07-27 13:08:12.006,-0.9,0.4,-0.14,-1.22,2.5,0.43
worker 1,2026-07-27 13:08:12.063,-0.9,0.4,-0.14,-1.22,2.5,0.43
worker 1,2026-07-27 13:08:12.064,-0.89,0.4,-0.14,-2.08,2.08,0.49
worker 1,2026-07-27 13:08:12.124,-0.89,0.4,-0.14,-2.08,2.08,0.49
worker 1,2026-07-27 13:08:12.124,-0.89,0.4,-0.14,-3.23,1.34,0.37
worker 1,2026-07-27 13:08:12.125,-0.89,0.4,-0.14,-3.23,1.34,0.37
worker 1,2026-07-27 13:08:12.184,-0.89,0.4,-0.14,-4.39,0.73,0.12
worker 1,2026-07-27 13:08:12.184,-0.9,0.4,-0.15,-5.25,0.37,-0.18
worker 1,2026-07-27 13:08:12.244,-0.9,0.4,-0.15,-5.25,0.37,-0.18
worker 1,2026-07-27 13:08:12.245,-0.9,0.4,-0.15,-5.25,0.37,-0.18
worker 1,2026-07-27 13:08:12.304,-0.89,0.41,-0.14,-4.27,0.06,-0.79
worker 1,2026-07-27 13:08:12.305,-0.89,0.41,-0.14,-4.27,0.06,-0.79
worker 1,2026-07-27 13:08:12.305,-0.89,0.41,-0.14,-2.75,0.49,-1.04
worker 1,2026-07-27 13:08:12.369,-0.89,0.41,-0.14,-1.1,1.22,-0.92
worker 1,2026-07-27 13:08:12.424,-0.89,0.4,-0.14,-0.43,1.53,-0.73
worker 1,2026-07-27 13:08:12.425,-0.89,0.4,-0.14,-0.43,1.53,-0.73
worker 1,2026-07-27 13:08:12.425,-0.89,0.4,-0.13,-0.98,0.98,-0.79
worker 1,2026-07-27 13:08:12.492,-0.89,0.4,-0.13,-0.98,0.98,-0.79
worker 1,2026-07-27 13:08:12.493,-0.89,0.4,-0.13,-1.77,0.06,-1.04
worker 1,2026-07-27 13:08:12.545,-0.89,0.41,-0.14,-1.71,-0.67,-1.22
worker 1,2026-07-27 13:08:12.545,-0.89,0.41,-0.14,-0.73,-1.04,-1.1
worker 1,2026-07-27 13:08:12.546,-0.89,0.41,-0.14,-0.73,-1.04,-1.1
worker 1,2026-07-27 13:08:12.610,-0.89,0.41,-0.14,0.55,-0.79,-0.61
worker 1,2026-07-27 13:08:12.669,-0.9,0.4,-0.14,1.65,-0.37,-0.06
worker 1,2026-07-27 13:08:12.669,-0.9,0.39,-0.14,2.44,-0.18,0.0
worker 1,2026-07-27 13:08:12.724,-0.9,0.39,-0.14,2.44,-0.18,0.0
worker 1,2026-07-27 13:08:12.725,-0.9,0.39,-0.14,2.69,-0.18,-0.31
worker 1,2026-07-27 13:08:12.844,-0.9,0.4,-0.14,2.44,-0.18,-0.49
worker 1,2026-07-27 13:08:12.845,-0.9,0.4,-0.14,2.26,-0.24,-0.43
worker 1,2026-07-27 13:08:12.846,-0.9,0.4,-0.14,2.38,-0.37,-0.37
worker 1,2026-07-27 13:08:12.903,-0.9,0.4,-0.14,2.62,-0.43,-0.24
worker 1,2026-07-27 13:08:12.904,-0.9,0.4,-0.14,2.62,-0.43,-0.24
worker 1,2026-07-27 13:08:12.904,-0.9,0.4,-0.14,2.75,-0.49,-0.12
worker 1,2026-07-27 13:08:12.966,-0.9,0.4,-0.14,2.75,-0.49,-0.12
worker 1,2026-07-27 13:08:12.972,-0.9,0.39,-0.14,2.5,-0.73,-0.06
worker 1,2026-07-27 13:08:12.973,-0.9,0.39,-0.14,2.5,-0.73,-0.06
worker 1,2026-07-27 13:08:13.024,-0.89,0.39,-0.14,1.83,-1.04,-0.06
worker 1,2026-07-27 13:08:13.024,-0.9,0.4,-0.14,1.04,-1.1,-0.18
worker 1,2026-07-27 13:08:13.084,-0.9,0.4,-0.14,1.04,-1.1,-0.18
worker 1,2026-07-27 13:08:13.084,-0.9,0.4,-0.14,0.79,-0.85,-0.18
worker 1,2026-07-27 13:08:13.085,-0.9,0.4,-0.14,0.79,-0.85,-0.18
worker 1,2026-07-27 13:08:13.146,-0.9,0.4,-0.14,1.04,-0.61,-0.18
worker 1,2026-07-27 13:08:13.147,-0.9,0.4,-0.14,1.04,-0.49,-0.31
worker 1,2026-07-27 13:08:13.208,-0.9,0.4,-0.14,1.04,-0.49,-0.31
worker 1,2026-07-27 13:08:13.210,-0.89,0.4,-0.14,0.85,-0.55,-0.37
worker 1,2026-07-27 13:08:13.211,-0.89,0.4,-0.14,0.55,-0.67,-0.31
worker 1,2026-07-27 13:08:13.269,-0.89,0.4,-0.14,0.55,-0.67,-0.31
worker 1,2026-07-27 13:08:13.269,-0.9,0.4,-0.14,0.12,-0.85,-0.24
worker 1,2026-07-27 13:08:13.329,-0.9,0.4,-0.14,0.12,-0.85,-0.24
worker 1,2026-07-27 13:08:13.329,-0.9,0.4,-0.14,-0.24,-0.92,-0.18
worker 1,2026-07-27 13:08:13.391,-0.9,0.4,-0.14,-0.37,-0.85,-0.18
worker 1,2026-07-27 13:08:13.391,-0.9,0.4,-0.14,-0.18,-0.79,-0.31
worker 1,2026-07-27 13:08:13.444,-0.9,0.4,-0.14,-0.18,-0.79,-0.31
worker 1,2026-07-27 13:08:13.445,-0.89,0.4,-0.14,0.0,-0.85,-0.43
worker 1,2026-07-27 13:08:13.507,-0.9,0.4,-0.14,0.0,-0.85,-0.43
worker 1,2026-07-27 13:08:13.508,-0.9,0.4,-0.14,0.0,-0.85,-0.43
worker 1,2026-07-27 13:08:13.508,-0.9,0.4,-0.14,0.06,-0.85,-0.37
worker 1,2026-07-27 13:08:13.564,-0.9,0.4,-0.14,0.06,-0.85,-0.37
worker 1,2026-07-27 13:08:13.565,-0.9,0.4,-0.14,0.43,-0.85,-0.24
worker 1,2026-07-27 13:08:13.624,-0.9,0.4,-0.14,0.55,-0.79,-0.12
worker 1,2026-07-27 13:08:13.624,-0.9,0.4,-0.14,0.49,-0.92,-0.12
worker 1,2026-07-27 13:08:13.684,-0.9,0.4,-0.14,0.49,-0.92,-0.12
worker 1,2026-07-27 13:08:13.685,-0.9,0.4,-0.14,0.49,-0.92,-0.12
worker 1,2026-07-27 13:08:13.745,-0.9,0.39,-0.14,0.49,-1.46,-0.43
worker 1,2026-07-27 13:08:13.747,-0.9,0.4,-0.14,0.06,-1.4,-0.73
worker 1,2026-07-27 13:08:13.804,-0.9,0.4,-0.13,0.24,-0.98,-0.79
worker 1,2026-07-27 13:08:13.805,-0.9,0.4,-0.13,0.24,-0.98,-0.79
worker 1,2026-07-27 13:08:13.864,-0.9,0.4,-0.13,0.98,-0.55,-0.61
worker 1,2026-07-27 13:08:13.865,-0.9,0.4,-0.13,0.98,-0.55,-0.61
worker 1,2026-07-27 13:08:13.865,-0.9,0.4,-0.13,1.53,-0.61,-0.37
worker 1,2026-07-27 13:08:13.924,-0.9,0.4,-0.13,1.53,-0.61,-0.37
worker 1,2026-07-27 13:08:13.925,-0.9,0.4,-0.13,1.71,-1.16,-0.31
worker 1,2026-07-27 13:08:14.044,-0.9,0.4,-0.13,1.95,-1.71,-0.37
worker 1,2026-07-27 13:08:14.045,-0.9,0.4,-0.13,2.44,-1.89,-0.49
worker 1,2026-07-27 13:08:14.045,-0.9,0.4,-0.13,3.54,-1.89,-0.85
worker 1,2026-07-27 13:08:14.045,-0.91,0.41,-0.13,3.54,-1.89,-0.85
worker 1,2026-07-27 13:08:14.104,-0.91,0.41,-0.13,5.68,-1.71,-1.4
worker 1,2026-07-27 13:08:14.105,-0.91,0.42,-0.12,9.03,-1.71,-1.89
worker 1,2026-07-27 13:08:14.164,-0.91,0.42,-0.12,9.03,-1.71,-1.89
worker 1,2026-07-27 13:08:14.165,-0.9,0.42,-0.11,13.0,-2.32,-2.08
worker 1,2026-07-27 13:08:14.235,-0.9,0.42,-0.1,16.72,-3.36,-1.89
worker 1,2026-07-27 13:08:14.288,-0.9,0.41,-0.1,20.26,-3.91,-1.4
worker 1,2026-07-27 13:08:14.289,-0.9,0.41,-0.1,24.84,-3.48,-1.16
worker 1,2026-07-27 13:08:14.344,-0.9,0.42,-0.11,32.84,-2.99,-0.98
worker 1,2026-07-27 13:08:14.344,-0.9,0.42,-0.11,44.37,-4.03,0.49
worker 1,2026-07-27 13:08:14.407,-0.9,0.42,-0.11,44.37,-4.03,0.49
worker 1,2026-07-27 13:08:14.407,-0.91,0.41,-0.11,49.8,-7.69,4.52
worker 1,2026-07-27 13:08:14.464,-0.91,0.41,-0.11,49.8,-7.69,4.52
worker 1,2026-07-27 13:08:14.465,-0.91,0.39,-0.13,46.63,-13.49,9.46
worker 1,2026-07-27 13:08:14.465,-0.9,0.37,-0.15,43.15,-19.23,13.12
worker 1,2026-07-27 13:08:14.588,-0.9,0.37,-0.15,43.15,-19.23,13.12
worker 1,2026-07-27 13:08:14.588,-0.9,0.36,-0.19,39.98,-21.67,15.08
worker 1,2026-07-27 13:08:14.589,-0.9,0.36,-0.19,39.98,-21.67,15.08
worker 1,2026-07-27 13:08:14.589,-0.9,0.35,-0.26,33.81,-19.29,15.93
worker 1,2026-07-27 13:08:14.655,-0.91,0.33,-0.29,22.77,-12.82,16.11
worker 1,2026-07-27 13:08:14.658,-0.9,0.34,-0.27,9.83,-5.74,14.16
worker 1,2026-07-27 13:08:14.659,-0.9,0.34,-0.27,9.83,-5.74,14.16
worker 1,2026-07-27 13:08:14.704,-0.86,0.36,-0.2,-0.12,-2.69,9.77
worker 1,2026-07-27 13:08:14.726,-0.86,0.36,-0.2,-0.12,-2.69,9.77
worker 1,2026-07-27 13:08:14.727,-0.84,0.4,-0.13,-5.68,-3.42,6.1
worker 1,2026-07-27 13:08:14.765,-0.84,0.4,-0.13,-5.68,-3.42,6.1
worker 1,2026-07-27 13:08:14.765,-0.85,0.4,-0.1,-7.51,-6.65,3.36
worker 1,2026-07-27 13:08:14.827,-0.87,0.37,-0.1,-1.53,-15.56,-3.6
worker 1,2026-07-27 13:08:14.827,-0.88,0.34,-0.07,16.36,-28.44,-16.05
worker 1,2026-07-27 13:08:14.883,-0.88,0.34,-0.07,16.36,-28.44,-16.05
worker 1,2026-07-27 13:08:14.884,-0.87,0.36,-0.04,30.52,-38.09,-27.71
worker 1,2026-07-27 13:08:14.943,-0.89,0.41,-0.05,22.34,-41.02,-34.18
worker 1,2026-07-27 13:08:14.944,-0.89,0.41,-0.05,22.34,-41.02,-34.18
worker 1,2026-07-27 13:08:15.004,-0.93,0.44,-0.09,8.12,-39.98,-35.03
worker 1,2026-07-27 13:08:15.005,-0.93,0.44,-0.09,11.23,-36.87,-30.7
worker 1,2026-07-27 13:08:15.005,-0.95,0.45,-0.12,11.23,-36.87,-30.7
worker 1,2026-07-27 13:08:15.124,-0.95,0.46,-0.15,22.22,-29.3,-21.55
worker 1,2026-07-27 13:08:15.125,-0.95,0.46,-0.15,22.22,-29.3,-21.55
worker 1,2026-07-27 13:08:15.125,-0.92,0.46,-0.13,32.23,-14.22,-8.61
worker 1,2026-07-27 13:08:15.126,-0.9,0.38,-0.03,46.94,1.46,4.39
worker 1,2026-07-27 13:08:15.184,-0.9,0.28,0.05,61.16,7.51,11.72
worker 1,2026-07-27 13:08:15.308,-0.95,0.24,0.01,58.04,3.36,9.09
worker 1,2026-07-27 13:08:15.308,-1.01,0.24,-0.07,38.21,-17.03,-7.57
worker 1,2026-07-27 13:08:15.309,-1.02,0.29,-0.13,24.9,-43.21,-31.07
worker 1,2026-07-27 13:08:15.364,-0.96,0.37,-0.1,30.76,-44.62,-42.18
worker 1,2026-07-27 13:08:15.365,-0.96,0.37,-0.1,30.76,-44.62,-42.18
worker 1,2026-07-27 13:08:15.365,-0.88,0.39,0.0,49.93,-24.78,-32.78
worker 1,2026-07-27 13:08:15.484,-0.86,0.32,0.06,61.89,-5.49,-12.33
worker 1,2026-07-27 13:08:15.485,-0.9,0.27,0.06,57.19,7.08,5.13
worker 1,2026-07-27 13:08:15.485,-0.94,0.26,0.04,46.08,12.76,12.94
worker 1,2026-07-27 13:08:15.547,-0.93,0.26,0.02,37.6,10.01,12.94
worker 1,2026-07-27 13:08:15.608,-0.9,0.25,0.03,43.09,0.61,10.38
worker 1,2026-07-27 13:08:15.609,-0.9,0.25,0.03,43.09,0.61,10.38
worker 1,2026-07-27 13:08:15.609,-0.93,0.21,0.03,55.42,-7.26,10.56
worker 1,2026-07-27 13:08:15.610,-0.93,0.21,0.03,55.42,-7.26,10.56
worker 1,2026-07-27 13:08:15.678,-1.02,0.14,-0.01,53.34,-10.93,13.85
worker 1,2026-07-27 13:08:15.679,-1.02,0.14,-0.01,53.34,-10.93,13.85
worker 1,2026-07-27 13:08:15.727,-1.06,0.05,-0.06,49.8,-20.81,12.57
worker 1,2026-07-27 13:08:15.727,-1.04,0.04,-0.06,68.36,-35.95,0.43
worker 1,2026-07-27 13:08:15.784,-1.0,0.11,-0.02,93.26,-43.46,-15.75
worker 1,2026-07-27 13:08:15.785,-0.98,0.18,0.02,96.25,-40.59,-23.32
worker 1,2026-07-27 13:08:15.846,-0.98,0.18,0.02,96.25,-40.59,-23.32
worker 1,2026-07-27 13:08:15.846,-0.96,0.25,0.03,76.66,-30.76,-20.32
worker 1,2026-07-27 13:08:15.904,-0.96,0.25,0.03,76.66,-30.76,-20.32
worker 1,2026-07-27 13:08:15.904,-0.94,0.29,0.03,61.58,-21.3,-13.85
worker 1,2026-07-27 13:08:15.904,-0.95,0.29,0.02,65.61,-18.86,-7.63
worker 1,2026-07-27 13:08:15.964,-0.95,0.29,0.02,65.61,-18.86,-7.63
worker 1,2026-07-27 13:08:15.965,-0.96,0.25,0.01,75.32,-20.32,-1.65
worker 1,2026-07-27 13:08:16.024,-0.97,0.21,0.01,78.12,-19.9,3.97
worker 1,2026-07-27 13:08:16.025,-0.97,0.21,0.01,78.12,-19.9,3.97
worker 1,2026-07-27 13:08:16.088,-0.97,0.19,0.01,70.62,-16.91,7.81
worker 1,2026-07-27 13:08:16.089,-0.97,0.19,0.01,70.62,-16.91,7.81
worker 1,2026-07-27 13:08:16.089,-0.97,0.19,0.01,62.01,-14.65,8.24
worker 1,2026-07-27 13:08:16.144,-0.97,0.19,0.02,59.94,-14.47,6.16
worker 1,2026-07-27 13:08:16.145,-0.96,0.19,0.02,56.46,-14.71,4.52
worker 1,2026-07-27 13:08:16.209,-0.96,0.19,0.02,56.46,-14.71,4.52
worker 1,2026-07-27 13:08:16.209,-0.97,0.17,0.0,50.11,-15.44,3.78
worker 1,2026-07-27 13:08:16.264,-0.97,0.17,0.0,50.11,-15.44,3.78
worker 1,2026-07-27 13:08:16.265,-0.98,0.14,-0.03,49.62,-18.01,1.71
worker 1,2026-07-27 13:08:16.265,-0.98,0.14,-0.03,56.7,-21.0,-2.32
worker 1,2026-07-27 13:08:16.383,-0.97,0.13,-0.04,56.7,-21.0,-2.32
worker 1,2026-07-27 13:08:16.384,-0.97,0.15,-0.05,63.11,-21.55,-6.16
worker 1,2026-07-27 13:08:16.385,-0.97,0.15,-0.05,63.11,-21.55,-6.16
worker 1,2026-07-27 13:08:16.385,-0.97,0.19,-0.03,59.14,-18.8,-7.26
worker 1,2026-07-27 13:08:16.446,-0.95,0.24,-0.02,46.02,-14.04,-5.25
worker 1,2026-07-27 13:08:16.503,-0.93,0.27,0.0,33.33,-8.85,-1.83
worker 1,2026-07-27 13:08:16.504,-0.92,0.27,0.02,27.77,-5.55,1.28
worker 1,2026-07-27 13:08:16.564,-0.93,0.24,0.02,23.99,-6.29,4.52
worker 1,2026-07-27 13:08:16.565,-0.98,0.17,-0.0,13.55,-9.89,8.24
worker 1,2026-07-27 13:08:16.624,-0.98,0.17,-0.0,13.55,-9.89,8.24
worker 1,2026-07-27 13:08:16.624,-1.03,0.13,-0.02,8.36,-13.24,9.16
worker 1,2026-07-27 13:08:16.624,-1.03,0.19,-0.01,14.83,-13.18,3.17
worker 1,2026-07-27 13:08:16.684,-1.03,0.19,-0.01,14.83,-13.18,3.17
worker 1,2026-07-27 13:08:16.743,-0.99,0.3,0.03,31.74,-11.47,-7.45
worker 1,2026-07-27 13:08:16.745,-0.99,0.3,0.03,31.74,-11.47,-7.45
worker 1,2026-07-27 13:08:16.745,-0.96,0.37,0.07,56.76,-12.51,-16.05
worker 1,2026-07-27 13:08:16.804,-0.94,0.38,0.07,70.92,-13.67,-17.4
worker 1,2026-07-27 13:08:16.805,-0.94,0.38,0.07,70.92,-13.67,-17.4
worker 1,2026-07-27 13:08:16.805,-0.94,0.36,0.03,73.3,-13.0,-12.51
worker 1,2026-07-27 13:08:16.864,-0.93,0.35,-0.02,91.37,-17.27,-9.28
worker 1,2026-07-27 13:08:16.924,-0.93,0.35,-0.02,91.37,-17.27,-9.28
worker 1,2026-07-27 13:08:16.924,-0.93,0.37,-0.02,136.41,-21.18,-13.06
worker 1,2026-07-27 13:08:16.924,-0.94,0.43,0.03,168.4,-5.98,-16.48
worker 1,2026-07-27 13:08:16.984,-0.94,0.43,0.03,168.4,-5.98,-16.48
worker 1,2026-07-27 13:08:16.984,-0.96,0.49,0.12,148.86,30.27,-3.66
worker 1,2026-07-27 13:08:16.985,-0.99,0.49,0.18,81.12,63.11,28.69
worker 1,2026-07-27 13:08:17.047,-0.99,0.49,0.18,81.12,63.11,28.69
worker 1,2026-07-27 13:08:17.048,-0.98,0.34,0.13,21.24,63.96,63.23
worker 1,2026-07-27 13:08:17.104,-0.93,0.12,-0.01,18.37,39.06,80.38
worker 1,2026-07-27 13:08:17.166,-0.89,0.06,-0.16,43.76,17.4,72.81
worker 1,2026-07-27 13:08:17.167,-0.89,0.06,-0.16,58.47,4.09,46.39
worker 1,2026-07-27 13:08:17.168,-0.84,0.21,-0.19,58.47,4.09,46.39
worker 1,2026-07-27 13:08:17.224,-0.79,0.41,-0.14,54.75,-10.25,19.23
worker 1,2026-07-27 13:08:17.284,-0.76,0.49,-0.16,43.4,-28.75,4.76
worker 1,2026-07-27 13:08:17.285,-0.76,0.49,-0.16,43.4,-28.75,4.76
worker 1,2026-07-27 13:08:17.285,-0.83,0.51,-0.3,42.6,-47.79,0.85
worker 1,2026-07-27 13:08:17.347,-0.83,0.51,-0.3,42.6,-47.79,0.85
worker 1,2026-07-27 13:08:17.347,-0.93,0.49,-0.43,54.44,-49.01,3.23
worker 1,2026-07-27 13:08:17.348,-0.86,0.39,-0.39,53.59,-22.4,10.5
worker 1,2026-07-27 13:08:17.405,-0.86,0.39,-0.39,53.59,-22.4,10.5
worker 1,2026-07-27 13:08:17.405,-0.75,0.26,-0.26,31.86,-0.73,12.57
worker 1,2026-07-27 13:08:17.584,-0.75,0.26,-0.26,31.86,-0.73,12.57
worker 1,2026-07-27 13:08:17.585,-1.02,0.2,-0.16,21.42,-23.5,-4.76
worker 1,2026-07-27 13:08:17.585,-1.22,0.3,-0.18,49.93,-67.75,-34.0
worker 1,2026-07-27 13:08:17.586,-1.01,0.4,-0.15,73.79,-74.71,-46.02
worker 1,2026-07-27 13:08:17.586,-0.8,0.35,0.06,36.68,-38.82,-28.44
worker 1,2026-07-27 13:08:17.587,-0.8,0.35,0.06,36.68,-38.82,-28.44
worker 1,2026-07-27 13:08:17.650,-0.84,0.25,0.16,-36.07,2.2,3.3
worker 1,2026-07-27 13:08:17.651,-0.98,0.19,0.06,-73.12,14.83,20.57
worker 1,2026-07-27 13:08:17.706,-0.98,0.19,0.06,-73.12,14.83,20.57
worker 1,2026-07-27 13:08:17.706,-1.01,0.22,0.02,-34.18,-7.93,6.77
worker 1,2026-07-27 13:08:17.706,-1.01,0.22,0.02,29.97,-32.35,-15.08
worker 1,2026-07-27 13:08:17.764,-0.98,0.27,0.04,29.97,-32.35,-15.08
worker 1,2026-07-27 13:08:17.765,-0.98,0.24,0.04,48.34,-34.0,-18.8
worker 1,2026-07-27 13:08:17.824,-0.98,0.24,0.04,48.34,-34.0,-18.8
worker 1,2026-07-27 13:08:17.824,-0.98,0.16,0.02,20.81,-18.55,-9.03
worker 1,2026-07-27 13:08:17.825,-0.98,0.16,0.02,20.81,-18.55,-9.03
worker 1,2026-07-27 13:08:17.897,-0.98,0.13,0.02,-14.22,-0.55,-2.56
worker 1,2026-07-27 13:08:17.899,-0.98,0.13,0.02,-14.22,-0.55,-2.56
worker 1,2026-07-27 13:08:17.899,-0.96,0.18,0.02,-20.02,-0.18,-9.16
worker 1,2026-07-27 13:08:18.004,-0.93,0.25,-0.01,5.19,-21.36,-23.56
worker 1,2026-07-27 13:08:18.007,-0.93,0.25,-0.01,5.19,-21.36,-23.56
worker 1,2026-07-27 13:08:18.007,-0.91,0.28,-0.04,22.77,-44.07,-32.84
worker 1,2026-07-27 13:08:18.008,-0.9,0.28,-0.05,17.82,-49.07,-30.09
worker 1,2026-07-27 13:08:18.243,-0.9,0.28,-0.05,17.82,-49.07,-30.09
worker 1,2026-07-27 13:08:18.244,-0.92,0.25,-0.07,15.56,-41.87,-18.37
worker 1,2026-07-27 13:08:18.245,-0.92,0.25,-0.07,30.7,-41.69,-6.16
worker 1,2026-07-27 13:08:18.245,-0.98,0.2,-0.14,30.7,-41.69,-6.16
worker 1,2026-07-27 13:08:18.245,-1.03,0.15,-0.27,47.91,-50.6,1.4
worker 1,2026-07-27 13:08:18.246,-1.03,0.15,-0.27,47.91,-50.6,1.4
worker 1,2026-07-27 13:08:18.246,-1.21,0.13,-0.28,52.73,-38.33,9.64
worker 1,2026-07-27 13:08:18.247,-1.21,0.13,-0.28,52.73,-38.33,9.64
worker 1,2026-07-27 13:08:18.247,-1.35,0.21,-0.12,40.16,19.47,16.05
worker 1,2026-07-27 13:08:18.248,-1.17,0.41,0.01,0.06,97.29,7.51
worker 1,2026-07-27 13:08:18.365,-0.97,0.56,0.12,-27.34,158.57,5.37
worker 1,2026-07-27 13:08:18.370,-0.97,0.56,0.12,-27.34,158.57,5.37
worker 1,2026-07-27 13:08:18.370,-0.91,0.46,0.22,9.77,169.01,28.69
worker 1,2026-07-27 13:08:18.370,-0.88,0.22,0.2,72.88,117.13,50.9
worker 1,2026-07-27 13:08:18.607,-0.88,0.22,0.2,72.88,117.13,50.9
worker 1,2026-07-27 13:08:18.607,-0.85,0.08,0.02,86.0,46.08,46.14
worker 1,2026-07-27 13:08:18.608,-0.85,0.08,0.02,86.0,46.08,46.14
worker 1,2026-07-27 13:08:18.609,-0.83,0.12,-0.09,41.38,7.69,18.68
worker 1,2026-07-27 13:08:18.609,-0.8,0.28,-0.06,-13.0,7.32,-10.8
worker 1,2026-07-27 13:08:18.609,-0.78,0.39,-0.06,-30.76,6.1,-33.26
worker 1,2026-07-27 13:08:18.609,-0.82,0.39,-0.17,-3.3,-13.06,-42.3
worker 1,2026-07-27 13:08:18.610,-0.82,0.39,-0.17,-3.3,-13.06,-42.3
worker 1,2026-07-27 13:08:18.610,-0.94,0.31,-0.36,30.82,-29.85,-31.25
worker 1,2026-07-27 13:08:18.664,-1.02,0.26,-0.5,35.46,-29.17,-15.32
worker 1,2026-07-27 13:08:18.665,-1.02,0.26,-0.5,35.46,-29.17,-15.32
worker 1,2026-07-27 13:08:18.725,-0.99,0.26,-0.49,8.06,-12.08,-8.0
worker 1,2026-07-27 13:08:18.843,-0.87,0.26,-0.33,-27.77,11.29,-5.31
worker 1,2026-07-27 13:08:18.844,-0.87,0.26,-0.33,-27.77,11.29,-5.31
worker 1,2026-07-27 13:08:18.844,-0.77,0.26,-0.13,-54.38,16.54,-5.19
worker 1,2026-07-27 13:08:18.845,-0.88,0.31,-0.01,-62.32,-5.74,-6.53
worker 1,2026-07-27 13:08:18.845,-1.1,0.41,-0.1,-42.18,-36.38,-8.18
worker 1,2026-07-27 13:08:18.964,-1.1,0.41,-0.1,-42.18,-36.38,-8.18
worker 1,2026-07-27 13:08:18.964,-1.09,0.47,-0.27,-1.59,-54.26,-9.95
worker 1,2026-07-27 13:08:18.965,-1.09,0.47,-0.27,-1.59,-54.26,-9.95
worker 1,2026-07-27 13:08:19.023,-0.9,0.38,-0.21,29.66,-49.56,-7.2
worker 1,2026-07-27 13:08:19.024,-0.9,0.38,-0.21,29.66,-49.56,-7.2
worker 1,2026-07-27 13:08:19.024,-0.81,0.22,-0.01,27.71,-29.79,5.07
worker 1,2026-07-27 13:08:19.024,-0.88,0.11,0.04,-2.56,-14.22,19.71
worker 1,2026-07-27 13:08:19.025,-0.88,0.11,0.04,-2.56,-14.22,19.71
worker 1,2026-07-27 13:08:19.089,-1.01,0.1,-0.04,-20.75,-21.42,19.23
worker 1,2026-07-27 13:08:19.090,-1.01,0.1,-0.04,-20.75,-21.42,19.23
worker 1,2026-07-27 13:08:19.090,-1.03,0.18,-0.07,4.46,-45.29,-0.73
worker 1,2026-07-27 13:08:19.144,-1.03,0.18,-0.07,4.46,-45.29,-0.73
worker 1,2026-07-27 13:08:19.144,-0.96,0.25,-0.06,25.94,-53.04,-17.88
worker 1,2026-07-27 13:08:19.145,-0.96,0.25,-0.06,25.94,-53.04,-17.88
worker 1,2026-07-27 13:08:19.264,-0.94,0.23,-0.03,-5.98,-27.47,-12.15
worker 1,2026-07-27 13:08:19.265,-0.98,0.18,0.01,-54.32,11.9,5.43
worker 1,2026-07-27 13:08:19.265,-1.01,0.19,0.03,-68.3,31.43,10.86
worker 1,2026-07-27 13:08:19.266,-1.01,0.19,0.03,-68.3,31.43,10.86
worker 1,2026-07-27 13:08:19.326,-1.0,0.24,0.03,-40.28,19.41,-0.92
worker 1,2026-07-27 13:08:19.327,-0.95,0.25,0.02,8.48,-5.98,-14.28
worker 1,2026-07-27 13:08:19.384,-0.95,0.25,0.02,36.93,-20.32,-15.32
worker 1,2026-07-27 13:08:19.446,-0.92,0.22,0.02,36.93,-20.32,-15.32
worker 1,2026-07-27 13:08:19.447,-0.93,0.18,0.01,24.96,-16.6,-7.02
worker 1,2026-07-27 13:08:19.447,-0.95,0.18,-0.0,-0.92,-6.71,-1.28
worker 1,2026-07-27 13:08:19.569,-0.95,0.18,-0.0,-0.92,-6.71,-1.28
worker 1,2026-07-27 13:08:19.627,-0.96,0.22,-0.01,-7.93,-5.98,-2.99
worker 1,2026-07-27 13:08:19.628,-0.95,0.24,-0.02,7.81,-15.62,-6.29
worker 1,2026-07-27 13:08:19.629,-0.95,0.25,-0.02,29.6,-24.84,-5.19
worker 1,2026-07-27 13:08:19.629,-0.96,0.24,-0.02,41.63,-27.04,0.37
worker 1,2026-07-27 13:08:19.687,-0.97,0.21,-0.02,37.54,-23.01,8.0
worker 1,2026-07-27 13:08:19.688,-0.97,0.21,-0.02,37.54,-23.01,8.0
worker 1,2026-07-27 13:08:19.688,-0.98,0.18,-0.04,28.26,-18.92,13.43
worker 1,2026-07-27 13:08:19.743,-0.98,0.18,-0.04,28.26,-18.92,13.43
worker 1,2026-07-27 13:08:19.746,-0.99,0.16,-0.08,30.82,-23.56,12.51
worker 1,2026-07-27 13:08:19.804,-1.02,0.15,-0.12,45.84,-38.7,7.26
worker 1,2026-07-27 13:08:19.804,-1.11,0.11,-0.13,67.02,-50.17,5.37
worker 1,2026-07-27 13:08:19.941,-1.11,0.11,-0.13,67.02,-50.17,5.37
worker 1,2026-07-27 13:08:19.941,-1.18,0.16,-0.1,72.63,-37.41,6.04
worker 1,2026-07-27 13:08:19.942,-1.18,0.16,-0.1,72.63,-37.41,6.04
worker 1,2026-07-27 13:08:19.942,-1.11,0.3,-0.11,30.03,-9.58,-2.87
worker 1,2026-07-27 13:08:19.988,-0.94,0.4,-0.13,-18.98,24.11,-12.08
worker 1,2026-07-27 13:08:20.046,-0.93,0.28,0.08,20.26,119.14,18.43
worker 1,2026-07-27 13:08:20.046,-0.93,0.28,0.08,31.74,127.99,35.03
worker 1,2026-07-27 13:08:20.104,-1.02,0.18,0.16,31.74,127.99,35.03
worker 1,2026-07-27 13:08:20.106,-0.99,0.19,0.09,17.76,92.71,28.69
worker 1,2026-07-27 13:08:20.165,-0.89,0.25,-0.09,14.47,30.27,-4.64
worker 1,2026-07-27 13:08:20.225,-0.82,0.32,-0.17,37.48,-11.11,-38.7
worker 1,2026-07-27 13:08:20.225,-0.79,0.37,-0.14,35.1,-9.22,-46.63
worker 1,2026-07-27 13:08:20.284,-0.82,0.35,-0.14,1.65,8.36,-29.11
worker 1,2026-07-27 13:08:20.285,-0.88,0.27,-0.2,-20.02,17.94,-5.74
worker 1,2026-07-27 13:08:20.343,-0.88,0.27,-0.2,-20.02,17.94,-5.74
worker 1,2026-07-27 13:08:20.344,-0.93,0.18,-0.25,-25.02,16.91,7.02
worker 1,2026-07-27 13:08:20.345,-0.93,0.18,-0.25,-25.02,16.91,7.02
worker 1,2026-07-27 13:08:20.404,-0.93,0.18,-0.27,-32.84,12.88,7.02
worker 1,2026-07-27 13:08:20.405,-0.93,0.18,-0.27,-32.84,12.88,7.02
worker 1,2026-07-27 13:08:20.524,-0.9,0.26,-0.3,-45.9,10.68,2.44
worker 1,2026-07-27 13:08:20.524,-0.88,0.35,-0.33,-51.94,7.32,-1.65
worker 1,2026-07-27 13:08:20.525,-0.87,0.35,-0.29,-50.6,2.99,-3.17
worker 1,2026-07-27 13:08:20.586,-0.91,0.31,-0.17,-49.93,1.59,-0.98
worker 1,2026-07-27 13:08:20.587,-0.91,0.31,-0.17,-50.23,-7.51,-2.62
worker 1,2026-07-27 13:08:20.587,-1.05,0.34,-0.09,-50.23,-7.51,-2.62
worker 1,2026-07-27 13:08:20.643,-1.06,0.44,-0.15,-34.36,-28.38,-11.35
worker 1,2026-07-27 13:08:20.644,-1.06,0.44,-0.15,-34.36,-28.38,-11.35
worker 1,2026-07-27 13:08:20.644,-0.93,0.41,-0.2,-3.54,-35.22,-9.28
worker 1,2026-07-27 13:08:20.704,-0.93,0.41,-0.2,-3.54,-35.22,-9.28
worker 1,2026-07-27 13:08:20.705,-0.87,0.25,-0.09,8.97,-24.35,3.17
worker 1,2026-07-27 13:08:20.764,-0.91,0.17,-0.04,-2.62,-20.39,6.77
worker 1,2026-07-27 13:08:20.765,-0.91,0.17,-0.04,-0.79,-31.62,-0.49
worker 1,2026-07-27 13:08:21.004,-0.95,0.22,-0.09,-0.79,-31.62,-0.49
worker 1,2026-07-27 13:08:21.064,-0.96,0.29,-0.09,20.69,-40.59,-8.48
worker 1,2026-07-27 13:08:21.064,-0.94,0.28,-0.04,23.07,-32.35,-8.18
worker 1,2026-07-27 13:08:21.065,-0.94,0.28,-0.04,23.07,-32.35,-8.18
worker 1,2026-07-27 13:08:21.065,-0.96,0.21,-0.0,-1.28,-16.42,-0.61
worker 1,2026-07-27 13:08:21.245,-0.97,0.16,0.01,-26.25,-2.56,6.84
worker 1,2026-07-27 13:08:21.246,-0.98,0.17,0.01,-40.04,6.29,8.36
worker 1,2026-07-27 13:08:21.246,-0.99,0.22,-0.01,-45.35,6.29,2.56
worker 1,2026-07-27 13:08:21.247,-0.99,0.26,-0.02,-32.23,-1.4,-5.43
worker 1,2026-07-27 13:08:21.247,-0.96,0.25,-0.0,0.61,-9.34,-8.3
worker 1,2026-07-27 13:08:21.248,-0.96,0.25,-0.0,0.61,-9.34,-8.3
worker 1,2026-07-27 13:08:21.248,-0.94,0.21,0.02,20.57,-12.21,-4.76
worker 1,2026-07-27 13:08:21.248,-0.94,0.21,0.02,10.01,-9.4,0.06
worker 1,2026-07-27 13:08:21.248,-0.93,0.19,0.03,10.01,-9.4,0.06
worker 1,2026-07-27 13:08:21.249,-0.94,0.22,0.02,-8.85,-6.41,1.65
worker 1,2026-07-27 13:08:21.250,-0.96,0.25,0.0,-16.85,-8.85,1.4
worker 1,2026-07-27 13:08:21.309,-0.96,0.25,0.0,-16.85,-8.85,1.4
worker 1,2026-07-27 13:08:21.311,-0.97,0.24,-0.03,-15.01,-13.18,3.48
worker 1,2026-07-27 13:08:21.365,-0.97,0.23,-0.04,-10.31,-11.84,8.36
worker 1,2026-07-27 13:08:21.365,-0.97,0.23,-0.04,-8.12,-6.1,13.67
worker 1,2026-07-27 13:08:21.484,-0.98,0.22,-0.04,-8.12,-6.1,13.67
worker 1,2026-07-27 13:08:21.485,-1.0,0.21,-0.06,-9.03,-1.4,17.76
worker 1,2026-07-27 13:08:21.486,-1.06,0.21,-0.07,-5.8,-0.24,18.68
worker 1,2026-07-27 13:08:21.544,-1.08,0.23,-0.03,6.77,-1.4,14.4
worker 1,2026-07-27 13:08:21.545,-1.0,0.29,0.02,21.67,-0.98,6.59
worker 1,2026-07-27 13:08:21.607,-1.0,0.29,0.02,21.67,-0.98,6.59
worker 1,2026-07-27 13:08:21.607,-0.88,0.35,0.03,23.07,-0.31,0.06
worker 1,2026-07-27 13:08:21.608,-0.85,0.38,-0.02,8.61,-3.85,-1.53
worker 1,2026-07-27 13:08:21.669,-0.85,0.38,-0.02,8.61,-3.85,-1.53
worker 1,2026-07-27 13:08:21.669,-0.9,0.38,-0.09,-5.37,-0.37,4.52
worker 1,2026-07-27 13:08:21.671,-0.9,0.38,-0.09,-5.37,-0.37,4.52
worker 1,2026-07-27 13:08:21.783,-0.95,0.38,-0.13,-3.85,20.45,16.78
worker 1,2026-07-27 13:08:21.784,-0.95,0.38,-0.13,-3.85,20.45,16.78
worker 1,2026-07-27 13:08:21.784,-0.96,0.38,-0.16,0.85,45.65,26.18
worker 1,2026-07-27 13:08:21.785,-0.96,0.38,-0.16,0.85,45.65,26.18
worker 1,2026-07-27 13:08:21.785,-0.94,0.35,-0.14,-2.99,62.07,27.04
worker 1,2026-07-27 13:08:21.964,-0.9,0.31,-0.08,-4.03,63.29,18.43
worker 1,2026-07-27 13:08:21.965,-0.87,0.3,-0.0,0.98,46.14,3.17
worker 1,2026-07-27 13:08:22.084,-0.87,0.3,-0.0,0.98,46.14,3.17
worker 1,2026-07-27 13:08:22.143,-0.85,0.35,-0.0,5.98,18.37,-13.73
worker 1,2026-07-27 13:08:22.144,-0.85,0.35,-0.0,5.98,18.37,-13.73
worker 1,2026-07-27 13:08:22.145,-0.83,0.41,-0.06,6.04,-3.17,-26.0
worker 1,2026-07-27 13:08:22.145,-0.84,0.43,-0.12,6.23,-10.56,-29.24
worker 1,2026-07-27 13:08:22.145,-0.87,0.41,-0.15,12.39,-11.54,-25.63
worker 1,2026-07-27 13:08:22.146,-0.87,0.41,-0.15,12.39,-11.54,-25.63
worker 1,2026-07-27 13:08:22.146,-0.92,0.36,-0.2,18.92,-11.29,-18.74
worker 1,2026-07-27 13:08:22.147,-0.92,0.36,-0.2,18.92,-11.29,-18.74
worker 1,2026-07-27 13:08:22.148,-0.97,0.31,-0.25,17.82,-8.0,-12.57
worker 1,2026-07-27 13:08:22.153,-0.97,0.28,-0.27,10.01,0.12,-9.89
worker 1,2026-07-27 13:08:22.204,-0.97,0.28,-0.27,10.01,0.12,-9.89
worker 1,2026-07-27 13:08:22.264,-0.95,0.25,-0.25,0.61,11.41,-9.7
worker 1,2026-07-27 13:08:22.265,-0.94,0.23,-0.23,-7.26,21.36,-10.93
worker 1,2026-07-27 13:08:22.268,-0.93,0.23,-0.22,-15.44,27.65,-13.49
worker 1,2026-07-27 13:08:22.324,-0.93,0.23,-0.22,-15.44,27.65,-13.49
worker 1,2026-07-27 13:08:22.324,-0.9,0.26,-0.21,-24.48,29.85,-16.05
worker 1,2026-07-27 13:08:22.325,-0.9,0.26,-0.21,-24.48,29.85,-16.05
worker 1,2026-07-27 13:08:22.386,-0.88,0.29,-0.21,-28.32,27.4,-16.05
worker 1,2026-07-27 13:08:22.386,-0.87,0.29,-0.23,-26.55,22.34,-13.61
worker 1,2026-07-27 13:08:22.511,-0.87,0.28,-0.24,-23.93,17.52,-11.35
worker 1,2026-07-27 13:08:22.511,-0.85,0.26,-0.24,-23.8,13.31,-10.44
worker 1,2026-07-27 13:08:22.512,-0.83,0.26,-0.23,-27.16,8.79,-9.16
worker 1,2026-07-27 13:08:22.564,-0.81,0.26,-0.24,-32.17,4.58,-5.74
worker 1,2026-07-27 13:08:22.685,-0.8,0.3,-0.26,-36.44,1.34,-0.61
worker 1,2026-07-27 13:08:22.685,-0.86,0.35,-0.28,-35.58,-5.13,3.11
worker 1,2026-07-27 13:08:22.744,-0.86,0.35,-0.28,-35.58,-5.13,3.11
worker 1,2026-07-27 13:08:22.804,-1.07,0.36,-0.36,-22.83,-19.23,1.16
worker 1,2026-07-27 13:08:22.804,-1.18,0.29,-0.36,-0.85,-31.37,-8.0
worker 1,2026-07-27 13:08:22.805,-1.18,0.29,-0.36,-0.85,-31.37,-8.0
worker 1,2026-07-27 13:08:22.805,-1.03,0.25,-0.2,8.06,-28.56,-15.32
worker 1,2026-07-27 13:08:22.805,-0.91,0.25,-0.05,-6.29,-18.01,-6.77
worker 1,2026-07-27 13:08:22.806,-0.91,0.25,-0.05,-6.29,-18.01,-6.77
worker 1,2026-07-27 13:08:22.864,-0.89,0.22,0.01,-22.28,-14.47,8.54
worker 1,2026-07-27 13:08:22.867,-0.89,0.22,0.01,-22.28,-14.47,8.54
worker 1,2026-07-27 13:08:22.867,-0.91,0.23,-0.01,-27.77,-22.89,9.64
worker 1,2026-07-27 13:08:22.929,-0.94,0.24,-0.02,-29.72,-29.6,2.87
worker 1,2026-07-27 13:08:22.932,-0.94,0.24,-0.02,-29.72,-29.6,2.87
worker 1,2026-07-27 13:08:22.985,-0.98,0.24,-0.01,-38.02,-19.78,1.77
worker 1,2026-07-27 13:08:22.986,-1.0,0.24,-0.01,-53.59,-2.87,2.38
worker 1,2026-07-27 13:08:23.044,-1.0,0.24,-0.01,-53.59,-2.87,2.38
worker 1,2026-07-27 13:08:23.044,-1.0,0.24,-0.0,-54.63,5.31,0.24
worker 1,2026-07-27 13:08:23.224,-1.0,0.24,-0.0,-54.63,5.31,0.24
worker 1,2026-07-27 13:08:23.224,-0.95,0.23,0.01,-25.45,0.12,-3.6
worker 1,2026-07-27 13:08:23.226,-0.92,0.21,0.02,8.67,-12.88,-6.16
worker 1,2026-07-27 13:08:23.226,-0.93,0.2,-0.0,15.26,-24.72,-7.02
worker 1,2026-07-27 13:08:23.227,-0.93,0.2,-0.0,15.26,-24.72,-7.02
worker 1,2026-07-27 13:08:23.229,-0.95,0.21,-0.03,3.23,-29.91,-8.67
worker 1,2026-07-27 13:08:23.230,-0.96,0.24,-0.03,-5.62,-28.81,-10.99
worker 1,2026-07-27 13:08:23.348,-0.96,0.24,-0.03,-5.62,-28.81,-10.99
worker 1,2026-07-27 13:08:23.348,-0.95,0.26,-0.01,-5.86,-24.35,-9.4
worker 1,2026-07-27 13:08:23.348,-0.95,0.24,-0.01,0.61,-19.17,-1.65
worker 1,2026-07-27 13:08:23.348,-0.96,0.2,-0.02,11.84,-17.76,7.93
worker 1,2026-07-27 13:08:23.464,-0.96,0.2,-0.02,11.84,-17.76,7.93
worker 1,2026-07-27 13:08:23.465,-0.99,0.15,-0.04,20.94,-20.75,15.08
worker 1,2026-07-27 13:08:23.466,-1.02,0.11,-0.07,23.38,-23.01,18.8
worker 1,2026-07-27 13:08:23.466,-1.11,0.12,-0.08,16.85,-19.96,19.29
worker 1,2026-07-27 13:08:23.525,-1.21,0.16,-0.05,4.88,-10.62,14.65
worker 1,2026-07-27 13:08:23.644,-1.11,0.26,0.01,4.88,2.93,1.34
worker 1,2026-07-27 13:08:23.645,-1.11,0.26,0.01,4.88,2.93,1.34
worker 1,2026-07-27 13:08:23.645,-0.88,0.42,0.03,10.44,10.93,-17.09
worker 1,2026-07-27 13:08:23.646,-0.88,0.42,0.03,10.44,10.93,-17.09
worker 1,2026-07-27 13:08:23.646,-0.73,0.57,-0.06,3.11,13.18,-23.86
worker 1,2026-07-27 13:08:23.650,-0.73,0.57,-0.06,3.11,13.18,-23.86
worker 1,2026-07-27 13:08:23.943,-0.81,0.57,-0.13,17.52,38.15,-1.77
worker 1,2026-07-27 13:08:23.944,-0.99,0.41,-0.04,70.25,77.27,32.53
worker 1,2026-07-27 13:08:23.945,-1.06,0.24,0.04,93.81,85.75,45.84
worker 1,2026-07-27 13:08:23.946,-0.98,0.22,-0.02,63.9,58.17,28.32
worker 1,2026-07-27 13:08:23.946,-0.84,0.33,-0.11,38.57,24.54,-3.23
worker 1,2026-07-27 13:08:23.947,-0.75,0.42,-0.15,46.57,8.3,-23.62
worker 1,2026-07-27 13:08:23.948,-0.75,0.42,-0.15,46.57,8.3,-23.62
worker 1,2026-07-27 13:08:23.948,-0.77,0.38,-0.16,60.3,6.65,-23.74
worker 1,2026-07-27 13:08:23.949,-0.77,0.38,-0.16,60.3,6.65,-23.74
worker 1,2026-07-27 13:08:23.949,-0.88,0.24,-0.22,48.16,7.63,-13.79
worker 1,2026-07-27 13:08:24.004,-0.88,0.24,-0.22,48.16,7.63,-13.79
worker 1,2026-07-27 13:08:24.004,-0.92,0.17,-0.28,22.52,4.52,-13.85
worker 1,2026-07-27 13:08:24.184,-0.92,0.17,-0.28,22.52,4.52,-13.85
worker 1,2026-07-27 13:08:24.184,-0.88,0.17,-0.29,6.59,0.06,-23.68
worker 1,2026-07-27 13:08:24.184,-0.84,0.16,-0.31,-4.27,-2.26,-27.34
worker 1,2026-07-27 13:08:24.185,-0.84,0.16,-0.31,-4.27,-2.26,-27.34
worker 1,2026-07-27 13:08:24.186,-0.84,0.17,-0.36,-21.48,-0.49,-20.87
worker 1,2026-07-27 13:08:24.191,-0.84,0.22,-0.41,-45.23,6.84,-8.06
worker 1,2026-07-27 13:08:24.191,-0.84,0.28,-0.4,-63.17,11.54,3.05
worker 1,2026-07-27 13:08:24.244,-0.84,0.28,-0.4,-63.17,11.54,3.05
worker 1,2026-07-27 13:08:24.245,-1.01,0.32,-0.3,-71.47,2.38,2.5
worker 1,2026-07-27 13:08:24.489,-1.28,0.41,-0.18,-66.83,-17.03,-11.05
worker 1,2026-07-27 13:08:24.490,-1.28,0.41,-0.18,-66.83,-17.03,-11.05
worker 1,2026-07-27 13:08:24.490,-1.11,0.54,-0.14,-39.92,-31.98,-22.71
worker 1,2026-07-27 13:08:24.490,-0.72,0.54,-0.03,-3.91,-34.42,-18.01
worker 1,2026-07-27 13:08:24.491,-0.69,0.37,0.15,16.05,-26.79,2.93
worker 1,2026-07-27 13:08:24.492,-0.91,0.15,0.11,4.27,-19.65,31.8
worker 1,2026-07-27 13:08:24.492,-1.11,0.02,-0.04,-0.98,-38.02,40.28
worker 1,2026-07-27 13:08:24.544,-1.1,0.1,-0.07,28.87,-64.03,11.66
worker 1,2026-07-27 13:08:24.545,-1.1,0.1,-0.07,28.87,-64.03,11.66
worker 1,2026-07-27 13:08:24.545,-1.01,0.27,-0.06,44.19,-62.87,-22.64
worker 1,2026-07-27 13:08:24.604,-1.01,0.27,-0.06,30.88,-43.76,-29.54
worker 1,2026-07-27 13:08:24.605,-0.94,0.32,-0.02,30.88,-43.76,-29.54
worker 1,2026-07-27 13:08:24.664,-0.9,0.27,0.05,16.36,-13.55,-9.58
worker 1,2026-07-27 13:08:24.665,-0.9,0.27,0.05,16.36,-13.55,-9.58
worker 1,2026-07-27 13:08:24.724,-0.9,0.19,0.07,8.67,10.68,12.63
worker 1,2026-07-27 13:08:24.724,-0.92,0.14,0.03,9.89,2.38,14.65
worker 1,2026-07-27 13:08:24.725,-0.92,0.14,0.03,9.89,2.38,14.65
worker 1,2026-07-27 13:08:24.784,-0.92,0.16,-0.02,13.98,-27.53,0.12
worker 1,2026-07-27 13:08:24.784,-0.92,0.16,-0.02,20.08,-48.71,-10.5
worker 1,2026-07-27 13:08:24.844,-0.91,0.21,-0.05,20.08,-48.71,-10.5
worker 1,2026-07-27 13:08:24.845,-0.93,0.21,-0.04,32.71,-49.87,-5.55
worker 1,2026-07-27 13:08:24.846,-0.93,0.21,-0.04,32.71,-49.87,-5.55
worker 1,2026-07-27 13:08:24.970,-0.99,0.19,-0.03,44.8,-41.87,7.02
worker 1,2026-07-27 13:08:24.970,-1.06,0.14,-0.07,52.31,-42.3,15.87
worker 1,2026-07-27 13:08:24.971,-1.1,0.1,-0.16,51.09,-56.88,16.97
worker 1,2026-07-27 13:08:25.025,-1.19,0.12,-0.22,40.16,-76.6,7.08
worker 1,2026-07-27 13:08:25.026,-1.29,0.16,-0.19,29.11,-62.5,-7.63
worker 1,2026-07-27 13:08:25.084,-1.29,0.16,-0.19,29.11,-62.5,-7.63
worker 1,2026-07-27 13:08:25.084,-1.18,0.27,-0.08,10.68,8.73,-18.62
worker 1,2026-07-27 13:08:25.144,-0.95,0.47,0.06,-15.93,103.82,-24.78
worker 1,2026-07-27 13:08:25.204,-0.85,0.59,0.18,-8.73,168.88,-18.86
worker 1,2026-07-27 13:08:25.204,-0.88,0.45,0.17,35.77,159.06,5.62
worker 1,2026-07-27 13:08:25.205,-0.88,0.45,0.17,35.77,159.06,5.62
worker 1,2026-07-27 13:08:25.264,-0.93,0.24,0.05,60.24,100.46,34.36
worker 1,2026-07-27 13:08:25.265,-0.93,0.24,0.05,60.24,100.46,34.36
worker 1,2026-07-27 13:08:25.266,-0.92,0.18,-0.04,32.53,58.72,43.27
worker 1,2026-07-27 13:08:25.328,-0.92,0.18,-0.04,32.53,58.72,43.27
worker 1,2026-07-27 13:08:25.328,-0.85,0.24,-0.04,-13.98,44.56,26.79
worker 1,2026-07-27 13:08:25.443,-0.76,0.31,-0.01,-25.27,32.78,-1.89
worker 1,2026-07-27 13:08:25.444,-0.76,0.31,-0.01,-25.27,32.78,-1.89
worker 1,2026-07-27 13:08:25.444,-0.74,0.32,-0.07,3.91,14.22,-25.82
worker 1,2026-07-27 13:08:25.445,-0.74,0.32,-0.07,3.91,14.22,-25.82
worker 1,2026-07-27 13:08:25.445,-0.82,0.28,-0.22,31.31,-2.69,-33.87
worker 1,2026-07-27 13:08:25.624,-0.92,0.22,-0.4,31.68,-11.17,-31.56
worker 1,2026-07-27 13:08:25.625,-0.92,0.22,-0.4,13.31,-7.32,-30.52
worker 1,2026-07-27 13:08:25.685,-0.98,0.21,-0.53,13.31,-7.32,-30.52
worker 1,2026-07-27 13:08:25.685,-0.99,0.22,-0.56,-23.74,18.25,-28.2
worker 1,2026-07-27 13:08:25.686,-0.99,0.22,-0.56,-23.74,18.25,-28.2
worker 1,2026-07-27 13:08:25.686,-0.83,0.23,-0.45,-70.43,52.49,-20.75
worker 1,2026-07-27 13:08:25.686,-0.6,0.21,-0.27,-95.89,48.77,-17.15
worker 1,2026-07-27 13:08:25.810,-0.6,0.21,-0.27,-95.89,48.77,-17.15
worker 1,2026-07-27 13:08:25.810,-0.91,0.32,-0.14,-85.69,-7.93,-22.46
worker 1,2026-07-27 13:08:25.811,-1.5,0.53,-0.21,-34.3,-70.74,-29.79
worker 1,2026-07-27 13:08:25.811,-1.22,0.65,-0.24,26.98,-87.77,-29.42
worker 1,2026-07-27 13:08:25.812,-1.22,0.65,-0.24,26.98,-87.77,-29.42
worker 1,2026-07-27 13:08:25.812,-0.59,0.49,0.05,47.73,-47.24,-13.37
worker 1,2026-07-27 13:08:25.813,-0.59,0.49,0.05,47.73,-47.24,-13.37
worker 1,2026-07-27 13:08:25.927,-0.63,0.24,0.29,34.18,15.14,29.54
worker 1,2026-07-27 13:08:25.935,-1.02,0.09,0.14,-4.27,35.46,72.63
worker 1,2026-07-27 13:08:25.936,-1.02,0.09,0.14,-4.27,35.46,72.63
worker 1,2026-07-27 13:08:25.936,-1.18,0.01,-0.07,-27.89,-21.85,61.83
worker 1,2026-07-27 13:08:25.984,-1.08,0.12,-0.13,-3.91,-85.82,8.67
worker 1,2026-07-27 13:08:26.044,-0.96,0.3,-0.08,42.85,-107.54,-36.68
worker 1,2026-07-27 13:08:26.045,-0.89,0.34,0.02,94.54,-101.44,-45.17
worker 1,2026-07-27 13:08:26.169,-0.89,0.24,0.05,119.63,-60.55,-16.6
worker 1,2026-07-27 13:08:26.170,-0.89,0.24,0.05,119.63,-60.55,-16.6
worker 1,2026-07-27 13:08:26.170,-0.92,0.14,0.02,100.16,-15.99,12.57
worker 1,2026-07-27 13:08:26.171,-0.95,0.12,-0.02,50.11,-3.11,17.52
worker 1,2026-07-27 13:08:26.224,-0.94,0.19,-0.04,-5.62,-17.58,7.75
worker 1,2026-07-27 13:08:26.225,-0.93,0.25,-0.03,-23.32,-35.34,0.31
worker 1,2026-07-27 13:08:26.288,-0.93,0.25,-0.03,-23.32,-35.34,0.31
worker 1,2026-07-27 13:08:26.289,-0.98,0.23,-0.03,4.39,-40.04,5.49
worker 1,2026-07-27 13:08:26.344,-1.05,0.13,-0.1,37.6,-39.06,16.91
worker 1,2026-07-27 13:08:26.412,-1.05,0.13,-0.1,37.6,-39.06,16.91
worker 1,2026-07-27 13:08:26.412,-1.1,0.03,-0.21,62.81,-53.47,19.71
worker 1,2026-07-27 13:08:26.413,-1.1,0.03,-0.21,62.81,-53.47,19.71
worker 1,2026-07-27 13:08:26.532,-1.23,0.11,-0.25,61.46,-76.11,-13.61
worker 1,2026-07-27 13:08:26.532,-1.23,0.11,-0.25,10.68,2.56,-19.78
worker 1,2026-07-27 13:08:26.532,-1.15,0.23,-0.16,10.68,2.56,-19.78
worker 1,2026-07-27 13:08:26.532,-0.99,0.32,0.01,-42.48,111.33,-18.68
worker 1,2026-07-27 13:08:26.533,-0.99,0.32,0.01,-42.48,111.33,-18.68
worker 1,2026-07-27 13:08:26.583,-1.01,0.42,0.18,-54.08,181.64,-20.32
worker 1,2026-07-27 13:08:26.584,-1.01,0.42,0.18,-54.08,181.64,-20.32
worker 1,2026-07-27 13:08:26.703,-1.09,0.45,0.2,-19.04,184.08,-11.6
worker 1,2026-07-27 13:08:26.891,-0.99,0.38,0.04,15.81,124.82,4.7
worker 1,2026-07-27 13:08:26.953,-0.99,0.38,0.04,15.81,124.82,4.7
worker 1,2026-07-27 13:08:26.954,-0.82,0.25,-0.1,23.56,55.73,9.46
worker 1,2026-07-27 13:08:26.955,-0.73,0.18,-0.09,7.63,30.94,4.15
worker 1,2026-07-27 13:08:27.004,-0.73,0.18,-0.09,7.63,30.94,4.15
worker 1,2026-07-27 13:08:27.004,-0.69,0.23,-0.02,-28.69,37.41,-5.13
worker 1,2026-07-27 13:08:27.004,-0.69,0.23,-0.02,-57.86,37.66,-10.31
worker 1,2026-07-27 13:08:27.005,-0.68,0.33,0.02,-57.86,37.66,-10.31
worker 1,2026-07-27 13:08:27.005,-0.75,0.34,-0.08,-48.03,16.48,-6.77
worker 1,2026-07-27 13:08:27.006,-0.88,0.27,-0.31,0.73,-20.94,-7.93
worker 1,2026-07-27 13:08:27.007,-1.08,0.2,-0.62,39.79,-42.36,-15.56
worker 1,2026-07-27 13:08:27.008,-1.08,0.2,-0.62,39.79,-42.36,-15.56
worker 1,2026-07-27 13:08:27.011,-1.08,0.19,-0.71,19.59,-18.19,-19.41
worker 1,2026-07-27 13:08:27.011,-0.78,0.17,-0.45,-41.75,14.1,-17.88
worker 1,2026-07-27 13:08:27.012,-0.78,0.17,-0.45,-41.75,14.1,-17.88
worker 1,2026-07-27 13:08:27.064,-1.09,0.25,-0.14,-72.14,-8.24,-20.51
worker 1,2026-07-27 13:08:27.124,-1.36,0.47,-0.17,-15.69,-56.27,-23.13
worker 1,2026-07-27 13:08:27.125,-1.36,0.47,-0.17,-15.69,-56.27,-23.13
worker 1,2026-07-27 13:08:27.125,-0.85,0.53,-0.14,52.67,-60.18,-13.61
worker 1,2026-07-27 13:08:27.244,-0.85,0.53,-0.14,48.28,-19.17,6.59
worker 1,2026-07-27 13:08:27.249,-0.57,0.37,0.22,48.28,-19.17,6.59
worker 1,2026-07-27 13:08:27.250,-0.8,0.21,0.26,13.06,24.17,40.22
worker 1,2026-07-27 13:08:27.251,-1.09,0.13,0.04,-25.45,5.25,61.4
worker 1,2026-07-27 13:08:27.371,-1.12,0.11,-0.07,-40.04,-58.11,40.83
worker 1,2026-07-27 13:08:27.372,-1.12,0.11,-0.07,-40.04,-58.11,40.83
worker 1,2026-07-27 13:08:27.373,-1.04,0.2,-0.07,-22.16,-81.67,2.44
worker 1,2026-07-27 13:08:27.373,-0.98,0.27,-0.01,13.06,-76.48,-24.11
worker 1,2026-07-27 13:08:27.493,-0.91,0.26,0.04,59.2,-62.01,-25.45
worker 1,2026-07-27 13:08:27.494,-0.91,0.26,0.04,59.2,-62.01,-25.45
worker 1,2026-07-27 13:08:27.494,-0.86,0.21,0.03,72.75,-33.63,-7.81
worker 1,2026-07-27 13:08:27.724,-0.89,0.18,-0.02,46.2,-13.06,4.82
worker 1,2026-07-27 13:08:27.725,-0.91,0.19,-0.06,3.23,-16.72,3.36
worker 1,2026-07-27 13:08:27.725,-0.92,0.2,-0.07,-26.12,-37.29,-3.36
worker 1,2026-07-27 13:08:27.726,-0.92,0.2,-0.07,-26.12,-37.29,-3.36
worker 1,2026-07-27 13:08:27.726,-0.97,0.18,-0.07,-12.45,-52.25,-3.23
worker 1,2026-07-27 13:08:27.726,-1.05,0.13,-0.11,19.65,-52.73,6.23
worker 1,2026-07-27 13:08:27.785,-1.05,0.13,-0.11,19.65,-52.73,6.23
worker 1,2026-07-27 13:08:27.786,-1.09,0.1,-0.18,30.03,-52.43,12.15
worker 1,2026-07-27 13:08:27.786,-1.15,0.13,-0.23,16.3,-61.58,2.75
worker 1,2026-07-27 13:08:27.787,-1.26,0.18,-0.19,15.75,-49.32,-11.66
worker 1,2026-07-27 13:08:27.906,-1.22,0.24,-0.1,18.07,17.76,-17.88
worker 1,2026-07-27 13:08:27.907,-1.22,0.24,-0.1,18.07,17.76,-17.88
worker 1,2026-07-27 13:08:27.907,-1.06,0.31,0.06,-8.73,115.11,-23.19
worker 1,2026-07-27 13:08:27.908,-1.03,0.47,0.21,-23.44,191.41,-28.87
worker 1,2026-07-27 13:08:27.908,-1.03,0.57,0.22,14.34,194.76,-21.3
worker 1,2026-07-27 13:08:28.086,-1.03,0.57,0.22,14.34,194.76,-21.3
worker 1,2026-07-27 13:08:28.087,-0.9,0.46,0.06,55.36,124.57,-0.92
worker 1,2026-07-27 13:08:28.143,-0.9,0.46,0.06,55.36,124.57,-0.92
worker 1,2026-07-27 13:08:28.143,-0.81,0.29,-0.07,44.37,58.35,21.12
worker 1,2026-07-27 13:08:28.144,-0.81,0.29,-0.07,44.37,58.35,21.12
worker 1,2026-07-27 13:08:28.145,-0.79,0.14,-0.06,6.1,35.4,30.27
worker 1,2026-07-27 13:08:28.145,-0.72,0.17,0.0,-20.32,26.06,12.63
worker 1,2026-07-27 13:08:28.264,-0.72,0.17,0.0,-20.32,26.06,12.63
worker 1,2026-07-27 13:08:28.264,-0.65,0.3,0.04,-26.49,11.23,-12.02
worker 1,2026-07-27 13:08:28.267,-0.65,0.3,0.04,-26.49,11.23,-12.02
worker 1,2026-07-27 13:08:28.268,-0.73,0.31,-0.08,-15.81,-11.84,-17.27
worker 1,2026-07-27 13:08:28.268,-0.96,0.26,-0.53,14.04,-38.09,-11.78
worker 1,2026-07-27 13:08:28.268,-1.17,0.25,-0.85,37.78,-36.07,-10.44
worker 1,2026-07-27 13:08:28.269,-1.0,0.2,-0.63,13.49,-1.65,-13.67
worker 1,2026-07-27 13:08:28.324,-1.0,0.2,-0.63,13.49,-1.65,-13.67
worker 1,2026-07-27 13:08:28.329,-0.99,0.18,-0.16,-42.11,8.18,-17.7
worker 1,2026-07-27 13:08:28.451,-0.99,0.18,-0.16,-42.11,8.18,-17.7
worker 1,2026-07-27 13:08:28.452,-1.21,0.32,0.04,-48.4,-30.46,-19.71
worker 1,2026-07-27 13:08:28.453,-0.97,0.45,-0.08,17.52,-69.21,-13.0
worker 1,2026-07-27 13:08:28.454,-0.69,0.39,0.01,56.52,-64.09,1.04
worker 1,2026-07-27 13:08:28.456,-0.69,0.39,0.01,56.52,-64.09,1.04
worker 1,2026-07-27 13:08:28.565,-0.78,0.24,0.14,9.64,-12.39,25.27
worker 1,2026-07-27 13:08:28.573,-0.78,0.24,0.14,9.64,-12.39,25.27
worker 1,2026-07-27 13:08:28.574,-1.0,0.17,0.01,-73.61,29.85,50.29
worker 1,2026-07-27 13:08:28.574,-1.07,0.17,-0.06,-79.53,4.15,41.26
worker 1,2026-07-27 13:08:28.624,-1.02,0.26,-0.01,14.47,-41.93,5.68
worker 1,2026-07-27 13:08:28.689,-0.97,0.31,0.01,86.91,-69.27,-18.55
worker 1,2026-07-27 13:08:28.689,-0.95,0.28,0.01,102.42,-82.09,-19.1
worker 1,2026-07-27 13:08:28.805,-0.95,0.28,0.01,94.67,-61.04,-4.64
worker 1,2026-07-27 13:08:28.805,-0.92,0.22,0.02,94.67,-61.04,-4.64
worker 1,2026-07-27 13:08:28.805,-0.92,0.18,0.0,69.95,-27.34,9.09
worker 1,2026-07-27 13:08:28.806,-0.92,0.18,0.0,69.95,-27.34,9.09
worker 1,2026-07-27 13:08:28.806,-0.94,0.15,-0.05,38.57,-19.59,11.35
worker 1,2026-07-27 13:08:29.344,-0.94,0.15,-0.05,38.57,-19.59,11.35
worker 1,2026-07-27 13:08:29.344,-0.96,0.16,-0.08,16.36,-35.89,4.09
worker 1,2026-07-27 13:08:29.404,-0.96,0.16,-0.08,16.36,-35.89,4.09
worker 1,2026-07-27 13:08:29.404,-0.96,0.19,-0.07,14.4,-47.36,-1.46
worker 1,2026-07-27 13:08:29.404,-0.96,0.19,-0.07,22.77,-40.95,3.66
worker 1,2026-07-27 13:08:29.644,-0.97,0.2,-0.05,22.77,-40.95,3.66
worker 1,2026-07-27 13:08:29.825,-1.01,0.18,-0.07,25.27,-30.82,13.43
worker 1,2026-07-27 13:08:29.826,-1.03,0.16,-0.14,25.33,-32.1,15.87
worker 1,2026-07-27 13:08:29.891,-1.03,0.16,-0.14,25.33,-32.1,15.87
worker 1,2026-07-27 13:08:29.948,-1.07,0.16,-0.2,27.83,-45.1,7.39
worker 1,2026-07-27 13:08:30.003,-1.07,0.16,-0.2,27.83,-45.1,7.39
worker 1,2026-07-27 13:08:30.004,-1.18,0.16,-0.2,32.29,-50.78,-4.76
worker 1,2026-07-27 13:08:30.004,-1.21,0.22,-0.18,29.91,-20.94,-14.28
worker 1,2026-07-27 13:08:30.068,-1.05,0.32,-0.12,7.32,46.2,-18.19
worker 1,2026-07-27 13:08:30.069,-1.05,0.32,-0.12,7.32,46.2,-18.19
worker 1,2026-07-27 13:08:30.069,-0.92,0.42,0.02,-14.28,124.82,-13.18
worker 1,2026-07-27 13:08:30.070,-0.92,0.42,0.02,-14.28,124.82,-13.18
worker 1,2026-07-27 13:08:30.070,-0.99,0.46,0.18,-4.7,172.0,-1.4
worker 1,2026-07-27 13:08:30.071,-0.99,0.46,0.18,-4.7,172.0,-1.4
worker 1,2026-07-27 13:08:30.071,-1.04,0.39,0.23,22.03,158.33,12.94
worker 1,2026-07-27 13:08:30.072,-0.93,0.26,0.08,37.9,94.3,15.5
worker 1,2026-07-27 13:08:30.072,-0.82,0.2,-0.1,49.44,22.83,-3.78
worker 1,2026-07-27 13:08:30.073,-0.82,0.2,-0.1,49.44,22.83,-3.78
worker 1,2026-07-27 13:08:30.074,-0.73,0.25,-0.14,45.65,-7.14,-26.12
worker 1,2026-07-27 13:08:30.075,-0.65,0.33,-0.05,13.18,-1.22,-31.98
worker 1,2026-07-27 13:08:30.075,-0.65,0.33,-0.05,-18.8,0.61,-16.97
worker 1,2026-07-27 13:08:30.075,-0.65,0.32,0.01,-18.8,0.61,-16.97
worker 1,2026-07-27 13:08:30.075,-0.84,0.21,-0.15,-31.56,-15.14,5.0
worker 1,2026-07-27 13:08:30.076,-1.14,0.17,-0.61,-13.37,-33.75,11.66
worker 1,2026-07-27 13:08:30.076,-1.2,0.24,-0.81,14.4,-25.15,0.85
worker 1,2026-07-27 13:08:30.304,-0.91,0.25,-0.49,7.02,7.02,-11.05
worker 1,2026-07-27 13:08:30.305,-0.8,0.18,-0.03,-31.43,15.2,-13.55
worker 1,2026-07-27 13:08:30.305,-1.1,0.24,0.11,-57.92,-11.6,-11.54
worker 1,2026-07-27 13:08:30.305,-1.15,0.46,-0.19,-25.94,-52.37,-10.25
worker 1,2026-07-27 13:08:30.365,-1.15,0.46,-0.19,-25.94,-52.37,-10.25
worker 1,2026-07-27 13:08:30.366,-0.84,0.5,-0.23,40.1,-73.3,-5.68
worker 1,2026-07-27 13:08:30.366,-0.74,0.33,0.07,48.34,-45.59,9.58
worker 1,2026-07-27 13:08:30.367,-0.74,0.33,0.07,48.34,-45.59,9.58
worker 1,2026-07-27 13:08:30.367,-0.91,0.13,0.08,-15.32,-3.17,31.37
worker 1,2026-07-27 13:08:30.367,-1.06,0.03,-0.05,-50.05,-8.42,31.07
worker 1,2026-07-27 13:08:30.367,-1.02,0.13,-0.03,-25.51,-37.35,3.23
worker 1,2026-07-27 13:08:30.368,-1.02,0.13,-0.03,-25.51,-37.35,3.23
worker 1,2026-07-27 13:08:30.368,-0.99,0.29,0.0,-22.89,-31.74,-15.62
worker 1,2026-07-27 13:08:30.423,-0.99,0.29,0.0,-22.89,-31.74,-15.62
worker 1,2026-07-27 13:08:30.424,-1.01,0.34,-0.02,-48.16,-8.97,-13.12
worker 1,2026-07-27 13:08:30.425,-1.01,0.34,-0.02,-48.16,-8.97,-13.12
worker 1,2026-07-27 13:08:30.425,-0.97,0.3,0.01,-44.19,7.81,-3.78
worker 1,2026-07-27 13:08:30.426,-0.91,0.23,0.05,-8.97,17.94,5.31
worker 1,2026-07-27 13:08:30.426,-0.9,0.18,0.05,17.64,14.77,10.01
worker 1,2026-07-27 13:08:30.427,-0.9,0.18,0.05,17.64,14.77,10.01
worker 1,2026-07-27 13:08:30.483,-0.91,0.16,0.0,14.89,-3.91,6.96
worker 1,2026-07-27 13:08:30.604,-0.91,0.16,0.0,14.89,-3.91,6.96
worker 1,2026-07-27 13:08:30.671,-0.93,0.2,-0.04,4.64,-27.34,-1.46
worker 1,2026-07-27 13:08:30.672,-0.96,0.24,-0.06,11.05,-44.62,-8.97
worker 1,2026-07-27 13:08:30.672,-0.97,0.26,-0.05,28.26,-49.87,-8.97
worker 1,2026-07-27 13:08:30.673,-0.99,0.23,-0.03,38.45,-42.05,-0.92
worker 1,2026-07-27 13:08:30.673,-1.0,0.2,-0.03,30.46,-26.49,8.36
worker 1,2026-07-27 13:08:30.729,-0.99,0.16,-0.06,12.88,-15.44,11.96
worker 1,2026-07-27 13:08:30.789,-0.99,0.16,-0.06,12.88,-15.44,11.96
worker 1,2026-07-27 13:08:30.789,-1.0,0.13,-0.12,5.43,-18.19,9.95
worker 1,2026-07-27 13:08:30.790,-1.04,0.12,-0.15,15.26,-31.43,3.97
worker 1,2026-07-27 13:08:30.790,-1.13,0.13,-0.13,23.38,-37.41,-3.48
worker 1,2026-07-27 13:08:30.790,-1.16,0.17,-0.12,4.58,-19.78,-7.69
worker 1,2026-07-27 13:08:30.791,-1.16,0.17,-0.12,4.58,-19.78,-7.69
worker 1,2026-07-27 13:08:30.791,-1.01,0.3,-0.14,-23.56,16.17,-10.56
worker 1,2026-07-27 13:08:30.791,-0.85,0.44,-0.11,-22.09,71.35,-8.42
worker 1,2026-07-27 13:08:30.791,-0.96,0.4,0.04,2.08,135.19,4.58
worker 1,2026-07-27 13:08:30.792,-0.96,0.4,0.04,2.08,135.19,4.58
worker 1,2026-07-27 13:08:30.792,-1.14,0.3,0.18,17.82,163.39,18.49
worker 1,2026-07-27 13:08:30.795,-1.14,0.3,0.18,17.82,163.39,18.49
worker 1,2026-07-27 13:08:31.212,-1.08,0.27,0.15,26.25,128.54,18.07
worker 1,2026-07-27 13:08:31.213,-0.88,0.25,-0.04,44.19,54.44,-0.79
worker 1,2026-07-27 13:08:31.213,-0.74,0.23,-0.14,52.61,4.7,-20.57
worker 1,2026-07-27 13:08:31.214,-0.68,0.26,-0.1,24.29,-1.28,-26.31
worker 1,2026-07-27 13:08:31.214,-0.65,0.33,-0.02,-17.76,4.15,-18.68
worker 1,2026-07-27 13:08:31.214,-0.73,0.32,-0.05,-37.78,-1.77,-0.43
worker 1,2026-07-27 13:08:31.215,-0.73,0.32,-0.05,-37.78,-1.77,-0.43
worker 1,2026-07-27 13:08:31.215,-1.18,0.19,-0.67,14.89,-42.36,10.01
worker 1,2026-07-27 13:08:31.216,-1.18,0.19,-0.67,14.89,-42.36,10.01
worker 1,2026-07-27 13:08:31.216,-1.13,0.2,-0.71,28.63,-23.19,-2.75
worker 1,2026-07-27 13:08:31.383,-0.9,0.17,-0.36,6.16,7.57,-12.15
worker 1,2026-07-27 13:08:31.384,-0.9,0.17,-0.36,6.16,7.57,-12.15
worker 1,2026-07-27 13:08:31.864,-0.96,0.18,0.02,-31.98,3.54,-15.38
worker 1,2026-07-27 13:08:31.865,-0.96,0.18,0.02,-31.98,3.54,-15.38
worker 1,2026-07-27 13:08:31.865,-1.08,0.35,-0.01,-46.57,-26.49,-14.22
worker 1,2026-07-27 13:08:31.866,-1.08,0.35,-0.01,-46.57,-26.49,-14.22
worker 1,2026-07-27 13:08:31.866,-0.92,0.48,-0.22,-16.91,-50.9,-8.0
worker 1,2026-07-27 13:08:31.867,-0.92,0.48,-0.22,12.39,-49.19,1.65
worker 1,2026-07-27 13:08:31.867,-0.79,0.41,-0.07,12.39,-49.19,1.65
worker 1,2026-07-27 13:08:31.867,-0.85,0.23,0.1,1.22,-25.21,17.03
worker 1,2026-07-27 13:08:31.868,-0.85,0.23,0.1,1.22,-25.21,17.03
worker 1,2026-07-27 13:08:31.868,-1.0,0.09,0.02,-22.89,-14.65,30.09
worker 1,2026-07-27 13:08:31.869,-1.0,0.09,0.02,-22.89,-14.65,30.09
worker 1,2026-07-27 13:08:31.869,-1.04,0.09,-0.04,-13.79,-30.82,19.65
worker 1,2026-07-27 13:08:31.870,-1.04,0.09,-0.04,-13.79,-30.82,19.65
worker 1,2026-07-27 13:08:31.870,-0.98,0.2,-0.0,-3.36,-36.19,-2.32
worker 1,2026-07-27 13:08:31.870,-0.98,0.3,-0.02,-35.58,-17.21,-9.03
worker 1,2026-07-27 13:08:31.871,-0.98,0.3,-0.02,-35.58,-17.21,-9.03
worker 1,2026-07-27 13:08:31.871,-1.0,0.3,-0.02,-60.85,3.97,-2.87
worker 1,2026-07-27 13:08:31.872,-0.97,0.26,0.03,-35.28,17.03,4.58
worker 1,2026-07-27 13:08:31.874,-0.97,0.26,0.03,-35.28,17.03,4.58
worker 1,2026-07-27 13:08:31.875,-0.93,0.22,0.06,3.72,17.88,7.63
worker 1,2026-07-27 13:08:31.875,-0.91,0.2,0.04,16.85,4.94,5.43
worker 1,2026-07-27 13:08:31.877,-0.92,0.21,-0.01,7.69,-16.17,-0.12
worker 1,2026-07-27 13:08:31.877,-0.94,0.24,-0.06,2.99,-37.05,-7.08
worker 1,2026-07-27 13:08:31.878,-0.96,0.25,-0.07,18.19,-48.83,-10.13
worker 1,2026-07-27 13:08:31.879,-0.99,0.24,-0.06,38.39,-45.04,-4.15
worker 1,2026-07-27 13:08:31.924,-1.0,0.21,-0.03,45.04,-28.63,7.14
worker 1,2026-07-27 13:08:31.925,-1.0,0.17,-0.03,33.14,-12.94,14.59
worker 1,2026-07-27 13:08:32.163,-1.0,0.17,-0.03,33.14,-12.94,14.59
worker 1,2026-07-27 13:08:32.164,-1.02,0.13,-0.06,13.12,-8.48,14.53
worker 1,2026-07-27 13:08:32.179,-1.02,0.13,-0.06,13.12,-8.48,14.53
worker 1,2026-07-27 13:08:32.179,-1.08,0.11,-0.09,-4.09,-12.21,9.4
worker 1,2026-07-27 13:08:32.180,-1.08,0.11,-0.09,-4.09,-12.21,9.4
worker 1,2026-07-27 13:08:32.180,-1.1,0.12,-0.07,-17.4,-13.31,2.69
worker 1,2026-07-27 13:08:32.181,-1.02,0.15,-0.04,-33.63,-3.48,-1.59
worker 1,2026-07-27 13:08:32.181,-0.91,0.24,-0.03,-50.11,11.29,-6.23
worker 1,2026-07-27 13:08:32.182,-0.86,0.39,-0.09,-44.25,18.62,-15.01
worker 1,2026-07-27 13:08:32.284,-0.86,0.39,-0.09,-44.25,18.62,-15.01
worker 1,2026-07-27 13:08:32.285,-0.91,0.48,-0.15,-11.96,39.12,-13.85
worker 1,2026-07-27 13:08:32.286,-0.91,0.48,-0.15,-11.96,39.12,-13.85
worker 1,2026-07-27 13:08:32.286,-1.06,0.42,-0.08,26.98,89.17,1.77
worker 1,2026-07-27 13:08:32.286,-1.06,0.42,-0.08,50.6,127.08,12.02
worker 1,2026-07-27 13:08:32.530,-1.14,0.31,0.08,50.6,127.08,12.02
worker 1,2026-07-27 13:08:32.530,-1.04,0.24,0.14,49.07,111.33,8.24
worker 1,2026-07-27 13:08:32.584,-1.04,0.24,0.14,49.07,111.33,8.24
worker 1,2026-07-27 13:08:32.584,-0.87,0.19,0.0,32.9,56.46,-3.66
worker 1,2026-07-27 13:08:32.585,-0.87,0.19,0.0,32.9,56.46,-3.66
worker 1,2026-07-27 13:08:32.585,-0.78,0.2,-0.12,3.3,16.78,-14.71
worker 1,2026-07-27 13:08:32.586,-0.78,0.2,-0.12,3.3,16.78,-14.71
worker 1,2026-07-27 13:08:32.586,-0.74,0.27,-0.1,-46.63,14.34,-17.03
worker 1,2026-07-27 13:08:32.586,-0.72,0.38,-0.03,-78.74,18.31,-13.85
worker 1,2026-07-27 13:08:32.602,-0.72,0.38,-0.03,-78.74,18.31,-13.85
worker 1,2026-07-27 13:08:32.603,-0.77,0.44,-0.05,-56.15,6.71,-7.14
worker 1,2026-07-27 13:08:32.956,-0.91,0.39,-0.21,5.13,-16.42,2.99
worker 1,2026-07-27 13:08:32.956,-1.05,0.28,-0.49,58.65,-33.75,10.62
worker 1,2026-07-27 13:08:32.956,-1.09,0.21,-0.64,66.41,-23.32,11.41
worker 1,2026-07-27 13:08:32.957,-1.09,0.21,-0.64,66.41,-23.32,11.41
worker 1,2026-07-27 13:08:32.957,-0.97,0.18,-0.48,27.53,8.42,6.65
worker 1,2026-07-27 13:08:32.958,-0.97,0.18,-0.48,27.53,8.42,6.65
worker 1,2026-07-27 13:08:32.958,-0.9,0.15,-0.16,-32.96,26.12,0.12
worker 1,2026-07-27 13:08:33.005,-0.9,0.15,-0.16,-32.96,26.12,0.12
worker 1,2026-07-27 13:08:33.006,-0.97,0.24,0.08,-64.58,11.84,-8.97
worker 1,2026-07-27 13:08:33.066,-0.97,0.24,0.08,-46.33,-22.28,-20.45
worker 1,2026-07-27 13:08:33.067,-1.0,0.45,-0.02,-46.33,-22.28,-20.45
worker 1,2026-07-27 13:08:33.067,-0.91,0.54,-0.2,-1.53,-53.41,-24.05
worker 1,2026-07-27 13:08:33.067,-0.82,0.41,-0.07,35.83,-56.21,-12.82
worker 1,2026-07-27 13:08:33.068,-0.82,0.41,-0.07,35.83,-56.21,-12.82
worker 1,2026-07-27 13:08:33.070,-0.85,0.24,0.06,38.51,-35.1,7.02
worker 1,2026-07-27 13:08:33.071,-0.85,0.24,0.06,38.51,-35.1,7.02
worker 1,2026-07-27 13:08:33.071,-0.98,0.14,-0.02,28.02,-28.14,19.29
worker 1,2026-07-27 13:08:33.244,-1.04,0.14,-0.09,43.21,-45.53,11.72
worker 1,2026-07-27 13:08:33.663,-1.04,0.14,-0.09,43.21,-45.53,11.72
worker 1,2026-07-27 13:08:33.664,-0.99,0.18,-0.04,55.6,-52.0,-2.56
worker 1,2026-07-27 13:08:34.083,-0.99,0.18,-0.04,55.6,-52.0,-2.56
worker 1,2026-07-27 13:08:34.325,-0.95,0.21,-0.02,27.04,-36.01,-6.41
worker 1,2026-07-27 13:08:34.444,-0.95,0.21,-0.02,27.04,-36.01,-6.41
worker 1,2026-07-27 13:08:34.444,-0.95,0.24,-0.04,-12.63,-17.82,-2.81
worker 1,2026-07-27 13:08:34.444,-0.98,0.25,-0.04,-29.42,-5.55,0.79
worker 1,2026-07-27 13:08:34.445,-0.98,0.25,-0.04,-29.42,-5.55,0.79
worker 1,2026-07-27 13:08:34.445,-1.0,0.25,-0.03,-23.07,0.43,1.46
worker 1,2026-07-27 13:08:34.446,-0.99,0.25,0.0,2.44,1.65,0.85
worker 1,2026-07-27 13:08:34.447,-0.99,0.25,0.0,2.44,1.65,0.85
worker 1,2026-07-27 13:08:34.447,-0.97,0.22,0.04,29.24,2.5,3.78
worker 1,2026-07-27 13:08:34.448,-0.94,0.19,0.06,32.23,3.6,8.73
worker 1,2026-07-27 13:08:34.449,-0.93,0.19,0.04,18.55,0.06,8.79
worker 1,2026-07-27 13:08:34.451,-0.94,0.23,0.01,11.35,-13.31,2.08
worker 1,2026-07-27 13:08:34.452,-0.94,0.23,0.01,11.35,-13.31,2.08
worker 1,2026-07-27 13:08:34.452,-0.95,0.26,-0.03,22.28,-33.08,-6.47
worker 1,2026-07-27 13:08:34.453,-0.97,0.25,-0.04,43.7,-42.85,-7.57
worker 1,2026-07-27 13:08:34.454,-0.99,0.22,-0.01,54.57,-30.76,2.32
worker 1,2026-07-27 13:08:34.456,-0.99,0.2,0.0,42.6,-8.91,13.49
worker 1,2026-07-27 13:08:34.456,-0.98,0.23,-0.01,22.09,2.62,15.38
worker 1,2026-07-27 13:08:34.457,-0.98,0.23,-0.01,22.09,2.62,15.38
worker 1,2026-07-27 13:08:34.457,-0.97,0.26,-0.03,18.49,-1.53,9.7
worker 1,2026-07-27 13:08:34.457,-0.98,0.25,-0.05,34.85,-13.49,5.19
worker 1,2026-07-27 13:08:34.458,-0.98,0.25,-0.05,34.85,-13.49,5.19
worker 1,2026-07-27 13:08:34.458,-1.03,0.21,-0.04,46.39,-16.11,8.85
worker 1,2026-07-27 13:08:34.458,-1.03,0.21,-0.04,32.47,0.37,16.78
worker 1,2026-07-27 13:08:34.459,-1.02,0.22,0.01,32.47,0.37,16.78
worker 1,2026-07-27 13:08:34.464,-0.95,0.28,0.04,2.87,16.3,17.09
worker 1,2026-07-27 13:08:34.465,-0.9,0.35,0.01,-5.62,11.35,7.69
worker 1,2026-07-27 13:08:34.466,-0.9,0.39,-0.07,28.32,-4.39,-4.21
worker 1,2026-07-27 13:08:34.467,-0.92,0.41,-0.16,76.72,0.12,-7.32
worker 1,2026-07-27 13:08:34.468,-0.98,0.4,-0.23,95.58,40.71,7.02
worker 1,2026-07-27 13:08:34.468,-1.02,0.36,-0.25,85.75,83.5,26.55
worker 1,2026-07-27 13:08:34.468,-0.94,0.31,-0.17,58.72,91.13,31.8
worker 1,2026-07-27 13:08:34.469,-0.94,0.31,-0.17,58.72,91.13,31.8
worker 1,2026-07-27 13:08:34.469,-0.81,0.31,-0.07,8.91,66.65,25.51
worker 1,2026-07-27 13:08:34.470,-0.72,0.35,-0.02,-43.52,31.43,17.94
worker 1,2026-07-27 13:08:34.514,-0.7,0.42,-0.03,-68.66,4.03,11.29
worker 1,2026-07-27 13:08:34.564,-0.7,0.42,-0.03,-68.66,4.03,11.29
worker 1,2026-07-27 13:08:34.564,-0.76,0.5,-0.09,-61.52,-11.11,8.12
worker 1,2026-07-27 13:08:34.564,-0.76,0.5,-0.09,-36.38,-22.16,7.87
worker 1,2026-07-27 13:08:34.564,-0.86,0.52,-0.18,-36.38,-22.16,7.87
worker 1,2026-07-27 13:08:34.565,-0.91,0.45,-0.22,-8.73,-34.36,5.68
worker 1,2026-07-27 13:08:34.565,-0.92,0.37,-0.2,6.53,-42.66,1.1
worker 1,2026-07-27 13:08:34.566,-0.92,0.37,-0.2,6.53,-42.66,1.1
worker 1,2026-07-27 13:08:34.567,-0.92,0.36,-0.19,1.34,-43.76,-4.09
worker 1,2026-07-27 13:08:34.568,-0.92,0.36,-0.19,1.34,-43.76,-4.09
worker 1,2026-07-27 13:08:34.568,-0.92,0.41,-0.2,-15.38,-42.72,-9.58
worker 1,2026-07-27 13:08:34.569,-0.92,0.41,-0.2,-15.38,-42.72,-9.58
worker 1,2026-07-27 13:08:34.623,-0.88,0.48,-0.19,-28.69,-40.95,-15.08
worker 1,2026-07-27 13:08:34.626,-0.87,0.49,-0.15,-20.69,-34.42,-19.1
worker 1,2026-07-27 13:08:34.631,-0.91,0.45,-0.09,15.01,-26.86,-22.09
worker 1,2026-07-27 13:08:34.640,-0.91,0.45,-0.09,45.65,-22.77,-24.23
worker 1,2026-07-27 13:08:34.641,-0.94,0.43,-0.04,45.65,-22.77,-24.23
worker 1,2026-07-27 13:08:34.643,-0.96,0.44,-0.03,42.48,-16.11,-21.0
worker 1,2026-07-27 13:08:34.863,-0.96,0.44,-0.03,42.48,-16.11,-21.0
worker 1,2026-07-27 13:08:34.864,-0.95,0.41,0.01,29.42,-6.77,-12.45
worker 1,2026-07-27 13:08:34.865,-0.92,0.37,0.05,30.4,-0.43,-4.7
worker 1,2026-07-27 13:08:34.865,-0.92,0.37,0.05,39.79,1.77,-0.55
worker 1,2026-07-27 13:08:34.866,-0.9,0.36,0.05,39.79,1.77,-0.55
worker 1,2026-07-27 13:08:34.867,-0.87,0.29,0.03,50.66,-4.64,-0.06
worker 1,2026-07-27 13:08:34.868,-0.87,0.29,0.03,50.66,-4.64,-0.06
worker 1,2026-07-27 13:08:34.868,-0.9,0.19,-0.04,36.19,-13.43,4.33
worker 1,2026-07-27 13:08:34.869,-0.9,0.19,-0.04,36.19,-13.43,4.33
worker 1,2026-07-27 13:08:34.869,-0.98,0.22,-0.13,-17.21,-17.94,6.23
worker 1,2026-07-27 13:08:34.927,-0.98,0.22,-0.13,-17.21,-17.94,6.23
worker 1,2026-07-27 13:08:34.927,-1.01,0.33,-0.16,-50.29,-18.13,-5.49
worker 1,2026-07-27 13:08:34.984,-0.99,0.4,-0.09,-17.88,-10.07,-17.27
worker 1,2026-07-27 13:08:34.985,-0.94,0.38,0.01,28.93,-0.55,-16.85
worker 1,2026-07-27 13:08:35.166,-0.94,0.38,0.01,28.93,-0.55,-16.85
worker 1,2026-07-27 13:08:35.166,-0.9,0.31,0.06,38.45,5.49,-5.62
worker 1,2026-07-27 13:08:35.167,-0.9,0.26,0.05,21.73,9.4,6.47
worker 1,2026-07-27 13:08:35.167,-0.93,0.25,0.01,4.88,6.47,8.06
worker 1,2026-07-27 13:08:35.167,-0.95,0.27,-0.03,-0.49,-5.19,-0.61
worker 1,2026-07-27 13:08:35.285,-0.95,0.31,-0.05,0.79,-15.26,-9.64
worker 1,2026-07-27 13:08:35.286,-0.95,0.31,-0.05,0.79,-15.26,-9.64
worker 1,2026-07-27 13:08:35.304,-0.94,0.34,-0.04,6.59,-14.71,-11.54
worker 1,2026-07-27 13:08:35.305,-0.93,0.34,-0.01,16.24,-6.53,-6.1
worker 1,2026-07-27 13:08:35.344,-0.93,0.34,-0.01,16.24,-6.53,-6.1
worker 1,2026-07-27 13:08:35.405,-0.94,0.3,0.01,18.25,0.31,1.89
worker 1,2026-07-27 13:08:35.405,-0.95,0.27,-0.01,13.92,0.18,5.43
worker 1,2026-07-27 13:08:35.406,-0.95,0.27,-0.01,13.92,0.18,5.43
worker 1,2026-07-27 13:08:35.464,-0.94,0.27,-0.02,11.96,-4.21,3.05
worker 1,2026-07-27 13:08:35.585,-0.94,0.29,-0.03,9.46,-6.47,-0.24
worker 1,2026-07-27 13:08:35.587,-0.94,0.29,-0.03,9.46,-6.47,-0.24
worker 1,2026-07-27 13:08:35.588,-0.94,0.31,-0.04,6.77,-5.68,-1.4
worker 1,2026-07-27 13:08:35.589,-0.94,0.31,-0.04,6.84,-3.78,-0.79
worker 1,2026-07-27 13:08:35.589,-0.94,0.31,-0.04,7.51,-1.71,0.61
worker 1,2026-07-27 13:08:35.589,-0.94,0.3,-0.03,7.45,-0.18,1.71
worker 1,2026-07-27 13:08:35.644,-0.94,0.3,-0.03,7.45,-0.18,1.71
worker 1,2026-07-27 13:08:35.769,-0.94,0.29,-0.03,6.96,0.43,1.65
worker 1,2026-07-27 13:08:35.771,-0.94,0.3,-0.03,6.41,0.12,0.67
worker 1,2026-07-27 13:08:36.063,-0.94,0.3,-0.03,6.41,0.12,0.67
worker 1,2026-07-27 13:08:36.063,-0.94,0.3,-0.03,5.49,-0.43,-0.24
worker 1,2026-07-27 13:08:36.064,-0.94,0.3,-0.03,5.49,-0.43,-0.24
worker 1,2026-07-27 13:08:36.064,-0.94,0.31,-0.03,4.58,-0.85,-0.61
worker 1,2026-07-27 13:08:36.065,-0.94,0.31,-0.04,4.39,-0.92,-0.49
worker 1,2026-07-27 13:08:36.066,-0.94,0.31,-0.04,4.64,-0.49,-0.31
worker 1,2026-07-27 13:08:36.066,-0.94,0.31,-0.04,5.74,-0.31,-0.31
worker 1,2026-07-27 13:08:36.067,-0.94,0.31,-0.04,5.74,-0.31,-0.31
worker 1,2026-07-27 13:08:36.068,-0.94,0.31,-0.04,8.36,-0.79,-0.67
worker 1,2026-07-27 13:08:36.069,-0.94,0.31,-0.04,8.36,-0.79,-0.67
worker 1,2026-07-27 13:08:36.069,-0.94,0.31,-0.04,11.29,-1.71,-1.04
worker 1,2026-07-27 13:08:36.070,-0.94,0.31,-0.04,11.29,-1.71,-1.04
worker 1,2026-07-27 13:08:36.071,-0.94,0.29,-0.04,11.29,-2.01,-0.73
worker 1,2026-07-27 13:08:36.071,-0.94,0.29,-0.05,8.0,-1.46,-0.43
worker 1,2026-07-27 13:08:36.088,-0.94,0.29,-0.05,8.0,-1.46,-0.43
worker 1,2026-07-27 13:08:36.090,-0.94,0.3,-0.05,5.31,-0.67,-0.92
worker 1,2026-07-27 13:08:36.124,-0.94,0.3,-0.05,5.31,-0.67,-0.92
worker 1,2026-07-27 13:08:36.124,-0.94,0.31,-0.06,4.88,0.06,-1.4
worker 1,2026-07-27 13:08:36.125,-0.94,0.31,-0.06,4.88,0.06,-1.4
worker 1,2026-07-27 13:08:36.245,-0.95,0.31,-0.05,5.19,0.92,-1.22
worker 1,2026-07-27 13:08:36.245,-0.94,0.31,-0.05,5.92,1.34,-0.92
worker 1,2026-07-27 13:08:36.246,-0.93,0.3,-0.04,6.84,0.85,-0.61
worker 1,2026-07-27 13:08:36.424,-0.93,0.29,-0.04,5.86,0.0,0.12
worker 1,2026-07-27 13:08:36.484,-0.93,0.29,-0.04,5.86,0.0,0.12
worker 1,2026-07-27 13:08:36.965,-0.94,0.28,-0.05,3.48,-0.61,0.73
worker 1,2026-07-27 13:08:37.025,-0.94,0.28,-0.05,3.48,-0.61,0.73
worker 1,2026-07-27 13:08:37.027,-0.94,0.28,-0.06,1.4,-0.43,0.79
worker 1,2026-07-27 13:08:37.027,-0.95,0.28,-0.06,-0.06,0.43,0.37
worker 1,2026-07-27 13:08:37.028,-0.94,0.29,-0.05,-0.37,1.16,-0.49
worker 1,2026-07-27 13:08:37.028,-0.94,0.3,-0.05,0.92,1.53,-1.65
worker 1,2026-07-27 13:08:37.029,-0.94,0.3,-0.05,0.92,1.53,-1.65
worker 1,2026-07-27 13:08:37.029,-0.94,0.31,-0.04,2.87,1.77,-2.2
worker 1,2026-07-27 13:08:37.029,-0.94,0.31,-0.04,3.91,1.53,-1.28
worker 1,2026-07-27 13:08:37.030,-0.94,0.31,-0.04,3.91,1.53,-1.28
worker 1,2026-07-27 13:08:37.030,-0.94,0.3,-0.04,3.6,0.43,0.61
worker 1,2026-07-27 13:08:37.084,-0.94,0.29,-0.04,2.56,-1.77,2.2
worker 1,2026-07-27 13:08:37.085,-0.94,0.29,-0.04,2.56,-1.77,2.2
worker 1,2026-07-27 13:08:37.206,-0.94,0.29,-0.06,1.53,-4.21,2.99
worker 1,2026-07-27 13:08:37.324,-0.94,0.29,-0.06,1.53,-4.21,2.99
worker 1,2026-07-27 13:08:37.324,-0.94,0.29,-0.07,0.98,-5.43,3.23
worker 1,2026-07-27 13:08:37.325,-0.94,0.29,-0.07,0.98,-5.43,3.23
worker 1,2026-07-27 13:08:37.325,-0.94,0.28,-0.08,0.49,-4.46,3.42
worker 1,2026-07-27 13:08:37.326,-0.94,0.28,-0.08,0.49,-4.46,3.42
worker 1,2026-07-27 13:08:37.330,-0.95,0.28,-0.07,-0.49,-2.56,3.54
worker 1,2026-07-27 13:08:37.331,-0.95,0.28,-0.07,-0.49,-2.56,3.54
worker 1,2026-07-27 13:08:37.331,-0.95,0.27,-0.07,-2.26,-1.28,3.17
worker 1,2026-07-27 13:08:37.332,-0.94,0.28,-0.06,-5.07,-1.04,2.38
worker 1,2026-07-27 13:08:37.332,-0.93,0.3,-0.06,-8.54,-1.16,1.95
worker 1,2026-07-27 13:08:37.333,-0.93,0.3,-0.06,-8.54,-1.16,1.95
worker 1,2026-07-27 13:08:37.333,-0.94,0.3,-0.07,-12.45,-0.73,2.2
worker 1,2026-07-27 13:08:37.333,-0.94,0.31,-0.07,-15.87,0.37,2.38
worker 1,2026-07-27 13:08:37.334,-0.94,0.31,-0.07,-15.87,0.37,2.38
worker 1,2026-07-27 13:08:37.334,-0.94,0.31,-0.06,-17.46,1.53,1.95
worker 1,2026-07-27 13:08:37.334,-0.94,0.31,-0.06,-17.94,1.89,1.04
worker 1,2026-07-27 13:08:37.383,-0.94,0.31,-0.04,-17.94,1.89,1.04
worker 1,2026-07-27 13:08:37.384,-0.93,0.32,-0.03,-18.74,1.4,-0.31
worker 1,2026-07-27 13:08:37.384,-0.93,0.33,-0.03,-19.47,0.43,-1.53
worker 1,2026-07-27 13:08:37.386,-0.93,0.33,-0.03,-19.47,0.43,-1.53
worker 1,2026-07-27 13:08:37.386,-0.93,0.33,-0.02,-18.86,-0.37,-1.77
worker 1,2026-07-27 13:08:37.386,-0.93,0.33,-0.02,-16.05,-0.12,-1.53
worker 1,2026-07-27 13:08:37.387,-0.93,0.33,-0.02,-16.05,-0.12,-1.53
worker 1,2026-07-27 13:08:37.388,-0.93,0.33,-0.02,-11.84,0.18,-1.65
worker 1,2026-07-27 13:08:37.388,-0.93,0.33,-0.02,-7.57,-0.12,-1.89
worker 1,2026-07-27 13:08:37.388,-0.93,0.34,-0.01,-7.57,-0.12,-1.89
worker 1,2026-07-27 13:08:37.389,-0.93,0.34,-0.0,-4.21,-0.73,-1.89
worker 1,2026-07-27 13:08:37.390,-0.93,0.34,-0.0,-4.21,-0.73,-1.89
worker 1,2026-07-27 13:08:37.391,-0.93,0.34,0.0,-2.62,-1.22,-1.53
worker 1,2026-07-27 13:08:37.504,-0.93,0.34,0.0,-2.62,-1.22,-1.53
worker 1,2026-07-27 13:08:37.504,-0.93,0.34,0.0,-1.95,-1.4,-1.04
worker 1,2026-07-27 13:08:37.505,-0.93,0.34,0.0,-1.28,-1.28,-0.43
worker 1,2026-07-27 13:08:37.508,-0.93,0.34,0.0,-1.28,-1.28,-0.43
worker 1,2026-07-27 13:08:37.625,-0.93,0.33,-0.0,-0.49,-1.28,0.24
worker 1,2026-07-27 13:08:37.626,-0.93,0.32,-0.0,0.37,-1.4,0.61
worker 1,2026-07-27 13:08:37.626,-0.94,0.32,-0.01,1.53,-1.71,0.43
worker 1,2026-07-27 13:08:37.626,-0.93,0.32,-0.01,3.23,-2.26,-0.06
worker 1,2026-07-27 13:08:37.685,-0.93,0.32,-0.01,3.23,-2.26,-0.06
worker 1,2026-07-27 13:08:37.685,-0.93,0.32,-0.01,4.52,-2.26,0.0
worker 1,2026-07-27 13:08:37.744,-0.93,0.32,-0.0,4.82,-1.83,0.49
worker 1,2026-07-27 13:08:37.744,-0.93,0.32,-0.0,4.52,-1.71,0.61
worker 1,2026-07-27 13:08:37.806,-0.93,0.32,-0.01,4.52,-1.71,0.61
worker 1,2026-07-27 13:08:37.806,-0.94,0.32,-0.01,4.03,-2.2,0.18
worker 1,2026-07-27 13:08:37.925,-0.94,0.32,-0.01,3.54,-2.56,0.0
worker 1,2026-07-27 13:08:37.925,-0.94,0.32,-0.01,3.42,-2.44,0.06
worker 1,2026-07-27 13:08:38.283,-0.94,0.32,-0.01,3.42,-2.44,0.06
worker 1,2026-07-27 13:08:38.284,-0.94,0.32,-0.01,3.85,-2.26,0.06
worker 1,2026-07-27 13:08:38.295,-0.94,0.32,-0.01,3.85,-2.26,0.06
worker 1,2026-07-27 13:08:38.295,-0.93,0.32,-0.01,3.66,-2.01,-0.12
worker 1,2026-07-27 13:08:38.297,-0.93,0.32,-0.01,2.75,-1.71,-0.31
worker 1,2026-07-27 13:08:38.298,-0.93,0.32,-0.01,2.08,-1.34,-0.31
worker 1,2026-07-27 13:08:38.298,-0.93,0.31,-0.01,1.77,-0.98,-0.12
worker 1,2026-07-27 13:08:38.298,-0.93,0.31,-0.01,1.83,-0.85,-0.12
worker 1,2026-07-27 13:08:38.298,-0.94,0.31,-0.01,2.2,-0.92,-0.37
worker 1,2026-07-27 13:08:38.298,-0.94,0.32,-0.0,2.5,-1.1,-0.67
worker 1,2026-07-27 13:08:38.299,-0.94,0.32,-0.0,2.2,-1.22,-0.73
worker 1,2026-07-27 13:08:38.299,-0.93,0.32,-0.0,1.77,-1.16,-0.55
worker 1,2026-07-27 13:08:38.407,-0.93,0.32,-0.0,1.77,-1.16,-0.55
worker 1,2026-07-27 13:08:38.407,-0.94,0.32,-0.0,2.01,-1.28,-0.55
worker 1,2026-07-27 13:08:38.407,-0.93,0.32,-0.0,2.44,-1.71,-0.85
worker 1,2026-07-27 13:08:38.408,-0.93,0.32,-0.01,2.5,-2.08,-0.92
worker 1,2026-07-27 13:08:38.464,-0.93,0.32,-0.01,2.5,-2.08,-0.92
worker 1,2026-07-27 13:08:38.464,-0.93,0.32,-0.01,2.5,-1.95,-0.85
worker 1,2026-07-27 13:08:38.523,-0.93,0.32,-0.0,2.93,-1.59,-0.85
worker 1,2026-07-27 13:08:38.524,-0.93,0.32,-0.0,2.93,-1.59,-0.85
worker 1,2026-07-27 13:08:38.524,-0.93,0.32,-0.0,2.99,-1.22,-0.73
worker 1,2026-07-27 13:08:38.525,-0.93,0.32,-0.0,2.99,-1.22,-0.73
worker 1,2026-07-27 13:08:38.584,-0.94,0.32,-0.0,2.75,-0.98,-0.49
worker 1,2026-07-27 13:08:38.646,-0.94,0.32,-0.0,3.11,-1.04,-0.49
worker 1,2026-07-27 13:08:38.646,-0.93,0.32,-0.0,3.72,-1.4,-0.55
worker 1,2026-07-27 13:08:38.764,-0.93,0.32,-0.0,3.85,-1.53,-0.55
worker 1,2026-07-27 13:08:38.765,-0.93,0.32,-0.0,3.85,-1.53,-0.55
worker 1,2026-07-27 13:08:38.765,-0.93,0.32,-0.0,3.85,-1.59,-0.61
worker 1,2026-07-27 13:08:38.766,-0.93,0.32,-0.0,3.85,-1.59,-0.61
worker 1,2026-07-27 13:08:38.766,-0.93,0.32,-0.0,3.91,-1.65,-0.67
worker 1,2026-07-27 13:08:38.824,-0.93,0.32,-0.0,3.91,-1.65,-0.67
worker 1,2026-07-27 13:08:38.824,-0.93,0.32,-0.0,3.72,-1.28,-0.55
worker 1,2026-07-27 13:08:38.889,-0.93,0.31,-0.0,3.17,-0.61,-0.24
worker 1,2026-07-27 13:08:38.889,-0.93,0.31,-0.0,2.5,-0.31,-0.24
worker 1,2026-07-27 13:08:39.015,-0.93,0.31,-0.0,2.14,-0.49,-0.49
worker 1,2026-07-27 13:08:39.245,-0.93,0.31,-0.01,1.65,-0.61,-0.67
worker 1,2026-07-27 13:08:39.252,-0.93,0.31,-0.01,1.65,-0.61,-0.67
worker 1,2026-07-27 13:08:39.252,-0.93,0.31,-0.01,1.16,-0.24,-0.61
worker 1,2026-07-27 13:08:39.252,-0.93,0.31,-0.01,0.92,0.18,-0.49
worker 1,2026-07-27 13:08:39.252,-0.93,0.31,-0.01,0.73,0.24,-0.31
worker 1,2026-07-27 13:08:39.252,-0.94,0.31,-0.01,0.06,0.18,0.06
worker 1,2026-07-27 13:08:39.252,-0.94,0.31,-0.01,-0.24,0.24,0.31
worker 1,2026-07-27 13:08:39.253,-0.94,0.31,-0.01,-0.24,0.24,0.31
worker 1,2026-07-27 13:08:39.253,-0.94,0.31,-0.01,0.24,0.18,0.12
worker 1,2026-07-27 13:08:39.483,-0.94,0.31,-0.01,-0.24,0.18,-0.24
worker 1,2026-07-27 13:08:39.484,-0.94,0.31,-0.01,-0.24,0.18,-0.24
worker 1,2026-07-27 13:08:39.484,-0.93,0.31,-0.01,-1.71,0.37,-0.37
worker 1,2026-07-27 13:08:39.485,-0.93,0.31,-0.02,-2.93,0.85,-0.24
worker 1,2026-07-27 13:08:39.486,-0.94,0.31,-0.02,-3.23,1.1,-0.18
worker 1,2026-07-27 13:08:39.487,-0.94,0.31,-0.02,-2.93,1.1,-0.37
worker 1,2026-07-27 13:08:39.488,-0.94,0.31,-0.02,-2.93,1.1,-0.37
worker 1,2026-07-27 13:08:39.490,-0.94,0.31,-0.02,-2.87,1.1,-0.43
worker 1,2026-07-27 13:08:39.491,-0.93,0.32,-0.01,-2.87,1.1,-0.43
worker 1,2026-07-27 13:08:39.604,-0.93,0.32,-0.01,-2.87,1.1,-0.43
worker 1,2026-07-27 13:08:39.725,-0.93,0.31,-0.01,-2.62,0.98,-0.31
worker 1,2026-07-27 13:08:39.726,-0.93,0.31,-0.02,-2.32,0.67,-0.24
worker 1,2026-07-27 13:08:39.727,-0.94,0.32,-0.02,-2.08,0.31,-0.31
worker 1,2026-07-27 13:08:39.727,-0.94,0.32,-0.02,-1.28,0.06,-0.43
worker 1,2026-07-27 13:08:39.728,-0.93,0.32,-0.02,-0.24,0.0,-0.31
worker 1,2026-07-27 13:08:39.730,-0.93,0.32,-0.02,-0.24,0.0,-0.31
worker 1,2026-07-27 13:08:39.730,-0.93,0.32,-0.01,0.37,0.0,-0.18
worker 1,2026-07-27 13:08:39.852,-0.93,0.32,-0.01,0.37,0.0,-0.18
worker 1,2026-07-27 13:08:39.852,-0.93,0.31,-0.02,0.49,0.0,-0.18
worker 1,2026-07-27 13:08:39.852,-0.94,0.32,-0.02,0.37,-0.06,-0.43
worker 1,2026-07-27 13:08:39.853,-0.94,0.32,-0.02,0.37,-0.06,-0.43
worker 1,2026-07-27 13:08:39.853,-0.93,0.32,-0.01,0.73,-0.12,-0.55
worker 1,2026-07-27 13:08:39.854,-0.93,0.32,-0.01,0.73,-0.12,-0.55
worker 1,2026-07-27 13:08:40.085,-0.93,0.31,-0.01,0.79,-0.12,-0.37
worker 1,2026-07-27 13:08:40.086,-0.93,0.31,-0.01,0.79,-0.12,-0.37
worker 1,2026-07-27 13:08:40.086,-0.93,0.31,-0.02,0.61,-0.31,-0.24
worker 1,2026-07-27 13:08:40.087,-0.94,0.31,-0.02,0.98,-0.49,-0.43
worker 1,2026-07-27 13:08:40.144,-0.94,0.31,-0.02,0.98,-0.49,-0.43
worker 1,2026-07-27 13:08:40.144,-0.94,0.32,-0.02,1.1,-0.43,-0.55
worker 1,2026-07-27 13:08:40.385,-0.93,0.31,-0.02,1.04,-0.31,-0.49
worker 1,2026-07-27 13:08:40.386,-0.93,0.31,-0.02,1.22,-0.31,-0.37
worker 1,2026-07-27 13:08:40.387,-0.93,0.31,-0.02,1.1,-0.37,-0.49
worker 1,2026-07-27 13:08:40.387,-0.94,0.31,-0.02,0.31,-0.31,-0.55
worker 1,2026-07-27 13:08:40.388,-0.94,0.31,-0.02,-0.31,-0.31,-0.55
worker 1,2026-07-27 13:08:40.388,-0.94,0.31,-0.02,-0.24,-0.37,-0.49
worker 1,2026-07-27 13:08:40.389,-0.94,0.31,-0.02,-0.24,-0.49,-0.49
worker 1,2026-07-27 13:08:40.391,-0.94,0.31,-0.02,-0.24,-0.49,-0.49
worker 1,2026-07-27 13:08:40.391,-0.93,0.31,-0.02,-0.79,-0.49,-0.43
worker 1,2026-07-27 13:08:40.392,-0.94,0.31,-0.02,-1.16,-0.49,-0.43
worker 1,2026-07-27 13:08:40.443,-0.94,0.31,-0.02,-1.16,-0.49,-0.43
worker 1,2026-07-27 13:08:40.444,-0.94,0.31,-0.02,-1.28,-0.49,-0.43
worker 1,2026-07-27 13:08:40.445,-0.94,0.31,-0.02,-1.28,-0.49,-0.43
worker 1,2026-07-27 13:08:40.445,-0.94,0.31,-0.02,-1.4,-0.43,-0.49
worker 1,2026-07-27 13:08:40.504,-0.94,0.31,-0.02,-1.4,-0.43,-0.49
worker 1,2026-07-27 13:08:40.505,-0.94,0.31,-0.02,-1.46,-0.31,-0.43
worker 1,2026-07-27 13:08:40.564,-0.94,0.31,-0.01,-1.04,-0.31,-0.49
worker 1,2026-07-27 13:08:40.565,-0.94,0.31,-0.01,-1.04,-0.31,-0.49
worker 1,2026-07-27 13:08:40.565,-0.94,0.31,-0.01,-0.49,-0.37,-0.49
worker 1,2026-07-27 13:08:40.685,-0.94,0.31,-0.01,-0.49,-0.37,-0.49
worker 1,2026-07-27 13:08:40.685,-0.94,0.31,-0.01,-0.24,-0.43,-0.55
worker 1,2026-07-27 13:08:40.686,-0.94,0.31,-0.01,-0.06,-0.43,-0.55
worker 1,2026-07-27 13:08:40.686,-0.94,0.31,-0.01,0.18,-0.55,-0.37
worker 1,2026-07-27 13:08:40.687,-0.94,0.31,-0.01,0.18,-0.55,-0.37
worker 1,2026-07-27 13:08:40.744,-0.94,0.31,-0.01,0.0,-0.61,-0.12
worker 1,2026-07-27 13:08:40.746,-0.94,0.31,-0.01,0.0,-0.61,-0.12
worker 1,2026-07-27 13:08:40.804,-0.94,0.31,-0.01,0.0,-0.61,-0.18
worker 1,2026-07-27 13:08:40.805,-0.94,0.31,-0.01,0.0,-0.61,-0.18
worker 1,2026-07-27 13:08:40.925,-0.94,0.31,-0.01,0.06,-0.49,-0.37
worker 1,2026-07-27 13:08:40.928,-0.94,0.31,-0.01,0.06,-0.49,-0.37
worker 1,2026-07-27 13:08:40.929,-0.94,0.31,-0.01,-0.43,-0.12,-0.24
worker 1,2026-07-27 13:08:40.930,-0.94,0.31,-0.01,-0.79,0.06,-0.06
worker 1,2026-07-27 13:08:40.930,-0.94,0.31,-0.01,-0.73,0.06,-0.06
worker 1,2026-07-27 13:08:41.105,-0.94,0.31,-0.01,-0.73,0.06,-0.06
worker 1,2026-07-27 13:08:41.105,-0.94,0.31,-0.01,-0.92,0.0,-0.24
worker 1,2026-07-27 13:08:41.106,-0.94,0.31,-0.01,-1.28,0.06,-0.24
worker 1,2026-07-27 13:08:41.106,-0.94,0.31,-0.01,-1.34,0.12,-0.12
worker 1,2026-07-27 13:08:41.107,-0.94,0.31,-0.01,-1.34,0.12,-0.12
worker 1,2026-07-27 13:08:41.107,-0.94,0.31,-0.01,-1.1,0.12,-0.06
worker 1,2026-07-27 13:08:41.163,-0.94,0.31,-0.01,-0.98,0.0,0.0
worker 1,2026-07-27 13:08:41.163,-0.94,0.31,-0.01,-1.1,-0.12,-0.06
worker 1,2026-07-27 13:08:41.225,-0.94,0.31,-0.01,-1.1,-0.12,-0.06
worker 1,2026-07-27 13:08:41.226,-0.94,0.31,-0.02,-1.16,-0.24,-0.12
worker 1,2026-07-27 13:08:41.463,-0.94,0.31,-0.02,-0.98,-0.12,-0.12
worker 1,2026-07-27 13:08:41.464,-0.94,0.31,-0.02,-0.98,-0.12,-0.12
worker 1,2026-07-27 13:08:41.465,-0.94,0.31,-0.02,-0.85,0.0,-0.12
worker 1,2026-07-27 13:08:41.465,-0.94,0.31,-0.02,-0.73,0.0,-0.06
worker 1,2026-07-27 13:08:41.465,-0.94,0.31,-0.02,-0.37,-0.12,-0.12
worker 1,2026-07-27 13:08:41.466,-0.94,0.31,-0.02,0.24,-0.24,-0.24
worker 1,2026-07-27 13:08:41.467,-0.93,0.31,-0.01,0.24,-0.24,-0.24
worker 1,2026-07-27 13:08:41.467,-0.94,0.31,-0.01,0.49,-0.37,-0.31
worker 1,2026-07-27 13:08:41.468,-0.94,0.31,-0.01,0.49,-0.37,-0.31
worker 1,2026-07-27 13:08:41.527,-0.94,0.31,-0.02,0.43,-0.61,-0.37
worker 1,2026-07-27 13:08:41.528,-0.94,0.31,-0.02,0.43,-0.67,-0.24
worker 1,2026-07-27 13:08:41.584,-0.94,0.31,-0.02,0.43,-0.67,-0.24
worker 1,2026-07-27 13:08:41.584,-0.94,0.31,-0.02,0.49,-0.43,-0.18
worker 1,2026-07-27 13:08:41.646,-0.94,0.31,-0.02,0.92,-0.24,-0.43
worker 1,2026-07-27 13:08:41.646,-0.94,0.31,-0.01,0.98,-0.06,-0.61
worker 1,2026-07-27 13:08:41.824,-0.94,0.31,-0.01,0.98,-0.06,-0.61
worker 1,2026-07-27 13:08:41.825,-0.93,0.31,-0.01,0.37,0.0,-0.55
worker 1,2026-07-27 13:08:42.004,-0.93,0.31,-0.01,0.18,-0.31,-0.49
worker 1,2026-07-27 13:08:42.004,-0.94,0.31,-0.01,0.49,-0.55,-0.49
worker 1,2026-07-27 13:08:42.005,-0.94,0.31,-0.01,0.49,-0.55,-0.49
worker 1,2026-07-27 13:08:42.014,-0.94,0.31,-0.01,0.43,-0.43,-0.49
worker 1,2026-07-27 13:08:42.016,-0.94,0.31,-0.02,0.0,-0.24,-0.43
worker 1,2026-07-27 13:08:42.137,-0.94,0.31,-0.01,-0.24,-0.12,-0.43
worker 1,2026-07-27 13:08:42.307,-0.94,0.31,-0.01,-0.24,-0.12,-0.43
worker 1,2026-07-27 13:08:42.307,-0.94,0.31,-0.01,-0.18,0.0,-0.37
worker 1,2026-07-27 13:08:42.308,-0.94,0.31,-0.01,-0.18,0.0,-0.37
worker 1,2026-07-27 13:08:42.308,-0.94,0.31,-0.01,-0.18,0.12,-0.31
worker 1,2026-07-27 13:08:42.308,-0.94,0.31,-0.01,-0.55,0.12,-0.24
worker 1,2026-07-27 13:08:42.309,-0.94,0.31,-0.01,-1.16,0.24,-0.12
worker 1,2026-07-27 13:08:42.309,-0.94,0.31,-0.01,-1.89,0.43,0.06
worker 1,2026-07-27 13:08:42.309,-0.94,0.31,-0.02,-1.89,0.43,0.06
worker 1,2026-07-27 13:08:42.309,-0.94,0.31,-0.02,-2.38,0.49,0.18
worker 1,2026-07-27 13:08:42.363,-0.94,0.31,-0.02,-2.38,0.49,0.18
worker 1,2026-07-27 13:08:42.425,-0.94,0.31,-0.02,-2.44,0.37,0.18
worker 1,2026-07-27 13:08:42.426,-0.94,0.31,-0.02,-2.69,0.24,0.12
worker 1,2026-07-27 13:08:42.485,-0.94,0.31,-0.02,-2.69,0.24,0.12
worker 1,2026-07-27 13:08:42.783,-0.94,0.31,-0.02,-3.36,0.49,0.24
worker 1,2026-07-27 13:08:42.844,-0.94,0.31,-0.02,-4.27,0.92,0.55
worker 1,2026-07-27 13:08:42.905,-0.94,0.31,-0.02,-5.07,1.16,0.92
worker 1,2026-07-27 13:08:42.906,-0.94,0.3,-0.02,-6.23,1.28,1.28
worker 1,2026-07-27 13:08:42.906,-0.94,0.3,-0.02,-7.14,1.16,1.1
worker 1,2026-07-27 13:08:42.906,-0.94,0.3,-0.02,-6.47,0.61,0.37
worker 1,2026-07-27 13:08:42.907,-0.94,0.3,-0.02,-6.47,0.61,0.37
worker 1,2026-07-27 13:08:42.907,-0.94,0.31,-0.02,-5.68,0.31,-0.18
worker 1,2026-07-27 13:08:42.908,-0.94,0.31,-0.02,-5.68,0.31,-0.18
worker 1,2026-07-27 13:08:42.909,-0.94,0.32,-0.02,-6.04,0.55,-0.18
worker 1,2026-07-27 13:08:42.909,-0.93,0.32,-0.01,-5.92,0.67,0.0
worker 1,2026-07-27 13:08:42.910,-0.93,0.32,-0.01,-5.92,0.67,0.0
worker 1,2026-07-27 13:08:42.910,-0.93,0.32,-0.01,-4.94,0.55,0.0
worker 1,2026-07-27 13:08:42.911,-0.93,0.32,-0.01,-4.76,0.43,-0.06
worker 1,2026-07-27 13:08:42.912,-0.93,0.32,-0.01,-4.94,0.49,0.12
worker 1,2026-07-27 13:08:42.913,-0.93,0.32,-0.01,-4.94,0.49,0.12
worker 1,2026-07-27 13:08:42.913,-0.94,0.32,-0.01,-4.21,0.73,0.79
worker 1,2026-07-27 13:08:42.914,-0.94,0.32,-0.01,-3.17,0.85,1.4
worker 1,2026-07-27 13:08:42.915,-0.94,0.31,-0.01,-2.93,1.1,1.89
worker 1,2026-07-27 13:08:42.964,-0.94,0.31,-0.01,-3.3,1.59,2.5
worker 1,2026-07-27 13:08:42.965,-0.94,0.3,-0.02,-4.39,2.38,3.36
worker 1,2026-07-27 13:08:42.966,-0.94,0.3,-0.02,-5.98,3.48,4.27
worker 1,2026-07-27 13:08:42.967,-0.94,0.3,-0.02,-5.98,3.48,4.27
worker 1,2026-07-27 13:08:42.968,-0.94,0.3,-0.02,-5.98,3.48,4.27
worker 1,2026-07-27 13:08:43.023,-0.94,0.3,-0.02,-5.98,3.48,4.27
worker 1,2026-07-27 13:08:43.024,-0.94,0.29,-0.02,-10.74,6.77,5.55
worker 1,2026-07-27 13:08:43.204,-0.94,0.29,-0.02,-10.74,6.77,5.55
worker 1,2026-07-27 13:08:43.204,-0.94,0.29,-0.03,-13.98,8.61,6.16
worker 1,2026-07-27 13:08:43.206,-0.94,0.29,-0.05,-17.76,11.6,7.26
worker 1,2026-07-27 13:08:43.323,-0.94,0.29,-0.05,-17.76,11.6,7.26
worker 1,2026-07-27 13:08:43.624,-0.95,0.29,-0.07,-22.58,16.42,9.16
worker 1,2026-07-27 13:08:43.683,-0.95,0.29,-0.07,-22.58,16.42,9.16
worker 1,2026-07-27 13:08:43.684,-0.95,0.29,-0.1,-28.93,23.07,11.6
worker 1,2026-07-27 13:08:43.685,-0.96,0.31,-0.14,-35.52,31.49,14.16
worker 1,2026-07-27 13:08:43.685,-0.97,0.33,-0.21,-38.33,42.54,16.78
worker 1,2026-07-27 13:08:43.686,-0.97,0.33,-0.21,-38.33,42.54,16.78
worker 1,2026-07-27 13:08:43.687,-0.98,0.34,-0.28,-38.82,56.95,19.59
worker 1,2026-07-27 13:08:43.687,-0.99,0.32,-0.31,-42.97,72.88,20.51
worker 1,2026-07-27 13:08:43.688,-0.99,0.32,-0.31,-42.97,72.88,20.51
worker 1,2026-07-27 13:08:43.688,-0.99,0.3,-0.29,-51.21,84.17,15.56
worker 1,2026-07-27 13:08:43.804,-0.99,0.3,-0.29,-55.11,85.75,1.83
worker 1,2026-07-27 13:08:43.804,-0.95,0.29,-0.22,-55.11,85.75,1.83
worker 1,2026-07-27 13:08:43.804,-0.87,0.33,-0.11,-43.21,72.63,-20.75
worker 1,2026-07-27 13:08:43.924,-0.87,0.33,-0.11,-43.21,72.63,-20.75
worker 1,2026-07-27 13:08:43.924,-0.79,0.42,-0.04,-18.92,46.51,-43.82
worker 1,2026-07-27 13:08:43.925,-0.77,0.48,-0.09,-4.7,22.71,-53.83
worker 1,2026-07-27 13:08:44.044,-0.8,0.5,-0.2,-7.63,11.35,-47.42
worker 1,2026-07-27 13:08:44.045,-0.83,0.52,-0.31,-19.53,12.88,-30.58
worker 1,2026-07-27 13:08:44.045,-0.83,0.53,-0.35,-31.07,20.69,-11.6
worker 1,2026-07-27 13:08:44.046,-0.83,0.53,-0.35,-31.07,20.69,-11.6
worker 1,2026-07-27 13:08:44.046,-0.82,0.47,-0.31,-22.22,20.26,-0.37
worker 1,2026-07-27 13:08:44.047,-0.79,0.37,-0.25,4.94,7.87,0.43
worker 1,2026-07-27 13:08:44.047,-0.75,0.3,-0.21,26.06,-8.61,-5.55
worker 1,2026-07-27 13:08:44.047,-0.74,0.29,-0.23,30.82,-24.54,-13.12
worker 1,2026-07-27 13:08:44.048,-0.74,0.29,-0.23,30.82,-24.54,-13.12
worker 1,2026-07-27 13:08:44.049,-0.8,0.29,-0.31,22.46,-38.21,-16.42
worker 1,2026-07-27 13:08:44.050,-0.96,0.26,-0.42,11.78,-49.68,-15.5
worker 1,2026-07-27 13:08:44.052,-0.96,0.26,-0.42,11.78,-49.68,-15.5
worker 1,2026-07-27 13:08:44.052,-1.2,0.35,-0.4,10.56,-45.1,-15.69
worker 1,2026-07-27 13:08:44.106,-1.2,0.35,-0.4,10.56,-45.1,-15.69
worker 1,2026-07-27 13:08:44.106,-0.9,0.48,-0.22,-4.94,-23.8,-11.47
worker 1,2026-07-27 13:08:44.107,-0.72,0.46,-0.02,-16.54,-16.97,-0.37
worker 1,2026-07-27 13:08:44.107,-0.79,0.28,0.05,-0.61,-37.48,14.4
worker 1,2026-07-27 13:08:44.108,-0.79,0.28,0.05,-0.61,-37.48,14.4
worker 1,2026-07-27 13:08:44.283,-0.96,0.11,-0.03,50.17,-68.66,24.05
worker 1,2026-07-27 13:08:44.284,-0.96,0.11,-0.03,50.17,-68.66,24.05
worker 1,2026-07-27 13:08:44.284,-1.04,0.07,-0.08,94.3,-76.48,20.14
worker 1,2026-07-27 13:08:44.285,-1.02,0.15,-0.05,70.68,-54.44,7.87
worker 1,2026-07-27 13:08:44.286,-0.99,0.23,-0.03,4.58,-26.12,-0.55
worker 1,2026-07-27 13:08:44.289,-0.99,0.23,-0.03,4.58,-26.12,-0.55
worker 1,2026-07-27 13:08:44.350,-1.0,0.27,0.01,-45.78,1.16,2.26
worker 1,2026-07-27 13:08:44.407,-0.99,0.25,0.05,-62.26,25.33,12.08
worker 1,2026-07-27 13:08:44.408,-0.99,0.25,0.05,-62.26,25.33,12.08
worker 1,2026-07-27 13:08:44.408,-0.95,0.19,0.05,-53.41,31.86,16.24
worker 1,2026-07-27 13:08:44.408,-0.93,0.15,0.02,-43.88,17.52,8.79
worker 1,2026-07-27 13:08:44.463,-0.93,0.15,0.02,-43.88,17.52,8.79
worker 1,2026-07-27 13:08:44.463,-0.92,0.15,-0.01,-39.61,-1.71,-3.97
worker 1,2026-07-27 13:08:44.584,-0.92,0.15,-0.01,-39.61,-1.71,-3.97
worker 1,2026-07-27 13:08:44.584,-0.92,0.2,-0.01,-30.4,-14.59,-14.95
worker 1,2026-07-27 13:08:44.585,-0.91,0.27,0.0,-14.59,-23.5,-20.2
worker 1,2026-07-27 13:08:44.585,-0.92,0.3,0.01,-0.06,-29.6,-17.09
worker 1,2026-07-27 13:08:44.647,-0.92,0.3,0.01,-0.06,-29.6,-17.09
worker 1,2026-07-27 13:08:44.703,-0.95,0.3,-0.0,6.71,-31.37,-6.41
worker 1,2026-07-27 13:08:44.704,-0.95,0.3,-0.0,6.71,-31.37,-6.41
worker 1,2026-07-27 13:08:44.704,-0.99,0.23,-0.04,3.42,-28.75,8.36
worker 1,2026-07-27 13:08:44.705,-0.99,0.23,-0.04,-7.32,-24.78,21.06
worker 1,2026-07-27 13:08:44.705,-1.1,0.15,-0.08,-7.32,-24.78,21.06
worker 1,2026-07-27 13:08:44.823,-1.28,0.14,-0.08,-10.13,-23.44,19.96
worker 1,2026-07-27 13:08:44.824,-1.28,0.14,-0.08,-10.13,-23.44,19.96
worker 1,2026-07-27 13:08:44.824,-1.24,0.24,-0.05,5.68,-25.51,-2.93
worker 1,2026-07-27 13:08:44.825,-0.94,0.44,-0.02,6.16,-21.0,-30.64
worker 1,2026-07-27 13:08:44.944,-0.94,0.44,-0.02,6.16,-21.0,-30.64
worker 1,2026-07-27 13:08:44.944,-0.73,0.6,-0.02,-24.6,15.2,-26.37
worker 1,2026-07-27 13:08:44.945,-0.73,0.6,-0.02,-24.6,15.2,-26.37
worker 1,2026-07-27 13:08:44.945,-0.94,0.38,0.07,45.59,101.99,41.75
worker 1,2026-07-27 13:08:45.004,-1.05,0.24,0.09,77.82,96.62,47.24
worker 1,2026-07-27 13:08:45.005,-1.05,0.24,0.09,77.82,96.62,47.24
worker 1,2026-07-27 13:08:45.124,-0.97,0.27,0.07,56.82,66.1,26.0
worker 1,2026-07-27 13:08:45.125,-0.81,0.37,0.01,34.36,35.34,-5.25
worker 1,2026-07-27 13:08:45.125,-0.72,0.43,-0.06,36.13,19.9,-22.52
worker 1,2026-07-27 13:08:45.363,-0.72,0.43,-0.06,36.13,19.9,-22.52
worker 1,2026-07-27 13:08:45.364,-0.72,0.43,-0.06,36.13,19.9,-22.52
worker 1,2026-07-27 13:08:45.364,-0.84,0.32,-0.2,41.99,18.98,-9.34
worker 1,2026-07-27 13:08:45.364,-0.84,0.32,-0.2,28.2,10.25,-5.68
worker 1,2026-07-27 13:08:45.365,-0.89,0.25,-0.24,28.2,10.25,-5.68
worker 1,2026-07-27 13:08:45.365,-0.89,0.22,-0.27,13.85,-5.55,-12.82
worker 1,2026-07-27 13:08:45.366,-0.9,0.22,-0.36,5.74,-17.15,-21.18
worker 1,2026-07-27 13:08:45.367,-0.93,0.26,-0.48,-4.39,-11.66,-21.61
worker 1,2026-07-27 13:08:45.483,-0.89,0.3,-0.45,-17.7,6.9,-17.27
worker 1,2026-07-27 13:08:45.484,-0.89,0.3,-0.23,-27.83,12.39,-15.99
worker 1,2026-07-27 13:08:45.484,-1.13,0.36,-0.0,-27.65,-12.51,-20.51
worker 1,2026-07-27 13:08:45.485,-1.13,0.36,-0.0,-27.65,-12.51,-20.51
worker 1,2026-07-27 13:08:45.844,-1.17,0.49,-0.06,-4.58,-47.24,-22.28
worker 1,2026-07-27 13:08:45.845,-0.86,0.53,-0.17,20.94,-53.96,-9.64
worker 1,2026-07-27 13:08:45.845,-0.86,0.53,-0.17,23.68,-31.37,11.54
worker 1,2026-07-27 13:08:46.144,-0.7,0.4,0.01,23.68,-31.37,11.54
worker 1,2026-07-27 13:08:46.145,-0.84,0.23,0.16,19.23,-6.29,31.07
worker 1,2026-07-27 13:08:46.146,-0.84,0.23,0.16,19.23,-6.29,31.07
worker 1,2026-07-27 13:08:46.146,-1.03,0.1,0.07,21.48,-8.61,39.98
worker 1,2026-07-27 13:08:46.146,-1.07,0.07,-0.02,38.76,-42.05,27.34
worker 1,2026-07-27 13:08:46.147,-1.01,0.18,-0.02,45.41,-60.61,3.48
worker 1,2026-07-27 13:08:46.147,-1.0,0.29,-0.03,17.46,-49.8,-10.93
worker 1,2026-07-27 13:08:46.148,-0.99,0.27,-0.01,-9.83,-28.38,-7.26
worker 1,2026-07-27 13:08:46.149,-0.95,0.21,0.03,-3.78,-6.53,4.52
worker 1,2026-07-27 13:08:46.150,-0.91,0.18,0.06,23.99,0.0,9.64
worker 1,2026-07-27 13:08:46.151,-0.92,0.17,0.03,39.37,-13.24,6.96
worker 1,2026-07-27 13:08:46.152,-0.95,0.17,-0.03,31.92,-33.33,1.1
worker 1,2026-07-27 13:08:46.153,-0.97,0.2,-0.06,19.35,-43.82,-3.23
worker 1,2026-07-27 13:08:46.154,-0.97,0.23,-0.05,15.87,-38.57,-1.77
worker 1,2026-07-27 13:08:46.155,-0.97,0.23,-0.05,15.87,-38.57,-1.77
worker 1,2026-07-27 13:08:46.158,-0.97,0.23,-0.02,22.77,-24.72,5.0
worker 1,2026-07-27 13:08:46.159,-0.99,0.2,-0.01,28.02,-14.04,13.61
worker 1,2026-07-27 13:08:46.386,-1.01,0.16,-0.03,20.02,-12.02,18.49
worker 1,2026-07-27 13:08:46.505,-1.05,0.15,-0.09,9.95,-19.23,16.11
worker 1,2026-07-27 13:08:46.506,-1.05,0.15,-0.09,9.95,-19.23,16.11
worker 1,2026-07-27 13:08:46.507,-1.16,0.17,-0.12,17.76,-31.25,8.0
worker 1,2026-07-27 13:08:46.508,-1.18,0.25,-0.11,35.16,-31.43,-4.27
worker 1,2026-07-27 13:08:46.508,-1.18,0.25,-0.11,33.33,-14.83,-18.19
worker 1,2026-07-27 13:08:46.509,-1.0,0.37,-0.09,33.33,-14.83,-18.19
worker 1,2026-07-27 13:08:46.509,-0.8,0.48,-0.06,11.6,21.67,-17.33
worker 1,2026-07-27 13:08:46.510,-0.8,0.48,-0.06,11.6,21.67,-17.33
worker 1,2026-07-27 13:08:46.510,-0.79,0.53,-0.03,7.39,75.32,5.74
worker 1,2026-07-27 13:08:46.510,-0.96,0.43,0.03,37.72,108.83,28.69
worker 1,2026-07-27 13:08:46.511,-0.96,0.43,0.03,37.72,108.83,28.69
worker 1,2026-07-27 13:08:46.511,-1.04,0.3,0.08,63.84,97.96,32.1
worker 1,2026-07-27 13:08:46.624,-0.94,0.28,0.05,53.83,60.06,15.75
worker 1,2026-07-27 13:08:46.633,-0.94,0.28,0.05,53.83,60.06,15.75
worker 1,2026-07-27 13:08:46.633,-0.78,0.37,-0.03,35.22,28.44,-7.57
worker 1,2026-07-27 13:08:46.634,-0.78,0.37,-0.03,35.22,28.44,-7.57
worker 1,2026-07-27 13:08:46.684,-0.69,0.43,-0.07,38.33,14.04,-22.52
worker 1,2026-07-27 13:08:46.924,-0.73,0.37,-0.1,50.96,3.66,-23.56
worker 1,2026-07-27 13:08:47.164,-0.73,0.37,-0.1,50.96,3.66,-23.56
worker 1,2026-07-27 13:08:47.165,-0.87,0.21,-0.16,49.5,-10.56,-18.74
worker 1,2026-07-27 13:08:47.165,-0.97,0.12,-0.24,33.02,-24.17,-23.32
worker 1,2026-07-27 13:08:47.166,-0.98,0.15,-0.31,12.39,-27.16,-34.55
worker 1,2026-07-27 13:08:47.166,-0.98,0.16,-0.36,-7.81,-19.59,-37.48
worker 1,2026-07-27 13:08:47.167,-0.99,0.12,-0.39,-25.57,-8.48,-34.97
worker 1,2026-07-27 13:08:47.168,-0.91,0.09,-0.36,-43.95,6.16,-35.16
worker 1,2026-07-27 13:08:47.170,-0.8,0.13,-0.25,-54.32,11.66,-34.24
worker 1,2026-07-27 13:08:47.283,-0.8,0.13,-0.25,-54.32,11.66,-34.24
worker 1,2026-07-27 13:08:47.284,-1.16,0.47,-0.02,-38.02,-37.17,-12.7
worker 1,2026-07-27 13:08:47.285,-1.16,0.47,-0.02,-38.02,-37.17,-12.7
worker 1,2026-07-27 13:08:47.285,-0.86,0.41,-0.1,33.14,-44.37,22.64
worker 1,2026-07-27 13:08:47.286,-0.86,0.41,-0.1,42.3,-23.99,35.28
worker 1,2026-07-27 13:08:47.286,-0.77,0.25,0.08,42.3,-23.99,35.28
worker 1,2026-07-27 13:08:47.290,-0.92,0.16,0.13,33.87,-8.3,45.04
worker 1,2026-07-27 13:08:47.291,-1.03,0.12,0.08,8.73,-4.03,46.57
worker 1,2026-07-27 13:08:47.291,-1.04,0.16,0.03,-19.17,-10.31,34.3
worker 1,2026-07-27 13:08:47.292,-1.04,0.16,0.03,-19.17,-10.31,34.3
worker 1,2026-07-27 13:08:47.404,-1.03,0.26,0.01,-37.41,-16.11,12.94
worker 1,2026-07-27 13:08:47.405,-1.0,0.31,0.01,-32.29,-17.82,-2.93
worker 1,2026-07-27 13:08:47.405,-0.95,0.3,0.04,-6.41,-11.29,-3.54
worker 1,2026-07-27 13:08:47.406,-0.95,0.3,0.04,-6.41,-11.29,-3.54
worker 1,2026-07-27 13:08:47.469,-0.9,0.25,0.05,20.26,-3.48,3.05
worker 1,2026-07-27 13:08:47.643,-0.9,0.25,0.05,20.26,-3.48,3.05
worker 1,2026-07-27 13:08:47.644,-0.9,0.21,0.04,36.44,-6.9,6.23
worker 1,2026-07-27 13:08:47.714,-0.9,0.21,0.04,36.44,-6.9,6.23
worker 1,2026-07-27 13:08:47.715,-0.94,0.19,-0.01,37.48,-22.52,3.42
worker 1,2026-07-27 13:08:47.715,-0.97,0.19,-0.06,31.98,-42.72,-4.09
worker 1,2026-07-27 13:08:47.718,-0.97,0.21,-0.07,39.12,-55.54,-9.83
worker 1,2026-07-27 13:08:47.720,-0.97,0.21,-0.07,39.12,-55.54,-9.83
worker 1,2026-07-27 13:08:47.720,-0.96,0.21,-0.05,50.11,-49.87,-5.98
worker 1,2026-07-27 13:08:47.721,-0.96,0.21,-0.05,50.11,-49.87,-5.98
worker 1,2026-07-27 13:08:47.721,-0.98,0.21,-0.03,48.83,-31.56,4.94
worker 1,2026-07-27 13:08:47.721,-1.0,0.2,-0.05,41.69,-19.29,13.79
worker 1,2026-07-27 13:08:47.766,-1.0,0.2,-0.05,41.69,-19.29,13.79
worker 1,2026-07-27 13:08:47.766,-1.07,0.2,-0.07,36.62,-22.77,14.4
worker 1,2026-07-27 13:08:48.191,-1.19,0.26,-0.1,41.08,-28.93,4.09
worker 1,2026-07-27 13:08:48.192,-1.17,0.38,-0.14,60.91,-26.67,-17.21
worker 1,2026-07-27 13:08:48.192,-0.93,0.49,-0.14,81.24,-13.49,-36.07
worker 1,2026-07-27 13:08:48.193,-0.78,0.48,-0.03,82.64,39.06,-25.51
worker 1,2026-07-27 13:08:48.193,-0.88,0.45,0.1,72.45,107.79,5.74
worker 1,2026-07-27 13:08:48.244,-1.03,0.44,0.14,60.85,128.23,25.09
worker 1,2026-07-27 13:08:48.245,-1.03,0.44,0.14,60.85,128.23,25.09
worker 1,2026-07-27 13:08:48.245,-0.97,0.39,0.09,47.73,94.54,25.27
worker 1,2026-07-27 13:08:48.246,-0.78,0.33,0.01,46.2,45.04,14.28
worker 1,2026-07-27 13:08:48.246,-0.64,0.33,-0.02,62.38,12.21,3.3
worker 1,2026-07-27 13:08:48.247,-0.64,0.33,-0.02,62.38,12.21,3.3
worker 1,2026-07-27 13:08:48.247,-0.62,0.33,-0.05,72.75,-7.32,1.22
worker 1,2026-07-27 13:08:48.248,-0.75,0.33,-0.1,60.49,-28.26,5.19
worker 1,2026-07-27 13:08:48.249,-0.75,0.33,-0.1,60.49,-28.26,5.19
worker 1,2026-07-27 13:08:48.364,-1.09,0.29,-0.38,49.32,-74.89,-6.35
worker 1,2026-07-27 13:08:48.364,-1.09,0.29,-0.38,62.44,-72.02,-11.54
worker 1,2026-07-27 13:08:48.365,-1.09,0.29,-0.42,62.44,-72.02,-11.54
worker 1,2026-07-27 13:08:48.365,-1.04,0.28,-0.28,56.58,-45.23,-8.48
worker 1,2026-07-27 13:08:48.424,-0.96,0.31,-0.11,31.98,-18.07,-5.8
worker 1,2026-07-27 13:08:48.425,-0.96,0.31,-0.11,31.98,-18.07,-5.8
worker 1,2026-07-27 13:08:48.483,-0.86,0.35,-0.01,15.44,-6.1,-6.23
worker 1,2026-07-27 13:08:48.484,-0.87,0.33,0.01,20.2,-14.47,-5.74
worker 1,2026-07-27 13:08:48.604,-0.95,0.27,-0.02,39.31,-30.64,-3.6
worker 1,2026-07-27 13:08:48.604,-1.0,0.23,-0.04,55.24,-33.81,-1.59
worker 1,2026-07-27 13:08:48.605,-1.0,0.23,-0.04,55.24,-33.81,-1.59
worker 1,2026-07-27 13:08:48.605,-0.94,0.21,0.01,56.95,-24.54,-2.81
worker 1,2026-07-27 13:08:48.665,-0.92,0.2,0.04,34.73,-8.61,-0.55
worker 1,2026-07-27 13:08:48.666,-0.92,0.2,0.04,34.73,-8.61,-0.55
worker 1,2026-07-27 13:08:48.666,-1.03,0.15,-0.01,-2.2,1.77,8.79
worker 1,2026-07-27 13:08:48.724,-1.03,0.15,-0.01,-2.2,1.77,8.79
worker 1,2026-07-27 13:08:48.724,-1.1,0.12,-0.04,-7.2,-0.67,12.39
worker 1,2026-07-27 13:08:48.725,-1.1,0.12,-0.04,-7.2,-0.67,12.39
worker 1,2026-07-27 13:08:48.785,-1.05,0.18,-0.02,28.93,-9.77,2.93
worker 1,2026-07-27 13:08:48.795,-1.05,0.18,-0.02,28.93,-9.77,2.93
worker 1,2026-07-27 13:08:48.964,-0.94,0.24,0.01,68.42,-21.24,-7.14
worker 1,2026-07-27 13:08:48.964,-0.88,0.24,0.03,94.06,-28.87,-5.31
worker 1,2026-07-27 13:08:48.965,-0.88,0.24,0.03,94.06,-28.87,-5.31
worker 1,2026-07-27 13:08:48.965,-0.92,0.18,0.01,105.1,-26.79,5.19
worker 1,2026-07-27 13:08:48.965,-0.99,0.08,-0.04,104.86,-22.34,13.79
worker 1,2026-07-27 13:08:48.966,-0.99,0.08,-0.04,104.86,-22.34,13.79
worker 1,2026-07-27 13:08:48.966,-1.03,0.03,-0.07,107.06,-23.13,14.04
worker 1,2026-07-27 13:08:49.027,-1.01,0.09,-0.04,108.34,-22.03,6.47
worker 1,2026-07-27 13:08:49.094,-0.98,0.18,0.01,90.52,-12.15,0.12
worker 1,2026-07-27 13:08:49.145,-0.98,0.18,0.01,90.52,-12.15,0.12
worker 1,2026-07-27 13:08:49.145,-0.96,0.18,0.0,58.04,-0.79,3.42
worker 1,2026-07-27 13:08:49.146,-0.96,0.18,0.0,58.04,-0.79,3.42
worker 1,2026-07-27 13:08:49.146,-0.97,0.11,-0.04,35.4,1.83,11.17
worker 1,2026-07-27 13:08:49.147,-0.97,0.11,-0.04,35.4,1.83,11.17
worker 1,2026-07-27 13:08:49.205,-0.98,0.07,-0.05,27.89,-0.31,14.47
worker 1,2026-07-27 13:08:49.205,-0.96,0.12,-0.03,24.29,0.24,11.72
worker 1,2026-07-27 13:08:49.206,-0.96,0.12,-0.03,24.29,0.24,11.72
worker 1,2026-07-27 13:08:49.384,-0.95,0.24,-0.01,21.42,-1.34,3.91
worker 1,2026-07-27 13:08:49.385,-0.95,0.24,-0.01,21.42,-1.34,3.91
worker 1,2026-07-27 13:08:49.385,-0.95,0.31,0.01,16.36,-7.39,-3.54
worker 1,2026-07-27 13:08:49.386,-0.95,0.3,0.02,8.06,-7.69,-1.77
worker 1,2026-07-27 13:08:49.388,-0.95,0.3,0.02,8.06,-7.69,-1.77
worker 1,2026-07-27 13:08:49.388,-0.94,0.28,-0.01,3.66,0.31,6.84
worker 1,2026-07-27 13:08:49.388,-0.94,0.28,-0.01,6.16,2.5,9.95
worker 1,2026-07-27 13:08:49.452,-0.96,0.37,-0.13,6.16,2.5,9.95
worker 1,2026-07-27 13:08:49.452,-0.99,0.49,-0.24,14.71,4.15,10.5
worker 1,2026-07-27 13:08:49.453,-0.99,0.49,-0.24,14.71,4.15,10.5
worker 1,2026-07-27 13:08:49.564,-0.96,0.52,-0.23,23.01,18.92,21.85
worker 1,2026-07-27 13:08:49.565,-0.96,0.52,-0.23,23.01,18.92,21.85
worker 1,2026-07-27 13:08:49.565,-0.91,0.47,-0.18,21.67,37.41,43.95
worker 1,2026-07-27 13:08:49.565,-0.88,0.33,-0.15,10.62,44.13,61.77
worker 1,2026-07-27 13:08:49.628,-0.86,0.22,-0.15,-6.23,36.25,61.46
worker 1,2026-07-27 13:08:49.629,-0.86,0.22,-0.15,-6.23,36.25,61.46
worker 1,2026-07-27 13:08:49.687,-0.82,0.23,-0.16,-19.41,19.04,42.11
worker 1,2026-07-27 13:08:49.688,-0.82,0.31,-0.16,-16.05,-2.87,16.85
worker 1,2026-07-27 13:08:49.803,-0.82,0.31,-0.16,-16.05,-2.87,16.85
worker 1,2026-07-27 13:08:49.804,-0.86,0.35,-0.17,0.0,-20.57,0.92
worker 1,2026-07-27 13:08:49.805,-0.86,0.35,-0.17,13.0,-29.54,-7.63
worker 1,2026-07-27 13:08:49.806,-0.92,0.39,-0.22,13.0,-29.54,-7.63
worker 1,2026-07-27 13:08:49.806,-0.95,0.45,-0.27,15.87,-30.64,-15.2
worker 1,2026-07-27 13:08:49.864,-0.94,0.48,-0.29,13.43,-20.87,-16.42
worker 1,2026-07-27 13:08:49.866,-0.94,0.48,-0.29,13.43,-20.87,-16.42
worker 1,2026-07-27 13:08:50.045,-0.91,0.46,-0.24,8.12,-2.93,-7.39
worker 1,2026-07-27 13:08:50.045,-0.88,0.42,-0.18,-0.61,11.47,5.07
worker 1,2026-07-27 13:08:50.046,-0.88,0.38,-0.13,-5.68,16.11,11.78
worker 1,2026-07-27 13:08:50.046,-0.89,0.36,-0.12,-4.39,13.85,9.89
worker 1,2026-07-27 13:08:50.047,-0.89,0.36,-0.13,-1.04,7.39,2.69
worker 1,2026-07-27 13:08:50.344,-0.88,0.37,-0.14,-0.06,-0.12,-4.39
worker 1,2026-07-27 13:08:50.346,-0.88,0.4,-0.15,-4.03,-4.15,-7.69
worker 1,2026-07-27 13:08:50.347,-0.88,0.4,-0.15,-10.44,-3.6,-7.14
worker 1,2026-07-27 13:08:50.347,-0.89,0.43,-0.16,-10.44,-3.6,-7.14
worker 1,2026-07-27 13:08:50.349,-0.9,0.44,-0.17,-13.67,-0.24,-4.15
worker 1,2026-07-27 13:08:50.350,-0.9,0.44,-0.17,-13.67,-0.24,-4.15
worker 1,2026-07-27 13:08:50.350,-0.91,0.43,-0.17,-12.02,3.85,-0.79
worker 1,2026-07-27 13:08:50.352,-0.91,0.43,-0.17,-12.02,3.85,-0.79
worker 1,2026-07-27 13:08:50.354,-0.9,0.41,-0.16,-7.93,6.59,1.04
worker 1,2026-07-27 13:08:50.354,-0.9,0.4,-0.15,-3.85,6.77,0.61
worker 1,2026-07-27 13:08:50.355,-0.9,0.4,-0.15,-3.85,6.77,0.61
worker 1,2026-07-27 13:08:50.405,-0.89,0.39,-0.14,-1.59,5.0,-0.92
worker 1,2026-07-27 13:08:50.406,-0.88,0.4,-0.13,-2.01,2.5,-2.32
worker 1,2026-07-27 13:08:50.407,-0.88,0.4,-0.13,-2.01,2.5,-2.32
worker 1,2026-07-27 13:08:50.469,-0.88,0.41,-0.14,-3.54,0.18,-2.87
worker 1,2026-07-27 13:08:50.525,-0.89,0.42,-0.14,-4.33,-0.92,-2.2
worker 1,2026-07-27 13:08:50.526,-0.89,0.41,-0.15,-4.39,-0.37,-0.73
worker 1,2026-07-27 13:08:50.644,-0.89,0.41,-0.15,-4.39,-0.37,-0.73
worker 1,2026-07-27 13:08:50.644,-0.9,0.4,-0.16,-3.91,0.98,0.79
worker 1,2026-07-27 13:08:50.645,-0.9,0.4,-0.16,-3.23,2.08,1.34
worker 1,2026-07-27 13:08:50.645,-0.9,0.39,-0.16,-3.23,2.08,1.34
worker 1,2026-07-27 13:08:50.946,-0.9,0.39,-0.16,-3.05,2.2,0.79
worker 1,2026-07-27 13:08:50.947,-0.9,0.39,-0.16,-3.05,2.2,0.79
worker 1,2026-07-27 13:08:51.124,-0.9,0.4,-0.16,-3.36,1.53,-0.12
worker 1,2026-07-27 13:08:51.125,-0.89,0.4,-0.16,-3.72,0.61,-0.79
worker 1,2026-07-27 13:08:51.125,-0.89,0.4,-0.16,-3.78,0.12,-0.98
worker 1,2026-07-27 13:08:51.125,-0.89,0.4,-0.16,-3.36,0.18,-0.79
worker 1,2026-07-27 13:08:51.126,-0.89,0.4,-0.16,-3.36,0.18,-0.79
worker 1,2026-07-27 13:08:51.126,-0.89,0.4,-0.16,-2.5,0.49,-0.73
worker 1,2026-07-27 13:08:51.127,-0.89,0.4,-0.16,-2.5,0.49,-0.73
worker 1,2026-07-27 13:08:51.127,-0.89,0.4,-0.16,-1.71,0.79,-0.85
worker 1,2026-07-27 13:08:51.128,-0.89,0.4,-0.15,-1.22,1.04,-1.04
worker 1,2026-07-27 13:08:51.129,-0.89,0.4,-0.15,-0.79,1.16,-0.98
worker 1,2026-07-27 13:08:51.130,-0.89,0.4,-0.15,-0.55,0.85,-0.79
worker 1,2026-07-27 13:08:51.186,-0.89,0.4,-0.15,-0.79,0.37,-0.67
worker 1,2026-07-27 13:08:51.187,-0.9,0.4,-0.15,-1.04,-0.06,-0.61
worker 1,2026-07-27 13:08:51.187,-0.89,0.4,-0.15,-1.1,-0.24,-0.49
worker 1,2026-07-27 13:08:51.188,-0.89,0.4,-0.15,-1.1,-0.24,-0.49
worker 1,2026-07-27 13:08:51.188,-0.89,0.39,-0.16,-1.04,-0.18,-0.37
worker 1,2026-07-27 13:08:51.244,-0.89,0.39,-0.16,-1.04,-0.12,-0.55
worker 1,2026-07-27 13:08:51.245,-0.89,0.39,-0.15,-0.79,0.06,-0.73
worker 1,2026-07-27 13:08:51.307,-0.89,0.39,-0.15,-0.79,0.06,-0.73
worker 1,2026-07-27 13:08:51.307,-0.89,0.4,-0.15,-0.55,0.31,-0.67
worker 1,2026-07-27 13:08:51.308,-0.89,0.4,-0.15,-0.55,0.31,-0.67
worker 1,2026-07-27 13:08:51.664,-0.89,0.4,-0.15,-0.73,0.31,-0.55
worker 1,2026-07-27 13:08:51.665,-0.89,0.4,-0.15,-0.73,0.31,-0.55
worker 1,2026-07-27 13:08:51.665,-0.9,0.4,-0.15,-1.22,0.12,-0.43
worker 1,2026-07-27 13:08:51.666,-0.9,0.4,-0.15,-1.22,0.12,-0.43
worker 1,2026-07-27 13:08:51.666,-0.9,0.4,-0.15,-1.4,-0.12,-0.43
worker 1,2026-07-27 13:08:51.666,-0.9,0.4,-0.15,-1.28,-0.37,-0.43
worker 1,2026-07-27 13:08:51.666,-0.89,0.4,-0.16,-1.28,-0.37,-0.43
worker 1,2026-07-27 13:08:51.666,-0.9,0.4,-0.16,-1.04,-0.55,-0.43
worker 1,2026-07-27 13:08:51.667,-0.9,0.4,-0.16,-1.04,-0.55,-0.43
worker 1,2026-07-27 13:08:51.667,-0.9,0.4,-0.16,-0.67,-0.55,-0.49
worker 1,2026-07-27 13:08:51.670,-0.9,0.4,-0.16,-0.67,-0.55,-0.49
worker 1,2026-07-27 13:08:51.671,-0.89,0.4,-0.16,-0.18,-0.37,-0.61
worker 1,2026-07-27 13:08:51.672,-0.89,0.39,-0.15,0.24,-0.24,-0.61
worker 1,2026-07-27 13:08:51.673,-0.89,0.39,-0.15,0.24,-0.24,-0.61
worker 1,2026-07-27 13:08:51.674,-0.9,0.39,-0.15,0.24,-0.12,-0.61
worker 1,2026-07-27 13:08:51.674,-0.9,0.4,-0.15,0.12,0.0,-0.67
worker 1,2026-07-27 13:08:51.783,-0.9,0.4,-0.15,0.12,0.0,-0.67
worker 1,2026-07-27 13:08:51.784,-0.89,0.4,-0.15,0.31,0.06,-0.67
worker 1,2026-07-27 13:08:51.785,-0.89,0.4,-0.15,0.31,0.06,-0.67
worker 1,2026-07-27 13:08:51.785,-0.89,0.4,-0.15,0.49,-0.12,-0.55
worker 1,2026-07-27 13:08:51.845,-0.89,0.4,-0.15,0.31,-0.24,-0.49
worker 1,2026-07-27 13:08:51.845,-0.89,0.4,-0.16,0.18,-0.06,-0.49
worker 1,2026-07-27 13:08:51.905,-0.9,0.4,-0.16,0.06,0.24,-0.49
worker 1,2026-07-27 13:08:51.906,-0.9,0.4,-0.16,0.06,0.24,-0.49
worker 1,2026-07-27 13:08:51.964,-0.9,0.4,-0.16,0.0,0.49,-0.55
worker 1,2026-07-27 13:08:51.971,-0.89,0.4,-0.16,-0.06,0.55,-0.61
worker 1,2026-07-27 13:08:52.144,-0.89,0.4,-0.16,-0.06,0.55,-0.61
worker 1,2026-07-27 13:08:52.144,-0.89,0.39,-0.16,-0.18,0.61,-0.61
worker 1,2026-07-27 13:08:52.145,-0.89,0.39,-0.16,-0.18,0.61,-0.61
worker 1,2026-07-27 13:08:52.145,-0.89,0.39,-0.16,-0.43,0.61,-0.61
worker 1,2026-07-27 13:08:52.146,-0.89,0.39,-0.16,-0.43,0.61,-0.61
worker 1,2026-07-27 13:08:52.146,-0.89,0.39,-0.16,-0.73,0.67,-0.67
worker 1,2026-07-27 13:08:52.146,-0.89,0.39,-0.16,-0.85,0.92,-0.67
worker 1,2026-07-27 13:08:52.204,-0.89,0.39,-0.16,-0.79,1.34,-0.55
worker 1,2026-07-27 13:08:52.211,-0.89,0.39,-0.16,-0.79,1.34,-0.55
worker 1,2026-07-27 13:08:52.263,-0.89,0.39,-0.16,-0.85,1.46,-0.61
worker 1,2026-07-27 13:08:52.328,-0.89,0.39,-0.16,-0.85,1.46,-0.61
worker 1,2026-07-27 13:08:52.383,-0.89,0.39,-0.16,-1.04,1.46,-0.73
worker 1,2026-07-27 13:08:52.384,-0.89,0.39,-0.16,-1.4,1.46,-0.79
worker 1,2026-07-27 13:08:52.385,-0.89,0.39,-0.16,-1.4,1.46,-0.79
worker 1,2026-07-27 13:08:52.386,-0.89,0.39,-0.17,-1.83,1.71,-0.73
worker 1,2026-07-27 13:08:52.504,-0.89,0.39,-0.17,-1.83,1.71,-0.73
worker 1,2026-07-27 13:08:52.504,-0.89,0.39,-0.17,-1.83,1.95,-0.67
worker 1,2026-07-27 13:08:52.505,-0.89,0.39,-0.17,-1.89,2.14,-0.61
worker 1,2026-07-27 13:08:52.505,-0.9,0.39,-0.17,-2.2,2.38,-0.61
worker 1,2026-07-27 13:08:52.574,-0.9,0.39,-0.17,-2.56,2.38,-0.61
worker 1,2026-07-27 13:08:52.575,-0.9,0.39,-0.17,-2.56,2.38,-0.61
worker 1,2026-07-27 13:08:52.575,-0.89,0.39,-0.17,-3.05,1.95,-0.61
worker 1,2026-07-27 13:08:52.624,-0.89,0.39,-0.17,-3.05,1.95,-0.61
worker 1,2026-07-27 13:08:52.625,-0.89,0.39,-0.17,-3.54,1.16,-0.73
worker 1,2026-07-27 13:08:52.691,-0.89,0.39,-0.17,-3.3,0.79,-0.79
worker 1,2026-07-27 13:08:52.924,-0.89,0.39,-0.17,-2.62,0.92,-0.67
worker 1,2026-07-27 13:08:52.925,-0.89,0.39,-0.17,-2.62,0.92,-0.67
worker 1,2026-07-27 13:08:52.985,-0.89,0.39,-0.17,-1.95,1.16,-0.61
worker 1,2026-07-27 13:08:53.163,-0.89,0.39,-0.17,-1.95,1.16,-0.61
worker 1,2026-07-27 13:08:53.164,-0.89,0.39,-0.17,-1.4,1.16,-0.61
worker 1,2026-07-27 13:08:53.165,-0.89,0.39,-0.17,-0.98,1.28,-0.61
worker 1,2026-07-27 13:08:53.166,-0.89,0.39,-0.17,-0.67,1.28,-0.55
worker 1,2026-07-27 13:08:53.234,-0.89,0.39,-0.17,-0.67,1.22,-0.37
worker 1,2026-07-27 13:08:53.235,-0.89,0.39,-0.17,-0.79,1.34,-0.24
worker 1,2026-07-27 13:08:53.235,-0.89,0.39,-0.18,-1.1,1.71,-0.12
worker 1,2026-07-27 13:08:53.236,-0.89,0.39,-0.18,-1.1,1.71,-0.12
worker 1,2026-07-27 13:08:53.236,-0.89,0.38,-0.18,-1.71,2.14,0.06
worker 1,2026-07-27 13:08:53.236,-0.89,0.38,-0.18,-2.75,2.32,0.18
worker 1,2026-07-27 13:08:53.237,-0.89,0.38,-0.18,-2.75,2.32,0.18
worker 1,2026-07-27 13:08:53.237,-0.89,0.39,-0.18,-4.09,2.01,0.18
worker 1,2026-07-27 13:08:53.238,-0.89,0.39,-0.18,-4.09,2.01,0.18
worker 1,2026-07-27 13:08:53.238,-0.89,0.39,-0.18,-5.25,1.46,0.0
worker 1,2026-07-27 13:08:53.240,-0.89,0.4,-0.18,-5.8,0.85,-0.24
worker 1,2026-07-27 13:08:53.241,-0.89,0.4,-0.18,-5.74,0.31,-0.31
worker 1,2026-07-27 13:08:53.403,-0.89,0.4,-0.18,-5.13,-0.18,-0.12
worker 1,2026-07-27 13:08:53.404,-0.89,0.4,-0.18,-4.03,-0.61,0.06
worker 1,2026-07-27 13:08:53.405,-0.89,0.41,-0.18,-2.56,-0.85,0.06
worker 1,2026-07-27 13:08:53.405,-0.89,0.41,-0.18,-0.73,-0.98,-0.06
worker 1,2026-07-27 13:08:53.406,-0.89,0.41,-0.18,-0.73,-0.98,-0.06
worker 1,2026-07-27 13:08:53.409,-0.89,0.41,-0.17,1.22,-1.22,-0.06
worker 1,2026-07-27 13:08:53.523,-0.89,0.41,-0.17,1.22,-1.22,-0.06
worker 1,2026-07-27 13:08:53.524,-0.89,0.4,-0.17,2.75,-1.77,0.0
worker 1,2026-07-27 13:08:53.524,-0.89,0.4,-0.17,3.85,-2.2,0.0
worker 1,2026-07-27 13:08:53.524,-0.89,0.4,-0.18,4.94,-2.2,0.12
worker 1,2026-07-27 13:08:53.584,-0.89,0.4,-0.18,4.94,-2.2,0.12
worker 1,2026-07-27 13:08:53.584,-0.89,0.4,-0.18,5.8,-2.08,0.31
worker 1,2026-07-27 13:08:53.585,-0.89,0.4,-0.18,5.8,-2.08,0.31
worker 1,2026-07-27 13:08:53.712,-0.89,0.39,-0.18,5.98,-2.14,0.31
worker 1,2026-07-27 13:08:53.712,-0.89,0.39,-0.18,5.55,-2.2,0.18
worker 1,2026-07-27 13:08:53.713,-0.89,0.39,-0.18,5.55,-2.2,0.18
worker 1,2026-07-27 13:08:53.713,-0.89,0.39,-0.17,4.88,-2.14,0.18
worker 1,2026-07-27 13:08:53.763,-0.89,0.39,-0.17,4.03,-1.95,0.31
worker 1,2026-07-27 13:08:53.764,-0.89,0.39,-0.17,3.05,-1.89,0.31
worker 1,2026-07-27 13:08:53.827,-0.89,0.39,-0.17,3.05,-1.89,0.31
worker 1,2026-07-27 13:08:53.828,-0.9,0.39,-0.17,2.14,-1.95,-0.06
worker 1,2026-07-27 13:08:53.831,-0.9,0.39,-0.17,2.14,-1.95,-0.06
worker 1,2026-07-27 13:08:53.883,-0.9,0.4,-0.17,1.77,-2.32,-0.67
worker 1,2026-07-27 13:08:53.884,-0.9,0.4,-0.17,1.77,-2.32,-0.67
worker 1,2026-07-27 13:08:54.065,-0.89,0.41,-0.17,2.2,-3.17,-1.22
worker 1,2026-07-27 13:08:54.065,-0.89,0.41,-0.17,3.91,-4.39,-1.71
worker 1,2026-07-27 13:08:54.066,-0.89,0.41,-0.17,6.53,-5.13,-1.77
worker 1,2026-07-27 13:08:54.066,-0.89,0.41,-0.16,6.53,-5.13,-1.77
worker 1,2026-07-27 13:08:54.066,-0.89,0.4,-0.16,9.22,-4.88,-1.4
worker 1,2026-07-27 13:08:54.067,-0.9,0.4,-0.16,11.72,-4.52,-0.98
worker 1,2026-07-27 13:08:54.123,-0.9,0.4,-0.15,13.92,-4.52,-0.79
worker 1,2026-07-27 13:08:54.124,-0.9,0.4,-0.15,13.92,-4.52,-0.79
worker 1,2026-07-27 13:08:54.184,-0.9,0.4,-0.15,15.81,-5.19,-0.85
worker 1,2026-07-27 13:08:54.185,-0.9,0.4,-0.15,15.81,-5.19,-0.85
worker 1,2026-07-27 13:08:54.186,-0.91,0.41,-0.15,17.52,-6.65,-1.34
worker 1,2026-07-27 13:08:54.243,-0.93,0.42,-0.16,18.68,-9.03,-2.44
worker 1,2026-07-27 13:08:54.265,-0.93,0.42,-0.16,18.68,-9.03,-2.44
worker 1,2026-07-27 13:08:54.265,-0.92,0.43,-0.17,18.19,-11.9,-3.6
worker 1,2026-07-27 13:08:54.304,-0.92,0.43,-0.17,18.19,-11.9,-3.6
worker 1,2026-07-27 13:08:54.378,-0.89,0.44,-0.18,15.08,-13.12,-2.56
worker 1,2026-07-27 13:08:54.379,-0.89,0.43,-0.21,12.82,-10.31,2.38
worker 1,2026-07-27 13:08:54.424,-0.9,0.37,-0.25,21.55,-5.74,6.41
worker 1,2026-07-27 13:08:54.425,-0.9,0.34,-0.25,40.95,-4.09,3.36
worker 1,2026-07-27 13:08:54.488,-0.9,0.35,-0.23,47.73,-1.22,-2.99
worker 1,2026-07-27 13:08:54.544,-0.89,0.37,-0.21,32.9,6.23,-5.0
worker 1,2026-07-27 13:08:54.603,-0.89,0.37,-0.21,32.9,6.23,-5.0
worker 1,2026-07-27 13:08:54.663,-0.85,0.4,-0.16,9.7,13.49,-2.2
worker 1,2026-07-27 13:08:54.664,-0.85,0.4,-0.16,9.7,13.49,-2.2
worker 1,2026-07-27 13:08:54.664,-0.84,0.38,-0.16,-9.34,8.0,8.91
worker 1,2026-07-27 13:08:54.665,-0.85,0.41,-0.19,-7.26,-3.97,9.34
worker 1,2026-07-27 13:08:54.727,-0.85,0.44,-0.21,-11.66,-10.99,8.73
worker 1,2026-07-27 13:08:54.783,-0.86,0.46,-0.22,-19.1,-12.57,8.67
worker 1,2026-07-27 13:08:54.784,-0.86,0.46,-0.22,-19.1,-12.57,8.67
worker 1,2026-07-27 13:08:54.785,-0.85,0.49,-0.24,-19.9,-11.66,8.3
worker 1,2026-07-27 13:08:54.963,-0.85,0.49,-0.24,-10.5,-9.7,8.91
worker 1,2026-07-27 13:08:54.964,-0.83,0.5,-0.25,-10.5,-9.7,8.91
worker 1,2026-07-27 13:08:54.964,-0.8,0.47,-0.24,2.5,-6.71,10.99
worker 1,2026-07-27 13:08:54.965,-0.79,0.43,-0.23,8.61,-2.75,12.27
worker 1,2026-07-27 13:08:54.966,-0.78,0.42,-0.24,6.47,1.22,9.77
worker 1,2026-07-27 13:08:55.086,-0.79,0.44,-0.26,6.77,0.43,0.67
worker 1,2026-07-27 13:08:55.145,-0.79,0.44,-0.26,14.83,-10.13,-16.97
worker 1,2026-07-27 13:08:55.264,-0.86,0.45,-0.26,14.83,-10.13,-16.97
worker 1,2026-07-27 13:08:55.330,-1.05,0.46,-0.25,28.2,-27.4,-38.33
worker 1,2026-07-27 13:08:55.332,-1.05,0.46,-0.25,28.2,-27.4,-38.33
worker 1,2026-07-27 13:08:55.333,-1.08,0.51,-0.19,34.91,-33.87,-47.0
worker 1,2026-07-27 13:08:55.334,-1.08,0.51,-0.19,34.91,-33.87,-47.0
worker 1,2026-07-27 13:08:55.334,-0.89,0.48,-0.05,26.86,-23.44,-36.74
worker 1,2026-07-27 13:08:55.334,-0.82,0.34,0.04,19.71,-22.16,-23.01
worker 1,2026-07-27 13:08:55.335,-0.87,0.22,0.05,35.34,-36.87,-15.2
worker 1,2026-07-27 13:08:55.335,-0.94,0.16,0.03,58.84,-46.63,-8.67
worker 1,2026-07-27 13:08:55.336,-1.0,0.12,0.01,51.82,-41.81,-2.32
worker 1,2026-07-27 13:08:55.337,-1.0,0.12,0.01,51.82,-41.81,-2.32
worker 1,2026-07-27 13:08:55.565,-1.02,0.13,0.0,27.71,-26.55,-1.28
worker 1,2026-07-27 13:08:55.566,-1.0,0.15,0.01,18.86,-14.53,-5.07
worker 1,2026-07-27 13:08:55.566,-0.98,0.14,0.02,23.56,-11.78,-7.39
worker 1,2026-07-27 13:08:55.567,-0.98,0.11,0.02,34.97,-14.34,-7.87
worker 1,2026-07-27 13:08:55.568,-0.96,0.12,0.02,44.56,-23.5,-11.35
worker 1,2026-07-27 13:08:55.568,-0.94,0.18,0.0,42.11,-35.58,-17.4
worker 1,2026-07-27 13:08:55.568,-0.95,0.23,-0.0,34.36,-39.61,-18.68
worker 1,2026-07-27 13:08:55.863,-0.95,0.23,-0.0,34.36,-39.61,-18.68
worker 1,2026-07-27 13:08:55.864,-0.96,0.23,-0.01,31.56,-31.68,-11.17
worker 1,2026-07-27 13:08:55.865,-0.96,0.23,-0.01,31.56,-31.68,-11.17
worker 1,2026-07-27 13:08:55.866,-0.97,0.18,-0.01,32.78,-20.39,-1.16
worker 1,2026-07-27 13:08:55.866,-0.99,0.16,-0.01,35.46,-16.05,3.23
worker 1,2026-07-27 13:08:56.046,-0.99,0.16,-0.01,33.87,-18.19,3.17
worker 1,2026-07-27 13:08:56.046,-0.99,0.17,-0.03,33.87,-18.19,3.17
worker 1,2026-07-27 13:08:56.047,-0.99,0.19,-0.04,28.26,-20.81,3.66
worker 1,2026-07-27 13:08:56.047,-0.98,0.2,-0.05,27.65,-21.48,5.37
worker 1,2026-07-27 13:08:56.048,-0.98,0.2,-0.05,27.65,-21.48,5.37
worker 1,2026-07-27 13:08:56.048,-0.99,0.18,-0.07,30.4,-20.94,7.63
worker 1,2026-07-27 13:08:56.049,-1.04,0.14,-0.08,29.05,-20.08,9.58
worker 1,2026-07-27 13:08:56.053,-1.12,0.12,-0.06,22.58,-15.32,10.5
worker 1,2026-07-27 13:08:56.054,-1.12,0.12,-0.06,22.58,-15.32,10.5
worker 1,2026-07-27 13:08:56.054,-1.13,0.14,-0.02,12.02,-1.71,8.85
worker 1,2026-07-27 13:08:56.404,-1.13,0.14,-0.02,12.02,-1.71,8.85
worker 1,2026-07-27 13:08:56.404,-0.99,0.23,0.02,-5.43,14.28,1.89
worker 1,2026-07-27 13:08:56.404,-0.85,0.33,0.04,-17.33,24.05,-5.25
worker 1,2026-07-27 13:08:56.405,-0.85,0.33,0.04,-17.33,24.05,-5.25
worker 1,2026-07-27 13:08:56.406,-0.82,0.4,0.03,-10.93,30.94,-2.44
worker 1,2026-07-27 13:08:56.406,-0.89,0.42,0.01,-1.22,42.79,11.41
worker 1,2026-07-27 13:08:56.407,-0.89,0.42,0.01,-1.22,42.79,11.41
worker 1,2026-07-27 13:08:56.408,-1.0,0.38,0.03,7.39,60.67,28.75
worker 1,2026-07-27 13:08:56.409,-1.0,0.38,0.03,7.39,60.67,28.75
worker 1,2026-07-27 13:08:56.409,-1.03,0.3,0.06,14.47,67.26,35.03
worker 1,2026-07-27 13:08:56.409,-0.94,0.28,0.06,16.36,51.27,22.89
worker 1,2026-07-27 13:08:56.409,-0.83,0.34,0.04,13.12,26.92,3.66
worker 1,2026-07-27 13:08:56.412,-0.79,0.43,-0.01,-1.59,14.83,-5.62
worker 1,2026-07-27 13:08:56.413,-0.82,0.48,-0.06,-16.6,18.31,0.43
worker 1,2026-07-27 13:08:56.525,-0.87,0.45,-0.11,-17.46,22.58,11.6
worker 1,2026-07-27 13:08:56.527,-0.87,0.45,-0.11,-17.46,22.58,11.6
worker 1,2026-07-27 13:08:56.528,-0.91,0.4,-0.2,-6.16,20.75,17.64
worker 1,2026-07-27 13:08:56.528,-0.92,0.36,-0.28,10.99,17.82,17.03
worker 1,2026-07-27 13:08:56.529,-0.92,0.36,-0.28,10.99,17.82,17.03
worker 1,2026-07-27 13:08:56.588,-0.9,0.33,-0.29,22.64,16.24,11.78
worker 1,2026-07-27 13:08:56.588,-0.87,0.34,-0.27,19.1,15.32,4.33
worker 1,2026-07-27 13:08:56.650,-0.87,0.34,-0.27,19.1,15.32,4.33
worker 1,2026-07-27 13:08:56.650,-0.83,0.4,-0.25,3.78,16.78,-0.49
worker 1,2026-07-27 13:08:56.711,-0.82,0.43,-0.27,-10.38,21.73,0.79
worker 1,2026-07-27 13:08:56.712,-0.8,0.42,-0.28,-13.37,23.62,4.27
worker 1,2026-07-27 13:08:56.827,-0.8,0.42,-0.28,-13.37,23.62,4.27
worker 1,2026-07-27 13:08:56.827,-0.77,0.4,-0.26,-8.61,14.65,3.48
worker 1,2026-07-27 13:08:56.828,-0.77,0.4,-0.26,-8.61,14.65,3.48
worker 1,2026-07-27 13:08:56.829,-0.78,0.36,-0.22,-5.0,-3.97,-3.97
worker 1,2026-07-27 13:08:56.829,-0.78,0.36,-0.22,-4.03,-25.57,-16.3
worker 1,2026-07-27 13:08:56.831,-0.83,0.35,-0.19,-4.03,-25.57,-16.3
worker 1,2026-07-27 13:08:56.884,-0.96,0.38,-0.17,-1.28,-46.2,-31.19
worker 1,2026-07-27 13:08:56.951,-1.14,0.49,-0.22,8.48,-60.36,-42.24
worker 1,2026-07-27 13:08:56.952,-1.08,0.58,-0.29,18.62,-58.65,-41.02
worker 1,2026-07-27 13:08:57.004,-1.08,0.58,-0.29,18.62,-58.65,-41.02
worker 1,2026-07-27 13:08:57.005,-0.82,0.52,-0.18,18.62,-37.78,-27.53
worker 1,2026-07-27 13:08:57.125,-0.73,0.35,0.06,23.25,-15.14,-6.84
worker 1,2026-07-27 13:08:57.125,-0.85,0.19,0.15,33.08,-8.73,13.73
worker 1,2026-07-27 13:08:57.126,-0.85,0.19,0.15,33.08,-8.73,13.73
worker 1,2026-07-27 13:08:57.126,-1.03,0.08,0.03,31.68,-24.78,18.98
worker 1,2026-07-27 13:08:57.183,-1.07,0.08,-0.04,37.84,-50.78,2.69
worker 1,2026-07-27 13:08:57.244,-1.07,0.08,-0.04,40.95,-54.99,-16.85
worker 1,2026-07-27 13:08:57.303,-1.01,0.16,-0.03,40.95,-54.99,-16.85
worker 1,2026-07-27 13:08:57.304,-0.97,0.21,-0.02,15.62,-34.0,-20.63
worker 1,2026-07-27 13:08:57.544,-0.97,0.21,-0.02,15.62,-34.0,-20.63
worker 1,2026-07-27 13:08:57.545,-0.98,0.2,-0.02,-2.99,-14.1,-13.43
worker 1,2026-07-27 13:08:57.546,-0.99,0.19,0.0,8.48,-9.34,-8.73
worker 1,2026-07-27 13:08:57.547,-0.98,0.21,0.01,28.81,-15.69,-10.13
worker 1,2026-07-27 13:08:57.547,-0.96,0.22,0.01,39.12,-22.95,-12.51
worker 1,2026-07-27 13:08:57.548,-0.95,0.22,0.02,39.12,-23.86,-11.41
worker 1,2026-07-27 13:08:57.549,-0.95,0.22,0.02,39.12,-23.86,-11.41
worker 1,2026-07-27 13:08:57.550,-0.95,0.22,0.02,34.85,-17.82,-7.69
worker 1,2026-07-27 13:08:57.550,-0.95,0.22,0.03,26.92,-7.87,-3.54
worker 1,2026-07-27 13:08:57.551,-0.95,0.22,0.03,15.44,2.75,0.61
worker 1,2026-07-27 13:08:57.551,-0.96,0.22,0.04,15.44,2.75,0.61
worker 1,2026-07-27 13:08:57.615,-0.96,0.22,0.03,4.09,10.38,4.21
worker 1,2026-07-27 13:08:57.616,-0.96,0.22,0.03,4.09,10.38,4.21
worker 1,2026-07-27 13:08:57.664,-0.97,0.21,0.01,0.79,10.01,5.25
worker 1,2026-07-27 13:08:57.665,-0.96,0.21,-0.0,11.05,0.61,3.05
worker 1,2026-07-27 13:08:57.724,-0.96,0.21,-0.0,11.05,0.61,3.05
worker 1,2026-07-27 13:08:57.739,-0.96,0.21,-0.02,27.1,-13.61,0.37
worker 1,2026-07-27 13:08:57.785,-0.96,0.21,-0.02,40.1,-28.02,-0.12
worker 1,2026-07-27 13:08:57.787,-0.96,0.19,-0.04,40.1,-28.02,-0.12
worker 1,2026-07-27 13:08:57.787,-0.97,0.16,-0.07,54.26,-39.55,0.67
worker 1,2026-07-27 13:08:57.844,-0.97,0.16,-0.07,54.26,-39.55,0.67
worker 1,2026-07-27 13:08:57.845,-0.98,0.15,-0.08,64.39,-43.88,1.04
worker 1,2026-07-27 13:08:57.964,-0.99,0.16,-0.08,58.72,-38.45,1.71
worker 1,2026-07-27 13:08:57.965,-0.99,0.16,-0.08,58.72,-38.45,1.71
worker 1,2026-07-27 13:08:57.966,-1.01,0.17,-0.06,40.34,-27.53,3.42
worker 1,2026-07-27 13:08:57.966,-1.08,0.17,-0.04,20.32,-17.33,5.25
worker 1,2026-07-27 13:08:58.023,-1.12,0.17,-0.04,5.62,-8.36,5.49
worker 1,2026-07-27 13:08:58.024,-1.12,0.17,-0.04,5.62,-8.36,5.49
worker 1,2026-07-27 13:08:58.024,-1.05,0.24,-0.08,-9.03,-4.09,0.24
worker 1,2026-07-27 13:08:58.086,-1.05,0.24,-0.08,-9.03,-4.09,0.24
worker 1,2026-07-27 13:08:58.087,-0.92,0.32,-0.15,-9.77,-10.13,-10.99
worker 1,2026-07-27 13:08:58.204,-0.85,0.36,-0.15,17.33,5.43,-12.15
worker 1,2026-07-27 13:08:58.204,-0.94,0.35,-0.08,34.18,67.57,9.7
worker 1,2026-07-27 13:08:58.205,-0.94,0.35,-0.08,34.18,67.57,9.7
worker 1,2026-07-27 13:08:58.205,-1.12,0.31,0.02,13.12,129.82,36.8
worker 1,2026-07-27 13:08:58.264,-1.13,0.31,0.13,-22.89,139.89,42.42
worker 1,2026-07-27 13:08:58.265,-1.13,0.31,0.13,-22.89,139.89,42.42
worker 1,2026-07-27 13:08:58.266,-0.94,0.34,0.11,-43.4,103.39,28.44
worker 1,2026-07-27 13:08:58.683,-0.94,0.34,0.11,-30.94,63.66,17.46
worker 1,2026-07-27 13:08:58.743,-0.77,0.35,-0.04,-30.94,63.66,17.46
worker 1,2026-07-27 13:08:58.744,-0.72,0.36,-0.14,1.22,43.76,13.67
worker 1,2026-07-27 13:08:58.745,-0.72,0.36,-0.14,1.22,43.76,13.67
worker 1,2026-07-27 13:08:58.745,-0.73,0.37,-0.15,16.3,34.79,9.7
worker 1,2026-07-27 13:08:58.746,-0.73,0.37,-0.15,16.3,34.79,9.7
worker 1,2026-07-27 13:08:58.746,-0.73,0.35,-0.12,6.47,24.96,7.08
worker 1,2026-07-27 13:08:58.748,-0.76,0.3,-0.17,-1.53,6.96,5.74
worker 1,2026-07-27 13:08:58.750,-0.76,0.3,-0.17,5.62,-16.42,0.37
worker 1,2026-07-27 13:08:58.751,-0.84,0.27,-0.33,5.62,-16.42,0.37
worker 1,2026-07-27 13:08:58.751,-0.97,0.36,-0.58,6.71,-27.4,-8.06
worker 1,2026-07-27 13:08:58.751,-0.96,0.49,-0.63,-16.17,-8.06,-9.83
worker 1,2026-07-27 13:08:58.752,-0.96,0.49,-0.63,-16.17,-8.06,-9.83
worker 1,2026-07-27 13:08:58.752,-0.77,0.46,-0.38,-43.4,17.03,-8.3
worker 1,2026-07-27 13:08:58.752,-0.89,0.35,-0.1,-49.26,4.03,-19.71
worker 1,2026-07-27 13:08:58.752,-1.18,0.35,-0.02,-12.63,-42.42,-39.37
worker 1,2026-07-27 13:08:58.754,-1.18,0.35,-0.02,-12.63,-42.42,-39.37
worker 1,2026-07-27 13:08:58.756,-1.04,0.46,-0.13,42.72,-73.49,-40.95
worker 1,2026-07-27 13:08:58.804,-1.04,0.46,-0.13,42.72,-73.49,-40.95
worker 1,2026-07-27 13:08:58.804,-0.82,0.45,-0.08,41.44,-56.58,-19.23
worker 1,2026-07-27 13:08:58.866,-0.82,0.45,-0.08,0.43,-24.96,3.85
worker 1,2026-07-27 13:08:58.866,-0.81,0.29,0.1,0.43,-24.96,3.85
worker 1,2026-07-27 13:08:58.866,-0.94,0.11,0.04,-25.76,-23.07,15.5
worker 1,2026-07-27 13:08:58.983,-0.94,0.11,0.04,-25.76,-23.07,15.5
worker 1,2026-07-27 13:08:58.984,-1.06,0.04,-0.12,-28.38,-45.35,9.09
worker 1,2026-07-27 13:08:58.985,-1.05,0.12,-0.08,-15.08,-45.29,-8.54
worker 1,2026-07-27 13:08:59.103,-1.0,0.21,0.03,-11.35,-17.58,-18.74
worker 1,2026-07-27 13:08:59.103,-0.96,0.27,0.04,-10.86,-6.9,-21.18
worker 1,2026-07-27 13:08:59.104,-0.96,0.27,0.04,-10.86,-6.9,-21.18
worker 1,2026-07-27 13:08:59.104,-0.93,0.29,0.02,2.5,-21.12,-21.3
worker 1,2026-07-27 13:08:59.108,-0.91,0.27,0.01,18.43,-35.71,-17.52
worker 1,2026-07-27 13:08:59.164,-0.91,0.27,0.01,18.43,-35.71,-17.52
worker 1,2026-07-27 13:08:59.166,-0.92,0.21,0.02,23.5,-32.1,-6.41
worker 1,2026-07-27 13:08:59.225,-0.92,0.21,0.02,15.32,-15.93,7.57
worker 1,2026-07-27 13:08:59.225,-0.95,0.16,0.03,15.32,-15.93,7.57
worker 1,2026-07-27 13:08:59.225,-0.98,0.16,0.0,0.67,-3.36,16.05
worker 1,2026-07-27 13:08:59.289,-0.98,0.16,0.0,0.67,-3.36,16.05
worker 1,2026-07-27 13:08:59.290,-0.99,0.2,-0.02,-7.02,-0.24,16.91
worker 1,2026-07-27 13:08:59.353,-0.99,0.22,-0.03,0.79,-4.21,13.79
worker 1,2026-07-27 13:08:59.354,-0.99,0.22,-0.03,0.79,-4.21,13.79
worker 1,2026-07-27 13:08:59.405,-0.99,0.21,-0.05,16.24,-13.67,10.99
worker 1,2026-07-27 13:08:59.406,-0.99,0.17,-0.08,28.32,-25.45,9.52
worker 1,2026-07-27 13:08:59.465,-1.02,0.13,-0.11,30.64,-32.9,9.03
worker 1,2026-07-27 13:08:59.466,-1.15,0.09,-0.11,17.82,-29.3,10.44
worker 1,2026-07-27 13:08:59.524,-1.15,0.09,-0.11,17.82,-29.3,10.44
worker 1,2026-07-27 13:08:59.524,-1.22,0.09,-0.06,-0.24,-12.15,9.52
worker 1,2026-07-27 13:08:59.584,-1.22,0.09,-0.06,-26.49,10.68,1.34
worker 1,2026-07-27 13:08:59.705,-1.05,0.19,-0.01,-26.49,10.68,1.34
worker 1,2026-07-27 13:08:59.706,-0.82,0.41,-0.04,-70.01,31.56,-6.9
worker 1,2026-07-27 13:08:59.706,-0.77,0.5,-0.08,-92.77,63.48,7.14
worker 1,2026-07-27 13:08:59.706,-0.96,0.34,-0.05,-60.12,102.42,40.04
worker 1,2026-07-27 13:08:59.765,-1.12,0.12,0.04,-14.28,117.49,55.42
worker 1,2026-07-27 13:08:59.765,-1.05,0.1,0.11,1.04,99.3,36.87
worker 1,2026-07-27 13:08:59.824,-1.05,0.1,0.11,1.04,99.3,36.87
worker 1,2026-07-27 13:08:59.824,-0.87,0.21,0.06,-11.29,65.61,1.34
worker 1,2026-07-27 13:09:00.004,-0.78,0.27,0.01,-32.65,39.0,-24.11
worker 1,2026-07-27 13:09:00.005,-0.79,0.25,0.02,-49.8,30.27,-29.48
worker 1,2026-07-27 13:09:00.005,-0.79,0.25,0.02,-67.02,31.25,-26.67
worker 1,2026-07-27 13:09:00.006,-0.86,0.25,0.05,-67.02,31.25,-26.67
worker 1,2026-07-27 13:09:00.007,-0.95,0.31,0.01,-80.44,20.69,-31.56
worker 1,2026-07-27 13:09:00.007,-1.01,0.45,-0.19,-87.52,-7.87,-44.49
worker 1,2026-07-27 13:09:00.008,-1.01,0.45,-0.19,-87.52,-7.87,-44.49
worker 1,2026-07-27 13:09:00.143,-1.02,0.62,-0.42,-82.89,-8.73,-40.95
worker 1,2026-07-27 13:09:00.145,-1.04,0.54,-0.45,-57.01,47.61,-12.15
worker 1,2026-07-27 13:09:00.145,-1.02,0.17,-0.36,-27.1,100.52,0.49
worker 1,2026-07-27 13:09:00.187,-0.98,-0.23,-0.23,-25.57,95.34,-29.17
worker 1,2026-07-27 13:09:00.188,-0.98,-0.23,-0.23,-25.57,95.34,-29.17
worker 1,2026-07-27 13:09:00.244,-0.92,-0.26,-0.04,-59.14,51.27,-71.23
worker 1,2026-07-27 13:09:00.245,-0.76,0.11,0.07,-100.22,12.94,-88.26
worker 1,2026-07-27 13:09:00.304,-0.56,0.46,-0.03,-110.72,-18.37,-81.12
worker 1,2026-07-27 13:09:00.430,-0.77,0.73,-0.29,-77.76,-62.38,-66.47
worker 1,2026-07-27 13:09:00.430,-1.31,0.81,-0.52,-15.26,-87.16,-30.4
worker 1,2026-07-27 13:09:00.431,-1.31,0.81,-0.52,-15.26,-87.16,-30.4
worker 1,2026-07-27 13:09:00.431,-1.34,0.4,-0.35,34.0,-51.39,35.64
worker 1,2026-07-27 13:09:00.431,-1.01,-0.1,0.13,12.08,8.36,80.87
worker 1,2026-07-27 13:09:00.544,-1.01,-0.1,0.13,12.08,8.36,80.87
worker 1,2026-07-27 13:09:00.663,-0.9,-0.18,0.27,-62.38,45.17,68.42
worker 1,2026-07-27 13:09:00.664,-0.9,-0.18,0.27,-62.38,45.17,68.42
worker 1,2026-07-27 13:09:00.724,-0.92,0.03,0.08,-120.36,32.47,19.65
worker 1,2026-07-27 13:09:00.725,-0.98,0.27,-0.02,-116.33,-18.13,-29.42
worker 1,2026-07-27 13:09:00.725,-0.98,0.27,-0.02,-59.2,-45.47,-51.33
worker 1,2026-07-27 13:09:00.726,-1.01,0.41,-0.02,-59.2,-45.47,-51.33
worker 1,2026-07-27 13:09:00.727,-0.98,0.4,0.02,-9.64,-40.59,-46.75
worker 1,2026-07-27 13:09:00.727,-0.91,0.3,0.06,5.07,-20.02,-25.51
worker 1,2026-07-27 13:09:00.729,-0.9,0.21,0.05,-10.93,10.62,1.4
worker 1,2026-07-27 13:09:00.783,-0.92,0.16,0.02,-34.18,23.99,12.7
worker 1,2026-07-27 13:09:00.784,-0.92,0.16,0.02,-34.18,23.99,12.7
worker 1,2026-07-27 13:09:00.903,-0.93,0.2,-0.02,-36.68,0.31,1.16
worker 1,2026-07-27 13:09:00.904,-0.93,0.2,-0.02,-36.68,0.31,1.16
worker 1,2026-07-27 13:09:00.904,-0.9,0.27,-0.04,-18.25,-43.7,-18.62
worker 1,2026-07-27 13:09:00.905,-0.9,0.28,-0.03,15.14,-73.0,-26.43
worker 1,2026-07-27 13:09:00.905,-0.97,0.24,-0.02,43.15,-64.27,-12.08
worker 1,2026-07-27 13:09:00.963,-0.97,0.24,-0.02,43.15,-64.27,-12.08
worker 1,2026-07-27 13:09:00.964,-1.04,0.19,-0.04,39.98,-30.09,11.41
worker 1,2026-07-27 13:09:01.263,-1.06,0.18,-0.12,20.45,-14.59,21.91
worker 1,2026-07-27 13:09:01.264,-1.06,0.18,-0.12,20.45,-14.59,21.91
worker 1,2026-07-27 13:09:01.264,-1.08,0.17,-0.19,30.46,-45.53,12.51
worker 1,2026-07-27 13:09:01.265,-1.08,0.17,-0.19,30.46,-45.53,12.51
worker 1,2026-07-27 13:09:01.267,-1.08,0.17,-0.19,30.46,-45.53,12.51
worker 1,2026-07-27 13:09:01.267,-1.21,0.22,-0.1,75.62,-57.19,-10.44
worker 1,2026-07-27 13:09:01.268,-1.21,0.22,-0.1,75.62,-57.19,-10.44
worker 1,2026-07-27 13:09:01.268,-1.06,0.35,-0.03,38.02,21.42,-10.68
worker 1,2026-07-27 13:09:01.268,-0.9,0.45,0.07,4.33,106.69,0.43
worker 1,2026-07-27 13:09:01.269,-0.93,0.44,0.17,7.45,155.76,25.45
worker 1,2026-07-27 13:09:01.383,-1.02,0.32,0.2,30.76,147.52,48.28
worker 1,2026-07-27 13:09:01.384,-1.02,0.32,0.2,30.76,147.52,48.28
worker 1,2026-07-27 13:09:01.384,-0.98,0.22,0.05,49.62,96.5,47.06
worker 1,2026-07-27 13:09:01.385,-0.89,0.19,-0.12,55.66,47.61,25.7
worker 1,2026-07-27 13:09:01.444,-0.79,0.19,-0.14,50.42,30.21,0.55
worker 1,2026-07-27 13:09:01.445,-0.79,0.19,-0.14,50.42,30.21,0.55
worker 1,2026-07-27 13:09:01.445,-0.69,0.23,-0.09,30.4,26.86,-23.19
worker 1,2026-07-27 13:09:01.625,-0.69,0.23,-0.09,30.4,26.86,-23.19
worker 1,2026-07-27 13:09:01.626,-0.62,0.28,-0.09,4.46,16.54,-34.42
worker 1,2026-07-27 13:09:01.626,-0.69,0.24,-0.17,-9.34,-2.38,-26.67
worker 1,2026-07-27 13:09:01.626,-0.86,0.18,-0.39,-10.68,-20.63,-13.31
worker 1,2026-07-27 13:09:01.627,-0.86,0.18,-0.39,-10.68,-20.63,-13.31
worker 1,2026-07-27 13:09:01.627,-1.09,0.24,-0.66,-23.56,-17.46,-4.58
worker 1,2026-07-27 13:09:01.683,-1.07,0.33,-0.67,-59.14,10.74,-3.23
worker 1,2026-07-27 13:09:01.684,-1.07,0.33,-0.67,-59.14,10.74,-3.23
worker 1,2026-07-27 13:09:01.684,-0.91,0.34,-0.36,-98.51,22.95,-13.55
worker 1,2026-07-27 13:09:01.929,-1.1,0.35,-0.05,-101.5,-11.05,-33.69
worker 1,2026-07-27 13:09:01.930,-1.1,0.35,-0.05,-101.5,-11.05,-33.69
worker 1,2026-07-27 13:09:01.930,-1.09,0.49,-0.04,-35.71,-57.8,-43.52
worker 1,2026-07-27 13:09:01.931,-1.09,0.49,-0.04,-35.71,-57.8,-43.52
worker 1,2026-07-27 13:09:01.931,-0.82,0.52,-0.08,22.52,-62.56,-25.27
worker 1,2026-07-27 13:09:01.986,-0.79,0.32,0.1,5.98,-30.03,8.42
worker 1,2026-07-27 13:09:01.987,-0.91,0.11,0.13,-35.71,-8.48,33.94
worker 1,2026-07-27 13:09:01.988,-1.03,0.04,0.01,-49.62,-23.01,32.23
worker 1,2026-07-27 13:09:01.989,-1.05,0.14,-0.01,-24.72,-44.62,-0.61
worker 1,2026-07-27 13:09:02.051,-0.98,0.29,0.04,7.26,-40.28,-31.31
worker 1,2026-07-27 13:09:02.051,-0.98,0.29,0.04,21.67,-32.23,-32.47
worker 1,2026-07-27 13:09:02.051,-0.92,0.33,0.05,21.67,-32.23,-32.47
worker 1,2026-07-27 13:09:02.226,-0.91,0.26,0.03,21.24,-33.2,-13.61
worker 1,2026-07-27 13:09:02.283,-0.93,0.16,-0.01,19.35,-31.43,4.52
worker 1,2026-07-27 13:09:02.284,-0.93,0.13,-0.03,29.24,-36.07,5.43
worker 1,2026-07-27 13:09:02.285,-0.93,0.13,-0.03,29.24,-36.07,5.43
worker 1,2026-07-27 13:09:02.345,-0.92,0.16,-0.04,36.5,-49.13,-5.74
worker 1,2026-07-27 13:09:02.346,-0.91,0.21,-0.03,22.46,-52.06,-10.07
worker 1,2026-07-27 13:09:02.465,-0.91,0.21,-0.03,22.46,-52.06,-10.07
worker 1,2026-07-27 13:09:02.523,-0.96,0.21,-0.04,3.42,-40.04,-0.49
worker 1,2026-07-27 13:09:02.523,-1.04,0.17,-0.09,2.14,-28.5,12.45
worker 1,2026-07-27 13:09:02.524,-1.04,0.17,-0.09,2.14,-28.5,12.45
worker 1,2026-07-27 13:09:02.524,-1.13,0.14,-0.17,20.87,-39.31,11.41
worker 1,2026-07-27 13:09:02.525,-1.13,0.14,-0.17,33.63,-61.71,-4.03
worker 1,2026-07-27 13:09:02.525,-1.3,0.13,-0.2,33.63,-61.71,-4.03
worker 1,2026-07-27 13:09:02.526,-1.34,0.17,-0.14,20.81,-36.99,-13.37
worker 1,2026-07-27 13:09:02.527,-1.09,0.3,0.01,-8.61,49.07,-12.51
worker 1,2026-07-27 13:09:02.528,-0.9,0.49,0.17,-14.47,139.95,-4.33
worker 1,2026-07-27 13:09:02.587,-0.9,0.49,0.17,-14.47,139.95,-4.33
worker 1,2026-07-27 13:09:02.587,-0.91,0.53,0.23,21.18,172.61,13.92
worker 1,2026-07-27 13:09:02.645,-0.96,0.38,0.13,61.71,131.96,28.87
worker 1,2026-07-27 13:09:02.646,-0.95,0.26,0.01,84.23,72.27,27.65
worker 1,2026-07-27 13:09:02.703,-0.95,0.26,0.01,84.23,72.27,27.65
worker 1,2026-07-27 13:09:02.704,-0.88,0.22,0.01,70.31,44.92,19.41
worker 1,2026-07-27 13:09:02.763,-0.81,0.17,0.03,36.8,40.1,9.95
worker 1,2026-07-27 13:09:02.764,-0.81,0.17,0.03,36.8,40.1,9.95
worker 1,2026-07-27 13:09:02.764,-0.72,0.17,0.02,16.42,29.48,-8.48
worker 1,2026-07-27 13:09:02.824,-0.72,0.17,0.02,16.42,29.48,-8.48
worker 1,2026-07-27 13:09:02.824,-0.66,0.21,-0.04,-0.31,9.7,-27.77
worker 1,2026-07-27 13:09:02.888,-0.66,0.21,-0.04,-0.31,9.7,-27.77
worker 1,2026-07-27 13:09:02.894,-0.76,0.19,-0.21,-3.91,-14.4,-31.62
worker 1,2026-07-27 13:09:02.895,-0.76,0.19,-0.21,-3.91,-14.4,-31.62
worker 1,2026-07-27 13:09:02.895,-0.98,0.12,-0.47,2.14,-31.19,-25.88
worker 1,2026-07-27 13:09:02.944,-1.1,0.13,-0.64,-22.4,-21.24,-22.28
worker 1,2026-07-27 13:09:02.953,-1.1,0.13,-0.64,-22.4,-21.24,-22.28
worker 1,2026-07-27 13:09:03.064,-0.96,0.18,-0.58,-69.34,8.18,-18.49
worker 1,2026-07-27 13:09:03.065,-0.96,0.18,-0.58,-69.34,8.18,-18.49
worker 1,2026-07-27 13:09:03.065,-1.06,0.24,-0.27,-88.87,7.63,-19.53
worker 1,2026-07-27 13:09:03.066,-1.25,0.38,-0.05,-51.39,-31.43,-21.73
worker 1,2026-07-27 13:09:03.188,-1.25,0.38,-0.05,-51.39,-31.43,-21.73
worker 1,2026-07-27 13:09:03.189,-1.25,0.38,-0.05,-51.39,-31.43,-21.73
worker 1,2026-07-27 13:09:03.190,-0.73,0.4,0.07,7.32,-33.81,13.12
worker 1,2026-07-27 13:09:03.191,-0.73,0.4,0.07,-33.2,-6.41,36.07
worker 1,2026-07-27 13:09:03.247,-0.81,0.19,0.17,-33.2,-6.41,36.07
worker 1,2026-07-27 13:09:03.248,-1.0,0.04,0.06,-68.18,-9.03,47.24
worker 1,2026-07-27 13:09:03.249,-1.08,0.06,-0.03,-67.93,-35.46,25.7
worker 1,2026-07-27 13:09:03.489,-1.08,0.06,-0.03,-67.93,-35.46,25.7
worker 1,2026-07-27 13:09:03.489,-1.02,0.2,-0.03,-48.16,-43.46,-11.17
worker 1,2026-07-27 13:09:03.489,-0.92,0.29,0.01,-28.14,-35.22,-30.52
worker 1,2026-07-27 13:09:03.490,-0.86,0.29,0.04,-16.36,-24.05,-24.35
worker 1,2026-07-27 13:09:03.490,-0.86,0.27,0.03,-19.96,-12.39,-7.57
worker 1,2026-07-27 13:09:03.490,-0.9,0.22,-0.0,-12.21,-19.65,0.06
worker 1,2026-07-27 13:09:03.491,-0.93,0.2,-0.04,8.91,-45.96,-3.66
worker 1,2026-07-27 13:09:03.544,-0.94,0.21,-0.07,19.84,-65.43,-8.48
worker 1,2026-07-27 13:09:03.724,-0.94,0.21,-0.07,19.84,-65.43,-8.48
worker 1,2026-07-27 13:09:03.724,-0.98,0.21,-0.09,25.33,-64.15,-6.41
worker 1,2026-07-27 13:09:03.726,-0.98,0.21,-0.09,25.33,-64.15,-6.41
worker 1,2026-07-27 13:09:03.726,-1.03,0.19,-0.14,31.31,-48.71,3.3
worker 1,2026-07-27 13:09:03.727,-1.2,0.19,-0.2,31.74,-42.6,6.96
worker 1,2026-07-27 13:09:03.727,-1.4,0.19,-0.19,29.05,-33.33,0.79
worker 1,2026-07-27 13:09:03.727,-1.3,0.25,-0.09,20.87,24.48,-4.33
worker 1,2026-07-27 13:09:03.795,-1.3,0.25,-0.09,20.87,24.48,-4.33
worker 1,2026-07-27 13:09:03.795,-1.06,0.42,0.09,-0.85,116.27,-3.97
worker 1,2026-07-27 13:09:03.796,-1.06,0.42,0.09,-0.85,116.27,-3.97
worker 1,2026-07-27 13:09:03.844,-0.95,0.5,0.23,-2.62,173.28,7.45
worker 1,2026-07-27 13:09:03.845,-0.95,0.5,0.23,-2.62,173.28,7.45
worker 1,2026-07-27 13:09:03.845,-0.88,0.38,0.22,39.73,149.96,22.03
worker 1,2026-07-27 13:09:03.970,-0.88,0.38,0.22,79.53,84.66,26.12
worker 1,2026-07-27 13:09:03.970,-0.85,0.25,0.05,79.53,84.66,26.12
worker 1,2026-07-27 13:09:03.971,-0.87,0.18,-0.02,78.0,46.69,22.58
worker 1,2026-07-27 13:09:03.972,-0.88,0.17,0.02,45.47,43.09,10.44
worker 1,2026-07-27 13:09:04.146,-0.88,0.17,0.02,45.47,43.09,10.44
worker 1,2026-07-27 13:09:04.147,-0.78,0.24,0.03,12.39,39.86,-14.28
worker 1,2026-07-27 13:09:04.147,-0.66,0.27,-0.02,-12.57,20.45,-33.75
worker 1,2026-07-27 13:09:04.147,-0.7,0.15,-0.16,-18.68,-10.44,-32.17
worker 1,2026-07-27 13:09:04.148,-0.7,0.15,-0.16,-18.68,-10.44,-32.17
worker 1,2026-07-27 13:09:04.148,-0.89,0.04,-0.36,-5.31,-36.32,-23.01
worker 1,2026-07-27 13:09:04.204,-1.08,0.11,-0.59,-15.32,-34.97,-18.25
worker 1,2026-07-27 13:09:04.265,-1.04,0.25,-0.65,-53.28,-6.04,-16.78
worker 1,2026-07-27 13:09:04.266,-0.89,0.26,-0.4,-80.08,13.43,-17.46
worker 1,2026-07-27 13:09:04.324,-1.16,0.28,-0.05,-78.98,-6.16,-21.61
worker 1,2026-07-27 13:09:04.324,-1.24,0.42,-0.04,-33.51,-42.85,-19.53
worker 1,2026-07-27 13:09:04.384,-1.24,0.42,-0.04,-33.51,-42.85,-19.53
worker 1,2026-07-27 13:09:04.385,-0.85,0.46,-0.09,7.32,-47.36,-1.77
worker 1,2026-07-27 13:09:04.443,-0.68,0.31,0.14,-18.43,-7.32,24.48
worker 1,2026-07-27 13:09:04.444,-0.84,0.18,0.18,-84.47,39.31,47.55
worker 1,2026-07-27 13:09:04.565,-0.84,0.18,0.18,-84.47,39.31,47.55
worker 1,2026-07-27 13:09:04.566,-1.07,0.12,-0.0,-120.3,19.47,38.94
worker 1,2026-07-27 13:09:04.567,-1.11,0.14,-0.08,-74.4,-53.04,-4.46
worker 1,2026-07-27 13:09:04.623,-1.01,0.23,-0.05,5.62,-79.28,-37.72
worker 1,2026-07-27 13:09:04.624,-0.9,0.29,0.01,42.36,-58.72,-39.67
worker 1,2026-07-27 13:09:04.743,-0.9,0.29,0.01,42.36,-58.72,-39.67
worker 1,2026-07-27 13:09:04.743,-0.84,0.3,0.05,23.99,-32.78,-22.52
worker 1,2026-07-27 13:09:04.744,-0.84,0.3,0.05,23.99,-32.78,-22.52
worker 1,2026-07-27 13:09:04.804,-0.85,0.28,0.03,-9.09,-14.28,-1.83
worker 1,2026-07-27 13:09:04.863,-0.85,0.28,0.03,-9.09,-14.28,-1.83
worker 1,2026-07-27 13:09:04.864,-0.85,0.28,0.03,-9.09,-14.28,-1.83
worker 1,2026-07-27 13:09:04.864,-0.94,0.23,-0.04,-0.24,-41.87,5.43
worker 1,2026-07-27 13:09:04.865,-0.94,0.23,-0.04,-0.24,-41.87,5.43
worker 1,2026-07-27 13:09:04.865,-0.99,0.23,-0.05,28.63,-53.16,4.27
worker 1,2026-07-27 13:09:04.865,-1.06,0.15,-0.08,53.28,-51.76,9.22
worker 1,2026-07-27 13:09:04.866,-1.06,0.15,-0.08,53.28,-51.76,9.22
worker 1,2026-07-27 13:09:04.925,-1.17,0.06,-0.12,60.61,-43.15,16.66
worker 1,2026-07-27 13:09:04.984,-1.27,0.05,-0.16,42.18,-35.16,14.95
worker 1,2026-07-27 13:09:04.984,-1.21,0.18,-0.17,-0.43,-25.51,-4.82
worker 1,2026-07-27 13:09:05.045,-1.0,0.34,-0.1,-45.72,15.87,-22.64
worker 1,2026-07-27 13:09:05.046,-1.0,0.34,-0.1,-45.72,15.87,-22.64
worker 1,2026-07-27 13:09:05.046,-0.87,0.44,0.04,-49.13,90.76,-14.77
worker 1,2026-07-27 13:09:05.103,-0.87,0.44,0.04,-49.13,90.76,-14.77
worker 1,2026-07-27 13:09:05.104,-0.94,0.43,0.12,-10.19,142.76,8.67
worker 1,2026-07-27 13:09:05.169,-0.94,0.43,0.12,-10.19,142.76,8.67
worker 1,2026-07-27 13:09:05.170,-1.02,0.31,0.1,24.29,132.69,24.96
worker 1,2026-07-27 13:09:05.170,-0.97,0.25,0.02,26.43,89.66,24.29
worker 1,2026-07-27 13:09:05.224,-0.97,0.25,0.02,26.43,89.66,24.29
worker 1,2026-07-27 13:09:05.224,-0.87,0.3,-0.03,2.26,63.05,16.24
worker 1,2026-07-27 13:09:05.225,-0.87,0.3,-0.03,2.26,63.05,16.24
worker 1,2026-07-27 13:09:05.284,-0.78,0.35,-0.02,-24.9,59.81,10.44
worker 1,2026-07-27 13:09:05.405,-0.72,0.35,-0.03,-29.72,59.57,3.91
worker 1,2026-07-27 13:09:05.405,-0.72,0.3,-0.1,-20.69,51.09,-0.67
worker 1,2026-07-27 13:09:05.406,-0.72,0.3,-0.1,-20.69,51.09,-0.67
worker 1,2026-07-27 13:09:05.406,-0.76,0.26,-0.22,-23.99,32.47,-2.44
worker 1,2026-07-27 13:09:05.406,-0.8,0.29,-0.31,-36.44,8.18,-8.91
worker 1,2026-07-27 13:09:05.464,-0.8,0.29,-0.31,-36.44,8.18,-8.91
worker 1,2026-07-27 13:09:05.464,-0.87,0.41,-0.46,-51.76,-11.9,-18.68
worker 1,2026-07-27 13:09:05.524,-0.87,0.41,-0.46,-51.76,-11.9,-18.68
worker 1,2026-07-27 13:09:05.525,-0.96,0.53,-0.55,-70.31,-9.4,-20.94
worker 1,2026-07-27 13:09:05.525,-1.06,0.55,-0.4,-85.45,9.46,-17.88
worker 1,2026-07-27 13:09:05.645,-1.06,0.55,-0.4,-85.45,9.46,-17.88
worker 1,2026-07-27 13:09:05.645,-1.11,0.35,-0.05,-84.17,6.04,-21.97
worker 1,2026-07-27 13:09:05.646,-1.11,0.35,-0.05,-84.17,6.04,-21.97
worker 1,2026-07-27 13:09:05.646,-1.01,0.22,0.19,-44.13,-18.31,-24.05
worker 1,2026-07-27 13:09:05.713,-0.9,0.29,0.09,-14.22,-41.87,-22.09
worker 1,2026-07-27 13:09:05.714,-0.88,0.26,-0.01,-35.52,-61.4,-24.41
worker 1,2026-07-27 13:09:05.764,-0.92,0.13,0.03,-54.38,-53.96,-17.46
worker 1,2026-07-27 13:09:05.827,-1.0,0.09,-0.03,-61.34,-28.69,-8.48
worker 1,2026-07-27 13:09:05.829,-1.0,0.09,-0.03,-61.34,-28.69,-8.48
worker 1,2026-07-27 13:09:05.829,-1.01,0.17,-0.09,-63.42,-21.85,-18.13
worker 1,2026-07-27 13:09:05.886,-1.01,0.17,-0.09,-32.29,-24.6,-30.46
worker 1,2026-07-27 13:09:05.887,-0.96,0.24,-0.04,-32.29,-24.6,-30.46
worker 1,2026-07-27 13:09:05.887,-0.92,0.23,0.06,8.18,-22.4,-26.55
worker 1,2026-07-27 13:09:05.944,-0.92,0.23,0.06,8.18,-22.4,-26.55
worker 1,2026-07-27 13:09:05.944,-0.91,0.19,0.06,-0.85,-19.23,-13.37
worker 1,2026-07-27 13:09:06.004,-0.91,0.19,0.06,-0.85,-19.23,-13.37
worker 1,2026-07-27 13:09:06.004,-0.94,0.18,-0.01,-47.49,-14.71,-1.83
worker 1,2026-07-27 13:09:06.005,-0.94,0.18,-0.01,-47.49,-14.71,-1.83
worker 1,2026-07-27 13:09:06.063,-0.94,0.19,-0.04,-55.97,-11.6,1.77
worker 1,2026-07-27 13:09:06.064,-0.93,0.23,-0.0,-14.71,-12.88,0.79
worker 1,2026-07-27 13:09:06.124,-0.94,0.27,0.01,17.58,-17.52,3.72
worker 1,2026-07-27 13:09:06.125,-0.94,0.27,0.01,17.58,-17.52,3.72
worker 1,2026-07-27 13:09:06.190,-0.99,0.23,-0.06,18.92,-28.81,11.29
worker 1,2026-07-27 13:09:06.191,-0.99,0.23,-0.06,18.92,-28.81,11.29
worker 1,2026-07-27 13:09:06.191,-1.05,0.13,-0.16,11.35,-44.19,17.82
worker 1,2026-07-27 13:09:06.243,-1.16,0.11,-0.24,5.55,-48.34,18.8
worker 1,2026-07-27 13:09:06.244,-1.16,0.11,-0.24,5.55,-48.34,18.8
worker 1,2026-07-27 13:09:06.308,-1.3,0.14,-0.22,-4.15,-28.93,17.76
worker 1,2026-07-27 13:09:06.308,-1.22,0.19,-0.06,-10.93,17.21,17.03
worker 1,2026-07-27 13:09:06.364,-1.22,0.19,-0.06,-10.93,17.21,17.03
worker 1,2026-07-27 13:09:06.364,-0.93,0.39,0.12,-12.51,76.78,16.05
worker 1,2026-07-27 13:09:06.365,-0.93,0.39,0.12,-12.51,76.78,16.05
worker 1,2026-07-27 13:09:06.424,-0.8,0.51,0.13,-7.14,117.86,23.68
worker 1,2026-07-27 13:09:06.426,-0.89,0.35,0.06,31.07,117.0,42.97
worker 1,2026-07-27 13:09:06.484,-0.97,0.12,0.05,66.53,85.27,51.88
worker 1,2026-07-27 13:09:06.546,-0.96,0.06,0.02,43.21,56.34,34.24
worker 1,2026-07-27 13:09:06.547,-0.9,0.17,0.0,0.43,41.26,1.04
worker 1,2026-07-27 13:09:06.614,-0.85,0.28,0.0,-6.04,26.67,-30.58
worker 1,2026-07-27 13:09:06.615,-0.85,0.28,0.0,-6.04,26.67,-30.58
worker 1,2026-07-27 13:09:06.664,-0.84,0.28,-0.04,17.09,6.35,-50.72
worker 1,2026-07-27 13:09:06.665,-0.92,0.19,-0.15,28.99,-11.78,-58.23
worker 1,2026-07-27 13:09:06.725,-1.03,0.12,-0.27,3.97,-15.14,-60.85
worker 1,2026-07-27 13:09:06.726,-1.03,0.12,-0.27,3.97,-15.14,-60.85
worker 1,2026-07-27 13:09:06.784,-1.04,0.14,-0.37,-51.45,5.98,-62.07
worker 1,2026-07-27 13:09:06.785,-1.04,0.14,-0.37,-51.45,5.98,-62.07
worker 1,2026-07-27 13:09:06.785,-0.95,0.14,-0.37,-108.83,38.33,-56.46
worker 1,2026-07-27 13:09:06.844,-0.95,0.14,-0.37,-108.83,38.33,-56.46
worker 1,2026-07-27 13:09:06.845,-0.85,0.07,-0.29,-137.88,53.53,-47.06
worker 1,2026-07-27 13:09:06.845,-0.85,0.07,-0.29,-135.38,41.93,-40.95
worker 1,2026-07-27 13:09:06.963,-0.72,0.02,-0.24,-135.38,41.93,-40.95
worker 1,2026-07-27 13:09:06.963,-0.83,0.19,-0.13,-119.38,8.79,-34.48
worker 1,2026-07-27 13:09:06.964,-0.83,0.19,-0.13,-119.38,8.79,-34.48
worker 1,2026-07-27 13:09:06.964,-1.27,0.49,-0.02,-76.48,-34.42,-21.79
worker 1,2026-07-27 13:09:07.024,-1.26,0.56,-0.04,-22.28,-54.26,3.54
worker 1,2026-07-27 13:09:07.025,-1.26,0.56,-0.04,-30.27,-29.05,33.87
worker 1,2026-07-27 13:09:07.025,-0.89,0.38,0.04,-30.27,-29.05,33.87
worker 1,2026-07-27 13:09:07.094,-0.85,0.2,0.18,-101.87,21.97,53.16
worker 1,2026-07-27 13:09:07.144,-1.0,0.11,0.07,-161.5,47.3,47.49
worker 1,2026-07-27 13:09:07.145,-1.03,0.08,-0.07,-152.28,10.01,10.38
worker 1,2026-07-27 13:09:07.209,-1.03,0.08,-0.07,-152.28,10.01,10.38
worker 1,2026-07-27 13:09:07.209,-0.96,0.14,-0.06,-84.72,-36.68,-29.17
worker 1,2026-07-27 13:09:07.271,-0.88,0.26,0.0,-15.08,-43.33,-44.49
worker 1,2026-07-27 13:09:07.326,-0.88,0.26,0.0,-15.08,-43.33,-44.49
worker 1,2026-07-27 13:09:07.387,-0.86,0.34,0.06,17.09,-36.93,-40.77
worker 1,2026-07-27 13:09:07.387,-0.87,0.38,0.06,5.19,-39.92,-30.82
worker 1,2026-07-27 13:09:07.504,-0.9,0.36,0.01,-20.87,-50.54,-20.57
worker 1,2026-07-27 13:09:07.569,-0.94,0.29,-0.05,-15.56,-59.45,-8.79
worker 1,2026-07-27 13:09:07.569,-0.95,0.22,-0.06,21.91,-57.43,3.54
worker 1,2026-07-27 13:09:07.570,-0.95,0.22,-0.06,21.91,-57.43,3.54
worker 1,2026-07-27 13:09:07.570,-0.98,0.16,-0.06,52.55,-46.57,15.75
worker 1,2026-07-27 13:09:07.570,-1.05,0.06,-0.11,46.14,-39.43,29.17
worker 1,2026-07-27 13:09:07.685,-1.23,-0.03,-0.17,21.18,-38.02,36.87
worker 1,2026-07-27 13:09:07.686,-1.23,-0.03,-0.17,21.18,-38.02,36.87
worker 1,2026-07-27 13:09:07.686,-1.35,0.05,-0.15,-0.55,-5.62,31.07
worker 1,2026-07-27 13:09:07.687,-1.35,0.05,-0.15,-0.55,-5.62,31.07
worker 1,2026-07-27 13:09:07.689,-1.19,0.25,-0.03,-51.33,69.15,12.21
worker 1,2026-07-27 13:09:07.690,-1.04,0.46,0.08,-98.27,144.71,0.98
worker 1,2026-07-27 13:09:07.864,-1.02,0.49,0.18,-61.16,173.28,10.99
worker 1,2026-07-27 13:09:07.890,-0.92,0.32,0.23,21.36,140.44,25.51
worker 1,2026-07-27 13:09:07.892,-0.92,0.32,0.23,21.36,140.44,25.51
worker 1,2026-07-27 13:09:07.892,-0.84,0.15,0.1,62.01,79.47,28.14
worker 1,2026-07-27 13:09:07.893,-0.87,0.08,-0.03,60.67,27.53,8.42
worker 1,2026-07-27 13:09:07.893,-0.88,0.18,-0.02,45.29,5.43,-29.91
worker 1,2026-07-27 13:09:07.923,-0.78,0.37,0.05,1.22,13.31,-56.7
worker 1,2026-07-27 13:09:07.924,-0.78,0.37,0.05,1.22,13.31,-56.7
worker 1,2026-07-27 13:09:07.984,-0.68,0.42,0.03,-47.97,21.42,-49.01
worker 1,2026-07-27 13:09:07.986,-0.77,0.3,-0.08,-43.15,2.87,-22.52
worker 1,2026-07-27 13:09:08.103,-0.77,0.3,-0.08,-43.15,2.87,-22.52
worker 1,2026-07-27 13:09:08.103,-0.95,0.18,-0.26,0.49,-26.43,-5.68
worker 1,2026-07-27 13:09:08.104,-0.95,0.18,-0.26,10.31,-32.29,-1.95
worker 1,2026-07-27 13:09:08.170,-1.02,0.22,-0.41,10.31,-32.29,-1.95
worker 1,2026-07-27 13:09:08.171,-1.03,0.29,-0.39,-11.11,-18.55,-2.99
worker 1,2026-07-27 13:09:08.171,-1.19,0.33,-0.16,-13.24,-13.37,-5.98
worker 1,2026-07-27 13:09:08.172,-1.19,0.33,-0.16,-13.24,-13.37,-5.98
worker 1,2026-07-27 13:09:08.224,-1.16,0.38,0.14,-4.52,-13.18,-4.03
worker 1,2026-07-27 13:09:08.225,-0.85,0.43,0.2,-9.28,-6.47,2.01
worker 1,2026-07-27 13:09:08.404,-0.85,0.43,0.2,-17.76,-26.43,-0.06
worker 1,2026-07-27 13:09:08.404,-0.78,0.43,0.01,-17.76,-26.43,-0.06
worker 1,2026-07-27 13:09:08.405,-0.93,0.33,-0.19,2.99,-65.25,-0.67
worker 1,2026-07-27 13:09:08.464,-1.0,0.16,-0.16,30.7,-54.08,18.25
worker 1,2026-07-27 13:09:08.465,-1.0,0.16,-0.16,30.7,-54.08,18.25
worker 1,2026-07-27 13:09:08.465,-1.02,0.03,-0.03,35.22,-15.56,30.76
worker 1,2026-07-27 13:09:08.466,-1.01,0.1,-0.03,41.14,-8.06,12.82
worker 1,2026-07-27 13:09:08.466,-0.94,0.26,-0.01,52.92,-12.33,-8.91
worker 1,2026-07-27 13:09:08.524,-0.94,0.26,-0.01,52.92,-12.33,-8.91
worker 1,2026-07-27 13:09:08.524,-0.87,0.34,0.05,50.48,-6.53,-9.7
worker 1,2026-07-27 13:09:08.643,-0.88,0.27,0.04,33.33,-3.85,7.08
worker 1,2026-07-27 13:09:08.644,-0.88,0.27,0.04,33.33,-3.85,7.08
worker 1,2026-07-27 13:09:08.644,-0.96,0.16,-0.0,34.67,-11.47,28.44
worker 1,2026-07-27 13:09:08.645,-0.96,0.16,-0.0,34.67,-11.47,28.44
worker 1,2026-07-27 13:09:08.704,-0.97,0.2,0.03,106.14,-21.73,46.14
worker 1,2026-07-27 13:09:08.704,-1.01,0.23,0.15,142.33,-15.87,51.7
worker 1,2026-07-27 13:09:08.763,-1.01,0.23,0.15,142.33,-15.87,51.7
worker 1,2026-07-27 13:09:08.764,-1.17,0.3,0.23,180.11,-9.34,57.01
worker 1,2026-07-27 13:09:08.894,-1.22,0.57,0.04,197.88,-10.99,47.18
worker 1,2026-07-27 13:09:08.895,-1.22,0.57,0.04,197.88,-10.99,47.18
worker 1,2026-07-27 13:09:08.895,-0.95,0.8,-0.29,167.05,-16.6,34.12
worker 1,2026-07-27 13:09:08.896,-0.67,0.68,-0.32,101.68,-13.49,52.31
worker 1,2026-07-27 13:09:08.944,-0.61,0.43,-0.18,61.22,-15.38,77.45
worker 1,2026-07-27 13:09:08.945,-0.71,0.28,-0.21,70.31,-36.99,66.16
worker 1,2026-07-27 13:09:09.063,-0.71,0.28,-0.21,70.31,-36.99,66.16
worker 1,2026-07-27 13:09:09.064,-0.82,0.11,-0.26,101.81,-66.77,31.68
worker 1,2026-07-27 13:09:09.065,-0.83,0.06,-0.16,114.07,-81.85,2.69
worker 1,2026-07-27 13:09:09.066,-0.83,0.06,-0.16,114.07,-81.85,2.69
worker 1,2026-07-27 13:09:09.066,-0.81,0.27,-0.11,75.32,-73.36,-10.86
worker 1,2026-07-27 13:09:09.243,-0.81,0.27,-0.11,75.32,-73.36,-10.86
worker 1,2026-07-27 13:09:09.243,-0.85,0.49,-0.21,19.53,-61.04,-13.37
worker 1,2026-07-27 13:09:09.246,-0.85,0.49,-0.21,19.53,-61.04,-13.37
worker 1,2026-07-27 13:09:09.246,-0.91,0.56,-0.3,3.05,-62.38,-16.91
worker 1,2026-07-27 13:09:09.246,-0.91,0.56,-0.3,23.56,-64.94,-24.66
worker 1,2026-07-27 13:09:09.246,-1.0,0.53,-0.53,23.56,-64.94,-24.66
worker 1,2026-07-27 13:09:09.247,-1.1,0.39,-0.64,58.53,-39.0,-31.07
worker 1,2026-07-27 13:09:09.308,-0.96,0.33,-0.34,53.96,23.68,-23.93
worker 1,2026-07-27 13:09:09.365,-0.84,0.38,-0.13,-30.82,89.66,1.28
worker 1,2026-07-27 13:09:09.366,-0.84,0.38,-0.13,-87.95,107.24,18.07
worker 1,2026-07-27 13:09:09.367,-0.89,0.4,-0.13,-87.95,107.24,18.07
worker 1,2026-07-27 13:09:09.484,-0.93,0.38,-0.2,-39.86,76.11,21.85
worker 1,2026-07-27 13:09:09.484,-0.92,0.31,-0.31,39.67,38.45,27.95
worker 1,2026-07-27 13:09:09.485,-0.92,0.31,-0.31,39.67,38.45,27.95
worker 1,2026-07-27 13:09:09.485,-0.86,0.31,-0.37,85.14,16.72,31.74
worker 1,2026-07-27 13:09:09.486,-0.86,0.31,-0.37,85.14,16.72,31.74
worker 1,2026-07-27 13:09:09.611,-0.8,0.3,-0.39,89.48,17.94,34.91
worker 1,2026-07-27 13:09:09.612,-0.87,0.21,-0.43,57.5,39.43,41.14
worker 1,2026-07-27 13:09:09.613,-0.87,0.21,-0.43,57.5,39.43,41.14
worker 1,2026-07-27 13:09:09.663,-0.89,0.23,-0.47,-3.66,74.52,44.86
worker 1,2026-07-27 13:09:09.664,-0.89,0.23,-0.47,-3.66,74.52,44.86
worker 1,2026-07-27 13:09:09.665,-0.66,0.55,-0.52,-56.82,107.73,39.61
worker 1,2026-07-27 13:09:09.783,-0.41,0.84,-0.57,-56.58,117.0,32.59
worker 1,2026-07-27 13:09:09.784,-0.38,0.73,-0.6,-18.13,106.57,37.23
worker 1,2026-07-27 13:09:09.784,-0.53,0.51,-0.68,15.2,97.29,47.55
worker 1,2026-07-27 13:09:09.786,-0.51,0.49,-0.7,46.57,95.64,52.8
worker 1,2026-07-27 13:09:09.843,-0.51,0.49,-0.7,80.02,94.79,49.44
worker 1,2026-07-27 13:09:09.846,-0.36,0.53,-0.7,80.02,94.79,49.44
worker 1,2026-07-27 13:09:09.904,-0.36,0.54,-0.79,99.24,94.48,38.76
worker 1,2026-07-27 13:09:09.905,-0.26,0.48,-0.91,98.69,98.27,25.39
worker 1,2026-07-27 13:09:09.964,-0.26,0.48,-0.91,98.69,98.27,25.39
worker 1,2026-07-27 13:09:09.965,-0.08,0.35,-1.01,75.81,89.36,12.76
worker 1,2026-07-27 13:09:10.024,-0.1,0.33,-1.06,36.13,54.87,7.2
worker 1,2026-07-27 13:09:10.024,-0.21,0.37,-1.02,2.69,12.27,6.65
worker 1,2026-07-27 13:09:10.085,-0.21,0.37,-1.02,2.69,12.27,6.65
worker 1,2026-07-27 13:09:10.086,-0.24,0.39,-0.92,-7.39,-13.43,3.3
worker 1,2026-07-27 13:09:10.144,-0.19,0.34,-0.83,-1.1,-17.64,-3.05
worker 1,2026-07-27 13:09:10.145,-0.19,0.34,-0.83,-1.1,-17.64,-3.05
worker 1,2026-07-27 13:09:10.204,-0.15,0.29,-0.8,6.96,-13.49,-8.54
worker 1,2026-07-27 13:09:10.204,-0.15,0.29,-0.8,10.44,-13.85,-11.47
worker 1,2026-07-27 13:09:10.205,-0.18,0.28,-0.84,10.44,-13.85,-11.47
worker 1,2026-07-27 13:09:10.264,-0.26,0.32,-0.93,11.23,-19.23,-12.94
worker 1,2026-07-27 13:09:10.265,-0.34,0.37,-0.99,12.51,-21.24,-14.65
worker 1,2026-07-27 13:09:10.324,-0.34,0.37,-0.99,12.51,-21.24,-14.65
worker 1,2026-07-27 13:09:10.324,-0.35,0.39,-1.0,18.43,-16.6,-16.72
worker 1,2026-07-27 13:09:10.384,-0.35,0.39,-1.0,18.43,-16.6,-16.72
worker 1,2026-07-27 13:09:10.385,-0.33,0.36,-0.94,29.24,-11.23,-18.98
worker 1,2026-07-27 13:09:10.385,-0.3,0.31,-0.89,36.13,-8.42,-19.65
worker 1,2026-07-27 13:09:10.445,-0.3,0.31,-0.89,36.13,-8.42,-19.65
worker 1,2026-07-27 13:09:10.447,-0.28,0.26,-0.87,31.8,-5.43,-15.14
worker 1,2026-07-27 13:09:10.504,-0.27,0.24,-0.88,18.01,-1.4,-6.59
worker 1,2026-07-27 13:09:10.505,-0.27,0.24,-0.88,18.01,-1.4,-6.59
worker 1,2026-07-27 13:09:10.565,-0.28,0.25,-0.91,2.08,1.83,0.98
worker 1,2026-07-27 13:09:10.565,-0.29,0.27,-0.94,-9.22,3.78,5.0
worker 1,2026-07-27 13:09:10.624,-0.31,0.28,-0.95,-12.94,5.43,6.47
worker 1,2026-07-27 13:09:10.684,-0.31,0.28,-0.95,-12.94,5.43,6.47
worker 1,2026-07-27 13:09:10.684,-0.32,0.27,-0.95,-9.95,6.47,6.1
worker 1,2026-07-27 13:09:10.686,-0.31,0.25,-0.93,-3.11,5.68,4.21
worker 1,2026-07-27 13:09:10.744,-0.29,0.24,-0.91,3.17,3.42,1.83
worker 1,2026-07-27 13:09:10.745,-0.28,0.25,-0.91,5.19,1.1,0.12
worker 1,2026-07-27 13:09:10.804,-0.28,0.25,-0.91,5.19,1.1,0.12
worker 1,2026-07-27 13:09:10.805,-0.28,0.25,-0.92,4.46,-0.67,-0.85
worker 1,2026-07-27 13:09:10.864,-0.29,0.26,-0.93,3.85,-1.89,-1.34
worker 1,2026-07-27 13:09:10.984,-0.3,0.26,-0.94,3.78,-1.89,-1.53
worker 1,2026-07-27 13:09:10.984,-0.3,0.26,-0.93,3.17,-0.73,-1.16
worker 1,2026-07-27 13:09:10.985,-0.3,0.26,-0.93,3.17,-0.73,-1.16
worker 1,2026-07-27 13:09:10.986,-0.3,0.26,-0.93,1.04,0.79,-0.49
worker 1,2026-07-27 13:09:10.986,-0.29,0.26,-0.93,-2.14,2.14,0.18
worker 1,2026-07-27 13:09:11.043,-0.29,0.26,-0.93,-2.14,2.14,0.18
worker 1,2026-07-27 13:09:11.044,-0.29,0.26,-0.93,-3.91,3.17,0.98
worker 1,2026-07-27 13:09:11.104,-0.29,0.26,-0.93,-3.91,3.17,0.98
worker 1,2026-07-27 13:09:11.164,-0.28,0.26,-0.93,-3.3,4.15,1.71
worker 1,2026-07-27 13:09:11.167,-0.28,0.26,-0.93,-3.3,4.15,1.71
worker 1,2026-07-27 13:09:11.178,-0.27,0.27,-0.93,-2.14,5.0,2.08
worker 1,2026-07-27 13:09:11.180,-0.27,0.27,-0.92,-1.46,4.7,2.2
worker 1,2026-07-27 13:09:11.284,-0.27,0.26,-0.89,-3.48,6.53,2.99
worker 1,2026-07-27 13:09:11.285,-0.27,0.26,-0.89,-3.48,6.53,2.99
worker 1,2026-07-27 13:09:11.285,-0.26,0.27,-0.89,-12.82,17.52,5.74
worker 1,2026-07-27 13:09:11.286,-0.24,0.3,-0.94,-23.93,27.1,7.63
worker 1,2026-07-27 13:09:11.344,-0.24,0.3,-0.94,-27.83,24.17,5.98
worker 1,2026-07-27 13:09:11.345,-0.22,0.32,-0.96,-27.83,24.17,5.98
worker 1,2026-07-27 13:09:11.345,-0.18,0.32,-0.95,-26.37,14.22,3.97
worker 1,2026-07-27 13:09:11.404,-0.18,0.32,-0.95,-26.37,14.22,3.97
worker 1,2026-07-27 13:09:11.405,-0.15,0.31,-0.93,-24.05,2.01,3.72
worker 1,2026-07-27 13:09:11.464,-0.14,0.32,-0.92,-24.05,-10.01,2.93
worker 1,2026-07-27 13:09:11.525,-0.15,0.34,-0.91,-27.4,-23.01,-0.79
worker 1,2026-07-27 13:09:11.525,-0.22,0.37,-0.92,-29.72,-38.02,-6.53
worker 1,2026-07-27 13:09:11.644,-0.31,0.42,-0.97,-24.35,-48.95,-10.5
worker 1,2026-07-27 13:09:11.645,-0.35,0.45,-0.97,-15.5,-46.94,-8.79
worker 1,2026-07-27 13:09:11.645,-0.34,0.5,-0.97,-17.09,-39.18,-4.39
worker 1,2026-07-27 13:09:11.704,-0.34,0.5,-0.97,-33.57,-39.43,-1.34
worker 1,2026-07-27 13:09:11.704,-0.33,0.55,-0.98,-33.57,-39.43,-1.34
worker 1,2026-07-27 13:09:11.705,-0.38,0.52,-0.93,-53.59,-50.11,-3.6
worker 1,2026-07-27 13:09:11.764,-0.38,0.52,-0.93,-53.59,-50.11,-3.6
worker 1,2026-07-27 13:09:11.764,-0.46,0.44,-0.84,-64.21,-67.08,-16.91
worker 1,2026-07-27 13:09:11.824,-0.46,0.44,-0.84,-64.21,-67.08,-16.91
worker 1,2026-07-27 13:09:11.826,-0.53,0.41,-0.73,-65.61,-81.91,-38.33
worker 1,2026-07-27 13:09:11.827,-0.53,0.41,-0.73,-65.61,-81.91,-38.33
worker 1,2026-07-27 13:09:11.883,-0.55,0.45,-0.61,-64.27,-92.16,-62.93
worker 1,2026-07-27 13:09:11.884,-0.54,0.48,-0.49,-53.1,-101.87,-78.49
worker 1,2026-07-27 13:09:12.004,-0.51,0.43,-0.37,-25.94,-115.6,-77.21
worker 1,2026-07-27 13:09:12.004,-0.54,0.36,-0.24,2.14,-130.13,-68.6
worker 1,2026-07-27 13:09:12.005,-0.54,0.36,-0.24,2.14,-130.13,-68.6
worker 1,2026-07-27 13:09:12.005,-0.83,0.38,-0.13,15.01,-136.66,-58.17
worker 1,2026-07-27 13:09:12.063,-1.23,0.43,-0.13,20.57,-134.09,-44.98
worker 1,2026-07-27 13:09:12.064,-1.23,0.43,-0.13,20.57,-134.09,-44.98
worker 1,2026-07-27 13:09:12.124,-1.2,0.38,-0.18,37.84,-125.18,-35.89
worker 1,2026-07-27 13:09:12.125,-0.87,0.31,-0.23,39.49,-108.15,-32.71
worker 1,2026-07-27 13:09:12.185,-0.87,0.31,-0.23,16.91,-78.92,-25.88
worker 1,2026-07-27 13:09:12.186,-0.75,0.32,-0.27,16.91,-78.92,-25.88
worker 1,2026-07-27 13:09:12.244,-0.84,0.35,-0.22,2.87,-40.47,-13.12
worker 1,2026-07-27 13:09:12.245,-0.84,0.35,-0.22,2.87,-40.47,-13.12
worker 1,2026-07-27 13:09:12.245,-0.94,0.31,-0.1,2.62,-8.12,-1.22
worker 1,2026-07-27 13:09:12.305,-0.94,0.31,-0.1,2.62,-8.12,-1.22
worker 1,2026-07-27 13:09:12.305,-0.99,0.25,-0.0,7.45,6.41,2.93
worker 1,2026-07-27 13:09:12.306,-0.99,0.25,-0.0,7.45,6.41,2.93
worker 1,2026-07-27 13:09:12.425,-0.96,0.29,0.01,2.5,7.87,-0.92
worker 1,2026-07-27 13:09:12.426,-0.91,0.38,-0.03,-18.01,1.95,-8.24
worker 1,2026-07-27 13:09:12.426,-0.9,0.39,-0.08,-33.08,-5.0,-9.09
worker 1,2026-07-27 13:09:12.427,-0.9,0.39,-0.08,-33.08,-5.0,-9.09
worker 1,2026-07-27 13:09:12.484,-0.93,0.32,-0.07,-15.5,-7.32,-2.5
worker 1,2026-07-27 13:09:12.485,-0.95,0.28,-0.05,8.85,-6.23,1.46
worker 1,2026-07-27 13:09:12.546,-0.95,0.28,-0.05,8.85,-6.23,1.46
worker 1,2026-07-27 13:09:12.547,-0.94,0.31,-0.06,6.59,-4.09,0.92
worker 1,2026-07-27 13:09:12.604,-0.94,0.31,-0.06,6.59,-4.09,0.92
worker 1,2026-07-27 13:09:12.605,-0.94,0.31,-0.06,6.59,-4.09,0.92
worker 1,2026-07-27 13:09:12.605,-0.93,0.31,-0.07,-0.98,-3.11,0.31
worker 1,2026-07-27 13:09:12.665,-0.93,0.31,-0.07,-0.98,-3.11,0.31
worker 1,2026-07-27 13:09:12.666,-0.93,0.3,-0.06,3.3,-2.69,0.79
worker 1,2026-07-27 13:09:12.783,-0.93,0.31,-0.06,3.6,-1.77,0.18
worker 1,2026-07-27 13:09:12.908,-0.93,0.31,-0.06,3.6,-1.77,0.18
worker 1,2026-07-27 13:09:12.908,-0.94,0.31,-0.08,1.53,-1.4,-0.67
worker 1,2026-07-27 13:09:12.909,-0.94,0.31,-0.08,1.53,-1.4,-0.67
worker 1,2026-07-27 13:09:12.909,-0.94,0.31,-0.08,3.05,-1.71,-0.79
worker 1,2026-07-27 13:09:12.909,-0.94,0.29,-0.08,6.71,-1.77,-0.49
worker 1,2026-07-27 13:09:12.909,-0.94,0.29,-0.08,8.06,-2.01,-0.67
worker 1,2026-07-27 13:09:12.910,-0.94,0.29,-0.08,5.31,-1.83,-0.92
worker 1,2026-07-27 13:09:13.023,-0.94,0.29,-0.09,1.1,-0.49,-0.67
worker 1,2026-07-27 13:09:13.024,-0.94,0.29,-0.09,1.1,-0.49,-0.67
worker 1,2026-07-27 13:09:13.024,-0.94,0.29,-0.08,-0.79,0.98,-0.31
worker 1,2026-07-27 13:09:13.026,-0.94,0.29,-0.07,-0.37,1.59,-0.12
worker 1,2026-07-27 13:09:13.027,-0.94,0.29,-0.07,-0.37,1.59,-0.12
worker 1,2026-07-27 13:09:13.084,-0.94,0.3,-0.07,0.18,1.28,0.0
worker 1,2026-07-27 13:09:13.084,-0.94,0.3,-0.08,0.12,0.73,0.18
worker 1,2026-07-27 13:09:13.144,-0.94,0.3,-0.08,0.12,0.73,0.18
worker 1,2026-07-27 13:09:13.144,-0.94,0.29,-0.09,0.06,0.85,0.18
worker 1,2026-07-27 13:09:13.145,-0.94,0.29,-0.09,0.06,0.85,0.18
worker 1,2026-07-27 13:09:13.326,-0.94,0.29,-0.09,-0.43,2.14,0.06
worker 1,2026-07-27 13:09:13.330,-0.94,0.29,-0.09,-0.43,2.14,0.06
worker 1,2026-07-27 13:09:13.330,-0.94,0.29,-0.08,-1.71,4.27,0.06
worker 1,2026-07-27 13:09:13.330,-0.94,0.3,-0.08,-3.23,6.47,0.24
worker 1,2026-07-27 13:09:13.331,-0.94,0.31,-0.07,-3.17,7.87,0.49
worker 1,2026-07-27 13:09:13.331,-0.94,0.32,-0.07,-1.1,8.79,0.79
worker 1,2026-07-27 13:09:13.447,-0.93,0.32,-0.07,1.83,9.7,1.4
worker 1,2026-07-27 13:09:13.448,-0.93,0.33,-0.08,4.94,10.44,1.89
worker 1,2026-07-27 13:09:13.449,-0.93,0.33,-0.1,7.39,10.8,2.32
worker 1,2026-07-27 13:09:13.503,-0.93,0.33,-0.1,9.34,11.17,2.93
worker 1,2026-07-27 13:09:13.624,-0.93,0.32,-0.12,9.34,11.17,2.93
worker 1,2026-07-27 13:09:13.625,-0.93,0.32,-0.13,11.66,12.15,3.48
worker 1,2026-07-27 13:09:13.625,-0.93,0.32,-0.13,14.34,14.4,3.78
worker 1,2026-07-27 13:09:13.626,-0.93,0.32,-0.13,14.34,14.4,3.78
worker 1,2026-07-27 13:09:13.626,-0.92,0.33,-0.14,16.6,17.76,4.03
worker 1,2026-07-27 13:09:13.685,-0.9,0.33,-0.15,17.7,21.97,5.19
worker 1,2026-07-27 13:09:13.686,-0.88,0.33,-0.17,17.03,27.59,8.3
worker 1,2026-07-27 13:09:13.747,-0.87,0.31,-0.19,13.18,35.83,13.67
worker 1,2026-07-27 13:09:13.748,-0.87,0.31,-0.19,13.18,35.83,13.67
worker 1,2026-07-27 13:09:13.805,-0.87,0.29,-0.22,4.27,47.85,20.63
worker 1,2026-07-27 13:09:13.806,-0.87,0.29,-0.22,4.27,47.85,20.63
worker 1,2026-07-27 13:09:13.863,-0.85,0.31,-0.27,-6.77,64.88,26.86
worker 1,2026-07-27 13:09:13.864,-0.85,0.31,-0.27,-6.77,64.88,26.86
worker 1,2026-07-27 13:09:13.864,-0.8,0.33,-0.29,-4.64,88.87,32.17
worker 1,2026-07-27 13:09:13.934,-0.77,0.35,-0.33,12.88,115.66,38.7
worker 1,2026-07-27 13:09:13.936,-0.77,0.35,-0.33,12.88,115.66,38.7
worker 1,2026-07-27 13:09:13.936,-0.78,0.4,-0.39,32.78,134.09,42.79
worker 1,2026-07-27 13:09:13.984,-0.78,0.4,-0.39,32.78,134.09,42.79
worker 1,2026-07-27 13:09:13.984,-0.7,0.38,-0.48,40.41,144.65,40.34
worker 1,2026-07-27 13:09:14.044,-0.51,0.33,-0.69,32.53,148.07,33.02
worker 1,2026-07-27 13:09:14.044,-0.48,0.39,-0.94,37.6,143.13,21.36
worker 1,2026-07-27 13:09:14.104,-0.48,0.39,-0.94,37.6,143.13,21.36
worker 1,2026-07-27 13:09:14.106,-0.46,0.41,-1.14,62.13,143.55,6.16
worker 1,2026-07-27 13:09:14.224,-0.19,0.28,-1.31,69.27,144.41,2.26
worker 1,2026-07-27 13:09:14.225,-0.19,0.28,-1.31,69.27,144.41,2.26
worker 1,2026-07-27 13:09:14.225,-0.04,0.25,-1.27,47.06,114.87,12.02
worker 1,2026-07-27 13:09:14.225,-0.13,0.31,-1.03,20.26,58.04,15.62
worker 1,2026-07-27 13:09:14.226,-0.13,0.31,-1.03,20.26,58.04,15.62
worker 1,2026-07-27 13:09:14.343,-0.21,0.3,-0.82,3.66,10.19,9.03
worker 1,2026-07-27 13:09:14.344,-0.21,0.3,-0.82,3.66,10.19,9.03
worker 1,2026-07-27 13:09:14.344,-0.19,0.25,-0.75,-3.05,-14.71,0.0
worker 1,2026-07-27 13:09:14.344,-0.18,0.22,-0.78,-0.24,-24.29,-8.06
worker 1,2026-07-27 13:09:14.345,-0.18,0.22,-0.78,-0.24,-24.29,-8.06
worker 1,2026-07-27 13:09:14.405,-0.24,0.23,-0.85,9.16,-22.22,-10.68
worker 1,2026-07-27 13:09:14.405,-0.3,0.26,-0.95,16.85,-8.24,-4.09
worker 1,2026-07-27 13:09:14.467,-0.3,0.26,-0.95,16.85,-8.24,-4.09
worker 1,2026-07-27 13:09:14.469,-0.33,0.29,-1.03,20.08,6.16,5.68
worker 1,2026-07-27 13:09:14.525,-0.32,0.3,-1.01,19.96,10.93,9.95
worker 1,2026-07-27 13:09:14.584,-0.32,0.3,-1.01,19.96,10.93,9.95
worker 1,2026-07-27 13:09:14.585,-0.28,0.28,-0.94,15.93,7.39,7.26
worker 1,2026-07-27 13:09:14.586,-0.25,0.23,-0.89,7.69,1.28,2.32
worker 1,2026-07-27 13:09:14.645,-0.25,0.19,-0.9,-2.62,-3.85,-0.55
worker 1,2026-07-27 13:09:14.645,-0.26,0.19,-0.93,-8.79,-7.39,-2.56
worker 1,2026-07-27 13:09:14.703,-0.26,0.19,-0.93,-8.79,-7.39,-2.56
worker 1,2026-07-27 13:09:14.704,-0.27,0.21,-0.95,-7.69,-7.93,-4.76
worker 1,2026-07-27 13:09:14.764,-0.29,0.24,-0.96,-2.14,-5.25,-5.49
worker 1,2026-07-27 13:09:14.764,-0.29,0.25,-0.94,2.99,-2.69,-4.58
worker 1,2026-07-27 13:09:14.823,-0.29,0.25,-0.94,2.99,-2.69,-4.58
worker 1,2026-07-27 13:09:14.824,-0.29,0.26,-0.93,5.19,-3.11,-3.78
worker 1,2026-07-27 13:09:14.884,-0.29,0.26,-0.94,4.39,-5.25,-3.48
worker 1,2026-07-27 13:09:15.003,-0.3,0.26,-0.96,0.92,-4.21,-2.14
worker 1,2026-07-27 13:09:15.063,-0.3,0.26,-0.96,0.92,-4.21,-2.14
worker 1,2026-07-27 13:09:15.064,-0.27,0.27,-0.94,-5.49,3.17,1.65
worker 1,2026-07-27 13:09:15.064,-0.24,0.27,-0.91,-11.72,11.11,7.87
worker 1,2026-07-27 13:09:15.065,-0.24,0.27,-0.91,-11.72,11.11,7.87
worker 1,2026-07-27 13:09:15.065,-0.23,0.27,-0.9,-12.08,11.96,13.73
worker 1,2026-07-27 13:09:15.065,-0.23,0.24,-0.88,-7.57,8.36,16.48
worker 1,2026-07-27 13:09:15.066,-0.23,0.24,-0.88,-7.57,8.36,16.48
worker 1,2026-07-27 13:09:15.183,-0.22,0.22,-0.82,-3.17,5.49,15.01
worker 1,2026-07-27 13:09:15.184,-0.22,0.22,-0.82,-3.17,5.49,15.01
worker 1,2026-07-27 13:09:15.184,-0.19,0.2,-0.84,-5.13,0.18,9.52
worker 1,2026-07-27 13:09:15.185,-0.18,0.2,-0.97,-12.21,-19.59,0.67
worker 1,2026-07-27 13:09:15.244,-0.23,0.23,-1.08,-18.74,-50.96,-7.14
worker 1,2026-07-27 13:09:15.245,-0.33,0.34,-1.19,-28.38,-72.81,-6.65
worker 1,2026-07-27 13:09:15.304,-0.33,0.34,-1.19,-28.38,-72.81,-6.65
worker 1,2026-07-27 13:09:15.304,-0.42,0.48,-1.17,-45.59,-75.81,0.43
worker 1,2026-07-27 13:09:15.364,-0.45,0.56,-0.98,-59.94,-75.56,9.52
worker 1,2026-07-27 13:09:15.364,-0.55,0.48,-0.8,-62.87,-86.85,15.75
worker 1,2026-07-27 13:09:15.424,-0.55,0.48,-0.8,-62.87,-86.85,15.75
worker 1,2026-07-27 13:09:15.425,-0.67,0.33,-0.69,-59.27,-101.99,5.8
worker 1,2026-07-27 13:09:15.545,-0.64,0.26,-0.59,-54.44,-110.05,-21.79
worker 1,2026-07-27 13:09:15.546,-0.64,0.26,-0.59,-54.44,-110.05,-21.79
worker 1,2026-07-27 13:09:15.547,-0.56,0.28,-0.47,-45.1,-117.74,-56.88
worker 1,2026-07-27 13:09:15.549,-0.55,0.37,-0.36,-30.03,-132.69,-79.35
worker 1,2026-07-27 13:09:15.569,-0.55,0.37,-0.36,-30.03,-132.69,-79.35
worker 1,2026-07-27 13:09:15.724,-0.67,0.42,-0.3,-19.35,-149.48,-73.18
worker 1,2026-07-27 13:09:15.725,-0.89,0.39,-0.29,-15.99,-156.01,-51.45
worker 1,2026-07-27 13:09:15.725,-0.89,0.39,-0.29,-6.29,-140.69,-32.71
worker 1,2026-07-27 13:09:15.726,-0.99,0.31,-0.29,-6.29,-140.69,-32.71
worker 1,2026-07-27 13:09:15.726,-0.93,0.31,-0.24,-7.2,-100.95,-22.09
worker 1,2026-07-27 13:09:15.727,-0.93,0.31,-0.24,-7.2,-100.95,-22.09
worker 1,2026-07-27 13:09:15.727,-0.88,0.36,-0.19,-33.94,-55.36,-16.85
worker 1,2026-07-27 13:09:15.786,-0.88,0.36,-0.19,-33.94,-55.36,-16.85
worker 1,2026-07-27 13:09:15.786,-0.91,0.34,-0.13,-62.13,-28.26,-11.29
worker 1,2026-07-27 13:09:15.844,-0.91,0.34,-0.13,-62.13,-28.26,-11.29
worker 1,2026-07-27 13:09:15.846,-0.93,0.29,-0.04,-85.45,-12.15,-7.32
worker 1,2026-07-27 13:09:15.846,-0.95,0.31,0.04,-84.84,8.79,-8.36
worker 1,2026-07-27 13:09:15.903,-0.95,0.31,0.04,-84.84,8.79,-8.36
worker 1,2026-07-27 13:09:15.904,-0.96,0.34,0.06,-44.01,18.68,-7.69
worker 1,2026-07-27 13:09:16.028,-0.94,0.35,0.05,-32.59,7.14,5.8
worker 1,2026-07-27 13:09:16.028,-0.84,0.37,-0.01,-104.8,0.73,21.79
worker 1,2026-07-27 13:09:16.029,-0.82,0.37,-0.01,-192.38,13.37,22.71
worker 1,2026-07-27 13:09:16.096,-0.9,0.4,0.04,-197.45,22.16,6.41
worker 1,2026-07-27 13:09:16.097,-0.9,0.4,0.04,-197.45,22.16,6.41
worker 1,2026-07-27 13:09:16.144,-0.88,0.4,-0.06,17.88,22.52,-24.17
worker 1,2026-07-27 13:09:16.145,-0.92,0.41,-0.21,368.47,11.54,-30.58
worker 1,2026-07-27 13:09:16.265,-1.05,0.43,-0.28,470.83,5.37,-3.91
worker 1,2026-07-27 13:09:16.266,-1.05,0.43,-0.28,470.83,5.37,-3.91
worker 1,2026-07-27 13:09:16.267,-1.04,0.41,-0.3,307.13,10.13,4.58
worker 1,2026-07-27 13:09:16.267,-0.89,0.33,-0.33,181.58,32.41,-4.15
worker 1,2026-07-27 13:09:16.268,-0.89,0.33,-0.33,181.58,32.41,-4.15
worker 1,2026-07-27 13:09:16.329,-0.6,0.19,-0.28,229.49,56.64,3.85
worker 1,2026-07-27 13:09:16.329,-0.6,0.19,-0.28,209.84,45.41,30.7
worker 1,2026-07-27 13:09:16.384,-0.6,0.24,-0.05,209.84,45.41,30.7
worker 1,2026-07-27 13:09:16.384,-0.92,0.31,0.13,-107.79,-29.91,27.89
worker 1,2026-07-27 13:09:16.385,-0.92,0.31,0.13,-107.79,-29.91,27.89
worker 1,2026-07-27 13:09:16.445,-1.01,0.38,0.03,-342.83,-111.15,-5.62
worker 1,2026-07-27 13:09:16.446,-1.01,0.38,0.03,-342.83,-111.15,-5.62
worker 1,2026-07-27 13:09:16.504,-0.98,0.58,-0.23,-147.22,-69.03,-51.57
worker 1,2026-07-27 13:09:16.505,-0.98,0.58,-0.23,-147.22,-69.03,-51.57
worker 1,2026-07-27 13:09:16.574,-0.98,0.58,-0.23,-147.22,-69.03,-51.57
worker 1,2026-07-27 13:09:16.805,-0.55,-0.18,-0.5,154.54,38.45,-371.03
worker 1,2026-07-27 13:09:16.805,-0.64,-0.98,-0.19,42.85,-49.5,-390.81
worker 1,2026-07-27 13:09:16.806,-0.64,-0.98,-0.19,42.85,-49.5,-390.81
worker 1,2026-07-27 13:09:16.806,-0.96,-1.4,0.01,-14.47,-116.09,-281.19
worker 1,2026-07-27 13:09:16.807,-0.96,-1.4,0.01,-14.47,-116.09,-281.19
worker 1,2026-07-27 13:09:16.807,-0.9,-0.98,-0.26,35.34,-106.75,-74.34
worker 1,2026-07-27 13:09:16.808,-0.9,-0.98,-0.26,35.34,-106.75,-74.34
worker 1,2026-07-27 13:09:16.808,-0.64,-0.3,-0.26,215.82,-38.64,106.69
worker 1,2026-07-27 13:09:16.808,-0.63,-0.04,0.07,316.96,17.7,145.57
worker 1,2026-07-27 13:09:16.809,-0.79,-0.2,0.19,192.2,42.91,72.81
worker 1,2026-07-27 13:09:16.812,-0.79,-0.2,0.19,192.2,42.91,72.81
worker 1,2026-07-27 13:09:16.864,-0.79,-0.2,0.19,192.2,42.91,72.81
worker 1,2026-07-27 13:09:16.871,-1.0,-0.36,-0.12,-20.14,114.01,38.39
worker 1,2026-07-27 13:09:16.924,-1.01,-0.34,-0.11,31.92,206.48,106.51
worker 1,2026-07-27 13:09:17.164,-1.0,-0.3,-0.07,87.71,219.24,160.28
worker 1,2026-07-27 13:09:17.165,-1.0,-0.3,-0.07,87.71,219.24,160.28
worker 1,2026-07-27 13:09:17.165,-1.01,-0.24,-0.1,75.44,104.37,144.59
worker 1,2026-07-27 13:09:17.223,-1.01,-0.24,-0.1,75.44,104.37,144.59
worker 1,2026-07-27 13:09:17.224,-0.97,-0.1,-0.21,16.36,1.65,82.28
worker 1,2026-07-27 13:09:17.225,-1.02,0.07,-0.37,37.66,9.7,49.01
worker 1,2026-07-27 13:09:17.225,-1.07,0.07,-0.4,109.19,32.65,32.41
worker 1,2026-07-27 13:09:17.226,-1.07,0.07,-0.4,109.19,32.65,32.41
worker 1,2026-07-27 13:09:17.226,-1.08,-0.03,-0.32,117.07,0.06,7.87
worker 1,2026-07-27 13:09:17.227,-1.08,-0.03,-0.32,117.07,0.06,7.87
worker 1,2026-07-27 13:09:17.227,-1.16,-0.09,-0.22,82.15,-57.98,-14.34
worker 1,2026-07-27 13:09:17.227,-1.16,-0.09,-0.22,53.83,-130.74,-43.33
worker 1,2026-07-27 13:09:17.228,-1.26,-0.1,-0.17,53.83,-130.74,-43.33
worker 1,2026-07-27 13:09:17.283,-1.2,-0.09,-0.16,36.5,-169.01,-65.92
worker 1,2026-07-27 13:09:17.284,-1.2,-0.09,-0.16,36.5,-169.01,-65.92
worker 1,2026-07-27 13:09:17.344,-1.0,-0.12,-0.13,13.61,-144.17,-57.37
worker 1,2026-07-27 13:09:17.345,-1.0,-0.12,-0.13,13.61,-144.17,-57.37
worker 1,2026-07-27 13:09:17.345,-0.89,-0.24,-0.02,-1.71,-97.9,-13.43
worker 1,2026-07-27 13:09:17.466,-0.85,-0.49,0.05,-0.92,-65.0,41.38
worker 1,2026-07-27 13:09:17.466,-0.83,-0.78,0.02,7.75,-19.59,51.39
worker 1,2026-07-27 13:09:17.467,-0.83,-0.78,0.02,7.75,-19.59,51.39
worker 1,2026-07-27 13:09:17.467,-0.87,-0.93,0.07,-1.04,63.6,-10.93
worker 1,2026-07-27 13:09:17.524,-0.87,-0.93,0.07,-1.04,63.6,-10.93
worker 1,2026-07-27 13:09:17.584,-0.98,-0.94,0.19,-41.38,151.0,-115.6
worker 1,2026-07-27 13:09:17.585,-1.12,-0.84,0.22,-55.73,200.93,-204.22
worker 1,2026-07-27 13:09:17.585,-1.21,-0.69,0.18,-2.08,176.76,-229.31
worker 1,2026-07-27 13:09:17.644,-1.19,-0.5,0.21,105.9,82.7,-197.75
worker 1,2026-07-27 13:09:17.764,-1.03,-0.25,0.32,215.7,-46.33,-140.32
worker 1,2026-07-27 13:09:17.764,-1.03,-0.25,0.32,217.04,-133.3,-68.54
worker 1,2026-07-27 13:09:17.766,-0.85,-0.01,0.28,217.04,-133.3,-68.54
worker 1,2026-07-27 13:09:17.766,-0.62,-0.05,0.07,86.61,-151.49,-28.5
worker 1,2026-07-27 13:09:17.824,-0.39,-0.38,-0.1,-61.58,-131.65,-44.92
worker 1,2026-07-27 13:09:17.825,-0.32,-0.65,-0.18,-126.16,-70.07,-59.45
worker 1,2026-07-27 13:09:17.884,-0.32,-0.84,-0.2,-115.78,11.54,-49.87
worker 1,2026-07-27 13:09:17.944,-0.33,-0.98,-0.19,-77.76,83.74,-25.76
worker 1,2026-07-27 13:09:17.945,-0.33,-0.98,-0.19,-77.76,83.74,-25.76
worker 1,2026-07-27 13:09:17.946,-0.36,-1.0,-0.15,-10.68,105.53,9.4
worker 1,2026-07-27 13:09:18.005,-0.36,-1.0,-0.15,-10.68,105.53,9.4
worker 1,2026-07-27 13:09:18.006,-0.45,-0.96,-0.01,78.12,55.42,11.29
worker 1,2026-07-27 13:09:18.006,-0.45,-0.96,-0.01,153.69,-37.05,-13.12
worker 1,2026-07-27 13:09:18.064,-0.51,-0.92,0.17,153.69,-37.05,-13.12
worker 1,2026-07-27 13:09:18.064,-0.47,-0.83,0.29,202.64,-112.98,-20.26
worker 1,2026-07-27 13:09:18.123,-0.47,-0.83,0.29,202.64,-112.98,-20.26
worker 1,2026-07-27 13:09:18.124,-0.41,-0.69,0.48,240.84,-120.73,-27.1
worker 1,2026-07-27 13:09:18.125,-0.41,-0.69,0.48,240.84,-120.73,-27.1
worker 1,2026-07-27 13:09:18.189,-0.31,-0.55,0.64,250.31,-86.61,-31.86
worker 1,2026-07-27 13:09:18.189,-0.23,-0.42,0.72,208.98,-62.93,-18.19
worker 1,2026-07-27 13:09:18.192,-0.23,-0.42,0.72,208.98,-62.93,-18.19
worker 1,2026-07-27 13:09:18.244,-0.21,-0.33,0.8,144.41,-55.91,9.77
worker 1,2026-07-27 13:09:18.326,-0.2,-0.29,0.85,100.59,-64.33,46.33
worker 1,2026-07-27 13:09:18.327,-0.2,-0.29,0.85,100.59,-64.33,46.33
worker 1,2026-07-27 13:09:18.327,-0.17,-0.27,0.86,89.9,-82.4,74.52
worker 1,2026-07-27 13:09:18.364,-0.14,-0.25,0.87,73.3,-83.56,74.95
worker 1,2026-07-27 13:09:18.431,-0.11,-0.25,0.89,34.91,-65.49,50.96
worker 1,2026-07-27 13:09:18.432,-0.1,-0.29,0.89,2.87,-51.64,29.24
worker 1,2026-07-27 13:09:18.483,-0.1,-0.29,0.89,2.87,-51.64,29.24
worker 1,2026-07-27 13:09:18.484,-0.07,-0.28,0.88,-8.79,-40.71,18.01
worker 1,2026-07-27 13:09:18.544,-0.04,-0.22,0.88,-7.57,-26.0,8.0
worker 1,2026-07-27 13:09:18.545,-0.04,-0.16,0.89,-2.93,-14.04,12.63
worker 1,2026-07-27 13:09:18.604,-0.04,-0.16,0.89,-2.93,-14.04,12.63
worker 1,2026-07-27 13:09:18.604,-0.06,-0.19,0.88,-1.71,-3.42,30.46
worker 1,2026-07-27 13:09:18.605,-0.06,-0.19,0.88,-1.71,-3.42,30.46
worker 1,2026-07-27 13:09:18.664,-0.1,-0.26,0.91,-7.63,13.06,28.69
worker 1,2026-07-27 13:09:18.664,-0.1,-0.26,0.91,-11.72,19.9,4.94
worker 1,2026-07-27 13:09:18.723,-0.13,-0.32,0.95,-11.72,19.9,4.94
worker 1,2026-07-27 13:09:18.724,-0.08,-0.33,0.92,-2.14,-0.85,-26.06
worker 1,2026-07-27 13:09:18.852,0.01,-0.27,0.79,44.19,-43.7,-76.72
worker 1,2026-07-27 13:09:18.966,0.03,-0.1,0.71,152.65,-87.83,-156.01
worker 1,2026-07-27 13:09:18.966,0.0,0.13,0.78,259.64,-110.17,-216.31
worker 1,2026-07-27 13:09:18.967,0.0,0.13,0.78,259.64,-110.17,-216.31
worker 1,2026-07-27 13:09:18.967,0.02,0.36,0.79,278.26,-115.11,-221.98
worker 1,2026-07-27 13:09:18.968,0.02,0.36,0.79,278.26,-115.11,-221.98
worker 1,2026-07-27 13:09:18.970,0.03,0.51,0.74,204.77,-67.87,-170.41
worker 1,2026-07-27 13:09:18.970,0.03,0.51,0.74,113.65,42.42,-79.41
worker 1,2026-07-27 13:09:18.970,-0.02,0.48,0.75,113.65,42.42,-79.41
worker 1,2026-07-27 13:09:19.025,-0.13,0.36,0.67,75.26,120.3,-4.7
worker 1,2026-07-27 13:09:19.026,-0.13,0.36,0.67,75.26,120.3,-4.7
worker 1,2026-07-27 13:09:19.026,-0.19,0.25,0.54,55.3,115.11,7.81
worker 1,2026-07-27 13:09:19.084,-0.19,0.25,0.54,55.3,115.11,7.81
worker 1,2026-07-27 13:09:19.084,-0.2,0.19,0.46,26.31,65.37,-22.89
worker 1,2026-07-27 13:09:19.144,-0.24,0.15,0.41,-10.31,25.7,-38.82
worker 1,2026-07-27 13:09:19.144,-0.3,0.16,0.38,-60.42,13.49,-24.35
worker 1,2026-07-27 13:09:19.263,-0.3,0.16,0.38,-60.42,13.49,-24.35
worker 1,2026-07-27 13:09:19.264,-0.31,0.17,0.43,-92.16,15.32,1.22
worker 1,2026-07-27 13:09:19.324,-0.32,0.28,0.61,-76.72,22.89,7.2
worker 1,2026-07-27 13:09:19.325,-0.32,0.52,1.06,-51.7,23.56,1.46
worker 1,2026-07-27 13:09:19.326,0.09,0.92,1.93,-68.42,22.22,31.01
worker 1,2026-07-27 13:09:19.383,0.6,1.07,2.86,-104.86,39.0,66.04
worker 1,2026-07-27 13:09:19.384,0.6,1.07,2.86,-104.86,39.0,66.04
worker 1,2026-07-27 13:09:19.384,0.48,0.44,2.5,-118.1,-22.03,101.38
worker 1,2026-07-27 13:09:19.444,0.48,0.44,2.5,-118.1,-22.03,101.38
worker 1,2026-07-27 13:09:19.445,-0.01,-0.22,1.03,-71.84,-134.77,100.1
worker 1,2026-07-27 13:09:19.504,-0.2,-0.17,0.23,-0.73,-120.42,13.06
worker 1,2026-07-27 13:09:19.505,-0.2,-0.17,0.23,-0.73,-120.42,13.06
worker 1,2026-07-27 13:09:19.505,-0.03,0.2,0.47,38.15,-7.51,-61.22
worker 1,2026-07-27 13:09:19.567,-0.03,0.2,0.47,38.15,-7.51,-61.22
worker 1,2026-07-27 13:09:19.586,0.15,0.46,0.88,79.47,75.01,-64.21
worker 1,2026-07-27 13:09:19.587,0.15,0.46,0.88,79.47,75.01,-64.21
worker 1,2026-07-27 13:09:19.632,0.12,0.51,0.92,113.04,100.4,-40.47
worker 1,2026-07-27 13:09:19.633,-0.07,0.41,0.86,83.31,99.85,-20.26
worker 1,2026-07-27 13:09:19.684,-0.07,0.41,0.86,83.31,99.85,-20.26
worker 1,2026-07-27 13:09:19.684,-0.21,0.32,0.94,18.01,80.02,11.47
worker 1,2026-07-27 13:09:19.685,-0.21,0.32,0.94,18.01,80.02,11.47
worker 1,2026-07-27 13:09:19.804,-0.27,0.34,1.02,-14.4,43.15,38.02
worker 1,2026-07-27 13:09:19.805,-0.25,0.45,0.92,5.07,1.89,47.67
worker 1,2026-07-27 13:09:19.806,-0.25,0.45,0.92,25.27,-23.38,49.87
worker 1,2026-07-27 13:09:19.806,-0.18,0.51,0.77,25.27,-23.38,49.87
worker 1,2026-07-27 13:09:19.863,-0.1,0.49,0.76,9.83,-19.65,43.88
worker 1,2026-07-27 13:09:19.864,-0.1,0.49,0.76,9.83,-19.65,43.88
worker 1,2026-07-27 13:09:19.864,-0.04,0.42,0.85,-17.76,-3.85,35.46
worker 1,2026-07-27 13:09:19.923,-0.04,0.42,0.85,-17.76,-3.85,35.46
worker 1,2026-07-27 13:09:19.923,-0.04,0.37,0.93,-27.04,4.7,29.6
worker 1,2026-07-27 13:09:19.924,-0.04,0.37,0.93,-27.04,4.7,29.6
worker 1,2026-07-27 13:09:19.983,-0.08,0.36,0.98,-14.71,4.82,21.85
worker 1,2026-07-27 13:09:19.984,-0.13,0.4,0.97,4.82,0.18,9.09
worker 1,2026-07-27 13:09:20.044,-0.13,0.4,0.97,4.82,0.18,9.09
worker 1,2026-07-27 13:09:20.045,-0.14,0.44,0.9,18.62,-5.07,-2.5
worker 1,2026-07-27 13:09:20.104,-0.13,0.46,0.86,18.55,-9.4,-8.18
worker 1,2026-07-27 13:09:20.105,-0.09,0.44,0.87,8.91,-12.63,-9.09
worker 1,2026-07-27 13:09:20.223,-0.09,0.44,0.87,8.91,-12.63,-9.09
worker 1,2026-07-27 13:09:20.224,-0.06,0.42,0.89,4.27,-14.28,-10.13
worker 1,2026-07-27 13:09:20.224,-0.05,0.42,0.88,8.79,-15.5,-14.47
worker 1,2026-07-27 13:09:20.225,-0.05,0.42,0.88,8.79,-15.5,-14.47
worker 1,2026-07-27 13:09:20.225,-0.06,0.46,0.87,15.56,-16.05,-20.14
worker 1,2026-07-27 13:09:20.344,-0.06,0.46,0.87,15.56,-16.05,-20.14
worker 1,2026-07-27 13:09:20.345,-0.07,0.49,0.86,18.19,-15.08,-23.13
worker 1,2026-07-27 13:09:20.345,-0.07,0.51,0.85,16.05,-13.06,-22.16
worker 1,2026-07-27 13:09:20.346,-0.07,0.51,0.85,11.35,-8.36,-19.96
worker 1,2026-07-27 13:09:20.464,-0.06,0.5,0.85,11.35,-8.36,-19.96
worker 1,2026-07-27 13:09:20.764,-0.04,0.48,0.85,5.43,-4.03,-18.43
worker 1,2026-07-27 13:09:20.765,-0.04,0.48,0.85,5.43,-4.03,-18.43
worker 1,2026-07-27 13:09:20.766,-0.03,0.46,0.85,-0.12,-4.76,-18.01
worker 1,2026-07-27 13:09:20.766,-0.03,0.44,0.86,-5.07,-7.45,-19.35
worker 1,2026-07-27 13:09:20.767,-0.03,0.44,0.86,-5.07,-7.45,-19.35
worker 1,2026-07-27 13:09:20.767,-0.04,0.43,0.86,-12.45,-9.09,-22.95
worker 1,2026-07-27 13:09:20.884,-0.04,0.43,0.86,-18.86,-10.86,-28.32
worker 1,2026-07-27 13:09:20.899,-0.04,0.39,0.89,-18.86,-10.86,-28.32
worker 1,2026-07-27 13:09:20.899,-0.0,0.38,1.03,-17.88,-7.14,-33.75
worker 1,2026-07-27 13:09:20.900,-0.0,0.38,1.03,-17.88,-7.14,-33.75
worker 1,2026-07-27 13:09:20.901,0.06,0.4,1.21,-15.38,7.02,-38.39
worker 1,2026-07-27 13:09:20.901,0.03,0.43,1.29,-14.16,20.14,-45.84
worker 1,2026-07-27 13:09:20.902,0.03,0.43,1.29,-14.16,20.14,-45.84
worker 1,2026-07-27 13:09:21.064,-0.15,0.37,1.21,-13.12,20.63,-50.78
worker 1,2026-07-27 13:09:21.184,-0.4,0.2,1.03,-38.45,13.18,-36.07
worker 1,2026-07-27 13:09:21.185,-0.61,0.06,0.86,-86.12,24.54,-17.27
worker 1,2026-07-27 13:09:21.186,-0.75,0.05,0.8,-110.11,73.55,-20.02
worker 1,2026-07-27 13:09:21.187,-0.75,0.05,0.8,-110.11,73.55,-20.02
worker 1,2026-07-27 13:09:21.188,-0.75,0.05,0.8,-110.11,73.55,-20.02
worker 1,2026-07-27 13:09:21.188,-0.69,0.33,0.94,-57.01,158.51,-67.69
worker 1,2026-07-27 13:09:21.189,-0.63,0.42,0.82,-49.99,149.6,-52.43
worker 1,2026-07-27 13:09:21.190,-0.63,0.42,0.82,-49.99,149.6,-52.43
worker 1,2026-07-27 13:09:21.190,-0.65,0.44,0.64,-61.28,142.88,-4.64
worker 1,2026-07-27 13:09:21.191,-0.68,0.45,0.59,-60.97,170.47,64.88
worker 1,2026-07-27 13:09:21.191,-0.64,0.48,0.73,-14.1,215.15,134.4
worker 1,2026-07-27 13:09:21.192,-0.49,0.35,1.02,84.84,206.67,177.0
worker 1,2026-07-27 13:09:21.193,-0.32,0.13,1.16,169.98,94.67,170.41
worker 1,2026-07-27 13:09:21.193,-0.3,0.32,0.85,151.73,-92.16,127.01
worker 1,2026-07-27 13:09:21.244,-0.3,0.32,0.85,151.73,-92.16,127.01
worker 1,2026-07-27 13:09:21.245,-0.54,0.56,0.22,84.47,-246.4,99.24
worker 1,2026-07-27 13:09:21.303,-0.74,0.4,-0.0,38.09,-231.38,91.86
worker 1,2026-07-27 13:09:21.304,-0.74,0.4,-0.0,38.09,-231.38,91.86
worker 1,2026-07-27 13:09:21.304,-0.84,0.22,0.32,-25.88,-109.07,68.91
worker 1,2026-07-27 13:09:21.364,-0.84,0.22,0.32,-25.88,-109.07,68.91
worker 1,2026-07-27 13:09:21.364,-0.9,0.33,0.6,-59.81,-56.46,8.36
worker 1,2026-07-27 13:09:21.424,-0.9,0.33,0.6,-59.81,-56.46,8.36
worker 1,2026-07-27 13:09:21.425,-0.74,0.63,0.76,-41.63,-90.21,-57.74
worker 1,2026-07-27 13:09:21.425,-0.45,0.91,0.83,-14.34,-119.87,-63.72
worker 1,2026-07-27 13:09:21.488,-0.45,0.91,0.83,-14.34,-119.87,-63.72
worker 1,2026-07-27 13:09:21.489,-0.23,1.04,0.73,65.8,-64.33,-7.26
worker 1,2026-07-27 13:09:21.490,-0.23,1.04,0.73,65.8,-64.33,-7.26
worker 1,2026-07-27 13:09:21.544,-0.22,0.82,0.59,105.1,49.56,24.6
worker 1,2026-07-27 13:09:21.545,-0.22,0.82,0.59,105.1,49.56,24.6
worker 1,2026-07-27 13:09:21.904,-0.33,0.44,0.56,9.16,84.41,-20.69
worker 1,2026-07-27 13:09:21.966,-0.37,0.29,0.52,-62.93,29.42,-65.61
worker 1,2026-07-27 13:09:21.977,-0.37,0.29,0.52,-62.93,29.42,-65.61
worker 1,2026-07-27 13:09:21.978,-0.32,0.37,0.49,-55.18,-7.02,-55.05
worker 1,2026-07-27 13:09:21.979,-0.38,0.46,0.53,-78.8,-13.98,-28.44
worker 1,2026-07-27 13:09:21.979,-0.48,0.32,0.66,-168.4,-33.69,-14.89
worker 1,2026-07-27 13:09:21.980,-0.49,0.1,0.87,-240.11,-65.86,-10.25
worker 1,2026-07-27 13:09:21.980,-0.47,-0.04,0.91,-174.5,-67.26,-0.79
worker 1,2026-07-27 13:09:21.981,-0.47,-0.04,0.91,-174.5,-67.26,-0.79
worker 1,2026-07-27 13:09:21.981,-0.49,-0.09,0.81,-32.41,-22.58,9.64
worker 1,2026-07-27 13:09:21.981,-0.58,-0.06,0.83,9.83,27.71,2.56
worker 1,2026-07-27 13:09:21.982,-0.66,0.06,0.99,-60.67,33.57,-26.06
worker 1,2026-07-27 13:09:21.984,-0.66,0.06,0.99,-60.67,33.57,-26.06
worker 1,2026-07-27 13:09:22.026,-0.56,0.17,1.17,-127.08,-37.23,-75.13
worker 1,2026-07-27 13:09:22.031,-0.56,0.17,1.17,-127.08,-37.23,-75.13
worker 1,2026-07-27 13:09:22.031,-0.37,0.11,1.22,-112.12,-108.34,-113.46
worker 1,2026-07-27 13:09:22.084,-0.25,-0.08,1.12,-49.56,-89.48,-100.4
worker 1,2026-07-27 13:09:22.084,-0.26,-0.21,0.98,-2.75,-26.73,-53.96
worker 1,2026-07-27 13:09:22.085,-0.26,-0.21,0.98,-2.75,-26.73,-53.96
worker 1,2026-07-27 13:09:22.144,-0.29,-0.21,0.92,3.85,12.94,-6.65
worker 1,2026-07-27 13:09:22.145,-0.29,-0.21,0.92,3.85,12.94,-6.65
worker 1,2026-07-27 13:09:22.204,-0.22,-0.12,1.0,-22.03,5.25,25.82
worker 1,2026-07-27 13:09:22.205,-0.22,-0.12,1.0,-22.03,5.25,25.82
worker 1,2026-07-27 13:09:22.205,-0.09,-0.09,1.07,-29.11,-39.55,6.29
worker 1,2026-07-27 13:09:22.264,-0.09,-0.09,1.07,-29.11,-39.55,6.29
worker 1,2026-07-27 13:09:22.265,-0.12,-0.18,1.05,7.93,-63.11,-52.25
worker 1,2026-07-27 13:09:22.265,-0.24,-0.24,0.95,54.87,-41.26,-66.89
worker 1,2026-07-27 13:09:22.324,-0.24,-0.24,0.95,54.87,-41.26,-66.89
worker 1,2026-07-27 13:09:22.325,-0.26,-0.2,0.86,66.65,-17.52,-17.46
worker 1,2026-07-27 13:09:22.505,-0.22,-0.09,0.83,44.19,-15.38,45.41
worker 1,2026-07-27 13:09:22.506,-0.22,-0.09,0.83,44.19,-15.38,45.41
worker 1,2026-07-27 13:09:22.506,-0.11,-0.0,0.88,46.75,-42.54,107.85
worker 1,2026-07-27 13:09:22.640,0.07,0.04,0.99,93.93,-104.0,158.57
worker 1,2026-07-27 13:09:22.641,0.07,0.04,0.99,93.93,-104.0,158.57
worker 1,2026-07-27 13:09:22.642,0.21,0.07,1.03,112.67,-147.46,133.79
worker 1,2026-07-27 13:09:22.643,0.21,0.07,1.03,112.67,-147.46,133.79
worker 1,2026-07-27 13:09:22.643,0.3,0.09,0.96,82.03,-148.5,53.59
worker 1,2026-07-27 13:09:22.690,0.3,0.09,0.96,35.28,-150.51,-20.14
worker 1,2026-07-27 13:09:22.690,0.33,0.13,0.91,35.28,-150.51,-20.14
worker 1,2026-07-27 13:09:22.691,0.31,0.14,0.96,-42.48,-123.17,-62.19
worker 1,2026-07-27 13:09:22.692,0.34,0.14,1.0,-101.32,-49.5,-52.67
worker 1,2026-07-27 13:09:22.692,0.37,0.11,0.98,-76.42,5.13,-17.94
worker 1,2026-07-27 13:09:49.869,0.37,0.11,0.98,0.06,15.26,13.18
worker 1,2026-07-27 13:09:49.869,0.38,0.13,0.93,0.06,15.26,13.18
worker 1,2026-07-27 13:09:49.869,0.37,0.19,0.91,52.49,9.34,35.77
worker 1,2026-07-27 13:09:49.869,0.34,0.16,0.95,43.27,23.13,48.03
worker 1,2026-07-27 13:09:49.869,0.29,0.12,0.98,-0.92,61.71,47.55
worker 1,2026-07-27 13:09:49.869,0.23,0.11,0.98,-37.66,83.92,30.15
worker 1,2026-07-27 13:09:49.869,0.2,0.06,1.0,-40.1,69.21,2.75
worker 1,2026-07-27 13:09:49.869,0.18,0.03,1.0,-23.8,52.0,-30.15
worker 1,2026-07-27 13:09:49.869,0.16,0.01,0.97,-17.76,48.65,-68.66
worker 1,2026-07-27 13:09:49.869,0.16,0.03,0.94,-16.48,33.26,-81.67
worker 1,2026-07-27 13:09:49.869,0.17,0.1,0.94,-0.06,-9.52,-62.99
worker 1,2026-07-27 13:09:49.869,0.16,0.12,0.97,25.88,-55.36,-51.94
worker 1,2026-07-27 13:09:49.869,0.2,0.08,0.99,21.42,-64.76,-65.49
worker 1,2026-07-27 13:09:49.869,0.23,-0.0,0.99,-38.64,-15.87,-86.67
worker 1,2026-07-27 13:09:49.869,0.17,-0.09,1.0,-116.27,56.58,-89.42
worker 1,2026-07-27 13:09:49.869,0.09,-0.17,0.99,-146.18,77.27,-68.36
worker 1,2026-07-27 13:09:49.869,0.06,-0.2,0.97,-102.05,40.77,-36.68
worker 1,2026-07-27 13:09:49.869,0.06,-0.18,0.98,-20.81,6.1,-11.84
worker 1,2026-07-27 13:09:49.869,0.06,-0.18,0.98,33.45,-2.81,-6.53
worker 1,2026-07-27 13:09:49.869,0.08,-0.12,0.98,33.45,-2.81,-6.53
worker 1,2026-07-27 13:09:49.869,0.11,-0.03,0.98,50.72,5.19,-17.46
worker 1,2026-07-27 13:09:49.869,0.09,0.05,0.97,58.9,22.71,-30.76
worker 1,2026-07-27 13:09:49.869,0.0,0.07,0.93,41.93,31.92,-28.81
worker 1,2026-07-27 13:09:49.869,0.01,-0.07,0.91,-52.12,40.59,17.46
worker 1,2026-07-27 13:09:49.869,-0.01,-0.27,0.96,-109.13,57.19,126.89
worker 1,2026-07-27 13:09:49.869,-0.11,-0.3,1.02,-29.05,45.65,185.24
worker 1,2026-07-27 13:09:49.869,-0.08,-0.18,1.01,52.49,8.97,109.25
worker 1,2026-07-27 13:09:49.869,-0.08,-0.09,0.96,56.03,-4.21,10.68
worker 1,2026-07-27 13:09:49.869,-0.14,-0.09,0.94,11.66,19.96,-5.74
worker 1,2026-07-27 13:09:49.869,-0.19,-0.14,0.98,-36.32,34.67,45.96
worker 1,2026-07-27 13:09:49.869,-0.17,-0.16,1.0,-44.56,19.47,77.94
worker 1,2026-07-27 13:09:49.869,-0.16,-0.13,0.99,-21.97,6.84,50.05
worker 1,2026-07-27 13:09:49.869,-0.21,-0.1,0.95,-0.67,12.94,-1.16
worker 1,2026-07-27 13:09:49.870,-0.27,-0.05,0.97,2.81,20.63,-32.78
worker 1,2026-07-27 13:09:49.870,-0.27,-0.07,0.98,-16.54,26.06,-22.03
worker 1,2026-07-27 13:09:49.870,-0.24,-0.19,0.93,-40.1,37.17,17.03
worker 1,2026-07-27 13:09:49.870,-0.28,-0.23,0.88,-41.87,34.91,41.69
worker 1,2026-07-27 13:09:49.900,-0.37,-0.2,0.85,-21.61,19.71,48.1
worker 1,2026-07-27 13:09:49.901,-0.37,-0.2,0.85,-21.61,19.71,48.1
worker 1,2026-07-27 13:09:49.901,-0.42,-0.17,0.83,20.02,20.14,66.96
worker 1,2026-07-27 13:09:49.901,-0.36,-0.09,0.9,85.21,36.93,91.61
worker 1,2026-07-27 13:09:49.902,-0.36,-0.09,0.9,85.21,36.93,91.61
worker 1,2026-07-27 13:09:49.902,-0.3,0.03,1.0,116.82,42.24,84.23
worker 1,2026-07-27 13:09:49.902,-0.34,0.11,0.98,73.18,27.65,45.53
worker 1,2026-07-27 13:09:49.902,-0.38,0.11,0.93,8.12,9.64,11.66
worker 1,2026-07-27 13:09:49.903,-0.38,0.11,0.93,8.12,9.64,11.66
worker 1,2026-07-27 13:09:49.903,-0.38,0.1,0.92,-25.45,-10.19,1.34
worker 1,2026-07-27 13:09:49.904,-0.33,0.03,0.91,-37.41,-31.92,7.2
worker 1,2026-07-27 13:09:49.904,-0.33,0.03,0.91,-26.31,-28.08,5.13
worker 1,2026-07-27 13:09:49.904,-0.32,-0.03,0.9,-26.31,-28.08,5.13
worker 1,2026-07-27 13:09:49.904,-0.42,0.09,0.91,47.85,15.62,-8.79
worker 1,2026-07-27 13:09:49.904,-0.47,0.22,0.9,102.23,36.25,0.43
worker 1,2026-07-27 13:09:49.905,-0.47,0.22,0.9,102.23,36.25,0.43
worker 1,2026-07-27 13:09:49.905,-0.44,0.26,0.91,79.53,11.72,36.44
worker 1,2026-07-27 13:09:49.906,-0.44,0.26,0.91,79.53,11.72,36.44
worker 1,2026-07-27 13:09:49.906,-0.38,0.25,0.89,56.95,-3.6,63.11
worker 1,2026-07-27 13:09:49.906,-0.34,0.23,0.85,55.42,-2.01,56.82
worker 1,2026-07-27 13:09:49.906,-0.36,0.27,0.85,55.91,-3.36,25.27
worker 1,2026-07-27 13:09:49.907,-0.36,0.27,0.85,55.91,-3.36,25.27
worker 1,2026-07-27 13:09:49.907,-0.37,0.34,0.82,43.7,-9.34,-9.58
worker 1,2026-07-27 13:09:49.907,-0.35,0.36,0.76,4.33,-7.81,-27.95
worker 1,2026-07-27 13:09:49.908,-0.32,0.41,0.77,1.71,20.81,-1.16
worker 1,2026-07-27 13:09:49.909,-0.43,0.44,0.69,-2.87,91.74,56.52
worker 1,2026-07-27 13:09:49.909,-0.57,0.36,0.61,-47.97,136.78,65.98
worker 1,2026-07-27 13:09:49.910,-0.57,0.36,0.61,-47.97,136.78,65.98
worker 1,2026-07-27 13:09:49.910,-0.6,0.27,0.74,-51.88,104.68,12.02
worker 1,2026-07-27 13:09:49.911,-0.6,0.28,0.84,-19.71,60.85,-35.16
worker 1,2026-07-27 13:09:49.911,-0.63,0.32,0.77,18.01,66.59,-34.12
worker 1,2026-07-27 13:09:49.912,-0.66,0.31,0.64,31.98,91.98,-7.2
worker 1,2026-07-27 13:09:49.912,-0.67,0.28,0.62,18.55,70.37,0.67
worker 1,2026-07-27 13:09:49.913,-0.68,0.29,0.62,-1.53,12.7,-25.09
worker 1,2026-07-27 13:09:49.914,-0.68,0.31,0.61,-16.24,-22.95,-44.13
worker 1,2026-07-27 13:09:49.914,-0.67,0.31,0.6,-27.04,-21.79,-30.46
worker 1,2026-07-27 13:09:49.915,-0.7,0.27,0.59,-93.93,-3.85,0.0
worker 1,2026-07-27 13:09:49.915,-0.73,0.1,0.59,-251.71,38.21,26.86
worker 1,2026-07-27 13:09:49.916,-0.76,-0.09,0.59,-353.33,51.51,37.6
worker 1,2026-07-27 13:09:49.916,-0.77,-0.23,0.6,-270.02,2.62,54.99
worker 1,2026-07-27 13:09:49.917,-0.75,-0.26,0.66,-100.22,-39.12,54.14
worker 1,2026-07-27 13:09:49.917,-0.76,-0.17,0.71,-21.0,-35.52,18.25
worker 1,2026-07-27 13:09:49.917,-0.73,-0.17,0.69,-69.7,-0.37,-5.55
worker 1,2026-07-27 13:09:49.918,-0.73,-0.17,0.69,-69.7,-0.37,-5.55
worker 1,2026-07-27 13:09:49.918,-0.71,-0.26,0.61,-134.52,41.63,-1.77
worker 1,2026-07-27 13:09:49.918,-0.73,-0.34,0.49,-144.23,75.44,17.03
worker 1,2026-07-27 13:09:49.918,-0.73,-0.34,0.49,-122.99,74.89,19.96
worker 1,2026-07-27 13:09:49.919,-0.77,-0.35,0.32,-122.99,74.89,19.96
worker 1,2026-07-27 13:09:49.919,-0.82,-0.33,0.2,-80.81,60.24,-14.77
worker 1,2026-07-27 13:09:49.920,-0.8,-0.33,0.21,-19.17,59.45,-45.1
worker 1,2026-07-27 13:09:49.920,-0.73,-0.25,0.27,31.31,62.44,-39.43
worker 1,2026-07-27 13:09:49.920,-0.73,-0.25,0.27,16.05,72.14,-70.37
worker 1,2026-07-27 13:09:49.921,-0.8,-0.38,0.31,16.05,72.14,-70.37
worker 1,2026-07-27 13:09:49.921,-0.79,-0.64,0.25,-29.66,52.8,-119.69
worker 1,2026-07-27 13:09:49.922,-0.79,-0.64,0.25,-29.66,52.8,-119.69
worker 1,2026-07-27 13:09:49.922,-0.68,-0.7,0.2,-59.88,-25.76,-116.15
worker 1,2026-07-27 13:09:49.923,-0.67,-0.71,0.3,-80.38,-96.98,-96.92
worker 1,2026-07-27 13:09:49.924,-0.63,-0.71,0.3,-11.23,-31.56,-36.5
worker 1,2026-07-27 13:09:49.926,-0.58,-0.65,0.22,21.12,31.43,-6.96
worker 1,2026-07-27 13:09:49.935,-0.58,-0.65,0.22,21.12,31.43,-6.96
worker 1,2026-07-27 13:09:49.935,-0.6,-0.62,0.23,0.0,59.51,26.73
worker 1,2026-07-27 13:09:49.936,-0.53,-0.57,0.19,-17.27,35.4,37.9
worker 1,2026-07-27 13:09:49.936,-0.55,-0.66,0.19,-16.97,1.28,7.75
worker 1,2026-07-27 13:09:49.936,-0.55,-0.66,0.19,-67.63,-33.51,-60.42
worker 1,2026-07-27 13:09:49.936,-0.64,-0.83,0.21,-67.63,-33.51,-60.42
worker 1,2026-07-27 13:09:49.936,-0.61,-0.93,0.15,-126.1,-51.03,-127.01
worker 1,2026-07-27 13:09:49.937,-0.53,-0.91,0.08,-110.9,-13.61,-155.09
worker 1,2026-07-27 13:09:49.937,-0.42,-0.88,0.08,-51.45,45.96,-113.46
worker 1,2026-07-27 13:09:49.937,-0.42,-0.88,0.08,-4.46,46.57,-44.62
worker 1,2026-07-27 13:09:49.937,-0.29,-0.9,0.1,-4.46,46.57,-44.62
worker 1,2026-07-27 13:09:49.937,-0.23,-0.86,0.06,-3.66,2.5,-1.34
worker 1,2026-07-27 13:09:49.938,-0.23,-0.86,0.06,-3.66,2.5,-1.34
worker 1,2026-07-27 13:09:49.938,-0.32,-0.74,-0.06,-41.75,9.4,66.35
worker 1,2026-07-27 13:09:49.938,-0.46,-0.61,-0.21,-75.32,95.7,170.96
worker 1,2026-07-27 13:09:49.939,-0.46,-0.61,-0.21,-75.32,95.7,170.96
worker 1,2026-07-27 13:09:49.939,-0.4,-0.46,-0.32,-81.67,190.67,246.15
worker 1,2026-07-27 13:09:49.939,-0.57,-0.47,-0.46,-57.13,197.33,309.14
worker 1,2026-07-27 13:09:49.940,-0.57,-0.47,-0.46,-57.13,197.33,309.14
worker 1,2026-07-27 13:09:49.940,-1.18,-0.38,-0.47,11.23,157.47,369.45
worker 1,2026-07-27 13:09:49.940,-1.39,-0.11,-0.35,186.46,109.13,252.44
worker 1,2026-07-27 13:09:49.940,-1.0,-0.22,-0.31,321.78,-23.8,2.01
worker 1,2026-07-27 13:09:49.941,-0.73,-0.48,-0.24,199.83,-117.86,-74.4
worker 1,2026-07-27 13:09:49.942,-0.86,-0.5,-0.22,-5.92,-77.33,33.51
worker 1,2026-07-27 13:09:49.942,-1.05,-0.37,-0.22,-38.88,-44.07,109.31
worker 1,2026-07-27 13:09:49.942,-0.94,-0.34,-0.16,76.05,-74.16,82.15
worker 1,2026-07-27 13:09:49.943,-0.94,-0.34,-0.16,76.05,-74.16,82.15
worker 1,2026-07-27 13:09:49.943,-0.56,-0.43,-0.09,166.56,-100.4,11.66
worker 1,2026-07-27 13:09:49.944,-0.63,-0.5,-0.02,112.79,-58.35,-84.59
worker 1,2026-07-27 13:09:49.959,-0.63,-0.5,-0.02,112.79,-58.35,-84.59
worker 1,2026-07-27 13:09:49.959,-1.0,-0.48,0.05,-19.17,19.78,-161.38
worker 1,2026-07-27 13:09:49.960,-0.99,-0.5,0.06,-97.29,24.11,-129.58
worker 1,2026-07-27 13:09:49.960,-0.86,-0.52,0.01,-113.04,-44.8,-50.42
worker 1,2026-07-27 13:09:49.960,-0.79,-0.57,-0.05,-101.93,-83.86,-15.87
worker 1,2026-07-27 13:09:49.960,-0.73,-0.64,-0.07,-104.92,-67.5,-19.96
worker 1,2026-07-27 13:09:49.961,-0.71,-0.63,-0.09,-110.11,-41.08,-25.39
worker 1,2026-07-27 13:09:49.961,-0.73,-0.62,-0.11,-82.58,-29.36,-12.51
worker 1,2026-07-27 13:09:49.961,-0.76,-0.6,-0.13,-47.49,-28.14,0.98
worker 1,2026-07-27 13:09:49.962,-0.78,-0.6,-0.14,-25.76,-23.56,-2.14
worker 1,2026-07-27 13:09:49.962,-0.77,-0.62,-0.14,-8.3,1.1,-15.2
worker 1,2026-07-27 13:09:49.962,-0.73,-0.66,-0.16,4.09,49.87,-34.55
worker 1,2026-07-27 13:09:49.962,-0.67,-0.7,-0.18,-6.35,94.91,-62.81
worker 1,2026-07-27 13:09:49.963,-0.67,-0.7,-0.18,-6.35,94.91,-62.81
worker 1,2026-07-27 13:09:49.963,-0.62,-0.72,-0.24,-34.36,109.68,-88.56
worker 1,2026-07-27 13:09:49.963,-0.62,-0.72,-0.24,-64.27,104.25,-99.3
worker 1,2026-07-27 13:09:49.963,-0.56,-0.73,-0.3,-64.27,104.25,-99.3
worker 1,2026-07-27 13:09:49.964,-0.48,-0.73,-0.37,-77.15,84.41,-98.75
worker 1,2026-07-27 13:09:49.965,-0.42,-0.72,-0.43,-63.42,55.48,-92.04
worker 1,2026-07-27 13:09:49.966,-0.42,-0.72,-0.43,-63.42,55.48,-92.04
worker 1,2026-07-27 13:09:49.966,-0.37,-0.72,-0.46,-37.17,30.27,-69.03
worker 1,2026-07-27 13:09:49.966,-0.37,-0.72,-0.46,-15.44,12.45,-35.71
worker 1,2026-07-27 13:09:49.967,-0.31,-0.75,-0.48,-15.44,12.45,-35.71
worker 1,2026-07-27 13:09:49.967,-0.29,-0.76,-0.48,-3.54,1.77,-18.43
worker 1,2026-07-27 13:09:49.967,-0.3,-0.76,-0.47,2.62,-7.93,-21.97
worker 1,2026-07-27 13:09:49.968,-0.32,-0.75,-0.47,7.08,-22.58,-31.37
worker 1,2026-07-27 13:09:49.968,-0.35,-0.71,-0.46,6.84,-43.76,-29.66
worker 1,2026-07-27 13:09:49.968,-0.3,-0.79,-0.46,-10.38,-81.6,-24.17
worker 1,2026-07-27 13:09:49.969,-0.3,-0.79,-0.46,-10.38,-81.6,-24.17
worker 1,2026-07-27 13:09:49.970,-0.32,-0.86,-0.44,-47.06,-138.92,-81.12
worker 1,2026-07-27 13:09:49.971,-0.37,-0.84,-0.44,-74.1,-161.74,-129.3
worker 1,2026-07-27 13:09:49.973,-0.37,-0.84,-0.44,-74.1,-161.74,-129.3
worker 1,2026-07-27 13:09:49.973,-0.31,-0.84,-0.51,-68.85,-116.27,-80.93
worker 1,2026-07-27 13:09:49.974,-0.21,-0.82,-0.59,-56.95,-28.93,-28.69
worker 1,2026-07-27 13:09:49.974,-0.13,-0.8,-0.6,-61.16,71.53,-25.33
worker 1,2026-07-27 13:09:49.974,-0.08,-0.78,-0.58,-70.92,132.14,-50.66
worker 1,2026-07-27 13:09:49.975,-0.08,-0.78,-0.58,-70.92,132.14,-50.66
worker 1,2026-07-27 13:09:49.975,-0.02,-0.76,-0.6,-67.81,115.97,-78.06
worker 1,2026-07-27 13:09:49.975,-0.01,-0.73,-0.65,-46.69,62.81,-90.03
worker 1,2026-07-27 13:09:49.975,-0.03,-0.67,-0.7,-19.78,28.38,-78.8
worker 1,2026-07-27 13:09:49.976,-0.03,-0.67,-0.7,-19.78,28.38,-78.8
worker 1,2026-07-27 13:09:49.976,-0.0,-0.68,-0.71,-0.61,23.68,-48.1
worker 1,2026-07-27 13:09:49.976,0.08,-0.71,-0.68,15.81,30.88,-27.95
worker 1,2026-07-27 13:09:49.977,0.2,-0.68,-0.65,31.01,33.94,-36.68
worker 1,2026-07-27 13:09:49.977,0.25,-0.67,-0.62,33.08,24.29,-34.55
worker 1,2026-07-27 13:09:49.978,0.25,-0.67,-0.62,33.08,24.29,-34.55
worker 1,2026-07-27 13:09:49.978,0.19,-0.71,-0.62,28.87,1.77,-1.16
worker 1,2026-07-27 13:09:49.978,0.12,-0.76,-0.61,24.35,-16.17,22.16
worker 1,2026-07-27 13:09:49.981,0.12,-0.76,-0.61,17.15,-24.72,8.73
worker 1,2026-07-27 13:09:49.982,0.15,-0.81,-0.58,17.15,-24.72,8.73
worker 1,2026-07-27 13:09:49.982,0.19,-0.8,-0.57,12.15,-22.52,-21.06
worker 1,2026-07-27 13:09:49.983,0.18,-0.76,-0.58,13.79,-4.03,-31.98
worker 1,2026-07-27 13:09:49.983,0.16,-0.75,-0.58,19.29,16.48,-19.1
worker 1,2026-07-27 13:09:49.983,0.15,-0.75,-0.56,17.76,24.29,-5.49
worker 1,2026-07-27 13:09:49.984,0.15,-0.74,-0.56,4.76,19.35,-0.06
worker 1,2026-07-27 13:09:49.984,0.14,-0.76,-0.57,-15.32,14.34,8.61
worker 1,2026-07-27 13:09:49.984,0.17,-0.78,-0.57,-21.79,14.47,15.01
worker 1,2026-07-27 13:09:49.985,0.31,-0.76,-0.56,-8.85,12.82,7.32
worker 1,2026-07-27 13:09:49.985,0.37,-0.71,-0.54,4.76,0.67,7.75
worker 1,2026-07-27 13:09:49.985,0.25,-0.75,-0.54,15.93,-43.27,37.96
worker 1,2026-07-27 13:09:49.986,0.25,-0.75,-0.54,15.93,-43.27,37.96
worker 1,2026-07-27 13:09:49.987,0.05,-0.84,-0.59,25.39,-97.78,77.45
worker 1,2026-07-27 13:09:49.988,-0.08,-0.9,-0.57,26.61,-82.58,89.66
worker 1,2026-07-27 13:09:49.989,-0.07,-0.88,-0.54,26.61,-1.16,72.45
worker 1,2026-07-27 13:09:49.989,-0.05,-0.8,-0.55,25.57,67.87,41.2
worker 1,2026-07-27 13:09:49.990,-0.05,-0.8,-0.55,25.57,67.87,41.2
worker 1,2026-07-27 13:09:49.990,-0.02,-0.75,-0.56,12.94,81.05,7.69
worker 1,2026-07-27 13:09:49.991,-0.02,-0.75,-0.56,12.94,81.05,7.69
worker 1,2026-07-27 13:09:49.991,0.02,-0.77,-0.54,-4.82,49.93,-11.54
worker 1,2026-07-27 13:09:50.007,0.04,-0.83,-0.51,-15.69,21.3,-11.11
worker 1,2026-07-27 13:09:50.007,0.02,-0.85,-0.51,-15.99,17.76,-2.87
worker 1,2026-07-27 13:09:50.008,0.02,-0.85,-0.51,-15.99,17.76,-2.87
worker 1,2026-07-27 13:09:50.008,-0.0,-0.8,-0.58,-22.77,26.12,-1.89
worker 1,2026-07-27 13:09:50.008,0.02,-0.73,-0.65,-51.76,32.65,-0.55
worker 1,2026-07-27 13:09:50.009,0.02,-0.73,-0.65,-51.76,32.65,-0.55
worker 1,2026-07-27 13:09:50.010,0.05,-0.68,-0.7,-68.48,25.09,5.74
worker 1,2026-07-27 13:09:50.010,0.03,-0.7,-0.67,-54.75,-2.01,-1.22
worker 1,2026-07-27 13:09:50.011,0.01,-0.74,-0.61,-35.77,-23.38,-16.78
worker 1,2026-07-27 13:09:50.011,0.01,-0.73,-0.59,-21.06,-25.82,-23.25
worker 1,2026-07-27 13:09:50.011,-0.02,-0.73,-0.57,-10.62,-29.3,-24.66
worker 1,2026-07-27 13:09:50.011,-0.04,-0.73,-0.58,-3.36,-47.49,-29.91
worker 1,2026-07-27 13:09:50.012,-0.04,-0.73,-0.58,-3.36,-47.49,-29.91
worker 1,2026-07-27 13:09:50.012,0.0,-0.77,-0.63,15.32,-71.78,-35.95
worker 1,2026-07-27 13:09:50.012,0.04,-0.81,-0.68,54.38,-85.02,-15.56
worker 1,2026-07-27 13:09:50.013,0.0,-0.74,-0.69,81.79,-76.48,28.63
worker 1,2026-07-27 13:09:50.013,0.0,-0.74,-0.69,71.23,-55.24,48.28
worker 1,2026-07-27 13:09:50.014,0.0,-0.66,-0.71,71.23,-55.24,48.28
worker 1,2026-07-27 13:09:50.014,-0.04,-0.67,-0.71,34.06,-27.47,42.6
worker 1,2026-07-27 13:09:50.015,-0.04,-0.67,-0.71,34.06,-27.47,42.6
worker 1,2026-07-27 13:09:50.015,-0.22,-0.68,-0.63,-4.03,0.43,51.94
worker 1,2026-07-27 13:09:50.015,-0.29,-0.68,-0.52,-12.57,16.54,96.19
worker 1,2026-07-27 13:09:50.015,-0.29,-0.68,-0.52,15.01,31.68,141.91
worker 1,2026-07-27 13:09:50.015,-0.26,-0.68,-0.43,15.01,31.68,141.91
worker 1,2026-07-27 13:09:50.016,-0.28,-0.73,-0.34,33.87,35.03,103.21
worker 1,2026-07-27 13:09:50.020,-0.23,-0.96,-0.24,29.66,-12.08,-4.52
worker 1,2026-07-27 13:09:50.021,-0.3,-1.07,-0.21,48.58,-54.93,-63.42
worker 1,2026-07-27 13:09:50.021,-0.4,-0.9,-0.56,98.45,22.22,-30.15
worker 1,2026-07-27 13:09:50.022,-0.34,-0.75,-0.88,100.77,88.44,27.28
worker 1,2026-07-27 13:09:50.022,-0.28,-0.76,-0.7,48.71,46.87,40.47
worker 1,2026-07-27 13:09:50.023,-0.28,-0.76,-0.7,48.71,46.87,40.47
worker 1,2026-07-27 13:09:50.023,-0.28,-0.83,-0.4,20.32,26.49,26.37
worker 1,2026-07-27 13:09:50.023,-0.29,-0.86,-0.23,17.52,43.46,12.82
worker 1,2026-07-27 13:09:50.024,-0.3,-0.86,-0.22,13.92,48.77,5.31
worker 1,2026-07-27 13:09:50.024,-0.36,-0.87,-0.22,6.1,35.4,4.33
worker 1,2026-07-27 13:09:50.024,-0.39,-0.87,-0.19,-9.77,-1.89,-9.77
worker 1,2026-07-27 13:09:50.024,-0.28,-0.89,-0.28,-26.61,-87.16,-31.19
worker 1,2026-07-27 13:09:50.025,-0.19,-0.9,-0.45,-27.1,-159.73,-43.64
worker 1,2026-07-27 13:09:50.025,-0.21,-0.85,-0.5,-18.98,-133.0,-53.71
worker 1,2026-07-27 13:09:50.025,-0.25,-0.83,-0.43,-17.52,-49.74,-58.35
worker 1,2026-07-27 13:09:50.026,-0.26,-0.84,-0.36,-18.98,-0.55,-51.21
worker 1,2026-07-27 13:09:50.026,-0.24,-0.86,-0.35,-14.77,-1.89,-36.13
worker 1,2026-07-27 13:09:50.026,-0.2,-0.87,-0.36,-7.57,-14.77,-22.09
worker 1,2026-07-27 13:09:50.027,-0.18,-0.87,-0.37,-4.52,-13.18,-10.99
worker 1,2026-07-27 13:09:50.027,-0.18,-0.87,-0.36,-3.91,-3.36,-1.77
worker 1,2026-07-27 13:09:50.027,-0.19,-0.88,-0.36,-0.43,0.98,6.29
worker 1,2026-07-27 13:09:50.027,-0.2,-0.88,-0.36,4.52,-0.85,10.25
worker 1,2026-07-27 13:09:50.028,-0.2,-0.88,-0.36,4.52,-0.85,10.25
worker 1,2026-07-27 13:09:50.028,-0.21,-0.88,-0.36,6.65,-3.97,8.97
worker 1,2026-07-27 13:09:50.028,-0.22,-0.87,-0.36,5.43,-7.02,6.9
worker 1,2026-07-27 13:09:50.028,-0.21,-0.87,-0.37,-0.12,-6.1,6.65
worker 1,2026-07-27 13:09:50.028,-0.2,-0.86,-0.4,-9.77,5.13,10.8
worker 1,2026-07-27 13:09:50.029,-0.2,-0.86,-0.4,-9.77,5.13,10.8
worker 1,2026-07-27 13:09:50.029,-0.26,-0.84,-0.4,-9.64,26.92,28.69
worker 1,2026-07-27 13:09:50.029,-0.36,-0.83,-0.37,5.55,46.2,46.33
worker 1,2026-07-27 13:09:50.029,-0.36,-0.85,-0.36,17.46,44.37,39.0
worker 1,2026-07-27 13:09:50.030,-0.31,-0.88,-0.35,18.01,28.08,14.04
worker 1,2026-07-27 13:09:50.030,-0.26,-0.89,-0.34,12.33,14.28,-11.72
worker 1,2026-07-27 13:09:50.031,-0.26,-0.89,-0.34,12.33,14.28,-11.72
worker 1,2026-07-27 13:09:50.031,-0.25,-0.87,-0.34,5.62,5.98,-28.44
worker 1,2026-07-27 13:09:50.032,-0.24,-0.85,-0.35,2.93,1.71,-31.13
worker 1,2026-07-27 13:09:50.032,-0.23,-0.85,-0.36,3.11,-0.12,-23.62
worker 1,2026-07-27 13:09:50.032,-0.22,-0.86,-0.36,2.5,0.31,-14.95
worker 1,2026-07-27 13:09:50.033,-0.22,-0.86,-0.36,2.5,0.31,-14.95
worker 1,2026-07-27 13:09:50.033,-0.22,-0.89,-0.37,0.79,2.56,-9.52
worker 1,2026-07-27 13:09:50.033,-0.23,-0.9,-0.36,0.55,1.04,-2.56
worker 1,2026-07-27 13:09:50.033,-0.24,-0.86,-0.34,1.71,-6.9,11.78
worker 1,2026-07-27 13:09:50.034,-0.24,-0.86,-0.34,1.71,-6.9,11.78
worker 1,2026-07-27 13:09:50.034,-0.26,-0.8,-0.31,1.89,-9.22,26.0
worker 1,2026-07-27 13:09:50.034,-0.31,-0.78,-0.3,-3.85,-3.48,26.79
worker 1,2026-07-27 13:09:50.034,-0.34,-0.78,-0.33,-17.58,-7.51,24.66
worker 1,2026-07-27 13:09:50.035,-0.34,-0.78,-0.33,-17.58,-7.51,24.66
worker 1,2026-07-27 13:09:50.035,-0.32,-0.77,-0.4,-32.84,-24.11,30.33
worker 1,2026-07-27 13:09:50.035,-0.29,-0.79,-0.45,-46.14,-32.96,18.68
worker 1,2026-07-27 13:09:50.036,-0.28,-0.84,-0.44,-55.48,-19.96,-22.89
worker 1,2026-07-27 13:09:50.036,-0.27,-0.84,-0.43,-48.58,8.61,-68.12
worker 1,2026-07-27 13:09:50.043,-0.27,-0.84,-0.43,-48.58,8.61,-68.12
worker 1,2026-07-27 13:09:50.044,-0.2,-0.82,-0.47,-23.38,35.46,-94.18
worker 1,2026-07-27 13:09:50.045,-0.2,-0.82,-0.47,-23.38,35.46,-94.18
worker 1,2026-07-27 13:09:50.045,-0.09,-0.79,-0.49,-0.24,54.87,-103.39
worker 1,2026-07-27 13:09:50.046,0.03,-0.81,-0.41,13.61,73.12,-108.03
worker 1,2026-07-27 13:09:50.046,0.13,-0.85,-0.34,27.22,88.38,-117.37
worker 1,2026-07-27 13:09:50.046,0.32,-0.86,-0.45,23.93,86.3,-140.93
worker 1,2026-07-27 13:09:50.047,0.32,-0.86,-0.45,23.93,86.3,-140.93
worker 1,2026-07-27 13:09:50.047,0.66,-0.83,-0.6,10.62,84.78,-174.93
worker 1,2026-07-27 13:09:50.047,0.86,-0.78,-0.49,22.28,109.13,-194.15
worker 1,2026-07-27 13:09:50.047,0.78,-0.75,-0.21,38.45,117.8,-175.48
worker 1,2026-07-27 13:09:50.047,0.62,-0.69,-0.05,25.82,69.52,-110.78
worker 1,2026-07-27 13:09:50.048,0.62,-0.69,-0.05,25.82,69.52,-110.78
worker 1,2026-07-27 13:09:50.048,0.55,-0.62,-0.09,-3.72,-5.98,-24.9
worker 1,2026-07-27 13:09:50.048,0.56,-0.6,-0.22,-22.71,-54.69,31.56
worker 1,2026-07-27 13:09:50.048,0.61,-0.62,-0.34,-19.71,-55.73,36.74
worker 1,2026-07-27 13:09:50.049,0.66,-0.65,-0.41,-5.86,-24.35,12.7
worker 1,2026-07-27 13:09:50.049,0.69,-0.68,-0.43,3.72,11.78,-10.62
worker 1,2026-07-27 13:09:50.049,0.68,-0.7,-0.41,6.9,32.17,-18.68
worker 1,2026-07-27 13:09:50.050,0.64,-0.7,-0.35,7.93,33.2,-13.43
worker 1,2026-07-27 13:09:50.050,0.6,-0.68,-0.29,6.29,22.22,-4.33
worker 1,2026-07-27 13:09:50.051,0.6,-0.68,-0.29,6.29,22.22,-4.33
worker 1,2026-07-27 13:09:50.051,0.61,-0.66,-0.27,0.61,6.16,1.22
worker 1,2026-07-27 13:09:50.051,0.65,-0.65,-0.27,-5.07,-6.96,0.98
worker 1,2026-07-27 13:09:50.052,0.68,-0.65,-0.28,-5.92,-10.38,-0.61
worker 1,2026-07-27 13:09:50.053,0.68,-0.65,-0.28,-2.26,-5.13,-0.12
worker 1,2026-07-27 13:09:50.054,0.68,-0.65,-0.28,-2.26,-5.13,-0.12
worker 1,2026-07-27 13:09:50.054,0.66,-0.67,-0.28,1.53,1.53,1.71
worker 1,2026-07-27 13:09:50.054,0.64,-0.67,-0.29,2.38,4.46,3.23
worker 1,2026-07-27 13:09:50.055,0.64,-0.67,-0.31,1.4,3.85,4.94
worker 1,2026-07-27 13:09:50.055,0.63,-0.67,-0.31,0.73,0.49,7.75
worker 1,2026-07-27 13:09:50.055,0.63,-0.67,-0.3,-0.49,-5.92,9.58
worker 1,2026-07-27 13:09:50.055,0.64,-0.67,-0.3,-3.85,-12.82,8.73
worker 1,2026-07-27 13:09:50.055,0.64,-0.68,-0.3,-7.32,-14.65,8.48
worker 1,2026-07-27 13:09:50.056,0.64,-0.68,-0.3,-7.32,-14.65,8.48
worker 1,2026-07-27 13:09:50.056,0.62,-0.68,-0.31,-8.06,-11.35,12.57
worker 1,2026-07-27 13:09:50.056,0.59,-0.67,-0.3,-4.94,-6.9,19.78
worker 1,2026-07-27 13:09:50.056,0.57,-0.68,-0.29,1.53,-2.56,29.91
worker 1,2026-07-27 13:09:50.056,0.62,-0.72,-0.29,5.13,-1.77,37.9
worker 1,2026-07-27 13:09:50.056,0.62,-0.72,-0.29,1.59,-7.63,33.81
worker 1,2026-07-27 13:09:50.057,0.68,-0.76,-0.29,1.59,-7.63,33.81
worker 1,2026-07-27 13:09:50.057,0.68,-0.74,-0.33,-8.42,-22.64,23.38
worker 1,2026-07-27 13:09:50.057,0.58,-0.71,-0.44,-26.61,-51.27,30.27
worker 1,2026-07-27 13:09:50.058,0.58,-0.71,-0.44,-26.61,-51.27,30.27
worker 1,2026-07-27 13:09:50.058,0.43,-0.74,-0.56,-50.05,-89.17,67.08
worker 1,2026-07-27 13:09:50.058,0.26,-0.83,-0.62,-58.84,-110.05,115.23
worker 1,2026-07-27 13:09:50.058,0.13,-0.94,-0.57,-38.94,-97.05,134.64
worker 1,2026-07-27 13:09:50.059,0.08,-0.97,-0.5,-5.25,-70.5,109.5
worker 1,2026-07-27 13:09:50.060,0.07,-0.89,-0.46,17.94,-56.27,67.81
worker 1,2026-07-27 13:09:50.060,0.07,-0.8,-0.49,22.46,-60.3,37.11
worker 1,2026-07-27 13:09:50.060,0.06,-0.76,-0.53,16.36,-72.51,17.58
worker 1,2026-07-27 13:09:50.060,0.03,-0.75,-0.54,10.93,-77.27,-0.06
worker 1,2026-07-27 13:09:50.062,0.03,-0.75,-0.54,10.93,-77.27,-0.06
worker 1,2026-07-27 13:09:50.062,0.02,-0.78,-0.52,3.85,-70.19,-26.18
worker 1,2026-07-27 13:09:50.062,0.03,-0.79,-0.5,-5.86,-49.07,-53.83
worker 1,2026-07-27 13:09:50.062,-0.03,-0.82,-0.47,-4.76,-4.33,-55.66
worker 1,2026-07-27 13:09:50.063,-0.03,-0.82,-0.47,-4.76,-4.33,-55.66
worker 1,2026-07-27 13:09:50.063,-0.15,-0.83,-0.47,15.99,52.73,-23.19
worker 1,2026-07-27 13:09:50.063,-0.13,-0.79,-0.48,44.01,89.66,11.11
worker 1,2026-07-27 13:09:50.063,0.07,-0.74,-0.45,51.21,93.08,15.75
worker 1,2026-07-27 13:09:50.063,0.24,-0.74,-0.36,31.37,61.52,7.39
worker 1,2026-07-27 13:09:50.064,0.24,-0.74,-0.36,31.37,61.52,7.39
worker 1,2026-07-27 13:09:50.064,0.18,-0.81,-0.29,6.35,2.81,10.19
worker 1,2026-07-27 13:09:50.064,-0.01,-0.94,-0.32,-1.4,-41.32,27.89
worker 1,2026-07-27 13:09:50.064,-0.12,-0.99,-0.41,11.54,-51.15,51.82
worker 1,2026-07-27 13:09:50.065,-0.12,-0.99,-0.41,11.54,-51.15,51.82
worker 1,2026-07-27 13:09:50.065,-0.14,-0.92,-0.45,26.55,-49.56,57.19
worker 1,2026-07-27 13:09:50.065,-0.12,-0.87,-0.41,25.82,-51.51,40.89
worker 1,2026-07-27 13:09:50.065,-0.12,-0.88,-0.36,15.75,-46.75,28.32
worker 1,2026-07-27 13:09:50.066,-0.13,-0.9,-0.34,11.96,-25.27,27.22
worker 1,2026-07-27 13:09:50.066,-0.15,-0.91,-0.33,17.33,4.09,29.24
worker 1,2026-07-27 13:09:50.066,-0.17,-0.91,-0.31,22.71,24.9,27.71
worker 1,2026-07-27 13:09:50.067,-0.16,-0.91,-0.29,19.41,31.19,21.73
worker 1,2026-07-27 13:09:50.067,-0.16,-0.91,-0.28,9.4,28.56,14.89
worker 1,2026-07-27 13:09:50.068,-0.18,-0.9,-0.29,-0.55,22.77,8.3
worker 1,2026-07-27 13:09:50.068,-0.19,-0.9,-0.31,-7.69,14.22,0.92
worker 1,2026-07-27 13:09:50.069,-0.19,-0.9,-0.33,-11.35,2.08,-6.53
worker 1,2026-07-27 13:09:50.069,-0.18,-0.89,-0.34,-11.47,-9.28,-10.99
worker 1,2026-07-27 13:09:50.069,-0.18,-0.88,-0.35,-9.58,-14.34,-12.08
worker 1,2026-07-27 13:09:50.070,-0.17,-0.88,-0.36,-8.67,-12.88,-10.74
worker 1,2026-07-27 13:09:50.070,-0.17,-0.89,-0.35,-9.22,-7.39,-6.84
worker 1,2026-07-27 13:09:50.070,-0.18,-0.89,-0.35,-8.73,-1.95,-2.81
worker 1,2026-07-27 13:09:50.070,-0.18,-0.89,-0.36,-6.1,0.73,-2.14
worker 1,2026-07-27 13:09:50.070,-0.18,-0.88,-0.37,-2.81,1.95,-3.23
worker 1,2026-07-27 13:09:50.070,-0.17,-0.88,-0.36,0.31,4.39,-2.56
worker 1,2026-07-27 13:09:50.071,-0.17,-0.88,-0.36,0.31,4.39,-2.56
worker 1,2026-07-27 13:09:50.071,-0.16,-0.89,-0.35,2.08,6.71,-2.01
worker 1,2026-07-27 13:09:50.071,-0.16,-0.89,-0.35,1.77,6.59,-3.17
worker 1,2026-07-27 13:09:50.071,-0.16,-0.89,-0.35,0.73,4.52,-4.52
worker 1,2026-07-27 13:09:50.072,-0.15,-0.89,-0.35,0.37,2.44,-4.88
worker 1,2026-07-27 13:09:50.072,-0.15,-0.89,-0.36,0.61,1.83,-4.52
worker 1,2026-07-27 13:09:50.072,-0.15,-0.89,-0.36,0.92,2.87,-3.97
worker 1,2026-07-27 13:09:50.072,-0.15,-0.89,-0.36,1.22,4.7,-3.3
worker 1,2026-07-27 13:09:50.073,-0.15,-0.89,-0.36,1.22,4.7,-3.3
worker 1,2026-07-27 13:09:50.073,-0.15,-0.88,-0.36,1.53,5.37,-2.38
worker 1,2026-07-27 13:09:50.073,-0.15,-0.88,-0.36,1.89,4.27,-0.43
worker 1,2026-07-27 13:09:50.073,-0.15,-0.88,-0.36,2.81,4.27,3.3
worker 1,2026-07-27 13:09:50.073,-0.15,-0.88,-0.36,4.09,6.84,5.92
worker 1,2026-07-27 13:09:50.073,-0.15,-0.89,-0.36,4.09,6.84,5.92
worker 1,2026-07-27 13:09:50.073,-0.14,-0.9,-0.34,5.74,10.8,5.0
worker 1,2026-07-27 13:09:50.074,-0.14,-0.9,-0.34,5.74,10.8,5.0
worker 1,2026-07-27 13:09:50.074,-0.13,-0.9,-0.32,9.83,18.31,3.05
worker 1,2026-07-27 13:09:50.074,-0.15,-0.87,-0.33,12.88,31.25,1.89
worker 1,2026-07-27 13:09:50.074,-0.19,-0.83,-0.35,8.18,40.53,0.85
worker 1,2026-07-27 13:09:50.074,-0.19,-0.83,-0.35,-2.93,34.18,-1.4
worker 1,2026-07-27 13:09:50.074,-0.19,-0.79,-0.35,-2.93,34.18,-1.4
worker 1,2026-07-27 13:09:50.074,-0.16,-0.76,-0.33,-13.92,15.01,-5.0
worker 1,2026-07-27 13:09:50.075,-0.17,-0.76,-0.3,-19.04,-3.23,-8.73
worker 1,2026-07-27 13:09:50.075,-0.19,-0.81,-0.32,-19.47,-13.0,-10.25
worker 1,2026-07-27 13:09:50.075,-0.17,-0.89,-0.34,-14.28,-29.48,10.62
worker 1,2026-07-27 13:09:50.075,-0.18,-0.99,-0.36,-6.59,-66.53,85.14
worker 1,2026-07-27 13:09:50.075,-0.26,-1.15,-0.4,41.32,-104.37,183.72
worker 1,2026-07-27 13:09:50.089,-0.26,-1.15,-0.4,41.32,-104.37,183.72
worker 1,2026-07-27 13:09:50.089,-0.3,-1.17,-0.12,142.03,-79.77,177.49
worker 1,2026-07-27 13:09:50.089,-0.42,-1.14,-0.04,130.07,-6.35,61.95
worker 1,2026-07-27 13:09:50.090,-0.48,-1.05,-0.39,22.64,10.99,-37.54
worker 1,2026-07-27 13:09:50.090,-0.35,-0.83,-0.36,17.82,-4.09,-73.55
worker 1,2026-07-27 13:09:50.090,-0.29,-0.75,-0.09,58.23,4.21,-59.39
worker 1,2026-07-27 13:09:50.091,-0.29,-0.75,-0.09,58.23,4.21,-59.39
worker 1,2026-07-27 13:09:50.091,-0.32,-0.74,0.05,33.51,12.7,-35.03
worker 1,2026-07-27 13:09:50.091,-0.32,-0.76,-0.0,-28.5,15.5,-28.69
worker 1,2026-07-27 13:09:50.091,-0.27,-0.78,-0.15,-72.69,14.95,-35.52
worker 1,2026-07-27 13:09:50.091,-0.21,-0.82,-0.29,-65.92,9.95,-37.54
worker 1,2026-07-27 13:09:50.096,-0.21,-0.82,-0.29,-65.92,9.95,-37.54
worker 1,2026-07-27 13:09:50.096,-0.18,-0.85,-0.29,-14.53,2.14,-25.51
worker 1,2026-07-27 13:09:50.097,-0.18,-0.85,-0.29,-14.53,2.14,-25.51
worker 1,2026-07-27 13:09:50.097,-0.21,-0.85,-0.18,38.94,-4.09,-5.07
worker 1,2026-07-27 13:09:50.097,-0.27,-0.87,-0.07,56.58,-6.59,12.51
worker 1,2026-07-27 13:09:50.097,-0.3,-0.9,-0.04,35.34,-6.29,20.26
worker 1,2026-07-27 13:09:50.097,-0.29,-0.9,-0.09,1.4,-4.09,19.1
worker 1,2026-07-27 13:09:50.098,-0.29,-0.9,-0.09,1.4,-4.09,19.1
worker 1,2026-07-27 13:09:50.098,-0.27,-0.89,-0.14,-16.42,-1.83,14.89
worker 1,2026-07-27 13:09:50.098,-0.27,-0.89,-0.14,-12.94,-1.4,14.28
worker 1,2026-07-27 13:09:50.098,-0.28,-0.88,-0.15,-12.94,-1.4,14.28
worker 1,2026-07-27 13:09:50.098,-0.3,-0.87,-0.13,-0.92,-1.77,19.1
worker 1,2026-07-27 13:09:50.098,-0.34,-0.85,-0.11,6.1,-1.65,25.82
worker 1,2026-07-27 13:09:50.098,-0.37,-0.85,-0.1,1.77,-1.59,31.43
worker 1,2026-07-27 13:09:50.099,-0.37,-0.85,-0.1,1.77,-1.59,31.43
worker 1,2026-07-27 13:09:50.099,-0.39,-0.86,-0.1,-8.0,-2.08,35.22
worker 1,2026-07-27 13:09:50.099,-0.4,-0.85,-0.11,-13.67,-2.99,37.66
worker 1,2026-07-27 13:09:50.099,-0.41,-0.83,-0.13,-12.39,-4.33,39.61
worker 1,2026-07-27 13:09:50.099,-0.4,-0.81,-0.14,-9.34,-4.94,38.82
worker 1,2026-07-27 13:09:50.100,-0.4,-0.81,-0.14,-9.34,-4.94,38.82
worker 1,2026-07-27 13:09:50.100,-0.42,-1.01,-0.16,-6.59,-5.13,35.34
worker 1,2026-07-27 13:09:50.100,-0.51,-1.18,-0.16,-8.54,-4.58,28.38
worker 1,2026-07-27 13:09:50.100,-0.61,-1.04,-0.21,-25.21,-5.55,32.71
worker 1,2026-07-27 13:09:50.101,-0.69,-0.83,-0.29,-36.38,-14.77,58.41
worker 1,2026-07-27 13:09:50.101,-0.77,-0.68,-0.23,-13.49,-32.35,84.84
worker 1,2026-07-27 13:09:50.101,-0.81,-0.61,-0.04,29.85,-57.8,99.85
worker 1,2026-07-27 13:09:50.101,-0.82,-0.55,0.12,61.34,-83.68,107.3
worker 1,2026-07-27 13:09:50.102,-0.8,-0.47,0.19,84.17,-106.38,101.56
worker 1,2026-07-27 13:09:50.102,-0.76,-0.38,0.2,102.6,-128.78,78.98
worker 1,2026-07-27 13:09:50.102,-0.74,-0.35,0.21,76.29,-116.7,59.39
worker 1,2026-07-27 13:09:50.102,-0.74,-0.35,0.21,4.15,-69.46,55.05
worker 1,2026-07-27 13:09:50.102,-0.74,-0.39,0.21,4.15,-69.46,55.05
worker 1,2026-07-27 13:09:50.103,-0.74,-0.45,0.23,-52.49,-42.18,54.75
worker 1,2026-07-27 13:09:50.103,-0.76,-0.46,0.28,-61.89,-46.26,46.2
worker 1,2026-07-27 13:09:50.103,-0.8,-0.44,0.32,-47.42,-57.25,35.71
worker 1,2026-07-27 13:09:50.103,-0.81,-0.4,0.3,-38.57,-53.71,33.33
worker 1,2026-07-27 13:09:50.104,-0.81,-0.4,0.3,-38.57,-53.71,33.33
worker 1,2026-07-27 13:09:50.104,-0.81,-0.36,0.27,-44.37,-33.08,36.13
worker 1,2026-07-27 13:09:50.104,-0.83,-0.35,0.26,-53.47,-9.95,37.11
worker 1,2026-07-27 13:09:50.124,-0.87,-0.36,0.28,-39.79,7.87,27.22
worker 1,2026-07-27 13:09:50.125,-0.88,-0.36,0.32,-0.31,18.68,13.49
worker 1,2026-07-27 13:09:50.126,-0.89,-0.34,0.35,28.02,20.32,6.53
worker 1,2026-07-27 13:09:50.127,-0.89,-0.33,0.35,29.36,13.18,3.78
worker 1,2026-07-27 13:09:50.127,-0.89,-0.32,0.34,21.85,1.04,4.58
worker 1,2026-07-27 13:09:50.127,-0.88,-0.32,0.34,20.26,-10.13,3.48
worker 1,2026-07-27 13:09:50.128,-0.88,-0.32,0.34,20.26,-10.13,3.48
worker 1,2026-07-27 13:09:50.128,-0.86,-0.29,0.34,28.38,-15.14,-5.25
worker 1,2026-07-27 13:09:50.128,-0.84,-0.25,0.36,39.92,-14.28,-12.7
worker 1,2026-07-27 13:09:50.128,-0.84,-0.22,0.37,53.1,-11.35,-4.03
worker 1,2026-07-27 13:09:50.129,-0.84,-0.22,0.37,53.1,-11.35,-4.03
worker 1,2026-07-27 13:09:50.129,-0.86,-0.21,0.4,69.09,-10.31,18.37
worker 1,2026-07-27 13:09:50.129,-0.85,-0.21,0.42,78.12,-10.74,36.87
worker 1,2026-07-27 13:09:50.129,-0.85,-0.19,0.41,64.09,-6.41,34.91
worker 1,2026-07-27 13:09:50.130,-0.85,-0.19,0.41,64.09,-6.41,34.91
worker 1,2026-07-27 13:09:50.130,-0.86,-0.18,0.39,27.71,4.82,12.88
worker 1,2026-07-27 13:09:50.130,-0.87,-0.18,0.36,-5.68,12.94,-7.08
worker 1,2026-07-27 13:09:50.130,-0.9,-0.2,0.34,-22.34,8.42,-5.74
worker 1,2026-07-27 13:09:50.130,-0.93,-0.25,0.31,-34.61,-2.81,12.7
worker 1,2026-07-27 13:09:50.131,-0.93,-0.25,0.31,-34.61,-2.81,12.7
worker 1,2026-07-27 13:09:50.131,-0.95,-0.28,0.3,-49.13,-10.56,29.6
worker 1,2026-07-27 13:09:50.131,-0.94,-0.28,0.29,-55.79,-12.51,32.53
worker 1,2026-07-27 13:09:50.131,-0.94,-0.28,0.29,-46.94,-10.07,19.78
worker 1,2026-07-27 13:09:50.132,-0.91,-0.25,0.3,-46.94,-10.07,19.78
worker 1,2026-07-27 13:09:50.132,-0.88,-0.2,0.31,-24.9,-3.42,-7.75
worker 1,2026-07-27 13:09:50.132,-0.88,-0.19,0.35,-0.79,7.69,-40.83
worker 1,2026-07-27 13:09:50.132,-0.9,-0.2,0.38,17.94,18.55,-65.49
worker 1,2026-07-27 13:09:50.133,-0.9,-0.2,0.38,17.94,18.55,-65.49
worker 1,2026-07-27 13:09:50.133,-0.89,-0.21,0.38,34.24,22.58,-70.01
worker 1,2026-07-27 13:09:50.133,-0.86,-0.24,0.38,49.99,15.44,-55.54
worker 1,2026-07-27 13:09:50.134,-0.82,-0.26,0.38,73.43,4.52,-41.38
worker 1,2026-07-27 13:09:50.134,-0.81,-0.24,0.4,102.29,-3.3,-40.71
worker 1,2026-07-27 13:09:50.134,-0.8,-0.19,0.49,118.04,-17.15,-44.56
worker 1,2026-07-27 13:09:50.134,-0.79,-0.15,0.59,147.34,-49.13,-42.24
worker 1,2026-07-27 13:09:50.135,-0.78,-0.02,0.6,234.37,-110.41,-19.59
worker 1,2026-07-27 13:09:50.135,-0.56,0.12,0.75,294.8,-191.35,39.12
worker 1,2026-07-27 13:09:50.135,-0.27,0.18,0.96,239.14,-185.24,60.67
worker 1,2026-07-27 13:09:50.135,-0.27,0.21,1.0,120.42,-76.35,23.68
worker 1,2026-07-27 13:09:50.136,-0.27,0.21,1.0,120.42,-76.35,23.68
worker 1,2026-07-27 13:09:50.136,-0.4,0.2,0.93,20.87,6.96,10.74
worker 1,2026-07-27 13:09:50.136,-0.48,0.2,0.83,-21.85,26.67,29.79
worker 1,2026-07-27 13:09:50.137,-0.51,0.24,0.77,-18.31,26.67,44.49
worker 1,2026-07-27 13:09:50.137,-0.55,0.31,0.78,-6.29,34.24,48.03
worker 1,2026-07-27 13:09:50.137,-0.55,0.31,0.82,-19.78,30.58,60.06
worker 1,2026-07-27 13:09:50.138,-0.55,0.31,0.82,-19.78,30.58,60.06
worker 1,2026-07-27 13:09:50.138,-0.55,0.21,0.86,-53.83,11.54,71.41
worker 1,2026-07-27 13:09:50.138,-0.56,0.08,0.87,-92.29,1.1,62.32
worker 1,2026-07-27 13:09:50.138,-0.54,-0.09,0.89,-144.04,6.59,44.07
worker 1,2026-07-27 13:09:50.139,-0.54,-0.09,0.89,-144.04,6.59,44.07
worker 1,2026-07-27 13:09:50.139,-0.48,-0.26,0.89,-220.03,18.01,30.27
worker 1,2026-07-27 13:09:50.139,-0.48,-0.32,0.78,-243.1,26.92,16.48
worker 1,2026-07-27 13:09:50.140,-0.48,-0.32,0.78,-243.1,26.92,16.48
worker 1,2026-07-27 13:09:50.140,-0.51,-0.37,0.71,-163.88,39.55,-13.18
worker 1,2026-07-27 13:09:50.140,-0.58,-0.44,0.74,-60.67,61.77,-62.93
worker 1,2026-07-27 13:09:50.141,-0.58,-0.44,0.74,-60.67,61.77,-62.93
worker 1,2026-07-27 13:09:50.142,-0.7,-0.49,0.71,10.31,84.84,-117.31
worker 1,2026-07-27 13:09:50.142,-0.75,-0.54,0.62,44.92,99.3,-161.62
worker 1,2026-07-27 13:09:50.143,-0.67,-0.59,0.52,51.51,102.66,-178.59
worker 1,2026-07-27 13:09:50.143,-0.59,-0.64,0.47,46.2,101.5,-147.22
worker 1,2026-07-27 13:09:50.143,-0.61,-0.63,0.53,41.5,86.61,-93.26
worker 1,2026-07-27 13:09:50.144,-0.69,-0.53,0.65,30.76,47.55,-67.69
worker 1,2026-07-27 13:09:50.144,-0.76,-0.37,0.74,26.79,9.77,-74.71
worker 1,2026-07-27 13:09:50.144,-0.8,-0.23,0.67,39.55,-6.29,-85.39
worker 1,2026-07-27 13:09:50.144,-0.76,-0.11,0.54,26.31,-14.71,-88.5
worker 1,2026-07-27 13:09:50.145,-0.76,-0.11,0.54,26.31,-14.71,-88.5
worker 1,2026-07-27 13:09:50.145,-0.56,-0.19,0.49,-34.24,-31.07,-87.28
worker 1,2026-07-27 13:09:50.145,-0.31,-0.45,0.47,-86.61,-34.55,-72.39
worker 1,2026-07-27 13:09:50.146,-0.31,-0.45,0.47,-86.61,-34.55,-72.39
worker 1,2026-07-27 13:09:50.146,-0.26,-0.64,0.43,-80.75,-11.72,-47.85
worker 1,2026-07-27 13:09:50.146,-0.31,-0.7,0.42,-40.95,15.08,-30.88
worker 1,2026-07-27 13:09:50.147,-0.29,-0.75,0.49,-10.01,31.8,-20.57
worker 1,2026-07-27 13:09:50.147,-0.27,-0.87,0.58,8.97,43.76,-8.79
worker 1,2026-07-27 13:09:50.148,-0.29,-0.97,0.64,33.75,54.32,11.96
worker 1,2026-07-27 13:09:50.148,-0.4,-0.93,0.6,59.33,57.25,32.59
worker 1,2026-07-27 13:09:50.149,-0.56,-0.79,0.51,65.31,50.42,30.27
worker 1,2026-07-27 13:09:50.149,-0.67,-0.63,0.43,65.43,45.84,19.1
worker 1,2026-07-27 13:09:50.150,-0.71,-0.5,0.44,75.62,37.84,16.85
worker 1,2026-07-27 13:09:50.150,-0.74,-0.39,0.57,77.15,15.44,25.33
worker 1,2026-07-27 13:09:50.150,-0.7,-0.3,0.69,66.71,-13.79,46.2
worker 1,2026-07-27 13:09:50.151,-0.56,-0.28,0.73,56.76,-37.41,72.94
worker 1,2026-07-27 13:09:50.151,-0.52,-0.32,0.7,45.84,-41.26,97.72
worker 1,2026-07-27 13:09:50.151,-0.55,-0.34,0.68,42.05,-26.18,107.06
worker 1,2026-07-27 13:09:50.152,-0.55,-0.34,0.68,42.05,-26.18,107.06
worker 1,2026-07-27 13:09:50.152,-0.57,-0.27,0.74,45.29,3.05,91.19
worker 1,2026-07-27 13:09:50.152,-0.57,-0.27,0.74,34.12,37.05,66.59
worker 1,2026-07-27 13:09:50.153,-0.6,-0.13,0.78,34.12,37.05,66.59
worker 1,2026-07-27 13:09:50.153,-0.64,-0.04,0.72,7.81,53.71,57.62
worker 1,2026-07-27 13:09:50.153,-0.68,-0.03,0.63,-9.95,43.15,62.01
worker 1,2026-07-27 13:09:50.154,-0.68,-0.03,0.63,-9.95,43.15,62.01
worker 1,2026-07-27 13:09:50.154,-0.65,-0.07,0.6,-13.79,19.53,63.72
worker 1,2026-07-27 13:09:50.154,-0.63,-0.1,0.61,-15.38,8.3,50.78
worker 1,2026-07-27 13:09:50.155,-0.66,-0.13,0.66,-9.77,19.23,23.74
worker 1,2026-07-27 13:09:50.155,-0.71,-0.2,0.72,7.93,40.04,-6.1
worker 1,2026-07-27 13:09:50.155,-0.74,-0.3,0.79,28.44,54.69,-36.44
worker 1,2026-07-27 13:09:50.156,-0.74,-0.3,0.79,28.44,54.69,-36.44
worker 1,2026-07-27 13:09:50.156,-0.81,-0.39,0.86,43.4,55.24,-74.77
worker 1,2026-07-27 13:09:50.156,-0.85,-0.44,0.84,51.09,35.28,-117.61
worker 1,2026-07-27 13:09:50.156,-0.79,-0.46,0.7,42.48,-10.01,-145.63
worker 1,2026-07-27 13:09:50.157,-0.79,-0.46,0.7,42.48,-10.01,-145.63
worker 1,2026-07-27 13:09:50.157,-0.71,-0.42,0.56,12.45,-63.23,-142.33
worker 1,2026-07-27 13:09:50.157,-0.69,-0.29,0.57,-13.31,-96.68,-113.95
worker 1,2026-07-27 13:09:50.157,-0.69,-0.17,0.68,-10.44,-94.18,-76.48
worker 1,2026-07-27 13:09:50.158,-0.66,-0.16,0.71,4.21,-66.59,-47.12
worker 1,2026-07-27 13:09:50.158,-0.59,-0.27,0.62,1.95,-52.43,-30.15
worker 1,2026-07-27 13:09:50.159,-0.51,-0.39,0.52,-10.86,-59.75,-11.9
worker 1,2026-07-27 13:09:50.159,-0.51,-0.39,0.52,-13.92,-62.81,7.87
worker 1,2026-07-27 13:09:50.159,-0.49,-0.44,0.48,-13.92,-62.81,7.87
worker 1,2026-07-27 13:09:50.159,-0.5,-0.42,0.54,-6.35,-51.45,20.14
worker 1,2026-07-27 13:09:50.160,-0.5,-0.42,0.54,-6.35,-51.45,20.14
worker 1,2026-07-27 13:09:50.160,-0.42,-0.38,0.66,3.11,-32.65,23.99
worker 1,2026-07-27 13:09:50.160,-0.31,-0.38,0.79,6.16,-17.4,17.94
worker 1,2026-07-27 13:09:50.161,-0.31,-0.38,0.79,6.16,-17.4,17.94
worker 1,2026-07-27 13:09:50.171,-0.25,-0.45,0.84,-2.93,-14.28,0.98
worker 1,2026-07-27 13:09:50.171,-0.18,-0.57,0.8,-28.38,-26.18,-27.1
worker 1,2026-07-27 13:09:50.172,-0.18,-0.57,0.8,-28.38,-26.18,-27.1
worker 1,2026-07-27 13:09:50.172,-0.13,-0.66,0.72,-74.95,-51.15,-68.05
worker 1,2026-07-27 13:09:50.172,-0.1,-0.69,0.64,-105.29,-71.47,-99.61
worker 1,2026-07-27 13:09:50.173,-0.1,-0.69,0.64,-105.29,-71.47,-99.61
worker 1,2026-07-27 13:09:50.173,-0.07,-0.72,0.67,-91.13,-73.61,-97.78
worker 1,2026-07-27 13:09:50.173,-0.05,-0.74,0.72,-70.13,-55.18,-96.98
worker 1,2026-07-27 13:09:50.174,-0.05,-0.74,0.72,-70.13,-55.18,-96.98
worker 1,2026-07-27 13:09:50.174,-0.14,-0.7,0.58,-80.14,-10.13,-143.19
worker 1,2026-07-27 13:09:50.175,-0.28,-0.78,0.41,-137.21,31.92,-202.09
worker 1,2026-07-27 13:09:50.175,-0.25,-0.91,0.4,-188.72,24.9,-174.68
worker 1,2026-07-27 13:09:50.176,-0.08,-0.93,0.47,-154.54,-13.79,-47.36
worker 1,2026-07-27 13:09:50.176,0.04,-0.99,0.47,-78.55,-29.24,58.23
worker 1,2026-07-27 13:09:50.176,0.04,-1.08,0.39,-39.73,-16.54,76.23
worker 1,2026-07-27 13:09:50.177,0.07,-1.06,0.27,-26.55,-7.45,59.45
worker 1,2026-07-27 13:09:50.177,0.09,-1.0,0.21,-10.99,-8.06,48.77
worker 1,2026-07-27 13:09:50.178,0.09,-1.0,0.21,-10.99,-8.06,48.77
worker 1,2026-07-27 13:09:50.178,0.05,-0.94,0.21,11.23,4.39,37.05
worker 1,2026-07-27 13:09:50.178,0.01,-0.88,0.23,34.48,37.17,19.84
worker 1,2026-07-27 13:09:50.179,0.01,-0.88,0.23,34.48,37.17,19.84
worker 1,2026-07-27 13:09:50.179,-0.02,-0.86,0.25,53.34,75.93,10.56
worker 1,2026-07-27 13:09:50.179,-0.04,-0.87,0.32,67.38,108.83,12.63
worker 1,2026-07-27 13:09:50.179,-0.06,-0.88,0.42,76.78,129.64,10.99
worker 1,2026-07-27 13:09:50.179,-0.1,-0.88,0.54,89.78,138.0,-5.55
worker 1,2026-07-27 13:09:50.180,-0.1,-0.88,0.54,89.78,138.0,-5.55
worker 1,2026-07-27 13:09:50.180,-0.11,-0.87,0.7,104.49,131.16,-28.38
worker 1,2026-07-27 13:09:50.180,0.01,-0.78,0.82,111.39,107.54,-37.35
worker 1,2026-07-27 13:09:50.180,0.15,-0.69,0.86,92.41,72.75,-33.75
worker 1,2026-07-27 13:09:50.181,0.15,-0.69,0.86,92.41,72.75,-33.75
worker 1,2026-07-27 13:09:50.181,0.17,-0.76,0.92,32.84,29.72,-36.25
worker 1,2026-07-27 13:09:50.182,0.07,-0.78,0.68,-12.88,-81.18,-61.52
worker 1,2026-07-27 13:09:50.182,0.01,-0.74,0.58,19.59,-137.08,-34.12
worker 1,2026-07-27 13:09:50.182,-0.14,-0.7,0.75,39.25,-153.14,25.82
worker 1,2026-07-27 13:09:50.183,-0.29,-0.62,0.9,14.71,-119.93,60.97
worker 1,2026-07-27 13:09:50.184,-0.24,-0.58,0.77,-60.61,-81.36,35.89
worker 1,2026-07-27 13:09:50.184,-0.24,-0.58,0.77,-110.66,-71.23,-7.02
worker 1,2026-07-27 13:09:50.184,-0.09,-0.63,0.44,-110.66,-71.23,-7.02
worker 1,2026-07-27 13:09:50.185,-0.07,-0.67,0.26,-67.69,-81.12,-3.48
worker 1,2026-07-27 13:09:50.185,-0.09,-0.68,0.35,33.33,-108.83,24.05
worker 1,2026-07-27 13:09:50.186,-0.09,-0.68,0.35,33.33,-108.83,24.05
worker 1,2026-07-27 13:09:50.186,0.04,-0.69,0.49,124.63,-143.98,20.02
worker 1,2026-07-27 13:09:50.186,0.25,-0.71,0.63,149.48,-145.14,5.86
worker 1,2026-07-27 13:09:50.186,0.38,-0.73,0.65,98.51,-109.86,21.06
worker 1,2026-07-27 13:09:50.187,0.38,-0.73,0.65,98.51,-109.86,21.06
worker 1,2026-07-27 13:09:50.187,0.43,-0.77,0.55,33.2,-77.76,52.12
worker 1,2026-07-27 13:09:50.187,0.45,-0.81,0.48,1.71,-70.5,71.84
worker 1,2026-07-27 13:09:50.188,0.4,-0.75,0.47,-5.07,-77.64,73.55
worker 1,2026-07-27 13:09:50.188,0.3,-0.68,0.56,-10.19,-89.97,70.37
worker 1,2026-07-27 13:09:50.188,0.28,-0.74,0.74,-13.18,-84.78,55.24
worker 1,2026-07-27 13:09:50.188,0.27,-0.87,0.74,10.93,-13.55,24.66
worker 1,2026-07-27 13:09:50.189,0.27,-0.87,0.74,10.93,-13.55,24.66
worker 1,2026-07-27 13:09:50.189,0.13,-0.87,0.53,45.1,67.02,14.16
worker 1,2026-07-27 13:09:50.189,0.03,-0.75,0.46,28.81,38.33,34.85
worker 1,2026-07-27 13:09:50.190,0.03,-0.75,0.46,28.81,38.33,34.85
worker 1,2026-07-27 13:09:50.190,0.06,-0.62,0.58,-30.27,-47.36,46.39
worker 1,2026-07-27 13:09:50.190,0.1,-0.61,0.67,-69.58,-72.57,31.49
worker 1,2026-07-27 13:09:50.190,0.1,-0.74,0.64,-58.78,-50.29,25.82
worker 1,2026-07-27 13:09:50.191,0.18,-0.86,0.58,-12.15,-27.59,34.42
worker 1,2026-07-27 13:09:50.192,0.26,-0.88,0.58,28.08,-9.46,30.21
worker 1,2026-07-27 13:09:50.192,0.25,-0.81,0.59,34.73,7.69,8.36
worker 1,2026-07-27 13:09:50.193,0.2,-0.74,0.54,30.15,27.28,-17.09
worker 1,2026-07-27 13:09:50.193,0.2,-0.74,0.54,36.44,52.67,-28.56
worker 1,2026-07-27 13:09:50.193,0.15,-0.7,0.52,36.44,52.67,-28.56
worker 1,2026-07-27 13:09:50.193,0.14,-0.71,0.57,40.04,73.85,-20.81
worker 1,2026-07-27 13:09:50.194,0.14,-0.71,0.57,40.04,73.85,-20.81
worker 1,2026-07-27 13:09:50.194,0.2,-0.73,0.65,33.51,85.75,-8.61
worker 1,2026-07-27 13:09:50.194,0.23,-0.74,0.72,28.87,95.09,-12.88
worker 1,2026-07-27 13:09:50.194,0.26,-0.68,0.83,41.93,104.8,-42.6
worker 1,2026-07-27 13:09:50.195,0.26,-0.68,0.83,41.93,104.8,-42.6
worker 1,2026-07-27 13:09:50.195,0.39,-0.61,0.95,55.3,120.79,-80.81
worker 1,2026-07-27 13:09:50.195,0.52,-0.67,1.03,30.64,116.15,-100.28
worker 1,2026-07-27 13:09:50.195,0.5,-0.75,0.94,-11.6,56.46,-106.63
worker 1,2026-07-27 13:09:50.196,0.34,-0.71,0.71,-23.07,-38.7,-106.2
worker 1,2026-07-27 13:09:50.196,0.13,-0.61,0.68,-0.79,-117.86,-68.42
worker 1,2026-07-27 13:09:50.196,0.01,-0.56,0.84,34.61,-131.53,13.0
worker 1,2026-07-27 13:09:50.196,-0.01,-0.55,0.9,65.43,-82.15,78.25
worker 1,2026-07-27 13:09:50.197,-0.01,-0.52,0.8,71.66,-31.49,81.24
worker 1,2026-07-27 13:09:50.197,0.01,-0.46,0.65,60.91,-17.09,57.01
worker 1,2026-07-27 13:09:50.197,-0.01,-0.47,0.58,65.25,-17.58,62.32
worker 1,2026-07-27 13:09:50.197,-0.01,-0.47,0.58,70.07,-15.87,99.18
worker 1,2026-07-27 13:09:50.197,-0.03,-0.51,0.61,70.07,-15.87,99.18
worker 1,2026-07-27 13:09:50.198,0.03,-0.49,0.71,48.34,-14.83,127.69
worker 1,2026-07-27 13:09:50.198,0.12,-0.44,0.84,21.55,-10.99,120.12
worker 1,2026-07-27 13:09:50.198,0.21,-0.47,0.9,9.89,-5.13,77.15
worker 1,2026-07-27 13:09:50.198,0.29,-0.61,0.87,8.48,-9.52,27.1
worker 1,2026-07-27 13:09:50.198,0.31,-0.67,0.82,10.13,-30.94,1.59
worker 1,2026-07-27 13:09:50.199,0.23,-0.57,0.77,6.71,-52.67,2.44
worker 1,2026-07-27 13:09:50.199,0.18,-0.52,0.91,-3.97,-59.33,4.76
worker 1,2026-07-27 13:09:50.199,0.2,-0.62,1.06,-1.04,-21.12,-11.47
worker 1,2026-07-27 13:09:50.199,0.2,-0.62,1.06,15.62,48.95,-21.97
worker 1,2026-07-27 13:09:50.199,0.14,-0.69,0.9,15.62,48.95,-21.97
worker 1,2026-07-27 13:09:50.199,-0.05,-0.54,0.74,8.06,58.78,-1.89
worker 1,2026-07-27 13:09:50.200,-0.05,-0.54,0.74,8.06,58.78,-1.89
worker 1,2026-07-27 13:09:50.200,-0.15,-0.26,0.78,-28.26,3.11,44.01
worker 1,2026-07-27 13:09:50.200,-0.2,-0.16,0.82,-50.29,-37.35,127.56
worker 1,2026-07-27 13:09:50.200,-0.3,-0.33,0.86,-34.55,-33.87,235.72
worker 1,2026-07-27 13:09:50.200,-0.3,-0.62,0.89,10.07,-14.71,288.33
worker 1,2026-07-27 13:09:50.200,-0.24,-0.7,0.87,45.04,0.0,219.36
worker 1,2026-07-27 13:09:50.201,-0.24,-0.7,0.87,45.04,0.0,219.36
worker 1,2026-07-27 13:09:50.201,-0.18,-0.51,0.86,35.83,9.64,96.86
worker 1,2026-07-27 13:09:50.202,-0.15,-0.33,0.89,0.0,9.95,35.89
worker 1,2026-07-27 13:09:50.202,-0.2,-0.28,0.88,-24.9,-3.6,50.6
worker 1,2026-07-27 13:09:50.202,-0.28,-0.36,0.83,-25.39,-25.63,95.34
worker 1,2026-07-27 13:09:50.203,-0.33,-0.47,0.79,-10.99,-41.75,122.56
worker 1,2026-07-27 13:09:50.203,-0.32,-0.5,0.8,4.33,-44.74,117.61
worker 1,2026-07-27 13:09:50.203,-0.27,-0.51,0.86,7.32,-35.28,95.15
worker 1,2026-07-27 13:09:50.204,-0.23,-0.56,0.89,0.79,-14.83,60.0
worker 1,2026-07-27 13:09:50.204,-0.25,-0.66,0.87,-5.74,10.74,13.49
worker 1,2026-07-27 13:09:50.204,-0.3,-0.8,0.86,-14.34,32.04,-21.91
worker 1,2026-07-27 13:09:50.205,-0.34,-0.87,0.84,-28.56,44.19,-30.33
worker 1,2026-07-27 13:09:50.205,-0.36,-0.76,0.71,-61.16,43.46,-28.75
worker 1,2026-07-27 13:09:50.205,-0.41,-0.52,0.67,-116.64,26.18,-13.12
worker 1,2026-07-27 13:09:50.205,-0.43,-0.3,0.89,-137.88,1.22,49.8
worker 1,2026-07-27 13:09:50.206,-0.39,-0.23,1.03,-89.05,-15.87,114.07
worker 1,2026-07-27 13:09:50.206,-0.36,-0.26,0.91,-26.43,-17.52,94.42
worker 1,2026-07-27 13:09:50.207,-0.37,-0.24,0.71,-0.49,-12.76,17.46
worker 1,2026-07-27 13:09:50.207,-0.43,-0.23,0.56,-4.09,-21.48,-29.24
worker 1,2026-07-27 13:09:50.207,-0.43,-0.23,0.56,-18.49,-40.34,-19.78
worker 1,2026-07-27 13:09:50.207,-0.49,-0.33,0.51,-18.49,-40.34,-19.78
worker 1,2026-07-27 13:09:50.207,-0.52,-0.47,0.52,-26.06,-41.08,9.46
worker 1,2026-07-27 13:09:50.208,-0.52,-0.47,0.52,-26.06,-41.08,9.46
worker 1,2026-07-27 13:09:50.208,-0.53,-0.62,0.58,-4.94,-15.32,18.62
worker 1,2026-07-27 13:09:50.208,-0.49,-0.81,0.63,42.24,11.11,9.28
worker 1,2026-07-27 13:09:50.227,-0.47,-0.84,0.71,82.52,21.85,11.17
worker 1,2026-07-27 13:09:50.228,-0.45,-0.62,0.77,64.88,26.79,17.76
worker 1,2026-07-27 13:09:50.228,-0.41,-0.39,0.69,-7.69,26.79,-5.37
worker 1,2026-07-27 13:09:50.228,-0.51,-0.27,0.62,-73.91,27.77,-54.32
worker 1,2026-07-27 13:09:50.228,-0.67,-0.39,0.73,-74.83,18.49,-44.43
worker 1,2026-07-27 13:09:50.229,-0.67,-0.39,0.73,-74.83,18.49,-44.43
worker 1,2026-07-27 13:09:50.229,-0.73,-0.59,0.74,32.04,-16.36,51.03
worker 1,2026-07-27 13:09:50.230,-0.69,-0.56,0.61,126.53,-44.8,120.73
worker 1,2026-07-27 13:09:50.231,-0.51,-0.39,0.66,72.33,-44.8,87.16
worker 1,2026-07-27 13:09:50.231,-0.37,-0.3,0.8,-35.71,-15.62,-25.15
worker 1,2026-07-27 13:09:50.232,-0.4,-0.33,0.82,-63.84,30.94,-130.19
worker 1,2026-07-27 13:09:50.232,-0.51,-0.4,0.75,-8.54,67.02,-163.51
worker 1,2026-07-27 13:09:50.233,-0.59,-0.48,0.69,55.36,83.92,-143.19
worker 1,2026-07-27 13:09:50.233,-0.57,-0.58,0.69,75.07,91.49,-121.34
worker 1,2026-07-27 13:09:50.234,-0.57,-0.58,0.69,75.07,91.49,-121.34
worker 1,2026-07-27 13:09:50.234,-0.43,-0.6,0.76,52.49,103.33,-133.24
worker 1,2026-07-27 13:09:50.235,-0.43,-0.6,0.76,52.49,103.33,-133.24
worker 1,2026-07-27 13:09:50.235,-0.32,-0.57,0.79,20.39,111.57,-164.43
worker 1,2026-07-27 13:09:50.236,-0.31,-0.54,0.75,2.87,96.13,-169.49
worker 1,2026-07-27 13:09:50.236,-0.35,-0.54,0.68,-0.49,65.31,-140.99
worker 1,2026-07-27 13:09:50.236,-0.34,-0.57,0.65,1.71,39.73,-108.4
worker 1,2026-07-27 13:09:50.236,-0.26,-0.63,0.66,1.77,29.42,-88.01
worker 1,2026-07-27 13:09:50.237,-0.19,-0.65,0.67,1.65,31.56,-72.57
worker 1,2026-07-27 13:09:50.237,-0.17,-0.67,0.67,3.85,34.48,-47.91
worker 1,2026-07-27 13:09:50.237,-0.17,-0.69,0.67,6.71,28.63,-11.29
worker 1,2026-07-27 13:09:50.237,-0.19,-0.68,0.67,4.82,10.31,30.82
worker 1,2026-07-27 13:09:50.238,-0.28,-0.66,0.68,-5.49,-19.04,78.55
worker 1,2026-07-27 13:09:50.238,-0.28,-0.66,0.68,-18.92,-46.87,113.34
worker 1,2026-07-27 13:09:50.238,-0.36,-0.64,0.67,-18.92,-46.87,113.34
worker 1,2026-07-27 13:09:50.238,-0.39,-0.64,0.65,-27.47,-60.3,113.59
worker 1,2026-07-27 13:09:50.238,-0.37,-0.66,0.65,-30.82,-56.88,86.67
worker 1,2026-07-27 13:09:50.239,-0.37,-0.66,0.65,-30.82,-56.88,86.67
worker 1,2026-07-27 13:09:50.239,-0.34,-0.65,0.67,-34.48,-41.2,50.54
worker 1,2026-07-27 13:09:50.239,-0.32,-0.62,0.69,-40.28,-22.52,18.13
worker 1,2026-07-27 13:09:50.239,-0.33,-0.59,0.71,-44.49,-6.9,-6.65
worker 1,2026-07-27 13:09:50.251,-0.34,-0.58,0.73,-44.92,2.14,-22.71
worker 1,2026-07-27 13:09:50.251,-0.39,-0.66,0.76,-42.79,0.85,-29.97
worker 1,2026-07-27 13:09:50.251,-0.39,-0.66,0.76,-39.61,-10.01,-33.33
worker 1,2026-07-27 13:09:50.251,-0.42,-0.79,0.71,-39.61,-10.01,-33.33
worker 1,2026-07-27 13:09:50.251,-0.28,-0.84,0.56,-39.25,-27.47,-31.8
worker 1,2026-07-27 13:09:50.252,-0.28,-0.84,0.56,-39.25,-27.47,-31.8
worker 1,2026-07-27 13:09:50.252,-0.1,-0.76,0.45,-46.69,-63.78,-12.33
worker 1,2026-07-27 13:09:50.252,-0.05,-0.72,0.39,-56.09,-111.45,22.95
worker 1,2026-07-27 13:09:50.252,-0.22,-0.97,0.3,-19.17,-106.87,53.41
worker 1,2026-07-27 13:09:50.253,-0.19,-0.97,0.48,4.09,-56.76,34.73
worker 1,2026-07-27 13:09:50.261,-0.19,-0.97,0.48,4.09,-56.76,34.73
worker 1,2026-07-27 13:09:50.261,-0.26,-0.9,0.6,24.54,7.02,2.81
worker 1,2026-07-27 13:09:50.261,-0.41,-0.82,0.48,58.11,46.81,0.61
worker 1,2026-07-27 13:09:50.262,-0.49,-0.77,0.3,80.08,36.38,35.77
worker 1,2026-07-27 13:09:50.262,-0.49,-0.74,0.3,65.8,-2.44,61.28
worker 1,2026-07-27 13:09:50.262,-0.44,-0.72,0.41,39.12,-30.4,55.79
worker 1,2026-07-27 13:09:50.262,-0.39,-0.7,0.48,28.81,-30.4,38.02
worker 1,2026-07-27 13:09:50.263,-0.39,-0.7,0.48,28.81,-30.4,38.02
worker 1,2026-07-27 13:09:50.263,-0.47,-0.67,0.47,31.13,-5.37,33.26
worker 1,2026-07-27 13:09:50.263,-0.56,-0.69,0.46,48.4,67.08,22.4
worker 1,2026-07-27 13:09:50.263,-0.56,-0.72,0.43,74.4,147.16,-14.1
worker 1,2026-07-27 13:09:50.264,-0.54,-0.75,0.46,70.07,139.89,-28.02
worker 1,2026-07-27 13:09:50.264,-0.49,-0.68,0.54,29.3,59.81,-16.6
worker 1,2026-07-27 13:09:50.264,-0.48,-0.47,0.57,-4.15,-25.09,3.11
worker 1,2026-07-27 13:09:50.264,-0.47,-0.24,0.52,-4.82,-111.21,85.63
worker 1,2026-07-27 13:09:50.265,-0.47,-0.24,0.52,-4.82,-111.21,85.63
worker 1,2026-07-27 13:09:50.265,-0.49,-0.02,0.67,27.4,-234.92,245.91
worker 1,2026-07-27 13:09:50.265,-0.55,-0.09,1.0,81.97,-293.33,387.94
worker 1,2026-07-27 13:09:50.265,-0.54,-0.28,1.11,113.65,-183.29,361.39
worker 1,2026-07-27 13:09:50.266,-0.47,-0.17,1.01,89.48,-33.69,142.33
worker 1,2026-07-27 13:09:50.266,-0.4,-0.01,0.91,40.83,32.65,-55.36
worker 1,2026-07-27 13:09:50.266,-0.4,0.02,0.87,10.44,33.08,-91.67
worker 1,2026-07-27 13:09:50.266,-0.43,-0.01,0.87,5.19,14.83,-53.65
worker 1,2026-07-27 13:09:50.267,-0.43,-0.01,0.87,5.19,14.83,-53.65
worker 1,2026-07-27 13:09:50.267,-0.41,-0.02,0.87,11.41,3.36,-26.79
worker 1,2026-07-27 13:09:50.267,-0.34,0.0,0.88,14.28,1.22,-26.25
worker 1,2026-07-27 13:09:50.267,-0.28,0.01,0.9,14.22,2.01,-32.9
worker 1,2026-07-27 13:09:50.268,-0.28,0.01,0.9,14.22,2.01,-32.9
worker 1,2026-07-27 13:09:50.268,-0.26,0.0,0.95,15.5,1.1,-28.69
worker 1,2026-07-27 13:09:50.268,-0.29,-0.02,1.02,19.84,-3.6,-10.56
worker 1,2026-07-27 13:09:50.268,-0.32,-0.03,1.04,23.93,-11.23,9.46
worker 1,2026-07-27 13:09:50.269,-0.32,0.01,0.94,22.58,-17.7,13.49
worker 1,2026-07-27 13:09:50.269,-0.32,0.07,0.82,16.91,-19.35,10.31
worker 1,2026-07-27 13:09:50.269,-0.3,0.04,0.87,11.9,-16.17,22.77
worker 1,2026-07-27 13:09:50.269,-0.28,-0.02,1.05,10.19,-12.02,35.03
worker 1,2026-07-27 13:09:50.270,-0.3,-0.0,1.11,11.41,-11.66,13.98
worker 1,2026-07-27 13:09:50.270,-0.31,0.1,1.02,9.03,-10.25,-21.91
worker 1,2026-07-27 13:09:50.270,-0.31,0.1,1.02,6.96,-4.94,-42.11
worker 1,2026-07-27 13:09:50.270,-0.33,0.2,0.88,6.96,-4.94,-42.11
worker 1,2026-07-27 13:09:50.270,-0.36,0.19,0.8,13.98,2.26,-44.25
worker 1,2026-07-27 13:09:50.271,-0.36,0.19,0.8,13.98,2.26,-44.25
worker 1,2026-07-27 13:09:50.271,-0.38,0.12,0.83,27.65,11.17,-44.31
worker 1,2026-07-27 13:09:50.271,-0.35,0.09,0.91,40.22,19.04,-64.21
worker 1,2026-07-27 13:09:50.271,-0.27,0.08,1.0,40.95,25.7,-87.34
worker 1,2026-07-27 13:09:50.271,-0.21,0.11,1.06,30.7,31.31,-91.98
worker 1,2026-07-27 13:09:50.272,-0.21,0.11,1.06,30.7,31.31,-91.98
worker 1,2026-07-27 13:09:50.272,-0.29,0.25,1.06,12.57,34.3,-79.9
worker 1,2026-07-27 13:09:50.272,-0.38,0.23,1.17,10.99,26.55,-45.23
worker 1,2026-07-27 13:09:50.281,-0.54,0.04,1.16,35.22,9.09,-0.55
worker 1,2026-07-27 13:09:50.282,-0.54,0.04,1.16,40.83,6.96,-17.15
worker 1,2026-07-27 13:09:50.282,-0.65,-0.01,0.89,40.83,6.96,-17.15
worker 1,2026-07-27 13:09:50.282,-0.44,0.08,0.71,33.2,12.57,-111.39
worker 1,2026-07-27 13:09:50.291,-0.44,0.08,0.71,33.2,12.57,-111.39
worker 1,2026-07-27 13:09:50.291,-0.29,0.09,0.66,52.37,-3.3,-200.38
worker 1,2026-07-27 13:09:50.291,-0.41,-0.02,0.7,75.93,-21.42,-204.16
worker 1,2026-07-27 13:09:50.292,-0.41,-0.02,0.7,67.2,-14.16,-132.08
worker 1,2026-07-27 13:09:50.292,-0.55,-0.11,0.8,67.2,-14.16,-132.08
worker 1,2026-07-27 13:09:50.292,-0.49,-0.09,0.86,34.06,6.77,-64.51
worker 1,2026-07-27 13:09:50.292,-0.31,-0.0,0.88,10.25,17.03,-38.94
worker 1,2026-07-27 13:09:50.293,-0.31,-0.0,0.88,10.25,17.03,-38.94
worker 1,2026-07-27 13:09:50.293,-0.21,0.04,0.89,11.84,5.68,-48.4
worker 1,2026-07-27 13:09:50.293,-0.28,0.02,0.88,24.05,-19.47,-71.59
worker 1,2026-07-27 13:09:50.293,-0.4,0.02,0.85,22.71,-37.29,-68.24
worker 1,2026-07-27 13:09:50.293,-0.44,0.1,0.82,6.77,-38.51,-24.41
worker 1,2026-07-27 13:09:50.294,-0.44,0.1,0.82,6.77,-38.51,-24.41
worker 1,2026-07-27 13:09:50.294,-0.37,0.16,0.83,5.68,-36.99,22.52
worker 1,2026-07-27 13:09:50.294,-0.27,0.15,0.9,26.43,-48.65,38.33
worker 1,2026-07-27 13:09:50.294,-0.25,0.12,1.02,39.79,-73.12,34.85
worker 1,2026-07-27 13:09:50.294,-0.36,0.1,1.05,31.01,-82.95,46.45
worker 1,2026-07-27 13:09:50.295,-0.42,0.05,0.89,2.93,-49.93,86.3
worker 1,2026-07-27 13:09:50.295,-0.33,0.01,0.83,-32.96,22.03,133.18
worker 1,2026-07-27 13:09:50.295,-0.27,-0.04,1.08,-50.6,81.79,157.1
worker 1,2026-07-27 13:09:50.296,-0.25,-0.02,1.23,-44.43,71.59,143.07
worker 1,2026-07-27 13:09:50.296,-0.26,0.15,1.06,-20.75,13.92,77.76
worker 1,2026-07-27 13:09:50.296,-0.32,0.28,0.87,2.69,-22.4,19.96
worker 1,2026-07-27 13:09:50.296,-0.37,0.2,0.83,14.1,-18.92,18.07
worker 1,2026-07-27 13:09:50.297,-0.35,0.09,0.9,23.62,-3.05,7.14
worker 1,2026-07-27 13:09:50.297,-0.3,0.07,0.94,28.87,6.9,-33.14
worker 1,2026-07-27 13:09:50.297,-0.3,0.07,0.94,27.04,12.02,-62.74
worker 1,2026-07-27 13:09:50.298,-0.3,0.09,0.95,27.04,12.02,-62.74
worker 1,2026-07-27 13:09:50.298,-0.28,0.11,0.95,21.91,15.99,-72.33
worker 1,2026-07-27 13:09:50.298,-0.26,0.11,0.97,17.58,18.19,-72.94
worker 1,2026-07-27 13:09:50.299,-0.26,0.11,0.97,17.58,18.19,-72.94
worker 1,2026-07-27 13:09:50.299,-0.27,0.12,0.97,12.51,16.97,-75.99
worker 1,2026-07-27 13:09:50.299,-0.28,0.12,0.95,4.76,16.11,-84.84
worker 1,2026-07-27 13:09:50.299,-0.29,0.07,0.94,-0.37,20.57,-95.64
worker 1,2026-07-27 13:09:50.299,-0.3,0.04,0.98,3.05,30.4,-103.03
worker 1,2026-07-27 13:09:50.300,-0.3,0.04,0.98,3.05,30.4,-103.03
worker 1,2026-07-27 13:09:50.300,-0.39,0.16,0.98,18.55,39.61,-117.49
worker 1,2026-07-27 13:09:50.300,-0.6,0.25,0.94,40.65,51.88,-98.94
worker 1,2026-07-27 13:09:50.300,-0.88,-0.03,0.86,44.01,73.0,30.76
worker 1,2026-07-27 13:09:50.301,-0.87,-0.22,0.76,25.57,71.96,115.3
worker 1,2026-07-27 13:09:50.301,-0.42,-0.01,0.77,4.64,34.3,20.02
worker 1,2026-07-27 13:09:50.301,-0.09,0.15,0.82,-2.87,-5.13,-73.49
worker 1,2026-07-27 13:09:50.301,-0.23,0.15,0.81,17.27,-28.99,-56.34
worker 1,2026-07-27 13:09:50.302,-0.23,0.15,0.81,17.27,-28.99,-56.34
worker 1,2026-07-27 13:09:50.302,-0.58,0.14,0.75,47.06,-38.09,-2.56
worker 1,2026-07-27 13:09:50.302,-0.83,0.19,0.68,65.61,-32.84,24.17
worker 1,2026-07-27 13:09:50.302,-0.87,0.21,0.67,61.34,-14.65,23.56
worker 1,2026-07-27 13:09:50.302,-0.76,0.2,0.74,29.6,11.84,23.25
worker 1,2026-07-27 13:09:50.303,-0.64,0.18,0.8,-1.83,29.36,22.64
worker 1,2026-07-27 13:09:50.303,-0.55,0.19,0.81,-18.68,30.58,9.09
worker 1,2026-07-27 13:09:50.303,-0.53,0.2,0.8,-23.74,24.41,-6.47
worker 1,2026-07-27 13:09:50.303,-0.58,0.2,0.76,-20.81,17.33,-16.91
worker 1,2026-07-27 13:09:50.304,-0.63,0.21,0.74,-16.11,12.02,-20.81
worker 1,2026-07-27 13:09:50.304,-0.66,0.21,0.73,-6.35,6.96,-23.32
worker 1,2026-07-27 13:09:50.304,-0.66,0.23,0.72,3.66,1.83,-32.78
worker 1,2026-07-27 13:09:50.305,-0.62,0.24,0.74,3.85,1.59,-39.55
worker 1,2026-07-27 13:09:50.305,-0.58,0.2,0.77,1.28,4.76,-35.64
worker 1,2026-07-27 13:09:50.305,-0.56,0.15,0.77,-2.08,7.57,-22.95
worker 1,2026-07-27 13:09:50.306,-0.58,0.11,0.75,-6.41,6.96,-8.24
worker 1,2026-07-27 13:09:50.306,-0.63,0.1,0.73,-1.95,1.16,-1.22
worker 1,2026-07-27 13:09:50.306,-0.66,0.12,0.73,5.8,-3.97,-3.72
worker 1,2026-07-27 13:09:50.371,-0.65,0.12,0.74,4.82,-3.6,-6.16
worker 1,2026-07-27 13:09:50.372,-0.62,0.12,0.75,-0.61,-0.85,-6.53
worker 1,2026-07-27 13:09:50.418,-0.6,0.11,0.76,-2.26,0.12,-7.87
worker 1,2026-07-27 13:09:50.419,-0.6,0.11,0.76,-2.26,0.12,-7.87
worker 1,2026-07-27 13:09:50.463,-0.61,0.11,0.76,-0.55,-0.37,-8.12
worker 1,2026-07-27 13:09:50.496,-0.61,0.11,0.76,0.43,-0.37,-6.16
worker 1,2026-07-27 13:09:50.524,-0.61,0.11,0.76,0.43,-0.37,-6.16
worker 1,2026-07-27 13:09:50.524,-0.61,0.11,0.77,-0.92,0.37,-2.75
worker 1,2026-07-27 13:09:50.592,-0.61,0.12,0.77,-3.36,0.79,0.24
worker 1,2026-07-27 13:09:50.592,-0.62,0.12,0.77,-3.97,0.43,1.65
worker 1,2026-07-27 13:09:50.643,-0.63,0.11,0.76,-0.79,0.0,1.46
worker 1,2026-07-27 13:09:50.704,-0.62,0.1,0.77,3.3,0.18,0.79
worker 1,2026-07-27 13:09:50.704,-0.61,0.09,0.77,4.39,0.61,-0.85
worker 1,2026-07-27 13:09:50.771,-0.61,0.09,0.77,4.39,0.61,-0.85
worker 1,2026-07-27 13:09:50.772,-0.61,0.09,0.77,3.23,0.67,-3.91
worker 1,2026-07-27 13:09:50.772,-0.61,0.09,0.77,1.65,0.55,-6.53
worker 1,2026-07-27 13:09:50.823,-0.61,0.1,0.77,1.65,0.55,-6.53
worker 1,2026-07-27 13:09:50.884,-0.61,0.1,0.76,0.0,0.43,-7.63
worker 1,2026-07-27 13:09:50.887,-0.61,0.1,0.76,0.0,0.43,-7.63
worker 1,2026-07-27 13:09:50.887,-0.62,0.11,0.76,-0.24,0.24,-8.42
worker 1,2026-07-27 13:09:50.943,-0.62,0.12,0.76,1.95,-0.31,-8.54
worker 1,2026-07-27 13:09:50.943,-0.62,0.12,0.76,4.52,-0.85,-6.59
worker 1,2026-07-27 13:09:50.983,-0.62,0.11,0.76,4.52,-0.85,-6.59
worker 1,2026-07-27 13:09:51.048,-0.61,0.11,0.76,4.27,-0.79,-3.72
worker 1,2026-07-27 13:09:51.063,-0.62,0.11,0.76,2.56,-0.43,-1.53
worker 1,2026-07-27 13:09:51.064,-0.62,0.11,0.76,2.56,-0.43,-1.53
worker 1,2026-07-27 13:09:51.064,-0.62,0.1,0.76,2.01,0.0,-0.06
worker 1,2026-07-27 13:09:51.123,-0.62,0.1,0.76,2.01,0.0,-0.06
worker 1,2026-07-27 13:09:51.123,-0.62,0.1,0.76,2.56,0.49,1.77
worker 1,2026-07-27 13:09:51.186,-0.62,0.1,0.76,2.69,0.79,3.05
worker 1,2026-07-27 13:09:51.186,-0.62,0.1,0.76,1.59,0.67,2.5
worker 1,2026-07-27 13:09:51.187,-0.62,0.1,0.76,1.59,0.67,2.5
worker 1,2026-07-27 13:09:51.243,-0.61,0.1,0.76,0.24,0.24,0.61
worker 1,2026-07-27 13:09:51.311,-0.61,0.1,0.76,-0.55,-0.43,-1.34
worker 1,2026-07-27 13:09:51.313,-0.61,0.1,0.76,-0.55,-0.43,-1.34
worker 1,2026-07-27 13:09:51.313,-0.62,0.1,0.76,-1.1,-0.98,-2.75
worker 1,2026-07-27 13:09:51.363,-0.62,0.1,0.76,-1.1,-0.98,-2.75
worker 1,2026-07-27 13:09:51.363,-0.62,0.1,0.76,-1.77,-1.22,-3.48
worker 1,2026-07-27 13:09:51.364,-0.62,0.1,0.76,-1.77,-1.22,-3.48
worker 1,2026-07-27 13:09:51.423,-0.62,0.11,0.76,-1.95,-0.98,-3.17
worker 1,2026-07-27 13:09:51.424,-0.62,0.11,0.76,-1.95,-0.98,-3.17
worker 1,2026-07-27 13:09:51.502,-0.62,0.11,0.76,-1.95,-0.98,-3.17
worker 1,2026-07-27 13:09:51.502,-0.61,0.1,0.77,0.24,-0.12,-2.56
worker 1,2026-07-27 13:09:51.557,-0.61,0.1,0.77,1.04,0.12,-3.11
worker 1,2026-07-27 13:09:51.557,-0.6,0.1,0.78,0.61,0.49,-2.44
worker 1,2026-07-27 13:09:51.558,-0.6,0.1,0.78,0.61,0.49,-2.44
worker 1,2026-07-27 13:09:51.617,-0.59,0.09,0.78,-0.67,0.61,-0.79
worker 1,2026-07-27 13:09:51.618,-0.59,0.09,0.78,-0.67,0.61,-0.79
worker 1,2026-07-27 13:09:51.677,-0.59,0.09,0.78,-2.14,-0.12,0.24
worker 1,2026-07-27 13:09:51.678,-0.61,0.09,0.77,-3.23,-1.46,0.67
worker 1,2026-07-27 13:09:51.746,-0.61,0.09,0.77,-3.23,-1.46,0.67
worker 1,2026-07-27 13:09:51.746,-0.62,0.1,0.76,-3.36,-2.38,0.67
worker 1,2026-07-27 13:09:51.746,-0.62,0.1,0.76,-1.95,-2.44,0.24
worker 1,2026-07-27 13:09:51.822,-0.63,0.1,0.76,-1.95,-2.44,0.24
worker 1,2026-07-27 13:09:51.822,-0.62,0.1,0.77,-0.37,-1.46,0.92
worker 1,2026-07-27 13:09:51.868,-0.62,0.1,0.77,-0.37,-1.46,0.92
worker 1,2026-07-27 13:09:51.869,-0.61,0.09,0.78,-0.06,0.18,3.91
worker 1,2026-07-27 13:09:51.919,-0.6,0.1,0.79,0.18,1.22,7.02
worker 1,2026-07-27 13:09:51.920,-0.6,0.1,0.79,0.18,1.22,7.02
worker 1,2026-07-27 13:09:51.920,-0.61,0.12,0.77,3.36,2.62,12.57
worker 1,2026-07-27 13:09:51.964,-0.61,0.12,0.77,3.36,2.62,12.57
worker 1,2026-07-27 13:09:51.964,-0.62,0.15,0.76,11.35,8.0,28.99
worker 1,2026-07-27 13:09:52.024,-0.61,0.17,0.78,17.64,13.18,48.28
worker 1,2026-07-27 13:09:52.024,-0.64,0.17,0.73,17.21,8.67,51.27
worker 1,2026-07-27 13:09:52.084,-0.64,0.17,0.73,17.21,8.67,51.27
worker 1,2026-07-27 13:09:52.084,-0.68,0.21,0.67,23.07,2.44,41.02
worker 1,2026-07-27 13:09:52.144,-0.65,0.27,0.69,46.39,0.43,32.35
worker 1,2026-07-27 13:09:52.144,-0.65,0.27,0.69,72.69,-2.56,27.04
worker 1,2026-07-27 13:09:52.203,-0.59,0.34,0.71,72.69,-2.56,27.04
worker 1,2026-07-27 13:09:52.203,-0.55,0.39,0.71,79.47,-9.58,7.14
worker 1,2026-07-27 13:09:52.204,-0.55,0.39,0.71,79.47,-9.58,7.14
worker 1,2026-07-27 13:09:52.269,-0.55,0.38,0.7,60.79,-27.28,-32.84
worker 1,2026-07-27 13:09:52.269,-0.59,0.32,0.71,27.16,-43.58,-60.73
worker 1,2026-07-27 13:09:52.325,-0.59,0.32,0.71,27.16,-43.58,-60.73
worker 1,2026-07-27 13:09:52.325,-0.62,0.28,0.72,-5.43,-35.34,-51.27
worker 1,2026-07-27 13:09:52.384,-0.62,0.29,0.74,-24.54,-9.77,-19.41
worker 1,2026-07-27 13:09:52.384,-0.6,0.3,0.75,-22.16,8.24,7.32
worker 1,2026-07-27 13:09:52.443,-0.6,0.3,0.75,-22.16,8.24,7.32
worker 1,2026-07-27 13:09:52.444,-0.58,0.32,0.74,-1.28,10.93,18.74
worker 1,2026-07-27 13:09:52.503,-0.58,0.33,0.72,17.15,6.04,17.33
worker 1,2026-07-27 13:09:52.504,-0.58,0.34,0.71,14.89,2.44,10.74
worker 1,2026-07-27 13:09:52.564,-0.58,0.34,0.71,14.89,2.44,10.74
worker 1,2026-07-27 13:09:52.564,-0.58,0.34,0.72,-2.08,2.2,4.15
worker 1,2026-07-27 13:09:52.627,-0.58,0.33,0.73,-15.01,2.44,-1.83
worker 1,2026-07-27 13:09:52.628,-0.59,0.32,0.73,-16.24,1.59,-6.53
worker 1,2026-07-27 13:09:52.694,-0.59,0.32,0.73,-16.24,1.59,-6.53
worker 1,2026-07-27 13:09:52.694,-0.59,0.32,0.74,-9.4,-0.67,-9.28
worker 1,2026-07-27 13:09:52.742,-0.59,0.32,0.75,-0.06,-3.72,-8.61
worker 1,2026-07-27 13:09:52.743,-0.59,0.32,0.75,-0.06,-3.72,-8.61
worker 1,2026-07-27 13:09:52.744,-0.6,0.31,0.74,1.89,-4.46,-1.59
worker 1,2026-07-27 13:09:52.866,-0.6,0.31,0.74,1.89,-4.46,-1.59
worker 1,2026-07-27 13:09:52.866,-0.59,0.29,0.73,-7.87,-1.83,6.59
worker 1,2026-07-27 13:09:52.867,-0.57,0.28,0.74,-18.62,-0.24,5.55
worker 1,2026-07-27 13:09:52.867,-0.56,0.28,0.75,-22.16,-2.32,-6.04
worker 1,2026-07-27 13:09:52.928,-0.56,0.28,0.75,-20.63,-6.53,-19.35
worker 1,2026-07-27 13:09:52.929,-0.57,0.26,0.77,-20.63,-6.53,-19.35
worker 1,2026-07-27 13:09:52.991,-0.59,0.25,0.77,-13.49,-9.95,-24.23
worker 1,2026-07-27 13:09:52.991,-0.58,0.26,0.74,0.73,-11.35,-20.57
worker 1,2026-07-27 13:09:53.049,-0.58,0.26,0.74,0.73,-11.35,-20.57
worker 1,2026-07-27 13:09:53.049,-0.56,0.27,0.72,10.5,-10.07,-13.31
worker 1,2026-07-27 13:09:53.104,-0.53,0.26,0.74,5.25,-4.88,-1.59
worker 1,2026-07-27 13:09:53.110,-0.54,0.24,0.78,-6.65,0.55,10.31
worker 1,2026-07-27 13:09:53.169,-0.54,0.24,0.78,-6.65,0.55,10.31
worker 1,2026-07-27 13:09:53.169,-0.58,0.22,0.81,-9.7,0.18,12.21
worker 1,2026-07-27 13:09:53.252,-0.61,0.23,0.8,-1.77,-5.13,3.85
worker 1,2026-07-27 13:09:53.253,-0.61,0.23,0.8,6.35,-8.54,-4.88
worker 1,2026-07-27 13:09:53.292,-0.62,0.24,0.77,6.35,-8.54,-4.88
worker 1,2026-07-27 13:09:53.292,-0.6,0.25,0.76,5.68,-6.35,-7.08
worker 1,2026-07-27 13:09:53.343,-0.57,0.24,0.77,-1.83,-1.22,-4.76
worker 1,2026-07-27 13:09:53.356,-0.54,0.23,0.78,-7.14,1.71,-2.87
worker 1,2026-07-27 13:09:53.405,-0.54,0.23,0.78,-7.14,1.71,-2.87
worker 1,2026-07-27 13:09:53.405,-0.54,0.22,0.78,-5.31,0.61,-2.99
worker 1,2026-07-27 13:09:53.463,-0.55,0.22,0.78,0.55,-2.56,-3.91
worker 1,2026-07-27 13:09:53.463,-0.57,0.22,0.78,4.82,-4.88,-4.52
worker 1,2026-07-27 13:09:53.527,-0.57,0.22,0.78,4.82,-4.88,-4.52
worker 1,2026-07-27 13:09:53.527,-0.57,0.22,0.79,5.62,-5.62,-5.37
worker 1,2026-07-27 13:09:53.583,-0.56,0.22,0.79,4.76,-5.43,-6.84
worker 1,2026-07-27 13:09:53.583,-0.56,0.23,0.78,2.75,-4.03,-6.04
worker 1,2026-07-27 13:09:53.652,-0.56,0.23,0.78,2.75,-4.03,-6.04
worker 1,2026-07-27 13:09:53.652,-0.56,0.23,0.78,-0.31,-1.95,-2.44
worker 1,2026-07-27 13:09:53.709,-0.56,0.23,0.78,-1.83,-0.67,0.92
worker 1,2026-07-27 13:09:53.710,-0.56,0.23,0.78,-1.83,-0.67,0.92
worker 1,2026-07-27 13:09:53.710,-0.56,0.23,0.78,-0.98,-0.61,1.46
worker 1,2026-07-27 13:09:53.763,-0.56,0.23,0.78,-0.98,-0.61,1.46
worker 1,2026-07-27 13:09:53.763,-0.56,0.23,0.78,0.49,-1.1,-0.06
worker 1,2026-07-27 13:09:53.823,-0.56,0.24,0.78,0.85,-1.1,-0.98
worker 1,2026-07-27 13:09:53.887,-0.56,0.24,0.78,0.12,-0.61,-0.24
worker 1,2026-07-27 13:09:53.888,-0.56,0.24,0.78,-0.79,-0.12,0.67
worker 1,2026-07-27 13:09:53.888,-0.56,0.23,0.78,-0.79,-0.12,0.67
worker 1,2026-07-27 13:09:53.944,-0.56,0.24,0.78,-1.1,0.06,0.79
worker 1,2026-07-27 13:09:53.945,-0.56,0.24,0.78,-1.1,0.06,0.79
worker 1,2026-07-27 13:09:53.945,-0.56,0.24,0.78,-0.92,0.0,0.55
worker 1,2026-07-27 13:09:54.006,-0.56,0.24,0.78,-0.92,0.0,0.55
worker 1,2026-07-27 13:09:54.006,-0.57,0.24,0.78,-0.43,-0.06,0.49
worker 1,2026-07-27 13:09:54.065,-0.56,0.24,0.78,-0.49,0.31,1.1
worker 1,2026-07-27 13:09:54.123,-0.56,0.23,0.78,-1.04,0.73,1.28
worker 1,2026-07-27 13:09:54.123,-0.55,0.23,0.78,-1.04,0.55,0.24
worker 1,2026-07-27 13:09:54.183,-0.56,0.23,0.79,-0.61,0.0,-0.61
worker 1,2026-07-27 13:09:54.183,-0.57,0.24,0.79,-0.24,-0.49,-0.67
worker 1,2026-07-27 13:09:54.246,-0.57,0.24,0.79,-0.24,-0.49,-0.67
worker 1,2026-07-27 13:09:54.247,-0.58,0.24,0.79,-0.12,-0.85,-1.1
worker 1,2026-07-27 13:09:54.302,-0.58,0.24,0.79,-0.12,-0.85,-1.1
worker 1,2026-07-27 13:09:54.304,-0.58,0.24,0.78,-0.37,-0.98,-2.2
worker 1,2026-07-27 13:09:54.304,-0.57,0.22,0.78,-1.1,-0.24,-3.3
worker 1,2026-07-27 13:09:54.365,-0.57,0.22,0.78,-1.1,-0.24,-3.3
worker 1,2026-07-27 13:09:54.365,-0.53,0.2,0.78,-1.59,1.16,-3.23
worker 1,2026-07-27 13:09:54.423,-0.51,0.19,0.79,-0.73,1.89,-0.92
worker 1,2026-07-27 13:09:54.490,-0.51,0.18,0.8,0.73,0.98,1.22
worker 1,2026-07-27 13:09:54.491,-0.51,0.18,0.8,0.73,0.98,1.22
worker 1,2026-07-27 13:09:54.491,-0.52,0.2,0.81,1.34,-0.49,1.83
worker 1,2026-07-27 13:09:54.545,-0.52,0.2,0.81,1.34,-0.49,1.83
worker 1,2026-07-27 13:09:54.546,-0.55,0.22,0.81,0.92,-0.79,4.94
worker 1,2026-07-27 13:09:54.546,-0.6,0.26,0.78,0.0,-1.53,2.87
worker 1,2026-07-27 13:09:54.607,-0.6,0.26,0.78,0.0,-1.53,2.87
worker 1,2026-07-27 13:09:54.607,-0.6,0.29,0.76,1.89,-4.7,-13.43
worker 1,2026-07-27 13:09:54.663,-0.58,0.25,0.77,9.03,-8.24,-28.63
worker 1,2026-07-27 13:09:54.725,-0.56,0.23,0.78,16.91,-9.83,-29.3
worker 1,2026-07-27 13:09:54.725,-0.56,0.23,0.78,18.62,-9.77,-19.59
worker 1,2026-07-27 13:09:54.785,-0.57,0.24,0.79,11.47,-8.97,-5.8
worker 1,2026-07-27 13:09:54.786,-0.57,0.24,0.79,11.47,-8.97,-5.8
worker 1,2026-07-27 13:09:54.786,-0.59,0.24,0.79,-2.81,-7.57,8.48
worker 1,2026-07-27 13:09:54.852,-0.59,0.24,0.79,-2.81,-7.57,8.48
worker 1,2026-07-27 13:09:54.852,-0.58,0.25,0.78,-16.66,-5.49,13.85
worker 1,2026-07-27 13:09:54.908,-0.58,0.25,0.78,-16.66,-5.49,13.85
worker 1,2026-07-27 13:09:54.909,-0.58,0.24,0.77,-16.36,-5.49,1.83
worker 1,2026-07-27 13:09:54.912,-0.56,0.22,0.78,-4.88,-8.06,-15.5
worker 1,2026-07-27 13:09:54.967,-0.56,0.22,0.78,-4.88,-8.06,-15.5
worker 1,2026-07-27 13:09:54.968,-0.53,0.18,0.82,5.62,-7.63,-21.85
worker 1,2026-07-27 13:09:54.969,-0.53,0.18,0.82,5.62,-7.63,-21.85
worker 1,2026-07-27 13:09:55.027,-0.49,0.17,0.83,18.31,0.92,-14.1
worker 1,2026-07-27 13:09:55.083,-0.45,0.21,0.84,29.54,9.34,3.97
worker 1,2026-07-27 13:09:55.084,-0.43,0.26,0.83,26.55,12.76,24.23
worker 1,2026-07-27 13:09:55.145,-0.45,0.28,0.84,-4.21,11.47,24.9
worker 1,2026-07-27 13:09:55.146,-0.45,0.28,0.84,-4.21,11.47,24.9
worker 1,2026-07-27 13:09:55.205,-0.48,0.2,0.93,-76.17,8.0,7.87
worker 1,2026-07-27 13:09:55.206,-0.49,0.02,1.04,-170.9,-8.85,-34.97
worker 1,2026-07-27 13:09:55.263,-0.49,0.02,1.04,-170.9,-8.85,-34.97
worker 1,2026-07-27 13:09:55.265,-0.49,0.02,1.04,-170.9,-8.85,-34.97
worker 1,2026-07-27 13:09:55.324,-0.48,-0.1,0.83,-162.35,-100.16,-75.62
worker 1,2026-07-27 13:09:55.324,-0.56,-0.09,0.6,-76.29,-117.49,63.17
worker 1,2026-07-27 13:09:55.387,-0.66,-0.1,0.52,-14.53,-85.57,122.74
worker 1,2026-07-27 13:09:55.443,-0.6,-0.13,0.73,14.28,-3.17,45.84
worker 1,2026-07-27 13:09:55.444,-0.6,-0.13,0.73,14.28,-3.17,45.84
worker 1,2026-07-27 13:09:55.444,-0.39,-0.22,1.04,14.59,83.74,-48.46
worker 1,2026-07-27 13:09:55.568,-0.3,-0.29,0.97,16.91,116.15,-99.12
worker 1,2026-07-27 13:09:55.568,-0.35,-0.29,0.76,23.07,124.08,-134.34
worker 1,2026-07-27 13:09:55.568,-0.5,-0.21,0.71,-1.89,135.93,-163.94
worker 1,2026-07-27 13:09:55.626,-0.5,-0.21,0.71,-1.89,135.93,-163.94
worker 1,2026-07-27 13:09:55.626,-0.7,-0.09,0.73,-32.04,102.72,-153.75
worker 1,2026-07-27 13:09:55.627,-0.7,-0.29,0.62,-82.15,75.32,-131.35
worker 1,2026-07-27 13:09:55.690,-0.7,-0.29,0.62,-82.15,75.32,-131.35
worker 1,2026-07-27 13:09:55.691,-0.54,-0.67,0.49,-124.27,85.75,-95.64
worker 1,2026-07-27 13:09:55.745,-0.54,-0.67,0.49,-124.27,85.75,-95.64
worker 1,2026-07-27 13:09:55.745,-0.51,-0.76,0.45,-92.41,82.03,-27.53
worker 1,2026-07-27 13:09:55.746,-0.51,-0.76,0.45,-92.41,82.03,-27.53
worker 1,2026-07-27 13:09:55.804,-0.62,-0.71,0.48,-25.15,69.21,28.08
worker 1,2026-07-27 13:09:55.804,-0.78,-0.69,0.66,89.54,61.16,67.57
worker 1,2026-07-27 13:09:55.805,-0.78,-0.69,0.66,89.54,61.16,67.57
worker 1,2026-07-27 13:09:55.865,-0.75,-0.57,0.62,282.71,148.68,131.04
worker 1,2026-07-27 13:09:55.924,-0.69,-0.11,0.43,437.68,300.23,200.44
worker 1,2026-07-27 13:09:55.924,-0.82,0.46,0.33,536.44,238.4,155.88
worker 1,2026-07-27 13:09:55.925,-0.82,0.46,0.33,536.44,238.4,155.88
worker 1,2026-07-27 13:09:55.990,-0.8,0.44,0.34,605.16,-43.15,-29.36
worker 1,2026-07-27 13:09:55.991,-0.8,0.44,0.34,605.16,-43.15,-29.36
worker 1,2026-07-27 13:09:56.044,-0.75,-0.01,0.44,468.87,-228.03,-151.86
worker 1,2026-07-27 13:09:56.045,-0.92,-0.15,0.33,180.42,-183.35,-66.22
worker 1,2026-07-27 13:09:56.127,-1.06,0.04,0.28,-12.94,-36.25,83.8
worker 1,2026-07-27 13:09:56.128,-1.06,0.04,0.28,-12.94,-36.25,83.8
worker 1,2026-07-27 13:09:56.163,-1.13,0.39,0.49,-62.26,47.91,163.15
worker 1,2026-07-27 13:09:56.167,-1.13,0.39,0.49,-62.26,47.91,163.15
worker 1,2026-07-27 13:09:56.167,-0.96,0.57,0.65,-98.02,-16.91,168.95
worker 1,2026-07-27 13:09:56.245,-0.96,0.57,0.65,-98.02,-16.91,168.95
worker 1,2026-07-27 13:09:56.247,-0.6,0.46,0.65,-197.75,-118.41,115.48
worker 1,2026-07-27 13:09:56.285,-0.51,0.33,0.66,-224.06,-105.53,59.27
worker 1,2026-07-27 13:09:56.286,-0.51,0.33,0.66,-224.06,-105.53,59.27
worker 1,2026-07-27 13:09:56.286,-0.66,0.26,0.85,-117.86,-38.7,48.34
worker 1,2026-07-27 13:09:56.375,-0.66,0.26,0.85,-117.86,-38.7,48.34
worker 1,2026-07-27 13:09:56.376,-0.66,0.24,0.96,11.78,-65.98,76.54
worker 1,2026-07-27 13:09:56.403,-0.66,0.24,0.96,11.78,-65.98,76.54
worker 1,2026-07-27 13:09:56.404,-0.66,0.24,0.96,11.78,-65.98,76.54
worker 1,2026-07-27 13:09:56.404,-0.17,0.4,0.6,25.82,-275.21,60.49
worker 1,2026-07-27 13:09:56.518,-0.09,0.4,0.66,-75.99,-247.5,7.81
worker 1,2026-07-27 13:09:56.519,-0.09,0.4,0.66,-75.99,-247.5,7.81
worker 1,2026-07-27 13:09:56.525,-0.11,0.23,0.84,-147.34,-158.57,-23.62
worker 1,2026-07-27 13:09:56.526,-0.11,0.23,0.84,-147.34,-158.57,-23.62
worker 1,2026-07-27 13:09:56.526,-0.11,0.07,0.98,-152.71,-88.01,-25.02
worker 1,2026-07-27 13:09:56.584,-0.11,0.07,0.98,-152.71,-88.01,-25.02
worker 1,2026-07-27 13:09:56.585,-0.07,-0.01,1.01,-109.07,-69.76,2.81
worker 1,2026-07-27 13:09:56.690,-0.01,-0.02,0.99,-81.48,-76.29,36.56
worker 1,2026-07-27 13:09:56.691,0.03,-0.1,0.93,-116.82,-55.42,48.1
worker 1,2026-07-27 13:09:56.703,0.03,-0.1,0.93,-116.82,-55.42,48.1
worker 1,2026-07-27 13:09:56.704,0.08,-0.28,0.88,-159.0,-26.79,42.6
worker 1,2026-07-27 13:09:56.792,0.15,-0.38,0.89,-135.44,-42.91,34.42
worker 1,2026-07-27 13:09:56.792,0.26,-0.39,0.94,-75.2,-92.71,15.44
worker 1,2026-07-27 13:09:56.856,0.26,-0.39,0.94,-75.2,-92.71,15.44
worker 1,2026-07-27 13:09:56.857,0.37,-0.37,0.95,-30.09,-120.18,-18.13
worker 1,2026-07-27 13:09:56.887,0.4,-0.34,0.91,6.59,-90.33,-51.51
worker 1,2026-07-27 13:09:56.889,0.4,-0.34,0.91,6.59,-90.33,-51.51
worker 1,2026-07-27 13:09:56.889,0.36,-0.21,0.9,56.95,-43.09,-72.14
worker 1,2026-07-27 13:09:56.973,0.35,-0.09,0.92,80.69,-9.77,-56.82
worker 1,2026-07-27 13:09:56.974,0.35,-0.09,0.92,80.69,-9.77,-56.82
worker 1,2026-07-27 13:09:57.031,0.41,-0.11,0.92,49.68,27.4,-15.99
worker 1,2026-07-27 13:09:57.032,0.43,-0.14,0.94,19.96,50.42,-7.26
worker 1,2026-07-27 13:09:57.065,0.41,-0.09,0.97,22.58,26.49,-36.62
worker 1,2026-07-27 13:09:57.133,0.41,-0.06,1.01,-3.11,-29.91,-60.06
worker 1,2026-07-27 13:09:57.134,0.41,-0.06,1.01,-3.11,-29.91,-60.06
worker 1,2026-07-27 13:09:57.134,0.4,-0.17,0.9,-77.03,-69.21,-67.26
worker 1,2026-07-27 13:09:57.200,0.4,-0.17,0.9,-77.03,-69.21,-67.26
worker 1,2026-07-27 13:09:57.200,0.4,-0.32,0.68,-116.88,-66.41,-50.29
worker 1,2026-07-27 13:09:57.201,0.4,-0.32,0.68,-109.62,-36.74,-18.92
worker 1,2026-07-27 13:09:57.244,0.45,-0.32,0.57,-109.62,-36.74,-18.92
worker 1,2026-07-27 13:09:57.245,0.45,-0.31,0.63,-135.25,17.27,0.49
worker 1,2026-07-27 13:09:57.328,0.45,-0.31,0.63,-135.25,17.27,0.49
worker 1,2026-07-27 13:09:57.329,0.39,-0.43,0.7,-199.46,70.01,28.63
worker 1,2026-07-27 13:09:57.375,0.32,-0.62,0.71,-220.46,70.01,69.58
worker 1,2026-07-27 13:09:57.376,0.32,-0.62,0.71,-220.46,70.01,69.58
worker 1,2026-07-27 13:09:57.441,0.32,-0.62,0.71,-220.46,70.01,69.58
worker 1,2026-07-27 13:09:57.442,0.31,-0.78,0.64,-37.48,-30.33,71.9
worker 1,2026-07-27 13:09:57.531,0.34,-0.76,0.55,28.69,-37.48,37.05
worker 1,2026-07-27 13:09:57.532,0.36,-0.71,0.55,23.99,-0.92,10.56
worker 1,2026-07-27 13:09:57.560,0.36,-0.71,0.55,23.99,-0.92,10.56
worker 1,2026-07-27 13:09:57.561,0.36,-0.66,0.63,-11.41,47.67,-0.24
worker 1,2026-07-27 13:09:57.619,0.33,-0.64,0.68,-32.53,74.28,-0.67
worker 1,2026-07-27 13:09:57.620,0.33,-0.64,0.68,-25.15,64.21,4.7
worker 1,2026-07-27 13:09:57.664,0.28,-0.66,0.69,-25.15,64.21,4.7
worker 1,2026-07-27 13:09:57.665,0.22,-0.71,0.68,-3.05,29.79,12.82
worker 1,2026-07-27 13:09:57.724,0.19,-0.76,0.64,15.81,-4.15,19.53
worker 1,2026-07-27 13:09:57.725,0.21,-0.78,0.6,25.45,-16.17,19.1
worker 1,2026-07-27 13:09:57.788,0.21,-0.78,0.6,25.45,-16.17,19.1
worker 1,2026-07-27 13:09:57.788,0.24,-0.74,0.58,22.28,2.2,12.39
worker 1,2026-07-27 13:09:57.859,0.22,-0.69,0.64,13.55,41.02,16.48
worker 1,2026-07-27 13:09:57.860,0.22,-0.69,0.64,13.55,41.02,16.48
worker 1,2026-07-27 13:09:57.860,0.15,-0.68,0.74,14.34,65.19,34.24
worker 1,2026-07-27 13:09:57.905,0.15,-0.68,0.74,14.34,65.19,34.24
worker 1,2026-07-27 13:09:57.906,0.11,-0.66,0.8,41.75,44.37,35.58
worker 1,2026-07-27 13:09:57.977,0.11,-0.63,0.81,86.12,-4.15,21.36
worker 1,2026-07-27 13:09:57.977,0.09,-0.61,0.8,101.56,-44.19,18.62
worker 1,2026-07-27 13:09:58.045,0.09,-0.61,0.8,101.56,-44.19,18.62
worker 1,2026-07-27 13:09:58.046,0.09,-0.59,0.76,76.78,-57.37,20.57
worker 1,2026-07-27 13:09:58.084,0.12,-0.55,0.76,36.68,-28.87,4.82
worker 1,2026-07-27 13:09:58.085,0.07,-0.51,0.81,4.7,6.35,-12.76
worker 1,2026-07-27 13:09:58.145,0.07,-0.51,0.81,4.7,6.35,-12.76
worker 1,2026-07-27 13:09:58.237,-0.0,-0.54,0.81,-6.04,10.01,8.73
worker 1,2026-07-27 13:09:58.289,0.07,-0.55,0.83,0.79,14.77,18.31
worker 1,2026-07-27 13:09:58.293,0.1,-0.53,0.86,5.31,16.72,15.81
worker 1,2026-07-27 13:09:58.294,0.1,-0.53,0.86,5.31,16.72,15.81
worker 1,2026-07-27 13:09:58.326,0.06,-0.51,0.85,2.93,10.56,5.98
worker 1,2026-07-27 13:09:58.327,0.06,-0.51,0.85,2.93,10.56,5.98
worker 1,2026-07-27 13:09:58.327,0.01,-0.5,0.84,-6.77,8.0,-5.92
worker 1,2026-07-27 13:09:58.399,0.01,-0.5,0.84,-6.77,8.0,-5.92
worker 1,2026-07-27 13:09:58.399,0.01,-0.53,0.84,-14.1,16.36,-12.63
worker 1,2026-07-27 13:09:58.458,0.01,-0.53,0.84,-14.65,25.39,-12.08
worker 1,2026-07-27 13:09:58.459,0.04,-0.57,0.84,-14.65,25.39,-12.08
worker 1,2026-07-27 13:09:58.459,0.05,-0.61,0.82,-14.04,23.74,-6.71
worker 1,2026-07-27 13:09:58.504,0.05,-0.61,0.82,-14.04,23.74,-6.71
worker 1,2026-07-27 13:09:58.504,0.03,-0.62,0.79,-13.73,10.07,-0.18
worker 1,2026-07-27 13:09:58.505,0.03,-0.62,0.79,-13.73,10.07,-0.18
worker 1,2026-07-27 13:09:58.575,-0.01,-0.6,0.76,-10.01,-3.23,4.03
worker 1,2026-07-27 13:09:58.633,-0.06,-0.56,0.75,-1.04,-5.49,9.16
worker 1,2026-07-27 13:09:58.633,-0.05,-0.54,0.78,9.09,-3.05,17.76
worker 1,2026-07-27 13:09:58.690,0.01,-0.54,0.82,15.93,-8.24,19.9
worker 1,2026-07-27 13:09:58.691,0.01,-0.54,0.82,15.93,-8.24,19.9
worker 1,2026-07-27 13:09:58.691,0.07,-0.53,0.86,20.57,-19.1,7.87
worker 1,2026-07-27 13:09:58.745,0.07,-0.53,0.86,20.57,-19.1,7.87
worker 1,2026-07-27 13:09:58.745,0.07,-0.53,0.89,20.87,-19.71,-10.19
worker 1,2026-07-27 13:09:58.810,0.04,-0.53,0.91,12.76,-6.35,-21.91
worker 1,2026-07-27 13:09:58.810,-0.0,-0.53,0.89,2.08,5.98,-27.16
worker 1,2026-07-27 13:09:58.867,-0.0,-0.53,0.89,2.08,5.98,-27.16
worker 1,2026-07-27 13:09:58.867,-0.02,-0.53,0.84,-5.19,8.91,-31.98
worker 1,2026-07-27 13:09:58.868,-0.02,-0.53,0.84,-5.19,8.91,-31.98
worker 1,2026-07-27 13:09:58.923,-0.02,-0.54,0.8,-8.73,7.93,-35.03
worker 1,2026-07-27 13:09:58.924,-0.02,-0.54,0.8,-8.73,7.93,-35.03
worker 1,2026-07-27 13:09:58.984,-0.01,-0.55,0.77,-12.33,12.51,-35.28
worker 1,2026-07-27 13:09:58.985,0.02,-0.58,0.77,-16.66,23.86,-34.06
worker 1,2026-07-27 13:09:59.044,0.05,-0.6,0.77,-18.49,34.97,-33.08
worker 1,2026-07-27 13:09:59.104,0.04,-0.61,0.8,-22.77,41.63,-33.81
worker 1,2026-07-27 13:09:59.104,0.04,-0.61,0.8,-30.09,46.02,-36.19
worker 1,2026-07-27 13:09:59.104,0.04,-0.59,0.82,-30.09,46.02,-36.19
worker 1,2026-07-27 13:09:59.224,0.03,-0.57,0.83,-34.55,49.68,-38.94
worker 1,2026-07-27 13:09:59.224,0.02,-0.57,0.84,-29.91,46.33,-36.32
worker 1,2026-07-27 13:09:59.225,0.02,-0.57,0.84,-29.91,46.33,-36.32
worker 1,2026-07-27 13:09:59.225,0.02,-0.62,0.83,-17.52,32.59,-29.17
worker 1,2026-07-27 13:09:59.287,0.02,-0.62,0.83,-12.57,8.42,-23.38
worker 1,2026-07-27 13:09:59.287,0.01,-0.65,0.81,-12.57,8.42,-23.38
worker 1,2026-07-27 13:09:59.287,0.03,-0.63,0.79,-20.75,-19.1,-21.85
worker 1,2026-07-27 13:09:59.343,0.03,-0.63,0.79,-20.75,-19.1,-21.85
worker 1,2026-07-27 13:09:59.344,0.1,-0.64,0.75,-36.25,-35.16,-33.63
worker 1,2026-07-27 13:09:59.403,0.19,-0.66,0.73,-47.18,-46.33,-72.94
worker 1,2026-07-27 13:09:59.404,0.19,-0.66,0.73,-44.25,-76.54,-127.93
worker 1,2026-07-27 13:09:59.463,0.31,-0.63,0.74,-44.25,-76.54,-127.93
worker 1,2026-07-27 13:09:59.464,0.46,-0.55,0.69,-31.49,-104.49,-157.04
worker 1,2026-07-27 13:09:59.524,0.51,-0.56,0.55,-49.8,-63.66,-98.08
worker 1,2026-07-27 13:09:59.583,0.41,-0.65,0.44,-88.07,27.1,18.86
worker 1,2026-07-27 13:09:59.583,0.29,-0.74,0.45,-86.24,78.74,74.95
worker 1,2026-07-27 13:09:59.643,0.25,-0.77,0.49,-50.42,60.06,54.14
worker 1,2026-07-27 13:09:59.644,0.27,-0.78,0.5,-11.9,19.71,15.81
worker 1,2026-07-27 13:09:59.704,0.27,-0.78,0.5,-11.9,19.71,15.81
worker 1,2026-07-27 13:09:59.704,0.24,-0.79,0.51,16.48,14.28,-5.37
worker 1,2026-07-27 13:09:59.764,0.24,-0.79,0.51,16.48,14.28,-5.37
worker 1,2026-07-27 13:09:59.764,0.19,-0.78,0.53,42.6,37.96,-2.38
worker 1,2026-07-27 13:09:59.765,0.16,-0.75,0.6,64.7,62.87,10.8
worker 1,2026-07-27 13:09:59.827,0.16,-0.75,0.6,64.7,62.87,10.8
worker 1,2026-07-27 13:09:59.828,0.12,-0.72,0.69,55.6,79.28,12.21
worker 1,2026-07-27 13:09:59.904,0.1,-0.72,0.7,26.98,66.04,-0.98
worker 1,2026-07-27 13:09:59.970,0.13,-0.73,0.63,21.18,17.33,-8.42
worker 1,2026-07-27 13:09:59.970,0.14,-0.71,0.62,31.37,-24.29,-6.96
worker 1,2026-07-27 13:10:00.008,0.12,-0.66,0.67,29.85,-28.44,-9.4
worker 1,2026-07-27 13:10:00.064,0.13,-0.63,0.71,13.92,-7.51,-15.08
worker 1,2026-07-27 13:10:00.065,0.13,-0.63,0.71,13.92,-7.51,-15.08
worker 1,2026-07-27 13:10:00.065,0.14,-0.65,0.72,-0.12,13.18,-20.14
worker 1,2026-07-27 13:10:00.124,0.14,-0.65,0.72,-0.12,13.18,-20.14
worker 1,2026-07-27 13:10:00.124,0.14,-0.67,0.71,-3.17,23.07,-24.11
worker 1,2026-07-27 13:10:00.125,0.14,-0.69,0.71,-1.46,26.49,-25.15
worker 1,2026-07-27 13:10:00.186,0.14,-0.69,0.71,-1.46,26.49,-25.15
worker 1,2026-07-27 13:10:00.186,0.15,-0.7,0.71,-1.22,32.47,-23.8
worker 1,2026-07-27 13:10:00.187,0.15,-0.7,0.71,-1.22,32.47,-23.8
worker 1,2026-07-27 13:10:00.247,0.16,-0.68,0.71,-11.05,45.96,-22.4
worker 1,2026-07-27 13:10:00.308,0.15,-0.69,0.71,-37.72,61.65,-20.02
worker 1,2026-07-27 13:10:00.313,0.14,-0.69,0.71,-59.14,65.49,-22.58
worker 1,2026-07-27 13:10:00.316,0.14,-0.69,0.71,-59.14,65.49,-22.58
worker 1,2026-07-27 13:10:00.365,0.13,-0.69,0.69,-57.43,55.24,-34.61
worker 1,2026-07-27 13:10:00.423,0.13,-0.68,0.65,-37.96,43.27,-47.3
worker 1,2026-07-27 13:10:00.424,0.13,-0.68,0.65,-37.96,43.27,-47.3
worker 1,2026-07-27 13:10:00.424,0.16,-0.67,0.65,-8.36,36.5,-48.34
worker 1,2026-07-27 13:10:00.488,0.21,-0.68,0.67,14.4,36.32,-35.83
worker 1,2026-07-27 13:10:00.489,0.22,-0.71,0.69,21.91,39.12,-27.1
worker 1,2026-07-27 13:10:00.544,0.22,-0.71,0.69,21.91,39.12,-27.1
worker 1,2026-07-27 13:10:00.544,0.18,-0.74,0.69,26.86,36.56,-34.42
worker 1,2026-07-27 13:10:00.604,0.18,-0.74,0.69,26.86,36.56,-34.42
worker 1,2026-07-27 13:10:00.604,0.12,-0.72,0.68,40.83,26.61,-43.52
worker 1,2026-07-27 13:10:00.605,0.12,-0.72,0.68,50.11,17.7,-32.47
worker 1,2026-07-27 13:10:00.734,0.12,-0.65,0.67,50.11,17.7,-32.47
worker 1,2026-07-27 13:10:00.735,0.17,-0.62,0.71,38.02,20.87,-5.07
worker 1,2026-07-27 13:10:00.735,0.2,-0.59,0.81,14.95,32.78,21.55
worker 1,2026-07-27 13:10:00.736,0.2,-0.59,0.81,14.95,32.78,21.55
worker 1,2026-07-27 13:10:00.785,0.19,-0.6,0.85,2.38,39.49,48.34
worker 1,2026-07-27 13:10:00.786,0.12,-0.59,0.81,-2.62,52.19,46.81
worker 1,2026-07-27 13:10:00.843,-0.01,-0.54,0.79,-13.43,79.71,19.84
worker 1,2026-07-27 13:10:00.844,-0.01,-0.54,0.79,-13.43,79.71,19.84
worker 1,2026-07-27 13:10:00.907,-0.1,-0.54,0.8,-23.07,92.9,4.21
worker 1,2026-07-27 13:10:00.908,-0.1,-0.54,0.8,-23.07,92.9,4.21
worker 1,2026-07-27 13:10:00.908,-0.15,-0.56,0.81,-24.54,76.35,-7.57
worker 1,2026-07-27 13:10:00.976,-0.15,-0.56,0.81,-24.54,76.35,-7.57
worker 1,2026-07-27 13:10:00.976,-0.17,-0.59,0.82,-25.7,45.84,-17.82
worker 1,2026-07-27 13:10:01.024,-0.13,-0.66,0.82,-27.53,18.49,-29.11
worker 1,2026-07-27 13:10:01.026,-0.13,-0.66,0.82,-27.53,18.49,-29.11
worker 1,2026-07-27 13:10:01.026,-0.04,-0.75,0.71,-32.23,-0.06,-53.96
worker 1,2026-07-27 13:10:01.085,-0.04,-0.75,0.71,-32.23,-0.06,-53.96
worker 1,2026-07-27 13:10:01.086,0.05,-0.87,0.53,-47.73,-9.34,-80.93
worker 1,2026-07-27 13:10:01.086,0.05,-0.87,0.53,-74.58,-4.46,-95.09
worker 1,2026-07-27 13:10:01.152,0.1,-1.07,0.35,-74.58,-4.46,-95.09
worker 1,2026-07-27 13:10:01.152,0.02,-1.26,0.21,-149.66,-2.69,-100.65
worker 1,2026-07-27 13:10:01.206,-0.02,-1.21,0.25,-257.51,-15.93,-99.24
worker 1,2026-07-27 13:10:01.207,-0.02,-1.21,0.25,-257.51,-15.93,-99.24
worker 1,2026-07-27 13:10:01.265,0.17,-1.02,0.36,-268.31,-8.0,-96.62
worker 1,2026-07-27 13:10:01.265,0.17,-1.02,0.36,-138.61,43.95,-99.73
worker 1,2026-07-27 13:10:01.265,0.36,-0.92,0.37,-138.61,43.95,-99.73
worker 1,2026-07-27 13:10:01.385,0.39,-0.94,0.56,69.34,72.51,-103.82
worker 1,2026-07-27 13:10:01.444,0.37,-0.99,0.86,190.06,30.64,-93.26
worker 1,2026-07-27 13:10:01.445,0.41,-0.97,0.74,143.68,-64.58,-92.96
worker 1,2026-07-27 13:10:01.445,0.46,-0.76,0.33,86.79,-173.28,-116.15
worker 1,2026-07-27 13:10:01.567,0.47,-0.52,0.05,76.6,-201.05,-105.59
worker 1,2026-07-27 13:10:01.567,0.57,-0.38,-0.0,63.35,-121.64,-38.27
worker 1,2026-07-27 13:10:01.568,0.57,-0.38,-0.0,63.35,-121.64,-38.27
worker 1,2026-07-27 13:10:01.568,0.75,-0.38,0.12,52.67,-12.02,53.28
worker 1,2026-07-27 13:10:01.568,0.86,-0.56,0.19,74.22,57.25,108.83
worker 1,2026-07-27 13:10:01.625,0.86,-0.56,0.19,74.22,57.25,108.83
worker 1,2026-07-27 13:10:01.625,0.83,-0.79,0.1,119.08,64.7,105.83
worker 1,2026-07-27 13:10:01.683,0.83,-0.79,0.1,119.08,64.7,105.83
worker 1,2026-07-27 13:10:01.683,0.75,-0.79,-0.05,140.81,35.89,95.95
worker 1,2026-07-27 13:10:01.684,0.75,-0.79,-0.05,140.81,35.89,95.95
worker 1,2026-07-27 13:10:01.805,0.75,-0.56,0.02,97.9,16.91,96.07
worker 1,2026-07-27 13:10:01.805,0.69,-0.34,0.41,6.29,36.74,78.49
worker 1,2026-07-27 13:10:01.809,0.69,-0.34,0.41,6.29,36.74,78.49
worker 1,2026-07-27 13:10:01.809,0.58,-0.3,0.85,-57.98,72.75,41.26
worker 1,2026-07-27 13:10:01.865,0.38,-0.44,1.1,-49.8,99.91,3.42
worker 1,2026-07-27 13:10:01.866,0.38,-0.44,1.1,-49.8,99.91,3.42
worker 1,2026-07-27 13:10:01.866,0.11,-0.62,1.13,12.39,138.92,14.34
worker 1,2026-07-27 13:10:01.924,-0.09,-0.73,1.01,88.38,146.73,81.54
worker 1,2026-07-27 13:10:01.986,-0.25,-0.72,0.85,131.84,76.97,120.3
worker 1,2026-07-27 13:10:01.987,-0.37,-0.59,0.71,123.66,-20.69,72.51
worker 1,2026-07-27 13:10:02.043,-0.37,-0.59,0.71,123.66,-20.69,72.51
worker 1,2026-07-27 13:10:02.044,-0.32,-0.45,0.66,92.22,-93.14,-26.25
worker 1,2026-07-27 13:10:02.108,-0.14,-0.37,0.69,83.37,-112.49,-99.55
worker 1,2026-07-27 13:10:02.109,-0.14,-0.37,0.69,83.37,-112.49,-99.55
worker 1,2026-07-27 13:10:02.109,-0.04,-0.33,0.71,112.73,-90.33,-86.85
worker 1,2026-07-27 13:10:02.164,-0.04,-0.33,0.71,112.73,-90.33,-86.85
worker 1,2026-07-27 13:10:02.164,0.07,-0.36,0.68,116.27,-68.73,-12.21
worker 1,2026-07-27 13:10:02.226,0.2,-0.4,0.69,76.23,-74.95,19.1
worker 1,2026-07-27 13:10:02.226,0.24,-0.42,0.79,48.52,-71.96,-2.81
worker 1,2026-07-27 13:10:02.283,0.24,-0.42,0.79,48.52,-71.96,-2.81
worker 1,2026-07-27 13:10:02.284,0.31,-0.41,0.92,50.96,-40.77,13.92
worker 1,2026-07-27 13:10:02.345,0.41,-0.31,0.99,58.72,-9.89,59.45
worker 1,2026-07-27 13:10:02.346,0.41,-0.31,0.99,58.72,-9.89,59.45
worker 1,2026-07-27 13:10:02.346,0.38,-0.25,1.04,21.73,14.83,51.51
worker 1,2026-07-27 13:10:02.403,0.31,-0.29,1.08,-47.55,26.18,-8.36
worker 1,2026-07-27 13:10:02.404,0.31,-0.29,1.08,-47.55,26.18,-8.36
worker 1,2026-07-27 13:10:02.464,0.29,-0.22,1.09,-73.18,48.34,-52.43
worker 1,2026-07-27 13:10:02.464,0.28,-0.09,1.02,-21.48,98.69,-28.08
worker 1,2026-07-27 13:10:02.523,0.28,-0.09,1.02,-21.48,98.69,-28.08
worker 1,2026-07-27 13:10:02.527,0.28,-0.11,0.91,51.45,123.9,56.03
worker 1,2026-07-27 13:10:02.585,0.29,-0.22,0.9,88.38,100.16,130.31
worker 1,2026-07-27 13:10:02.586,0.3,-0.26,0.97,98.45,67.81,136.72
worker 1,2026-07-27 13:10:02.644,0.3,-0.26,0.97,98.45,67.81,136.72
worker 1,2026-07-27 13:10:02.645,0.28,-0.19,1.03,90.03,44.62,90.03
worker 1,2026-07-27 13:10:02.704,0.18,-0.07,0.97,65.73,20.87,41.2
worker 1,2026-07-27 13:10:02.704,0.04,0.04,0.84,37.48,-0.73,22.58
worker 1,2026-07-27 13:10:02.773,0.04,0.04,0.84,37.48,-0.73,22.58
worker 1,2026-07-27 13:10:02.774,-0.03,0.12,0.73,22.09,-6.47,27.28
worker 1,2026-07-27 13:10:02.825,-0.05,0.17,0.74,25.33,7.02,33.69
worker 1,2026-07-27 13:10:02.826,-0.02,0.17,0.86,34.3,29.6,43.46
worker 1,2026-07-27 13:10:02.888,-0.02,0.17,0.86,34.85,48.89,65.06
worker 1,2026-07-27 13:10:02.889,0.03,0.08,1.04,34.85,48.89,65.06
worker 1,2026-07-27 13:10:02.944,0.06,-0.05,1.16,20.57,53.04,96.19
worker 1,2026-07-27 13:10:02.945,0.03,-0.15,1.18,1.22,35.34,117.74
worker 1,2026-07-27 13:10:03.065,0.03,-0.15,1.18,-9.58,7.26,104.0
worker 1,2026-07-27 13:10:03.065,-0.07,-0.12,1.18,-9.58,7.26,104.0
worker 1,2026-07-27 13:10:03.066,-0.13,0.03,1.19,-9.95,-14.53,59.45
worker 1,2026-07-27 13:10:03.066,-0.17,0.17,1.17,-6.16,-24.54,12.21
worker 1,2026-07-27 13:10:03.124,-0.17,0.17,1.17,-6.16,-24.54,12.21
worker 1,2026-07-27 13:10:03.124,-0.2,0.28,1.1,-0.37,-24.35,-21.0
worker 1,2026-07-27 13:10:03.125,-0.2,0.28,1.1,-0.37,-24.35,-21.0
worker 1,2026-07-27 13:10:03.184,-0.19,0.3,1.0,5.0,-19.41,-32.1
worker 1,2026-07-27 13:10:03.184,-0.19,0.3,1.0,3.72,-14.59,-20.81
worker 1,2026-07-27 13:10:03.245,-0.14,0.25,0.94,3.72,-14.59,-20.81
worker 1,2026-07-27 13:10:03.245,-0.1,0.17,0.91,-3.23,-13.73,-2.44
worker 1,2026-07-27 13:10:03.303,-0.08,0.1,0.88,-12.94,-17.21,5.25
worker 1,2026-07-27 13:10:03.304,-0.08,0.1,0.88,-12.94,-17.21,5.25
worker 1,2026-07-27 13:10:03.304,-0.08,0.07,0.88,-23.99,-19.23,-5.8
worker 1,2026-07-27 13:10:03.367,-0.08,0.07,0.88,-23.99,-19.23,-5.8
worker 1,2026-07-27 13:10:03.367,-0.07,0.1,0.92,-30.82,-15.26,-28.75
worker 1,2026-07-27 13:10:03.424,-0.07,0.15,0.98,-31.86,-7.14,-49.8
worker 1,2026-07-27 13:10:03.424,-0.08,0.18,1.02,-30.09,0.0,-60.0
worker 1,2026-07-27 13:10:03.487,-0.08,0.18,1.02,-30.09,0.0,-60.0
worker 1,2026-07-27 13:10:03.487,-0.09,0.18,1.02,-27.34,5.43,-56.76
worker 1,2026-07-27 13:10:03.543,-0.06,0.16,1.02,-21.73,12.63,-41.93
worker 1,2026-07-27 13:10:03.544,-0.06,0.16,1.02,-14.65,20.14,-20.26
worker 1,2026-07-27 13:10:03.608,0.0,0.11,1.02,-14.65,20.14,-20.26
worker 1,2026-07-27 13:10:03.608,0.04,0.03,1.03,-11.9,19.78,3.54
worker 1,2026-07-27 13:10:03.664,0.04,-0.04,1.03,-13.49,9.09,20.51
worker 1,2026-07-27 13:10:03.664,-0.01,-0.07,1.01,-15.75,-2.01,20.63
worker 1,2026-07-27 13:10:03.723,-0.01,-0.07,1.01,-15.75,-2.01,20.63
worker 1,2026-07-27 13:10:03.725,-0.08,-0.04,0.99,-16.3,-4.82,7.14
worker 1,2026-07-27 13:10:03.785,-0.08,-0.04,0.99,-15.87,-0.73,-3.11
worker 1,2026-07-27 13:10:03.785,-0.11,0.01,0.98,-15.87,-0.73,-3.11
worker 1,2026-07-27 13:10:03.786,-0.11,0.01,0.98,-16.66,3.97,1.16
worker 1,2026-07-27 13:10:03.847,-0.11,0.01,0.98,-16.66,3.97,1.16
worker 1,2026-07-27 13:10:03.847,-0.07,-0.04,1.0,-16.42,4.76,13.06
worker 1,2026-07-27 13:10:03.848,-0.07,-0.04,1.0,-16.42,4.76,13.06
worker 1,2026-07-27 13:10:03.906,-0.05,-0.1,1.02,-12.02,1.65,19.29
worker 1,2026-07-27 13:10:03.907,-0.05,-0.1,1.02,-12.02,1.65,19.29
worker 1,2026-07-27 13:10:03.964,-0.05,-0.14,1.04,-5.13,-2.2,15.2
worker 1,2026-07-27 13:10:03.964,-0.06,-0.13,1.03,0.67,-5.0,6.04
worker 1,2026-07-27 13:10:04.024,-0.07,-0.12,1.0,4.82,-6.71,0.06
worker 1,2026-07-27 13:10:04.086,-0.07,-0.12,1.0,4.82,-6.71,0.06
worker 1,2026-07-27 13:10:04.086,-0.05,-0.13,0.97,6.41,-7.26,0.85
worker 1,2026-07-27 13:10:04.087,-0.03,-0.14,0.96,4.88,-6.35,4.46
worker 1,2026-07-27 13:10:04.144,-0.02,-0.14,0.98,1.71,-3.85,4.27
worker 1,2026-07-27 13:10:04.208,-0.03,-0.11,0.99,-0.73,-1.22,-0.49
worker 1,2026-07-27 13:10:04.208,-0.05,-0.08,0.98,-2.56,-0.79,-4.58
worker 1,2026-07-27 13:10:04.211,-0.05,-0.08,0.98,-2.56,-0.79,-4.58
worker 1,2026-07-27 13:10:04.264,-0.06,-0.07,0.96,-6.23,-1.71,-5.07
worker 1,2026-07-27 13:10:04.264,-0.05,-0.09,0.96,-10.19,-1.53,-4.39
worker 1,2026-07-27 13:10:04.326,-0.05,-0.09,0.96,-10.19,-1.53,-4.39
worker 1,2026-07-27 13:10:04.326,-0.03,-0.11,0.97,-12.21,-0.73,-5.55
worker 1,2026-07-27 13:10:04.384,-0.02,-0.12,0.98,-13.37,-0.31,-8.42
worker 1,2026-07-27 13:10:04.385,-0.03,-0.12,1.0,-13.49,-0.37,-11.72
worker 1,2026-07-27 13:10:04.445,-0.03,-0.12,1.0,-13.49,-0.37,-11.72
worker 1,2026-07-27 13:10:04.447,-0.04,-0.12,1.0,-11.05,-0.67,-13.18
worker 1,2026-07-27 13:10:04.504,-0.04,-0.12,0.99,-7.45,-0.73,-10.5
worker 1,2026-07-27 13:10:04.504,-0.02,-0.13,0.98,-5.37,-0.55,-4.76
worker 1,2026-07-27 13:10:04.564,-0.02,-0.13,0.98,-5.37,-0.55,-4.76
worker 1,2026-07-27 13:10:04.565,-0.01,-0.14,0.97,-5.62,-0.06,-0.43
worker 1,2026-07-27 13:10:04.624,-0.01,-0.14,0.97,-6.04,1.4,0.61
worker 1,2026-07-27 13:10:04.624,-0.02,-0.14,0.97,-6.04,1.4,0.61
worker 1,2026-07-27 13:10:04.624,-0.02,-0.14,0.99,-5.13,2.75,1.22
worker 1,2026-07-27 13:10:04.686,-0.02,-0.14,0.99,-5.13,2.75,1.22
worker 1,2026-07-27 13:10:04.687,-0.01,-0.15,1.0,-3.85,2.01,2.56
worker 1,2026-07-27 13:10:04.744,-0.01,-0.16,1.0,-2.99,0.0,3.05
worker 1,2026-07-27 13:10:04.745,-0.02,-0.17,0.99,-2.38,-1.46,2.2
worker 1,2026-07-27 13:10:04.804,-0.02,-0.17,0.99,-2.38,-1.46,2.2
worker 1,2026-07-27 13:10:04.805,-0.02,-0.17,0.98,-2.32,-2.26,1.16
worker 1,2026-07-27 13:10:04.863,-0.03,-0.17,0.97,-2.69,-2.69,0.85
worker 1,2026-07-27 13:10:04.864,-0.03,-0.17,0.97,-2.69,-2.69,0.85
worker 1,2026-07-27 13:10:04.864,-0.04,-0.17,0.97,-3.36,-1.95,0.85
worker 1,2026-07-27 13:10:04.923,-0.04,-0.17,0.97,-3.36,-1.95,0.85
worker 1,2026-07-27 13:10:04.924,-0.05,-0.16,0.97,-5.07,0.18,1.71
worker 1,2026-07-27 13:10:04.991,-0.05,-0.16,0.97,-7.87,1.89,4.58
worker 1,2026-07-27 13:10:04.991,-0.05,-0.16,0.97,-9.28,2.5,6.71
worker 1,2026-07-27 13:10:05.046,-0.05,-0.17,0.98,-9.28,2.5,6.71
worker 1,2026-07-27 13:10:05.046,-0.04,-0.19,0.98,-7.63,2.5,6.96
worker 1,2026-07-27 13:10:05.104,-0.02,-0.2,0.97,-5.13,2.08,6.53
worker 1,2026-07-27 13:10:05.105,-0.01,-0.2,0.97,-4.15,1.46,4.88
worker 1,2026-07-27 13:10:05.163,-0.01,-0.2,0.97,-4.15,1.46,4.88
worker 1,2026-07-27 13:10:05.164,-0.02,-0.19,0.99,-4.33,0.67,1.71
worker 1,2026-07-27 13:10:05.224,-0.05,-0.18,0.99,-3.78,-0.79,0.12
worker 1,2026-07-27 13:10:05.225,-0.07,-0.18,0.97,-2.08,-2.32,2.62
worker 1,2026-07-27 13:10:05.283,-0.07,-0.18,0.97,-2.08,-2.32,2.62
worker 1,2026-07-27 13:10:05.284,-0.06,-0.2,0.94,-0.98,-2.32,8.18
worker 1,2026-07-27 13:10:05.346,-0.04,-0.21,0.94,-1.46,-0.18,11.78
worker 1,2026-07-27 13:10:05.403,-0.02,-0.21,0.96,-2.2,2.75,8.61
worker 1,2026-07-27 13:10:05.404,-0.02,-0.21,0.96,-2.2,2.75,8.61
worker 1,2026-07-27 13:10:05.404,-0.02,-0.2,0.98,-1.46,3.91,1.89
worker 1,2026-07-27 13:10:05.464,-0.02,-0.2,0.98,0.18,2.08,-2.44
worker 1,2026-07-27 13:10:05.465,-0.03,-0.2,0.99,0.18,2.08,-2.44
worker 1,2026-07-27 13:10:05.465,-0.04,-0.2,0.98,1.1,-0.85,-3.85
worker 1,2026-07-27 13:10:05.523,-0.04,-0.2,0.98,1.1,-0.85,-3.85
worker 1,2026-07-27 13:10:05.524,-0.04,-0.2,0.97,1.53,-2.87,-4.82
worker 1,2026-07-27 13:10:05.591,-0.05,-0.19,0.96,2.14,-3.23,-5.86
worker 1,2026-07-27 13:10:05.592,-0.05,-0.19,0.96,2.14,-3.23,-5.86
worker 1,2026-07-27 13:10:05.644,-0.06,-0.2,0.96,2.2,-2.56,-5.8
worker 1,2026-07-27 13:10:05.644,-0.05,-0.21,0.98,1.16,-1.28,-4.7
worker 1,2026-07-27 13:10:05.706,-0.04,-0.21,0.99,-0.43,-0.37,-2.62
worker 1,2026-07-27 13:10:05.708,-0.04,-0.21,0.99,-0.43,-0.37,-2.62
worker 1,2026-07-27 13:10:05.708,-0.03,-0.21,0.98,-2.08,-0.49,0.0
worker 1,2026-07-27 13:10:05.764,-0.03,-0.21,0.98,-2.08,-0.49,0.0
worker 1,2026-07-27 13:10:05.764,-0.03,-0.2,0.97,-3.66,-1.04,1.34
worker 1,2026-07-27 13:10:05.826,-0.04,-0.19,0.97,-4.33,-1.34,0.67
worker 1,2026-07-27 13:10:05.827,-0.04,-0.19,0.97,-4.33,-1.34,0.67
worker 1,2026-07-27 13:10:05.885,-0.05,-0.19,0.97,-3.3,-1.59,-0.49
worker 1,2026-07-27 13:10:05.885,-0.05,-0.19,0.97,-1.34,-1.65,-0.61
worker 1,2026-07-27 13:10:05.944,-0.04,-0.19,0.97,0.55,-1.89,-0.06
worker 1,2026-07-27 13:10:05.946,-0.04,-0.19,0.97,0.55,-1.89,-0.06
worker 1,2026-07-27 13:10:05.946,-0.02,-0.21,0.96,2.5,-3.3,0.49
worker 1,2026-07-27 13:10:06.003,-0.02,-0.21,0.96,2.5,-3.3,0.49
worker 1,2026-07-27 13:10:06.004,0.0,-0.22,0.95,5.49,-6.23,-0.92
worker 1,2026-07-27 13:10:06.066,0.0,-0.22,0.95,5.49,-6.23,-0.92
worker 1,2026-07-27 13:10:06.067,0.0,-0.23,0.95,7.57,-7.51,-4.82
worker 1,2026-07-27 13:10:06.067,0.0,-0.23,0.95,6.23,-5.19,-8.67
worker 1,2026-07-27 13:10:06.185,-0.01,-0.22,0.98,6.23,-5.19,-8.67
worker 1,2026-07-27 13:10:06.193,-0.02,-0.2,1.0,2.99,-2.44,-10.25
worker 1,2026-07-27 13:10:06.194,-0.02,-0.18,1.0,0.24,-1.16,-8.24
worker 1,2026-07-27 13:10:06.243,-0.02,-0.17,0.98,-1.28,-0.85,-2.87
worker 1,2026-07-27 13:10:06.244,-0.02,-0.17,0.98,-1.28,-0.85,-2.87
worker 1,2026-07-27 13:10:06.244,-0.02,-0.17,0.97,-1.95,-0.85,2.14
worker 1,2026-07-27 13:10:06.306,-0.02,-0.17,0.97,-2.38,-0.61,3.3
worker 1,2026-07-27 13:10:06.307,-0.01,-0.18,0.97,-2.38,-0.61,3.3
worker 1,2026-07-27 13:10:06.307,-0.02,-0.18,0.98,-2.14,-0.24,1.22
worker 1,2026-07-27 13:10:06.363,-0.02,-0.18,0.98,-2.14,-0.24,1.22
worker 1,2026-07-27 13:10:06.364,-0.02,-0.17,0.98,-1.4,-0.31,-0.67
worker 1,2026-07-27 13:10:06.454,-0.03,-0.17,0.98,-0.73,-0.92,-0.31
worker 1,2026-07-27 13:10:06.524,-0.03,-0.17,0.98,-0.73,-0.92,-0.31
worker 1,2026-07-27 13:10:06.524,-0.03,-0.19,0.97,0.12,-1.34,1.95
worker 1,2026-07-27 13:10:06.524,-0.02,-0.2,0.97,0.73,-1.16,3.72
worker 1,2026-07-27 13:10:06.544,-0.02,-0.21,0.97,0.92,-0.55,3.6
worker 1,2026-07-27 13:10:06.544,-0.01,-0.2,0.97,0.61,0.06,2.26
worker 1,2026-07-27 13:10:06.608,-0.01,-0.2,0.97,0.61,0.06,2.26
worker 1,2026-07-27 13:10:06.608,-0.02,-0.2,0.98,0.06,0.43,1.16
worker 1,2026-07-27 13:10:06.609,-0.02,-0.2,0.98,0.06,0.43,1.16
worker 1,2026-07-27 13:10:06.665,-0.02,-0.2,0.97,-0.24,0.55,0.79
worker 1,2026-07-27 13:10:06.725,-0.03,-0.2,0.97,-0.24,0.55,0.92
worker 1,2026-07-27 13:10:06.725,-0.03,-0.2,0.97,-0.18,1.28,0.37
worker 1,2026-07-27 13:10:06.784,-0.02,-0.18,0.98,0.24,2.44,-0.31
worker 1,2026-07-27 13:10:06.848,-0.02,-0.16,0.98,1.83,3.54,1.04
worker 1,2026-07-27 13:10:06.849,-0.0,-0.14,0.96,5.07,4.76,5.49
worker 1,2026-07-27 13:10:06.907,-0.0,-0.14,0.96,5.07,4.76,5.49
worker 1,2026-07-27 13:10:06.908,0.02,-0.13,0.95,8.85,5.55,12.45
worker 1,2026-07-27 13:10:06.965,0.02,-0.12,0.94,11.72,5.92,21.06
worker 1,2026-07-27 13:10:06.965,0.02,-0.12,0.94,13.12,7.02,31.86
worker 1,2026-07-27 13:10:06.965,0.01,-0.13,0.95,13.12,7.02,31.86
worker 1,2026-07-27 13:10:07.024,0.02,-0.15,0.99,11.35,6.9,44.56
worker 1,2026-07-27 13:10:07.087,0.04,-0.17,1.05,5.49,2.26,53.89
worker 1,2026-07-27 13:10:07.087,0.04,-0.19,1.11,-1.1,-6.65,51.21
worker 1,2026-07-27 13:10:07.144,0.04,-0.19,1.11,-1.1,-6.65,51.21
worker 1,2026-07-27 13:10:07.145,0.04,-0.19,1.11,-1.1,-6.65,51.21
worker 1,2026-07-27 13:10:07.204,-0.07,-0.14,1.11,1.46,-27.71,18.98
worker 1,2026-07-27 13:10:07.205,-0.12,-0.1,1.06,6.9,-34.79,10.62
worker 1,2026-07-27 13:10:07.264,-0.15,-0.08,1.01,6.1,-32.78,8.0
worker 1,2026-07-27 13:10:07.324,-0.17,-0.08,0.98,3.6,-20.14,10.01
worker 1,2026-07-27 13:10:07.324,-0.18,-0.09,0.94,4.15,-5.98,19.17
worker 1,2026-07-27 13:10:07.384,-0.18,-0.09,0.94,4.15,-5.98,19.17
worker 1,2026-07-27 13:10:07.385,-0.17,-0.09,0.93,2.93,1.4,31.01
worker 1,2026-07-27 13:10:07.443,-0.14,-0.1,0.95,-3.66,3.66,41.38
worker 1,2026-07-27 13:10:07.443,-0.11,-0.14,0.98,-11.96,2.99,48.71
worker 1,2026-07-27 13:10:07.444,-0.11,-0.14,0.98,-11.96,2.99,48.71
worker 1,2026-07-27 13:10:07.503,-0.11,-0.21,1.03,-17.88,0.73,47.79
worker 1,2026-07-27 13:10:07.504,-0.11,-0.21,1.03,-17.88,0.73,47.79
worker 1,2026-07-27 13:10:07.564,-0.12,-0.26,1.06,-20.08,0.18,33.02
worker 1,2026-07-27 13:10:07.565,-0.12,-0.26,1.06,-20.08,0.18,33.02
worker 1,2026-07-27 13:10:07.565,-0.11,-0.2,1.02,-16.36,4.15,5.25
worker 1,2026-07-27 13:10:07.624,-0.11,-0.2,1.02,-16.36,4.15,5.25
worker 1,2026-07-27 13:10:07.624,-0.06,-0.11,0.92,-9.46,8.79,-16.91
worker 1,2026-07-27 13:10:07.683,-0.01,-0.13,0.85,-9.7,7.75,-14.89
worker 1,2026-07-27 13:10:07.684,-0.01,-0.13,0.85,-9.7,7.75,-14.89
worker 1,2026-07-27 13:10:07.684,0.04,-0.2,0.86,-15.69,7.87,-5.74
worker 1,2026-07-27 13:10:07.744,0.04,-0.2,0.86,-15.69,7.87,-5.74
worker 1,2026-07-27 13:10:07.744,0.09,-0.23,0.92,-17.46,17.64,-12.63
worker 1,2026-07-27 13:10:07.804,0.12,-0.23,0.98,-14.59,26.31,-26.31
worker 1,2026-07-27 13:10:07.807,0.12,-0.23,0.98,-14.59,26.31,-26.31
worker 1,2026-07-27 13:10:07.808,0.1,-0.24,1.0,-11.47,20.51,-28.87
worker 1,2026-07-27 13:10:07.863,0.04,-0.26,0.97,-11.11,3.11,-19.23
worker 1,2026-07-27 13:10:07.864,0.04,-0.26,0.97,-11.11,3.11,-19.23
worker 1,2026-07-27 13:10:07.923,-0.02,-0.26,0.93,-15.38,-15.08,-6.84
worker 1,2026-07-27 13:10:07.925,-0.02,-0.26,0.93,-15.38,-15.08,-6.84
worker 1,2026-07-27 13:10:07.925,-0.05,-0.25,0.89,-19.17,-24.78,4.7
worker 1,2026-07-27 13:10:07.995,-0.05,-0.25,0.89,-19.17,-24.78,4.7
worker 1,2026-07-27 13:10:07.995,-0.05,-0.25,0.87,-12.94,-20.75,14.1
worker 1,2026-07-27 13:10:08.052,-0.06,-0.24,0.87,0.55,-9.16,16.05
worker 1,2026-07-27 13:10:08.052,-0.05,-0.24,0.89,12.33,0.06,11.54
worker 1,2026-07-27 13:10:08.104,-0.05,-0.24,0.89,12.33,0.06,11.54
worker 1,2026-07-27 13:10:08.104,-0.02,-0.25,0.91,20.75,4.88,5.19
worker 1,2026-07-27 13:10:08.164,0.01,-0.25,0.93,25.76,6.41,-2.87
worker 1,2026-07-27 13:10:08.165,0.03,-0.23,0.94,27.89,5.13,-12.02
worker 1,2026-07-27 13:10:08.224,0.03,-0.19,0.94,29.24,2.08,-17.03
worker 1,2026-07-27 13:10:08.225,0.03,-0.19,0.94,29.24,2.08,-17.03
worker 1,2026-07-27 13:10:08.283,0.01,-0.18,0.93,28.81,-2.01,-13.0
worker 1,2026-07-27 13:10:08.284,0.01,-0.18,0.93,28.81,-2.01,-13.0
worker 1,2026-07-27 13:10:08.284,-0.01,-0.19,0.94,25.27,-5.43,-3.6
worker 1,2026-07-27 13:10:08.344,-0.01,-0.19,0.94,25.27,-5.43,-3.6
worker 1,2026-07-27 13:10:08.344,-0.02,-0.19,0.99,20.94,-2.87,4.64
worker 1,2026-07-27 13:10:08.345,-0.02,-0.19,0.99,20.94,-2.87,4.64
worker 1,2026-07-27 13:10:08.403,0.02,-0.18,1.07,17.94,4.7,12.39
worker 1,2026-07-27 13:10:08.404,0.05,-0.19,1.13,16.05,6.35,19.35
worker 1,2026-07-27 13:10:08.464,0.05,-0.19,1.13,16.05,6.35,19.35
worker 1,2026-07-27 13:10:08.464,0.02,-0.17,1.11,17.52,-3.23,16.6
worker 1,2026-07-27 13:10:08.524,-0.05,-0.1,1.04,22.58,-14.47,-0.12
worker 1,2026-07-27 13:10:08.525,-0.05,-0.1,1.04,22.58,-14.47,-0.12
worker 1,2026-07-27 13:10:08.526,-0.11,-0.01,1.0,25.94,-18.62,-19.47
worker 1,2026-07-27 13:10:08.584,-0.11,-0.01,1.0,26.06,-18.31,-28.2
worker 1,2026-07-27 13:10:08.584,-0.12,0.03,1.01,26.06,-18.31,-28.2
worker 1,2026-07-27 13:10:08.644,-0.12,0.05,1.03,24.6,-17.7,-28.32
worker 1,2026-07-27 13:10:08.645,-0.12,0.05,1.02,22.4,-16.3,-29.17
worker 1,2026-07-27 13:10:08.704,-0.12,0.05,1.02,22.4,-16.3,-29.17
worker 1,2026-07-27 13:10:08.705,-0.11,0.06,0.97,20.94,-13.18,-31.92
worker 1,2026-07-27 13:10:08.764,-0.09,0.08,0.93,17.58,-8.85,-31.49
worker 1,2026-07-27 13:10:08.767,-0.06,0.1,0.91,11.6,-2.32,-27.59
worker 1,2026-07-27 13:10:08.824,-0.06,0.1,0.91,11.6,-2.32,-27.59
worker 1,2026-07-27 13:10:08.824,-0.02,0.12,0.93,6.29,6.1,-23.93
worker 1,2026-07-27 13:10:08.825,-0.02,0.12,0.93,6.29,6.1,-23.93
worker 1,2026-07-27 13:10:08.884,0.01,0.13,0.97,0.61,13.24,-19.84
worker 1,2026-07-27 13:10:08.888,0.04,0.12,1.03,-6.1,17.7,-13.79
worker 1,2026-07-27 13:10:08.946,0.04,0.12,1.03,-6.1,17.7,-13.79
worker 1,2026-07-27 13:10:08.947,0.07,0.08,1.08,-11.47,17.64,-9.46
worker 1,2026-07-27 13:10:09.004,0.06,0.04,1.09,-15.26,12.15,-8.85
worker 1,2026-07-27 13:10:09.005,0.06,-0.01,1.07,-17.4,4.52,-8.67
worker 1,2026-07-27 13:10:09.078,0.06,-0.01,1.07,-17.4,4.52,-8.67
worker 1,2026-07-27 13:10:09.123,0.04,-0.07,1.04,-19.65,-2.75,-6.65
worker 1,2026-07-27 13:10:09.124,0.04,-0.07,1.04,-19.65,-2.75,-6.65
worker 1,2026-07-27 13:10:09.125,0.01,-0.14,1.02,-24.54,-8.3,-6.53
worker 1,2026-07-27 13:10:09.125,-0.05,-0.24,1.0,-31.07,-8.36,-17.7
worker 1,2026-07-27 13:10:09.184,-0.05,-0.24,1.0,-31.07,-8.36,-17.7
worker 1,2026-07-27 13:10:09.185,-0.13,-0.3,1.01,-39.31,-0.67,-47.42
worker 1,2026-07-27 13:10:09.245,-0.2,-0.24,1.05,-54.99,0.24,-71.84
worker 1,2026-07-27 13:10:09.246,-0.25,-0.16,1.09,-74.71,-8.36,-73.06
worker 1,2026-07-27 13:10:09.309,-0.25,-0.16,1.09,-88.26,-6.9,-67.75
worker 1,2026-07-27 13:10:09.310,-0.3,-0.15,1.15,-88.26,-6.9,-67.75
worker 1,2026-07-27 13:10:09.364,-0.34,-0.17,1.17,-96.5,8.24,-65.0
worker 1,2026-07-27 13:10:09.364,-0.26,-0.12,1.05,-98.39,32.71,-65.43
worker 1,2026-07-27 13:10:09.427,-0.26,-0.12,1.05,-98.39,32.71,-65.43
worker 1,2026-07-27 13:10:09.428,-0.05,-0.06,0.88,-89.48,61.28,-52.92
worker 1,2026-07-27 13:10:09.484,0.17,-0.2,0.8,-75.68,76.35,-3.3
worker 1,2026-07-27 13:10:09.485,0.3,-0.46,0.84,-68.18,66.53,64.82
worker 1,2026-07-27 13:10:09.544,0.3,-0.46,0.84,-68.18,66.53,64.82
worker 1,2026-07-27 13:10:09.544,0.26,-0.6,0.89,-60.97,42.79,94.91
worker 1,2026-07-27 13:10:09.605,0.12,-0.56,0.85,-42.36,19.29,73.79
worker 1,2026-07-27 13:10:09.664,-0.0,-0.52,0.79,-22.22,-1.59,46.81
worker 1,2026-07-27 13:10:09.664,-0.08,-0.56,0.76,-11.96,-18.37,42.42
worker 1,2026-07-27 13:10:09.723,-0.13,-0.62,0.72,-7.45,-29.79,51.57
worker 1,2026-07-27 13:10:09.724,-0.13,-0.62,0.72,-7.45,-29.79,51.57
worker 1,2026-07-27 13:10:09.724,-0.18,-0.68,0.68,-2.44,-36.01,55.79
worker 1,2026-07-27 13:10:09.791,-0.18,-0.68,0.68,-2.44,-36.01,55.79
worker 1,2026-07-27 13:10:09.791,-0.23,-0.69,0.66,0.55,-34.91,42.97
worker 1,2026-07-27 13:10:09.850,-0.29,-0.66,0.69,-1.71,-27.34,19.29
worker 1,2026-07-27 13:10:09.859,-0.29,-0.66,0.69,-1.71,-27.34,19.29
worker 1,2026-07-27 13:10:09.859,-0.32,-0.63,0.71,-7.45,-18.92,2.08
worker 1,2026-07-27 13:10:09.904,-0.32,-0.63,0.71,-7.45,-18.92,2.08
worker 1,2026-07-27 13:10:09.905,-0.32,-0.63,0.72,-11.96,-12.76,-3.17
worker 1,2026-07-27 13:10:09.964,-0.28,-0.62,0.71,-11.47,-5.74,-6.1
worker 1,2026-07-27 13:10:10.023,-0.22,-0.61,0.7,-9.16,3.11,-9.58
worker 1,2026-07-27 13:10:10.023,-0.16,-0.59,0.72,-9.22,10.13,-10.86
worker 1,2026-07-27 13:10:10.024,-0.16,-0.59,0.72,-9.22,10.13,-10.86
worker 1,2026-07-27 13:10:10.085,-0.14,-0.58,0.76,-10.01,12.08,-11.29
worker 1,2026-07-27 13:10:10.085,-0.15,-0.56,0.79,-9.52,8.79,-10.38
worker 1,2026-07-27 13:10:10.149,-0.15,-0.56,0.79,-9.52,8.79,-10.38
worker 1,2026-07-27 13:10:10.149,-0.16,-0.57,0.79,-8.12,3.42,-5.31
worker 1,2026-07-27 13:10:10.204,-0.16,-0.59,0.77,-5.8,-1.4,0.92
worker 1,2026-07-27 13:10:10.204,-0.16,-0.61,0.74,-3.6,-4.82,2.93
worker 1,2026-07-27 13:10:10.264,-0.16,-0.61,0.74,-3.6,-4.82,2.93
worker 1,2026-07-27 13:10:10.264,-0.17,-0.61,0.72,-2.44,-6.71,-0.24
worker 1,2026-07-27 13:10:10.265,-0.17,-0.61,0.72,-2.44,-6.71,-0.24
worker 1,2026-07-27 13:10:10.324,-0.18,-0.59,0.71,-0.92,-6.84,-6.41
worker 1,2026-07-27 13:10:10.325,-0.18,-0.59,0.71,-0.92,-6.84,-6.41
worker 1,2026-07-27 13:10:10.325,-0.18,-0.58,0.73,1.22,-5.74,-12.02
worker 1,2026-07-27 13:10:10.384,-0.18,-0.58,0.73,1.22,-5.74,-12.02
worker 1,2026-07-27 13:10:10.384,-0.18,-0.57,0.75,3.42,-4.52,-14.22
worker 1,2026-07-27 13:10:10.444,-0.18,-0.57,0.75,5.92,-3.48,-14.71
worker 1,2026-07-27 13:10:10.444,-0.17,-0.58,0.76,5.92,-3.48,-14.71
worker 1,2026-07-27 13:10:10.445,-0.15,-0.57,0.76,9.22,-1.95,-15.56
worker 1,2026-07-27 13:10:10.505,-0.15,-0.57,0.76,9.22,-1.95,-15.56
worker 1,2026-07-27 13:10:10.505,-0.13,-0.56,0.74,12.82,-0.37,-14.71
worker 1,2026-07-27 13:10:10.506,-0.13,-0.56,0.74,12.82,-0.37,-14.71
worker 1,2026-07-27 13:10:10.565,-0.11,-0.56,0.75,16.3,1.1,-12.39
worker 1,2026-07-27 13:10:10.566,-0.11,-0.56,0.75,16.3,1.1,-12.39
worker 1,2026-07-27 13:10:10.683,-0.1,-0.56,0.78,19.35,1.77,-11.84
worker 1,2026-07-27 13:10:10.684,-0.1,-0.56,0.78,21.42,0.85,-13.92
worker 1,2026-07-27 13:10:10.687,-0.1,-0.55,0.81,21.42,0.85,-13.92
worker 1,2026-07-27 13:10:10.688,-0.11,-0.54,0.81,23.56,-0.92,-16.91
worker 1,2026-07-27 13:10:10.688,-0.11,-0.53,0.8,26.31,-1.1,-18.25
worker 1,2026-07-27 13:10:10.757,-0.11,-0.53,0.8,26.31,-1.1,-18.25
worker 1,2026-07-27 13:10:10.757,-0.09,-0.53,0.79,26.98,2.5,-16.91
worker 1,2026-07-27 13:10:10.804,-0.09,-0.53,0.79,26.98,2.5,-16.91
worker 1,2026-07-27 13:10:10.804,-0.07,-0.53,0.8,26.25,7.87,-14.59
worker 1,2026-07-27 13:10:10.805,-0.05,-0.53,0.81,27.4,10.74,-13.43
worker 1,2026-07-27 13:10:10.869,-0.05,-0.53,0.81,27.4,10.74,-13.43
worker 1,2026-07-27 13:10:10.874,-0.05,-0.52,0.81,29.48,10.5,-13.49
worker 1,2026-07-27 13:10:10.925,-0.07,-0.49,0.82,31.62,8.42,-13.49
worker 1,2026-07-27 13:10:10.926,-0.07,-0.49,0.82,31.62,8.42,-13.49
worker 1,2026-07-27 13:10:10.984,-0.06,-0.46,0.84,34.06,6.53,-11.96
worker 1,2026-07-27 13:10:10.985,-0.02,-0.44,0.91,34.36,3.05,-5.8
worker 1,2026-07-27 13:10:11.044,-0.05,-0.52,0.88,32.47,-8.54,0.0
worker 1,2026-07-27 13:10:11.108,-0.07,-0.54,0.76,38.33,-13.98,-20.32
worker 1,2026-07-27 13:10:11.164,-0.04,-0.28,0.83,46.63,24.84,-58.29
worker 1,2026-07-27 13:10:11.164,-0.04,-0.28,0.83,24.11,29.17,-4.94
worker 1,2026-07-27 13:10:11.224,-0.08,-0.27,0.94,24.11,29.17,-4.94
worker 1,2026-07-27 13:10:11.224,-0.14,-0.38,1.03,1.1,17.82,57.98
worker 1,2026-07-27 13:10:11.284,-0.19,-0.42,1.12,-4.82,8.12,81.42
worker 1,2026-07-27 13:10:11.345,-0.2,-0.38,1.19,1.83,8.06,62.5
worker 1,2026-07-27 13:10:11.346,-0.2,-0.38,1.19,1.83,8.06,62.5
worker 1,2026-07-27 13:10:11.403,-0.14,-0.28,1.19,4.7,5.68,34.79
worker 1,2026-07-27 13:10:11.404,-0.14,-0.28,1.19,5.68,-6.1,15.69
worker 1,2026-07-27 13:10:11.404,-0.12,-0.15,1.06,5.68,-6.1,15.69
worker 1,2026-07-27 13:10:11.405,-0.15,-0.05,0.88,12.02,-17.58,1.89
worker 1,2026-07-27 13:10:11.464,-0.15,-0.05,0.88,12.02,-17.58,1.89
worker 1,2026-07-27 13:10:11.464,-0.18,-0.01,0.81,16.66,-20.32,-5.68
worker 1,2026-07-27 13:10:11.465,-0.18,-0.01,0.81,16.66,-20.32,-5.68
worker 1,2026-07-27 13:10:11.524,-0.17,0.01,0.87,16.6,-15.93,-7.87
worker 1,2026-07-27 13:10:11.585,-0.17,0.0,0.97,16.36,-11.29,-9.03
worker 1,2026-07-27 13:10:11.585,-0.17,0.0,0.97,15.75,-11.72,-8.24
worker 1,2026-07-27 13:10:11.586,-0.19,-0.03,1.05,15.75,-11.72,-8.24
worker 1,2026-07-27 13:10:11.644,-0.21,-0.07,1.09,14.1,-16.6,-5.62
worker 1,2026-07-27 13:10:11.705,-0.22,-0.11,1.09,13.67,-21.18,-4.82
worker 1,2026-07-27 13:10:11.724,-0.22,-0.11,1.09,13.67,-21.18,-4.82
worker 1,2026-07-27 13:10:11.724,-0.22,-0.15,1.05,15.2,-22.64,-4.52
worker 1,2026-07-27 13:10:11.765,-0.22,-0.15,1.05,15.2,-22.64,-4.52
worker 1,2026-07-27 13:10:11.766,-0.22,-0.18,0.98,17.03,-22.34,-0.85
worker 1,2026-07-27 13:10:11.766,-0.22,-0.18,0.98,15.56,-20.57,6.1
worker 1,2026-07-27 13:10:11.825,-0.19,-0.21,0.91,15.56,-20.57,6.1
worker 1,2026-07-27 13:10:11.825,-0.15,-0.23,0.88,9.4,-14.59,12.82
worker 1,2026-07-27 13:10:11.826,-0.15,-0.23,0.88,9.4,-14.59,12.82
worker 1,2026-07-27 13:10:11.896,-0.1,-0.24,0.89,0.06,-5.25,15.62
worker 1,2026-07-27 13:10:11.947,-0.05,-0.24,0.94,-8.79,2.99,11.9
worker 1,2026-07-27 13:10:11.948,-0.05,-0.24,0.94,-8.79,2.99,11.9
worker 1,2026-07-27 13:10:11.948,-0.04,-0.22,0.99,-14.28,7.45,2.5
worker 1,2026-07-27 13:10:12.011,-0.04,-0.2,1.02,-16.05,7.57,-8.18
worker 1,2026-07-27 13:10:12.012,-0.04,-0.2,1.02,-16.05,7.57,-8.18
worker 1,2026-07-27 13:10:12.012,-0.06,-0.19,1.02,-15.2,3.72,-15.08
worker 1,2026-07-27 13:10:12.069,-0.06,-0.19,1.02,-15.2,3.72,-15.08
worker 1,2026-07-27 13:10:12.069,-0.08,-0.2,0.98,-13.98,-1.83,-16.97
worker 1,2026-07-27 13:10:12.125,-0.08,-0.2,0.98,-13.98,-1.83,-16.97
worker 1,2026-07-27 13:10:12.125,-0.07,-0.21,0.95,-14.89,-5.37,-18.19
worker 1,2026-07-27 13:10:12.126,-0.07,-0.21,0.95,-14.89,-5.37,-18.19
worker 1,2026-07-27 13:10:12.184,-0.06,-0.2,0.95,-17.46,-6.23,-22.89
worker 1,2026-07-27 13:10:12.184,-0.06,-0.19,0.99,-19.47,-6.35,-31.07
worker 1,2026-07-27 13:10:12.249,-0.07,-0.18,1.04,-19.53,-6.1,-41.5
worker 1,2026-07-27 13:10:12.250,-0.07,-0.18,1.04,-19.53,-6.1,-41.5
worker 1,2026-07-27 13:10:12.304,-0.06,-0.16,1.07,-17.15,-3.48,-51.57
worker 1,2026-07-27 13:10:12.305,-0.01,-0.14,1.02,-11.78,0.12,-54.5
worker 1,2026-07-27 13:10:12.430,-0.01,-0.14,1.02,-4.82,-1.95,-38.76
worker 1,2026-07-27 13:10:12.435,0.08,-0.18,0.89,-4.82,-1.95,-38.76
worker 1,2026-07-27 13:10:12.435,0.17,-0.33,0.79,-2.93,-8.85,-1.89
worker 1,2026-07-27 13:10:12.436,0.17,-0.33,0.79,-2.93,-8.85,-1.89
worker 1,2026-07-27 13:10:12.436,0.22,-0.48,0.81,-8.42,-9.03,31.19
worker 1,2026-07-27 13:10:12.488,0.22,-0.48,0.92,-20.51,-3.42,35.64
worker 1,2026-07-27 13:10:12.544,0.21,-0.36,1.0,-27.77,-0.24,17.03
worker 1,2026-07-27 13:10:12.544,0.17,-0.29,0.99,-18.98,-4.46,-3.85
worker 1,2026-07-27 13:10:12.604,0.1,-0.29,0.93,-3.78,-15.01,-14.83
worker 1,2026-07-27 13:10:12.667,0.06,-0.27,0.86,8.85,-19.65,-21.85
worker 1,2026-07-27 13:10:12.668,0.04,-0.23,0.81,18.25,-13.85,-27.83
worker 1,2026-07-27 13:10:12.724,0.04,-0.23,0.81,18.25,-13.85,-27.83
worker 1,2026-07-27 13:10:12.724,0.07,-0.22,0.81,22.77,-4.03,-21.3
worker 1,2026-07-27 13:10:12.785,0.14,-0.24,0.85,23.25,5.92,-2.44
worker 1,2026-07-27 13:10:12.785,0.2,-0.26,0.9,24.54,14.16,15.56
worker 1,2026-07-27 13:10:12.846,0.2,-0.26,0.9,24.54,14.16,15.56
worker 1,2026-07-27 13:10:12.846,0.23,-0.28,0.93,26.06,16.85,28.02
worker 1,2026-07-27 13:10:12.904,0.22,-0.3,0.97,25.21,12.21,38.27
worker 1,2026-07-27 13:10:12.905,0.13,-0.37,1.06,23.07,1.89,48.65
worker 1,2026-07-27 13:10:12.963,0.01,-0.48,1.2,22.83,-8.67,52.06
worker 1,2026-07-27 13:10:12.964,0.01,-0.48,1.2,22.83,-8.67,52.06
worker 1,2026-07-27 13:10:13.026,-0.06,-0.5,1.24,29.48,-13.43,39.79
worker 1,2026-07-27 13:10:13.026,-0.07,-0.43,1.11,44.68,-15.44,16.72
worker 1,2026-07-27 13:10:13.084,-0.08,-0.37,0.93,60.06,-20.51,-10.5
worker 1,2026-07-27 13:10:13.085,-0.08,-0.37,0.93,60.06,-20.51,-10.5
worker 1,2026-07-27 13:10:13.204,-0.12,-0.32,0.84,64.33,-24.6,-46.33
worker 1,2026-07-27 13:10:13.204,-0.18,-0.21,0.86,53.83,-21.0,-90.58
worker 1,2026-07-27 13:10:13.204,-0.25,-0.03,0.97,34.0,-13.0,-130.43
worker 1,2026-07-27 13:10:13.205,-0.25,-0.03,0.97,34.0,-13.0,-130.43
worker 1,2026-07-27 13:10:13.266,-0.27,0.16,1.06,18.13,-11.05,-151.06
worker 1,2026-07-27 13:10:13.266,-0.24,0.27,1.06,12.15,-17.7,-144.78
worker 1,2026-07-27 13:10:13.324,-0.24,0.27,1.06,12.15,-17.7,-144.78
worker 1,2026-07-27 13:10:13.325,-0.19,0.27,1.01,6.84,-22.46,-117.61
worker 1,2026-07-27 13:10:13.444,-0.12,0.2,0.95,-3.66,-20.02,-85.57
worker 1,2026-07-27 13:10:13.444,-0.05,0.13,0.93,-14.71,-13.98,-65.49
worker 1,2026-07-27 13:10:13.445,-0.05,0.13,0.93,-14.71,-13.98,-65.49
worker 1,2026-07-27 13:10:13.445,-0.0,0.09,0.96,-20.08,-8.42,-65.49
worker 1,2026-07-27 13:10:13.504,0.03,0.07,0.99,-19.9,-3.78,-80.26
worker 1,2026-07-27 13:10:13.505,0.05,0.08,1.03,-17.58,1.71,-98.57
worker 1,2026-07-27 13:10:13.566,0.08,0.1,1.07,-9.03,10.62,-116.94
worker 1,2026-07-27 13:10:13.567,0.08,0.1,1.07,-9.03,10.62,-116.94
worker 1,2026-07-27 13:10:13.623,0.11,0.16,1.1,16.3,27.95,-146.67
worker 1,2026-07-27 13:10:13.624,0.11,0.16,1.1,16.3,27.95,-146.67
worker 1,2026-07-27 13:10:13.624,0.12,0.23,1.09,46.81,41.5,-170.72
worker 1,2026-07-27 13:10:13.684,0.12,0.23,1.09,46.81,41.5,-170.72
worker 1,2026-07-27 13:10:13.685,0.11,0.24,1.03,56.21,27.47,-154.42
worker 1,2026-07-27 13:10:13.744,0.11,0.24,1.03,56.21,27.47,-154.42
worker 1,2026-07-27 13:10:13.745,0.11,0.24,1.03,56.21,27.47,-154.42
worker 1,2026-07-27 13:10:13.745,0.04,0.17,0.76,27.28,-26.92,-78.06
worker 1,2026-07-27 13:10:13.804,0.01,0.17,0.8,2.69,-28.38,-61.46
worker 1,2026-07-27 13:10:13.864,0.0,0.2,0.97,-19.71,-17.64,-57.98
worker 1,2026-07-27 13:10:13.865,0.0,0.2,0.97,-19.71,-17.64,-57.98
worker 1,2026-07-27 13:10:13.865,-0.02,0.26,1.09,-27.89,-5.92,-63.29
worker 1,2026-07-27 13:10:14.044,-0.02,0.26,1.09,-27.89,-5.92,-63.29
worker 1,2026-07-27 13:10:14.046,-0.02,0.33,1.07,-23.32,-1.16,-62.44
worker 1,2026-07-27 13:10:14.046,-0.02,0.33,1.07,-15.56,-3.3,-42.24
worker 1,2026-07-27 13:10:14.046,0.01,0.34,0.97,-15.56,-3.3,-42.24
worker 1,2026-07-27 13:10:14.046,0.08,0.25,0.91,-10.68,-8.12,-10.99
worker 1,2026-07-27 13:10:14.051,0.08,0.25,0.91,-10.68,-8.12,-10.99
worker 1,2026-07-27 13:10:14.051,0.1,0.12,0.93,-11.9,-13.73,11.41
worker 1,2026-07-27 13:10:14.052,0.1,0.12,0.93,-11.9,-13.73,11.41
worker 1,2026-07-27 13:10:14.114,0.1,0.01,1.03,-21.55,-22.77,23.8
worker 1,2026-07-27 13:10:14.115,0.1,0.01,1.03,-21.55,-22.77,23.8
worker 1,2026-07-27 13:10:14.115,0.11,-0.09,1.09,-29.54,-37.6,36.07
worker 1,2026-07-27 13:10:14.164,0.15,-0.19,1.02,-21.06,-49.44,40.83
worker 1,2026-07-27 13:10:14.165,0.15,-0.19,1.02,-21.06,-49.44,40.83
worker 1,2026-07-27 13:10:14.284,0.21,-0.2,0.9,-6.41,-42.79,24.29
worker 1,2026-07-27 13:10:14.285,0.26,-0.09,0.86,-3.48,-20.51,-9.64
worker 1,2026-07-27 13:10:14.286,0.28,0.07,0.88,-7.81,-0.37,-43.21
worker 1,2026-07-27 13:10:14.350,0.25,0.17,0.92,-8.36,7.08,-61.04
worker 1,2026-07-27 13:10:14.350,0.22,0.2,0.95,-4.09,5.0,-61.46
worker 1,2026-07-27 13:10:14.404,0.22,0.2,0.95,-4.09,5.0,-61.46
worker 1,2026-07-27 13:10:14.404,0.21,0.2,0.98,1.89,2.99,-54.32
worker 1,2026-07-27 13:10:14.406,0.21,0.2,0.98,1.89,2.99,-54.32
worker 1,2026-07-27 13:10:14.527,0.22,0.2,1.0,7.93,4.7,-45.17
worker 1,2026-07-27 13:10:14.528,0.22,0.2,1.0,7.93,4.7,-45.17
worker 1,2026-07-27 13:10:14.528,0.24,0.18,1.0,13.0,6.96,-31.68
worker 1,2026-07-27 13:10:14.529,0.24,0.18,1.0,13.0,6.96,-31.68
worker 1,2026-07-27 13:10:14.529,0.24,0.14,1.0,14.77,8.3,-12.21
worker 1,2026-07-27 13:10:14.645,0.27,0.07,1.05,10.19,8.48,11.41
worker 1,2026-07-27 13:10:14.646,0.28,0.01,1.1,3.72,8.12,28.5
worker 1,2026-07-27 13:10:14.646,0.24,-0.01,1.07,2.14,7.93,29.91
worker 1,2026-07-27 13:10:14.705,0.17,0.03,1.01,1.28,8.54,21.61
worker 1,2026-07-27 13:10:14.764,0.12,0.1,0.97,-2.2,10.01,12.63
worker 1,2026-07-27 13:10:14.764,0.07,0.13,0.92,-4.88,10.44,9.34
worker 1,2026-07-27 13:10:14.765,0.07,0.13,0.92,-4.88,10.44,9.34
worker 1,2026-07-27 13:10:14.826,0.03,0.12,0.91,-6.16,10.31,10.19
worker 1,2026-07-27 13:10:14.827,0.03,0.12,0.91,-6.16,10.31,10.19
worker 1,2026-07-27 13:10:14.827,0.01,0.12,0.95,-6.9,12.76,7.63
worker 1,2026-07-27 13:10:14.884,0.01,0.12,0.95,-6.9,12.76,7.63
worker 1,2026-07-27 13:10:14.884,-0.02,0.13,0.98,-3.91,15.44,2.81
worker 1,2026-07-27 13:10:14.885,-0.02,0.13,0.98,-3.91,15.44,2.81
worker 1,2026-07-27 13:10:14.944,-0.05,0.14,0.99,1.16,13.18,1.71
worker 1,2026-07-27 13:10:14.944,-0.04,0.14,1.0,0.49,7.69,4.7
worker 1,2026-07-27 13:10:15.005,-0.04,0.14,1.0,0.49,7.69,4.7
worker 1,2026-07-27 13:10:15.006,-0.02,0.14,1.04,-3.66,4.15,5.86
worker 1,2026-07-27 13:10:15.064,0.01,0.14,1.04,-4.21,4.09,1.53
worker 1,2026-07-27 13:10:15.065,0.01,0.14,1.04,-4.21,4.09,1.53
worker 1,2026-07-27 13:10:15.184,0.02,0.14,1.0,-0.18,4.64,-6.1
worker 1,2026-07-27 13:10:15.185,0.02,0.14,1.0,5.86,4.64,-13.43
worker 1,2026-07-27 13:10:15.304,0.02,0.13,0.93,5.86,4.64,-13.43
worker 1,2026-07-27 13:10:15.304,0.01,0.12,0.89,8.0,5.19,-17.52
worker 1,2026-07-27 13:10:15.306,0.01,0.12,0.89,8.0,5.19,-17.52
worker 1,2026-07-27 13:10:15.306,0.02,0.11,0.92,2.14,6.53,-18.62
worker 1,2026-07-27 13:10:15.307,0.02,0.11,0.92,2.14,6.53,-18.62
worker 1,2026-07-27 13:10:15.307,0.04,0.08,0.99,-6.59,7.45,-18.92
worker 1,2026-07-27 13:10:15.307,0.05,0.04,1.03,-10.8,6.65,-21.24
worker 1,2026-07-27 13:10:15.308,0.05,0.04,1.03,-10.8,6.65,-21.24
worker 1,2026-07-27 13:10:15.364,0.05,0.01,1.03,-10.93,5.86,-27.89
worker 1,2026-07-27 13:10:15.364,0.03,0.02,1.02,-11.84,7.02,-35.89
worker 1,2026-07-27 13:10:15.365,0.03,0.02,1.02,-11.84,7.02,-35.89
worker 1,2026-07-27 13:10:15.493,0.04,0.06,1.03,-14.77,8.61,-39.73
worker 1,2026-07-27 13:10:15.494,0.04,0.06,1.03,-14.77,8.61,-39.73
worker 1,2026-07-27 13:10:15.494,0.07,0.08,1.06,-16.66,6.47,-36.8
worker 1,2026-07-27 13:10:15.495,0.07,0.08,1.06,-16.66,6.47,-36.8
worker 1,2026-07-27 13:10:15.495,0.11,0.05,1.11,-16.17,-2.56,-29.97
worker 1,2026-07-27 13:10:15.548,0.12,0.04,1.15,-15.08,-12.57,-30.64
worker 1,2026-07-27 13:10:15.549,0.12,0.04,1.15,-15.08,-12.57,-30.64
worker 1,2026-07-27 13:10:15.549,0.09,0.11,1.1,-11.35,-15.56,-42.66
worker 1,2026-07-27 13:10:15.605,0.09,0.11,1.1,-11.35,-15.56,-42.66
worker 1,2026-07-27 13:10:15.605,0.05,0.19,1.02,-7.93,-15.75,-45.84
worker 1,2026-07-27 13:10:15.606,0.05,0.19,1.02,-7.93,-15.75,-45.84
worker 1,2026-07-27 13:10:15.664,0.07,0.17,0.99,-8.18,-21.79,-24.29
worker 1,2026-07-27 13:10:15.724,0.11,0.02,0.99,-7.81,-32.9,9.46
worker 1,2026-07-27 13:10:15.729,0.13,-0.15,0.95,-6.29,-42.05,31.01
worker 1,2026-07-27 13:10:15.783,0.13,-0.15,0.95,-6.29,-42.05,31.01
worker 1,2026-07-27 13:10:15.783,0.11,-0.18,0.88,-4.09,-38.33,22.83
worker 1,2026-07-27 13:10:15.784,0.06,-0.06,0.82,-0.61,-20.39,-3.66
worker 1,2026-07-27 13:10:15.845,0.06,-0.06,0.82,-0.61,-20.39,-3.66
worker 1,2026-07-27 13:10:15.846,0.05,0.06,0.78,0.55,-3.48,-17.4
worker 1,2026-07-27 13:10:15.903,0.05,0.06,0.78,0.55,-3.48,-17.4
worker 1,2026-07-27 13:10:15.904,0.07,0.09,0.79,-2.93,6.47,-12.08
worker 1,2026-07-27 13:10:15.964,0.11,0.06,0.87,-10.13,16.78,-4.76
worker 1,2026-07-27 13:10:15.965,0.11,0.06,0.87,-10.13,16.78,-4.76
worker 1,2026-07-27 13:10:15.965,0.12,0.05,0.98,-19.53,30.94,-6.1
worker 1,2026-07-27 13:10:16.028,0.11,0.06,1.04,-28.87,46.94,-13.31
worker 1,2026-07-27 13:10:16.030,0.11,0.06,1.04,-28.87,46.94,-13.31
worker 1,2026-07-27 13:10:16.148,0.08,0.03,1.05,-39.98,60.24,-18.13
worker 1,2026-07-27 13:10:16.148,0.06,-0.06,1.06,-53.47,67.44,-16.42
worker 1,2026-07-27 13:10:16.149,0.06,-0.06,1.06,-53.47,67.44,-16.42
worker 1,2026-07-27 13:10:16.149,0.03,-0.16,1.06,-61.34,74.58,-8.67
worker 1,2026-07-27 13:10:16.149,-0.03,-0.27,1.03,-61.46,88.2,2.62
worker 1,2026-07-27 13:10:16.204,-0.03,-0.27,1.03,-61.46,88.2,2.62
worker 1,2026-07-27 13:10:16.204,-0.14,-0.38,0.97,-53.34,92.41,13.85
worker 1,2026-07-27 13:10:16.264,-0.14,-0.38,0.97,-31.19,69.03,25.82
worker 1,2026-07-27 13:10:16.265,-0.22,-0.4,0.98,-31.19,69.03,25.82
worker 1,2026-07-27 13:10:16.265,-0.22,-0.32,1.03,-6.41,28.87,35.77
worker 1,2026-07-27 13:10:16.324,-0.22,-0.32,1.03,-6.41,28.87,35.77
worker 1,2026-07-27 13:10:16.324,-0.18,-0.25,1.01,4.09,-1.89,39.12
worker 1,2026-07-27 13:10:16.325,-0.18,-0.25,1.01,4.09,-1.89,39.12
worker 1,2026-07-27 13:10:16.384,-0.16,-0.22,0.92,2.93,-14.04,36.19
worker 1,2026-07-27 13:10:16.385,-0.16,-0.22,0.92,2.93,-14.04,36.19
worker 1,2026-07-27 13:10:16.449,-0.17,-0.21,0.87,-0.79,-15.75,29.85
worker 1,2026-07-27 13:10:16.449,-0.2,-0.22,0.9,-5.37,-19.9,24.96
worker 1,2026-07-27 13:10:16.504,-0.21,-0.23,0.96,-9.28,-32.71,22.71
worker 1,2026-07-27 13:10:16.569,-0.24,-0.22,0.99,-7.45,-49.01,24.05
worker 1,2026-07-27 13:10:16.570,-0.24,-0.22,0.99,-7.45,-49.01,24.05
worker 1,2026-07-27 13:10:16.570,-0.23,-0.2,1.01,-0.24,-62.44,37.05
worker 1,2026-07-27 13:10:16.624,-0.19,-0.14,1.04,10.19,-62.68,60.73
worker 1,2026-07-27 13:10:16.684,-0.16,-0.08,1.05,22.34,-47.06,73.91
worker 1,2026-07-27 13:10:16.805,-0.16,-0.08,1.05,22.34,-47.06,73.91
worker 1,2026-07-27 13:10:16.805,-0.17,-0.04,1.03,27.89,-30.21,66.35
worker 1,2026-07-27 13:10:16.806,-0.17,-0.04,1.03,27.89,-30.21,66.35
worker 1,2026-07-27 13:10:16.806,-0.18,-0.01,0.97,23.01,-21.91,49.8
worker 1,2026-07-27 13:10:16.806,-0.18,0.01,0.91,12.63,-20.2,33.45
worker 1,2026-07-27 13:10:16.806,-0.17,0.02,0.87,2.75,-21.24,22.22
worker 1,2026-07-27 13:10:16.807,-0.17,0.02,0.87,2.75,-21.24,22.22
worker 1,2026-07-27 13:10:16.865,-0.15,0.03,0.87,-4.52,-20.87,19.47
worker 1,2026-07-27 13:10:16.924,-0.11,0.01,0.92,-9.16,-18.37,23.32
worker 1,2026-07-27 13:10:16.925,-0.08,-0.03,1.02,-8.3,-15.32,27.77
worker 1,2026-07-27 13:10:16.984,-0.06,-0.06,1.1,0.18,-13.55,28.93
worker 1,2026-07-27 13:10:16.985,-0.05,-0.11,1.14,12.94,-15.62,27.16
worker 1,2026-07-27 13:10:17.044,-0.05,-0.11,1.14,12.94,-15.62,27.16
worker 1,2026-07-27 13:10:17.044,-0.05,-0.19,1.13,25.57,-20.51,23.44
worker 1,2026-07-27 13:10:17.105,-0.04,-0.26,1.08,36.32,-24.11,19.53
worker 1,2026-07-27 13:10:17.106,-0.04,-0.26,1.08,36.32,-24.11,19.53
worker 1,2026-07-27 13:10:17.106,-0.0,-0.3,1.01,42.85,-25.88,18.31
worker 1,2026-07-27 13:10:17.164,-0.0,-0.3,1.01,42.85,-25.88,18.31
worker 1,2026-07-27 13:10:17.171,0.06,-0.33,0.94,42.54,-26.43,20.2
worker 1,2026-07-27 13:10:17.283,0.06,-0.33,0.94,42.54,-26.43,20.2
worker 1,2026-07-27 13:10:17.283,0.11,-0.37,0.89,35.22,-25.63,20.69
worker 1,2026-07-27 13:10:17.284,0.09,-0.36,0.84,24.66,-20.94,12.39
worker 1,2026-07-27 13:10:17.285,0.09,-0.36,0.84,24.66,-20.94,12.39
worker 1,2026-07-27 13:10:17.285,0.01,-0.32,0.83,10.56,-7.32,-6.35
worker 1,2026-07-27 13:10:17.286,0.01,-0.32,0.83,10.56,-7.32,-6.35
worker 1,2026-07-27 13:10:17.404,-0.03,-0.21,0.89,-8.73,15.87,-29.05
worker 1,2026-07-27 13:10:17.405,-0.03,-0.21,0.89,-8.73,15.87,-29.05
worker 1,2026-07-27 13:10:17.406,0.01,-0.03,0.96,-22.52,37.05,-45.47
worker 1,2026-07-27 13:10:17.406,0.01,-0.03,0.96,-27.95,38.15,-45.78
worker 1,2026-07-27 13:10:17.407,0.05,0.07,0.99,-27.95,38.15,-45.78
worker 1,2026-07-27 13:10:17.464,0.02,0.01,1.03,-30.33,17.88,-32.9
worker 1,2026-07-27 13:10:17.525,-0.06,-0.09,1.1,-26.73,-1.89,-27.1
worker 1,2026-07-27 13:10:17.525,-0.14,-0.05,1.13,-11.11,-5.62,-41.02
worker 1,2026-07-27 13:10:17.584,-0.14,-0.05,1.13,-11.11,-5.62,-41.02
worker 1,2026-07-27 13:10:17.584,-0.17,0.09,1.03,13.43,-2.08,-58.29
worker 1,2026-07-27 13:10:17.585,-0.17,0.19,0.88,30.33,-3.05,-57.31
worker 1,2026-07-27 13:10:17.644,-0.17,0.19,0.88,30.33,-3.05,-57.31
worker 1,2026-07-27 13:10:17.645,-0.17,0.24,0.78,30.76,-2.81,-41.44
worker 1,2026-07-27 13:10:17.823,-0.17,0.29,0.79,23.32,8.67,-21.12
worker 1,2026-07-27 13:10:17.826,-0.17,0.29,0.79,23.32,8.67,-21.12
worker 1,2026-07-27 13:10:17.826,-0.17,0.35,0.88,21.67,29.97,2.75
worker 1,2026-07-27 13:10:17.884,-0.17,0.35,0.88,21.67,29.97,2.75
worker 1,2026-07-27 13:10:17.884,-0.16,0.37,0.99,24.6,49.5,33.87
worker 1,2026-07-27 13:10:17.943,-0.07,0.24,1.12,21.61,50.48,74.1
worker 1,2026-07-27 13:10:17.955,-0.07,0.24,1.12,21.61,50.48,74.1
worker 1,2026-07-27 13:10:17.955,0.07,-0.01,1.22,15.62,27.47,114.26
worker 1,2026-07-27 13:10:17.957,0.07,-0.01,1.22,15.62,27.47,114.26
worker 1,2026-07-27 13:10:17.957,0.17,-0.21,1.29,15.56,-5.13,133.85
worker 1,2026-07-27 13:10:17.958,0.19,-0.31,1.29,24.72,-29.36,124.15
worker 1,2026-07-27 13:10:17.958,0.18,-0.34,1.24,29.85,-43.76,101.87
worker 1,2026-07-27 13:10:18.004,0.18,-0.34,1.24,29.85,-43.76,101.87
worker 1,2026-07-27 13:10:18.004,0.18,-0.3,1.13,20.02,-52.61,81.73
worker 1,2026-07-27 13:10:18.124,0.18,-0.3,1.13,20.02,-52.61,81.73
worker 1,2026-07-27 13:10:18.124,0.14,-0.22,1.03,8.91,-49.32,57.62
worker 1,2026-07-27 13:10:18.663,0.14,-0.22,1.03,8.91,-49.32,57.62
worker 1,2026-07-27 13:10:18.664,0.03,-0.12,0.96,26.06,-13.31,31.25
worker 1,2026-07-27 13:10:18.664,0.03,-0.12,0.96,77.15,34.24,-6.71
worker 1,2026-07-27 13:10:18.665,-0.12,0.08,0.85,77.15,34.24,-6.71
worker 1,2026-07-27 13:10:18.665,-0.28,0.36,0.72,118.84,31.8,-83.19
worker 1,2026-07-27 13:10:18.783,-0.36,0.6,0.59,114.07,-17.64,-161.99
worker 1,2026-07-27 13:10:19.144,-0.36,0.6,0.59,114.07,-17.64,-161.99
worker 1,2026-07-27 13:10:19.145,-0.34,0.75,0.54,66.22,-55.73,-185.49
worker 1,2026-07-27 13:10:19.146,-0.34,0.75,0.54,14.16,-51.03,-153.56
worker 1,2026-07-27 13:10:19.146,-0.28,0.82,0.62,14.16,-51.03,-153.56
worker 1,2026-07-27 13:10:19.146,-0.26,0.84,0.74,-12.45,-20.63,-94.24
worker 1,2026-07-27 13:10:19.147,-0.26,0.84,0.74,-12.45,-20.63,-94.24
worker 1,2026-07-27 13:10:19.148,-0.3,0.82,0.83,-25.33,5.25,-31.98
worker 1,2026-07-27 13:10:19.149,-0.29,0.7,0.86,-34.42,14.53,23.13
worker 1,2026-07-27 13:10:19.150,-0.17,0.47,0.85,-31.25,16.11,57.37
worker 1,2026-07-27 13:10:19.150,0.06,0.31,0.9,-15.93,23.93,53.59
worker 1,2026-07-27 13:10:19.150,0.36,0.28,1.09,-3.66,33.51,26.37
worker 1,2026-07-27 13:10:19.151,0.36,0.28,1.09,-3.66,33.51,26.37
worker 1,2026-07-27 13:10:19.151,0.61,0.34,1.34,-4.21,22.71,9.4
worker 1,2026-07-27 13:10:19.152,0.64,0.42,1.47,-11.23,-18.55,12.51
worker 1,2026-07-27 13:10:19.153,0.54,0.45,1.46,-13.12,-69.27,23.07
worker 1,2026-07-27 13:10:19.153,0.38,0.44,1.36,-8.97,-108.09,28.69
worker 1,2026-07-27 13:10:19.154,0.38,0.44,1.36,-8.97,-108.09,28.69
worker 1,2026-07-27 13:10:19.155,0.22,0.4,1.1,-9.64,-135.38,36.5
worker 1,2026-07-27 13:10:19.159,0.22,0.4,1.1,-9.64,-135.38,36.5
worker 1,2026-07-27 13:10:19.159,0.12,0.36,0.72,-21.61,-141.36,47.3
worker 1,2026-07-27 13:10:19.160,0.12,0.36,0.72,-21.61,-141.36,47.3
worker 1,2026-07-27 13:10:19.160,0.1,0.41,0.43,-36.74,-106.99,38.39
worker 1,2026-07-27 13:10:19.160,0.1,0.41,0.43,-46.14,-54.75,25.88
worker 1,2026-07-27 13:10:19.161,0.06,0.43,0.29,-46.14,-54.75,25.88
worker 1,2026-07-27 13:10:19.161,-0.07,0.26,0.21,-49.8,-26.0,48.77
worker 1,2026-07-27 13:10:19.204,-0.07,0.26,0.21,-49.8,-26.0,48.77
worker 1,2026-07-27 13:10:19.324,-0.31,-0.09,0.2,-55.42,-17.76,92.77
worker 1,2026-07-27 13:10:19.575,-0.31,-0.09,0.2,-55.42,-17.76,92.77
worker 1,2026-07-27 13:10:19.746,-0.66,-0.46,0.38,-70.31,1.53,112.61
worker 1,2026-07-27 13:10:19.864,-0.66,-0.46,0.38,-70.31,1.53,112.61
worker 1,2026-07-27 13:10:19.865,-1.03,-0.73,0.83,-95.15,56.52,90.15
worker 1,2026-07-27 13:10:19.865,-1.03,-0.73,0.83,-136.05,128.85,60.24
worker 1,2026-07-27 13:10:20.105,-1.28,-0.84,1.47,-136.05,128.85,60.24
worker 1,2026-07-27 13:10:20.105,-1.28,-0.99,2.1,-188.66,179.2,89.84
worker 1,2026-07-27 13:10:20.106,-1.02,-1.31,2.67,-203.37,211.24,169.13
worker 1,2026-07-27 13:10:20.106,-0.58,-1.54,2.98,-139.89,243.77,197.51
worker 1,2026-07-27 13:10:20.106,0.02,-1.37,2.89,-35.95,261.66,133.61
worker 1,2026-07-27 13:10:20.107,0.02,-1.37,2.89,-35.95,261.66,133.61
worker 1,2026-07-27 13:10:20.107,1.0,-0.86,2.57,30.46,244.32,39.67
worker 1,2026-07-27 13:10:20.108,1.83,-0.32,1.89,57.74,179.5,-35.77
worker 1,2026-07-27 13:10:20.109,1.73,-0.04,0.73,87.59,60.0,-85.94
worker 1,2026-07-27 13:10:20.110,1.73,-0.04,0.73,87.59,60.0,-85.94
worker 1,2026-07-27 13:10:20.110,1.03,0.09,-0.46,109.44,-64.94,-121.83
worker 1,2026-07-27 13:10:20.112,0.54,0.22,-1.1,121.15,-124.82,-165.16
worker 1,2026-07-27 13:10:20.113,0.39,0.2,-1.05,142.88,-127.08,-202.09
worker 1,2026-07-27 13:10:20.113,0.46,-0.01,-0.49,152.28,-122.62,-198.61
worker 1,2026-07-27 13:10:20.114,0.94,0.02,0.62,120.61,-121.58,-162.05
worker 1,2026-07-27 13:10:20.114,1.95,0.53,2.39,78.19,-120.3,-125.31
worker 1,2026-07-27 13:10:20.115,1.95,0.53,2.39,78.19,-120.3,-125.31
worker 1,2026-07-27 13:10:20.116,2.33,0.81,3.93,83.31,-166.02,-69.34
worker 1,2026-07-27 13:10:20.118,1.1,0.48,4.0,147.09,-287.96,26.43
worker 1,2026-07-27 13:10:20.119,1.1,0.48,4.0,147.09,-287.96,26.43
worker 1,2026-07-27 13:10:20.119,-0.72,-0.04,3.57,222.23,-398.25,112.18
worker 1,2026-07-27 13:10:20.119,-1.67,-0.46,1.84,253.54,-420.84,161.62
worker 1,2026-07-27 13:10:20.120,-1.43,-0.55,0.31,219.36,-353.33,165.95
worker 1,2026-07-27 13:10:20.120,-0.76,-0.37,-0.31,168.03,-219.54,108.58
worker 1,2026-07-27 13:10:20.121,-0.76,-0.37,-0.31,168.03,-219.54,108.58
worker 1,2026-07-27 13:10:20.121,-0.56,-0.18,-0.2,130.13,-108.76,37.48
worker 1,2026-07-27 13:10:20.123,-0.56,-0.18,-0.2,130.13,-108.76,37.48
worker 1,2026-07-27 13:10:20.123,-0.89,-0.1,0.23,75.32,-67.93,1.4
worker 1,2026-07-27 13:10:20.127,-1.2,-0.09,0.57,24.72,-28.26,-14.47
worker 1,2026-07-27 13:10:20.128,-1.2,-0.09,0.57,18.25,52.73,-24.72
worker 1,2026-07-27 13:10:20.128,-1.1,-0.27,0.69,18.25,52.73,-24.72
worker 1,2026-07-27 13:10:20.128,-0.65,-0.79,1.04,19.65,147.03,-9.89
worker 1,2026-07-27 13:10:20.129,-0.65,-0.79,1.04,19.65,147.03,-9.89
worker 1,2026-07-27 13:10:20.129,0.25,-1.16,2.23,-48.89,258.73,18.01
worker 1,2026-07-27 13:10:20.163,1.47,-0.89,3.65,-161.01,395.02,3.72
worker 1,2026-07-27 13:10:20.164,1.47,-0.89,3.65,-161.01,395.02,3.72
worker 1,2026-07-27 13:10:20.165,2.05,-0.2,3.98,-209.23,458.07,-42.85
worker 1,2026-07-27 13:10:20.165,1.82,0.38,2.98,-192.99,402.16,-68.3
worker 1,2026-07-27 13:10:20.224,1.82,0.38,2.98,-192.99,402.16,-68.3
worker 1,2026-07-27 13:10:20.224,1.44,0.64,1.7,-185.55,342.47,-89.23
worker 1,2026-07-27 13:10:20.225,1.44,0.64,1.7,-185.55,342.47,-89.23
worker 1,2026-07-27 13:10:20.404,1.28,0.81,0.83,-182.31,316.53,-118.47
worker 1,2026-07-27 13:10:20.464,1.35,0.73,0.14,-121.58,226.68,-110.84
worker 1,2026-07-27 13:10:20.467,1.35,0.73,0.14,-121.58,226.68,-110.84
worker 1,2026-07-27 13:10:20.763,1.37,0.42,-0.48,-13.37,54.02,-90.45
worker 1,2026-07-27 13:10:21.005,1.15,0.22,-0.78,66.28,-100.65,-111.69
worker 1,2026-07-27 13:10:21.126,1.15,0.22,-0.78,66.28,-100.65,-111.69
worker 1,2026-07-27 13:10:21.127,0.85,0.19,-0.56,87.46,-170.04,-151.86
worker 1,2026-07-27 13:10:21.127,0.9,0.38,0.06,103.45,-171.94,-192.08
worker 1,2026-07-27 13:10:21.128,1.93,0.86,1.47,146.3,-143.55,-209.11
worker 1,2026-07-27 13:10:21.129,2.95,1.01,3.32,169.74,-147.77,-142.46
worker 1,2026-07-27 13:10:21.129,2.17,0.26,4.0,203.0,-272.95,9.52
worker 1,2026-07-27 13:10:21.130,0.25,-0.7,3.28,245.42,-448.73,162.23
worker 1,2026-07-27 13:10:21.130,-1.16,-0.99,1.43,236.02,-499.33,201.54
worker 1,2026-07-27 13:10:21.131,-1.16,-0.99,1.43,236.02,-499.33,201.54
worker 1,2026-07-27 13:10:21.131,-1.49,-0.75,-0.06,216.31,-379.94,115.97
worker 1,2026-07-27 13:10:21.131,-1.49,-0.75,-0.06,199.34,-168.33,21.79
worker 1,2026-07-27 13:10:21.131,-1.15,-0.4,-0.53,199.34,-168.33,21.79
worker 1,2026-07-27 13:10:21.132,-0.84,-0.15,-0.26,152.89,12.88,-8.54
worker 1,2026-07-27 13:10:21.133,-0.84,-0.15,-0.26,152.89,12.88,-8.54
worker 1,2026-07-27 13:10:21.133,-0.82,-0.03,0.19,79.53,97.9,8.97
worker 1,2026-07-27 13:10:21.134,-0.92,-0.04,0.55,-5.86,123.66,34.91
worker 1,2026-07-27 13:10:21.135,-1.01,-0.27,0.72,-80.26,146.61,47.18
worker 1,2026-07-27 13:10:21.135,-1.24,-0.67,1.16,-125.73,218.44,29.72
worker 1,2026-07-27 13:10:21.137,-1.24,-0.67,1.16,-125.73,218.44,29.72
worker 1,2026-07-27 13:10:21.138,-0.77,-1.34,2.51,-175.96,418.58,-5.86
worker 1,2026-07-27 13:10:21.139,0.59,-1.81,3.89,-188.9,625.12,-30.76
worker 1,2026-07-27 13:10:21.140,0.59,-1.81,3.89,-188.9,625.12,-30.76
worker 1,2026-07-27 13:10:21.140,1.23,-1.41,4.0,-88.5,587.83,-22.77
worker 1,2026-07-27 13:10:21.140,1.16,-0.59,3.08,15.44,373.29,36.99
worker 1,2026-07-27 13:10:21.141,1.16,-0.59,3.08,15.44,373.29,36.99
worker 1,2026-07-27 13:10:21.147,1.48,0.19,1.69,28.2,248.05,49.62
worker 1,2026-07-27 13:10:21.307,1.48,0.19,1.69,14.65,262.7,-47.79
worker 1,2026-07-27 13:10:21.307,2.06,0.59,0.64,14.65,262.7,-47.79
worker 1,2026-07-27 13:10:21.308,2.29,0.46,-0.05,7.26,252.56,-139.53
worker 1,2026-07-27 13:10:21.309,1.99,0.27,-0.5,3.42,135.44,-179.87
worker 1,2026-07-27 13:10:21.309,1.36,0.21,-0.61,14.4,-20.69,-221.25
worker 1,2026-07-27 13:10:21.373,1.36,0.21,-0.61,14.4,-20.69,-221.25
worker 1,2026-07-27 13:10:21.544,0.48,-0.05,-0.07,85.63,-194.03,-283.39
worker 1,2026-07-27 13:10:21.544,1.22,-0.08,1.23,103.03,-182.92,-248.05
worker 1,2026-07-27 13:10:21.545,1.22,-0.08,1.23,103.03,-182.92,-248.05
worker 1,2026-07-27 13:10:21.546,2.18,0.1,3.15,134.83,-133.79,-194.34
worker 1,2026-07-27 13:10:21.546,2.05,0.05,4.0,209.47,-177.06,-73.0
worker 1,2026-07-27 13:10:21.546,1.16,-0.52,3.83,241.64,-351.07,146.55
worker 1,2026-07-27 13:10:21.723,0.27,-1.03,2.34,178.83,-482.85,263.85
worker 1,2026-07-27 13:10:21.724,0.27,-1.03,2.34,178.83,-482.85,263.85
worker 1,2026-07-27 13:10:21.724,-0.36,-0.91,0.76,90.64,-453.67,155.15
worker 1,2026-07-27 13:10:21.724,-0.7,-0.43,-0.15,61.77,-300.35,-53.47
worker 1,2026-07-27 13:10:21.726,-0.88,-0.0,-0.39,100.52,-114.26,-202.5
worker 1,2026-07-27 13:10:21.727,-1.03,0.17,-0.24,136.17,26.0,-212.95
worker 1,2026-07-27 13:10:21.784,-1.03,0.17,-0.24,136.17,26.0,-212.95
worker 1,2026-07-27 13:10:21.785,-1.16,0.07,0.14,125.37,102.05,-106.69
worker 1,2026-07-27 13:10:21.845,-1.16,0.07,0.14,125.37,102.05,-106.69
worker 1,2026-07-27 13:10:21.845,-1.23,-0.19,0.55,85.63,141.54,20.14
worker 1,2026-07-27 13:10:21.845,-1.24,-0.52,0.73,53.16,183.11,83.31
worker 1,2026-07-27 13:10:22.084,-1.24,-0.52,0.73,53.16,183.11,83.31
worker 1,2026-07-27 13:10:22.323,-1.15,-1.07,1.31,5.49,269.78,80.99
worker 1,2026-07-27 13:10:22.623,-1.15,-1.07,1.31,5.49,269.78,80.99
worker 1,2026-07-27 13:10:22.623,-0.12,-1.64,2.79,-123.17,434.2,54.5
worker 1,2026-07-27 13:10:22.624,-0.12,-1.64,2.79,-123.17,434.2,54.5
worker 1,2026-07-27 13:10:22.624,1.4,-1.32,4.0,-220.46,552.19,-5.31
worker 1,2026-07-27 13:10:22.624,1.78,-0.16,3.7,-184.14,458.44,-70.01
worker 1,2026-07-27 13:10:22.626,1.78,-0.16,3.7,-184.14,458.44,-70.01
worker 1,2026-07-27 13:10:23.104,1.3,0.72,2.19,-123.17,245.97,-69.15
worker 1,2026-07-27 13:10:24.246,1.3,0.72,2.19,-123.17,245.97,-69.15
worker 1,2026-07-27 13:10:24.247,0.95,0.91,0.73,-105.47,121.46,-43.21
worker 1,2026-07-27 13:10:24.247,0.99,0.36,-0.41,-52.0,103.88,-28.44
worker 1,2026-07-27 13:10:24.247,0.99,0.07,-0.67,-16.05,2.2,11.9
worker 1,2026-07-27 13:10:24.248,0.99,0.07,-0.67,-16.05,2.2,11.9
worker 1,2026-07-27 13:10:24.248,0.84,-0.14,-0.9,-12.21,-150.21,49.93
worker 1,2026-07-27 13:10:24.248,0.55,-0.32,-0.9,-47.06,-251.89,26.25
worker 1,2026-07-27 13:10:24.249,0.75,-0.31,-0.24,-68.36,-218.38,-98.57
worker 1,2026-07-27 13:10:24.250,0.75,-0.31,-0.24,-33.75,-59.08,-258.06
worker 1,2026-07-27 13:10:24.250,2.13,-0.17,1.69,-33.75,-59.08,-258.06
worker 1,2026-07-27 13:10:24.251,2.96,0.3,3.76,72.27,27.47,-347.6
worker 1,2026-07-27 13:10:24.252,1.69,0.56,4.0,227.29,-110.23,-244.02
worker 1,2026-07-27 13:10:24.253,1.69,0.56,4.0,227.29,-110.23,-244.02
worker 1,2026-07-27 13:10:24.253,-0.22,-0.05,3.45,296.94,-328.67,28.14
worker 1,2026-07-27 13:10:24.303,-0.22,-0.05,3.45,242.86,-431.21,205.02
worker 1,2026-07-27 13:10:24.429,-1.28,-0.74,1.79,242.86,-431.21,205.02
worker 1,2026-07-27 13:10:24.430,-1.29,-0.93,0.48,189.15,-368.77,173.16
worker 1,2026-07-27 13:10:24.431,-0.86,-0.78,0.06,200.26,-209.9,40.71
worker 1,2026-07-27 13:10:24.432,-0.86,-0.78,0.06,200.26,-209.9,40.71
worker 1,2026-07-27 13:10:24.432,-0.63,-0.63,0.14,249.69,-60.85,-94.06
worker 1,2026-07-27 13:10:24.432,-0.69,-0.57,0.14,278.81,16.36,-164.49
worker 1,2026-07-27 13:10:24.433,-0.69,-0.57,0.14,278.81,16.36,-164.49
worker 1,2026-07-27 13:10:24.498,-0.82,-0.59,-0.07,232.54,35.64,-141.6
worker 1,2026-07-27 13:10:24.500,-0.82,-0.59,-0.07,232.54,35.64,-141.6
worker 1,2026-07-27 13:10:24.500,-0.88,-0.75,-0.15,112.24,67.14,-67.81
worker 1,2026-07-27 13:10:24.611,-0.88,-0.75,-0.15,112.24,67.14,-67.81
worker 1,2026-07-27 13:10:24.611,-0.98,-0.89,0.72,-42.11,191.41,-29.6
worker 1,2026-07-27 13:10:24.612,-0.98,-0.89,0.72,-42.11,191.41,-29.6
worker 1,2026-07-27 13:10:24.614,-0.98,-0.89,0.72,-42.11,191.41,-29.6
worker 1,2026-07-27 13:10:24.615,-0.98,-0.89,0.72,-42.11,191.41,-29.6
worker 1,2026-07-27 13:10:24.615,-0.53,1.65,4.0,-274.17,580.44,-333.62
worker 1,2026-07-27 13:10:24.615,0.03,2.43,3.57,-215.45,463.44,-378.91
worker 1,2026-07-27 13:10:24.616,0.4,1.89,1.92,-146.97,236.39,-228.7
worker 1,2026-07-27 13:10:24.616,0.56,1.24,0.63,-110.96,109.25,-140.75
worker 1,2026-07-27 13:10:24.617,0.56,1.24,0.63,-110.96,109.25,-140.75
worker 1,2026-07-27 13:10:24.617,0.72,0.98,0.13,-93.87,72.75,-167.24
worker 1,2026-07-27 13:10:24.617,0.92,0.84,0.07,-83.44,30.7,-161.25
worker 1,2026-07-27 13:10:24.618,0.96,0.55,-0.07,-34.24,-75.93,-89.72
worker 1,2026-07-27 13:10:24.619,0.96,0.55,-0.07,-34.24,-75.93,-89.72
worker 1,2026-07-27 13:10:24.619,0.75,0.12,-0.31,22.46,-204.71,-5.49
worker 1,2026-07-27 13:10:24.663,0.75,0.12,-0.31,22.46,-204.71,-5.49
worker 1,2026-07-27 13:10:24.663,0.57,-0.27,-0.16,20.57,-257.39,50.05
worker 1,2026-07-27 13:10:24.665,0.74,-0.51,1.19,-18.19,-195.74,57.86
worker 1,2026-07-27 13:10:24.666,0.68,-0.61,2.99,-27.89,-80.57,42.24
worker 1,2026-07-27 13:10:24.666,-0.1,-0.59,3.05,-16.54,-41.26,33.87
worker 1,2026-07-27 13:10:24.667,-0.89,-0.6,1.39,-25.7,-75.5,64.39
worker 1,2026-07-27 13:10:24.723,-0.89,-0.6,1.39,-25.7,-75.5,64.39
worker 1,2026-07-27 13:10:25.024,-1.09,-0.5,-0.15,-35.28,-51.94,80.14
worker 1,2026-07-27 13:10:25.024,-0.89,-0.12,-0.58,6.84,66.28,8.0
worker 1,2026-07-27 13:10:25.025,0.62,-0.2,1.16,66.04,142.21,-93.75
worker 1,2026-07-27 13:10:25.025,0.46,-0.62,0.74,54.26,98.08,-158.51
worker 1,2026-07-27 13:10:25.026,0.46,-0.62,0.74,54.26,98.08,-158.51
worker 1,2026-07-27 13:10:25.026,0.31,-0.44,0.52,102.78,68.42,-284.06
worker 1,2026-07-27 13:10:25.027,-0.05,0.04,0.3,64.94,73.61,-345.15
worker 1,2026-07-27 13:10:25.027,-0.32,0.34,0.08,-58.35,54.81,-273.13
worker 1,2026-07-27 13:10:25.028,-0.3,0.12,0.25,-130.68,8.0,-144.1
worker 1,2026-07-27 13:10:25.031,-0.35,-0.53,0.93,-141.17,-25.51,-19.47
worker 1,2026-07-27 13:10:25.031,-0.45,-1.31,1.75,-179.81,-52.06,93.51
worker 1,2026-07-27 13:10:25.031,-0.5,-1.72,1.97,-218.08,-69.03,132.45
worker 1,2026-07-27 13:10:25.032,-0.5,-1.72,1.97,-218.08,-69.03,132.45
worker 1,2026-07-27 13:10:25.032,-0.39,-1.45,1.6,-168.95,-78.67,68.85
worker 1,2026-07-27 13:10:25.033,0.05,-0.85,1.06,-34.0,-118.96,-36.5
worker 1,2026-07-27 13:10:25.034,0.43,-0.25,0.48,119.02,-162.41,-127.5
worker 1,2026-07-27 13:10:25.035,0.43,-0.25,0.48,119.02,-162.41,-127.5
worker 1,2026-07-27 13:10:25.035,0.3,0.09,-0.05,167.36,-158.81,-127.44
worker 1,2026-07-27 13:10:25.039,0.3,0.09,-0.05,167.36,-158.81,-127.44
worker 1,2026-07-27 13:10:25.039,-0.1,0.17,-0.29,111.39,-118.84,-22.28
worker 1,2026-07-27 13:10:25.040,-0.1,0.17,-0.29,111.39,-118.84,-22.28
worker 1,2026-07-27 13:10:25.040,-0.18,0.2,-0.05,42.6,-65.37,123.05
worker 1,2026-07-27 13:10:25.040,0.1,-0.06,0.61,-60.73,-29.36,232.24
worker 1,2026-07-27 13:10:25.041,0.1,-0.06,0.61,-60.73,-29.36,232.24
worker 1,2026-07-27 13:10:25.041,0.31,-0.61,1.17,-180.42,-55.11,236.02
worker 1,2026-07-27 13:10:25.041,0.28,-0.96,1.35,-220.28,-83.92,156.86
worker 1,2026-07-27 13:10:25.144,0.28,-0.96,1.35,-220.28,-83.92,156.86
worker 1,2026-07-27 13:10:25.144,0.23,-1.2,1.18,-211.18,-55.18,103.58
worker 1,2026-07-27 13:10:25.145,0.02,-1.36,0.62,-191.89,-5.25,81.12
worker 1,2026-07-27 13:10:25.145,-0.37,-1.25,-0.06,-74.65,40.59,26.37
worker 1,2026-07-27 13:10:25.149,-0.37,-1.25,-0.06,-74.65,40.59,26.37
worker 1,2026-07-27 13:10:25.149,-0.57,-0.76,-0.23,86.79,73.49,-64.51
worker 1,2026-07-27 13:10:25.149,-0.47,-0.29,0.06,72.08,120.73,-83.01
worker 1,2026-07-27 13:10:25.266,-0.13,-0.27,0.27,-106.87,158.94,21.97
worker 1,2026-07-27 13:10:25.266,0.19,-0.39,0.34,-203.49,152.22,94.6
worker 1,2026-07-27 13:10:25.266,0.39,-0.54,0.23,-172.73,118.35,49.68
worker 1,2026-07-27 13:10:25.325,0.27,-0.85,0.03,-128.05,95.4,-33.69
worker 1,2026-07-27 13:10:25.684,-0.07,-1.45,-0.08,-84.47,91.8,-70.74
worker 1,2026-07-27 13:10:25.803,-0.11,-2.23,-0.11,-2.01,163.76,-84.66
worker 1,2026-07-27 13:10:25.804,-0.11,-2.23,-0.11,-2.01,163.76,-84.66
worker 1,2026-07-27 13:10:25.804,0.02,-2.65,-0.03,112.55,314.76,-138.73
worker 1,2026-07-27 13:10:25.805,0.04,-2.19,0.06,113.83,338.75,-191.1
worker 1,2026-07-27 13:10:25.805,0.16,-1.16,0.02,-26.98,173.4,-155.27
worker 1,2026-07-27 13:10:25.806,0.16,-1.16,0.02,-26.98,173.4,-155.27
worker 1,2026-07-27 13:10:25.865,0.22,-0.25,-0.01,-133.54,-23.07,-41.99
worker 1,2026-07-27 13:10:26.224,0.22,-0.25,-0.01,-133.54,-23.07,-41.99
worker 1,2026-07-27 13:10:26.224,0.15,0.13,0.12,-129.39,-134.77,84.11
worker 1,2026-07-27 13:10:26.225,0.17,0.13,0.26,-78.74,-160.77,132.14
worker 1,2026-07-27 13:10:26.229,0.2,0.03,0.24,-20.08,-163.15,63.66
worker 1,2026-07-27 13:10:26.229,0.3,-0.37,0.21,37.05,-170.84,-25.82
worker 1,2026-07-27 13:10:26.230,0.3,-0.37,0.21,37.05,-170.84,-25.82
worker 1,2026-07-27 13:10:26.230,0.09,-1.22,0.04,91.37,-125.24,-33.81
worker 1,2026-07-27 13:10:26.230,-0.42,-1.97,0.01,128.6,0.67,5.0
worker 1,2026-07-27 13:10:26.230,-0.7,-2.09,0.4,99.67,115.23,7.87
worker 1,2026-07-27 13:10:26.231,-0.7,-2.09,0.4,99.67,115.23,7.87
worker 1,2026-07-27 13:10:26.232,-0.56,-1.78,0.53,62.19,141.05,-35.58
worker 1,2026-07-27 13:10:26.232,-0.16,-1.32,0.34,53.1,123.6,-56.4
worker 1,2026-07-27 13:10:26.233,0.09,-0.79,0.11,49.13,102.42,-19.71
worker 1,2026-07-27 13:10:26.233,0.13,-0.3,-0.03,93.32,46.39,42.54
worker 1,2026-07-27 13:10:26.234,0.15,-0.03,-0.1,120.61,11.6,78.67
worker 1,2026-07-27 13:10:26.235,0.15,-0.03,-0.1,120.61,11.6,78.67
worker 1,2026-07-27 13:10:26.236,0.29,-0.06,0.0,45.41,37.35,52.98
worker 1,2026-07-27 13:10:26.236,0.4,-0.27,0.3,-21.18,32.96,-1.89
worker 1,2026-07-27 13:10:26.237,0.4,-0.27,0.3,-21.18,32.96,-1.89
worker 1,2026-07-27 13:10:26.245,0.24,-0.87,0.73,27.71,-74.22,-47.42
worker 1,2026-07-27 13:10:26.246,0.23,-1.75,1.06,106.81,-210.08,-55.97
worker 1,2026-07-27 13:10:26.246,0.36,-2.21,1.06,86.98,-194.95,-52.12
worker 1,2026-07-27 13:10:26.346,0.36,-2.21,1.06,-12.94,0.73,-60.18
worker 1,2026-07-27 13:10:26.952,0.27,-2.0,0.69,-12.94,0.73,-60.18
worker 1,2026-07-27 13:10:26.952,0.07,-1.28,0.26,-51.51,179.32,-93.69
worker 1,2026-07-27 13:10:26.952,0.02,-0.46,0.27,4.82,183.41,-149.11
worker 1,2026-07-27 13:10:27.005,0.02,-0.46,0.27,4.82,183.41,-149.11
worker 1,2026-07-27 13:10:27.006,0.16,0.12,0.44,67.14,69.46,-145.02
worker 1,2026-07-27 13:10:27.007,0.17,0.34,0.3,103.33,-39.79,-77.82
worker 1,2026-07-27 13:10:27.007,0.04,0.24,0.11,118.04,-92.41,-19.53
worker 1,2026-07-27 13:10:27.007,0.29,0.03,0.3,100.34,-82.15,6.77
worker 1,2026-07-27 13:10:27.008,0.29,0.03,0.3,100.34,-82.15,6.77
worker 1,2026-07-27 13:10:27.008,0.53,-0.79,0.69,42.6,-18.92,-2.26
worker 1,2026-07-27 13:10:27.008,0.25,-1.58,1.16,-26.06,4.82,-29.17
worker 1,2026-07-27 13:10:27.008,-0.03,-1.56,1.48,-55.24,-7.93,-55.48
worker 1,2026-07-27 13:10:27.009,-0.03,-1.56,1.48,-55.24,-7.93,-55.48
worker 1,2026-07-27 13:10:27.010,0.1,-1.28,1.28,-32.65,25.51,-53.41
worker 1,2026-07-27 13:10:27.010,0.34,-0.9,0.91,3.72,73.43,-18.62
worker 1,2026-07-27 13:10:27.012,0.34,-0.9,0.91,3.72,73.43,-18.62
worker 1,2026-07-27 13:10:27.012,0.4,-0.52,0.72,5.55,93.44,12.94
worker 1,2026-07-27 13:10:27.013,0.4,-0.52,0.72,5.55,93.44,12.94
worker 1,2026-07-27 13:10:27.014,0.4,-0.52,0.72,5.55,93.44,12.94
worker 1,2026-07-27 13:10:27.014,0.44,-0.12,0.33,-219.48,77.27,66.35
worker 1,2026-07-27 13:10:27.016,0.47,-0.09,0.03,-295.9,22.52,44.86
worker 1,2026-07-27 13:10:27.016,0.35,-0.24,0.06,-182.07,1.22,10.93
worker 1,2026-07-27 13:10:27.016,0.27,-0.66,0.41,-8.85,4.09,5.13
worker 1,2026-07-27 13:10:27.018,0.27,-0.66,0.41,-8.85,4.09,5.13
worker 1,2026-07-27 13:10:27.018,0.29,-1.33,0.72,85.75,21.12,53.77
worker 1,2026-07-27 13:10:27.064,0.1,-1.8,0.68,80.32,58.23,76.84
worker 1,2026-07-27 13:10:27.065,-0.1,-1.75,0.51,21.73,64.45,-7.32
worker 1,2026-07-27 13:10:27.124,-0.1,-1.75,0.51,21.73,64.45,-7.32
worker 1,2026-07-27 13:10:27.124,-0.05,-1.39,0.41,-29.72,33.87,-87.4
worker 1,2026-07-27 13:10:27.125,-0.05,-1.39,0.41,-29.72,33.87,-87.4
worker 1,2026-07-27 13:10:27.373,-0.02,-0.86,0.13,-31.43,-0.37,-80.02
worker 1,2026-07-27 13:10:27.374,-0.02,-0.86,0.13,-31.43,-0.37,-80.02
worker 1,2026-07-27 13:10:27.375,-0.07,-0.37,-0.15,-7.81,-38.27,-17.4
worker 1,2026-07-27 13:10:27.375,0.04,-0.23,0.04,-2.5,-67.02,45.23
worker 1,2026-07-27 13:10:27.376,0.18,-0.4,0.32,-11.17,-61.95,59.33
worker 1,2026-07-27 13:10:27.376,0.17,-0.64,0.35,-13.55,-37.72,27.89
worker 1,2026-07-27 13:10:27.377,0.17,-0.64,0.35,-13.55,-37.72,27.89
worker 1,2026-07-27 13:10:27.377,0.27,-1.07,0.39,-1.71,1.65,3.11
worker 1,2026-07-27 13:10:27.424,0.27,-1.07,0.39,30.4,81.3,8.97
worker 1,2026-07-27 13:10:27.424,0.24,-1.43,0.33,30.4,81.3,8.97
worker 1,2026-07-27 13:10:27.424,-0.03,-1.32,0.18,37.23,125.06,-11.05
worker 1,2026-07-27 13:10:27.484,-0.03,-1.32,0.18,37.23,125.06,-11.05
worker 1,2026-07-27 13:10:27.484,-0.23,-1.1,0.18,-24.29,73.06,-45.47
worker 1,2026-07-27 13:10:27.485,-0.23,-1.1,0.18,-24.29,73.06,-45.47
worker 1,2026-07-27 13:10:27.544,-0.32,-1.06,0.21,-89.42,21.67,-38.39
worker 1,2026-07-27 13:10:27.544,-0.32,-1.06,0.21,-89.11,19.84,-7.02
worker 1,2026-07-27 13:10:27.609,-0.28,-0.99,0.2,-89.11,19.84,-7.02
worker 1,2026-07-27 13:10:27.609,-0.15,-0.96,0.24,-48.34,21.67,10.99
worker 1,2026-07-27 13:10:27.610,-0.15,-0.96,0.24,-48.34,21.67,10.99
worker 1,2026-07-27 13:10:27.671,0.08,-0.94,0.23,-21.91,14.71,22.71
worker 1,2026-07-27 13:10:27.785,0.32,-0.78,0.15,-14.89,41.5,14.04
worker 1,2026-07-27 13:10:27.785,0.25,-0.58,0.11,-22.28,125.85,-23.93
worker 1,2026-07-27 13:10:27.786,0.15,-0.72,0.35,-45.59,258.85,4.94
worker 1,2026-07-27 13:10:27.787,0.22,-1.01,0.56,-52.0,336.85,64.45
worker 1,2026-07-27 13:10:27.904,0.22,-1.01,0.56,-52.0,336.85,64.45
worker 1,2026-07-27 13:10:27.905,0.14,-1.04,0.48,-26.86,246.77,36.87
worker 1,2026-07-27 13:10:27.905,0.03,-1.15,0.29,10.5,45.72,-16.24
worker 1,2026-07-27 13:10:27.906,0.02,-1.28,-0.05,45.1,-133.0,-21.18
worker 1,2026-07-27 13:10:27.966,0.02,-1.28,-0.05,45.1,-133.0,-21.18
worker 1,2026-07-27 13:10:27.967,-0.09,-1.25,-0.15,57.25,-183.35,-26.12
worker 1,2026-07-27 13:10:28.024,-0.16,-1.21,-0.18,43.09,-50.11,-74.22
worker 1,2026-07-27 13:10:28.084,-0.03,-1.18,-0.28,30.88,140.14,-99.12
worker 1,2026-07-27 13:10:28.084,0.01,-1.01,-0.14,23.56,216.43,-72.02
worker 1,2026-07-27 13:10:28.086,0.01,-1.01,-0.14,23.56,216.43,-72.02
worker 1,2026-07-27 13:10:28.145,-0.08,-0.74,0.11,8.18,197.51,-48.28
worker 1,2026-07-27 13:10:28.146,-0.08,-0.74,0.11,8.18,197.51,-48.28
worker 1,2026-07-27 13:10:28.204,-0.13,-0.58,0.19,-4.52,155.76,-30.4
worker 1,2026-07-27 13:10:28.205,-0.13,-0.58,0.19,-4.52,155.76,-30.4
worker 1,2026-07-27 13:10:28.205,-0.13,-0.58,0.17,-4.09,133.91,-0.31
worker 1,2026-07-27 13:10:28.264,-0.0,-0.7,0.19,2.08,146.48,31.01
worker 1,2026-07-27 13:10:28.264,0.16,-0.89,0.25,7.39,173.77,48.1
worker 1,2026-07-27 13:10:28.323,0.16,-0.89,0.25,7.39,173.77,48.1
worker 1,2026-07-27 13:10:28.324,-0.0,-1.02,0.36,15.69,174.32,30.33
worker 1,2026-07-27 13:10:28.386,-0.0,-1.02,0.36,15.69,174.32,30.33
worker 1,2026-07-27 13:10:28.386,-0.21,-1.12,0.32,21.67,139.89,-5.31
worker 1,2026-07-27 13:10:28.386,-0.21,-1.12,0.32,17.03,99.79,-22.03
worker 1,2026-07-27 13:10:28.444,-0.25,-1.04,0.07,17.03,99.79,-22.03
worker 1,2026-07-27 13:10:28.444,-0.35,-0.9,-0.02,1.46,53.83,-39.06
worker 1,2026-07-27 13:10:28.565,-0.42,-0.99,0.12,-23.19,8.67,-56.09
worker 1,2026-07-27 13:10:28.565,-0.33,-1.08,0.25,-37.66,-0.79,-36.32
worker 1,2026-07-27 13:10:28.626,-0.33,-1.08,0.25,-37.66,-0.79,-36.32
worker 1,2026-07-27 13:10:28.626,-0.23,-1.06,0.32,-26.37,55.6,4.46
worker 1,2026-07-27 13:10:28.626,-0.16,-1.02,0.36,-5.49,147.89,25.82
worker 1,2026-07-27 13:10:28.627,-0.16,-1.02,0.36,-5.49,147.89,25.82
worker 1,2026-07-27 13:10:28.688,-0.14,-0.96,0.36,6.77,205.26,21.61
worker 1,2026-07-27 13:10:28.689,-0.11,-0.89,0.35,6.35,201.54,13.06
worker 1,2026-07-27 13:10:28.811,-0.11,-0.89,0.35,6.35,201.54,13.06
worker 1,2026-07-27 13:10:28.812,-0.1,-0.83,0.4,-5.49,142.15,16.91
worker 1,2026-07-27 13:10:28.813,-0.11,-0.75,0.46,-16.97,48.46,37.11
worker 1,2026-07-27 13:10:28.813,-0.06,-0.75,0.43,-12.02,-29.6,64.09
worker 1,2026-07-27 13:10:28.864,0.1,-0.81,0.33,5.74,-44.62,70.5
worker 1,2026-07-27 13:10:29.051,0.33,-0.95,0.33,11.84,-2.56,46.87
worker 1,2026-07-27 13:10:29.052,0.25,-1.11,0.3,12.94,47.97,-65.31
worker 1,2026-07-27 13:10:29.052,0.25,-1.11,0.3,40.04,7.81,-115.84
worker 1,2026-07-27 13:10:29.053,-0.14,-1.3,0.23,40.04,7.81,-115.84
worker 1,2026-07-27 13:10:29.053,-0.22,-1.78,0.23,72.75,-20.02,-117.98
worker 1,2026-07-27 13:10:29.107,-0.08,-2.07,0.32,96.01,44.74,-94.42
worker 1,2026-07-27 13:10:29.108,-0.08,-2.07,0.32,92.35,129.52,-75.99
worker 1,2026-07-27 13:10:29.169,-0.06,-1.8,0.35,92.35,129.52,-75.99
worker 1,2026-07-27 13:10:29.169,-0.13,-1.31,0.18,55.73,88.44,-73.79
worker 1,2026-07-27 13:10:29.228,-0.13,-1.31,0.18,55.73,88.44,-73.79
worker 1,2026-07-27 13:10:29.228,-0.19,-0.77,-0.06,20.08,-55.36,-78.49
worker 1,2026-07-27 13:10:29.229,-0.19,-0.77,-0.06,20.08,-55.36,-78.49
worker 1,2026-07-27 13:10:29.343,-0.13,-0.11,-0.23,0.67,-193.79,-107.36
worker 1,2026-07-27 13:10:29.345,-0.13,-0.11,-0.23,-17.64,-245.97,-164.0
worker 1,2026-07-27 13:10:29.345,-0.05,0.37,-0.19,-17.64,-245.97,-164.06
worker 1,2026-07-27 13:10:29.346,0.12,0.21,-0.18,-29.6,-161.19,-139.53
worker 1,2026-07-27 13:10:29.406,0.15,-0.41,-0.2,-22.46,1.16,16.42
worker 1,2026-07-27 13:10:29.411,0.15,-0.41,-0.2,-22.46,1.16,16.42
worker 1,2026-07-27 13:10:29.412,-0.39,-0.83,0.0,1.65,154.97,161.5
worker 1,2026-07-27 13:10:29.474,-0.39,-0.83,0.0,1.65,154.97,161.5
worker 1,2026-07-27 13:10:29.474,-0.88,-1.25,0.01,-23.5,289.49,177.8
worker 1,2026-07-27 13:10:29.584,-0.99,-1.78,-0.23,-106.45,365.91,130.31
worker 1,2026-07-27 13:10:29.586,-0.64,-2.23,0.12,-150.39,288.27,73.49
worker 1,2026-07-27 13:10:29.586,0.03,-2.28,0.76,-142.21,156.92,23.68
worker 1,2026-07-27 13:10:29.587,0.47,-1.55,0.83,-115.05,96.19,6.59
worker 1,2026-07-27 13:10:29.643,0.47,-1.55,0.83,-115.05,96.19,6.59
worker 1,2026-07-27 13:10:29.644,0.54,-0.56,0.59,-85.02,22.22,-4.58
worker 1,2026-07-27 13:10:29.704,0.54,-0.56,0.59,-85.02,22.22,-4.58
worker 1,2026-07-27 13:10:29.704,0.36,0.14,0.43,-71.17,-81.12,-33.94
worker 1,2026-07-27 13:10:29.705,0.36,0.14,0.43,-71.17,-81.12,-33.94
worker 1,2026-07-27 13:10:29.764,0.24,0.21,0.35,-54.81,-80.51,-50.05
worker 1,2026-07-27 13:10:29.764,0.24,0.21,0.35,-5.8,8.06,-6.59
worker 1,2026-07-27 13:10:29.764,0.18,-0.36,0.15,-5.8,8.06,-6.59
worker 1,2026-07-27 13:10:29.824,0.04,-1.2,-0.07,63.72,6.84,31.56
worker 1,2026-07-27 13:10:29.825,0.04,-1.2,-0.07,63.72,6.84,31.56
worker 1,2026-07-27 13:10:29.884,-0.19,-1.95,-0.09,121.95,-99.0,2.93
worker 1,2026-07-27 13:10:29.944,-0.19,-1.95,-0.09,121.95,-99.0,2.93
worker 1,2026-07-27 13:10:29.944,-0.36,-2.5,-0.04,136.96,-157.53,-54.02
worker 1,2026-07-27 13:10:29.945,-0.36,-2.5,-0.04,136.96,-157.53,-54.02
worker 1,2026-07-27 13:10:29.945,-0.28,-2.32,0.04,94.3,-97.78,-110.23
worker 1,2026-07-27 13:10:30.003,-0.19,-1.37,0.07,40.28,1.77,-109.92
worker 1,2026-07-27 13:10:30.004,-0.19,-1.37,0.07,40.28,1.77,-109.92
worker 1,2026-07-27 13:10:30.004,-0.14,-0.38,-0.17,18.19,13.43,-51.82
worker 1,2026-07-27 13:10:30.067,-0.14,-0.38,-0.17,18.19,13.43,-51.82
worker 1,2026-07-27 13:10:30.067,-0.13,0.24,-0.47,17.64,-69.76,-39.49
worker 1,2026-07-27 13:10:30.123,-0.16,0.31,-0.46,15.75,-143.86,-91.19
worker 1,2026-07-27 13:10:30.124,0.14,-0.15,-0.3,10.68,-153.38,-91.0
worker 1,2026-07-27 13:10:30.188,0.14,-0.15,-0.3,10.68,-153.38,-91.0
worker 1,2026-07-27 13:10:30.188,-0.02,-1.02,0.0,19.1,-97.05,37.78
worker 1,2026-07-27 13:10:30.306,-0.68,-1.47,0.1,32.04,36.13,129.46
worker 1,2026-07-27 13:10:30.306,-0.87,-1.39,-0.36,-6.84,196.29,45.35
worker 1,2026-07-27 13:10:30.306,-0.85,-1.46,-0.71,-87.16,274.17,-13.55
worker 1,2026-07-27 13:10:30.307,-0.85,-1.46,-0.71,-87.16,274.17,-13.55
worker 1,2026-07-27 13:10:30.483,-0.53,-1.7,-0.28,-147.95,207.46,33.81
worker 1,2026-07-27 13:10:30.484,-0.53,-1.7,-0.28,-147.95,207.46,33.81
worker 1,2026-07-27 13:10:30.484,0.11,-1.72,0.55,-165.47,116.82,69.64
worker 1,2026-07-27 13:10:30.485,0.11,-1.72,0.55,-165.47,116.82,69.64
worker 1,2026-07-27 13:10:30.485,0.45,-1.11,0.88,-127.87,154.97,61.22
worker 1,2026-07-27 13:10:30.545,0.48,-0.43,0.56,-80.93,111.02,24.05
worker 1,2026-07-27 13:10:30.545,0.43,-0.11,0.07,-60.42,-79.22,-12.21
worker 1,2026-07-27 13:10:30.603,0.43,-0.11,0.07,-60.42,-79.22,-12.21
worker 1,2026-07-27 13:10:30.604,0.26,-0.17,0.06,-47.42,-166.81,-66.53
worker 1,2026-07-27 13:10:30.606,0.14,-0.79,0.3,-15.93,-134.03,-109.01
worker 1,2026-07-27 13:10:30.607,0.0,-1.62,0.17,67.93,-81.67,-55.73
worker 1,2026-07-27 13:10:30.723,0.0,-1.62,0.17,67.93,-81.67,-55.73
worker 1,2026-07-27 13:10:30.724,-0.18,-2.22,-0.07,190.0,35.52,43.15
worker 1,2026-07-27 13:10:30.725,-0.32,-2.24,0.04,235.47,173.16,48.77
worker 1,2026-07-27 13:10:30.725,-0.42,-1.62,0.27,148.44,111.45,-16.24
worker 1,2026-07-27 13:10:30.785,-0.41,-0.8,0.06,37.66,-118.23,-54.26
worker 1,2026-07-27 13:10:30.799,-0.41,-0.8,0.06,37.66,-118.23,-54.26
worker 1,2026-07-27 13:10:30.904,-0.35,-0.12,-0.36,-8.79,-295.72,-63.96
worker 1,2026-07-27 13:10:30.905,-0.35,-0.12,-0.36,-8.79,-295.72,-63.96
worker 1,2026-07-27 13:10:30.905,-0.3,0.11,-0.53,-16.85,-369.69,-77.82
worker 1,2026-07-27 13:10:30.906,-0.01,-0.15,-0.68,-15.2,-384.83,-97.29
worker 1,2026-07-27 13:10:30.963,0.12,-0.82,-0.46,15.56,-399.05,-51.15
worker 1,2026-07-27 13:10:30.964,0.12,-0.82,-0.46,15.56,-399.05,-51.15
worker 1,2026-07-27 13:10:30.964,-0.36,-1.25,0.1,37.35,-381.29,38.39
worker 1,2026-07-27 13:10:31.083,-0.36,-1.25,0.1,37.35,-381.29,38.39
worker 1,2026-07-27 13:10:31.084,-0.8,-1.17,0.33,-3.97,-157.53,26.79
worker 1,2026-07-27 13:10:31.084,-0.77,-1.31,-0.1,-74.4,224.0,-12.82
worker 1,2026-07-27 13:10:31.085,-0.39,-1.66,-0.53,-109.86,459.47,41.75
worker 1,2026-07-27 13:10:31.146,-0.39,-1.66,-0.53,-109.86,459.47,41.75
worker 1,2026-07-27 13:10:31.146,0.01,-1.7,-0.12,-91.13,443.24,115.11
worker 1,2026-07-27 13:10:31.204,0.19,-1.38,0.58,-64.27,327.21,131.59
worker 1,2026-07-27 13:10:31.212,0.2,-0.86,0.73,-64.21,182.86,90.45
worker 1,2026-07-27 13:10:31.263,0.2,-0.86,0.73,-64.21,182.86,90.45
worker 1,2026-07-27 13:10:31.264,0.28,-0.37,0.37,-68.24,14.1,37.11
worker 1,2026-07-27 13:10:31.265,0.28,-0.37,0.37,-68.24,14.1,37.11
worker 1,2026-07-27 13:10:31.324,0.47,-0.16,-0.02,-55.91,-111.63,14.53
worker 1,2026-07-27 13:10:31.394,0.52,-0.28,-0.14,-33.75,-144.1,2.01
worker 1,2026-07-27 13:10:31.394,0.23,-0.89,-0.02,-4.76,-118.47,-39.06
worker 1,2026-07-27 13:10:31.445,-0.15,-1.56,-0.09,42.79,-113.4,-78.55
worker 1,2026-07-27 13:10:31.447,-0.34,-1.93,-0.33,109.74,-96.37,-76.11
worker 1,2026-07-27 13:10:31.565,-0.34,-1.93,-0.33,109.74,-96.37,-76.11
worker 1,2026-07-27 13:10:31.565,-0.29,-2.02,-0.17,143.25,34.97,-65.37
worker 1,2026-07-27 13:10:31.566,-0.19,-1.59,0.2,114.56,176.27,-58.84
worker 1,2026-07-27 13:10:31.566,-0.28,-0.93,0.24,69.7,157.59,-22.71
worker 1,2026-07-27 13:10:31.683,-0.28,-0.93,0.24,69.7,157.59,-22.71
worker 1,2026-07-27 13:10:31.685,-0.37,-0.4,-0.01,32.17,20.26,32.96
worker 1,2026-07-27 13:10:31.685,-0.28,-0.19,-0.32,-7.81,-137.76,51.94
worker 1,2026-07-27 13:10:31.686,0.03,-0.35,-0.41,-39.73,-250.92,31.68
worker 1,2026-07-27 13:10:31.744,0.03,-0.35,-0.41,-39.73,-250.92,31.68
worker 1,2026-07-27 13:10:31.744,0.59,-0.88,-0.37,-45.35,-256.41,32.59
worker 1,2026-07-27 13:10:31.805,0.68,-1.14,-0.37,-23.62,-176.15,50.23
worker 1,2026-07-27 13:10:31.805,0.68,-1.14,-0.37,0.98,-121.52,11.11
worker 1,2026-07-27 13:10:31.865,-0.02,-0.89,-0.11,0.98,-121.52,11.11
worker 1,2026-07-27 13:10:31.865,-0.58,-1.05,0.19,4.94,-78.49,-60.73
worker 1,2026-07-27 13:10:31.866,-0.58,-1.05,0.19,4.94,-78.49,-60.73
worker 1,2026-07-27 13:10:31.987,-0.52,-1.33,-0.1,1.1,37.72,-69.15
worker 1,2026-07-27 13:10:31.988,-0.52,-1.33,-0.1,1.1,37.72,-69.15
worker 1,2026-07-27 13:10:31.989,-0.31,-1.16,-0.54,-3.05,97.05,-22.03
worker 1,2026-07-27 13:10:31.989,-0.24,-1.0,-0.53,-32.59,6.23,-7.14
worker 1,2026-07-27 13:10:32.044,-0.24,-1.0,-0.53,-65.37,-82.34,-14.65
worker 1,2026-07-27 13:10:32.045,-0.19,-0.95,-0.22,-65.37,-82.34,-14.65
worker 1,2026-07-27 13:10:32.046,-0.16,-0.92,0.09,-56.52,-52.86,22.28
worker 1,2026-07-27 13:10:32.104,-0.16,-0.92,0.09,-56.52,-52.86,22.28
worker 1,2026-07-27 13:10:32.105,-0.01,-0.92,0.22,-16.11,46.45,81.91
worker 1,2026-07-27 13:10:32.106,-0.01,-0.92,0.22,-16.11,46.45,81.91
worker 1,2026-07-27 13:10:32.167,0.15,-0.88,0.17,6.71,97.41,104.06
worker 1,2026-07-27 13:10:32.167,0.15,-0.88,0.17,-0.43,49.74,82.82
worker 1,2026-07-27 13:10:32.227,0.09,-0.86,0.03,-0.43,49.74,82.82
worker 1,2026-07-27 13:10:32.227,0.02,-0.92,-0.03,-10.99,-12.76,59.57
worker 1,2026-07-27 13:10:32.284,0.0,-1.02,0.1,-21.85,-28.14,48.83
worker 1,2026-07-27 13:10:32.285,0.0,-1.02,0.1,-21.85,-28.14,48.83
worker 1,2026-07-27 13:10:32.343,0.02,-1.13,0.22,-32.47,-32.41,43.09
worker 1,2026-07-27 13:10:32.344,0.02,-1.13,0.22,-32.47,-32.41,43.09
worker 1,2026-07-27 13:10:32.345,0.13,-1.23,0.19,-41.38,-63.42,31.92
worker 1,2026-07-27 13:10:32.404,0.23,-1.32,0.11,-56.95,-143.92,2.93
worker 1,2026-07-27 13:10:32.405,0.09,-1.28,-0.0,-67.38,-260.38,-40.83
worker 1,2026-07-27 13:10:32.473,0.09,-1.28,-0.0,-67.38,-260.38,-40.83
worker 1,2026-07-27 13:10:32.476,-0.29,-1.14,-0.13,-66.1,-360.35,-85.94
worker 1,2026-07-27 13:10:32.477,-0.29,-1.14,-0.13,-66.1,-360.35,-85.94
worker 1,2026-07-27 13:10:32.585,-0.57,-1.06,-0.17,-64.21,-357.36,-117.1
worker 1,2026-07-27 13:10:32.585,-0.5,-1.03,-0.13,-41.69,-178.34,-120.2
worker 1,2026-07-27 13:10:32.585,-0.33,-0.92,0.02,3.11,73.24,-98.02
worker 1,2026-07-27 13:10:32.586,-0.33,-0.92,0.02,3.11,73.24,-98.02
worker 1,2026-07-27 13:10:32.644,-0.32,-0.82,0.14,43.09,217.29,-59.02
worker 1,2026-07-27 13:10:32.824,-0.35,-0.78,0.05,67.63,191.41,-16.85
worker 1,2026-07-27 13:10:32.824,-0.35,-0.72,-0.22,70.43,50.9,0.12
worker 1,2026-07-27 13:10:32.825,-0.35,-0.72,-0.22,70.43,50.9,0.12
worker 1,2026-07-27 13:10:32.825,-0.35,-0.61,-0.41,55.3,-76.84,-10.44
worker 1,2026-07-27 13:10:32.826,-0.24,-0.62,-0.36,39.61,-104.86,-10.62
worker 1,2026-07-27 13:10:32.826,-0.02,-0.83,-0.16,29.72,-52.06,17.52
worker 1,2026-07-27 13:10:32.890,0.23,-1.13,-0.06,14.53,0.18,53.1
worker 1,2026-07-27 13:10:32.892,0.23,-1.13,-0.06,14.53,0.18,53.1
worker 1,2026-07-27 13:10:32.892,0.3,-1.16,-0.09,-7.14,-1.1,62.93
worker 1,2026-07-27 13:10:33.063,0.3,-1.16,-0.09,-7.14,-1.1,62.93
worker 1,2026-07-27 13:10:33.064,0.11,-1.25,0.19,-20.51,-25.94,38.64
worker 1,2026-07-27 13:10:33.065,0.11,-1.25,0.19,-20.51,-25.94,38.64
worker 1,2026-07-27 13:10:33.065,-0.16,-1.42,0.36,-10.8,1.65,15.14
worker 1,2026-07-27 13:10:33.065,-0.31,-0.98,0.03,19.1,86.43,14.95
worker 1,2026-07-27 13:10:33.066,-0.39,-0.55,-0.25,13.37,154.36,-13.37
worker 1,2026-07-27 13:10:33.124,-0.49,-0.72,-0.31,-43.03,141.36,-61.4
worker 1,2026-07-27 13:10:33.183,-0.26,-1.01,-0.23,-78.92,29.72,-54.75
worker 1,2026-07-27 13:10:33.185,-0.03,-1.08,-0.15,-58.78,-59.57,-5.49
worker 1,2026-07-27 13:10:33.244,-0.08,-0.99,-0.13,-16.97,-41.02,37.17
worker 1,2026-07-27 13:10:33.304,-0.12,-0.92,-0.12,5.25,21.42,48.4
worker 1,2026-07-27 13:10:33.305,-0.12,-0.87,-0.07,7.39,63.29,41.02
worker 1,2026-07-27 13:10:33.424,-0.12,-0.87,-0.07,2.44,57.56,39.0
worker 1,2026-07-27 13:10:33.426,-0.08,-0.86,-0.05,2.44,57.56,39.0
worker 1,2026-07-27 13:10:33.426,-0.06,-0.88,-0.04,-7.32,26.86,40.41
worker 1,2026-07-27 13:10:33.428,-0.06,-0.88,-0.04,-7.32,26.86,40.41
worker 1,2026-07-27 13:10:33.428,-0.04,-0.92,0.01,-18.86,3.42,38.94
worker 1,2026-07-27 13:10:33.483,0.03,-1.0,0.05,-25.51,6.59,38.94
worker 1,2026-07-27 13:10:33.544,0.03,-1.0,0.05,-25.51,6.59,38.94
worker 1,2026-07-27 13:10:33.544,0.22,-1.14,0.08,-26.18,33.39,38.64
worker 1,2026-07-27 13:10:33.545,0.33,-1.39,0.19,-32.04,22.58,17.33
worker 1,2026-07-27 13:10:33.546,0.33,-1.39,0.19,-32.04,22.58,17.33
worker 1,2026-07-27 13:10:33.604,0.19,-1.53,0.17,-34.79,-66.89,-37.35
worker 1,2026-07-27 13:10:33.664,-0.14,-1.35,-0.16,-21.0,-211.67,-104.3
worker 1,2026-07-27 13:10:33.665,-0.48,-1.15,-0.37,-15.69,-327.7,-148.3
worker 1,2026-07-27 13:10:33.733,-0.47,-0.99,-0.33,-15.99,-253.54,-150.6
worker 1,2026-07-27 13:10:33.783,-0.27,-0.84,-0.18,1.71,-11.96,-114.62
worker 1,2026-07-27 13:10:33.784,-0.27,-0.84,-0.18,1.71,-11.96,-114.62
worker 1,2026-07-27 13:10:33.849,-0.23,-0.79,-0.02,20.94,178.59,-71.78
worker 1,2026-07-27 13:10:33.907,-0.23,-0.79,-0.02,20.94,178.59,-71.78
worker 1,2026-07-27 13:10:33.907,-0.28,-0.78,-0.04,25.33,177.8,-44.92
worker 1,2026-07-27 13:10:33.907,-0.34,-0.68,-0.22,18.31,24.29,-32.96
worker 1,2026-07-27 13:10:33.907,-0.33,-0.53,-0.32,16.42,-107.54,-24.9
worker 1,2026-07-27 13:10:33.972,-0.12,-0.61,-0.22,23.99,-113.77,-0.12
worker 1,2026-07-27 13:10:33.973,-0.12,-0.61,-0.22,23.99,-113.77,-0.12
worker 1,2026-07-27 13:10:34.024,0.29,-1.06,-0.11,31.01,-47.73,46.39
worker 1,2026-07-27 13:10:34.024,0.29,-1.06,-0.11,34.55,0.18,78.61
worker 1,2026-07-27 13:10:34.024,0.5,-1.41,-0.18,34.55,0.18,78.61
worker 1,2026-07-27 13:10:34.084,0.34,-1.2,-0.29,31.68,-3.36,58.59
worker 1,2026-07-27 13:10:34.145,0.12,-0.8,-0.12,16.48,-48.4,11.35
worker 1,2026-07-27 13:10:34.146,-0.13,-0.88,0.09,-10.31,-63.78,-20.32
worker 1,2026-07-27 13:10:34.205,-0.13,-0.88,0.09,-10.31,-63.78,-20.32
worker 1,2026-07-27 13:10:34.206,-0.33,-1.06,-0.09,-22.58,32.47,-18.37
worker 1,2026-07-27 13:10:34.206,-0.4,-0.91,-0.28,-23.32,142.7,-5.55
worker 1,2026-07-27 13:10:34.443,-0.4,-0.91,-0.28,-23.32,142.7,-5.55
worker 1,2026-07-27 13:10:34.563,-0.4,-0.92,-0.19,-48.58,120.24,-8.73
worker 1,2026-07-27 13:10:34.564,-0.4,-0.92,-0.19,-48.58,120.24,-8.73
worker 1,2026-07-27 13:10:34.564,-0.2,-1.1,-0.06,-74.22,22.58,-4.39
worker 1,2026-07-27 13:10:34.576,-0.2,-1.1,-0.06,-74.22,22.58,-4.39
worker 1,2026-07-27 13:10:34.577,-0.0,-1.12,-0.06,-56.82,-10.86,23.99
worker 1,2026-07-27 13:10:34.686,0.01,-1.02,-0.1,-14.28,16.11,58.47
worker 1,2026-07-27 13:10:34.745,0.01,-1.02,-0.1,-14.28,16.11,58.47
worker 1,2026-07-27 13:10:34.745,-0.0,-0.92,-0.1,14.95,42.79,74.83
worker 1,2026-07-27 13:10:34.746,-0.0,-0.92,-0.1,14.95,42.79,74.83
worker 1,2026-07-27 13:10:34.746,0.0,-0.87,-0.07,22.16,63.05,69.52
worker 1,2026-07-27 13:10:34.747,0.02,-0.9,-0.05,15.62,59.69,54.93
worker 1,2026-07-27 13:10:34.747,0.01,-0.94,-0.05,4.39,25.82,40.22
worker 1,2026-07-27 13:10:34.747,0.01,-0.94,-0.08,-3.85,-6.96,31.8
worker 1,2026-07-27 13:10:34.748,0.01,-0.94,-0.08,-3.85,-6.96,31.8
worker 1,2026-07-27 13:10:34.748,0.11,-0.93,-0.09,-7.57,-12.7,27.22
worker 1,2026-07-27 13:10:34.749,0.34,-0.93,-0.06,-7.87,-0.12,13.98
worker 1,2026-07-27 13:10:34.750,0.51,-1.01,-0.03,-2.87,17.27,-20.81
worker 1,2026-07-27 13:10:34.751,0.51,-1.01,-0.03,6.9,10.38,-77.94
worker 1,2026-07-27 13:10:34.751,0.31,-1.17,-0.1,6.9,10.38,-77.94
worker 1,2026-07-27 13:10:34.804,-0.17,-1.38,-0.23,13.12,-55.24,-130.37
worker 1,2026-07-27 13:10:34.923,-0.41,-1.52,-0.18,14.53,-118.96,-138.24
worker 1,2026-07-27 13:10:34.924,-0.26,-1.43,-0.08,12.33,-90.39,-98.63
worker 1,2026-07-27 13:10:34.924,-0.1,-1.12,-0.15,15.2,16.42,-47.24
worker 1,2026-07-27 13:10:34.926,-0.1,-0.73,-0.25,29.48,124.39,-10.93
worker 1,2026-07-27 13:10:34.983,-0.1,-0.73,-0.25,29.48,124.39,-10.93
worker 1,2026-07-27 13:10:34.984,-0.11,-0.42,-0.27,38.88,141.17,17.33
worker 1,2026-07-27 13:10:35.050,-0.11,-0.42,-0.27,38.88,141.17,17.33
worker 1,2026-07-27 13:10:35.050,-0.09,-0.27,-0.25,26.61,49.19,36.38
worker 1,2026-07-27 13:10:35.109,-0.08,-0.4,-0.14,-9.4,-62.44,32.84
worker 1,2026-07-27 13:10:35.109,0.31,-0.97,-0.18,-28.63,-104.49,47.67
worker 1,2026-07-27 13:10:35.165,0.31,-0.97,-0.18,-28.63,-104.49,47.67
worker 1,2026-07-27 13:10:35.165,0.36,-1.42,-0.4,8.48,-62.56,92.04
worker 1,2026-07-27 13:10:35.166,0.36,-1.42,-0.4,8.48,-62.56,92.04
worker 1,2026-07-27 13:10:35.284,-0.2,-1.22,-0.32,39.43,-17.33,57.56
worker 1,2026-07-27 13:10:35.285,-0.57,-0.9,0.03,-0.18,-25.45,-53.83
worker 1,2026-07-27 13:10:35.285,-0.46,-1.01,0.13,-72.39,-53.96,-105.59
worker 1,2026-07-27 13:10:35.345,-0.09,-1.21,-0.09,-85.21,-38.45,-50.29
worker 1,2026-07-27 13:10:35.345,0.08,-1.12,-0.25,-28.08,15.75,42.72
worker 1,2026-07-27 13:10:35.403,0.07,-0.94,-0.17,14.28,50.72,86.3
worker 1,2026-07-27 13:10:35.404,0.07,-0.94,-0.17,14.28,50.72,86.3
worker 1,2026-07-27 13:10:35.464,0.02,-0.78,0.02,15.56,53.59,75.44
worker 1,2026-07-27 13:10:35.465,0.02,-0.78,0.02,15.56,53.59,75.44
worker 1,2026-07-27 13:10:35.465,0.02,-0.68,0.06,4.39,33.51,53.22
worker 1,2026-07-27 13:10:35.526,0.02,-0.68,0.06,4.39,33.51,53.22
worker 1,2026-07-27 13:10:35.527,0.12,-0.75,0.02,-4.52,8.61,43.15
worker 1,2026-07-27 13:10:35.527,0.12,-0.75,0.02,-9.83,-3.17,36.68
worker 1,2026-07-27 13:10:35.583,0.37,-0.98,0.02,-9.83,-3.17,36.68
worker 1,2026-07-27 13:10:35.584,0.64,-1.23,0.08,-6.96,7.02,9.34
worker 1,2026-07-27 13:10:35.645,0.64,-1.23,0.08,-6.96,7.02,9.34
worker 1,2026-07-27 13:10:35.646,0.55,-1.43,0.11,5.68,14.95,-58.72
worker 1,2026-07-27 13:10:35.704,0.05,-1.53,-0.03,21.18,-38.82,-145.26
worker 1,2026-07-27 13:10:35.705,-0.39,-1.48,0.02,30.7,-124.63,-181.52
worker 1,2026-07-27 13:10:35.764,-0.46,-1.27,0.17,25.94,-145.57,-133.06
worker 1,2026-07-27 13:10:35.883,-0.3,-0.97,0.04,15.2,-118.41,-54.32
worker 1,2026-07-27 13:10:35.884,-0.3,-0.97,0.04,15.2,-118.41,-54.32
worker 1,2026-07-27 13:10:35.884,-0.23,-0.66,-0.18,22.52,-113.28,-12.63
worker 1,2026-07-27 13:10:35.885,-0.23,-0.66,-0.18,22.52,-113.28,-12.63
worker 1,2026-07-27 13:10:35.885,-0.25,-0.45,-0.29,46.94,-115.3,-11.41
worker 1,2026-07-27 13:10:35.944,-0.28,-0.38,-0.34,57.13,-98.02,-11.6
worker 1,2026-07-27 13:10:35.945,-0.37,-0.56,-0.34,32.41,-75.62,7.93
worker 1,2026-07-27 13:10:36.004,-0.37,-0.56,-0.34,32.41,-75.62,7.93
worker 1,2026-07-27 13:10:36.004,-0.09,-1.14,-0.53,-9.28,-72.69,52.37
worker 1,2026-07-27 13:10:36.005,-0.09,-1.14,-0.53,-9.28,-72.69,52.37
worker 1,2026-07-27 13:10:36.063,0.4,-1.62,-0.93,-19.84,-115.48,106.75
worker 1,2026-07-27 13:10:36.124,0.19,-1.37,-0.65,-13.24,-106.87,79.65
worker 1,2026-07-27 13:10:36.125,-0.28,-0.91,0.24,-42.24,8.24,-25.94
worker 1,2026-07-27 13:10:36.184,-0.19,-0.8,0.58,-57.62,71.96,-54.08
worker 1,2026-07-27 13:10:36.185,0.05,-0.87,0.17,-15.56,15.2,10.44
worker 1,2026-07-27 13:10:36.246,0.09,-1.0,-0.31,23.32,-78.31,50.9
worker 1,2026-07-27 13:10:36.257,0.09,-1.0,-0.31,23.32,-78.31,50.9
worker 1,2026-07-27 13:10:36.365,0.13,-1.1,-0.36,15.26,-146.24,33.14
worker 1,2026-07-27 13:10:36.366,0.13,-1.1,-0.36,15.26,-146.24,33.14
worker 1,2026-07-27 13:10:36.366,0.0,-1.06,-0.08,-16.17,-167.48,-8.61
worker 1,2026-07-27 13:10:36.367,0.0,-1.06,-0.08,-16.17,-167.48,-8.61
worker 1,2026-07-27 13:10:36.367,-0.19,-0.92,0.08,-23.44,-132.39,-26.12
worker 1,2026-07-27 13:10:36.367,-0.19,-0.92,0.08,1.28,-62.99,-3.36
worker 1,2026-07-27 13:10:36.426,-0.22,-0.84,-0.02,1.28,-62.99,-3.36
worker 1,2026-07-27 13:10:36.426,-0.16,-0.83,-0.16,21.48,-7.32,26.37
worker 1,2026-07-27 13:10:36.483,-0.16,-0.83,-0.16,21.48,-7.32,26.37
worker 1,2026-07-27 13:10:36.484,-0.11,-0.88,-0.22,16.42,4.03,38.02
worker 1,2026-07-27 13:10:36.485,-0.11,-0.88,-0.22,16.42,4.03,38.02
worker 1,2026-07-27 13:10:36.546,-0.09,-0.96,-0.17,-5.19,-18.25,34.55
worker 1,2026-07-27 13:10:36.548,-0.09,-0.96,-0.17,-5.19,-18.25,34.55
worker 1,2026-07-27 13:10:36.606,-0.07,-1.03,-0.08,-24.72,-36.87,27.53
worker 1,2026-07-27 13:10:36.606,-0.03,-1.06,-0.01,-33.26,-40.83,22.09
worker 1,2026-07-27 13:10:36.607,-0.03,-1.06,-0.01,-33.26,-40.83,22.09
worker 1,2026-07-27 13:10:36.724,0.0,-1.07,0.03,-34.79,-42.48,15.99
worker 1,2026-07-27 13:10:36.725,0.0,-1.07,0.03,-34.79,-42.48,15.99
worker 1,2026-07-27 13:10:36.725,0.03,-1.12,0.05,-31.49,-46.81,13.61
worker 1,2026-07-27 13:10:36.726,0.03,-1.12,0.05,-31.49,-46.81,13.61
worker 1,2026-07-27 13:10:36.726,0.0,-1.21,0.06,-22.03,-49.07,15.75
worker 1,2026-07-27 13:10:36.784,0.01,-1.19,-0.04,-13.85,-67.26,3.42
worker 1,2026-07-27 13:10:36.785,0.01,-1.19,-0.04,-13.85,-67.26,3.42
worker 1,2026-07-27 13:10:36.785,0.07,-1.02,-0.26,-12.57,-105.35,-33.08
worker 1,2026-07-27 13:10:36.844,0.07,-1.02,-0.26,-12.57,-105.35,-33.08
worker 1,2026-07-27 13:10:36.844,-0.02,-0.93,-0.31,-12.51,-107.18,-79.16
worker 1,2026-07-27 13:10:36.845,-0.02,-0.93,-0.31,-12.51,-107.18,-79.16
worker 1,2026-07-27 13:10:36.904,-0.24,-0.97,-0.12,-4.58,-28.38,-111.94
worker 1,2026-07-27 13:10:36.905,-0.34,-1.04,-0.0,13.0,72.27,-114.5
worker 1,2026-07-27 13:10:37.030,-0.34,-1.04,-0.0,13.0,72.27,-114.5
worker 1,2026-07-27 13:10:37.030,-0.26,-1.04,-0.11,28.02,109.68,-87.52
worker 1,2026-07-27 13:10:37.031,-0.15,-0.98,-0.28,34.85,92.71,-47.67
worker 1,2026-07-27 13:10:37.033,-0.15,-0.98,-0.28,34.85,92.71,-47.67
worker 1,2026-07-27 13:10:37.033,-0.13,-0.88,-0.33,48.16,82.82,-5.55
worker 1,2026-07-27 13:10:37.085,-0.13,-0.88,-0.33,69.4,85.33,35.89
worker 1,2026-07-27 13:10:37.086,-0.15,-0.8,-0.3,69.4,85.33,35.89
worker 1,2026-07-27 13:10:37.144,-0.08,-0.76,-0.3,76.35,51.88,58.04
worker 1,2026-07-27 13:10:37.204,-0.01,-0.74,-0.31,58.47,-5.43,48.77
worker 1,2026-07-27 13:10:37.204,-0.01,-0.74,-0.31,28.75,-30.27,28.26
worker 1,2026-07-27 13:10:37.204,0.0,-0.77,-0.19,28.75,-30.27,28.26
worker 1,2026-07-27 13:10:37.264,0.04,-0.9,0.03,3.54,-17.7,23.93
worker 1,2026-07-27 13:10:37.265,0.04,-0.9,0.03,3.54,-17.7,23.93
worker 1,2026-07-27 13:10:37.265,0.12,-1.15,0.21,-10.68,-3.6,35.34
worker 1,2026-07-27 13:10:37.323,0.12,-1.15,0.21,-10.68,-3.6,35.34
worker 1,2026-07-27 13:10:37.324,0.12,-1.14,0.21,-10.38,-16.3,31.98
worker 1,2026-07-27 13:10:37.384,0.02,-0.79,0.16,-5.43,-59.69,-1.59
worker 1,2026-07-27 13:10:37.387,-0.16,-0.98,0.05,-17.82,-103.21,-35.03
worker 1,2026-07-27 13:10:37.444,-0.16,-0.98,0.05,-17.82,-103.21,-35.03
worker 1,2026-07-27 13:10:37.444,-0.06,-1.44,-0.14,-31.13,-64.09,11.6
worker 1,2026-07-27 13:10:37.445,-0.06,-1.44,-0.14,-31.13,-64.09,11.6
worker 1,2026-07-27 13:10:37.504,0.11,-1.13,-0.34,-5.8,54.57,104.92
worker 1,2026-07-27 13:10:37.573,-0.22,-0.61,-0.42,17.88,120.79,77.76
worker 1,2026-07-27 13:10:37.573,-0.22,-0.61,-0.42,-1.59,86.3,-19.9
worker 1,2026-07-27 13:10:37.576,-0.43,-0.69,-0.17,-1.59,86.3,-19.9
worker 1,2026-07-27 13:10:37.632,-0.31,-0.97,0.06,-17.15,44.92,-18.25
worker 1,2026-07-27 13:10:37.633,-0.26,-1.02,0.02,-7.14,54.93,49.13
worker 1,2026-07-27 13:10:37.690,-0.26,-1.02,0.02,-7.14,54.93,49.13
worker 1,2026-07-27 13:10:37.691,-0.22,-1.01,-0.05,-3.48,76.54,65.49
worker 1,2026-07-27 13:10:37.747,-0.2,-0.97,-0.06,-10.62,69.7,12.45
worker 1,2026-07-27 13:10:37.747,-0.25,-0.9,-0.09,-12.39,33.14,-47.73
worker 1,2026-07-27 13:10:37.807,-0.25,-0.9,-0.09,-12.39,33.14,-47.73
worker 1,2026-07-27 13:10:37.807,-0.22,-0.87,-0.11,-13.55,-16.6,-64.94
worker 1,2026-07-27 13:10:37.925,-0.14,-0.87,-0.13,-20.57,-56.58,-42.66
worker 1,2026-07-27 13:10:37.926,-0.14,-0.87,-0.13,-20.57,-56.58,-42.66
worker 1,2026-07-27 13:10:37.926,-0.11,-0.88,-0.14,-28.02,-63.72,-10.31
worker 1,2026-07-27 13:10:37.926,-0.1,-0.92,-0.11,-28.38,-37.41,15.44
worker 1,2026-07-27 13:10:37.985,-0.07,-0.98,-0.04,-23.44,-1.16,29.42
worker 1,2026-07-27 13:10:37.985,-0.04,-1.04,0.01,-20.45,31.43,30.58
worker 1,2026-07-27 13:10:38.104,-0.04,-1.04,0.01,-20.45,31.43,30.58
worker 1,2026-07-27 13:10:38.105,0.02,-1.16,0.08,-18.25,64.88,19.78
worker 1,2026-07-27 13:10:38.164,0.02,-1.16,0.08,-5.74,95.76,-1.34
worker 1,2026-07-27 13:10:38.164,0.07,-1.38,0.15,-5.74,95.76,-1.34
worker 1,2026-07-27 13:10:38.165,0.14,-1.42,0.07,27.83,109.86,-33.51
worker 1,2026-07-27 13:10:38.165,0.17,-1.19,-0.05,74.89,95.76,-72.39
worker 1,2026-07-27 13:10:38.284,-0.05,-1.0,-0.09,109.99,32.04,-106.81
worker 1,2026-07-27 13:10:38.285,-0.24,-0.92,-0.11,115.42,-52.31,-97.84
worker 1,2026-07-27 13:10:38.285,-0.17,-0.89,-0.11,95.03,-67.69,-40.53
worker 1,2026-07-27 13:10:38.344,-0.07,-0.85,-0.11,72.75,-2.69,2.32
worker 1,2026-07-27 13:10:38.404,-0.03,-0.8,-0.08,63.35,55.3,13.92
worker 1,2026-07-27 13:10:38.405,-0.02,-0.77,-0.04,58.65,35.28,19.29
worker 1,2026-07-27 13:10:38.528,-0.02,-0.78,0.03,50.05,-44.25,18.92
worker 1,2026-07-27 13:10:38.590,-0.02,-0.78,0.03,50.05,-44.25,18.92
worker 1,2026-07-27 13:10:38.591,0.04,-0.8,0.11,40.47,-126.89,4.82
worker 1,2026-07-27 13:10:38.592,0.15,-0.81,0.14,33.33,-166.32,-11.17
worker 1,2026-07-27 13:10:38.592,0.23,-0.84,0.15,29.85,-147.52,-12.15
worker 1,2026-07-27 13:10:38.648,0.23,-0.84,0.15,29.85,-147.52,-12.15
worker 1,2026-07-27 13:10:38.649,0.43,-1.09,0.36,63.23,-132.63,22.52
worker 1,2026-07-27 13:10:38.775,0.32,-1.29,0.42,45.53,-187.93,47.0
worker 1,2026-07-27 13:10:38.777,0.32,-1.29,0.42,45.53,-187.93,47.0
worker 1,2026-07-27 13:10:38.777,0.06,-1.17,0.21,-17.82,-214.66,76.11
worker 1,2026-07-27 13:10:38.824,-0.1,-0.88,0.03,-40.34,-186.04,53.96
worker 1,2026-07-27 13:10:38.825,-0.1,-0.88,0.03,-40.34,-186.04,53.96
worker 1,2026-07-27 13:10:38.883,-0.04,-0.74,0.05,-4.64,-138.79,6.96
worker 1,2026-07-27 13:10:38.884,0.09,-0.8,0.17,22.16,-65.55,3.36
worker 1,2026-07-27 13:10:38.884,0.15,-0.94,0.27,13.18,32.84,31.86
worker 1,2026-07-27 13:10:38.943,0.14,-1.01,0.3,1.83,122.56,54.38
worker 1,2026-07-27 13:10:38.944,0.14,-1.01,0.3,1.83,122.56,54.38
worker 1,2026-07-27 13:10:39.005,0.03,-0.98,0.33,13.55,177.12,50.17
worker 1,2026-07-27 13:10:39.005,-0.06,-0.87,0.32,35.77,174.19,24.41
worker 1,2026-07-27 13:10:39.124,-0.05,-0.8,0.27,27.77,117.49,4.39
worker 1,2026-07-27 13:10:39.125,-0.01,-0.82,0.25,-4.58,33.33,3.48
worker 1,2026-07-27 13:10:39.125,0.03,-0.86,0.24,-17.03,-28.14,8.73
worker 1,2026-07-27 13:10:39.185,0.07,-0.9,0.24,-12.27,-16.48,12.02
worker 1,2026-07-27 13:10:39.186,0.07,-0.9,0.24,-12.27,-16.48,12.02
worker 1,2026-07-27 13:10:39.309,0.18,-0.96,0.3,-9.22,53.65,16.6
worker 1,2026-07-27 13:10:39.309,0.37,-1.0,0.43,-10.31,118.41,13.85
worker 1,2026-07-27 13:10:39.363,0.56,-1.08,0.59,-9.52,127.38,-16.42
worker 1,2026-07-27 13:10:39.364,0.54,-1.21,0.66,11.35,81.67,-80.32
worker 1,2026-07-27 13:10:39.365,0.3,-1.17,0.53,64.94,16.54,-150.33
worker 1,2026-07-27 13:10:39.425,0.05,-1.06,0.5,108.22,-72.02,-159.91
worker 1,2026-07-27 13:10:39.426,0.05,-1.06,0.5,108.22,-72.02,-159.91
worker 1,2026-07-27 13:10:39.483,-0.02,-1.06,0.62,95.4,-155.88,-107.85
worker 1,2026-07-27 13:10:39.484,0.09,-1.07,0.59,53.34,-166.2,-69.76
worker 1,2026-07-27 13:10:39.544,0.18,-0.96,0.47,25.82,-114.5,-68.85
worker 1,2026-07-27 13:10:39.545,0.18,-0.96,0.47,25.82,-114.5,-68.85
worker 1,2026-07-27 13:10:39.609,0.15,-0.8,0.33,21.73,-61.89,-70.19
worker 1,2026-07-27 13:10:39.609,0.07,-0.66,0.2,29.3,-43.4,-46.08
worker 1,2026-07-27 13:10:39.686,0.04,-0.55,0.14,35.89,-56.52,-7.51
worker 1,2026-07-27 13:10:39.687,0.04,-0.55,0.14,35.89,-56.52,-7.51
worker 1,2026-07-27 13:10:39.725,0.13,-0.49,0.19,32.96,-66.28,21.85
worker 1,2026-07-27 13:10:39.726,0.4,-0.52,0.3,26.67,-45.1,38.27
worker 1,2026-07-27 13:10:39.784,0.4,-0.52,0.3,26.67,-45.1,38.27
worker 1,2026-07-27 13:10:39.785,0.72,-0.66,0.35,25.94,-19.84,53.96
worker 1,2026-07-27 13:10:39.785,0.83,-0.84,0.3,27.53,-40.34,80.14
worker 1,2026-07-27 13:10:39.845,0.83,-0.84,0.3,27.53,-40.34,80.14
worker 1,2026-07-27 13:10:39.846,0.69,-0.85,0.24,32.65,-96.86,106.87
worker 1,2026-07-27 13:10:39.904,0.69,-0.85,0.24,32.65,-96.86,106.87
worker 1,2026-07-27 13:10:39.904,0.6,-0.87,0.34,40.77,-140.81,93.51
worker 1,2026-07-27 13:10:39.965,0.57,-1.01,0.5,53.71,-109.5,60.18
worker 1,2026-07-27 13:10:39.966,0.24,-0.97,0.35,67.14,3.48,63.11
worker 1,2026-07-27 13:10:40.023,-0.1,-0.8,0.32,50.05,27.28,70.37
worker 1,2026-07-27 13:10:40.024,-0.1,-0.8,0.32,50.05,27.28,70.37
worker 1,2026-07-27 13:10:40.091,-0.16,-0.76,0.51,17.4,-35.89,57.43
worker 1,2026-07-27 13:10:40.091,-0.12,-0.88,0.49,6.53,-13.98,55.18
worker 1,2026-07-27 13:10:40.143,-0.03,-1.0,0.52,0.98,71.11,56.46
worker 1,2026-07-27 13:10:40.144,-0.03,-1.0,0.52,0.98,71.11,56.46
worker 1,2026-07-27 13:10:40.204,0.03,-0.99,0.58,-15.26,126.83,45.78
worker 1,2026-07-27 13:10:40.205,0.03,-0.99,0.58,-15.26,126.83,45.78
worker 1,2026-07-27 13:10:40.205,0.05,-0.86,0.52,-37.35,121.22,28.5
worker 1,2026-07-27 13:10:40.267,0.05,-0.86,0.52,-37.35,121.22,28.5
worker 1,2026-07-27 13:10:40.267,0.06,-0.75,0.41,-61.58,81.12,14.34
worker 1,2026-07-27 13:10:40.268,0.08,-0.72,0.31,-75.5,44.98,18.13
worker 1,2026-07-27 13:10:40.336,0.08,-0.72,0.31,-75.5,44.98,18.13
worker 1,2026-07-27 13:10:40.339,0.1,-0.74,0.26,-67.38,22.09,39.61
worker 1,2026-07-27 13:10:40.383,0.1,-0.74,0.26,-67.38,22.09,39.61
worker 1,2026-07-27 13:10:40.384,0.12,-0.82,0.24,-48.03,14.89,56.4
worker 1,2026-07-27 13:10:40.506,0.18,-0.96,0.25,-34.55,28.75,50.96
worker 1,2026-07-27 13:10:40.507,0.37,-1.1,0.26,-29.05,53.41,27.95
worker 1,2026-07-27 13:10:40.508,0.37,-1.1,0.26,-29.05,53.41,27.95
worker 1,2026-07-27 13:10:40.508,0.71,-1.21,0.33,-28.99,74.83,-9.22
worker 1,2026-07-27 13:10:40.563,0.71,-1.21,0.33,-28.99,74.83,-9.22
worker 1,2026-07-27 13:10:40.564,0.77,-1.36,0.52,-33.81,96.13,-73.43
worker 1,2026-07-27 13:10:40.564,0.3,-1.47,0.6,-25.94,92.35,-159.48
worker 1,2026-07-27 13:10:40.624,0.3,-1.47,0.6,14.1,23.93,-203.0
worker 1,2026-07-27 13:10:40.624,-0.19,-1.49,0.57,14.1,23.93,-203.0
worker 1,2026-07-27 13:10:40.708,-0.16,-1.47,0.61,64.27,-45.41,-164.06
worker 1,2026-07-27 13:10:40.724,-0.16,-1.47,0.61,64.27,-45.41,-164.06
worker 1,2026-07-27 13:10:40.727,0.11,-1.42,0.61,85.94,-17.09,-100.1
worker 1,2026-07-27 13:10:40.745,0.11,-1.42,0.61,85.94,-17.09,-100.1
worker 1,2026-07-27 13:10:40.745,0.13,-1.33,0.47,89.54,51.7,-69.09
worker 1,2026-07-27 13:10:40.746,0.13,-1.33,0.47,89.54,51.7,-69.09
worker 1,2026-07-27 13:10:40.806,0.05,-1.15,0.27,105.59,18.8,-66.65
worker 1,2026-07-27 13:10:40.807,0.02,-0.96,0.28,120.48,-100.4,-76.84
worker 1,2026-07-27 13:10:40.864,0.02,-0.96,0.28,120.48,-100.4,-76.84
worker 1,2026-07-27 13:10:40.864,-0.0,-0.84,0.39,111.69,-208.31,-106.08
worker 1,2026-07-27 13:10:40.865,-0.0,-0.84,0.39,111.69,-208.31,-106.08
worker 1,2026-07-27 13:10:40.973,0.05,-0.67,0.2,84.47,-291.81,-160.28
worker 1,2026-07-27 13:10:40.974,0.05,-0.67,0.2,57.31,-340.7,-216.31
worker 1,2026-07-27 13:10:40.974,0.19,-0.4,-0.16,57.31,-340.7,-216.31
worker 1,2026-07-27 13:10:41.040,0.33,-0.1,-0.34,45.65,-335.88,-244.75
worker 1,2026-07-27 13:10:41.043,0.45,0.1,-0.31,54.38,-260.07,-219.54
worker 1,2026-07-27 13:10:41.044,0.45,0.1,-0.31,54.38,-260.07,-219.54
worker 1,2026-07-27 13:10:41.044,0.57,0.11,-0.19,78.43,-121.64,-136.54
worker 1,2026-07-27 13:10:41.137,0.71,0.02,-0.1,102.54,-1.59,-44.98
worker 1,2026-07-27 13:10:41.138,0.71,0.02,-0.1,102.54,-1.59,-44.98
worker 1,2026-07-27 13:10:41.219,0.87,-0.07,-0.11,117.31,38.39,10.01
worker 1,2026-07-27 13:10:41.220,1.24,-0.04,-0.39,125.92,23.86,33.81
worker 1,2026-07-27 13:10:41.272,1.61,-0.13,-0.51,112.85,-2.93,44.92
worker 1,2026-07-27 13:10:41.552,1.36,-0.45,-0.33,84.41,-16.05,78.19
worker 1,2026-07-27 13:10:41.553,1.36,-0.45,-0.33,84.41,-16.05,78.19
worker 1,2026-07-27 13:10:41.553,0.81,-0.71,-0.18,75.68,35.58,145.51
worker 1,2026-07-27 13:10:41.554,0.45,-0.81,-0.01,60.0,162.96,220.21
worker 1,2026-07-27 13:10:41.554,0.45,-0.81,-0.01,12.15,284.36,297.06
worker 1,2026-07-27 13:10:41.554,0.2,-0.91,0.11,12.15,284.36,297.06
worker 1,2026-07-27 13:10:41.555,-0.03,-1.06,0.16,-36.87,323.12,369.26
worker 1,2026-07-27 13:10:41.555,-0.2,-1.17,0.2,-62.81,239.26,368.16
worker 1,2026-07-27 13:10:41.556,-0.2,-1.17,0.2,-62.81,239.26,368.16
worker 1,2026-07-27 13:10:41.558,-0.2,-1.14,0.23,-55.91,65.73,253.54
worker 1,2026-07-27 13:10:41.558,-0.05,-0.97,0.23,-30.76,-78.74,104.8
worker 1,2026-07-27 13:10:41.587,-0.05,-0.97,0.23,-30.76,-78.74,104.8
worker 1,2026-07-27 13:10:41.588,0.07,-0.81,0.21,-21.73,-133.42,-1.95
worker 1,2026-07-27 13:10:41.680,0.09,-0.75,0.15,-34.0,-130.62,-48.77
worker 1,2026-07-27 13:10:41.681,0.09,-0.75,0.15,-34.0,-130.62,-48.77
worker 1,2026-07-27 13:10:41.681,0.04,-0.77,0.06,-42.85,-119.69,-49.13
worker 1,2026-07-27 13:10:41.784,0.08,-0.9,0.05,-38.09,-111.88,-24.78
worker 1,2026-07-27 13:10:41.919,0.08,-0.9,0.05,-38.09,-111.88,-24.78
worker 1,2026-07-27 13:10:41.920,0.17,-1.03,0.13,-28.38,-100.04,5.62
worker 1,2026-07-27 13:10:42.067,0.17,-1.04,0.13,-14.95,-89.42,19.78
worker 1,2026-07-27 13:10:42.068,0.17,-1.04,0.13,-14.95,-89.42,19.78
worker 1,2026-07-27 13:10:42.068,0.12,-0.96,0.02,2.32,-77.64,10.31
worker 1,2026-07-27 13:10:42.068,0.12,-0.96,0.02,14.04,-52.98,-3.3
worker 1,2026-07-27 13:10:42.069,0.07,-0.88,-0.06,14.04,-52.98,-3.3
worker 1,2026-07-27 13:10:42.069,0.07,-0.85,-0.07,13.67,-16.6,-4.88
worker 1,2026-07-27 13:10:42.069,0.08,-0.87,-0.08,7.69,15.14,2.75
worker 1,2026-07-27 13:10:42.127,0.08,-0.87,-0.08,7.69,15.14,2.75
worker 1,2026-07-27 13:10:42.128,0.11,-0.94,-0.07,0.92,32.47,10.74
worker 1,2026-07-27 13:10:42.129,0.11,-0.94,-0.07,0.92,32.47,10.74
worker 1,2026-07-27 13:10:42.129,0.15,-1.06,0.03,-9.34,44.31,8.61
worker 1,2026-07-27 13:10:42.130,0.15,-1.06,0.03,-28.56,76.66,-14.1
worker 1,2026-07-27 13:10:42.137,0.19,-1.23,0.16,-28.56,76.66,-14.1
worker 1,2026-07-27 13:10:42.146,0.36,-1.44,0.17,-68.66,130.37,-53.34
worker 1,2026-07-27 13:10:42.147,0.59,-1.49,-0.0,-116.52,167.72,-88.62
worker 1,2026-07-27 13:10:42.201,0.59,-1.49,-0.0,-116.52,167.72,-88.62
worker 1,2026-07-27 13:10:42.202,0.63,-1.3,-0.08,-142.76,150.57,-88.01
worker 1,2026-07-27 13:10:42.203,0.63,-1.3,-0.08,-142.76,150.57,-88.01
worker 1,2026-07-27 13:10:42.310,0.53,-1.03,0.04,-127.38,72.27,-33.26
worker 1,2026-07-27 13:10:42.310,0.44,-0.87,0.07,-79.28,-17.15,42.05
worker 1,2026-07-27 13:10:42.494,0.44,-0.87,0.07,-79.28,-17.15,42.05
worker 1,2026-07-27 13:10:42.495,0.3,-0.88,-0.1,-40.41,-59.94,77.39
worker 1,2026-07-27 13:10:42.495,0.11,-0.99,-0.31,-29.72,-66.28,57.8
worker 1,2026-07-27 13:10:42.496,-0.01,-1.1,-0.38,-34.67,-71.17,19.23
worker 1,2026-07-27 13:10:42.496,-0.01,-1.18,-0.31,-34.55,-64.88,-17.15
worker 1,2026-07-27 13:10:42.497,-0.01,-1.14,-0.31,-13.98,-22.4,-48.28
worker 1,2026-07-27 13:10:42.500,-0.07,-0.98,-0.38,22.46,29.24,-75.68
worker 1,2026-07-27 13:10:42.667,-0.07,-0.98,-0.38,22.46,29.24,-75.68
worker 1,2026-07-27 13:10:42.668,-0.08,-0.84,-0.41,52.67,42.36,-104.31
worker 1,2026-07-27 13:10:42.673,0.0,-0.8,-0.36,66.41,16.66,-126.71
worker 1,2026-07-27 13:10:42.795,0.1,-0.77,-0.29,68.48,-16.97,-132.81
worker 1,2026-07-27 13:10:42.797,0.1,-0.75,-0.23,63.23,-39.73,-123.54
worker 1,2026-07-27 13:10:42.798,0.1,-0.75,-0.23,63.23,-39.73,-123.54
worker 1,2026-07-27 13:10:42.798,0.07,-0.68,-0.21,48.65,-60.3,-121.28
worker 1,2026-07-27 13:10:42.798,0.12,-0.49,-0.24,27.65,-81.3,-137.94
worker 1,2026-07-27 13:10:42.799,0.25,-0.18,-0.28,15.99,-86.49,-139.34
worker 1,2026-07-27 13:10:42.845,0.4,0.04,-0.29,16.42,-72.08,-102.54
worker 1,2026-07-27 13:10:42.965,0.4,0.04,-0.29,16.42,-72.08,-102.54
worker 1,2026-07-27 13:10:42.965,0.68,-0.12,-0.29,17.46,-45.72,-41.38
worker 1,2026-07-27 13:10:42.966,1.04,-0.71,-0.25,12.82,-15.32,21.42
worker 1,2026-07-27 13:10:42.971,1.03,-1.05,-0.3,7.75,-0.06,58.23
worker 1,2026-07-27 13:10:42.972,0.73,-0.97,-0.45,5.92,-8.61,60.91
worker 1,2026-07-27 13:10:43.105,0.73,-0.97,-0.45,5.92,-8.61,60.91
worker 1,2026-07-27 13:10:43.106,0.49,-0.88,-0.43,14.83,-4.33,78.61
worker 1,2026-07-27 13:10:43.107,0.3,-0.87,-0.27,32.78,32.84,141.36
worker 1,2026-07-27 13:10:43.107,0.1,-0.94,-0.19,41.14,65.43,213.32
worker 1,2026-07-27 13:10:43.149,0.1,-0.94,-0.19,41.14,65.43,213.32
worker 1,2026-07-27 13:10:43.149,-0.1,-0.98,-0.24,29.85,62.19,262.21
worker 1,2026-07-27 13:10:43.150,-0.1,-0.98,-0.24,29.85,62.19,262.21
worker 1,2026-07-27 13:10:43.204,-0.21,-0.96,-0.32,1.53,25.09,267.46
worker 1,2026-07-27 13:10:43.205,-0.24,-0.92,-0.31,-29.85,-23.25,212.71
worker 1,2026-07-27 13:10:43.384,-0.24,-0.92,-0.31,-29.85,-23.25,212.71
worker 1,2026-07-27 13:10:43.385,-0.23,-0.91,-0.21,-52.86,-62.32,113.71
worker 1,2026-07-27 13:10:43.386,-0.15,-0.92,-0.12,-59.94,-86.18,9.95
worker 1,2026-07-27 13:10:43.386,-0.05,-0.93,-0.13,-56.82,-90.64,-77.7
worker 1,2026-07-27 13:10:43.387,0.02,-0.96,-0.18,-62.81,-92.9,-145.26
worker 1,2026-07-27 13:10:43.594,-0.03,-0.9,-0.26,-66.96,-104.06,-159.6
worker 1,2026-07-27 13:10:43.595,-0.07,-0.72,-0.44,-41.14,-92.29,-98.88
worker 1,2026-07-27 13:10:43.595,-0.0,-0.68,-0.53,-9.52,-72.33,-27.04
worker 1,2026-07-27 13:10:43.595,0.05,-0.8,-0.48,-0.49,-65.92,4.58
worker 1,2026-07-27 13:10:43.596,0.05,-0.8,-0.48,-0.49,-65.92,4.58
worker 1,2026-07-27 13:10:43.596,0.05,-0.9,-0.43,-1.65,-50.96,8.18
worker 1,2026-07-27 13:10:43.700,0.05,-0.9,-0.43,-1.65,-50.96,8.18
worker 1,2026-07-27 13:10:43.705,0.05,-0.91,-0.42,-3.17,-28.75,3.66
worker 1,2026-07-27 13:10:43.706,0.05,-0.91,-0.42,-3.17,-28.75,3.66
worker 1,2026-07-27 13:10:43.706,0.05,-0.87,-0.42,-3.48,-7.45,13.92
worker 1,2026-07-27 13:10:43.706,0.05,-0.87,-0.42,-2.01,13.85,47.91
worker 1,2026-07-27 13:10:43.870,0.02,-0.85,-0.43,-2.01,13.85,47.91
worker 1,2026-07-27 13:10:43.870,-0.05,-0.91,-0.44,1.1,35.89,87.77
worker 1,2026-07-27 13:10:43.871,-0.16,-1.09,-0.42,1.95,51.39,102.66
worker 1,2026-07-27 13:10:43.871,-0.16,-1.31,-0.44,1.28,46.26,66.96
worker 1,2026-07-27 13:10:43.871,-0.1,-1.38,-0.54,-1.95,29.05,8.42
worker 1,2026-07-27 13:10:43.936,-0.1,-1.38,-0.54,-1.95,29.05,8.42
worker 1,2026-07-27 13:10:43.937,-0.1,-1.38,-0.54,-1.95,29.05,8.42
worker 1,2026-07-27 13:10:43.984,-0.01,-1.07,-0.41,-38.33,-18.55,-56.58
worker 1,2026-07-27 13:10:43.984,-0.01,-1.07,-0.41,-35.03,-40.89,-80.81
worker 1,2026-07-27 13:10:43.984,0.09,-0.93,-0.3,-35.03,-40.89,-80.81
worker 1,2026-07-27 13:10:44.164,0.13,-0.84,-0.3,-5.43,-38.76,-99.12
worker 1,2026-07-27 13:10:44.223,0.13,-0.84,-0.3,-5.43,-38.76,-99.12
worker 1,2026-07-27 13:10:44.224,0.11,-0.82,-0.36,19.04,-16.85,-119.2
worker 1,2026-07-27 13:10:44.224,0.02,-0.85,-0.35,13.73,2.81,-120.61
worker 1,2026-07-27 13:10:44.287,-0.14,-0.84,-0.29,-1.34,3.97,-106.93
worker 1,2026-07-27 13:10:44.343,-0.21,-0.78,-0.27,6.71,-9.46,-95.95
worker 1,2026-07-27 13:10:44.403,-0.13,-0.69,-0.3,35.03,-29.48,-69.82
worker 1,2026-07-27 13:10:44.404,-0.13,-0.69,-0.3,35.03,-29.48,-69.82
worker 1,2026-07-27 13:10:44.404,-0.01,-0.65,-0.35,58.11,-47.36,-25.63
worker 1,2026-07-27 13:10:44.405,-0.01,-0.65,-0.35,58.11,-47.36,-25.63
worker 1,2026-07-27 13:10:44.413,0.03,-0.68,-0.36,59.75,-49.74,13.79
worker 1,2026-07-27 13:10:44.413,-0.02,-0.78,-0.33,43.58,-38.76,35.22
worker 1,2026-07-27 13:10:44.413,-0.12,-0.85,-0.31,29.54,-38.33,35.64
worker 1,2026-07-27 13:10:44.464,-0.18,-0.8,-0.38,30.94,-65.49,14.22
worker 1,2026-07-27 13:10:44.465,-0.18,-0.8,-0.38,30.94,-65.49,14.22
worker 1,2026-07-27 13:10:44.465,-0.13,-0.72,-0.47,35.52,-117.19,-14.16
worker 1,2026-07-27 13:10:44.524,0.06,-0.71,-0.5,25.76,-169.98,-30.82
worker 1,2026-07-27 13:10:44.583,0.3,-0.83,-0.49,4.03,-192.2,-27.4
worker 1,2026-07-27 13:10:44.584,0.3,-0.83,-0.49,4.03,-192.2,-27.4
worker 1,2026-07-27 13:10:44.584,0.26,-1.0,-0.46,-15.75,-168.52,3.17
worker 1,2026-07-27 13:10:44.644,0.26,-1.0,-0.46,-15.75,-168.52,3.17
worker 1,2026-07-27 13:10:44.644,0.07,-1.06,-0.41,-21.3,-126.16,36.19
worker 1,2026-07-27 13:10:44.645,-0.06,-1.02,-0.33,-13.61,-91.19,39.49
worker 1,2026-07-27 13:10:44.704,-0.06,-1.02,-0.33,-13.61,-91.19,39.49
worker 1,2026-07-27 13:10:44.704,-0.14,-0.93,-0.27,-2.38,-62.99,26.37
worker 1,2026-07-27 13:10:44.705,-0.14,-0.93,-0.27,-2.38,-62.99,26.37
worker 1,2026-07-27 13:10:44.764,-0.14,-0.87,-0.19,3.97,-49.44,28.2
worker 1,2026-07-27 13:10:44.765,-0.14,-0.87,-0.19,3.97,-49.44,28.2
worker 1,2026-07-27 13:10:44.824,-0.13,-0.9,-0.08,3.3,-47.49,42.24
worker 1,2026-07-27 13:10:44.824,-0.16,-0.95,-0.06,2.08,-53.53,34.97
worker 1,2026-07-27 13:10:44.885,-0.19,-0.94,-0.16,-4.76,-85.94,-8.54
worker 1,2026-07-27 13:10:44.886,-0.19,-0.94,-0.16,-4.76,-85.94,-8.54
worker 1,2026-07-27 13:10:44.947,-0.2,-0.94,-0.25,-25.33,-134.58,-64.7
worker 1,2026-07-27 13:10:44.948,-0.18,-0.96,-0.27,-43.4,-149.96,-93.38
worker 1,2026-07-27 13:10:45.005,-0.15,-0.99,-0.25,-39.98,-116.27,-82.28
worker 1,2026-07-27 13:10:45.006,-0.15,-0.99,-0.25,-39.98,-116.27,-82.28
worker 1,2026-07-27 13:10:45.069,-0.13,-1.02,-0.2,-20.81,-71.84,-48.89
worker 1,2026-07-27 13:10:45.070,-0.15,-0.99,-0.16,-4.58,-54.75,-17.4
worker 1,2026-07-27 13:10:45.137,-0.15,-0.99,-0.16,-4.58,-54.75,-17.4
worker 1,2026-07-27 13:10:45.137,-0.2,-0.92,-0.16,-2.62,-65.98,-7.93
worker 1,2026-07-27 13:10:45.138,-0.2,-0.92,-0.16,-13.49,-84.11,-19.9
worker 1,2026-07-27 13:10:45.243,-0.27,-0.88,-0.2,-13.49,-84.11,-19.9
worker 1,2026-07-27 13:10:45.253,-0.28,-0.88,-0.25,-28.14,-97.6,-36.25
worker 1,2026-07-27 13:10:45.256,-0.28,-0.88,-0.25,-28.14,-97.6,-36.25
worker 1,2026-07-27 13:10:45.257,-0.21,-0.87,-0.31,-37.29,-107.97,-41.38
worker 1,2026-07-27 13:10:45.304,-0.11,-0.87,-0.38,-38.02,-117.19,-40.34
worker 1,2026-07-27 13:10:45.304,-0.03,-0.91,-0.43,-33.63,-125.98,-48.03
worker 1,2026-07-27 13:10:45.305,-0.03,-0.91,-0.43,-33.63,-125.98,-48.03
worker 1,2026-07-27 13:10:45.363,0.05,-0.97,-0.44,-30.46,-132.32,-62.13
worker 1,2026-07-27 13:10:45.364,0.05,-0.97,-0.44,-30.46,-132.32,-62.13
worker 1,2026-07-27 13:10:45.426,0.09,-0.99,-0.46,-33.87,-130.19,-78.12
worker 1,2026-07-27 13:10:45.427,0.09,-0.99,-0.46,-41.44,-112.18,-91.8
worker 1,2026-07-27 13:10:45.427,0.02,-0.96,-0.5,-41.44,-112.18,-91.8
worker 1,2026-07-27 13:10:45.490,-0.18,-0.9,-0.45,-46.45,-78.37,-96.86
worker 1,2026-07-27 13:10:45.549,-0.27,-0.86,-0.38,-33.08,-33.45,-82.46
worker 1,2026-07-27 13:10:45.550,-0.2,-0.85,-0.39,8.3,17.33,-42.3
worker 1,2026-07-27 13:10:45.610,-0.2,-0.85,-0.39,48.4,57.86,-7.45
worker 1,2026-07-27 13:10:45.611,-0.09,-0.82,-0.42,48.4,57.86,-7.45
worker 1,2026-07-27 13:10:45.724,0.0,-0.77,-0.42,58.72,69.15,-0.43
worker 1,2026-07-27 13:10:45.724,0.05,-0.74,-0.4,45.17,51.94,-5.13
worker 1,2026-07-27 13:10:45.725,0.08,-0.76,-0.37,22.22,19.78,-11.96
worker 1,2026-07-27 13:10:45.964,0.15,-0.81,-0.31,-1.46,-5.86,-23.38
worker 1,2026-07-27 13:10:46.028,0.25,-0.89,-0.27,-25.45,-4.09,-37.54
worker 1,2026-07-27 13:10:46.029,0.25,-0.89,-0.27,-25.45,-4.09,-37.54
worker 1,2026-07-27 13:10:46.030,0.3,-0.91,-0.29,-43.33,5.43,-49.62
worker 1,2026-07-27 13:10:46.031,0.3,-0.85,-0.35,-45.78,-6.41,-58.47
worker 1,2026-07-27 13:10:46.031,0.27,-0.8,-0.38,-36.5,-25.33,-67.38
worker 1,2026-07-27 13:10:46.031,0.25,-0.79,-0.34,-22.58,-25.7,-64.88
worker 1,2026-07-27 13:10:46.033,0.25,-0.79,-0.34,-22.58,-25.7,-64.88
worker 1,2026-07-27 13:10:46.033,0.23,-0.75,-0.3,-5.8,-10.74,-43.88
worker 1,2026-07-27 13:10:46.034,0.21,-0.7,-0.29,11.47,-1.53,-25.88
worker 1,2026-07-27 13:10:46.144,0.21,-0.7,-0.29,11.47,-1.53,-25.88
worker 1,2026-07-27 13:10:46.144,0.2,-0.68,-0.31,29.42,-10.8,-18.43
worker 1,2026-07-27 13:10:46.145,0.23,-0.71,-0.35,48.65,-37.96,-7.32
worker 1,2026-07-27 13:10:46.145,0.3,-0.77,-0.38,59.2,-67.93,9.89
worker 1,2026-07-27 13:10:46.269,0.33,-0.84,-0.38,54.38,-80.87,26.67
worker 1,2026-07-27 13:10:46.270,0.33,-0.84,-0.38,54.38,-80.87,26.67
worker 1,2026-07-27 13:10:46.270,0.31,-0.86,-0.37,42.97,-72.27,37.11
worker 1,2026-07-27 13:10:46.270,0.25,-0.81,-0.37,34.85,-57.8,34.36
worker 1,2026-07-27 13:10:46.327,0.19,-0.72,-0.38,33.08,-54.2,15.87
worker 1,2026-07-27 13:10:46.328,0.19,-0.72,-0.38,33.08,-54.2,15.87
worker 1,2026-07-27 13:10:46.387,0.16,-0.63,-0.35,33.2,-66.65,-13.73
worker 1,2026-07-27 13:10:46.388,0.16,-0.63,-0.35,33.2,-66.65,-13.73
worker 1,2026-07-27 13:10:46.388,0.18,-0.59,-0.3,24.6,-85.27,-47.97
worker 1,2026-07-27 13:10:46.449,0.18,-0.59,-0.3,24.6,-85.27,-47.97
worker 1,2026-07-27 13:10:46.450,0.26,-0.55,-0.33,-6.1,-95.58,-87.28
worker 1,2026-07-27 13:10:46.568,0.3,-0.68,-0.37,-40.83,-97.53,-109.56
worker 1,2026-07-27 13:10:46.568,0.27,-1.17,-0.43,-21.06,-94.3,-47.85
worker 1,2026-07-27 13:10:46.569,0.08,-1.7,-0.54,53.22,-48.22,88.32
worker 1,2026-07-27 13:10:46.624,-0.14,-1.86,-0.44,87.22,73.24,147.64
worker 1,2026-07-27 13:10:46.624,-0.15,-1.55,-0.27,39.12,222.29,63.42
worker 1,2026-07-27 13:10:46.684,-0.15,-1.55,-0.27,39.12,222.29,63.42
worker 1,2026-07-27 13:10:46.686,0.01,-1.07,-0.22,-42.79,309.27,-66.96
worker 1,2026-07-27 13:10:46.745,0.25,-0.69,-0.2,-100.22,291.99,-131.41
worker 1,2026-07-27 13:10:46.747,0.25,-0.69,-0.2,-100.22,291.99,-131.41
worker 1,2026-07-27 13:10:46.747,0.41,-0.49,-0.14,-101.56,205.26,-95.03
worker 1,2026-07-27 13:10:46.804,0.49,-0.5,-0.07,-67.57,112.79,-15.5
worker 1,2026-07-27 13:10:46.805,0.49,-0.5,-0.07,-67.57,112.79,-15.5
worker 1,2026-07-27 13:10:46.864,0.53,-0.62,-0.05,-34.85,50.11,49.01
worker 1,2026-07-27 13:10:46.865,0.53,-0.62,-0.05,-34.85,50.11,49.01
worker 1,2026-07-27 13:10:46.866,0.49,-0.75,-0.09,-17.7,15.56,77.94
worker 1,2026-07-27 13:10:46.924,0.49,-0.75,-0.09,-17.7,15.56,77.94
worker 1,2026-07-27 13:10:46.924,0.4,-0.86,-0.13,-16.3,6.23,72.88
worker 1,2026-07-27 13:10:46.986,0.31,-0.9,-0.16,-19.1,17.52,51.39
worker 1,2026-07-27 13:10:46.987,0.31,-0.9,-0.16,-19.1,17.52,51.39
worker 1,2026-07-27 13:10:46.988,0.26,-0.85,-0.16,-12.08,31.31,26.37
worker 1,2026-07-27 13:10:47.056,0.26,-0.85,-0.16,-12.08,31.31,26.37
worker 1,2026-07-27 13:10:47.056,0.28,-0.8,-0.13,-2.38,28.63,6.23
worker 1,2026-07-27 13:10:47.057,0.28,-0.8,-0.13,-2.38,28.63,6.23
worker 1,2026-07-27 13:10:47.166,0.27,-0.75,-0.08,-0.79,8.18,-9.52
worker 1,2026-07-27 13:10:47.167,0.24,-0.71,-0.01,-6.1,-21.85,-24.78
worker 1,2026-07-27 13:10:47.168,0.26,-0.68,0.04,-10.38,-63.84,-31.01
worker 1,2026-07-27 13:10:47.223,0.31,-0.73,-0.02,-7.51,-119.08,-31.62
worker 1,2026-07-27 13:10:47.224,0.31,-0.73,-0.02,-7.51,-119.08,-31.62
worker 1,2026-07-27 13:10:47.292,0.35,-1.08,-0.25,-0.12,-170.41,-50.48
worker 1,2026-07-27 13:10:47.292,0.28,-1.55,-0.63,15.56,-195.86,-72.14
worker 1,2026-07-27 13:10:47.410,0.11,-1.58,-0.91,38.45,-164.61,-60.12
worker 1,2026-07-27 13:10:47.411,0.11,-1.58,-0.91,38.45,-164.61,-60.12
worker 1,2026-07-27 13:10:47.411,0.07,-1.35,-0.85,49.74,-83.8,-47.06
worker 1,2026-07-27 13:10:47.411,0.23,-1.1,-0.69,49.5,-19.96,-61.77
worker 1,2026-07-27 13:10:47.467,0.33,-0.75,-0.66,48.28,-17.4,-82.4
worker 1,2026-07-27 13:10:47.468,0.33,-0.75,-0.66,48.28,-17.4,-82.4
worker 1,2026-07-27 13:10:47.468,0.33,-0.48,-0.63,40.16,-66.41,-98.82
worker 1,2026-07-27 13:10:47.529,0.33,-0.48,-0.63,40.16,-66.41,-98.82
worker 1,2026-07-27 13:10:47.530,0.29,-0.43,-0.52,25.33,-131.65,-93.99
worker 1,2026-07-27 13:10:47.588,0.24,-0.51,-0.5,5.07,-154.79,-38.45
worker 1,2026-07-27 13:10:47.589,0.18,-0.64,-0.65,-27.83,-115.66,56.09
worker 1,2026-07-27 13:10:47.770,0.18,-0.64,-0.65,-27.83,-115.66,56.09
worker 1,2026-07-27 13:10:47.770,0.11,-0.74,-0.77,-57.74,-64.76,131.65
worker 1,2026-07-27 13:10:47.771,0.11,-0.74,-0.77,-57.74,-64.76,131.65
worker 1,2026-07-27 13:10:47.771,0.08,-0.75,-0.74,-55.18,-28.38,140.56
worker 1,2026-07-27 13:10:47.772,0.02,-0.65,-0.57,-17.27,10.8,89.17
worker 1,2026-07-27 13:10:47.772,-0.0,-0.56,-0.39,29.05,50.84,29.91
worker 1,2026-07-27 13:10:47.773,-0.0,-0.56,-0.39,29.05,50.84,29.91
worker 1,2026-07-27 13:10:47.824,0.06,-0.53,-0.25,55.85,79.22,-0.55
worker 1,2026-07-27 13:10:47.884,0.12,-0.53,-0.17,51.57,111.15,-17.76
worker 1,2026-07-27 13:10:47.885,0.14,-0.59,-0.19,21.48,152.89,-39.67
worker 1,2026-07-27 13:10:47.944,0.3,-0.64,-0.24,-18.25,167.24,-41.02
worker 1,2026-07-27 13:10:47.944,0.5,-0.63,-0.27,-53.04,110.47,-2.2
worker 1,2026-07-27 13:10:48.064,0.5,-0.63,-0.27,-53.04,110.47,-2.2
worker 1,2026-07-27 13:10:48.064,0.53,-0.62,-0.33,-58.96,13.61,39.86
worker 1,2026-07-27 13:10:48.064,0.53,-0.64,-0.44,-35.52,-52.98,31.43
worker 1,2026-07-27 13:10:48.064,0.6,-0.64,-0.53,-15.01,-69.7,-27.34
worker 1,2026-07-27 13:10:48.188,0.6,-0.64,-0.53,-15.01,-69.7,-27.34
worker 1,2026-07-27 13:10:48.249,0.59,-0.7,-0.51,-4.39,-60.49,-80.87
worker 1,2026-07-27 13:10:48.250,0.59,-0.7,-0.51,-4.39,-60.49,-80.87
worker 1,2026-07-27 13:10:48.251,0.53,-0.99,-0.48,12.08,-36.19,-58.72
worker 1,2026-07-27 13:10:48.251,0.38,-1.33,-0.8,53.65,23.25,105.77
worker 1,2026-07-27 13:10:48.252,0.38,-1.33,-0.8,80.99,88.32,263.49
worker 1,2026-07-27 13:10:48.253,-0.13,-1.48,-1.09,80.99,88.32,263.49
worker 1,2026-07-27 13:10:48.371,-0.47,-1.48,-0.83,47.73,109.62,193.97
worker 1,2026-07-27 13:10:48.372,-0.47,-1.48,-0.83,47.73,109.62,193.97
worker 1,2026-07-27 13:10:48.372,-0.25,-1.38,-0.46,6.04,113.59,18.92
worker 1,2026-07-27 13:10:48.373,0.07,-1.06,-0.31,1.83,110.72,-50.84
worker 1,2026-07-27 13:10:48.431,0.07,-1.06,-0.31,10.99,76.05,-26.31
worker 1,2026-07-27 13:10:48.431,0.24,-0.67,-0.3,10.99,76.05,-26.31
worker 1,2026-07-27 13:10:48.432,0.25,-0.48,-0.28,6.16,29.36,-3.97
worker 1,2026-07-27 13:10:48.502,0.25,-0.48,-0.28,6.16,29.36,-3.97
worker 1,2026-07-27 13:10:48.502,0.21,-0.47,-0.26,-0.31,2.81,-4.7
worker 1,2026-07-27 13:10:48.503,0.21,-0.47,-0.26,-0.31,2.81,-4.7
worker 1,2026-07-27 13:10:48.544,0.2,-0.53,-0.3,2.87,9.09,-1.59
worker 1,2026-07-27 13:10:48.604,0.16,-0.65,-0.39,-0.55,40.95,15.26
worker 1,2026-07-27 13:10:48.604,0.16,-0.65,-0.39,-21.06,83.74,36.07
worker 1,2026-07-27 13:10:48.604,0.1,-0.74,-0.46,-21.06,83.74,36.07
worker 1,2026-07-27 13:10:48.664,-0.01,-0.84,-0.39,-59.88,129.03,42.72
worker 1,2026-07-27 13:10:48.665,-0.02,-0.98,-0.17,-94.24,157.35,24.05
worker 1,2026-07-27 13:10:48.784,-0.02,-0.98,-0.17,-94.24,157.35,24.05
worker 1,2026-07-27 13:10:48.784,0.26,-1.03,-0.01,-89.29,167.42,27.65
worker 1,2026-07-27 13:10:48.785,0.26,-1.03,-0.01,-57.62,161.87,74.4
worker 1,2026-07-27 13:10:48.785,0.51,-0.94,-0.07,-57.62,161.87,74.4
worker 1,2026-07-27 13:10:48.786,0.54,-0.84,-0.19,-30.94,118.29,95.15
worker 1,2026-07-27 13:10:48.844,0.54,-0.84,-0.19,-30.94,118.29,95.15
worker 1,2026-07-27 13:10:48.845,0.4,-0.75,-0.26,-18.62,48.58,53.1
worker 1,2026-07-27 13:10:48.907,0.26,-0.7,-0.25,-24.84,-7.39,-26.43
worker 1,2026-07-27 13:10:48.907,0.26,-0.7,-0.25,-39.49,-36.62,-86.0
worker 1,2026-07-27 13:10:49.023,0.21,-0.67,-0.12,-39.49,-36.62,-86.0
worker 1,2026-07-27 13:10:49.024,0.29,-0.66,0.01,-41.2,-56.82,-85.69
worker 1,2026-07-27 13:10:49.024,0.28,-0.99,-0.25,-25.76,-54.14,-33.14
worker 1,2026-07-27 13:10:49.143,0.28,-0.99,-0.25,-25.76,-54.14,-33.14
worker 1,2026-07-27 13:10:49.144,0.17,-1.56,-1.01,23.25,-18.68,57.56
worker 1,2026-07-27 13:10:49.144,0.17,-1.56,-1.01,73.12,40.22,115.42
worker 1,2026-07-27 13:10:49.144,0.3,-1.81,-1.37,73.12,40.22,115.42
worker 1,2026-07-27 13:10:49.145,0.61,-1.69,-0.99,63.17,66.71,40.77
worker 1,2026-07-27 13:10:49.146,0.71,-1.32,-0.48,57.86,-17.27,-146.48
worker 1,2026-07-27 13:10:49.208,0.71,-1.32,-0.48,57.86,-17.27,-146.48
worker 1,2026-07-27 13:10:49.209,0.41,-0.76,-0.31,102.05,-106.38,-268.62
worker 1,2026-07-27 13:10:49.264,-0.02,-0.2,-0.43,125.85,-96.86,-214.66
worker 1,2026-07-27 13:10:49.265,-0.02,-0.2,-0.43,125.85,-96.86,-214.66
worker 1,2026-07-27 13:10:49.265,-0.28,0.1,-0.61,94.42,-57.01,-101.07
worker 1,2026-07-27 13:10:49.334,-0.28,0.1,-0.61,94.42,-57.01,-101.07
worker 1,2026-07-27 13:10:49.335,-0.27,0.04,-0.74,31.68,-52.92,-46.14
worker 1,2026-07-27 13:10:49.391,-0.27,0.04,-0.74,31.68,-52.92,-46.14
worker 1,2026-07-27 13:10:49.391,0.06,-0.35,-0.73,-24.6,-77.88,-33.69
worker 1,2026-07-27 13:10:49.391,0.47,-0.77,-0.65,-48.71,-73.0,12.7
worker 1,2026-07-27 13:10:49.504,0.47,-0.77,-0.65,-48.71,-73.0,12.7
worker 1,2026-07-27 13:10:49.505,0.69,-0.99,-0.5,-49.38,3.54,108.22
worker 1,2026-07-27 13:10:49.505,0.89,-1.04,-0.3,-48.16,113.22,175.78
worker 1,2026-07-27 13:10:49.628,1.0,-1.02,-0.22,-41.99,168.27,178.59
worker 1,2026-07-27 13:10:49.628,0.74,-0.92,-0.12,-24.11,127.62,137.57
worker 1,2026-07-27 13:10:49.629,0.38,-0.91,-0.29,10.19,68.24,61.46
worker 1,2026-07-27 13:10:49.684,0.24,-0.95,-0.67,36.13,57.68,10.01
worker 1,2026-07-27 13:10:49.685,0.24,-0.95,-0.67,36.13,57.68,10.01
worker 1,2026-07-27 13:10:49.685,0.24,-0.91,-0.64,15.01,53.34,-3.97
worker 1,2026-07-27 13:10:49.751,0.2,-0.88,-0.32,-27.16,37.17,-28.56
worker 1,2026-07-27 13:10:49.752,0.2,-0.88,-0.32,-27.16,37.17,-28.56
worker 1,2026-07-27 13:10:49.807,0.17,-0.8,-0.15,-39.98,28.63,-49.5
worker 1,2026-07-27 13:10:49.808,0.17,-0.8,-0.15,-39.98,28.63,-49.5
worker 1,2026-07-27 13:10:49.808,0.09,-0.69,-0.26,-19.71,13.61,-42.24
worker 1,2026-07-27 13:10:49.879,0.09,-0.69,-0.26,-19.71,13.61,-42.24
worker 1,2026-07-27 13:10:49.881,-0.1,-0.71,-0.38,3.3,-24.84,28.08
worker 1,2026-07-27 13:10:49.882,-0.23,-0.96,-0.37,23.5,-73.97,138.79
worker 1,2026-07-27 13:10:49.925,-0.23,-0.96,-0.37,23.5,-73.97,138.79
worker 1,2026-07-27 13:10:49.925,0.04,-1.19,-0.3,40.34,-92.04,178.47
worker 1,2026-07-27 13:10:49.926,0.04,-1.19,-0.3,40.34,-92.04,178.47
worker 1,2026-07-27 13:10:49.983,0.43,-1.14,-0.24,34.42,-46.39,136.23
worker 1,2026-07-27 13:10:49.984,0.43,-1.14,-0.24,10.01,30.33,79.65
worker 1,2026-07-27 13:10:50.105,0.34,-0.98,-0.2,10.01,30.33,79.65
worker 1,2026-07-27 13:10:50.106,0.1,-0.87,-0.22,-8.48,55.24,39.43
worker 1,2026-07-27 13:10:50.106,0.02,-0.86,-0.24,-15.26,16.11,21.42
worker 1,2026-07-27 13:10:50.107,0.02,-0.86,-0.24,-15.26,16.11,21.42
worker 1,2026-07-27 13:10:50.176,0.02,-0.92,-0.24,-16.85,-23.86,15.01
worker 1,2026-07-27 13:10:50.177,0.09,-0.98,-0.25,-16.66,-34.79,16.97
worker 1,2026-07-27 13:10:50.224,0.26,-1.0,-0.26,-16.54,-23.86,18.86
worker 1,2026-07-27 13:10:50.347,0.42,-1.14,-0.17,-17.27,2.75,14.1
worker 1,2026-07-27 13:10:50.347,0.48,-1.36,-0.1,-10.93,27.65,-4.27
worker 1,2026-07-27 13:10:50.404,0.48,-1.36,-0.1,-10.93,27.65,-4.27
worker 1,2026-07-27 13:10:50.405,0.36,-1.3,-0.28,7.14,-7.39,-58.47
worker 1,2026-07-27 13:10:50.405,-0.29,-0.96,-0.57,-9.95,-172.0,-192.26
worker 1,2026-07-27 13:10:50.535,-0.29,-0.96,-0.57,-9.95,-172.0,-192.26
worker 1,2026-07-27 13:10:50.536,-0.2,-0.91,-0.37,-40.47,-41.81,-154.3
worker 1,2026-07-27 13:10:50.536,-0.0,-0.9,-0.19,-36.01,142.88,-68.97
worker 1,2026-07-27 13:10:50.537,-0.0,-0.9,-0.19,-36.01,142.88,-68.97
worker 1,2026-07-27 13:10:50.537,0.02,-0.88,-0.11,1.1,205.2,14.34
worker 1,2026-07-27 13:10:50.583,0.02,-0.88,-0.11,1.1,205.2,14.34
worker 1,2026-07-27 13:10:50.584,-0.01,-0.77,-0.23,36.93,122.07,58.23
worker 1,2026-07-27 13:10:50.643,-0.02,-0.63,-0.42,50.42,-14.77,37.23
worker 1,2026-07-27 13:10:50.644,-0.02,-0.57,-0.41,45.96,-99.18,-13.98
worker 1,2026-07-27 13:10:50.704,0.07,-0.64,-0.22,36.25,-104.92,-33.63
worker 1,2026-07-27 13:10:50.772,0.26,-0.82,-0.11,30.03,-69.09,-2.81
worker 1,2026-07-27 13:10:50.773,0.26,-0.82,-0.11,30.03,-69.09,-2.81
worker 1,2026-07-27 13:10:50.773,0.45,-0.97,-0.24,22.46,-45.47,35.64
worker 1,2026-07-27 13:10:50.833,0.51,-0.97,-0.45,9.34,-53.65,36.68
worker 1,2026-07-27 13:10:50.834,0.51,-0.97,-0.45,9.34,-53.65,36.68
worker 1,2026-07-27 13:10:50.892,0.42,-0.97,-0.45,-1.53,-70.25,13.18
worker 1,2026-07-27 13:10:50.893,0.18,-1.25,-0.33,-3.42,-61.71,-0.37
worker 1,2026-07-27 13:10:50.951,0.18,-1.25,-0.33,-3.42,-61.71,-0.37
worker 1,2026-07-27 13:10:50.951,-0.01,-1.19,-0.35,1.59,-4.15,14.77
worker 1,2026-07-27 13:10:50.952,-0.01,-1.19,-0.35,1.59,-4.15,14.77
worker 1,2026-07-27 13:10:51.003,-0.1,-0.75,-0.34,-5.31,46.57,20.08
worker 1,2026-07-27 13:10:51.004,-0.22,-0.7,-0.21,-27.89,10.13,-14.65
worker 1,2026-07-27 13:10:51.065,-0.06,-0.91,-0.27,-35.34,-91.67,-45.9
worker 1,2026-07-27 13:10:51.123,-0.06,-0.91,-0.27,-35.34,-91.67,-45.9
worker 1,2026-07-27 13:10:51.123,0.22,-0.99,-0.46,-16.11,-150.15,-40.95
worker 1,2026-07-27 13:10:51.124,0.22,-0.99,-0.46,-16.11,-150.15,-40.95
worker 1,2026-07-27 13:10:51.124,0.12,-0.95,-0.43,4.52,-91.06,-7.32
worker 1,2026-07-27 13:10:51.184,-0.02,-0.88,-0.32,13.0,12.63,33.87
worker 1,2026-07-27 13:10:51.189,-0.02,-0.88,-0.32,13.0,12.63,33.87
worker 1,2026-07-27 13:10:51.244,0.03,-0.85,-0.25,10.13,58.59,57.62
worker 1,2026-07-27 13:10:51.244,0.08,-0.85,-0.2,0.12,45.47,58.41
worker 1,2026-07-27 13:10:51.311,0.11,-0.85,-0.23,-5.62,20.32,55.91
worker 1,2026-07-27 13:10:51.312,0.11,-0.85,-0.23,-5.62,20.32,55.91
worker 1,2026-07-27 13:10:51.365,0.14,-0.88,-0.27,-7.81,10.74,56.46
worker 1,2026-07-27 13:10:51.366,0.19,-0.97,-0.24,-11.84,16.17,54.26
worker 1,2026-07-27 13:10:51.427,0.19,-0.97,-0.24,-11.84,16.17,54.26
worker 1,2026-07-27 13:10:51.483,0.29,-1.06,-0.18,-15.93,36.93,47.97
worker 1,2026-07-27 13:10:51.483,0.29,-1.06,-0.18,-16.85,59.2,36.13
worker 1,2026-07-27 13:10:51.483,0.47,-1.13,-0.14,-16.85,59.2,36.13
worker 1,2026-07-27 13:10:51.484,0.58,-1.28,-0.09,-16.17,43.7,6.16
worker 1,2026-07-27 13:10:51.543,0.44,-1.33,-0.17,-7.75,-22.4,-57.43
worker 1,2026-07-27 13:10:51.544,0.44,-1.33,-0.17,-7.75,-22.4,-57.43
worker 1,2026-07-27 13:10:51.604,0.13,-1.17,-0.41,4.64,-117.31,-144.23
worker 1,2026-07-27 13:10:51.664,0.13,-1.17,-0.41,4.64,-117.31,-144.23
worker 1,2026-07-27 13:10:51.665,-0.19,-1.04,-0.46,-2.44,-152.53,-193.97
worker 1,2026-07-27 13:10:51.665,-0.22,-0.99,-0.23,-19.65,-31.25,-158.02
worker 1,2026-07-27 13:10:51.723,-0.07,-0.98,-0.01,-11.23,141.24,-58.84
worker 1,2026-07-27 13:10:51.724,-0.07,-0.98,-0.01,-11.23,141.24,-58.84
worker 1,2026-07-27 13:10:51.724,-0.04,-0.96,-0.03,16.78,179.2,44.86
worker 1,2026-07-27 13:10:51.784,-0.04,-0.96,-0.03,16.78,179.2,44.86
worker 1,2026-07-27 13:10:51.784,-0.09,-0.85,-0.29,41.93,64.58,77.15
worker 1,2026-07-27 13:10:51.850,-0.15,-0.66,-0.52,56.88,-80.32,18.13
worker 1,2026-07-27 13:10:51.850,-0.13,-0.5,-0.54,55.6,-150.51,-54.08
worker 1,2026-07-27 13:10:51.908,-0.13,-0.5,-0.54,55.6,-150.51,-54.08
worker 1,2026-07-27 13:10:51.908,0.03,-0.52,-0.37,41.44,-135.68,-64.21
worker 1,2026-07-27 13:10:52.024,0.29,-0.76,-0.18,23.38,-78.43,-10.86
worker 1,2026-07-27 13:10:52.024,0.57,-1.09,-0.2,4.7,-41.02,54.32
worker 1,2026-07-27 13:10:52.024,0.6,-1.08,-0.34,-13.61,-52.61,72.69
worker 1,2026-07-27 13:10:52.085,0.22,-1.08,-0.29,-23.19,-87.04,24.48
worker 1,2026-07-27 13:10:52.086,-0.19,-1.29,-0.18,-14.47,-87.16,-31.8
worker 1,2026-07-27 13:10:52.144,-0.19,-1.09,-0.26,-1.89,-54.87,-35.52
worker 1,2026-07-27 13:10:52.145,-0.19,-1.09,-0.26,-1.89,-54.87,-35.52
worker 1,2026-07-27 13:10:52.268,-0.11,-0.74,-0.33,-6.9,-53.96,-27.28
worker 1,2026-07-27 13:10:52.269,-0.11,-0.74,-0.33,-6.9,-53.96,-27.28
worker 1,2026-07-27 13:10:52.269,-0.15,-0.77,-0.32,-15.62,-102.6,-41.63
worker 1,2026-07-27 13:10:52.269,0.14,-0.92,-0.46,-7.39,-172.97,-52.12
worker 1,2026-07-27 13:10:52.270,0.14,-0.92,-0.46,-7.39,-172.97,-52.12
worker 1,2026-07-27 13:10:52.384,0.28,-0.96,-0.43,2.81,-183.17,-51.51
worker 1,2026-07-27 13:10:52.384,0.02,-0.92,-0.23,7.2,-89.29,-25.33
worker 1,2026-07-27 13:10:52.385,-0.05,-0.85,-0.22,13.43,-8.0,17.52
worker 1,2026-07-27 13:10:52.387,-0.05,-0.85,-0.22,13.43,-8.0,17.52
worker 1,2026-07-27 13:10:52.444,0.03,-0.85,-0.25,13.0,-16.6,34.79
worker 1,2026-07-27 13:10:52.444,0.03,-0.84,-0.29,10.8,-42.05,36.62
worker 1,2026-07-27 13:10:52.507,0.08,-0.85,-0.34,10.93,-41.08,44.49
worker 1,2026-07-27 13:10:52.563,0.2,-0.94,-0.29,1.59,-23.38,47.91
worker 1,2026-07-27 13:10:52.564,0.2,-0.94,-0.29,1.59,-23.38,47.91
worker 1,2026-07-27 13:10:52.564,0.37,-1.04,-0.15,-11.11,5.62,44.07
worker 1,2026-07-27 13:10:52.632,0.37,-1.04,-0.15,-11.11,5.62,44.07
worker 1,2026-07-27 13:10:52.632,0.49,-1.17,-0.04,-16.11,22.58,30.46
worker 1,2026-07-27 13:10:52.633,0.49,-1.17,-0.04,-13.31,-3.72,-5.07
worker 1,2026-07-27 13:10:52.753,0.56,-1.34,-0.05,-13.31,-3.72,-5.07
worker 1,2026-07-27 13:10:52.753,0.44,-1.26,-0.24,-2.5,-74.52,-70.68
worker 1,2026-07-27 13:10:52.754,0.44,-1.26,-0.24,-2.5,-74.52,-70.68
worker 1,2026-07-27 13:10:52.754,0.08,-1.07,-0.5,7.32,-119.14,-137.02
worker 1,2026-07-27 13:10:52.755,0.08,-1.07,-0.5,7.32,-119.14,-137.02
worker 1,2026-07-27 13:10:52.874,-0.21,-1.08,-0.44,7.87,-56.52,-150.45
worker 1,2026-07-27 13:10:52.875,-0.23,-1.14,-0.22,8.54,69.09,-105.22
worker 1,2026-07-27 13:10:52.875,-0.07,-1.09,-0.23,13.55,136.78,-34.36
worker 1,2026-07-27 13:10:52.933,-0.03,-0.92,-0.37,22.22,119.87,17.94
worker 1,2026-07-27 13:10:52.934,-0.03,-0.92,-0.37,22.22,119.87,17.94
worker 1,2026-07-27 13:10:52.934,-0.13,-0.71,-0.42,35.03,47.97,15.87
worker 1,2026-07-27 13:10:52.992,-0.13,-0.71,-0.42,35.03,47.97,15.87
worker 1,2026-07-27 13:10:52.993,-0.17,-0.54,-0.38,41.14,-47.91,-21.0
worker 1,2026-07-27 13:10:53.054,-0.14,-0.41,-0.37,33.69,-115.78,-51.09
worker 1,2026-07-27 13:10:53.054,-0.04,-0.45,-0.29,20.2,-122.62,-50.66
worker 1,2026-07-27 13:10:53.110,-0.04,-0.45,-0.29,20.2,-122.62,-50.66
worker 1,2026-07-27 13:10:53.111,0.23,-0.77,-0.19,12.08,-80.38,-10.5
worker 1,2026-07-27 13:10:53.164,0.58,-1.2,-0.26,9.64,-51.88,38.02
worker 1,2026-07-27 13:10:53.164,0.62,-1.2,-0.43,3.17,-70.43,42.48
worker 1,2026-07-27 13:10:53.230,0.62,-1.2,-0.43,3.17,-70.43,42.48
worker 1,2026-07-27 13:10:53.284,0.3,-1.02,-0.37,-4.03,-90.45,3.42
worker 1,2026-07-27 13:10:53.285,0.1,-1.19,-0.34,6.1,-34.3,6.23
worker 1,2026-07-27 13:10:53.286,0.1,-1.19,-0.34,6.1,-34.3,6.23
worker 1,2026-07-27 13:10:53.403,0.12,-1.07,-0.44,25.82,82.58,84.41
worker 1,2026-07-27 13:10:53.404,-0.06,-0.68,-0.38,23.01,140.81,106.14
worker 1,2026-07-27 13:10:53.405,-0.06,-0.68,-0.38,23.01,140.81,106.14
worker 1,2026-07-27 13:10:53.406,-0.27,-0.69,-0.21,-13.67,60.91,21.42
worker 1,2026-07-27 13:10:53.412,-0.04,-1.02,-0.13,-50.05,-92.35,-58.65
worker 1,2026-07-27 13:10:53.463,-0.04,-1.02,-0.13,-50.05,-92.35,-58.65
worker 1,2026-07-27 13:10:53.464,0.12,-1.14,-0.18,-44.92,-152.53,-70.62
worker 1,2026-07-27 13:10:53.534,-0.04,-0.99,-0.27,-14.83,-105.53,-35.77
worker 1,2026-07-27 13:10:53.535,-0.04,-0.99,-0.27,-14.83,-105.53,-35.77
worker 1,2026-07-27 13:10:53.535,-0.09,-0.84,-0.34,6.53,-50.72,6.77
worker 1,2026-07-27 13:10:53.592,-0.09,-0.84,-0.34,6.53,-50.72,6.77
worker 1,2026-07-27 13:10:53.592,0.01,-0.8,-0.34,11.11,-19.59,29.85
worker 1,2026-07-27 13:10:53.657,0.09,-0.82,-0.26,2.99,-14.53,29.24
worker 1,2026-07-27 13:10:53.657,0.11,-0.85,-0.22,-2.01,-11.96,31.13
worker 1,2026-07-27 13:10:53.704,0.11,-0.85,-0.22,-2.01,-11.96,31.13
worker 1,2026-07-27 13:10:53.705,0.09,-0.89,-0.25,0.06,2.56,44.01
worker 1,2026-07-27 13:10:53.767,0.11,-0.93,-0.28,-2.2,11.78,51.33
worker 1,2026-07-27 13:10:53.768,0.17,-1.0,-0.25,-11.35,14.4,45.78
worker 1,2026-07-27 13:10:53.851,0.17,-1.0,-0.25,-11.35,14.4,45.78
worker 1,2026-07-27 13:10:53.852,0.3,-1.08,-0.17,-20.63,21.0,32.17
worker 1,2026-07-27 13:10:53.949,0.47,-1.23,-0.06,-23.13,21.18,9.95
worker 1,2026-07-27 13:10:53.950,0.47,-1.23,-0.06,-23.13,21.18,9.95
worker 1,2026-07-27 13:10:53.950,0.48,-1.36,-0.02,-15.38,-4.03,-35.16
worker 1,2026-07-27 13:10:53.952,0.48,-1.36,-0.02,-15.38,-4.03,-35.16
worker 1,2026-07-27 13:10:53.952,0.29,-1.19,-0.26,-3.23,-72.45,-109.44
worker 1,2026-07-27 13:10:54.004,-0.02,-1.01,-0.43,-2.01,-139.16,-172.36
worker 1,2026-07-27 13:10:54.004,-0.21,-1.03,-0.29,-8.91,-85.27,-167.05
worker 1,2026-07-27 13:10:54.183,-0.21,-1.03,-0.29,-8.91,-85.27,-167.05
worker 1,2026-07-27 13:10:54.184,-0.1,-1.08,-0.16,-2.75,71.59,-98.88
worker 1,2026-07-27 13:10:54.184,0.04,-1.06,-0.22,15.93,169.86,-12.88
worker 1,2026-07-27 13:10:54.185,-0.02,-0.96,-0.31,35.1,137.57,40.16
worker 1,2026-07-27 13:10:54.186,-0.15,-0.81,-0.3,49.99,27.04,36.07
worker 1,2026-07-27 13:10:54.255,-0.19,-0.63,-0.31,55.18,-85.51,3.11
worker 1,2026-07-27 13:10:54.256,-0.19,-0.63,-0.31,55.18,-85.51,3.11
worker 1,2026-07-27 13:10:54.256,-0.12,-0.51,-0.33,50.48,-143.37,-29.36
worker 1,2026-07-27 13:10:54.311,-0.12,-0.51,-0.33,50.48,-143.37,-29.36
worker 1,2026-07-27 13:10:54.311,0.02,-0.52,-0.31,42.48,-127.08,-30.76
worker 1,2026-07-27 13:10:54.364,0.02,-0.52,-0.31,34.3,-78.19,8.85
worker 1,2026-07-27 13:10:54.364,0.33,-0.74,-0.34,34.3,-78.19,8.85
worker 1,2026-07-27 13:10:54.365,0.58,-1.05,-0.36,18.92,-56.34,40.59
worker 1,2026-07-27 13:10:54.425,0.58,-1.05,-0.36,18.92,-56.34,40.59
worker 1,2026-07-27 13:10:54.426,0.51,-1.05,-0.24,-2.32,-86.12,21.73
worker 1,2026-07-27 13:10:54.427,0.51,-1.05,-0.24,-2.32,-86.12,21.73
worker 1,2026-07-27 13:10:54.484,0.26,-1.1,0.07,-16.6,-134.28,-31.86
worker 1,2026-07-27 13:10:54.555,0.09,-1.42,-0.05,-9.28,-101.44,-27.65
worker 1,2026-07-27 13:10:54.555,0.14,-1.2,-0.59,21.61,41.63,70.56
worker 1,2026-07-27 13:10:54.556,0.14,-1.2,-0.59,21.61,41.63,70.56
worker 1,2026-07-27 13:10:54.605,0.03,-0.62,-0.73,30.33,141.3,112.79
worker 1,2026-07-27 13:10:54.670,-0.3,-0.57,-0.43,-10.38,66.83,21.73
worker 1,2026-07-27 13:10:54.674,-0.3,-0.57,-0.43,-10.38,66.83,21.73
worker 1,2026-07-27 13:10:54.674,-0.14,-0.97,-0.16,-52.55,-99.73,-81.3
worker 1,2026-07-27 13:10:54.724,0.1,-1.13,-0.12,-45.29,-155.58,-84.11
worker 1,2026-07-27 13:10:54.725,-0.01,-0.95,-0.25,-7.51,-83.01,-13.06
worker 1,2026-07-27 13:10:54.786,-0.01,-0.95,-0.25,-7.51,-83.01,-13.06
worker 1,2026-07-27 13:10:54.786,0.0,-0.84,-0.4,12.88,-24.05,37.35
worker 1,2026-07-27 13:10:54.847,0.0,-0.84,-0.4,12.88,-24.05,37.35
worker 1,2026-07-27 13:10:54.847,0.08,-0.85,-0.37,5.13,-12.45,35.95
worker 1,2026-07-27 13:10:54.903,0.12,-0.88,-0.25,-8.36,-12.08,23.44
worker 1,2026-07-27 13:10:54.903,0.11,-0.89,-0.19,-9.03,-0.06,29.54
worker 1,2026-07-27 13:10:54.907,0.11,-0.89,-0.19,-9.03,-0.06,29.54
worker 1,2026-07-27 13:10:54.964,0.12,-0.9,-0.19,-4.46,12.08,41.5
worker 1,2026-07-27 13:10:54.965,0.12,-0.9,-0.19,-4.46,12.08,41.5
worker 1,2026-07-27 13:10:55.023,0.2,-0.94,-0.2,-3.54,14.34,48.22
worker 1,2026-07-27 13:10:55.024,0.2,-0.94,-0.2,-6.59,24.11,46.69
worker 1,2026-07-27 13:10:55.024,0.32,-1.03,-0.19,-6.59,24.11,46.69
worker 1,2026-07-27 13:10:55.091,0.39,-1.27,-0.14,-9.34,35.58,33.2
worker 1,2026-07-27 13:10:55.091,0.44,-1.41,-0.2,-3.05,21.67,-3.66
worker 1,2026-07-27 13:10:55.144,0.44,-1.41,-0.2,-3.05,21.67,-3.66
worker 1,2026-07-27 13:10:55.144,0.34,-1.15,-0.46,9.83,-33.51,-75.13
worker 1,2026-07-27 13:10:55.205,0.34,-1.15,-0.46,9.83,-33.51,-75.13
worker 1,2026-07-27 13:10:55.205,-0.0,-0.9,-0.61,4.58,-94.42,-159.12
worker 1,2026-07-27 13:10:55.207,-0.29,-0.92,-0.52,-21.91,-66.04,-191.28
worker 1,2026-07-27 13:10:55.275,-0.29,-0.92,-0.52,-21.91,-66.04,-191.28
worker 1,2026-07-27 13:10:55.275,-0.26,-0.97,-0.39,-33.39,67.57,-130.86
worker 1,2026-07-27 13:10:55.383,-0.26,-0.97,-0.39,-33.39,67.57,-130.86
worker 1,2026-07-27 13:10:55.383,-0.09,-0.9,-0.24,-8.91,175.78,-11.84
worker 1,2026-07-27 13:10:55.384,0.01,-0.77,-0.24,24.23,154.85,78.55
worker 1,2026-07-27 13:10:55.385,0.01,-0.77,-0.24,24.23,154.85,78.55
worker 1,2026-07-27 13:10:55.392,0.01,-0.6,-0.4,38.15,56.95,81.85
worker 1,2026-07-27 13:10:55.451,0.01,-0.6,-0.4,38.15,56.95,81.85
worker 1,2026-07-27 13:10:55.451,-0.07,-0.45,-0.51,30.94,-10.25,32.84
worker 1,2026-07-27 13:10:55.509,-0.11,-0.51,-0.46,8.12,-14.4,6.04
worker 1,2026-07-27 13:10:55.509,0.15,-0.84,-0.3,-11.23,12.57,31.68
worker 1,2026-07-27 13:10:55.510,0.15,-0.84,-0.3,-11.23,12.57,31.68
worker 1,2026-07-27 13:10:55.564,0.59,-1.24,-0.2,-6.04,51.94,82.46
worker 1,2026-07-27 13:10:55.628,0.62,-1.26,-0.11,10.62,77.82,96.25
worker 1,2026-07-27 13:10:55.629,0.62,-1.26,-0.11,10.62,77.82,96.25
worker 1,2026-07-27 13:10:55.629,0.17,-1.02,0.04,6.59,49.38,33.51
worker 1,2026-07-27 13:10:55.683,0.17,-1.02,0.04,6.59,49.38,33.51
worker 1,2026-07-27 13:10:55.684,-0.23,-1.1,-0.14,-6.04,-10.19,-36.56
worker 1,2026-07-27 13:10:55.684,-0.1,-1.12,-0.65,4.94,-28.26,-16.48
worker 1,2026-07-27 13:10:55.745,-0.1,-1.12,-0.65,4.94,-28.26,-16.48
worker 1,2026-07-27 13:10:55.745,0.08,-0.77,-0.86,19.9,17.27,42.05
worker 1,2026-07-27 13:10:55.746,0.08,-0.77,-0.86,19.9,17.27,42.05
worker 1,2026-07-27 13:10:55.865,-0.03,-0.71,-0.6,5.25,68.66,50.29
worker 1,2026-07-27 13:10:55.865,-0.08,-0.98,-0.26,-22.46,112.67,38.33
worker 1,2026-07-27 13:10:55.866,-0.14,-1.1,-0.15,-23.07,194.95,57.13
worker 1,2026-07-27 13:10:55.932,-0.15,-1.05,-0.16,-4.88,256.41,77.27
worker 1,2026-07-27 13:10:55.933,-0.15,-1.05,-0.16,-4.88,256.41,77.27
worker 1,2026-07-27 13:10:55.988,-0.04,-1.0,-0.16,-0.37,219.79,56.7
worker 1,2026-07-27 13:10:55.989,-0.04,-1.0,-0.16,-0.37,219.79,56.7
worker 1,2026-07-27 13:10:55.989,0.01,-0.96,-0.12,-8.36,126.4,8.42
worker 1,2026-07-27 13:10:56.057,0.01,-0.96,-0.12,-8.36,126.4,8.42
worker 1,2026-07-27 13:10:56.058,0.01,-0.96,-0.12,-8.36,126.4,8.42
worker 1,2026-07-27 13:10:56.112,0.03,-0.95,0.03,-14.28,48.28,-8.85
worker 1,2026-07-27 13:10:56.112,0.03,-0.95,0.03,-12.82,57.19,8.3
worker 1,2026-07-27 13:10:56.112,0.07,-0.93,0.01,-12.82,57.19,8.3
worker 1,2026-07-27 13:10:56.172,0.16,-0.9,-0.08,-10.25,38.76,13.12
worker 1,2026-07-27 13:10:56.224,0.23,-0.88,-0.16,-7.08,7.57,3.54
worker 1,2026-07-27 13:10:56.224,0.22,-0.92,-0.18,-4.7,-2.32,-6.1
worker 1,2026-07-27 13:10:56.284,0.22,-0.92,-0.18,-4.7,-2.32,-6.1
worker 1,2026-07-27 13:10:56.284,0.16,-0.95,-0.2,-5.92,7.26,-7.45
worker 1,2026-07-27 13:10:56.285,0.16,-0.95,-0.2,-13.18,10.31,-12.21
worker 1,2026-07-27 13:10:56.347,0.09,-0.92,-0.22,-13.18,10.31,-12.21
worker 1,2026-07-27 13:10:56.347,0.08,-0.88,-0.24,-19.17,-9.28,-21.36
worker 1,2026-07-27 13:10:56.407,0.17,-0.86,-0.25,-18.43,-30.7,-27.77
worker 1,2026-07-27 13:10:56.464,0.23,-0.84,-0.19,-16.42,-9.03,-30.58
worker 1,2026-07-27 13:10:56.465,0.23,-0.84,-0.19,-16.42,-9.03,-30.58
worker 1,2026-07-27 13:10:56.530,0.29,-0.81,-0.13,-17.27,44.01,-28.38
worker 1,2026-07-27 13:10:56.533,0.42,-0.79,-0.08,-21.67,66.65,-27.65
worker 1,2026-07-27 13:10:56.584,0.5,-0.87,-0.01,-31.98,19.47,-50.48
worker 1,2026-07-27 13:10:56.585,0.5,-0.87,-0.01,-31.98,19.47,-50.48
worker 1,2026-07-27 13:10:56.585,0.32,-1.19,-0.13,-41.32,-114.2,-98.39
worker 1,2026-07-27 13:10:56.663,0.32,-1.19,-0.13,-41.32,-114.2,-98.39
worker 1,2026-07-27 13:10:56.664,-0.0,-1.36,-0.49,-21.36,-245.85,-133.6
worker 1,2026-07-27 13:10:56.704,-0.19,-1.23,-0.73,11.78,-137.15,-110.23
worker 1,2026-07-27 13:10:56.705,-0.19,-1.23,-0.73,11.78,-137.15,-110.23
worker 1,2026-07-27 13:10:56.705,-0.02,-1.07,-0.84,42.6,171.2,-6.41
worker 1,2026-07-27 13:10:56.764,-0.02,-1.07,-0.84,42.6,171.2,-6.41
worker 1,2026-07-27 13:10:56.765,0.27,-0.93,-0.8,72.45,337.4,94.42
worker 1,2026-07-27 13:10:56.827,0.31,-0.8,-0.43,70.43,276.18,89.42
worker 1,2026-07-27 13:10:56.828,0.24,-0.65,-0.1,47.3,141.54,22.34
worker 1,2026-07-27 13:10:56.889,0.24,-0.53,-0.08,29.05,49.8,-10.8
worker 1,2026-07-27 13:10:56.944,0.28,-0.5,-0.23,17.7,33.2,8.24
worker 1,2026-07-27 13:10:56.946,0.28,-0.5,-0.23,17.7,33.2,8.24
worker 1,2026-07-27 13:10:56.946,0.32,-0.48,-0.26,15.14,53.53,24.41
worker 1,2026-07-27 13:10:57.004,0.41,-0.47,0.02,26.55,77.45,-4.52
worker 1,2026-07-27 13:10:57.005,0.41,-0.47,0.02,26.55,77.45,-4.52
worker 1,2026-07-27 13:10:57.072,0.48,-0.87,0.58,51.45,113.1,-53.22
worker 1,2026-07-27 13:10:57.075,0.48,-0.87,0.58,51.45,113.1,-53.22
worker 1,2026-07-27 13:10:57.076,0.38,-1.25,0.58,80.63,136.9,-87.71
worker 1,2026-07-27 13:10:57.183,0.38,-1.25,0.58,80.63,136.9,-87.71
worker 1,2026-07-27 13:10:57.184,0.37,-0.97,0.07,92.65,86.36,-145.02
worker 1,2026-07-27 13:10:57.184,0.57,-0.72,-0.01,77.7,14.16,-208.8
worker 1,2026-07-27 13:10:57.184,0.84,-0.8,0.14,57.43,1.1,-212.95
worker 1,2026-07-27 13:10:57.251,0.84,-0.8,0.14,57.43,1.1,-212.95
worker 1,2026-07-27 13:10:57.251,1.12,-0.56,0.54,34.85,32.04,-277.53
worker 1,2026-07-27 13:10:57.369,1.23,-0.18,0.81,-4.27,44.56,-442.57
worker 1,2026-07-27 13:10:57.370,1.08,-0.05,0.43,-20.39,-20.32,-455.26
worker 1,2026-07-27 13:10:57.371,1.08,-0.05,0.43,-20.39,-20.32,-455.26
worker 1,2026-07-27 13:10:57.371,0.81,0.13,0.16,21.55,-88.32,-290.47
worker 1,2026-07-27 13:10:57.372,0.81,0.13,0.16,21.55,-88.32,-290.47
worker 1,2026-07-27 13:10:57.425,0.57,0.36,0.32,46.26,-74.16,-211.43
worker 1,2026-07-27 13:10:57.425,0.43,0.76,0.51,8.06,5.68,-294.25
worker 1,2026-07-27 13:10:57.484,0.43,0.76,0.51,8.06,5.68,-294.25
worker 1,2026-07-27 13:10:57.484,0.43,1.05,0.47,-9.58,70.25,-311.52
worker 1,2026-07-27 13:10:57.485,0.43,1.05,0.47,-9.58,70.25,-311.52
worker 1,2026-07-27 13:10:57.544,0.53,0.97,0.31,16.66,59.75,-156.49
worker 1,2026-07-27 13:10:57.544,0.58,0.82,0.22,26.86,17.7,-10.62
worker 1,2026-07-27 13:10:57.604,0.53,0.79,0.22,10.68,-6.16,29.48
worker 1,2026-07-27 13:10:57.605,0.53,0.79,0.22,10.68,-6.16,29.48
worker 1,2026-07-27 13:10:57.664,0.45,0.81,0.24,-5.37,-8.3,9.7
worker 1,2026-07-27 13:10:57.675,0.41,0.85,0.28,-9.46,-4.33,-14.04
worker 1,2026-07-27 13:10:57.783,0.41,0.85,0.28,-9.46,-4.33,-14.04
worker 1,2026-07-27 13:10:57.783,0.42,0.85,0.32,-5.86,-4.03,-21.91
worker 1,2026-07-27 13:10:57.784,0.42,0.85,0.32,-5.86,-4.03,-21.91
worker 1,2026-07-27 13:10:57.784,0.45,0.82,0.31,-1.77,-5.68,-18.13
worker 1,2026-07-27 13:10:57.785,0.45,0.76,0.27,-2.44,-6.16,-6.71
worker 1,2026-07-27 13:10:57.850,0.45,0.76,0.27,-2.44,-6.16,-6.71
worker 1,2026-07-27 13:10:57.850,0.43,0.71,0.24,-3.97,-7.63,8.67
worker 1,2026-07-27 13:10:57.851,0.43,0.71,0.24,-3.97,-7.63,8.67
worker 1,2026-07-27 13:10:57.904,0.5,0.77,0.27,2.87,-13.24,18.86
worker 1,2026-07-27 13:10:57.904,0.67,0.94,0.36,15.69,-18.8,13.12
worker 1,2026-07-27 13:10:57.983,0.67,0.94,0.36,15.69,-18.8,13.12
worker 1,2026-07-27 13:10:57.983,0.69,0.99,0.39,20.2,-15.26,-6.29
worker 1,2026-07-27 13:10:58.024,0.52,0.86,0.31,11.47,-2.38,-23.19
worker 1,2026-07-27 13:10:58.025,0.34,0.72,0.2,0.49,8.18,-24.29
worker 1,2026-07-27 13:10:58.087,0.34,0.72,0.2,0.49,8.18,-24.29
worker 1,2026-07-27 13:10:58.089,0.31,0.66,0.15,-2.01,4.46,-8.61
worker 1,2026-07-27 13:10:58.144,0.46,0.74,0.17,6.59,-12.33,10.68
worker 1,2026-07-27 13:10:58.144,0.46,0.74,0.17,16.91,-27.1,16.78
worker 1,2026-07-27 13:10:58.211,0.65,0.93,0.23,16.91,-27.1,16.78
worker 1,2026-07-27 13:10:58.211,0.7,1.02,0.27,13.43,-27.77,7.26
worker 1,2026-07-27 13:10:58.266,0.59,0.92,0.24,-1.77,-16.78,-5.55
worker 1,2026-07-27 13:10:58.267,0.49,0.78,0.21,-12.63,-7.57,-10.86
worker 1,2026-07-27 13:10:58.331,0.49,0.78,0.21,-12.63,-7.57,-10.86
worker 1,2026-07-27 13:10:58.332,0.49,0.78,0.22,-11.54,-7.87,-7.63
worker 1,2026-07-27 13:10:58.384,0.54,0.87,0.27,-3.66,-11.23,-2.14
worker 1,2026-07-27 13:10:58.385,0.55,0.91,0.33,5.13,-8.54,-2.56
worker 1,2026-07-27 13:10:58.448,0.55,0.91,0.33,5.13,-8.54,-2.56
worker 1,2026-07-27 13:10:58.450,0.48,0.86,0.35,11.29,0.37,-10.99
worker 1,2026-07-27 13:10:58.504,0.37,0.75,0.27,11.72,9.34,-14.53
worker 1,2026-07-27 13:10:58.504,0.32,0.63,0.15,5.8,11.17,0.12
worker 1,2026-07-27 13:10:58.564,0.4,0.61,0.11,2.2,3.72,28.69
worker 1,2026-07-27 13:10:58.624,0.56,0.69,0.15,5.25,-5.68,58.59
worker 1,2026-07-27 13:10:58.625,0.56,0.69,0.15,5.25,-5.68,58.59
worker 1,2026-07-27 13:10:58.625,0.7,0.79,0.18,6.59,-7.39,78.12
worker 1,2026-07-27 13:10:58.685,0.7,0.79,0.18,6.59,-7.39,78.12
worker 1,2026-07-27 13:10:58.685,0.78,0.89,0.19,4.82,-1.65,78.55
worker 1,2026-07-27 13:10:58.751,0.83,0.95,0.21,3.78,3.78,59.63
worker 1,2026-07-27 13:10:58.751,0.85,0.93,0.23,2.26,7.14,28.38
worker 1,2026-07-27 13:10:58.804,0.85,0.93,0.23,2.26,7.14,28.38
worker 1,2026-07-27 13:10:58.804,0.81,0.81,0.22,-0.31,10.93,-4.03
worker 1,2026-07-27 13:10:58.805,0.81,0.81,0.22,-0.31,10.93,-4.03
worker 1,2026-07-27 13:10:58.864,0.71,0.68,0.17,-2.01,13.67,-24.11
worker 1,2026-07-27 13:10:58.865,0.62,0.63,0.16,-2.81,11.96,-25.76
worker 1,2026-07-27 13:10:58.927,0.62,0.63,0.16,-2.81,11.96,-25.76
worker 1,2026-07-27 13:10:58.928,0.59,0.66,0.18,-2.14,5.74,-13.67
worker 1,2026-07-27 13:10:58.985,0.61,0.72,0.19,-0.43,-1.4,1.1
worker 1,2026-07-27 13:10:58.985,0.64,0.77,0.21,0.31,-6.1,9.4
worker 1,2026-07-27 13:10:59.047,0.64,0.77,0.21,0.31,-6.1,9.4
worker 1,2026-07-27 13:10:59.048,0.68,0.81,0.22,-0.92,-7.14,9.16
worker 1,2026-07-27 13:10:59.111,0.7,0.81,0.23,-4.76,-4.7,3.97
worker 1,2026-07-27 13:10:59.112,0.7,0.81,0.23,-4.76,-4.7,3.97
worker 1,2026-07-27 13:10:59.112,0.7,0.78,0.24,-11.05,0.24,-1.71
worker 1,2026-07-27 13:10:59.169,0.7,0.78,0.24,-11.05,0.24,-1.71
worker 1,2026-07-27 13:10:59.169,0.67,0.74,0.26,-16.72,5.92,-6.1
worker 1,2026-07-27 13:10:59.224,0.62,0.7,0.27,-17.03,9.89,-10.13
worker 1,2026-07-27 13:10:59.224,0.57,0.67,0.27,-10.62,10.13,-12.63
worker 1,2026-07-27 13:10:59.284,0.57,0.67,0.27,-10.62,10.13,-12.63
worker 1,2026-07-27 13:10:59.284,0.56,0.67,0.26,-0.43,6.35,-10.74
worker 1,2026-07-27 13:10:59.345,0.56,0.67,0.26,-0.43,6.35,-10.74
worker 1,2026-07-27 13:10:59.476,0.65,0.72,0.24,13.55,-3.11,4.82
worker 1,2026-07-27 13:10:59.476,0.69,0.75,0.23,13.37,-4.15,10.62
worker 1,2026-07-27 13:10:59.477,0.69,0.77,0.22,10.62,-2.81,11.54
worker 1,2026-07-27 13:10:59.478,0.67,0.77,0.21,6.53,-0.79,9.58
worker 1,2026-07-27 13:10:59.524,0.67,0.77,0.21,6.53,-0.79,9.58
worker 1,2026-07-27 13:10:59.524,0.65,0.77,0.2,2.26,0.37,6.77
worker 1,2026-07-27 13:10:59.590,0.64,0.75,0.2,-2.44,0.98,4.82
worker 1,2026-07-27 13:10:59.590,0.64,0.75,0.2,-4.94,-0.61,3.3
worker 1,2026-07-27 13:10:59.703,0.66,0.74,0.21,-4.94,-0.61,3.3
worker 1,2026-07-27 13:10:59.704,0.68,0.74,0.2,-3.23,-4.94,1.34
worker 1,2026-07-27 13:10:59.705,0.68,0.73,0.21,-2.56,-7.57,-0.55
worker 1,2026-07-27 13:10:59.705,0.67,0.73,0.23,-5.74,-6.23,-2.01
worker 1,2026-07-27 13:10:59.763,0.67,0.73,0.23,-5.74,-6.23,-2.01
worker 1,2026-07-27 13:10:59.764,0.65,0.72,0.27,-7.93,-3.85,-2.99
worker 1,2026-07-27 13:10:59.831,0.64,0.72,0.28,-5.98,-1.89,-2.99
worker 1,2026-07-27 13:10:59.831,0.65,0.72,0.28,-3.6,0.67,-1.59
worker 1,2026-07-27 13:10:59.886,0.65,0.72,0.28,-3.6,0.67,-1.59
worker 1,2026-07-27 13:10:59.886,0.68,0.72,0.24,-2.81,3.85,1.22
worker 1,2026-07-27 13:10:59.943,0.69,0.73,0.23,-2.2,7.14,5.0
worker 1,2026-07-27 13:10:59.944,0.69,0.73,0.23,-2.2,7.14,5.0
worker 1,2026-07-27 13:11:00.009,0.65,0.72,0.24,-4.03,8.42,7.32
worker 1,2026-07-27 13:11:00.010,0.6,0.71,0.25,-9.7,10.38,4.52
worker 1,2026-07-27 13:11:00.073,0.6,0.71,0.25,-16.17,14.53,1.53
worker 1,2026-07-27 13:11:00.073,0.62,0.71,0.27,-16.17,14.53,1.53
worker 1,2026-07-27 13:11:00.074,0.67,0.7,0.27,-19.78,18.13,1.71
worker 1,2026-07-27 13:11:00.127,0.67,0.7,0.27,-19.78,18.13,1.71
worker 1,2026-07-27 13:11:00.127,0.57,0.71,0.33,-13.43,29.42,-1.1
worker 1,2026-07-27 13:11:00.192,0.54,0.7,0.51,13.12,30.33,4.09
worker 1,2026-07-27 13:11:00.244,0.66,0.66,0.49,52.55,-76.35,15.44
worker 1,2026-07-27 13:11:00.244,0.76,0.67,0.03,65.8,-243.23,1.65
worker 1,2026-07-27 13:11:00.245,0.76,0.67,0.03,65.8,-243.23,1.65
worker 1,2026-07-27 13:11:00.303,0.81,0.74,-0.33,37.48,-246.64,-30.64
worker 1,2026-07-27 13:11:00.304,0.81,0.74,-0.33,37.48,-246.64,-30.64
worker 1,2026-07-27 13:11:00.366,0.76,0.79,-0.29,1.59,-88.01,-37.84
worker 1,2026-07-27 13:11:00.366,0.64,0.78,-0.12,-15.56,44.92,-12.33
worker 1,2026-07-27 13:11:00.423,0.64,0.78,-0.12,-17.88,76.17,7.26
worker 1,2026-07-27 13:11:00.423,0.54,0.75,0.02,-17.88,76.17,7.26
worker 1,2026-07-27 13:11:00.424,0.56,0.76,0.07,-16.05,44.01,2.93
worker 1,2026-07-27 13:11:00.483,0.56,0.76,0.07,-16.05,44.01,2.93
worker 1,2026-07-27 13:11:00.484,0.63,0.77,0.04,-20.45,8.54,1.16
worker 1,2026-07-27 13:11:00.554,0.67,0.76,0.0,-52.8,-3.85,15.32
worker 1,2026-07-27 13:11:00.609,0.74,0.75,0.06,-144.29,-8.3,29.42
worker 1,2026-07-27 13:11:00.609,0.73,0.57,0.38,-295.29,-15.69,26.73
worker 1,2026-07-27 13:11:00.610,0.73,0.57,0.38,-295.29,-15.69,26.73
worker 1,2026-07-27 13:11:00.673,0.75,0.38,0.57,-403.02,-13.98,2.69
worker 1,2026-07-27 13:11:00.727,0.87,0.39,0.49,-344.48,12.82,-17.94
worker 1,2026-07-27 13:11:00.728,0.79,0.27,0.6,-330.87,41.63,-29.66
worker 1,2026-07-27 13:11:00.785,0.61,0.01,0.8,-399.29,37.9,-35.34
worker 1,2026-07-27 13:11:00.794,0.61,0.01,0.8,-399.29,37.9,-35.34
worker 1,2026-07-27 13:11:00.843,0.64,-0.05,0.81,-280.46,4.52,-18.43
worker 1,2026-07-27 13:11:00.844,0.64,-0.05,0.81,-280.46,4.52,-18.43
worker 1,2026-07-27 13:11:00.844,0.85,0.04,0.77,-87.4,-38.27,-4.64
worker 1,2026-07-27 13:11:00.970,0.85,0.04,0.77,-87.4,-38.27,-4.64
worker 1,2026-07-27 13:11:00.971,0.79,0.07,0.7,-1.28,-71.84,-16.54
worker 1,2026-07-27 13:11:00.972,0.57,-0.06,0.63,-6.71,-68.66,-57.5
worker 1,2026-07-27 13:11:00.972,0.6,-0.11,0.64,-35.03,-14.83,-108.46
worker 1,2026-07-27 13:11:00.973,0.6,-0.11,0.64,-35.03,-14.83,-108.46
worker 1,2026-07-27 13:11:01.024,0.71,0.03,0.69,-34.24,45.29,-108.34
worker 1,2026-07-27 13:11:01.094,0.76,0.26,0.75,-18.74,58.96,-46.02
worker 1,2026-07-27 13:11:01.094,0.75,0.36,0.75,-10.8,57.07,-34.85
worker 1,2026-07-27 13:11:01.095,0.75,0.36,0.75,-10.8,57.07,-34.85
worker 1,2026-07-27 13:11:01.144,0.69,0.33,0.73,-2.99,58.53,-137.21
worker 1,2026-07-27 13:11:01.145,0.69,0.33,0.73,-2.99,58.53,-137.21
worker 1,2026-07-27 13:11:01.207,0.66,0.35,0.71,21.0,7.45,-238.22
worker 1,2026-07-27 13:11:01.209,0.66,0.35,0.71,21.0,7.45,-238.22
worker 1,2026-07-27 13:11:01.210,0.72,0.38,0.65,60.06,-83.25,-224.85
worker 1,2026-07-27 13:11:01.264,0.72,0.38,0.65,23.25,-111.82,-94.97
worker 1,2026-07-27 13:11:01.265,0.71,0.44,0.62,23.25,-111.82,-94.97
worker 1,2026-07-27 13:11:01.329,0.64,0.48,0.66,-94.48,-73.36,57.37
worker 1,2026-07-27 13:11:01.330,0.64,0.48,0.66,-94.48,-73.36,57.37
worker 1,2026-07-27 13:11:01.330,0.61,0.45,0.75,-85.21,-54.14,162.11
worker 1,2026-07-27 13:11:01.388,0.61,0.45,0.75,-85.21,-54.14,162.11
worker 1,2026-07-27 13:11:01.388,0.65,0.39,0.84,109.37,-78.12,138.67
worker 1,2026-07-27 13:11:01.400,0.87,0.42,0.88,323.67,-112.73,-27.89
worker 1,2026-07-27 13:11:01.447,0.87,0.42,0.88,323.67,-112.73,-27.89
worker 1,2026-07-27 13:11:01.449,1.0,0.49,0.83,338.68,-51.94,-126.65
worker 1,2026-07-27 13:11:01.504,1.0,0.49,0.83,338.68,-51.94,-126.65
worker 1,2026-07-27 13:11:01.505,0.87,0.41,0.91,162.6,156.62,-42.54
worker 1,2026-07-27 13:11:01.505,0.78,0.23,1.18,43.46,341.55,69.82
worker 1,2026-07-27 13:11:01.627,0.78,0.23,1.18,43.46,341.55,69.82
worker 1,2026-07-27 13:11:01.628,0.84,0.06,1.29,-24.11,353.94,86.98
worker 1,2026-07-27 13:11:01.629,0.77,-0.05,1.1,-143.07,281.68,49.01
worker 1,2026-07-27 13:11:01.685,0.64,-0.05,0.81,-231.02,207.46,19.17
worker 1,2026-07-27 13:11:01.685,0.5,-0.08,0.62,-238.4,140.69,28.99
worker 1,2026-07-27 13:11:01.687,0.5,-0.08,0.62,-238.4,140.69,28.99
worker 1,2026-07-27 13:11:01.746,0.25,-0.18,0.51,-185.12,98.88,79.04
worker 1,2026-07-27 13:11:01.804,0.13,-0.15,0.52,-94.79,35.28,161.8
worker 1,2026-07-27 13:11:01.804,0.22,-0.01,0.76,-15.2,-53.22,247.74
worker 1,2026-07-27 13:11:01.864,0.24,0.08,0.91,26.49,-55.05,267.27
worker 1,2026-07-27 13:11:01.934,0.13,0.13,0.84,34.36,20.81,223.33
worker 1,2026-07-27 13:11:01.934,0.06,0.15,0.76,30.94,64.33,164.67
worker 1,2026-07-27 13:11:01.985,0.06,0.15,0.76,30.94,64.33,164.67
worker 1,2026-07-27 13:11:01.986,0.06,0.13,0.83,26.98,54.08,110.47
worker 1,2026-07-27 13:11:02.049,0.11,0.09,0.95,12.27,20.02,75.99
worker 1,2026-07-27 13:11:02.050,0.13,0.04,1.03,-7.63,-4.33,54.93
worker 1,2026-07-27 13:11:02.103,0.13,0.04,1.03,-7.63,-4.33,54.93
worker 1,2026-07-27 13:11:02.103,0.1,0.01,1.02,-10.07,-13.31,37.48
worker 1,2026-07-27 13:11:02.104,0.1,0.01,1.02,-10.07,-13.31,37.48
worker 1,2026-07-27 13:11:02.164,0.06,0.04,0.96,9.46,-27.22,16.91
worker 1,2026-07-27 13:11:02.164,0.09,0.05,0.95,29.17,-49.68,-3.72
worker 1,2026-07-27 13:11:02.223,0.17,0.04,1.01,29.36,-56.64,-6.96
worker 1,2026-07-27 13:11:02.224,0.17,0.04,1.01,29.36,-56.64,-6.96
worker 1,2026-07-27 13:11:02.304,0.22,0.02,1.04,8.79,-40.1,-1.71
worker 1,2026-07-27 13:11:02.305,0.18,0.01,1.03,-21.3,-29.05,-19.96
worker 1,2026-07-27 13:11:02.344,0.18,0.01,1.03,-21.3,-29.05,-19.96
worker 1,2026-07-27 13:11:02.345,0.16,-0.01,1.03,-33.69,-32.23,-63.6
worker 1,2026-07-27 13:11:02.404,0.23,-0.03,1.04,-29.91,-32.29,-120.73
worker 1,2026-07-27 13:11:02.405,0.23,-0.03,1.04,-29.91,-32.29,-120.73
worker 1,2026-07-27 13:11:02.405,0.24,-0.05,1.03,-33.08,-18.92,-203.49
worker 1,2026-07-27 13:11:02.464,0.24,-0.05,1.03,-33.08,-18.92,-203.49
worker 1,2026-07-27 13:11:02.526,0.13,-0.04,0.99,-15.5,14.65,-306.03
worker 1,2026-07-27 13:11:02.527,0.13,-0.04,0.99,-15.5,14.65,-306.03
worker 1,2026-07-27 13:11:02.527,0.1,0.01,0.87,31.62,65.61,-407.96
worker 1,2026-07-27 13:11:02.528,0.15,0.06,0.71,11.05,92.16,-488.83
worker 1,2026-07-27 13:11:02.585,0.09,0.05,0.76,-58.53,58.53,-458.92
worker 1,2026-07-27 13:11:02.645,0.0,-0.0,0.94,-59.39,9.16,-294.37
worker 1,2026-07-27 13:11:02.645,0.0,-0.0,0.94,-18.31,-10.8,-116.09
worker 1,2026-07-27 13:11:02.646,-0.03,-0.04,1.03,-18.31,-10.8,-116.09
worker 1,2026-07-27 13:11:02.704,-0.04,0.01,1.03,6.59,-8.85,-34.79
worker 1,2026-07-27 13:11:02.763,0.03,0.01,1.01,10.74,-1.89,-142.52
worker 1,2026-07-27 13:11:02.764,0.03,0.01,1.01,10.74,-1.89,-142.52
worker 1,2026-07-27 13:11:02.764,0.18,0.03,0.99,7.32,1.53,-335.94
worker 1,2026-07-27 13:11:02.823,0.18,0.03,0.99,7.32,1.53,-335.94
worker 1,2026-07-27 13:11:02.824,0.24,0.06,0.99,0.85,1.4,-353.45
worker 1,2026-07-27 13:11:02.884,0.11,-0.01,1.0,-3.23,1.1,-201.66
worker 1,2026-07-27 13:11:02.885,0.11,-0.01,1.0,-3.23,1.1,-201.66
worker 1,2026-07-27 13:11:02.885,-0.07,-0.05,1.0,-3.91,1.34,-62.32
worker 1,2026-07-27 13:11:02.949,-0.07,-0.05,1.0,-3.91,1.34,-62.32
worker 1,2026-07-27 13:11:02.949,-0.12,-0.04,0.99,-3.72,1.04,0.43
worker 1,2026-07-27 13:11:02.950,-0.12,-0.04,0.99,-3.72,1.04,0.43
worker 1,2026-07-27 13:11:03.012,-0.05,-0.01,1.0,-1.22,0.06,12.51
worker 1,2026-07-27 13:11:03.012,0.03,0.01,1.0,0.37,-0.49,6.47
worker 1,2026-07-27 13:11:03.065,0.05,0.02,1.0,0.61,-0.49,0.0
worker 1,2026-07-27 13:11:03.066,0.05,0.02,1.0,0.61,-0.49,0.0
worker 1,2026-07-27 13:11:03.132,0.05,0.01,1.0,0.24,-0.37,-2.01
worker 1,2026-07-27 13:11:03.135,0.05,0.01,1.0,0.24,-0.37,-2.01
worker 1,2026-07-27 13:11:03.135,0.03,0.01,1.0,0.0,-0.31,-1.4
worker 1,2026-07-27 13:11:03.186,0.03,0.01,1.0,0.0,-0.31,-1.4
worker 1,2026-07-27 13:11:03.186,0.03,0.01,1.0,-0.12,-0.31,-0.43
worker 1,2026-07-27 13:11:03.187,0.03,0.01,1.0,-0.12,-0.31,-0.43
worker 1,2026-07-27 13:11:03.243,0.03,0.01,1.0,-0.06,-0.31,-0.06
worker 1,2026-07-27 13:11:03.244,0.03,0.01,1.0,-0.06,-0.31,-0.12
worker 1,2026-07-27 13:11:03.307,0.03,0.01,1.0,0.0,-0.37,-0.24
worker 1,2026-07-27 13:11:03.308,0.03,0.01,1.0,0.0,-0.37,-0.24
worker 1,2026-07-27 13:11:03.364,0.03,0.01,0.99,0.0,-0.37,-0.31
worker 1,2026-07-27 13:11:03.364,0.03,0.01,1.0,0.0,-0.49,-0.31
worker 1,2026-07-27 13:11:03.424,0.03,0.01,1.0,0.0,-0.49,-0.31
worker 1,2026-07-27 13:11:03.425,0.03,0.01,1.0,-0.06,-0.55,-0.24
worker 1,2026-07-27 13:11:03.543,0.04,0.01,1.0,0.0,-0.49,-0.18
worker 1,2026-07-27 13:11:03.543,0.03,0.01,0.99,0.0,-0.37,-0.18
worker 1,2026-07-27 13:11:03.544,0.03,0.01,0.99,0.0,-0.37,-0.18
worker 1,2026-07-27 13:11:03.544,0.0,0.03,0.99,-0.06,-0.37,-0.12
worker 1,2026-07-27 13:11:03.545,0.0,0.03,0.99,-0.06,-0.37,-0.12
worker 1,2026-07-27 13:11:03.605,0.01,0.04,1.0,-0.12,-0.43,-1.16
worker 1,2026-07-27 13:11:03.605,0.09,-0.0,1.0,-0.06,-0.12,-18.86
worker 1,2026-07-27 13:11:03.663,0.09,-0.0,1.0,-0.06,0.18,-55.48
worker 1,2026-07-27 13:11:03.663,0.12,-0.05,0.99,-0.06,0.18,-55.48
worker 1,2026-07-27 13:11:03.726,0.06,-0.03,1.0,-0.24,0.43,-92.22
worker 1,2026-07-27 13:11:03.726,-0.02,0.02,1.0,-0.61,0.85,-108.28
worker 1,2026-07-27 13:11:03.784,-0.02,0.02,1.0,-0.61,0.85,-108.28
worker 1,2026-07-27 13:11:03.784,-0.02,0.02,1.0,-0.43,0.61,-89.78
worker 1,2026-07-27 13:11:03.785,-0.02,0.02,1.0,-0.43,0.61,-89.78
worker 1,2026-07-27 13:11:03.848,0.02,0.01,1.0,0.06,-0.18,-60.18
worker 1,2026-07-27 13:11:03.849,0.04,0.02,1.0,0.12,-0.49,-47.18
worker 1,2026-07-27 13:11:03.912,0.04,0.02,1.0,0.12,-0.49,-47.18
worker 1,2026-07-27 13:11:03.912,0.04,0.03,1.0,-0.06,-0.31,-43.95
worker 1,2026-07-27 13:11:03.967,0.03,0.04,1.0,-0.18,-0.06,-36.44
worker 1,2026-07-27 13:11:03.968,0.03,0.04,1.0,-0.18,-0.06,-36.44
worker 1,2026-07-27 13:11:03.968,0.03,0.04,1.0,-0.18,-0.06,-26.43
worker 1,2026-07-27 13:11:04.088,0.03,0.04,1.0,-0.18,-0.06,-26.43
worker 1,2026-07-27 13:11:04.089,0.03,0.03,1.0,-0.12,-0.06,-21.85
worker 1,2026-07-27 13:11:04.089,0.03,0.03,1.0,0.0,-0.18,-23.44
worker 1,2026-07-27 13:11:04.089,0.02,0.04,1.0,0.0,-0.31,-22.95
worker 1,2026-07-27 13:11:04.144,0.02,0.04,1.0,0.0,-0.31,-22.95
worker 1,2026-07-27 13:11:04.144,0.01,0.02,1.0,0.18,-0.31,-10.38
worker 1,2026-07-27 13:11:04.208,0.03,-0.01,1.0,0.37,-0.43,5.92
worker 1,2026-07-27 13:11:04.270,0.05,-0.01,1.0,0.43,-0.43,9.34
worker 1,2026-07-27 13:11:04.279,0.06,0.0,1.0,0.37,-0.43,3.11
worker 1,2026-07-27 13:11:04.326,0.05,0.02,1.0,0.37,-0.43,-1.77
worker 1,2026-07-27 13:11:04.327,0.05,0.02,1.0,0.37,-0.43,-1.77
worker 1,2026-07-27 13:11:04.327,0.04,0.02,1.0,0.12,-0.37,-4.64
worker 1,2026-07-27 13:11:04.383,0.04,0.02,1.0,0.12,-0.37,-4.64
worker 1,2026-07-27 13:11:04.383,0.03,0.03,1.0,0.06,-0.31,-7.32
worker 1,2026-07-27 13:11:04.384,0.03,0.03,1.0,0.06,-0.31,-7.32
worker 1,2026-07-27 13:11:04.448,0.03,0.02,1.0,0.06,-0.37,-6.23
worker 1,2026-07-27 13:11:04.449,0.03,0.02,1.0,0.06,-0.37,-6.23
worker 1,2026-07-27 13:11:04.503,0.03,0.02,1.0,0.0,-0.31,-3.6
worker 1,2026-07-27 13:11:04.504,0.04,0.02,1.0,-0.12,-0.24,-3.05
worker 1,2026-07-27 13:11:04.564,0.04,0.02,1.0,-0.12,-0.24,-2.87
worker 1,2026-07-27 13:11:04.565,0.04,0.02,1.0,-0.12,-0.24,-2.87
worker 1,2026-07-27 13:11:04.623,0.04,0.02,1.0,-0.06,-0.31,-2.38
worker 1,2026-07-27 13:11:04.623,0.03,0.02,1.0,-0.31,-0.18,-1.71
worker 1,2026-07-27 13:11:04.624,0.03,0.02,1.0,-0.31,-0.18,-1.71
worker 1,2026-07-27 13:11:04.750,0.03,0.02,1.0,-0.73,0.0,-1.53
worker 1,2026-07-27 13:11:04.750,0.04,0.02,1.0,-0.67,0.0,-1.65
worker 1,2026-07-27 13:11:04.751,0.04,0.02,1.0,-0.24,-0.24,-1.16
worker 1,2026-07-27 13:11:04.809,0.05,0.02,1.0,0.37,-0.55,-1.71
worker 1,2026-07-27 13:11:04.809,0.03,0.02,1.0,0.98,-0.85,-2.87
worker 1,2026-07-27 13:11:04.869,0.03,0.02,1.0,0.98,-0.85,-2.87
worker 1,2026-07-27 13:11:04.878,0.03,0.02,1.0,0.79,-0.79,-2.08
worker 1,2026-07-27 13:11:04.924,0.03,0.02,1.0,0.12,-0.43,-0.55
worker 1,2026-07-27 13:11:04.924,0.04,0.02,1.0,-0.24,-0.24,0.12
worker 1,2026-07-27 13:11:04.992,0.04,0.02,1.0,-0.24,-0.24,0.12
worker 1,2026-07-27 13:11:04.992,0.04,0.02,1.0,-0.18,-0.24,0.0
worker 1,2026-07-27 13:11:04.996,0.04,0.02,1.0,-0.18,-0.24,0.0
worker 1,2026-07-27 13:11:05.047,0.04,0.02,1.0,-0.06,-0.31,-0.24
worker 1,2026-07-27 13:11:05.048,0.04,0.02,1.0,-0.06,-0.31,-0.24
worker 1,2026-07-27 13:11:05.108,0.04,0.02,1.0,0.0,-0.37,-0.31
worker 1,2026-07-27 13:11:05.109,0.03,0.02,1.0,0.0,-0.37,-0.31
worker 1,2026-07-27 13:11:05.169,0.03,0.02,1.0,0.0,-0.37,-0.31
worker 1,2026-07-27 13:11:05.225,0.03,0.02,1.0,0.0,-0.37,-0.31
worker 1,2026-07-27 13:11:05.226,0.03,0.02,1.0,-0.06,-0.31,-0.24
worker 1,2026-07-27 13:11:05.226,0.03,0.02,1.0,0.0,-0.37,-0.24
worker 1,2026-07-27 13:11:05.289,0.03,0.02,1.0,0.06,-0.37,-0.24
worker 1,2026-07-27 13:11:05.292,0.03,0.02,1.0,0.06,-0.37,-0.24
worker 1,2026-07-27 13:11:05.344,0.03,0.02,1.0,0.06,-0.37,-0.24
worker 1,2026-07-27 13:11:05.345,0.04,0.02,1.0,0.0,-0.31,-0.24
worker 1,2026-07-27 13:11:05.463,0.04,0.02,1.0,-0.06,-0.31,-0.24
worker 1,2026-07-27 13:11:05.464,0.03,0.02,1.0,-0.06,-0.31,-0.24
worker 1,2026-07-27 13:11:05.465,0.03,0.02,1.0,-0.06,-0.31,-0.24
worker 1,2026-07-27 13:11:05.538,0.03,0.02,1.0,-0.06,-0.31,-0.31
worker 1,2026-07-27 13:11:05.538,0.03,0.02,1.0,0.0,-0.37,-0.79
worker 1,2026-07-27 13:11:05.583,0.03,0.02,1.0,0.0,-0.37,-0.79
worker 1,2026-07-27 13:11:05.584,0.04,0.02,1.0,0.12,-0.43,-1.59
worker 1,2026-07-27 13:11:05.650,0.04,0.02,1.0,0.12,-0.43,-1.59
worker 1,2026-07-27 13:11:05.704,0.04,0.02,1.0,0.0,-0.37,-0.73
worker 1,2026-07-27 13:11:05.705,0.03,0.02,1.0,-0.06,-0.31,-0.18
worker 1,2026-07-27 13:11:05.770,0.03,0.02,1.0,-0.06,-0.31,-0.06
worker 1,2026-07-27 13:11:05.771,0.03,0.02,1.0,0.0,-0.31,-0.18
worker 1,2026-07-27 13:11:05.824,0.03,0.02,1.0,0.0,-0.31,-0.18
worker 1,2026-07-27 13:11:05.825,0.03,0.02,1.0,0.06,-0.37,-0.31
worker 1,2026-07-27 13:11:05.894,0.03,0.02,1.0,0.06,-0.37,-0.31
worker 1,2026-07-27 13:11:05.960,0.04,0.02,1.0,0.12,-0.37,-0.31
worker 1,2026-07-27 13:11:05.961,0.04,0.02,1.0,0.18,-0.49,-0.24
worker 1,2026-07-27 13:11:06.003,0.04,0.02,1.0,0.49,-0.67,-0.24
worker 1,2026-07-27 13:11:06.071,0.04,0.02,1.0,0.61,-0.79,-0.24
worker 1,2026-07-27 13:11:06.072,0.04,0.02,1.0,0.61,-0.79,-0.24
worker 1,2026-07-27 13:11:06.072,0.04,0.02,1.0,0.0,-0.37,-0.24
worker 1,2026-07-27 13:11:06.126,0.04,0.02,1.0,0.0,-0.37,-0.24
worker 1,2026-07-27 13:11:06.126,0.03,0.02,1.0,-0.61,0.06,-0.24
worker 1,2026-07-27 13:11:06.126,0.03,0.02,1.0,-0.55,0.06,-0.24
worker 1,2026-07-27 13:11:06.198,0.03,0.02,1.0,-0.55,0.06,-0.24
worker 1,2026-07-27 13:11:06.199,0.03,0.02,1.0,-0.24,-0.24,-0.31
worker 1,2026-07-27 13:11:06.245,0.03,0.02,1.0,0.0,-0.37,-0.31
worker 1,2026-07-27 13:11:06.303,0.04,0.02,1.0,0.0,-0.43,-0.24
worker 1,2026-07-27 13:11:06.304,0.04,0.02,1.0,0.0,-0.37,-0.24
worker 1,2026-07-27 13:11:06.371,0.04,0.02,1.0,0.0,-0.37,-0.24
worker 1,2026-07-27 13:11:06.372,0.03,0.02,1.0,0.0,-0.37,-0.24
worker 1,2026-07-27 13:11:06.372,0.03,0.02,1.0,0.0,-0.37,-0.31
worker 1,2026-07-27 13:16:18.457,0.08,0.01,0.91,7.81,-0.43,31.43
worker 1,2026-07-27 13:16:20.483,0.08,-0.44,0.88,0.18,-1.28,3.66
worker 1,2026-07-27 13:16:20.581,0.08,-0.45,0.88,0.18,-1.28,3.66
worker 1,2026-07-27 13:16:20.581,0.08,-0.45,0.88,0.79,-0.67,3.3
worker 1,2026-07-27 13:16:20.605,0.08,-0.45,0.88,0.79,-0.67,3.3
worker 1,2026-07-27 13:16:20.605,0.08,-0.44,0.88,1.34,-0.61,3.36
worker 1,2026-07-27 13:16:20.721,0.07,-0.44,0.88,1.1,-0.55,2.93
worker 1,2026-07-27 13:16:20.721,0.07,-0.44,0.88,0.55,-0.55,1.89
worker 1,2026-07-27 13:16:20.721,0.07,-0.44,0.88,0.37,-0.79,1.4
worker 1,2026-07-27 13:16:20.723,0.07,-0.44,0.87,0.37,-0.79,1.4
worker 1,2026-07-27 13:16:20.723,0.07,-0.44,0.87,-0.67,-1.46,1.1
worker 1,2026-07-27 13:16:20.723,0.07,-0.44,0.88,-2.14,-2.2,0.55
worker 1,2026-07-27 13:16:21.014,0.07,-0.44,0.88,-2.14,-2.2,0.55
worker 1,2026-07-27 13:16:21.015,0.08,-0.45,0.88,-2.87,-2.44,0.18
worker 1,2026-07-27 13:16:21.029,0.08,-0.45,0.88,-2.87,-2.44,0.18
worker 1,2026-07-27 13:16:21.029,0.08,-0.45,0.88,-2.75,-2.26,0.24
worker 1,2026-07-27 13:16:21.029,0.08,-0.45,0.88,-1.34,-1.83,0.73
worker 1,2026-07-27 13:16:21.029,0.08,-0.45,0.88,1.1,-1.34,1.4
worker 1,2026-07-27 13:16:21.029,0.08,-0.44,0.88,2.5,-0.73,1.83
worker 1,2026-07-27 13:16:21.029,0.07,-0.44,0.88,1.83,-0.24,1.53
worker 1,2026-07-27 13:16:21.029,0.07,-0.44,0.88,0.55,-0.06,0.79
worker 1,2026-07-27 13:16:21.030,0.07,-0.44,0.88,0.55,-0.06,0.79
worker 1,2026-07-27 13:16:21.318,0.07,-0.43,0.89,-0.18,-0.24,-0.18
worker 1,2026-07-27 13:16:21.334,0.07,-0.43,0.89,-0.18,-0.24,-0.18
worker 1,2026-07-27 13:16:21.415,0.06,-0.41,0.92,-0.79,0.12,-2.14
worker 1,2026-07-27 13:16:21.437,0.06,-0.41,0.92,-2.14,2.62,-5.25
worker 1,2026-07-27 13:16:21.439,0.08,-0.42,0.94,-2.14,2.62,-5.25
worker 1,2026-07-27 13:16:21.439,0.1,-0.47,0.91,-6.35,5.68,-6.71
worker 1,2026-07-27 13:16:21.439,0.12,-0.53,0.84,-12.45,6.16,-3.85
worker 1,2026-07-27 13:16:21.439,0.05,-0.5,0.76,-17.7,2.14,4.09
worker 1,2026-07-27 13:16:21.445,-0.29,-0.1,0.57,-11.05,-9.89,12.63
worker 1,2026-07-27 13:16:21.445,-0.76,0.86,0.34,22.4,-54.14,-16.3
worker 1,2026-07-27 13:16:21.445,-0.39,1.29,0.48,68.24,-100.83,-149.35
worker 1,2026-07-27 13:16:21.498,1.34,0.11,1.2,83.86,-84.96,-325.68
worker 1,2026-07-27 13:16:21.521,1.34,0.11,1.2,83.86,-84.96,-325.68
worker 1,2026-07-27 13:16:21.539,2.94,-1.61,1.86,35.83,-42.42,-331.05
worker 1,2026-07-27 13:16:21.556,2.94,-1.61,1.86,35.83,-42.42,-331.05
worker 1,2026-07-27 13:16:21.572,2.87,-1.99,1.72,-25.88,3.97,-105.41
worker 1,2026-07-27 13:16:21.588,1.34,-0.74,0.96,-41.93,63.35,165.34
worker 1,2026-07-27 13:16:21.614,1.34,-0.74,0.96,-41.93,63.35,165.34
worker 1,2026-07-27 13:16:21.664,-0.76,1.2,0.23,-21.61,85.82,284.18
worker 1,2026-07-27 13:16:21.666,-0.76,1.2,0.23,-21.61,85.82,284.18
worker 1,2026-07-27 13:16:21.667,-1.93,2.32,0.04,-0.24,33.2,171.57
worker 1,2026-07-27 13:16:21.667,-0.96,1.51,0.36,27.28,-8.79,-89.97
worker 1,2026-07-27 13:16:21.667,1.48,-0.65,1.19,57.19,0.55,-283.26
worker 1,2026-07-27 13:16:21.954,1.48,-0.65,1.19,57.19,0.55,-283.26
worker 1,2026-07-27 13:16:21.985,3.04,-2.15,1.93,33.02,-4.88,-227.11
worker 1,2026-07-27 13:16:21.986,2.22,-1.49,1.61,-11.54,2.69,27.71
worker 1,2026-07-27 13:16:21.986,-0.12,0.62,0.72,-25.33,23.01,234.92
worker 1,2026-07-27 13:16:21.986,-1.69,2.02,0.24,-24.11,2.87,206.79
worker 1,2026-07-27 13:16:21.987,-0.96,1.26,0.35,-7.81,-11.66,-0.98
worker 1,2026-07-27 13:16:22.094,1.07,-0.77,0.99,7.2,-3.17,-161.07
worker 1,2026-07-27 13:16:22.136,1.07,-0.77,0.99,7.2,-3.17,-161.07
worker 1,2026-07-27 13:16:22.191,2.08,-1.86,1.53,3.48,-2.87,-123.6
worker 1,2026-07-27 13:16:22.234,2.08,-1.86,1.53,3.48,-2.87,-123.6
worker 1,2026-07-27 13:16:22.260,1.1,-0.94,1.33,-2.81,0.43,42.85
worker 1,2026-07-27 13:16:22.264,-0.64,0.85,0.82,-16.36,-10.31,138.0
worker 1,2026-07-27 13:16:22.273,-0.64,0.85,0.82,-16.36,-10.31,138.0
worker 1,2026-07-27 13:16:22.274,-1.08,1.41,0.51,-23.99,-19.71,51.7
worker 1,2026-07-27 13:16:22.274,0.27,0.12,0.69,-9.52,0.31,-105.9
worker 1,2026-07-27 13:16:22.274,1.76,-1.47,1.21,0.24,15.08,-143.31
worker 1,2026-07-27 13:16:22.275,1.76,-1.47,1.21,1.53,15.01,-16.97
worker 1,2026-07-27 13:16:22.275,1.85,-1.66,1.39,1.53,15.01,-16.97
worker 1,2026-07-27 13:16:22.275,0.39,-0.18,1.03,4.82,9.7,144.04
worker 1,2026-07-27 13:16:22.330,-1.1,1.4,0.61,0.06,-14.16,170.47
worker 1,2026-07-27 13:16:22.333,-1.1,1.4,0.61,0.06,-14.16,170.47
worker 1,2026-07-27 13:16:22.338,-0.93,1.27,0.48,-0.06,-20.57,24.66
worker 1,2026-07-27 13:16:22.405,-0.93,1.27,0.48,-0.06,-20.57,24.66
worker 1,2026-07-27 13:16:22.405,0.66,-0.41,0.84,5.19,1.28,-130.49
worker 1,2026-07-27 13:16:22.434,0.66,-0.41,0.84,5.19,1.28,-130.49
worker 1,2026-07-27 13:16:22.868,1.78,-1.7,1.31,-3.3,11.23,-122.01
worker 1,2026-07-27 13:16:22.868,1.28,-1.23,1.19,1.22,19.35,25.27
worker 1,2026-07-27 13:16:22.927,1.28,-1.23,1.19,1.22,19.35,25.27
worker 1,2026-07-27 13:16:22.927,-0.17,0.4,0.69,28.87,17.82,149.78
worker 1,2026-07-27 13:16:22.972,-0.17,0.4,0.69,28.87,17.82,149.78
worker 1,2026-07-27 13:16:22.972,-0.98,1.36,0.42,39.25,-15.32,120.67
worker 1,2026-07-27 13:16:23.027,-0.32,0.65,0.69,24.96,-27.59,-32.65
worker 1,2026-07-27 13:16:23.062,-0.32,0.65,0.69,24.96,-27.59,-32.65
worker 1,2026-07-27 13:16:23.122,0.88,-0.79,1.22,-3.42,-7.08,-135.13
worker 1,2026-07-27 13:16:23.149,0.88,-0.79,1.22,-3.42,-7.08,-135.13
worker 1,2026-07-27 13:16:23.150,1.3,-1.37,1.41,-22.95,8.73,-92.47
worker 1,2026-07-27 13:16:23.204,1.3,-1.37,1.41,-22.95,8.73,-92.47
worker 1,2026-07-27 13:16:23.229,0.81,-0.82,1.16,-7.93,24.41,19.47
worker 1,2026-07-27 13:16:23.376,0.81,-0.82,1.16,-7.93,24.41,19.47
worker 1,2026-07-27 13:16:23.376,0.07,0.05,0.83,21.91,40.04,99.12
worker 1,2026-07-27 13:16:23.441,-0.37,0.51,0.66,59.08,60.36,99.55
worker 1,2026-07-27 13:16:23.442,-0.37,0.51,0.66,59.08,60.36,99.55
worker 1,2026-07-27 13:16:23.442,-0.38,0.45,0.7,112.12,93.75,32.65
worker 1,2026-07-27 13:16:23.442,-0.12,0.1,0.92,133.97,101.93,-33.75
worker 1,2026-07-27 13:16:23.442,0.13,-0.17,1.17,92.59,61.16,-51.51
worker 1,2026-07-27 13:16:23.443,0.18,-0.19,1.24,40.41,16.36,-33.57
worker 1,2026-07-27 13:16:23.524,0.07,-0.02,1.14,15.81,1.53,-8.54
worker 1,2026-07-27 13:16:23.555,0.07,-0.02,1.14,15.81,1.53,-8.54
worker 1,2026-07-27 13:16:23.555,-0.06,0.14,1.01,6.65,4.46,7.63
worker 1,2026-07-27 13:16:23.556,-0.12,0.19,0.94,-1.22,5.98,12.27
worker 1,2026-07-27 13:16:23.557,-0.12,0.19,0.94,-1.22,5.98,12.27
worker 1,2026-07-27 13:16:23.557,-0.11,0.15,0.92,-8.61,1.95,9.64
worker 1,2026-07-27 13:16:23.764,-0.07,0.08,0.94,-12.45,-3.6,5.98
worker 1,2026-07-27 13:16:23.781,-0.04,0.04,0.98,-11.41,-6.77,4.15
worker 1,2026-07-27 13:16:23.782,-0.04,0.04,0.98,-11.41,-6.77,4.15
worker 1,2026-07-27 13:16:23.783,-0.03,0.04,1.0,-7.81,-7.26,3.85
worker 1,2026-07-27 13:16:23.784,-0.04,0.07,1.01,-5.0,-6.47,3.72
worker 1,2026-07-27 13:16:23.784,-0.05,0.08,1.0,-2.75,-5.13,2.38
worker 1,2026-07-27 13:16:23.787,-0.05,0.08,1.0,-2.75,-5.13,2.38
worker 1,2026-07-27 13:16:23.789,-0.04,0.07,0.99,-2.01,-4.82,1.04
worker 1,2026-07-27 13:16:23.789,-0.04,0.07,0.99,-2.99,-5.13,0.73
worker 1,2026-07-27 13:16:23.791,-0.03,0.06,1.0,-2.99,-5.13,0.73
worker 1,2026-07-27 13:16:23.791,-0.02,0.04,1.0,-4.76,-4.76,0.73
worker 1,2026-07-27 13:16:23.792,-0.02,0.04,1.0,-4.76,-4.76,0.73
worker 1,2026-07-27 13:16:23.792,-0.02,0.03,1.0,-6.23,-3.66,0.18
worker 1,2026-07-27 13:16:23.792,-0.01,0.02,1.0,-6.53,-1.4,-1.28
worker 1,2026-07-27 13:16:23.793,0.03,-0.05,1.04,-10.25,1.95,-2.26
worker 1,2026-07-27 13:16:23.794,0.1,-0.18,1.09,-25.39,2.87,1.34
worker 1,2026-07-27 13:16:23.794,0.1,-0.18,1.09,-43.7,-3.72,12.94
worker 1,2026-07-27 13:16:23.795,0.11,-0.22,1.06,-43.7,-3.72,12.94
worker 1,2026-07-27 13:16:23.795,0.03,-0.12,0.95,-41.56,-10.8,25.51
worker 1,2026-07-27 13:16:23.797,-0.07,0.04,0.89,-16.72,-9.64,27.83
worker 1,2026-07-27 13:16:23.798,-0.13,0.14,0.89,7.32,-3.97,21.42
worker 1,2026-07-27 13:16:23.798,-0.15,0.15,0.9,19.71,0.43,11.72
worker 1,2026-07-27 13:16:23.825,-0.15,0.15,0.9,25.82,1.34,-2.56
worker 1,2026-07-27 13:16:23.825,-0.13,0.13,0.92,25.82,1.34,-2.56
worker 1,2026-07-27 13:16:23.945,-0.07,0.08,0.96,24.66,-0.55,-17.15
worker 1,2026-07-27 13:16:23.946,-0.07,0.08,0.96,24.66,-0.55,-17.15
worker 1,2026-07-27 13:16:23.946,-0.01,0.03,1.03,12.02,-5.8,-23.01
worker 1,2026-07-27 13:16:23.946,0.04,-0.02,1.07,-4.7,-13.55,-19.23
worker 1,2026-07-27 13:16:24.195,0.05,-0.03,1.05,-10.62,-18.31,-12.63
worker 1,2026-07-27 13:16:24.195,0.04,-0.01,1.0,-5.98,-18.43,-7.69
worker 1,2026-07-27 13:16:24.196,0.04,-0.01,1.0,-5.98,-18.43,-7.69
worker 1,2026-07-27 13:16:24.196,0.03,0.0,0.98,0.12,-16.17,-5.8
worker 1,2026-07-27 13:16:24.197,0.03,0.0,0.98,0.12,-16.17,-5.8
worker 1,2026-07-27 13:16:24.197,0.05,-0.0,0.99,5.07,-13.43,-7.08
worker 1,2026-07-27 13:16:24.199,0.07,-0.0,1.01,10.68,-9.83,-7.69
worker 1,2026-07-27 13:16:24.199,0.06,0.02,1.02,16.91,-2.87,-4.76
worker 1,2026-07-27 13:16:24.200,0.06,0.02,1.02,16.91,-2.87,-4.76
worker 1,2026-07-27 13:16:24.302,0.04,0.06,1.0,20.87,4.33,-1.71
worker 1,2026-07-27 13:16:24.303,0.02,0.09,0.98,19.71,4.64,-3.11
worker 1,2026-07-27 13:16:24.304,0.02,0.09,0.98,19.71,4.64,-3.11
worker 1,2026-07-27 13:16:24.304,0.02,0.1,0.98,9.64,-0.43,-6.96
worker 1,2026-07-27 13:16:24.483,0.03,0.07,0.99,-11.47,-0.55,-6.65
worker 1,2026-07-27 13:16:24.484,0.03,0.07,0.99,-11.47,-0.55,-6.65
worker 1,2026-07-27 13:16:24.484,0.04,0.01,1.0,-33.26,6.96,-1.16
worker 1,2026-07-27 13:16:24.484,0.04,-0.04,1.01,-37.29,11.96,1.28
worker 1,2026-07-27 13:16:24.485,0.05,-0.07,1.02,-25.76,9.95,-1.46
worker 1,2026-07-27 13:16:24.486,0.06,-0.09,1.03,-16.3,6.23,-2.5
worker 1,2026-07-27 13:16:24.662,0.06,-0.09,1.03,-16.3,6.23,-2.5
worker 1,2026-07-27 13:16:24.663,0.05,-0.09,1.02,-11.84,3.36,-0.37
worker 1,2026-07-27 13:16:24.664,0.03,-0.07,1.01,-5.98,1.71,1.77
worker 1,2026-07-27 13:16:24.664,0.0,-0.03,0.98,-1.22,0.98,2.75
worker 1,2026-07-27 13:16:24.667,0.0,-0.03,0.98,-1.22,0.98,2.75
worker 1,2026-07-27 13:16:24.667,-0.0,-0.02,0.97,0.0,0.24,1.77
worker 1,2026-07-27 13:16:24.787,0.01,-0.04,0.98,-0.98,-0.31,-0.24
worker 1,2026-07-27 13:16:24.788,0.01,-0.04,0.98,-0.98,-0.31,-0.24
worker 1,2026-07-27 13:16:24.788,0.02,-0.06,0.99,-1.89,-1.1,-1.71
worker 1,2026-07-27 13:16:24.789,0.03,-0.07,1.0,-1.4,-0.98,-1.22
worker 1,2026-07-27 13:16:24.845,0.02,-0.06,1.0,-0.18,0.79,1.46
worker 1,2026-07-27 13:16:24.846,0.01,-0.04,1.0,-0.85,2.38,4.09
worker 1,2026-07-27 13:16:24.909,0.01,-0.04,1.0,-0.85,2.38,4.09
worker 1,2026-07-27 13:16:24.909,0.0,-0.04,1.0,-2.87,2.32,4.39
worker 1,2026-07-27 13:16:25.023,0.0,-0.05,1.0,-4.46,1.4,2.87
worker 1,2026-07-27 13:16:25.024,0.0,-0.05,1.0,-4.46,1.4,2.87
worker 1,2026-07-27 13:16:25.025,0.01,-0.06,1.0,-4.39,0.55,1.1
worker 1,2026-07-27 13:16:25.026,0.01,-0.07,0.99,-2.62,-0.12,-0.31
worker 1,2026-07-27 13:16:25.083,0.01,-0.07,0.99,-0.31,-0.43,-1.1
worker 1,2026-07-27 13:16:25.083,0.01,-0.06,0.99,1.16,-0.61,-1.34
worker 1,2026-07-27 13:16:25.443,0.01,-0.06,0.99,1.16,-0.61,-1.34
worker 1,2026-07-27 13:16:25.443,0.01,-0.06,0.99,1.22,-0.98,-1.28
worker 1,2026-07-27 13:16:25.445,0.01,-0.06,0.99,1.22,-0.98,-1.28
worker 1,2026-07-27 13:16:25.445,0.01,-0.06,0.99,0.37,-1.34,-1.22
worker 1,2026-07-27 13:16:25.445,0.01,-0.06,0.99,-0.18,-1.59,-1.22
worker 1,2026-07-27 13:16:25.446,0.02,-0.07,0.99,0.06,-1.65,-1.22
worker 1,2026-07-27 13:16:25.447,0.02,-0.07,0.99,0.24,-1.77,-0.98
worker 1,2026-07-27 13:16:25.448,0.03,-0.07,1.01,-0.67,-2.08,-0.24
worker 1,2026-07-27 13:16:25.449,0.03,-0.07,1.01,-0.67,-2.08,-0.24
worker 1,2026-07-27 13:16:25.449,0.05,-0.1,1.03,-4.82,-2.32,1.28
worker 1,2026-07-27 13:16:25.450,0.07,-0.14,1.04,-12.82,-2.2,4.76
worker 1,2026-07-27 13:16:25.451,0.06,-0.14,1.03,-19.29,-1.4,11.05
worker 1,2026-07-27 13:16:25.562,0.06,-0.14,1.03,-19.29,-1.4,11.05
worker 1,2026-07-27 13:16:25.563,0.03,-0.12,0.98,-22.4,-1.77,17.4
worker 1,2026-07-27 13:16:25.563,0.03,-0.12,0.98,-19.9,-3.54,19.84
worker 1,2026-07-27 13:16:25.564,-0.0,-0.11,0.96,-19.9,-3.54,19.84
worker 1,2026-07-27 13:16:25.564,-0.01,-0.11,0.97,-8.24,-5.43,16.72
worker 1,2026-07-27 13:16:25.622,-0.01,-0.11,0.97,-8.24,-5.43,16.72
worker 1,2026-07-27 13:16:25.623,-0.0,-0.1,0.99,5.25,-8.36,11.41
worker 1,2026-07-27 13:16:25.683,-0.0,-0.06,0.99,24.78,-11.47,9.34
worker 1,2026-07-27 13:16:25.742,0.0,0.02,0.97,75.32,-20.39,10.68
worker 1,2026-07-27 13:16:25.743,0.02,0.11,0.96,140.99,-28.08,11.54
worker 1,2026-07-27 13:16:25.984,0.05,0.2,0.96,170.53,-25.63,11.96
worker 1,2026-07-27 13:16:25.986,0.05,0.2,0.96,170.53,-25.63,11.96
worker 1,2026-07-27 13:16:25.986,0.09,0.26,0.93,146.79,-36.13,7.69
worker 1,2026-07-27 13:16:25.986,0.15,0.32,0.89,82.89,-61.89,-4.94
worker 1,2026-07-27 13:16:25.986,0.15,0.32,0.89,4.76,-69.15,-14.83
worker 1,2026-07-27 13:16:25.986,0.18,0.36,0.91,4.76,-69.15,-14.83
worker 1,2026-07-27 13:16:25.986,0.19,0.33,0.93,-60.42,-54.2,-22.03
worker 1,2026-07-27 13:16:25.987,0.22,0.23,0.94,-113.71,-40.22,-33.87
worker 1,2026-07-27 13:16:26.163,0.24,0.12,0.94,-160.95,-27.89,-42.66
worker 1,2026-07-27 13:16:26.163,0.24,0.05,0.98,-179.44,-10.5,-41.08
worker 1,2026-07-27 13:16:26.164,0.22,0.03,1.06,-154.66,-1.65,-39.79
worker 1,2026-07-27 13:16:26.165,0.22,0.0,1.09,-100.46,-19.23,-69.82
worker 1,2026-07-27 13:16:26.166,0.22,0.0,1.09,-100.46,-19.23,-69.82
worker 1,2026-07-27 13:16:26.284,0.23,0.07,0.99,-47.36,-32.47,-128.78
worker 1,2026-07-27 13:16:26.284,0.19,0.15,0.92,-56.27,7.26,-156.13
worker 1,2026-07-27 13:16:26.285,0.27,0.12,0.95,-47.67,43.76,-144.59
worker 1,2026-07-27 13:16:26.702,0.56,0.06,0.87,89.17,12.15,-127.38
worker 1,2026-07-27 13:16:26.703,0.56,0.06,0.87,89.17,12.15,-127.38
worker 1,2026-07-27 13:16:26.703,0.53,-0.03,0.77,113.71,-46.69,-48.58
worker 1,2026-07-27 13:16:26.704,0.28,-0.15,0.87,-25.09,-90.64,44.31
worker 1,2026-07-27 13:16:26.704,0.36,-0.22,1.02,-66.89,-79.28,12.82
worker 1,2026-07-27 13:16:26.705,0.36,-0.22,1.02,-66.89,-79.28,12.82
worker 1,2026-07-27 13:16:26.706,0.53,-0.21,1.0,-28.44,-24.11,-75.74
worker 1,2026-07-27 13:16:26.706,0.69,-0.19,0.82,-21.97,10.8,-110.72
worker 1,2026-07-27 13:16:26.707,0.74,-0.21,0.71,-22.95,26.12,-94.42
worker 1,2026-07-27 13:16:26.708,0.74,-0.21,0.71,-22.95,26.12,-94.42
worker 1,2026-07-27 13:16:26.708,0.58,-0.08,0.77,28.63,83.07,-70.56
worker 1,2026-07-27 13:16:26.710,0.43,0.16,0.87,70.86,167.24,-60.3
worker 1,2026-07-27 13:16:26.711,0.33,0.21,0.93,27.89,181.58,-11.72
worker 1,2026-07-27 13:16:26.711,0.33,0.21,0.93,-34.97,132.02,81.42
worker 1,2026-07-27 13:16:26.712,0.23,0.07,1.01,-34.97,132.02,81.42
worker 1,2026-07-27 13:16:26.890,0.08,-0.05,1.09,-15.87,95.89,119.69
worker 1,2026-07-27 13:16:26.890,-0.02,-0.05,1.1,91.0,99.06,64.7
worker 1,2026-07-27 13:16:26.892,-0.02,-0.05,1.1,91.0,99.06,64.7
worker 1,2026-07-27 13:16:26.892,-0.05,0.01,1.11,165.16,77.64,18.74
worker 1,2026-07-27 13:16:26.893,-0.11,0.07,1.07,112.73,-5.19,23.8
worker 1,2026-07-27 13:16:26.893,-0.14,0.13,0.98,-2.81,-92.96,8.3
worker 1,2026-07-27 13:16:27.010,-0.14,0.13,0.98,-2.81,-92.96,8.3
worker 1,2026-07-27 13:16:27.010,-0.09,0.3,0.92,-67.69,-148.62,-60.18
worker 1,2026-07-27 13:16:27.010,-0.06,0.64,0.86,-53.28,-156.98,-130.55
worker 1,2026-07-27 13:16:27.012,-0.06,0.64,0.86,-53.28,-156.98,-130.55
worker 1,2026-07-27 13:16:27.363,-0.09,0.74,0.85,-47.12,-114.32,-131.71
worker 1,2026-07-27 13:16:27.364,0.09,0.3,0.9,-110.78,-71.53,-80.51
worker 1,2026-07-27 13:16:27.364,0.35,-0.06,0.95,-152.77,-69.95,-48.4
worker 1,2026-07-27 13:16:27.365,0.35,-0.06,0.95,-152.77,-69.95,-48.4
worker 1,2026-07-27 13:16:27.365,0.45,-0.03,0.95,-103.94,-66.53,-46.75
worker 1,2026-07-27 13:16:27.366,0.45,-0.03,0.95,-103.94,-66.53,-46.75
worker 1,2026-07-27 13:16:27.367,0.38,0.07,0.95,-34.67,-19.78,-44.62
worker 1,2026-07-27 13:16:27.367,0.28,0.06,0.95,-16.42,38.82,-29.3
worker 1,2026-07-27 13:16:27.367,0.25,-0.02,0.93,-26.79,73.18,-5.8
worker 1,2026-07-27 13:16:27.368,0.25,-0.02,0.93,-26.79,73.18,-5.8
worker 1,2026-07-27 13:16:27.372,0.27,-0.06,0.94,-12.88,78.31,-0.18
worker 1,2026-07-27 13:16:27.372,0.2,-0.0,0.94,29.05,76.42,-18.98
worker 1,2026-07-27 13:16:27.372,0.04,0.07,0.96,39.55,82.58,-25.51
worker 1,2026-07-27 13:16:27.422,0.04,0.07,0.96,39.55,82.58,-25.51
worker 1,2026-07-27 13:16:27.427,-0.01,-0.04,1.04,-12.39,81.48,0.37
worker 1,2026-07-27 13:16:27.484,-0.01,-0.04,1.04,-12.39,81.48,0.37
worker 1,2026-07-27 13:16:27.484,0.01,-0.2,1.09,-48.71,70.01,10.68
worker 1,2026-07-27 13:16:27.543,-0.05,-0.2,1.04,3.78,54.57,-36.44
worker 1,2026-07-27 13:16:27.543,-0.05,-0.2,1.04,72.63,23.13,-85.69
worker 1,2026-07-27 13:16:27.547,-0.11,-0.07,1.06,72.63,23.13,-85.69
worker 1,2026-07-27 13:16:27.608,-0.1,0.08,1.19,71.41,-9.52,-77.58
worker 1,2026-07-27 13:16:27.609,-0.1,0.08,1.19,71.41,-9.52,-77.58
worker 1,2026-07-27 13:16:27.722,-0.07,0.17,1.25,36.38,11.54,-40.41
worker 1,2026-07-27 13:16:27.723,-0.07,0.17,1.25,36.38,11.54,-40.41
worker 1,2026-07-27 13:16:27.723,-0.04,0.16,1.18,9.46,47.91,-14.4
worker 1,2026-07-27 13:16:27.724,-0.02,0.04,1.04,-26.49,12.21,-1.53
worker 1,2026-07-27 13:16:27.725,0.03,-0.1,0.9,-72.88,-70.92,4.21
worker 1,2026-07-27 13:16:27.908,0.03,-0.1,0.9,-72.88,-70.92,4.21
worker 1,2026-07-27 13:16:27.908,0.08,-0.19,0.77,-111.33,-120.18,19.23
worker 1,2026-07-27 13:16:27.909,0.08,-0.19,0.77,-111.33,-120.18,19.23
worker 1,2026-07-27 13:16:27.909,0.13,-0.21,0.66,-167.85,-118.16,36.8
worker 1,2026-07-27 13:16:27.909,0.21,-0.31,0.54,-282.96,-133.06,33.57
worker 1,2026-07-27 13:16:27.909,0.26,-0.51,0.38,-391.54,-178.28,37.9
worker 1,2026-07-27 13:16:27.910,0.26,-0.51,0.38,-391.54,-178.28,37.9
worker 1,2026-07-27 13:16:28.143,0.26,-0.71,0.31,-336.12,-171.51,57.25
worker 1,2026-07-27 13:16:28.144,0.26,-0.71,0.31,-336.12,-171.51,57.25
worker 1,2026-07-27 13:16:28.155,0.24,-0.76,0.48,-102.66,-74.52,30.58
worker 1,2026-07-27 13:16:28.157,0.24,-0.76,0.48,-102.66,-74.52,30.58
worker 1,2026-07-27 13:16:28.158,0.28,-0.71,0.92,132.93,48.22,-38.27
worker 1,2026-07-27 13:16:28.158,0.35,-0.68,1.28,245.67,86.12,-69.03
worker 1,2026-07-27 13:16:28.158,0.31,-0.58,1.37,241.33,35.03,-61.34
worker 1,2026-07-27 13:16:28.159,0.31,-0.58,1.37,241.33,35.03,-61.34
worker 1,2026-07-27 13:16:28.159,0.21,-0.42,1.21,192.81,-7.75,-73.55
worker 1,2026-07-27 13:16:28.266,0.21,-0.42,1.21,192.81,-7.75,-73.55
worker 1,2026-07-27 13:16:28.266,0.09,-0.29,0.99,147.16,7.93,-116.82
worker 1,2026-07-27 13:16:28.266,0.02,-0.26,0.86,119.26,57.56,-151.43
worker 1,2026-07-27 13:16:28.267,0.02,-0.26,0.86,119.26,57.56,-151.43
worker 1,2026-07-27 13:16:28.267,0.01,-0.26,0.8,122.13,86.79,-153.32
worker 1,2026-07-27 13:16:28.442,0.01,-0.26,0.8,122.13,86.79,-153.32
worker 1,2026-07-27 13:16:28.442,0.05,-0.16,0.82,136.11,66.59,-133.24
worker 1,2026-07-27 13:16:28.443,0.05,-0.16,0.82,136.11,66.59,-133.24
worker 1,2026-07-27 13:16:28.443,0.14,0.06,0.89,136.66,9.34,-86.79
worker 1,2026-07-27 13:16:28.444,0.19,0.24,0.95,114.87,-42.3,-21.73
worker 1,2026-07-27 13:16:28.445,0.19,0.24,0.95,114.87,-42.3,-21.73
worker 1,2026-07-27 13:16:28.445,0.31,0.31,1.01,82.89,-52.19,27.71
worker 1,2026-07-27 13:16:28.449,0.31,0.31,1.01,82.89,-52.19,27.71
worker 1,2026-07-27 13:16:28.864,0.49,0.33,1.02,57.74,-36.38,45.29
worker 1,2026-07-27 13:16:28.865,0.53,0.3,0.89,38.7,-33.2,42.48
worker 1,2026-07-27 13:16:28.865,0.38,0.27,0.7,19.47,-38.7,24.9
worker 1,2026-07-27 13:16:28.866,0.38,0.27,0.7,19.47,-38.7,24.9
worker 1,2026-07-27 13:16:28.866,0.22,0.33,0.58,2.2,-21.61,-15.75
worker 1,2026-07-27 13:16:28.866,0.15,0.44,0.58,-9.95,7.32,-69.03
worker 1,2026-07-27 13:16:28.868,0.13,0.61,0.67,-24.72,19.29,-112.67
worker 1,2026-07-27 13:16:28.868,0.17,0.82,0.83,-46.26,15.56,-138.06
worker 1,2026-07-27 13:16:28.869,0.18,0.92,0.92,-58.29,1.53,-145.81
worker 1,2026-07-27 13:16:28.870,0.13,0.86,0.88,-52.37,-17.58,-144.35
worker 1,2026-07-27 13:16:28.871,0.13,0.86,0.88,-52.37,-17.58,-144.35
worker 1,2026-07-27 13:16:28.872,0.08,0.78,0.83,-44.13,-29.72,-146.36
worker 1,2026-07-27 13:16:28.872,0.1,0.74,0.89,-47.97,-24.17,-153.5
worker 1,2026-07-27 13:16:28.922,0.15,0.7,1.07,-66.22,-4.15,-160.95
worker 1,2026-07-27 13:16:29.105,0.18,0.6,1.19,-82.03,8.42,-162.6
worker 1,2026-07-27 13:16:29.106,0.17,0.44,1.17,-86.73,2.75,-156.31
worker 1,2026-07-27 13:16:29.106,0.16,0.29,1.03,-89.66,-12.27,-153.75
worker 1,2026-07-27 13:16:29.106,0.18,0.24,0.83,-85.51,-23.01,-159.3
worker 1,2026-07-27 13:16:29.107,0.18,0.24,0.83,-85.51,-23.01,-159.3
worker 1,2026-07-27 13:16:29.107,0.25,0.29,0.66,-73.3,-21.67,-154.42
worker 1,2026-07-27 13:16:29.225,0.25,0.29,0.66,-73.3,-21.67,-154.42
worker 1,2026-07-27 13:16:29.225,0.37,0.38,0.6,-57.86,-11.54,-126.71
worker 1,2026-07-27 13:16:29.225,0.43,0.43,0.65,-26.55,-0.79,-93.99
worker 1,2026-07-27 13:16:29.225,0.41,0.39,0.8,12.57,5.07,-64.27
worker 1,2026-07-27 13:16:29.282,0.41,0.39,0.8,12.57,5.07,-64.27
worker 1,2026-07-27 13:16:29.282,0.36,0.27,0.98,29.17,6.77,-27.83
worker 1,2026-07-27 13:16:29.283,0.36,0.27,0.98,29.17,6.77,-27.83
worker 1,2026-07-27 13:16:31.504,0.3,0.07,1.06,4.76,4.09,9.34
worker 1,2026-07-27 13:16:31.504,0.27,-0.15,1.05,-56.88,2.69,25.51
worker 1,2026-07-27 13:16:31.505,0.23,-0.18,0.99,-110.41,23.5,-6.53
worker 1,2026-07-27 13:16:31.507,0.08,-0.11,0.96,-119.51,65.49,-60.36
worker 1,2026-07-27 13:16:31.508,-0.07,-0.09,0.96,-87.22,79.96,-54.93
worker 1,2026-07-27 13:16:31.508,-0.06,-0.09,0.96,-30.64,38.7,25.45
worker 1,2026-07-27 13:16:31.508,0.06,-0.09,0.95,27.28,-28.75,115.78
worker 1,2026-07-27 13:16:31.510,0.06,-0.09,0.95,27.28,-28.75,115.78
worker 1,2026-07-27 13:16:31.510,0.07,-0.15,0.89,67.08,-73.0,169.92
worker 1,2026-07-27 13:16:31.511,-0.06,-0.33,0.93,71.23,-70.74,186.89
worker 1,2026-07-27 13:16:31.511,-0.12,-0.38,1.18,34.06,-38.82,166.99
worker 1,2026-07-27 13:16:31.511,-0.12,-0.38,1.18,-19.84,-24.48,116.94
worker 1,2026-07-27 13:16:31.513,-0.15,-0.29,1.37,-19.84,-24.48,116.94
worker 1,2026-07-27 13:16:31.513,-0.27,-0.22,1.27,-50.72,-50.42,53.89
worker 1,2026-07-27 13:16:31.518,-0.27,-0.22,1.27,-50.72,-50.42,53.89
worker 1,2026-07-27 13:16:31.518,-0.38,-0.05,1.03,-45.65,-73.85,-32.41
worker 1,2026-07-27 13:16:31.519,-0.38,-0.05,1.03,-45.65,-73.85,-32.41
worker 1,2026-07-27 13:16:31.519,-0.47,0.15,0.83,-12.63,-66.04,-124.45
worker 1,2026-07-27 13:16:31.520,-0.47,0.15,0.83,-12.63,-66.04,-124.45
worker 1,2026-07-27 13:16:31.683,-0.47,0.2,0.73,19.78,-42.24,-153.38
worker 1,2026-07-27 13:16:31.742,-0.31,0.14,0.8,28.81,-10.38,-109.68
worker 1,2026-07-27 13:16:31.743,-0.31,0.14,0.8,28.81,-10.38,-109.68
worker 1,2026-07-27 13:16:31.743,-0.05,0.08,0.97,33.14,32.17,-63.96
worker 1,2026-07-27 13:16:31.926,-0.05,0.08,0.97,33.14,32.17,-63.96
worker 1,2026-07-27 13:16:31.926,0.2,0.1,1.11,49.8,64.94,-70.68
worker 1,2026-07-27 13:16:31.927,0.2,0.1,1.11,49.8,64.94,-70.68
worker 1,2026-07-27 13:16:31.927,0.35,0.17,1.1,71.78,66.59,-118.41
worker 1,2026-07-27 13:16:31.927,0.4,0.25,0.96,79.71,43.58,-152.77
worker 1,2026-07-27 13:16:31.927,0.43,0.33,0.83,64.03,17.33,-141.97
worker 1,2026-07-27 13:16:31.927,0.47,0.38,0.81,41.75,1.83,-102.23
worker 1,2026-07-27 13:16:31.929,0.47,0.38,0.81,41.75,1.83,-102.23
worker 1,2026-07-27 13:16:31.929,0.52,0.34,0.98,26.61,-5.25,-55.3
worker 1,2026-07-27 13:16:31.929,0.55,0.21,1.3,19.96,-11.23,-16.48
worker 1,2026-07-27 13:16:31.931,0.55,0.21,1.3,19.96,-11.23,-16.48
worker 1,2026-07-27 13:16:31.931,0.48,0.18,1.57,-1.95,-33.94,11.9
worker 1,2026-07-27 13:16:31.932,0.48,0.18,1.57,-1.95,-33.94,11.9
worker 1,2026-07-27 13:16:31.933,0.48,0.18,1.57,-1.95,-33.94,11.9
worker 1,2026-07-27 13:16:31.933,0.12,0.26,1.55,-82.82,-120.24,54.08
worker 1,2026-07-27 13:16:31.934,0.03,0.28,1.36,-64.82,-129.64,26.25
worker 1,2026-07-27 13:16:31.934,0.02,0.28,1.16,-30.09,-116.82,-7.45
worker 1,2026-07-27 13:16:31.935,0.02,0.28,1.16,-30.09,-116.82,-7.45
worker 1,2026-07-27 13:16:31.935,0.02,0.19,0.91,-11.96,-109.19,-6.59
worker 1,2026-07-27 13:16:31.936,0.02,0.19,0.91,-11.96,-109.19,-6.59
worker 1,2026-07-27 13:16:31.936,-0.03,0.06,0.63,-12.7,-113.71,12.45
worker 1,2026-07-27 13:16:31.939,-0.06,-0.04,0.45,-22.58,-113.59,15.44
worker 1,2026-07-27 13:16:32.105,-0.03,-0.06,0.41,-38.45,-99.06,-2.26
worker 1,2026-07-27 13:16:32.106,0.02,-0.04,0.47,-70.43,-75.38,-18.92
worker 1,2026-07-27 13:16:32.106,0.06,-0.0,0.56,-113.53,-43.82,-12.63
worker 1,2026-07-27 13:16:32.106,0.31,-0.09,1.2,-11.23,-54.57,4.09
worker 1,2026-07-27 13:16:32.107,0.12,-0.27,1.11,-59.14,-86.06,3.85
worker 1,2026-07-27 13:16:32.107,0.02,-0.44,1.11,-123.17,-100.52,-21.18
worker 1,2026-07-27 13:16:32.582,0.02,-0.44,1.11,-123.17,-100.52,-21.18
worker 1,2026-07-27 13:16:32.582,-0.03,-0.55,1.09,-160.95,-110.66,-54.08
worker 1,2026-07-27 13:16:32.586,-0.03,-0.55,1.09,-160.95,-110.66,-54.08
worker 1,2026-07-27 13:16:32.586,-0.05,-0.54,0.94,-138.85,-102.36,-81.24
worker 1,2026-07-27 13:16:32.586,-0.09,-0.38,0.69,-88.5,-26.55,-114.32
worker 1,2026-07-27 13:16:32.586,-0.08,-0.2,0.52,-28.93,97.11,-140.56
worker 1,2026-07-27 13:16:32.587,-0.08,-0.2,0.52,-28.93,97.11,-140.56
worker 1,2026-07-27 13:16:32.587,0.04,-0.04,0.56,34.67,182.37,-134.16
worker 1,2026-07-27 13:16:32.588,0.04,-0.04,0.56,34.67,182.37,-134.16
worker 1,2026-07-27 13:16:32.588,0.26,0.03,0.72,50.17,172.06,-108.34
worker 1,2026-07-27 13:16:32.588,0.46,-0.03,0.86,0.79,88.44,-91.19
worker 1,2026-07-27 13:16:32.591,0.46,-0.03,0.86,0.79,88.44,-91.19
worker 1,2026-07-27 13:16:32.591,0.53,-0.09,0.96,-47.24,5.31,-89.9
worker 1,2026-07-27 13:16:32.591,0.47,-0.09,0.99,-39.67,-27.4,-93.02
worker 1,2026-07-27 13:16:32.592,0.33,-0.02,0.96,-2.56,-15.38,-91.8
worker 1,2026-07-27 13:16:32.592,0.33,-0.02,0.96,18.62,9.16,-83.98
worker 1,2026-07-27 13:16:32.593,0.22,0.05,0.95,18.62,9.16,-83.98
worker 1,2026-07-27 13:16:32.593,0.12,0.09,0.99,17.33,23.07,-70.68
worker 1,2026-07-27 13:16:32.594,0.12,0.09,0.99,17.33,23.07,-70.68
worker 1,2026-07-27 13:16:32.596,0.02,0.09,1.1,4.82,22.64,-57.01
worker 1,2026-07-27 13:16:32.596,-0.08,0.1,1.19,-1.77,19.71,-48.77
worker 1,2026-07-27 13:16:32.597,-0.08,0.1,1.19,-1.77,19.71,-48.77
worker 1,2026-07-27 13:16:32.597,-0.21,0.04,1.16,8.67,16.6,-42.11
worker 1,2026-07-27 13:16:32.597,-0.21,0.04,1.16,7.08,9.4,-28.26
worker 1,2026-07-27 13:16:32.597,-0.24,-0.08,1.05,7.08,9.4,-28.26
worker 1,2026-07-27 13:16:32.653,-0.09,-0.08,0.96,-19.29,8.67,-22.52
worker 1,2026-07-27 13:16:32.654,-0.09,-0.08,0.96,-19.29,8.67,-22.52
worker 1,2026-07-27 13:16:32.656,0.11,0.04,0.94,-31.01,27.53,-43.15
worker 1,2026-07-27 13:16:32.656,0.26,0.18,0.96,-19.47,54.87,-69.7
worker 1,2026-07-27 13:16:32.656,0.35,0.24,0.94,-10.93,67.81,-67.99
worker 1,2026-07-27 13:16:32.704,0.35,0.24,0.94,-10.93,67.81,-67.99
worker 1,2026-07-27 13:16:32.888,0.4,0.2,0.87,-14.22,66.77,-37.41
worker 1,2026-07-27 13:16:32.888,0.43,0.08,0.85,-25.15,65.06,-3.78
worker 1,2026-07-27 13:16:32.889,0.43,0.08,0.85,-25.15,65.06,-3.78
worker 1,2026-07-27 13:16:32.889,0.42,-0.05,0.92,-34.73,59.75,17.94
worker 1,2026-07-27 13:16:32.891,0.35,-0.14,1.0,-34.55,31.98,34.36
worker 1,2026-07-27 13:16:32.892,0.35,-0.14,1.0,-34.55,31.98,34.36
worker 1,2026-07-27 13:16:32.892,0.26,-0.17,1.02,-35.16,-11.72,56.88
worker 1,2026-07-27 13:16:32.892,0.15,-0.21,1.08,-44.37,-38.7,79.22
worker 1,2026-07-27 13:16:32.892,0.11,-0.29,1.16,-48.4,-44.37,88.68
worker 1,2026-07-27 13:16:32.893,0.13,-0.32,1.18,-34.67,-37.78,73.43
worker 1,2026-07-27 13:16:32.893,0.17,-0.24,1.22,-7.45,-21.85,29.42
worker 1,2026-07-27 13:16:32.893,0.19,-0.11,1.3,15.14,-12.21,-22.46
worker 1,2026-07-27 13:16:32.894,0.13,-0.05,1.31,23.25,-27.22,-48.16
worker 1,2026-07-27 13:16:32.894,0.02,-0.1,1.23,20.08,-60.24,-38.02
worker 1,2026-07-27 13:16:33.007,-0.0,-0.16,1.11,14.47,-83.86,-22.03
worker 1,2026-07-27 13:16:33.007,0.05,-0.18,0.99,13.73,-88.01,-17.7
worker 1,2026-07-27 13:16:33.008,0.09,-0.22,0.84,10.68,-86.24,-10.07
worker 1,2026-07-27 13:16:33.976,0.09,-0.22,0.84,10.68,-86.24,-10.07
worker 1,2026-07-27 13:16:33.977,0.07,-0.3,0.68,-5.49,-78.31,7.14
worker 1,2026-07-27 13:16:33.980,0.07,-0.3,0.68,-5.49,-78.31,7.14
worker 1,2026-07-27 13:16:33.980,0.04,-0.38,0.58,-24.17,-50.29,15.32
worker 1,2026-07-27 13:16:33.980,0.02,-0.35,0.52,-24.11,-14.65,-3.6
worker 1,2026-07-27 13:16:33.980,0.01,-0.21,0.5,-9.7,9.64,-36.56
worker 1,2026-07-27 13:16:33.980,0.02,-0.04,0.56,2.93,31.74,-60.24
worker 1,2026-07-27 13:16:34.090,0.04,0.11,0.71,9.95,65.49,-70.62
worker 1,2026-07-27 13:16:34.091,0.04,0.11,0.71,9.95,65.49,-70.62
worker 1,2026-07-27 13:16:34.091,0.02,0.19,0.83,8.24,103.64,-64.09
worker 1,2026-07-27 13:16:34.091,0.02,0.19,0.83,-7.69,128.36,-29.66
worker 1,2026-07-27 13:16:34.091,-0.1,0.09,0.88,-7.69,128.36,-29.66
worker 1,2026-07-27 13:16:34.091,-0.3,-0.17,1.04,-42.72,138.85,27.95
worker 1,2026-07-27 13:16:34.207,-0.4,-0.45,1.36,-87.52,142.21,88.44
worker 1,2026-07-27 13:16:34.207,-0.37,-0.66,1.57,-114.81,124.39,131.1
worker 1,2026-07-27 13:16:34.266,-0.37,-0.66,1.57,-114.81,124.39,131.1
worker 1,2026-07-27 13:16:34.266,-0.27,-0.72,1.44,-105.22,78.49,133.24
worker 1,2026-07-27 13:16:34.266,-0.17,-0.59,1.08,-55.42,36.8,71.35
worker 1,2026-07-27 13:16:34.267,-0.12,-0.37,0.74,16.85,30.46,-40.83
worker 1,2026-07-27 13:16:34.267,-0.12,-0.19,0.58,65.0,52.73,-137.21
worker 1,2026-07-27 13:16:34.267,-0.16,-0.11,0.59,56.4,84.59,-170.17
worker 1,2026-07-27 13:16:34.268,-0.16,-0.11,0.59,3.66,120.79,-155.58
worker 1,2026-07-27 13:16:34.268,-0.24,-0.15,0.7,3.66,120.79,-155.58
worker 1,2026-07-27 13:16:34.268,-0.3,-0.23,0.86,-50.35,148.32,-128.48
worker 1,2026-07-27 13:16:34.269,-0.3,-0.23,0.86,-50.35,148.32,-128.48
worker 1,2026-07-27 13:16:34.269,-0.32,-0.28,0.98,-62.93,145.63,-98.75
worker 1,2026-07-27 13:16:34.270,-0.34,-0.38,1.03,-37.35,105.41,-57.37
worker 1,2026-07-27 13:16:34.278,-0.39,-0.57,1.01,-13.06,39.43,2.38
worker 1,2026-07-27 13:16:34.278,-0.42,-0.78,0.95,-5.68,-19.59,53.1
worker 1,2026-07-27 13:16:34.278,-0.42,-0.9,0.87,-4.39,-34.48,53.41
worker 1,2026-07-27 13:16:34.279,-0.42,-0.9,0.87,-4.39,-34.48,53.41
worker 1,2026-07-27 13:16:34.279,-0.31,-0.83,0.92,-12.51,0.61,12.15
worker 1,2026-07-27 13:16:34.279,-0.17,-0.66,1.06,-23.32,27.28,-34.55
worker 1,2026-07-27 13:16:34.383,-0.17,-0.66,1.06,-23.32,27.28,-34.55
worker 1,2026-07-27 13:16:34.383,-0.13,-0.57,1.1,-26.18,-1.22,-59.81
worker 1,2026-07-27 13:16:34.384,-0.26,-0.66,1.1,-36.25,-49.5,-58.17
worker 1,2026-07-27 13:16:34.384,-0.44,-0.67,1.08,-23.56,-82.09,-48.16
worker 1,2026-07-27 13:16:34.393,-0.44,-0.67,1.08,-23.56,-82.09,-48.16
worker 1,2026-07-27 13:16:34.394,-0.44,-0.51,1.12,26.37,-102.36,-26.98
worker 1,2026-07-27 13:16:34.394,-0.36,-0.4,1.24,64.33,-110.11,5.62
worker 1,2026-07-27 13:16:34.394,-0.36,-0.4,1.24,96.68,-99.24,27.1
worker 1,2026-07-27 13:16:34.395,-0.41,-0.36,1.22,96.68,-99.24,27.1
worker 1,2026-07-27 13:16:34.395,-0.57,-0.29,0.98,150.02,-75.62,45.96
worker 1,2026-07-27 13:16:34.395,-0.64,-0.16,0.65,191.35,-56.52,80.81
worker 1,2026-07-27 13:16:34.395,-0.58,-0.06,0.42,173.4,-48.52,120.42
worker 1,2026-07-27 13:16:34.395,-0.43,-0.03,0.38,79.1,-45.84,142.15
worker 1,2026-07-27 13:16:34.449,-0.43,-0.03,0.38,79.1,-45.84,142.15
worker 1,2026-07-27 13:16:34.449,-0.3,-0.04,0.51,-15.5,-60.79,123.11
worker 1,2026-07-27 13:16:34.566,-0.3,-0.04,0.51,-15.5,-60.79,123.11
worker 1,2026-07-27 13:16:34.567,-0.2,-0.04,0.64,-19.65,-81.24,68.42
worker 1,2026-07-27 13:16:34.568,-0.14,-0.04,0.64,30.82,-70.98,16.05
worker 1,2026-07-27 13:16:34.568,-0.12,-0.05,0.61,52.31,-32.04,-11.23
worker 1,2026-07-27 13:16:34.803,-0.12,-0.05,0.61,52.31,-32.04,-11.23
worker 1,2026-07-27 13:16:34.803,-0.13,-0.06,0.59,29.79,14.22,-21.36
worker 1,2026-07-27 13:16:34.804,-0.19,-0.05,0.62,1.89,57.13,-40.22
worker 1,2026-07-27 13:16:34.809,-0.19,-0.05,0.62,1.89,57.13,-40.22
worker 1,2026-07-27 13:16:34.810,-0.28,-0.05,0.89,-29.85,66.22,-82.64
worker 1,2026-07-27 13:16:34.810,-0.28,-0.11,1.29,-91.13,29.17,-124.76
worker 1,2026-07-27 13:16:34.811,-0.18,-0.19,1.35,-124.39,7.69,-117.55
worker 1,2026-07-27 13:16:34.811,-0.09,-0.27,1.17,-91.74,22.46,-57.31
worker 1,2026-07-27 13:16:34.864,-0.09,-0.27,1.17,-91.74,22.46,-57.31
worker 1,2026-07-27 13:16:34.869,-0.01,-0.25,1.07,-34.85,34.55,-0.73
worker 1,2026-07-27 13:16:34.983,0.05,-0.16,1.15,25.21,43.76,14.4
worker 1,2026-07-27 13:16:34.984,0.05,-0.16,1.15,25.21,43.76,14.4
worker 1,2026-07-27 13:16:34.985,0.08,-0.16,1.35,58.65,37.6,12.94
worker 1,2026-07-27 13:16:34.986,0.08,-0.16,1.35,58.65,37.6,12.94
worker 1,2026-07-27 13:16:34.986,0.08,-0.23,1.36,60.12,-2.32,20.81
worker 1,2026-07-27 13:16:35.103,-0.04,-0.18,1.16,49.44,-44.92,23.93
worker 1,2026-07-27 13:16:35.111,-0.04,-0.18,1.16,42.79,-46.57,13.49
worker 1,2026-07-27 13:16:35.111,-0.15,-0.02,1.01,42.79,-46.57,13.49
worker 1,2026-07-27 13:16:35.111,-0.17,0.09,0.95,58.29,-12.21,8.12
worker 1,2026-07-27 13:16:35.112,-0.17,0.09,0.95,58.29,-12.21,8.12
worker 1,2026-07-27 13:16:35.171,-0.1,0.1,0.9,70.07,1.16,24.23
worker 1,2026-07-27 13:16:35.171,0.0,0.04,0.84,46.69,-24.96,52.73
worker 1,2026-07-27 13:16:35.233,0.0,0.04,0.84,46.69,-24.96,52.73
worker 1,2026-07-27 13:16:35.233,0.08,0.02,0.73,11.6,-56.76,69.34
worker 1,2026-07-27 13:16:35.403,0.11,0.05,0.64,-2.14,-60.36,63.96
worker 1,2026-07-27 13:16:35.404,0.11,0.05,0.64,-2.14,-60.36,63.96
worker 1,2026-07-27 13:16:35.824,0.09,0.09,0.64,-3.3,-38.09,56.95
worker 1,2026-07-27 13:16:36.843,0.09,0.09,0.64,-3.3,-38.09,56.95
worker 1,2026-07-27 13:16:36.844,0.07,0.04,0.72,-10.93,-14.47,66.77
worker 1,2026-07-27 13:16:37.683,0.1,-0.13,0.89,-24.66,1.46,85.14
worker 1,2026-07-27 13:16:37.683,0.21,-0.24,1.17,-30.33,11.78,92.41
worker 1,2026-07-27 13:16:38.522,0.13,-0.18,1.64,4.21,56.46,70.98
worker 1,2026-07-27 13:16:38.525,-0.14,-0.01,1.55,65.92,82.64,44.19
worker 1,2026-07-27 13:16:38.525,-0.31,0.15,0.9,49.74,9.46,53.89
worker 1,2026-07-27 13:16:38.526,-0.36,0.13,0.77,-27.28,-34.18,76.17
worker 1,2026-07-27 13:16:38.526,-0.36,0.13,0.77,-46.87,5.74,69.58
worker 1,2026-07-27 13:16:38.526,-0.38,0.11,0.9,-46.87,5.74,69.58
worker 1,2026-07-27 13:16:38.527,-0.39,0.22,0.94,-9.4,36.8,37.29
worker 1,2026-07-27 13:16:38.528,-0.36,0.28,0.95,19.41,39.73,12.51
worker 1,2026-07-27 13:16:38.530,-0.3,0.26,0.9,22.28,25.94,10.74
worker 1,2026-07-27 13:16:38.532,-0.22,0.2,0.87,19.65,11.72,16.11
worker 1,2026-07-27 13:16:38.533,-0.15,0.12,0.89,13.85,3.54,19.29
worker 1,2026-07-27 13:16:38.534,-0.15,0.12,0.89,13.85,3.54,19.29
worker 1,2026-07-27 13:16:38.534,-0.08,0.08,0.83,1.28,-11.78,21.42
worker 1,2026-07-27 13:16:39.250,-0.08,0.08,0.83,1.28,-11.78,21.42
worker 1,2026-07-27 13:16:39.250,-0.0,0.1,0.69,-18.13,-30.03,21.3
worker 1,2026-07-27 13:16:39.251,0.04,0.13,0.64,-31.56,-27.28,10.5
worker 1,2026-07-27 13:16:39.251,-0.03,0.18,0.84,-30.27,13.43,-15.26
worker 1,2026-07-27 13:16:39.251,-0.03,0.18,0.84,-34.42,78.19,-48.4
worker 1,2026-07-27 13:16:39.251,-0.33,0.14,1.27,-34.42,78.19,-48.4
worker 1,2026-07-27 13:16:39.251,-0.7,0.0,1.65,-52.8,122.8,-73.79
worker 1,2026-07-27 13:16:39.252,-0.7,0.0,1.65,-52.8,122.8,-73.79
worker 1,2026-07-27 13:16:39.252,-0.73,-0.01,1.53,-49.62,96.07,-51.82
worker 1,2026-07-27 13:16:40.622,-0.39,0.02,1.09,-25.09,22.71,31.25
worker 1,2026-07-27 13:16:41.103,-0.01,-0.02,0.8,1.28,-24.11,109.31
worker 1,2026-07-27 13:16:41.104,-0.01,-0.02,0.8,1.28,-24.11,109.31
worker 1,2026-07-27 13:16:41.104,0.14,-0.02,0.68,50.17,-28.2,123.6
worker 1,2026-07-27 13:16:41.104,0.04,-0.02,0.56,132.08,-0.73,75.99
worker 1,2026-07-27 13:16:41.104,-0.15,-0.01,0.48,178.34,34.79,17.21
worker 1,2026-07-27 13:16:41.105,-0.15,-0.01,0.48,178.34,34.79,17.21
worker 1,2026-07-27 13:16:41.106,-0.28,0.11,0.94,90.52,48.03,1.28
worker 1,2026-07-27 13:16:41.107,-0.36,0.31,1.57,-46.51,37.11,25.21
worker 1,2026-07-27 13:16:41.463,-0.36,0.31,1.57,-46.51,37.11,25.21
worker 1,2026-07-27 13:16:41.463,-0.32,0.25,1.45,-78.37,9.34,65.55
worker 1,2026-07-27 13:16:41.464,-0.24,-0.0,1.12,-51.15,-3.97,87.65
worker 1,2026-07-27 13:16:41.464,-0.37,0.05,0.96,-21.61,22.64,52.49
worker 1,2026-07-27 13:16:41.465,-0.58,0.36,0.78,8.18,48.65,-6.1
worker 1,2026-07-27 13:16:41.466,-0.66,0.49,0.72,16.11,56.46,-32.35
worker 1,2026-07-27 13:16:41.471,-0.66,0.49,0.72,16.11,56.46,-32.35
worker 1,2026-07-27 13:16:41.472,-0.66,0.49,0.72,16.11,56.46,-32.35
worker 1,2026-07-27 13:16:41.485,-0.76,0.45,0.74,8.73,68.73,-36.07
worker 1,2026-07-27 13:16:41.487,-0.24,0.11,0.96,-32.96,-94.42,55.18
worker 1,2026-07-27 13:16:41.487,-0.06,0.06,0.89,-15.93,-162.54,108.03
worker 1,2026-07-27 13:16:41.487,-0.5,0.11,0.74,115.84,30.64,-139.95
worker 1,2026-07-27 13:16:41.487,-0.47,0.29,0.73,102.91,-4.64,-83.74
worker 1,2026-07-27 13:16:41.487,-0.43,0.17,0.74,-28.5,30.03,57.62
worker 1,2026-07-27 13:16:41.488,-0.43,0.17,0.74,-28.5,30.03,57.62
worker 1,2026-07-27 13:16:41.488,-0.52,0.19,0.79,-8.97,33.08,43.4
worker 1,2026-07-27 13:16:41.488,-0.53,0.17,0.86,-7.51,5.62,51.33
worker 1,2026-07-27 13:16:41.489,-0.53,0.17,0.86,-7.51,5.62,51.33
worker 1,2026-07-27 13:16:41.489,-0.46,0.15,0.9,-10.01,-48.1,74.52
worker 1,2026-07-27 13:16:41.489,-0.46,0.15,0.9,-12.02,-78.49,88.75
worker 1,2026-07-27 13:16:41.489,-0.37,0.17,0.91,-12.02,-78.49,88.75
worker 1,2026-07-27 13:16:41.489,-0.3,0.17,0.88,-14.53,-57.98,77.7
worker 1,2026-07-27 13:16:41.490,-0.26,0.15,0.83,-12.88,-26.49,52.43
worker 1,2026-07-27 13:16:41.490,-0.26,0.18,0.86,-11.47,-17.94,33.39
worker 1,2026-07-27 13:16:41.490,-0.34,0.31,0.96,-18.07,-21.91,28.56
worker 1,2026-07-27 13:16:41.491,-0.34,0.31,0.96,-18.07,-21.91,28.56
worker 1,2026-07-27 13:16:41.491,-0.39,0.45,1.04,-25.27,-32.84,47.91
worker 1,2026-07-27 13:16:41.492,-0.22,0.37,1.09,-45.78,-56.09,88.81
worker 1,2026-07-27 13:16:41.492,-0.4,-0.02,0.72,4.58,-8.0,74.89
worker 1,2026-07-27 13:16:41.493,-0.4,-0.02,0.72,4.58,-8.0,74.89
worker 1,2026-07-27 13:16:41.493,-0.37,-0.06,0.74,-13.98,-13.43,72.33
worker 1,2026-07-27 13:16:41.493,-0.35,-0.08,0.77,-46.14,-24.41,59.63
worker 1,2026-07-27 13:16:41.493,-0.28,-0.09,0.79,-57.68,-22.83,43.7
worker 1,2026-07-27 13:16:41.494,-0.2,-0.1,0.79,-41.26,-9.16,15.62
worker 1,2026-07-27 13:16:41.522,-0.19,-0.08,0.79,-15.44,2.32,-12.02
worker 1,2026-07-27 13:16:41.522,-0.2,-0.03,0.86,2.56,8.67,-8.06
worker 1,2026-07-27 13:16:41.534,-0.07,-0.15,1.08,-72.88,4.15,50.48
worker 1,2026-07-27 13:16:41.702,-0.28,0.15,0.71,38.57,-23.86,-77.82
worker 1,2026-07-27 13:16:41.702,-0.28,0.32,0.75,35.83,-7.51,-37.84
worker 1,2026-07-27 13:16:41.704,-0.28,0.32,0.75,35.83,-7.51,-37.84
worker 1,2026-07-27 13:16:41.708,-0.23,0.35,0.87,30.88,11.72,25.82
worker 1,2026-07-27 13:16:41.708,0.21,-0.14,1.1,22.52,28.93,94.97
worker 1,2026-07-27 13:16:41.708,0.21,-0.14,1.1,3.78,9.22,113.46
worker 1,2026-07-27 13:16:41.709,0.69,-0.63,1.26,3.78,9.22,113.46
worker 1,2026-07-27 13:16:41.709,0.63,-0.49,1.12,-14.34,-37.96,54.57
worker 1,2026-07-27 13:16:41.709,0.31,-0.14,0.96,-20.94,-57.56,-11.11
worker 1,2026-07-27 13:16:41.709,-0.22,0.3,1.04,92.29,100.4,-38.57
worker 1,2026-07-27 13:16:41.709,-0.19,0.22,0.87,37.84,59.63,26.43
worker 1,2026-07-27 13:16:41.710,-0.19,0.22,0.87,37.84,59.63,26.43
worker 1,2026-07-27 13:16:41.710,-0.19,0.17,0.79,-28.87,1.34,92.47
worker 1,2026-07-27 13:16:41.710,-0.2,0.12,0.89,-54.02,-10.25,111.27
worker 1,2026-07-27 13:16:41.717,-0.17,0.12,1.06,-54.63,4.09,89.23
worker 1,2026-07-27 13:16:41.718,-0.08,0.11,1.13,-60.3,2.44,51.51
worker 1,2026-07-27 13:16:41.719,-0.08,0.11,1.13,-60.3,2.44,51.51
worker 1,2026-07-27 13:16:41.720,-0.01,0.05,1.07,-69.95,-21.91,6.47
worker 1,2026-07-27 13:16:41.822,-0.01,0.05,1.07,-69.95,-21.91,6.47
worker 1,2026-07-27 13:16:41.823,0.01,0.0,0.94,-55.11,-37.35,-35.46
worker 1,2026-07-27 13:16:41.825,0.01,0.0,0.94,-55.11,-37.35,-35.46
worker 1,2026-07-27 13:16:41.825,0.03,-0.0,0.82,-10.99,-20.32,-59.27
worker 1,2026-07-27 13:16:41.825,0.03,0.03,0.78,29.11,14.47,-64.76
worker 1,2026-07-27 13:16:42.422,0.03,0.03,0.78,29.11,14.47,-64.76
worker 1,2026-07-27 13:16:42.423,0.02,0.05,0.86,40.53,43.03,-55.6
worker 1,2026-07-27 13:16:42.423,0.05,0.02,1.07,18.74,48.77,-32.29
worker 1,2026-07-27 13:16:42.426,0.05,0.02,1.07,18.74,48.77,-32.29
worker 1,2026-07-27 13:16:42.426,0.1,-0.04,1.27,-13.92,31.25,-7.81
worker 1,2026-07-27 13:16:42.426,0.1,-0.09,1.27,-27.22,9.34,-2.2
worker 1,2026-07-27 13:16:42.426,0.07,-0.14,1.14,-22.28,-2.99,-11.72
worker 1,2026-07-27 13:16:42.427,0.07,-0.14,1.14,-22.28,-2.99,-11.72
worker 1,2026-07-27 13:16:42.427,0.08,-0.16,1.06,-15.44,-5.68,-23.25
worker 1,2026-07-27 13:16:42.429,0.08,-0.16,1.06,-15.44,-5.68,-23.25
worker 1,2026-07-27 13:16:42.429,0.05,-0.07,1.08,-10.44,2.75,-42.97
worker 1,2026-07-27 13:16:42.430,0.05,-0.07,1.08,-10.44,2.75,-42.97
worker 1,2026-07-27 13:16:42.430,-0.01,0.07,1.08,-12.45,10.44,-57.56
worker 1,2026-07-27 13:16:42.551,-0.03,0.09,0.98,-24.23,-3.48,-37.41
worker 1,2026-07-27 13:16:42.551,0.0,-0.11,0.86,-37.96,-32.59,19.35
worker 1,2026-07-27 13:16:42.551,0.05,-0.33,0.9,-47.67,-47.85,62.87
worker 1,2026-07-27 13:16:42.785,0.02,-0.33,1.0,-38.02,-34.85,34.67
worker 1,2026-07-27 13:16:42.786,0.02,-0.33,1.0,-38.02,-34.85,34.67
worker 1,2026-07-27 13:16:42.787,-0.04,-0.18,1.01,-7.69,-17.58,-28.75
worker 1,2026-07-27 13:16:42.787,-0.04,-0.11,0.92,14.65,-16.3,-53.59
worker 1,2026-07-27 13:16:42.787,-0.0,-0.16,0.87,19.35,-16.42,-37.41
worker 1,2026-07-27 13:16:42.788,0.02,-0.18,0.9,20.26,-5.43,-17.82
worker 1,2026-07-27 13:16:42.788,0.03,-0.15,0.93,21.42,7.26,-8.79
worker 1,2026-07-27 13:16:42.788,0.05,-0.14,0.94,18.31,10.56,0.31
worker 1,2026-07-27 13:16:42.791,0.05,-0.14,0.94,18.31,10.56,0.31
worker 1,2026-07-27 13:16:42.798,0.1,-0.12,0.95,15.08,9.03,6.41
worker 1,2026-07-27 13:16:42.799,0.12,-0.09,0.94,20.02,7.45,0.43
worker 1,2026-07-27 13:16:42.799,0.16,-0.09,0.94,27.59,4.76,-6.35
worker 1,2026-07-27 13:16:42.799,0.16,-0.09,0.94,28.69,5.49,0.12
worker 1,2026-07-27 13:16:42.799,0.19,-0.14,0.97,28.69,5.49,0.12
worker 1,2026-07-27 13:16:42.800,0.17,-0.14,0.99,26.37,11.84,15.26
worker 1,2026-07-27 13:16:42.800,0.13,-0.11,0.99,16.97,11.96,21.18
worker 1,2026-07-27 13:16:43.025,0.13,-0.11,0.99,16.97,11.96,21.18
worker 1,2026-07-27 13:16:43.025,0.12,-0.09,1.06,-1.04,0.18,9.95
worker 1,2026-07-27 13:16:43.031,0.03,-0.01,1.15,5.43,8.18,-16.97
worker 1,2026-07-27 13:16:43.032,0.03,-0.01,1.15,33.57,28.69,-40.71
worker 1,2026-07-27 13:16:43.032,-0.05,0.08,1.16,33.57,28.69,-40.71
worker 1,2026-07-27 13:16:43.032,-0.06,0.09,1.08,32.41,2.62,-27.77
worker 1,2026-07-27 13:16:43.032,-0.06,0.08,0.95,19.84,-53.22,21.36
worker 1,2026-07-27 13:16:43.033,-0.06,0.08,0.95,19.84,-53.22,21.36
worker 1,2026-07-27 13:16:43.146,-0.04,0.14,0.81,50.72,-67.63,70.74
worker 1,2026-07-27 13:16:43.146,-0.02,0.21,0.78,85.69,-29.6,93.44
worker 1,2026-07-27 13:16:43.148,0.0,0.18,0.92,61.22,12.63,79.96
worker 1,2026-07-27 13:16:43.149,0.0,0.18,0.92,61.22,12.63,79.96
worker 1,2026-07-27 13:16:43.206,0.03,0.14,1.12,5.37,26.55,41.63
worker 1,2026-07-27 13:16:43.207,0.03,0.14,1.12,5.37,26.55,41.63
worker 1,2026-07-27 13:16:43.207,0.01,0.19,1.17,-24.29,19.04,1.28
worker 1,2026-07-27 13:16:43.445,0.01,0.19,1.17,-24.29,19.04,1.28
worker 1,2026-07-27 13:16:43.445,-0.06,0.23,1.04,-15.14,8.12,-23.68
worker 1,2026-07-27 13:16:44.172,-0.06,0.23,1.04,-15.14,8.12,-23.68
worker 1,2026-07-27 13:16:44.174,-0.1,0.2,0.88,4.58,2.93,-25.15
worker 1,2026-07-27 13:16:44.176,-0.08,0.14,0.85,8.67,4.46,-13.24
worker 1,2026-07-27 13:16:44.178,-0.08,0.14,0.85,8.67,4.46,-13.24
worker 1,2026-07-27 13:16:44.178,-0.01,0.09,0.94,-0.85,10.56,-5.49
worker 1,2026-07-27 13:16:44.179,0.04,0.04,1.04,-12.15,15.75,-9.95
worker 1,2026-07-27 13:16:44.179,0.06,0.02,1.08,-19.1,14.1,-23.56
worker 1,2026-07-27 13:16:44.179,0.03,0.06,1.04,-16.54,9.34,-44.8
worker 1,2026-07-27 13:16:44.180,-0.0,0.15,0.97,-5.92,9.77,-68.12
worker 1,2026-07-27 13:16:44.180,0.04,0.18,0.94,-0.67,13.85,-81.6
worker 1,2026-07-27 13:16:44.180,0.15,0.12,0.99,-9.77,15.2,-84.41
worker 1,2026-07-27 13:16:44.181,0.15,0.12,0.99,-9.77,15.2,-84.41
worker 1,2026-07-27 13:16:44.181,0.22,0.07,1.04,-26.55,9.77,-80.38
worker 1,2026-07-27 13:16:44.183,0.22,0.07,1.04,-26.55,9.77,-80.38
worker 1,2026-07-27 13:16:44.183,0.21,0.1,1.07,-39.98,0.12,-67.08
worker 1,2026-07-27 13:16:44.184,0.13,0.15,1.14,-40.22,-0.43,-48.95
worker 1,2026-07-27 13:16:44.185,0.13,0.15,1.14,-40.22,-0.43,-48.95
worker 1,2026-07-27 13:16:44.185,0.03,0.15,1.17,-33.14,6.77,-24.41
worker 1,2026-07-27 13:16:44.185,-0.0,0.02,1.11,-42.05,-0.49,21.73
worker 1,2026-07-27 13:16:44.186,-0.0,0.02,1.11,-42.05,-0.49,21.73
worker 1,2026-07-27 13:16:44.186,0.04,-0.13,0.99,-65.92,-26.25,80.57
worker 1,2026-07-27 13:16:44.191,0.04,-0.13,0.99,-65.92,-26.25,80.57
worker 1,2026-07-27 13:16:44.191,0.1,-0.19,0.93,-76.17,-47.0,108.52
worker 1,2026-07-27 13:16:44.191,0.1,-0.19,0.93,-50.17,-40.1,81.48
worker 1,2026-07-27 13:16:44.191,0.11,-0.12,0.93,-50.17,-40.1,81.48
worker 1,2026-07-27 13:16:44.191,0.01,-0.0,0.95,-4.7,-17.58,29.97
worker 1,2026-07-27 13:16:44.193,-0.1,0.07,0.97,16.97,-10.31,4.21
worker 1,2026-07-27 13:16:44.193,-0.13,0.01,0.96,9.16,-22.95,20.39
worker 1,2026-07-27 13:16:44.193,-0.07,-0.13,0.91,-2.38,-36.68,51.33
worker 1,2026-07-27 13:16:44.193,0.05,-0.25,0.88,-4.46,-38.88,66.59
worker 1,2026-07-27 13:16:44.194,0.05,-0.25,0.88,-4.46,-38.88,66.59
worker 1,2026-07-27 13:16:44.402,0.23,-0.2,0.97,10.8,-23.62,37.9
worker 1,2026-07-27 13:16:44.403,0.23,-0.15,0.96,18.31,-20.26,21.85
worker 1,2026-07-27 13:16:44.406,0.23,-0.15,0.96,18.31,-20.26,21.85
worker 1,2026-07-27 13:16:44.406,0.26,-0.2,0.91,21.91,-17.27,13.12
worker 1,2026-07-27 13:16:44.407,0.26,-0.2,0.91,21.91,-17.27,13.12
worker 1,2026-07-27 13:16:44.408,0.26,-0.17,0.86,30.27,-4.39,-4.88
worker 1,2026-07-27 13:16:44.416,0.16,0.02,0.88,46.08,18.74,-30.88
worker 1,2026-07-27 13:16:44.416,0.02,0.21,0.92,53.65,35.1,-28.93
worker 1,2026-07-27 13:16:44.418,0.02,0.21,0.92,53.65,35.1,-28.93
worker 1,2026-07-27 13:16:44.589,-0.09,0.27,0.95,44.13,36.99,20.14
worker 1,2026-07-27 13:16:44.590,-0.11,0.22,1.04,20.87,32.29,97.23
worker 1,2026-07-27 13:16:44.590,-0.07,0.11,1.12,2.62,28.32,173.71
worker 1,2026-07-27 13:16:44.591,-0.03,-0.03,1.09,6.16,28.63,228.64
worker 1,2026-07-27 13:16:44.649,0.07,-0.17,1.01,14.04,25.09,251.65
worker 1,2026-07-27 13:16:44.649,0.17,-0.17,0.99,6.96,15.08,225.34
worker 1,2026-07-27 13:16:44.763,0.17,-0.17,0.99,-14.22,4.76,145.2
worker 1,2026-07-27 13:16:44.764,0.16,0.03,1.06,-14.22,4.76,145.2
worker 1,2026-07-27 13:16:44.764,0.04,0.22,1.18,-39.61,-11.23,59.45
worker 1,2026-07-27 13:16:45.665,0.04,0.22,1.18,-39.61,-11.23,59.45
worker 1,2026-07-27 13:16:45.723,-0.09,0.3,1.25,-53.34,-32.78,12.21
worker 1,2026-07-27 13:16:45.724,-0.18,0.33,1.21,-45.9,-48.1,-5.07
worker 1,2026-07-27 13:16:46.263,-0.18,0.33,1.21,-45.9,-48.1,-5.07
worker 1,2026-07-27 13:16:46.263,-0.24,0.33,1.07,-22.16,-50.9,-8.91
worker 1,2026-07-27 13:16:46.266,-0.25,0.31,0.92,1.1,-44.13,1.1
worker 1,2026-07-27 13:16:46.266,-0.2,0.27,0.84,10.99,-31.98,25.15
worker 1,2026-07-27 13:16:46.267,-0.2,0.27,0.84,10.99,-31.98,25.15
worker 1,2026-07-27 13:16:46.267,-0.13,0.23,0.82,9.7,-17.94,55.6
worker 1,2026-07-27 13:16:46.267,-0.06,0.19,0.85,6.1,-4.21,81.97
worker 1,2026-07-27 13:16:46.268,-0.0,0.16,0.92,5.62,8.06,99.37
worker 1,2026-07-27 13:16:46.268,0.04,0.12,1.0,4.64,15.81,112.37
worker 1,2026-07-27 13:16:46.269,0.12,-0.03,1.08,-4.03,13.73,127.75
worker 1,2026-07-27 13:16:46.382,0.25,-0.25,1.13,-19.41,-0.37,140.69
worker 1,2026-07-27 13:16:46.383,0.32,-0.31,1.18,-28.44,-17.03,123.72
worker 1,2026-07-27 13:16:46.386,0.32,-0.31,1.18,-28.44,-17.03,123.72
worker 1,2026-07-27 13:16:46.386,0.23,-0.18,1.21,-22.52,-26.73,68.79
worker 1,2026-07-27 13:16:46.387,0.03,-0.03,1.19,-8.12,-32.84,18.98
worker 1,2026-07-27 13:16:46.387,-0.12,0.06,1.1,4.09,-36.62,10.68
worker 1,2026-07-27 13:16:46.388,-0.17,0.11,0.98,11.6,-33.75,38.39
worker 1,2026-07-27 13:16:46.388,-0.18,0.07,0.88,15.87,-26.25,84.17
worker 1,2026-07-27 13:16:46.389,-0.18,0.07,0.88,15.87,-26.25,84.17
worker 1,2026-07-27 13:16:46.389,-0.2,-0.06,0.92,14.22,-19.04,134.09
worker 1,2026-07-27 13:16:46.394,-0.2,-0.24,1.07,22.52,-7.2,179.63
worker 1,2026-07-27 13:16:46.394,-0.16,-0.33,1.11,65.19,18.07,215.76
worker 1,2026-07-27 13:16:46.394,-0.13,-0.33,1.01,108.64,35.89,223.39
worker 1,2026-07-27 13:16:46.395,-0.13,-0.33,1.01,108.64,35.89,223.39
worker 1,2026-07-27 13:16:46.395,-0.12,-0.27,0.9,106.87,25.39,187.74
worker 1,2026-07-27 13:16:46.396,-0.13,-0.13,0.83,78.06,7.2,124.88
worker 1,2026-07-27 13:16:46.396,-0.14,-0.03,0.82,46.08,3.48,67.08
worker 1,2026-07-27 13:16:46.396,-0.08,-0.07,0.9,8.73,10.86,37.84
worker 1,2026-07-27 13:16:46.397,-0.08,-0.07,0.9,8.73,10.86,37.84
worker 1,2026-07-27 13:16:46.397,0.05,-0.17,1.06,-21.55,17.21,30.88
worker 1,2026-07-27 13:16:46.399,0.05,-0.17,1.06,-21.55,17.21,30.88
worker 1,2026-07-27 13:16:46.399,0.12,-0.17,1.16,-27.71,11.47,20.63
worker 1,2026-07-27 13:16:46.399,0.08,-0.03,1.09,-15.75,-11.29,1.4
worker 1,2026-07-27 13:16:46.401,0.02,0.13,0.97,-3.17,-33.08,-11.6
worker 1,2026-07-27 13:16:46.402,0.02,0.13,0.97,1.89,-34.24,-7.51
worker 1,2026-07-27 13:16:46.407,0.02,0.2,0.91,1.89,-34.24,-7.51
worker 1,2026-07-27 13:16:46.408,0.05,0.19,0.9,1.95,-20.63,9.64
worker 1,2026-07-27 13:16:46.408,0.08,0.15,0.89,0.0,-6.53,26.12
worker 1,2026-07-27 13:16:46.408,0.09,0.1,0.88,-6.1,2.08,35.83
worker 1,2026-07-27 13:16:46.409,0.08,0.06,0.9,-22.46,0.79,38.45
worker 1,2026-07-27 13:16:46.409,0.05,0.06,0.97,-44.07,-7.14,29.6
worker 1,2026-07-27 13:16:46.409,0.05,0.06,0.97,-48.83,-10.8,14.65
worker 1,2026-07-27 13:16:46.409,0.08,-0.03,0.94,18.43,-5.98,2.93
worker 1,2026-07-27 13:16:46.409,0.09,-0.01,0.88,25.15,1.28,9.58
worker 1,2026-07-27 13:16:46.410,0.09,-0.01,0.88,25.15,1.28,9.58
worker 1,2026-07-27 13:16:46.410,0.1,0.02,0.91,20.75,11.23,22.22
worker 1,2026-07-27 13:16:46.410,0.08,0.06,0.95,13.67,19.1,32.78
worker 1,2026-07-27 13:16:47.115,0.08,0.06,0.95,13.67,19.1,32.78
worker 1,2026-07-27 13:16:47.115,0.05,0.09,0.96,11.78,22.83,37.41
worker 1,2026-07-27 13:16:47.115,0.03,0.08,0.94,14.89,24.41,40.41
worker 1,2026-07-27 13:16:47.115,0.03,0.08,0.94,17.46,26.06,44.07
worker 1,2026-07-27 13:16:47.115,0.03,0.04,0.95,17.46,26.06,44.07
worker 1,2026-07-27 13:16:47.115,0.04,0.01,0.98,17.15,27.1,44.19
worker 1,2026-07-27 13:16:47.115,0.03,-0.02,1.0,16.6,26.49,36.13
worker 1,2026-07-27 13:16:47.115,-0.0,-0.04,1.02,16.05,25.63,20.2
worker 1,2026-07-27 13:16:47.116,-0.04,-0.05,1.09,12.51,27.16,1.16
worker 1,2026-07-27 13:16:47.116,-0.06,-0.03,1.19,6.41,30.09,-17.46
worker 1,2026-07-27 13:16:47.116,-0.04,0.01,1.24,4.09,28.75,-32.84
worker 1,2026-07-27 13:16:47.117,-0.04,0.01,1.24,4.09,28.75,-32.84
worker 1,2026-07-27 13:16:47.117,0.01,0.04,1.17,7.87,18.55,-40.34
worker 1,2026-07-27 13:16:47.118,0.01,0.04,1.17,7.87,18.55,-40.34
worker 1,2026-07-27 13:16:47.118,0.03,0.05,1.04,11.05,2.62,-40.77
worker 1,2026-07-27 13:16:47.118,-0.01,0.08,0.95,6.84,-11.47,-39.0
worker 1,2026-07-27 13:16:47.119,-0.01,0.08,0.95,6.84,-11.47,-39.0
worker 1,2026-07-27 13:16:47.119,-0.05,0.17,0.93,-1.04,-18.68,-37.41
worker 1,2026-07-27 13:16:47.119,-0.08,0.27,0.93,-2.14,-20.32,-36.13
worker 1,2026-07-27 13:16:47.119,-0.11,0.31,0.92,2.81,-21.42,-25.09
worker 1,2026-07-27 13:16:47.120,-0.14,0.25,0.96,0.79,-22.34,1.16
worker 1,2026-07-27 13:16:47.120,-0.14,0.25,0.96,-9.83,-21.36,24.6
worker 1,2026-07-27 13:16:47.121,-0.11,0.2,1.08,-9.83,-21.36,24.6
worker 1,2026-07-27 13:16:47.121,-0.1,0.19,1.12,-11.41,-21.61,26.86
worker 1,2026-07-27 13:16:47.226,-0.1,0.19,1.12,-11.41,-21.61,26.86
worker 1,2026-07-27 13:16:47.227,-0.12,0.19,1.04,2.69,-24.35,16.3
worker 1,2026-07-27 13:16:47.227,-0.12,0.2,0.98,18.55,-23.62,8.67
worker 1,2026-07-27 13:16:47.583,-0.13,0.21,0.97,29.54,-18.01,7.02
worker 1,2026-07-27 13:16:47.589,-0.13,0.15,0.93,33.08,-14.4,17.33
worker 1,2026-07-27 13:16:47.590,-0.09,0.06,0.89,21.48,-14.71,40.28
worker 1,2026-07-27 13:16:47.591,-0.09,0.06,0.89,21.48,-14.71,40.28
worker 1,2026-07-27 13:16:47.591,-0.02,0.0,0.89,0.98,-12.15,52.92
worker 1,2026-07-27 13:16:47.592,-0.02,0.0,0.89,0.98,-12.15,52.92
worker 1,2026-07-27 13:16:47.593,0.04,0.03,0.94,-13.92,-3.05,39.43
worker 1,2026-07-27 13:16:47.593,0.08,0.1,0.99,-21.24,9.34,12.88
worker 1,2026-07-27 13:16:47.594,0.1,0.16,1.05,-27.34,20.94,-5.98
worker 1,2026-07-27 13:16:47.595,0.14,0.14,1.14,-44.13,35.71,-11.84
worker 1,2026-07-27 13:16:47.595,0.2,0.08,1.24,-86.18,54.14,-13.0
worker 1,2026-07-27 13:16:47.643,0.17,0.0,1.17,-121.22,51.82,-8.85
worker 1,2026-07-27 13:16:47.643,0.17,0.0,1.17,-102.11,22.77,-5.43
worker 1,2026-07-27 13:16:47.703,0.03,-0.13,0.92,-102.11,22.77,-5.43
worker 1,2026-07-27 13:16:47.703,-0.12,-0.26,0.74,-52.8,-11.23,-7.02
worker 1,2026-07-27 13:16:47.712,-0.12,-0.26,0.74,-52.8,-11.23,-7.02
worker 1,2026-07-27 13:16:47.822,-0.2,-0.32,0.76,-15.93,-26.73,-12.76
worker 1,2026-07-27 13:16:47.942,-0.2,-0.32,0.76,-15.93,-26.73,-12.76
worker 1,2026-07-27 13:16:47.943,-0.21,-0.3,0.87,20.57,-8.3,-44.8
worker 1,2026-07-27 13:16:47.943,-0.21,-0.3,0.87,62.19,23.74,-95.52
worker 1,2026-07-27 13:16:48.005,-0.17,-0.22,0.95,62.19,23.74,-95.52
worker 1,2026-07-27 13:16:48.005,-0.1,-0.17,0.98,78.86,34.24,-109.74
worker 1,2026-07-27 13:16:48.006,-0.1,-0.17,0.98,78.86,34.24,-109.74
worker 1,2026-07-27 13:16:48.006,-0.04,-0.17,0.95,64.03,17.46,-73.73
worker 1,2026-07-27 13:16:48.006,-0.08,-0.11,0.87,35.77,-7.87,-28.87
worker 1,2026-07-27 13:16:48.007,-0.14,-0.03,0.84,2.44,-24.72,4.39
worker 1,2026-07-27 13:16:48.007,-0.12,0.0,0.9,-23.5,-23.5,25.57
worker 1,2026-07-27 13:16:48.069,-0.12,0.0,0.9,-23.5,-23.5,25.57
worker 1,2026-07-27 13:16:48.069,-0.01,0.01,0.98,-21.55,-4.21,26.92
worker 1,2026-07-27 13:16:48.123,0.08,0.03,1.05,4.76,22.09,10.5
worker 1,2026-07-27 13:16:48.247,0.14,0.1,1.16,32.59,37.11,-7.69
worker 1,2026-07-27 13:16:48.248,0.14,0.1,1.16,39.61,20.94,-9.7
worker 1,2026-07-27 13:16:48.248,0.18,0.17,1.2,39.61,20.94,-9.7
worker 1,2026-07-27 13:16:48.248,0.19,0.15,1.05,21.61,-23.99,8.3
worker 1,2026-07-27 13:16:48.605,0.2,0.07,0.83,1.46,-59.51,26.0
worker 1,2026-07-27 13:16:48.606,0.19,0.04,0.71,0.18,-56.88,25.45
worker 1,2026-07-27 13:16:48.606,0.12,0.06,0.79,13.12,-25.39,16.05
worker 1,2026-07-27 13:16:48.606,-0.02,0.08,1.13,19.53,11.11,17.94
worker 1,2026-07-27 13:16:48.607,-0.07,0.07,1.57,-9.7,20.51,50.05
worker 1,2026-07-27 13:16:48.607,0.01,-0.03,1.68,-59.88,-18.13,113.77
worker 1,2026-07-27 13:16:48.608,0.01,-0.03,1.68,-59.88,-18.13,113.77
worker 1,2026-07-27 13:16:48.608,0.09,-0.18,1.28,-67.99,-72.02,163.94
worker 1,2026-07-27 13:16:48.610,0.09,-0.18,1.28,-67.99,-72.02,163.94
worker 1,2026-07-27 13:16:48.611,0.08,-0.27,0.79,-27.4,-94.97,153.81
worker 1,2026-07-27 13:16:48.611,0.05,-0.25,0.62,6.23,-87.4,98.27
worker 1,2026-07-27 13:16:48.664,0.1,-0.17,0.79,0.0,-74.52,44.43
worker 1,2026-07-27 13:16:48.665,0.1,-0.17,0.79,0.0,-74.52,44.43
worker 1,2026-07-27 13:16:48.665,0.21,-0.06,1.03,-22.22,-65.43,5.31
worker 1,2026-07-27 13:16:48.729,0.26,0.05,1.05,-23.5,-57.31,-29.17
worker 1,2026-07-27 13:16:48.965,0.24,0.11,0.93,-6.9,-46.63,-52.37
worker 1,2026-07-27 13:16:48.966,0.24,0.11,0.93,-6.9,-46.63,-52.37
worker 1,2026-07-27 13:16:48.966,0.19,0.13,0.88,1.59,-31.98,-55.85
worker 1,2026-07-27 13:16:48.966,0.14,0.07,0.89,-2.87,-18.86,-42.6
worker 1,2026-07-27 13:16:48.966,0.14,0.07,0.89,-7.26,-8.73,-24.96
worker 1,2026-07-27 13:16:48.966,0.1,-0.03,0.88,-7.26,-8.73,-24.96
worker 1,2026-07-27 13:16:48.967,0.06,-0.09,0.84,-2.56,2.99,-15.56
worker 1,2026-07-27 13:16:48.967,0.04,-0.13,0.8,5.98,18.92,-9.09
worker 1,2026-07-27 13:16:49.141,0.04,-0.18,0.79,5.92,37.66,3.72
worker 1,2026-07-27 13:16:49.149,0.04,-0.18,0.79,5.92,37.66,3.72
worker 1,2026-07-27 13:16:49.149,0.08,-0.23,0.87,-3.6,55.54,17.7
worker 1,2026-07-27 13:16:49.149,0.08,-0.23,0.87,-17.7,68.79,26.92
worker 1,2026-07-27 13:16:49.149,0.15,-0.27,1.01,-17.7,68.79,26.92
worker 1,2026-07-27 13:16:49.150,0.21,-0.37,1.17,-36.87,75.01,33.57
worker 1,2026-07-27 13:16:49.262,0.21,-0.37,1.17,-36.87,75.01,33.57
worker 1,2026-07-27 13:16:49.263,0.26,-0.46,1.33,-56.88,79.35,29.72
worker 1,2026-07-27 13:16:49.263,0.35,-0.36,1.38,-60.49,81.36,-1.04
worker 1,2026-07-27 13:16:49.264,0.35,-0.36,1.38,-60.49,81.36,-1.04
worker 1,2026-07-27 13:16:49.265,0.35,-0.14,1.21,-36.62,69.21,-47.06
worker 1,2026-07-27 13:16:49.265,0.23,-0.06,0.91,-9.34,37.96,-63.96
worker 1,2026-07-27 13:16:49.269,0.23,-0.06,0.91,-9.34,37.96,-63.96
worker 1,2026-07-27 13:16:49.383,0.08,-0.17,0.73,-8.54,2.69,-39.98
worker 1,2026-07-27 13:16:49.389,0.02,-0.26,0.76,-21.06,-7.08,-24.54
worker 1,2026-07-27 13:16:49.389,0.02,-0.18,0.89,-19.29,12.39,-49.07
worker 1,2026-07-27 13:16:49.684,0.02,-0.18,0.89,-0.73,33.69,-84.72
worker 1,2026-07-27 13:16:49.685,0.04,-0.06,0.99,-0.73,33.69,-84.72
worker 1,2026-07-27 13:16:49.685,0.06,-0.05,1.0,20.57,39.06,-96.25
worker 1,2026-07-27 13:16:49.686,0.06,-0.05,1.0,20.57,39.06,-96.25
worker 1,2026-07-27 13:16:49.686,0.05,-0.14,0.97,28.99,31.62,-89.84
worker 1,2026-07-27 13:16:49.686,0.03,-0.19,0.94,20.69,23.68,-91.55
worker 1,2026-07-27 13:16:49.688,0.06,-0.2,0.92,10.5,24.78,-85.63
worker 1,2026-07-27 13:16:49.688,0.15,-0.24,0.93,14.77,33.33,-51.39
worker 1,2026-07-27 13:16:49.688,0.17,-0.23,0.94,31.74,45.41,-23.32
worker 1,2026-07-27 13:16:49.689,0.17,-0.23,0.94,31.74,45.41,-23.32
worker 1,2026-07-27 13:16:49.806,0.09,-0.12,0.94,42.79,49.26,-15.44
worker 1,2026-07-27 13:16:49.806,0.03,-0.0,0.94,34.91,38.21,-4.39
worker 1,2026-07-27 13:16:49.806,0.03,-0.0,0.94,21.18,27.59,7.87
worker 1,2026-07-27 13:16:49.807,0.03,0.07,0.94,21.18,27.59,7.87
worker 1,2026-07-27 13:16:49.923,0.04,0.05,0.97,16.66,26.0,10.07
worker 1,2026-07-27 13:16:49.924,0.04,0.05,0.97,16.66,26.0,10.07
worker 1,2026-07-27 13:16:49.924,0.02,-0.04,1.07,19.1,28.08,-0.79
worker 1,2026-07-27 13:16:49.925,0.02,-0.04,1.07,19.1,28.08,-0.79
worker 1,2026-07-27 13:16:49.925,-0.13,-0.08,1.18,29.97,36.8,-21.06
worker 1,2026-07-27 13:16:50.047,-0.33,-0.08,1.25,40.95,44.01,-23.74
worker 1,2026-07-27 13:16:50.048,-0.36,-0.16,1.22,17.09,21.24,22.4
worker 1,2026-07-27 13:16:50.165,-0.36,-0.16,1.22,17.09,21.24,22.4
worker 1,2026-07-27 13:16:50.165,-0.25,-0.22,1.08,-41.44,-44.8,89.84
worker 1,2026-07-27 13:16:50.166,-0.16,-0.21,0.89,-80.99,-113.71,111.45
worker 1,2026-07-27 13:16:50.167,-0.14,-0.26,0.85,-66.22,-117.13,59.2
worker 1,2026-07-27 13:16:50.230,-0.18,-0.32,1.12,-0.61,-29.11,-98.14
worker 1,2026-07-27 13:16:50.234,-0.18,-0.32,1.12,18.55,-32.78,-131.9
worker 1,2026-07-27 13:16:51.129,-0.2,-0.2,1.09,18.55,-32.78,-131.9
worker 1,2026-07-27 13:16:51.129,-0.14,-0.08,0.96,43.09,-35.03,-157.71
worker 1,2026-07-27 13:16:51.131,-0.14,-0.08,0.96,43.09,-35.03,-157.71
worker 1,2026-07-27 13:16:51.133,0.02,-0.02,0.91,49.99,-27.89,-170.35
worker 1,2026-07-27 13:16:51.133,0.16,0.02,0.98,32.84,-28.93,-164.73
worker 1,2026-07-27 13:16:51.133,0.19,0.09,1.11,6.47,-45.1,-155.09
worker 1,2026-07-27 13:16:51.133,0.14,0.19,1.18,-15.5,-67.69,-144.47
worker 1,2026-07-27 13:16:51.134,0.12,0.31,1.12,-12.15,-80.87,-134.77
worker 1,2026-07-27 13:16:51.134,0.06,0.38,0.93,27.22,-72.2,-141.24
worker 1,2026-07-27 13:16:51.603,0.06,0.38,0.93,27.22,-72.2,-141.24
worker 1,2026-07-27 13:16:51.603,-0.11,0.39,0.69,84.72,-38.64,-169.68
worker 1,2026-07-27 13:16:51.603,-0.29,0.38,0.45,121.46,1.71,-184.2
worker 1,2026-07-27 13:16:51.614,-0.33,0.28,0.34,93.38,29.48,-139.47
worker 1,2026-07-27 13:16:51.616,-0.33,0.28,0.34,93.38,29.48,-139.47
worker 1,2026-07-27 13:16:51.616,-0.2,0.08,0.43,17.15,44.01,-57.37
worker 1,2026-07-27 13:16:51.616,-0.03,-0.08,0.61,-47.18,49.19,6.96
worker 1,2026-07-27 13:16:51.616,0.13,-0.1,0.76,-82.34,38.88,46.51
worker 1,2026-07-27 13:16:51.616,0.32,-0.12,0.77,-97.66,10.19,82.4
worker 1,2026-07-27 13:16:51.616,0.63,-0.17,0.81,-99.18,-10.68,93.75
worker 1,2026-07-27 13:16:51.617,0.98,0.0,1.14,-57.01,8.36,13.12
worker 1,2026-07-27 13:16:51.617,1.02,0.56,1.7,52.43,43.09,-149.66
worker 1,2026-07-27 13:16:51.617,0.71,1.0,1.99,131.47,17.27,-211.49
worker 1,2026-07-27 13:16:51.617,0.32,0.82,1.64,114.14,-57.13,-101.75
worker 1,2026-07-27 13:16:52.505,0.32,0.82,1.64,114.14,-57.13,-101.75
worker 1,2026-07-27 13:16:52.505,0.04,0.43,0.97,57.92,-96.92,23.44
worker 1,2026-07-27 13:16:52.506,0.04,0.43,0.97,57.92,-96.92,23.44
worker 1,2026-07-27 13:16:52.506,0.03,0.29,0.52,8.3,-80.57,71.66
worker 1,2026-07-27 13:16:52.507,0.25,0.28,0.52,-25.27,-39.98,69.03
worker 1,2026-07-27 13:16:52.507,0.46,0.24,0.73,-34.91,-11.66,56.03
worker 1,2026-07-27 13:16:52.508,0.46,0.24,0.73,-34.91,-11.66,56.03
worker 1,2026-07-27 13:16:52.508,0.51,0.23,0.88,-20.26,0.73,44.92
worker 1,2026-07-27 13:16:52.508,0.45,0.3,0.97,0.43,9.77,29.91
worker 1,2026-07-27 13:16:52.509,0.45,0.3,0.97,0.43,9.77,29.91
worker 1,2026-07-27 13:16:52.509,0.33,0.37,0.99,11.9,9.89,14.34
worker 1,2026-07-27 13:16:52.510,0.25,0.41,0.94,9.22,-2.81,9.4
worker 1,2026-07-27 13:16:52.623,0.25,0.41,0.94,9.22,-2.81,9.4
worker 1,2026-07-27 13:16:52.623,0.27,0.4,0.89,0.31,-17.03,12.57
worker 1,2026-07-27 13:16:52.624,0.34,0.37,0.85,-6.77,-24.96,15.5
worker 1,2026-07-27 13:16:52.626,0.42,0.34,0.83,-11.35,-26.73,15.62
worker 1,2026-07-27 13:16:52.626,0.5,0.3,0.79,-13.43,-25.21,11.23
worker 1,2026-07-27 13:16:52.631,0.5,0.3,0.79,-13.43,-25.21,11.23
worker 1,2026-07-27 13:16:52.631,0.58,0.31,0.72,-10.31,-20.08,1.59
worker 1,2026-07-27 13:16:52.631,0.55,0.36,0.66,-2.01,-7.93,-6.29
worker 1,2026-07-27 13:16:52.631,0.43,0.38,0.71,3.97,11.72,-0.79
worker 1,2026-07-27 13:16:52.632,0.43,0.38,0.71,3.97,11.72,-0.79
worker 1,2026-07-27 13:16:52.632,0.32,0.32,0.87,1.83,32.29,17.7
worker 1,2026-07-27 13:16:52.632,0.26,0.22,1.01,-3.78,43.52,33.63
worker 1,2026-07-27 13:16:52.683,0.26,0.22,1.01,-3.78,43.52,33.63
worker 1,2026-07-27 13:16:52.683,0.25,0.16,1.05,-1.71,49.19,35.34
worker 1,2026-07-27 13:16:52.684,0.25,0.16,1.05,-1.71,49.19,35.34
worker 1,2026-07-27 13:16:52.685,0.27,0.2,1.04,14.59,61.34,22.89
worker 1,2026-07-27 13:16:52.685,0.28,0.33,1.0,30.15,64.39,3.54
worker 1,2026-07-27 13:16:52.687,0.28,0.44,0.93,29.79,44.8,-4.7
worker 1,2026-07-27 13:16:52.688,0.28,0.44,0.93,29.79,44.8,-4.7
worker 1,2026-07-27 13:16:53.044,0.27,0.45,0.88,9.22,22.77,6.9
worker 1,2026-07-27 13:16:53.044,0.27,0.36,0.9,-24.35,8.0,23.38
worker 1,2026-07-27 13:16:54.243,0.27,0.36,0.9,-24.35,8.0,23.38
worker 1,2026-07-27 13:16:54.243,0.28,0.22,0.92,-52.31,-5.0,23.25
worker 1,2026-07-27 13:16:54.243,0.26,0.13,0.93,-50.72,-0.06,-0.37
worker 1,2026-07-27 13:16:54.425,0.26,0.13,0.93,-50.72,-0.06,-0.37
worker 1,2026-07-27 13:16:54.543,0.16,0.09,0.88,-18.62,18.01,-31.07
worker 1,2026-07-27 13:16:54.603,0.16,0.09,0.88,-18.62,18.01,-31.07
worker 1,2026-07-27 13:16:54.603,0.15,0.13,0.85,31.74,0.18,-43.88
worker 1,2026-07-27 13:16:54.618,0.15,0.13,0.85,31.74,0.18,-43.88
worker 1,2026-07-27 13:16:54.619,0.28,0.29,0.91,70.25,-42.72,-55.66
worker 1,2026-07-27 13:16:55.504,0.31,0.45,0.9,75.44,-38.15,-101.44
worker 1,2026-07-27 13:16:55.505,0.31,0.45,0.9,75.44,-38.15,-101.44
worker 1,2026-07-27 13:16:55.505,0.19,0.51,0.86,42.54,15.69,-118.35
worker 1,2026-07-27 13:16:55.505,0.12,0.45,0.9,-7.93,42.66,-51.03
worker 1,2026-07-27 13:16:55.505,0.16,0.41,0.91,-21.3,19.23,34.91
worker 1,2026-07-27 13:16:55.506,0.16,0.41,0.91,-21.3,19.23,34.91
worker 1,2026-07-27 13:16:55.506,0.22,0.42,0.89,-1.46,-14.59,70.25
worker 1,2026-07-27 13:16:55.507,0.26,0.39,0.9,9.7,-2.62,14.71
worker 1,2026-07-27 13:16:55.508,0.27,0.41,0.88,20.2,-3.91,17.7
worker 1,2026-07-27 13:16:55.508,0.27,0.41,0.88,28.08,-5.19,21.73
worker 1,2026-07-27 13:16:55.509,0.29,0.44,0.84,28.08,-5.19,21.73
worker 1,2026-07-27 13:16:55.509,0.31,0.45,0.82,22.83,-4.21,22.03
worker 1,2026-07-27 13:16:55.515,0.31,0.45,0.82,22.83,-4.21,22.03
worker 1,2026-07-27 13:16:55.515,0.31,0.45,0.83,8.42,-0.12,16.36
worker 1,2026-07-27 13:16:55.516,0.31,0.45,0.83,8.42,-0.12,16.36
worker 1,2026-07-27 13:16:55.516,0.31,0.44,0.85,-1.95,3.72,8.54
worker 1,2026-07-27 13:16:55.516,0.3,0.44,0.86,-3.85,3.97,2.99
worker 1,2026-07-27 13:16:55.517,0.3,0.44,0.86,-2.26,1.65,0.92
worker 1,2026-07-27 13:16:55.517,0.3,0.44,0.85,-2.26,1.65,0.92
worker 1,2026-07-27 13:16:55.518,0.3,0.44,0.85,-1.77,0.43,0.73
worker 1,2026-07-27 13:16:55.519,0.3,0.43,0.85,-3.42,1.77,0.0
worker 1,2026-07-27 13:16:55.519,0.29,0.43,0.86,-5.49,3.66,-0.98
worker 1,2026-07-27 13:16:55.519,0.29,0.43,0.86,-7.57,4.76,-0.85
worker 1,2026-07-27 13:16:55.519,0.29,0.43,0.86,-11.23,5.8,1.46
worker 1,2026-07-27 13:16:55.519,0.29,0.41,0.87,-15.32,6.77,5.43
worker 1,2026-07-27 13:16:55.520,0.29,0.41,0.87,-15.32,6.77,5.43
worker 1,2026-07-27 13:16:55.521,0.29,0.41,0.87,-15.32,6.77,5.43
worker 1,2026-07-27 13:16:56.342,0.29,0.41,0.87,-15.32,6.77,5.43
worker 1,2026-07-27 13:16:56.344,0.28,0.38,0.88,-15.38,6.23,9.95
worker 1,2026-07-27 13:16:56.353,0.28,0.38,0.88,-15.38,6.23,9.95
worker 1,2026-07-27 13:16:56.353,0.28,0.37,0.89,-11.29,6.04,8.97
worker 1,2026-07-27 13:16:56.356,0.28,0.37,0.89,-11.29,6.04,8.97
worker 1,2026-07-27 13:16:56.356,0.27,0.37,0.9,-7.32,5.55,7.02
worker 1,2026-07-27 13:16:56.356,0.27,0.36,0.9,-4.46,4.03,5.37
worker 1,2026-07-27 13:16:56.356,0.28,0.36,0.9,-2.69,2.38,3.17
worker 1,2026-07-27 13:16:56.357,0.28,0.36,0.89,-1.1,1.22,0.61
worker 1,2026-07-27 13:16:56.357,0.27,0.36,0.89,-0.18,0.73,-0.67
worker 1,2026-07-27 13:16:56.357,0.27,0.36,0.89,-0.37,0.98,-0.55
worker 1,2026-07-27 13:16:56.357,0.27,0.36,0.9,-1.16,1.4,-1.04
worker 1,2026-07-27 13:16:56.357,0.27,0.35,0.9,-1.59,1.4,-1.04
worker 1,2026-07-27 13:16:56.357,0.27,0.35,0.9,-0.31,-0.79,-0.61
worker 1,2026-07-27 13:16:56.358,0.27,0.36,0.9,0.98,0.67,-1.89
worker 1,2026-07-27 13:16:56.358,0.27,0.36,0.9,-1.04,2.32,-4.15
worker 1,2026-07-27 13:16:56.358,0.26,0.35,0.9,-1.04,2.32,-4.15
worker 1,2026-07-27 13:16:56.359,0.26,0.35,0.91,-0.49,2.2,-5.13
worker 1,2026-07-27 13:16:56.359,0.25,0.35,0.91,0.24,1.16,-5.0
worker 1,2026-07-27 13:16:56.359,0.21,0.32,0.93,-0.85,4.21,-14.47
worker 1,2026-07-27 13:16:56.359,0.21,0.32,0.93,0.73,0.92,-19.78
worker 1,2026-07-27 13:16:56.463,0.21,0.35,0.9,0.73,0.92,-19.78
worker 1,2026-07-27 13:16:56.463,0.2,0.36,0.9,-1.1,2.32,-15.87
worker 1,2026-07-27 13:16:56.464,0.2,0.36,0.9,-1.1,2.32,-15.87
worker 1,2026-07-27 13:16:56.465,0.18,0.36,0.91,-4.82,6.29,-6.9
worker 1,2026-07-27 13:16:56.465,0.17,0.34,0.93,-8.12,9.46,1.53
worker 1,2026-07-27 13:16:56.466,0.17,0.34,0.93,-8.12,9.46,1.53
worker 1,2026-07-27 13:16:56.466,0.17,0.32,0.94,-9.16,10.07,5.98
worker 1,2026-07-27 13:16:56.467,0.16,0.3,0.95,-7.63,7.87,5.8
worker 1,2026-07-27 13:16:56.472,0.16,0.3,0.95,-5.0,3.78,3.54
worker 1,2026-07-27 13:16:56.473,0.16,0.3,0.94,-2.26,0.43,0.85
worker 1,2026-07-27 13:16:56.473,0.16,0.31,0.93,0.31,0.0,-1.1
worker 1,2026-07-27 13:16:56.473,0.16,0.31,0.94,1.89,1.89,-0.73
worker 1,2026-07-27 13:16:56.473,0.16,0.32,0.94,3.11,4.03,0.98
worker 1,2026-07-27 13:16:56.474,0.15,0.32,0.94,4.27,4.39,1.53
worker 1,2026-07-27 13:16:56.475,0.16,0.33,0.94,5.25,2.75,0.06
worker 1,2026-07-27 13:16:56.475,0.16,0.33,0.93,5.43,0.67,-2.56
worker 1,2026-07-27 13:16:56.476,0.16,0.33,0.93,3.78,-0.12,-3.97
worker 1,2026-07-27 13:16:56.478,0.16,0.33,0.93,3.78,-0.12,-3.97
worker 1,2026-07-27 13:16:56.478,0.15,0.32,0.94,0.31,0.18,-3.11
worker 1,2026-07-27 13:16:56.480,0.15,0.32,0.94,-2.38,-0.31,-2.14
worker 1,2026-07-27 13:16:56.480,0.16,0.33,0.94,-2.14,-2.5,-2.56
worker 1,2026-07-27 13:16:56.481,0.16,0.33,0.94,-2.14,-2.5,-2.56
worker 1,2026-07-27 13:16:56.481,0.17,0.34,0.92,0.37,-12.39,-2.2
worker 1,2026-07-27 13:16:56.482,0.17,0.34,0.92,0.37,-12.39,-2.2
worker 1,2026-07-27 13:16:56.482,0.17,0.34,0.92,0.43,-11.11,-1.53
worker 1,2026-07-27 13:16:56.482,0.18,0.34,0.92,0.92,-7.51,-1.1
worker 1,2026-07-27 13:16:56.483,0.17,0.34,0.92,2.08,-2.44,-0.73
worker 1,2026-07-27 13:16:56.582,0.17,0.34,0.92,2.08,-2.44,-0.73
worker 1,2026-07-27 13:16:56.583,0.17,0.35,0.93,3.3,3.23,0.61
worker 1,2026-07-27 13:16:56.585,0.17,0.35,0.93,3.3,3.23,0.61
worker 1,2026-07-27 13:16:56.585,0.17,0.34,0.93,3.23,6.59,2.87
worker 1,2026-07-27 13:16:57.063,0.18,0.33,0.92,2.69,6.16,3.23
worker 1,2026-07-27 13:16:57.063,0.18,0.33,0.92,3.05,4.82,0.24
worker 1,2026-07-27 13:16:57.064,0.17,0.33,0.92,3.23,4.15,-3.3
worker 1,2026-07-27 13:16:57.064,0.16,0.33,0.93,2.08,3.66,-5.25
worker 1,2026-07-27 13:16:57.066,0.16,0.33,0.93,2.08,3.66,-5.25
worker 1,2026-07-27 13:16:57.066,0.15,0.34,0.94,1.04,3.23,-6.59
worker 1,2026-07-27 13:16:57.067,0.15,0.35,0.93,1.16,2.2,-7.32
worker 1,2026-07-27 13:16:57.068,0.15,0.35,0.93,0.98,0.85,-6.23
worker 1,2026-07-27 13:16:57.068,0.16,0.36,0.92,0.98,0.85,-6.23
worker 1,2026-07-27 13:16:57.070,0.16,0.35,0.92,-0.06,0.31,-4.09
worker 1,2026-07-27 13:16:57.072,0.16,0.35,0.92,-0.31,0.18,-3.48
worker 1,2026-07-27 13:16:57.075,0.16,0.35,0.92,-0.31,0.18,-3.48
worker 1,2026-07-27 13:16:57.075,0.16,0.35,0.92,0.24,-0.12,-5.07
worker 1,2026-07-27 13:16:57.076,0.16,0.35,0.92,0.24,-0.12,-5.07
worker 1,2026-07-27 13:16:57.076,0.15,0.36,0.93,0.49,-0.18,-6.1
worker 1,2026-07-27 13:16:57.076,0.14,0.36,0.93,1.16,-0.24,-5.19
worker 1,2026-07-27 13:16:57.363,0.13,0.36,0.93,1.83,-0.67,-2.69
worker 1,2026-07-27 13:16:57.668,0.12,0.34,0.93,1.22,-0.92,0.0
worker 1,2026-07-27 13:16:57.670,0.12,0.34,0.93,1.22,-0.92,0.0
worker 1,2026-07-27 13:16:57.670,0.12,0.34,0.94,0.24,-0.55,0.37
worker 1,2026-07-27 13:16:57.671,0.12,0.34,0.94,0.24,-0.55,0.37
worker 1,2026-07-27 13:16:57.671,0.14,0.34,0.94,0.37,-0.18,-0.67
worker 1,2026-07-27 13:16:57.671,0.18,0.35,0.93,1.34,-1.46,-1.4
worker 1,2026-07-27 13:16:57.672,0.18,0.35,0.93,1.34,-1.46,-1.4
worker 1,2026-07-27 13:16:57.672,0.19,0.37,0.9,2.81,-4.21,-2.93
worker 1,2026-07-27 13:16:57.783,0.16,0.37,0.89,2.87,-4.58,-3.91
worker 1,2026-07-27 13:16:57.784,0.14,0.36,0.91,-0.06,-1.34,-2.01
worker 1,2026-07-27 13:16:57.784,0.13,0.34,0.94,-3.17,2.32,0.37
worker 1,2026-07-27 13:16:57.785,0.14,0.34,0.95,-2.44,2.99,-0.18
worker 1,2026-07-27 13:16:57.785,0.15,0.36,0.93,1.22,-0.06,-2.75
worker 1,2026-07-27 13:16:57.786,0.15,0.36,0.93,1.22,-0.06,-2.75
worker 1,2026-07-27 13:16:57.786,0.15,0.37,0.92,3.42,-3.91,-4.33
worker 1,2026-07-27 13:16:57.789,0.15,0.37,0.92,3.42,-3.91,-4.33
worker 1,2026-07-27 13:16:57.789,0.15,0.37,0.92,3.05,-4.94,-3.54
worker 1,2026-07-27 13:16:57.842,0.15,0.37,0.92,3.05,-4.94,-3.54
worker 1,2026-07-27 13:16:58.322,0.16,0.35,0.93,1.53,-4.33,-0.12
worker 1,2026-07-27 13:16:58.323,0.16,0.35,0.93,1.53,-4.33,-0.12
worker 1,2026-07-27 13:16:58.326,0.16,0.36,0.92,2.2,-6.71,-0.49
worker 1,2026-07-27 13:16:58.622,0.17,0.36,0.91,2.5,-9.09,-0.98
worker 1,2026-07-27 13:16:58.742,0.17,0.35,0.91,0.92,-9.22,-0.79
worker 1,2026-07-27 13:16:58.743,0.17,0.35,0.91,0.92,-9.22,-0.79
worker 1,2026-07-27 13:16:58.743,0.16,0.36,0.93,-1.4,-7.02,-1.04
worker 1,2026-07-27 13:16:58.744,0.16,0.36,0.93,-1.4,-7.02,-1.04
worker 1,2026-07-27 13:16:58.745,0.15,0.37,0.93,-2.44,-5.37,-1.53
worker 1,2026-07-27 13:16:58.745,0.17,0.39,0.91,-1.46,-5.13,-1.59
worker 1,2026-07-27 13:16:58.752,0.17,0.39,0.91,-1.46,-5.13,-1.59
worker 1,2026-07-27 13:16:58.752,0.19,0.4,0.9,0.12,-4.46,-0.85
worker 1,2026-07-27 13:16:58.752,0.2,0.4,0.88,0.61,-3.05,1.77
worker 1,2026-07-27 13:16:58.753,0.2,0.4,0.88,0.61,-3.05,1.77
worker 1,2026-07-27 13:16:58.753,0.22,0.39,0.89,-0.31,0.06,5.86
worker 1,2026-07-27 13:16:58.753,0.21,0.36,0.91,-2.2,3.85,10.25
worker 1,2026-07-27 13:16:58.754,0.2,0.34,0.92,-4.94,4.15,13.79
worker 1,2026-07-27 13:16:58.754,0.19,0.32,0.93,-8.3,0.98,13.92
worker 1,2026-07-27 13:16:58.755,0.19,0.32,0.93,-8.3,0.98,13.92
worker 1,2026-07-27 13:16:58.755,0.17,0.31,0.95,-10.38,-1.83,10.13
worker 1,2026-07-27 13:16:58.756,0.16,0.31,0.94,-8.24,-3.42,4.58
worker 1,2026-07-27 13:16:58.756,0.17,0.34,0.92,-3.66,-3.05,-0.98
worker 1,2026-07-27 13:16:58.756,0.19,0.35,0.92,-1.83,-0.31,-2.62
worker 1,2026-07-27 13:16:58.756,0.21,0.33,0.92,-3.78,2.38,0.79
worker 1,2026-07-27 13:16:58.758,0.21,0.33,0.92,-3.78,2.38,0.79
worker 1,2026-07-27 13:16:58.761,0.21,0.32,0.93,-5.62,3.72,2.5
worker 1,2026-07-27 13:16:58.761,0.19,0.32,0.93,-4.15,3.17,-0.55
worker 1,2026-07-27 13:16:58.761,0.18,0.33,0.92,-1.95,1.22,-3.85
worker 1,2026-07-27 13:16:58.761,0.17,0.32,0.93,-1.95,0.37,-3.85
worker 1,2026-07-27 13:16:58.762,0.17,0.31,0.94,-2.5,1.34,-2.87
worker 1,2026-07-27 13:16:58.763,0.18,0.31,0.94,-1.95,2.01,-3.48
worker 1,2026-07-27 13:16:58.763,0.2,0.31,0.92,-0.24,1.22,-4.46
worker 1,2026-07-27 13:16:58.766,0.2,0.31,0.92,-0.24,1.22,-4.46
worker 1,2026-07-27 13:16:58.766,0.2,0.33,0.91,0.37,0.37,-5.68
worker 1,2026-07-27 13:16:58.766,0.2,0.33,0.91,-1.65,1.46,-7.63
worker 1,2026-07-27 13:16:58.766,0.18,0.34,0.92,-1.65,1.46,-7.63
worker 1,2026-07-27 13:16:58.766,0.16,0.33,0.93,-3.85,3.42,-8.42
worker 1,2026-07-27 13:16:58.767,0.16,0.33,0.93,-3.85,3.42,-8.42
worker 1,2026-07-27 13:16:58.768,0.15,0.32,0.94,-3.97,4.58,-6.9
worker 1,2026-07-27 13:16:59.043,0.15,0.32,0.94,-3.97,4.58,-6.9
worker 1,2026-07-27 13:16:59.043,0.15,0.31,0.95,-4.09,4.46,-5.0
worker 1,2026-07-27 13:16:59.046,0.15,0.31,0.95,-4.09,4.46,-5.0
worker 1,2026-07-27 13:16:59.047,0.14,0.3,0.95,-5.55,2.44,-4.82
worker 1,2026-07-27 13:16:59.047,0.15,0.29,0.95,-6.65,-0.49,-6.16
worker 1,2026-07-27 13:16:59.047,0.16,0.29,0.95,-6.23,-2.56,-8.0
worker 1,2026-07-27 13:16:59.048,0.16,0.29,0.95,-6.23,-2.56,-8.0
worker 1,2026-07-27 13:16:59.048,0.16,0.3,0.94,-5.07,-3.11,-10.5
worker 1,2026-07-27 13:16:59.170,0.16,0.3,0.94,-5.07,-3.11,-10.5
worker 1,2026-07-27 13:16:59.170,0.16,0.32,0.93,-4.64,-1.89,-12.02
worker 1,2026-07-27 13:16:59.170,0.15,0.32,0.94,-5.37,0.31,-9.4
worker 1,2026-07-27 13:16:59.282,0.15,0.32,0.94,-5.37,0.31,-9.4
worker 1,2026-07-27 13:16:59.283,0.16,0.31,0.94,-5.55,2.01,-4.03
worker 1,2026-07-27 13:16:59.283,0.15,0.29,0.94,-3.72,2.87,0.43
worker 1,2026-07-27 13:16:59.283,0.15,0.28,0.95,-1.65,3.3,2.14
worker 1,2026-07-27 13:16:59.284,0.15,0.28,0.95,-1.65,3.3,2.14
worker 1,2026-07-27 13:16:59.284,0.14,0.28,0.96,-0.37,3.3,2.14
worker 1,2026-07-27 13:16:59.285,0.14,0.28,0.96,-0.37,3.3,2.14
worker 1,2026-07-27 13:16:59.285,0.14,0.28,0.96,0.67,2.5,1.4
worker 1,2026-07-27 13:16:59.286,0.14,0.28,0.96,0.67,2.5,1.4
worker 1,2026-07-27 13:16:59.342,0.14,0.28,0.95,1.22,0.61,0.24
worker 1,2026-07-27 13:16:59.343,0.14,0.28,0.95,1.22,0.61,0.24
worker 1,2026-07-27 13:16:59.343,0.15,0.29,0.95,1.34,-1.22,-0.92
worker 1,2026-07-27 13:16:59.464,0.15,0.29,0.95,1.34,-1.22,-0.92
worker 1,2026-07-27 13:16:59.464,0.14,0.29,0.94,0.24,-2.38,-2.26
worker 1,2026-07-27 13:16:59.465,0.14,0.29,0.94,0.24,-2.38,-2.26
worker 1,2026-07-27 13:16:59.465,0.14,0.29,0.94,-1.65,-2.08,-2.75
worker 1,2026-07-27 13:16:59.643,0.14,0.29,0.94,-2.26,-0.92,-3.11
worker 1,2026-07-27 13:16:59.644,0.15,0.29,0.95,-2.26,-0.92,-3.11
worker 1,2026-07-27 13:16:59.646,0.15,0.3,0.95,-1.1,0.12,-1.71
worker 1,2026-07-27 13:16:59.646,0.15,0.29,0.95,0.0,-0.06,0.37
worker 1,2026-07-27 13:16:59.647,0.15,0.29,0.95,0.49,-0.98,1.04
worker 1,2026-07-27 13:16:59.707,0.14,0.29,0.95,0.55,-1.71,0.43
worker 1,2026-07-27 13:16:59.707,0.15,0.29,0.95,0.31,-1.71,0.0
worker 1,2026-07-27 13:16:59.768,0.15,0.29,0.95,0.31,-1.71,0.0
worker 1,2026-07-27 13:16:59.770,0.15,0.29,0.94,0.06,-1.04,0.24
worker 1,2026-07-27 13:16:59.770,0.15,0.29,0.95,0.06,-0.06,0.61
worker 1,2026-07-27 13:16:59.883,0.15,0.29,0.95,0.06,-0.06,0.61
worker 1,2026-07-27 13:16:59.884,0.15,0.29,0.95,0.0,0.24,0.85
worker 1,2026-07-27 13:17:00.364,0.15,0.29,0.95,0.0,0.24,0.85
worker 1,2026-07-27 13:17:00.364,0.15,0.29,0.95,-0.06,-0.31,1.1
worker 1,2026-07-27 13:17:00.366,0.15,0.29,0.95,0.12,-0.79,1.04
worker 1,2026-07-27 13:17:00.367,0.15,0.29,0.95,0.37,-1.04,0.61
worker 1,2026-07-27 13:17:00.426,0.15,0.29,0.94,0.61,-1.1,0.12
worker 1,2026-07-27 13:17:00.426,0.15,0.29,0.94,0.61,-0.92,-0.18
worker 1,2026-07-27 13:17:00.427,0.15,0.29,0.94,0.61,-0.92,-0.18
worker 1,2026-07-27 13:17:00.427,0.15,0.29,0.95,0.55,-0.73,-0.12
worker 1,2026-07-27 13:17:00.427,0.15,0.29,0.95,0.61,-0.67,-0.12
worker 1,2026-07-27 13:17:00.427,0.15,0.29,0.95,0.79,-0.67,-0.24
worker 1,2026-07-27 13:17:00.427,0.15,0.29,0.94,0.85,-0.67,-0.37
worker 1,2026-07-27 13:17:00.428,0.15,0.29,0.94,0.85,-0.67,-0.37
worker 1,2026-07-27 13:17:00.666,0.15,0.29,0.94,0.73,-0.67,-0.37
worker 1,2026-07-27 13:17:01.022,0.15,0.29,0.94,0.67,-0.61,-0.31
worker 1,2026-07-27 13:17:01.027,0.15,0.29,0.94,0.73,-0.55,-0.43
worker 1,2026-07-27 13:17:01.027,0.15,0.3,0.94,0.85,-0.49,-0.55
worker 1,2026-07-27 13:17:01.028,0.15,0.3,0.94,0.85,-0.49,-0.55
worker 1,2026-07-27 13:17:01.028,0.15,0.3,0.94,0.79,-0.43,-0.37
worker 1,2026-07-27 13:17:01.028,0.15,0.3,0.94,0.55,-0.43,0.18
worker 1,2026-07-27 13:17:01.085,0.15,0.3,0.95,0.73,-0.37,0.43
worker 1,2026-07-27 13:17:01.085,0.15,0.3,0.95,1.1,-0.12,0.12
worker 1,2026-07-27 13:17:01.085,0.15,0.3,0.94,1.1,-0.12,0.12
worker 1,2026-07-27 13:17:01.088,0.15,0.3,0.94,0.79,-0.06,-0.18
worker 1,2026-07-27 13:17:01.088,0.15,0.3,0.94,-0.18,-0.06,0.12
worker 1,2026-07-27 13:17:01.089,0.15,0.3,0.94,-0.18,-0.06,0.12
worker 1,2026-07-27 13:17:01.089,0.15,0.29,0.95,-0.55,-0.06,0.31
worker 1,2026-07-27 13:17:01.090,0.15,0.29,0.95,-0.55,-0.06,0.31
worker 1,2026-07-27 13:17:01.090,0.15,0.3,0.94,-0.31,0.0,0.12
worker 1,2026-07-27 13:17:01.090,0.15,0.3,0.94,-0.12,-0.12,0.0
worker 1,2026-07-27 13:17:01.090,0.15,0.3,0.94,-0.06,-0.18,0.06
worker 1,2026-07-27 13:17:01.090,0.15,0.3,0.94,0.0,0.0,0.06
worker 1,2026-07-27 13:17:01.091,0.15,0.3,0.94,-0.06,0.0,0.06
worker 1,2026-07-27 13:17:01.091,0.15,0.3,0.94,-0.18,-0.06,0.06
worker 1,2026-07-27 13:17:01.093,0.15,0.3,0.94,-0.18,-0.06,0.06
worker 1,2026-07-27 13:17:01.095,0.15,0.3,0.94,-0.18,-0.12,-0.12
worker 1,2026-07-27 13:17:01.095,0.15,0.3,0.94,-0.24,-0.06,-0.12
worker 1,2026-07-27 13:17:01.098,0.15,0.3,0.94,-0.37,0.06,0.0
worker 1,2026-07-27 13:17:01.099,0.15,0.3,0.94,-0.31,0.12,-0.18
worker 1,2026-07-27 13:17:01.099,0.15,0.3,0.94,-0.37,0.18,-0.31
worker 1,2026-07-27 13:17:01.099,0.15,0.3,0.94,-0.31,0.24,-0.12
worker 1,2026-07-27 13:17:01.281,0.15,0.3,0.94,-0.31,0.24,-0.12
worker 1,2026-07-27 13:17:01.281,0.15,0.3,0.95,-0.37,0.43,0.12
worker 1,2026-07-27 13:17:01.288,0.15,0.3,0.95,-0.37,0.43,0.12
worker 1,2026-07-27 13:17:01.288,0.15,0.29,0.95,-0.49,0.49,0.31
worker 1,2026-07-27 13:17:01.288,0.15,0.29,0.95,-0.31,0.37,0.31
worker 1,2026-07-27 13:17:01.290,0.15,0.29,0.95,-0.31,0.37,0.31
worker 1,2026-07-27 13:17:01.290,0.15,0.3,0.95,0.12,0.24,-0.31
worker 1,2026-07-27 13:17:01.383,0.15,0.3,0.95,0.12,0.24,-0.31
worker 1,2026-07-27 13:17:01.384,0.15,0.3,0.94,0.12,0.12,-0.61
worker 1,2026-07-27 13:17:01.390,0.14,0.29,0.95,-0.24,0.06,-0.31
worker 1,2026-07-27 13:17:01.391,0.14,0.29,0.95,-0.24,0.06,-0.31
worker 1,2026-07-27 13:17:01.392,0.14,0.29,0.95,-0.31,0.06,-0.12
worker 1,2026-07-27 13:17:01.503,0.14,0.29,0.95,-0.31,0.06,-0.12
worker 1,2026-07-27 13:17:01.503,0.14,0.3,0.95,-0.06,-0.12,-0.18
worker 1,2026-07-27 13:17:01.504,0.14,0.3,0.95,0.06,-0.49,-0.06
worker 1,2026-07-27 13:17:01.504,0.15,0.3,0.95,0.24,-0.85,0.12
worker 1,2026-07-27 13:17:01.571,0.15,0.3,0.95,0.24,-0.85,0.12
worker 1,2026-07-27 13:17:01.572,0.15,0.29,0.95,0.37,-1.22,0.31
worker 1,2026-07-27 13:17:01.573,0.15,0.29,0.95,0.37,-1.22,0.31
worker 1,2026-07-27 13:17:01.624,0.15,0.29,0.95,0.49,-1.53,0.24
worker 1,2026-07-27 13:17:01.624,0.15,0.3,0.95,0.55,-1.59,-0.31
worker 1,2026-07-27 13:17:01.803,0.15,0.3,0.95,0.55,-1.59,-0.31
worker 1,2026-07-27 13:17:01.803,0.15,0.3,0.94,0.24,-1.34,-0.55
worker 1,2026-07-27 13:17:01.807,0.15,0.3,0.94,0.24,-1.34,-0.55
worker 1,2026-07-27 13:17:01.807,0.15,0.3,0.94,-0.31,0.18,-0.24
worker 1,2026-07-27 13:17:01.807,0.15,0.3,0.95,-0.49,0.67,0.12
worker 1,2026-07-27 13:17:02.043,0.15,0.3,0.95,-0.49,0.73,0.31
worker 1,2026-07-27 13:17:02.044,0.15,0.3,0.95,-0.49,0.73,0.31
worker 1,2026-07-27 13:17:02.044,0.14,0.29,0.95,-0.37,0.61,0.24
worker 1,2026-07-27 13:17:02.045,0.14,0.29,0.95,-0.49,0.55,0.12
worker 1,2026-07-27 13:17:02.048,0.14,0.29,0.95,-0.67,0.85,-0.06
worker 1,2026-07-27 13:17:02.049,0.14,0.29,0.95,-0.61,1.22,-0.49
worker 1,2026-07-27 13:17:02.050,0.14,0.29,0.95,-0.24,0.98,-0.79
worker 1,2026-07-27 13:17:02.343,0.14,0.29,0.95,-0.18,0.06,-0.55
worker 1,2026-07-27 13:17:02.349,0.14,0.29,0.95,0.06,-1.04,-0.18
worker 1,2026-07-27 13:17:02.349,0.14,0.29,0.95,0.55,-1.83,-0.31
worker 1,2026-07-27 13:17:02.350,0.14,0.29,0.95,0.55,-1.83,-0.31
worker 1,2026-07-27 13:17:02.350,0.14,0.29,0.94,0.79,-2.01,-0.61
worker 1,2026-07-27 13:17:02.351,0.15,0.3,0.94,0.67,-1.77,-0.73
worker 1,2026-07-27 13:17:02.351,0.15,0.3,0.95,0.55,-1.4,-0.61
worker 1,2026-07-27 13:17:02.352,0.15,0.3,0.95,0.49,-1.22,-0.43
worker 1,2026-07-27 13:17:02.352,0.15,0.3,0.95,0.61,-1.28,-0.49
worker 1,2026-07-27 13:17:02.463,0.15,0.3,0.95,0.61,-1.28,-0.49
worker 1,2026-07-27 13:17:02.464,0.15,0.3,0.94,0.55,-1.22,-0.55
worker 1,2026-07-27 13:17:02.464,0.15,0.3,0.94,0.31,-1.04,-0.43
worker 1,2026-07-27 13:17:02.466,0.15,0.3,0.94,0.31,-1.04,-0.43
worker 1,2026-07-27 13:17:02.883,0.15,0.3,0.94,0.06,-0.67,-0.18
worker 1,2026-07-27 13:17:02.884,0.15,0.3,0.94,0.06,-0.67,-0.18
worker 1,2026-07-27 13:17:02.884,0.15,0.3,0.94,0.0,-0.43,0.0
worker 1,2026-07-27 13:17:02.885,0.15,0.3,0.95,0.0,-0.49,0.06
worker 1,2026-07-27 13:17:02.885,0.15,0.3,0.94,-0.06,-0.55,-0.06
worker 1,2026-07-27 13:17:02.886,0.15,0.3,0.94,-0.06,-0.55,-0.06
worker 1,2026-07-27 13:17:02.886,0.15,0.3,0.94,-0.18,-0.55,-0.12
worker 1,2026-07-27 13:17:02.887,0.15,0.3,0.94,-0.18,-0.55,-0.12
worker 1,2026-07-27 13:17:02.887,0.15,0.3,0.94,-0.24,-0.43,0.0
worker 1,2026-07-27 13:17:02.887,0.15,0.29,0.95,-0.18,-0.31,0.06
worker 1,2026-07-27 13:17:02.888,0.15,0.3,0.94,-0.06,-0.24,-0.18
worker 1,2026-07-27 13:17:02.890,0.15,0.3,0.94,-0.06,-0.24,-0.18
worker 1,2026-07-27 13:17:02.890,0.15,0.3,0.94,-0.18,-0.24,-0.31
worker 1,2026-07-27 13:17:02.893,0.15,0.3,0.94,-0.18,-0.24,-0.31
worker 1,2026-07-27 13:17:02.893,0.15,0.3,0.94,-0.37,-0.18,-0.12
worker 1,2026-07-27 13:17:03.062,0.15,0.3,0.94,-0.37,-0.18,-0.12
worker 1,2026-07-27 13:17:03.062,0.15,0.3,0.95,-0.37,-0.12,0.0
worker 1,2026-07-27 13:17:03.063,0.15,0.3,0.95,-0.37,-0.12,0.0
worker 1,2026-07-27 13:17:03.063,0.15,0.3,0.94,-0.18,-0.12,-0.06
worker 1,2026-07-27 13:17:03.064,0.15,0.3,0.94,-0.18,-0.12,-0.06
worker 1,2026-07-27 13:17:03.065,0.15,0.3,0.94,-0.18,-0.12,-0.12
worker 1,2026-07-27 13:17:03.072,0.15,0.29,0.95,-0.24,-0.12,-0.12
worker 1,2026-07-27 13:17:03.075,0.15,0.29,0.95,-0.18,-0.06,-0.06
worker 1,2026-07-27 13:17:03.075,0.15,0.29,0.95,-0.12,-0.12,-0.12
worker 1,2026-07-27 13:17:03.128,0.15,0.29,0.95,-0.12,-0.12,-0.12
worker 1,2026-07-27 13:17:03.190,0.15,0.29,0.94,0.0,-0.31,-0.18
worker 1,2026-07-27 13:17:03.191,0.15,0.29,0.94,0.0,-0.31,-0.18
worker 1,2026-07-27 13:17:03.191,0.15,0.3,0.94,0.06,-0.31,-0.24
worker 1,2026-07-27 13:17:03.303,0.15,0.29,0.95,0.0,-0.18,-0.12
worker 1,2026-07-27 13:17:03.303,0.15,0.29,0.95,-0.06,-0.06,-0.12
worker 1,2026-07-27 13:17:03.305,0.15,0.29,0.95,-0.06,-0.06,-0.12
worker 1,2026-07-27 13:17:03.305,0.15,0.3,0.95,-0.18,-0.12,-0.24
worker 1,2026-07-27 13:17:03.306,0.15,0.3,0.95,-0.18,-0.12,-0.24
worker 1,2026-07-27 13:17:03.306,0.14,0.3,0.95,-0.24,-0.24,-0.31
worker 1,2026-07-27 13:17:03.370,0.14,0.3,0.95,-0.24,-0.24,-0.31
worker 1,2026-07-27 13:17:03.370,0.14,0.3,0.95,-0.31,-0.31,-0.31
worker 1,2026-07-27 13:17:03.371,0.14,0.3,0.95,-0.31,-0.31,-0.31
worker 1,2026-07-27 13:17:03.483,0.15,0.29,0.94,-0.37,-0.18,-0.18
worker 1,2026-07-27 13:17:03.484,0.15,0.29,0.94,-0.37,-0.18,-0.18
worker 1,2026-07-27 13:17:03.487,0.15,0.29,0.94,-0.37,-0.18,-0.18
worker 1,2026-07-27 13:17:03.487,0.15,0.29,0.95,-0.31,0.18,0.31
worker 1,2026-07-27 13:17:03.786,0.15,0.29,0.95,-0.06,0.24,0.12
worker 1,2026-07-27 13:17:03.787,0.15,0.29,0.94,0.0,0.18,-0.31
worker 1,2026-07-27 13:17:03.787,0.14,0.29,0.95,-0.31,0.12,-0.24
worker 1,2026-07-27 13:17:03.788,0.14,0.29,0.95,-0.31,0.12,-0.24
worker 1,2026-07-27 13:17:03.788,0.14,0.29,0.95,-0.43,0.18,0.06
worker 1,2026-07-27 13:17:03.790,0.14,0.29,0.95,-0.43,0.18,0.06
worker 1,2026-07-27 13:17:03.791,0.14,0.29,0.95,-0.24,0.24,0.06
worker 1,2026-07-27 13:17:03.791,0.14,0.29,0.95,-0.12,0.12,-0.12
worker 1,2026-07-27 13:17:03.792,0.14,0.29,0.95,-0.12,0.12,-0.12
worker 1,2026-07-27 13:17:04.506,0.14,0.29,0.95,-0.06,0.12,-0.12
worker 1,2026-07-27 13:17:04.506,0.14,0.29,0.95,-0.12,0.06,-0.12
worker 1,2026-07-27 13:17:04.507,0.14,0.29,0.95,-0.12,0.06,-0.12
worker 1,2026-07-27 13:17:04.507,0.14,0.29,0.95,-0.12,-0.06,-0.12
worker 1,2026-07-27 13:17:04.508,0.14,0.29,0.95,-0.12,-0.12,-0.24
worker 1,2026-07-27 13:17:04.509,0.14,0.29,0.95,-0.12,-0.12,-0.24
worker 1,2026-07-27 13:17:04.509,0.14,0.29,0.95,-0.18,-0.12,-0.12
worker 1,2026-07-27 13:17:04.509,0.14,0.29,0.95,-0.12,-0.18,-0.06
worker 1,2026-07-27 13:17:04.510,0.14,0.29,0.95,0.0,-0.24,-0.12
worker 1,2026-07-27 13:17:04.510,0.14,0.29,0.95,0.18,-0.49,-0.24
worker 1,2026-07-27 13:17:04.511,0.14,0.29,0.95,0.24,-0.73,-0.49
worker 1,2026-07-27 13:17:04.512,0.14,0.29,0.95,0.24,-1.04,-0.67
worker 1,2026-07-27 13:17:04.516,0.14,0.29,0.95,0.18,-1.1,-0.73
worker 1,2026-07-27 13:17:04.517,0.14,0.29,0.95,0.18,-1.1,-0.73
worker 1,2026-07-27 13:17:04.517,0.14,0.3,0.95,0.31,-0.79,-0.55
worker 1,2026-07-27 13:17:04.517,0.14,0.3,0.95,0.43,-0.49,-0.55
worker 1,2026-07-27 13:17:04.518,0.14,0.29,0.94,0.31,-0.49,-0.43
worker 1,2026-07-27 13:17:04.518,0.14,0.29,0.95,0.0,-0.55,-0.18
worker 1,2026-07-27 13:17:04.518,0.14,0.29,0.95,-0.06,-0.49,-0.12
worker 1,2026-07-27 13:17:04.519,0.14,0.29,0.95,-0.06,-0.49,-0.12
worker 1,2026-07-27 13:17:04.862,0.14,0.29,0.95,0.06,-0.43,-0.24
worker 1,2026-07-27 13:17:04.864,0.14,0.29,0.95,0.06,-0.43,-0.24
worker 1,2026-07-27 13:17:05.227,0.14,0.29,0.95,0.12,-0.37,-0.43
worker 1,2026-07-27 13:17:05.236,0.14,0.29,0.95,0.12,-0.37,-0.43
worker 1,2026-07-27 13:17:05.236,0.14,0.3,0.95,0.18,-0.31,-0.43
worker 1,2026-07-27 13:17:05.237,0.14,0.3,0.95,0.12,-0.37,-0.31
worker 1,2026-07-27 13:17:05.238,0.14,0.29,0.95,0.12,-0.55,-0.18
worker 1,2026-07-27 13:17:05.238,0.14,0.29,0.95,0.24,-0.61,-0.24
worker 1,2026-07-27 13:17:05.238,0.14,0.29,0.95,0.31,-0.61,-0.31
worker 1,2026-07-27 13:17:05.238,0.14,0.29,0.95,0.18,-0.55,-0.31
worker 1,2026-07-27 13:17:05.238,0.14,0.29,0.95,0.12,-0.55,-0.31
worker 1,2026-07-27 13:17:05.238,0.14,0.3,0.95,0.18,-0.43,-0.24
worker 1,2026-07-27 13:17:05.238,0.14,0.3,0.95,0.18,-0.31,-0.31
worker 1,2026-07-27 13:17:05.238,0.14,0.3,0.95,-0.06,-0.43,-0.55
worker 1,2026-07-27 13:17:05.239,0.14,0.29,0.94,-0.55,-1.1,-0.79
worker 1,2026-07-27 13:17:05.239,0.14,0.28,0.94,-1.22,-1.77,-0.85
worker 1,2026-07-27 13:17:05.239,0.14,0.28,0.94,-1.4,-1.04,-1.89
worker 1,2026-07-27 13:17:05.239,0.14,0.29,0.95,-1.4,-1.04,-1.89
worker 1,2026-07-27 13:17:05.239,0.14,0.3,0.95,-0.85,1.46,-4.27
worker 1,2026-07-27 13:17:05.239,0.15,0.31,0.94,-1.16,3.23,-5.19
worker 1,2026-07-27 13:17:05.240,0.16,0.29,0.93,-1.95,3.97,-3.42
worker 1,2026-07-27 13:17:05.240,0.16,0.27,0.94,-1.22,5.98,-1.4
worker 1,2026-07-27 13:17:05.240,0.14,0.28,0.95,1.95,9.28,-2.44
worker 1,2026-07-27 13:17:06.303,0.14,0.28,0.95,1.95,9.28,-2.44
worker 1,2026-07-27 13:17:06.304,0.11,0.31,0.96,6.29,11.96,-5.98
worker 1,2026-07-27 13:17:06.305,0.1,0.33,0.96,10.38,11.9,-5.07
worker 1,2026-07-27 13:17:06.305,0.11,0.35,0.95,18.55,8.12,6.77
worker 1,2026-07-27 13:17:06.306,0.11,0.35,0.95,18.55,8.12,6.77
worker 1,2026-07-27 13:17:06.306,0.13,0.36,0.92,29.11,2.32,22.03
worker 1,2026-07-27 13:17:06.309,0.14,0.35,0.91,30.82,-0.61,26.31
worker 1,2026-07-27 13:17:06.309,0.13,0.33,0.92,23.01,1.77,16.66
worker 1,2026-07-27 13:17:06.309,0.1,0.33,0.93,15.2,6.1,1.46
worker 1,2026-07-27 13:17:06.311,0.09,0.33,0.92,10.86,7.26,-7.63
worker 1,2026-07-27 13:17:06.311,0.09,0.32,0.92,6.77,5.37,-9.03
worker 1,2026-07-27 13:17:06.312,0.09,0.32,0.92,6.77,5.37,-9.03
worker 1,2026-07-27 13:17:06.313,0.09,0.34,0.93,3.85,3.42,-12.76
worker 1,2026-07-27 13:17:06.314,0.07,0.41,0.94,5.0,2.87,-21.67
worker 1,2026-07-27 13:17:06.319,0.07,0.41,0.94,8.79,1.53,-26.92
worker 1,2026-07-27 13:17:06.319,0.05,0.46,0.92,8.79,1.53,-26.92
worker 1,2026-07-27 13:17:06.319,0.06,0.46,0.89,10.74,-1.65,-23.62
worker 1,2026-07-27 13:17:06.319,0.07,0.45,0.89,10.01,-3.11,-17.21
worker 1,2026-07-27 13:17:06.320,0.07,0.45,0.89,10.01,-3.11,-17.21
worker 1,2026-07-27 13:17:06.320,0.07,0.43,0.9,9.34,-1.65,-13.49
worker 1,2026-07-27 13:17:06.320,0.07,0.42,0.9,9.77,0.92,-12.76
worker 1,2026-07-27 13:17:06.320,0.07,0.42,0.9,9.77,2.56,-13.43
worker 1,2026-07-27 13:17:06.321,0.08,0.43,0.9,8.73,3.3,-14.83
worker 1,2026-07-27 13:17:06.322,0.08,0.43,0.9,8.73,3.3,-14.83
worker 1,2026-07-27 13:17:06.322,0.09,0.45,0.92,7.63,3.91,-16.6
worker 1,2026-07-27 13:17:06.324,0.09,0.45,0.92,7.63,3.91,-16.6
worker 1,2026-07-27 13:17:06.324,0.11,0.51,0.96,7.63,2.93,-16.24
worker 1,2026-07-27 13:17:06.325,0.11,0.54,0.91,10.93,-9.09,-7.02
worker 1,2026-07-27 13:17:06.328,0.11,0.54,0.91,10.93,-9.09,-7.02
worker 1,2026-07-27 13:17:06.328,0.09,0.53,0.77,15.99,-28.5,7.14
worker 1,2026-07-27 13:17:06.329,0.06,0.5,0.76,13.31,-31.19,14.28
worker 1,2026-07-27 13:17:06.329,0.03,0.42,0.84,-2.56,-18.8,20.26
worker 1,2026-07-27 13:17:06.329,0.01,0.33,0.9,-23.68,-13.06,29.3
worker 1,2026-07-27 13:17:06.330,0.01,0.3,0.94,-31.37,-10.25,25.82
worker 1,2026-07-27 13:17:06.331,0.01,0.3,0.94,-31.37,-10.25,25.82
worker 1,2026-07-27 13:17:06.331,0.03,0.35,0.98,-16.48,-1.04,5.74
worker 1,2026-07-27 13:17:06.487,0.03,0.35,0.98,-16.48,-1.04,5.74
worker 1,2026-07-27 13:17:06.488,0.07,0.43,0.99,3.05,2.08,-10.62
worker 1,2026-07-27 13:17:06.489,0.13,0.49,0.93,5.62,-9.34,-9.77
worker 1,2026-07-27 13:17:06.489,0.19,0.47,0.86,-6.47,-22.71,0.0
worker 1,2026-07-27 13:17:06.489,0.24,0.42,0.83,-13.06,-26.67,0.61
worker 1,2026-07-27 13:17:06.903,0.24,0.42,0.83,-13.06,-26.67,0.61
worker 1,2026-07-27 13:17:06.903,0.23,0.44,0.84,-3.54,-21.79,-10.62
worker 1,2026-07-27 13:17:06.904,0.21,0.49,0.88,12.08,-15.14,-16.97
worker 1,2026-07-27 13:17:06.905,0.2,0.5,0.91,19.84,-15.87,-10.44
worker 1,2026-07-27 13:17:06.906,0.2,0.5,0.91,19.84,-15.87,-10.44
worker 1,2026-07-27 13:17:06.966,0.22,0.47,0.96,18.43,-19.29,-6.35
worker 1,2026-07-27 13:17:06.967,0.2,0.44,1.0,17.27,-19.96,-18.07
worker 1,2026-07-27 13:17:06.967,0.2,0.44,1.0,19.71,-27.53,-31.56
worker 1,2026-07-27 13:17:06.967,0.17,0.43,0.91,19.71,-27.53,-31.56
worker 1,2026-07-27 13:17:06.967,0.15,0.45,0.73,17.03,-36.68,-31.25
worker 1,2026-07-27 13:17:06.967,0.18,0.5,0.65,6.29,-31.49,-23.56
worker 1,2026-07-27 13:17:06.967,0.24,0.57,0.68,-4.76,-13.73,-17.21
worker 1,2026-07-27 13:17:06.968,0.24,0.57,0.68,-4.76,-13.73,-17.21
worker 1,2026-07-27 13:17:06.968,0.27,0.59,0.76,-12.33,5.86,-12.02
worker 1,2026-07-27 13:17:06.970,0.27,0.59,0.76,-12.33,5.86,-12.02
worker 1,2026-07-27 13:17:06.970,0.16,0.46,0.84,-34.12,28.14,-6.53
worker 1,2026-07-27 13:17:07.023,0.12,0.37,0.89,-47.0,27.22,-5.8
worker 1,2026-07-27 13:17:07.509,0.14,0.33,0.95,-48.52,24.35,-7.32
worker 1,2026-07-27 13:17:07.510,0.14,0.33,0.95,-48.52,24.35,-7.32
worker 1,2026-07-27 13:17:07.510,0.16,0.34,0.97,-36.07,21.12,-12.82
worker 1,2026-07-27 13:17:07.511,0.17,0.39,0.96,-24.6,18.43,-22.22
worker 1,2026-07-27 13:17:07.511,0.15,0.38,0.97,-26.18,17.64,-32.41
worker 1,2026-07-27 13:17:07.511,0.09,0.35,0.98,-31.56,19.71,-37.17
worker 1,2026-07-27 13:17:07.512,0.04,0.31,1.0,-31.19,28.02,-32.04
worker 1,2026-07-27 13:17:07.513,-0.0,0.29,1.04,-15.5,38.51,-28.14
worker 1,2026-07-27 13:17:07.514,-0.0,0.29,1.04,-15.5,38.51,-28.14
worker 1,2026-07-27 13:17:07.515,0.04,0.39,0.97,10.31,10.74,-46.63
worker 1,2026-07-27 13:17:07.515,0.16,0.51,0.86,6.53,-39.73,-76.42
worker 1,2026-07-27 13:17:07.515,0.21,0.5,0.87,-26.73,-41.56,-83.92
worker 1,2026-07-27 13:17:07.515,0.15,0.33,0.93,-51.94,7.57,-61.4
worker 1,2026-07-27 13:17:07.516,0.15,0.33,0.93,-51.94,7.57,-61.4
worker 1,2026-07-27 13:17:07.516,-0.02,0.12,0.97,-44.43,50.54,-32.65
worker 1,2026-07-27 13:17:07.626,-0.17,0.06,0.98,-10.5,54.44,-21.0
worker 1,2026-07-27 13:17:07.626,-0.22,0.1,0.93,11.05,42.05,-19.04
worker 1,2026-07-27 13:17:07.743,-0.2,0.18,0.91,6.84,24.78,-16.66
worker 1,2026-07-27 13:17:07.983,-0.18,0.27,0.97,17.09,2.5,-15.32
worker 1,2026-07-27 13:17:07.983,-0.09,0.35,0.9,76.48,-29.17,8.18
worker 1,2026-07-27 13:17:07.984,-0.09,0.35,0.9,151.43,-60.24,66.22
worker 1,2026-07-27 13:17:07.984,0.1,0.49,0.67,151.43,-60.24,66.22
worker 1,2026-07-27 13:17:07.985,0.18,0.62,0.48,153.87,-58.72,97.23
worker 1,2026-07-27 13:17:07.985,0.11,0.64,0.54,65.25,-36.74,70.56
worker 1,2026-07-27 13:17:07.986,0.11,0.64,0.54,65.25,-36.74,70.56
worker 1,2026-07-27 13:17:07.986,0.08,0.61,0.78,-28.26,-4.27,25.88
worker 1,2026-07-27 13:17:07.987,0.08,0.61,0.78,-80.02,41.93,-17.4
worker 1,2026-07-27 13:17:08.342,0.02,0.55,1.03,-80.02,41.93,-17.4
worker 1,2026-07-27 13:17:08.525,-0.09,0.44,1.23,-110.84,73.49,-40.89
worker 1,2026-07-27 13:17:08.525,-0.17,0.33,1.27,-138.85,79.71,-38.82
worker 1,2026-07-27 13:17:08.525,-0.28,0.2,1.19,-154.17,75.99,-35.52
worker 1,2026-07-27 13:17:08.526,-0.28,0.2,1.19,-154.17,75.99,-35.52
worker 1,2026-07-27 13:17:08.526,-0.34,0.08,1.11,-142.7,67.14,-38.02
worker 1,2026-07-27 13:17:08.712,-0.27,-0.03,1.06,-122.74,27.59,-37.29
worker 1,2026-07-27 13:17:08.712,-0.17,-0.16,1.04,-111.69,-33.2,-34.73
worker 1,2026-07-27 13:17:08.712,-0.1,-0.25,0.97,-88.44,-60.49,-31.25
worker 1,2026-07-27 13:17:08.713,-0.1,-0.25,0.97,-88.44,-60.49,-31.25
worker 1,2026-07-27 13:17:08.713,-0.09,-0.3,0.8,-48.71,-44.07,-26.98
worker 1,2026-07-27 13:17:08.713,-0.12,-0.31,0.64,-15.2,-17.52,-21.12
worker 1,2026-07-27 13:17:08.714,-0.12,-0.31,0.64,-15.2,-17.52,-21.12
worker 1,2026-07-27 13:17:08.714,-0.15,-0.32,0.52,7.51,30.03,-6.1
worker 1,2026-07-27 13:17:08.723,-0.15,-0.32,0.52,7.51,30.03,-6.1
worker 1,2026-07-27 13:17:08.723,-0.19,-0.36,0.54,11.47,106.69,19.29
worker 1,2026-07-27 13:17:08.724,-0.18,-0.33,0.83,0.06,138.85,44.01
worker 1,2026-07-27 13:17:08.890,-0.23,-0.17,1.09,2.5,91.13,38.45
worker 1,2026-07-27 13:17:08.890,-0.36,-0.07,1.04,4.15,9.28,3.05
worker 1,2026-07-27 13:17:08.890,-0.42,-0.07,0.93,-26.86,-65.43,-26.79
worker 1,2026-07-27 13:17:08.891,-0.33,-0.12,0.93,-56.09,-106.45,-30.76
worker 1,2026-07-27 13:17:08.891,-0.19,-0.18,1.0,-43.95,-88.13,-16.85
worker 1,2026-07-27 13:17:08.892,-0.19,-0.18,1.0,-4.27,-26.12,-8.36
worker 1,2026-07-27 13:17:08.893,-0.11,-0.22,1.08,-4.27,-26.12,-8.36
worker 1,2026-07-27 13:17:08.893,-0.11,-0.25,1.12,28.56,23.86,-1.95
worker 1,2026-07-27 13:17:08.893,-0.19,-0.25,1.1,41.81,35.4,19.96
worker 1,2026-07-27 13:17:08.893,-0.26,-0.24,1.03,30.82,4.33,42.6
worker 1,2026-07-27 13:17:08.893,-0.22,-0.25,0.97,10.99,-48.83,51.76
worker 1,2026-07-27 13:17:08.893,-0.17,-0.21,0.95,28.99,-65.61,43.82
worker 1,2026-07-27 13:17:08.893,-0.19,-0.13,0.93,65.37,-26.25,18.86
worker 1,2026-07-27 13:17:08.894,-0.19,-0.13,0.93,65.37,-26.25,18.86
worker 1,2026-07-27 13:17:08.894,-0.21,-0.02,0.9,79.77,-0.61,11.72
worker 1,2026-07-27 13:17:09.124,-0.19,0.08,0.87,84.41,-27.1,35.89
worker 1,2026-07-27 13:17:09.125,-0.19,0.08,0.87,84.41,-27.1,35.89
worker 1,2026-07-27 13:17:09.125,-0.18,0.16,0.84,78.74,-44.07,55.18
worker 1,2026-07-27 13:17:09.126,-0.18,0.16,0.84,78.74,-44.07,55.18
worker 1,2026-07-27 13:17:09.126,-0.15,0.16,0.94,69.4,-25.94,61.71
worker 1,2026-07-27 13:17:09.126,0.01,0.19,1.1,81.97,-5.0,66.77
worker 1,2026-07-27 13:17:09.127,0.01,0.19,1.1,81.97,-5.0,66.77
worker 1,2026-07-27 13:17:09.128,0.16,0.36,1.14,89.17,-12.7,55.18
worker 1,2026-07-27 13:17:09.132,0.15,0.49,1.0,47.97,-37.84,19.59
worker 1,2026-07-27 13:17:10.022,0.15,0.49,1.0,47.97,-37.84,19.59
worker 1,2026-07-27 13:17:10.024,0.04,0.45,0.84,-15.87,-41.63,-18.31
worker 1,2026-07-27 13:17:10.024,-0.03,0.33,0.79,-50.66,-21.24,-30.76
worker 1,2026-07-27 13:17:10.025,-0.01,0.21,0.87,-46.51,1.1,-11.05
worker 1,2026-07-27 13:17:10.026,0.04,0.17,0.99,-22.89,11.66,15.5
worker 1,2026-07-27 13:17:10.026,0.05,0.19,1.04,1.71,8.18,26.43
worker 1,2026-07-27 13:17:10.027,0.05,0.19,1.04,1.71,8.18,26.43
worker 1,2026-07-27 13:17:10.027,0.03,0.21,1.01,17.03,-6.77,25.76
worker 1,2026-07-27 13:17:10.028,0.03,0.21,1.01,17.03,-6.77,25.76
worker 1,2026-07-27 13:17:10.028,0.02,0.22,0.96,33.69,-21.18,28.2
worker 1,2026-07-27 13:17:10.029,0.02,0.22,0.96,33.69,-21.18,28.2
worker 1,2026-07-27 13:17:10.029,0.04,0.26,0.85,60.61,-26.86,38.88
worker 1,2026-07-27 13:17:10.030,0.09,0.32,0.77,66.35,-26.31,41.5
worker 1,2026-07-27 13:17:10.031,0.09,0.32,0.77,66.35,-26.31,41.5
worker 1,2026-07-27 13:17:10.031,0.16,0.32,0.76,30.33,-21.12,32.59
worker 1,2026-07-27 13:17:10.032,0.22,0.27,0.76,-18.55,-18.31,23.13
worker 1,2026-07-27 13:17:10.147,0.22,0.27,0.76,-18.55,-18.31,23.13
worker 1,2026-07-27 13:17:10.147,0.25,0.28,0.69,-42.54,-24.6,11.41
worker 1,2026-07-27 13:17:10.147,0.29,0.39,0.61,-29.85,-25.76,-4.46
worker 1,2026-07-27 13:17:10.147,0.34,0.49,0.63,2.44,-8.0,-10.07
worker 1,2026-07-27 13:17:10.148,0.34,0.49,0.63,2.44,-8.0,-10.07
worker 1,2026-07-27 13:17:10.148,0.32,0.52,0.7,15.99,14.53,14.4
worker 1,2026-07-27 13:17:10.149,0.17,0.48,0.77,-8.85,22.03,64.03
worker 1,2026-07-27 13:17:10.150,0.17,0.48,0.77,-8.85,22.03,64.03
worker 1,2026-07-27 13:17:10.151,0.03,0.35,0.93,-52.92,13.73,116.94
worker 1,2026-07-27 13:17:10.152,0.08,0.04,1.34,-82.03,3.54,153.99
worker 1,2026-07-27 13:17:10.152,0.12,-0.19,1.8,-56.03,17.21,133.36
worker 1,2026-07-27 13:17:10.152,0.03,-0.0,1.87,4.82,53.04,51.51
worker 1,2026-07-27 13:17:10.153,0.0,0.16,1.55,32.9,59.33,-9.58
worker 1,2026-07-27 13:17:10.153,0.03,0.1,1.03,20.45,20.94,-18.37
worker 1,2026-07-27 13:17:10.154,0.03,0.1,1.03,20.45,20.94,-18.37
worker 1,2026-07-27 13:17:10.154,0.05,0.07,0.58,-9.22,-27.95,-15.32
worker 1,2026-07-27 13:17:10.154,0.02,0.09,0.41,-40.34,-51.09,-17.09
worker 1,2026-07-27 13:17:10.155,0.02,0.09,0.41,-40.34,-51.09,-17.09
worker 1,2026-07-27 13:17:10.157,0.03,0.02,0.51,-53.34,-30.76,-22.77
worker 1,2026-07-27 13:17:10.446,0.09,-0.1,0.74,-46.94,2.44,-43.27
worker 1,2026-07-27 13:17:10.447,0.09,-0.1,0.74,-36.93,12.7,-72.45
worker 1,2026-07-27 13:17:10.448,0.16,-0.12,0.91,-36.93,12.7,-72.45
worker 1,2026-07-27 13:17:10.451,0.22,-0.07,0.93,-37.96,6.1,-79.65
worker 1,2026-07-27 13:17:10.451,0.22,-0.04,0.84,-40.53,0.85,-62.68
worker 1,2026-07-27 13:17:10.452,0.22,-0.04,0.84,-40.53,0.85,-62.68
worker 1,2026-07-27 13:17:10.452,0.15,-0.03,0.73,-29.48,6.9,-41.75
worker 1,2026-07-27 13:17:10.452,0.14,-0.07,0.75,-18.31,12.15,-23.44
worker 1,2026-07-27 13:17:10.453,0.22,-0.14,0.84,-13.85,5.37,-11.11
worker 1,2026-07-27 13:17:10.453,0.28,-0.2,0.85,-2.99,1.89,-12.82
worker 1,2026-07-27 13:17:10.687,0.28,-0.2,0.85,-2.99,1.89,-12.82
worker 1,2026-07-27 13:17:10.687,0.32,-0.2,0.8,13.12,6.35,-22.09
worker 1,2026-07-27 13:17:10.688,0.26,-0.13,0.87,27.28,11.41,-32.23
worker 1,2026-07-27 13:17:10.688,0.02,-0.01,1.17,40.41,18.01,-48.77
worker 1,2026-07-27 13:17:10.688,-0.24,0.15,1.61,47.12,26.92,-72.27
worker 1,2026-07-27 13:17:10.688,-0.31,0.26,1.81,45.65,32.71,-80.87
worker 1,2026-07-27 13:17:10.803,-0.27,0.27,1.68,41.44,31.25,-69.21
worker 1,2026-07-27 13:17:10.805,-0.27,0.27,1.68,41.44,31.25,-69.21
worker 1,2026-07-27 13:17:10.806,-0.09,0.2,1.16,7.75,12.63,-60.73
worker 1,2026-07-27 13:17:10.806,-0.09,0.2,1.16,-12.08,-3.23,-40.04
worker 1,2026-07-27 13:17:11.105,0.01,0.12,0.89,-12.08,-3.23,-40.04
worker 1,2026-07-27 13:17:11.105,0.03,0.04,0.71,-30.94,-22.77,-7.93
worker 1,2026-07-27 13:17:11.105,0.01,0.02,0.65,-37.72,-29.72,4.76
worker 1,2026-07-27 13:17:11.106,-0.0,0.02,0.69,-29.48,-21.24,-11.84
worker 1,2026-07-27 13:17:11.106,-0.01,0.02,0.75,-14.1,-6.53,-44.19
worker 1,2026-07-27 13:17:11.162,-0.0,0.04,0.82,3.23,10.38,-79.47
worker 1,2026-07-27 13:17:11.163,-0.0,0.04,0.82,3.23,10.38,-79.47
worker 1,2026-07-27 13:17:11.282,0.04,0.15,0.9,22.77,27.28,-112.37
worker 1,2026-07-27 13:17:11.282,0.09,0.3,0.96,41.93,32.53,-136.17
worker 1,2026-07-27 13:17:11.283,0.09,0.3,0.96,41.93,32.53,-136.17
worker 1,2026-07-27 13:17:11.284,0.1,0.37,0.92,49.38,14.65,-134.22
worker 1,2026-07-27 13:17:11.289,0.1,0.34,0.84,35.03,-13.49,-96.62
worker 1,2026-07-27 13:17:11.289,0.13,0.24,0.78,6.96,-29.66,-43.82
worker 1,2026-07-27 13:17:11.290,0.17,0.16,0.76,-14.22,-29.48,-5.8
worker 1,2026-07-27 13:17:11.511,0.23,0.14,0.78,-12.08,-14.71,-2.32
worker 1,2026-07-27 13:17:11.514,0.23,0.14,0.78,-12.08,-14.71,-2.32
worker 1,2026-07-27 13:17:11.514,0.21,0.24,0.74,12.08,1.95,-28.2
worker 1,2026-07-27 13:17:11.514,0.11,0.37,0.69,37.23,3.6,-43.27
worker 1,2026-07-27 13:17:11.514,-0.06,0.35,1.06,64.51,12.21,-41.56
worker 1,2026-07-27 13:17:11.515,-0.06,0.35,1.06,64.51,12.21,-41.56
worker 1,2026-07-27 13:17:11.515,-0.32,0.41,1.72,109.56,59.94,-71.84
worker 1,2026-07-27 13:17:11.711,-0.32,0.41,1.72,109.56,59.94,-71.84
worker 1,2026-07-27 13:17:11.713,-0.42,0.61,1.97,95.7,82.58,-83.25
worker 1,2026-07-27 13:17:11.714,-0.27,0.49,1.67,-32.35,19.9,25.94
worker 1,2026-07-27 13:17:11.714,-0.1,0.1,1.19,-145.69,-52.67,161.99
worker 1,2026-07-27 13:17:11.714,-0.03,-0.16,0.84,-139.71,-62.19,187.87
worker 1,2026-07-27 13:17:11.714,0.01,-0.21,0.72,-71.59,-26.98,131.1
worker 1,2026-07-27 13:17:11.714,0.01,-0.21,0.72,-21.91,0.92,50.29
worker 1,2026-07-27 13:17:11.714,0.02,-0.19,0.77,-21.91,0.92,50.29
worker 1,2026-07-27 13:17:11.762,-0.03,-0.13,0.82,-4.09,-2.56,-40.65
worker 1,2026-07-27 13:17:11.823,-0.13,-0.02,0.84,-3.85,-14.77,-119.14
worker 1,2026-07-27 13:17:11.824,-0.13,-0.02,0.84,-3.85,-14.77,-119.14
worker 1,2026-07-27 13:17:11.831,-0.2,0.07,0.84,-23.32,-17.64,-155.7
worker 1,2026-07-27 13:17:11.953,-0.2,0.07,0.84,-23.32,-17.64,-155.7
worker 1,2026-07-27 13:17:11.953,-0.19,0.02,0.8,-54.5,-21.61,-145.57
worker 1,2026-07-27 13:17:12.064,-0.12,-0.1,0.79,-77.27,-24.17,-107.67
worker 1,2026-07-27 13:17:12.065,0.16,-0.31,0.99,-90.94,2.87,-69.4
worker 1,2026-07-27 13:17:12.065,0.5,-0.57,1.35,-78.49,96.68,-40.59
worker 1,2026-07-27 13:17:12.122,0.39,-0.6,1.44,-1.59,199.16,-27.71
worker 1,2026-07-27 13:17:12.422,0.04,-0.37,1.26,93.08,150.27,-36.38
worker 1,2026-07-27 13:17:12.422,-0.31,-0.01,1.1,122.38,-7.93,-75.07
worker 1,2026-07-27 13:17:12.424,-0.31,-0.01,1.1,122.38,-7.93,-75.07
worker 1,2026-07-27 13:17:12.424,-0.61,0.29,0.96,83.8,-80.26,-121.34
worker 1,2026-07-27 13:17:12.429,-0.61,0.29,0.96,83.8,-80.26,-121.34
worker 1,2026-07-27 13:17:12.430,-0.63,0.37,0.83,10.8,-49.13,-123.29
worker 1,2026-07-27 13:17:12.430,-0.49,0.27,0.78,-57.92,-1.89,-96.92
worker 1,2026-07-27 13:17:12.430,-0.3,0.07,0.83,-87.4,28.56,-79.04
worker 1,2026-07-27 13:17:12.431,-0.14,-0.11,0.92,-74.1,49.32,-52.31
worker 1,2026-07-27 13:17:12.431,-0.09,-0.17,1.02,-37.29,50.29,-11.9
worker 1,2026-07-27 13:17:12.431,-0.18,-0.13,1.04,1.46,28.81,8.18
worker 1,2026-07-27 13:17:12.431,-0.3,-0.08,0.92,28.44,9.22,-1.95
worker 1,2026-07-27 13:17:12.663,-0.36,-0.09,0.78,33.75,-4.82,-19.35
worker 1,2026-07-27 13:17:12.664,-0.36,-0.09,0.78,33.75,-4.82,-19.35
worker 1,2026-07-27 13:17:12.664,-0.32,-0.12,0.75,22.77,-12.02,-24.96
worker 1,2026-07-27 13:17:12.665,-0.21,-0.11,0.86,14.04,-0.55,-18.37
worker 1,2026-07-27 13:17:12.665,-0.12,-0.08,0.99,13.73,16.48,-10.19
worker 1,2026-07-27 13:17:12.665,-0.13,-0.02,1.04,15.38,18.55,-4.94
worker 1,2026-07-27 13:17:12.668,-0.13,-0.02,1.04,15.38,18.55,-4.94
worker 1,2026-07-27 13:17:12.669,-0.17,0.03,1.04,12.15,8.06,1.77
worker 1,2026-07-27 13:17:12.787,-0.17,0.03,1.04,12.15,8.06,1.77
worker 1,2026-07-27 13:17:12.788,-0.14,0.01,1.05,4.21,-3.36,7.51
worker 1,2026-07-27 13:17:12.788,-0.09,-0.04,1.11,-5.68,-10.07,4.88
worker 1,2026-07-27 13:17:12.788,-0.13,-0.08,1.21,-16.97,-14.16,-7.02
worker 1,2026-07-27 13:17:12.904,-0.13,-0.08,1.21,-16.97,-14.16,-7.02
worker 1,2026-07-27 13:17:13.084,-0.22,-0.08,1.26,-25.7,-21.79,-21.97
worker 1,2026-07-27 13:17:13.086,-0.22,-0.08,1.26,-25.7,-21.79,-21.97
worker 1,2026-07-27 13:17:13.086,-0.27,-0.08,1.07,-31.07,-49.62,-24.29
worker 1,2026-07-27 13:17:13.086,-0.16,-0.28,0.86,-48.34,-91.61,12.08
worker 1,2026-07-27 13:17:13.086,0.0,-0.53,0.89,-54.75,-87.46,53.71
worker 1,2026-07-27 13:17:13.087,0.0,-0.53,0.89,-54.75,-87.46,53.71
worker 1,2026-07-27 13:17:13.087,-0.03,-0.43,0.91,-8.12,-31.07,19.78
worker 1,2026-07-27 13:17:13.087,-0.17,-0.1,0.81,50.66,6.96,-49.93
worker 1,2026-07-27 13:17:13.090,-0.16,0.03,0.76,63.05,4.21,-56.15
worker 1,2026-07-27 13:17:13.090,-0.16,0.03,0.76,47.85,-7.26,-5.25
worker 1,2026-07-27 13:17:13.142,-0.09,-0.06,0.8,47.85,-7.26,-5.25
worker 1,2026-07-27 13:17:13.142,-0.06,-0.13,0.83,40.83,-14.65,45.65
worker 1,2026-07-27 13:17:13.209,-0.06,-0.13,0.83,40.83,-14.65,45.65
worker 1,2026-07-27 13:17:13.210,-0.01,-0.11,0.83,26.86,-29.91,65.86
worker 1,2026-07-27 13:17:13.622,0.09,-0.14,0.82,-9.22,-43.03,54.57
worker 1,2026-07-27 13:17:13.742,0.09,-0.14,0.82,-9.22,-43.03,54.57
worker 1,2026-07-27 13:17:13.743,0.2,-0.19,0.87,-33.14,-30.7,20.75
worker 1,2026-07-27 13:17:13.743,0.27,-0.19,1.04,-16.36,3.78,-26.98
worker 1,2026-07-27 13:17:13.744,0.27,-0.19,1.04,-16.36,3.78,-26.98
worker 1,2026-07-27 13:17:13.744,0.36,-0.18,1.22,14.89,29.85,-63.78
worker 1,2026-07-27 13:17:13.745,0.36,-0.18,1.22,14.89,29.85,-63.78
worker 1,2026-07-27 13:17:13.746,0.35,-0.17,1.25,33.2,23.8,-59.88
worker 1,2026-07-27 13:17:13.746,0.02,-0.11,1.24,30.58,19.41,-27.4
worker 1,2026-07-27 13:17:13.757,-0.34,-0.06,1.22,12.63,49.01,7.14
worker 1,2026-07-27 13:17:13.757,-0.42,-0.09,1.06,-8.79,59.2,49.13
worker 1,2026-07-27 13:17:13.863,-0.42,-0.09,1.06,-8.79,59.2,49.13
worker 1,2026-07-27 13:17:13.863,-0.37,-0.1,0.83,-24.6,11.47,89.9
worker 1,2026-07-27 13:17:13.864,-0.37,-0.03,0.71,-14.47,-29.79,101.75
worker 1,2026-07-27 13:17:13.866,-0.41,0.03,0.77,8.97,-18.19,80.51
worker 1,2026-07-27 13:17:13.866,-0.36,0.0,0.91,14.1,12.57,52.73
worker 1,2026-07-27 13:17:13.874,-0.36,0.0,0.91,14.1,12.57,52.73
worker 1,2026-07-27 13:17:13.874,-0.18,-0.1,0.99,6.16,30.33,34.55
worker 1,2026-07-27 13:17:13.874,-0.05,-0.13,0.99,5.55,31.98,10.13
worker 1,2026-07-27 13:17:13.875,-0.05,-0.13,0.99,5.55,31.98,10.13
worker 1,2026-07-27 13:17:13.875,-0.09,-0.02,0.95,14.4,24.17,-23.56
worker 1,2026-07-27 13:17:13.875,-0.17,0.09,0.92,20.39,16.3,-42.97
worker 1,2026-07-27 13:17:13.875,-0.2,0.1,0.95,16.42,13.55,-39.86
worker 1,2026-07-27 13:17:14.106,-0.2,0.1,0.95,16.42,13.55,-39.86
worker 1,2026-07-27 13:17:14.107,-0.18,0.06,0.99,4.64,12.21,-28.38
worker 1,2026-07-27 13:17:14.107,-0.14,-0.0,1.02,-10.25,10.13,-22.89
worker 1,2026-07-27 13:17:14.107,-0.05,-0.04,1.05,-20.26,11.23,-31.8
worker 1,2026-07-27 13:17:14.108,0.03,-0.04,1.1,-18.55,15.14,-52.19
worker 1,2026-07-27 13:17:14.108,0.03,-0.01,1.16,-14.47,9.83,-70.01
worker 1,2026-07-27 13:17:14.108,-0.06,-0.02,1.22,-17.21,-5.68,-77.15
worker 1,2026-07-27 13:17:14.284,-0.06,-0.02,1.22,-17.21,-5.68,-77.15
worker 1,2026-07-27 13:17:14.402,-0.19,-0.02,1.19,-22.71,-20.51,-76.66
worker 1,2026-07-27 13:17:14.522,-0.27,-0.01,0.99,-35.46,-42.54,-54.63
worker 1,2026-07-27 13:17:14.523,-0.22,-0.19,0.86,-60.12,-65.86,5.25
worker 1,2026-07-27 13:17:14.527,-0.1,-0.45,0.9,-64.82,-57.13,58.41
worker 1,2026-07-27 13:17:14.528,-0.05,-0.42,0.94,-18.31,-19.17,35.28
worker 1,2026-07-27 13:17:14.528,-0.07,-0.17,0.88,41.26,4.46,-36.13
worker 1,2026-07-27 13:17:14.528,-0.12,-0.0,0.79,57.43,-3.05,-62.93
worker 1,2026-07-27 13:17:14.528,-0.16,-0.01,0.71,31.43,-17.21,-23.99
worker 1,2026-07-27 13:17:14.529,-0.16,-0.01,0.71,31.43,-17.21,-23.99
worker 1,2026-07-27 13:17:14.529,-0.2,-0.13,0.73,-3.66,-15.87,33.02
worker 1,2026-07-27 13:17:14.530,-0.2,-0.13,0.73,-3.66,-15.87,33.02
worker 1,2026-07-27 13:17:14.531,-0.17,-0.27,0.85,-24.78,-0.85,70.07
worker 1,2026-07-27 13:17:14.531,-0.17,-0.27,0.85,-24.78,11.17,75.81
worker 1,2026-07-27 13:17:14.591,-0.05,-0.39,0.98,-24.78,11.17,75.81
worker 1,2026-07-27 13:17:14.592,0.08,-0.39,1.05,-2.38,14.89,45.59
worker 1,2026-07-27 13:17:15.122,0.08,-0.39,1.05,-2.38,14.89,45.59
worker 1,2026-07-27 13:17:15.123,0.16,-0.26,1.08,40.71,24.96,-2.01
worker 1,2026-07-27 13:17:15.124,0.21,-0.13,1.06,81.42,37.9,-33.81
worker 1,2026-07-27 13:17:15.128,0.16,0.01,0.99,77.33,18.74,-45.78
worker 1,2026-07-27 13:17:15.128,0.01,0.11,0.96,29.11,-30.64,-37.78
worker 1,2026-07-27 13:17:15.129,-0.2,0.02,1.09,6.59,-32.71,-2.32
worker 1,2026-07-27 13:17:15.136,-0.39,-0.12,1.2,43.21,44.56,40.28
worker 1,2026-07-27 13:17:15.136,-0.39,-0.12,1.2,45.35,82.89,69.76
worker 1,2026-07-27 13:17:15.136,-0.48,-0.1,1.11,45.35,82.89,69.76
worker 1,2026-07-27 13:17:15.136,-0.46,0.05,0.94,-36.07,10.31,88.87
worker 1,2026-07-27 13:17:15.302,-0.42,0.09,0.8,-95.34,-68.24,92.83
worker 1,2026-07-27 13:17:15.303,-0.34,-0.03,0.78,-70.13,-56.27,75.74
worker 1,2026-07-27 13:17:15.304,-0.21,-0.21,0.91,-16.17,16.54,46.39
worker 1,2026-07-27 13:17:15.304,-0.16,-0.25,1.01,16.72,64.76,3.42
worker 1,2026-07-27 13:17:15.305,-0.16,-0.25,1.01,16.72,64.76,3.42
worker 1,2026-07-27 13:17:15.305,-0.22,-0.09,0.96,26.67,55.54,-46.02
worker 1,2026-07-27 13:17:15.306,-0.22,-0.09,0.96,26.67,55.54,-46.02
worker 1,2026-07-27 13:17:15.307,-0.23,0.04,0.88,25.63,31.13,-73.55
worker 1,2026-07-27 13:17:15.363,-0.23,0.04,0.88,25.63,31.13,-73.55
worker 1,2026-07-27 13:17:15.363,-0.19,0.05,0.88,25.51,30.15,-74.65
worker 1,2026-07-27 13:17:15.364,-0.2,0.07,0.9,30.27,42.11,-64.33
worker 1,2026-07-27 13:17:15.365,-0.25,0.05,0.93,32.53,47.55,-44.98
worker 1,2026-07-27 13:17:15.365,-0.25,-0.06,0.98,25.21,45.47,-25.51
worker 1,2026-07-27 13:17:15.366,-0.25,-0.06,0.98,25.21,45.47,-25.51
worker 1,2026-07-27 13:17:15.366,-0.18,-0.13,1.06,13.79,41.69,-27.34
worker 1,2026-07-27 13:17:15.606,-0.12,-0.13,1.14,4.94,36.25,-47.55
worker 1,2026-07-27 13:17:15.606,-0.14,-0.1,1.22,-9.95,19.29,-61.89
worker 1,2026-07-27 13:17:15.663,-0.14,-0.1,1.22,-9.95,19.29,-61.89
worker 1,2026-07-27 13:17:15.663,-0.27,-0.12,1.29,-28.81,-6.96,-65.98
worker 1,2026-07-27 13:17:15.664,-0.27,-0.12,1.29,-28.81,-6.96,-65.98
worker 1,2026-07-27 13:17:15.664,-0.41,-0.09,1.29,-36.25,-25.27,-75.56
worker 1,2026-07-27 13:17:15.664,-0.45,-0.01,1.07,-45.17,-54.14,-71.35
worker 1,2026-07-27 13:17:15.666,-0.35,-0.17,0.81,-73.49,-104.98,-17.58
worker 1,2026-07-27 13:17:16.568,-0.35,-0.17,0.81,-73.49,-104.98,-17.58
worker 1,2026-07-27 13:17:16.570,-0.18,-0.43,0.73,-85.02,-123.47,30.52
worker 1,2026-07-27 13:17:16.570,-0.13,-0.39,0.75,-32.47,-77.27,-9.7
worker 1,2026-07-27 13:17:16.570,-0.15,-0.17,0.78,49.87,-10.93,-85.51
worker 1,2026-07-27 13:17:16.570,-0.17,-0.06,0.79,91.06,26.25,-99.37
worker 1,2026-07-27 13:17:16.571,-0.17,-0.06,0.79,91.06,26.25,-99.37
worker 1,2026-07-27 13:17:16.682,-0.17,-0.07,0.78,72.69,26.43,-51.64
worker 1,2026-07-27 13:17:16.683,-0.17,-0.11,0.73,21.42,7.57,6.84
worker 1,2026-07-27 13:17:16.683,-0.11,-0.14,0.72,-23.25,-3.85,43.15
worker 1,2026-07-27 13:17:16.684,-0.11,-0.14,0.72,-23.25,-3.85,43.15
worker 1,2026-07-27 13:17:16.685,0.01,-0.2,0.81,-34.91,4.88,51.76
worker 1,2026-07-27 13:17:16.691,0.01,-0.2,0.81,-10.44,29.72,39.37
worker 1,2026-07-27 13:17:16.692,0.12,-0.26,1.0,-10.44,29.72,39.37
worker 1,2026-07-27 13:17:16.692,0.17,-0.34,1.2,35.52,60.06,18.31
worker 1,2026-07-27 13:17:16.692,0.13,-0.41,1.34,74.71,73.36,-6.47
worker 1,2026-07-27 13:17:16.692,-0.22,-0.24,1.24,97.05,60.73,-43.09
worker 1,2026-07-27 13:17:16.693,-0.22,-0.24,1.24,97.05,60.73,-43.09
worker 1,2026-07-27 13:17:16.693,-0.67,0.07,1.03,88.26,30.27,-74.46
worker 1,2026-07-27 13:17:16.693,-0.74,0.1,0.97,19.17,2.38,-49.13
worker 1,2026-07-27 13:17:16.693,-0.53,-0.07,0.93,-70.62,-27.53,28.26
worker 1,2026-07-27 13:17:16.693,-0.47,-0.14,0.83,-100.1,-57.62,73.55
worker 1,2026-07-27 13:17:16.693,-0.58,-0.14,0.73,-56.95,-47.42,56.03
worker 1,2026-07-27 13:17:16.695,-0.58,-0.14,0.73,-56.95,-47.42,56.03
worker 1,2026-07-27 13:17:16.695,-0.49,-0.25,0.77,-13.31,-8.73,35.03
worker 1,2026-07-27 13:17:16.695,-0.26,-0.39,0.89,-4.03,20.32,22.34
worker 1,2026-07-27 13:17:16.696,-0.26,-0.39,0.89,-4.03,20.32,22.34
worker 1,2026-07-27 13:17:16.697,-0.23,-0.31,0.9,2.5,25.33,-17.03
worker 1,2026-07-27 13:17:16.700,-0.23,-0.31,0.9,2.5,25.33,-17.03
worker 1,2026-07-27 13:17:16.701,-0.33,-0.1,0.83,12.76,15.81,-58.9
worker 1,2026-07-27 13:17:16.701,-0.32,-0.0,0.83,17.21,13.85,-70.25
worker 1,2026-07-27 13:17:16.701,-0.24,-0.04,0.9,22.77,24.54,-65.55
worker 1,2026-07-27 13:17:16.701,-0.24,-0.04,0.9,33.2,33.57,-66.04
worker 1,2026-07-27 13:17:16.703,-0.23,-0.08,0.94,33.2,33.57,-66.04
worker 1,2026-07-27 13:17:16.711,-0.24,-0.09,0.95,38.57,34.36,-69.4
worker 1,2026-07-27 13:17:16.711,-0.21,-0.15,1.0,34.73,36.56,-69.52
worker 1,2026-07-27 13:17:16.712,-0.21,-0.15,1.0,34.73,36.56,-69.52
worker 1,2026-07-27 13:17:16.712,-0.15,-0.19,1.06,25.02,41.99,-72.57
worker 1,2026-07-27 13:17:16.808,-0.11,-0.19,1.13,11.66,41.5,-82.58
worker 1,2026-07-27 13:17:16.983,-0.11,-0.19,1.13,11.66,41.5,-82.58
worker 1,2026-07-27 13:17:16.983,-0.14,-0.2,1.17,0.67,29.48,-93.69
worker 1,2026-07-27 13:17:16.983,-0.24,-0.25,1.19,-1.1,12.39,-102.84
worker 1,2026-07-27 13:17:16.984,-0.39,-0.2,1.14,-0.18,-7.63,-108.52
worker 1,2026-07-27 13:17:16.985,-0.43,-0.19,1.03,-15.99,-45.9,-86.61
worker 1,2026-07-27 13:17:16.987,-0.43,-0.19,1.03,-15.99,-45.9,-86.61
worker 1,2026-07-27 13:17:16.992,-0.31,-0.4,0.91,-41.93,-94.79,-37.78
worker 1,2026-07-27 13:17:16.993,-0.18,-0.51,0.79,-35.64,-104.61,-25.94
worker 1,2026-07-27 13:17:16.997,-0.18,-0.51,0.79,-35.64,-104.61,-25.94
worker 1,2026-07-27 13:17:17.403,-0.16,-0.35,0.7,13.61,-58.17,-76.23
worker 1,2026-07-27 13:17:17.583,-0.18,-0.12,0.66,65.19,-0.06,-129.27
worker 1,2026-07-27 13:17:17.587,-0.14,-0.03,0.71,85.08,34.12,-136.23
worker 1,2026-07-27 13:17:17.587,-0.07,-0.08,0.8,71.47,40.16,-105.47
worker 1,2026-07-27 13:17:17.588,-0.07,-0.08,0.8,71.47,40.16,-105.47
worker 1,2026-07-27 13:17:17.588,-0.06,-0.13,0.83,36.99,24.84,-60.0
worker 1,2026-07-27 13:17:17.588,-0.06,-0.13,0.83,0.73,8.12,-17.03
worker 1,2026-07-27 13:17:17.589,-0.06,-0.13,0.81,0.73,8.12,-17.03
worker 1,2026-07-27 13:17:17.589,-0.0,-0.14,0.89,-16.48,13.79,8.79
worker 1,2026-07-27 13:17:17.590,-0.0,-0.14,0.89,-16.48,13.79,8.79
worker 1,2026-07-27 13:17:17.590,0.09,-0.19,1.09,-3.72,42.54,14.47
worker 1,2026-07-27 13:17:17.590,0.17,-0.27,1.28,26.86,67.87,13.24
worker 1,2026-07-27 13:17:17.590,0.15,-0.31,1.35,47.24,57.43,0.85
worker 1,2026-07-27 13:17:18.422,0.15,-0.31,1.35,57.8,21.55,-26.98
worker 1,2026-07-27 13:17:19.202,-0.21,-0.12,1.17,57.8,21.55,-26.98
worker 1,2026-07-27 13:17:19.202,-0.56,0.12,0.97,46.33,-3.54,-25.76
worker 1,2026-07-27 13:17:19.203,-0.56,0.12,0.97,46.33,-3.54,-25.76
worker 1,2026-07-27 13:17:19.205,-0.5,0.1,0.91,-8.36,-11.47,24.23
worker 1,2026-07-27 13:17:19.206,-0.5,0.1,0.91,-8.36,-11.47,24.23
worker 1,2026-07-27 13:17:19.206,-0.35,-0.02,0.84,-64.64,-30.33,80.08
worker 1,2026-07-27 13:17:19.207,-0.35,-0.02,0.84,-64.64,-30.33,80.08
worker 1,2026-07-27 13:17:19.207,-0.37,-0.06,0.76,-75.07,-50.42,107.24
worker 1,2026-07-27 13:17:19.207,-0.46,-0.09,0.82,-46.33,-28.02,101.75
worker 1,2026-07-27 13:17:19.207,-0.41,-0.16,0.98,-20.69,18.8,82.7
worker 1,2026-07-27 13:17:19.208,-0.41,-0.16,0.98,-20.69,18.8,82.7
worker 1,2026-07-27 13:17:19.209,-0.28,-0.21,1.05,-18.07,39.06,61.71
worker 1,2026-07-27 13:17:20.402,-0.28,-0.21,1.05,-18.07,39.06,61.71
worker 1,2026-07-27 13:17:20.402,-0.2,-0.23,0.96,-24.17,20.02,37.17
worker 1,2026-07-27 13:17:20.403,-0.2,-0.23,0.96,-23.68,-3.91,13.73
worker 1,2026-07-27 13:17:20.403,-0.2,-0.2,0.84,-23.68,-3.91,13.73
worker 1,2026-07-27 13:17:20.404,-0.21,-0.15,0.82,-11.6,-1.89,-6.35
worker 1,2026-07-27 13:17:20.405,-0.23,-0.1,0.87,4.46,17.82,-22.34
worker 1,2026-07-27 13:17:20.406,-0.23,-0.08,0.92,15.08,32.47,-31.86
worker 1,2026-07-27 13:17:20.407,-0.2,-0.12,0.97,17.4,35.89,-35.16
worker 1,2026-07-27 13:17:20.409,-0.2,-0.12,0.97,15.01,34.61,-38.51
worker 1,2026-07-27 13:17:20.409,-0.16,-0.18,1.02,15.01,34.61,-38.51
worker 1,2026-07-27 13:17:20.409,-0.12,-0.24,1.07,9.83,31.86,-44.98
worker 1,2026-07-27 13:17:20.410,-0.12,-0.24,1.07,9.83,31.86,-44.98
worker 1,2026-07-27 13:17:20.410,-0.07,-0.28,1.09,-4.39,21.91,-48.28
worker 1,2026-07-27 13:17:20.413,-0.13,-0.3,1.14,-27.4,1.22,-51.88
worker 1,2026-07-27 13:17:20.416,-0.33,-0.28,1.22,-35.4,-8.67,-70.01
worker 1,2026-07-27 13:17:20.417,-0.46,-0.18,1.16,-25.88,-4.58,-93.08
worker 1,2026-07-27 13:17:20.417,-0.46,-0.18,1.16,-40.1,-33.26,-69.7
worker 1,2026-07-27 13:17:20.418,-0.41,-0.2,0.97,-40.1,-33.26,-69.7
worker 1,2026-07-27 13:17:20.419,-0.23,-0.44,0.84,-76.6,-94.06,3.23
worker 1,2026-07-27 13:17:20.419,-0.14,-0.55,0.77,-72.33,-108.4,28.69
worker 1,2026-07-27 13:17:20.419,-0.18,-0.37,0.71,-9.77,-48.65,-38.57
worker 1,2026-07-27 13:17:20.420,-0.22,-0.15,0.68,56.88,22.28,-111.63
worker 1,2026-07-27 13:17:20.420,-0.17,-0.12,0.69,78.25,51.94,-111.27
worker 1,2026-07-27 13:17:20.420,-0.13,-0.19,0.74,54.02,44.43,-56.82
worker 1,2026-07-27 13:17:20.421,-0.19,-0.26,0.8,13.0,23.32,2.44
worker 1,2026-07-27 13:17:20.422,-0.19,-0.26,0.8,13.0,23.32,2.44
worker 1,2026-07-27 13:17:20.422,-0.2,-0.35,0.88,-18.74,6.84,45.53
worker 1,2026-07-27 13:17:20.426,-0.2,-0.35,0.88,-18.74,6.84,45.53
worker 1,2026-07-27 13:17:20.431,-0.07,-0.47,1.01,-19.65,13.67,58.04
worker 1,2026-07-27 13:17:20.432,-0.07,-0.47,1.01,-19.65,13.67,58.04
worker 1,2026-07-27 13:17:20.432,0.09,-0.47,1.16,27.65,50.9,28.87
worker 1,2026-07-27 13:17:20.432,0.1,-0.29,1.15,106.14,83.25,-31.62
worker 1,2026-07-27 13:17:20.432,-0.05,-0.03,0.98,152.77,64.58,-94.48
worker 1,2026-07-27 13:17:20.433,-0.2,0.17,0.82,133.0,6.23,-116.39
worker 1,2026-07-27 13:17:20.433,-0.12,-0.15,0.82,-20.63,-5.92,41.38
worker 1,2026-07-27 13:17:20.433,0.04,-0.19,0.95,-21.36,7.39,28.08
worker 1,2026-07-27 13:17:20.433,0.08,-0.14,1.05,-10.13,22.89,-11.9
worker 1,2026-07-27 13:17:20.434,-0.05,-0.01,1.08,1.04,30.76,-57.43
worker 1,2026-07-27 13:17:20.434,-0.13,0.07,1.1,-1.4,29.42,-75.2
worker 1,2026-07-27 13:17:20.435,-0.01,0.05,1.15,-17.21,20.63,-58.41
worker 1,2026-07-27 13:17:20.436,0.1,-0.04,1.24,-34.73,1.71,-34.67
worker 1,2026-07-27 13:17:20.436,0.03,-0.1,1.3,-41.08,-19.78,-37.29
worker 1,2026-07-27 13:17:20.436,0.14,-0.47,0.78,-12.88,-41.87,-42.66
worker 1,2026-07-27 13:17:20.436,-0.49,-0.61,0.61,-91.8,-54.38,-20.26
worker 1,2026-07-27 13:17:20.650,-0.43,-0.64,0.59,-114.81,-138.85,-22.58
worker 1,2026-07-27 13:17:20.650,-0.43,-0.64,0.59,-138.79,-178.83,-8.97
worker 1,2026-07-27 13:17:20.650,-0.28,-0.65,0.6,-138.79,-178.83,-8.97
worker 1,2026-07-27 13:17:20.650,-0.13,-0.64,0.64,-136.29,-175.17,-7.57
worker 1,2026-07-27 13:17:20.651,-0.03,-0.64,0.67,-100.22,-124.21,-34.73
worker 1,2026-07-27 13:17:21.123,-0.02,-0.65,0.66,-55.05,-33.02,-71.66
worker 1,2026-07-27 13:17:21.124,-0.02,-0.65,0.66,-55.05,-33.02,-71.66
worker 1,2026-07-27 13:17:21.124,-0.08,-0.57,0.69,-19.04,123.41,-96.25
worker 1,2026-07-27 13:17:21.125,-0.02,-0.53,0.83,-26.43,129.88,-84.59
worker 1,2026-07-27 13:17:21.132,-0.02,-0.53,0.83,-26.43,129.88,-84.59
worker 1,2026-07-27 13:17:21.133,0.12,-0.58,0.94,-26.73,99.12,-55.73
worker 1,2026-07-27 13:17:21.133,0.27,-0.69,0.91,-13.92,62.74,-19.9
worker 1,2026-07-27 13:17:21.133,0.27,-0.69,0.91,5.68,46.45,2.01
worker 1,2026-07-27 13:17:21.133,0.3,-0.77,0.81,5.68,46.45,2.01
worker 1,2026-07-27 13:17:21.140,0.21,-0.79,0.75,25.57,50.96,2.56
worker 1,2026-07-27 13:17:21.143,0.21,-0.79,0.75,25.57,50.96,2.56
worker 1,2026-07-27 13:17:21.144,0.1,-0.84,0.76,37.9,53.53,-13.06
worker 1,2026-07-27 13:17:21.144,-0.01,-0.92,0.83,34.12,47.61,-36.93
worker 1,2026-07-27 13:17:21.144,-0.03,-0.83,0.91,17.88,48.77,-63.48
worker 1,2026-07-27 13:17:21.145,-0.03,-0.56,0.82,12.88,54.2,-80.14
worker 1,2026-07-27 13:17:21.147,-0.03,-0.56,0.82,12.88,54.2,-80.14
worker 1,2026-07-27 13:17:21.147,-0.05,-0.39,0.53,29.72,35.83,-71.29
worker 1,2026-07-27 13:17:21.147,-0.08,-0.48,0.32,43.58,-1.65,-50.35
worker 1,2026-07-27 13:17:21.483,-0.08,-0.48,0.32,43.58,-1.65,-50.35
worker 1,2026-07-27 13:17:21.483,-0.06,-0.63,0.44,33.81,-6.41,-48.65
worker 1,2026-07-27 13:17:21.484,-0.02,-0.64,0.77,13.31,31.49,-67.93
worker 1,2026-07-27 13:17:21.484,0.1,-0.62,0.94,4.46,70.07,-89.66
worker 1,2026-07-27 13:17:21.485,0.1,-0.62,0.94,4.46,70.07,-89.66
worker 1,2026-07-27 13:17:23.044,0.26,-0.65,0.89,11.78,98.45,-118.47
worker 1,2026-07-27 13:17:23.044,0.29,-0.6,0.81,26.37,127.81,-158.57
worker 1,2026-07-27 13:17:23.048,0.17,-0.36,0.82,37.84,144.71,-175.11
worker 1,2026-07-27 13:17:23.048,0.08,-0.09,0.9,44.56,138.24,-144.47
worker 1,2026-07-27 13:17:23.049,0.08,-0.09,0.9,44.56,138.24,-144.47
worker 1,2026-07-27 13:17:23.049,0.2,-0.05,0.97,42.66,107.54,-77.09
worker 1,2026-07-27 13:17:23.049,0.32,-0.14,0.94,32.41,50.23,-8.48
worker 1,2026-07-27 13:17:23.052,0.32,-0.14,0.94,32.41,50.23,-8.48
worker 1,2026-07-27 13:17:23.052,0.29,-0.21,0.8,28.5,-13.12,28.99
worker 1,2026-07-27 13:17:23.052,0.27,-0.26,0.66,30.09,-43.46,32.59
worker 1,2026-07-27 13:17:23.053,0.27,-0.26,0.66,30.09,-43.46,32.59
worker 1,2026-07-27 13:17:23.054,0.3,-0.29,0.58,28.69,-32.78,8.67
worker 1,2026-07-27 13:17:23.054,0.25,-0.23,0.54,25.82,-23.74,-25.57
worker 1,2026-07-27 13:17:23.054,0.23,-0.16,0.7,11.6,-57.5,-29.24
worker 1,2026-07-27 13:17:23.055,0.44,-0.16,1.15,-10.01,-99.79,7.45
worker 1,2026-07-27 13:17:23.055,0.89,-0.29,1.82,-15.32,-99.06,51.76
worker 1,2026-07-27 13:17:23.056,1.57,-0.79,2.63,-11.47,-80.81,80.69
worker 1,2026-07-27 13:17:23.056,1.9,-1.39,2.97,3.11,-110.53,75.68
worker 1,2026-07-27 13:17:23.104,1.45,-1.39,2.4,49.93,-180.85,20.69
worker 1,2026-07-27 13:17:23.104,0.45,-0.7,1.21,111.45,-215.15,-55.48
worker 1,2026-07-27 13:17:23.105,0.45,-0.7,1.21,111.45,-215.15,-55.48
worker 1,2026-07-27 13:17:23.105,-0.53,-0.02,0.01,136.11,-201.72,-80.63
worker 1,2026-07-27 13:17:23.107,-0.53,-0.02,0.01,136.11,-201.72,-80.63
worker 1,2026-07-27 13:17:23.107,-1.2,0.24,-0.71,115.84,-157.04,-42.36
worker 1,2026-07-27 13:17:23.107,-1.72,0.25,-1.03,92.04,-87.46,11.05
worker 1,2026-07-27 13:17:23.587,-2.05,0.05,-0.91,69.52,-9.09,46.94
worker 1,2026-07-27 13:17:23.588,-1.99,-0.5,-0.21,29.24,101.2,67.32
worker 1,2026-07-27 13:17:23.589,-1.72,-1.39,0.91,-39.67,230.96,74.83
worker 1,2026-07-27 13:17:24.362,-1.72,-1.39,0.91,-39.67,230.96,74.83
worker 1,2026-07-27 13:17:24.362,-1.17,-2.41,2.51,-151.79,330.2,56.52
worker 1,2026-07-27 13:17:24.364,-1.17,-2.41,2.51,-151.79,330.2,56.52
worker 1,2026-07-27 13:17:24.374,-0.06,-2.71,3.93,-241.21,390.81,15.01
worker 1,2026-07-27 13:17:24.374,-0.06,-2.71,3.93,-210.39,356.26,-17.52
worker 1,2026-07-27 13:17:24.379,0.84,-1.92,3.96,-210.39,356.26,-17.52
worker 1,2026-07-27 13:17:24.379,0.99,-0.74,2.58,-101.62,221.44,-37.48
worker 1,2026-07-27 13:17:24.603,0.99,-0.74,2.58,-101.62,221.44,-37.48
worker 1,2026-07-27 13:17:24.661,0.86,0.26,0.93,-19.9,112.55,-85.69
worker 1,2026-07-27 13:17:24.662,0.86,0.26,0.93,-19.9,112.55,-85.69
worker 1,2026-07-27 13:17:24.662,0.77,0.88,-0.04,2.2,78.06,-151.86
worker 1,2026-07-27 13:17:24.663,0.77,0.88,-0.04,2.2,78.06,-151.86
worker 1,2026-07-27 13:17:24.664,0.78,1.08,-0.34,-1.53,63.23,-181.88
worker 1,2026-07-27 13:17:24.851,0.75,0.94,-0.38,14.16,24.11,-166.08
worker 1,2026-07-27 13:17:24.852,0.75,0.94,-0.38,14.16,24.11,-166.08
worker 1,2026-07-27 13:17:24.852,0.61,0.67,-0.32,44.98,-28.26,-136.35
worker 1,2026-07-27 13:17:24.902,0.61,0.67,-0.32,44.98,-28.26,-136.35
worker 1,2026-07-27 13:17:24.902,0.41,0.41,0.02,71.9,-59.14,-112.0
worker 1,2026-07-27 13:17:24.903,0.41,0.41,0.02,71.9,-59.14,-112.0
worker 1,2026-07-27 13:17:24.903,0.26,0.27,1.12,124.08,-43.52,-78.37
worker 1,2026-07-27 13:17:24.907,0.43,-0.15,2.91,181.4,1.46,15.44
worker 1,2026-07-27 13:17:24.907,0.21,-0.83,2.49,-96.44,135.07,-79.47
worker 1,2026-07-27 13:17:24.910,0.21,-0.83,2.49,-96.44,135.07,-79.47
worker 1,2026-07-27 13:17:24.910,0.49,-0.56,3.12,-110.41,201.48,-87.22
worker 1,2026-07-27 13:17:24.910,0.56,-0.26,2.18,-75.5,179.26,-66.71
worker 1,2026-07-27 13:17:24.911,0.55,-0.02,0.97,-84.11,124.82,-45.17
worker 1,2026-07-27 13:17:24.911,0.49,0.1,0.29,-117.13,99.85,-55.85
worker 1,2026-07-27 13:17:24.912,0.49,0.1,0.29,-117.13,99.85,-55.85
worker 1,2026-07-27 13:17:24.912,0.46,0.18,0.09,-122.31,94.85,-76.35
worker 1,2026-07-27 13:17:24.912,0.5,0.27,0.04,-101.81,81.79,-75.99
worker 1,2026-07-27 13:17:24.964,0.5,0.27,0.04,-101.81,81.79,-75.99
worker 1,2026-07-27 13:17:24.964,0.65,0.45,0.06,-67.87,58.29,-57.25
worker 1,2026-07-27 13:17:24.964,0.81,0.66,0.45,-15.32,39.06,-34.97
worker 1,2026-07-27 13:17:24.977,0.77,0.64,1.7,47.73,30.46,-8.36
worker 1,2026-07-27 13:17:24.977,0.44,0.43,2.9,94.85,11.54,21.3
worker 1,2026-07-27 13:17:24.978,0.44,0.43,2.9,94.85,11.54,21.3
worker 1,2026-07-27 13:17:24.978,-0.11,0.34,2.85,134.46,-15.62,23.5
worker 1,2026-07-27 13:17:24.979,-0.59,0.3,2.13,133.61,-31.68,17.46
worker 1,2026-07-27 13:17:24.979,-0.59,0.3,2.13,32.41,-71.78,67.87
worker 1,2026-07-27 13:17:24.979,-0.76,-0.02,1.71,32.41,-71.78,67.87
worker 1,2026-07-27 13:17:24.979,-0.64,-0.57,1.51,-88.75,-159.55,162.23
worker 1,2026-07-27 13:17:24.980,-0.49,-0.92,1.09,-110.96,-253.36,214.54
worker 1,2026-07-27 13:17:24.981,-0.49,-0.92,1.09,-110.96,-253.36,214.54
worker 1,2026-07-27 13:17:25.324,-0.45,-0.86,0.54,-52.25,-310.0,184.08
worker 1,2026-07-27 13:17:25.324,-0.45,-0.86,0.54,11.23,-307.37,111.82
worker 1,2026-07-27 13:17:25.324,-0.43,-0.55,0.17,11.23,-307.37,111.82
worker 1,2026-07-27 13:17:25.330,-0.39,-0.24,-0.01,56.34,-250.43,49.62
worker 1,2026-07-27 13:17:25.331,-0.39,-0.24,-0.01,56.34,-250.43,49.62
worker 1,2026-07-27 13:17:25.331,-0.29,-0.18,-0.06,91.0,-159.12,28.44
worker 1,2026-07-27 13:17:25.331,-0.02,-0.35,0.28,102.84,-21.85,43.58
worker 1,2026-07-27 13:17:25.332,0.36,-0.51,1.08,67.93,115.84,56.27
worker 1,2026-07-27 13:17:25.332,0.05,-0.37,0.82,-5.19,-3.3,-47.49
worker 1,2026-07-27 13:17:25.332,0.03,-0.2,0.71,-4.15,-0.67,-88.32
worker 1,2026-07-27 13:17:25.332,0.13,-0.11,0.69,5.31,16.72,-94.73
worker 1,2026-07-27 13:17:25.332,0.32,-0.12,0.77,21.79,38.7,-68.79
worker 1,2026-07-27 13:17:25.333,0.32,-0.12,0.77,21.79,38.7,-68.79
worker 1,2026-07-27 13:17:25.339,0.47,-0.1,0.95,31.01,55.11,-36.19
worker 1,2026-07-27 13:17:25.340,0.5,-0.06,1.13,7.14,26.43,28.02
worker 1,2026-07-27 13:17:25.340,0.32,0.01,1.29,-11.96,-13.37,65.06
worker 1,2026-07-27 13:17:25.341,0.19,-0.02,1.35,-26.67,-51.64,100.22
worker 1,2026-07-27 13:17:25.341,0.02,-0.11,1.36,-28.93,-96.8,131.71
worker 1,2026-07-27 13:17:25.341,0.02,-0.11,1.36,8.42,-159.97,148.44
worker 1,2026-07-27 13:17:25.341,-0.39,0.3,1.13,123.41,-196.29,197.57
worker 1,2026-07-27 13:17:25.341,-0.36,0.18,1.16,110.6,-138.18,224.61
worker 1,2026-07-27 13:17:25.385,-0.36,0.18,1.16,110.6,-138.18,224.61
worker 1,2026-07-27 13:17:25.862,-0.36,0.18,1.16,110.6,-138.18,224.61
worker 1,2026-07-27 13:17:25.863,-0.36,0.18,1.16,110.6,-138.18,224.61
worker 1,2026-07-27 13:17:25.863,-0.23,-0.12,1.06,80.08,-67.14,195.74
worker 1,2026-07-27 13:17:25.863,-0.2,-0.22,1.0,74.71,-53.53,169.56
worker 1,2026-07-27 13:17:25.869,-0.2,-0.22,1.0,74.71,-53.53,169.56
worker 1,2026-07-27 13:17:25.869,-0.16,-0.35,0.94,60.36,-48.46,162.48
worker 1,2026-07-27 13:17:25.870,-0.16,-0.35,0.94,60.36,-48.46,162.48
worker 1,2026-07-27 13:17:25.871,-0.08,-0.51,0.88,39.55,-60.12,172.3
worker 1,2026-07-27 13:17:25.871,0.06,-0.66,0.81,17.88,-82.89,174.32
worker 1,2026-07-27 13:17:25.871,0.17,-0.69,0.75,-1.95,-99.12,144.84
worker 1,2026-07-27 13:17:25.872,0.17,-0.69,0.75,-1.95,-99.12,144.84
worker 1,2026-07-27 13:17:25.872,0.19,-0.61,0.74,-10.56,-88.44,92.65
worker 1,2026-07-27 13:17:25.872,0.21,-0.56,0.86,-5.37,-42.66,44.68
worker 1,2026-07-27 13:17:25.873,0.21,-0.56,0.86,-5.37,-42.66,44.68
worker 1,2026-07-27 13:17:25.874,0.28,-0.44,1.1,4.94,21.36,8.18
worker 1,2026-07-27 13:17:26.282,0.29,-0.29,1.2,23.74,67.02,-12.33
worker 1,2026-07-27 13:17:26.282,0.22,-0.33,1.1,40.04,62.99,3.91
worker 1,2026-07-27 13:17:26.283,0.22,-0.33,1.1,40.04,62.99,3.91
worker 1,2026-07-27 13:17:26.283,0.17,-0.51,0.95,28.5,16.54,50.6
worker 1,2026-07-27 13:17:26.284,0.17,-0.51,0.95,28.5,16.54,50.6
worker 1,2026-07-27 13:17:26.284,0.16,-0.61,0.8,4.27,-27.1,79.41
worker 1,2026-07-27 13:17:26.285,0.16,-0.61,0.8,4.27,-27.1,79.41
worker 1,2026-07-27 13:17:26.285,0.12,-0.57,0.64,-2.08,-31.62,63.72
worker 1,2026-07-27 13:17:26.287,0.12,-0.57,0.64,-2.08,-31.62,63.72
worker 1,2026-07-27 13:17:26.288,0.08,-0.47,0.54,3.11,-8.18,28.81
worker 1,2026-07-27 13:17:26.288,0.1,-0.44,0.53,-3.6,16.85,8.36
worker 1,2026-07-27 13:17:26.288,0.14,-0.46,0.63,-26.73,49.74,0.61
worker 1,2026-07-27 13:17:26.291,0.14,-0.46,0.63,-26.73,49.74,0.61
worker 1,2026-07-27 13:17:26.291,0.17,-0.45,0.83,-46.39,90.88,-9.34
worker 1,2026-07-27 13:17:26.292,0.2,-0.43,1.02,-42.97,112.67,-16.05
worker 1,2026-07-27 13:17:26.292,0.15,-0.46,1.07,-18.31,101.99,-15.38
worker 1,2026-07-27 13:17:26.293,-0.01,-0.62,1.01,6.96,70.13,-15.87
worker 1,2026-07-27 13:17:26.294,-0.12,-0.87,0.95,9.89,22.16,-21.24
worker 1,2026-07-27 13:17:26.294,-0.08,-0.97,0.87,-5.62,-26.37,-33.69
worker 1,2026-07-27 13:17:26.295,-0.08,-0.97,0.87,-5.62,-26.37,-33.69
worker 1,2026-07-27 13:17:26.298,0.0,-0.74,0.78,-22.09,-21.61,-62.07
worker 1,2026-07-27 13:17:26.522,0.13,-0.22,0.82,-38.94,36.01,-99.79
worker 1,2026-07-27 13:17:26.523,0.13,-0.22,0.82,-59.14,76.11,-115.97
worker 1,2026-07-27 13:17:26.527,0.33,0.4,0.99,-59.14,76.11,-115.97
worker 1,2026-07-27 13:17:26.528,0.49,0.85,1.03,-59.94,63.23,-92.96
worker 1,2026-07-27 13:17:26.528,0.55,0.95,0.92,-14.28,18.68,-47.61
worker 1,2026-07-27 13:17:26.702,0.55,0.95,0.92,-14.28,18.68,-47.61
worker 1,2026-07-27 13:17:26.702,0.4,0.74,1.23,60.73,-18.01,-6.47
worker 1,2026-07-27 13:17:26.703,0.4,0.74,1.23,60.73,-18.01,-6.47
worker 1,2026-07-27 13:17:26.703,0.21,0.26,2.49,103.64,-36.56,49.38
worker 1,2026-07-27 13:17:26.708,0.21,0.26,2.49,103.64,-36.56,49.38
worker 1,2026-07-27 13:17:26.708,-0.05,-0.36,3.62,103.15,-86.36,137.82
worker 1,2026-07-27 13:17:26.722,-0.51,-0.8,3.21,140.81,-168.46,206.97
worker 1,2026-07-27 13:17:26.722,-0.76,-0.86,1.68,204.04,-230.83,231.99
worker 1,2026-07-27 13:17:26.722,-0.78,-0.69,0.28,194.58,-270.63,232.85
worker 1,2026-07-27 13:17:26.722,-0.79,-0.51,-0.5,112.3,-286.25,195.43
worker 1,2026-07-27 13:17:26.723,-0.81,-0.37,-0.69,44.49,-243.41,113.46
worker 1,2026-07-27 13:17:26.723,-0.74,-0.31,-0.47,35.71,-133.18,40.1
worker 1,2026-07-27 13:17:26.723,-0.74,-0.31,-0.47,40.95,-13.12,21.24
worker 1,2026-07-27 13:17:27.065,-0.51,-0.42,-0.09,40.95,-13.12,21.24
worker 1,2026-07-27 13:17:27.065,-0.21,-0.76,0.65,26.79,72.2,22.83
worker 1,2026-07-27 13:17:27.065,0.3,-1.07,2.22,-7.45,151.55,-1.83
worker 1,2026-07-27 13:17:27.065,0.79,-0.97,3.38,-59.08,190.86,-45.29
worker 1,2026-07-27 13:17:27.068,0.82,-0.55,2.71,-72.81,146.79,-89.54
worker 1,2026-07-27 13:17:27.068,0.59,-0.05,1.14,-59.57,84.05,-122.99
worker 1,2026-07-27 13:17:27.072,0.59,-0.05,1.14,-59.57,84.05,-122.99
worker 1,2026-07-27 13:17:27.072,0.45,0.35,0.1,-75.26,55.85,-138.06
worker 1,2026-07-27 13:17:27.072,0.47,0.58,-0.15,-91.86,54.93,-130.13
worker 1,2026-07-27 13:17:27.422,0.53,0.57,-0.04,-84.84,41.63,-90.88
worker 1,2026-07-27 13:17:27.422,0.56,0.42,0.12,-57.01,-2.2,-34.85
worker 1,2026-07-27 13:17:27.423,0.56,0.42,0.12,-57.01,-2.2,-34.85
worker 1,2026-07-27 13:17:27.423,0.51,0.29,0.25,-12.63,-60.49,10.99
worker 1,2026-07-27 13:17:27.424,0.51,0.29,0.25,-12.63,-60.49,10.99
worker 1,2026-07-27 13:17:27.424,0.42,0.2,0.72,49.68,-94.18,27.89
worker 1,2026-07-27 13:17:27.425,0.42,0.2,0.72,63.54,-53.04,39.92
worker 1,2026-07-27 13:17:27.427,0.59,0.02,2.09,63.54,-53.04,39.92
worker 1,2026-07-27 13:17:27.427,0.65,-0.14,3.12,11.11,1.95,53.22
worker 1,2026-07-27 13:17:27.427,0.26,-0.19,2.52,12.82,-4.52,54.26
worker 1,2026-07-27 13:17:27.428,0.26,-0.19,2.52,12.82,-4.52,54.26
worker 1,2026-07-27 13:17:27.428,-0.06,-0.34,1.25,54.87,-51.76,84.72
worker 1,2026-07-27 13:17:27.429,-0.06,-0.34,1.25,54.87,-51.76,84.72
worker 1,2026-07-27 13:17:27.429,-0.06,-0.53,0.37,51.88,-117.13,135.07
worker 1,2026-07-27 13:17:27.430,0.12,-0.61,0.06,29.3,-164.31,133.97
worker 1,2026-07-27 13:17:27.431,0.19,-0.59,0.09,16.24,-161.93,54.08
worker 1,2026-07-27 13:17:27.432,0.19,-0.59,0.09,16.24,-161.93,54.08
worker 1,2026-07-27 13:17:27.432,-0.01,-0.58,0.19,15.32,-116.76,-72.2
worker 1,2026-07-27 13:17:27.433,-0.01,-0.58,0.19,15.32,-116.76,-72.2
worker 1,2026-07-27 13:17:27.433,-0.32,-0.53,0.28,29.36,-44.56,-180.66
worker 1,2026-07-27 13:17:27.434,-0.32,-0.53,0.28,40.65,69.7,-212.04
worker 1,2026-07-27 13:17:27.434,-0.37,-0.34,0.99,40.65,69.7,-212.04
worker 1,2026-07-27 13:17:27.435,0.03,-0.25,2.12,2.01,173.1,-138.61
worker 1,2026-07-27 13:17:27.436,0.54,-0.35,2.11,-11.9,163.88,-7.08
worker 1,2026-07-27 13:17:27.438,0.54,-0.35,2.11,-11.9,163.88,-7.08
worker 1,2026-07-27 13:17:27.438,0.8,-0.31,1.1,32.1,71.78,82.95
worker 1,2026-07-27 13:17:27.662,0.8,-0.31,1.1,32.1,71.78,82.95
worker 1,2026-07-27 13:17:27.663,0.82,-0.17,0.35,36.01,-8.73,84.78
worker 1,2026-07-27 13:17:27.665,0.68,-0.02,0.14,4.7,-32.59,29.72
worker 1,2026-07-27 13:17:27.666,0.53,0.06,0.28,-19.35,-9.09,-26.61
worker 1,2026-07-27 13:17:27.666,0.49,0.07,0.57,-31.56,18.49,-54.57
worker 1,2026-07-27 13:17:27.666,0.54,0.04,0.88,-32.17,27.89,-60.49
worker 1,2026-07-27 13:17:27.666,0.63,-0.01,1.14,-18.8,31.07,-66.65
worker 1,2026-07-27 13:17:28.205,0.63,-0.01,1.14,-18.8,31.07,-66.65
worker 1,2026-07-27 13:17:28.205,0.65,-0.05,1.28,16.17,44.98,-91.06
worker 1,2026-07-27 13:17:28.209,0.57,-0.02,1.21,68.6,68.24,-130.98
worker 1,2026-07-27 13:17:28.210,0.58,0.05,1.11,100.52,80.02,-146.61
worker 1,2026-07-27 13:17:28.273,0.58,0.05,1.11,78.25,52.49,-116.46
worker 1,2026-07-27 13:17:28.274,0.6,0.07,1.09,78.25,52.49,-116.46
worker 1,2026-07-27 13:17:28.275,0.33,0.11,0.97,30.33,-2.81,-79.65
worker 1,2026-07-27 13:17:28.275,-0.02,0.17,0.83,-2.38,-38.57,-52.92
worker 1,2026-07-27 13:17:28.276,-0.02,0.17,0.83,-2.38,-38.57,-52.92
worker 1,2026-07-27 13:17:28.276,-0.1,0.16,0.87,-23.01,-40.04,-23.8
worker 1,2026-07-27 13:17:28.278,0.02,0.09,1.09,-50.23,-28.26,-4.82
worker 1,2026-07-27 13:17:28.278,0.14,0.01,1.25,-77.39,-28.32,-10.74
worker 1,2026-07-27 13:17:28.279,0.14,0.01,1.25,-77.39,-28.32,-10.74
worker 1,2026-07-27 13:17:28.279,0.17,-0.05,1.12,-77.82,-41.75,-32.84
worker 1,2026-07-27 13:17:28.280,0.22,-0.1,0.93,-62.26,-51.21,-54.81
worker 1,2026-07-27 13:17:28.280,0.29,-0.09,0.94,-67.5,-42.72,-83.98
worker 1,2026-07-27 13:17:28.280,0.26,-0.01,1.08,-105.9,-20.2,-132.39
worker 1,2026-07-27 13:17:28.625,0.18,-0.01,1.17,-166.26,-4.27,-169.92
worker 1,2026-07-27 13:17:28.625,0.18,-0.11,1.19,-195.19,-8.97,-170.72
worker 1,2026-07-27 13:17:28.626,0.18,-0.11,1.19,-195.19,-8.97,-170.72
worker 1,2026-07-27 13:17:28.626,0.23,-0.17,1.11,-151.25,-19.23,-154.36
worker 1,2026-07-27 13:17:28.626,0.28,-0.13,0.97,-75.74,-19.35,-137.63
worker 1,2026-07-27 13:17:28.626,0.32,-0.06,0.86,-23.86,-0.18,-122.5
worker 1,2026-07-27 13:17:28.627,0.32,-0.06,0.86,-23.86,-0.18,-122.5
worker 1,2026-07-27 13:17:28.627,0.26,0.05,0.76,-1.71,36.8,-105.41
worker 1,2026-07-27 13:17:28.628,0.26,0.05,0.76,-1.71,36.8,-105.41
worker 1,2026-07-27 13:17:28.628,0.26,0.12,0.73,2.56,62.81,-70.74
worker 1,2026-07-27 13:17:28.633,0.26,0.12,0.73,2.56,62.81,-70.74
worker 1,2026-07-27 13:17:28.633,0.41,0.05,0.78,-11.72,59.14,-12.27
worker 1,2026-07-27 13:17:28.633,0.42,-0.02,0.81,-23.62,60.85,41.75
worker 1,2026-07-27 13:17:28.633,0.3,0.0,0.91,-4.15,81.36,55.85
worker 1,2026-07-27 13:17:28.684,0.25,0.05,1.05,32.53,88.99,38.45
worker 1,2026-07-27 13:17:28.694,0.19,0.12,1.07,56.95,95.64,34.55
worker 1,2026-07-27 13:17:28.986,0.19,0.12,1.07,25.27,70.56,80.81
worker 1,2026-07-27 13:17:28.987,0.16,0.14,1.01,25.27,70.56,80.81
worker 1,2026-07-27 13:17:28.987,0.24,0.03,1.0,-67.75,-23.68,185.42
worker 1,2026-07-27 13:17:29.708,0.28,-0.24,0.98,-158.57,-77.64,258.36
worker 1,2026-07-27 13:17:29.708,0.22,-0.42,0.93,-165.53,-34.06,221.86
worker 1,2026-07-27 13:17:29.708,0.16,-0.33,0.84,-70.43,17.58,117.74
worker 1,2026-07-27 13:17:29.709,0.16,-0.33,0.84,-70.43,17.58,117.74
worker 1,2026-07-27 13:17:29.709,0.1,-0.25,0.79,13.24,29.85,27.83
worker 1,2026-07-27 13:17:29.709,0.01,-0.33,0.85,16.3,19.23,-6.16
worker 1,2026-07-27 13:17:29.709,-0.08,-0.45,0.95,-4.46,6.9,-6.04
worker 1,2026-07-27 13:17:29.709,-0.14,-0.48,0.99,-9.64,1.4,-6.59
worker 1,2026-07-27 13:17:29.710,-0.14,-0.48,0.99,-9.64,1.4,-6.59
worker 1,2026-07-27 13:17:29.710,-0.14,-0.44,0.89,-9.77,-1.65,-20.75
worker 1,2026-07-27 13:17:29.710,-0.12,-0.45,0.75,-15.62,2.08,-40.83
worker 1,2026-07-27 13:17:29.710,-0.13,-0.45,0.72,-21.85,22.89,-63.78
worker 1,2026-07-27 13:17:29.716,-0.13,-0.45,0.72,-21.85,22.89,-63.78
worker 1,2026-07-27 13:17:29.716,-0.11,-0.4,0.68,-28.2,48.83,-84.66
worker 1,2026-07-27 13:17:29.717,-0.08,-0.43,0.62,-41.26,53.04,-118.41
worker 1,2026-07-27 13:17:29.718,-0.03,-0.55,0.65,-44.8,44.07,-157.9
worker 1,2026-07-27 13:17:29.718,0.04,-0.66,0.76,-28.87,52.61,-162.35
worker 1,2026-07-27 13:17:29.718,0.12,-0.65,0.86,-8.73,66.71,-140.5
worker 1,2026-07-27 13:17:29.718,0.19,-0.56,0.9,4.94,61.65,-117.98
worker 1,2026-07-27 13:17:29.718,0.27,-0.44,0.92,17.94,46.26,-96.5
worker 1,2026-07-27 13:17:29.718,0.35,-0.34,0.97,28.63,37.29,-80.69
worker 1,2026-07-27 13:17:29.725,0.38,-0.31,1.06,33.45,27.4,-74.58
worker 1,2026-07-27 13:17:29.725,0.33,-0.32,1.17,43.03,14.77,-65.8
worker 1,2026-07-27 13:17:29.726,0.25,-0.29,1.25,62.62,2.2,-40.89
worker 1,2026-07-27 13:17:29.947,0.16,-0.28,1.31,77.39,-14.47,4.27
worker 1,2026-07-27 13:17:29.948,0.08,-0.34,1.36,66.35,-28.32,55.42
worker 1,2026-07-27 13:17:29.948,0.02,-0.35,1.2,36.68,-35.28,80.2
worker 1,2026-07-27 13:17:29.949,0.02,-0.35,1.2,36.68,-35.28,80.2
worker 1,2026-07-27 13:17:29.949,0.03,-0.24,0.89,14.4,-37.05,71.29
worker 1,2026-07-27 13:17:29.949,0.03,-0.24,0.89,10.25,-33.26,53.71
worker 1,2026-07-27 13:17:29.949,0.05,-0.13,0.75,10.25,-33.26,53.71
worker 1,2026-07-27 13:17:29.949,0.05,-0.05,0.84,26.37,-21.97,50.9
worker 1,2026-07-27 13:17:29.950,0.04,0.01,0.93,56.7,-5.37,67.14
worker 1,2026-07-27 13:17:29.950,0.03,0.03,0.9,77.21,8.67,86.06
worker 1,2026-07-27 13:17:30.124,0.03,-0.02,0.85,76.17,19.78,91.0
worker 1,2026-07-27 13:17:30.125,0.03,-0.02,0.87,56.76,30.46,67.87
worker 1,2026-07-27 13:17:30.125,0.05,-0.01,0.93,20.75,30.46,26.92
worker 1,2026-07-27 13:17:30.184,0.05,-0.01,0.93,20.75,30.46,26.92
worker 1,2026-07-27 13:17:30.184,0.08,-0.01,0.92,-8.79,17.33,-5.92
worker 1,2026-07-27 13:17:30.185,0.08,-0.01,0.92,-8.79,17.33,-5.92
worker 1,2026-07-27 13:17:30.185,0.12,0.02,0.89,-15.44,5.92,-25.09
worker 1,2026-07-27 13:17:30.185,0.15,0.04,0.9,-12.15,3.11,-32.47
worker 1,2026-07-27 13:17:31.383,0.17,0.02,0.93,-7.87,5.74,-31.07
worker 1,2026-07-27 13:17:31.383,0.19,-0.03,0.97,-5.49,9.64,-27.53
worker 1,2026-07-27 13:17:31.403,0.19,-0.03,0.97,-5.49,9.64,-27.53
worker 1,2026-07-27 13:17:31.403,0.19,-0.08,1.0,-7.57,11.54,-28.38
worker 1,2026-07-27 13:17:31.403,0.17,-0.1,1.03,-13.67,11.29,-34.24
worker 1,2026-07-27 13:17:31.404,0.17,-0.1,1.03,-23.25,8.3,-38.33
worker 1,2026-07-27 13:17:31.405,0.12,-0.13,1.04,-23.25,8.3,-38.33
worker 1,2026-07-27 13:17:31.405,0.09,-0.18,1.0,-31.31,0.06,-37.54
worker 1,2026-07-27 13:17:31.405,-0.01,-0.23,1.04,-29.6,-3.54,-40.47
worker 1,2026-07-27 13:17:31.406,-0.18,-0.2,1.12,-13.0,4.52,-59.08
worker 1,2026-07-27 13:17:31.406,-0.24,-0.18,0.94,-1.46,2.99,-85.88
worker 1,2026-07-27 13:17:31.406,-0.24,-0.18,0.94,-30.94,-10.86,-109.44
worker 1,2026-07-27 13:17:31.406,-0.23,-0.27,0.6,-30.94,-10.86,-109.44
worker 1,2026-07-27 13:17:31.406,-0.18,-0.36,0.41,-90.33,-17.21,-143.43
worker 1,2026-07-27 13:17:31.407,-0.08,-0.29,0.45,-101.5,5.43,-205.51
worker 1,2026-07-27 13:17:31.407,-0.02,-0.12,0.71,-50.84,45.47,-250.0
worker 1,2026-07-27 13:17:31.407,0.03,-0.03,1.03,-19.47,63.48,-224.43
worker 1,2026-07-27 13:17:31.407,0.1,-0.01,1.25,-19.17,59.45,-160.34
worker 1,2026-07-27 13:17:31.409,0.1,-0.01,1.25,-19.17,59.45,-160.34
worker 1,2026-07-27 13:17:31.409,0.17,-0.01,1.29,-12.76,48.65,-104.68
worker 1,2026-07-27 13:17:31.409,0.24,-0.05,1.19,-4.21,37.23,-65.86
worker 1,2026-07-27 13:17:31.410,0.24,-0.05,1.19,-2.62,28.08,-31.31
worker 1,2026-07-27 13:17:31.410,0.29,-0.13,1.04,-2.62,28.08,-31.31
worker 1,2026-07-27 13:17:31.410,0.28,-0.22,0.93,-4.46,24.23,0.31
worker 1,2026-07-27 13:17:31.410,0.15,-0.28,0.89,14.4,23.62,12.94
worker 1,2026-07-27 13:17:31.410,0.16,-0.24,0.89,52.98,2.56,48.1
worker 1,2026-07-27 13:17:31.410,0.33,-0.17,0.84,64.82,-50.78,109.8
worker 1,2026-07-27 13:17:32.247,0.4,-0.13,0.79,39.06,-69.21,117.25
worker 1,2026-07-27 13:17:32.247,0.3,-0.06,0.81,19.78,-14.95,74.22
worker 1,2026-07-27 13:17:32.247,0.07,-0.02,0.93,32.35,50.48,43.03
worker 1,2026-07-27 13:17:32.248,-0.08,-0.06,1.2,45.59,75.13,45.41
worker 1,2026-07-27 13:17:32.248,-0.08,-0.1,1.38,36.8,55.6,51.94
worker 1,2026-07-27 13:17:32.248,-0.09,-0.1,1.34,7.69,21.73,38.33
worker 1,2026-07-27 13:17:32.248,-0.13,-0.1,1.24,-40.65,3.36,7.45
worker 1,2026-07-27 13:17:32.248,-0.2,-0.08,1.13,-83.56,10.5,-35.03
worker 1,2026-07-27 13:17:32.249,-0.2,-0.08,1.13,-83.56,10.5,-35.03
worker 1,2026-07-27 13:17:32.249,-0.31,-0.11,1.01,-100.71,40.22,-77.45
worker 1,2026-07-27 13:17:32.249,-0.35,-0.16,0.91,-82.76,62.01,-95.95
worker 1,2026-07-27 13:17:32.249,-0.33,-0.16,0.74,-30.64,57.19,-70.86
worker 1,2026-07-27 13:17:32.249,-0.27,-0.21,0.69,3.54,12.21,-24.23
worker 1,2026-07-27 13:17:32.389,-0.27,-0.21,0.69,3.54,12.21,-24.23
worker 1,2026-07-27 13:17:32.389,-0.07,-0.3,0.84,13.85,-55.97,9.83
worker 1,2026-07-27 13:17:32.453,-0.07,-0.3,0.84,13.85,-55.97,9.83
worker 1,2026-07-27 13:17:32.454,0.17,-0.3,1.01,45.65,-66.41,12.7
worker 1,2026-07-27 13:17:32.454,0.3,-0.25,1.1,73.18,-16.66,-16.48
worker 1,2026-07-27 13:17:32.454,0.27,-0.16,1.12,61.04,16.66,-61.4
worker 1,2026-07-27 13:17:32.455,0.12,0.0,1.0,31.68,3.78,-102.11
worker 1,2026-07-27 13:17:32.456,-0.07,0.15,0.78,23.38,-29.48,-108.34
worker 1,2026-07-27 13:17:32.488,-0.17,0.23,0.66,39.61,-48.22,-67.2
worker 1,2026-07-27 13:17:32.489,-0.2,0.18,0.79,54.2,-36.93,-8.36
worker 1,2026-07-27 13:17:32.489,-0.2,0.18,0.79,41.87,-3.66,53.53
worker 1,2026-07-27 13:17:32.489,-0.15,-0.13,1.17,41.87,-3.66,53.53
worker 1,2026-07-27 13:17:32.489,-0.03,-0.58,1.5,1.28,24.11,128.42
worker 1,2026-07-27 13:17:32.490,-0.03,-0.78,1.46,-38.94,12.7,174.99
worker 1,2026-07-27 13:17:32.490,-0.1,-0.7,1.22,-56.7,-19.41,138.67
worker 1,2026-07-27 13:17:32.490,-0.09,-0.48,1.0,-48.16,-22.4,38.82
worker 1,2026-07-27 13:17:32.490,-0.02,-0.23,0.87,-24.9,3.78,-56.82
worker 1,2026-07-27 13:17:32.491,0.03,-0.04,0.75,-4.88,26.37,-94.18
worker 1,2026-07-27 13:17:32.492,0.03,0.03,0.65,3.3,36.62,-70.74
worker 1,2026-07-27 13:17:32.497,0.03,0.03,0.65,3.3,36.62,-70.74
worker 1,2026-07-27 13:17:32.499,-0.02,-0.08,0.65,4.88,48.28,-25.15
worker 1,2026-07-27 13:17:32.679,-0.05,-0.31,0.81,4.64,53.83,10.01
worker 1,2026-07-27 13:17:32.679,-0.04,-0.51,1.1,-1.16,28.5,16.11
worker 1,2026-07-27 13:17:32.680,-0.07,-0.58,1.32,-0.24,-11.84,-26.86
worker 1,2026-07-27 13:17:32.682,-0.07,-0.58,1.32,-0.24,-11.84,-26.86
worker 1,2026-07-27 13:17:32.682,-0.16,-0.54,1.38,16.17,-28.81,-100.52
worker 1,2026-07-27 13:17:32.683,-0.15,-0.46,1.41,29.42,-21.55,-148.13
worker 1,2026-07-27 13:17:32.684,-0.15,-0.46,1.41,29.42,-21.55,-148.13
worker 1,2026-07-27 13:17:32.684,0.07,-0.43,1.5,25.33,1.04,-148.68
worker 1,2026-07-27 13:17:32.684,0.38,-0.47,1.42,12.39,28.02,-124.82
worker 1,2026-07-27 13:17:32.684,0.48,-0.42,0.97,6.41,27.83,-108.4
worker 1,2026-07-27 13:17:32.684,0.24,-0.21,0.35,25.15,1.22,-116.52
worker 1,2026-07-27 13:17:32.685,0.24,-0.21,0.35,25.15,1.22,-116.52
worker 1,2026-07-27 13:17:32.686,-0.13,0.03,-0.13,58.17,-21.0,-124.82
worker 1,2026-07-27 13:17:32.686,-0.34,0.17,-0.23,59.88,-32.35,-86.0
worker 1,2026-07-27 13:17:33.722,-0.34,0.17,-0.23,59.88,-32.35,-86.0
worker 1,2026-07-27 13:17:33.722,-0.39,0.29,0.2,26.73,-34.67,-16.97
worker 1,2026-07-27 13:17:33.724,-0.39,0.29,0.2,26.73,-34.67,-16.97
worker 1,2026-07-27 13:17:33.724,-0.25,0.37,1.21,-7.57,-3.11,24.41
worker 1,2026-07-27 13:17:33.725,-0.25,0.37,1.21,-7.57,-3.11,24.41
worker 1,2026-07-27 13:17:33.725,0.05,0.37,2.2,-35.64,58.9,25.82
worker 1,2026-07-27 13:17:33.725,0.05,0.38,2.21,-39.31,45.72,-5.31
worker 1,2026-07-27 13:17:33.726,-0.09,0.28,1.5,-24.54,-32.53,-26.37
worker 1,2026-07-27 13:17:33.728,-0.09,0.28,1.5,-24.54,-32.53,-26.37
worker 1,2026-07-27 13:17:33.729,0.04,0.03,0.96,-39.43,-52.92,-3.05
worker 1,2026-07-27 13:17:33.729,0.24,-0.16,0.67,-72.69,-31.19,15.93
worker 1,2026-07-27 13:17:33.730,0.23,-0.15,0.43,-70.13,-15.99,-6.65
worker 1,2026-07-27 13:17:35.402,0.23,-0.15,0.43,-70.13,-15.99,-6.65
worker 1,2026-07-27 13:17:35.770,0.15,0.02,0.39,-26.12,3.91,-39.0
worker 1,2026-07-27 13:17:35.772,0.15,0.02,0.39,-26.12,3.91,-39.0
worker 1,2026-07-27 13:17:35.772,0.16,0.17,0.67,26.18,32.17,-40.59
worker 1,2026-07-27 13:17:35.772,0.24,0.15,1.12,61.28,50.78,-4.15
worker 1,2026-07-27 13:17:37.023,0.24,0.15,1.12,53.47,45.9,44.19
worker 1,2026-07-27 13:17:37.024,0.34,0.05,1.55,53.47,45.9,44.19
worker 1,2026-07-27 13:17:37.033,0.36,0.05,1.73,6.77,14.83,60.42
worker 1,2026-07-27 13:17:37.034,0.36,0.05,1.73,6.77,14.83,60.42
worker 1,2026-07-27 13:17:37.034,0.29,0.08,1.5,-28.63,-23.74,40.41
worker 1,2026-07-27 13:17:37.034,0.21,0.07,1.03,-27.47,-40.16,23.62
worker 1,2026-07-27 13:17:37.034,0.18,0.0,0.6,-14.53,-31.01,25.63
worker 1,2026-07-27 13:17:37.035,0.18,0.0,0.6,-11.78,-17.15,32.17
worker 1,2026-07-27 13:17:37.035,0.14,-0.07,0.35,-11.78,-17.15,32.17
worker 1,2026-07-27 13:17:37.035,0.06,-0.1,0.32,-16.97,-12.94,34.73
worker 1,2026-07-27 13:17:37.035,-0.06,-0.17,0.54,-23.07,-19.41,40.41
worker 1,2026-07-27 13:17:37.035,-0.15,-0.3,1.02,-24.66,-23.07,49.5
worker 1,2026-07-27 13:17:37.037,-0.18,-0.36,1.51,-10.68,-4.46,44.68
worker 1,2026-07-27 13:17:37.450,-0.11,-0.37,1.77,10.62,28.26,29.79
worker 1,2026-07-27 13:17:37.450,-0.11,-0.37,1.77,13.12,34.85,16.48
worker 1,2026-07-27 13:17:37.450,0.03,-0.39,1.66,13.12,34.85,16.48
worker 1,2026-07-27 13:17:37.450,0.08,-0.34,1.15,8.48,8.0,-13.37
worker 1,2026-07-27 13:17:37.451,0.01,-0.22,0.58,16.05,-16.85,-50.84
worker 1,2026-07-27 13:17:37.451,-0.05,-0.13,0.28,24.23,-13.85,-61.58
worker 1,2026-07-27 13:17:37.451,-0.04,-0.11,0.34,24.9,11.47,-45.65
worker 1,2026-07-27 13:17:37.451,-0.04,-0.11,0.34,20.94,34.48,-17.94
worker 1,2026-07-27 13:17:37.451,-0.03,-0.12,0.62,20.94,34.48,-17.94
worker 1,2026-07-27 13:17:37.452,0.03,-0.22,1.14,14.34,47.3,22.22
worker 1,2026-07-27 13:17:37.453,0.03,-0.22,1.14,14.34,47.3,22.22
worker 1,2026-07-27 13:17:37.453,0.14,-0.37,1.64,7.75,42.6,62.81
worker 1,2026-07-27 13:17:37.454,0.14,-0.37,1.64,7.75,42.6,62.81
worker 1,2026-07-27 13:17:37.455,0.19,-0.4,1.74,1.46,10.93,67.44
worker 1,2026-07-27 13:17:37.507,0.22,-0.35,1.48,-6.59,-18.19,40.53
worker 1,2026-07-27 13:17:37.512,0.22,-0.35,1.48,-6.59,-18.19,40.53
worker 1,2026-07-27 13:17:37.512,0.2,-0.3,1.05,-18.43,-28.5,14.71
worker 1,2026-07-27 13:17:37.512,0.11,-0.2,0.48,-23.07,-35.89,-0.73
worker 1,2026-07-27 13:17:37.512,0.03,-0.08,-0.01,-14.28,-37.84,-2.69
worker 1,2026-07-27 13:17:37.512,-0.01,0.04,-0.1,-16.36,-31.98,9.22
worker 1,2026-07-27 13:17:37.512,-0.08,0.08,0.51,-21.48,-21.73,28.02
worker 1,2026-07-27 13:17:37.512,-0.2,0.1,1.52,34.73,25.02,44.98
worker 1,2026-07-27 13:17:37.512,-0.35,0.3,2.18,99.18,66.1,2.69
worker 1,2026-07-27 13:17:37.512,-0.35,0.3,2.18,52.8,21.67,-77.88
worker 1,2026-07-27 13:17:37.515,-0.35,0.4,2.07,52.8,21.67,-77.88
worker 1,2026-07-27 13:17:37.515,-0.1,0.19,1.35,-44.31,-39.79,-87.59
worker 1,2026-07-27 13:17:37.561,-0.1,0.19,1.35,-44.31,-39.79,-87.59
worker 1,2026-07-27 13:17:37.562,0.13,0.0,0.65,-89.29,-41.63,-39.43
worker 1,2026-07-27 13:17:37.563,-0.04,-0.43,1.26,-56.64,28.75,-23.56
worker 1,2026-07-27 13:17:37.564,0.04,-0.43,1.04,-36.87,26.73,-26.73
worker 1,2026-07-27 13:17:37.573,0.04,-0.43,1.04,-13.43,25.45,-34.61
worker 1,2026-07-27 13:17:37.574,0.06,-0.39,0.79,-13.43,25.45,-34.61
worker 1,2026-07-27 13:17:37.574,0.06,-0.36,0.67,-3.78,26.18,-41.02
worker 1,2026-07-27 13:17:37.574,0.09,-0.44,0.86,25.39,15.62,-95.64
worker 1,2026-07-27 13:17:37.574,-0.05,-0.37,1.01,11.6,33.69,-100.34
worker 1,2026-07-27 13:17:37.750,-0.05,-0.35,1.1,-7.87,41.02,-78.74
worker 1,2026-07-27 13:17:37.751,-0.05,-0.35,1.1,-12.15,26.18,-48.28
worker 1,2026-07-27 13:17:37.751,0.01,-0.35,1.0,-12.15,26.18,-48.28
worker 1,2026-07-27 13:17:37.752,0.04,-0.34,0.88,-8.18,9.4,-28.14
worker 1,2026-07-27 13:17:37.752,0.03,-0.3,0.88,-10.07,12.21,-25.76
worker 1,2026-07-27 13:17:37.752,0.02,-0.28,0.96,-18.37,23.93,-31.25
worker 1,2026-07-27 13:17:37.752,0.01,-0.32,1.01,-21.36,32.1,-39.25
worker 1,2026-07-27 13:17:37.752,0.01,-0.32,1.01,-10.01,36.19,-50.48
worker 1,2026-07-27 13:17:37.752,-0.02,-0.33,1.01,-10.01,36.19,-50.48
worker 1,2026-07-27 13:17:37.752,-0.04,-0.29,1.01,7.2,36.62,-60.61
worker 1,2026-07-27 13:17:37.753,-0.04,-0.29,1.01,7.2,36.62,-60.61
worker 1,2026-07-27 13:17:37.753,-0.07,-0.23,1.0,18.98,34.12,-67.08
worker 1,2026-07-27 13:17:37.753,-0.09,-0.18,0.98,24.9,27.77,-70.19
worker 1,2026-07-27 13:17:37.754,-0.1,-0.15,0.94,24.23,20.94,-68.12
worker 1,2026-07-27 13:17:37.754,-0.1,-0.17,0.91,16.66,18.37,-61.65
worker 1,2026-07-27 13:17:37.754,-0.1,-0.21,0.9,8.06,18.8,-55.05
worker 1,2026-07-27 13:17:37.754,-0.09,-0.25,0.91,1.4,20.94,-53.47
worker 1,2026-07-27 13:17:38.230,-0.09,-0.25,0.91,1.4,20.94,-53.47
worker 1,2026-07-27 13:17:38.232,-0.06,-0.27,0.93,-0.98,22.22,-56.95
worker 1,2026-07-27 13:17:38.232,-0.06,-0.27,0.93,4.64,17.46,-58.9
worker 1,2026-07-27 13:17:38.232,0.04,-0.3,0.97,4.64,17.46,-58.9
worker 1,2026-07-27 13:17:38.232,0.09,-0.38,1.05,13.79,10.8,-64.39
worker 1,2026-07-27 13:17:38.232,-0.01,-0.46,1.19,13.18,18.55,-93.14
worker 1,2026-07-27 13:17:38.232,-0.15,-0.38,1.23,9.16,39.92,-141.91
worker 1,2026-07-27 13:17:38.404,-0.17,-0.25,0.99,14.04,47.36,-159.12
worker 1,2026-07-27 13:17:38.404,-0.04,-0.28,0.7,11.41,26.86,-115.48
worker 1,2026-07-27 13:17:38.415,-0.04,-0.28,0.7,11.41,26.86,-115.48
worker 1,2026-07-27 13:17:38.415,0.09,-0.37,0.63,-5.92,4.39,-66.53
worker 1,2026-07-27 13:17:38.416,0.09,-0.37,0.63,-5.92,4.39,-66.53
worker 1,2026-07-27 13:17:38.416,0.11,-0.39,0.78,-19.53,5.98,-68.79
worker 1,2026-07-27 13:17:38.416,0.06,-0.34,0.95,-18.01,20.69,-107.54
worker 1,2026-07-27 13:17:38.417,0.01,-0.25,0.98,-4.27,30.64,-143.49
worker 1,2026-07-27 13:17:38.417,0.01,-0.15,0.89,11.47,33.14,-159.24
worker 1,2026-07-27 13:17:38.417,0.05,-0.04,0.79,23.68,35.1,-157.41
worker 1,2026-07-27 13:17:38.418,0.12,0.05,0.79,33.63,43.64,-146.91
worker 1,2026-07-27 13:17:38.418,0.21,0.04,0.95,37.35,53.04,-128.23
worker 1,2026-07-27 13:17:38.418,0.28,-0.08,1.16,29.72,45.65,-96.13
worker 1,2026-07-27 13:17:38.419,0.28,-0.08,1.16,29.72,45.65,-96.13
worker 1,2026-07-27 13:17:38.419,0.31,-0.23,1.2,16.54,16.42,-58.11
worker 1,2026-07-27 13:17:38.420,0.27,-0.35,1.07,6.16,-14.34,-32.35
worker 1,2026-07-27 13:17:38.463,0.19,-0.37,0.99,-2.69,-24.23,-29.72
worker 1,2026-07-27 13:17:38.524,0.15,-0.14,1.07,-5.31,-2.87,-61.28
worker 1,2026-07-27 13:17:38.586,0.18,-0.06,1.02,-0.31,-4.03,-62.01
worker 1,2026-07-27 13:17:38.655,0.12,-0.02,0.99,-4.33,-10.62,-55.97
worker 1,2026-07-27 13:17:38.655,0.01,0.02,0.99,-13.31,-15.56,-49.68
worker 1,2026-07-27 13:17:38.655,-0.05,0.05,1.0,-18.19,-13.92,-43.27
worker 1,2026-07-27 13:17:38.771,-0.05,0.05,1.0,-18.19,-13.92,-43.27
worker 1,2026-07-27 13:17:38.882,-0.05,0.06,0.99,-16.97,-6.1,-34.91
worker 1,2026-07-27 13:17:38.882,-0.05,0.06,0.99,-14.59,1.95,-22.52
worker 1,2026-07-27 13:17:38.886,0.01,0.04,0.97,-14.59,1.95,-22.52
worker 1,2026-07-27 13:17:38.886,0.07,0.03,0.94,-13.67,5.98,-10.19
worker 1,2026-07-27 13:17:38.887,0.07,0.03,0.94,-13.67,5.98,-10.19
worker 1,2026-07-27 13:17:38.887,0.11,0.01,0.92,-14.04,6.04,-2.44
worker 1,2026-07-27 13:17:38.887,0.14,-0.0,0.92,-14.65,4.76,0.67
worker 1,2026-07-27 13:17:38.888,0.15,-0.03,0.94,-13.92,3.3,0.43
worker 1,2026-07-27 13:17:39.126,0.16,-0.08,0.98,-12.76,1.89,-2.87
worker 1,2026-07-27 13:17:39.126,0.15,-0.12,1.01,-11.47,1.59,-8.06
worker 1,2026-07-27 13:17:39.127,0.15,-0.16,1.02,-8.06,1.77,-12.15
worker 1,2026-07-27 13:17:39.127,0.14,-0.2,0.98,-4.76,1.22,-15.93
worker 1,2026-07-27 13:17:39.127,0.14,-0.22,0.97,-5.92,1.22,-20.02
worker 1,2026-07-27 13:17:39.127,0.17,-0.25,0.99,-11.6,1.1,-20.94
worker 1,2026-07-27 13:17:39.128,0.17,-0.25,0.99,-11.6,1.1,-20.94
worker 1,2026-07-27 13:17:39.484,0.19,-0.3,1.05,-18.01,2.32,-21.0
worker 1,2026-07-27 13:17:39.484,0.22,-0.31,1.18,-24.48,8.85,-28.75
worker 1,2026-07-27 13:17:39.485,0.22,-0.31,1.18,-24.48,8.85,-28.75
worker 1,2026-07-27 13:17:39.485,0.21,-0.24,1.18,-23.01,8.61,-38.94
worker 1,2026-07-27 13:17:39.485,0.18,-0.22,0.98,-10.13,-12.33,-33.51
worker 1,2026-07-27 13:17:39.485,0.25,-0.3,0.93,-9.52,-36.38,-17.7
worker 1,2026-07-27 13:17:39.488,0.25,-0.3,0.93,-9.52,-36.38,-17.7
worker 1,2026-07-27 13:17:39.488,0.42,-0.35,1.09,-20.87,-44.49,-16.85
worker 1,2026-07-27 13:17:39.489,0.42,-0.35,1.09,-20.87,-44.49,-16.85
worker 1,2026-07-27 13:17:39.493,0.65,-0.34,1.23,-21.36,-50.96,-30.82
worker 1,2026-07-27 13:17:39.493,0.96,-0.4,1.34,-21.79,-84.84,-30.58
worker 1,2026-07-27 13:17:39.494,1.26,-0.53,1.39,-27.83,-146.3,-14.22
worker 1,2026-07-27 13:17:39.542,1.4,-0.57,1.38,-23.56,-204.16,-12.08
worker 1,2026-07-27 13:17:39.544,1.4,-0.57,1.38,-23.56,-204.16,-12.08
worker 1,2026-07-27 13:17:39.604,1.3,-0.48,1.32,-13.98,-242.92,-28.99
worker 1,2026-07-27 13:17:39.605,0.9,-0.37,1.19,-37.66,-298.58,-43.52
worker 1,2026-07-27 13:17:40.502,0.17,-0.41,1.25,-107.85,-404.48,-66.47
worker 1,2026-07-27 13:17:40.505,0.17,-0.41,1.25,-107.85,-404.48,-66.47
worker 1,2026-07-27 13:17:40.506,-1.19,-0.79,1.9,-191.96,-530.33,-146.2
worker 1,2026-07-27 13:17:40.506,-3.01,-0.87,2.93,-244.32,-555.48,-318.3
worker 1,2026-07-27 13:17:40.508,-3.01,-0.87,2.93,-244.32,-555.48,-318.3
worker 1,2026-07-27 13:17:40.508,-4.0,0.03,3.5,-178.89,-344.18,-449.65
worker 1,2026-07-27 13:17:40.508,-4.0,-0.19,3.68,30.52,72.51,-182.68
worker 1,2026-07-27 13:17:40.508,-2.73,-2.37,3.92,283.39,627.08,425.54
worker 1,2026-07-27 13:17:40.508,1.05,-3.81,3.99,374.08,1029.17,751.16
worker 1,2026-07-27 13:17:40.516,1.05,-3.81,3.99,268.31,802.18,552.19
worker 1,2026-07-27 13:17:40.516,3.49,-3.31,2.94,268.31,802.18,552.19
worker 1,2026-07-27 13:17:40.516,3.17,-2.21,1.2,125.49,211.79,164.0
worker 1,2026-07-27 13:17:40.516,2.18,-1.41,0.43,3.54,-132.32,-91.67
worker 1,2026-07-27 13:17:40.517,2.18,-1.41,0.43,3.54,-132.32,-91.67
worker 1,2026-07-27 13:17:40.517,1.36,-0.78,0.74,-71.11,-168.95,-157.9
worker 1,2026-07-27 13:17:40.517,1.36,-0.78,0.74,-82.4,-83.37,-137.15
worker 1,2026-07-27 13:17:40.517,0.71,-0.5,1.42,-82.4,-83.37,-137.15
worker 1,2026-07-27 13:17:40.517,0.19,-0.55,1.66,-35.89,-9.28,-89.54
worker 1,2026-07-27 13:17:40.517,-0.05,-0.66,1.33,16.66,-2.75,-24.17
worker 1,2026-07-27 13:17:40.518,0.05,-0.71,0.99,2.32,-17.64,11.23
worker 1,2026-07-27 13:17:40.518,0.23,-0.75,0.84,-49.8,-3.17,0.98
worker 1,2026-07-27 13:17:40.518,0.37,-0.7,0.74,-61.65,31.31,-11.23
worker 1,2026-07-27 13:17:40.518,0.46,-0.59,0.65,-38.82,56.15,-1.53
worker 1,2026-07-27 13:17:40.570,0.46,-0.59,0.65,-38.82,56.15,-1.53
worker 1,2026-07-27 13:17:40.570,0.52,-0.52,0.58,-23.32,52.55,16.11
worker 1,2026-07-27 13:17:40.571,0.53,-0.47,0.51,-18.43,31.31,23.25
worker 1,2026-07-27 13:17:40.571,0.52,-0.46,0.5,-22.16,12.02,18.62
worker 1,2026-07-27 13:17:40.572,0.51,-0.48,0.55,-28.44,1.04,6.53
worker 1,2026-07-27 13:17:40.572,0.52,-0.5,0.62,-25.88,-2.44,-7.39
worker 1,2026-07-27 13:17:40.578,0.54,-0.55,0.71,-20.51,2.2,-17.52
worker 1,2026-07-27 13:17:41.342,0.54,-0.55,0.71,-20.51,2.2,-17.52
worker 1,2026-07-27 13:17:41.342,0.54,-0.64,0.82,-20.02,12.02,-24.11
worker 1,2026-07-27 13:17:41.348,0.54,-0.64,0.82,-20.02,12.02,-24.11
worker 1,2026-07-27 13:17:41.349,0.54,-0.73,0.93,-19.29,31.25,-26.37
worker 1,2026-07-27 13:17:41.350,0.54,-0.82,1.02,-19.29,59.14,-24.35
worker 1,2026-07-27 13:17:41.351,0.54,-0.82,1.02,-19.29,59.14,-24.35
worker 1,2026-07-27 13:17:41.351,0.59,-0.88,1.06,-11.9,82.89,-21.85
worker 1,2026-07-27 13:17:41.351,0.65,-0.86,1.11,19.84,102.91,-18.8
worker 1,2026-07-27 13:17:41.352,0.65,-0.86,1.11,19.84,102.91,-18.8
worker 1,2026-07-27 13:17:41.352,0.66,-0.8,1.17,51.39,97.17,-16.11
worker 1,2026-07-27 13:17:41.352,0.61,-0.8,1.2,43.46,56.52,-15.5
worker 1,2026-07-27 13:17:41.354,0.61,-0.8,1.2,43.46,56.52,-15.5
worker 1,2026-07-27 13:17:41.354,0.42,-0.85,1.17,11.05,14.1,-17.33
worker 1,2026-07-27 13:17:41.355,0.19,-0.91,1.08,-20.75,-27.59,-26.25
worker 1,2026-07-27 13:17:41.355,-0.0,-0.89,0.93,-27.83,-65.19,-39.92
worker 1,2026-07-27 13:17:41.355,-0.1,-0.74,0.72,-0.55,-88.5,-54.75
worker 1,2026-07-27 13:17:41.356,-0.03,-0.58,0.58,12.63,-111.63,-70.25
worker 1,2026-07-27 13:17:41.356,0.17,-0.47,0.52,11.96,-143.07,-79.41
worker 1,2026-07-27 13:17:41.357,0.17,-0.47,0.52,11.96,-143.07,-79.41
worker 1,2026-07-27 13:17:41.361,0.45,-0.34,0.54,66.16,-188.54,-78.74
worker 1,2026-07-27 13:17:41.365,0.66,-0.1,0.59,165.34,-227.11,-63.6
worker 1,2026-07-27 13:17:41.365,0.69,0.02,0.54,172.55,-213.75,-26.55
worker 1,2026-07-27 13:17:41.365,0.63,-0.09,0.42,73.97,-163.21,7.81
worker 1,2026-07-27 13:17:41.365,0.58,-0.17,0.28,-4.7,-125.85,8.3
worker 1,2026-07-27 13:17:41.366,0.55,-0.16,0.17,-30.52,-113.04,-13.61
worker 1,2026-07-27 13:17:41.366,0.56,-0.11,0.06,-30.94,-113.53,-30.46
worker 1,2026-07-27 13:17:41.405,0.56,-0.11,0.06,-30.94,-113.53,-30.46
worker 1,2026-07-27 13:17:41.589,0.57,-0.05,-0.05,-21.36,-111.76,-33.87
worker 1,2026-07-27 13:17:41.598,0.57,-0.05,-0.05,-21.36,-111.76,-33.87
worker 1,2026-07-27 13:17:41.599,0.6,-0.02,-0.14,-5.13,-95.89,-24.84
worker 1,2026-07-27 13:17:41.599,0.6,-0.02,-0.14,10.62,-71.35,-10.07
worker 1,2026-07-27 13:17:41.599,0.66,-0.01,-0.2,10.62,-71.35,-10.07
worker 1,2026-07-27 13:17:41.599,0.74,0.02,-0.25,18.43,-48.95,-2.62
worker 1,2026-07-27 13:17:41.599,0.81,0.02,-0.25,16.6,-30.76,-2.69
worker 1,2026-07-27 13:17:41.826,0.88,-0.01,-0.24,12.33,-16.85,-3.3
worker 1,2026-07-27 13:17:41.830,0.92,-0.07,-0.23,11.35,-7.45,-2.62
worker 1,2026-07-27 13:17:41.831,0.94,-0.14,-0.21,11.11,-0.37,-2.2
worker 1,2026-07-27 13:17:41.831,0.95,-0.17,-0.17,10.38,4.52,-2.44
worker 1,2026-07-27 13:17:42.184,0.98,-0.17,-0.15,9.83,8.3,-1.95
worker 1,2026-07-27 13:17:42.185,1.04,-0.13,-0.16,10.31,12.02,1.28
worker 1,2026-07-27 13:17:42.186,1.04,-0.13,-0.16,10.31,12.02,1.28
worker 1,2026-07-27 13:17:42.199,1.07,-0.08,-0.23,12.7,17.58,9.22
worker 1,2026-07-27 13:17:42.204,1.07,-0.08,-0.23,13.79,29.79,22.83
worker 1,2026-07-27 13:17:42.204,0.99,-0.13,-0.25,13.79,29.79,22.83
worker 1,2026-07-27 13:17:42.205,0.81,-0.29,-0.16,10.25,46.69,40.59
worker 1,2026-07-27 13:17:42.205,0.6,-0.38,0.06,16.17,75.13,57.74
worker 1,2026-07-27 13:17:42.205,0.54,-0.44,0.42,33.81,124.27,77.09
worker 1,2026-07-27 13:17:42.205,0.77,-0.56,0.74,39.98,156.19,99.0
worker 1,2026-07-27 13:17:42.205,1.1,-0.58,0.9,40.95,146.91,101.14
worker 1,2026-07-27 13:17:42.205,1.23,-0.57,0.94,41.08,123.29,77.03
worker 1,2026-07-27 13:17:42.206,1.15,-0.49,0.93,40.28,112.85,34.48
worker 1,2026-07-27 13:17:42.304,0.93,-0.36,0.98,42.11,129.94,-12.21
worker 1,2026-07-27 13:17:42.305,0.71,-0.26,1.01,32.65,145.39,-30.03
worker 1,2026-07-27 13:17:42.305,0.49,-0.18,0.91,20.57,136.23,-12.39
worker 1,2026-07-27 13:17:42.783,0.31,-0.14,0.73,18.31,123.47,17.15
worker 1,2026-07-27 13:17:42.783,0.23,-0.18,0.53,17.94,111.21,43.7
worker 1,2026-07-27 13:17:42.783,0.35,-0.32,0.42,5.74,79.9,66.83
worker 1,2026-07-27 13:17:42.785,0.35,-0.32,0.42,5.74,79.9,66.83
worker 1,2026-07-27 13:17:42.785,0.57,-0.45,0.41,-2.75,42.36,74.58
worker 1,2026-07-27 13:17:42.790,0.67,-0.47,0.52,11.96,34.61,50.6
worker 1,2026-07-27 13:17:42.791,0.6,-0.46,0.7,29.91,44.56,5.92
worker 1,2026-07-27 13:17:42.791,0.6,-0.46,0.7,28.14,33.57,-28.32
worker 1,2026-07-27 13:17:42.791,0.45,-0.48,0.82,28.14,33.57,-28.32
worker 1,2026-07-27 13:17:42.791,0.4,-0.58,0.9,4.82,-1.4,-37.35
worker 1,2026-07-27 13:17:42.792,0.4,-0.58,0.9,4.82,-1.4,-37.35
worker 1,2026-07-27 13:17:42.792,0.46,-0.7,0.94,-23.74,-29.6,-35.58
worker 1,2026-07-27 13:17:42.792,0.52,-0.73,0.82,-34.73,-35.52,-36.32
worker 1,2026-07-27 13:17:42.792,0.52,-0.65,0.58,-29.79,-32.35,-38.02
worker 1,2026-07-27 13:17:42.793,0.46,-0.5,0.48,-24.96,-19.9,-43.15
worker 1,2026-07-27 13:17:42.794,0.46,-0.5,0.48,-24.96,-19.9,-43.15
worker 1,2026-07-27 13:17:43.083,0.36,-0.32,0.55,-22.89,5.98,-50.96
worker 1,2026-07-27 13:17:43.083,0.29,-0.17,0.65,-19.71,27.89,-49.99
worker 1,2026-07-27 13:17:43.084,0.29,-0.12,0.69,-14.53,34.73,-35.4
worker 1,2026-07-27 13:17:43.084,0.39,-0.18,0.73,-10.25,32.1,-12.94
worker 1,2026-07-27 13:17:43.085,0.39,-0.18,0.73,-10.25,32.1,-12.94
worker 1,2026-07-27 13:17:43.085,0.52,-0.28,0.81,-8.24,31.98,3.91
worker 1,2026-07-27 13:17:43.086,0.52,-0.28,0.81,-8.24,31.98,3.91
worker 1,2026-07-27 13:17:43.086,0.6,-0.36,0.91,-2.81,36.87,7.26
worker 1,2026-07-27 13:17:43.087,0.6,-0.36,0.91,-2.81,36.87,7.26
worker 1,2026-07-27 13:17:43.087,0.62,-0.44,1.0,2.81,33.26,4.52
worker 1,2026-07-27 13:17:43.092,0.62,-0.55,1.13,-4.7,19.84,0.61
worker 1,2026-07-27 13:17:43.145,0.62,-0.55,1.13,-4.7,19.84,0.61
worker 1,2026-07-27 13:17:43.145,0.54,-0.61,1.17,-19.29,10.62,-7.81
worker 1,2026-07-27 13:17:43.263,0.42,-0.51,0.97,-15.62,-0.92,-14.34
worker 1,2026-07-27 13:17:43.263,0.35,-0.37,0.7,3.23,-23.8,-11.72
worker 1,2026-07-27 13:17:43.264,0.32,-0.27,0.62,12.63,-40.65,-7.51
worker 1,2026-07-27 13:17:43.504,0.31,-0.21,0.73,10.56,-40.22,-5.92
worker 1,2026-07-27 13:17:43.504,0.32,-0.25,0.93,3.72,-34.67,-1.22
worker 1,2026-07-27 13:17:43.509,0.32,-0.25,0.93,3.72,-34.67,-1.22
worker 1,2026-07-27 13:17:43.510,0.35,-0.38,1.13,-7.2,-36.44,6.41
worker 1,2026-07-27 13:17:43.510,0.36,-0.49,1.13,-12.63,-46.2,8.79
worker 1,2026-07-27 13:17:43.511,0.35,-0.46,0.9,-0.92,-57.43,4.33
worker 1,2026-07-27 13:17:43.511,0.35,-0.36,0.68,15.56,-59.02,-1.65
worker 1,2026-07-27 13:17:43.623,0.37,-0.29,0.62,21.24,-47.36,-6.29
worker 1,2026-07-27 13:17:43.626,0.37,-0.29,0.62,21.24,-47.36,-6.29
worker 1,2026-07-27 13:17:43.626,0.41,-0.28,0.65,18.37,-32.9,-8.18
worker 1,2026-07-27 13:17:43.628,0.41,-0.28,0.65,18.37,-32.9,-8.18
worker 1,2026-07-27 13:17:43.628,0.46,-0.32,0.7,12.63,-25.27,-8.0
worker 1,2026-07-27 13:17:43.748,0.46,-0.32,0.7,12.63,-25.27,-8.0
worker 1,2026-07-27 13:17:43.749,0.5,-0.36,0.74,7.2,-22.09,-8.79
worker 1,2026-07-27 13:17:44.168,0.51,-0.38,0.79,4.03,-15.69,-12.08
worker 1,2026-07-27 13:17:44.168,0.51,-0.36,0.81,4.21,-4.27,-16.11
worker 1,2026-07-27 13:17:44.169,0.53,-0.33,0.82,5.43,6.04,-16.66
worker 1,2026-07-27 13:17:44.171,0.53,-0.33,0.82,5.43,6.04,-16.66
worker 1,2026-07-27 13:17:44.171,0.56,-0.31,0.84,3.91,11.05,-11.96
worker 1,2026-07-27 13:17:44.172,0.56,-0.31,0.84,3.91,11.05,-11.96
worker 1,2026-07-27 13:17:44.172,0.55,-0.28,0.89,3.85,20.02,-7.32
worker 1,2026-07-27 13:17:44.172,0.44,-0.18,0.91,14.77,39.55,-5.13
worker 1,2026-07-27 13:17:44.173,0.33,-0.09,0.83,34.73,50.23,3.17
worker 1,2026-07-27 13:17:44.173,0.36,-0.17,0.72,45.9,33.39,21.06
worker 1,2026-07-27 13:17:44.173,0.5,-0.42,0.74,42.72,9.09,34.85
worker 1,2026-07-27 13:17:44.173,0.61,-0.6,0.8,41.26,8.73,28.99
worker 1,2026-07-27 13:17:44.174,0.61,-0.55,0.77,48.16,27.28,6.96
worker 1,2026-07-27 13:17:44.174,0.54,-0.37,0.7,51.82,41.69,-15.5
worker 1,2026-07-27 13:17:44.175,0.54,-0.37,0.7,51.82,41.69,-15.5
worker 1,2026-07-27 13:17:44.175,0.46,-0.21,0.7,45.17,46.39,-27.4
worker 1,2026-07-27 13:17:44.345,0.46,-0.21,0.7,45.17,46.39,-27.4
worker 1,2026-07-27 13:17:44.346,0.41,-0.14,0.76,35.58,45.96,-23.32
worker 1,2026-07-27 13:17:44.346,0.39,-0.1,0.83,39.31,40.71,-2.01
worker 1,2026-07-27 13:17:44.486,0.39,-0.1,0.83,39.31,40.71,-2.01
worker 1,2026-07-27 13:17:44.486,0.41,-0.06,0.85,55.48,32.71,24.11
worker 1,2026-07-27 13:17:44.487,0.44,-0.02,0.86,55.97,28.63,34.36
worker 1,2026-07-27 13:17:44.487,0.44,-0.02,0.86,28.38,28.32,23.62
worker 1,2026-07-27 13:17:44.487,0.44,-0.02,0.86,-12.82,26.98,4.03
worker 1,2026-07-27 13:17:44.487,0.43,-0.03,0.89,-12.82,26.98,4.03
worker 1,2026-07-27 13:17:44.487,0.38,-0.09,0.96,-53.34,25.63,-12.45
worker 1,2026-07-27 13:17:45.125,0.32,-0.2,1.12,-77.64,26.37,-16.66
worker 1,2026-07-27 13:17:45.906,0.32,-0.2,1.12,-77.64,26.37,-16.66
worker 1,2026-07-27 13:17:46.203,0.25,-0.3,1.33,-82.28,29.48,-9.09
worker 1,2026-07-27 13:17:46.205,0.2,-0.31,1.3,-63.84,17.03,1.71
worker 1,2026-07-27 13:17:46.206,0.24,-0.23,0.98,-25.02,-25.76,15.26
worker 1,2026-07-27 13:17:46.224,0.24,-0.23,0.98,-25.02,-25.76,15.26
worker 1,2026-07-27 13:17:46.225,0.34,-0.19,0.69,-1.65,-71.96,28.69
worker 1,2026-07-27 13:17:46.863,0.34,-0.19,0.69,-1.65,-71.96,28.69
worker 1,2026-07-27 13:17:46.863,0.45,-0.27,0.62,-14.4,-96.01,33.39
worker 1,2026-07-27 13:17:46.864,0.45,-0.27,0.62,-14.4,-96.01,33.39
worker 1,2026-07-27 13:17:46.879,0.55,-0.47,0.84,-54.69,-98.08,23.13
worker 1,2026-07-27 13:17:46.880,0.56,-0.65,1.12,-89.6,-84.11,-5.37
worker 1,2026-07-27 13:17:46.880,0.47,-0.62,1.12,-79.83,-65.73,-39.0
worker 1,2026-07-27 13:17:46.880,0.36,-0.45,0.88,-36.62,-51.88,-60.12
worker 1,2026-07-27 13:17:46.881,0.36,-0.45,0.88,-5.0,-43.09,-66.35
worker 1,2026-07-27 13:17:46.881,0.32,-0.28,0.68,-5.0,-43.09,-66.35
worker 1,2026-07-27 13:17:46.881,0.35,-0.22,0.65,-0.37,-35.95,-62.68
worker 1,2026-07-27 13:17:46.882,0.35,-0.22,0.65,-0.37,-35.95,-62.68
worker 1,2026-07-27 13:17:46.882,0.42,-0.22,0.72,-7.63,-27.53,-54.5
worker 1,2026-07-27 13:17:46.882,0.5,-0.25,0.79,-12.45,-20.14,-45.53
worker 1,2026-07-27 13:17:46.882,0.57,-0.27,0.79,-11.6,-16.48,-37.78
worker 1,2026-07-27 13:17:46.882,0.57,-0.27,0.79,-9.46,-16.78,-31.68
worker 1,2026-07-27 13:17:46.883,0.62,-0.26,0.71,-9.46,-16.78,-31.68
worker 1,2026-07-27 13:17:46.883,0.67,-0.24,0.58,-12.45,-22.52,-27.34
worker 1,2026-07-27 13:17:46.883,0.81,-0.36,0.5,-24.23,-39.0,-30.21
worker 1,2026-07-27 13:17:46.884,0.81,-0.36,0.5,-24.23,-39.0,-30.21
worker 1,2026-07-27 13:17:46.884,1.04,-0.53,0.52,-20.51,-90.21,-58.23
worker 1,2026-07-27 13:17:46.884,0.99,-0.4,0.55,19.65,-194.4,-99.06
worker 1,2026-07-27 13:17:46.885,0.27,-0.31,0.48,39.61,-306.46,-135.62
worker 1,2026-07-27 13:17:46.885,-1.51,-0.64,0.42,-18.31,-384.95,-216.49
worker 1,2026-07-27 13:17:46.886,-1.51,-0.64,0.42,-18.31,-384.95,-216.49
worker 1,2026-07-27 13:17:46.890,-3.51,-0.07,0.2,-96.5,-376.4,-330.26
worker 1,2026-07-27 13:17:46.890,-4.0,0.21,1.05,-140.38,-87.04,-130.07
worker 1,2026-07-27 13:17:46.891,-4.0,0.21,1.05,-140.38,-87.04,-130.07
worker 1,2026-07-27 13:17:46.891,-3.15,-1.78,3.07,-83.31,435.36,538.76
worker 1,2026-07-27 13:17:46.891,0.28,-3.8,4.0,68.18,732.91,952.21
worker 1,2026-07-27 13:17:46.891,2.75,-3.7,3.88,133.48,537.84,679.44
worker 1,2026-07-27 13:17:46.891,2.5,-2.58,2.62,72.02,161.32,184.94
worker 1,2026-07-27 13:17:46.891,1.09,-1.83,1.5,8.67,-39.92,-99.37
worker 1,2026-07-27 13:17:46.892,-0.07,-1.43,1.02,6.47,-61.58,-130.62
worker 1,2026-07-27 13:17:46.892,-0.52,-1.42,1.18,21.42,6.16,-60.24
worker 1,2026-07-27 13:17:46.893,-0.34,-1.57,1.48,8.85,95.28,11.23
worker 1,2026-07-27 13:17:46.893,-0.07,-1.53,1.63,-25.88,167.6,39.73
worker 1,2026-07-27 13:17:46.893,-0.02,-1.29,1.46,-69.03,172.79,27.34
worker 1,2026-07-27 13:17:46.893,-0.1,-1.07,1.08,-106.63,97.11,11.29
worker 1,2026-07-27 13:17:46.926,-0.1,-1.07,1.08,-106.63,97.11,11.29
worker 1,2026-07-27 13:17:46.927,-0.15,-0.94,0.68,-123.35,5.07,6.29
worker 1,2026-07-27 13:17:46.927,0.06,-0.18,0.51,14.22,-26.18,81.3
worker 1,2026-07-27 13:17:46.927,0.21,-0.15,0.46,13.79,-29.66,84.78
worker 1,2026-07-27 13:17:46.927,0.21,-0.15,0.46,36.25,-33.45,64.58
worker 1,2026-07-27 13:17:46.927,0.25,-0.13,0.51,36.25,-33.45,64.58
worker 1,2026-07-27 13:17:46.927,0.14,-0.16,0.59,85.82,-12.76,34.61
worker 1,2026-07-27 13:17:46.928,-0.04,-0.38,0.95,-24.11,-28.2,33.33
worker 1,2026-07-27 13:17:47.531,-0.05,-0.36,0.92,3.17,-12.63,28.32
worker 1,2026-07-27 13:17:47.532,-0.12,-0.3,0.87,27.71,20.45,22.03
worker 1,2026-07-27 13:17:47.532,-0.19,-0.25,0.86,31.49,44.43,13.73
worker 1,2026-07-27 13:17:47.532,-0.21,-0.21,0.86,25.88,47.55,5.68
worker 1,2026-07-27 13:17:47.532,-0.23,-0.17,0.87,23.8,42.85,3.66
worker 1,2026-07-27 13:17:47.532,-0.25,-0.18,0.91,12.82,29.91,3.23
worker 1,2026-07-27 13:17:48.122,-0.25,-0.18,0.91,12.82,29.91,3.23
worker 1,2026-07-27 13:17:48.544,-0.29,-0.2,1.01,-6.96,14.28,0.98
worker 1,2026-07-27 13:17:48.545,-0.35,-0.19,1.09,-17.64,7.63,1.83
worker 1,2026-07-27 13:17:48.545,-0.36,-0.18,1.07,-17.03,1.46,13.37
worker 1,2026-07-27 13:17:48.546,-0.31,-0.2,0.97,-12.88,-10.74,34.06
worker 1,2026-07-27 13:17:48.553,-0.31,-0.2,0.97,-12.88,-10.74,34.06
worker 1,2026-07-27 13:17:48.554,-0.27,-0.19,0.89,-9.52,-21.18,50.17
worker 1,2026-07-27 13:17:48.555,-0.27,-0.14,0.87,-11.66,-26.37,56.82
worker 1,2026-07-27 13:17:48.555,-0.29,-0.1,0.87,-20.26,-30.64,65.0
worker 1,2026-07-27 13:17:48.555,-0.3,-0.13,0.94,-36.38,-37.35,79.22
worker 1,2026-07-27 13:17:48.556,-0.3,-0.13,0.94,-36.38,-37.35,79.22
worker 1,2026-07-27 13:17:48.556,-0.3,-0.19,1.04,-53.59,-45.65,90.88
worker 1,2026-07-27 13:17:48.556,-0.3,-0.22,1.07,-56.52,-54.02,94.24
worker 1,2026-07-27 13:17:48.557,-0.27,-0.2,0.98,-44.19,-63.05,92.22
worker 1,2026-07-27 13:17:48.557,-0.25,-0.19,0.87,-33.26,-69.52,87.95
worker 1,2026-07-27 13:17:48.557,-0.25,-0.22,0.87,-34.91,-69.58,80.44
worker 1,2026-07-27 13:17:48.558,-0.25,-0.22,0.87,-34.91,-69.58,80.44
worker 1,2026-07-27 13:17:48.562,-0.27,-0.29,0.93,-42.24,-66.83,67.69
worker 1,2026-07-27 13:17:48.563,-0.29,-0.34,0.96,-42.18,-64.76,49.8
worker 1,2026-07-27 13:17:48.563,-0.3,-0.36,0.91,-31.07,-61.16,29.42
worker 1,2026-07-27 13:17:48.564,-0.29,-0.35,0.8,-15.81,-52.19,8.79
worker 1,2026-07-27 13:17:48.564,-0.28,-0.3,0.73,-2.69,-34.42,-9.46
worker 1,2026-07-27 13:17:48.564,-0.29,-0.29,0.77,1.4,-9.83,-19.47
worker 1,2026-07-27 13:17:48.565,-0.31,-0.39,0.97,-10.13,14.71,-19.59
worker 1,2026-07-27 13:17:48.565,-0.27,-0.42,1.15,-18.43,27.16,-11.17
worker 1,2026-07-27 13:17:48.565,-0.27,-0.42,1.15,4.09,10.01,13.98
worker 1,2026-07-27 13:17:48.567,-0.16,-0.33,1.06,4.09,10.01,13.98
worker 1,2026-07-27 13:17:48.567,-0.05,-0.35,0.78,34.12,-37.41,61.4
worker 1,2026-07-27 13:17:48.570,-0.05,-0.35,0.78,34.12,-37.41,61.4
worker 1,2026-07-27 13:17:48.570,0.02,-0.51,0.61,30.15,-79.04,101.07
worker 1,2026-07-27 13:17:48.571,0.02,-0.51,0.61,30.15,-79.04,101.07
worker 1,2026-07-27 13:17:48.577,0.03,-0.57,0.7,8.97,-68.42,96.37
worker 1,2026-07-27 13:17:48.581,0.03,-0.57,0.7,8.97,-68.42,96.37
worker 1,2026-07-27 13:17:48.581,-0.02,-0.47,0.86,10.13,-13.61,60.91
worker 1,2026-07-27 13:17:48.582,-0.04,-0.37,0.91,19.04,24.54,36.99
worker 1,2026-07-27 13:17:48.582,-0.02,-0.38,0.89,7.45,21.0,36.93
worker 1,2026-07-27 13:17:48.582,-0.0,-0.41,0.86,-11.05,4.58,41.44
worker 1,2026-07-27 13:17:48.583,-0.02,-0.44,0.88,-23.93,-4.94,37.35
worker 1,2026-07-27 13:17:48.583,-0.04,-0.46,0.9,-37.48,-13.67,26.43
worker 1,2026-07-27 13:17:48.583,-0.02,-0.51,0.9,-50.84,-27.77,16.66
worker 1,2026-07-27 13:17:48.604,0.13,-0.78,1.06,-80.63,-53.34,8.97
worker 1,2026-07-27 13:17:48.782,0.13,-0.78,1.06,-80.63,-53.34,8.97
worker 1,2026-07-27 13:17:48.783,0.17,-0.83,1.15,-91.86,-62.01,-7.57
worker 1,2026-07-27 13:17:48.783,0.17,-0.73,1.04,-75.87,-78.25,-29.54
worker 1,2026-07-27 13:17:48.785,0.21,-0.63,0.83,-46.57,-93.51,-41.93
worker 1,2026-07-27 13:17:48.786,0.21,-0.63,0.83,-46.57,-93.51,-41.93
worker 1,2026-07-27 13:17:48.787,0.23,-0.68,0.73,-36.99,-88.81,-35.64
worker 1,2026-07-27 13:17:48.788,0.17,-0.71,0.7,-33.26,-69.21,-17.46
worker 1,2026-07-27 13:17:48.799,0.17,-0.71,0.7,-33.26,-69.21,-17.46
worker 1,2026-07-27 13:17:48.799,0.12,-0.68,0.65,-25.02,-58.53,-3.11
worker 1,2026-07-27 13:17:48.801,0.12,-0.68,0.65,-25.02,-58.53,-3.11
worker 1,2026-07-27 13:17:49.444,0.1,-0.59,0.56,-12.76,-65.0,-2.14
worker 1,2026-07-27 13:17:49.445,0.07,-0.46,0.49,0.43,-68.6,-4.46
worker 1,2026-07-27 13:17:49.446,0.01,-0.43,0.47,-14.89,-56.82,8.73
worker 1,2026-07-27 13:17:49.446,-0.0,-0.57,0.51,-56.58,-46.63,32.65
worker 1,2026-07-27 13:17:49.447,-0.0,-0.57,0.51,-56.58,-46.63,32.65
worker 1,2026-07-27 13:17:49.447,0.04,-0.75,0.57,-83.44,-36.01,49.5
worker 1,2026-07-27 13:17:49.449,0.04,-0.75,0.57,-83.44,-36.01,49.5
worker 1,2026-07-27 13:17:49.449,0.1,-0.8,0.63,-70.8,-16.66,49.74
worker 1,2026-07-27 13:17:49.450,0.17,-0.73,0.62,-38.51,1.59,40.83
worker 1,2026-07-27 13:17:49.624,0.22,-0.63,0.58,-13.98,16.17,32.65
worker 1,2026-07-27 13:17:49.625,0.22,-0.63,0.58,-13.98,16.17,32.65
worker 1,2026-07-27 13:17:49.687,0.28,-0.57,0.57,1.89,49.99,36.99
worker 1,2026-07-27 13:17:49.687,0.16,-0.59,0.61,-3.3,129.76,83.44
worker 1,2026-07-27 13:17:49.688,0.16,-0.59,0.61,-3.3,129.76,83.44
worker 1,2026-07-27 13:17:49.688,-0.41,-0.91,0.6,-92.77,181.15,144.23
worker 1,2026-07-27 13:17:49.743,-0.41,-0.91,0.6,-46.63,77.27,80.08
worker 1,2026-07-27 13:17:49.744,-0.38,-0.96,0.56,-46.63,77.27,80.08
worker 1,2026-07-27 13:17:49.989,-0.27,-0.92,0.5,5.25,-11.11,35.03
worker 1,2026-07-27 13:17:49.990,-0.27,-0.92,0.5,5.25,-11.11,35.03
worker 1,2026-07-27 13:17:49.990,-0.2,-0.89,0.42,11.11,-48.22,31.86
worker 1,2026-07-27 13:17:49.992,-0.18,-0.89,0.35,-14.16,-60.36,45.78
worker 1,2026-07-27 13:17:49.993,-0.18,-0.89,0.35,-14.16,-60.36,45.78
worker 1,2026-07-27 13:17:49.994,-0.19,-0.89,0.28,-40.77,-73.18,55.66
worker 1,2026-07-27 13:17:49.994,-0.26,-0.89,0.19,-59.27,-73.73,61.46
worker 1,2026-07-27 13:17:49.994,-0.36,-0.88,0.13,-52.12,-54.57,62.19
worker 1,2026-07-27 13:17:49.994,-0.44,-0.97,0.18,-9.09,-20.69,44.56
worker 1,2026-07-27 13:17:49.994,-0.49,-1.04,0.38,53.1,21.48,7.63
worker 1,2026-07-27 13:17:49.994,-0.38,-0.76,0.56,129.64,24.11,-40.65
worker 1,2026-07-27 13:17:49.994,-0.18,-0.48,0.57,152.71,-21.85,-65.49
worker 1,2026-07-27 13:17:49.994,-0.14,-0.64,0.57,75.01,-42.66,-38.27
worker 1,2026-07-27 13:17:50.287,-0.21,-0.82,0.74,27.83,-18.25,-1.28
worker 1,2026-07-27 13:17:50.288,-0.27,-0.68,0.83,65.43,6.96,11.05
worker 1,2026-07-27 13:17:50.288,-0.29,-0.55,0.74,91.31,-12.33,26.49
worker 1,2026-07-27 13:17:50.288,-0.23,-0.57,0.68,93.2,-68.54,59.51
worker 1,2026-07-27 13:17:50.288,-0.19,-0.51,0.7,140.08,-67.44,91.43
worker 1,2026-07-27 13:17:50.288,-0.22,-0.34,0.75,199.46,3.97,98.02
worker 1,2026-07-27 13:17:50.522,-0.22,-0.34,0.75,199.46,3.97,98.02
worker 1,2026-07-27 13:17:50.705,-0.27,-0.21,0.81,172.67,49.93,78.8
worker 1,2026-07-27 13:17:50.705,-0.31,-0.16,0.86,83.98,40.53,58.53
worker 1,2026-07-27 13:17:50.706,-0.31,-0.16,0.86,83.98,40.53,58.53
worker 1,2026-07-27 13:17:50.706,-0.37,-0.16,0.94,4.39,12.88,51.64
worker 1,2026-07-27 13:17:50.886,-0.37,-0.16,0.94,4.39,12.88,51.64
worker 1,2026-07-27 13:17:50.886,-0.47,-0.18,1.07,-44.37,-6.16,54.32
worker 1,2026-07-27 13:17:50.887,-0.47,-0.18,1.07,-44.37,-6.16,54.32
worker 1,2026-07-27 13:17:50.887,-0.53,-0.18,1.16,-54.26,-17.21,55.6
worker 1,2026-07-27 13:17:50.887,-0.49,-0.13,1.1,-37.29,-25.27,57.19
worker 1,2026-07-27 13:17:50.887,-0.42,-0.1,0.94,-27.28,-27.59,63.42
worker 1,2026-07-27 13:17:50.888,-0.37,-0.08,0.81,-37.6,-27.65,70.43
worker 1,2026-07-27 13:17:50.888,-0.35,-0.05,0.74,-51.51,-27.65,75.87
worker 1,2026-07-27 13:17:50.889,-0.38,-0.04,0.77,-62.93,-25.21,80.2
worker 1,2026-07-27 13:17:50.889,-0.43,-0.06,0.91,-77.76,-19.04,80.87
worker 1,2026-07-27 13:17:50.890,-0.43,-0.06,0.91,-77.76,-19.04,80.87
worker 1,2026-07-27 13:17:50.890,-0.45,-0.09,1.03,-88.44,-14.77,75.01
worker 1,2026-07-27 13:17:50.893,-0.45,-0.09,1.03,-88.44,-14.77,75.01
worker 1,2026-07-27 13:17:50.893,-0.39,-0.08,1.0,-82.09,-18.49,63.05
worker 1,2026-07-27 13:17:50.893,-0.31,-0.04,0.9,-62.19,-25.27,50.42
worker 1,2026-07-27 13:17:50.894,-0.31,-0.04,0.9,-62.19,-25.27,50.42
worker 1,2026-07-27 13:17:50.894,-0.26,-0.01,0.87,-44.68,-27.1,41.2
worker 1,2026-07-27 13:17:50.895,-0.29,-0.02,0.94,-35.34,-24.78,34.06
worker 1,2026-07-27 13:17:50.895,-0.35,-0.05,1.0,-28.75,-23.32,27.83
worker 1,2026-07-27 13:17:50.896,-0.35,-0.05,1.0,-28.75,-23.32,27.83
worker 1,2026-07-27 13:17:50.900,-0.41,-0.08,0.98,-20.14,-25.63,22.52
worker 1,2026-07-27 13:17:51.067,-0.41,-0.08,0.98,-20.14,-25.63,22.52
worker 1,2026-07-27 13:17:51.067,-0.43,-0.1,0.88,-10.01,-29.85,17.76
worker 1,2026-07-27 13:17:51.068,-0.43,-0.1,0.88,-1.46,-29.66,15.14
worker 1,2026-07-27 13:17:51.068,-0.4,-0.1,0.76,-1.46,-29.66,15.14
worker 1,2026-07-27 13:17:51.069,-0.38,-0.13,0.77,2.62,-19.17,16.11
worker 1,2026-07-27 13:17:51.083,-0.38,-0.13,0.77,2.62,-19.17,16.11
worker 1,2026-07-27 13:17:51.083,-0.4,-0.19,0.93,5.62,0.61,15.75
worker 1,2026-07-27 13:17:51.084,-0.41,-0.18,1.05,21.0,15.5,11.35
worker 1,2026-07-27 13:17:51.085,-0.38,-0.13,1.0,42.79,10.74,15.5
worker 1,2026-07-27 13:17:51.086,-0.39,-0.19,0.87,37.54,-11.66,39.73
worker 1,2026-07-27 13:17:51.087,-0.44,-0.36,0.82,1.28,-32.1,70.25
worker 1,2026-07-27 13:17:51.087,-0.41,-0.5,0.88,-23.74,-35.83,81.91
worker 1,2026-07-27 13:17:51.122,-0.3,-0.58,0.94,-18.62,-31.56,70.68
worker 1,2026-07-27 13:17:51.123,-0.23,-0.57,0.91,-13.61,-33.81,51.33
worker 1,2026-07-27 13:17:51.302,-0.23,-0.57,0.91,-13.61,-33.81,51.33
worker 1,2026-07-27 13:17:51.302,-0.27,-0.33,0.82,-12.94,-37.17,31.98
worker 1,2026-07-27 13:17:51.303,-0.27,-0.33,0.82,-12.94,-37.17,31.98
worker 1,2026-07-27 13:17:51.303,-0.37,0.0,0.78,-1.95,-29.54,23.68
worker 1,2026-07-27 13:17:51.304,-0.37,0.0,0.78,-1.95,-29.54,23.68
worker 1,2026-07-27 13:17:51.306,-0.44,0.13,0.81,-0.31,-15.14,39.92
worker 1,2026-07-27 13:17:51.306,-0.42,-0.01,0.86,-18.19,-4.88,68.73
worker 1,2026-07-27 13:17:51.426,-0.34,-0.2,0.91,-33.87,-1.46,81.79
worker 1,2026-07-27 13:17:51.601,-0.26,-0.31,0.91,-33.63,-4.64,65.06
worker 1,2026-07-27 13:17:51.603,-0.26,-0.31,0.91,-33.63,-4.64,65.06
worker 1,2026-07-27 13:17:51.605,-0.19,-0.32,0.93,-20.63,-13.85,11.11
worker 1,2026-07-27 13:17:51.613,-0.19,-0.32,0.93,-20.63,-13.85,11.11
worker 1,2026-07-27 13:17:51.613,-0.11,-0.24,1.0,21.3,-25.94,-79.28
worker 1,2026-07-27 13:17:51.613,-0.07,-0.19,1.04,71.72,-23.32,-172.55
worker 1,2026-07-27 13:17:51.614,-0.1,-0.2,1.07,87.46,-16.36,-232.48
worker 1,2026-07-27 13:17:51.614,-0.21,-0.15,1.1,90.52,-39.61,-200.62
worker 1,2026-07-27 13:17:51.614,-0.3,0.02,1.11,108.15,-79.04,-63.6
worker 1,2026-07-27 13:17:52.093,-0.25,0.18,1.07,111.27,-92.16,90.03
worker 1,2026-07-27 13:17:52.098,-0.25,0.18,1.07,111.27,-92.16,90.03
worker 1,2026-07-27 13:17:52.098,-0.12,0.22,0.97,80.08,-43.27,182.13
worker 1,2026-07-27 13:17:53.943,-0.12,0.22,0.97,80.08,-43.27,182.13
worker 1,2026-07-27 13:17:54.122,-0.11,0.17,0.87,49.44,22.16,160.83
worker 1,2026-07-27 13:17:54.123,-0.11,0.17,0.87,49.44,22.16,160.83
worker 1,2026-07-27 13:17:54.123,-0.12,0.12,0.94,20.57,29.54,73.36
worker 1,2026-07-27 13:17:54.123,-0.13,0.17,1.01,-2.75,25.45,23.13
worker 1,2026-07-27 13:17:54.124,-0.13,0.17,1.01,-2.75,25.45,23.13
worker 1,2026-07-27 13:17:54.125,-0.21,0.27,0.88,2.99,53.41,32.17
worker 1,2026-07-27 13:17:54.126,-0.2,0.28,0.79,7.02,62.44,81.73
worker 1,2026-07-27 13:17:54.128,-0.2,0.28,0.79,7.02,62.44,81.73
worker 1,2026-07-27 13:17:54.128,-0.06,0.21,0.87,-5.68,34.18,133.36
worker 1,2026-07-27 13:17:54.154,-0.06,0.21,0.87,-14.28,1.1,143.92
worker 1,2026-07-27 13:17:54.154,0.07,0.17,0.97,-14.28,1.1,143.92
worker 1,2026-07-27 13:17:54.190,0.08,0.19,0.98,-12.15,-18.92,108.76
worker 1,2026-07-27 13:17:54.190,0.07,0.23,0.97,-8.73,-23.62,60.3
worker 1,2026-07-27 13:17:54.190,0.12,0.25,1.01,-11.96,-22.77,20.69
worker 1,2026-07-27 13:17:54.191,0.12,0.25,1.01,-11.96,-22.77,20.69
worker 1,2026-07-27 13:17:54.191,0.13,0.28,1.11,-16.11,-30.4,-8.54
worker 1,2026-07-27 13:31:03.120,0.02,0.0,0.99,0.24,-0.24,-0.31
worker 1,2026-07-27 13:31:03.120,-0.27,-0.05,0.97,11.84,-11.6,-15.87
worker 1,2026-07-27 13:31:03.121,-0.24,-0.05,0.95,-0.98,-31.01,-12.15
worker 1,2026-07-27 13:31:03.122,-0.22,-0.05,0.94,-5.98,-35.58,-5.07
worker 1,2026-07-27 13:31:03.241,-0.22,-0.05,0.94,-5.98,-35.58,-5.07
worker 1,2026-07-27 13:31:03.242,-0.19,-0.06,0.95,-9.28,-40.77,-2.01
worker 1,2026-07-27 13:31:03.242,-0.15,-0.08,0.96,-12.76,-47.85,-2.69
worker 1,2026-07-27 13:31:03.243,-0.15,-0.08,0.96,-12.76,-47.85,-2.69
worker 1,2026-07-27 13:31:03.243,-0.13,-0.1,0.98,-12.02,-42.91,-2.44
worker 1,2026-07-27 13:31:03.244,-0.13,-0.1,0.98,-12.02,-42.91,-2.44
worker 1,2026-07-27 13:31:03.666,-0.12,-0.1,0.99,-6.35,-28.02,-0.67
worker 1,2026-07-27 13:31:03.668,-0.12,-0.1,0.99,-6.35,-28.02,-0.67
worker 1,2026-07-27 13:31:03.668,-0.1,-0.1,0.99,-0.49,-20.57,1.53
worker 1,2026-07-27 13:31:03.668,-0.09,-0.09,0.98,0.85,-21.91,3.23
worker 1,2026-07-27 13:31:03.668,-0.08,-0.09,0.98,-1.4,-21.42,2.75
worker 1,2026-07-27 13:31:03.668,-0.07,-0.1,0.99,-4.27,-14.47,0.61
worker 1,2026-07-27 13:31:03.669,-0.07,-0.1,0.99,-4.27,-14.47,0.61
worker 1,2026-07-27 13:31:03.669,-0.06,-0.1,0.98,-7.14,-7.02,-0.61
worker 1,2026-07-27 13:31:03.669,-0.06,-0.11,0.98,-11.11,-6.47,2.75
worker 1,2026-07-27 13:31:03.670,-0.05,-0.12,0.98,-17.09,-10.62,5.68
worker 1,2026-07-27 13:31:03.720,-0.05,-0.12,0.98,-21.61,-15.44,4.21
worker 1,2026-07-27 13:31:03.720,-0.04,-0.14,0.99,-21.61,-15.44,4.21
worker 1,2026-07-27 13:31:03.721,-0.03,-0.15,0.98,-19.47,-17.15,2.26
worker 1,2026-07-27 13:31:03.721,-0.02,-0.16,0.98,-15.56,-17.09,1.65
worker 1,2026-07-27 13:31:03.846,-0.0,-0.17,0.97,-17.88,-21.36,0.92
worker 1,2026-07-27 13:31:03.849,-0.0,-0.17,0.97,-17.88,-21.36,0.92
worker 1,2026-07-27 13:31:03.849,0.02,-0.2,0.97,-27.89,-26.43,2.62
worker 1,2026-07-27 13:31:03.852,0.02,-0.23,0.99,-34.06,-21.48,6.96
worker 1,2026-07-27 13:31:03.853,0.02,-0.23,0.99,-34.06,-21.48,6.96
worker 1,2026-07-27 13:31:03.854,0.02,-0.24,0.98,-21.61,-8.12,6.47
worker 1,2026-07-27 13:31:03.900,0.02,-0.23,0.98,-1.83,1.83,2.44
worker 1,2026-07-27 13:31:03.960,0.02,-0.22,0.97,4.94,5.68,0.55
worker 1,2026-07-27 13:31:03.961,0.02,-0.22,0.97,4.94,5.68,0.55
worker 1,2026-07-27 13:31:03.961,0.02,-0.21,0.94,2.2,5.62,2.01
worker 1,2026-07-27 13:31:04.021,0.01,-0.21,0.93,0.37,0.49,4.21
worker 1,2026-07-27 13:31:04.024,0.01,-0.21,0.93,0.37,0.49,4.21
worker 1,2026-07-27 13:31:04.115,0.02,-0.23,0.96,-2.32,-6.59,4.39
worker 1,2026-07-27 13:31:04.127,0.02,-0.23,0.96,-2.32,-6.59,4.39
worker 1,2026-07-27 13:31:04.127,0.02,-0.23,0.98,-4.94,-7.81,3.23
worker 1,2026-07-27 13:31:04.393,0.02,-0.23,0.98,-4.94,-7.81,3.23
worker 1,2026-07-27 13:31:04.449,0.02,-0.23,0.98,-4.64,-2.93,2.08
worker 1,2026-07-27 13:31:04.452,0.02,-0.23,0.98,-4.64,-2.93,2.08
worker 1,2026-07-27 13:31:04.456,0.02,-0.23,0.96,-4.39,1.53,1.34
worker 1,2026-07-27 13:31:04.457,0.02,-0.24,0.95,-4.52,1.4,0.61
worker 1,2026-07-27 13:31:04.457,0.02,-0.23,0.95,-1.95,-2.81,-0.61
worker 1,2026-07-27 13:31:04.457,0.03,-0.24,0.96,0.55,-7.93,-1.77
worker 1,2026-07-27 13:31:04.459,0.03,-0.24,0.96,0.55,-7.93,-1.77
worker 1,2026-07-27 13:31:04.459,0.04,-0.24,0.97,0.85,-11.47,-1.83
worker 1,2026-07-27 13:31:04.460,0.05,-0.23,0.97,2.44,-18.19,-2.14
worker 1,2026-07-27 13:31:04.460,0.07,-0.23,0.97,3.23,-30.76,-3.91
worker 1,2026-07-27 13:31:04.460,0.1,-0.23,0.98,-1.28,-40.04,-5.0
worker 1,2026-07-27 13:31:04.500,0.14,-0.23,0.98,-8.0,-44.25,-6.77
worker 1,2026-07-27 13:31:04.636,0.17,-0.22,0.99,-15.69,-41.26,-11.29
worker 1,2026-07-27 13:31:04.651,0.23,-0.19,1.09,-25.02,-38.7,-21.36
worker 1,2026-07-27 13:31:04.693,0.23,-0.19,1.09,-25.02,-38.7,-21.36
worker 1,2026-07-27 13:31:04.693,0.33,-0.09,1.23,-24.72,-49.56,-43.52
worker 1,2026-07-27 13:31:04.710,0.35,0.07,1.23,-4.58,-47.49,-74.34
worker 1,2026-07-27 13:31:04.920,0.35,0.07,1.23,-4.58,-47.49,-74.34
worker 1,2026-07-27 13:31:04.927,0.3,0.15,1.03,-6.16,-37.23,-112.0
worker 1,2026-07-27 13:31:04.928,0.29,0.08,0.76,-52.73,-46.75,-166.69
worker 1,2026-07-27 13:31:04.928,0.33,-0.07,0.56,-85.75,-23.07,-218.2
worker 1,2026-07-27 13:31:04.928,0.38,-0.2,0.49,-107.67,49.44,-227.36
worker 1,2026-07-27 13:31:04.929,0.38,-0.2,0.49,-107.67,49.44,-227.36
worker 1,2026-07-27 13:31:04.929,0.44,-0.31,0.52,-150.88,86.3,-196.04
worker 1,2026-07-27 13:31:04.930,0.44,-0.31,0.52,-150.88,86.3,-196.04
worker 1,2026-07-27 13:31:04.930,0.52,-0.4,0.62,-174.26,58.41,-158.45
worker 1,2026-07-27 13:31:04.930,0.57,-0.45,0.75,-128.3,24.29,-136.41
worker 1,2026-07-27 13:31:05.088,0.57,-0.42,0.89,-18.62,37.54,-124.51
worker 1,2026-07-27 13:31:05.089,0.51,-0.33,0.98,52.92,81.24,-108.76
worker 1,2026-07-27 13:31:05.103,0.51,-0.33,0.98,52.92,81.24,-108.76
worker 1,2026-07-27 13:31:05.103,0.4,-0.33,0.98,26.0,117.74,-67.69
worker 1,2026-07-27 13:31:05.111,0.31,-0.45,0.88,-53.22,100.77,-7.75
worker 1,2026-07-27 13:31:05.161,0.25,-0.57,0.74,-131.41,26.61,1.65
worker 1,2026-07-27 13:31:05.170,0.25,-0.57,0.74,-131.41,26.61,1.65
worker 1,2026-07-27 13:31:05.172,0.24,-0.61,0.66,-174.56,-39.37,-69.82
worker 1,2026-07-27 13:31:05.261,0.24,-0.61,0.66,-174.56,-39.37,-69.82
worker 1,2026-07-27 13:31:05.261,0.37,-0.62,0.64,-200.44,-27.28,-180.97
worker 1,2026-07-27 13:31:05.359,0.5,-0.6,0.67,-172.06,70.92,-220.7
worker 1,2026-07-27 13:31:05.384,0.5,-0.6,0.67,-172.06,70.92,-220.7
worker 1,2026-07-27 13:31:05.384,0.45,-0.47,0.74,-44.92,122.68,-143.86
worker 1,2026-07-27 13:31:05.385,0.45,-0.47,0.74,-44.92,122.68,-143.86
worker 1,2026-07-27 13:31:05.385,0.38,-0.23,0.71,110.66,60.42,-54.63
worker 1,2026-07-27 13:31:05.529,0.42,-0.02,0.66,186.1,-20.75,-9.03
worker 1,2026-07-27 13:31:05.529,0.51,0.14,0.74,155.94,-46.57,3.54
worker 1,2026-07-27 13:31:05.530,0.51,0.14,0.74,155.94,-46.57,3.54
worker 1,2026-07-27 13:31:05.530,0.6,0.17,0.88,87.4,-27.59,0.37
worker 1,2026-07-27 13:31:05.533,0.6,0.17,0.88,87.4,-27.59,0.37
worker 1,2026-07-27 13:31:05.533,0.68,0.05,1.02,38.76,5.25,-5.19
worker 1,2026-07-27 13:31:05.533,0.71,-0.1,1.09,19.47,30.27,-19.59
worker 1,2026-07-27 13:31:05.661,0.71,-0.1,1.09,19.47,30.27,-19.59
worker 1,2026-07-27 13:31:05.662,0.68,-0.17,1.04,2.44,26.67,-41.56
worker 1,2026-07-27 13:31:05.662,0.59,-0.14,0.9,-24.29,0.06,-61.58
worker 1,2026-07-27 13:31:05.662,0.49,-0.04,0.77,-45.9,-21.61,-70.56
worker 1,2026-07-27 13:31:05.768,0.49,-0.04,0.77,-45.9,-21.61,-70.56
worker 1,2026-07-27 13:31:05.773,0.45,-0.01,0.73,-42.72,-15.26,-60.24
worker 1,2026-07-27 13:31:06.060,0.45,-0.01,0.73,-42.72,-15.26,-60.24
worker 1,2026-07-27 13:31:06.060,0.5,-0.05,0.83,-22.09,21.0,-44.25
worker 1,2026-07-27 13:31:06.062,0.53,-0.08,0.94,2.32,59.57,-38.33
worker 1,2026-07-27 13:31:06.062,0.48,-0.02,0.88,22.34,73.24,-39.12
worker 1,2026-07-27 13:31:06.062,0.38,0.06,0.77,19.47,64.39,-33.81
worker 1,2026-07-27 13:31:06.065,0.38,0.06,0.77,19.47,64.39,-33.81
worker 1,2026-07-27 13:31:06.065,0.32,0.07,0.8,6.04,45.59,-2.38
worker 1,2026-07-27 13:31:06.066,0.32,0.07,0.8,6.04,45.59,-2.38
worker 1,2026-07-27 13:31:06.067,0.35,-0.01,0.87,16.17,14.47,57.62
worker 1,2026-07-27 13:31:06.141,0.38,-0.11,0.93,28.38,-12.94,89.72
worker 1,2026-07-27 13:31:06.155,0.38,-0.11,0.93,28.38,-12.94,89.72
worker 1,2026-07-27 13:31:06.156,0.36,-0.14,0.97,27.28,-12.33,70.5
worker 1,2026-07-27 13:31:06.156,0.38,-0.18,1.02,30.76,6.29,48.52
worker 1,2026-07-27 13:31:06.157,0.38,-0.13,1.15,35.16,36.87,18.49
worker 1,2026-07-27 13:31:06.160,0.38,-0.13,1.15,24.05,48.65,-27.16
worker 1,2026-07-27 13:31:06.170,0.29,0.11,1.18,24.05,48.65,-27.16
worker 1,2026-07-27 13:31:06.244,0.34,0.13,1.14,-17.58,21.24,-23.07
worker 1,2026-07-27 13:31:06.245,0.34,0.13,1.14,-17.58,21.24,-23.07
worker 1,2026-07-27 13:31:06.245,0.45,-0.14,1.2,-47.42,1.28,29.05
worker 1,2026-07-27 13:31:06.246,0.27,-0.27,1.24,-16.36,18.68,47.67
worker 1,2026-07-27 13:31:06.433,0.27,-0.27,1.24,-16.36,18.68,47.67
worker 1,2026-07-27 13:31:06.434,-0.08,-0.23,1.3,39.0,56.21,12.76
worker 1,2026-07-27 13:31:06.434,-0.34,-0.15,1.37,68.18,85.14,-33.75
worker 1,2026-07-27 13:31:06.435,-0.38,-0.04,1.33,74.71,86.12,-62.01
worker 1,2026-07-27 13:31:06.435,-0.28,0.13,1.16,56.88,67.69,-78.0
worker 1,2026-07-27 13:31:06.601,-0.16,0.25,0.98,10.56,59.08,-88.81
worker 1,2026-07-27 13:31:06.609,-0.16,0.25,0.98,-46.45,66.1,-77.82
worker 1,2026-07-27 13:31:06.609,-0.05,0.18,0.88,-46.45,66.1,-77.82
worker 1,2026-07-27 13:31:06.609,0.02,0.04,0.83,-89.29,68.42,-51.76
worker 1,2026-07-27 13:31:06.610,0.02,0.04,0.83,-89.29,68.42,-51.76
worker 1,2026-07-27 13:31:06.610,0.02,-0.05,0.75,-94.79,53.83,-39.31
worker 1,2026-07-27 13:31:06.610,0.0,-0.1,0.67,-75.07,27.83,-43.09
worker 1,2026-07-27 13:31:06.825,0.0,-0.1,0.67,-75.07,27.83,-43.09
worker 1,2026-07-27 13:31:06.831,-0.03,-0.16,0.62,-61.04,2.26,-55.85
worker 1,2026-07-27 13:31:06.832,-0.08,-0.22,0.66,-62.19,-12.27,-76.05
worker 1,2026-07-27 13:31:06.832,-0.12,-0.22,0.75,-58.59,-8.67,-101.56
worker 1,2026-07-27 13:31:06.832,-0.09,-0.13,0.84,-34.12,12.76,-128.78
worker 1,2026-07-27 13:31:06.903,0.01,-0.07,0.93,-2.38,32.53,-138.79
worker 1,2026-07-27 13:31:06.907,0.11,-0.12,1.01,18.8,26.92,-113.77
worker 1,2026-07-27 13:31:06.908,0.17,-0.24,1.04,25.27,-1.83,-72.69
worker 1,2026-07-27 13:31:06.973,0.14,-0.34,1.01,25.7,-30.58,-49.19
worker 1,2026-07-27 13:31:06.978,0.14,-0.34,1.01,25.7,-30.58,-49.19
worker 1,2026-07-27 13:31:07.067,0.05,-0.38,0.94,29.6,-40.41,-51.45
worker 1,2026-07-27 13:31:07.068,-0.05,-0.34,0.84,41.14,-23.93,-68.05
worker 1,2026-07-27 13:31:07.078,-0.05,-0.34,0.84,41.14,-23.93,-68.05
worker 1,2026-07-27 13:31:07.166,-0.11,-0.26,0.73,55.73,5.49,-80.75
worker 1,2026-07-27 13:31:07.167,-0.11,-0.26,0.73,55.73,5.49,-80.75
worker 1,2026-07-27 13:31:07.175,-0.09,-0.18,0.7,60.3,29.17,-75.56
worker 1,2026-07-27 13:31:07.175,-0.09,-0.18,0.7,56.03,46.51,-56.27
worker 1,2026-07-27 13:31:07.175,-0.03,-0.18,0.85,56.03,46.51,-56.27
worker 1,2026-07-27 13:31:07.263,-0.01,-0.34,1.17,46.33,58.96,-27.34
worker 1,2026-07-27 13:31:07.264,-0.01,-0.34,1.17,46.33,58.96,-27.34
worker 1,2026-07-27 13:31:07.265,-0.03,-0.51,1.45,26.18,64.33,0.24
worker 1,2026-07-27 13:31:07.265,-0.08,-0.45,1.41,6.04,53.34,-8.12
worker 1,2026-07-27 13:31:07.922,-0.18,-0.2,1.11,-5.31,19.29,-51.7
worker 1,2026-07-27 13:31:07.924,-0.3,0.05,0.85,-5.92,-4.76,-93.08
worker 1,2026-07-27 13:31:07.925,-0.32,0.2,0.76,0.85,6.41,-109.44
worker 1,2026-07-27 13:31:07.925,-0.26,0.27,0.75,1.53,30.27,-99.37
worker 1,2026-07-27 13:31:08.052,-0.18,0.26,0.81,-8.42,47.61,-73.61
worker 1,2026-07-27 13:31:08.120,-0.18,0.26,0.81,-8.42,47.61,-73.61
worker 1,2026-07-27 13:31:08.120,-0.16,0.17,0.98,-22.77,56.46,-43.52
worker 1,2026-07-27 13:31:08.146,-0.18,0.05,1.16,-34.85,50.9,-19.35
worker 1,2026-07-27 13:31:08.179,-0.23,-0.05,1.21,-37.78,28.87,-5.86
worker 1,2026-07-27 13:31:08.282,-0.23,-0.05,1.21,-37.78,28.87,-5.86
worker 1,2026-07-27 13:31:08.282,-0.29,-0.11,1.12,-28.5,3.91,-4.76
worker 1,2026-07-27 13:31:08.283,-0.29,-0.11,1.12,-28.5,3.91,-4.76
worker 1,2026-07-27 13:31:08.283,-0.3,-0.13,0.94,-17.09,-11.72,-8.0
worker 1,2026-07-27 13:31:08.283,-0.28,-0.13,0.8,-11.41,-13.55,-8.48
worker 1,2026-07-27 13:31:08.283,-0.25,-0.11,0.78,-7.69,-0.18,-8.85
worker 1,2026-07-27 13:31:08.283,-0.2,-0.11,0.86,-4.03,18.13,-4.7
worker 1,2026-07-27 13:31:08.284,-0.2,-0.11,0.86,-4.03,18.13,-4.7
worker 1,2026-07-27 13:31:08.284,-0.13,-0.1,0.93,-4.7,27.89,5.19
worker 1,2026-07-27 13:31:08.287,-0.13,-0.1,0.93,-4.7,27.89,5.19
worker 1,2026-07-27 13:31:08.287,-0.06,-0.05,1.04,-7.45,35.89,8.67
worker 1,2026-07-27 13:31:08.288,0.01,-0.01,1.19,-0.12,49.87,-0.06
worker 1,2026-07-27 13:31:08.289,0.0,-0.06,1.26,15.81,41.5,-4.64
worker 1,2026-07-27 13:31:08.289,-0.09,-0.17,1.16,23.25,-2.75,4.7
worker 1,2026-07-27 13:31:08.290,-0.09,-0.17,1.16,23.25,-2.75,4.7
worker 1,2026-07-27 13:31:08.290,-0.19,-0.29,1.01,14.77,-49.07,20.45
worker 1,2026-07-27 13:31:08.339,-0.26,-0.38,0.88,-5.25,-73.97,37.96
worker 1,2026-07-27 13:31:08.340,-0.26,-0.38,0.88,-5.25,-73.97,37.96
worker 1,2026-07-27 13:31:08.340,-0.31,-0.46,0.82,-25.33,-77.39,50.96
worker 1,2026-07-27 13:31:08.341,-0.36,-0.5,0.85,-31.92,-56.34,45.96
worker 1,2026-07-27 13:31:08.341,-0.33,-0.4,1.0,-21.73,-6.04,14.47
worker 1,2026-07-27 13:31:08.343,-0.33,-0.4,1.0,-21.73,-6.04,14.47
worker 1,2026-07-27 13:31:08.344,-0.24,-0.22,1.08,-8.79,38.94,-20.75
worker 1,2026-07-27 13:31:08.701,-0.21,-0.2,0.99,-10.93,24.84,-19.59
worker 1,2026-07-27 13:31:08.702,-0.25,-0.29,0.85,-21.79,-26.0,0.98
worker 1,2026-07-27 13:31:08.703,-0.31,-0.25,0.78,-6.1,-43.21,-14.77
worker 1,2026-07-27 13:31:08.703,-0.36,-0.06,0.75,45.59,-17.33,-63.11
worker 1,2026-07-27 13:31:08.704,-0.36,-0.06,0.75,45.59,-17.33,-63.11
worker 1,2026-07-27 13:31:08.881,-0.34,0.15,0.73,88.38,10.62,-85.82
worker 1,2026-07-27 13:31:08.881,-0.22,0.24,0.74,85.88,24.6,-47.73
worker 1,2026-07-27 13:31:08.882,-0.22,0.24,0.74,85.88,24.6,-47.73
worker 1,2026-07-27 13:31:08.882,-0.03,0.15,0.77,44.37,38.64,21.18
worker 1,2026-07-27 13:31:08.882,0.13,-0.03,0.86,-17.4,56.09,52.19
worker 1,2026-07-27 13:31:08.883,0.13,-0.03,0.86,-17.4,56.09,52.19
worker 1,2026-07-27 13:31:08.883,0.19,-0.16,0.98,-67.08,54.81,39.92
worker 1,2026-07-27 13:31:08.884,0.19,-0.16,0.98,-67.08,54.81,39.92
worker 1,2026-07-27 13:31:08.884,0.13,-0.27,1.08,-94.06,26.43,32.29
worker 1,2026-07-27 13:31:08.885,0.13,-0.27,1.08,-94.06,26.43,32.29
worker 1,2026-07-27 13:31:08.887,0.01,-0.4,1.12,-120.18,-13.18,29.05
worker 1,2026-07-27 13:31:08.887,0.01,-0.4,1.12,-148.56,-43.21,9.46
worker 1,2026-07-27 13:31:09.125,-0.12,-0.6,1.11,-148.56,-43.21,9.46
worker 1,2026-07-27 13:31:09.126,-0.2,-0.92,1.03,-169.37,-58.96,-29.36
worker 1,2026-07-27 13:31:09.128,-0.2,-0.92,1.03,-169.37,-58.96,-29.36
worker 1,2026-07-27 13:31:09.128,-0.22,-1.16,0.92,-159.61,-61.89,-72.57
worker 1,2026-07-27 13:31:09.128,-0.25,-1.13,0.83,-122.99,-44.62,-99.73
worker 1,2026-07-27 13:31:09.128,-0.27,-0.95,0.76,-97.05,-29.54,-109.07
worker 1,2026-07-27 13:31:09.129,-0.23,-0.77,0.67,-80.75,-36.32,-112.18
worker 1,2026-07-27 13:31:09.129,-0.15,-0.67,0.61,-44.25,-35.1,-108.58
worker 1,2026-07-27 13:31:09.129,-0.05,-0.61,0.6,27.71,7.63,-88.75
worker 1,2026-07-27 13:31:09.129,0.0,-0.54,0.58,94.3,54.93,-55.54
worker 1,2026-07-27 13:31:09.129,0.03,-0.5,0.5,105.16,60.12,-13.37
worker 1,2026-07-27 13:31:09.130,0.03,-0.5,0.41,80.81,34.42,31.19
worker 1,2026-07-27 13:31:09.185,-0.01,-0.54,0.44,61.83,6.84,51.03
worker 1,2026-07-27 13:31:09.190,-0.07,-0.5,0.57,63.29,-3.11,14.53
worker 1,2026-07-27 13:31:09.191,-0.07,-0.5,0.57,63.29,-3.11,14.53
worker 1,2026-07-27 13:31:09.367,-0.1,-0.37,0.75,60.61,12.15,-44.98
worker 1,2026-07-27 13:31:09.368,-0.1,-0.37,0.75,60.61,12.15,-44.98
worker 1,2026-07-27 13:31:09.369,-0.13,-0.32,0.9,30.52,45.29,-66.22
worker 1,2026-07-27 13:31:09.369,-0.14,-0.33,0.96,-11.05,78.86,-45.04
worker 1,2026-07-27 13:31:09.370,-0.14,-0.33,0.96,-45.35,105.04,-9.7
worker 1,2026-07-27 13:31:09.371,-0.21,-0.47,0.95,-45.35,105.04,-9.7
worker 1,2026-07-27 13:31:09.371,-0.28,-0.68,0.93,-67.38,121.46,19.59
worker 1,2026-07-27 13:31:09.480,-0.28,-0.68,0.93,-67.38,121.46,19.59
worker 1,2026-07-27 13:31:09.481,-0.23,-0.79,0.94,-80.02,124.02,31.62
worker 1,2026-07-27 13:31:09.484,-0.15,-0.82,0.92,-78.74,106.69,22.77
worker 1,2026-07-27 13:31:09.665,-0.16,-0.83,0.79,-56.58,67.75,3.85
worker 1,2026-07-27 13:31:09.668,-0.23,-0.75,0.64,-22.64,35.58,-16.85
worker 1,2026-07-27 13:31:09.669,-0.23,-0.75,0.64,-22.64,35.58,-16.85
worker 1,2026-07-27 13:31:09.669,-0.31,-0.54,0.6,16.85,37.48,-32.17
worker 1,2026-07-27 13:31:09.669,-0.35,-0.29,0.63,54.75,53.59,-35.4
worker 1,2026-07-27 13:31:09.780,-0.35,-0.19,0.68,64.58,59.14,-24.05
worker 1,2026-07-27 13:31:09.781,-0.31,-0.29,0.74,44.49,56.82,6.23
worker 1,2026-07-27 13:31:09.782,-0.31,-0.29,0.74,44.49,56.82,6.23
worker 1,2026-07-27 13:31:09.782,-0.26,-0.45,0.79,21.67,48.28,39.86
worker 1,2026-07-27 13:31:09.783,-0.23,-0.58,0.78,13.85,32.9,53.34
worker 1,2026-07-27 13:31:09.844,-0.23,-0.58,0.78,13.85,32.9,53.34
worker 1,2026-07-27 13:31:09.844,-0.27,-0.65,0.74,18.68,19.1,46.57
worker 1,2026-07-27 13:31:09.845,-0.37,-0.7,0.76,17.58,16.54,34.48
worker 1,2026-07-27 13:31:10.510,-0.37,-0.7,0.76,17.58,16.54,34.48
worker 1,2026-07-27 13:31:10.722,-0.43,-0.79,0.87,-1.22,20.69,30.88
worker 1,2026-07-27 13:31:10.771,-0.44,-0.84,0.95,-18.55,21.79,24.78
worker 1,2026-07-27 13:31:10.828,-0.44,-0.84,0.95,-18.55,21.79,24.78
worker 1,2026-07-27 13:31:11.072,-0.44,-0.77,0.96,-13.31,23.32,-1.65
worker 1,2026-07-27 13:31:11.073,-0.44,-0.77,0.96,-5.37,17.88,-27.71
worker 1,2026-07-27 13:31:11.596,-0.36,-0.65,0.93,-5.37,17.88,-27.71
worker 1,2026-07-27 13:31:11.617,-0.3,-0.61,0.89,-15.69,-13.85,-31.01
worker 1,2026-07-27 13:31:11.684,-0.3,-0.61,0.89,-15.69,-13.85,-31.01
worker 1,2026-07-27 13:31:11.685,-0.33,-0.62,0.87,-30.27,-58.47,-26.25
worker 1,2026-07-27 13:31:11.707,-0.33,-0.62,0.87,-30.27,-58.47,-26.25
worker 1,2026-07-27 13:31:11.710,-0.35,-0.59,0.88,-28.2,-82.82,-32.65
worker 1,2026-07-27 13:31:11.873,-0.32,-0.5,0.89,-10.8,-85.45,-44.8
worker 1,2026-07-27 13:31:11.873,-0.26,-0.46,0.87,-2.56,-90.64,-43.4
worker 1,2026-07-27 13:31:11.873,-0.22,-0.48,0.82,-13.06,-105.16,-30.09
worker 1,2026-07-27 13:31:11.874,-0.23,-0.52,0.73,-27.59,-114.69,-25.33
worker 1,2026-07-27 13:31:12.049,-0.23,-0.52,0.73,-27.59,-114.69,-25.33
worker 1,2026-07-27 13:31:12.049,-0.29,-0.51,0.66,-33.75,-109.37,-34.91
worker 1,2026-07-27 13:31:12.083,-0.37,-0.47,0.6,-29.91,-93.99,-44.01
worker 1,2026-07-27 13:31:12.193,-0.37,-0.47,0.6,-29.91,-93.99,-44.01
worker 1,2026-07-27 13:31:12.193,-0.44,-0.43,0.55,-22.77,-76.97,-38.64
worker 1,2026-07-27 13:31:12.194,-0.44,-0.43,0.55,-22.77,-76.97,-38.64
worker 1,2026-07-27 13:31:12.194,-0.5,-0.39,0.51,-15.14,-57.37,-18.07
worker 1,2026-07-27 13:31:12.194,-0.52,-0.4,0.48,-3.91,-27.71,11.84
worker 1,2026-07-27 13:31:12.194,-0.48,-0.51,0.54,4.94,11.41,47.67
worker 1,2026-07-27 13:31:12.194,-0.33,-0.83,0.73,-0.37,46.08,75.32
worker 1,2026-07-27 13:31:12.195,-0.33,-0.83,0.73,-0.37,46.08,75.32
worker 1,2026-07-27 13:31:12.195,-0.07,-1.13,0.97,-13.98,74.4,59.94
worker 1,2026-07-27 13:31:12.215,-0.07,-1.13,0.97,-13.98,74.4,59.94
worker 1,2026-07-27 13:31:12.217,0.17,-1.06,1.14,-1.89,109.01,-3.97
worker 1,2026-07-27 13:31:12.234,0.17,-1.06,1.14,-1.89,109.01,-3.97
worker 1,2026-07-27 13:31:12.256,0.24,-0.81,1.11,34.67,114.2,-58.84
worker 1,2026-07-27 13:31:12.268,0.15,-0.69,0.92,45.72,50.78,-56.4
worker 1,2026-07-27 13:31:12.268,0.15,-0.69,0.92,28.87,-28.02,-26.06
worker 1,2026-07-27 13:31:12.268,0.04,-0.68,0.71,28.87,-28.02,-26.06
worker 1,2026-07-27 13:31:12.268,-0.04,-0.6,0.55,23.44,-52.31,-19.53
worker 1,2026-07-27 13:31:12.268,-0.07,-0.51,0.48,31.43,-28.08,-33.94
worker 1,2026-07-27 13:31:12.268,-0.05,-0.48,0.48,32.78,5.37,-41.75
worker 1,2026-07-27 13:31:12.269,-0.05,-0.48,0.48,32.78,5.37,-41.75
worker 1,2026-07-27 13:31:12.275,-0.07,-0.47,0.54,24.84,29.3,-34.55
worker 1,2026-07-27 13:31:12.275,-0.11,-0.48,0.61,9.95,34.24,-11.9
worker 1,2026-07-27 13:31:12.275,-0.1,-0.57,0.65,-10.25,18.62,21.12
worker 1,2026-07-27 13:31:12.275,-0.02,-0.75,0.72,-31.86,-7.26,36.07
worker 1,2026-07-27 13:31:12.275,0.1,-0.87,0.8,-49.01,-29.42,12.21
worker 1,2026-07-27 13:31:12.275,0.16,-0.88,0.81,-44.86,-34.61,-24.9
worker 1,2026-07-27 13:31:12.275,0.15,-0.81,0.73,-18.74,-21.3,-48.03
worker 1,2026-07-27 13:31:12.529,0.1,-0.7,0.67,6.1,8.36,-61.89
worker 1,2026-07-27 13:31:12.530,0.1,-0.7,0.67,6.1,8.36,-61.89
worker 1,2026-07-27 13:31:12.563,0.06,-0.61,0.74,15.26,47.85,-68.42
worker 1,2026-07-27 13:31:12.564,0.06,-0.61,0.74,15.26,47.85,-68.42
worker 1,2026-07-27 13:31:12.564,0.13,-0.6,0.97,5.62,76.78,-56.64
worker 1,2026-07-27 13:31:12.564,0.25,-0.66,1.17,-8.85,62.44,-28.14
worker 1,2026-07-27 13:31:12.564,0.23,-0.73,1.13,-7.32,-2.87,-0.92
worker 1,2026-07-27 13:31:12.610,0.01,-0.51,0.6,19.41,-84.72,-30.15
worker 1,2026-07-27 13:31:12.613,-0.05,-0.53,0.56,14.1,-63.96,-28.81
worker 1,2026-07-27 13:31:12.614,-0.08,-0.56,0.58,8.18,-33.39,-27.16
worker 1,2026-07-27 13:31:12.618,-0.08,-0.56,0.58,8.18,-33.39,-27.16
worker 1,2026-07-27 13:31:12.618,-0.09,-0.58,0.65,5.92,-0.06,-26.61
worker 1,2026-07-27 13:31:12.661,-0.07,-0.58,0.73,10.86,32.1,-25.94
worker 1,2026-07-27 13:31:12.664,-0.02,-0.55,0.79,18.55,61.1,-21.36
worker 1,2026-07-27 13:31:12.664,0.07,-0.53,0.87,22.09,88.75,-12.94
worker 1,2026-07-27 13:31:12.664,0.29,-0.46,1.09,20.63,142.94,-7.2
worker 1,2026-07-27 13:31:12.664,0.3,-0.55,0.81,-1.59,12.08,2.38
worker 1,2026-07-27 13:31:12.665,0.25,-0.58,0.75,-8.73,-11.78,-6.65
worker 1,2026-07-27 13:31:12.665,0.22,-0.48,0.76,0.18,3.48,-36.5
worker 1,2026-07-27 13:31:12.665,0.17,-0.35,0.8,13.43,24.05,-56.58
worker 1,2026-07-27 13:31:12.666,0.1,-0.28,0.83,13.37,27.04,-45.96
worker 1,2026-07-27 13:31:12.667,0.04,-0.29,0.81,-7.32,15.44,-10.74
worker 1,2026-07-27 13:31:12.668,0.02,-0.38,0.75,-39.86,3.36,29.3
worker 1,2026-07-27 13:31:12.669,0.02,-0.38,0.75,-39.86,3.36,29.3
worker 1,2026-07-27 13:31:12.669,0.04,-0.51,0.71,-68.6,3.17,54.75
worker 1,2026-07-27 13:31:12.670,0.04,-0.51,0.71,-68.6,3.17,54.75
worker 1,2026-07-27 13:31:12.670,-0.0,-0.63,0.74,-80.32,19.04,61.34
worker 1,2026-07-27 13:31:12.673,-0.0,-0.63,0.74,-80.81,37.66,64.27
worker 1,2026-07-27 13:31:12.673,0.02,-0.84,0.8,-80.81,37.66,64.27
worker 1,2026-07-27 13:31:12.673,0.07,-1.15,0.83,-72.57,45.47,81.97
worker 1,2026-07-27 13:31:12.673,-0.11,-1.13,0.84,-37.23,45.17,74.58
worker 1,2026-07-27 13:31:12.789,-0.11,-1.13,0.84,-37.23,45.17,74.58
worker 1,2026-07-27 13:31:12.791,-0.35,-0.75,0.86,8.61,37.6,21.97
worker 1,2026-07-27 13:31:12.792,-0.35,-0.75,0.86,8.61,37.6,21.97
worker 1,2026-07-27 13:31:12.792,-0.41,-0.42,0.82,22.22,6.29,-13.55
worker 1,2026-07-27 13:31:12.792,-0.33,-0.35,0.67,7.51,-42.48,-5.62
worker 1,2026-07-27 13:31:12.840,-0.26,-0.5,0.51,-13.98,-65.49,19.53
worker 1,2026-07-27 13:31:12.843,-0.29,-0.69,0.54,-35.03,-34.73,29.72
worker 1,2026-07-27 13:31:12.843,-0.38,-0.76,0.72,-34.61,39.92,17.03
worker 1,2026-07-27 13:31:12.843,-0.38,-0.76,0.72,-8.54,109.13,0.06
worker 1,2026-07-27 13:31:12.843,-0.45,-0.69,0.76,-8.54,109.13,0.06
worker 1,2026-07-27 13:31:12.843,-0.45,-0.59,0.61,6.77,102.17,-4.03
worker 1,2026-07-27 13:31:12.845,-0.45,-0.59,0.61,6.77,102.17,-4.03
worker 1,2026-07-27 13:31:13.025,-0.37,-0.56,0.48,-7.26,25.45,-0.49
worker 1,2026-07-27 13:31:13.026,-0.37,-0.56,0.48,-7.26,25.45,-0.49
worker 1,2026-07-27 13:31:13.026,-0.31,-0.6,0.45,-16.6,-33.69,-7.08
worker 1,2026-07-27 13:31:13.032,-0.31,-0.6,0.45,-16.6,-33.69,-7.08
worker 1,2026-07-27 13:31:13.032,-0.32,-0.65,0.48,-6.47,-42.11,-20.63
worker 1,2026-07-27 13:31:13.032,-0.36,-0.66,0.55,4.64,-29.54,-23.8
worker 1,2026-07-27 13:31:13.033,-0.36,-0.66,0.55,4.64,-29.54,-23.8
worker 1,2026-07-27 13:31:13.033,-0.4,-0.64,0.66,11.23,-6.65,-19.23
worker 1,2026-07-27 13:31:13.159,-0.4,-0.64,0.66,11.23,-6.65,-19.23
worker 1,2026-07-27 13:31:13.160,-0.4,-0.65,0.76,15.87,27.04,-21.18
worker 1,2026-07-27 13:31:13.160,-0.39,-0.71,0.84,17.94,58.96,-31.13
worker 1,2026-07-27 13:31:13.160,-0.35,-0.78,0.9,18.8,78.12,-39.37
worker 1,2026-07-27 13:31:13.698,-0.35,-0.78,0.9,18.8,78.12,-39.37
worker 1,2026-07-27 13:31:13.698,-0.25,-0.71,0.89,26.06,79.71,-43.27
worker 1,2026-07-27 13:31:13.699,-0.25,-0.71,0.89,26.06,79.71,-43.27
worker 1,2026-07-27 13:31:13.700,-0.17,-0.54,0.73,38.82,58.29,-44.56
worker 1,2026-07-27 13:31:13.703,-0.16,-0.47,0.52,38.76,18.49,-38.82
worker 1,2026-07-27 13:31:13.703,-0.15,-0.66,0.47,22.34,-10.25,-28.08
worker 1,2026-07-27 13:31:13.703,-0.05,-0.94,0.65,19.23,-5.0,-30.4
worker 1,2026-07-27 13:31:13.703,0.03,-0.93,0.78,43.64,9.89,-53.16
worker 1,2026-07-27 13:31:13.703,-0.03,-0.63,0.69,66.35,2.75,-67.63
worker 1,2026-07-27 13:31:13.704,-0.03,-0.63,0.69,60.61,-10.07,-54.93
worker 1,2026-07-27 13:31:13.704,-0.15,-0.39,0.55,60.61,-10.07,-54.93
worker 1,2026-07-27 13:31:13.704,-0.22,-0.36,0.55,38.7,-0.37,-31.74
worker 1,2026-07-27 13:31:13.704,-0.17,-0.43,0.67,22.95,29.24,-15.5
worker 1,2026-07-27 13:31:13.705,-0.17,-0.43,0.67,22.95,29.24,-15.5
worker 1,2026-07-27 13:31:13.705,-0.04,-0.54,0.8,16.24,64.09,-15.26
worker 1,2026-07-27 13:31:13.706,-0.04,-0.54,0.8,16.24,64.09,-15.26
worker 1,2026-07-27 13:31:13.706,0.05,-0.69,0.87,14.1,90.03,-35.89
worker 1,2026-07-27 13:31:13.707,0.13,-0.86,0.95,13.79,83.19,-48.28
worker 1,2026-07-27 13:31:13.740,0.19,-0.96,1.02,18.19,48.95,-25.63
worker 1,2026-07-27 13:31:14.766,-0.01,-0.8,0.94,35.46,25.09,5.68
worker 1,2026-07-27 13:31:14.768,-0.31,-0.48,0.82,48.77,5.92,25.45
worker 1,2026-07-27 13:31:14.768,-0.38,-0.27,0.86,29.66,-33.02,37.6
worker 1,2026-07-27 13:31:14.768,-0.31,-0.29,0.94,-2.81,-73.67,42.79
worker 1,2026-07-27 13:31:14.768,-0.3,-0.39,1.02,-8.18,-78.06,28.56
worker 1,2026-07-27 13:31:14.768,-0.4,-0.23,1.05,41.81,-24.29,-20.08
worker 1,2026-07-27 13:31:14.768,-0.52,0.1,0.95,105.96,38.15,-63.42
worker 1,2026-07-27 13:31:14.827,-0.54,0.23,0.85,100.1,38.76,-49.01
worker 1,2026-07-27 13:31:14.834,-0.54,0.23,0.85,100.1,38.76,-49.01
worker 1,2026-07-27 13:31:14.834,-0.46,0.12,0.82,39.67,-3.78,6.77
worker 1,2026-07-27 13:31:14.835,-0.46,0.12,0.82,39.67,-3.78,6.77
worker 1,2026-07-27 13:31:14.835,-0.36,-0.12,0.83,-9.77,-39.86,62.99
worker 1,2026-07-27 13:31:14.835,-0.27,-0.41,0.86,-34.97,-62.32,99.79
worker 1,2026-07-27 13:31:14.838,-0.16,-0.68,0.91,-42.54,-73.85,106.99
worker 1,2026-07-27 13:31:15.030,-0.16,-0.68,0.91,-42.54,-73.85,106.99
worker 1,2026-07-27 13:31:15.119,-0.04,-0.83,0.92,-41.87,-76.42,81.67
worker 1,2026-07-27 13:31:15.120,0.05,-0.78,0.8,-37.9,-71.59,32.41
worker 1,2026-07-27 13:31:15.121,0.06,-0.6,0.71,-26.43,-44.49,-23.25
worker 1,2026-07-27 13:31:15.122,0.06,-0.6,0.71,-26.43,-44.49,-23.25
worker 1,2026-07-27 13:31:15.122,0.0,-0.47,0.77,-15.2,2.26,-62.87
worker 1,2026-07-27 13:31:15.123,-0.05,-0.49,0.99,-15.44,46.08,-76.48
worker 1,2026-07-27 13:31:15.124,-0.05,-0.49,0.99,-15.44,46.08,-76.48
worker 1,2026-07-27 13:31:15.124,-0.05,-0.46,1.24,-18.49,78.43,-79.65
worker 1,2026-07-27 13:31:15.125,-0.05,-0.46,1.24,-18.49,78.43,-79.65
worker 1,2026-07-27 13:31:15.125,-0.05,-0.3,1.21,-12.94,72.51,-78.43
worker 1,2026-07-27 13:31:15.126,-0.06,-0.29,0.86,-16.54,7.51,-54.99
worker 1,2026-07-27 13:31:15.127,-0.06,-0.29,0.86,-16.54,7.51,-54.99
worker 1,2026-07-27 13:31:15.128,-0.07,-0.52,0.56,-35.22,-60.36,-22.46
worker 1,2026-07-27 13:31:15.128,-0.09,-0.65,0.51,-35.89,-57.19,-25.09
worker 1,2026-07-27 13:31:15.481,-0.12,-0.49,0.62,-9.28,4.46,-63.05
worker 1,2026-07-27 13:31:15.482,-0.12,-0.49,0.62,-9.28,4.46,-63.05
worker 1,2026-07-27 13:31:15.796,-0.12,-0.29,0.72,13.12,53.1,-86.55
worker 1,2026-07-27 13:31:15.803,-0.12,-0.29,0.72,13.12,53.1,-86.55
worker 1,2026-07-27 13:31:16.805,-0.07,-0.23,0.78,14.89,61.04,-69.89
worker 1,2026-07-27 13:31:16.806,0.01,-0.28,0.84,7.57,50.23,-31.74
worker 1,2026-07-27 13:31:16.806,0.01,-0.28,0.84,0.55,36.56,5.07
worker 1,2026-07-27 13:31:16.806,0.08,-0.37,0.87,0.55,36.56,5.07
worker 1,2026-07-27 13:31:16.806,0.13,-0.45,0.87,-1.4,23.5,32.29
worker 1,2026-07-27 13:31:16.983,0.13,-0.45,0.87,-1.4,23.5,32.29
worker 1,2026-07-27 13:31:16.990,0.15,-0.47,0.88,4.21,16.66,50.54
worker 1,2026-07-27 13:31:16.990,0.14,-0.46,0.96,12.51,16.48,59.33
worker 1,2026-07-27 13:31:16.990,0.11,-0.47,1.09,16.48,14.22,58.72
worker 1,2026-07-27 13:31:16.990,0.11,-0.47,1.09,15.32,2.69,51.82
worker 1,2026-07-27 13:31:16.991,0.07,-0.5,1.18,15.32,2.69,51.82
worker 1,2026-07-27 13:31:16.991,-0.02,-0.53,1.22,14.16,-11.54,42.79
worker 1,2026-07-27 13:31:16.991,-0.12,-0.49,1.24,10.31,-18.86,34.18
worker 1,2026-07-27 13:31:16.991,-0.18,-0.36,1.14,0.67,-29.11,28.56
worker 1,2026-07-27 13:31:16.991,-0.18,-0.36,1.14,-6.35,-50.72,30.33
worker 1,2026-07-27 13:31:16.991,-0.18,-0.22,0.88,-6.35,-50.72,30.33
worker 1,2026-07-27 13:31:16.991,-0.17,-0.16,0.69,-10.07,-67.75,38.64
worker 1,2026-07-27 13:31:16.992,-0.17,-0.2,0.77,-15.56,-63.35,45.41
worker 1,2026-07-27 13:31:16.992,-0.17,-0.26,0.98,-18.49,-48.28,44.68
worker 1,2026-07-27 13:31:16.992,-0.17,-0.29,1.04,-15.2,-47.06,39.98
worker 1,2026-07-27 13:31:16.992,-0.17,-0.29,1.04,-10.31,-60.42,37.48
worker 1,2026-07-27 13:31:16.996,-0.17,-0.33,0.94,-10.31,-60.42,37.48
worker 1,2026-07-27 13:31:16.997,-0.17,-0.37,0.8,-8.12,-69.82,35.89
worker 1,2026-07-27 13:31:16.997,-0.18,-0.39,0.7,-7.39,-66.41,31.31
worker 1,2026-07-27 13:31:16.998,-0.19,-0.4,0.64,-5.49,-51.76,25.15
worker 1,2026-07-27 13:31:16.998,-0.2,-0.42,0.65,-2.08,-27.71,20.94
worker 1,2026-07-27 13:31:16.998,-0.21,-0.45,0.7,0.37,0.98,21.24
worker 1,2026-07-27 13:31:16.999,-0.18,-0.5,0.79,-1.59,27.53,25.94
worker 1,2026-07-27 13:31:16.999,-0.1,-0.6,0.92,-10.93,47.24,32.65
worker 1,2026-07-27 13:31:17.000,-0.1,-0.6,0.92,-10.93,47.24,32.65
worker 1,2026-07-27 13:31:17.001,-0.0,-0.75,1.0,-24.11,53.83,35.28
worker 1,2026-07-27 13:31:17.002,-0.0,-0.75,1.0,-24.11,53.83,35.28
worker 1,2026-07-27 13:31:17.002,0.06,-0.86,1.02,-34.48,51.27,25.57
worker 1,2026-07-27 13:31:17.003,0.06,-0.86,1.02,-34.48,51.27,25.57
worker 1,2026-07-27 13:31:17.003,0.1,-0.82,1.07,-33.2,53.47,-1.46
worker 1,2026-07-27 13:31:17.121,0.1,-0.82,1.07,-15.38,43.46,-35.1
worker 1,2026-07-27 13:31:17.523,0.07,-0.68,0.98,-15.38,43.46,-35.1
worker 1,2026-07-27 13:31:17.523,-0.03,-0.63,0.77,-4.15,6.47,-57.25
worker 1,2026-07-27 13:31:17.523,-0.14,-0.65,0.64,-9.03,-18.37,-74.34
worker 1,2026-07-27 13:31:17.524,-0.14,-0.65,0.64,-9.03,-18.37,-74.34
worker 1,2026-07-27 13:31:17.524,-0.2,-0.55,0.64,-1.46,3.42,-102.29
worker 1,2026-07-27 13:31:17.525,-0.22,-0.35,0.69,23.38,46.81,-127.44
worker 1,2026-07-27 13:31:18.660,-0.19,-0.21,0.74,40.41,71.11,-125.24
worker 1,2026-07-27 13:31:18.661,-0.13,-0.17,0.78,40.47,71.66,-96.44
worker 1,2026-07-27 13:31:18.664,-0.13,-0.17,0.78,40.47,71.66,-96.44
worker 1,2026-07-27 13:31:18.664,-0.01,-0.16,1.05,18.25,-36.5,69.46
worker 1,2026-07-27 13:31:18.664,-0.38,-0.5,0.59,-110.9,-5.55,-83.19
worker 1,2026-07-27 13:31:18.668,-0.34,-0.62,0.59,-145.63,8.06,-65.73
worker 1,2026-07-27 13:31:18.669,-0.34,-0.62,0.59,-145.63,8.06,-65.73
worker 1,2026-07-27 13:31:18.669,-0.24,-0.75,0.67,-145.08,29.24,-31.37
worker 1,2026-07-27 13:31:18.669,0.06,-0.91,1.07,-47.61,149.29,-38.15
worker 1,2026-07-27 13:31:18.672,0.09,-0.66,1.09,6.77,195.68,-81.3
worker 1,2026-07-27 13:31:18.673,0.09,-0.66,1.09,6.77,195.68,-81.3
worker 1,2026-07-27 13:31:18.673,-0.0,-0.44,0.91,52.8,185.61,-98.27
worker 1,2026-07-27 13:31:18.673,-0.08,-0.44,0.66,57.5,112.73,-70.56
worker 1,2026-07-27 13:31:18.673,-0.05,-0.56,0.56,38.88,43.7,-28.69
worker 1,2026-07-27 13:31:18.673,-0.02,-0.61,0.6,37.35,31.19,-7.32
worker 1,2026-07-27 13:31:18.674,-0.03,-0.6,0.66,49.32,48.16,-3.72
worker 1,2026-07-27 13:31:19.204,-0.04,-0.64,0.63,43.7,45.23,0.92
worker 1,2026-07-27 13:31:19.207,-0.04,-0.64,0.63,43.7,45.23,0.92
worker 1,2026-07-27 13:31:19.210,0.03,-0.72,0.51,11.05,12.08,11.23
worker 1,2026-07-27 13:31:19.215,0.03,-0.72,0.51,11.05,12.08,11.23
worker 1,2026-07-27 13:31:19.237,0.11,-0.77,0.41,-41.14,-15.93,14.34
worker 1,2026-07-27 13:31:19.238,0.11,-0.77,0.41,-41.14,-15.93,14.34
worker 1,2026-07-27 13:31:19.238,0.07,-0.83,0.43,-97.23,2.14,2.87
worker 1,2026-07-27 13:31:19.238,-0.02,-0.88,0.55,-114.38,46.39,-2.69
worker 1,2026-07-27 13:31:19.238,-0.03,-0.93,0.62,-88.38,68.18,13.18
worker 1,2026-07-27 13:31:19.263,-0.0,-0.98,0.57,-54.87,57.92,33.87
worker 1,2026-07-27 13:31:19.264,-0.0,-0.98,0.57,-54.87,57.92,33.87
worker 1,2026-07-27 13:31:19.264,-0.01,-0.96,0.49,-11.05,30.76,38.09
worker 1,2026-07-27 13:31:19.505,-0.01,-0.96,0.49,-11.05,30.76,38.09
worker 1,2026-07-27 13:31:19.992,-0.17,-0.94,0.46,27.53,12.39,32.78
worker 1,2026-07-27 13:31:20.026,-0.17,-0.94,0.46,27.53,12.39,32.78
worker 1,2026-07-27 13:31:20.027,-0.4,-1.0,0.54,32.35,6.35,33.08
worker 1,2026-07-27 13:31:20.027,-0.55,-1.04,0.6,30.09,-4.03,22.52
worker 1,2026-07-27 13:31:20.028,-0.61,-0.99,0.52,37.66,-27.16,-8.0
worker 1,2026-07-27 13:31:20.028,-0.6,-0.84,0.38,50.29,-59.02,-35.77
worker 1,2026-07-27 13:31:20.029,-0.6,-0.84,0.38,50.29,-59.02,-35.77
worker 1,2026-07-27 13:31:20.286,-0.49,-0.62,0.34,70.43,-91.8,-34.48
worker 1,2026-07-27 13:31:20.287,-0.34,-0.46,0.39,71.35,-95.4,-20.63
worker 1,2026-07-27 13:31:20.287,-0.34,-0.46,0.39,39.73,-51.03,-16.72
worker 1,2026-07-27 13:31:20.287,-0.25,-0.43,0.42,39.73,-51.03,-16.72
worker 1,2026-07-27 13:31:20.289,-0.18,-0.46,0.43,-1.95,0.49,-15.81
worker 1,2026-07-27 13:31:20.290,-0.15,-0.58,0.47,-46.2,34.97,-18.31
worker 1,2026-07-27 13:31:20.290,-0.18,-0.77,0.55,-82.15,56.7,-16.72
worker 1,2026-07-27 13:31:20.291,-0.25,-0.94,0.61,-92.65,68.97,-8.12
worker 1,2026-07-27 13:31:20.291,-0.33,-0.99,0.59,-85.63,71.47,-3.66
worker 1,2026-07-27 13:31:20.291,-0.36,-0.97,0.52,-78.43,66.41,-7.63
worker 1,2026-07-27 13:31:20.293,-0.36,-0.97,0.52,-78.43,66.41,-7.63
worker 1,2026-07-27 13:31:20.293,-0.31,-1.0,0.49,-80.38,60.12,-12.76
worker 1,2026-07-27 13:31:20.293,0.21,-0.8,0.42,57.92,12.08,-36.99
worker 1,2026-07-27 13:31:20.293,0.16,-0.77,0.54,51.03,22.58,-32.59
worker 1,2026-07-27 13:31:20.293,0.16,-0.77,0.54,56.03,28.87,-23.8
worker 1,2026-07-27 13:31:20.293,0.07,-0.86,0.68,56.03,28.87,-23.8
worker 1,2026-07-27 13:31:20.293,-0.04,-0.9,0.73,65.31,28.44,-10.74
worker 1,2026-07-27 13:31:20.294,-0.04,-0.9,0.73,65.31,28.44,-10.74
worker 1,2026-07-27 13:31:20.294,-0.21,-0.92,0.65,66.83,24.05,3.54
worker 1,2026-07-27 13:31:20.294,-0.34,-1.11,0.67,37.84,18.92,18.86
worker 1,2026-07-27 13:31:20.295,-0.35,-1.21,0.82,1.95,8.67,17.7
worker 1,2026-07-27 13:31:20.296,-0.35,-1.21,0.82,1.95,8.67,17.7
worker 1,2026-07-27 13:31:20.298,-0.33,-0.99,0.77,-2.62,-21.67,0.98
worker 1,2026-07-27 13:31:20.299,-0.3,-0.7,0.45,-0.06,-74.65,-5.0
worker 1,2026-07-27 13:31:20.299,-0.24,-0.61,0.22,-15.26,-110.9,2.44
worker 1,2026-07-27 13:31:20.302,-0.19,-0.66,0.22,-26.31,-95.76,5.68
worker 1,2026-07-27 13:31:20.302,-0.14,-0.71,0.5,-7.81,17.64,-18.37
worker 1,2026-07-27 13:31:20.302,-0.11,-0.74,0.61,0.06,38.7,-19.65
worker 1,2026-07-27 13:31:20.303,-0.06,-0.77,0.68,11.6,45.1,-22.52
worker 1,2026-07-27 13:31:20.303,-0.04,-0.77,0.71,30.46,43.64,-28.08
worker 1,2026-07-27 13:31:20.304,-0.04,-0.77,0.71,30.46,43.64,-28.08
worker 1,2026-07-27 13:31:20.305,-0.05,-0.77,0.78,49.5,44.56,-27.65
worker 1,2026-07-27 13:31:20.305,-0.08,-0.8,0.88,60.49,43.03,-15.62
worker 1,2026-07-27 13:31:20.309,-0.08,-0.8,0.88,60.49,43.03,-15.62
worker 1,2026-07-27 13:31:20.309,-0.12,-0.79,0.96,77.21,27.71,22.34
worker 1,2026-07-27 13:31:20.309,-0.14,-0.7,0.96,127.56,-20.14,93.44
worker 1,2026-07-27 13:31:20.309,-0.19,0.19,0.88,-20.45,-0.79,-13.67
worker 1,2026-07-27 13:31:20.310,-0.15,0.13,0.91,-91.31,-33.45,-4.15
worker 1,2026-07-27 13:31:20.310,-0.16,0.03,1.02,-141.66,-48.28,-6.84
worker 1,2026-07-27 13:31:20.310,-0.17,-0.08,1.2,-182.68,-74.34,-16.97
worker 1,2026-07-27 13:31:20.311,-0.17,-0.08,1.2,-182.68,-74.34,-16.97
worker 1,2026-07-27 13:31:20.311,-0.14,-0.16,1.39,-186.28,-94.12,-26.12
worker 1,2026-07-27 13:31:20.312,-0.14,-0.16,1.39,-186.28,-94.12,-26.12
worker 1,2026-07-27 13:31:20.313,-0.08,-0.19,1.41,-137.02,-77.64,-26.31
worker 1,2026-07-27 13:31:20.316,-0.1,-0.19,0.93,10.07,-32.17,52.0
worker 1,2026-07-27 13:31:21.843,-0.11,-0.2,1.07,33.69,-36.87,75.87
worker 1,2026-07-27 13:31:21.846,-0.11,-0.2,1.07,33.69,-36.87,75.87
worker 1,2026-07-27 13:31:21.849,-0.12,-0.06,1.04,98.82,-10.07,103.15
worker 1,2026-07-27 13:31:21.852,-0.15,0.13,0.87,149.48,26.92,115.48
worker 1,2026-07-27 13:31:22.144,-0.15,0.13,0.87,149.48,26.92,115.48
worker 1,2026-07-27 13:31:22.197,-0.19,0.19,0.8,105.22,22.03,87.71
worker 1,2026-07-27 13:31:22.198,-0.19,0.19,0.8,105.22,22.03,87.71
worker 1,2026-07-27 13:31:22.198,-0.24,0.15,0.78,19.96,-9.83,46.69
worker 1,2026-07-27 13:31:22.198,-0.27,0.08,0.75,-36.8,-36.07,25.82
worker 1,2026-07-27 13:31:22.198,-0.28,0.01,0.71,-56.21,-42.79,21.55
worker 1,2026-07-27 13:31:22.199,-0.28,0.01,0.71,-56.21,-42.79,21.55
worker 1,2026-07-27 13:31:22.200,-0.29,-0.03,0.69,-60.79,-33.51,13.12
worker 1,2026-07-27 13:31:22.213,-0.29,-0.03,0.69,-60.79,-33.51,13.12
worker 1,2026-07-27 13:31:22.236,-0.29,-0.07,0.76,-74.77,-31.62,-13.18
worker 1,2026-07-27 13:31:22.236,-0.27,-0.09,0.91,-95.21,-39.55,-40.1
worker 1,2026-07-27 13:31:22.237,-0.27,-0.09,0.91,-113.28,-35.22,-26.25
worker 1,2026-07-27 13:31:22.237,-0.23,-0.15,1.0,-113.28,-35.22,-26.25
worker 1,2026-07-27 13:31:22.251,-0.14,-0.38,1.02,-134.58,-9.4,-0.12
worker 1,2026-07-27 13:31:22.252,-0.14,-0.38,1.02,-134.58,-9.4,-0.12
worker 1,2026-07-27 13:31:22.253,0.02,-0.65,1.1,-133.3,21.97,-21.06
worker 1,2026-07-27 13:31:22.253,0.16,-0.73,1.07,-87.04,24.96,-49.5
worker 1,2026-07-27 13:31:22.253,0.25,-0.71,0.87,-41.56,-26.49,-25.51
worker 1,2026-07-27 13:31:22.254,0.36,-0.78,0.69,-32.9,-82.64,18.49
worker 1,2026-07-27 13:31:22.254,0.39,-0.84,0.66,-27.47,-70.07,20.57
worker 1,2026-07-27 13:31:22.254,0.32,-0.72,0.71,-1.04,-14.04,-19.35
worker 1,2026-07-27 13:31:22.254,0.2,-0.51,0.75,27.04,23.32,-51.33
worker 1,2026-07-27 13:31:22.254,0.12,-0.39,0.77,40.28,26.25,-50.23
worker 1,2026-07-27 13:31:22.255,0.07,-0.37,0.79,41.69,10.68,-37.17
worker 1,2026-07-27 13:31:22.261,0.07,-0.37,0.79,41.69,10.68,-37.17
worker 1,2026-07-27 13:31:22.261,0.03,-0.4,0.76,38.45,-10.56,-22.4
worker 1,2026-07-27 13:31:22.261,0.01,-0.45,0.72,30.09,-25.76,-2.62
worker 1,2026-07-27 13:31:22.262,0.02,-0.51,0.72,20.81,-21.06,17.09
worker 1,2026-07-27 13:31:22.262,0.02,-0.51,0.72,15.75,2.26,27.83
worker 1,2026-07-27 13:31:22.262,0.1,-0.55,0.77,15.75,2.26,27.83
worker 1,2026-07-27 13:31:22.262,0.24,-0.5,0.86,16.72,31.25,23.19
worker 1,2026-07-27 13:31:22.262,0.34,-0.36,0.92,28.08,55.91,7.75
worker 1,2026-07-27 13:31:22.262,0.35,-0.21,1.02,43.09,69.7,-0.12
worker 1,2026-07-27 13:31:22.262,0.39,-0.23,1.31,27.89,60.67,26.31
worker 1,2026-07-27 13:31:22.262,0.46,-0.46,1.53,-25.76,11.6,77.15
worker 1,2026-07-27 13:31:22.263,0.38,-0.66,1.34,-63.05,-60.55,93.75
worker 1,2026-07-27 13:31:22.263,0.19,-0.66,0.96,-48.4,-101.68,49.07
worker 1,2026-07-27 13:31:22.263,0.05,-0.53,0.79,-15.56,-90.21,-18.01
worker 1,2026-07-27 13:31:22.265,0.01,-0.39,0.85,-1.4,-65.92,-58.23
worker 1,2026-07-27 13:31:22.265,0.12,-0.37,0.76,-5.13,-75.44,-26.18
worker 1,2026-07-27 13:31:22.274,0.09,-0.39,0.73,-0.67,-42.85,-19.59
worker 1,2026-07-27 13:31:22.274,0.09,-0.39,0.73,3.36,-13.24,-11.9
worker 1,2026-07-27 13:31:22.274,0.63,-0.39,0.75,-16.78,118.41,-113.71
worker 1,2026-07-27 13:31:22.274,0.43,-0.19,0.62,-6.59,118.9,-138.12
worker 1,2026-07-27 13:31:22.274,0.29,-0.09,0.59,-7.39,84.35,-121.83
worker 1,2026-07-27 13:31:22.621,0.35,-0.11,0.77,-16.85,48.58,-86.67
worker 1,2026-07-27 13:31:22.690,0.35,-0.11,0.77,-16.85,48.58,-86.67
worker 1,2026-07-27 13:31:23.167,0.53,-0.16,1.0,-12.33,42.72,-71.11
worker 1,2026-07-27 13:31:23.177,0.53,-0.16,1.0,-12.33,42.72,-71.11
worker 1,2026-07-27 13:31:23.190,0.58,-0.19,1.01,8.06,42.42,-75.38
worker 1,2026-07-27 13:31:23.200,0.58,-0.19,1.01,8.06,42.42,-75.38
worker 1,2026-07-27 13:31:23.209,0.45,-0.17,0.84,16.72,17.09,-67.2
worker 1,2026-07-27 13:31:23.400,0.45,-0.17,0.84,16.72,17.09,-67.2
worker 1,2026-07-27 13:31:23.403,0.29,-0.13,0.73,6.04,-14.47,-35.58
worker 1,2026-07-27 13:31:23.404,0.28,-0.13,0.75,-3.3,-24.84,3.85
worker 1,2026-07-27 13:31:23.404,0.38,-0.14,0.85,2.69,-15.38,32.53
worker 1,2026-07-27 13:31:24.124,0.38,-0.14,0.85,2.69,-15.38,32.53
worker 1,2026-07-27 13:31:24.124,0.51,-0.16,0.94,17.52,-1.46,46.08
worker 1,2026-07-27 13:31:24.124,0.66,-0.23,1.0,27.89,2.26,51.94
worker 1,2026-07-27 13:31:24.126,0.66,-0.23,1.0,27.89,2.26,51.94
worker 1,2026-07-27 13:31:24.126,0.73,-0.29,1.03,30.21,-7.08,49.07
worker 1,2026-07-27 13:31:24.127,0.53,-0.21,1.09,30.7,-12.88,32.71
worker 1,2026-07-27 13:31:24.127,0.2,-0.04,1.21,29.54,-4.52,21.61
worker 1,2026-07-27 13:31:24.420,0.2,-0.04,1.21,29.54,-4.52,21.61
worker 1,2026-07-27 13:31:24.423,0.02,0.04,1.21,21.48,-11.41,50.66
worker 1,2026-07-27 13:31:24.425,0.02,0.04,1.21,21.48,-11.41,50.66
worker 1,2026-07-27 13:31:24.488,0.01,-0.04,0.97,17.82,-44.25,109.74
worker 1,2026-07-27 13:31:24.489,0.01,-0.04,0.97,19.29,-71.04,154.6
worker 1,2026-07-27 13:31:24.494,0.07,-0.19,0.73,19.29,-71.04,154.6
worker 1,2026-07-27 13:31:24.495,0.18,-0.31,0.72,9.4,-74.22,163.45
worker 1,2026-07-27 13:31:24.495,0.29,-0.33,0.85,-5.98,-58.78,138.37
worker 1,2026-07-27 13:31:24.495,0.32,-0.3,0.94,-12.57,-39.98,98.75
worker 1,2026-07-27 13:31:24.496,0.32,-0.3,0.94,-12.57,-39.98,98.75
worker 1,2026-07-27 13:31:24.496,0.31,-0.26,0.95,-13.43,-29.79,65.12
worker 1,2026-07-27 13:31:24.497,0.31,-0.26,0.95,-15.99,-25.57,41.14
worker 1,2026-07-27 13:31:24.497,0.28,-0.24,0.94,-15.99,-25.57,41.14
worker 1,2026-07-27 13:31:24.497,0.26,-0.25,0.98,-20.69,-19.96,21.85
worker 1,2026-07-27 13:31:24.498,0.26,-0.25,0.98,-20.69,-19.96,21.85
worker 1,2026-07-27 13:31:24.498,0.25,-0.27,1.04,-24.11,-12.94,5.49
worker 1,2026-07-27 13:31:24.499,0.24,-0.26,1.03,-18.98,-8.85,-7.45
worker 1,2026-07-27 13:31:24.499,0.19,-0.21,0.94,-4.03,-3.11,-17.03
worker 1,2026-07-27 13:31:24.499,0.14,-0.1,0.85,15.62,12.82,-20.57
worker 1,2026-07-27 13:31:24.499,0.13,-0.01,0.83,33.08,33.39,-10.31
worker 1,2026-07-27 13:31:24.500,0.17,-0.01,0.9,39.31,41.26,20.51
worker 1,2026-07-27 13:31:24.500,0.25,-0.12,1.0,29.91,28.87,66.53
worker 1,2026-07-27 13:31:24.502,0.3,-0.23,1.07,16.78,8.73,107.48
worker 1,2026-07-27 13:31:24.502,0.26,-0.28,1.04,16.48,-8.54,132.51
worker 1,2026-07-27 13:31:24.988,0.26,-0.28,1.04,16.48,-8.54,132.51
worker 1,2026-07-27 13:31:24.988,0.14,-0.36,0.96,22.03,-32.9,155.4
worker 1,2026-07-27 13:31:24.989,0.14,-0.36,0.96,22.03,-32.9,155.4
worker 1,2026-07-27 13:31:24.989,0.04,-0.57,0.94,14.16,-73.0,188.6
worker 1,2026-07-27 13:31:24.990,0.04,-0.57,0.94,14.16,-73.0,188.6
worker 1,2026-07-27 13:31:24.990,0.07,-0.83,0.97,-11.11,-117.19,218.81
worker 1,2026-07-27 13:31:25.627,0.13,-0.88,0.92,-31.74,-144.9,217.77
worker 1,2026-07-27 13:31:25.641,0.13,-0.88,0.92,-31.74,-144.9,217.77
worker 1,2026-07-27 13:31:25.642,0.1,-0.68,0.72,-21.55,-140.75,180.24
worker 1,2026-07-27 13:31:25.642,0.04,-0.47,0.51,5.55,-111.45,139.77
worker 1,2026-07-27 13:31:25.642,0.03,-0.39,0.49,14.1,-77.09,124.21
worker 1,2026-07-27 13:31:25.642,0.12,-0.43,0.69,2.2,-48.03,127.99
worker 1,2026-07-27 13:31:25.642,0.22,-0.5,0.95,-8.67,-30.52,132.02
worker 1,2026-07-27 13:31:25.643,0.22,-0.5,0.95,-8.67,-30.52,132.02
worker 1,2026-07-27 13:31:25.643,0.24,-0.5,1.05,-7.26,-33.14,127.62
worker 1,2026-07-27 13:31:25.643,0.19,-0.46,1.01,0.67,-54.14,119.14
worker 1,2026-07-27 13:31:25.643,0.03,-0.14,1.06,74.71,-61.89,70.86
worker 1,2026-07-27 13:31:25.643,0.07,-0.09,1.11,96.68,-40.65,77.88
worker 1,2026-07-27 13:31:25.644,0.07,-0.09,1.11,96.68,-40.65,77.88
worker 1,2026-07-27 13:31:25.644,0.11,-0.08,1.26,109.68,-22.52,86.79
worker 1,2026-07-27 13:31:25.644,0.12,-0.14,1.49,96.5,-17.88,98.75
worker 1,2026-07-27 13:31:25.649,0.04,-0.18,1.52,86.43,-9.89,110.78
worker 1,2026-07-27 13:31:25.673,-0.19,0.09,0.79,70.92,34.24,133.73
worker 1,2026-07-27 13:31:25.687,-0.01,0.03,0.8,3.78,-46.02,124.51
worker 1,2026-07-27 13:31:25.698,0.14,-0.04,0.88,-29.79,-100.22,100.22
worker 1,2026-07-27 13:31:25.699,0.14,-0.04,0.88,-29.79,-100.22,100.22
worker 1,2026-07-27 13:31:25.699,0.19,-0.12,0.91,-33.45,-114.14,70.56
worker 1,2026-07-27 13:31:25.699,0.16,-0.23,0.95,-21.18,-93.99,38.57
worker 1,2026-07-27 13:31:25.699,0.02,-0.3,1.02,5.25,-52.0,0.49
worker 1,2026-07-27 13:31:25.699,-0.22,-0.24,1.04,22.09,-19.59,-32.17
worker 1,2026-07-27 13:31:25.700,-0.35,-0.12,1.06,13.55,-14.1,-40.59
worker 1,2026-07-27 13:31:26.169,-0.25,-0.04,1.05,6.59,-22.95,-18.49
worker 1,2026-07-27 13:31:26.209,-0.25,-0.04,1.05,6.59,-22.95,-18.49
worker 1,2026-07-27 13:31:26.229,-0.05,-0.04,0.97,14.71,-35.52,19.53
worker 1,2026-07-27 13:31:26.238,-0.05,-0.04,0.97,14.71,-35.52,19.53
worker 1,2026-07-27 13:31:26.255,0.1,-0.05,0.87,26.31,-47.18,49.56
worker 1,2026-07-27 13:31:26.255,0.12,-0.05,0.79,34.79,-51.03,60.61
worker 1,2026-07-27 13:31:26.256,0.12,-0.05,0.79,34.79,-51.03,60.61
worker 1,2026-07-27 13:31:26.256,0.08,-0.03,0.74,41.02,-44.25,57.8
worker 1,2026-07-27 13:31:26.256,0.07,-0.0,0.73,47.3,-30.4,54.81
worker 1,2026-07-27 13:31:26.256,0.16,0.01,0.74,53.34,-15.01,56.27
worker 1,2026-07-27 13:31:26.256,0.16,0.01,0.74,55.66,-1.89,56.03
worker 1,2026-07-27 13:31:26.256,0.27,0.04,0.76,55.66,-1.89,56.03
worker 1,2026-07-27 13:31:26.256,0.29,0.09,0.84,47.73,8.91,56.76
worker 1,2026-07-27 13:31:26.256,0.23,0.16,1.01,36.19,23.01,61.83
worker 1,2026-07-27 13:31:26.256,0.18,0.32,1.18,35.16,46.45,68.48
worker 1,2026-07-27 13:31:26.256,0.18,0.32,1.18,47.73,75.68,85.51
worker 1,2026-07-27 13:31:26.256,0.22,0.5,1.23,47.73,75.68,85.51
worker 1,2026-07-27 13:31:26.256,0.25,0.58,1.17,68.12,99.91,118.77
worker 1,2026-07-27 13:31:26.259,0.2,0.51,1.08,72.39,100.95,145.94
worker 1,2026-07-27 13:31:26.260,0.19,0.27,1.02,29.48,50.78,145.45
worker 1,2026-07-27 13:31:26.260,0.21,0.18,1.04,0.49,42.42,151.49
worker 1,2026-07-27 13:31:26.260,0.2,-0.02,1.05,-74.04,27.95,160.22
worker 1,2026-07-27 13:31:26.262,0.2,-0.24,1.09,-148.38,11.11,136.72
worker 1,2026-07-27 13:31:26.262,0.21,-0.26,1.05,-120.24,-18.37,73.85
worker 1,2026-07-27 13:31:26.263,0.24,-0.14,0.95,-19.04,-48.58,26.73
worker 1,2026-07-27 13:31:26.263,0.27,-0.08,0.84,49.44,-66.16,32.96
worker 1,2026-07-27 13:31:26.263,0.24,-0.2,0.76,20.81,-58.29,85.39
worker 1,2026-07-27 13:31:26.263,0.15,-0.34,0.82,-62.07,-42.11,182.43
worker 1,2026-07-27 13:31:26.263,0.08,-0.3,0.93,-91.31,-35.16,261.54
worker 1,2026-07-27 13:31:26.263,0.02,-0.26,0.94,-62.01,-35.52,220.76
worker 1,2026-07-27 13:31:26.267,0.03,-0.4,0.91,-41.02,-54.63,90.21
worker 1,2026-07-27 13:31:26.268,0.03,-0.4,0.91,-41.02,-54.63,90.21
worker 1,2026-07-27 13:31:26.268,0.12,-0.62,0.85,-62.68,-65.92,-6.16
worker 1,2026-07-27 13:31:26.268,0.12,-0.62,0.85,-101.01,-46.14,2.93
worker 1,2026-07-27 13:31:26.269,0.17,-0.8,0.81,-101.01,-46.14,2.93
worker 1,2026-07-27 13:31:26.269,0.11,-0.84,0.75,-103.21,-15.32,89.23
worker 1,2026-07-27 13:31:26.705,0.11,-0.84,0.75,-103.21,-15.32,89.23
worker 1,2026-07-27 13:31:26.705,-0.01,-0.78,0.68,-79.35,15.69,167.36
worker 1,2026-07-27 13:31:26.723,-0.09,-0.69,0.6,-48.4,35.28,189.51
worker 1,2026-07-27 13:31:27.000,-0.15,-0.67,0.54,-18.74,51.64,160.03
worker 1,2026-07-27 13:31:27.002,-0.15,-0.67,0.54,-18.74,51.64,160.03
worker 1,2026-07-27 13:31:27.002,-0.2,-0.68,0.61,-7.93,90.27,114.38
worker 1,2026-07-27 13:31:27.124,-0.2,-0.68,0.61,-7.93,90.27,114.38
worker 1,2026-07-27 13:31:27.126,-0.27,-0.6,0.66,-8.91,110.66,94.79
worker 1,2026-07-27 13:31:27.329,-0.27,-0.6,0.66,-8.91,110.66,94.79
worker 1,2026-07-27 13:31:27.374,-0.35,-0.46,0.59,-21.85,71.47,95.64
worker 1,2026-07-27 13:31:27.374,-0.52,-0.43,0.62,-31.43,16.85,84.96
worker 1,2026-07-27 13:31:27.374,-0.64,-0.5,0.72,12.27,-25.51,58.84
worker 1,2026-07-27 13:31:27.374,-0.49,-0.52,0.85,77.03,-88.07,30.7
worker 1,2026-07-27 13:31:27.374,-0.3,-0.43,0.88,71.78,-127.75,19.23
worker 1,2026-07-27 13:31:27.374,-0.3,-0.43,0.88,-5.49,-67.02,26.31
worker 1,2026-07-27 13:31:27.375,-0.34,-0.39,0.7,-5.49,-67.02,26.31
worker 1,2026-07-27 13:31:27.375,-0.44,-0.44,0.6,-40.47,2.26,42.3
worker 1,2026-07-27 13:31:27.375,-0.43,-0.51,0.72,18.8,-35.34,47.49
worker 1,2026-07-27 13:31:27.375,-0.29,-0.47,0.89,88.75,-117.25,38.88
worker 1,2026-07-27 13:31:27.375,-0.17,-0.3,1.01,138.55,-164.31,64.58
worker 1,2026-07-27 13:31:27.375,-0.1,-0.15,1.05,146.67,-163.76,117.86
worker 1,2026-07-27 13:31:27.375,-0.08,-0.12,0.97,61.58,-114.2,151.61
worker 1,2026-07-27 13:31:27.376,-0.18,-0.23,0.88,-103.27,-48.28,171.33
worker 1,2026-07-27 13:31:27.376,-0.27,-0.4,0.85,-215.58,22.34,164.25
worker 1,2026-07-27 13:31:27.423,-0.33,-0.51,0.75,-145.14,81.18,109.31
worker 1,2026-07-27 13:31:27.424,-0.4,-0.54,0.66,20.87,83.68,30.15
worker 1,2026-07-27 13:31:27.424,-0.39,-0.48,0.74,105.53,56.58,-41.08
worker 1,2026-07-27 13:31:27.425,-0.32,-0.37,0.86,64.45,40.16,-75.74
worker 1,2026-07-27 13:31:27.425,-0.32,-0.37,0.86,-16.66,27.47,-61.89
worker 1,2026-07-27 13:31:27.425,-0.32,-0.31,0.97,-16.66,27.47,-61.89
worker 1,2026-07-27 13:31:27.425,-0.35,-0.37,1.06,-63.78,17.88,-20.14
worker 1,2026-07-27 13:31:27.426,-0.35,-0.37,1.06,-63.78,17.88,-20.14
worker 1,2026-07-27 13:31:27.426,-0.33,-0.45,1.03,-46.26,1.89,26.43
worker 1,2026-07-27 13:31:27.426,-0.34,-0.44,0.92,32.59,-13.49,46.45
worker 1,2026-07-27 13:31:27.426,-0.39,-0.39,0.78,109.01,-9.46,24.54
worker 1,2026-07-27 13:31:27.552,-0.39,-0.39,0.78,109.01,-9.46,24.54
worker 1,2026-07-27 13:31:27.801,-0.39,-0.28,0.69,117.92,-1.59,1.04
worker 1,2026-07-27 13:31:27.964,-0.39,-0.28,0.69,117.92,-1.59,1.04
worker 1,2026-07-27 13:31:27.971,-0.34,-0.22,0.77,47.97,-16.48,5.74
worker 1,2026-07-27 13:31:27.988,-0.34,-0.22,0.77,47.97,-16.48,5.74
worker 1,2026-07-27 13:31:27.993,-0.26,-0.24,0.95,-32.84,-53.16,12.21
worker 1,2026-07-27 13:31:28.001,-0.17,-0.25,0.99,-38.94,-72.57,-5.37
worker 1,2026-07-27 13:31:28.009,-0.17,-0.25,0.99,-38.94,-72.57,-5.37
worker 1,2026-07-27 13:31:28.011,-0.17,-0.24,0.91,2.5,-56.7,-28.69
worker 1,2026-07-27 13:31:28.014,-0.17,-0.24,0.91,2.5,-56.7,-28.69
worker 1,2026-07-27 13:31:28.023,-0.27,-0.2,0.87,22.22,-27.4,-42.72
worker 1,2026-07-27 13:31:28.038,-0.31,-0.18,0.96,8.97,-11.47,-48.58
worker 1,2026-07-27 13:31:28.038,-0.31,-0.18,0.96,-6.77,-10.25,-41.08
worker 1,2026-07-27 13:31:28.038,-0.23,-0.21,1.03,-6.77,-10.25,-41.08
worker 1,2026-07-27 13:31:28.038,-0.1,-0.21,1.05,1.1,-0.37,-27.16
worker 1,2026-07-27 13:31:28.039,-0.04,-0.18,1.1,28.14,26.55,-22.4
worker 1,2026-07-27 13:31:28.039,-0.05,-0.15,1.1,51.7,36.56,-27.04
worker 1,2026-07-27 13:31:28.270,-0.05,-0.15,1.1,51.7,36.56,-27.04
worker 1,2026-07-27 13:31:28.271,-0.04,-0.1,0.99,47.73,13.12,-38.33
worker 1,2026-07-27 13:31:28.278,-0.04,-0.1,0.99,21.61,-10.44,-51.27
worker 1,2026-07-27 13:31:28.278,-0.06,-0.06,0.9,21.61,-10.44,-51.27
worker 1,2026-07-27 13:31:28.278,-0.13,-0.05,0.92,2.26,-8.54,-59.45
worker 1,2026-07-27 13:31:28.278,-0.18,-0.04,0.97,-0.49,0.31,-62.87
worker 1,2026-07-27 13:31:28.278,-0.2,-0.02,0.98,2.75,-1.16,-63.9
worker 1,2026-07-27 13:31:28.279,-0.14,0.01,0.97,-0.24,-1.04,-64.64
worker 1,2026-07-27 13:31:28.311,-0.14,0.01,0.97,-0.24,-1.04,-64.64
worker 1,2026-07-27 13:31:28.311,-0.06,-0.06,0.9,-17.82,-0.79,-43.15
worker 1,2026-07-27 13:31:28.334,-0.06,-0.06,0.9,-13.98,1.95,-25.51
worker 1,2026-07-27 13:31:28.334,-0.01,-0.14,0.88,-13.98,1.95,-25.51
worker 1,2026-07-27 13:31:28.334,0.03,-0.25,0.92,-11.66,18.68,-7.2
worker 1,2026-07-27 13:31:28.335,0.03,-0.25,0.92,-11.66,18.68,-7.2
worker 1,2026-07-27 13:31:28.335,-0.04,-0.39,0.98,-22.77,43.15,13.73
worker 1,2026-07-27 13:31:28.338,-0.13,-0.47,1.04,-36.56,64.15,27.95
worker 1,2026-07-27 13:31:28.348,-0.13,-0.47,1.04,-36.56,64.15,27.95
worker 1,2026-07-27 13:31:28.348,-0.15,-0.44,1.04,-35.52,66.65,27.16
worker 1,2026-07-27 13:31:28.349,-0.11,-0.32,0.96,-25.21,42.79,18.13
worker 1,2026-07-27 13:31:29.221,-0.11,-0.32,0.96,-25.21,42.79,18.13
worker 1,2026-07-27 13:31:29.221,-0.05,-0.2,0.84,-21.0,7.45,12.76
worker 1,2026-07-27 13:31:29.464,-0.05,-0.2,0.84,-21.0,7.45,12.76
worker 1,2026-07-27 13:31:29.464,-0.02,-0.2,0.75,-23.32,-16.6,18.62
worker 1,2026-07-27 13:31:29.469,-0.06,-0.3,0.75,-20.94,-18.98,28.56
worker 1,2026-07-27 13:31:29.469,-0.06,-0.3,0.75,-34.97,-12.27,26.0
worker 1,2026-07-27 13:31:29.469,-0.1,-0.41,0.83,-34.97,-12.27,26.0
worker 1,2026-07-27 13:31:29.469,-0.11,-0.56,0.89,-85.39,-8.42,14.22
worker 1,2026-07-27 13:31:30.088,-0.11,-0.56,0.89,-85.39,-8.42,14.22
worker 1,2026-07-27 13:31:30.102,-0.16,-0.68,0.87,-116.88,-7.26,5.0
worker 1,2026-07-27 13:31:30.102,-0.22,-0.72,0.79,-103.7,-10.62,-2.62
worker 1,2026-07-27 13:31:30.115,-0.22,-0.72,0.79,-103.7,-10.62,-2.62
worker 1,2026-07-27 13:31:30.115,-0.27,-0.78,0.7,-81.73,-15.01,-10.07
worker 1,2026-07-27 13:31:30.116,-0.33,-0.76,0.71,-8.61,-25.27,-10.07
worker 1,2026-07-27 13:31:30.425,-0.33,-0.76,0.71,-8.61,-25.27,-10.07
worker 1,2026-07-27 13:31:30.432,-0.35,-0.6,0.85,104.74,-27.89,-3.17
worker 1,2026-07-27 13:31:30.432,-0.32,-0.39,0.96,135.74,-10.01,-3.3
worker 1,2026-07-27 13:31:30.432,-0.29,-0.31,0.96,61.16,9.09,-6.53
worker 1,2026-07-27 13:31:30.432,-0.29,-0.31,0.96,-27.28,20.39,0.37
worker 1,2026-07-27 13:31:30.432,-0.3,-0.47,0.92,-27.28,20.39,0.37
worker 1,2026-07-27 13:31:30.432,-0.32,-0.64,0.86,-45.84,11.84,9.4
worker 1,2026-07-27 13:31:30.433,-0.29,-0.62,0.78,-9.22,-16.91,4.39
worker 1,2026-07-27 13:31:30.433,-0.23,-0.52,0.7,18.31,-39.98,-9.52
worker 1,2026-07-27 13:31:30.433,-0.21,-0.44,0.66,17.52,-42.48,-19.84
worker 1,2026-07-27 13:31:30.433,-0.21,-0.39,0.68,5.43,-30.46,-22.34
worker 1,2026-07-27 13:31:30.433,-0.23,-0.35,0.74,-6.23,-18.92,-16.36
worker 1,2026-07-27 13:31:30.434,-0.23,-0.35,0.74,-6.23,-18.92,-16.36
worker 1,2026-07-27 13:31:30.434,-0.28,-0.39,0.77,-16.48,-15.01,-7.08
worker 1,2026-07-27 13:31:30.435,-0.34,-0.51,0.74,-16.85,-9.46,0.67
worker 1,2026-07-27 13:31:30.435,-0.33,-0.6,0.75,5.74,12.88,0.55
worker 1,2026-07-27 13:31:30.602,-0.33,-0.6,0.75,44.07,35.03,-5.31
worker 1,2026-07-27 13:31:30.605,-0.16,-0.63,0.81,44.07,35.03,-5.31
worker 1,2026-07-27 13:31:30.668,0.03,-0.63,0.84,64.64,24.11,-8.61
worker 1,2026-07-27 13:31:30.669,0.03,-0.63,0.84,64.64,24.11,-8.61
worker 1,2026-07-27 13:31:30.671,0.1,-0.64,0.82,40.1,-4.15,-0.85
worker 1,2026-07-27 13:31:30.725,0.07,-0.66,0.87,-0.92,-9.7,19.9
worker 1,2026-07-27 13:31:30.734,0.07,-0.66,0.87,-0.92,-9.7,19.9
worker 1,2026-07-27 13:31:30.734,0.01,-0.63,0.97,-12.15,2.87,40.71
worker 1,2026-07-27 13:31:30.735,0.01,-0.63,0.97,-12.15,2.87,40.71
worker 1,2026-07-27 13:31:30.735,-0.08,-0.61,1.0,-3.36,-2.38,48.46
worker 1,2026-07-27 13:31:30.877,-0.14,-0.61,0.96,2.87,-25.88,44.19
worker 1,2026-07-27 13:31:30.938,-0.14,-0.61,0.96,2.87,-25.88,44.19
worker 1,2026-07-27 13:31:30.956,-0.18,-0.56,0.91,5.07,-39.31,32.23
worker 1,2026-07-27 13:31:30.967,-0.18,-0.56,0.91,5.07,-39.31,32.23
worker 1,2026-07-27 13:31:30.977,-0.17,-0.45,0.85,0.12,-37.78,13.12
worker 1,2026-07-27 13:31:30.977,-0.14,-0.33,0.8,-3.11,-26.61,0.79
worker 1,2026-07-27 13:31:30.977,-0.15,-0.31,0.79,-0.31,-11.9,7.51
worker 1,2026-07-27 13:31:30.977,-0.15,-0.31,0.79,-1.28,-3.17,20.94
worker 1,2026-07-27 13:31:30.977,-0.19,-0.39,0.8,-1.28,-3.17,20.94
worker 1,2026-07-27 13:31:30.978,-0.21,-0.44,0.86,-4.03,0.92,21.0
worker 1,2026-07-27 13:31:30.978,-0.19,-0.42,0.92,-2.99,3.3,10.93
worker 1,2026-07-27 13:31:30.978,-0.18,-0.4,0.94,-3.91,1.95,5.25
worker 1,2026-07-27 13:31:30.978,-0.18,-0.4,0.92,-8.36,-5.49,5.31
worker 1,2026-07-27 13:31:31.039,-0.19,-0.43,0.89,-12.76,-13.85,5.13
worker 1,2026-07-27 13:31:31.039,-0.14,-0.42,0.83,-6.71,-13.31,-2.14
worker 1,2026-07-27 13:31:31.039,-0.09,-0.43,0.87,-6.65,-9.95,-3.23
worker 1,2026-07-27 13:31:31.040,-0.05,-0.44,0.88,-7.02,-4.39,-1.34
worker 1,2026-07-27 13:31:31.040,-0.05,-0.44,0.88,-6.47,-3.11,0.18
worker 1,2026-07-27 13:31:31.040,-0.04,-0.45,0.88,-6.47,-3.11,0.18
worker 1,2026-07-27 13:31:31.040,-0.06,-0.46,0.92,-13.55,4.15,12.27
worker 1,2026-07-27 13:31:31.040,-0.03,-0.5,0.88,-13.92,-5.98,14.53
worker 1,2026-07-27 13:31:31.040,0.01,-0.52,0.81,-6.29,-19.41,11.96
worker 1,2026-07-27 13:31:31.040,0.03,-0.51,0.72,-0.92,-30.58,8.18
worker 1,2026-07-27 13:31:31.040,0.01,-0.46,0.64,3.54,-35.1,7.45
worker 1,2026-07-27 13:31:31.048,0.01,-0.46,0.64,3.54,-35.1,7.45
worker 1,2026-07-27 13:31:31.061,-0.0,-0.4,0.62,7.45,-28.87,14.65
worker 1,2026-07-27 13:31:31.061,-0.07,-0.36,0.65,5.43,-13.67,29.05
worker 1,2026-07-27 13:31:31.061,-0.23,-0.36,0.69,-0.43,1.77,44.56
worker 1,2026-07-27 13:31:31.088,-0.23,-0.36,0.69,-0.43,1.77,44.56
worker 1,2026-07-27 13:31:31.088,-0.33,-0.42,0.85,1.77,24.11,54.02
worker 1,2026-07-27 13:31:31.093,-0.33,-0.42,0.85,1.77,24.11,54.02
worker 1,2026-07-27 13:31:31.093,-0.34,-0.51,1.07,8.91,50.35,50.05
worker 1,2026-07-27 13:31:31.094,-0.34,-0.51,1.07,8.91,50.35,50.05
worker 1,2026-07-27 13:31:31.094,-0.28,-0.56,1.13,7.39,51.45,33.14
worker 1,2026-07-27 13:31:31.094,-0.16,-0.56,1.06,3.3,27.4,12.57
worker 1,2026-07-27 13:31:31.094,-0.16,-0.56,1.06,-2.26,-0.06,-5.07
worker 1,2026-07-27 13:31:31.094,-0.09,-0.54,0.94,-2.26,-0.06,-5.07
worker 1,2026-07-27 13:31:31.094,-0.12,-0.45,0.84,-11.23,-18.13,-24.23
worker 1,2026-07-27 13:31:31.094,-0.17,-0.32,0.88,-8.42,-6.71,-40.22
worker 1,2026-07-27 13:31:31.094,-0.17,-0.31,1.0,0.73,20.87,-25.33
worker 1,2026-07-27 13:31:31.095,-0.11,-0.46,0.96,-17.21,15.56,23.56
worker 1,2026-07-27 13:31:31.095,-0.07,-0.57,0.88,-58.17,2.62,53.28
worker 1,2026-07-27 13:31:31.448,-0.07,-0.57,0.88,-58.17,2.62,53.28
worker 1,2026-07-27 13:31:31.448,-0.16,-0.52,0.98,-63.96,36.01,50.84
worker 1,2026-07-27 13:31:31.449,-0.16,-0.52,0.98,-63.96,36.01,50.84
worker 1,2026-07-27 13:31:31.643,-0.32,-0.53,1.11,-40.95,75.13,46.94
worker 1,2026-07-27 13:31:31.643,-0.46,-0.6,1.03,-42.24,49.26,35.71
worker 1,2026-07-27 13:31:31.675,-0.56,-0.72,0.83,-74.46,-21.48,4.03
worker 1,2026-07-27 13:31:31.675,-0.54,-0.86,0.71,-128.6,-97.41,-33.02
worker 1,2026-07-27 13:31:31.698,-0.54,-0.86,0.71,-128.6,-97.41,-33.02
worker 1,2026-07-27 13:31:32.046,-0.35,-0.93,0.56,-223.39,-168.64,-86.91
worker 1,2026-07-27 13:31:34.102,-0.04,-1.0,0.24,-387.63,-188.17,-206.1
worker 1,2026-07-27 13:31:34.115,-0.04,-1.0,0.24,-387.63,-188.17,-206.1
worker 1,2026-07-27 13:31:34.125,0.27,-0.92,-0.16,-506.1,-138.18,-344.8
worker 1,2026-07-27 13:31:34.125,0.4,-0.72,-0.44,-401.86,-41.08,-364.81
worker 1,2026-07-27 13:31:34.131,0.4,-0.72,-0.44,-401.86,-41.08,-364.81
worker 1,2026-07-27 13:31:34.131,0.34,-0.55,-0.51,-136.6,-0.37,-218.63
worker 1,2026-07-27 13:31:34.131,0.36,-0.23,-0.54,39.61,-45.04,-37.48
worker 1,2026-07-27 13:31:34.132,0.44,0.02,-0.45,96.98,-44.68,7.45
worker 1,2026-07-27 13:31:34.132,0.65,-0.05,-0.2,193.85,5.13,-46.69
worker 1,2026-07-27 13:31:34.132,0.82,-0.27,-0.05,257.39,8.73,-56.95
worker 1,2026-07-27 13:31:34.132,0.79,-0.42,-0.09,187.74,-26.49,-14.59
worker 1,2026-07-27 13:31:34.132,0.79,-0.47,-0.21,74.52,-44.92,25.82
worker 1,2026-07-27 13:31:34.132,0.79,-0.49,-0.27,-1.34,-23.07,51.51
worker 1,2026-07-27 13:31:34.137,0.79,-0.49,-0.27,-1.34,-23.07,51.51
worker 1,2026-07-27 13:31:34.142,0.78,-0.5,-0.29,-30.7,18.13,69.46
worker 1,2026-07-27 13:31:34.142,0.78,-0.5,-0.29,-42.24,36.13,79.83
worker 1,2026-07-27 13:31:34.142,0.78,-0.51,-0.3,-42.24,36.13,79.83
worker 1,2026-07-27 13:31:34.142,0.76,-0.57,-0.3,-52.31,38.94,87.52
worker 1,2026-07-27 13:31:34.146,0.72,-0.6,-0.32,-47.79,55.91,77.27
worker 1,2026-07-27 13:31:34.190,0.72,-0.6,-0.32,-47.79,55.91,77.27
worker 1,2026-07-27 13:31:34.191,0.59,-0.53,-0.28,-38.33,104.49,63.17
worker 1,2026-07-27 13:31:34.191,0.31,-0.5,-0.35,-57.86,127.87,99.61
worker 1,2026-07-27 13:31:34.191,0.12,-0.4,-0.43,-86.12,88.38,119.93
worker 1,2026-07-27 13:31:34.191,0.1,-0.21,-0.33,-89.9,61.46,78.31
worker 1,2026-07-27 13:31:34.192,0.1,-0.21,-0.33,-89.9,61.46,78.31
worker 1,2026-07-27 13:31:34.192,0.03,-0.13,-0.37,-86.67,82.03,50.9
worker 1,2026-07-27 13:31:34.192,-0.04,-0.69,-0.75,-133.36,103.7,47.36
worker 1,2026-07-27 13:31:34.193,-0.06,-1.4,-1.08,-177.55,145.26,51.39
worker 1,2026-07-27 13:31:34.193,-0.21,-1.29,-0.6,-103.58,220.89,94.85
worker 1,2026-07-27 13:31:34.193,-0.28,-0.53,0.64,-23.01,224.24,127.75
worker 1,2026-07-27 13:31:34.193,0.07,0.06,1.55,-58.78,123.78,74.89
worker 1,2026-07-27 13:31:34.209,0.07,0.06,1.55,-58.78,123.78,74.89
worker 1,2026-07-27 13:31:34.209,0.87,-0.16,1.63,-160.89,2.14,-43.95
worker 1,2026-07-27 13:31:34.209,1.54,-1.2,0.71,-273.5,-11.17,-191.04
worker 1,2026-07-27 13:31:34.237,1.54,-1.2,0.71,-273.5,-11.17,-191.04
worker 1,2026-07-27 13:31:34.237,1.45,-1.98,-1.11,-388.79,48.58,-319.82
worker 1,2026-07-27 13:31:34.238,1.45,-1.98,-1.11,-388.79,48.58,-319.82
worker 1,2026-07-27 13:31:34.238,0.99,-1.24,-2.28,-261.29,61.04,-434.69
worker 1,2026-07-27 13:31:34.239,0.99,-1.24,-2.28,-261.29,61.04,-434.69
worker 1,2026-07-27 13:31:34.239,0.82,-0.08,-2.42,53.04,100.77,-463.68
worker 1,2026-07-27 13:31:34.240,0.82,-0.08,-2.42,53.04,100.77,-463.68
worker 1,2026-07-27 13:31:34.242,0.85,0.23,-2.51,228.52,191.35,-386.78
worker 1,2026-07-27 13:31:34.242,0.07,0.2,-2.19,246.4,218.81,-338.2
worker 1,2026-07-27 13:31:34.243,0.07,0.2,-2.19,246.4,218.81,-338.2
worker 1,2026-07-27 13:31:34.243,-0.71,-0.14,-1.7,84.35,138.92,-191.83
worker 1,2026-07-27 13:31:34.243,-0.43,-0.94,-1.83,-133.36,80.75,61.16
worker 1,2026-07-27 13:31:34.243,-0.42,0.15,0.35,71.23,43.09,-105.53
worker 1,2026-07-27 13:31:34.261,-0.22,0.08,0.45,62.13,73.73,-61.46
worker 1,2026-07-27 13:31:34.261,-0.22,0.08,0.45,39.18,134.4,-49.19
worker 1,2026-07-27 13:31:34.262,-0.18,0.05,0.5,39.18,134.4,-49.19
worker 1,2026-07-27 13:31:34.262,-0.28,-0.02,0.43,9.64,150.02,-35.71
worker 1,2026-07-27 13:31:34.262,-0.13,-0.1,0.63,4.52,28.2,-1.95
worker 1,2026-07-27 13:31:34.692,-0.13,-0.1,0.63,4.52,28.2,-1.95
worker 1,2026-07-27 13:31:34.702,0.08,-0.17,0.97,19.78,-71.9,14.47
worker 1,2026-07-27 13:31:34.702,0.05,-0.15,1.0,30.7,-25.45,-2.93
worker 1,2026-07-27 13:31:34.702,-0.02,-0.0,0.97,45.17,29.17,-19.71
worker 1,2026-07-27 13:31:35.224,-0.03,0.05,1.03,35.83,25.94,-16.42
worker 1,2026-07-27 13:31:35.225,-0.03,0.05,1.03,35.83,25.94,-16.42
worker 1,2026-07-27 13:31:35.228,0.01,-0.04,1.09,3.78,5.98,-7.39
worker 1,2026-07-27 13:31:35.229,0.04,-0.07,1.1,2.14,-11.78,-12.63
worker 1,2026-07-27 13:31:35.230,0.04,-0.06,1.1,18.92,-14.16,-31.31
worker 1,2026-07-27 13:31:35.230,0.03,-0.01,1.1,31.49,3.72,-45.04
worker 1,2026-07-27 13:31:35.230,0.01,0.04,1.08,30.21,17.52,-46.63
worker 1,2026-07-27 13:31:35.231,0.01,0.0,1.1,5.62,12.88,-46.75
worker 1,2026-07-27 13:31:35.231,-0.01,-0.04,1.11,-11.17,7.26,-46.63
worker 1,2026-07-27 13:31:35.231,-0.11,0.07,0.96,10.19,0.92,-37.96
worker 1,2026-07-27 13:31:35.232,-0.11,0.07,0.96,10.19,0.92,-37.96
worker 1,2026-07-27 13:31:35.233,-0.09,0.02,0.92,3.11,-6.59,-26.92
worker 1,2026-07-27 13:31:35.233,-0.13,-0.0,0.91,-2.2,-12.51,-24.48
worker 1,2026-07-27 13:31:35.233,-0.19,0.0,0.94,-5.37,-16.3,-29.24
worker 1,2026-07-27 13:31:35.235,-0.19,0.0,0.94,-5.37,-16.3,-29.24
worker 1,2026-07-27 13:31:35.235,-0.19,-0.02,1.01,-12.08,-12.76,-21.91
worker 1,2026-07-27 13:31:35.236,-0.19,-0.04,1.04,-15.01,-6.77,-9.95
worker 1,2026-07-27 13:31:35.237,-0.11,-0.07,0.95,-12.7,-15.87,-6.04
worker 1,2026-07-27 13:31:35.237,-0.11,-0.07,0.95,-7.69,-32.96,-5.49
worker 1,2026-07-27 13:31:35.237,-0.0,-0.08,0.85,-7.69,-32.96,-5.49
worker 1,2026-07-27 13:31:35.237,-0.04,0.0,0.89,6.71,-26.73,-10.13
worker 1,2026-07-27 13:31:35.240,-0.06,0.06,0.99,41.08,-8.79,-15.2
worker 1,2026-07-27 13:31:35.304,-0.06,0.06,0.99,41.08,-8.79,-15.2
worker 1,2026-07-27 13:31:35.423,-0.06,0.11,1.03,83.44,-3.3,1.04
worker 1,2026-07-27 13:31:35.439,-0.06,0.11,1.03,83.44,-3.3,1.04
worker 1,2026-07-27 13:31:35.439,-0.03,0.21,1.04,111.76,-8.91,45.84
worker 1,2026-07-27 13:31:35.439,0.07,0.2,1.05,93.14,-7.69,68.54
worker 1,2026-07-27 13:31:35.821,0.07,0.2,1.05,93.14,-7.69,68.54
worker 1,2026-07-27 13:31:35.821,0.0,0.18,1.08,47.24,10.38,34.0
worker 1,2026-07-27 13:31:35.821,-0.03,0.34,1.07,33.26,6.96,-4.46
worker 1,2026-07-27 13:31:35.824,-0.03,0.34,1.07,33.26,6.96,-4.46
worker 1,2026-07-27 13:31:35.824,0.15,0.48,1.09,5.37,-9.16,15.44
worker 1,2026-07-27 13:31:35.824,0.33,0.41,1.11,-72.27,24.35,82.4
worker 1,2026-07-27 13:31:35.825,0.4,0.2,1.04,-117.68,80.63,109.07
worker 1,2026-07-27 13:31:35.833,0.4,0.2,1.04,-117.68,80.63,109.07
worker 1,2026-07-27 13:31:35.833,0.41,0.08,0.82,-82.95,106.99,80.32
worker 1,2026-07-27 13:31:35.833,0.31,0.05,0.55,-36.38,107.24,52.55
worker 1,2026-07-27 13:31:35.834,0.11,-0.01,0.36,-52.98,89.48,49.38
worker 1,2026-07-27 13:31:35.834,-0.03,-0.12,0.31,-96.37,51.94,61.71
worker 1,2026-07-27 13:31:35.834,-0.06,-0.17,0.42,-110.41,-1.28,45.47
worker 1,2026-07-27 13:31:35.834,0.0,-0.13,0.54,-102.17,-69.34,-27.53
worker 1,2026-07-27 13:31:35.834,0.0,-0.13,0.54,-85.08,-138.06,-116.58
worker 1,2026-07-27 13:31:35.835,0.12,-0.15,0.73,-85.08,-138.06,-116.58
worker 1,2026-07-27 13:31:35.835,0.22,-0.31,1.1,-80.08,-173.34,-165.89
worker 1,2026-07-27 13:31:35.837,0.22,-0.31,1.1,-80.08,-173.34,-165.89
worker 1,2026-07-27 13:31:35.837,0.27,-0.56,1.51,-92.29,-155.7,-171.08
worker 1,2026-07-27 13:31:36.851,0.27,-0.56,1.51,-92.29,-155.7,-171.08
worker 1,2026-07-27 13:31:36.887,0.26,-0.86,1.83,-68.42,-94.36,-163.02
worker 1,2026-07-27 13:31:36.887,0.18,-1.04,2.06,17.09,-23.62,-160.58
worker 1,2026-07-27 13:31:36.887,0.14,-0.91,2.09,116.52,26.49,-191.89
worker 1,2026-07-27 13:31:36.887,0.15,-0.51,1.65,150.7,42.66,-213.99
worker 1,2026-07-27 13:31:36.887,-0.02,0.02,0.92,135.25,30.03,-96.92
worker 1,2026-07-27 13:31:36.887,-0.33,0.52,0.39,126.4,45.53,82.82
worker 1,2026-07-27 13:31:36.888,-0.33,0.52,0.39,126.4,45.53,82.82
worker 1,2026-07-27 13:31:36.888,-0.42,0.59,0.08,104.31,96.13,151.25
worker 1,2026-07-27 13:31:36.888,-0.29,0.37,-0.05,22.22,86.36,84.9
worker 1,2026-07-27 13:31:36.888,-0.24,0.15,0.07,-138.61,81.54,-79.1
worker 1,2026-07-27 13:31:36.888,-0.3,-0.26,0.42,-275.63,130.49,-245.42
worker 1,2026-07-27 13:31:36.930,-0.3,-0.26,0.42,-275.63,130.49,-245.42
worker 1,2026-07-27 13:31:36.957,-0.3,-1.16,1.22,-301.15,101.93,-282.35
worker 1,2026-07-27 13:31:36.962,-0.3,-1.16,1.22,-301.15,101.93,-282.35
worker 1,2026-07-27 13:31:36.963,-0.2,-2.35,2.29,-233.83,9.52,-158.14
worker 1,2026-07-27 13:31:36.963,0.03,-2.66,2.78,-127.38,-42.11,37.66
worker 1,2026-07-27 13:31:36.964,0.28,-1.64,2.16,-57.25,-24.84,190.98
worker 1,2026-07-27 13:31:36.964,0.43,-0.2,0.84,-25.09,39.98,246.46
worker 1,2026-07-27 13:31:36.965,0.66,0.74,-0.41,5.98,103.7,214.23
worker 1,2026-07-27 13:31:36.965,1.01,1.16,-1.13,24.11,105.22,138.92
worker 1,2026-07-27 13:31:36.966,1.24,1.25,-0.89,1.1,65.86,64.03
worker 1,2026-07-27 13:31:36.967,1.2,1.03,-0.0,-38.33,32.04,-9.03
worker 1,2026-07-27 13:31:36.969,0.91,0.66,1.02,11.35,-23.8,-109.5
worker 1,2026-07-27 13:31:36.970,0.51,0.04,2.41,178.59,-83.92,-197.27
worker 1,2026-07-27 13:31:36.971,0.51,0.04,2.41,178.59,-83.92,-197.27
worker 1,2026-07-27 13:31:36.971,-0.03,-0.77,3.78,351.56,-113.53,-213.87
worker 1,2026-07-27 13:31:36.972,-0.03,-0.77,3.78,351.56,-113.53,-213.87
worker 1,2026-07-27 13:31:36.972,-0.3,-1.38,3.97,413.88,-119.51,-181.27
worker 1,2026-07-27 13:31:36.975,-0.12,-1.72,2.86,346.19,-121.46,-146.55
worker 1,2026-07-27 13:31:36.975,-0.61,-1.69,1.26,196.72,-151.18,-131.59
worker 1,2026-07-27 13:31:36.975,-2.16,-1.09,-0.03,27.77,-202.58,-161.56
worker 1,2026-07-27 13:31:36.975,-3.0,-0.44,-0.48,-85.33,-174.32,-221.8
worker 1,2026-07-27 13:31:37.384,-3.0,-0.44,-0.48,-85.33,-174.32,-221.8
worker 1,2026-07-27 13:31:37.394,-2.02,-0.41,-0.02,-108.64,-29.17,-244.0
worker 1,2026-07-27 13:31:37.394,-0.51,-0.72,1.06,-94.42,112.3,-179.69
worker 1,2026-07-27 13:31:37.394,-0.16,-0.53,2.61,-82.46,184.75,4.52
worker 1,2026-07-27 13:31:37.394,-0.2,-0.15,3.92,-109.37,204.53,168.58
worker 1,2026-07-27 13:31:37.394,0.63,0.05,3.85,-196.04,229.0,211.24
worker 1,2026-07-27 13:31:37.395,0.63,0.05,3.85,-196.04,229.0,211.24
worker 1,2026-07-27 13:31:37.585,1.53,0.51,2.18,-269.04,279.42,211.12
worker 1,2026-07-27 13:31:37.585,1.98,0.96,0.04,-269.1,245.91,157.29
worker 1,2026-07-27 13:31:37.586,1.98,0.96,0.04,-269.1,245.91,157.29
worker 1,2026-07-27 13:31:37.587,2.26,1.43,-1.46,-198.0,115.66,79.16
worker 1,2026-07-27 13:31:37.619,2.26,1.43,-1.46,-198.0,115.66,79.16
worker 1,2026-07-27 13:31:37.620,2.25,1.99,-1.73,-85.51,-36.99,37.29
worker 1,2026-07-27 13:31:37.620,1.76,2.36,-0.55,51.21,-182.62,-3.11
worker 1,2026-07-27 13:31:37.621,1.76,2.36,-0.55,51.21,-182.62,-3.11
worker 1,2026-07-27 13:31:37.621,1.48,2.44,1.57,229.13,-258.0,-31.86
worker 1,2026-07-27 13:31:37.622,1.48,2.44,1.57,229.13,-258.0,-31.86
worker 1,2026-07-27 13:31:37.623,0.85,1.96,3.55,385.62,-285.77,-2.08
worker 1,2026-07-27 13:31:37.623,-0.55,1.04,4.0,362.18,-311.16,25.7
worker 1,2026-07-27 13:31:37.624,-1.21,0.03,3.08,189.09,-225.34,3.17
worker 1,2026-07-27 13:31:37.625,-1.21,0.03,3.08,189.09,-225.34,3.17
worker 1,2026-07-27 13:31:37.625,-0.99,-1.05,1.31,49.32,-76.35,-56.95
worker 1,2026-07-27 13:31:37.626,-0.91,-1.6,0.13,-26.49,-15.81,-108.64
worker 1,2026-07-27 13:31:37.627,-0.91,-1.6,0.13,-26.49,-15.81,-108.64
worker 1,2026-07-27 13:31:37.627,-1.05,-1.36,-0.5,-80.14,0.06,-91.37
worker 1,2026-07-27 13:31:37.627,-0.99,-0.81,-0.75,-107.67,41.02,-26.0
worker 1,2026-07-27 13:31:37.808,-0.99,-0.81,-0.75,-107.67,41.02,-26.0
worker 1,2026-07-27 13:31:37.851,-0.6,-0.26,-0.53,-114.2,93.51,34.18
worker 1,2026-07-27 13:31:37.852,-0.1,-0.21,0.91,-114.62,95.7,58.9
worker 1,2026-07-27 13:31:38.284,0.57,-0.6,3.0,-106.14,50.84,98.02
worker 1,2026-07-27 13:31:38.321,1.24,-0.06,3.32,-80.51,116.39,272.95
worker 1,2026-07-27 13:31:38.322,1.24,-0.06,3.32,-80.51,116.39,272.95
worker 1,2026-07-27 13:31:38.322,1.35,0.7,1.83,-8.3,281.74,478.27
worker 1,2026-07-27 13:31:38.363,1.35,0.7,1.83,-8.3,281.74,478.27
worker 1,2026-07-27 13:31:38.395,0.97,0.65,0.27,-0.55,306.03,413.02
worker 1,2026-07-27 13:31:38.396,0.56,0.48,-0.55,-73.24,183.04,167.42
worker 1,2026-07-27 13:31:38.396,0.3,0.28,-0.58,-57.8,96.92,27.95
worker 1,2026-07-27 13:31:38.401,0.26,0.18,-0.29,17.33,88.56,-3.66
worker 1,2026-07-27 13:31:38.490,0.26,0.18,-0.29,17.33,88.56,-3.66
worker 1,2026-07-27 13:31:38.490,0.67,0.21,0.18,56.82,78.25,-31.37
worker 1,2026-07-27 13:31:38.499,0.67,0.21,0.18,56.82,78.25,-31.37
worker 1,2026-07-27 13:31:38.499,0.57,0.06,1.61,67.02,-21.42,-85.88
worker 1,2026-07-27 13:31:38.767,-0.39,-0.09,3.06,63.23,-151.92,-97.41
worker 1,2026-07-27 13:31:38.780,-0.39,-0.09,3.06,63.23,-151.92,-97.41
worker 1,2026-07-27 13:31:38.782,-0.79,0.2,2.43,2.81,-142.33,-4.03
worker 1,2026-07-27 13:31:38.796,-0.53,0.52,0.71,-68.48,-49.87,96.98
worker 1,2026-07-27 13:31:38.797,-0.53,0.52,0.71,-68.48,-49.87,96.98
worker 1,2026-07-27 13:31:38.797,-0.28,0.51,-0.15,-68.66,-23.07,104.98
worker 1,2026-07-27 13:31:38.797,-0.38,0.3,0.28,-25.57,-62.13,56.21
worker 1,2026-07-27 13:31:38.797,-0.75,0.02,1.23,2.56,-115.17,13.43
worker 1,2026-07-27 13:31:38.798,-0.84,-0.13,1.45,-5.19,-116.94,2.44
worker 1,2026-07-27 13:31:38.798,-0.51,-0.0,0.76,-14.34,-45.65,46.33
worker 1,2026-07-27 13:31:38.798,-0.51,-0.0,0.76,13.0,31.43,108.76
worker 1,2026-07-27 13:31:38.808,-0.09,0.2,0.06,13.0,31.43,108.76
worker 1,2026-07-27 13:31:38.808,0.21,0.13,-0.05,65.67,36.56,115.72
worker 1,2026-07-27 13:31:38.808,0.14,-0.09,0.25,92.77,-25.45,103.03
worker 1,2026-07-27 13:31:38.809,0.14,-0.09,0.25,92.77,-25.45,103.03
worker 1,2026-07-27 13:31:38.809,-0.33,-0.03,0.64,63.6,-69.34,137.76
worker 1,2026-07-27 13:31:38.809,-0.75,0.02,1.2,32.78,-43.58,187.74
worker 1,2026-07-27 13:31:38.809,-0.69,-0.26,1.81,33.51,3.66,199.1
worker 1,2026-07-27 13:31:38.809,-0.06,-0.82,2.39,41.02,37.29,179.87
worker 1,2026-07-27 13:31:38.814,-0.06,-0.82,2.39,41.02,37.29,179.87
worker 1,2026-07-27 13:31:38.815,0.76,-1.58,3.03,61.4,87.52,186.28
worker 1,2026-07-27 13:31:38.815,1.15,-1.87,3.27,33.51,150.09,234.31
worker 1,2026-07-27 13:31:38.819,1.08,-1.52,3.11,-104.68,171.94,246.15
worker 1,2026-07-27 13:31:38.820,1.08,-1.52,3.11,-104.68,171.94,246.15
worker 1,2026-07-27 13:31:39.135,0.93,-0.96,2.96,-263.43,145.75,200.62
worker 1,2026-07-27 13:31:39.136,0.93,-0.96,2.96,-263.43,145.75,200.62
worker 1,2026-07-27 13:31:39.136,0.92,-0.22,2.33,-350.71,129.76,185.12
worker 1,2026-07-27 13:31:39.136,0.97,0.53,1.08,-342.04,138.92,194.89
worker 1,2026-07-27 13:31:39.146,0.97,0.53,1.08,-342.04,138.92,194.89
worker 1,2026-07-27 13:31:39.146,1.05,1.23,-0.18,-224.85,115.91,166.56
worker 1,2026-07-27 13:31:39.146,1.38,1.88,-0.98,-50.42,23.25,112.92
worker 1,2026-07-27 13:31:39.147,1.38,1.88,-0.98,-50.42,23.25,112.92
worker 1,2026-07-27 13:31:39.147,2.13,2.09,-0.78,116.21,-128.72,45.9
worker 1,2026-07-27 13:31:39.189,2.81,1.84,0.54,253.17,-304.63,-3.72
worker 1,2026-07-27 13:31:39.200,2.81,1.84,0.54,253.17,-304.63,-3.72
worker 1,2026-07-27 13:31:39.207,2.98,1.23,2.46,323.97,-457.03,-29.6
worker 1,2026-07-27 13:31:39.217,2.98,1.23,2.46,323.97,-457.03,-29.6
worker 1,2026-07-27 13:31:39.224,2.09,0.18,3.95,309.75,-527.1,-65.06
worker 1,2026-07-27 13:31:40.750,0.45,-0.71,4.0,201.97,-429.44,-78.98
worker 1,2026-07-27 13:31:40.761,-0.83,-1.06,2.55,31.13,-199.22,-60.0
worker 1,2026-07-27 13:31:40.761,-1.55,-1.06,0.77,-92.29,-5.07,-42.72
worker 1,2026-07-27 13:31:40.761,-1.55,-1.06,0.77,-129.88,88.75,-29.6
worker 1,2026-07-27 13:31:40.761,-1.78,-0.72,-0.05,-129.88,88.75,-29.6
worker 1,2026-07-27 13:31:40.761,-1.4,-0.18,0.06,-129.94,138.18,-14.34
worker 1,2026-07-27 13:31:40.762,-1.4,-0.18,0.06,-129.94,138.18,-14.34
worker 1,2026-07-27 13:31:40.762,-0.7,0.13,0.61,-126.71,182.74,-1.22
worker 1,2026-07-27 13:31:40.762,-0.15,-0.11,1.73,-122.31,209.47,20.08
worker 1,2026-07-27 13:31:40.762,1.63,-1.55,4.0,-78.12,272.28,165.71
worker 1,2026-07-27 13:31:40.762,1.63,-1.55,4.0,-122.25,349.91,270.26
worker 1,2026-07-27 13:31:40.762,2.66,-1.22,3.21,-122.25,349.91,270.26
worker 1,2026-07-27 13:31:41.665,2.5,-0.26,1.53,-180.48,370.73,318.12
worker 1,2026-07-27 13:31:41.676,2.5,-0.26,1.53,-180.48,370.73,318.12
worker 1,2026-07-27 13:31:41.676,1.75,0.67,0.37,-191.16,314.21,257.08
worker 1,2026-07-27 13:31:41.677,1.75,0.67,0.37,-191.16,314.21,257.08
worker 1,2026-07-27 13:31:41.677,1.5,1.36,-0.52,-151.73,269.96,161.07
worker 1,2026-07-27 13:31:41.677,1.8,1.53,-1.23,-52.37,241.27,99.67
worker 1,2026-07-27 13:31:43.023,1.8,1.53,-1.23,-52.37,241.27,99.67
worker 1,2026-07-27 13:31:43.027,1.88,1.26,-1.04,94.54,117.55,66.47
worker 1,2026-07-27 13:31:43.073,1.88,1.26,-1.04,94.54,117.55,66.47
worker 1,2026-07-27 13:31:43.073,1.45,1.19,0.38,215.94,-116.82,35.58
worker 1,2026-07-27 13:31:43.074,0.25,0.85,2.59,235.17,-382.32,-98.08
worker 1,2026-07-27 13:31:43.074,0.25,0.85,2.59,190.73,-471.44,-339.36
worker 1,2026-07-27 13:31:43.074,-0.92,-0.45,3.87,190.73,-471.44,-339.36
worker 1,2026-07-27 13:31:43.074,-1.04,-1.27,2.66,95.03,-260.13,-384.34
worker 1,2026-07-27 13:31:43.075,-0.63,-0.96,0.28,5.0,13.43,-162.78
worker 1,2026-07-27 13:31:43.075,-0.4,-0.55,-0.99,19.35,102.11,33.33
worker 1,2026-07-27 13:31:43.091,-0.45,-0.36,-1.04,53.65,50.23,76.72
worker 1,2026-07-27 13:31:43.091,-0.61,-0.36,-0.69,29.05,1.28,38.39
worker 1,2026-07-27 13:31:43.111,-0.61,-0.36,-0.69,29.05,1.28,38.39
worker 1,2026-07-27 13:31:43.111,-0.78,-0.67,-0.32,-29.42,-6.35,1.04
worker 1,2026-07-27 13:31:43.111,-0.99,-1.46,0.96,-67.02,-16.17,-4.27
worker 1,2026-07-27 13:31:43.111,-0.64,-2.29,3.05,-85.45,-52.12,27.28
worker 1,2026-07-27 13:31:43.112,0.68,-1.93,4.0,-142.94,-3.05,123.9
worker 1,2026-07-27 13:31:43.112,1.93,-0.2,3.07,-228.94,155.46,291.5
worker 1,2026-07-27 13:31:43.112,2.19,1.37,1.32,-258.0,261.05,414.18
worker 1,2026-07-27 13:31:43.112,1.86,1.88,0.04,-199.46,257.63,388.61
worker 1,2026-07-27 13:31:43.112,1.6,1.66,-0.68,-103.94,204.71,233.34
worker 1,2026-07-27 13:31:43.117,1.57,1.1,-1.0,-1.89,119.32,23.32
worker 1,2026-07-27 13:31:43.138,1.57,1.1,-1.0,-1.89,119.32,23.32
worker 1,2026-07-27 13:31:43.138,1.7,0.56,-0.72,125.06,-15.26,-134.22
worker 1,2026-07-27 13:31:43.138,1.18,0.21,1.08,245.24,-245.42,-185.73
worker 1,2026-07-27 13:31:43.138,-0.43,-0.09,3.41,244.2,-478.15,-185.36
worker 1,2026-07-27 13:31:43.138,-0.73,-0.93,-0.96,54.81,59.2,83.44
worker 1,2026-07-27 13:31:43.138,-1.08,-1.18,-0.36,-29.54,-2.87,124.39
worker 1,2026-07-27 13:31:43.139,-1.26,-1.57,1.17,-100.95,1.22,145.57
worker 1,2026-07-27 13:31:43.139,-0.76,-1.85,3.13,-141.72,50.78,148.19
worker 1,2026-07-27 13:31:43.139,0.51,-1.67,4.0,-173.03,111.33,139.28
worker 1,2026-07-27 13:31:43.143,0.51,-1.67,4.0,-173.03,111.33,139.28
worker 1,2026-07-27 13:31:43.144,1.95,0.37,1.86,-207.76,205.44,264.47
worker 1,2026-07-27 13:31:43.144,1.95,0.37,1.86,-114.5,223.08,356.45
worker 1,2026-07-27 13:31:43.144,1.62,1.17,0.6,-114.5,223.08,356.45
worker 1,2026-07-27 13:31:43.144,1.12,1.21,0.03,-14.89,228.52,358.95
worker 1,2026-07-27 13:31:43.145,1.12,1.21,0.03,-14.89,228.52,358.95
worker 1,2026-07-27 13:31:43.145,0.79,0.95,-0.15,20.87,222.53,285.22
worker 1,2026-07-27 13:31:43.155,0.79,0.95,-0.15,20.87,222.53,285.22
worker 1,2026-07-27 13:31:43.155,-0.04,0.32,3.07,218.08,130.49,138.61
worker 1,2026-07-27 13:31:43.155,0.82,-0.18,2.81,153.99,232.6,-3.91
worker 1,2026-07-27 13:31:43.156,0.82,-0.18,2.81,153.99,232.6,-3.91
worker 1,2026-07-27 13:31:43.156,1.53,-0.7,1.98,23.38,296.88,-81.3
worker 1,2026-07-27 13:31:43.156,-0.13,-0.15,0.51,8.0,-195.74,-227.66
worker 1,2026-07-27 13:31:43.157,0.03,-0.27,0.89,52.12,-216.92,-266.85
worker 1,2026-07-27 13:31:46.937,0.1,-0.4,1.54,130.25,-217.9,-269.29
worker 1,2026-07-27 13:31:47.581,0.1,-0.4,1.54,130.25,-217.9,-269.29
worker 1,2026-07-27 13:31:47.581,0.1,-0.61,1.97,149.05,-196.23,-271.73
worker 1,2026-07-27 13:31:47.590,0.1,-0.61,1.97,149.05,-196.23,-271.73
worker 1,2026-07-27 13:31:47.590,0.08,-0.59,1.98,121.89,-177.86,-268.86
worker 1,2026-07-27 13:31:47.590,0.03,-0.36,1.86,126.34,-156.49,-217.47
worker 1,2026-07-27 13:31:47.591,0.03,-0.36,1.86,126.34,-156.49,-217.47
worker 1,2026-07-27 13:31:47.591,0.04,-0.16,1.84,158.33,-112.37,-129.27
worker 1,2026-07-27 13:31:47.591,0.04,-0.16,1.84,193.85,-51.76,-39.98
worker 1,2026-07-27 13:31:47.591,-0.0,-0.19,1.9,193.85,-51.76,-39.98
worker 1,2026-07-27 13:31:47.591,-0.3,-0.42,1.62,184.75,33.57,55.05
worker 1,2026-07-27 13:31:47.593,-0.3,-0.42,1.62,184.75,33.57,55.05
worker 1,2026-07-27 13:31:47.594,-0.69,-0.35,0.78,88.56,95.58,137.7
worker 1,2026-07-27 13:31:47.594,-0.79,0.12,-0.16,-33.87,105.71,159.18
worker 1,2026-07-27 13:31:47.600,-0.62,0.51,-0.6,-97.9,98.14,101.38
worker 1,2026-07-27 13:31:47.601,-0.4,0.5,-0.38,-93.99,70.43,-20.26
worker 1,2026-07-27 13:31:47.601,-0.32,0.22,0.29,-65.98,26.98,-126.65
worker 1,2026-07-27 13:31:47.602,-0.39,-0.04,1.43,-48.4,-1.89,-146.73
worker 1,2026-07-27 13:31:47.602,-0.53,-0.05,2.98,-35.03,9.58,-87.59
worker 1,2026-07-27 13:31:47.602,-0.28,0.06,3.84,-25.33,77.7,-7.32
worker 1,2026-07-27 13:31:47.602,0.37,0.18,3.16,-53.16,167.72,48.95
worker 1,2026-07-27 13:31:47.602,0.76,0.28,1.55,-115.05,210.57,86.18
worker 1,2026-07-27 13:31:47.602,0.69,0.33,0.12,-155.7,192.38,120.54
worker 1,2026-07-27 13:31:47.602,0.69,0.33,0.12,-129.09,131.65,140.26
worker 1,2026-07-27 13:31:47.602,0.41,0.38,-0.55,-129.09,131.65,140.26
worker 1,2026-07-27 13:31:47.602,0.17,0.53,-0.58,-47.49,53.89,126.28
worker 1,2026-07-27 13:31:47.602,0.03,0.68,-0.36,39.73,2.14,78.19
worker 1,2026-07-27 13:31:47.602,-0.03,0.72,-0.12,101.81,-7.02,11.9
worker 1,2026-07-27 13:31:47.607,-0.03,0.72,-0.12,101.81,-7.02,11.9
worker 1,2026-07-27 13:31:49.033,-0.12,0.72,0.2,149.72,-3.05,-41.08
worker 1,2026-07-27 13:31:49.048,-0.12,0.72,0.2,149.72,-3.05,-41.08
worker 1,2026-07-27 13:31:49.058,-0.12,0.72,0.2,149.72,-3.05,-41.08
worker 1,2026-07-27 13:31:49.058,-0.48,-0.28,1.12,173.4,-73.91,-67.63
worker 1,2026-07-27 13:31:49.591,-0.48,-0.28,1.12,173.4,-73.91,-67.63
worker 1,2026-07-27 13:31:49.863,-0.89,-0.6,1.72,151.25,-94.79,19.1
worker 1,2026-07-27 13:31:49.872,-0.83,-0.63,1.34,84.17,-8.0,142.88
worker 1,2026-07-27 13:31:49.872,-0.23,-0.45,0.33,-25.02,111.39,205.69
worker 1,2026-07-27 13:31:49.873,0.3,-0.25,-0.52,-127.01,168.82,196.35
worker 1,2026-07-27 13:31:49.873,0.33,-0.14,-0.65,-157.9,148.74,169.43
worker 1,2026-07-27 13:31:50.785,0.33,-0.14,-0.65,-89.54,75.93,154.05
worker 1,2026-07-27 13:31:50.785,-0.18,0.17,0.27,-89.54,75.93,154.05
worker 1,2026-07-27 13:31:50.795,-0.92,0.66,1.52,2.87,27.71,156.13
worker 1,2026-07-27 13:31:50.804,-1.25,0.9,2.09,44.19,80.14,162.84
worker 1,2026-07-27 13:31:50.805,-0.91,0.74,2.07,3.48,183.84,132.08
worker 1,2026-07-27 13:31:50.805,-0.61,0.41,2.11,-120.85,236.39,86.49
worker 1,2026-07-27 13:31:50.805,-1.07,-0.21,1.16,-103.33,77.21,-46.69
worker 1,2026-07-27 13:31:50.805,-0.87,-0.62,1.14,-146.97,96.5,-104.98
worker 1,2026-07-27 13:31:50.806,-0.87,-0.62,1.14,-146.97,96.5,-104.98
worker 1,2026-07-27 13:31:50.826,-0.73,-0.91,0.99,-170.1,112.24,-90.58
worker 1,2026-07-27 13:31:50.827,-0.49,-0.89,0.68,-189.33,131.53,-24.6
worker 1,2026-07-27 13:31:51.030,-0.49,-0.89,0.68,-189.33,131.53,-24.6
worker 1,2026-07-27 13:31:51.030,-0.32,-0.86,0.09,-215.58,122.44,34.18
worker 1,2026-07-27 13:31:51.061,-0.32,-0.86,0.09,-215.58,122.44,34.18
worker 1,2026-07-27 13:31:51.065,-0.39,-0.83,-0.33,-214.9,61.28,99.12
worker 1,2026-07-27 13:31:51.065,-0.46,-0.42,-0.19,-192.14,1.46,185.24
worker 1,2026-07-27 13:31:51.066,-0.37,0.2,0.06,-176.64,-3.85,232.12
worker 1,2026-07-27 13:31:51.067,-0.23,0.5,0.01,-163.02,18.8,202.09
worker 1,2026-07-27 13:31:51.075,-0.23,0.5,0.01,-163.02,18.8,202.09
worker 1,2026-07-27 13:31:51.085,-0.26,0.49,-0.19,-147.34,26.49,137.39
worker 1,2026-07-27 13:31:51.090,-0.26,0.49,-0.19,-147.34,26.49,137.39
worker 1,2026-07-27 13:31:51.090,-0.42,0.47,-0.27,-141.17,9.28,88.5
worker 1,2026-07-27 13:31:51.091,-0.58,0.55,-0.19,-136.96,-19.9,55.85
worker 1,2026-07-27 13:31:51.092,-0.74,0.77,0.02,-126.16,-45.78,17.15
worker 1,2026-07-27 13:31:51.093,-0.74,0.77,0.02,-126.16,-45.78,17.15
worker 1,2026-07-27 13:31:51.093,-0.96,0.81,0.22,-121.09,-57.86,-36.13
worker 1,2026-07-27 13:31:51.666,-0.96,0.81,0.22,-121.09,-57.86,-36.13
worker 1,2026-07-27 13:31:51.666,-1.12,0.54,0.25,-110.35,-51.76,-43.64
worker 1,2026-07-27 13:31:51.667,-1.13,0.2,0.17,-105.59,-45.41,-2.38
worker 1,2026-07-27 13:31:52.488,-1.13,0.2,0.17,-110.29,-38.94,36.56
worker 1,2026-07-27 13:31:52.628,-0.97,0.0,0.1,-110.29,-38.94,36.56
worker 1,2026-07-27 13:31:52.922,-0.76,0.13,0.05,-116.46,-28.02,87.71
worker 1,2026-07-27 13:31:52.925,-0.76,0.13,0.05,-116.46,-28.02,87.71
worker 1,2026-07-27 13:31:52.929,-0.68,0.46,-0.03,-138.67,-29.54,136.84
worker 1,2026-07-27 13:31:52.939,-0.68,0.46,-0.03,-138.67,-29.54,136.84
worker 1,2026-07-27 13:31:52.939,-0.69,0.84,-0.06,-141.78,-42.72,155.7
worker 1,2026-07-27 13:31:52.940,-0.76,1.3,0.18,-92.35,-53.16,151.25
worker 1,2026-07-27 13:31:52.940,-0.82,1.68,0.5,-18.25,-40.16,117.07
worker 1,2026-07-27 13:31:52.940,-0.74,1.48,0.46,23.5,5.49,21.85
worker 1,2026-07-27 13:31:52.944,-0.69,0.63,0.42,4.09,-34.36,6.77
worker 1,2026-07-27 13:31:52.955,-0.69,0.63,0.42,-5.19,-7.26,-19.59
worker 1,2026-07-27 13:31:52.980,-0.7,0.56,0.37,-5.19,-7.26,-19.59
worker 1,2026-07-27 13:31:52.981,-0.73,0.55,0.39,-4.46,-4.03,-24.66
worker 1,2026-07-27 13:31:52.990,-0.73,0.55,0.39,-4.46,-4.03,-24.66
worker 1,2026-07-27 13:31:53.231,-0.71,0.52,0.43,6.04,-23.19,8.67
worker 1,2026-07-27 13:31:53.233,-0.71,0.52,0.43,6.04,-23.19,8.67
worker 1,2026-07-27 13:31:53.240,-0.67,0.56,0.35,14.59,-13.37,28.75
worker 1,2026-07-27 13:31:53.240,-0.68,0.62,0.33,14.89,-9.77,35.34
worker 1,2026-07-27 13:31:53.240,-0.7,0.6,0.36,4.52,-6.77,13.67
worker 1,2026-07-27 13:31:54.605,-0.7,0.6,0.36,4.52,-6.77,13.67
worker 1,2026-07-27 13:31:54.630,-0.71,0.55,0.39,-2.75,-2.38,-4.64
worker 1,2026-07-27 13:31:54.631,-0.57,0.65,0.47,-19.35,-4.58,11.96
worker 1,2026-07-27 13:31:54.631,-0.51,0.68,0.45,2.08,-19.9,28.08
worker 1,2026-07-27 13:31:54.783,-0.51,0.68,0.45,28.5,-38.15,49.26
worker 1,2026-07-27 13:31:54.795,-0.41,0.74,0.43,28.5,-38.15,49.26
worker 1,2026-07-27 13:31:54.795,-0.29,0.8,0.41,43.03,-52.37,63.42
worker 1,2026-07-27 13:31:54.796,-0.17,0.87,0.42,39.73,-56.64,63.48
worker 1,2026-07-27 13:31:54.796,-0.07,0.93,0.45,22.03,-46.63,45.53
worker 1,2026-07-27 13:31:54.796,-0.07,0.92,0.47,-4.09,-23.32,10.25
worker 1,2026-07-27 13:31:54.797,-0.15,0.84,0.46,-29.91,3.97,-29.11
worker 1,2026-07-27 13:31:54.797,-0.25,0.78,0.46,-43.33,19.78,-52.19
worker 1,2026-07-27 13:31:54.797,-0.32,0.78,0.5,-41.38,20.57,-54.5
worker 1,2026-07-27 13:31:54.805,-0.32,0.78,0.5,-41.38,20.57,-54.5
worker 1,2026-07-27 13:31:54.805,-0.39,0.79,0.55,-35.1,18.13,-51.88
worker 1,2026-07-27 13:31:54.807,-0.39,0.79,0.55,-35.1,18.13,-51.88
worker 1,2026-07-27 13:31:54.813,-0.46,0.76,0.57,-33.69,21.24,-56.95
worker 1,2026-07-27 13:31:54.813,-0.53,0.69,0.54,-35.34,28.08,-66.41
worker 1,2026-07-27 13:31:54.813,-0.54,0.63,0.53,-34.3,24.41,-65.37
worker 1,2026-07-27 13:31:54.813,-0.5,0.63,0.6,-24.6,8.06,-50.48
worker 1,2026-07-27 13:31:54.813,-0.5,0.63,0.6,13.92,12.57,-45.41
worker 1,2026-07-27 13:31:54.813,-0.45,0.79,0.65,13.92,12.57,-45.41
worker 1,2026-07-27 13:31:54.813,-0.44,1.07,0.54,99.3,58.35,-64.51
worker 1,2026-07-27 13:31:55.207,-0.44,1.07,0.54,99.3,58.35,-64.51
worker 1,2026-07-27 13:31:55.216,-0.48,1.22,0.31,158.51,93.38,-99.49
worker 1,2026-07-27 13:31:55.216,-0.52,1.05,0.07,113.46,71.78,-153.08
worker 1,2026-07-27 13:31:55.217,-0.55,-0.86,0.42,-84.35,-167.05,-145.63
worker 1,2026-07-27 13:31:55.217,-0.69,-0.67,0.97,-67.69,-183.59,-67.02
worker 1,2026-07-27 13:31:55.217,-0.93,-0.29,1.52,-0.24,-126.59,-9.4
worker 1,2026-07-27 13:31:55.217,-0.5,0.3,1.24,-42.6,-62.19,13.85
worker 1,2026-07-27 13:31:55.217,-0.51,0.6,0.68,-5.49,-1.83,4.88
worker 1,2026-07-27 13:31:55.217,-0.51,0.6,0.68,1.71,2.2,6.29
worker 1,2026-07-27 13:31:55.217,-0.5,0.62,0.64,1.71,2.2,6.29
worker 1,2026-07-27 13:31:55.217,-0.5,0.62,0.58,10.07,5.92,4.46
worker 1,2026-07-27 13:31:55.218,-0.5,0.62,0.58,10.07,5.92,4.46
worker 1,2026-07-27 13:31:55.218,-0.51,0.62,0.58,9.7,5.37,2.26
worker 1,2026-07-27 13:31:55.218,-0.52,0.61,0.6,2.93,2.81,-0.37
worker 1,2026-07-27 13:31:55.218,-0.53,0.6,0.61,-1.53,1.53,-3.05
worker 1,2026-07-27 13:31:56.224,-0.53,0.59,0.61,-0.18,1.77,-4.21
worker 1,2026-07-27 13:31:56.942,-0.53,0.59,0.61,-0.18,1.77,-4.21
worker 1,2026-07-27 13:31:56.957,-0.53,0.6,0.6,2.99,2.69,-3.05
worker 1,2026-07-27 13:31:56.958,-0.53,0.6,0.6,7.14,3.72,-0.92
worker 1,2026-07-27 13:31:56.958,-0.52,0.65,0.6,7.14,3.72,-0.92
worker 1,2026-07-27 13:31:56.986,-0.49,0.61,0.5,19.9,7.14,-3.48
worker 1,2026-07-27 13:31:57.067,-0.49,0.61,0.5,19.9,7.14,-3.48
worker 1,2026-07-27 13:31:57.067,-0.49,0.55,0.41,41.32,4.58,-3.78
worker 1,2026-07-27 13:31:57.073,-0.53,0.65,0.53,39.79,-12.33,8.12
worker 1,2026-07-27 13:31:57.074,-0.53,0.65,0.53,39.79,-12.33,8.12
worker 1,2026-07-27 13:31:57.074,-0.53,0.7,0.65,6.41,-22.52,12.02
worker 1,2026-07-27 13:31:57.420,-0.67,0.79,0.67,88.26,48.03,-75.87
worker 1,2026-07-27 13:31:57.421,-0.63,0.74,0.39,149.78,65.73,-89.05
worker 1,2026-07-27 13:31:57.424,-0.72,0.52,-0.11,167.79,95.7,-101.38
worker 1,2026-07-27 13:31:57.424,-0.72,0.08,-0.33,200.81,116.03,-87.28
worker 1,2026-07-27 13:31:57.424,-0.65,-0.16,-0.41,218.2,65.8,-91.61
worker 1,2026-07-27 13:31:57.425,-0.56,-0.34,-0.47,185.0,0.98,-111.45
worker 1,2026-07-27 13:31:57.425,-0.55,-0.46,-0.46,135.44,-48.34,-112.73
worker 1,2026-07-27 13:31:57.426,-0.55,-0.46,-0.46,135.44,-48.34,-112.73
worker 1,2026-07-27 13:31:57.426,-0.65,-0.4,-0.36,104.98,-78.43,-82.46
worker 1,2026-07-27 13:31:57.426,-0.65,-0.4,-0.36,52.98,-108.03,-85.94
worker 1,2026-07-27 13:31:57.426,-0.96,-0.3,-0.25,52.98,-108.03,-85.94
worker 1,2026-07-27 13:31:57.427,-1.13,-0.29,-0.06,3.17,-127.01,-141.66
worker 1,2026-07-27 13:31:57.428,-1.13,-0.29,-0.06,3.17,-127.01,-141.66
worker 1,2026-07-27 13:31:57.428,-0.89,-0.42,0.13,25.09,-102.66,-186.4
worker 1,2026-07-27 13:31:57.429,-0.89,-0.42,0.13,25.09,-102.66,-186.4
worker 1,2026-07-27 13:31:57.430,-0.59,-0.64,0.26,73.79,-68.91,-169.86
worker 1,2026-07-27 13:31:57.431,-0.59,-0.64,0.26,73.79,-68.91,-169.86
worker 1,2026-07-27 13:31:57.431,-0.53,-0.74,0.53,91.67,-68.79,-101.01
worker 1,2026-07-27 13:31:57.431,-0.71,-0.68,0.76,79.96,-74.22,-25.45
worker 1,2026-07-27 13:31:57.433,-0.71,-0.68,0.76,79.96,-74.22,-25.45
worker 1,2026-07-27 13:31:57.434,-0.86,-0.54,0.7,59.27,-51.64,19.9
worker 1,2026-07-27 13:31:57.434,-0.86,-0.43,0.39,50.54,-12.21,35.1
worker 1,2026-07-27 13:31:57.434,-0.75,-0.46,0.05,45.59,5.68,24.41
worker 1,2026-07-27 13:31:57.434,-0.44,-0.57,-0.19,23.74,-22.83,-26.67
worker 1,2026-07-27 13:31:57.435,-0.44,-0.57,-0.19,23.74,-22.83,-26.67
worker 1,2026-07-27 13:31:57.437,0.13,-0.71,-0.32,-27.16,-66.47,-98.14
worker 1,2026-07-27 13:31:57.438,0.13,-0.71,-0.32,-27.16,-66.47,-98.14
worker 1,2026-07-27 13:31:57.438,0.57,-0.78,-0.29,-54.38,-75.07,-106.26
worker 1,2026-07-27 13:31:57.439,0.57,-0.78,-0.29,-54.38,-75.07,-106.26
worker 1,2026-07-27 13:31:57.439,0.41,-0.28,0.18,28.32,-60.97,5.98
worker 1,2026-07-27 13:31:57.440,-0.33,0.41,0.99,136.72,-74.89,125.55
worker 1,2026-07-27 13:31:57.441,-0.33,0.41,0.99,136.72,-74.89,125.55
worker 1,2026-07-27 13:31:57.442,-0.93,0.21,1.66,115.48,-148.19,61.77
worker 1,2026-07-27 13:31:57.482,-0.93,0.21,1.66,115.48,-148.19,61.77
worker 1,2026-07-27 13:31:57.482,-0.91,-0.76,1.89,24.05,-238.89,-159.0
worker 1,2026-07-27 13:31:58.203,-0.91,-0.76,1.89,24.05,-238.89,-159.0
worker 1,2026-07-27 13:31:58.203,-0.63,-1.49,1.59,-15.93,-241.33,-296.39
worker 1,2026-07-27 13:31:58.203,-0.63,-1.49,1.59,1.46,-147.16,-221.92
worker 1,2026-07-27 13:31:58.203,-0.55,-1.43,1.16,1.46,-147.16,-221.92
worker 1,2026-07-27 13:31:58.204,-0.67,-0.92,1.02,39.43,-41.75,-41.5
worker 1,2026-07-27 13:31:58.204,-0.76,-0.48,1.14,65.55,27.34,84.96
worker 1,2026-07-27 13:31:58.205,-0.69,-0.32,1.29,65.98,61.22,105.16
worker 1,2026-07-27 13:31:58.205,-0.9,0.12,1.07,128.78,44.43,14.28
worker 1,2026-07-27 13:31:58.206,-0.29,1.66,1.41,87.16,-177.67,-3.42
worker 1,2026-07-27 13:31:58.206,0.12,1.78,1.16,99.98,-116.58,37.72
worker 1,2026-07-27 13:31:58.207,0.45,1.46,0.69,99.91,-65.61,42.79
worker 1,2026-07-27 13:31:58.207,0.04,1.09,0.69,114.75,-93.14,16.97
worker 1,2026-07-27 13:31:58.208,0.04,1.09,0.69,114.75,-93.14,16.97
worker 1,2026-07-27 13:31:58.211,-0.84,1.01,1.03,133.42,-144.47,5.31
worker 1,2026-07-27 13:31:58.212,-0.84,1.01,1.03,133.42,-144.47,5.31
worker 1,2026-07-27 13:31:58.212,-1.42,0.98,1.16,113.04,-135.44,2.87
worker 1,2026-07-27 13:31:58.213,1.49,1.28,0.97,84.17,454.77,70.74
worker 1,2026-07-27 13:31:58.214,1.84,0.86,0.2,71.23,353.45,-17.4
worker 1,2026-07-27 13:31:58.214,1.74,0.48,-0.21,36.87,195.37,-103.7
worker 1,2026-07-27 13:31:58.218,1.74,0.48,-0.21,36.87,195.37,-103.7
worker 1,2026-07-27 13:31:58.218,1.32,0.23,-0.15,2.69,44.07,-109.07
worker 1,2026-07-27 13:31:58.219,1.32,0.23,-0.15,2.69,44.07,-109.07
worker 1,2026-07-27 13:31:58.219,0.87,0.16,0.24,-44.37,-83.44,-46.33
worker 1,2026-07-27 13:31:58.219,0.37,0.26,0.88,-121.28,-209.84,3.17
worker 1,2026-07-27 13:31:58.219,-0.19,0.36,1.52,-185.97,-310.0,-9.77
worker 1,2026-07-27 13:31:58.220,-0.41,0.27,1.69,-197.2,-340.21,-77.39
worker 1,2026-07-27 13:31:58.220,-0.16,0.01,1.52,-185.3,-324.95,-165.95
worker 1,2026-07-27 13:31:58.220,0.07,-0.17,1.54,-167.36,-309.02,-211.98
worker 1,2026-07-27 13:31:58.221,0.07,-0.17,1.54,-167.36,-309.02,-211.98
worker 1,2026-07-27 13:31:58.222,0.01,-0.05,1.8,-128.05,-295.1,-171.75
worker 1,2026-07-27 13:31:58.224,-0.16,0.18,1.96,-100.34,-285.28,-108.64
worker 1,2026-07-27 13:31:58.224,-0.26,0.34,1.8,-107.18,-278.5,-67.38
worker 1,2026-07-27 13:31:58.225,-0.26,0.34,1.8,-107.18,-278.5,-67.38
worker 1,2026-07-27 13:31:58.225,-0.41,0.5,1.37,-107.42,-238.1,-19.78
worker 1,2026-07-27 13:31:58.225,-0.51,0.76,0.91,-56.52,-118.1,17.52
worker 1,2026-07-27 13:31:58.225,-0.52,1.06,0.65,28.63,29.85,33.2
worker 1,2026-07-27 13:31:58.226,-0.52,1.06,0.65,28.63,29.85,33.2
worker 1,2026-07-27 13:31:58.226,-0.47,1.09,0.73,70.07,67.44,26.73
worker 1,2026-07-27 13:31:58.227,-0.47,1.09,0.73,70.07,67.44,26.73
worker 1,2026-07-27 13:31:58.227,-0.29,0.84,1.07,44.13,-8.42,-40.47
worker 1,2026-07-27 13:31:58.228,-0.29,0.84,1.07,44.13,-8.42,-40.47
worker 1,2026-07-27 13:31:58.228,-0.11,0.6,1.29,16.91,-68.05,-97.29
worker 1,2026-07-27 13:31:58.229,-0.11,0.6,1.29,16.91,-68.05,-97.29
worker 1,2026-07-27 13:31:58.229,-0.06,0.45,1.24,46.45,-40.71,-48.03
worker 1,2026-07-27 13:31:58.230,-0.06,0.45,1.24,87.22,25.33,40.95
worker 1,2026-07-27 13:31:59.106,-0.06,0.39,1.01,87.22,25.33,40.95
worker 1,2026-07-27 13:31:59.123,-0.06,0.38,0.75,81.18,61.1,81.42
worker 1,2026-07-27 13:31:59.124,-0.06,0.38,0.75,81.18,61.1,81.42
worker 1,2026-07-27 13:31:59.153,-0.07,0.38,0.62,52.67,61.34,71.47
worker 1,2026-07-27 13:31:59.166,-0.05,0.38,0.63,39.49,54.02,41.81
worker 1,2026-07-27 13:31:59.166,0.03,0.35,0.73,47.91,54.63,5.68
worker 1,2026-07-27 13:31:59.167,0.15,0.28,0.93,62.74,57.43,-32.59
worker 1,2026-07-27 13:31:59.167,0.36,0.18,1.18,63.17,53.53,-66.04
worker 1,2026-07-27 13:31:59.167,0.7,-0.05,1.36,35.4,46.75,-84.35
worker 1,2026-07-27 13:31:59.167,0.7,-0.05,1.36,-15.75,50.78,-42.72
worker 1,2026-07-27 13:31:59.167,0.97,-0.21,1.34,-15.75,50.78,-42.72
worker 1,2026-07-27 13:31:59.167,1.0,0.13,1.22,-70.43,84.17,100.04
worker 1,2026-07-27 13:31:59.167,0.81,0.85,0.99,-105.53,146.06,269.65
worker 1,2026-07-27 13:31:59.167,0.57,1.24,0.64,-94.73,196.11,324.34
worker 1,2026-07-27 13:31:59.174,0.57,1.24,0.64,-38.7,188.05,229.98
worker 1,2026-07-27 13:31:59.174,0.45,1.11,0.43,-38.7,188.05,229.98
worker 1,2026-07-27 13:31:59.174,0.46,0.85,0.4,11.47,116.21,73.61
worker 1,2026-07-27 13:31:59.175,0.46,0.85,0.4,11.47,116.21,73.61
worker 1,2026-07-27 13:31:59.175,0.54,0.71,0.45,20.26,14.71,-60.18
worker 1,2026-07-27 13:31:59.180,0.54,0.71,0.45,20.26,14.71,-60.18
worker 1,2026-07-27 13:31:59.180,0.59,0.66,0.53,13.73,-74.1,-133.06
worker 1,2026-07-27 13:31:59.181,0.58,0.61,0.63,24.78,-125.92,-140.08
worker 1,2026-07-27 13:31:59.181,0.52,0.56,0.72,46.02,-148.86,-109.86
worker 1,2026-07-27 13:31:59.181,0.47,0.53,0.81,55.48,-165.22,-83.44
worker 1,2026-07-27 13:31:59.181,0.46,0.49,0.89,49.68,-183.84,-80.02
worker 1,2026-07-27 13:31:59.184,0.46,0.49,0.89,49.68,-183.84,-80.02
worker 1,2026-07-27 13:31:59.184,0.44,0.4,0.96,34.61,-202.15,-88.26
worker 1,2026-07-27 13:31:59.191,0.44,0.4,0.96,14.65,-208.5,-74.83
worker 1,2026-07-27 13:31:59.192,0.35,0.31,0.97,14.65,-208.5,-74.83
worker 1,2026-07-27 13:31:59.192,0.22,0.35,0.92,-3.48,-183.35,-11.96
worker 1,2026-07-27 13:32:00.721,0.22,0.35,0.92,-3.48,-183.35,-11.96
worker 1,2026-07-27 13:32:00.722,0.13,0.52,0.84,-9.77,-125.0,82.28
worker 1,2026-07-27 13:32:00.722,0.05,0.73,0.75,0.79,-59.39,156.25
worker 1,2026-07-27 13:32:00.723,-0.01,0.9,0.7,20.51,-8.54,174.01
worker 1,2026-07-27 13:32:00.723,0.01,0.93,0.75,32.71,21.48,127.69
worker 1,2026-07-27 13:32:00.724,0.15,0.87,0.89,25.51,39.61,45.72
worker 1,2026-07-27 13:32:00.725,0.15,0.87,0.89,25.51,39.61,45.72
worker 1,2026-07-27 13:32:00.975,0.15,0.87,0.89,25.51,39.61,45.72
worker 1,2026-07-27 13:32:00.996,0.15,0.87,0.89,25.51,39.61,45.72
worker 1,2026-07-27 13:32:01.035,0.47,0.84,1.03,-3.23,95.4,-71.29
worker 1,2026-07-27 13:32:01.035,0.6,0.79,1.04,-4.82,117.31,-118.71
worker 1,2026-07-27 13:32:01.039,0.6,0.79,1.04,-4.82,117.31,-118.71
worker 1,2026-07-27 13:32:01.082,0.7,0.68,1.02,-6.47,119.57,-165.89
worker 1,2026-07-27 13:32:01.440,0.7,0.68,1.02,-6.47,119.57,-165.89
worker 1,2026-07-27 13:32:01.440,0.77,0.56,0.98,-15.5,106.69,-196.11
worker 1,2026-07-27 13:32:01.441,0.81,0.46,0.91,-30.64,88.2,-199.77
worker 1,2026-07-27 13:32:01.442,0.81,0.46,0.91,-43.4,67.38,-179.99
worker 1,2026-07-27 13:32:01.442,0.84,0.37,0.84,-43.4,67.38,-179.99
worker 1,2026-07-27 13:32:01.444,0.86,0.28,0.79,-46.45,41.26,-144.84
worker 1,2026-07-27 13:32:01.444,0.88,0.17,0.76,-41.75,6.77,-97.96
worker 1,2026-07-27 13:32:01.444,0.91,0.09,0.72,-40.16,-32.9,-37.72
worker 1,2026-07-27 13:32:01.448,0.91,0.09,0.72,-40.16,-32.9,-37.72
worker 1,2026-07-27 13:32:01.448,0.99,0.07,0.64,-49.19,-73.43,28.69
worker 1,2026-07-27 13:32:01.448,0.99,0.07,0.64,-56.88,-126.22,87.34
worker 1,2026-07-27 13:32:01.454,1.05,0.13,0.71,-56.88,-126.22,87.34
worker 1,2026-07-27 13:32:01.454,0.98,0.22,1.08,-54.44,-204.53,127.87
worker 1,2026-07-27 13:32:01.454,0.7,0.22,1.74,-54.08,-302.06,124.02
worker 1,2026-07-27 13:32:01.455,0.7,0.22,1.74,-54.08,-302.06,124.02
worker 1,2026-07-27 13:32:01.455,0.23,0.02,2.45,-80.99,-392.03,57.19
worker 1,2026-07-27 13:32:01.455,-0.28,0.5,2.08,-163.09,-380.07,-21.91
worker 1,2026-07-27 13:32:01.455,-0.28,1.25,1.0,-279.48,-301.57,-124.76
worker 1,2026-07-27 13:32:01.456,-0.28,1.25,1.0,-279.48,-301.57,-124.76
worker 1,2026-07-27 13:32:01.456,0.39,0.93,0.56,-277.16,-210.39,-177.0
worker 1,2026-07-27 13:32:01.457,0.39,0.93,0.56,-277.16,-210.39,-177.0
worker 1,2026-07-27 13:32:01.457,0.97,0.33,0.47,-95.46,-60.85,-89.48
worker 1,2026-07-27 13:32:01.460,0.97,0.33,0.47,-95.46,-60.85,-89.48
worker 1,2026-07-27 13:32:01.460,1.06,0.13,0.41,76.66,42.91,5.13
worker 1,2026-07-27 13:32:01.460,0.9,0.16,0.44,103.39,39.49,16.91
worker 1,2026-07-27 13:32:01.460,0.83,0.25,0.57,33.51,1.28,-19.1
worker 1,2026-07-27 13:32:01.461,0.83,0.25,0.57,33.51,1.28,-19.1
worker 1,2026-07-27 13:32:01.491,0.95,0.39,0.49,-32.17,3.97,-41.93
worker 1,2026-07-27 13:32:01.492,0.95,0.39,0.49,-32.17,3.97,-41.93
worker 1,2026-07-27 13:32:02.290,1.11,0.68,0.2,-65.55,44.37,-33.02
worker 1,2026-07-27 13:32:02.322,1.11,0.68,0.2,-65.55,44.37,-33.02
worker 1,2026-07-27 13:32:02.323,1.02,0.73,0.2,-78.74,53.53,-8.06
worker 1,2026-07-27 13:32:02.323,0.72,0.61,0.32,-87.52,36.68,-3.3
worker 1,2026-07-27 13:32:02.323,0.56,0.56,0.3,-101.2,27.22,-35.22
worker 1,2026-07-27 13:32:02.323,0.61,0.43,0.29,-93.02,29.48,-71.78
worker 1,2026-07-27 13:32:02.323,0.68,0.33,0.31,-54.69,47.36,-77.09
worker 1,2026-07-27 13:32:02.323,0.52,0.25,0.65,0.06,12.27,-18.31
worker 1,2026-07-27 13:32:02.323,0.56,0.13,0.69,32.84,-2.32,14.95
worker 1,2026-07-27 13:32:02.323,0.57,0.35,0.8,83.5,4.15,106.57
worker 1,2026-07-27 13:32:02.323,0.51,0.92,0.87,134.7,38.64,232.18
worker 1,2026-07-27 13:32:02.329,0.51,0.92,0.87,134.7,38.64,232.18
worker 1,2026-07-27 13:32:02.340,0.33,1.27,0.9,204.41,83.5,310.55
worker 1,2026-07-27 13:32:02.341,0.33,1.27,0.9,204.41,83.5,310.55
worker 1,2026-07-27 13:32:02.342,0.14,1.01,1.02,271.85,128.17,265.93
worker 1,2026-07-27 13:32:02.344,0.14,1.01,1.02,271.85,128.17,265.93
worker 1,2026-07-27 13:32:02.344,0.66,0.28,1.39,75.01,74.22,-178.04
worker 1,2026-07-27 13:32:02.347,1.01,0.32,1.49,-76.42,47.79,-305.66
worker 1,2026-07-27 13:32:02.353,1.01,0.32,1.49,-76.42,47.79,-305.66
worker 1,2026-07-27 13:32:02.353,1.14,0.39,1.46,-148.25,68.66,-306.03
worker 1,2026-07-27 13:32:02.354,1.14,0.39,1.46,-148.25,68.66,-306.03
worker 1,2026-07-27 13:32:02.354,0.19,0.58,0.93,34.67,-50.35,106.08
worker 1,2026-07-27 13:32:02.354,0.18,0.68,0.99,34.67,-50.35,106.08
worker 1,2026-07-27 13:32:02.354,0.15,0.97,1.02,76.6,-51.57,121.15
worker 1,2026-07-27 13:32:02.355,0.13,1.19,0.95,122.07,-13.55,137.7
worker 1,2026-07-27 13:32:02.356,0.13,1.19,0.95,122.07,-13.55,137.7
worker 1,2026-07-27 13:32:02.356,0.09,1.09,0.84,138.55,-3.42,86.85
worker 1,2026-07-27 13:32:02.356,0.11,0.88,0.79,108.89,-46.26,-31.07
worker 1,2026-07-27 13:32:02.356,0.11,0.88,0.79,56.21,-100.59,-162.72
worker 1,2026-07-27 13:32:02.356,0.26,0.76,0.78,56.21,-100.59,-162.72
worker 1,2026-07-27 13:32:02.357,0.46,0.65,0.8,16.17,-148.38,-271.0
worker 1,2026-07-27 13:32:02.358,0.61,0.39,0.82,-8.54,-196.72,-338.62
worker 1,2026-07-27 13:32:02.358,0.58,-0.01,0.79,-26.06,-230.77,-346.5
worker 1,2026-07-27 13:32:02.358,0.16,-0.28,0.79,6.71,-173.03,-171.69
worker 1,2026-07-27 13:32:02.358,0.16,-0.28,0.79,43.33,-99.91,-46.33
worker 1,2026-07-27 13:32:02.358,0.02,-0.06,0.91,43.33,-99.91,-46.33
worker 1,2026-07-27 13:32:02.361,0.03,0.22,1.08,64.51,-38.27,34.24
worker 1,2026-07-27 13:32:02.361,0.17,0.4,1.3,55.3,-16.24,35.52
worker 1,2026-07-27 13:32:02.362,0.17,0.4,1.3,55.3,-16.24,35.52
worker 1,2026-07-27 13:32:02.362,0.21,0.42,1.54,20.87,-39.67,-16.78
worker 1,2026-07-27 13:32:02.362,0.09,0.31,1.67,-31.19,-82.52,-64.03
worker 1,2026-07-27 13:32:02.362,0.09,0.31,1.67,-87.95,-90.03,-60.79
worker 1,2026-07-27 13:32:02.362,-0.0,0.24,1.64,-87.95,-90.03,-60.79
worker 1,2026-07-27 13:32:02.956,-0.07,0.36,1.59,-101.07,-24.23,17.09
worker 1,2026-07-27 13:32:03.182,-0.07,0.36,1.59,-101.07,-24.23,17.09
worker 1,2026-07-27 13:32:03.192,-0.19,0.57,1.57,-54.5,91.49,129.64
worker 1,2026-07-27 13:32:03.193,-0.19,0.57,1.57,-54.5,91.49,129.64
worker 1,2026-07-27 13:32:03.193,-0.25,0.74,1.5,-17.33,196.04,182.98
worker 1,2026-07-27 13:32:03.193,-0.16,0.83,1.3,-36.38,246.4,143.01
worker 1,2026-07-27 13:32:03.193,0.01,0.8,1.02,-64.94,253.42,69.34
worker 1,2026-07-27 13:32:03.193,0.14,0.66,0.77,-48.03,253.66,27.65
worker 1,2026-07-27 13:32:03.202,0.25,0.48,0.58,-5.37,248.05,18.07
worker 1,2026-07-27 13:32:03.202,0.34,0.29,0.45,11.84,205.2,5.19
worker 1,2026-07-27 13:32:03.202,0.4,0.15,0.35,-7.39,116.7,-18.19
worker 1,2026-07-27 13:32:03.211,0.45,0.07,0.28,-41.69,-3.42,-33.63
worker 1,2026-07-27 13:32:03.211,0.57,0.1,0.27,-60.73,-128.97,-25.88
worker 1,2026-07-27 13:32:03.212,0.57,0.1,0.27,-52.25,-221.62,13.24
worker 1,2026-07-27 13:32:03.212,0.75,0.19,0.49,-52.25,-221.62,13.24
worker 1,2026-07-27 13:32:03.212,0.91,0.3,0.86,0.55,-248.72,72.75
worker 1,2026-07-27 13:32:03.212,0.96,0.47,1.16,79.22,-221.19,140.44
worker 1,2026-07-27 13:32:03.212,0.77,0.64,1.34,110.9,-174.26,193.36
worker 1,2026-07-27 13:32:03.212,0.77,0.64,1.34,66.53,-121.58,187.19
worker 1,2026-07-27 13:32:03.212,0.4,0.76,1.38,66.53,-121.58,187.19
worker 1,2026-07-27 13:32:03.212,0.07,0.77,1.24,-24.29,-71.9,111.08
worker 1,2026-07-27 13:32:03.212,-0.1,0.68,1.03,-94.67,-45.23,16.6
worker 1,2026-07-27 13:32:03.212,-0.11,0.56,0.9,-97.53,-52.31,-36.38
worker 1,2026-07-27 13:32:03.853,-0.03,0.47,0.91,-50.84,-68.66,-38.7
worker 1,2026-07-27 13:32:04.809,-0.03,0.47,0.91,5.86,-69.95,-13.55
worker 1,2026-07-27 13:32:04.813,0.07,0.44,1.0,5.86,-69.95,-13.55
worker 1,2026-07-27 13:32:04.984,0.23,0.48,1.14,52.73,-54.26,12.21
worker 1,2026-07-27 13:32:05.105,0.23,0.48,1.14,52.73,-54.26,12.21
worker 1,2026-07-27 13:32:05.110,0.43,0.6,1.29,88.38,-30.46,26.0
worker 1,2026-07-27 13:32:05.111,0.43,0.6,1.29,88.38,-30.46,26.0
worker 1,2026-07-27 13:32:05.117,0.45,0.69,1.43,118.04,-5.74,37.05
worker 1,2026-07-27 13:32:05.117,0.28,0.62,1.36,120.42,23.38,44.98
worker 1,2026-07-27 13:32:05.117,0.19,0.45,1.06,80.38,57.37,35.89
worker 1,2026-07-27 13:32:05.117,0.24,0.3,0.76,39.73,85.33,21.85
worker 1,2026-07-27 13:32:05.118,0.24,0.3,0.76,39.73,85.33,21.85
worker 1,2026-07-27 13:32:05.118,0.34,0.27,0.69,44.37,97.29,29.66
worker 1,2026-07-27 13:32:05.118,0.34,0.35,0.85,92.04,96.19,64.76
worker 1,2026-07-27 13:32:05.118,0.25,0.49,1.09,142.58,97.23,96.31
worker 1,2026-07-27 13:32:05.118,0.21,0.56,1.18,152.65,107.85,84.29
worker 1,2026-07-27 13:32:05.118,0.26,0.5,1.11,108.95,112.67,24.23
worker 1,2026-07-27 13:32:05.118,0.38,0.42,1.01,34.24,97.84,-51.33
worker 1,2026-07-27 13:32:05.118,0.51,0.38,0.94,-37.84,76.54,-106.38
worker 1,2026-07-27 13:32:05.118,0.6,0.36,0.91,-85.14,65.19,-127.69
worker 1,2026-07-27 13:32:05.119,0.6,0.36,0.91,-85.14,65.19,-127.69
worker 1,2026-07-27 13:32:05.120,0.63,0.3,0.87,-104.55,64.94,-118.84
worker 1,2026-07-27 13:32:05.121,0.63,0.3,0.87,-98.51,68.42,-81.73
worker 1,2026-07-27 13:32:05.121,0.62,0.26,0.77,-98.51,68.42,-81.73
worker 1,2026-07-27 13:32:05.409,0.64,0.35,0.63,-66.16,67.75,-20.2
worker 1,2026-07-27 13:32:05.425,0.64,0.35,0.63,-66.16,67.75,-20.2
worker 1,2026-07-27 13:32:05.834,0.51,0.55,0.54,-14.77,55.3,53.22
worker 1,2026-07-27 13:32:06.673,0.51,0.55,0.54,-14.77,55.3,53.22
worker 1,2026-07-27 13:32:06.673,0.16,0.76,0.53,34.55,30.76,122.62
worker 1,2026-07-27 13:32:06.674,0.16,0.76,0.53,34.55,30.76,122.62
worker 1,2026-07-27 13:32:06.674,-0.12,0.96,0.5,51.64,14.22,158.69
worker 1,2026-07-27 13:32:07.683,-0.1,1.03,0.49,37.78,10.93,138.73
worker 1,2026-07-27 13:32:07.693,-0.1,1.03,0.49,37.78,10.93,138.73
worker 1,2026-07-27 13:32:07.693,0.03,0.94,0.64,22.83,-3.42,84.11
worker 1,2026-07-27 13:32:07.693,0.07,0.75,0.88,6.47,-42.3,28.02
worker 1,2026-07-27 13:32:07.694,0.02,0.53,1.04,-18.92,-79.9,-9.52
worker 1,2026-07-27 13:32:07.694,-0.05,0.42,1.02,-37.6,-78.74,-9.77
worker 1,2026-07-27 13:32:07.694,-0.05,0.42,1.02,-37.54,-42.05,22.03
worker 1,2026-07-27 13:32:07.694,-0.11,0.44,0.9,-37.54,-42.05,22.03
worker 1,2026-07-27 13:32:07.694,-0.13,0.52,0.85,-29.48,0.12,57.86
worker 1,2026-07-27 13:32:07.698,-0.13,0.52,0.85,-29.48,0.12,57.86
worker 1,2026-07-27 13:32:07.735,-0.17,0.52,0.92,-33.39,30.46,84.66
worker 1,2026-07-27 13:32:07.735,-0.27,0.43,1.02,-55.05,55.24,115.91
worker 1,2026-07-27 13:32:08.866,-0.31,0.33,1.06,-71.78,75.93,145.14
worker 1,2026-07-27 13:32:08.867,-0.31,0.33,1.06,-71.78,75.93,145.14
worker 1,2026-07-27 13:32:08.913,-0.16,0.22,1.07,-44.49,61.71,114.56
worker 1,2026-07-27 13:32:08.914,0.21,0.11,1.14,43.52,-15.81,11.9
worker 1,2026-07-27 13:32:08.914,0.56,-0.01,1.21,127.75,-101.26,-70.92
worker 1,2026-07-27 13:32:08.915,0.56,-0.01,1.21,127.75,-101.26,-70.92
worker 1,2026-07-27 13:32:08.915,0.72,-0.11,1.1,119.02,-94.67,-41.99
worker 1,2026-07-27 13:32:08.915,1.0,0.33,-1.18,21.06,-16.78,79.65
worker 1,2026-07-27 13:32:08.927,-0.99,0.31,1.9,75.2,-126.28,122.07
worker 1,2026-07-27 13:32:08.928,-1.81,0.82,0.65,-58.17,-62.07,48.52
worker 1,2026-07-27 13:32:08.928,-1.81,0.82,0.65,-122.74,-22.03,-101.81
worker 1,2026-07-27 13:32:08.928,-1.87,0.61,-0.14,-122.74,-22.03,-101.81
worker 1,2026-07-27 13:32:08.928,-1.43,0.06,-0.02,-112.0,-35.64,-212.83
worker 1,2026-07-27 13:32:08.938,-1.43,0.06,-0.02,-112.0,-35.64,-212.83
worker 1,2026-07-27 13:32:08.938,-0.8,-0.23,0.55,-122.56,-64.51,-227.48
worker 1,2026-07-27 13:32:08.938,-0.12,-0.25,1.39,-159.61,-39.12,-161.25
worker 1,2026-07-27 13:32:08.939,1.06,-0.06,2.72,-170.53,47.06,-44.37
worker 1,2026-07-27 13:32:08.939,2.87,0.82,3.93,-133.61,207.95,101.75
worker 1,2026-07-27 13:32:08.939,4.0,1.7,4.0,-84.11,451.84,228.03
worker 1,2026-07-27 13:32:08.940,4.0,1.7,4.0,-84.11,451.84,228.03
worker 1,2026-07-27 13:32:08.940,4.0,1.17,2.6,-64.03,633.06,245.67
worker 1,2026-07-27 13:32:09.544,3.57,0.16,0.5,-89.6,615.54,186.95
worker 1,2026-07-27 13:32:09.545,3.57,0.16,0.5,-89.6,615.54,186.95
worker 1,2026-07-27 13:32:09.545,2.63,-0.2,-0.83,-106.87,442.02,157.59
worker 1,2026-07-27 13:32:09.552,2.63,-0.2,-0.83,-106.87,442.02,157.59
worker 1,2026-07-27 13:32:09.552,2.11,-0.11,-1.36,-60.36,260.62,170.9
worker 1,2026-07-27 13:32:09.553,2.11,-0.11,-1.36,-60.36,260.62,170.9
worker 1,2026-07-27 13:32:09.553,2.01,0.08,-1.83,-17.4,138.18,188.9
worker 1,2026-07-27 13:32:09.553,2.09,0.19,-2.22,-19.47,-3.85,178.53
worker 1,2026-07-27 13:32:09.553,2.53,0.55,-2.03,21.48,-183.23,162.66
worker 1,2026-07-27 13:32:09.553,3.37,1.55,-0.47,150.45,-346.44,168.7
worker 1,2026-07-27 13:32:09.554,3.37,1.55,-0.47,150.45,-346.44,168.7
worker 1,2026-07-27 13:32:09.554,3.95,3.0,2.24,258.85,-479.86,218.87
worker 1,2026-07-27 13:32:09.555,3.28,3.9,3.87,225.59,-486.57,316.47
worker 1,2026-07-27 13:32:09.559,-0.56,2.1,1.53,-54.99,-105.96,170.78
worker 1,2026-07-27 13:32:09.559,3.32,0.95,3.48,9.28,-470.03,-246.4
worker 1,2026-07-27 13:32:09.563,1.48,0.56,3.29,7.32,-451.42,-149.66
worker 1,2026-07-27 13:32:09.602,-0.33,0.16,1.99,66.22,-213.32,-33.81
worker 1,2026-07-27 13:32:09.602,0.35,0.7,-0.81,-36.19,80.38,248.96
worker 1,2026-07-27 13:32:09.602,-0.46,-0.09,0.36,49.26,-14.59,-29.72
worker 1,2026-07-27 13:32:09.603,-0.31,-0.57,1.57,68.05,-23.32,-14.22
worker 1,2026-07-27 13:32:09.603,0.17,-0.81,3.21,123.6,-17.27,53.16
worker 1,2026-07-27 13:32:09.604,0.17,-0.81,3.21,99.91,120.48,157.1
worker 1,2026-07-27 13:32:09.604,0.78,-0.44,3.33,99.91,120.48,157.1
worker 1,2026-07-27 13:32:09.604,1.11,-0.02,1.9,-42.42,307.68,216.55
worker 1,2026-07-27 13:32:09.605,1.11,-0.02,1.9,-42.42,307.68,216.55
worker 1,2026-07-27 13:32:09.605,1.09,0.27,0.38,-141.05,379.64,236.27
worker 1,2026-07-27 13:32:09.606,1.09,0.27,0.38,-141.05,379.64,236.27
worker 1,2026-07-27 13:32:09.607,0.84,0.41,-0.38,-132.93,324.4,237.79
worker 1,2026-07-27 13:32:09.608,0.53,0.42,-0.48,-85.82,198.49,209.17
worker 1,2026-07-27 13:32:09.610,0.31,0.39,-0.36,-61.46,74.4,167.24
worker 1,2026-07-27 13:32:09.611,0.27,0.28,-0.31,-51.45,-4.52,132.32
worker 1,2026-07-27 13:32:09.611,-0.41,-0.36,1.11,-5.19,5.86,93.99
worker 1,2026-07-27 13:32:09.611,-0.32,-0.21,1.11,-18.68,17.58,132.02
worker 1,2026-07-27 13:32:09.612,-0.32,-0.21,1.11,-18.68,17.58,132.02
worker 1,2026-07-27 13:32:09.899,-0.23,-0.05,0.94,-41.14,46.45,157.71
worker 1,2026-07-27 13:32:09.899,-0.17,0.1,0.82,-44.25,63.23,169.43
worker 1,2026-07-27 13:32:09.901,-0.17,0.24,0.79,-28.93,64.58,166.08
worker 1,2026-07-27 13:32:09.909,-0.17,0.24,0.79,-28.93,64.58,166.08
worker 1,2026-07-27 13:32:09.910,-0.19,0.32,0.8,-20.75,50.23,140.01
worker 1,2026-07-27 13:32:09.910,-0.18,0.31,0.7,-30.94,27.53,96.74
worker 1,2026-07-27 13:32:09.910,-0.1,0.26,0.44,-48.83,0.79,56.15
worker 1,2026-07-27 13:32:09.910,0.03,0.25,0.18,-60.61,-37.72,31.49
worker 1,2026-07-27 13:32:09.911,0.24,0.33,0.17,-58.29,-98.75,22.16
worker 1,2026-07-27 13:32:09.912,0.24,0.33,0.17,-58.29,-98.75,22.16
worker 1,2026-07-27 13:32:09.912,0.56,0.46,0.41,-38.21,-175.54,19.59
worker 1,2026-07-27 13:32:09.913,0.9,0.6,0.86,0.61,-242.8,23.8
worker 1,2026-07-27 13:32:12.378,0.9,0.6,0.86,0.61,-242.8,23.8
worker 1,2026-07-27 13:32:12.398,1.04,0.71,1.5,39.12,-284.73,36.01
worker 1,2026-07-27 13:32:12.411,0.87,0.68,1.88,33.2,-285.22,43.76
worker 1,2026-07-27 13:32:12.411,0.61,0.53,1.68,-3.66,-237.24,43.4
worker 1,2026-07-27 13:32:12.412,0.52,0.33,1.23,46.14,-80.75,40.47
worker 1,2026-07-27 13:32:13.515,0.52,0.33,1.23,46.14,-80.75,40.47
worker 1,2026-07-27 13:32:13.515,0.35,0.32,1.3,10.31,-49.74,14.77
worker 1,2026-07-27 13:32:13.516,0.35,0.32,1.3,-12.27,7.02,-6.35
worker 1,2026-07-27 13:32:13.550,0.14,0.31,1.15,-12.27,7.02,-6.35
worker 1,2026-07-27 13:32:13.550,0.03,0.18,0.9,-26.31,62.87,-34.85
worker 1,2026-07-27 13:32:13.693,0.01,0.0,0.68,-40.83,97.53,-65.12
worker 1,2026-07-27 13:32:13.693,0.05,-0.11,0.63,-51.39,111.76,-77.7
worker 1,2026-07-27 13:32:13.693,0.19,-0.19,0.98,-54.81,102.23,-75.56
worker 1,2026-07-27 13:32:13.694,0.47,-0.28,1.99,-49.68,70.86,-64.45
worker 1,2026-07-27 13:32:13.694,0.91,-0.27,3.13,-48.34,78.0,-19.59
worker 1,2026-07-27 13:32:13.694,1.4,-0.1,3.74,-43.46,174.44,70.74
worker 1,2026-07-27 13:32:13.752,1.75,0.11,3.4,-50.29,306.88,156.37
worker 1,2026-07-27 13:32:13.752,1.81,0.23,1.85,-87.77,418.64,205.75
worker 1,2026-07-27 13:32:13.813,1.81,0.23,1.85,-87.77,418.64,205.75
worker 1,2026-07-27 13:32:13.813,1.52,0.25,-0.2,-105.16,483.34,231.51
worker 1,2026-07-27 13:32:13.813,1.12,0.18,-1.55,-92.83,413.09,212.77
worker 1,2026-07-27 13:32:13.814,1.12,0.18,-1.55,-92.83,413.09,212.77
worker 1,2026-07-27 13:32:13.814,1.09,0.02,-1.79,-97.11,186.28,131.96
worker 1,2026-07-27 13:32:13.814,1.42,-0.07,-1.4,-125.79,-68.54,53.04
worker 1,2026-07-27 13:32:13.814,1.78,0.15,-0.73,-119.2,-249.94,46.51
worker 1,2026-07-27 13:32:13.829,2.18,0.74,0.13,-43.76,-358.09,80.81
worker 1,2026-07-27 13:32:13.829,2.97,1.31,1.64,64.21,-440.06,74.83
worker 1,2026-07-27 13:32:13.830,3.54,1.16,3.42,108.46,-522.89,0.0
worker 1,2026-07-27 13:32:13.830,3.54,1.16,3.42,46.94,-492.49,-53.28
worker 1,2026-07-27 13:32:13.830,2.8,0.53,4.0,46.94,-492.49,-53.28
worker 1,2026-07-27 13:32:13.830,1.0,0.12,3.36,-10.86,-299.44,-21.3
worker 1,2026-07-27 13:32:13.830,-0.59,-0.03,1.96,-43.09,-112.73,-2.56
worker 1,2026-07-27 13:32:13.850,-1.26,-0.02,0.64,-81.85,-12.82,-43.46
worker 1,2026-07-27 13:32:13.851,-1.26,-0.02,0.64,-81.85,-12.82,-43.46
worker 1,2026-07-27 13:32:13.852,-1.24,0.04,-0.12,-76.35,44.13,-82.76
worker 1,2026-07-27 13:32:13.852,-1.24,0.04,-0.12,-30.4,85.14,-89.78
worker 1,2026-07-27 13:32:13.852,-1.03,0.08,-0.35,-30.4,85.14,-89.78
worker 1,2026-07-27 13:32:13.852,-0.83,0.14,-0.41,9.46,128.6,-81.97
worker 1,2026-07-27 13:32:13.853,-0.65,0.09,-0.29,20.14,156.31,-97.53
worker 1,2026-07-27 13:32:13.871,-0.65,0.09,-0.29,20.14,156.31,-97.53
worker 1,2026-07-27 13:32:13.871,-0.48,-0.62,0.9,-15.01,104.49,-152.95
worker 1,2026-07-27 13:32:13.871,0.32,-1.49,2.96,-77.15,20.87,-164.31
worker 1,2026-07-27 13:32:13.871,2.0,-1.19,4.0,-139.95,115.48,-5.62
worker 1,2026-07-27 13:32:13.879,2.0,-1.19,4.0,-139.95,115.48,-5.62
worker 1,2026-07-27 13:32:13.887,3.38,-0.06,3.0,-176.57,376.22,254.76
worker 1,2026-07-27 13:32:13.887,2.47,-0.33,2.82,-145.94,388.85,141.97
worker 1,2026-07-27 13:32:13.887,2.26,0.05,0.71,-193.05,483.09,210.82
worker 1,2026-07-27 13:32:13.888,2.26,0.05,0.71,-193.05,483.09,210.82
worker 1,2026-07-27 13:32:13.888,1.67,0.22,-0.73,-170.53,384.28,206.85
worker 1,2026-07-27 13:32:13.888,0.85,0.7,-0.31,0.31,-116.39,17.58
worker 1,2026-07-27 13:32:13.888,1.23,0.8,0.19,28.14,-169.98,-86.85
worker 1,2026-07-27 13:32:14.031,1.93,0.39,1.73,61.34,-267.15,-194.46
worker 1,2026-07-27 13:32:14.038,2.07,-0.4,3.55,66.71,-354.0,-255.68
worker 1,2026-07-27 13:32:14.039,2.07,-0.4,3.55,66.71,-354.0,-255.68
worker 1,2026-07-27 13:32:14.045,1.12,-0.62,3.69,30.09,-306.52,-184.14
worker 1,2026-07-27 13:32:14.046,-0.1,-0.26,2.21,5.19,-156.8,-37.41
worker 1,2026-07-27 13:32:14.047,-0.1,-0.26,2.21,5.19,-156.8,-37.41
worker 1,2026-07-27 13:32:14.047,-0.81,0.04,0.7,8.48,-59.63,21.42
worker 1,2026-07-27 13:32:14.048,-0.97,0.03,0.03,-9.46,-54.14,-30.64
worker 1,2026-07-27 13:32:14.048,-0.91,-0.06,0.02,-33.81,-64.88,-85.27
worker 1,2026-07-27 13:32:14.048,-0.82,-0.04,0.17,-22.34,-27.65,-73.79
worker 1,2026-07-27 13:32:14.049,-0.82,-0.04,0.17,-22.34,-27.65,-73.79
worker 1,2026-07-27 13:32:14.050,-0.73,-0.01,0.29,6.47,47.24,-44.19
worker 1,2026-07-27 13:32:14.055,-0.73,-0.01,0.29,6.47,47.24,-44.19
worker 1,2026-07-27 13:32:14.055,-0.65,-0.44,0.95,1.1,91.67,-60.3
worker 1,2026-07-27 13:32:14.056,-0.65,-0.44,0.95,1.1,91.67,-60.3
worker 1,2026-07-27 13:32:14.060,0.05,-1.39,2.57,-33.14,67.26,-103.52
worker 1,2026-07-27 13:32:14.061,0.05,-1.39,2.57,-33.14,67.26,-103.52
worker 1,2026-07-27 13:32:14.061,1.47,-1.74,3.81,-74.4,101.87,-36.99
worker 1,2026-07-27 13:32:14.061,2.51,-0.85,3.18,-119.51,258.3,174.32
worker 1,2026-07-27 13:32:14.286,2.57,0.29,1.27,-135.5,372.86,348.39
worker 1,2026-07-27 13:32:14.289,2.57,0.29,1.27,-135.5,372.86,348.39
worker 1,2026-07-27 13:32:14.291,1.98,0.91,-0.43,-109.31,344.18,387.88
worker 1,2026-07-27 13:32:14.291,1.3,1.1,-1.13,-66.22,215.52,346.74
worker 1,2026-07-27 13:32:14.293,0.83,1.02,-0.99,-50.54,70.68,242.13
worker 1,2026-07-27 13:32:14.294,0.83,1.02,-0.99,-50.54,70.68,242.13
worker 1,2026-07-27 13:32:14.295,0.66,0.79,-0.54,-64.88,-40.22,74.16
worker 1,2026-07-27 13:32:14.713,0.78,0.5,0.04,-51.7,-128.97,-108.15
worker 1,2026-07-27 13:32:14.714,1.17,0.28,1.05,25.88,-227.36,-237.43
worker 1,2026-07-27 13:32:14.729,1.67,0.09,2.66,131.59,-343.93,-273.44
worker 1,2026-07-27 13:32:14.730,1.66,-0.1,3.81,156.31,-422.06,-231.2
worker 1,2026-07-27 13:32:14.730,0.92,-0.01,3.27,50.84,-338.87,-117.68
worker 1,2026-07-27 13:32:14.731,-0.02,0.21,1.62,-40.28,-119.2,1.4
worker 1,2026-07-27 13:32:14.879,-0.02,0.21,1.62,-40.28,-119.2,1.4
worker 1,2026-07-27 13:32:14.880,-0.6,0.2,0.37,-14.83,42.05,22.46
worker 1,2026-07-27 13:32:14.881,-0.78,0.04,-0.02,33.14,66.65,-35.77
worker 1,2026-07-27 13:32:15.041,-0.78,0.04,-0.02,33.14,66.65,-35.77
worker 1,2026-07-27 13:32:15.042,-0.76,-0.08,0.02,37.41,41.26,-80.75
worker 1,2026-07-27 13:32:15.095,-0.69,-0.09,0.11,25.94,46.94,-70.56
worker 1,2026-07-27 13:32:15.806,-0.69,-0.09,0.11,25.94,46.94,-70.56
worker 1,2026-07-27 13:32:15.813,-0.62,-0.2,0.31,16.24,77.33,-43.7
worker 1,2026-07-27 13:32:15.814,-0.62,-0.2,0.31,16.24,77.33,-43.7
worker 1,2026-07-27 13:32:15.820,-0.35,-0.86,1.52,3.36,65.37,-48.83
worker 1,2026-07-27 13:32:15.821,0.43,-1.52,3.32,-14.77,43.82,-34.42
worker 1,2026-07-27 13:32:15.823,0.43,-1.52,3.32,-14.77,43.82,-34.42
worker 1,2026-07-27 13:32:15.823,1.36,-1.15,3.89,-83.37,135.07,85.08
worker 1,2026-07-27 13:32:15.824,1.85,-0.12,2.96,-179.63,271.73,242.07
worker 1,2026-07-27 13:32:15.824,1.95,0.71,1.5,-197.2,322.2,319.4
worker 1,2026-07-27 13:32:15.825,1.95,0.71,1.5,-197.2,322.2,319.4
worker 1,2026-07-27 13:32:15.825,1.92,1.11,0.14,-114.5,310.3,320.07
worker 1,2026-07-27 13:32:15.825,1.92,1.11,0.14,-12.88,277.28,285.16
worker 1,2026-07-27 13:32:15.829,1.75,1.16,-0.97,-12.88,277.28,285.16
worker 1,2026-07-27 13:32:15.830,1.42,0.97,-1.53,13.49,189.7,195.74
worker 1,2026-07-27 13:32:15.831,1.42,0.97,-1.53,13.49,189.7,195.74
worker 1,2026-07-27 13:32:15.835,1.13,0.71,-1.17,-25.63,10.44,34.61
worker 1,2026-07-27 13:32:15.836,1.13,0.71,-1.17,-25.63,10.44,34.61
worker 1,2026-07-27 13:32:15.838,1.15,0.42,0.26,-49.13,-207.64,-142.76
worker 1,2026-07-27 13:32:15.839,0.67,-0.95,4.0,15.87,-379.88,-215.52
worker 1,2026-07-27 13:32:15.839,0.67,-0.95,4.0,20.94,-271.0,-113.83
worker 1,2026-07-27 13:32:15.849,-0.14,-0.93,3.78,20.94,-271.0,-113.83
worker 1,2026-07-27 13:32:15.849,-0.69,-0.32,2.11,-28.26,-129.39,-20.87
worker 1,2026-07-27 13:32:15.849,-0.88,0.35,0.6,-50.11,-40.16,20.26
worker 1,2026-07-27 13:32:15.849,-0.78,0.57,-0.09,-15.2,-1.83,1.53
worker 1,2026-07-27 13:32:15.854,-0.78,0.57,-0.09,-15.2,-1.83,1.53
worker 1,2026-07-27 13:32:15.860,-0.55,0.45,-0.26,28.56,24.96,-25.21
worker 1,2026-07-27 13:32:15.864,-0.38,0.35,-0.26,67.32,58.96,-22.22
worker 1,2026-07-27 13:32:15.909,-0.38,0.35,-0.26,67.32,58.96,-22.22
worker 1,2026-07-27 13:32:15.920,-0.39,0.3,-0.12,97.11,84.17,-25.02
worker 1,2026-07-27 13:32:15.920,-0.78,-0.09,0.74,82.95,63.11,-64.45
worker 1,2026-07-27 13:32:15.921,-0.78,-0.09,0.74,82.95,63.11,-64.45
worker 1,2026-07-27 13:32:15.921,-1.09,-1.17,2.53,26.18,10.93,-116.58
worker 1,2026-07-27 13:32:15.921,-0.53,-2.01,3.89,-51.45,59.08,-66.1
worker 1,2026-07-27 13:32:15.921,0.6,-1.6,3.53,-131.53,233.46,120.42
worker 1,2026-07-27 13:32:15.921,1.58,-0.43,2.06,-170.29,353.09,287.66
worker 1,2026-07-27 13:32:15.926,2.02,0.62,0.59,-131.96,339.84,342.35
worker 1,2026-07-27 13:32:16.174,2.02,1.16,-0.56,-51.27,262.39,316.1
worker 1,2026-07-27 13:32:16.179,1.81,1.16,-1.38,2.2,167.6,217.65
worker 1,2026-07-27 13:32:16.180,1.81,1.16,-1.38,2.2,167.6,217.65
worker 1,2026-07-27 13:32:16.181,1.57,0.83,-1.41,20.81,19.35,41.93
worker 1,2026-07-27 13:32:16.181,1.49,0.54,-0.52,49.87,-182.8,-139.28
worker 1,2026-07-27 13:32:16.188,1.65,0.45,0.85,100.77,-349.85,-239.75
worker 1,2026-07-27 13:32:16.188,1.8,0.39,2.54,133.0,-439.82,-256.71
worker 1,2026-07-27 13:32:16.195,1.8,0.39,2.54,133.0,-439.82,-256.71
worker 1,2026-07-27 13:32:16.195,1.46,0.07,3.93,116.27,-458.92,-235.11
worker 1,2026-07-27 13:32:16.195,0.75,-0.33,4.0,51.33,-364.62,-171.14
worker 1,2026-07-27 13:32:16.195,0.32,-0.4,3.09,-1.04,-172.3,-37.17
worker 1,2026-07-27 13:32:16.196,0.34,-0.08,1.42,8.42,-16.6,116.82
worker 1,2026-07-27 13:32:16.196,0.33,0.37,0.32,22.58,7.93,205.99
worker 1,2026-07-27 13:32:16.196,0.11,0.68,0.21,0.79,-73.55,197.94
worker 1,2026-07-27 13:32:16.196,-0.13,0.81,0.61,-13.67,-149.96,141.97
worker 1,2026-07-27 13:32:16.270,-0.27,0.85,0.88,21.06,-143.19,112.43
worker 1,2026-07-27 13:32:16.284,-0.27,0.85,0.88,21.06,-143.19,112.43
worker 1,2026-07-27 13:32:16.284,-0.37,0.8,0.76,82.95,-76.97,115.23
worker 1,2026-07-27 13:32:16.293,-0.37,0.8,0.76,82.95,-76.97,115.23
worker 1,2026-07-27 13:32:16.293,-0.5,0.71,0.31,121.7,-6.29,109.62
worker 1,2026-07-27 13:32:16.395,-0.62,0.64,-0.2,124.08,36.38,72.81
worker 1,2026-07-27 13:32:16.396,-0.63,0.73,-0.44,119.63,43.58,22.03
worker 1,2026-07-27 13:32:16.396,-0.54,0.97,-0.2,142.76,29.42,-22.03
worker 1,2026-07-27 13:32:16.622,-0.54,0.97,-0.2,142.76,29.42,-22.03
worker 1,2026-07-27 13:32:16.624,-0.39,0.96,0.44,183.23,22.09,-95.03
worker 1,2026-07-27 13:32:16.624,-0.08,0.66,1.2,191.04,43.82,-224.61
worker 1,2026-07-27 13:32:16.627,-0.08,0.66,1.2,191.04,43.82,-224.61
worker 1,2026-07-27 13:32:16.627,0.52,0.32,1.93,144.84,91.49,-366.46
worker 1,2026-07-27 13:32:16.627,1.14,-0.1,2.25,30.52,102.42,-481.51
worker 1,2026-07-27 13:32:16.627,1.14,-0.1,2.25,-204.28,18.68,-495.91
worker 1,2026-07-27 13:32:16.627,1.38,-0.38,1.81,-204.28,18.68,-495.91
worker 1,2026-07-27 13:32:16.628,1.25,-0.14,1.39,-426.51,-148.19,-362.12
worker 1,2026-07-27 13:32:16.714,1.25,-0.14,1.39,-426.51,-148.19,-362.12
worker 1,2026-07-27 13:32:16.729,0.98,0.35,1.7,-396.06,-300.29,-157.84
worker 1,2026-07-27 13:32:16.861,0.68,0.77,2.29,-170.35,-332.64,25.7
worker 1,2026-07-27 13:32:16.869,0.42,1.05,2.41,16.05,-261.29,145.81
worker 1,2026-07-27 13:32:16.869,0.25,1.09,1.86,64.76,-156.49,177.55
worker 1,2026-07-27 13:32:16.870,0.22,0.75,1.27,18.31,-81.12,109.99
worker 1,2026-07-27 13:32:16.870,0.26,0.24,1.09,-50.6,-50.17,2.5
worker 1,2026-07-27 13:32:16.981,0.25,-0.09,0.96,-110.9,-24.78,-59.51
worker 1,2026-07-27 13:32:16.986,0.25,-0.09,0.96,-110.9,-24.78,-59.51
worker 1,2026-07-27 13:32:16.986,0.18,-0.15,0.7,-144.23,12.15,-64.27
worker 1,2026-07-27 13:32:16.987,0.18,-0.15,0.7,-144.23,12.15,-64.27
worker 1,2026-07-27 13:32:16.987,0.1,-0.11,0.48,-119.2,51.27,-52.12
worker 1,2026-07-27 13:32:17.048,0.1,-0.11,0.48,-119.2,51.27,-52.12
worker 1,2026-07-27 13:32:17.061,0.07,-0.07,0.49,-45.72,76.78,-47.3
worker 1,2026-07-27 13:32:17.165,0.15,-0.18,0.79,39.92,82.7,-51.39
worker 1,2026-07-27 13:32:17.220,0.15,-0.18,0.79,39.92,82.7,-51.39
worker 1,2026-07-27 13:32:17.220,0.29,-0.37,1.29,78.31,81.18,-44.01
worker 1,2026-07-27 13:32:17.254,0.29,-0.37,1.29,78.31,81.18,-44.01
worker 1,2026-07-27 13:32:17.254,0.34,-0.45,1.75,53.1,79.16,-13.06
worker 1,2026-07-27 13:32:17.254,0.23,-0.31,1.71,25.09,83.13,32.23
worker 1,2026-07-27 13:32:17.254,0.23,-0.31,1.71,25.88,93.87,64.27
worker 1,2026-07-27 13:32:17.347,0.09,-0.05,1.16,25.88,93.87,64.27
worker 1,2026-07-27 13:32:17.351,0.1,0.12,0.65,45.72,95.89,50.29
worker 1,2026-07-27 13:32:17.359,0.1,0.12,0.65,45.72,95.89,50.29
worker 1,2026-07-27 13:32:17.360,0.23,0.07,0.51,52.86,90.45,5.25
worker 1,2026-07-27 13:32:17.360,0.35,-0.04,0.79,65.49,84.96,-55.24
worker 1,2026-07-27 13:32:18.116,0.35,-0.04,0.79,135.62,62.74,-136.17
worker 1,2026-07-27 13:32:18.117,0.45,-0.01,1.25,135.62,62.74,-136.17
worker 1,2026-07-27 13:32:18.117,0.41,0.16,1.35,194.52,48.22,-193.73
worker 1,2026-07-27 13:32:18.117,0.21,0.29,1.0,159.85,51.88,-182.01
worker 1,2026-07-27 13:32:18.119,0.21,0.29,1.0,159.85,51.88,-182.01
worker 1,2026-07-27 13:32:18.120,0.21,0.29,1.0,159.85,51.88,-182.01
worker 1,2026-07-27 13:32:18.127,0.21,0.29,1.0,159.85,51.88,-182.01
worker 1,2026-07-27 13:32:18.144,-0.05,0.27,0.55,20.57,11.11,-62.5
worker 1,2026-07-27 13:32:18.145,-0.17,0.32,0.68,4.64,10.13,-30.58
worker 1,2026-07-27 13:32:18.145,-0.26,0.38,0.83,6.04,11.11,-26.55
worker 1,2026-07-27 13:32:18.145,-0.29,0.38,1.0,14.83,-0.06,-36.38
worker 1,2026-07-27 13:32:18.146,-0.29,0.38,1.0,14.83,-0.06,-36.38
worker 1,2026-07-27 13:32:18.146,-0.3,0.34,1.09,16.48,-21.97,-42.24
worker 1,2026-07-27 13:32:18.147,-0.3,0.34,1.09,16.48,-21.97,-42.24
worker 1,2026-07-27 13:32:18.147,-0.33,0.3,1.04,5.31,-38.09,-38.02
worker 1,2026-07-27 13:32:18.147,-0.35,0.3,0.98,-7.81,-42.72,-30.88
worker 1,2026-07-27 13:32:18.147,-0.33,0.3,0.99,-11.54,-38.27,-33.26
worker 1,2026-07-27 13:32:18.539,-0.26,0.28,0.98,-14.47,-33.87,-45.84
worker 1,2026-07-27 13:32:18.540,-0.26,0.28,0.98,-14.47,-33.87,-45.84
worker 1,2026-07-27 13:32:18.541,-0.21,0.22,0.91,-23.62,-35.64,-59.2
worker 1,2026-07-27 13:32:18.544,-0.21,0.22,0.91,-26.49,-41.26,-67.63
worker 1,2026-07-27 13:32:18.544,-0.18,0.16,0.83,-26.49,-41.26,-67.63
worker 1,2026-07-27 13:32:18.544,-0.18,0.11,0.83,-14.95,-51.21,-71.23
worker 1,2026-07-27 13:32:18.545,-0.18,0.11,0.83,-14.95,-51.21,-71.23
worker 1,2026-07-27 13:32:18.545,-0.16,0.08,0.86,5.74,-63.96,-70.98
worker 1,2026-07-27 13:32:18.546,-0.12,0.1,0.92,26.55,-69.7,-60.67
worker 1,2026-07-27 13:32:18.546,-0.1,0.14,1.01,39.06,-53.22,-40.95
worker 1,2026-07-27 13:32:18.547,-0.11,0.16,1.06,35.34,-14.89,-23.56
worker 1,2026-07-27 13:32:18.548,-0.11,0.16,1.06,35.34,-14.89,-23.56
worker 1,2026-07-27 13:32:18.548,-0.13,0.14,1.06,14.47,18.37,-10.25
worker 1,2026-07-27 13:32:18.549,-0.16,0.11,1.0,-8.0,31.74,3.48
worker 1,2026-07-27 13:32:18.550,-0.16,0.11,1.0,-8.0,31.74,3.48
worker 1,2026-07-27 13:32:18.550,-0.19,0.12,0.95,-19.53,34.55,13.55
worker 1,2026-07-27 13:32:18.550,-0.21,0.15,0.92,-21.36,28.81,19.1
worker 1,2026-07-27 13:32:18.550,-0.2,0.19,0.92,-13.92,13.61,25.02
worker 1,2026-07-27 13:32:18.552,-0.2,0.19,0.92,-13.92,13.61,25.02
worker 1,2026-07-27 13:32:18.552,-0.17,0.25,0.91,-4.88,-7.57,27.04
worker 1,2026-07-27 13:32:18.553,-0.17,0.25,0.91,-4.88,-7.57,27.04
worker 1,2026-07-27 13:32:18.553,-0.14,0.27,0.91,-14.47,-26.79,4.52
worker 1,2026-07-27 13:32:18.554,-0.18,0.25,0.93,-35.95,-23.93,-32.59
worker 1,2026-07-27 13:32:18.555,-0.21,0.2,0.95,-40.16,-5.92,-55.85
worker 1,2026-07-27 13:32:18.555,-0.21,0.2,0.95,-15.99,15.14,-60.18
worker 1,2026-07-27 13:32:18.556,-0.21,0.18,0.97,-15.99,15.14,-60.18
worker 1,2026-07-27 13:32:19.351,-0.26,0.21,0.98,6.9,43.15,-51.33
worker 1,2026-07-27 13:32:19.352,-0.26,0.21,0.98,6.9,43.15,-51.33
worker 1,2026-07-27 13:32:19.374,-0.29,0.22,0.96,-9.16,54.69,-48.46
worker 1,2026-07-27 13:32:19.386,-0.29,0.22,0.96,-9.16,54.69,-48.46
worker 1,2026-07-27 13:32:19.391,-0.28,0.14,0.93,-41.87,37.84,-55.18
worker 1,2026-07-27 13:32:19.391,-0.28,0.14,0.93,-28.87,20.81,-72.94
worker 1,2026-07-27 13:32:19.404,-0.35,0.12,0.89,-28.87,20.81,-72.94
worker 1,2026-07-27 13:32:19.404,-0.42,0.21,0.86,16.05,11.47,-100.77
worker 1,2026-07-27 13:32:19.404,-0.42,0.24,0.84,15.44,-2.93,-112.24
worker 1,2026-07-27 13:32:19.404,-0.36,0.12,0.88,-31.19,-26.43,-97.47
worker 1,2026-07-27 13:32:19.405,-0.36,0.12,0.88,-31.19,-26.43,-97.47
worker 1,2026-07-27 13:32:19.405,-0.25,-0.0,0.93,-39.86,-52.19,-75.62
worker 1,2026-07-27 13:32:19.405,-0.16,-0.0,0.94,12.51,-61.71,-55.73
worker 1,2026-07-27 13:32:19.405,-0.13,0.05,0.92,56.46,-48.83,-31.01
worker 1,2026-07-27 13:32:19.405,-0.13,0.1,0.88,60.24,-24.35,-9.4
worker 1,2026-07-27 13:32:19.405,-0.14,0.14,0.86,48.34,-3.91,-3.66
worker 1,2026-07-27 13:32:19.405,-0.13,0.16,0.88,44.37,5.68,-12.7
worker 1,2026-07-27 13:32:19.423,-0.13,0.16,0.88,44.37,5.68,-12.7
worker 1,2026-07-27 13:32:19.424,-0.08,0.14,0.93,51.51,4.52,-29.54
worker 1,2026-07-27 13:32:19.424,-0.04,0.13,1.03,63.11,2.01,-46.08
worker 1,2026-07-27 13:32:19.466,-0.04,0.13,1.03,63.11,2.01,-46.08
worker 1,2026-07-27 13:32:19.466,0.0,0.15,1.14,69.89,2.75,-54.63
worker 1,2026-07-27 13:32:19.466,0.05,0.13,1.17,66.04,-2.08,-55.48
worker 1,2026-07-27 13:32:19.513,0.1,0.11,1.13,56.21,-13.85,-53.04
worker 1,2026-07-27 13:32:19.513,0.13,0.11,1.11,45.59,-23.74,-48.4
worker 1,2026-07-27 13:32:19.514,0.13,0.14,1.1,34.79,-27.4,-39.31
worker 1,2026-07-27 13:32:19.514,0.09,0.19,1.08,25.21,-26.43,-28.75
worker 1,2026-07-27 13:32:19.514,0.05,0.28,1.05,18.25,-22.4,-22.28
worker 1,2026-07-27 13:32:19.575,-0.01,0.39,1.02,13.49,-18.8,-20.2
worker 1,2026-07-27 13:32:19.577,-0.01,0.39,1.02,13.49,-18.8,-20.2
worker 1,2026-07-27 13:32:19.577,-0.06,0.46,0.96,8.91,-19.47,-21.61
worker 1,2026-07-27 13:32:19.580,-0.09,0.48,0.84,6.9,-24.48,-26.0
worker 1,2026-07-27 13:32:19.806,-0.09,0.48,0.84,10.86,-30.21,-33.45
worker 1,2026-07-27 13:32:19.808,-0.11,0.48,0.74,10.86,-30.21,-33.45
worker 1,2026-07-27 13:32:19.808,-0.09,0.48,0.71,18.25,-32.65,-44.49
worker 1,2026-07-27 13:32:19.810,-0.09,0.48,0.71,18.25,-32.65,-44.49
worker 1,2026-07-27 13:32:19.810,-0.06,0.47,0.74,25.57,-32.23,-56.46
worker 1,2026-07-27 13:32:19.810,-0.01,0.46,0.8,31.13,-29.97,-66.35
worker 1,2026-07-27 13:32:19.811,0.02,0.47,0.87,34.55,-25.82,-74.34
worker 1,2026-07-27 13:32:19.811,0.04,0.5,0.94,34.97,-22.09,-84.11
worker 1,2026-07-27 13:32:20.640,0.05,0.54,0.97,29.91,-22.95,-97.41
worker 1,2026-07-27 13:32:20.641,0.05,0.54,0.97,29.91,-22.95,-97.41
worker 1,2026-07-27 13:32:20.641,0.07,0.58,0.95,9.83,-32.17,-123.6
worker 1,2026-07-27 13:32:20.644,0.09,0.53,0.9,-40.28,-53.28,-185.42
worker 1,2026-07-27 13:32:20.644,0.09,0.37,0.89,-93.02,-71.59,-273.32
worker 1,2026-07-27 13:32:20.645,0.06,0.25,0.88,-76.97,-61.52,-341.25
worker 1,2026-07-27 13:32:20.645,0.12,0.3,0.98,46.14,-48.34,-383.12
worker 1,2026-07-27 13:32:20.645,0.17,0.46,1.05,173.71,-52.86,-329.16
worker 1,2026-07-27 13:32:20.645,0.08,0.56,0.93,192.87,-37.23,-160.58
worker 1,2026-07-27 13:32:20.646,0.08,0.56,0.93,192.87,-37.23,-160.58
worker 1,2026-07-27 13:32:20.647,-0.05,0.57,0.85,165.71,0.61,-30.94
worker 1,2026-07-27 13:32:20.649,-0.17,0.56,0.85,120.42,26.79,-4.64
worker 1,2026-07-27 13:32:20.650,-0.17,0.56,0.85,120.42,26.79,-4.64
worker 1,2026-07-27 13:32:20.650,-0.25,0.52,0.88,42.79,36.38,-29.05
worker 1,2026-07-27 13:32:20.650,-0.26,0.48,0.85,-19.1,35.03,-54.32
worker 1,2026-07-27 13:32:20.652,-0.23,0.45,0.81,-41.63,25.7,-54.2
worker 1,2026-07-27 13:32:20.652,-0.2,0.46,0.8,-30.4,15.99,-30.76
worker 1,2026-07-27 13:32:20.653,-0.2,0.46,0.8,-30.4,15.99,-30.76
worker 1,2026-07-27 13:32:20.653,-0.21,0.53,0.81,-7.02,11.96,-11.41
worker 1,2026-07-27 13:32:20.654,-0.24,0.6,0.79,6.84,13.79,-2.75
worker 1,2026-07-27 13:32:20.654,-0.27,0.63,0.76,3.11,22.77,13.73
worker 1,2026-07-27 13:32:20.655,-0.27,0.63,0.76,3.11,22.77,13.73
worker 1,2026-07-27 13:32:20.657,-0.31,0.63,0.74,-11.78,39.06,37.05
worker 1,2026-07-27 13:32:20.657,-0.37,0.61,0.75,-32.41,56.46,54.02
worker 1,2026-07-27 13:32:20.663,-0.37,0.61,0.75,-32.41,56.46,54.02
worker 1,2026-07-27 13:32:20.671,-0.44,0.57,0.77,-56.27,68.91,65.0
worker 1,2026-07-27 13:32:20.671,-0.49,0.51,0.81,-77.64,73.55,74.52
worker 1,2026-07-27 13:32:21.054,-0.51,0.46,0.82,-86.73,68.66,79.53
worker 1,2026-07-27 13:32:21.085,-0.51,0.46,0.82,-86.73,68.66,79.53
worker 1,2026-07-27 13:32:21.121,-0.51,0.39,0.78,-81.91,56.46,76.84
worker 1,2026-07-27 13:32:21.121,-0.5,0.35,0.73,-70.8,43.27,65.0
worker 1,2026-07-27 13:32:21.121,-0.49,0.36,0.69,-58.35,33.39,47.79
worker 1,2026-07-27 13:32:21.121,-0.49,0.39,0.67,-44.68,27.28,33.63
worker 1,2026-07-27 13:32:21.122,-0.49,0.39,0.67,-44.68,27.28,33.63
worker 1,2026-07-27 13:32:21.122,-0.49,0.43,0.67,-33.14,24.29,24.05
worker 1,2026-07-27 13:32:21.122,-0.51,0.48,0.71,-28.32,22.58,18.62
worker 1,2026-07-27 13:32:21.122,-0.55,0.5,0.75,-27.4,20.14,20.26
worker 1,2026-07-27 13:32:21.122,-0.59,0.47,0.76,-24.96,17.7,28.75
worker 1,2026-07-27 13:32:21.122,-0.61,0.4,0.76,-20.75,15.62,38.7
worker 1,2026-07-27 13:32:21.816,-0.64,0.32,0.77,-17.58,12.7,42.11
worker 1,2026-07-27 13:32:21.832,-0.64,0.32,0.77,-17.58,12.7,42.11
worker 1,2026-07-27 13:32:21.833,-0.65,0.24,0.76,-17.21,7.87,36.13
worker 1,2026-07-27 13:32:21.833,-0.63,0.14,0.74,-19.35,1.83,24.23
worker 1,2026-07-27 13:32:21.834,-0.59,0.06,0.71,-16.91,-3.23,6.53
worker 1,2026-07-27 13:32:21.834,-0.52,0.1,0.68,4.76,-3.91,-15.81
worker 1,2026-07-27 13:32:21.835,-0.52,0.1,0.68,4.76,-3.91,-15.81
worker 1,2026-07-27 13:32:21.835,-0.46,0.24,0.72,43.09,-0.18,-34.97
worker 1,2026-07-27 13:32:21.835,-0.45,0.4,0.81,67.57,3.48,-49.56
worker 1,2026-07-27 13:32:21.835,-0.48,0.47,0.9,52.31,0.43,-65.31
worker 1,2026-07-27 13:32:21.835,-0.5,0.43,0.9,18.07,-12.33,-80.63
worker 1,2026-07-27 13:32:21.835,-0.49,0.39,0.82,3.42,-24.41,-88.26
worker 1,2026-07-27 13:32:21.838,-0.47,0.38,0.74,9.03,-25.7,-84.53
worker 1,2026-07-27 13:32:21.839,-0.48,0.38,0.71,17.52,-17.21,-71.78
worker 1,2026-07-27 13:32:21.840,-0.48,0.38,0.71,17.52,-17.21,-71.78
worker 1,2026-07-27 13:32:21.841,-0.49,0.41,0.71,22.09,-4.76,-54.02
worker 1,2026-07-27 13:32:21.849,-0.5,0.43,0.73,20.26,6.65,-32.96
worker 1,2026-07-27 13:32:21.849,-0.53,0.43,0.78,11.41,15.32,-10.25
worker 1,2026-07-27 13:32:21.849,-0.56,0.36,0.81,-0.49,19.35,9.58
worker 1,2026-07-27 13:32:21.850,-0.57,0.26,0.79,-11.84,17.15,20.08
worker 1,2026-07-27 13:32:21.850,-0.57,0.21,0.76,-23.19,10.8,18.98
worker 1,2026-07-27 13:32:21.856,-0.57,0.21,0.76,-23.19,10.8,18.98
worker 1,2026-07-27 13:32:21.856,-0.56,0.21,0.74,-30.09,3.72,10.38
worker 1,2026-07-27 13:32:22.270,-0.56,0.21,0.74,-30.09,3.72,10.38
worker 1,2026-07-27 13:32:22.271,-0.56,0.24,0.7,-23.56,0.49,-0.92
worker 1,2026-07-27 13:32:22.271,-0.58,0.3,0.69,-9.09,5.62,-8.73
worker 1,2026-07-27 13:32:22.280,-0.58,0.3,0.69,-9.09,5.62,-8.73
worker 1,2026-07-27 13:32:22.280,-0.61,0.35,0.74,-0.55,16.97,-8.06
worker 1,2026-07-27 13:32:22.281,-0.62,0.36,0.78,-3.11,24.66,0.92
worker 1,2026-07-27 13:32:22.289,-0.62,0.36,0.78,-3.11,24.66,0.92
worker 1,2026-07-27 13:32:22.289,-0.63,0.31,0.78,-14.77,23.62,13.85
worker 1,2026-07-27 13:32:22.290,-0.63,0.28,0.76,-25.76,19.17,22.58
worker 1,2026-07-27 13:32:22.293,-0.64,0.25,0.75,-29.54,15.69,23.99
worker 1,2026-07-27 13:32:22.294,-0.64,0.25,0.75,-29.54,15.69,23.99
worker 1,2026-07-27 13:32:22.294,-0.66,0.21,0.75,-29.6,12.27,21.18
worker 1,2026-07-27 13:32:22.294,-0.69,0.16,0.72,-29.36,5.74,15.81
worker 1,2026-07-27 13:32:22.295,-0.69,0.16,0.72,-29.36,5.74,15.81
worker 1,2026-07-27 13:32:22.295,-0.75,0.11,0.67,-25.45,-3.54,4.39
worker 1,2026-07-27 13:32:22.296,-0.8,0.11,0.62,-14.53,-11.11,-11.6
worker 1,2026-07-27 13:32:22.296,-0.78,0.09,0.52,-1.1,-13.55,-22.34
worker 1,2026-07-27 13:32:22.440,-0.78,0.09,0.52,-1.1,-13.55,-22.34
worker 1,2026-07-27 13:32:22.440,-0.72,0.07,0.42,6.77,-5.55,-26.79
worker 1,2026-07-27 13:32:22.441,-0.72,0.07,0.42,6.77,-5.55,-26.79
worker 1,2026-07-27 13:32:22.441,-0.69,0.09,0.44,10.19,18.74,-31.31
worker 1,2026-07-27 13:32:22.443,-0.69,0.09,0.44,10.19,18.74,-31.31
worker 1,2026-07-27 13:32:22.443,-0.69,0.16,0.6,15.75,50.54,-34.06
worker 1,2026-07-27 13:32:22.444,-0.69,0.16,0.6,15.75,50.54,-34.06
worker 1,2026-07-27 13:32:22.680,-0.69,0.16,0.6,15.75,50.54,-34.06
worker 1,2026-07-27 13:32:22.681,-0.68,0.29,0.96,23.8,73.43,-23.07
worker 1,2026-07-27 13:32:22.681,-0.68,0.3,0.97,20.69,56.34,-14.53
worker 1,2026-07-27 13:32:22.681,-0.7,0.32,0.85,6.96,27.47,-8.85
worker 1,2026-07-27 13:32:22.682,-0.7,0.32,0.85,6.96,27.47,-8.85
worker 1,2026-07-27 13:32:22.682,-0.73,0.31,0.72,-11.29,0.0,-2.5
worker 1,2026-07-27 13:32:22.683,-0.73,0.31,0.72,-11.29,0.0,-2.5
worker 1,2026-07-27 13:32:22.683,-0.76,0.25,0.65,-20.32,-16.48,6.9
worker 1,2026-07-27 13:32:22.684,-0.76,0.25,0.65,-20.32,-16.48,6.9
worker 1,2026-07-27 13:32:22.684,-0.78,0.17,0.62,-20.51,-24.11,14.89
worker 1,2026-07-27 13:32:22.752,-0.77,0.12,0.6,-16.17,-26.98,18.31
worker 1,2026-07-27 13:32:22.761,-0.77,0.12,0.6,-16.17,-26.98,18.31
worker 1,2026-07-27 13:32:23.100,-0.74,0.1,0.6,-6.96,-26.43,18.49
worker 1,2026-07-27 13:32:23.106,-0.71,0.11,0.62,3.91,-24.84,16.91
worker 1,2026-07-27 13:32:23.106,-0.68,0.13,0.64,12.39,-24.66,13.31
worker 1,2026-07-27 13:32:23.106,-0.68,0.13,0.64,18.49,-26.0,8.06
worker 1,2026-07-27 13:32:23.106,-0.69,0.16,0.67,18.49,-26.0,8.06
worker 1,2026-07-27 13:32:23.106,-0.71,0.18,0.68,20.81,-28.26,2.44
worker 1,2026-07-27 13:32:23.106,-0.71,0.2,0.67,17.58,-29.3,-1.46
worker 1,2026-07-27 13:32:23.107,-0.71,0.2,0.67,17.58,-29.3,-1.46
worker 1,2026-07-27 13:32:23.107,-0.68,0.22,0.67,12.51,-27.22,-1.71
worker 1,2026-07-27 13:32:23.107,-0.62,0.27,0.7,10.07,-27.34,3.11
worker 1,2026-07-27 13:32:23.107,-0.54,0.38,0.76,14.89,-41.44,16.36
worker 1,2026-07-27 13:32:23.344,-0.53,0.44,0.76,31.74,-55.3,41.87
worker 1,2026-07-27 13:32:23.348,-0.55,0.37,0.71,41.63,-45.84,72.69
worker 1,2026-07-27 13:32:23.349,-0.55,0.37,0.71,41.63,-45.84,72.69
worker 1,2026-07-27 13:32:23.349,-0.51,0.34,0.7,25.09,-24.9,85.75
worker 1,2026-07-27 13:32:23.349,-0.51,0.34,0.7,-9.95,-8.79,74.52
worker 1,2026-07-27 13:32:23.349,-0.51,0.37,0.77,-9.95,-8.79,74.52
worker 1,2026-07-27 13:32:23.349,-0.52,0.36,0.84,-40.65,-4.15,52.86
worker 1,2026-07-27 13:32:23.350,-0.52,0.36,0.84,-40.65,-4.15,52.86
worker 1,2026-07-27 13:32:23.350,-0.51,0.33,0.86,-46.51,-11.11,34.24
worker 1,2026-07-27 13:32:23.527,-0.46,0.33,0.86,-33.08,-21.67,30.15
worker 1,2026-07-27 13:32:23.533,-0.46,0.33,0.86,-33.08,-21.67,30.15
worker 1,2026-07-27 13:32:23.533,-0.43,0.34,0.89,-23.56,-29.24,35.1
worker 1,2026-07-27 13:32:23.533,-0.41,0.33,0.91,-25.63,-28.99,36.87
worker 1,2026-07-27 13:32:23.534,-0.41,0.33,0.91,-25.63,-28.99,36.87
worker 1,2026-07-27 13:32:23.534,-0.38,0.31,0.92,-28.81,-23.5,30.64
worker 1,2026-07-27 13:32:23.544,-0.38,0.31,0.92,-28.81,-23.5,30.64
worker 1,2026-07-27 13:32:23.706,-0.35,0.31,0.92,-26.67,-19.9,22.22
worker 1,2026-07-27 13:32:23.711,-0.33,0.31,0.9,-23.07,-20.26,20.51
worker 1,2026-07-27 13:32:23.712,-0.33,0.31,0.9,-23.07,-20.26,20.51
worker 1,2026-07-27 13:32:23.713,-0.31,0.29,0.87,-20.26,-22.28,19.96
worker 1,2026-07-27 13:32:23.714,-0.3,0.29,0.83,-11.72,-25.02,16.6
worker 1,2026-07-27 13:32:23.715,-0.3,0.33,0.78,6.53,-25.94,14.95
worker 1,2026-07-27 13:32:24.281,-0.29,0.37,0.76,29.54,-23.25,11.84
worker 1,2026-07-27 13:32:24.282,-0.29,0.37,0.76,29.54,-23.25,11.84
worker 1,2026-07-27 13:32:24.282,-0.28,0.43,0.77,51.03,-16.17,0.73
worker 1,2026-07-27 13:32:24.375,-0.29,0.49,0.81,59.88,-5.8,-10.25
worker 1,2026-07-27 13:32:24.376,-0.29,0.49,0.81,59.88,-5.8,-10.25
worker 1,2026-07-27 13:32:24.376,-0.3,0.5,0.85,45.17,3.97,-7.81
worker 1,2026-07-27 13:32:24.376,-0.3,0.5,0.85,21.61,8.91,-6.9
worker 1,2026-07-27 13:32:24.377,-0.3,0.44,0.83,21.61,8.91,-6.9
worker 1,2026-07-27 13:32:24.377,-0.33,0.39,0.79,12.7,7.51,-23.56
worker 1,2026-07-27 13:32:24.377,-0.36,0.39,0.77,13.37,2.93,-47.55
worker 1,2026-07-27 13:32:24.377,-0.37,0.42,0.79,4.52,-1.65,-65.25
worker 1,2026-07-27 13:32:24.378,-0.38,0.45,0.82,-14.53,4.09,-65.61
worker 1,2026-07-27 13:32:24.378,-0.39,0.43,0.88,-34.06,24.23,-52.8
worker 1,2026-07-27 13:32:24.410,-0.39,0.43,0.88,-34.06,24.23,-52.8
worker 1,2026-07-27 13:32:24.445,-0.37,0.39,0.89,-34.12,38.82,-45.78
worker 1,2026-07-27 13:32:24.446,-0.32,0.36,0.88,-6.77,32.29,-46.2
worker 1,2026-07-27 13:32:24.446,-0.27,0.35,0.88,24.84,15.5,-40.47
worker 1,2026-07-27 13:32:24.446,-0.26,0.35,0.89,47.24,5.92,-22.28
worker 1,2026-07-27 13:32:24.448,-0.26,0.35,0.89,47.24,5.92,-22.28
worker 1,2026-07-27 13:32:24.449,-0.29,0.39,0.89,62.38,8.42,2.32
worker 1,2026-07-27 13:32:24.452,-0.32,0.45,0.86,65.86,13.0,26.25
worker 1,2026-07-27 13:32:24.725,-0.35,0.53,0.83,51.64,8.42,46.75
worker 1,2026-07-27 13:32:24.725,-0.35,0.53,0.83,17.88,-5.37,57.86
worker 1,2026-07-27 13:32:24.725,-0.38,0.6,0.81,17.88,-5.37,57.86
worker 1,2026-07-27 13:32:24.726,-0.37,0.56,0.86,-43.09,-36.07,30.46
worker 1,2026-07-27 13:32:24.726,-0.31,0.44,0.96,-117.98,-88.44,-49.01
worker 1,2026-07-27 13:32:24.726,-0.27,0.31,1.0,-130.49,-118.29,-106.08
worker 1,2026-07-27 13:32:24.730,-0.28,0.22,0.99,-63.66,-96.56,-87.77
worker 1,2026-07-27 13:32:24.730,-0.3,0.21,0.92,14.22,-63.72,-47.97
worker 1,2026-07-27 13:32:24.731,-0.28,0.27,0.85,67.69,-45.41,-26.49
worker 1,2026-07-27 13:32:24.731,-0.24,0.36,0.77,93.44,-32.23,-15.26
worker 1,2026-07-27 13:32:24.731,-0.21,0.47,0.67,100.46,-21.06,-8.73
worker 1,2026-07-27 13:32:25.090,-0.22,0.58,0.57,102.42,-8.0,1.16
worker 1,2026-07-27 13:32:25.151,-0.22,0.58,0.57,102.42,-8.0,1.16
worker 1,2026-07-27 13:32:25.159,-0.26,0.64,0.49,124.45,13.24,2.26
worker 1,2026-07-27 13:32:25.160,-0.26,0.64,0.49,124.45,13.24,2.26
worker 1,2026-07-27 13:32:25.160,-0.31,0.68,0.36,172.61,48.1,-22.77
worker 1,2026-07-27 13:32:25.161,-0.37,0.73,0.28,163.15,103.82,-36.32
worker 1,2026-07-27 13:32:25.161,-0.45,0.75,0.39,35.03,158.02,-10.44
worker 1,2026-07-27 13:32:25.162,-0.54,0.79,0.69,-127.99,156.25,24.96
worker 1,2026-07-27 13:32:25.163,-0.56,0.84,1.05,-211.79,91.49,51.27
worker 1,2026-07-27 13:32:25.169,-0.56,0.84,1.05,-211.79,91.49,51.27
worker 1,2026-07-27 13:32:25.169,-0.48,0.76,1.23,-183.65,23.32,68.91
worker 1,2026-07-27 13:32:25.170,-0.38,0.61,1.11,-93.81,-13.18,59.02
worker 1,2026-07-27 13:32:25.212,-0.38,0.61,1.11,-93.81,-13.18,59.02
worker 1,2026-07-27 13:32:25.212,-0.31,0.52,0.84,-20.87,-32.78,21.3
worker 1,2026-07-27 13:32:25.216,-0.31,0.52,0.84,-20.87,-32.78,21.3
worker 1,2026-07-27 13:32:25.216,-0.27,0.51,0.67,1.77,-47.0,-13.12
worker 1,2026-07-27 13:32:25.748,-0.25,0.52,0.61,-2.08,-53.34,-28.75
worker 1,2026-07-27 13:32:25.763,-0.24,0.56,0.62,-6.35,-52.19,-28.81
worker 1,2026-07-27 13:32:25.765,-0.24,0.56,0.62,-6.35,-52.19,-28.81
worker 1,2026-07-27 13:32:25.777,-0.21,0.6,0.63,-9.28,-48.52,-23.74
worker 1,2026-07-27 13:32:25.783,-0.21,0.6,0.63,-9.28,-48.52,-23.74
worker 1,2026-07-27 13:32:25.783,-0.16,0.62,0.59,-9.4,-41.87,-22.77
worker 1,2026-07-27 13:32:25.784,-0.12,0.63,0.53,-3.97,-26.31,-27.71
worker 1,2026-07-27 13:32:25.784,-0.17,0.7,0.69,-1.83,2.38,-40.04
worker 1,2026-07-27 13:32:25.784,-0.28,0.79,0.92,6.1,32.41,-52.37
worker 1,2026-07-27 13:32:25.784,-0.36,0.74,0.94,22.22,39.25,-38.02
worker 1,2026-07-27 13:32:25.784,-0.39,0.48,0.97,-2.38,16.72,18.31
worker 1,2026-07-27 13:32:25.784,-0.35,0.15,1.07,-63.42,-12.45,81.97
worker 1,2026-07-27 13:32:25.786,-0.35,0.15,1.07,-63.42,-12.45,81.97
worker 1,2026-07-27 13:32:25.806,-0.26,-0.06,1.01,-90.15,-23.99,104.19
worker 1,2026-07-27 13:32:25.807,-0.26,-0.06,1.01,-90.15,-23.99,104.19
worker 1,2026-07-27 13:32:25.816,-0.19,-0.08,0.9,-70.98,-14.22,83.37
worker 1,2026-07-27 13:32:25.816,-0.19,0.02,0.89,-38.88,7.63,46.75
worker 1,2026-07-27 13:32:25.825,-0.22,0.19,0.95,-10.5,28.93,13.24
worker 1,2026-07-27 13:32:26.225,-0.24,0.33,0.96,9.16,38.7,-6.77
worker 1,2026-07-27 13:32:26.229,-0.24,0.33,0.96,9.16,38.7,-6.77
worker 1,2026-07-27 13:32:26.232,-0.21,0.41,0.91,15.32,35.71,-9.7
worker 1,2026-07-27 13:32:26.235,-0.21,0.41,0.91,15.32,35.71,-9.7
worker 1,2026-07-27 13:32:26.238,-0.17,0.42,0.86,7.75,24.6,0.12
worker 1,2026-07-27 13:32:26.252,-0.17,0.42,0.86,7.75,24.6,0.12
worker 1,2026-07-27 13:32:26.252,-0.15,0.39,0.85,-3.11,10.74,12.7
worker 1,2026-07-27 13:32:26.273,-0.18,0.35,0.87,-7.39,0.18,20.08
worker 1,2026-07-27 13:32:26.273,-0.19,0.29,0.93,-9.16,-2.75,27.1
worker 1,2026-07-27 13:32:26.273,-0.15,0.2,1.0,-18.43,0.43,37.48
worker 1,2026-07-27 13:32:26.273,-0.07,0.15,1.04,-27.47,5.0,39.92
worker 1,2026-07-27 13:32:26.297,-0.05,0.16,1.04,-20.02,6.16,25.76
worker 1,2026-07-27 13:32:26.297,-0.13,0.23,1.0,1.04,0.24,0.06
worker 1,2026-07-27 13:32:26.298,-0.34,0.34,1.06,20.45,-7.45,-28.69
worker 1,2026-07-27 13:32:26.299,-0.34,0.34,1.06,20.45,-7.45,-28.69
worker 1,2026-07-27 13:32:26.314,-0.62,0.52,1.13,41.75,-10.25,-55.24
worker 1,2026-07-27 13:32:26.452,-0.78,0.52,1.03,62.5,-20.63,-55.36
worker 1,2026-07-27 13:32:26.480,-0.78,0.52,1.03,62.5,-20.63,-55.36
worker 1,2026-07-27 13:32:26.480,-0.8,0.27,0.94,39.92,-49.19,-19.29
worker 1,2026-07-27 13:32:26.480,-0.75,0.03,0.96,-14.16,-72.51,8.06
worker 1,2026-07-27 13:32:26.480,-0.63,-0.08,0.93,-40.16,-70.37,-0.24
worker 1,2026-07-27 13:32:26.480,-0.4,-0.11,0.8,-50.11,-58.53,-26.31
worker 1,2026-07-27 13:32:26.481,-0.19,-0.04,0.71,-64.45,-47.79,-59.39
worker 1,2026-07-27 13:32:26.767,-0.11,0.15,0.73,-58.17,-32.29,-99.61
worker 1,2026-07-27 13:32:26.768,-0.11,0.15,0.73,-58.17,-32.29,-99.61
worker 1,2026-07-27 13:32:26.771,-0.13,0.38,0.81,-27.53,-18.74,-136.66
worker 1,2026-07-27 13:32:26.773,-0.2,0.55,0.88,6.84,-18.13,-153.87
worker 1,2026-07-27 13:32:26.773,-0.25,0.58,0.87,35.52,-29.79,-147.28
worker 1,2026-07-27 13:32:26.773,-0.23,0.49,0.78,57.56,-45.9,-131.23
worker 1,2026-07-27 13:32:26.773,-0.2,0.42,0.67,73.24,-58.11,-123.47
worker 1,2026-07-27 13:32:26.774,-0.18,0.49,0.66,79.28,-54.87,-124.15
worker 1,2026-07-27 13:32:27.181,-0.12,0.62,0.77,62.87,-34.55,-114.87
worker 1,2026-07-27 13:32:27.181,-0.01,0.66,0.93,21.91,-14.47,-87.89
worker 1,2026-07-27 13:32:27.185,-0.01,0.66,0.93,21.91,-14.47,-87.89
worker 1,2026-07-27 13:32:27.185,0.09,0.59,1.03,-16.24,-6.29,-59.14
worker 1,2026-07-27 13:32:27.185,0.15,0.45,0.99,-25.63,-8.97,-42.6
worker 1,2026-07-27 13:32:27.186,0.15,0.45,0.99,-25.63,-8.97,-42.6
worker 1,2026-07-27 13:32:27.186,0.19,0.26,0.85,-21.3,-17.94,-35.58
worker 1,2026-07-27 13:32:27.186,0.18,0.15,0.76,-24.23,-23.38,-36.99
worker 1,2026-07-27 13:32:27.424,0.1,0.14,0.79,-33.69,-18.98,-46.45
worker 1,2026-07-27 13:32:27.438,0.1,0.14,0.79,-33.69,-18.98,-46.45
worker 1,2026-07-27 13:32:27.438,-0.1,0.29,0.94,-46.2,-8.12,-61.34
worker 1,2026-07-27 13:32:27.439,-0.42,0.64,1.21,-35.28,19.65,-78.92
worker 1,2026-07-27 13:32:27.661,-0.42,0.64,1.21,-35.28,19.65,-78.92
worker 1,2026-07-27 13:32:27.671,-0.7,0.7,1.37,13.0,55.11,-57.56
worker 1,2026-07-27 13:32:27.671,-0.47,-0.46,1.05,-40.89,16.11,80.51
worker 1,2026-07-27 13:32:27.671,-0.47,-0.46,1.05,-52.31,2.87,59.88
worker 1,2026-07-27 13:32:27.671,-0.26,-0.59,0.84,-52.31,2.87,59.88
worker 1,2026-07-27 13:32:27.671,-0.18,-0.38,0.73,2.01,21.55,-0.37
worker 1,2026-07-27 13:32:27.671,-0.17,-0.14,0.72,39.25,36.44,-43.4
worker 1,2026-07-27 13:32:27.672,-0.17,0.03,0.76,33.2,33.69,-56.21
worker 1,2026-07-27 13:32:27.672,-0.16,0.13,0.78,16.11,22.95,-53.34
worker 1,2026-07-27 13:32:27.678,-0.12,0.14,0.73,-0.43,9.46,-42.36
worker 1,2026-07-27 13:32:27.678,-0.1,0.15,0.66,-13.43,-2.14,-32.9
worker 1,2026-07-27 13:32:27.679,-0.1,0.15,0.66,-13.43,-2.14,-32.9
worker 1,2026-07-27 13:32:27.679,-0.1,0.23,0.62,-15.5,-5.92,-28.32
worker 1,2026-07-27 13:32:27.679,-0.14,0.32,0.71,-20.51,-8.48,-15.38
worker 1,2026-07-27 13:32:27.679,-0.23,0.34,0.88,-34.48,-21.61,6.77
worker 1,2026-07-27 13:32:27.679,-0.32,0.26,1.03,-44.25,-42.97,28.87
worker 1,2026-07-27 13:32:27.916,-0.38,0.11,1.13,-47.12,-60.3,42.66
worker 1,2026-07-27 13:32:27.959,-0.38,0.11,1.13,-47.12,-60.3,42.66
worker 1,2026-07-27 13:32:27.959,-0.38,0.01,1.19,-39.79,-66.65,39.43
worker 1,2026-07-27 13:32:27.961,-0.33,-0.04,1.19,-17.64,-65.92,24.05
worker 1,2026-07-27 13:32:27.962,-0.23,-0.08,1.13,3.3,-60.42,10.07
worker 1,2026-07-27 13:32:27.963,-0.13,-0.09,1.06,13.43,-46.57,-1.59
worker 1,2026-07-27 13:32:27.963,-0.07,-0.03,1.09,18.07,-25.82,-15.2
worker 1,2026-07-27 13:32:28.121,-0.07,-0.03,1.09,16.36,-9.28,-26.98
worker 1,2026-07-27 13:32:28.129,-0.05,0.07,1.22,16.36,-9.28,-26.98
worker 1,2026-07-27 13:32:28.131,-0.02,0.17,1.33,12.57,-4.7,-35.03
worker 1,2026-07-27 13:32:28.140,-0.02,0.17,1.33,12.57,-4.7,-35.03
worker 1,2026-07-27 13:32:28.140,0.01,0.24,1.32,16.3,-3.85,-39.92
worker 1,2026-07-27 13:32:28.141,0.02,0.28,1.18,30.4,1.4,-40.34
worker 1,2026-07-27 13:32:28.205,0.04,0.28,0.97,44.25,3.54,-32.65
worker 1,2026-07-27 13:32:28.212,0.06,0.22,0.86,38.09,-3.66,-12.88
worker 1,2026-07-27 13:32:28.213,0.06,0.22,0.86,38.09,-3.66,-12.88
worker 1,2026-07-27 13:32:28.213,0.08,0.14,0.92,17.46,-12.21,8.0
worker 1,2026-07-27 13:32:28.560,0.07,0.11,1.02,2.99,-13.92,14.16
worker 1,2026-07-27 13:32:28.561,0.04,0.09,1.01,-5.74,-14.1,7.81
worker 1,2026-07-27 13:32:28.561,0.03,0.05,0.88,-20.45,-17.4,-0.61
worker 1,2026-07-27 13:32:28.562,0.0,0.08,0.81,-34.12,-13.43,-6.9
worker 1,2026-07-27 13:32:28.563,0.0,0.08,0.81,-34.12,-13.43,-6.9
worker 1,2026-07-27 13:32:28.563,-0.05,0.23,0.86,-31.19,6.9,-7.39
worker 1,2026-07-27 13:32:28.564,-0.11,0.4,1.04,-6.65,42.66,2.2
worker 1,2026-07-27 13:32:28.565,-0.2,0.54,1.17,43.46,83.98,13.37
worker 1,2026-07-27 13:32:28.566,-0.2,0.54,1.17,43.46,83.98,13.37
worker 1,2026-07-27 13:32:28.566,-0.38,0.63,1.25,93.69,112.55,20.26
worker 1,2026-07-27 13:32:28.566,-0.57,0.61,1.44,96.5,125.06,31.07
worker 1,2026-07-27 13:32:28.567,-0.57,0.61,1.44,96.5,125.06,31.07
worker 1,2026-07-27 13:32:28.686,-0.61,0.5,1.51,66.89,114.87,43.03
worker 1,2026-07-27 13:32:28.691,-0.61,0.5,1.51,66.89,114.87,43.03
worker 1,2026-07-27 13:32:28.691,-0.51,0.32,1.42,26.67,84.17,54.93
worker 1,2026-07-27 13:32:28.691,-0.36,0.15,1.26,-8.97,56.03,55.91
worker 1,2026-07-27 13:32:28.692,-0.36,0.15,1.26,-9.58,31.68,30.09
worker 1,2026-07-27 13:32:28.742,-0.21,0.09,1.04,-9.58,31.68,30.09
worker 1,2026-07-27 13:32:28.745,-0.09,0.1,0.86,-1.28,3.11,-1.1
worker 1,2026-07-27 13:32:28.807,-0.09,0.1,0.86,-1.28,3.11,-1.1
worker 1,2026-07-27 13:32:28.813,-0.05,0.1,0.71,-9.22,-29.05,-14.47
worker 1,2026-07-27 13:32:28.814,-0.05,0.1,0.71,-9.22,-29.05,-14.47
worker 1,2026-07-27 13:32:28.875,-0.06,0.06,0.57,-21.73,-57.86,-12.39
worker 1,2026-07-27 13:32:28.886,-0.06,0.06,0.57,-21.73,-57.86,-12.39
worker 1,2026-07-27 13:32:29.348,-0.1,0.03,0.47,-26.12,-73.49,-7.75
worker 1,2026-07-27 13:32:29.369,-0.15,0.07,0.46,-19.1,-70.8,-10.86
worker 1,2026-07-27 13:32:29.370,-0.15,0.07,0.46,-19.1,-70.8,-10.86
worker 1,2026-07-27 13:32:29.370,-0.23,0.17,0.58,-8.06,-54.44,-18.74
worker 1,2026-07-27 13:32:29.370,-0.31,0.28,0.8,-2.87,-36.19,-22.09
worker 1,2026-07-27 13:32:29.371,-0.35,0.35,0.96,-3.36,-25.15,-20.39
worker 1,2026-07-27 13:32:29.371,-0.33,0.4,0.94,-0.73,-19.65,-17.27
worker 1,2026-07-27 13:32:29.371,-0.27,0.41,0.84,8.61,-12.39,-11.47
worker 1,2026-07-27 13:32:29.371,-0.2,0.4,0.77,22.64,-1.95,-1.16
worker 1,2026-07-27 13:32:29.371,-0.15,0.39,0.74,37.96,7.63,10.19
worker 1,2026-07-27 13:32:29.372,-0.16,0.38,0.7,43.76,14.71,16.66
worker 1,2026-07-27 13:32:29.374,-0.2,0.36,0.63,36.25,21.55,15.5
worker 1,2026-07-27 13:32:29.374,-0.25,0.37,0.59,21.67,23.07,12.15
worker 1,2026-07-27 13:32:29.375,-0.25,0.37,0.59,21.67,23.07,12.15
worker 1,2026-07-27 13:32:29.375,-0.29,0.36,0.6,-15.87,-14.77,20.94
worker 1,2026-07-27 13:32:29.523,-0.29,0.36,0.6,-15.87,-14.77,20.94
worker 1,2026-07-27 13:32:29.524,-0.24,0.22,0.54,-78.86,-99.55,41.69
worker 1,2026-07-27 13:32:29.534,-0.24,0.22,0.54,-78.86,-99.55,41.69
worker 1,2026-07-27 13:32:29.534,-0.13,0.06,0.39,-95.83,-144.04,47.12
worker 1,2026-07-27 13:32:29.535,-0.05,-0.01,0.35,-52.86,-99.12,29.6
worker 1,2026-07-27 13:32:29.535,0.01,0.0,0.59,-32.1,-23.44,14.4
worker 1,2026-07-27 13:32:29.836,0.08,0.05,1.12,-53.71,34.36,8.54
worker 1,2026-07-27 13:32:29.864,0.09,0.18,1.61,-58.78,68.18,-9.09
worker 1,2026-07-27 13:32:29.864,0.03,0.34,1.74,-19.35,73.49,-37.66
worker 1,2026-07-27 13:32:29.865,0.03,0.34,1.74,-19.35,73.49,-37.66
worker 1,2026-07-27 13:32:29.865,-0.04,0.38,1.6,24.35,51.76,-50.78
worker 1,2026-07-27 13:32:29.865,-0.1,0.37,1.41,41.69,20.81,-45.17
worker 1,2026-07-27 13:32:29.865,-0.1,0.37,1.41,36.87,-5.92,-33.14
worker 1,2026-07-27 13:32:29.865,-0.14,0.36,1.31,36.87,-5.92,-33.14
worker 1,2026-07-27 13:32:29.874,-0.11,0.31,1.22,21.0,-30.52,-14.95
worker 1,2026-07-27 13:32:29.875,-0.11,0.31,1.22,21.0,-30.52,-14.95
worker 1,2026-07-27 13:32:29.875,-0.01,0.18,1.06,5.55,-53.53,3.78
worker 1,2026-07-27 13:32:29.947,-0.01,0.18,1.06,5.55,-53.53,3.78
worker 1,2026-07-27 13:32:29.947,0.11,0.08,0.99,0.85,-59.57,3.3
worker 1,2026-07-27 13:32:29.947,0.11,0.17,1.08,9.77,-39.79,-27.71
worker 1,2026-07-27 13:32:29.947,-0.0,0.35,1.04,16.54,-18.98,-60.85
worker 1,2026-07-27 13:32:30.246,-0.0,0.35,1.04,16.54,-18.98,-60.85
worker 1,2026-07-27 13:32:30.247,-0.04,0.4,0.82,9.83,-16.05,-57.56
worker 1,2026-07-27 13:32:30.247,0.06,0.3,0.74,-0.98,-15.99,-23.93
worker 1,2026-07-27 13:32:30.247,0.19,0.17,0.91,-8.79,-8.12,6.04
worker 1,2026-07-27 13:32:30.248,0.19,0.17,0.91,-8.79,-8.12,6.04
worker 1,2026-07-27 13:32:30.248,0.2,0.13,1.1,-12.82,-0.49,13.73
worker 1,2026-07-27 13:32:30.248,0.11,0.16,1.04,-11.17,-3.36,6.04
worker 1,2026-07-27 13:32:30.249,0.11,0.16,1.04,-11.17,-3.36,6.04
worker 1,2026-07-27 13:32:30.249,0.07,0.2,0.88,-4.94,-5.37,-0.98
worker 1,2026-07-27 13:32:30.249,0.1,0.23,0.85,0.92,5.49,0.43
worker 1,2026-07-27 13:32:30.250,0.1,0.23,0.85,0.92,5.49,0.43
worker 1,2026-07-27 13:32:30.667,0.14,0.24,0.88,7.45,20.14,5.07
worker 1,2026-07-27 13:32:30.690,0.14,0.24,0.88,7.45,20.14,5.07
worker 1,2026-07-27 13:32:30.690,0.12,0.27,0.9,19.78,30.52,5.0
worker 1,2026-07-27 13:32:30.690,0.12,0.27,0.9,31.62,36.25,2.01
worker 1,2026-07-27 13:32:30.690,0.04,0.3,0.87,31.62,36.25,2.01
worker 1,2026-07-27 13:32:30.690,-0.04,0.29,0.82,32.1,41.44,2.62
worker 1,2026-07-27 13:32:30.690,-0.08,0.28,0.85,22.64,49.68,5.55
worker 1,2026-07-27 13:32:30.691,-0.12,0.43,1.09,6.53,57.5,4.58
worker 1,2026-07-27 13:32:30.691,-0.14,0.58,1.36,-27.1,47.49,15.81
worker 1,2026-07-27 13:32:30.691,-0.14,0.58,1.36,-71.35,13.49,58.65
worker 1,2026-07-27 13:32:30.691,-0.13,0.36,1.27,-71.35,13.49,58.65
worker 1,2026-07-27 13:32:30.704,-0.13,-0.06,1.15,-88.75,-1.46,93.2
worker 1,2026-07-27 13:32:30.704,-0.22,-0.22,1.14,-58.53,21.18,68.85
worker 1,2026-07-27 13:32:30.704,-0.4,-0.04,1.1,-6.96,52.31,4.46
worker 1,2026-07-27 13:32:30.720,-0.4,-0.04,1.1,-6.96,52.31,4.46
worker 1,2026-07-27 13:32:30.723,-0.51,0.26,1.09,26.79,75.68,-47.67
worker 1,2026-07-27 13:32:31.123,-0.52,0.44,1.03,36.13,83.19,-62.62
worker 1,2026-07-27 13:32:31.153,-0.52,0.44,1.03,36.13,83.19,-62.62
worker 1,2026-07-27 13:32:31.153,-0.47,0.42,1.0,26.37,76.84,-46.63
worker 1,2026-07-27 13:32:31.153,-0.37,0.32,1.1,2.14,62.44,-20.45
worker 1,2026-07-27 13:32:31.154,-0.25,0.29,1.28,-31.68,31.8,3.78
worker 1,2026-07-27 13:32:31.154,-0.14,0.26,1.34,-71.35,-22.28,31.98
worker 1,2026-07-27 13:32:31.330,-0.14,0.26,1.34,-71.35,-22.28,31.98
worker 1,2026-07-27 13:32:31.557,-0.09,0.12,1.1,-92.59,-83.74,60.36
worker 1,2026-07-27 13:32:31.602,-0.11,-0.06,0.73,-76.11,-119.87,67.57
worker 1,2026-07-27 13:32:31.640,-0.11,-0.06,0.73,-76.11,-119.87,67.57
worker 1,2026-07-27 13:32:31.659,-0.15,-0.12,0.52,-37.54,-117.13,44.49
worker 1,2026-07-27 13:32:31.675,-0.15,-0.12,0.52,-3.72,-92.29,9.7
worker 1,2026-07-27 13:32:31.675,-0.18,-0.07,0.5,-3.72,-92.29,9.7
worker 1,2026-07-27 13:32:31.681,-0.2,-0.0,0.56,11.11,-67.81,-13.79
worker 1,2026-07-27 13:32:31.682,-0.2,-0.0,0.56,11.11,-67.81,-13.79
worker 1,2026-07-27 13:32:31.682,-0.2,0.04,0.66,6.35,-50.96,-19.35
worker 1,2026-07-27 13:32:31.682,-0.19,0.07,0.77,-2.56,-35.46,-17.15
worker 1,2026-07-27 13:32:31.683,-0.19,0.07,0.77,-2.56,-35.46,-17.15
worker 1,2026-07-27 13:32:31.683,-0.16,0.14,0.82,-0.31,-18.01,-15.75
worker 1,2026-07-27 13:32:31.683,-0.12,0.16,0.76,7.14,-5.8,-8.54
worker 1,2026-07-27 13:32:31.689,-0.12,0.16,0.76,7.14,-5.8,-8.54
worker 1,2026-07-27 13:32:31.689,-0.09,0.12,0.63,9.7,-3.48,6.29
worker 1,2026-07-27 13:32:31.691,-0.07,0.06,0.49,4.76,-10.86,19.53
worker 1,2026-07-27 13:32:31.704,-0.07,0.06,0.49,4.76,-10.86,19.53
worker 1,2026-07-27 13:32:31.704,-0.06,0.01,0.41,-6.9,-24.72,26.67
worker 1,2026-07-27 13:32:31.711,-0.06,0.01,0.41,-6.9,-24.72,26.67
worker 1,2026-07-27 13:32:31.712,-0.03,-0.01,0.4,-15.75,-36.5,25.45
worker 1,2026-07-27 13:32:31.712,-0.03,-0.01,0.4,-15.2,-37.66,16.05
worker 1,2026-07-27 13:32:31.712,0.01,-0.01,0.48,-15.2,-37.66,16.05
worker 1,2026-07-27 13:32:31.712,0.1,-0.02,0.78,-10.99,-20.51,3.85
worker 1,2026-07-27 13:32:31.713,0.17,0.02,1.31,1.59,16.66,-12.76
worker 1,2026-07-27 13:32:31.713,0.16,0.06,1.65,33.14,53.16,-30.46
worker 1,2026-07-27 13:32:31.713,0.01,0.09,1.55,77.64,73.73,-39.61
worker 1,2026-07-27 13:32:31.713,-0.21,0.22,1.47,96.68,80.51,-41.81
worker 1,2026-07-27 13:32:32.407,-0.21,0.22,1.47,96.68,80.51,-41.81
worker 1,2026-07-27 13:32:32.407,-0.21,0.42,1.58,66.65,51.94,-35.83
worker 1,2026-07-27 13:32:32.407,0.03,0.46,1.64,15.99,-10.31,-14.16
worker 1,2026-07-27 13:32:32.407,0.15,0.34,1.27,-10.86,-65.8,6.23
worker 1,2026-07-27 13:32:32.411,0.15,0.34,1.27,-10.86,-65.8,6.23
worker 1,2026-07-27 13:32:32.411,0.03,0.32,0.71,-5.31,-79.1,-0.67
worker 1,2026-07-27 13:32:32.412,0.03,0.32,0.71,-5.31,-79.1,-0.67
worker 1,2026-07-27 13:32:32.412,-0.03,0.29,0.67,-6.71,-48.65,-10.99
worker 1,2026-07-27 13:32:32.412,0.09,0.12,0.93,-25.7,-18.37,5.19
worker 1,2026-07-27 13:32:32.412,0.2,-0.01,1.08,-32.1,-14.22,24.72
worker 1,2026-07-27 13:32:32.412,0.18,0.07,1.11,-21.42,-22.28,22.03
worker 1,2026-07-27 13:32:33.012,0.1,0.24,1.1,-17.76,-29.3,13.49
worker 1,2026-07-27 13:32:33.026,0.1,0.24,1.1,-17.76,-29.3,13.49
worker 1,2026-07-27 13:32:33.035,0.08,0.25,1.1,-32.53,-35.95,22.46
worker 1,2026-07-27 13:32:33.036,0.08,0.25,1.1,-32.53,-35.95,22.46
worker 1,2026-07-27 13:32:33.036,0.17,0.14,1.07,-50.6,-42.72,41.14
worker 1,2026-07-27 13:32:33.036,0.27,0.06,1.01,-50.05,-44.49,50.78
worker 1,2026-07-27 13:32:33.036,0.31,0.05,0.97,-32.23,-40.83,50.29
worker 1,2026-07-27 13:32:33.036,0.29,0.03,0.93,-19.65,-32.59,52.61
worker 1,2026-07-27 13:32:33.050,0.29,0.03,0.93,-19.65,-32.59,52.61
worker 1,2026-07-27 13:32:33.051,0.24,-0.11,0.87,-32.9,-12.15,62.68
worker 1,2026-07-27 13:32:33.052,0.24,-0.11,0.87,-32.9,-12.15,62.68
worker 1,2026-07-27 13:32:33.053,0.2,-0.27,0.84,-67.69,18.07,65.06
worker 1,2026-07-27 13:32:33.054,0.2,-0.27,0.84,-74.4,31.43,47.0
worker 1,2026-07-27 13:32:33.054,0.16,-0.28,0.79,-74.4,31.43,47.0
worker 1,2026-07-27 13:32:33.055,0.15,-0.24,0.76,-41.26,26.49,25.27
worker 1,2026-07-27 13:32:33.058,0.17,-0.23,0.84,-5.13,18.68,-0.98
worker 1,2026-07-27 13:32:33.059,0.17,-0.23,0.84,-5.13,18.68,-0.98
worker 1,2026-07-27 13:32:33.062,0.22,-0.19,0.91,36.5,-2.01,-54.14
worker 1,2026-07-27 13:32:33.076,0.25,-0.08,0.96,77.15,-23.62,-108.64
worker 1,2026-07-27 13:32:33.079,0.27,0.02,1.04,80.2,-32.23,-103.15
worker 1,2026-07-27 13:32:33.079,0.3,0.04,1.06,48.71,-32.1,-41.87
worker 1,2026-07-27 13:32:33.079,0.3,0.03,1.05,13.67,-8.18,17.94
worker 1,2026-07-27 13:32:33.079,0.28,0.02,1.06,-7.39,38.02,46.51
worker 1,2026-07-27 13:32:33.079,0.21,0.01,1.07,-18.55,79.77,49.19
worker 1,2026-07-27 13:32:33.079,0.11,-0.01,1.06,-35.28,90.76,35.58
worker 1,2026-07-27 13:32:33.079,0.03,-0.07,1.03,-40.65,67.63,7.39
worker 1,2026-07-27 13:32:33.079,-0.01,-0.11,1.0,-20.39,38.45,-19.04
worker 1,2026-07-27 13:32:33.079,0.02,-0.08,1.02,6.29,21.79,-40.04
worker 1,2026-07-27 13:32:33.080,0.01,-0.04,1.08,12.76,19.17,-74.16
worker 1,2026-07-27 13:32:33.080,0.03,-0.06,1.15,-4.03,4.76,-102.29
worker 1,2026-07-27 13:32:33.080,0.21,-0.03,1.17,4.94,-47.97,-83.56
worker 1,2026-07-27 13:32:33.122,0.39,0.07,1.09,23.32,-88.68,-19.84
worker 1,2026-07-27 13:32:33.123,0.39,0.07,1.09,23.32,-88.68,-19.84
worker 1,2026-07-27 13:32:33.123,0.43,0.07,0.96,7.81,-80.02,45.96
worker 1,2026-07-27 13:32:33.124,0.43,0.07,0.96,-2.69,-63.11,72.14
worker 1,2026-07-27 13:32:33.124,0.36,-0.05,0.81,-2.69,-63.11,72.14
worker 1,2026-07-27 13:32:33.426,0.28,-0.19,0.61,14.28,-58.35,59.63
worker 1,2026-07-27 13:32:33.440,0.28,-0.19,0.61,14.28,-58.35,59.63
worker 1,2026-07-27 13:32:33.440,0.26,-0.26,0.52,45.17,-35.03,32.53
worker 1,2026-07-27 13:32:33.441,0.29,-0.22,0.64,76.48,1.22,5.07
worker 1,2026-07-27 13:32:33.443,0.29,-0.22,0.64,76.48,1.22,5.07
worker 1,2026-07-27 13:32:33.443,0.29,-0.09,0.78,88.5,23.86,-10.01
worker 1,2026-07-27 13:32:33.443,0.21,0.05,0.87,69.15,38.39,2.69
worker 1,2026-07-27 13:32:33.443,0.1,0.17,0.91,38.45,29.36,31.8
worker 1,2026-07-27 13:32:33.443,0.01,0.25,0.94,22.34,-6.84,49.19
worker 1,2026-07-27 13:32:33.482,-0.03,0.25,1.04,14.4,-30.21,44.56
worker 1,2026-07-27 13:32:33.485,-0.01,0.26,1.11,-0.79,-14.53,13.73
worker 1,2026-07-27 13:32:33.628,-0.01,0.26,1.11,-0.79,-14.53,13.73
worker 1,2026-07-27 13:32:33.653,0.01,0.26,1.08,-18.86,17.21,-20.39
worker 1,2026-07-27 13:32:33.669,0.01,0.26,1.08,-18.86,17.21,-20.39
worker 1,2026-07-27 13:32:33.675,0.07,0.23,0.98,-27.47,22.89,-23.68
worker 1,2026-07-27 13:32:33.684,0.07,0.23,0.98,-27.47,22.89,-23.68
worker 1,2026-07-27 13:32:33.689,0.19,0.21,0.95,-4.27,-2.99,-11.47
worker 1,2026-07-27 13:32:33.699,0.34,0.2,1.02,33.51,-19.23,-4.46
worker 1,2026-07-27 13:32:33.718,0.34,0.2,1.02,33.51,-19.23,-4.46
worker 1,2026-07-27 13:32:34.110,0.38,0.19,1.04,37.9,-2.2,3.72
worker 1,2026-07-27 13:32:34.111,0.38,0.19,1.04,37.9,-2.2,3.72
worker 1,2026-07-27 13:32:34.114,0.28,0.14,1.04,16.24,23.32,13.12
worker 1,2026-07-27 13:32:34.117,0.28,0.14,1.04,16.24,23.32,13.12
worker 1,2026-07-27 13:32:34.118,0.19,0.12,1.03,1.34,31.56,14.83
worker 1,2026-07-27 13:32:34.119,0.19,0.12,1.03,-0.55,27.71,12.94
worker 1,2026-07-27 13:32:34.119,0.15,0.13,0.97,-0.55,27.71,12.94
worker 1,2026-07-27 13:32:34.119,0.15,0.15,0.96,-6.16,34.67,14.47
worker 1,2026-07-27 13:32:34.120,0.15,0.15,0.96,-6.16,34.67,14.47
worker 1,2026-07-27 13:32:34.120,0.15,0.15,0.97,-28.32,47.85,16.36
worker 1,2026-07-27 13:32:34.120,0.12,0.09,0.95,-64.82,49.8,15.14
worker 1,2026-07-27 13:32:34.120,0.06,0.02,0.94,-79.41,53.47,5.43
worker 1,2026-07-27 13:32:34.121,0.02,0.01,0.96,-46.75,49.01,-7.57
worker 1,2026-07-27 13:32:34.238,0.02,0.01,0.99,-6.04,21.48,-9.95
worker 1,2026-07-27 13:32:34.253,0.02,0.01,0.99,-6.04,21.48,-9.95
worker 1,2026-07-27 13:32:34.503,0.03,0.02,1.0,9.7,-1.71,-4.03
worker 1,2026-07-27 13:32:34.533,0.03,0.02,1.0,9.7,-1.71,-4.03
worker 1,2026-07-27 13:32:34.533,0.04,0.03,1.0,7.39,-7.51,0.37
worker 1,2026-07-27 13:32:34.534,0.04,0.03,1.0,7.39,-7.51,0.37
worker 1,2026-07-27 13:32:34.537,0.04,0.03,1.0,1.53,-4.15,1.28
worker 1,2026-07-27 13:32:34.538,0.04,0.03,1.0,1.53,-4.15,1.28
worker 1,2026-07-27 13:32:34.538,0.03,0.02,0.99,-1.28,-0.43,0.61
worker 1,2026-07-27 13:32:34.547,0.03,0.02,0.99,-1.16,0.73,-0.06
worker 1,2026-07-27 13:32:34.548,0.03,0.02,0.99,-1.16,0.73,-0.06
worker 1,2026-07-27 13:32:34.548,0.03,0.02,1.0,-0.24,0.37,-0.18
worker 1,2026-07-27 13:32:34.549,0.03,0.02,1.0,0.31,-0.12,-0.12
worker 1,2026-07-27 13:32:34.549,0.03,0.03,1.0,0.31,-0.31,-0.06
worker 1,2026-07-27 13:32:34.549,0.03,0.03,1.0,0.18,-0.37,-0.06
worker 1,2026-07-27 13:32:34.549,0.03,0.03,1.0,0.0,-0.37,-0.12
worker 1,2026-07-27 13:32:34.550,0.03,0.03,1.0,-0.06,-0.37,-0.18
worker 1,2026-07-27 13:32:34.995,0.03,0.03,1.0,-0.06,-0.37,-0.18
worker 1,2026-07-27 13:32:35.031,0.03,0.02,0.99,-0.06,-0.43,-0.24
worker 1,2026-07-27 13:32:35.050,0.03,0.02,0.99,-0.06,-0.43,-0.24
worker 1,2026-07-27 13:32:35.080,0.03,0.02,0.99,-0.06,-0.49,-0.24
worker 1,2026-07-27 13:32:35.113,0.03,0.02,0.99,-0.06,-0.49,-0.24
worker 1,2026-07-27 13:32:35.114,0.03,0.03,1.0,0.0,-0.55,-0.24
worker 1,2026-07-27 13:32:35.114,0.03,0.03,1.0,-0.06,-0.55,-0.18
worker 1,2026-07-27 13:32:35.128,0.03,0.02,1.0,-0.06,-0.49,-0.18
worker 1,2026-07-27 13:32:35.130,0.03,0.02,1.0,-0.06,-0.49,-0.18
worker 1,2026-07-27 13:32:35.131,0.03,0.02,1.0,-0.06,-0.49,-0.18
worker 1,2026-07-27 13:32:35.131,0.03,0.02,1.0,-0.06,-0.43,-0.18
worker 1,2026-07-27 13:32:35.133,0.03,0.02,1.0,-0.06,-0.37,-0.18
worker 1,2026-07-27 13:32:35.236,0.03,0.02,1.0,-0.06,-0.37,-0.18
worker 1,2026-07-27 13:32:35.236,0.03,0.03,1.0,-0.06,-0.37,-0.18
worker 1,2026-07-27 13:32:35.237,0.03,0.03,1.0,-0.12,-0.37,-0.18
worker 1,2026-07-27 13:32:35.238,0.03,0.02,1.0,-0.12,-0.37,-0.18
worker 1,2026-07-27 13:32:35.239,0.03,0.02,1.0,-0.06,-0.37,-0.18
worker 1,2026-07-27 13:32:35.240,0.03,0.02,1.0,-0.06,-0.37,-0.18
worker 1,2026-07-27 13:32:35.241,0.03,0.02,1.0,-0.06,-0.37,-0.18
worker 1,2026-07-27 13:32:35.244,0.03,0.02,1.0,-0.06,-0.37,-0.18
worker 1,2026-07-27 13:32:35.244,0.03,0.02,1.0,-0.06,-0.31,-0.12
worker 1,2026-07-27 13:32:35.279,0.03,0.02,1.0,-0.06,-0.31,-0.12
worker 1,2026-07-27 13:32:35.279,0.03,0.02,1.0,0.0,-0.31,-0.12
worker 1,2026-07-27 13:32:35.280,0.03,0.02,1.0,0.0,-0.31,-0.12
worker 1,2026-07-27 13:32:35.281,0.03,0.02,1.0,0.0,-0.31,-0.12
worker 1,2026-07-27 13:32:35.400,0.03,0.03,1.0,0.0,-0.31,-0.12
worker 1,2026-07-27 13:32:35.401,0.03,0.02,1.0,-0.06,-0.37,-0.12
worker 1,2026-07-27 13:32:35.402,0.03,0.02,1.0,-0.06,-0.37,-0.12
worker 1,2026-07-27 13:32:36.239,0.03,0.02,1.0,-0.06,-0.37,-0.18
worker 1,2026-07-27 13:32:36.240,0.03,0.03,1.0,-0.06,-0.37,-0.18
worker 1,2026-07-27 13:32:36.240,0.03,0.02,1.0,-0.06,-0.37,-0.18
worker 1,2026-07-27 13:32:36.241,0.03,0.02,1.0,-0.06,-0.37,-0.18
worker 1,2026-07-27 13:32:36.242,0.03,0.02,1.0,-0.06,-0.37,-0.18
worker 1,2026-07-27 13:32:36.243,0.03,0.02,1.0,-0.06,-0.37,-0.18
worker 1,2026-07-27 13:32:36.249,0.03,0.02,1.0,-0.06,-0.37,-0.18
worker 1,2026-07-27 13:32:36.249,0.03,0.02,1.0,0.0,-0.31,-0.18
worker 1,2026-07-27 13:32:36.249,0.03,0.02,1.0,0.0,-0.37,-0.12
worker 1,2026-07-27 13:32:36.250,0.03,0.02,1.0,0.0,-0.37,-0.12
worker 1,2026-07-27 13:32:36.250,0.03,0.02,1.0,0.0,-0.37,-0.06
worker 1,2026-07-27 13:32:36.250,0.03,0.03,1.0,-0.06,-0.37,-0.06
worker 1,2026-07-27 13:32:36.251,0.03,0.03,1.0,-0.06,-0.37,-0.12
worker 1,2026-07-27 13:32:36.251,0.03,0.02,1.0,-0.06,-0.31,-0.12
worker 1,2026-07-27 13:32:36.252,0.03,0.02,1.0,-0.06,-0.31,-0.12
worker 1,2026-07-27 13:32:36.252,0.03,0.02,1.0,-0.06,-0.31,-0.18
worker 1,2026-07-27 13:32:36.252,0.03,0.02,1.0,-0.06,-0.37,-0.18
worker 1,2026-07-27 13:32:36.253,0.03,0.02,1.0,-0.06,-0.37,-0.18
worker 1,2026-07-27 13:32:36.253,0.03,0.02,1.0,-0.06,-0.37,-0.24
worker 1,2026-07-27 13:32:36.254,0.03,0.02,1.0,-0.06,-0.37,-0.24
worker 1,2026-07-27 13:32:36.255,0.03,0.02,1.0,-0.06,-0.37,-0.24
worker 1,2026-07-27 13:32:36.255,0.03,0.02,1.0,-0.06,-0.37,-0.18
worker 1,2026-07-27 13:32:36.257,0.03,0.02,1.0,-0.06,-0.37,-0.18
worker 1,2026-07-27 13:32:36.258,0.03,0.02,1.0,0.0,-0.37,-0.12
worker 1,2026-07-27 13:32:36.258,0.03,0.02,1.0,0.0,-0.37,-0.18
worker 1,2026-07-27 13:32:36.258,0.03,0.02,1.0,-0.06,-0.31,-0.12
worker 1,2026-07-27 13:32:36.260,0.03,0.02,1.0,-0.06,-0.31,-0.12
worker 1,2026-07-27 13:32:36.360,0.03,0.03,1.0,0.0,-0.31,-0.12
worker 1,2026-07-27 13:32:36.360,0.03,0.03,1.0,0.0,-0.37,-0.12
worker 1,2026-07-27 13:32:36.419,0.03,0.02,1.0,-0.06,-0.37,-0.12
worker 1,2026-07-27 13:32:36.420,0.03,0.02,1.0,-0.06,-0.31,-0.18
