Timestamp,AccX,AccY,AccZ,GyroX,GyroY,GyroZ
2026-07-27 13:35:40.905,-0.06,0.22,0.94,10.13,10.01,12.27
2026-07-27 13:35:40.973,-0.06,0.22,0.94,10.13,10.01,12.27
2026-07-27 13:35:41.012,-0.06,0.25,0.97,9.09,5.8,11.6
2026-07-27 13:35:41.102,-0.06,0.25,0.97,9.09,5.8,11.6
2026-07-27 13:35:41.155,-0.06,0.27,0.96,11.9,2.99,9.09
2026-07-27 13:35:41.155,-0.05,0.27,0.91,14.71,2.62,4.82
2026-07-27 13:35:41.186,-0.05,0.27,0.91,14.71,2.62,4.82
2026-07-27 13:35:41.213,-0.03,0.26,0.86,14.95,2.5,0.18
2026-07-27 13:35:41.263,-0.03,0.26,0.86,14.95,2.5,0.18
2026-07-27 13:35:41.273,-0.02,0.26,0.85,10.86,-0.12,-3.78
2026-07-27 13:35:41.274,-0.02,0.26,0.85,10.86,-0.12,-3.78
2026-07-27 13:35:41.274,-0.01,0.27,0.9,3.85,-5.0,-5.68
2026-07-27 13:35:41.274,-0.01,0.27,0.9,3.85,-5.0,-5.68
2026-07-27 13:35:41.274,-0.01,0.3,1.0,-2.44,-10.31,-4.82
2026-07-27 13:35:41.274,-0.01,0.3,1.0,-6.35,-13.49,-2.5
2026-07-27 13:35:41.274,-0.0,0.33,1.09,-6.35,-13.49,-2.5
2026-07-27 13:35:41.274,-0.0,0.33,1.08,-3.23,-10.68,-0.49
2026-07-27 13:35:41.274,-0.0,0.33,1.08,-3.23,-10.68,-0.49
2026-07-27 13:35:41.274,-0.02,0.31,1.0,5.49,-3.91,-0.49
2026-07-27 13:35:41.274,-0.02,0.31,1.0,5.49,-3.91,-0.49
2026-07-27 13:35:41.275,-0.03,0.29,0.93,10.74,0.06,-3.23
2026-07-27 13:35:41.275,-0.03,0.29,0.93,10.74,0.06,-3.23
2026-07-27 13:35:41.275,-0.03,0.28,0.93,11.96,-0.79,-7.02
2026-07-27 13:35:41.275,-0.03,0.28,0.93,10.68,-3.36,-8.54
2026-07-27 13:35:41.275,-0.02,0.29,0.97,10.68,-3.36,-8.54
2026-07-27 13:35:41.275,-0.01,0.32,1.01,6.47,-4.7,-5.49
2026-07-27 13:35:41.279,-0.01,0.32,1.01,6.47,-4.7,-5.49
2026-07-27 13:35:41.303,0.0,0.34,1.0,0.67,-3.78,-0.24
2026-07-27 13:35:41.303,0.0,0.34,1.0,0.67,-3.78,-0.24
2026-07-27 13:35:41.455,0.01,0.35,0.95,-5.8,-1.89,3.48
2026-07-27 13:35:41.507,0.01,0.35,0.95,-5.8,-1.89,3.48
2026-07-27 13:35:41.507,0.0,0.34,0.9,-9.34,-1.1,5.19
2026-07-27 13:35:41.507,0.0,0.34,0.9,-9.34,-1.1,5.19
2026-07-27 13:35:41.508,-0.01,0.34,0.89,-6.77,-1.1,5.07
2026-07-27 13:35:41.508,-0.01,0.34,0.89,-2.14,-1.4,3.54
2026-07-27 13:35:41.508,-0.02,0.35,0.9,-2.14,-1.4,3.54
2026-07-27 13:35:41.508,-0.02,0.35,0.93,-0.67,-1.89,1.53
2026-07-27 13:35:41.549,-0.02,0.35,0.93,-0.67,-1.89,1.53
2026-07-27 13:35:41.561,-0.02,0.34,0.96,-2.2,-2.38,-0.67
2026-07-27 13:35:41.562,-0.02,0.34,0.96,-2.2,-2.38,-0.67
2026-07-27 13:35:41.579,-0.01,0.33,0.97,-5.8,-3.11,-2.26
2026-07-27 13:35:41.583,-0.01,0.33,0.97,-5.8,-3.11,-2.26
2026-07-27 13:35:41.703,-0.01,0.31,0.98,-11.47,-4.03,-3.11
2026-07-27 13:35:41.737,-0.01,0.31,0.98,-11.47,-4.03,-3.11
2026-07-27 13:35:41.744,-0.0,0.29,0.97,-15.44,-4.52,-3.6
2026-07-27 13:35:41.766,-0.01,0.29,0.94,-15.44,-4.88,-3.6
2026-07-27 13:35:41.766,-0.01,0.29,0.94,-15.44,-4.88,-3.6
2026-07-27 13:35:41.767,-0.01,0.28,0.94,-14.34,-6.16,-3.6
2026-07-27 13:35:41.771,-0.01,0.28,0.94,-14.34,-6.16,-3.6
2026-07-27 13:35:41.771,-0.01,0.28,0.96,-13.12,-7.32,-4.15
2026-07-27 13:35:41.771,-0.01,0.28,0.96,-13.12,-7.32,-4.15
2026-07-27 13:35:41.903,-0.02,0.27,0.98,-11.41,-6.47,-5.37
2026-07-27 13:35:41.949,-0.02,0.27,0.98,-11.41,-6.47,-5.37
2026-07-27 13:35:41.954,-0.02,0.26,0.99,-10.86,-3.97,-7.02
2026-07-27 13:35:41.967,-0.01,0.25,1.0,-10.62,-0.98,-8.36
2026-07-27 13:35:41.968,-0.01,0.25,1.0,-10.62,-0.98,-8.36
2026-07-27 13:35:41.968,-0.02,0.25,1.0,-8.97,1.71,-9.16
2026-07-27 13:35:41.968,-0.02,0.25,1.0,-8.97,1.71,-9.16
2026-07-27 13:35:41.968,-0.05,0.27,0.97,-5.86,4.21,-10.44
2026-07-27 13:35:42.000,-0.05,0.27,0.97,-5.86,4.21,-10.44
2026-07-27 13:35:42.003,-0.14,0.38,0.93,2.87,6.65,-16.48
2026-07-27 13:35:42.005,-0.14,0.38,0.93,2.87,6.65,-16.48
2026-07-27 13:35:42.129,-0.23,0.52,0.89,15.2,7.75,-38.02
2026-07-27 13:35:42.152,-0.23,0.52,0.89,22.89,8.67,-82.28
2026-07-27 13:35:42.152,-0.27,0.59,0.83,22.89,8.67,-82.28
2026-07-27 13:35:42.153,-0.24,0.58,0.79,27.77,9.09,-145.69
2026-07-27 13:35:42.153,-0.24,0.58,0.79,27.77,9.09,-145.69
2026-07-27 13:35:42.180,-0.18,0.56,0.9,33.2,1.77,-214.29
2026-07-27 13:35:42.181,-0.18,0.56,0.9,33.2,1.77,-214.29
2026-07-27 13:35:42.249,-0.11,0.54,1.11,68.66,-42.72,-245.24
2026-07-27 13:35:42.259,-0.11,0.54,1.11,106.26,-111.82,-243.53
2026-07-27 13:35:42.263,-0.03,0.46,1.1,106.26,-111.82,-243.53
2026-07-27 13:35:42.334,-0.01,0.34,0.98,54.14,-131.35,-264.4
2026-07-27 13:35:42.334,-0.01,0.34,0.98,54.14,-131.35,-264.4
2026-07-27 13:35:42.360,-0.1,0.2,0.89,-44.86,-103.15,-282.71
2026-07-27 13:35:42.420,-0.1,0.2,0.89,-44.86,-103.15,-282.71
2026-07-27 13:35:42.422,-0.18,0.06,0.83,-100.34,-67.44,-263.12
2026-07-27 13:35:42.424,-0.17,-0.06,0.83,-76.23,-23.99,-224.85
2026-07-27 13:35:42.424,-0.17,-0.06,0.83,-76.23,-23.99,-224.85
2026-07-27 13:35:42.424,-0.09,-0.12,0.86,16.05,-4.52,-170.78
2026-07-27 13:35:42.494,-0.09,-0.12,0.86,16.05,-4.52,-170.78
2026-07-27 13:35:42.501,-0.08,-0.07,0.93,88.56,-25.88,-96.01
2026-07-27 13:35:42.546,-0.08,-0.07,0.93,88.56,-25.88,-96.01
2026-07-27 13:35:42.554,-0.18,0.02,0.98,86.36,-47.0,-30.15
2026-07-27 13:35:42.558,-0.23,0.05,1.02,35.71,-45.47,-7.26
2026-07-27 13:35:42.606,-0.23,0.05,1.02,35.71,-45.47,-7.26
2026-07-27 13:35:42.606,-0.21,0.05,1.02,-26.73,-37.6,-39.67
2026-07-27 13:35:42.612,-0.21,0.05,1.02,-26.73,-37.6,-39.67
2026-07-27 13:35:42.696,-0.27,0.2,1.09,-43.82,-11.17,-156.25
2026-07-27 13:35:42.696,-0.27,0.2,1.09,-43.82,-11.17,-156.25
2026-07-27 13:35:42.739,-0.41,0.47,1.1,11.41,31.07,-295.41
2026-07-27 13:35:42.756,-0.44,0.56,0.97,37.11,37.41,-314.64
2026-07-27 13:35:42.757,-0.44,0.56,0.97,37.11,37.41,-314.64
2026-07-27 13:35:42.779,-0.37,0.46,0.86,13.43,13.37,-242.55
2026-07-27 13:35:42.794,-0.37,0.46,0.86,13.43,13.37,-242.55
2026-07-27 13:35:42.839,-0.31,0.32,0.76,17.7,-2.99,-199.4
2026-07-27 13:35:42.848,-0.31,0.32,0.76,47.12,-5.0,-222.72
2026-07-27 13:35:42.848,-0.32,0.24,0.66,47.12,-5.0,-222.72
2026-07-27 13:35:42.923,-0.45,0.2,0.63,70.86,-6.41,-296.26
2026-07-27 13:35:42.936,-0.45,0.2,0.63,70.86,-6.41,-296.26
2026-07-27 13:35:42.972,-0.62,0.14,0.74,83.98,-18.92,-370.91
2026-07-27 13:35:42.972,-0.62,0.14,0.74,83.98,-18.92,-370.91
2026-07-27 13:35:42.978,-0.73,0.08,0.91,78.8,-31.92,-377.93
2026-07-27 13:35:43.036,-0.73,0.08,0.91,27.34,-24.41,-280.15
2026-07-27 13:35:43.036,-0.7,0.04,0.98,27.34,-24.41,-280.15
2026-07-27 13:35:43.037,-0.59,0.06,1.01,-34.97,-5.92,-145.75
2026-07-27 13:35:43.180,-0.59,0.06,1.01,-34.97,-5.92,-145.75
2026-07-27 13:35:43.202,-0.53,0.13,1.01,-29.36,-8.79,-78.06
2026-07-27 13:35:43.203,-0.53,0.13,1.01,-29.36,-8.79,-78.06
2026-07-27 13:35:43.204,-0.43,0.2,1.06,41.69,-63.17,-87.46
2026-07-27 13:35:43.204,-0.43,0.2,1.06,41.69,-63.17,-87.46
2026-07-27 13:35:43.204,-0.19,0.28,1.09,121.46,-133.73,-99.55
2026-07-27 13:35:43.208,0.04,0.42,0.95,161.07,-117.55,-63.48
2026-07-27 13:35:43.208,0.04,0.42,0.95,161.07,-117.55,-63.48
2026-07-27 13:35:43.260,0.13,0.48,0.75,124.82,-44.49,-14.47
2026-07-27 13:35:43.261,0.13,0.48,0.75,124.82,-44.49,-14.47
2026-07-27 13:35:43.321,0.26,0.46,0.7,26.12,-35.16,9.22
2026-07-27 13:35:43.325,0.26,0.46,0.7,26.12,-35.16,9.22
2026-07-27 13:35:43.329,0.4,0.46,0.8,-55.11,-68.73,5.43
2026-07-27 13:35:43.414,0.45,0.47,0.95,-72.27,-71.9,-11.35
2026-07-27 13:35:43.420,0.45,0.47,0.95,-72.27,-71.9,-11.35
2026-07-27 13:35:43.441,0.46,0.46,1.02,-70.8,-54.02,-12.94
2026-07-27 13:35:43.442,0.46,0.46,1.02,-70.8,-54.02,-12.94
2026-07-27 13:35:43.443,0.44,0.34,0.98,-92.83,-43.27,0.49
2026-07-27 13:35:43.502,0.44,0.34,0.98,-92.83,-43.27,0.49
2026-07-27 13:35:43.503,0.37,0.11,0.93,-130.68,-38.02,6.23
2026-07-27 13:35:43.504,0.37,0.11,0.93,-130.68,-38.02,6.23
2026-07-27 13:35:43.575,0.37,0.11,0.93,-130.68,-38.02,6.23
2026-07-27 13:35:43.581,0.37,0.11,0.93,-130.68,-38.02,6.23
2026-07-27 13:35:43.587,0.17,-0.23,0.75,-116.52,-14.04,2.62
2026-07-27 13:35:43.662,0.07,-0.21,0.9,-53.41,19.78,11.41
2026-07-27 13:35:43.681,0.07,-0.21,0.9,-53.41,19.78,11.41
2026-07-27 13:35:43.710,-0.11,-0.13,1.14,2.62,63.72,32.29
2026-07-27 13:35:43.710,-0.11,-0.13,1.14,2.62,63.72,32.29
2026-07-27 13:35:43.710,-0.26,-0.11,1.18,18.49,71.04,72.63
2026-07-27 13:35:43.744,-0.26,-0.11,1.18,18.49,71.04,72.63
2026-07-27 13:35:43.745,-0.28,-0.19,1.04,-3.42,38.57,119.14
2026-07-27 13:35:43.749,-0.28,-0.19,1.04,-3.42,38.57,119.14
2026-07-27 13:35:43.883,-0.23,-0.27,0.87,-15.01,-5.74,143.49
2026-07-27 13:35:43.884,-0.14,-0.22,0.74,14.16,-54.32,136.05
2026-07-27 13:35:43.889,-0.14,-0.22,0.74,14.16,-54.32,136.05
2026-07-27 13:35:43.893,-0.05,-0.13,0.7,49.8,-87.77,103.76
2026-07-27 13:35:43.893,-0.05,-0.13,0.7,49.8,-87.77,103.76
2026-07-27 13:35:43.919,-0.01,-0.15,0.75,46.33,-87.16,68.18
2026-07-27 13:35:43.920,-0.01,-0.15,0.75,46.33,-87.16,68.18
2026-07-27 13:35:43.920,-0.02,-0.25,0.79,9.95,-64.39,52.0
2026-07-27 13:35:44.041,-0.05,-0.29,0.66,-13.43,-51.33,63.11
2026-07-27 13:35:44.043,-0.05,-0.29,0.66,-13.43,-51.33,63.11
2026-07-27 13:35:44.046,-0.06,-0.28,0.56,-19.78,-38.45,85.21
2026-07-27 13:35:44.047,-0.06,-0.28,0.56,-19.78,-38.45,85.21
2026-07-27 13:35:44.048,-0.07,-0.35,0.75,-42.6,9.34,94.12
2026-07-27 13:35:44.103,-0.07,-0.35,0.75,-42.6,9.34,94.12
2026-07-27 13:35:44.111,-0.04,-0.44,1.02,-72.02,62.93,86.85
2026-07-27 13:35:44.167,0.0,-0.51,1.16,-78.49,82.09,75.13
2026-07-27 13:35:44.170,0.0,-0.51,1.16,-78.49,82.09,75.13
2026-07-27 13:35:44.282,0.07,-0.55,1.16,-57.56,74.22,68.12
2026-07-27 13:35:44.285,0.07,-0.55,1.16,-57.56,74.22,68.12
2026-07-27 13:35:44.287,0.13,-0.54,1.06,-26.92,55.42,62.5
2026-07-27 13:35:44.288,0.13,-0.54,1.06,-26.92,55.42,62.5
2026-07-27 13:35:44.288,0.15,-0.53,0.97,-7.69,38.09,49.13
2026-07-27 13:35:44.288,0.15,-0.53,0.97,-4.27,30.88,28.93
2026-07-27 13:35:44.290,0.13,-0.56,0.97,-4.27,30.88,28.93
2026-07-27 13:35:44.340,0.05,-0.7,1.05,-11.23,28.56,6.71
2026-07-27 13:35:44.340,0.05,-0.7,1.05,-11.23,28.56,6.71
2026-07-27 13:35:44.468,-0.12,-0.86,1.04,-16.36,21.48,-20.08
2026-07-27 13:35:44.469,-0.12,-0.86,1.04,-16.36,21.48,-20.08
2026-07-27 13:35:44.471,-0.32,-0.99,0.99,-17.4,21.48,-53.83
2026-07-27 13:35:44.474,-0.32,-0.99,0.99,-17.4,21.48,-53.83
2026-07-27 13:35:44.474,-0.42,-0.98,1.0,-21.79,42.97,-88.62
2026-07-27 13:35:44.519,-0.37,-0.71,0.98,-19.04,65.06,-114.14
2026-07-27 13:35:44.521,-0.37,-0.71,0.98,-19.04,65.06,-114.14
2026-07-27 13:35:44.522,-0.23,-0.32,0.9,-4.52,59.14,-113.16
2026-07-27 13:35:44.614,-0.23,-0.32,0.9,-4.52,59.14,-113.16
2026-07-27 13:35:44.652,-0.09,-0.12,0.88,1.65,32.96,-75.62
2026-07-27 13:35:44.652,-0.09,-0.12,0.88,1.65,32.96,-75.62
2026-07-27 13:35:44.652,0.01,-0.2,1.0,-6.96,6.84,-19.78
2026-07-27 13:35:44.652,0.01,-0.2,1.0,-13.61,-16.85,21.79
2026-07-27 13:35:44.652,0.05,-0.39,1.13,-13.61,-16.85,21.79
2026-07-27 13:35:44.705,0.04,-0.52,1.12,-12.45,-45.41,31.01
2026-07-27 13:35:44.706,0.04,-0.52,1.12,-12.45,-45.41,31.01
2026-07-27 13:35:44.847,0.01,-0.54,0.97,-15.2,-78.37,12.57
2026-07-27 13:35:44.847,0.01,-0.54,0.97,-15.2,-78.37,12.57
2026-07-27 13:35:44.847,0.01,-0.54,0.97,-15.2,-78.37,12.57
2026-07-27 13:35:44.847,0.01,-0.54,0.97,-15.2,-78.37,12.57
2026-07-27 13:35:44.848,-0.1,-0.48,0.58,-23.13,-101.2,-38.57
2026-07-27 13:35:44.849,-0.1,-0.48,0.58,-23.13,-101.2,-38.57
2026-07-27 13:35:44.960,-0.1,-0.48,0.58,-23.13,-101.2,-38.57
2026-07-27 13:35:45.023,-0.1,-0.48,0.58,-23.13,-101.2,-38.57
2026-07-27 13:35:45.027,-0.21,-0.55,0.47,-15.5,-45.72,-49.68
2026-07-27 13:35:45.027,-0.23,-0.57,0.47,-13.98,-17.03,-34.24
2026-07-27 13:35:45.027,-0.23,-0.57,0.47,-13.98,-17.03,-34.24
2026-07-27 13:35:45.028,-0.2,-0.6,0.45,-13.24,3.54,-3.85
2026-07-27 13:35:45.028,-0.2,-0.6,0.45,-13.24,3.54,-3.85
2026-07-27 13:35:45.028,-0.14,-0.71,0.48,-21.79,22.03,29.91
2026-07-27 13:35:45.064,-0.14,-0.71,0.48,-21.79,22.03,29.91
2026-07-27 13:35:45.149,-0.06,-0.97,0.65,-43.7,50.72,50.48
2026-07-27 13:35:45.187,-0.06,-0.97,0.65,-43.7,50.72,50.48
2026-07-27 13:35:45.188,0.03,-1.22,0.97,-68.85,96.68,39.06
2026-07-27 13:35:45.188,0.07,-1.21,1.07,-68.42,124.76,-3.91
2026-07-27 13:35:45.202,0.07,-1.21,1.07,-68.42,124.76,-3.91
2026-07-27 13:35:45.203,0.05,-1.07,0.71,-38.82,94.18,-44.31
2026-07-27 13:35:45.203,0.05,-1.07,0.71,-38.82,94.18,-44.31
2026-07-27 13:35:45.321,0.02,-0.92,0.29,-10.19,56.52,-73.55
2026-07-27 13:35:45.325,0.02,-0.92,0.29,-10.19,56.52,-73.55
2026-07-27 13:35:45.333,-0.08,-0.71,0.21,19.41,80.2,-107.91
2026-07-27 13:35:45.338,-0.18,-0.48,0.36,48.34,128.72,-133.54
2026-07-27 13:35:45.344,-0.18,-0.48,0.36,48.34,128.72,-133.54
2026-07-27 13:35:45.362,-0.18,-0.35,0.52,49.5,136.9,-128.23
2026-07-27 13:35:45.434,-0.18,-0.35,0.52,49.5,136.9,-128.23
2026-07-27 13:35:45.434,-0.1,-0.35,0.59,25.63,105.53,-95.52
2026-07-27 13:35:45.447,-0.1,-0.35,0.59,25.63,105.53,-95.52
2026-07-27 13:35:45.447,0.01,-0.42,0.6,2.38,70.13,-58.47
2026-07-27 13:35:45.498,0.07,-0.49,0.58,-6.23,51.03,-33.69
2026-07-27 13:35:45.558,0.07,-0.49,0.58,-6.23,51.03,-33.69
2026-07-27 13:35:45.576,0.1,-0.55,0.59,-6.65,48.58,-20.57
2026-07-27 13:35:45.621,0.1,-0.55,0.59,-6.65,48.58,-20.57
2026-07-27 13:35:45.621,0.08,-0.64,0.69,-11.29,55.97,-13.18
2026-07-27 13:35:45.622,0.08,-0.64,0.69,-11.29,55.97,-13.18
2026-07-27 13:35:45.622,0.04,-0.73,0.87,-23.19,64.7,-7.51
2026-07-27 13:35:45.639,0.01,-0.81,1.07,-35.95,69.21,0.79
2026-07-27 13:35:45.839,0.01,-0.81,1.07,-35.95,69.21,0.79
2026-07-27 13:35:45.842,-0.04,-0.92,1.26,-42.3,69.4,12.82
2026-07-27 13:35:45.842,-0.04,-0.92,1.26,-42.3,69.4,12.82
2026-07-27 13:35:45.842,-0.11,-1.0,1.31,-39.0,49.38,24.23
2026-07-27 13:35:45.843,-0.11,-1.0,1.31,-39.0,49.38,24.23
2026-07-27 13:35:45.843,-0.15,-0.97,1.13,-24.54,-23.19,30.52
2026-07-27 13:35:45.844,-0.15,-0.97,1.13,-8.85,-119.57,29.42
2026-07-27 13:35:45.845,-0.13,-0.89,0.93,-8.85,-119.57,29.42
2026-07-27 13:35:45.845,-0.09,-0.84,0.88,0.24,-169.74,19.1
2026-07-27 13:35:45.845,-0.09,-0.84,0.88,0.24,-169.74,19.1
2026-07-27 13:35:45.845,-0.09,-0.79,0.87,13.67,-169.86,3.05
2026-07-27 13:35:46.024,-0.09,-0.79,0.87,13.67,-169.86,3.05
2026-07-27 13:35:46.027,-0.08,-0.73,0.77,35.22,-160.16,-13.06
2026-07-27 13:35:46.028,-0.08,-0.73,0.77,35.22,-160.16,-13.06
2026-07-27 13:35:46.030,-0.07,-0.69,0.62,53.65,-153.38,-26.25
2026-07-27 13:35:46.034,-0.07,-0.69,0.5,63.11,-139.65,-35.83
2026-07-27 13:35:46.044,-0.07,-0.69,0.5,63.11,-139.65,-35.83
2026-07-27 13:35:46.044,-0.12,-0.7,0.4,64.45,-115.17,-43.33
2026-07-27 13:35:46.047,-0.12,-0.7,0.4,64.45,-115.17,-43.33
2026-07-27 13:35:46.089,-0.18,-0.68,0.3,57.86,-87.59,-46.81
2026-07-27 13:35:46.089,-0.18,-0.68,0.3,57.86,-87.59,-46.81
2026-07-27 13:35:46.149,-0.21,-0.65,0.24,42.11,-61.46,-40.65
2026-07-27 13:35:46.166,-0.18,-0.6,0.23,18.49,-25.76,-23.13
2026-07-27 13:35:46.166,-0.18,-0.6,0.23,18.49,-25.76,-23.13
2026-07-27 13:35:46.222,-0.1,-0.59,0.29,-5.37,22.77,1.04
2026-07-27 13:35:46.223,-0.1,-0.59,0.29,-5.37,22.77,1.04
2026-07-27 13:35:46.223,0.02,-0.71,0.43,-28.69,68.3,23.8
2026-07-27 13:35:46.395,0.02,-0.71,0.43,-28.69,68.3,23.8
2026-07-27 13:35:46.395,0.15,-0.87,0.69,-48.71,104.31,33.39
2026-07-27 13:35:46.402,0.23,-0.87,0.9,-52.67,118.1,24.78
2026-07-27 13:35:46.403,0.23,-0.87,0.9,-52.67,118.1,24.78
2026-07-27 13:35:46.406,0.29,-0.84,0.96,-57.37,83.8,9.22
2026-07-27 13:35:46.407,0.29,-0.84,0.96,-57.37,83.8,9.22
2026-07-27 13:35:46.408,0.36,-0.93,1.02,-80.02,20.08,-6.9
2026-07-27 13:35:47.034,0.36,-0.93,1.02,-80.02,20.08,-6.9
2026-07-27 13:35:47.053,0.42,-0.94,1.01,-83.56,-18.19,-23.8
2026-07-27 13:35:47.053,0.43,-0.75,0.83,-38.94,-8.61,-36.32
2026-07-27 13:35:47.053,0.43,-0.75,0.83,-38.94,-8.61,-36.32
2026-07-27 13:35:47.053,0.4,-0.49,0.59,19.65,23.74,-43.7
2026-07-27 13:35:47.069,0.4,-0.49,0.59,19.65,23.74,-43.7
2026-07-27 13:35:47.101,0.38,-0.32,0.46,47.85,44.37,-47.73
2026-07-27 13:35:47.102,0.38,-0.32,0.46,47.85,44.37,-47.73
2026-07-27 13:35:47.102,0.37,-0.31,0.46,40.1,43.88,-46.63
2026-07-27 13:35:47.137,0.37,-0.31,0.46,22.95,31.43,-39.0
2026-07-27 13:35:47.181,0.38,-0.39,0.51,22.95,31.43,-39.0
2026-07-27 13:35:47.182,0.37,-0.49,0.53,14.89,12.21,-25.57
2026-07-27 13:35:47.182,0.37,-0.49,0.53,14.89,12.21,-25.57
2026-07-27 13:35:47.182,0.38,-0.6,0.52,7.75,-11.17,-7.32
2026-07-27 13:35:47.182,0.38,-0.6,0.52,7.75,-11.17,-7.32
2026-07-27 13:35:47.182,0.42,-0.82,0.61,-9.95,-21.91,13.43
2026-07-27 13:35:47.182,0.46,-1.08,0.84,-29.24,-4.94,29.11
2026-07-27 13:35:47.182,0.46,-1.08,0.84,-29.24,-4.94,29.11
2026-07-27 13:35:47.182,0.47,-1.17,1.02,-29.36,18.19,31.49
2026-07-27 13:35:47.183,0.47,-1.17,1.02,-29.36,18.19,31.49
2026-07-27 13:35:47.183,0.42,-1.03,1.0,-11.17,15.87,21.97
2026-07-27 13:35:47.183,0.42,-1.03,1.0,-11.17,15.87,21.97
2026-07-27 13:35:47.183,0.34,-0.78,0.79,6.65,-22.58,8.24
2026-07-27 13:35:47.183,0.34,-0.78,0.79,6.65,-22.58,8.24
2026-07-27 13:35:47.183,0.3,-0.61,0.6,10.93,-77.27,-2.81
2026-07-27 13:35:47.183,0.35,-0.64,0.64,0.61,-102.91,-10.01
2026-07-27 13:35:47.183,0.35,-0.64,0.64,0.61,-102.91,-10.01
2026-07-27 13:35:47.210,0.38,-0.73,0.83,-7.32,-86.55,-18.43
2026-07-27 13:35:47.210,0.38,-0.73,0.83,-7.32,-86.55,-18.43
2026-07-27 13:35:47.211,0.35,-0.71,0.87,5.8,-63.84,-31.74
2026-07-27 13:35:47.211,0.35,-0.71,0.87,5.8,-63.84,-31.74
2026-07-27 13:35:47.211,0.28,-0.59,0.67,29.85,-62.26,-46.63
2026-07-27 13:35:47.212,0.22,-0.51,0.45,40.65,-68.3,-57.74
2026-07-27 13:35:47.212,0.22,-0.51,0.45,40.65,-68.3,-57.74
2026-07-27 13:35:47.212,0.14,-0.46,0.32,39.0,-58.29,-61.89
2026-07-27 13:35:47.229,0.14,-0.46,0.32,39.0,-58.29,-61.89
2026-07-27 13:35:47.229,0.07,-0.45,0.25,33.26,-35.52,-54.81
2026-07-27 13:35:47.230,0.07,-0.45,0.25,33.26,-35.52,-54.81
2026-07-27 13:35:47.299,0.05,-0.47,0.23,22.77,-9.34,-35.83
2026-07-27 13:35:47.299,0.12,-0.55,0.31,8.06,26.79,-10.5
2026-07-27 13:35:47.463,0.12,-0.55,0.31,8.06,26.79,-10.5
2026-07-27 13:35:47.474,0.27,-0.65,0.45,-5.8,72.57,11.54
2026-07-27 13:35:47.474,0.27,-0.65,0.45,-5.8,72.57,11.54
2026-07-27 13:35:47.474,0.44,-0.8,0.65,-12.63,113.28,21.67
2026-07-27 13:35:47.474,0.44,-0.8,0.65,-12.63,113.28,21.67
2026-07-27 13:35:47.474,0.56,-0.98,0.91,-8.42,141.66,14.34
2026-07-27 13:35:47.475,0.56,-0.98,0.91,-8.42,141.66,14.34
2026-07-27 13:35:47.475,0.52,-1.02,1.14,15.01,161.68,-13.79
2026-07-27 13:35:47.524,0.35,-0.87,1.25,46.26,162.48,-51.88
2026-07-27 13:35:47.524,0.35,-0.87,1.25,46.26,162.48,-51.88
2026-07-27 13:35:47.525,0.23,-0.67,1.17,52.67,124.82,-78.0
2026-07-27 13:35:47.582,0.23,-0.67,1.17,52.67,124.82,-78.0
2026-07-27 13:35:47.676,0.2,-0.45,0.93,36.25,66.41,-84.96
2026-07-27 13:35:47.699,0.2,-0.45,0.93,36.25,66.41,-84.96
2026-07-27 13:35:47.705,0.21,-0.23,0.67,22.34,27.47,-80.26
2026-07-27 13:35:47.705,0.21,-0.08,0.54,15.01,20.2,-70.98
2026-07-27 13:35:47.711,0.21,-0.08,0.54,15.01,20.2,-70.98
2026-07-27 13:35:47.711,0.2,-0.01,0.57,11.11,30.27,-58.29
2026-07-27 13:35:47.711,0.2,-0.01,0.57,11.11,30.27,-58.29
2026-07-27 13:35:47.760,0.19,0.01,0.66,12.7,39.79,-39.98
2026-07-27 13:35:47.766,0.19,0.01,0.66,12.7,39.79,-39.98
2026-07-27 13:35:47.819,0.19,-0.01,0.75,19.47,39.12,-15.08
2026-07-27 13:35:47.822,0.18,-0.08,0.86,23.13,31.86,13.06
2026-07-27 13:35:47.822,0.18,-0.08,0.86,23.13,31.86,13.06
2026-07-27 13:35:47.941,0.15,-0.2,1.02,17.46,28.44,38.39
2026-07-27 13:35:47.943,0.15,-0.2,1.02,17.46,28.44,38.39
2026-07-27 13:35:47.943,0.13,-0.32,1.2,10.38,32.35,56.82
2026-07-27 13:35:47.943,0.13,-0.32,1.2,10.38,32.35,56.82
2026-07-27 13:35:47.944,0.13,-0.38,1.33,8.73,35.52,67.75
2026-07-27 13:35:48.008,0.13,-0.38,1.33,8.85,32.84,71.04
2026-07-27 13:35:48.008,0.1,-0.38,1.4,8.85,32.84,71.04
2026-07-27 13:35:48.008,0.04,-0.32,1.3,9.03,14.89,69.52
2026-07-27 13:35:48.059,0.04,-0.32,1.3,9.03,14.89,69.52
2026-07-27 13:35:48.059,0.02,-0.27,1.03,6.53,-32.78,72.51
2026-07-27 13:35:48.059,0.02,-0.27,1.03,6.53,-32.78,72.51
2026-07-27 13:35:48.122,0.06,-0.32,0.85,-3.17,-83.62,78.0
2026-07-27 13:35:48.128,0.06,-0.32,0.85,-3.17,-83.62,78.0
2026-07-27 13:35:48.179,0.09,-0.41,0.88,-9.4,-92.16,70.92
2026-07-27 13:35:48.308,0.07,-0.45,0.95,-2.38,-65.98,49.44
2026-07-27 13:35:48.310,0.07,-0.45,0.95,-2.38,-65.98,49.44
2026-07-27 13:35:48.310,0.05,-0.41,0.92,9.64,-46.75,26.25
2026-07-27 13:35:48.310,0.05,-0.41,0.92,9.64,-46.75,26.25
2026-07-27 13:35:48.310,0.06,-0.36,0.77,14.4,-49.93,10.25
2026-07-27 13:35:48.311,0.06,-0.36,0.77,14.4,-49.93,10.25
2026-07-27 13:35:48.430,0.07,-0.34,0.63,9.52,-56.4,-1.53
2026-07-27 13:35:48.436,0.07,-0.34,0.63,9.52,-56.4,-1.53
2026-07-27 13:35:48.441,0.08,-0.32,0.57,3.42,-45.29,-14.83
2026-07-27 13:35:48.623,0.06,-0.31,0.6,-1.28,-17.03,-29.42
2026-07-27 13:35:48.659,0.06,-0.31,0.6,-1.28,-17.03,-29.42
2026-07-27 13:35:48.660,0.04,-0.28,0.73,-4.09,18.86,-41.69
2026-07-27 13:35:48.660,0.04,-0.28,0.73,-4.09,18.86,-41.69
2026-07-27 13:35:48.780,0.04,-0.24,0.89,-0.37,57.92,-51.57
2026-07-27 13:35:48.784,0.04,-0.24,0.89,-0.37,57.92,-51.57
2026-07-27 13:35:48.787,0.04,-0.25,1.13,9.52,103.15,-62.26
2026-07-27 13:35:48.789,0.04,-0.25,1.13,28.5,159.3,-75.2
2026-07-27 13:35:48.796,-0.02,-0.25,1.37,28.5,159.3,-75.2
2026-07-27 13:35:48.817,-0.08,-0.2,1.4,55.6,194.52,-79.77
2026-07-27 13:35:48.849,-0.08,-0.2,1.4,55.6,194.52,-79.77
2026-07-27 13:35:48.849,-0.08,-0.23,1.28,49.07,167.05,-65.49
2026-07-27 13:35:48.871,-0.08,-0.23,1.28,49.07,167.05,-65.49
2026-07-27 13:35:48.872,-0.09,-0.37,1.14,-8.48,98.14,-47.49
2026-07-27 13:35:48.872,-0.09,-0.37,1.14,-51.94,21.85,-36.68
2026-07-27 13:35:48.877,-0.08,-0.42,0.95,-51.94,21.85,-36.68
2026-07-27 13:35:48.878,-0.01,-0.31,0.77,-33.81,-43.64,-13.37
2026-07-27 13:35:48.878,-0.01,-0.31,0.77,-33.81,-43.64,-13.37
2026-07-27 13:35:48.878,0.06,-0.14,0.68,8.24,-71.35,33.63
2026-07-27 13:35:48.878,0.06,-0.14,0.68,8.24,-71.35,33.63
2026-07-27 13:35:48.878,0.06,-0.04,0.69,23.8,-56.95,72.51
2026-07-27 13:35:48.878,0.01,-0.04,0.75,23.62,-25.76,80.02
2026-07-27 13:35:48.900,0.01,-0.04,0.75,23.62,-25.76,80.02
2026-07-27 13:35:48.900,-0.02,-0.12,0.79,25.21,0.0,70.8
2026-07-27 13:35:48.980,-0.02,-0.12,0.79,25.21,0.0,70.8
2026-07-27 13:35:49.038,-0.05,-0.2,0.83,24.29,13.18,59.39
2026-07-27 13:35:49.053,-0.05,-0.2,0.83,24.29,13.18,59.39
2026-07-27 13:35:49.053,-0.08,-0.2,0.9,16.85,13.31,43.76
2026-07-27 13:35:49.053,-0.08,-0.15,1.02,-0.73,-6.35,22.22
2026-07-27 13:35:49.058,-0.08,-0.15,1.02,-0.73,-6.35,22.22
2026-07-27 13:35:49.086,-0.06,-0.13,1.24,-22.71,-23.56,3.78
2026-07-27 13:35:49.090,-0.06,-0.13,1.24,-22.71,-23.56,3.78
2026-07-27 13:35:49.144,-0.11,-0.16,1.51,-32.71,-4.33,-5.55
2026-07-27 13:35:49.200,-0.11,-0.16,1.51,-32.71,-4.33,-5.55
2026-07-27 13:35:49.200,-0.17,-0.22,1.53,-26.06,10.86,2.32
2026-07-27 13:35:49.263,-0.17,-0.22,1.53,-26.06,10.86,2.32
2026-07-27 13:35:49.324,-0.14,-0.31,1.23,-22.89,-24.41,26.92
2026-07-27 13:35:49.327,-0.08,-0.38,0.92,-30.03,-70.25,43.52
2026-07-27 13:35:49.327,-0.08,-0.38,0.92,-30.03,-70.25,43.52
2026-07-27 13:35:49.327,-0.04,-0.41,0.84,-36.62,-73.55,31.56
2026-07-27 13:35:49.327,-0.04,-0.41,0.84,-36.62,-73.55,31.56
2026-07-27 13:35:49.327,-0.07,-0.39,0.83,-44.62,-40.65,2.5
2026-07-27 13:35:49.708,-0.07,-0.39,0.83,-44.62,-40.65,2.5
2026-07-27 13:35:49.708,-0.12,-0.34,0.73,-64.15,-0.43,-10.13
2026-07-27 13:35:49.750,-0.17,-0.33,0.61,-95.64,31.07,9.89
2026-07-27 13:35:49.750,-0.17,-0.33,0.61,-95.64,31.07,9.89
2026-07-27 13:35:49.750,-0.25,-0.38,0.57,-108.83,53.77,30.82
2026-07-27 13:35:49.750,-0.25,-0.38,0.57,-108.83,53.77,30.82
2026-07-27 13:35:49.751,-0.36,-0.4,0.64,-79.04,66.71,27.28
2026-07-27 13:35:49.751,-0.36,-0.4,0.64,-79.04,66.71,27.28
2026-07-27 13:35:49.751,-0.48,-0.41,0.76,-26.18,78.06,7.2
2026-07-27 13:35:49.751,-0.48,-0.41,0.76,-26.18,78.06,7.2
2026-07-27 13:35:49.751,-0.61,-0.42,0.8,23.5,94.97,-13.31
2026-07-27 13:35:49.751,-0.72,-0.45,0.79,62.56,99.18,-31.74
2026-07-27 13:35:49.751,-0.72,-0.45,0.79,62.56,99.18,-31.74
2026-07-27 13:35:49.751,-0.77,-0.44,0.82,97.96,96.01,-60.18
2026-07-27 13:35:49.774,-0.77,-0.44,0.82,97.96,96.01,-60.18
2026-07-27 13:35:49.799,-0.66,-0.39,0.83,121.34,84.47,-84.47
2026-07-27 13:35:49.801,-0.66,-0.39,0.83,121.34,84.47,-84.47
2026-07-27 13:35:49.803,-0.4,-0.5,0.69,88.13,36.99,-90.64
2026-07-27 13:35:49.804,-0.16,-0.71,0.6,24.54,-5.07,-91.31
2026-07-27 13:35:49.804,-0.16,-0.71,0.6,24.54,-5.07,-91.31
2026-07-27 13:35:49.805,-0.1,-0.72,0.71,21.42,22.71,-103.21
2026-07-27 13:35:49.806,-0.1,-0.72,0.71,21.42,22.71,-103.21
2026-07-27 13:35:49.865,-0.17,-0.56,0.85,67.44,78.37,-132.32
2026-07-27 13:35:49.927,-0.17,-0.56,0.85,67.44,78.37,-132.32
2026-07-27 13:35:50.133,-0.26,-0.37,0.87,89.97,89.84,-164.92
2026-07-27 13:35:50.167,-0.33,-0.2,0.87,84.72,65.98,-179.75
2026-07-27 13:35:50.167,-0.33,-0.2,0.87,84.72,65.98,-179.75
2026-07-27 13:35:50.167,-0.41,-0.09,0.93,74.71,47.24,-172.91
2026-07-27 13:35:50.167,-0.41,-0.09,0.93,74.71,47.24,-172.91
2026-07-27 13:35:50.167,-0.5,-0.07,1.04,57.43,41.99,-151.37
2026-07-27 13:35:50.167,-0.5,-0.07,1.04,57.43,41.99,-151.37
2026-07-27 13:35:50.168,-0.58,-0.18,1.08,32.47,30.64,-121.03
2026-07-27 13:35:50.168,-0.65,-0.39,1.03,5.8,7.39,-95.64
2026-07-27 13:35:50.168,-0.65,-0.39,1.03,5.8,7.39,-95.64
2026-07-27 13:35:50.168,-0.69,-0.5,0.93,-3.97,-4.03,-90.7
2026-07-27 13:35:50.168,-0.69,-0.5,0.93,-3.97,-4.03,-90.7
2026-07-27 13:35:50.168,-0.63,-0.41,0.82,10.8,4.64,-100.1
2026-07-27 13:35:50.168,-0.63,-0.41,0.82,10.8,4.64,-100.1
2026-07-27 13:35:50.400,-0.49,-0.31,0.73,23.5,12.45,-103.88
2026-07-27 13:35:50.401,-0.49,-0.31,0.73,14.22,10.13,-99.61
2026-07-27 13:35:50.581,-0.37,-0.38,0.71,14.22,10.13,-99.61
2026-07-27 13:35:50.585,-0.34,-0.54,0.77,-2.01,6.84,-102.72
2026-07-27 13:35:50.585,-0.34,-0.54,0.77,-2.01,6.84,-102.72
2026-07-27 13:35:50.585,-0.41,-0.6,0.83,-5.19,10.44,-126.4
2026-07-27 13:35:50.585,-0.41,-0.6,0.83,-5.19,10.44,-126.4
2026-07-27 13:35:50.585,-0.52,-0.45,0.84,13.55,25.88,-165.41
2026-07-27 13:35:50.585,-0.52,-0.45,0.84,13.55,25.88,-165.41
2026-07-27 13:35:50.585,-0.59,-0.14,0.82,49.5,53.59,-196.41
2026-07-27 13:35:50.586,-0.52,0.2,0.79,74.77,76.42,-195.86
2026-07-27 13:35:50.586,-0.52,0.2,0.79,74.77,76.42,-195.86
2026-07-27 13:35:50.586,-0.3,0.39,0.74,59.08,74.95,-157.84
2026-07-27 13:35:50.586,-0.3,0.39,0.74,59.08,74.95,-157.84
2026-07-27 13:35:50.587,-0.07,0.36,0.75,11.78,60.91,-96.86
2026-07-27 13:35:50.587,-0.07,0.36,0.75,11.78,60.91,-96.86
2026-07-27 13:35:50.587,0.02,0.14,0.91,-25.27,60.12,-35.34
2026-07-27 13:35:50.587,-0.04,-0.11,1.2,-24.66,76.66,8.0
2026-07-27 13:35:50.587,-0.04,-0.11,1.2,-24.66,76.66,8.0
2026-07-27 13:35:50.649,-0.11,-0.29,1.48,5.07,87.34,27.4
2026-07-27 13:35:50.661,-0.11,-0.29,1.48,5.07,87.34,27.4
2026-07-27 13:35:50.710,-0.06,-0.41,1.5,32.35,62.99,30.21
2026-07-27 13:35:50.720,-0.06,-0.41,1.5,32.35,62.99,30.21
2026-07-27 13:35:50.723,0.06,-0.5,1.27,34.79,7.32,23.56
2026-07-27 13:35:50.827,0.1,-0.53,1.03,21.18,-42.97,10.13
2026-07-27 13:35:50.844,0.1,-0.53,1.03,21.18,-42.97,10.13
2026-07-27 13:35:50.845,0.03,-0.49,0.91,11.72,-62.93,-6.9
2026-07-27 13:35:51.306,0.03,-0.49,0.91,11.72,-62.93,-6.9
2026-07-27 13:35:51.324,-0.09,-0.39,0.92,10.74,-58.47,-21.0
2026-07-27 13:35:51.328,-0.09,-0.39,0.92,10.74,-58.47,-21.0
2026-07-27 13:35:51.328,-0.16,-0.31,0.96,12.33,-47.61,-26.0
2026-07-27 13:35:51.329,-0.14,-0.23,0.94,10.07,-38.76,-22.83
2026-07-27 13:35:51.330,-0.14,-0.23,0.94,10.07,-38.76,-22.83
2026-07-27 13:35:51.330,-0.04,-0.18,0.91,-10.25,-24.66,-14.59
2026-07-27 13:35:51.330,-0.04,-0.18,0.91,-10.25,-24.66,-14.59
2026-07-27 13:35:51.331,0.1,-0.28,0.94,-58.41,1.4,-1.16
2026-07-27 13:35:51.332,0.1,-0.28,0.94,-58.41,1.4,-1.16
2026-07-27 13:35:51.332,0.21,-0.56,0.92,-110.53,25.21,8.73
2026-07-27 13:35:51.332,0.25,-0.83,0.77,-124.94,22.22,2.38
2026-07-27 13:35:51.333,0.25,-0.83,0.77,-124.94,22.22,2.38
2026-07-27 13:35:51.427,0.18,-0.91,0.71,-78.98,-0.37,-25.39
2026-07-27 13:35:51.427,0.18,-0.91,0.71,-78.98,-0.37,-25.39
2026-07-27 13:35:51.435,-0.05,-0.77,0.84,-9.03,-11.11,-57.74
2026-07-27 13:35:51.435,-0.05,-0.77,0.84,-9.03,-11.11,-57.74
2026-07-27 13:35:51.435,-0.34,-0.53,1.0,17.94,-7.81,-62.26
2026-07-27 13:35:51.436,-0.34,-0.53,1.0,17.94,-7.81,-62.26
2026-07-27 13:35:51.436,-0.47,-0.31,1.06,9.4,-9.46,-32.53
2026-07-27 13:35:51.436,-0.41,-0.16,0.99,21.79,-19.29,-0.61
2026-07-27 13:35:51.436,-0.41,-0.16,0.99,21.79,-19.29,-0.61
2026-07-27 13:35:51.436,-0.3,-0.1,0.83,45.65,-31.74,6.35
2026-07-27 13:35:51.488,-0.3,-0.1,0.83,45.65,-31.74,6.35
2026-07-27 13:35:51.728,-0.22,-0.13,0.7,49.07,-43.33,4.27
2026-07-27 13:35:51.728,-0.22,-0.13,0.7,49.07,-43.33,4.27
2026-07-27 13:35:51.736,-0.15,-0.19,0.64,46.75,-43.03,11.6
2026-07-27 13:35:51.736,-0.15,-0.19,0.64,46.75,-43.03,11.6
2026-07-27 13:35:51.736,-0.08,-0.25,0.71,50.66,-24.9,23.86
2026-07-27 13:35:51.737,0.0,-0.28,0.84,53.77,-3.48,34.73
2026-07-27 13:35:51.737,0.0,-0.28,0.84,53.77,-3.48,34.73
2026-07-27 13:35:51.737,0.06,-0.3,0.94,47.85,5.31,41.93
2026-07-27 13:35:51.737,0.06,-0.3,0.94,47.85,5.31,41.93
2026-07-27 13:35:51.737,0.06,-0.34,0.97,36.32,0.37,45.72
2026-07-27 13:35:51.742,0.06,-0.34,0.97,36.32,0.37,45.72
2026-07-27 13:35:51.742,0.02,-0.33,0.97,30.21,-5.86,42.11
2026-07-27 13:35:51.742,0.02,-0.33,0.97,30.21,-5.86,42.11
2026-07-27 13:35:51.742,-0.02,-0.28,0.97,26.61,-10.01,31.56
2026-07-27 13:35:51.742,-0.02,-0.25,0.96,20.94,-15.56,21.18
2026-07-27 13:35:51.742,-0.02,-0.25,0.96,20.94,-15.56,21.18
2026-07-27 13:35:51.742,-0.0,-0.21,0.96,12.76,-15.14,8.48
2026-07-27 13:35:51.743,-0.0,-0.21,0.96,12.76,-15.14,8.48
2026-07-27 13:35:52.020,0.02,-0.17,0.97,4.09,-6.41,-6.04
2026-07-27 13:35:52.020,0.02,-0.17,0.97,4.09,-6.41,-6.04
2026-07-27 13:35:52.020,0.03,-0.14,0.98,0.85,3.6,-16.6
2026-07-27 13:35:52.021,0.03,-0.14,0.98,1.83,9.09,-26.06
2026-07-27 13:35:52.022,0.03,-0.11,0.98,1.83,9.09,-26.06
2026-07-27 13:35:52.022,0.0,-0.06,0.98,4.94,10.74,-36.68
2026-07-27 13:35:52.023,0.0,-0.06,0.98,4.94,10.74,-36.68
2026-07-27 13:35:52.124,-0.01,-0.0,0.96,5.43,8.0,-44.01
2026-07-27 13:35:52.163,-0.01,-0.0,0.96,5.43,8.0,-44.01
2026-07-27 13:35:52.164,0.01,0.01,0.95,-5.43,-1.59,-44.43
2026-07-27 13:35:52.164,0.01,0.01,0.95,-5.43,-1.59,-44.43
2026-07-27 13:35:52.164,0.07,-0.03,0.96,-15.44,-11.72,-36.8
2026-07-27 13:35:52.164,0.07,-0.03,0.96,-15.44,-11.72,-36.8
2026-07-27 13:35:52.164,0.14,-0.07,0.97,-9.95,-14.95,-25.88
2026-07-27 13:35:52.164,0.18,-0.09,0.96,3.3,-14.04,-16.54
2026-07-27 13:35:52.442,0.18,-0.09,0.96,3.3,-14.04,-16.54
2026-07-27 13:35:52.450,0.19,-0.11,0.97,12.33,-11.35,-9.77
2026-07-27 13:35:52.450,0.19,-0.11,0.97,12.33,-11.35,-9.77
2026-07-27 13:35:52.451,0.21,-0.15,1.03,12.82,-2.93,-5.98
2026-07-27 13:35:52.451,0.21,-0.15,1.03,12.82,-2.93,-5.98
2026-07-27 13:35:52.451,0.22,-0.31,1.12,-2.14,1.16,-7.63
2026-07-27 13:35:52.451,0.22,-0.31,1.12,-2.14,1.16,-7.63
2026-07-27 13:35:52.451,0.21,-0.45,1.09,-27.04,-9.4,-28.75
2026-07-27 13:35:52.451,0.17,-0.36,0.96,-32.59,-15.38,-65.37
2026-07-27 13:35:52.451,0.17,-0.36,0.96,-32.59,-15.38,-65.37
2026-07-27 13:35:52.451,0.15,-0.16,0.89,-19.65,-4.39,-82.89
2026-07-27 13:35:52.451,0.15,-0.16,0.89,-19.65,-4.39,-82.89
2026-07-27 13:35:52.451,0.15,-0.07,0.91,-13.61,10.99,-65.67
2026-07-27 13:35:52.452,0.15,-0.07,0.91,-13.61,10.99,-65.67
2026-07-27 13:35:52.452,0.12,-0.15,1.01,-23.56,19.53,-34.48
2026-07-27 13:35:52.452,0.12,-0.15,1.01,-23.56,19.53,-34.48
2026-07-27 13:35:52.452,0.07,-0.29,1.09,-37.66,17.03,-14.34
2026-07-27 13:35:52.539,0.05,-0.34,1.09,-33.69,8.36,-8.97
2026-07-27 13:35:52.540,0.05,-0.34,1.09,-33.69,8.36,-8.97
2026-07-27 13:35:52.540,0.07,-0.32,1.02,-11.11,0.55,-8.42
2026-07-27 13:35:52.688,0.07,-0.32,1.02,-11.11,0.55,-8.42
2026-07-27 13:35:52.707,0.12,-0.33,0.97,12.15,-4.88,-6.04
2026-07-27 13:35:52.708,0.12,-0.33,0.97,12.15,-4.88,-6.04
2026-07-27 13:35:52.709,0.15,-0.38,0.94,25.45,-5.86,-3.23
2026-07-27 13:35:52.712,0.15,-0.38,0.94,25.45,-5.86,-3.23
2026-07-27 13:35:52.712,0.16,-0.37,0.93,31.74,-1.59,-5.07
2026-07-27 13:35:52.713,0.14,-0.3,0.92,30.4,2.44,-11.6
2026-07-27 13:35:52.713,0.14,-0.3,0.92,30.4,2.44,-11.6
2026-07-27 13:35:52.804,0.12,-0.24,0.91,19.17,1.77,-15.81
2026-07-27 13:35:52.830,0.12,-0.24,0.91,19.17,1.77,-15.81
2026-07-27 13:35:52.830,0.11,-0.21,0.9,3.78,-3.17,-12.33
2026-07-27 13:35:52.830,0.11,-0.21,0.9,-7.26,-10.01,-4.21
2026-07-27 13:35:52.830,0.11,-0.22,0.9,-7.26,-10.01,-4.21
2026-07-27 13:35:52.921,0.12,-0.24,0.89,-10.31,-14.22,2.2
2026-07-27 13:35:52.921,0.12,-0.24,0.89,-10.31,-14.22,2.2
2026-07-27 13:35:52.921,0.13,-0.23,0.88,-7.08,-13.18,4.94
2026-07-27 13:35:52.921,0.13,-0.23,0.88,-7.08,-13.18,4.94
2026-07-27 13:35:54.006,0.13,-0.22,0.87,-2.69,-7.69,4.58
2026-07-27 13:35:54.012,0.13,-0.22,0.87,-2.69,-7.69,4.58
2026-07-27 13:35:54.012,0.12,-0.21,0.88,-0.12,-0.31,3.54
2026-07-27 13:35:54.013,0.12,-0.21,0.88,-0.12,-0.31,3.54
2026-07-27 13:35:54.013,0.11,-0.22,0.91,1.1,6.53,4.64
2026-07-27 13:35:54.013,0.12,-0.26,0.95,1.59,10.56,6.9
2026-07-27 13:35:54.014,0.12,-0.26,0.95,1.59,10.56,6.9
2026-07-27 13:35:54.014,0.13,-0.28,0.98,1.95,10.01,6.9
2026-07-27 13:35:54.014,0.13,-0.28,0.98,1.95,10.01,6.9
2026-07-27 13:35:54.014,0.13,-0.28,0.99,2.44,6.59,3.42
2026-07-27 13:35:54.014,0.13,-0.28,0.99,2.44,6.59,3.42
2026-07-27 13:35:54.015,0.13,-0.25,1.0,3.6,3.42,-0.73
2026-07-27 13:35:54.015,0.13,-0.25,1.0,3.6,3.42,-0.73
2026-07-27 13:35:54.015,0.12,-0.23,1.0,4.88,1.59,-2.32
2026-07-27 13:35:54.015,0.12,-0.23,1.0,4.88,1.59,-2.32
2026-07-27 13:35:54.016,0.11,-0.22,0.99,5.07,-0.31,-2.08
2026-07-27 13:35:54.016,0.1,-0.21,0.99,4.21,-3.11,-1.83
2026-07-27 13:35:54.016,0.1,-0.21,0.99,4.21,-3.11,-1.83
2026-07-27 13:35:54.018,0.1,-0.21,0.97,3.54,-6.16,-1.28
2026-07-27 13:35:54.018,0.1,-0.21,0.97,3.54,-6.16,-1.28
2026-07-27 13:35:54.018,0.1,-0.2,0.94,3.23,-8.3,0.0
2026-07-27 13:35:54.018,0.1,-0.2,0.94,3.23,-8.3,0.0
2026-07-27 13:35:54.018,0.11,-0.21,0.93,3.3,-8.79,0.92
2026-07-27 13:35:54.018,0.11,-0.21,0.93,3.3,-8.79,0.92
2026-07-27 13:35:54.076,0.13,-0.21,0.92,3.3,-7.87,0.98
2026-07-27 13:35:54.088,0.13,-0.21,0.92,3.3,-7.87,0.98
2026-07-27 13:35:54.208,0.13,-0.21,0.91,2.56,-6.47,0.24
2026-07-27 13:35:54.208,0.13,-0.21,0.91,2.56,-6.47,0.24
2026-07-27 13:35:54.208,0.13,-0.21,0.92,1.34,-4.58,-0.61
2026-07-27 13:35:54.209,0.13,-0.22,0.93,0.06,-2.56,-0.61
2026-07-27 13:35:54.225,0.13,-0.22,0.93,0.06,-2.56,-0.61
2026-07-27 13:35:54.225,0.13,-0.22,0.95,-0.43,-1.04,0.0
2026-07-27 13:35:54.225,0.13,-0.22,0.95,-0.43,-1.04,0.0
2026-07-27 13:35:54.225,0.13,-0.22,0.96,0.0,-0.06,0.12
2026-07-27 13:35:54.225,0.13,-0.22,0.96,0.0,-0.06,0.12
2026-07-27 13:35:54.225,0.13,-0.21,0.97,-0.06,-0.85,-0.73
2026-07-27 13:35:54.226,0.13,-0.21,0.97,-0.06,-0.85,-0.73
2026-07-27 13:35:54.226,0.13,-0.2,0.97,-1.04,-3.97,-2.44
2026-07-27 13:35:54.226,0.13,-0.2,0.97,-1.04,-3.97,-2.44
2026-07-27 13:35:54.226,0.13,-0.2,0.97,-1.77,-7.26,-2.87
2026-07-27 13:35:54.226,0.13,-0.2,0.97,-1.77,-7.26,-2.87
2026-07-27 13:35:54.239,0.13,-0.2,0.98,-2.93,-9.89,-0.24
2026-07-27 13:35:54.239,0.13,-0.2,0.98,-2.93,-9.89,-0.24
2026-07-27 13:35:54.244,0.14,-0.2,0.97,-5.25,-12.82,3.85
2026-07-27 13:35:54.258,0.17,-0.22,0.96,-7.02,-15.56,6.59
2026-07-27 13:35:54.258,0.17,-0.22,0.96,-7.02,-15.56,6.59
2026-07-27 13:35:54.279,0.2,-0.24,0.95,-6.84,-15.01,6.84
2026-07-27 13:35:54.279,0.2,-0.24,0.95,-6.84,-15.01,6.84
2026-07-27 13:35:54.279,0.22,-0.25,0.96,-5.68,-10.13,4.88
2026-07-27 13:35:54.279,0.22,-0.25,0.96,-5.68,-10.13,4.88
2026-07-27 13:35:54.279,0.22,-0.25,0.95,-5.13,-5.49,1.65
2026-07-27 13:35:54.280,0.22,-0.25,0.95,-5.13,-5.49,1.65
2026-07-27 13:35:54.280,0.2,-0.23,0.93,-4.7,-3.6,-1.4
2026-07-27 13:35:54.280,0.2,-0.23,0.93,-2.99,-1.89,-2.99
2026-07-27 13:35:54.280,0.17,-0.2,0.91,-2.99,-1.89,-2.99
2026-07-27 13:35:54.280,0.11,-0.09,0.89,-2.56,0.49,-1.83
2026-07-27 13:35:54.280,0.11,-0.09,0.89,-2.56,0.49,-1.83
2026-07-27 13:35:54.280,0.1,-0.03,0.88,-11.96,1.71,5.62
2026-07-27 13:35:54.280,0.1,-0.03,0.88,-11.96,1.71,5.62
2026-07-27 13:35:54.280,0.16,-0.18,0.92,-29.3,2.69,23.93
2026-07-27 13:35:54.280,0.16,-0.18,0.92,-29.3,2.69,23.93
2026-07-27 13:35:54.280,0.22,-0.37,0.96,-36.25,3.3,38.39
2026-07-27 13:35:54.362,0.22,-0.37,0.96,-23.99,1.59,35.64
2026-07-27 13:35:54.369,0.23,-0.44,0.97,-23.99,1.59,35.64
2026-07-27 13:35:54.373,0.21,-0.42,0.96,-1.22,-3.23,28.26
2026-07-27 13:35:54.374,0.21,-0.42,0.96,-1.22,-3.23,28.26
2026-07-27 13:35:54.374,0.2,-0.36,0.95,22.95,-11.17,28.32
2026-07-27 13:35:54.607,0.2,-0.36,0.95,22.95,-11.17,28.32
2026-07-27 13:35:54.607,0.21,-0.32,0.94,39.67,-15.01,32.29
2026-07-27 13:35:54.607,0.21,-0.32,0.94,39.67,-15.01,32.29
2026-07-27 13:35:54.607,0.21,-0.3,0.94,41.44,-9.03,30.82
2026-07-27 13:35:54.607,0.2,-0.3,0.95,39.43,3.36,21.3
2026-07-27 13:35:54.607,0.2,-0.3,0.95,39.43,3.36,21.3
2026-07-27 13:35:54.608,0.18,-0.27,0.97,40.41,13.79,7.69
2026-07-27 13:35:54.608,0.18,-0.27,0.97,40.41,13.79,7.69
2026-07-27 13:35:54.608,0.16,-0.22,0.98,37.41,16.85,-4.82
2026-07-27 13:35:54.608,0.16,-0.22,0.98,37.41,16.85,-4.82
2026-07-27 13:35:54.608,0.15,-0.17,0.99,33.51,15.2,-13.92
2026-07-27 13:35:54.722,0.15,-0.17,0.99,36.32,10.99,-19.71
2026-07-27 13:35:54.727,0.12,-0.12,1.01,36.32,10.99,-19.71
2026-07-27 13:35:54.727,0.1,-0.04,1.0,57.62,3.36,-23.44
2026-07-27 13:35:54.727,0.1,-0.04,1.0,57.62,3.36,-23.44
2026-07-27 13:35:54.963,0.12,0.09,0.96,100.28,-1.53,-21.12
2026-07-27 13:35:54.967,0.12,0.09,0.96,100.28,-1.53,-21.12
2026-07-27 13:35:54.971,0.15,0.2,0.94,136.11,2.5,-11.78
2026-07-27 13:35:54.971,0.15,0.2,0.94,133.12,7.75,-6.41
2026-07-27 13:35:54.972,0.15,0.25,0.97,133.12,7.75,-6.41
2026-07-27 13:35:54.972,0.13,0.25,1.01,88.26,7.81,-4.09
2026-07-27 13:35:54.972,0.13,0.25,1.01,88.26,7.81,-4.09
2026-07-27 13:35:54.972,0.14,0.24,1.01,25.09,2.99,2.93
2026-07-27 13:35:54.972,0.14,0.24,1.01,25.09,2.99,2.93
2026-07-27 13:35:54.972,0.15,0.19,1.0,-32.23,-5.19,9.28
2026-07-27 13:35:54.972,0.15,0.19,1.0,-32.23,-5.19,9.28
2026-07-27 13:35:54.972,0.15,0.13,0.99,-71.29,-11.11,11.23
2026-07-27 13:35:55.233,0.15,0.13,0.99,-71.29,-11.11,11.23
2026-07-27 13:35:55.236,0.15,0.08,1.0,-80.99,-12.45,11.11
2026-07-27 13:35:55.445,0.14,0.05,0.99,-61.22,-11.6,10.62
2026-07-27 13:35:55.457,0.14,0.05,0.99,-61.22,-11.6,10.62
2026-07-27 13:35:55.458,0.14,0.04,0.98,-32.78,-10.07,10.13
2026-07-27 13:35:55.458,0.14,0.04,0.98,-32.78,-10.07,10.13
2026-07-27 13:35:55.458,0.14,0.04,0.97,-13.67,-8.0,8.67
2026-07-27 13:35:55.458,0.14,0.04,0.97,-13.67,-8.0,8.67
2026-07-27 13:35:55.458,0.14,0.04,0.95,-4.82,-4.88,7.14
2026-07-27 13:35:55.458,0.14,0.04,0.95,-4.82,-4.88,7.14
2026-07-27 13:35:55.459,0.14,0.03,0.94,-2.62,-0.67,5.74
2026-07-27 13:35:55.459,0.13,0.02,0.93,-3.85,3.97,3.6
2026-07-27 13:35:55.459,0.13,0.02,0.93,-3.85,3.97,3.6
2026-07-27 13:35:55.459,0.11,0.0,0.95,-3.72,6.9,1.22
2026-07-27 13:35:55.464,0.11,0.0,0.95,-3.72,6.9,1.22
2026-07-27 13:35:55.464,0.08,0.01,0.99,6.53,8.54,-5.13
2026-07-27 13:35:55.465,0.08,0.01,0.99,6.53,8.54,-5.13
2026-07-27 13:35:55.466,0.06,0.07,1.03,26.79,8.36,-13.98
2026-07-27 13:35:55.631,0.06,0.07,1.03,26.79,8.36,-13.98
2026-07-27 13:35:55.631,0.1,0.11,1.03,39.61,2.87,-14.1
2026-07-27 13:35:55.632,0.1,0.11,1.03,39.61,2.87,-14.1
2026-07-27 13:35:55.632,0.15,0.11,1.0,35.1,-3.6,-5.8
2026-07-27 13:35:55.632,0.17,0.1,0.98,20.63,-5.74,2.5
2026-07-27 13:35:55.632,0.17,0.1,0.98,20.63,-5.74,2.5
2026-07-27 13:35:55.632,0.16,0.1,0.96,6.53,-5.62,7.32
2026-07-27 13:35:55.632,0.16,0.1,0.96,6.53,-5.62,7.32
2026-07-27 13:35:55.633,0.14,0.1,0.95,-1.46,-5.43,8.67
2026-07-27 13:35:55.633,0.14,0.1,0.95,-1.46,-5.43,8.67
2026-07-27 13:35:55.633,0.13,0.11,0.94,-4.09,-4.82,8.18
2026-07-27 13:35:55.636,0.13,0.11,0.94,-4.09,-4.82,8.18
2026-07-27 13:35:55.741,0.13,0.1,0.94,-4.33,-3.54,7.14
2026-07-27 13:35:55.758,0.13,0.1,0.95,-3.85,-1.83,6.04
2026-07-27 13:35:55.758,0.13,0.1,0.95,-3.85,-1.83,6.04
2026-07-27 13:35:55.758,0.14,0.1,0.96,-3.42,-0.31,4.94
2026-07-27 13:35:55.758,0.14,0.1,0.96,-3.42,-0.31,4.94
2026-07-27 13:35:56.041,0.15,0.11,0.97,-3.17,1.46,3.6
2026-07-27 13:35:56.104,0.15,0.11,0.97,-3.17,1.46,3.6
2026-07-27 13:35:56.116,0.15,0.12,0.99,-2.87,2.87,2.44
2026-07-27 13:35:56.116,0.15,0.12,0.99,-2.87,2.87,2.44
2026-07-27 13:35:56.116,0.14,0.12,1.0,-1.71,3.23,1.59
2026-07-27 13:35:56.116,0.14,0.12,1.0,-1.71,3.23,1.59
2026-07-27 13:35:56.116,0.13,0.13,1.0,1.28,2.93,2.56
2026-07-27 13:35:56.117,0.13,0.13,1.0,1.28,2.93,2.56
2026-07-27 13:35:56.117,0.13,0.14,1.0,4.39,2.2,7.08
2026-07-27 13:35:56.117,0.15,0.13,1.0,2.87,0.0,13.18
2026-07-27 13:35:56.117,0.15,0.13,1.0,2.87,0.0,13.18
2026-07-27 13:35:56.117,0.17,0.11,0.99,-3.78,-3.78,17.03
2026-07-27 13:35:56.117,0.17,0.11,0.99,-3.78,-3.78,17.03
2026-07-27 13:35:56.117,0.18,0.09,0.98,-10.56,-6.29,16.11
2026-07-27 13:35:56.117,0.18,0.09,0.98,-10.56,-6.29,16.11
2026-07-27 13:35:56.117,0.17,0.07,0.98,-13.92,-5.8,11.54
2026-07-27 13:35:56.117,0.17,0.07,0.98,-13.92,-5.8,11.54
2026-07-27 13:35:56.460,0.15,0.06,0.99,-12.88,-3.78,6.65
2026-07-27 13:35:56.460,0.15,0.06,0.98,-9.64,-3.3,5.43
2026-07-27 13:35:56.642,0.15,0.06,0.98,-9.64,-3.3,5.43
2026-07-27 13:35:56.643,0.18,0.04,0.95,-8.54,-4.46,8.48
2026-07-27 13:35:56.643,0.18,0.04,0.95,-8.54,-4.46,8.48
2026-07-27 13:35:56.655,0.22,0.0,0.95,-9.46,-3.42,11.29
2026-07-27 13:35:56.665,0.22,0.0,0.95,-9.46,-3.42,11.29
2026-07-27 13:35:56.667,0.21,-0.02,0.99,-8.73,0.55,8.24
2026-07-27 13:35:56.668,0.21,-0.02,0.99,-8.73,0.55,8.24
2026-07-27 13:35:56.668,0.18,-0.0,1.02,-4.94,2.87,0.79
2026-07-27 13:35:56.669,0.18,-0.0,1.02,-4.94,2.87,0.79
2026-07-27 13:35:56.879,0.14,0.03,1.01,-0.37,1.22,-3.48
2026-07-27 13:35:56.880,0.14,0.03,1.01,1.28,-1.89,-1.28
2026-07-27 13:35:56.880,0.14,0.04,0.98,1.28,-1.89,-1.28
2026-07-27 13:35:57.337,0.17,0.02,0.97,-0.92,-3.42,3.42
2026-07-27 13:35:57.610,0.17,0.02,0.97,-0.92,-3.42,3.42
2026-07-27 13:35:57.610,0.18,-0.01,0.98,-3.72,-2.01,5.25
2026-07-27 13:35:57.610,0.18,-0.01,0.98,-3.72,-2.01,5.25
2026-07-27 13:35:57.664,0.18,-0.01,1.0,-3.6,0.37,3.3
2026-07-27 13:35:57.682,0.18,-0.01,1.0,-3.6,0.37,3.3
2026-07-27 13:35:57.682,0.18,0.02,0.99,-1.4,0.85,0.85
2026-07-27 13:35:57.682,0.18,0.02,0.99,-1.4,0.85,0.85
2026-07-27 13:35:57.682,0.19,0.03,0.98,-0.43,0.43,-0.92
2026-07-27 13:35:57.682,0.19,0.03,0.98,-0.43,0.43,-0.92
2026-07-27 13:35:57.682,0.18,0.04,0.97,-1.1,0.92,-2.32
2026-07-27 13:35:57.682,0.17,0.05,0.98,-2.01,1.77,-2.62
2026-07-27 13:35:57.687,0.17,0.05,0.98,-2.01,1.77,-2.62
2026-07-27 13:35:57.694,0.17,0.05,0.99,-2.26,1.95,-2.26
2026-07-27 13:35:57.695,0.17,0.05,0.99,-2.26,1.95,-2.26
2026-07-27 13:35:57.698,0.16,0.06,0.98,-2.01,1.28,-1.89
2026-07-27 13:35:57.699,0.16,0.06,0.98,-2.01,1.28,-1.89
2026-07-27 13:35:57.705,0.16,0.06,0.98,-1.59,0.55,-0.85
2026-07-27 13:35:57.706,0.17,0.05,0.97,-1.46,0.79,0.67
2026-07-27 13:35:57.706,0.17,0.05,0.97,-1.46,0.79,0.67
2026-07-27 13:35:57.707,0.17,0.05,0.97,-2.08,1.65,2.56
2026-07-27 13:35:57.707,0.17,0.05,0.97,-2.08,1.65,2.56
2026-07-27 13:35:57.707,0.17,0.04,0.98,-2.69,1.95,4.33
2026-07-27 13:35:57.707,0.17,0.04,0.98,-2.69,1.95,4.33
2026-07-27 13:35:57.707,0.17,0.04,0.97,-2.38,1.83,5.13
2026-07-27 13:35:57.708,0.17,0.04,0.97,-2.38,1.83,5.13
2026-07-27 13:35:57.708,0.15,0.03,0.96,-1.46,1.83,5.31
2026-07-27 13:35:57.708,0.15,0.03,0.96,-1.46,1.83,5.31
2026-07-27 13:35:57.708,0.13,0.03,0.95,-0.06,1.83,5.92
2026-07-27 13:35:57.708,0.13,0.03,0.95,-0.06,1.83,5.92
2026-07-27 13:35:57.708,0.13,0.01,0.94,1.65,2.32,6.84
2026-07-27 13:35:57.708,0.13,0.01,0.94,3.23,3.91,7.32
2026-07-27 13:35:57.708,0.13,-0.0,0.94,3.23,3.91,7.32
2026-07-27 13:35:57.708,0.13,-0.02,0.95,4.09,6.04,6.9
2026-07-27 13:35:57.708,0.13,-0.02,0.95,4.09,6.04,6.9
2026-07-27 13:35:57.711,0.13,-0.03,0.97,3.17,7.87,5.49
2026-07-27 13:35:57.711,0.13,-0.03,0.97,3.17,7.87,5.49
2026-07-27 13:35:57.712,0.12,-0.05,0.99,-0.43,8.97,4.09
2026-07-27 13:35:57.712,0.12,-0.05,0.99,-0.43,8.97,4.09
2026-07-27 13:35:57.712,0.11,-0.09,1.0,-4.7,8.91,2.14
2026-07-27 13:35:57.713,0.11,-0.09,1.0,-4.7,8.91,2.14
2026-07-27 13:35:57.713,0.11,-0.1,1.0,-5.62,7.81,-2.14
2026-07-27 13:35:57.713,0.11,-0.1,1.0,-5.62,7.81,-2.14
2026-07-27 13:35:57.713,0.1,-0.08,1.0,-2.93,7.02,-8.12
2026-07-27 13:35:57.713,0.1,-0.04,1.0,0.49,7.51,-14.34
2026-07-27 13:35:57.713,0.1,-0.04,1.0,0.49,7.51,-14.34
2026-07-27 13:35:57.714,0.08,-0.0,1.02,3.11,9.03,-19.78
2026-07-27 13:35:57.714,0.08,-0.0,1.02,3.11,9.03,-19.78
2026-07-27 13:35:57.721,0.06,0.04,1.04,4.7,9.4,-22.64
2026-07-27 13:35:57.725,0.06,0.04,1.04,4.7,9.4,-22.64
2026-07-27 13:35:57.725,0.06,0.06,1.06,5.07,6.71,-21.91
2026-07-27 13:35:57.725,0.06,0.06,1.06,5.07,6.71,-21.91
2026-07-27 13:35:57.725,0.06,0.07,1.04,3.6,1.34,-18.43
2026-07-27 13:35:57.726,0.06,0.07,1.04,3.6,1.34,-18.43
2026-07-27 13:35:57.726,0.08,0.05,1.02,0.37,-3.85,-14.34
2026-07-27 13:35:57.726,0.09,0.06,1.01,-3.72,-7.57,-10.19
2026-07-27 13:35:57.726,0.09,0.06,1.01,-3.72,-7.57,-10.19
2026-07-27 13:35:57.726,0.1,0.08,1.0,-11.05,-16.05,-1.28
2026-07-27 13:35:57.726,0.1,0.08,1.0,-11.05,-16.05,-1.28
2026-07-27 13:35:57.803,0.14,0.05,0.95,-20.32,-27.34,12.08
2026-07-27 13:35:57.847,0.14,0.05,0.95,-20.32,-27.34,12.08
2026-07-27 13:35:57.854,0.19,0.01,0.93,-24.78,-27.34,19.47
2026-07-27 13:35:57.854,0.19,0.01,0.93,-24.78,-27.34,19.47
2026-07-27 13:35:57.854,0.22,-0.03,0.97,-23.13,-13.79,12.45
2026-07-27 13:35:57.854,0.2,-0.04,1.05,-17.82,1.53,-5.62
2026-07-27 13:35:57.901,0.2,-0.04,1.05,-17.82,1.53,-5.62
2026-07-27 13:35:57.903,0.17,-0.0,1.11,-11.11,7.69,-23.56
2026-07-27 13:35:57.904,0.17,-0.0,1.11,-11.11,7.69,-23.56
2026-07-27 13:35:58.227,0.16,0.04,1.09,-9.28,6.23,-36.13
2026-07-27 13:35:58.227,0.16,0.04,1.09,-9.28,6.23,-36.13
2026-07-27 13:35:58.227,0.15,0.05,1.04,-17.4,3.72,-41.69
2026-07-27 13:35:58.227,0.15,0.05,1.04,-17.4,3.72,-41.69
2026-07-27 13:35:58.376,0.13,0.03,1.0,-31.74,-1.34,-40.04
2026-07-27 13:35:58.377,0.13,-0.02,0.99,-47.91,-9.34,-37.35
2026-07-27 13:35:58.377,0.13,-0.02,0.99,-47.91,-9.34,-37.35
2026-07-27 13:35:58.377,0.14,-0.09,0.95,-62.32,-10.74,-45.72
2026-07-27 13:35:58.377,0.14,-0.09,0.95,-62.32,-10.74,-45.72
2026-07-27 13:35:58.377,0.15,-0.17,0.87,-68.54,-4.94,-62.26
2026-07-27 13:35:58.377,0.15,-0.17,0.87,-68.54,-4.94,-62.26
2026-07-27 13:35:58.377,0.16,-0.21,0.81,-62.62,-6.47,-66.28
2026-07-27 13:35:58.377,0.16,-0.21,0.81,-51.39,-19.04,-55.91
2026-07-27 13:35:58.377,0.21,-0.24,0.82,-51.39,-19.04,-55.91
2026-07-27 13:35:58.378,0.25,-0.28,0.84,-37.41,-24.66,-36.56
2026-07-27 13:35:58.488,0.25,-0.28,0.84,-37.41,-24.66,-36.56
2026-07-27 13:35:58.489,0.28,-0.29,0.87,-18.43,-11.96,-9.09
2026-07-27 13:35:58.490,0.28,-0.29,0.87,-18.43,-11.96,-9.09
2026-07-27 13:35:58.491,0.25,-0.28,0.89,-2.44,4.15,15.44
2026-07-27 13:35:58.492,0.25,-0.28,0.89,-2.44,4.15,15.44
2026-07-27 13:35:58.500,0.22,-0.26,0.9,8.06,11.35,30.64
2026-07-27 13:35:58.500,0.19,-0.22,0.93,12.39,9.34,37.35
2026-07-27 13:35:58.509,0.19,-0.22,0.93,12.39,9.34,37.35
2026-07-27 13:35:58.510,0.19,-0.22,0.95,2.81,-1.77,34.0
2026-07-27 13:35:58.918,0.19,-0.22,0.95,2.81,-1.77,34.0
2026-07-27 13:35:58.919,0.23,-0.25,0.93,-17.88,-19.04,19.96
2026-07-27 13:35:58.920,0.23,-0.25,0.93,-17.88,-19.04,19.96
2026-07-27 13:35:58.920,0.28,-0.34,0.89,-43.4,-44.92,-1.16
2026-07-27 13:35:58.920,0.28,-0.34,0.89,-81.12,-74.58,-10.31
2026-07-27 13:35:58.921,0.39,-0.49,0.86,-81.12,-74.58,-10.31
2026-07-27 13:35:58.922,0.5,-0.62,0.83,-105.83,-73.85,-0.55
2026-07-27 13:35:58.922,0.5,-0.62,0.83,-105.83,-73.85,-0.55
2026-07-27 13:35:58.922,0.5,-0.64,0.82,-83.62,-30.4,-2.69
2026-07-27 13:35:58.924,0.5,-0.64,0.82,-83.62,-30.4,-2.69
2026-07-27 13:35:58.924,0.41,-0.57,0.81,-40.77,12.02,-24.41
2026-07-27 13:35:58.924,0.41,-0.57,0.81,-40.77,12.02,-24.41
2026-07-27 13:35:58.926,0.34,-0.49,0.82,-14.04,25.09,-41.93
2026-07-27 13:35:58.927,0.32,-0.47,0.81,-10.74,24.41,-48.4
2026-07-27 13:35:58.927,0.32,-0.47,0.81,-10.74,24.41,-48.4
2026-07-27 13:35:58.927,0.33,-0.48,0.77,-14.34,23.8,-45.59
2026-07-27 13:35:59.164,0.33,-0.48,0.77,-14.34,23.8,-45.59
2026-07-27 13:35:59.635,0.32,-0.47,0.76,-5.92,25.33,-34.91
2026-07-27 13:35:59.653,0.32,-0.47,0.76,10.62,27.89,-21.12
2026-07-27 13:35:59.670,0.29,-0.44,0.77,10.62,27.89,-21.12
2026-07-27 13:35:59.671,0.26,-0.42,0.78,22.71,29.48,-6.77
2026-07-27 13:35:59.671,0.26,-0.42,0.78,22.71,29.48,-6.77
2026-07-27 13:35:59.671,0.25,-0.44,0.78,27.83,29.17,7.02
2026-07-27 13:35:59.671,0.25,-0.44,0.78,27.83,29.17,7.02
2026-07-27 13:35:59.671,0.2,-0.48,0.77,30.94,26.06,24.48
2026-07-27 13:35:59.671,0.2,-0.48,0.77,30.94,26.06,24.48
2026-07-27 13:35:59.671,0.09,-0.47,0.75,30.09,26.98,48.95
2026-07-27 13:35:59.671,-0.03,-0.43,0.78,21.42,37.54,74.58
2026-07-27 13:35:59.671,-0.03,-0.43,0.78,21.42,37.54,74.58
2026-07-27 13:35:59.671,-0.05,-0.36,0.76,18.19,51.88,97.9
2026-07-27 13:35:59.672,-0.05,-0.36,0.76,18.19,51.88,97.9
2026-07-27 13:35:59.672,0.04,-0.35,0.73,26.0,56.76,104.37
2026-07-27 13:35:59.672,0.04,-0.35,0.73,26.0,56.76,104.37
2026-07-27 13:35:59.672,0.13,-0.41,0.75,29.72,47.06,83.01
2026-07-27 13:35:59.672,0.15,-0.42,0.85,27.16,38.45,47.55
2026-07-27 13:35:59.672,0.15,-0.42,0.85,27.16,38.45,47.55
2026-07-27 13:35:59.672,0.12,-0.37,0.93,20.45,39.06,17.4
2026-07-27 13:35:59.673,0.12,-0.37,0.93,20.45,39.06,17.4
2026-07-27 13:35:59.685,0.06,-0.26,0.97,9.7,46.87,-0.12
2026-07-27 13:35:59.703,0.06,-0.26,0.97,9.7,46.87,-0.12
2026-07-27 13:35:59.705,-0.01,-0.17,1.02,0.43,60.0,-5.13
2026-07-27 13:35:59.705,-0.01,-0.17,1.02,0.43,60.0,-5.13
2026-07-27 13:35:59.705,-0.04,-0.17,1.08,-4.09,65.8,1.71
2026-07-27 13:35:59.712,-0.04,-0.17,1.08,-2.81,58.59,11.11
2026-07-27 13:35:59.712,-0.05,-0.23,1.12,-2.81,58.59,11.11
2026-07-27 13:35:59.712,-0.08,-0.27,1.16,6.53,47.85,13.24
2026-07-27 13:35:59.712,-0.08,-0.27,1.16,6.53,47.85,13.24
2026-07-27 13:35:59.712,-0.14,-0.28,1.2,21.36,37.66,7.63
2026-07-27 13:35:59.712,-0.14,-0.28,1.2,21.36,37.66,7.63
2026-07-27 13:35:59.713,-0.21,-0.27,1.16,33.81,22.09,1.89
2026-07-27 13:35:59.713,-0.21,-0.27,1.16,33.81,22.09,1.89
2026-07-27 13:35:59.713,-0.23,-0.27,1.05,39.37,2.38,0.73
2026-07-27 13:35:59.713,-0.23,-0.27,1.05,40.16,-7.87,-0.12
2026-07-27 13:35:59.761,-0.24,-0.28,0.98,40.16,-7.87,-0.12
2026-07-27 13:35:59.761,-0.27,-0.29,0.96,41.02,-6.1,-4.03
2026-07-27 13:35:59.761,-0.27,-0.29,0.96,41.02,-6.1,-4.03
2026-07-27 13:35:59.762,-0.25,-0.28,0.91,39.67,-5.13,-7.51
2026-07-27 13:35:59.762,-0.25,-0.28,0.91,39.67,-5.13,-7.51
2026-07-27 13:35:59.879,-0.2,-0.25,0.81,31.25,-4.03,-12.63
2026-07-27 13:35:59.881,-0.2,-0.25,0.81,31.25,-4.03,-12.63
2026-07-27 13:35:59.882,-0.19,-0.21,0.73,17.46,10.74,-24.54
2026-07-27 13:35:59.883,-0.19,-0.21,0.73,17.46,10.74,-24.54
2026-07-27 13:35:59.883,-0.24,-0.18,0.74,3.66,32.23,-32.41
2026-07-27 13:35:59.883,-0.31,-0.17,0.84,-8.85,43.52,-25.45
2026-07-27 13:36:00.775,-0.31,-0.17,0.84,-8.85,43.52,-25.45
2026-07-27 13:36:00.840,-0.39,-0.18,0.98,-19.65,41.32,-6.71
2026-07-27 13:36:00.841,-0.39,-0.18,0.98,-19.65,41.32,-6.71
2026-07-27 13:36:00.866,-0.44,-0.23,1.06,-26.61,27.53,13.85
2026-07-27 13:36:00.867,-0.44,-0.23,1.06,-26.61,27.53,13.85
2026-07-27 13:36:00.867,-0.46,-0.28,1.05,-30.27,7.14,25.63
2026-07-27 13:36:00.867,-0.46,-0.32,0.99,-27.59,-8.06,27.53
2026-07-27 13:36:00.867,-0.46,-0.32,0.99,-27.59,-8.06,27.53
2026-07-27 13:36:00.868,-0.43,-0.31,0.91,-16.91,-13.79,24.9
2026-07-27 13:36:00.868,-0.43,-0.31,0.91,-16.91,-13.79,24.9
2026-07-27 13:36:00.868,-0.39,-0.29,0.81,-6.1,-15.99,20.57
2026-07-27 13:36:00.868,-0.39,-0.29,0.81,-6.1,-15.99,20.57
2026-07-27 13:36:00.868,-0.35,-0.28,0.69,-1.95,-14.89,13.43
2026-07-27 13:36:00.868,-0.35,-0.28,0.69,-1.95,-14.89,13.43
2026-07-27 13:36:00.868,-0.33,-0.27,0.61,-13.73,-5.86,-5.92
2026-07-27 13:36:00.868,-0.38,-0.29,0.64,-48.03,13.06,-39.55
2026-07-27 13:36:00.868,-0.38,-0.29,0.64,-48.03,13.06,-39.55
2026-07-27 13:36:00.868,-0.46,-0.31,0.75,-72.69,36.19,-50.23
2026-07-27 13:36:00.869,-0.46,-0.31,0.75,-72.69,36.19,-50.23
2026-07-27 13:36:00.869,-0.53,-0.31,0.85,-60.42,50.05,-26.0
2026-07-27 13:36:00.869,-0.53,-0.31,0.85,-60.42,50.05,-26.0
2026-07-27 13:36:00.897,-0.58,-0.33,0.93,-34.3,46.57,-0.61
2026-07-27 13:36:00.897,-0.58,-0.33,0.93,-15.44,30.27,14.59
2026-07-27 13:36:00.897,-0.58,-0.39,1.0,-15.44,30.27,14.59
2026-07-27 13:36:00.898,-0.53,-0.47,1.02,-5.62,7.32,20.2
2026-07-27 13:36:00.898,-0.53,-0.47,1.02,-5.62,7.32,20.2
2026-07-27 13:36:00.898,-0.45,-0.5,0.97,0.55,-15.69,12.51
2026-07-27 13:36:00.898,-0.45,-0.5,0.97,0.55,-15.69,12.51
2026-07-27 13:36:00.968,-0.4,-0.43,0.89,7.93,-31.19,-6.04
2026-07-27 13:36:01.051,-0.4,-0.43,0.89,7.93,-31.19,-6.04
2026-07-27 13:36:01.074,-0.37,-0.33,0.81,13.61,-36.07,-27.1
2026-07-27 13:36:01.105,-0.37,-0.33,0.81,13.61,-36.07,-27.1
2026-07-27 13:36:01.147,-0.38,-0.24,0.78,14.16,-28.93,-39.61
2026-07-27 13:36:01.147,-0.42,-0.19,0.86,10.62,-11.17,-37.41
2026-07-27 13:36:01.147,-0.42,-0.19,0.86,10.62,-11.17,-37.41
2026-07-27 13:36:01.147,-0.4,-0.18,1.02,5.49,3.54,-23.25
2026-07-27 13:36:01.178,-0.4,-0.18,1.02,5.49,3.54,-23.25
2026-07-27 13:36:01.178,-0.31,-0.24,1.09,-1.71,-6.53,-4.64
2026-07-27 13:36:01.178,-0.31,-0.24,1.09,-1.71,-6.53,-4.64
2026-07-27 13:36:01.178,-0.22,-0.37,1.0,-12.08,-41.02,8.79
2026-07-27 13:36:01.178,-0.21,-0.5,0.88,-17.7,-67.99,15.26
2026-07-27 13:36:01.179,-0.21,-0.5,0.88,-17.7,-67.99,15.26
2026-07-27 13:36:01.179,-0.23,-0.62,0.83,-14.47,-70.74,17.76
2026-07-27 13:36:01.179,-0.23,-0.62,0.83,-14.47,-70.74,17.76
2026-07-27 13:36:01.179,-0.18,-0.69,0.78,-11.47,-67.2,15.75
2026-07-27 13:36:01.179,-0.18,-0.69,0.78,-11.47,-67.2,15.75
2026-07-27 13:36:01.179,-0.07,-0.7,0.69,-12.76,-68.6,11.11
2026-07-27 13:36:01.179,0.03,-0.64,0.62,-13.73,-64.09,8.18
2026-07-27 13:36:01.179,0.03,-0.64,0.62,-13.73,-64.09,8.18
2026-07-27 13:36:01.179,0.06,-0.55,0.65,-14.28,-48.16,7.14
2026-07-27 13:36:01.262,0.06,-0.55,0.65,-14.28,-48.16,7.14
2026-07-27 13:36:01.273,0.05,-0.5,0.72,-15.87,-33.26,5.19
2026-07-27 13:36:01.273,0.05,-0.5,0.72,-15.87,-33.26,5.19
2026-07-27 13:36:01.274,0.03,-0.51,0.76,-13.73,-28.32,2.75
2026-07-27 13:36:01.275,0.03,-0.51,0.76,-3.97,-26.0,3.36
2026-07-27 13:36:01.276,-0.01,-0.54,0.75,-3.97,-26.0,3.36
2026-07-27 13:36:01.276,-0.09,-0.51,0.73,6.77,-23.68,3.97
2026-07-27 13:36:01.276,-0.09,-0.51,0.73,6.77,-23.68,3.97
2026-07-27 13:36:01.276,-0.18,-0.38,0.78,-6.41,-34.73,-2.5
2026-07-27 13:36:01.276,-0.18,-0.38,0.78,-6.41,-34.73,-2.5
2026-07-27 13:36:01.276,-0.22,-0.26,0.9,-44.31,-57.07,-5.25
2026-07-27 13:36:01.500,-0.22,-0.26,0.9,-44.31,-57.07,-5.25
2026-07-27 13:36:01.501,-0.17,-0.37,1.0,-58.84,-58.04,23.13
2026-07-27 13:36:01.501,-0.17,-0.37,1.0,-58.84,-58.04,23.13
2026-07-27 13:36:01.502,-0.04,-0.63,0.91,-35.71,-45.72,71.96
2026-07-27 13:36:01.502,0.15,-0.74,0.59,-4.82,-59.45,92.71
2026-07-27 13:36:01.502,0.15,-0.74,0.59,-4.82,-59.45,92.71
2026-07-27 13:36:01.502,0.3,-0.61,0.4,25.63,-77.82,78.92
2026-07-27 13:36:01.502,0.3,-0.61,0.4,25.63,-77.82,78.92
2026-07-27 13:36:01.503,0.33,-0.41,0.53,53.47,-51.7,61.95
2026-07-27 13:36:01.503,0.33,-0.41,0.53,53.47,-51.7,61.95
2026-07-27 13:36:01.503,0.22,-0.33,0.8,65.8,10.07,52.73
2026-07-27 13:36:02.003,0.08,-0.33,0.99,59.75,55.91,45.1
2026-07-27 13:36:02.016,0.08,-0.33,0.99,59.75,55.91,45.1
2026-07-27 13:36:02.016,0.0,-0.33,1.06,44.62,60.73,35.83
2026-07-27 13:36:02.016,0.0,-0.33,1.06,44.62,60.73,35.83
2026-07-27 13:36:02.016,-0.02,-0.31,1.05,29.05,38.39,28.26
2026-07-27 13:36:02.017,-0.02,-0.31,1.05,29.05,38.39,28.26
2026-07-27 13:36:02.017,-0.07,-0.35,1.04,17.21,15.56,27.83
2026-07-27 13:36:02.017,-0.07,-0.35,1.04,12.76,7.32,33.94
2026-07-27 13:36:02.017,-0.17,-0.46,1.09,12.76,7.32,33.94
2026-07-27 13:36:02.017,-0.24,-0.57,1.1,15.26,0.18,40.71
2026-07-27 13:36:02.017,-0.24,-0.57,1.1,15.26,0.18,40.71
2026-07-27 13:36:02.017,-0.25,-0.66,1.04,15.01,-18.19,42.79
2026-07-27 13:36:02.038,-0.25,-0.66,1.04,15.01,-18.19,42.79
2026-07-27 13:36:02.039,-0.25,-0.72,1.0,8.73,-31.62,36.44
2026-07-27 13:36:02.039,-0.25,-0.72,1.0,8.73,-31.62,36.44
2026-07-27 13:36:02.039,-0.22,-0.69,0.94,4.03,-33.81,21.36
2026-07-27 13:36:02.289,-0.22,-0.69,0.94,-0.67,-42.05,0.85
2026-07-27 13:36:02.289,-0.13,-0.58,0.77,-0.67,-42.05,0.85
2026-07-27 13:36:02.291,-0.04,-0.45,0.57,-7.81,-50.72,-19.78
2026-07-27 13:36:02.414,-0.04,-0.45,0.57,-7.81,-50.72,-19.78
2026-07-27 13:36:02.433,-0.03,-0.35,0.54,-9.4,-33.14,-33.81
2026-07-27 13:36:02.450,-0.03,-0.35,0.54,-9.4,-33.14,-33.81
2026-07-27 13:36:02.456,-0.09,-0.33,0.7,-2.69,8.06,-39.25
2026-07-27 13:36:02.463,-0.09,-0.33,0.7,-2.69,8.06,-39.25
2026-07-27 13:36:02.463,-0.17,-0.35,0.91,4.82,42.24,-39.37
2026-07-27 13:36:02.467,-0.21,-0.36,1.02,8.18,51.57,-38.88
2026-07-27 13:36:02.470,-0.21,-0.36,1.02,8.18,51.57,-38.88
2026-07-27 13:36:02.474,-0.19,-0.31,1.0,5.98,40.1,-39.55
2026-07-27 13:36:02.482,-0.19,-0.31,1.0,5.98,40.1,-39.55
2026-07-27 13:36:02.482,-0.14,-0.24,0.94,0.55,26.37,-38.27
2026-07-27 13:36:02.482,-0.14,-0.24,0.94,0.55,26.37,-38.27
2026-07-27 13:36:02.482,-0.11,-0.2,0.95,-2.56,24.35,-31.8
2026-07-27 13:36:02.482,-0.11,-0.2,0.95,-2.56,24.35,-31.8
2026-07-27 13:36:02.482,-0.13,-0.24,1.02,-2.32,27.1,-22.28
2026-07-27 13:36:02.482,-0.14,-0.31,1.03,-0.92,20.02,-15.69
2026-07-27 13:36:02.483,-0.14,-0.31,1.03,-0.92,20.02,-15.69
2026-07-27 13:36:02.483,-0.12,-0.31,0.94,-0.85,2.75,-16.3
2026-07-27 13:36:02.483,-0.12,-0.31,0.94,-0.85,2.75,-16.3
2026-07-27 13:36:02.483,-0.11,-0.27,0.88,-0.55,-5.8,-20.14
2026-07-27 13:36:02.483,-0.11,-0.27,0.88,-0.55,-5.8,-20.14
2026-07-27 13:36:03.318,-0.13,-0.29,0.93,3.54,2.56,-19.96
2026-07-27 13:36:03.319,-0.13,-0.29,0.93,3.54,2.56,-19.96
2026-07-27 13:36:03.319,-0.15,-0.33,0.98,9.7,12.45,-17.15
2026-07-27 13:36:03.319,-0.16,-0.33,0.96,14.83,13.92,-15.99
2026-07-27 13:36:03.319,-0.16,-0.33,0.96,14.83,13.92,-15.99
2026-07-27 13:36:03.319,-0.15,-0.28,0.92,16.91,13.24,-13.49
2026-07-27 13:36:03.319,-0.15,-0.28,0.92,16.91,13.24,-13.49
2026-07-27 13:36:03.319,-0.14,-0.27,0.91,14.59,13.85,-4.7
2026-07-27 13:36:03.319,-0.14,-0.27,0.91,14.59,13.85,-4.7
2026-07-27 13:36:03.319,-0.12,-0.32,0.92,8.12,10.5,8.24
2026-07-27 13:36:03.319,-0.12,-0.32,0.92,8.12,10.5,8.24
2026-07-27 13:36:03.319,-0.1,-0.39,0.91,0.12,2.26,18.86
2026-07-27 13:36:03.320,-0.08,-0.44,0.89,-6.16,-4.52,23.25
2026-07-27 13:36:03.320,-0.08,-0.44,0.89,-6.16,-4.52,23.25
2026-07-27 13:36:03.320,-0.06,-0.45,0.89,-8.97,-5.37,20.87
2026-07-27 13:36:03.320,-0.06,-0.45,0.89,-8.97,-5.37,20.87
2026-07-27 13:36:03.320,-0.06,-0.43,0.91,-8.97,-2.99,14.1
2026-07-27 13:36:03.320,-0.06,-0.43,0.91,-8.97,-2.99,14.1
2026-07-27 13:36:03.320,-0.07,-0.4,0.91,-7.81,-2.26,6.77
2026-07-27 13:36:03.320,-0.09,-0.38,0.9,-6.71,-3.91,1.89
2026-07-27 13:36:03.320,-0.09,-0.38,0.9,-6.71,-3.91,1.89
2026-07-27 13:36:03.320,-0.1,-0.38,0.89,-6.41,-4.88,0.43
2026-07-27 13:36:03.320,-0.1,-0.38,0.89,-6.41,-4.88,0.43
2026-07-27 13:36:03.320,-0.08,-0.43,0.89,-7.2,-3.6,1.16
2026-07-27 13:36:03.320,-0.08,-0.43,0.89,-7.2,-3.6,1.16
2026-07-27 13:36:03.320,-0.04,-0.5,0.91,-8.73,-0.18,0.67
2026-07-27 13:36:03.321,-0.04,-0.5,0.91,-8.73,-0.18,0.67
2026-07-27 13:36:03.321,-0.01,-0.59,0.94,-10.62,2.87,-3.6
2026-07-27 13:36:03.321,-0.01,-0.59,0.94,-10.62,2.87,-3.6
2026-07-27 13:36:03.352,0.06,-0.71,0.98,-3.3,3.72,-5.92
2026-07-27 13:36:03.353,0.06,-0.71,0.98,42.42,17.88,12.21
2026-07-27 13:36:03.491,0.16,-0.81,1.08,42.42,17.88,12.21
2026-07-27 13:36:03.503,0.13,-0.86,1.23,100.04,47.55,32.53
2026-07-27 13:36:03.503,0.13,-0.86,1.23,100.04,47.55,32.53
2026-07-27 13:36:03.504,-0.05,-0.8,1.38,99.73,48.03,-3.72
2026-07-27 13:36:03.504,-0.05,-0.8,1.38,99.73,48.03,-3.72
2026-07-27 13:36:03.504,-0.22,-0.59,1.47,62.87,2.62,-82.46
2026-07-27 13:36:03.504,-0.22,-0.59,1.47,62.87,2.62,-82.46
2026-07-27 13:36:03.504,-0.3,-0.35,1.49,39.06,-55.91,-139.04
2026-07-27 13:36:03.504,-0.3,-0.35,1.49,39.06,-55.91,-139.04
2026-07-27 13:36:03.504,-0.27,-0.17,1.4,26.55,-106.2,-156.37
2026-07-27 13:36:03.504,-0.22,-0.04,1.21,18.74,-137.08,-148.07
2026-07-27 13:36:03.504,-0.22,-0.04,1.21,18.74,-137.08,-148.07
2026-07-27 13:36:03.504,-0.21,0.09,0.98,20.45,-141.48,-128.3
2026-07-27 13:36:03.505,-0.21,0.09,0.98,20.45,-141.48,-128.3
2026-07-27 13:36:03.505,-0.17,0.19,0.81,27.95,-128.11,-100.83
2026-07-27 13:36:03.505,-0.1,0.2,0.69,30.27,-111.21,-68.42
2026-07-27 13:36:03.505,-0.1,0.2,0.69,30.27,-111.21,-68.42
2026-07-27 13:36:03.662,0.01,0.13,0.63,23.68,-99.98,-39.98
2026-07-27 13:36:03.664,0.01,0.13,0.63,23.68,-99.98,-39.98
2026-07-27 13:36:03.665,0.14,0.01,0.58,14.4,-93.02,-19.84
2026-07-27 13:36:03.666,0.14,0.01,0.58,14.4,-93.02,-19.84
2026-07-27 13:36:03.666,0.25,-0.04,0.52,14.16,-82.95,-8.61
2026-07-27 13:36:03.666,0.33,-0.01,0.45,21.42,-68.73,-3.66
2026-07-27 13:36:03.671,0.33,-0.01,0.45,21.42,-68.73,-3.66
2026-07-27 13:36:03.671,0.38,0.05,0.37,24.23,-52.73,0.92
2026-07-27 13:36:03.843,0.38,0.05,0.37,24.23,-52.73,0.92
2026-07-27 13:36:03.844,0.39,0.1,0.31,17.33,-35.64,7.75
2026-07-27 13:36:03.844,0.39,0.1,0.31,17.33,-35.64,7.75
2026-07-27 13:36:03.844,0.35,0.15,0.28,4.39,-16.97,17.46
2026-07-27 13:36:03.844,0.35,0.15,0.28,4.39,-16.97,17.46
2026-07-27 13:36:03.902,0.35,0.15,0.28,4.39,-16.97,17.46
2026-07-27 13:36:03.906,0.35,0.15,0.28,4.39,-16.97,17.46
2026-07-27 13:36:03.909,0.18,0.27,0.27,-23.56,31.49,46.94
2026-07-27 13:36:03.912,0.18,0.27,0.27,-23.56,31.49,46.94
2026-07-27 13:36:03.916,0.07,0.22,0.36,-35.1,60.49,73.61
2026-07-27 13:36:03.928,-0.03,0.09,0.48,-42.36,88.01,107.12
2026-07-27 13:36:04.144,-0.03,0.09,0.48,-42.36,88.01,107.12
2026-07-27 13:36:04.166,-0.09,-0.1,0.64,-45.04,114.14,136.84
2026-07-27 13:36:04.192,-0.09,-0.1,0.64,-45.04,114.14,136.84
2026-07-27 13:36:04.198,-0.17,-0.31,0.84,-41.87,139.77,154.66
2026-07-27 13:36:04.202,-0.17,-0.31,0.84,-41.87,139.77,154.66
2026-07-27 13:36:04.203,-0.32,-0.42,1.12,-20.2,169.49,155.09
2026-07-27 13:36:04.207,-0.51,-0.42,1.43,13.92,194.7,142.27
2026-07-27 13:36:04.208,-0.51,-0.42,1.43,13.92,194.7,142.27
2026-07-27 13:36:04.208,-0.61,-0.4,1.59,32.23,187.68,125.49
2026-07-27 13:36:04.223,-0.61,-0.4,1.59,32.23,187.68,125.49
2026-07-27 13:36:04.224,-0.61,-0.4,1.55,31.01,147.89,109.99
2026-07-27 13:36:04.224,-0.61,-0.4,1.55,31.01,147.89,109.99
2026-07-27 13:36:04.224,-0.59,-0.4,1.44,29.6,105.41,98.69
2026-07-27 13:36:04.331,-0.58,-0.39,1.38,32.04,75.68,89.6
2026-07-27 13:36:04.350,-0.58,-0.39,1.38,32.04,75.68,89.6
2026-07-27 13:36:04.350,-0.55,-0.4,1.33,25.63,48.28,80.14
2026-07-27 13:36:04.350,-0.55,-0.4,1.33,25.63,48.28,80.14
2026-07-27 13:36:04.350,-0.47,-0.4,1.23,5.74,10.93,69.89
2026-07-27 13:36:04.444,-0.47,-0.4,1.23,5.74,10.93,69.89
2026-07-27 13:36:04.444,-0.37,-0.4,1.09,-22.64,-32.71,58.23
2026-07-27 13:36:04.445,-0.26,-0.37,0.96,-48.4,-70.86,43.52
2026-07-27 13:36:04.449,-0.26,-0.37,0.96,-48.4,-70.86,43.52
2026-07-27 13:36:04.449,-0.16,-0.34,0.86,-63.17,-96.13,25.76
2026-07-27 13:36:04.450,-0.16,-0.34,0.86,-63.17,-96.13,25.76
2026-07-27 13:36:04.645,-0.08,-0.3,0.79,-67.75,-101.07,7.75
2026-07-27 13:36:04.645,-0.08,-0.3,0.79,-67.75,-101.07,7.75
2026-07-27 13:36:04.648,-0.04,-0.27,0.81,-63.23,-77.94,-8.67
2026-07-27 13:36:04.648,-0.04,-0.27,0.81,-49.93,-34.42,-24.48
2026-07-27 13:36:04.648,-0.05,-0.23,0.9,-49.93,-34.42,-24.48
2026-07-27 13:36:04.648,-0.1,-0.19,1.03,-33.02,6.04,-39.61
2026-07-27 13:36:04.648,-0.1,-0.19,1.03,-33.02,6.04,-39.61
2026-07-27 13:36:04.748,-0.14,-0.14,1.11,-16.97,25.94,-51.21
2026-07-27 13:36:04.758,-0.14,-0.14,1.11,-16.97,25.94,-51.21
2026-07-27 13:36:04.806,-0.16,-0.06,1.12,-2.14,26.49,-57.8
2026-07-27 13:36:04.806,-0.16,-0.06,1.12,-2.14,26.49,-57.8
2026-07-27 13:36:04.829,-0.18,0.03,1.1,7.63,18.37,-59.2
2026-07-27 13:36:04.838,-0.22,0.11,1.1,9.7,8.85,-54.5
2026-07-27 13:36:04.842,-0.22,0.11,1.1,9.7,8.85,-54.5
2026-07-27 13:36:04.867,-0.27,0.14,1.13,5.86,-3.85,-42.54
2026-07-27 13:36:04.868,-0.27,0.14,1.13,5.86,-3.85,-42.54
2026-07-27 13:36:04.882,-0.34,0.11,1.17,0.98,-19.29,-23.93
2026-07-27 13:36:04.882,-0.34,0.11,1.17,0.98,-19.29,-23.93
2026-07-27 13:36:04.981,-0.4,0.06,1.17,2.5,-30.82,-0.55
2026-07-27 13:36:04.984,-0.42,0.03,1.02,7.75,-43.27,26.0
2026-07-27 13:36:04.998,-0.42,0.03,1.02,7.75,-43.27,26.0
2026-07-27 13:36:05.007,-0.41,-0.01,0.76,1.16,-66.04,56.58
2026-07-27 13:36:05.035,-0.41,-0.01,0.76,1.16,-66.04,56.58
2026-07-27 13:36:05.100,-0.39,-0.16,0.54,-23.07,-87.52,91.86
2026-07-27 13:36:05.100,-0.39,-0.16,0.54,-23.07,-87.52,91.86
2026-07-27 13:36:05.101,-0.38,-0.4,0.43,-48.52,-86.73,126.22
2026-07-27 13:36:05.101,-0.32,-0.67,0.47,-61.52,-57.31,150.88
2026-07-27 13:36:05.101,-0.32,-0.67,0.47,-61.52,-57.31,150.88
2026-07-27 13:36:05.392,-0.19,-0.88,0.64,-60.67,-10.5,157.78
2026-07-27 13:36:05.392,-0.19,-0.88,0.64,-60.67,-10.5,157.78
2026-07-27 13:36:05.418,-0.04,-0.97,0.8,-50.66,26.12,142.88
2026-07-27 13:36:05.545,-0.04,-0.97,0.8,-50.66,26.12,142.88
2026-07-27 13:36:06.839,0.07,-0.95,0.89,-42.79,34.91,112.3
2026-07-27 13:36:08.035,0.08,-0.87,0.94,-37.54,25.76,76.78
2026-07-27 13:36:08.054,0.08,-0.87,0.94,-37.54,25.76,76.78
2026-07-27 13:36:08.072,0.01,-0.72,0.98,-15.93,13.49,45.23
2026-07-27 13:36:08.072,0.01,-0.72,0.98,-15.93,13.49,45.23
2026-07-27 13:36:08.088,-0.07,-0.53,1.0,35.95,4.52,27.28
2026-07-27 13:36:08.088,-0.07,-0.53,1.0,35.95,4.52,27.28
2026-07-27 13:36:08.088,-0.07,-0.35,0.9,81.79,-7.63,25.94
2026-07-27 13:36:08.089,-0.07,-0.35,0.9,59.45,-26.98,24.66
2026-07-27 13:36:08.120,0.0,-0.23,0.72,59.45,-26.98,24.66
2026-07-27 13:36:08.144,0.06,-0.17,0.61,-6.9,-31.49,6.96
2026-07-27 13:36:08.172,0.06,-0.17,0.61,-6.9,-31.49,6.96
2026-07-27 13:36:08.194,0.05,-0.14,0.63,-43.58,-15.38,-11.35
2026-07-27 13:36:08.212,0.05,-0.14,0.63,-43.58,-15.38,-11.35
2026-07-27 13:36:08.215,0.04,-0.13,0.73,-41.14,-6.41,-7.45
2026-07-27 13:36:08.217,0.04,-0.13,0.73,-41.14,-6.41,-7.45
2026-07-27 13:36:08.218,0.06,-0.13,0.81,-34.24,-12.57,12.51
2026-07-27 13:36:08.219,0.06,-0.13,0.81,-53.53,-17.94,29.91
2026-07-27 13:36:08.220,0.05,-0.23,0.83,-53.53,-17.94,29.91
2026-07-27 13:36:08.221,-0.04,-0.41,0.94,-100.04,-8.3,33.39
2026-07-27 13:36:08.226,-0.04,-0.41,0.94,-100.04,-8.3,33.39
2026-07-27 13:36:08.226,-0.19,-0.6,1.05,-133.24,-3.36,30.33
2026-07-27 13:36:08.227,-0.19,-0.6,1.05,-133.24,-3.36,30.33
2026-07-27 13:36:08.227,-0.34,-0.8,1.0,-143.37,-25.15,32.71
2026-07-27 13:36:08.227,-0.34,-0.8,1.0,-143.37,-25.15,32.71
2026-07-27 13:36:08.227,-0.44,-0.99,0.83,-157.53,-56.27,34.36
2026-07-27 13:36:08.228,-0.47,-1.12,0.54,-173.4,-79.16,31.37
2026-07-27 13:36:08.228,-0.47,-1.12,0.54,-173.4,-79.16,31.37
2026-07-27 13:36:08.228,-0.49,-1.07,0.19,-176.82,-92.41,25.02
2026-07-27 13:36:08.228,-0.49,-1.07,0.19,-176.82,-92.41,25.02
2026-07-27 13:36:08.228,-0.39,-0.69,0.01,-155.09,-106.14,13.55
2026-07-27 13:36:08.232,-0.39,-0.69,0.01,-155.09,-106.14,13.55
2026-07-27 13:36:08.232,0.04,-0.1,0.02,-126.77,-120.48,5.74
2026-07-27 13:36:08.255,0.04,-0.1,0.02,-126.77,-120.48,5.74
2026-07-27 13:36:08.255,0.71,0.22,0.02,-123.6,-127.99,12.39
2026-07-27 13:36:08.258,1.08,0.14,0.03,-139.16,-142.03,10.38
2026-07-27 13:36:08.278,1.08,0.14,0.03,-139.16,-142.03,10.38
2026-07-27 13:36:08.278,0.83,-0.12,0.2,-145.94,-155.33,-16.3
2026-07-27 13:36:08.279,0.83,-0.12,0.2,-145.94,-155.33,-16.3
2026-07-27 13:36:08.280,0.2,-0.37,0.47,-139.16,-164.92,-47.79
2026-07-27 13:36:08.347,0.2,-0.37,0.47,-139.16,-164.92,-47.79
2026-07-27 13:36:08.353,-0.28,-0.81,0.57,-121.7,-192.93,-61.34
2026-07-27 13:36:08.353,-0.28,-0.81,0.57,-106.99,-226.2,-51.76
2026-07-27 13:36:08.353,-0.34,-1.54,0.63,-106.99,-226.2,-51.76
2026-07-27 13:36:08.353,-0.26,-1.93,0.61,-70.19,-255.98,-53.65
2026-07-27 13:36:08.353,-0.26,-1.93,0.61,-70.19,-255.98,-53.65
2026-07-27 13:36:08.353,-0.16,-1.91,0.33,-27.22,-292.24,-95.46
2026-07-27 13:36:08.353,-0.16,-1.91,0.33,-27.22,-292.24,-95.46
2026-07-27 13:36:08.353,-0.07,-1.68,0.25,12.76,-275.27,-169.19
2026-07-27 13:36:08.353,-0.07,-1.68,0.25,12.76,-275.27,-169.19
2026-07-27 13:36:08.353,0.2,-1.76,0.36,85.82,-221.07,-233.95
2026-07-27 13:36:08.354,0.26,-1.76,0.47,134.34,-183.84,-278.75
2026-07-27 13:36:08.462,0.26,-1.76,0.47,134.34,-183.84,-278.75
2026-07-27 13:36:08.466,0.23,-0.91,0.37,146.85,-126.16,-304.57
2026-07-27 13:36:08.466,0.23,-0.91,0.37,146.85,-126.16,-304.57
2026-07-27 13:36:08.466,0.71,-0.01,0.12,143.13,-43.82,-226.87
2026-07-27 13:36:08.466,0.71,-0.01,0.12,143.13,-43.82,-226.87
2026-07-27 13:36:08.466,1.02,0.02,-0.12,114.38,1.28,-29.79
2026-07-27 13:36:08.468,0.67,-0.67,0.12,70.92,17.52,138.55
2026-07-27 13:36:08.468,0.67,-0.67,0.12,70.92,17.52,138.55
2026-07-27 13:36:08.468,0.02,-1.37,0.65,31.07,43.82,157.71
2026-07-27 13:36:08.468,0.02,-1.37,0.65,31.07,43.82,157.71
2026-07-27 13:36:08.468,0.03,-2.09,1.79,-27.47,236.57,280.03
2026-07-27 13:36:08.468,0.17,-1.78,1.6,69.34,210.63,248.41
2026-07-27 13:36:08.468,0.17,-1.78,1.6,69.34,210.63,248.41
2026-07-27 13:36:08.468,0.36,-1.12,1.07,147.46,143.07,189.45
2026-07-27 13:36:08.469,0.36,-1.12,1.07,147.46,143.07,189.45
2026-07-27 13:36:08.470,0.61,-0.94,0.63,165.1,70.68,133.06
2026-07-27 13:36:08.470,0.61,-0.94,0.63,165.1,70.68,133.06
2026-07-27 13:36:08.470,0.77,-1.15,0.26,125.79,2.01,71.96
2026-07-27 13:36:08.470,0.61,-1.33,0.03,84.59,-56.46,4.33
2026-07-27 13:36:08.472,0.61,-1.33,0.03,84.59,-56.46,4.33
2026-07-27 13:36:08.473,0.21,-1.3,-0.17,65.49,-114.26,-49.99
2026-07-27 13:36:08.473,0.21,-1.3,-0.17,65.49,-114.26,-49.99
2026-07-27 13:36:08.474,-0.21,-1.27,-0.54,44.37,-171.51,-80.08
2026-07-27 13:36:08.474,-0.21,-1.27,-0.54,44.37,-171.51,-80.08
2026-07-27 13:36:08.475,-0.52,-1.42,-0.89,13.73,-192.02,-104.98
2026-07-27 13:36:08.486,-0.64,-1.37,-0.83,5.37,-143.49,-123.9
2026-07-27 13:36:08.486,-0.64,-1.37,-0.83,5.37,-143.49,-123.9
2026-07-27 13:36:08.486,-0.46,-0.93,-0.41,24.05,-62.87,-111.15
2026-07-27 13:36:08.486,-0.46,-0.93,-0.41,24.05,-62.87,-111.15
2026-07-27 13:36:08.487,-0.11,-0.36,-0.09,42.05,-21.91,-74.89
2026-07-27 13:36:08.487,-0.11,-0.36,-0.09,42.05,-21.91,-74.89
2026-07-27 13:36:08.487,0.09,-0.1,0.02,46.51,-26.92,-40.83
2026-07-27 13:36:08.487,-0.01,-0.31,0.08,30.4,-36.68,-9.16
2026-07-27 13:36:08.487,-0.01,-0.31,0.08,30.4,-36.68,-9.16
2026-07-27 13:36:08.487,-0.24,-0.66,0.1,3.97,-45.23,28.02
2026-07-27 13:36:08.821,-0.24,-0.66,0.1,3.97,-45.23,28.02
2026-07-27 13:36:08.858,-0.39,-0.9,0.03,-22.03,-78.25,61.46
2026-07-27 13:36:08.858,-0.39,-0.9,0.03,-22.03,-78.25,61.46
2026-07-27 13:36:08.858,-0.4,-1.09,-0.1,-45.65,-129.03,74.95
2026-07-27 13:36:08.858,-0.32,-1.26,-0.23,-57.8,-160.16,67.14
2026-07-27 13:36:08.858,-0.32,-1.26,-0.23,-57.8,-160.16,67.14
2026-07-27 13:36:08.858,-0.2,-1.43,-0.31,-55.85,-144.9,49.19
2026-07-27 13:36:08.859,-0.2,-1.43,-0.31,-55.85,-144.9,49.19
2026-07-27 13:36:08.859,-0.09,-1.48,-0.24,-34.85,-87.1,23.8
2026-07-27 13:36:08.859,-0.09,-1.48,-0.24,-34.85,-87.1,23.8
2026-07-27 13:36:08.859,0.0,-1.27,-0.05,14.1,-22.28,-11.96
2026-07-27 13:36:08.887,0.05,-0.88,0.09,66.89,11.11,-51.45
2026-07-27 13:36:08.887,0.05,-0.88,0.09,66.89,11.11,-51.45
2026-07-27 13:36:08.888,0.05,-0.42,0.16,94.91,10.07,-72.88
2026-07-27 13:36:08.889,0.05,-0.42,0.16,94.91,10.07,-72.88
2026-07-27 13:36:09.019,-0.07,-0.14,0.26,92.65,5.25,-55.42
2026-07-27 13:36:09.020,-0.07,-0.14,0.26,60.06,1.22,-4.88
2026-07-27 13:36:09.036,-0.3,-0.27,0.31,60.06,1.22,-4.88
2026-07-27 13:36:09.140,-0.55,-0.68,0.15,6.47,-30.46,50.48
2026-07-27 13:36:09.149,-0.55,-0.68,0.15,6.47,-30.46,50.48
2026-07-27 13:36:09.149,-0.69,-1.26,-0.22,-54.26,-83.07,83.92
2026-07-27 13:36:09.149,-0.69,-1.26,-0.22,-54.26,-83.07,83.92
2026-07-27 13:36:09.149,-0.6,-1.83,-0.51,-99.61,-93.99,86.43
2026-07-27 13:36:09.149,-0.6,-1.83,-0.51,-99.61,-93.99,86.43
2026-07-27 13:36:09.149,-0.31,-2.0,-0.45,-99.24,-30.82,63.42
2026-07-27 13:36:09.149,0.0,-1.64,-0.2,-54.63,68.18,21.91
2026-07-27 13:36:09.149,0.0,-1.64,-0.2,-54.63,68.18,21.91
2026-07-27 13:36:09.149,0.16,-1.01,0.11,0.55,141.05,-27.47
2026-07-27 13:36:09.250,0.16,-1.01,0.11,0.55,141.05,-27.47
2026-07-27 13:36:09.251,0.22,-0.35,0.44,41.75,153.02,-61.4
2026-07-27 13:36:09.252,0.22,-0.35,0.44,41.75,153.02,-61.4
2026-07-27 13:36:09.260,0.24,0.14,0.77,78.86,130.74,-53.47
2026-07-27 13:36:09.260,0.24,0.14,0.77,102.6,108.95,0.98
2026-07-27 13:36:09.364,0.04,0.03,1.03,102.6,108.95,0.98
2026-07-27 13:36:09.379,-0.35,-0.71,0.99,56.4,46.69,76.05
2026-07-27 13:36:09.508,-0.35,-0.71,0.99,56.4,46.69,76.05
2026-07-27 13:36:09.509,-0.55,-1.39,0.53,-81.97,-129.52,122.99
2026-07-27 13:36:09.520,-0.55,-1.39,0.53,-81.97,-129.52,122.99
2026-07-27 13:36:09.520,-0.42,-1.61,-0.07,-213.32,-347.96,113.4
2026-07-27 13:36:09.520,-0.25,-1.44,-0.38,-221.68,-434.45,60.18
2026-07-27 13:36:09.520,-0.25,-1.44,-0.38,-221.68,-434.45,60.18
2026-07-27 13:36:09.543,-0.36,-1.17,-0.23,-122.01,-327.51,-14.7
2026-07-27 13:36:09.576,-0.36,-1.17,-0.23,-122.01,-327.51,-14.7
2026-07-27 13:36:09.576,-0.66,-1.0,0.11,2.87,-135.13,-93.02
2026-07-27 13:36:09.808,-0.66,-1.0,0.11,2.87,-135.13,-93.02
2026-07-27 13:36:09.808,-0.82,-0.89,0.38,107.42,-14.53,-140.81
2026-07-27 13:36:09.825,-0.73,-0.81,0.48,188.84,-0.43,-123.6
2026-07-27 13:36:09.826,-0.73,-0.81,0.48,188.84,-0.43,-123.6
2026-07-27 13:36:09.826,-0.54,-0.89,0.39,228.39,-34.97,-63.23
2026-07-27 13:36:09.826,-0.54,-0.89,0.39,228.39,-34.97,-63.23
2026-07-27 13:36:09.826,-0.34,-1.06,0.18,208.86,-80.14,-13.79
2026-07-27 13:36:09.826,-0.34,-1.06,0.18,208.86,-80.14,-13.79
2026-07-27 13:36:09.826,-0.17,-1.14,-0.03,159.42,-101.38,4.94
2026-07-27 13:36:09.838,-0.01,-0.95,-0.19,125.12,-74.77,5.37
2026-07-27 13:36:09.838,-0.01,-0.95,-0.19,125.12,-74.77,5.37
2026-07-27 13:36:09.839,0.13,-0.55,-0.18,107.42,-31.07,5.43
2026-07-27 13:36:09.991,0.13,-0.55,-0.18,107.42,-31.07,5.43
2026-07-27 13:36:10.037,0.21,-0.26,0.0,81.91,-7.08,14.53
2026-07-27 13:36:10.092,0.21,-0.26,0.0,81.91,-7.08,14.53
2026-07-27 13:36:10.092,0.18,-0.19,0.13,46.57,-7.02,32.59
2026-07-27 13:36:10.204,0.18,-0.19,0.13,46.57,-7.02,32.59
2026-07-27 13:36:10.207,-0.02,-0.4,0.2,2.62,-4.03,53.28
2026-07-27 13:36:10.259,-0.43,-1.0,0.53,-46.63,36.07,60.97
2026-07-27 13:36:10.260,-0.43,-1.0,0.53,-46.63,36.07,60.97
2026-07-27 13:36:10.261,-1.04,-1.54,1.16,-70.31,113.83,28.93
2026-07-27 13:36:10.262,-1.04,-1.54,1.16,-70.31,113.83,28.93
2026-07-27 13:36:10.263,-1.42,-1.4,1.59,-39.0,183.29,-27.1
2026-07-27 13:36:10.264,-1.42,-1.4,1.59,-39.0,183.29,-27.1
2026-07-27 13:36:10.264,-1.08,-0.79,1.37,22.09,181.15,-46.57
2026-07-27 13:36:10.265,-0.29,-0.39,0.75,47.49,110.17,-22.64
2026-07-27 13:36:10.265,-0.29,-0.39,0.75,47.49,110.17,-22.64
2026-07-27 13:36:10.266,0.37,-0.26,0.31,30.88,55.48,-7.57
2026-07-27 13:36:10.266,0.37,-0.26,0.31,30.88,55.48,-7.57
2026-07-27 13:36:10.267,0.55,-0.05,0.34,35.46,89.54,-29.36
2026-07-27 13:36:10.268,0.55,-0.05,0.34,35.46,89.54,-29.36
2026-07-27 13:36:10.268,0.33,0.18,0.79,60.55,168.52,-48.03
2026-07-27 13:36:10.269,0.33,0.18,0.79,16.97,164.55,-8.06
2026-07-27 13:36:10.269,-0.03,-0.06,1.32,16.97,164.55,-8.06
2026-07-27 13:36:10.319,-0.37,-0.91,1.5,-113.34,32.65,78.25
2026-07-27 13:36:10.319,-0.37,-0.91,1.5,-113.34,32.65,78.25
2026-07-27 13:36:10.599,-0.58,-1.78,1.35,-213.38,-125.61,135.86
2026-07-27 13:36:10.607,-0.58,-1.78,1.35,-213.38,-125.61,135.86
2026-07-27 13:36:10.607,-0.66,-1.96,0.96,-192.57,-200.99,114.26
2026-07-27 13:36:10.607,-0.66,-1.96,0.96,-192.57,-200.99,114.26
2026-07-27 13:36:10.608,-0.66,-1.96,0.96,-192.57,-200.99,114.26
2026-07-27 13:36:10.610,-0.66,-1.96,0.96,-192.57,-200.99,114.26
2026-07-27 13:36:10.610,-0.45,-0.4,0.22,21.91,-125.43,-35.03
2026-07-27 13:36:10.610,-0.28,0.2,0.16,55.85,-64.64,-36.74
2026-07-27 13:36:10.611,-0.28,0.2,0.16,55.85,-64.64,-36.74
2026-07-27 13:36:10.611,-0.13,0.18,0.05,16.36,-62.5,22.16
2026-07-27 13:36:10.611,-0.13,0.18,0.05,16.36,-62.5,22.16
2026-07-27 13:36:11.227,-0.07,-0.21,-0.02,-40.34,-88.62,80.63
2026-07-27 13:36:11.233,-0.07,-0.21,-0.02,-40.34,-88.62,80.63
2026-07-27 13:36:11.346,-0.27,-0.67,0.04,-63.96,-87.83,93.87
2026-07-27 13:36:11.353,-0.72,-1.09,0.26,-55.97,-45.78,67.08
2026-07-27 13:36:11.902,-0.72,-1.09,0.26,-55.97,-45.78,67.08
2026-07-27 13:36:11.914,-1.05,-1.23,0.66,-31.37,26.37,31.07
2026-07-27 13:36:11.914,-1.05,-1.23,0.66,-31.37,26.37,31.07
2026-07-27 13:36:11.914,-0.86,-1.0,0.93,8.36,91.8,13.67
2026-07-27 13:36:11.914,-0.86,-1.0,0.93,8.36,91.8,13.67
2026-07-27 13:36:11.914,-0.31,-0.66,0.96,38.27,115.6,25.45
2026-07-27 13:36:11.914,-0.31,-0.66,0.96,38.27,115.6,25.45
2026-07-27 13:36:12.732,0.06,-0.4,0.84,28.63,90.09,49.99
2026-07-27 13:36:12.733,-0.05,-0.25,0.62,-14.16,12.76,67.75
2026-07-27 13:36:12.737,-0.05,-0.25,0.62,-14.16,12.76,67.75
2026-07-27 13:36:12.738,-0.41,-0.23,0.43,-64.15,-85.14,76.29
2026-07-27 13:36:12.738,-0.41,-0.23,0.43,-64.15,-85.14,76.29
2026-07-27 13:36:12.741,-0.6,-0.44,0.36,-98.14,-150.51,88.75
2026-07-27 13:36:12.741,-0.56,-0.77,0.42,-107.42,-160.83,100.83
2026-07-27 13:36:12.741,-0.56,-0.77,0.42,-107.42,-160.83,100.83
2026-07-27 13:36:12.742,-0.54,-0.9,0.5,-88.38,-124.88,82.95
2026-07-27 13:36:12.742,-0.54,-0.9,0.5,-88.38,-124.88,82.95
2026-07-27 13:36:12.742,-0.59,-0.93,0.59,-50.05,-65.12,47.73
2026-07-27 13:36:12.745,-0.59,-0.93,0.59,-50.05,-65.12,47.73
2026-07-27 13:36:12.746,-0.57,-1.05,0.51,-26.73,-31.31,35.1
2026-07-27 13:36:12.746,-0.4,-1.14,0.41,-25.76,-27.89,32.04
2026-07-27 13:36:12.858,-0.4,-1.14,0.41,-25.76,-27.89,32.04
2026-07-27 13:36:12.882,-0.27,-1.09,0.55,-19.71,-6.35,8.67
2026-07-27 13:36:12.890,-0.27,-1.09,0.55,-19.71,-6.35,8.67
2026-07-27 13:36:12.894,-0.21,-0.99,0.76,-0.43,20.57,-21.55
2026-07-27 13:36:12.897,-0.21,-0.99,0.76,-0.43,20.57,-21.55
2026-07-27 13:36:12.911,-0.24,-0.83,0.82,17.94,22.52,-42.6
2026-07-27 13:36:12.915,-0.24,-0.83,0.82,17.94,22.52,-42.6
2026-07-27 13:36:12.916,-0.3,-0.74,0.69,10.13,-6.77,-44.25
2026-07-27 13:36:12.926,-0.29,-0.76,0.53,-15.38,-40.16,-28.81
2026-07-27 13:36:12.933,-0.29,-0.76,0.53,-15.38,-40.16,-28.81
2026-07-27 13:36:12.933,-0.3,-0.74,0.37,-29.05,-42.6,-29.36
2026-07-27 13:36:12.944,-0.3,-0.74,0.37,-29.05,-42.6,-29.36
2026-07-27 13:36:12.944,-0.35,-0.68,0.27,-50.9,-13.43,-64.09
2026-07-27 13:36:12.944,-0.35,-0.68,0.27,-50.9,-13.43,-64.09
2026-07-27 13:36:12.945,-0.28,-0.73,0.28,-76.48,36.01,-101.5
2026-07-27 13:36:12.945,-0.28,-0.73,0.28,-76.48,36.01,-101.5
2026-07-27 13:36:12.945,-0.14,-0.85,0.27,-54.32,65.67,-101.68
2026-07-27 13:36:12.945,-0.07,-0.88,0.26,10.99,65.43,-76.48
2026-07-27 13:36:12.945,-0.07,-0.88,0.26,10.99,65.43,-76.48
2026-07-27 13:36:12.945,-0.02,-0.87,0.34,63.23,67.57,-51.94
2026-07-27 13:36:12.945,-0.02,-0.87,0.34,63.23,67.57,-51.94
2026-07-27 13:36:12.945,0.1,-0.93,0.48,77.76,72.14,-37.66
2026-07-27 13:36:12.947,0.1,-0.93,0.48,77.76,72.14,-37.66
2026-07-27 13:36:12.947,0.05,-0.93,0.61,76.29,65.55,-43.58
2026-07-27 13:36:12.952,0.05,-0.93,0.61,76.29,65.55,-43.58
2026-07-27 13:36:12.953,-0.15,-0.97,0.66,70.19,38.94,-60.24
2026-07-27 13:36:12.953,-0.21,-1.1,0.68,57.43,3.05,-66.65
2026-07-27 13:36:12.953,-0.21,-1.1,0.68,57.43,3.05,-66.65
2026-07-27 13:36:12.953,-0.16,-1.07,0.61,46.81,-21.42,-71.53
2026-07-27 13:36:12.962,-0.16,-1.07,0.61,46.81,-21.42,-71.53
2026-07-27 13:36:12.963,-0.14,-0.86,0.51,37.54,-33.39,-83.8
2026-07-27 13:36:12.963,-0.14,-0.86,0.51,37.54,-33.39,-83.8
2026-07-27 13:36:12.963,-0.17,-0.68,0.45,25.39,-32.71,-89.29
2026-07-27 13:36:12.963,-0.17,-0.68,0.45,25.39,-32.71,-89.29
2026-07-27 13:36:12.963,-0.2,-0.63,0.51,12.33,-13.92,-80.51
2026-07-27 13:36:12.963,-0.2,-0.65,0.68,3.42,17.94,-62.81
2026-07-27 13:36:12.963,-0.2,-0.65,0.68,3.42,17.94,-62.81
2026-07-27 13:36:12.963,-0.16,-0.68,0.83,2.87,42.42,-44.98
2026-07-27 13:36:12.963,-0.16,-0.68,0.83,2.87,42.42,-44.98
2026-07-27 13:36:12.963,-0.09,-0.67,0.84,6.47,34.79,-34.06
2026-07-27 13:36:12.963,-0.09,-0.67,0.84,6.47,34.79,-34.06
2026-07-27 13:36:12.963,-0.04,-0.63,0.76,10.25,6.53,-32.04
2026-07-27 13:36:12.963,-0.04,-0.63,0.76,10.25,6.53,-32.04
2026-07-27 13:36:12.964,-0.03,-0.59,0.69,14.65,-8.91,-34.36
2026-07-27 13:36:12.964,-0.03,-0.59,0.69,14.65,-8.91,-34.36
2026-07-27 13:36:12.964,-0.03,-0.58,0.67,18.49,-3.97,-36.62
2026-07-27 13:36:12.964,-0.02,-0.59,0.7,21.0,9.95,-36.38
2026-07-27 13:36:12.964,-0.02,-0.59,0.7,21.0,9.95,-36.38
2026-07-27 13:36:12.964,0.29,-0.47,0.7,20.57,32.35,2.69
2026-07-27 13:36:12.965,0.29,-0.47,0.7,20.57,32.35,2.69
2026-07-27 13:36:12.965,0.26,-0.43,0.75,29.11,35.77,18.01
2026-07-27 13:36:12.965,0.26,-0.43,0.75,29.11,35.77,18.01
2026-07-27 13:36:12.966,0.28,-0.41,0.82,37.78,31.56,35.22
2026-07-27 13:36:12.966,0.34,-0.41,0.9,49.99,26.49,54.63
2026-07-27 13:36:12.967,0.34,-0.41,0.9,49.99,26.49,54.63
2026-07-27 13:36:12.968,0.42,-0.41,1.0,59.75,23.38,63.66
2026-07-27 13:36:13.329,0.42,-0.41,1.0,59.75,23.38,63.66
2026-07-27 13:36:13.330,0.43,-0.37,1.13,58.23,17.03,52.49
2026-07-27 13:36:13.331,0.33,-0.34,1.2,48.77,3.72,34.61
2026-07-27 13:36:13.427,0.33,-0.34,1.2,48.77,3.72,34.61
2026-07-27 13:36:13.427,0.16,-0.37,1.19,30.82,-17.58,22.34
2026-07-27 13:36:13.453,0.16,-0.37,1.19,30.82,-17.58,22.34
2026-07-27 13:36:13.453,-0.01,-0.46,1.17,11.05,-34.85,17.21
2026-07-27 13:36:13.453,-0.01,-0.46,1.17,11.05,-34.85,17.21
2026-07-27 13:36:13.453,-0.1,-0.5,1.12,7.57,-49.19,13.06
2026-07-27 13:36:13.453,-0.1,-0.5,1.12,14.59,-67.57,6.77
2026-07-27 13:36:13.453,-0.1,-0.44,1.06,14.59,-67.57,6.77
2026-07-27 13:36:13.453,-0.09,-0.37,1.11,20.14,-69.52,5.07
2026-07-27 13:36:13.453,-0.09,-0.37,1.11,20.14,-69.52,5.07
2026-07-27 13:36:13.453,-0.1,-0.38,1.14,21.42,-60.79,10.62
2026-07-27 13:36:13.454,-0.1,-0.38,1.14,21.42,-60.79,10.62
2026-07-27 13:36:13.454,-0.16,-0.38,1.13,14.59,-59.45,11.05
2026-07-27 13:36:13.454,-0.16,-0.38,1.13,14.59,-59.45,11.05
2026-07-27 13:36:13.454,-0.22,-0.34,1.1,6.16,-57.43,3.54
2026-07-27 13:36:13.585,-0.22,-0.34,1.1,6.16,-57.43,3.54
2026-07-27 13:36:13.595,-0.22,-0.35,0.96,2.14,-52.43,-0.37
2026-07-27 13:36:13.595,-0.14,-0.38,0.82,4.09,-41.63,-1.95
2026-07-27 13:36:13.595,-0.14,-0.38,0.82,4.09,-41.63,-1.95
2026-07-27 13:36:13.595,-0.03,-0.39,0.69,19.35,-26.25,-4.27
2026-07-27 13:36:13.595,-0.03,-0.39,0.69,19.35,-26.25,-4.27
2026-07-27 13:36:13.595,0.08,-0.36,0.61,40.1,-18.92,-6.41
2026-07-27 13:36:13.595,0.08,-0.36,0.61,40.1,-18.92,-6.41
2026-07-27 13:36:13.595,0.17,-0.32,0.55,49.93,-23.32,-8.06
2026-07-27 13:36:13.595,0.24,-0.3,0.55,46.45,-27.59,-8.79
2026-07-27 13:36:13.595,0.24,-0.3,0.55,46.45,-27.59,-8.79
2026-07-27 13:36:13.619,0.33,-0.29,0.61,28.2,-23.99,-12.57
2026-07-27 13:36:13.628,0.33,-0.29,0.61,28.2,-23.99,-12.57
2026-07-27 13:36:13.628,0.4,-0.24,0.73,2.38,-15.99,-17.58
2026-07-27 13:36:13.681,0.4,-0.24,0.73,2.38,-15.99,-17.58
2026-07-27 13:36:13.681,0.39,-0.16,0.9,-14.71,-0.06,-17.15
2026-07-27 13:36:13.682,0.39,-0.16,0.9,-14.71,-0.06,-17.15
2026-07-27 13:36:13.891,0.3,-0.13,1.05,-27.4,16.42,-14.89
2026-07-27 13:36:13.908,0.16,-0.18,1.08,-48.03,12.51,-23.99
2026-07-27 13:36:13.908,0.16,-0.18,1.08,-48.03,12.51,-23.99
2026-07-27 13:36:13.908,0.11,-0.28,1.04,-70.68,-12.57,-43.64
2026-07-27 13:36:13.909,0.11,-0.28,1.04,-70.68,-12.57,-43.64
2026-07-27 13:36:13.909,0.28,-0.45,0.95,-88.07,-34.55,-64.88
2026-07-27 13:36:13.909,0.28,-0.45,0.95,-88.07,-34.55,-64.88
2026-07-27 13:36:13.931,0.56,-0.58,0.75,-127.5,-28.44,-97.6
2026-07-27 13:36:14.241,0.68,-0.62,0.6,-193.18,17.82,-141.91
2026-07-27 13:36:14.242,0.68,-0.62,0.6,-193.18,17.82,-141.91
2026-07-27 13:36:14.255,0.6,-0.61,0.69,-222.29,92.41,-174.26
2026-07-27 13:36:14.256,0.6,-0.61,0.69,-222.29,92.41,-174.26
2026-07-27 13:36:14.256,0.49,-0.56,0.79,-176.27,126.71,-182.92
2026-07-27 13:36:14.256,0.49,-0.56,0.79,-176.27,126.71,-182.92
2026-07-27 13:36:14.256,0.41,-0.57,0.75,-106.87,99.67,-173.28
2026-07-27 13:36:14.256,0.33,-0.62,0.65,-59.63,67.57,-147.09
2026-07-27 13:36:14.256,0.33,-0.62,0.65,-59.63,67.57,-147.09
2026-07-27 13:36:14.256,0.28,-0.58,0.57,-23.32,54.26,-103.88
2026-07-27 13:36:14.258,0.28,-0.58,0.57,-23.32,54.26,-103.88
2026-07-27 13:36:14.259,0.25,-0.45,0.58,11.78,53.04,-52.19
2026-07-27 13:36:14.260,0.25,-0.45,0.58,11.78,53.04,-52.19
2026-07-27 13:36:14.260,0.24,-0.31,0.61,36.13,48.4,-8.06
2026-07-27 13:36:14.260,0.22,-0.27,0.64,38.88,32.71,21.0
2026-07-27 13:36:14.588,0.22,-0.27,0.64,38.88,32.71,21.0
2026-07-27 13:36:14.591,0.22,-0.31,0.7,39.55,12.08,44.49
2026-07-27 13:36:14.591,0.22,-0.31,0.7,39.55,12.08,44.49
2026-07-27 13:36:14.591,0.26,-0.34,0.79,63.05,-4.39,76.35
2026-07-27 13:36:14.591,0.26,-0.34,0.79,63.05,-4.39,76.35
2026-07-27 13:36:14.591,0.31,-0.33,0.88,91.61,-11.05,101.26
2026-07-27 13:36:14.592,0.31,-0.33,0.88,97.47,-6.96,104.06
2026-07-27 13:36:14.592,0.32,-0.32,0.95,97.47,-6.96,104.06
2026-07-27 13:36:14.592,0.28,-0.35,0.95,93.44,-1.22,102.23
2026-07-27 13:36:14.592,0.28,-0.35,0.95,93.44,-1.22,102.23
2026-07-27 13:36:14.592,0.18,-0.39,0.94,84.72,0.73,96.86
2026-07-27 13:36:14.592,0.18,-0.39,0.94,84.72,0.73,96.86
2026-07-27 13:36:14.592,0.03,-0.42,1.03,71.96,5.13,77.7
2026-07-27 13:36:14.592,0.03,-0.42,1.03,71.96,5.13,77.7
2026-07-27 13:36:14.592,-0.11,-0.4,1.19,77.51,7.02,56.46
2026-07-27 13:36:14.592,-0.15,-0.4,1.27,82.76,4.15,45.9
2026-07-27 13:36:15.082,-0.15,-0.4,1.27,82.76,4.15,45.9
2026-07-27 13:36:15.089,-0.16,-0.38,1.24,63.66,8.3,39.0
2026-07-27 13:36:15.094,-0.16,-0.38,1.24,63.66,8.3,39.0
2026-07-27 13:36:15.135,-0.1,-0.28,1.1,43.46,-2.38,37.78
2026-07-27 13:36:15.135,-0.1,-0.28,1.1,43.46,-2.38,37.78
2026-07-27 13:36:15.139,0.08,-0.22,0.85,36.8,-40.28,53.65
2026-07-27 13:36:15.142,0.08,-0.22,0.85,36.8,-40.28,53.65
2026-07-27 13:36:15.145,0.24,-0.2,0.64,35.34,-66.47,68.24
2026-07-27 13:36:15.145,0.25,-0.19,0.48,28.08,-52.8,64.45
2026-07-27 13:36:15.145,0.25,-0.19,0.48,28.08,-52.8,64.45
2026-07-27 13:36:15.146,0.13,-0.24,0.38,7.93,-1.34,50.29
2026-07-27 13:36:15.146,0.13,-0.24,0.38,7.93,-1.34,50.29
2026-07-27 13:36:15.146,-0.08,-0.41,0.44,-20.51,79.16,26.98
2026-07-27 13:36:15.791,-0.19,-0.52,1.03,-56.88,149.9,1.34
2026-07-27 13:36:15.791,-0.19,-0.52,1.03,-56.88,149.9,1.34
2026-07-27 13:36:15.808,0.03,-0.71,1.16,-87.71,128.54,-6.71
2026-07-27 13:36:15.808,0.03,-0.71,1.16,-87.71,128.54,-6.71
2026-07-27 13:36:15.808,0.25,-1.16,0.38,-114.01,28.02,-11.29
2026-07-27 13:36:15.809,0.25,-1.16,0.38,-114.01,28.02,-11.29
2026-07-27 13:36:15.809,0.07,-1.29,0.06,-125.98,-12.08,-42.05
2026-07-27 13:36:15.810,0.07,-1.29,0.06,-125.98,-12.08,-42.05
2026-07-27 13:36:15.810,-0.24,-1.07,0.39,-121.95,46.45,-86.3
2026-07-27 13:36:15.810,-0.35,-0.89,0.79,-144.47,116.52,-114.26
2026-07-27 13:36:16.090,-0.35,-0.89,0.79,-144.47,116.52,-114.26
2026-07-27 13:36:16.094,-0.4,-0.83,1.04,-136.17,174.68,-117.55
2026-07-27 13:36:16.154,-0.4,-0.83,1.04,-136.17,174.68,-117.55
2026-07-27 13:36:16.154,-0.5,-0.71,1.06,-69.15,256.1,-123.66
2026-07-27 13:36:16.154,-0.5,-0.71,1.06,-11.17,301.15,-152.34
2026-07-27 13:36:16.154,-0.53,-0.53,0.64,-11.17,301.15,-152.34
2026-07-27 13:36:16.154,-0.63,-0.57,0.48,-20.26,271.97,-176.7
2026-07-27 13:36:16.154,-0.63,-0.57,0.48,-20.26,271.97,-176.7
2026-07-27 13:36:16.155,-0.78,-0.72,1.06,-105.04,236.08,-170.96
2026-07-27 13:36:16.155,-0.78,-0.72,1.06,-105.04,236.08,-170.96
2026-07-27 13:36:16.155,-0.64,-0.81,1.58,-162.78,195.13,-132.26
2026-07-27 13:36:16.155,-0.34,-0.92,1.61,-103.88,124.45,-79.65
2026-07-27 13:36:16.155,-0.34,-0.92,1.61,-103.88,124.45,-79.65
2026-07-27 13:36:16.302,-0.18,-1.04,1.29,28.44,39.98,-36.44
2026-07-27 13:36:16.302,-0.18,-1.04,1.29,28.44,39.98,-36.44
2026-07-27 13:36:16.305,-0.14,-1.09,1.0,149.84,-25.15,-2.38
2026-07-27 13:36:16.305,-0.14,-1.09,1.0,149.84,-25.15,-2.38
2026-07-27 13:36:16.379,-0.12,-0.96,0.85,259.16,-46.63,32.29
2026-07-27 13:36:16.715,-0.12,-0.96,0.85,259.16,-46.63,32.29
2026-07-27 13:36:16.716,-0.1,-0.65,0.78,338.13,-40.22,55.6
2026-07-27 13:36:16.716,-0.08,-0.33,0.81,318.24,-26.67,47.36
2026-07-27 13:36:16.716,-0.08,-0.33,0.81,318.24,-26.67,47.36
2026-07-27 13:36:16.736,-0.09,-0.11,0.89,237.24,-13.67,14.47
2026-07-27 13:36:16.774,-0.09,-0.11,0.89,237.24,-13.67,14.47
2026-07-27 13:36:16.774,-0.14,0.07,0.91,159.24,-6.84,-27.71
2026-07-27 13:36:16.775,-0.14,0.07,0.91,159.24,-6.84,-27.71
2026-07-27 13:36:16.775,-0.22,0.24,0.85,105.59,-2.14,-64.64
2026-07-27 13:36:16.775,-0.22,0.24,0.85,105.59,-2.14,-64.64
2026-07-27 13:36:16.775,-0.27,0.35,0.8,87.77,4.58,-76.17
2026-07-27 13:36:16.775,-0.29,0.36,0.87,78.55,5.68,-60.67
2026-07-27 13:36:16.775,-0.29,0.36,0.87,78.55,5.68,-60.67
2026-07-27 13:36:16.775,-0.32,0.3,1.01,65.19,1.16,-35.16
2026-07-27 13:36:16.775,-0.32,0.3,1.01,65.19,1.16,-35.16
2026-07-27 13:36:16.775,-0.32,0.23,1.07,58.17,-4.52,-13.06
2026-07-27 13:36:16.775,-0.32,0.23,1.07,58.17,-4.52,-13.06
2026-07-27 13:36:16.776,-0.29,0.22,1.02,60.91,-12.02,1.65
2026-07-27 13:36:16.776,-0.29,0.22,1.02,60.91,-12.02,1.65
2026-07-27 13:36:16.776,-0.25,0.26,0.96,66.53,-16.42,8.36
2026-07-27 13:36:16.776,-0.25,0.26,0.96,66.53,-16.42,8.36
2026-07-27 13:36:16.776,-0.25,0.26,0.96,66.53,-16.42,8.36
2026-07-27 13:36:16.783,-0.25,0.26,0.96,66.53,-16.42,8.36
2026-07-27 13:36:16.784,-0.26,0.36,0.93,61.58,-12.27,13.73
2026-07-27 13:36:16.784,-0.26,0.36,0.93,61.58,-12.27,13.73
2026-07-27 13:36:16.784,-0.28,0.41,0.97,47.55,-10.5,25.51
2026-07-27 13:36:16.784,-0.26,0.43,0.97,31.37,-12.7,44.49
2026-07-27 13:36:16.784,-0.26,0.43,0.97,31.37,-12.7,44.49
2026-07-27 13:36:16.784,-0.2,0.36,0.92,11.17,-18.49,68.42
2026-07-27 13:36:16.784,-0.2,0.36,0.92,11.17,-18.49,68.42
2026-07-27 13:36:16.784,-0.12,0.26,0.86,-3.85,-23.62,90.33
2026-07-27 13:36:16.784,-0.12,0.26,0.86,-3.85,-23.62,90.33
2026-07-27 13:36:16.785,-0.06,0.23,0.82,2.81,-21.55,100.34
2026-07-27 13:36:16.795,-0.06,0.23,0.82,2.81,-21.55,100.34
2026-07-27 13:36:16.796,0.0,0.3,0.82,22.16,-13.98,98.33
2026-07-27 13:36:16.796,0.05,0.33,0.83,18.19,-5.13,93.32
2026-07-27 13:36:16.807,0.05,0.33,0.83,18.19,-5.13,93.32
2026-07-27 13:36:16.807,0.05,0.24,0.83,-24.05,2.81,87.46
2026-07-27 13:36:16.808,0.05,0.24,0.83,-24.05,2.81,87.46
2026-07-27 13:36:16.809,0.02,0.18,0.78,-60.79,9.09,77.51
2026-07-27 13:36:16.809,0.02,0.18,0.78,-60.79,9.09,77.51
2026-07-27 13:36:16.812,0.03,0.15,0.77,-75.32,25.7,73.43
2026-07-27 13:36:16.814,0.03,0.15,0.77,-75.32,25.7,73.43
2026-07-27 13:36:16.814,0.06,0.06,0.86,-91.55,52.67,83.5
2026-07-27 13:36:16.815,0.1,-0.03,0.95,-87.95,61.89,101.81
2026-07-27 13:36:16.817,0.1,-0.03,0.95,-87.95,61.89,101.81
2026-07-27 13:36:16.817,0.17,-0.05,0.97,-62.32,51.57,107.24
2026-07-27 13:36:16.817,0.17,-0.05,0.97,-62.32,51.57,107.24
2026-07-27 13:36:16.817,0.2,-0.04,1.01,-49.13,49.74,81.48
2026-07-27 13:36:16.818,0.2,-0.04,1.01,-49.13,49.74,81.48
2026-07-27 13:36:16.818,0.17,0.0,1.07,-43.27,60.67,39.79
2026-07-27 13:36:16.818,0.17,0.0,1.07,-43.27,60.67,39.79
2026-07-27 13:36:16.818,0.09,0.07,1.1,-23.68,61.16,15.62
2026-07-27 13:36:16.818,0.04,0.11,1.09,8.97,39.31,22.28
2026-07-27 13:36:16.819,0.04,0.11,1.09,8.97,39.31,22.28
2026-07-27 13:36:16.819,0.02,0.11,1.1,36.32,14.65,35.64
2026-07-27 13:36:16.819,0.02,0.11,1.1,36.32,14.65,35.64
2026-07-27 13:36:16.819,0.01,0.13,1.1,45.47,3.54,29.79
2026-07-27 13:36:17.055,0.01,0.13,1.1,45.47,3.54,29.79
2026-07-27 13:36:17.083,0.02,0.22,1.04,57.01,-2.2,15.2
2026-07-27 13:36:17.084,0.02,0.36,0.93,79.77,-10.44,16.42
2026-07-27 13:36:17.084,0.02,0.36,0.93,79.77,-10.44,16.42
2026-07-27 13:36:17.084,0.03,0.4,0.9,80.2,-15.2,34.67
2026-07-27 13:36:17.084,0.03,0.4,0.9,80.2,-15.2,34.67
2026-07-27 13:36:17.084,0.03,0.35,0.99,52.55,-16.78,52.25
2026-07-27 13:36:17.085,0.02,0.25,1.08,25.27,-24.23,57.92
2026-07-27 13:36:17.085,0.02,0.25,1.08,25.27,-24.23,57.92
2026-07-27 13:36:17.346,0.02,0.15,1.08,10.25,-35.83,57.19
2026-07-27 13:36:17.463,0.02,0.15,1.08,10.25,-35.83,57.19
2026-07-27 13:36:17.572,0.06,0.1,1.02,7.39,-40.89,54.2
2026-07-27 13:36:17.572,0.06,0.1,1.02,7.39,-40.89,54.2
2026-07-27 13:36:17.572,0.13,0.1,0.96,7.14,-37.05,38.15
2026-07-27 13:36:17.573,0.13,0.1,0.96,7.14,-37.05,38.15
2026-07-27 13:36:17.573,0.15,0.13,0.92,-8.12,-31.86,5.74
2026-07-27 13:36:17.574,0.13,0.14,0.85,-34.3,-31.92,-23.56
2026-07-27 13:36:17.574,0.13,0.14,0.85,-34.3,-31.92,-23.56
2026-07-27 13:36:17.574,0.12,0.14,0.79,-50.66,-31.31,-38.33
2026-07-27 13:36:17.574,0.12,0.14,0.79,-50.66,-31.31,-38.33
2026-07-27 13:36:17.577,0.14,0.13,0.83,-53.96,-21.24,-46.33
2026-07-27 13:36:17.577,0.14,0.13,0.83,-53.96,-21.24,-46.33
2026-07-27 13:36:17.577,0.19,0.11,0.97,-51.82,-7.08,-52.92
2026-07-27 13:36:17.579,0.19,0.11,0.97,-42.18,0.12,-60.73
2026-07-27 13:36:17.579,0.24,0.14,1.08,-42.18,0.12,-60.73
2026-07-27 13:36:17.579,0.26,0.23,1.07,-25.76,-4.58,-64.88
2026-07-27 13:36:17.579,0.26,0.23,1.07,-25.76,-4.58,-64.88
2026-07-27 13:36:17.579,0.25,0.35,1.02,-10.38,-12.82,-63.42
2026-07-27 13:36:17.580,0.25,0.35,1.02,-10.38,-12.82,-63.42
2026-07-27 13:36:17.580,0.23,0.45,1.03,-3.54,-15.75,-60.36
2026-07-27 13:36:17.580,0.23,0.45,1.03,-3.54,-15.75,-60.36
2026-07-27 13:36:17.580,0.18,0.51,0.97,-3.72,-14.34,-47.61
2026-07-27 13:36:18.365,0.12,0.51,0.82,0.43,-8.48,-16.36
2026-07-27 13:36:18.674,0.12,0.51,0.82,0.43,-8.48,-16.36
2026-07-27 13:36:18.674,0.08,0.45,0.7,6.16,-5.62,24.84
2026-07-27 13:36:19.251,0.08,0.45,0.7,6.16,-5.62,24.84
2026-07-27 13:36:19.266,0.1,0.33,0.71,2.69,-10.62,54.69
2026-07-27 13:36:19.413,0.1,0.33,0.71,2.69,-10.62,54.69
2026-07-27 13:36:19.474,0.11,0.22,0.88,-10.13,-8.73,57.31
2026-07-27 13:36:19.484,0.11,0.22,0.88,-10.13,-8.73,57.31
2026-07-27 13:36:19.501,0.13,0.19,1.01,-14.47,3.91,40.53
2026-07-27 13:36:19.502,0.15,0.23,1.02,-2.62,16.72,24.54
2026-07-27 13:36:19.502,0.15,0.23,1.02,-2.62,16.72,24.54
2026-07-27 13:36:19.506,0.17,0.23,1.03,-1.1,20.51,18.49
2026-07-27 13:36:19.507,0.17,0.23,1.03,-1.1,20.51,18.49
2026-07-27 13:36:19.507,0.18,0.16,1.05,-17.7,10.62,18.92
2026-07-27 13:36:19.507,0.18,0.16,1.05,-17.7,10.62,18.92
2026-07-27 13:36:19.508,0.19,0.04,0.97,-38.27,-9.4,20.45
2026-07-27 13:36:19.514,0.19,0.04,0.97,-38.27,-9.4,20.45
2026-07-27 13:36:19.514,0.2,-0.05,0.85,-52.0,-23.86,19.35
2026-07-27 13:36:19.515,0.21,-0.04,0.82,-45.47,-14.65,10.56
2026-07-27 13:36:19.519,0.21,-0.04,0.82,-45.47,-14.65,10.56
2026-07-27 13:36:19.527,0.2,0.04,0.92,-27.53,12.08,-2.44
2026-07-27 13:36:19.529,0.2,0.04,0.92,-27.53,12.08,-2.44
2026-07-27 13:36:19.529,0.17,0.09,1.1,-23.62,31.92,-9.16
2026-07-27 13:36:19.529,0.17,0.09,1.1,-23.62,31.92,-9.16
2026-07-27 13:36:19.529,0.16,0.03,1.23,-35.1,30.09,-4.21
2026-07-27 13:36:19.530,0.16,0.03,1.23,-35.1,30.09,-4.21
2026-07-27 13:36:19.530,0.16,-0.07,1.18,-42.3,12.76,7.08
2026-07-27 13:36:19.530,0.17,-0.12,1.05,-37.96,-0.67,13.12
2026-07-27 13:36:19.530,0.17,-0.12,1.05,-37.96,-0.67,13.12
2026-07-27 13:36:19.563,0.18,-0.1,0.95,-24.9,-1.53,10.13
2026-07-27 13:36:19.563,0.18,-0.1,0.95,-24.9,-1.53,10.13
2026-07-27 13:36:19.572,0.16,-0.1,0.86,-11.54,-1.04,6.84
2026-07-27 13:36:19.572,0.16,-0.1,0.86,-11.54,-1.04,6.84
2026-07-27 13:36:19.573,0.12,-0.12,0.86,-10.31,-0.61,6.04
2026-07-27 13:36:19.573,0.12,-0.12,0.86,-10.31,-0.61,6.04
2026-07-27 13:36:19.573,0.1,-0.14,0.99,-13.61,10.62,1.1
2026-07-27 13:36:19.575,0.1,-0.14,0.99,-13.61,10.62,1.1
2026-07-27 13:36:19.575,0.11,-0.13,1.1,1.46,27.16,-3.23
2026-07-27 13:36:19.575,0.11,-0.13,1.1,1.46,27.16,-3.23
2026-07-27 13:36:19.575,0.15,-0.15,1.05,15.87,24.23,4.33
2026-07-27 13:36:19.575,0.22,-0.18,0.95,12.45,3.36,14.71
2026-07-27 13:36:19.577,0.22,-0.18,0.95,12.45,3.36,14.71
2026-07-27 13:36:19.577,0.26,-0.15,0.89,14.71,-8.24,14.59
2026-07-27 13:36:19.577,0.26,-0.15,0.89,14.71,-8.24,14.59
2026-07-27 13:36:19.577,0.25,-0.04,0.88,25.7,-6.53,8.97
2026-07-27 13:36:19.578,0.25,-0.04,0.88,25.7,-6.53,8.97
2026-07-27 13:36:19.578,0.23,0.06,0.91,34.91,-3.72,9.16
2026-07-27 13:36:19.578,0.23,0.06,0.91,34.91,-3.72,9.16
2026-07-27 13:36:19.578,0.22,0.1,0.95,38.88,-7.51,18.86
2026-07-27 13:36:19.578,0.22,0.1,0.95,40.41,-14.34,30.52
2026-07-27 13:36:19.578,0.19,0.08,1.05,40.41,-14.34,30.52
2026-07-27 13:36:19.578,0.11,0.06,1.32,37.48,-10.01,34.79
2026-07-27 13:36:19.578,0.11,0.06,1.32,37.48,-10.01,34.79
2026-07-27 13:36:19.578,0.02,0.06,1.5,30.64,-3.6,36.32
2026-07-27 13:36:19.715,0.02,0.06,1.5,30.64,-3.6,36.32
2026-07-27 13:36:19.715,0.01,-0.01,1.31,19.29,-28.02,47.42
2026-07-27 13:36:19.715,0.01,-0.01,1.31,19.29,-28.02,47.42
2026-07-27 13:36:19.715,0.02,-0.11,1.08,-0.43,-64.09,53.96
2026-07-27 13:36:19.715,0.02,-0.11,1.08,-0.43,-64.09,53.96
2026-07-27 13:36:19.741,0.01,-0.12,1.01,-4.88,-62.81,36.19
2026-07-27 13:36:19.742,-0.02,-0.07,0.93,9.7,-38.82,12.02
2026-07-27 13:36:19.742,-0.02,-0.07,0.93,9.7,-38.82,12.02
2026-07-27 13:36:19.742,-0.02,-0.04,0.75,14.65,-32.1,5.13
2026-07-27 13:36:19.757,-0.02,-0.04,0.75,14.65,-32.1,5.13
2026-07-27 13:36:19.757,-0.03,0.09,1.12,-24.54,71.29,-48.58
2026-07-27 13:36:19.757,-0.03,0.09,1.12,-24.54,71.29,-48.58
2026-07-27 13:36:19.757,0.14,0.07,1.23,-10.74,12.27,-26.06
2026-07-27 13:36:19.789,0.05,-0.01,1.03,-10.44,-14.71,-11.96
2026-07-27 13:36:19.789,-0.01,-0.18,0.78,-26.06,-51.82,15.69
2026-07-27 13:36:19.790,-0.01,-0.18,0.78,-26.06,-51.82,15.69
2026-07-27 13:36:19.790,-0.06,-0.37,0.65,-35.34,-61.58,31.43
2026-07-27 13:36:19.790,-0.06,-0.37,0.65,-35.34,-61.58,31.43
2026-07-27 13:36:19.790,-0.08,-0.44,0.75,-29.3,-30.15,21.67
2026-07-27 13:36:19.790,-0.05,-0.36,0.87,-13.37,13.24,2.32
2026-07-27 13:36:19.790,-0.05,-0.36,0.87,-13.37,13.24,2.32
2026-07-27 13:36:19.790,0.04,-0.25,0.85,-2.69,32.04,-2.99
2026-07-27 13:36:19.790,0.04,-0.25,0.85,-2.69,32.04,-2.99
2026-07-27 13:36:19.790,0.1,-0.17,0.82,-3.48,31.92,2.08
2026-07-27 13:36:19.798,0.1,-0.17,0.82,-3.48,31.92,2.08
2026-07-27 13:36:19.857,0.11,-0.1,0.88,-3.72,34.0,5.19
2026-07-27 13:36:19.871,0.11,-0.1,0.88,-3.72,34.0,5.19
2026-07-27 13:36:19.872,0.07,-0.06,1.03,1.28,39.61,8.42
2026-07-27 13:36:19.872,0.0,-0.08,1.21,8.12,41.26,17.64
2026-07-27 13:36:19.928,0.0,-0.08,1.21,8.12,41.26,17.64
2026-07-27 13:36:19.953,-0.05,-0.16,1.24,10.44,27.59,34.3
2026-07-27 13:36:19.954,-0.05,-0.16,1.24,10.44,27.59,34.3
2026-07-27 13:36:19.954,-0.05,-0.23,1.11,3.78,-1.16,50.72
2026-07-27 13:36:19.954,-0.05,-0.23,1.11,3.78,-1.16,50.72
2026-07-27 13:36:20.057,-0.03,-0.29,0.93,-5.62,-26.43,55.24
2026-07-27 13:36:20.068,-0.03,-0.29,0.93,-5.62,-26.43,55.24
2026-07-27 13:36:20.068,-0.03,-0.31,0.85,-8.54,-32.41,43.46
2026-07-27 13:36:20.068,-0.06,-0.28,0.87,-2.75,-21.73,21.55
2026-07-27 13:36:20.068,-0.06,-0.28,0.87,-2.75,-21.73,21.55
2026-07-27 13:36:20.068,-0.09,-0.23,0.91,5.37,-7.02,1.04
2026-07-27 13:36:20.103,-0.09,-0.23,0.91,5.37,-7.02,1.04
2026-07-27 13:36:20.110,-0.11,-0.18,0.95,10.99,5.37,-10.74
2026-07-27 13:36:20.110,-0.11,-0.18,0.95,10.99,5.37,-10.74
2026-07-27 13:36:20.228,-0.11,-0.16,0.97,11.78,13.67,-13.0
2026-07-27 13:36:20.237,-0.11,-0.16,0.97,8.3,16.85,-9.28
2026-07-27 13:36:20.238,-0.09,-0.14,0.97,8.3,16.85,-9.28
2026-07-27 13:36:20.240,-0.05,-0.14,0.96,3.97,16.42,-4.46
2026-07-27 13:36:20.243,-0.05,-0.14,0.96,3.97,16.42,-4.46
2026-07-27 13:36:20.412,-0.04,-0.14,0.96,0.61,16.54,-2.32
2026-07-27 13:36:20.413,-0.04,-0.14,0.96,0.61,16.54,-2.32
2026-07-27 13:36:20.413,-0.05,-0.13,1.0,-0.79,18.37,-3.48
2026-07-27 13:36:20.413,-0.05,-0.13,1.0,-0.79,18.37,-3.48
2026-07-27 13:36:20.460,-0.06,-0.09,1.02,0.55,19.04,-5.0
2026-07-27 13:36:20.463,-0.06,-0.09,1.02,0.55,19.04,-5.0
2026-07-27 13:36:20.464,-0.06,-0.06,1.01,3.42,16.36,-3.36
2026-07-27 13:36:20.464,-0.05,-0.04,0.97,5.07,9.95,2.81
2026-07-27 13:36:20.464,-0.05,-0.04,0.97,5.07,9.95,2.81
2026-07-27 13:36:20.464,-0.07,-0.04,0.92,6.35,3.97,11.35
2026-07-27 13:36:20.464,-0.07,-0.04,0.92,6.35,3.97,11.35
2026-07-27 13:36:20.539,-0.1,-0.04,0.87,9.03,6.65,19.35
2026-07-27 13:36:20.558,-0.1,-0.04,0.87,9.03,6.65,19.35
2026-07-27 13:36:20.766,-0.13,0.0,0.86,10.62,20.39,26.98
2026-07-27 13:36:20.778,-0.13,0.0,0.86,10.62,20.39,26.98
2026-07-27 13:36:20.778,-0.15,0.05,0.94,7.69,36.93,38.21
2026-07-27 13:36:20.778,-0.15,0.05,1.12,1.53,47.18,54.32
2026-07-27 13:36:20.778,-0.15,0.05,1.12,1.53,47.18,54.32
2026-07-27 13:36:20.778,-0.15,0.0,1.29,-3.66,43.64,71.59
2026-07-27 13:36:20.779,-0.15,0.0,1.29,-3.66,43.64,71.59
2026-07-27 13:36:20.779,-0.13,-0.07,1.29,-8.91,17.46,86.12
2026-07-27 13:36:20.779,-0.13,-0.07,1.29,-8.91,17.46,86.12
2026-07-27 13:36:20.779,-0.11,-0.12,1.16,-17.33,-22.34,90.76
2026-07-27 13:36:20.779,-0.11,-0.12,1.16,-17.33,-22.34,90.76
2026-07-27 13:36:20.829,-0.09,-0.13,1.04,-21.73,-52.37,80.02
2026-07-27 13:36:20.851,-0.08,-0.09,1.02,-15.32,-62.5,58.29
2026-07-27 13:36:20.851,-0.08,-0.09,1.02,-15.32,-62.5,58.29
2026-07-27 13:36:20.886,-0.09,-0.0,1.13,0.18,-58.11,35.71
2026-07-27 13:36:20.889,-0.09,-0.0,1.13,0.18,-58.11,35.71
2026-07-27 13:36:21.456,-0.11,0.11,1.26,19.96,-51.27,21.79
2026-07-27 13:36:21.487,-0.17,0.28,1.31,40.41,-48.65,21.24
2026-07-27 13:36:21.487,-0.17,0.28,1.31,40.41,-48.65,21.24
2026-07-27 13:36:21.487,-0.3,0.53,1.25,63.78,-47.3,36.44
2026-07-27 13:36:21.848,-0.3,0.53,1.25,63.78,-47.3,36.44
2026-07-27 13:36:21.848,-0.49,0.75,1.09,83.98,-47.3,75.44
2026-07-27 13:36:21.852,-0.49,0.75,1.09,83.98,-47.3,75.44
2026-07-27 13:36:22.199,-0.59,0.63,0.88,85.02,-48.4,142.76
2026-07-27 13:36:22.864,-0.59,0.63,0.88,85.02,-48.4,142.76
2026-07-27 13:36:22.868,-0.59,0.63,0.88,85.02,-48.4,142.76
2026-07-27 13:36:22.871,-0.59,0.63,0.88,85.02,-48.4,142.76
2026-07-27 13:36:22.874,-0.07,-0.21,0.83,94.85,-20.57,256.47
2026-07-27 13:36:22.887,0.28,-0.24,1.03,124.76,0.85,247.19
2026-07-27 13:36:22.892,0.28,-0.24,1.03,124.76,0.85,247.19
2026-07-27 13:36:22.892,0.45,-0.01,1.17,140.38,9.34,202.15
2026-07-27 13:36:22.892,0.45,-0.01,1.17,140.38,9.34,202.15
2026-07-27 13:36:22.895,0.41,0.25,1.14,123.35,-1.71,150.15
2026-07-27 13:36:22.896,0.41,0.25,1.14,123.35,-1.71,150.15
2026-07-27 13:36:22.896,0.26,0.38,0.99,88.2,-19.59,108.64
2026-07-27 13:36:22.896,0.26,0.38,0.99,52.25,-33.57,81.54
2026-07-27 13:36:22.899,0.08,0.34,0.8,52.25,-33.57,81.54
2026-07-27 13:36:22.900,-0.07,0.17,0.64,9.95,-43.27,64.09
2026-07-27 13:36:22.900,-0.07,0.17,0.64,9.95,-43.27,64.09
2026-07-27 13:36:22.900,-0.16,-0.05,0.55,-34.85,-47.49,43.46
2026-07-27 13:36:22.901,-0.16,-0.05,0.55,-34.85,-47.49,43.46
2026-07-27 13:36:22.910,-0.18,-0.21,0.49,-60.79,-43.09,6.96
2026-07-27 13:36:22.910,-0.18,-0.21,0.49,-60.79,-43.09,6.96
2026-07-27 13:36:22.910,-0.17,-0.22,0.45,-47.24,-23.25,-51.27
2026-07-27 13:36:22.910,-0.13,-0.13,0.48,-18.98,5.8,-118.71
2026-07-27 13:36:22.911,-0.13,-0.13,0.48,-18.98,5.8,-118.71
2026-07-27 13:36:22.911,-0.07,-0.02,0.65,-22.09,30.33,-177.92
2026-07-27 13:36:22.911,-0.07,-0.02,0.65,-22.09,30.33,-177.92
2026-07-27 13:36:22.911,-0.04,0.22,0.93,-27.59,50.72,-235.29
2026-07-27 13:36:22.911,-0.04,0.22,0.93,-27.59,50.72,-235.29
2026-07-27 13:36:22.911,-0.14,0.56,1.28,-25.09,56.03,-290.04
2026-07-27 13:36:22.911,-0.14,0.56,1.28,-25.09,56.03,-290.04
2026-07-27 13:36:22.913,-0.38,0.87,1.54,-44.92,31.92,-317.75
2026-07-27 13:36:22.913,-0.66,1.1,1.36,-34.06,-3.78,-303.22
2026-07-27 13:36:22.913,-0.66,1.1,1.36,-34.06,-3.78,-303.22
2026-07-27 13:36:22.913,-0.79,1.19,0.9,11.23,-25.51,-243.29
2026-07-27 13:36:22.913,-0.79,1.19,0.9,11.23,-25.51,-243.29
2026-07-27 13:36:22.918,-0.71,1.07,0.59,5.43,-23.5,-152.34
2026-07-27 13:36:22.918,-0.71,1.07,0.59,5.43,-23.5,-152.34
2026-07-27 13:36:22.918,-0.53,0.77,0.61,-67.02,-0.61,-65.67
2026-07-27 13:36:22.918,-0.53,0.77,0.61,-67.02,-0.61,-65.67
2026-07-27 13:36:22.918,-0.37,0.47,0.85,-141.11,30.33,-14.71
2026-07-27 13:36:22.918,-0.25,0.28,1.06,-152.95,54.75,-2.81
2026-07-27 13:36:22.918,-0.25,0.28,1.06,-152.95,54.75,-2.81
2026-07-27 13:36:22.918,-0.14,0.16,1.14,-105.04,59.88,-5.62
2026-07-27 13:36:22.918,-0.14,0.16,1.14,-105.04,59.88,-5.62
2026-07-27 13:36:22.918,-0.06,0.09,1.14,-44.43,49.01,-14.47
2026-07-27 13:36:22.919,-0.06,0.09,1.14,-44.43,49.01,-14.47
2026-07-27 13:36:22.924,-0.03,0.08,1.12,-4.03,33.51,-30.64
2026-07-27 13:36:22.924,-0.03,0.08,1.12,-4.03,33.51,-30.64
2026-07-27 13:36:22.924,-0.05,0.08,1.1,6.9,16.78,-43.58
2026-07-27 13:36:22.924,-0.05,0.08,1.1,-1.77,1.22,-48.03
2026-07-27 13:36:22.925,-0.12,0.08,1.08,-1.77,1.22,-48.03
2026-07-27 13:36:22.925,-0.2,0.07,1.04,-18.07,-12.08,-41.08
2026-07-27 13:36:22.925,-0.2,0.07,1.04,-18.07,-12.08,-41.08
2026-07-27 13:36:22.925,-0.25,0.03,0.99,-32.17,-20.63,-25.02
2026-07-27 13:36:22.925,-0.25,0.03,0.99,-32.17,-20.63,-25.02
2026-07-27 13:36:22.925,-0.26,-0.01,0.92,-36.38,-22.09,-7.63
2026-07-27 13:36:22.925,-0.26,-0.01,0.92,-36.38,-22.09,-7.63
2026-07-27 13:36:22.925,-0.26,-0.05,0.88,-36.56,-19.84,6.53
2026-07-27 13:36:22.925,-0.26,-0.05,0.88,-36.56,-19.84,6.53
2026-07-27 13:36:22.925,-0.26,-0.08,0.87,-37.66,-16.17,14.16
2026-07-27 13:36:22.929,-0.27,-0.1,0.89,-37.54,-13.37,17.03
2026-07-27 13:36:22.929,-0.27,-0.1,0.89,-37.54,-13.37,17.03
2026-07-27 13:36:22.981,-0.31,-0.12,0.9,-31.31,-10.99,19.59
2026-07-27 13:36:22.985,-0.41,-0.23,0.85,-15.62,55.73,53.71
2026-07-27 13:36:23.290,-0.43,-0.24,0.8,-12.7,48.16,46.69
2026-07-27 13:36:23.341,-0.46,-0.22,0.74,-12.63,40.04,35.4
2026-07-27 13:36:23.349,-0.46,-0.22,0.74,-12.63,40.04,35.4
2026-07-27 13:36:23.349,-0.5,-0.22,0.73,-16.66,34.61,26.67
2026-07-27 13:36:23.349,-0.5,-0.22,0.73,-16.66,34.61,26.67
2026-07-27 13:36:23.349,-0.55,-0.19,0.75,-15.38,33.87,19.04
2026-07-27 13:36:23.349,-0.55,-0.19,0.75,-15.38,33.87,19.04
2026-07-27 13:36:23.349,-0.6,-0.13,0.77,-4.09,33.69,12.27
2026-07-27 13:36:23.349,-0.63,-0.11,0.78,8.36,26.25,14.16
2026-07-27 13:36:23.350,-0.63,-0.11,0.78,8.36,26.25,14.16
2026-07-27 13:36:23.350,-0.66,-0.13,0.8,15.62,14.83,21.48
2026-07-27 13:36:23.350,-0.66,-0.13,0.8,15.62,14.83,21.48
2026-07-27 13:36:23.350,-0.69,-0.14,0.84,20.75,8.12,22.46
2026-07-27 13:36:23.350,-0.69,-0.14,0.84,20.75,8.12,22.46
2026-07-27 13:36:23.350,-0.71,-0.12,0.88,23.44,5.62,16.85
2026-07-27 13:36:23.350,-0.71,-0.12,0.88,20.08,0.37,13.92
2026-07-27 13:36:23.353,-0.73,-0.1,0.88,20.08,0.37,13.92
2026-07-27 13:36:23.353,-0.73,-0.1,0.85,10.62,-9.4,16.97
2026-07-27 13:36:23.353,-0.73,-0.1,0.85,10.62,-9.4,16.97
2026-07-27 13:36:23.354,-0.71,-0.08,0.78,2.01,-19.17,20.75
2026-07-27 13:36:23.354,-0.71,-0.08,0.78,2.01,-19.17,20.75
2026-07-27 13:36:23.580,-0.66,-0.05,0.68,-0.06,-24.23,21.55
2026-07-27 13:36:23.589,-0.66,-0.05,0.68,-0.06,-24.23,21.55
2026-07-27 13:36:23.589,-0.62,-0.01,0.63,0.85,-20.51,19.23
2026-07-27 13:36:23.589,-0.61,0.03,0.66,0.43,-8.36,14.22
2026-07-27 13:36:23.589,-0.61,0.03,0.66,0.43,-8.36,14.22
2026-07-27 13:36:23.589,-0.62,0.05,0.73,-5.0,2.32,10.07
2026-07-27 13:36:23.589,-0.62,0.05,0.73,-5.0,2.32,10.07
2026-07-27 13:36:23.590,-0.63,0.05,0.8,-12.63,4.27,9.34
2026-07-27 13:36:23.590,-0.63,0.05,0.8,-12.63,4.27,9.34
2026-07-27 13:36:23.590,-0.65,0.05,0.83,-13.67,1.4,9.46
2026-07-27 13:36:23.660,-0.65,0.05,0.83,-13.67,1.4,9.46
2026-07-27 13:36:23.715,-0.65,0.05,0.82,-9.03,-1.59,9.34
2026-07-27 13:36:23.824,-0.65,0.05,0.8,-4.64,-3.85,9.64
2026-07-27 13:36:23.825,-0.65,0.05,0.8,-4.64,-3.85,9.64
2026-07-27 13:36:23.825,-0.63,0.05,0.8,-1.89,-4.58,9.22
2026-07-27 13:36:24.117,-0.63,0.05,0.8,-1.89,-4.58,9.22
2026-07-27 13:36:24.117,-0.62,0.05,0.83,-0.55,-2.56,6.23
2026-07-27 13:36:24.118,-0.62,0.05,0.83,-0.55,-2.56,6.23
2026-07-27 13:36:24.118,-0.63,0.06,0.87,0.61,-0.92,2.5
2026-07-27 13:36:24.118,-0.63,0.06,0.87,0.61,-0.92,2.5
2026-07-27 13:36:24.118,-0.65,0.05,0.84,2.81,-6.53,3.23
2026-07-27 13:36:24.119,-0.66,0.04,0.74,5.74,-15.81,7.2
2026-07-27 13:36:24.122,-0.66,0.04,0.74,5.74,-15.81,7.2
2026-07-27 13:36:24.122,-0.65,0.04,0.69,8.42,-15.87,8.18
2026-07-27 13:36:24.123,-0.65,0.04,0.69,8.42,-15.87,8.18
2026-07-27 13:36:24.123,-0.63,0.04,0.79,8.61,-4.15,4.76
2026-07-27 13:36:24.123,-0.63,0.04,0.79,8.61,-4.15,4.76
2026-07-27 13:36:24.123,-0.62,0.03,0.93,6.71,6.65,1.28
2026-07-27 13:36:24.123,-0.62,0.03,0.93,6.71,6.65,1.28
2026-07-27 13:36:24.125,-0.6,0.01,0.97,4.94,2.87,2.2
2026-07-27 13:36:24.125,-0.6,0.01,0.97,5.07,-13.79,5.43
2026-07-27 13:36:24.125,-0.57,0.0,0.89,5.07,-13.79,5.43
2026-07-27 13:36:24.299,-0.56,0.03,0.76,8.85,-28.99,5.68
2026-07-27 13:36:24.300,-0.56,0.03,0.76,8.85,-28.99,5.68
2026-07-27 13:36:24.305,-0.56,0.08,0.69,13.67,-31.86,2.01
2026-07-27 13:36:24.306,-0.56,0.08,0.69,13.67,-31.86,2.01
2026-07-27 13:36:24.306,-0.58,0.13,0.7,15.38,-24.6,-1.16
2026-07-27 13:36:24.306,-0.58,0.13,0.7,15.38,-24.6,-1.16
2026-07-27 13:36:24.306,-0.61,0.14,0.73,14.1,-16.66,0.06
2026-07-27 13:36:24.307,-0.62,0.13,0.73,11.05,-13.67,4.94
2026-07-27 13:36:24.308,-0.62,0.13,0.73,11.05,-13.67,4.94
2026-07-27 13:36:24.308,-0.62,0.12,0.69,8.12,-14.16,9.89
2026-07-27 13:36:24.373,-0.62,0.12,0.69,8.12,-14.16,9.89
2026-07-27 13:36:24.373,-0.62,0.12,0.64,8.42,-10.93,10.74
2026-07-27 13:36:24.373,-0.62,0.12,0.64,8.42,-10.93,10.74
2026-07-27 13:36:24.447,-0.62,0.13,0.66,9.46,-1.59,9.03
2026-07-27 13:36:24.451,-0.62,0.13,0.66,9.46,-1.59,9.03
2026-07-27 13:36:24.643,-0.61,0.11,0.74,7.75,8.18,8.06
2026-07-27 13:36:24.677,-0.61,0.11,0.74,3.54,12.39,7.51
2026-07-27 13:36:24.677,-0.63,0.06,0.82,3.54,12.39,7.51
2026-07-27 13:36:24.677,-0.66,-0.01,0.85,-1.1,9.89,5.49
2026-07-27 13:36:24.677,-0.66,-0.01,0.85,-1.1,9.89,5.49
2026-07-27 13:36:24.677,-0.66,-0.02,0.81,0.12,5.25,0.43
2026-07-27 13:36:24.678,-0.66,-0.02,0.81,0.12,5.25,0.43
2026-07-27 13:36:24.678,-0.6,0.03,0.74,5.98,-0.18,-5.43
2026-07-27 13:36:24.678,-0.6,0.03,0.74,5.98,-0.18,-5.43
2026-07-27 13:36:24.690,-0.51,0.11,0.77,12.21,-4.58,-13.67
2026-07-27 13:36:24.690,-0.51,0.11,0.77,12.21,-4.58,-13.67
2026-07-27 13:36:25.146,-0.47,0.17,0.85,17.64,-7.51,-24.35
2026-07-27 13:36:25.146,-0.52,0.17,0.92,15.38,-16.05,-30.76
2026-07-27 13:36:25.146,-0.52,0.17,0.92,15.38,-16.05,-30.76
2026-07-27 13:36:25.147,-0.63,0.19,0.99,0.85,-28.08,-33.51
2026-07-27 13:36:25.360,-0.63,0.19,0.99,0.85,-28.08,-33.51
2026-07-27 13:36:25.367,-0.63,0.2,1.06,-24.23,-32.9,-20.94
2026-07-27 13:36:25.367,-0.63,0.2,1.06,-24.23,-32.9,-20.94
2026-07-27 13:36:25.367,-0.51,0.11,1.02,-41.5,-25.76,15.14
2026-07-27 13:36:25.367,-0.51,0.11,1.02,-41.5,-25.76,15.14
2026-07-27 13:36:25.367,-0.51,0.11,1.02,-41.5,-25.76,15.14
2026-07-27 13:36:25.367,-0.51,0.11,1.02,-41.5,-25.76,15.14
2026-07-27 13:36:25.368,-0.38,-0.04,0.59,-12.27,7.45,72.02
2026-07-27 13:36:25.368,-0.38,-0.08,0.47,-4.7,27.28,71.53
2026-07-27 13:36:25.369,-0.38,-0.08,0.47,-4.7,27.28,71.53
2026-07-27 13:36:25.370,-0.36,-0.13,0.68,-32.23,46.81,58.72
2026-07-27 13:36:25.619,-0.36,-0.13,0.68,-32.23,46.81,58.72
2026-07-27 13:36:25.619,-0.36,-0.13,1.01,-59.57,55.42,38.02
2026-07-27 13:36:25.620,-0.36,-0.13,1.01,-59.57,55.42,38.02
2026-07-27 13:36:25.620,-0.45,-0.12,1.22,-52.37,44.98,18.92
2026-07-27 13:36:25.620,-0.54,-0.09,1.25,-33.08,21.3,7.39
2026-07-27 13:36:25.621,-0.54,-0.09,1.25,-33.08,21.3,7.39
2026-07-27 13:36:25.621,-0.51,-0.03,1.13,-16.24,1.16,-0.24
2026-07-27 13:36:25.623,-0.51,-0.03,1.13,-16.24,1.16,-0.24
2026-07-27 13:36:25.623,-0.42,0.08,1.03,-8.3,-7.75,-6.16
2026-07-27 13:36:25.623,-0.42,0.08,1.03,-8.3,-7.75,-6.16
2026-07-27 13:36:25.624,-0.43,0.16,1.02,-18.31,-20.2,-7.45
2026-07-27 13:36:25.624,-0.43,0.16,1.02,-18.31,-20.2,-7.45
2026-07-27 13:36:25.627,-0.52,0.15,1.02,-28.75,-39.67,-3.23
2026-07-27 13:36:25.628,-0.52,0.15,1.02,-27.71,-52.67,2.32
2026-07-27 13:36:25.629,-0.58,0.12,1.02,-27.71,-52.67,2.32
2026-07-27 13:36:25.629,-0.57,0.1,1.02,-22.4,-55.36,6.35
2026-07-27 13:36:25.630,-0.57,0.1,1.02,-22.4,-55.36,6.35
2026-07-27 13:36:25.632,-0.52,0.07,1.01,-18.62,-54.99,10.44
2026-07-27 13:36:25.884,-0.52,0.07,1.01,-18.62,-54.99,10.44
2026-07-27 13:36:26.159,-0.45,0.04,0.96,-16.97,-56.88,13.0
2026-07-27 13:36:26.159,-0.45,0.04,0.96,-16.97,-56.88,13.0
2026-07-27 13:36:26.165,-0.39,0.03,0.86,-13.55,-61.16,13.12
2026-07-27 13:36:26.165,-0.36,0.04,0.75,-9.22,-64.27,13.24
2026-07-27 13:36:26.167,-0.36,0.04,0.75,-9.22,-64.27,13.24
2026-07-27 13:36:26.169,-0.35,0.04,0.65,-7.51,-63.29,15.26
2026-07-27 13:36:26.169,-0.35,0.04,0.65,-7.51,-63.29,15.26
2026-07-27 13:36:26.169,-0.35,0.03,0.56,-9.4,-58.41,18.62
2026-07-27 13:36:26.170,-0.35,0.03,0.56,-9.4,-58.41,18.62
2026-07-27 13:36:26.170,-0.35,0.01,0.52,-13.79,-47.12,20.2
2026-07-27 13:36:26.170,-0.35,0.01,0.52,-17.09,-25.57,16.91
2026-07-27 13:36:26.170,-0.35,-0.01,0.56,-17.09,-25.57,16.91
2026-07-27 13:36:26.170,-0.35,-0.04,0.67,-17.09,4.94,8.67
2026-07-27 13:36:26.172,-0.35,-0.04,0.67,-17.09,4.94,8.67
2026-07-27 13:36:26.172,-0.33,-0.04,0.85,-16.72,36.62,-0.61
2026-07-27 13:36:26.173,-0.33,-0.04,0.85,-16.72,36.62,-0.61
2026-07-27 13:36:26.173,-0.31,-0.02,1.03,-17.64,58.72,-5.07
2026-07-27 13:36:26.173,-0.31,-0.02,1.03,-17.64,58.72,-5.07
2026-07-27 13:36:26.173,-0.3,-0.01,1.15,-18.55,62.01,-0.24
2026-07-27 13:36:26.173,-0.3,-0.01,1.15,-19.23,47.73,13.18
2026-07-27 13:36:26.173,-0.29,-0.0,1.18,-19.23,47.73,13.18
2026-07-27 13:36:26.173,-0.28,-0.01,1.16,-18.43,28.2,28.26
2026-07-27 13:36:26.174,-0.28,-0.01,1.16,-18.43,28.2,28.26
2026-07-27 13:36:26.174,-0.26,-0.02,1.17,-15.32,14.04,38.39
2026-07-27 13:36:26.174,-0.26,-0.02,1.17,-15.32,14.04,38.39
2026-07-27 13:36:26.174,-0.24,-0.02,1.21,-11.35,4.03,43.09
2026-07-27 13:36:26.174,-0.24,-0.02,1.21,-11.35,4.03,43.09
2026-07-27 13:36:26.175,-0.24,-0.05,1.21,-9.52,-10.31,45.53
2026-07-27 13:36:26.175,-0.24,-0.05,1.21,-11.05,-32.53,46.87
2026-07-27 13:36:26.175,-0.26,-0.09,1.14,-11.05,-32.53,46.87
2026-07-27 13:36:26.176,-0.3,-0.14,0.97,-13.73,-57.01,45.1
2026-07-27 13:36:26.177,-0.3,-0.14,0.97,-13.73,-57.01,45.1
2026-07-27 13:36:26.177,-0.35,-0.17,0.79,-17.82,-72.02,38.45
2026-07-27 13:36:26.177,-0.35,-0.17,0.79,-17.82,-72.02,38.45
2026-07-27 13:36:26.418,-0.38,-0.16,0.71,-19.84,-66.16,25.27
2026-07-27 13:36:26.451,-0.38,-0.16,0.71,-19.84,-66.16,25.27
2026-07-27 13:36:26.452,-0.37,-0.12,0.76,-16.54,-42.05,9.22
2026-07-27 13:36:26.452,-0.34,-0.07,0.87,-12.39,-15.56,-2.08
2026-07-27 13:36:26.452,-0.34,-0.07,0.87,-12.39,-15.56,-2.08
2026-07-27 13:36:26.452,-0.29,-0.03,0.98,-9.28,0.79,-5.49
2026-07-27 13:36:26.453,-0.29,-0.03,0.98,-9.28,0.79,-5.49
2026-07-27 13:36:26.461,-0.25,-0.0,1.0,-5.68,3.91,-2.08
2026-07-27 13:36:26.464,-0.25,-0.0,1.0,-5.68,3.91,-2.08
2026-07-27 13:36:26.466,-0.23,0.01,1.0,-4.21,0.61,3.91
2026-07-27 13:36:26.469,-0.23,0.01,1.0,-4.21,0.61,3.91
2026-07-27 13:36:26.471,-0.23,0.04,1.03,-3.91,-0.61,8.54
2026-07-27 13:36:26.472,-0.24,0.09,1.08,0.24,1.83,13.24
2026-07-27 13:36:26.793,-0.24,0.09,1.08,0.24,1.83,13.24
2026-07-27 13:36:26.794,-0.25,0.14,1.11,8.24,1.1,24.05
2026-07-27 13:36:26.801,-0.25,0.14,1.11,8.24,1.1,24.05
2026-07-27 13:36:26.801,-0.26,0.09,1.1,12.08,-10.86,43.21
2026-07-27 13:36:26.801,-0.26,0.09,1.1,12.08,-10.86,43.21
2026-07-27 13:36:26.801,-0.27,-0.03,1.1,10.01,-28.02,60.06
2026-07-27 13:36:26.801,-0.27,-0.03,1.1,10.01,-28.02,60.06
2026-07-27 13:36:26.801,-0.27,-0.13,1.06,10.44,-39.37,64.03
2026-07-27 13:36:26.801,-0.24,-0.2,0.98,11.84,-46.26,58.35
2026-07-27 13:36:26.801,-0.24,-0.2,0.98,11.84,-46.26,58.35
2026-07-27 13:36:26.802,-0.16,-0.29,0.93,0.98,-53.28,47.49
2026-07-27 13:36:26.802,-0.16,-0.29,0.93,0.98,-53.28,47.49
2026-07-27 13:36:26.802,-0.07,-0.36,0.97,-20.26,-60.79,29.79
2026-07-27 13:36:26.802,-0.07,-0.36,0.97,-20.26,-60.79,29.79
2026-07-27 13:36:27.240,-0.03,-0.32,1.07,-17.76,-67.38,12.02
2026-07-27 13:36:27.245,-0.03,-0.19,1.1,13.61,-70.56,4.7
2026-07-27 13:36:27.299,-0.03,-0.19,1.1,13.61,-70.56,4.7
2026-07-27 13:36:27.299,-0.03,-0.09,1.01,35.71,-72.45,8.54
2026-07-27 13:36:27.300,-0.03,-0.09,1.01,35.71,-72.45,8.54
2026-07-27 13:36:27.301,-0.04,-0.0,0.85,42.85,-73.55,13.61
2026-07-27 13:36:27.302,-0.03,0.1,0.72,45.72,-69.34,12.82
2026-07-27 13:36:27.302,-0.03,0.1,0.72,45.72,-69.34,12.82
2026-07-27 13:36:27.302,0.02,0.14,0.67,39.92,-54.5,19.47
2026-07-27 13:36:27.305,0.02,0.14,0.67,39.92,-54.5,19.47
2026-07-27 13:36:27.305,0.07,0.1,0.72,26.61,-33.14,38.02
2026-07-27 13:36:27.305,0.07,0.1,0.72,26.61,-33.14,38.02
2026-07-27 13:36:27.305,0.11,0.05,0.83,16.48,-14.83,54.81
2026-07-27 13:36:27.305,0.11,0.05,0.83,16.48,-14.83,54.81
2026-07-27 13:36:27.311,0.12,0.03,0.89,15.44,-2.26,64.45
2026-07-27 13:36:27.311,0.12,0.04,0.91,17.52,5.55,69.15
2026-07-27 13:36:27.311,0.12,0.04,0.91,17.52,5.55,69.15
2026-07-27 13:36:27.311,0.12,0.09,0.9,20.08,12.76,71.29
2026-07-27 13:36:27.311,0.12,0.09,0.9,20.08,12.76,71.29
2026-07-27 13:36:27.311,0.11,0.13,0.89,22.09,20.75,73.61
2026-07-27 13:36:27.311,0.11,0.13,0.89,22.09,20.75,73.61
2026-07-27 13:36:27.312,0.09,0.13,0.87,20.39,26.18,77.58
2026-07-27 13:36:27.312,0.07,0.11,0.85,17.82,27.89,80.51
2026-07-27 13:36:27.549,0.07,0.11,0.85,17.82,27.89,80.51
2026-07-27 13:36:27.613,0.07,0.11,0.83,17.52,31.62,75.74
2026-07-27 13:36:27.613,0.07,0.11,0.83,17.52,31.62,75.74
2026-07-27 13:36:27.613,0.05,0.17,0.94,19.29,50.9,57.31
2026-07-27 13:36:27.613,0.05,0.17,0.94,19.29,50.9,57.31
2026-07-27 13:36:27.613,-0.05,0.25,1.21,25.15,88.13,31.74
2026-07-27 13:36:27.613,-0.05,0.25,1.21,33.87,106.51,17.46
2026-07-27 13:36:27.613,-0.17,0.28,1.33,33.87,106.51,17.46
2026-07-27 13:36:27.613,-0.19,0.25,1.18,33.33,76.9,21.85
2026-07-27 13:36:27.613,-0.19,0.25,1.18,33.33,76.9,21.85
2026-07-27 13:36:27.728,-0.17,0.2,1.01,21.55,35.58,31.98
2026-07-27 13:36:27.737,-0.17,0.2,1.01,21.55,35.58,31.98
2026-07-27 13:36:27.752,-0.13,0.14,0.98,7.93,18.55,37.35
2026-07-27 13:36:27.752,-0.13,0.14,0.98,7.93,18.55,37.35
2026-07-27 13:36:27.762,-0.09,0.07,1.04,-4.39,20.69,34.97
2026-07-27 13:36:27.833,-0.07,0.07,1.06,-6.96,28.81,23.5
2026-07-27 13:36:27.838,-0.07,0.07,1.06,-6.96,28.81,23.5
2026-07-27 13:36:28.140,-0.05,0.11,0.98,-7.57,24.29,9.89
2026-07-27 13:36:28.140,-0.05,0.11,0.98,-7.57,24.29,9.89
2026-07-27 13:36:28.142,-0.03,0.14,0.91,-17.09,5.43,-1.71
2026-07-27 13:36:28.143,-0.03,0.14,0.91,-17.09,5.43,-1.71
2026-07-27 13:36:28.148,-0.04,0.18,0.9,-33.39,-13.98,-16.11
2026-07-27 13:36:28.148,-0.04,0.18,0.9,-33.39,-13.98,-16.11
2026-07-27 13:36:28.152,-0.06,0.19,0.93,-57.01,-29.72,-32.17
2026-07-27 13:36:28.152,-0.08,0.16,0.98,-75.62,-38.76,-41.87
2026-07-27 13:36:28.152,-0.08,0.16,0.98,-75.62,-38.76,-41.87
2026-07-27 13:36:28.153,-0.09,0.16,1.01,-71.66,-34.36,-42.18
2026-07-27 13:36:28.153,-0.09,0.16,1.01,-71.66,-34.36,-42.18
2026-07-27 13:36:28.153,-0.1,0.18,1.04,-43.64,-10.74,-36.87
2026-07-27 13:36:28.153,-0.1,0.18,1.04,-43.64,-10.74,-36.87
2026-07-27 13:36:28.154,-0.14,0.21,1.13,0.49,29.36,-29.11
2026-07-27 13:36:28.155,-0.21,0.23,1.16,45.29,59.75,-9.89
2026-07-27 13:36:28.155,-0.21,0.23,1.16,45.29,59.75,-9.89
2026-07-27 13:36:28.156,-0.25,0.14,1.07,49.56,43.58,23.8
2026-07-27 13:36:28.156,-0.25,0.14,1.07,49.56,43.58,23.8
2026-07-27 13:36:28.157,-0.18,-0.09,0.95,-17.58,-22.58,51.03
2026-07-27 13:36:28.157,-0.18,-0.09,0.95,-17.58,-22.58,51.03
2026-07-27 13:36:28.280,-0.06,-0.33,0.89,-90.39,-83.13,51.57
2026-07-27 13:36:28.332,-0.06,-0.33,0.89,-90.39,-83.13,51.57
2026-07-27 13:36:28.337,0.01,-0.42,0.92,-90.15,-96.92,29.48
2026-07-27 13:36:28.337,0.05,-0.39,0.93,-28.14,-74.83,9.52
2026-07-27 13:36:28.338,0.05,-0.39,0.93,-28.14,-74.83,9.52
2026-07-27 13:36:28.339,0.1,-0.33,0.89,34.18,-36.99,9.7
2026-07-27 13:36:28.340,0.1,-0.33,0.89,34.18,-36.99,9.7
2026-07-27 13:36:28.340,0.15,-0.27,0.87,62.13,-12.88,28.02
2026-07-27 13:36:28.513,0.15,-0.27,0.87,62.13,-12.88,28.02
2026-07-27 13:36:28.529,0.19,-0.2,0.94,47.85,-10.56,29.42
2026-07-27 13:36:28.529,0.21,-0.18,1.03,-3.42,-18.68,-6.9
2026-07-27 13:36:28.529,0.21,-0.18,1.03,-3.42,-18.68,-6.9
2026-07-27 13:36:28.529,0.22,-0.23,1.08,-48.77,-32.17,-54.32
2026-07-27 13:36:28.529,0.22,-0.23,1.08,-48.77,-32.17,-54.32
2026-07-27 13:36:28.529,0.23,-0.27,1.05,-73.36,-53.41,-93.99
2026-07-27 13:36:28.529,0.23,-0.27,1.05,-73.36,-53.41,-93.99
2026-07-27 13:36:28.831,0.23,-0.22,0.98,-59.69,-51.15,-101.32
2026-07-27 13:36:28.854,0.23,-0.22,0.98,-10.74,-11.54,-68.36
2026-07-27 13:36:28.855,0.22,-0.14,0.99,-10.74,-11.54,-68.36
2026-07-27 13:36:28.855,0.29,-0.14,1.16,23.44,27.65,-37.29
2026-07-27 13:36:28.855,0.29,-0.14,1.16,23.44,27.65,-37.29
2026-07-27 13:36:28.855,0.45,-0.13,1.39,8.3,62.87,-21.06
2026-07-27 13:36:28.856,0.45,-0.13,1.39,8.3,62.87,-21.06
2026-07-27 13:36:28.856,0.68,-0.11,1.5,-52.37,103.27,4.46
2026-07-27 13:36:28.856,0.68,-0.11,1.5,-52.37,103.27,4.46
2026-07-27 13:36:28.856,0.79,-0.2,1.56,-101.68,116.82,40.04
2026-07-27 13:36:28.883,0.42,-0.35,1.58,-108.76,62.07,70.43
2026-07-27 13:36:28.884,0.42,-0.35,1.58,-108.76,62.07,70.43
2026-07-27 13:36:29.051,-0.33,-0.43,1.56,-88.93,-45.9,83.31
2026-07-27 13:36:29.114,-0.33,-0.43,1.56,-88.93,-45.9,83.31
2026-07-27 13:36:29.115,-0.89,-0.33,1.28,-70.98,-128.78,69.64
2026-07-27 13:36:29.116,-0.89,-0.33,1.28,-70.98,-128.78,69.64
2026-07-27 13:36:29.116,-0.9,-0.13,0.6,-65.06,-118.23,37.41
2026-07-27 13:36:29.116,-0.52,-0.0,-0.01,-46.2,-51.33,4.21
2026-07-27 13:36:29.116,-0.52,-0.0,-0.01,-46.2,-51.33,4.21
2026-07-27 13:36:29.198,-0.1,0.02,-0.14,-5.25,-16.24,-16.05
2026-07-27 13:36:29.858,-0.1,0.02,-0.14,-5.25,-16.24,-16.05
2026-07-27 13:36:29.858,0.13,-0.03,0.06,33.87,-32.29,-14.95
2026-07-27 13:36:29.885,0.22,-0.1,0.31,51.27,-48.34,4.64
2026-07-27 13:36:29.885,0.22,-0.1,0.31,51.27,-48.34,4.64
2026-07-27 13:36:29.885,0.19,-0.17,0.49,49.5,-33.94,29.85
2026-07-27 13:36:29.885,0.19,-0.17,0.49,49.5,-33.94,29.85
2026-07-27 13:36:29.885,0.15,-0.19,0.62,36.74,-8.18,43.95
2026-07-27 13:36:29.886,0.15,-0.19,0.62,36.74,-8.18,43.95
2026-07-27 13:36:29.886,0.12,-0.17,0.71,25.02,17.58,49.87
2026-07-27 13:36:29.886,0.12,-0.17,0.71,25.02,17.58,49.87
2026-07-27 13:36:29.886,0.04,-0.14,0.83,29.3,44.98,63.42
2026-07-27 13:36:29.887,-0.11,-0.12,1.0,47.55,62.19,80.75
2026-07-27 13:36:29.887,-0.11,-0.12,1.0,47.55,62.19,80.75
2026-07-27 13:36:29.887,-0.21,-0.09,1.15,62.26,55.18,85.75
2026-07-27 13:36:29.887,-0.21,-0.09,1.15,62.26,55.18,85.75
2026-07-27 13:36:29.888,-0.19,-0.03,1.19,64.64,33.51,78.19
2026-07-27 13:36:29.888,-0.19,-0.03,1.19,64.64,33.51,78.19
2026-07-27 13:36:29.888,-0.12,0.04,1.19,61.34,17.76,70.25
2026-07-27 13:36:29.888,-0.06,0.09,1.17,57.56,17.03,68.6
2026-07-27 13:36:29.888,-0.06,0.09,1.17,57.56,17.03,68.6
2026-07-27 13:36:29.888,-0.04,0.07,1.09,50.35,32.04,71.9
2026-07-27 13:36:29.888,-0.04,0.07,1.09,50.35,32.04,71.9
2026-07-27 13:36:29.888,-0.07,0.02,0.98,42.36,52.86,77.58
2026-07-27 13:36:29.889,-0.07,0.02,0.98,42.36,52.86,77.58
2026-07-27 13:36:29.903,-0.12,-0.02,0.9,42.3,58.04,81.42
2026-07-27 13:36:29.932,-0.12,-0.02,0.9,42.3,58.04,81.42
2026-07-27 13:36:29.962,-0.17,-0.03,0.84,47.12,45.29,78.61
2026-07-27 13:36:29.997,-0.17,0.02,0.75,43.52,39.86,69.27
2026-07-27 13:36:29.998,-0.17,0.02,0.75,43.52,39.86,69.27
2026-07-27 13:36:29.998,-0.2,0.14,0.68,28.08,60.67,62.99
2026-07-27 13:36:29.998,-0.2,0.14,0.68,28.08,60.67,62.99
2026-07-27 13:36:29.998,-0.35,0.26,0.77,21.0,81.24,68.73
2026-07-27 13:36:29.998,-0.35,0.26,0.77,21.0,81.24,68.73
2026-07-27 13:36:29.998,-0.52,0.32,1.04,31.43,62.56,73.24
2026-07-27 13:36:29.998,-0.52,0.32,1.04,31.43,62.56,73.24
2026-07-27 13:36:30.072,-0.6,0.34,1.26,38.09,30.09,62.87
2026-07-27 13:36:30.309,-0.61,0.33,1.32,30.64,22.64,43.76
2026-07-27 13:36:30.371,-0.61,0.33,1.32,30.64,22.64,43.76
2026-07-27 13:36:30.390,-0.53,0.33,1.23,15.2,24.96,23.68
2026-07-27 13:36:30.391,-0.53,0.33,1.23,15.2,24.96,23.68
2026-07-27 13:36:30.391,-0.42,0.36,1.08,1.16,18.19,9.64
2026-07-27 13:36:30.391,-0.42,0.36,1.08,1.16,18.19,9.64
2026-07-27 13:36:30.391,-0.36,0.36,0.97,-3.66,5.86,8.85
2026-07-27 13:36:30.391,-0.34,0.3,0.88,-3.97,-1.83,20.26
2026-07-27 13:36:30.391,-0.34,0.3,0.88,-3.97,-1.83,20.26
2026-07-27 13:36:30.392,-0.37,0.22,0.79,-6.1,0.73,33.57
2026-07-27 13:36:30.392,-0.37,0.22,0.79,-6.1,0.73,33.57
2026-07-27 13:36:30.392,-0.41,0.14,0.81,-2.01,-3.97,36.68
2026-07-27 13:36:30.392,-0.41,0.14,0.81,-2.01,-3.97,36.68
2026-07-27 13:36:30.392,-0.45,0.07,0.94,10.8,-23.01,27.47
2026-07-27 13:36:30.392,-0.45,0.07,0.94,10.8,-23.01,27.47
2026-07-27 13:36:30.392,-0.46,0.02,1.05,20.57,-37.11,10.44
2026-07-27 13:36:30.570,-0.43,0.04,1.1,23.5,-43.7,-12.57
2026-07-27 13:36:30.570,-0.43,0.04,1.1,23.5,-43.7,-12.57
2026-07-27 13:36:30.603,-0.38,0.1,1.14,25.09,-49.38,-35.1
2026-07-27 13:36:30.603,-0.38,0.1,1.14,25.09,-49.38,-35.1
2026-07-27 13:36:30.603,-0.37,0.16,1.15,27.65,-53.59,-49.26
2026-07-27 13:36:30.603,-0.37,0.16,1.15,27.65,-53.59,-49.26
2026-07-27 13:36:30.603,-0.36,0.19,1.1,13.24,-51.57,-55.73
2026-07-27 13:36:30.604,-0.36,0.19,1.1,13.24,-51.57,-55.73
2026-07-27 13:36:30.604,-0.33,0.19,1.03,-20.32,-46.26,-61.95
2026-07-27 13:36:30.604,-0.3,0.17,0.99,-48.95,-46.08,-70.74
2026-07-27 13:36:30.604,-0.3,0.17,0.99,-48.95,-46.08,-70.74
2026-07-27 13:36:30.604,-0.26,0.17,0.94,-65.8,-45.29,-80.57
2026-07-27 13:36:30.604,-0.26,0.17,0.94,-65.8,-45.29,-80.57
2026-07-27 13:36:30.604,-0.2,0.17,0.86,-72.33,-44.01,-92.16
2026-07-27 13:36:30.605,-0.2,0.17,0.86,-72.33,-44.01,-92.16
2026-07-27 13:36:30.605,-0.14,0.19,0.8,-65.12,-41.14,-99.73
2026-07-27 13:36:30.652,-0.06,0.21,0.78,-49.13,-27.65,-94.67
2026-07-27 13:36:30.652,-0.06,0.21,0.78,-49.13,-27.65,-94.67
2026-07-27 13:36:30.662,0.04,0.22,0.83,-25.15,-14.4,-74.65
2026-07-27 13:36:30.668,0.04,0.22,0.83,-25.15,-14.4,-74.65
2026-07-27 13:36:30.668,0.04,0.17,0.95,14.71,-19.59,-46.94
2026-07-27 13:36:30.668,0.04,0.17,0.95,14.71,-19.59,-46.94
2026-07-27 13:36:30.669,-0.11,0.07,0.95,11.05,-9.89,-13.37
2026-07-27 13:36:30.669,-0.11,0.07,0.95,11.05,-9.89,-13.37
2026-07-27 13:36:30.724,-0.24,-0.04,0.82,-73.97,29.3,12.76
2026-07-27 13:36:30.743,-0.24,-0.11,0.8,-118.16,62.07,18.74
2026-07-27 13:36:31.147,-0.24,-0.11,0.8,-118.16,62.07,18.74
2026-07-27 13:36:31.147,-0.17,-0.12,0.87,-47.24,72.08,30.52
2026-07-27 13:36:31.147,-0.17,-0.12,0.87,-47.24,72.08,30.52
2026-07-27 13:36:31.171,-0.13,-0.07,0.98,28.56,32.29,65.12
2026-07-27 13:36:31.172,-0.13,-0.07,0.98,28.56,32.29,65.12
2026-07-27 13:36:31.172,-0.11,-0.06,1.08,30.03,-25.39,84.29
2026-07-27 13:36:31.172,-0.12,-0.08,1.08,8.91,-31.8,58.17
2026-07-27 13:36:31.172,-0.12,-0.08,1.08,8.91,-31.8,58.17
2026-07-27 13:36:31.172,-0.16,-0.08,1.03,3.91,-8.61,15.08
2026-07-27 13:36:31.173,-0.16,-0.08,1.03,3.91,-8.61,15.08
2026-07-27 13:36:31.173,-0.18,-0.04,0.97,5.74,-0.85,-11.9
2026-07-27 13:36:31.173,-0.18,-0.04,0.97,5.74,-0.85,-11.9
2026-07-27 13:36:31.173,-0.2,0.01,0.9,8.06,-3.17,-19.78
2026-07-27 13:36:31.173,-0.23,0.03,0.83,-0.79,1.28,-23.5
2026-07-27 13:36:31.173,-0.23,0.03,0.83,-0.79,1.28,-23.5
2026-07-27 13:36:31.173,-0.2,-0.04,0.85,-32.9,-6.9,-28.32
2026-07-27 13:36:31.173,-0.2,-0.04,0.85,-32.9,-6.9,-28.32
2026-07-27 13:36:31.185,-0.14,-0.14,0.97,-73.0,-38.88,-27.95
2026-07-27 13:36:31.185,-0.14,-0.14,0.97,-73.0,-38.88,-27.95
2026-07-27 13:36:31.413,-0.13,-0.17,1.04,-68.18,-38.7,-28.56
2026-07-27 13:36:31.421,-0.15,-0.15,1.04,-20.81,-5.92,-32.29
2026-07-27 13:36:31.422,-0.15,-0.15,1.04,-20.81,-5.92,-32.29
2026-07-27 13:36:31.422,-0.17,-0.13,1.01,11.05,13.24,-32.78
2026-07-27 13:36:31.422,-0.17,-0.13,1.01,11.05,13.24,-32.78
2026-07-27 13:36:31.422,-0.17,-0.12,0.97,17.82,19.23,-30.94
2026-07-27 13:36:31.422,-0.17,-0.12,0.97,17.82,19.23,-30.94
2026-07-27 13:36:31.422,-0.16,-0.12,0.94,15.08,16.91,-31.19
2026-07-27 13:36:31.422,-0.16,-0.12,0.94,15.08,16.91,-31.19
2026-07-27 13:36:31.422,-0.16,-0.13,0.91,11.11,15.75,-33.08
2026-07-27 13:36:31.448,-0.21,-0.16,0.94,10.68,18.43,-30.46
2026-07-27 13:36:31.458,-0.21,-0.16,0.94,10.68,18.43,-30.46
2026-07-27 13:36:31.458,-0.3,-0.24,1.05,11.84,25.02,-24.54
2026-07-27 13:36:32.707,-0.3,-0.24,1.05,11.84,25.02,-24.54
2026-07-27 13:36:32.716,-0.36,-0.34,1.12,7.08,24.05,-9.83
2026-07-27 13:36:32.716,-0.36,-0.34,1.12,7.08,24.05,-9.83
2026-07-27 13:36:32.716,-0.33,-0.41,0.98,-16.36,3.66,21.0
2026-07-27 13:36:32.721,-0.33,-0.41,0.98,-16.36,3.66,21.0
2026-07-27 13:36:32.728,-0.33,-0.41,0.98,-16.36,3.66,21.0
2026-07-27 13:36:32.732,-0.33,-0.41,0.98,-16.36,3.66,21.0
2026-07-27 13:36:32.733,0.19,0.33,0.41,-31.37,-29.72,68.24
2026-07-27 13:36:32.733,0.19,0.33,0.41,136.9,10.13,136.29
2026-07-27 13:36:32.733,0.67,0.92,0.15,136.9,10.13,136.29
2026-07-27 13:36:32.736,0.95,0.87,-0.11,501.46,-5.98,297.91
2026-07-27 13:36:32.736,0.95,0.87,-0.11,501.46,-5.98,297.91
2026-07-27 13:36:32.737,0.63,0.11,-0.39,743.59,-172.97,488.83
2026-07-27 13:36:32.741,0.63,0.11,-0.39,743.59,-172.97,488.83
2026-07-27 13:36:32.826,0.24,-0.39,-0.38,707.52,-198.43,522.71
2026-07-27 13:36:32.840,0.5,0.17,-0.03,359.31,51.57,348.69
2026-07-27 13:36:32.840,0.5,0.17,-0.03,359.31,51.57,348.69
2026-07-27 13:36:32.841,1.17,1.11,0.29,-0.67,182.25,139.65
2026-07-27 13:36:32.841,1.17,1.11,0.29,-0.67,182.25,139.65
2026-07-27 13:36:32.841,1.31,1.48,0.38,-9.77,95.95,50.84
2026-07-27 13:36:32.841,1.31,1.48,0.38,-9.77,95.95,50.84
2026-07-27 13:36:32.849,1.02,1.25,0.32,81.24,41.14,102.91
2026-07-27 13:36:32.849,1.02,1.25,0.32,100.71,70.92,173.46
2026-07-27 13:36:32.849,1.0,0.98,0.11,100.71,70.92,173.46
2026-07-27 13:36:33.245,1.45,1.13,0.01,87.89,107.42,103.82
2026-07-27 13:36:33.248,1.45,1.13,0.01,87.89,107.42,103.82
2026-07-27 13:36:33.252,1.61,1.84,0.22,193.05,161.99,-82.21
2026-07-27 13:36:33.255,1.61,1.84,0.22,193.05,161.99,-82.21
2026-07-27 13:36:33.262,1.14,1.94,0.49,358.64,248.29,-27.71
2026-07-27 13:36:33.262,1.14,1.94,0.49,358.64,248.29,-27.71
2026-07-27 13:36:33.262,0.87,1.06,0.12,380.31,274.48,282.96
2026-07-27 13:36:33.262,0.69,0.21,-0.35,279.79,230.53,453.31
2026-07-27 13:36:33.262,0.69,0.21,-0.35,279.79,230.53,453.31
2026-07-27 13:36:33.262,0.29,-0.52,0.58,160.71,258.18,413.27
2026-07-27 13:36:33.268,0.29,-0.52,0.58,160.71,258.18,413.27
2026-07-27 13:36:33.268,0.37,-0.51,1.03,88.32,187.99,188.17
2026-07-27 13:36:33.309,0.37,-0.51,1.03,88.32,187.99,188.17
2026-07-27 13:36:33.309,0.84,0.08,0.34,71.84,-30.94,-74.95
2026-07-27 13:36:33.310,0.93,0.33,0.45,55.79,-88.2,-121.4
2026-07-27 13:36:33.310,0.93,0.33,0.45,55.79,-88.2,-121.4
2026-07-27 13:36:33.310,0.98,0.37,0.77,12.88,-24.05,-42.79
2026-07-27 13:36:33.312,0.98,0.37,0.77,12.88,-24.05,-42.79
2026-07-27 13:36:33.312,1.53,0.52,0.78,-39.37,-4.88,-23.44
2026-07-27 13:36:33.313,1.53,0.52,0.78,-39.37,-4.88,-23.44
2026-07-27 13:36:33.313,1.96,0.72,0.81,-60.79,-39.79,-55.42
2026-07-27 13:36:33.439,1.96,0.72,0.81,-60.79,-39.79,-55.42
2026-07-27 13:36:33.444,1.66,1.12,0.76,-45.23,-111.45,-82.58
2026-07-27 13:36:33.447,0.73,1.42,0.65,-6.9,-169.98,-55.91
2026-07-27 13:36:33.501,0.73,1.42,0.65,-6.9,-169.98,-55.91
2026-07-27 13:36:33.501,-0.12,0.61,0.73,17.7,-144.17,71.04
2026-07-27 13:36:33.502,-0.12,0.61,0.73,17.7,-144.17,71.04
2026-07-27 13:36:33.541,0.03,-0.13,0.73,-1.16,-91.19,137.33
2026-07-27 13:36:33.542,0.03,-0.13,0.73,-1.16,-91.19,137.33
2026-07-27 13:36:33.543,0.62,0.17,0.19,-38.21,-131.59,33.69
2026-07-27 13:36:33.543,0.62,0.17,0.19,-38.21,-131.59,33.69
2026-07-27 13:36:33.543,0.86,0.59,-0.37,-119.87,-192.14,-82.89
2026-07-27 13:36:33.543,0.92,0.42,-0.45,-205.81,-175.9,-68.05
2026-07-27 13:36:33.543,0.92,0.42,-0.45,-205.81,-175.9,-68.05
2026-07-27 13:36:33.544,0.99,-0.15,-0.25,-167.42,-127.32,-6.71
2026-07-27 13:36:33.544,0.99,-0.15,-0.25,-167.42,-127.32,-6.71
2026-07-27 13:36:33.964,1.07,-0.27,-0.04,8.18,-71.84,-16.48
2026-07-27 13:36:33.971,1.07,-0.27,-0.04,8.18,-71.84,-16.48
2026-07-27 13:36:33.978,1.0,0.09,-0.0,218.26,-26.67,-47.06
2026-07-27 13:36:33.984,1.0,0.09,-0.0,311.89,-19.47,-20.32
2026-07-27 13:36:33.984,0.77,0.25,-0.07,311.89,-19.47,-20.32
2026-07-27 13:36:33.984,0.61,-0.01,-0.1,227.29,-26.25,82.21
2026-07-27 13:36:33.984,0.61,-0.01,-0.1,227.29,-26.25,82.21
2026-07-27 13:36:33.985,0.53,-0.38,-0.09,83.68,-6.29,157.1
2026-07-27 13:36:33.985,0.53,-0.38,-0.09,83.68,-6.29,157.1
2026-07-27 13:36:33.985,0.47,-0.53,-0.14,-1.53,53.89,135.07
2026-07-27 13:36:33.985,0.42,-0.47,-0.23,-9.52,86.12,91.37
2026-07-27 13:36:33.985,0.42,-0.47,-0.23,-9.52,86.12,91.37
2026-07-27 13:36:33.985,0.4,-0.4,-0.32,27.04,30.03,85.39
2026-07-27 13:36:33.985,0.4,-0.4,-0.32,27.04,30.03,85.39
2026-07-27 13:36:33.985,0.36,-0.46,-0.42,62.74,-65.19,104.43
2026-07-27 13:36:33.986,0.36,-0.46,-0.42,62.74,-65.19,104.43
2026-07-27 13:36:33.986,0.33,-0.61,-0.54,84.78,-122.07,122.86
2026-07-27 13:36:33.986,0.33,-0.61,-0.54,84.78,-122.07,122.86
2026-07-27 13:36:33.986,0.38,-0.8,-0.61,98.75,-117.55,129.33
2026-07-27 13:36:33.986,0.49,-0.98,-0.57,108.83,-81.36,122.44
2026-07-27 13:36:33.986,0.49,-0.98,-0.57,108.83,-81.36,122.44
2026-07-27 13:36:33.987,0.6,-1.11,-0.44,114.81,-43.15,98.14
2026-07-27 13:36:33.987,0.6,-1.11,-0.44,114.81,-43.15,98.14
2026-07-27 13:36:34.156,0.66,-1.15,-0.27,117.68,-16.78,52.86
2026-07-27 13:36:34.156,0.66,-1.15,-0.27,119.87,1.53,-11.11
2026-07-27 13:36:34.156,0.66,-1.14,-0.09,119.87,1.53,-11.11
2026-07-27 13:36:34.172,0.64,-1.16,0.09,107.6,19.78,-70.62
2026-07-27 13:36:34.172,0.64,-1.16,0.09,107.6,19.78,-70.62
2026-07-27 13:36:34.173,0.63,-1.11,0.19,81.91,29.05,-107.67
2026-07-27 13:36:34.173,0.63,-1.11,0.19,81.91,29.05,-107.67
2026-07-27 13:36:34.173,0.62,-0.93,0.17,54.63,26.18,-121.34
2026-07-27 13:36:34.173,0.62,-0.93,0.17,54.63,26.18,-121.34
2026-07-27 13:36:34.174,0.64,-0.71,0.08,33.69,22.95,-113.89
2026-07-27 13:36:34.174,0.69,-0.53,-0.02,22.95,23.01,-100.83
2026-07-27 13:36:34.174,0.69,-0.53,-0.02,22.95,23.01,-100.83
2026-07-27 13:36:34.174,0.78,-0.41,-0.07,14.22,22.09,-94.85
2026-07-27 13:36:34.217,0.78,-0.41,-0.07,14.22,22.09,-94.85
2026-07-27 13:36:34.223,0.86,-0.33,-0.1,5.62,19.35,-98.39
2026-07-27 13:36:34.224,0.86,-0.33,-0.1,5.62,19.35,-98.39
2026-07-27 13:36:34.224,0.89,-0.27,-0.05,2.5,26.98,-96.62
2026-07-27 13:36:34.225,0.89,-0.27,-0.05,2.5,26.98,-96.62
2026-07-27 13:36:34.226,0.91,-0.21,0.1,4.33,41.87,-74.95
2026-07-27 13:36:34.230,0.97,-0.19,0.23,11.17,43.46,-52.19
2026-07-27 13:36:34.230,0.97,-0.19,0.23,11.17,43.46,-52.19
2026-07-27 13:36:34.230,1.06,-0.19,0.28,23.68,33.02,-37.29
2026-07-27 13:36:34.230,1.06,-0.19,0.28,23.68,33.02,-37.29
2026-07-27 13:36:34.231,1.07,-0.15,0.22,26.0,19.23,-9.34
2026-07-27 13:36:34.233,1.07,-0.15,0.22,26.0,19.23,-9.34
2026-07-27 13:36:34.233,1.05,-0.13,0.13,19.59,9.89,30.88
2026-07-27 13:36:34.238,1.05,-0.13,0.13,19.59,9.89,30.88
2026-07-27 13:36:34.238,1.03,-0.18,0.23,22.03,5.25,61.04
2026-07-27 13:36:34.239,1.03,-0.18,0.23,22.03,5.25,61.04
2026-07-27 13:36:34.239,0.95,-0.26,0.45,30.94,6.23,77.82
2026-07-27 13:36:34.239,0.73,-0.38,0.53,40.22,26.67,78.49
2026-07-27 13:36:34.241,0.73,-0.38,0.53,40.22,26.67,78.49
2026-07-27 13:36:34.241,0.51,-0.5,0.52,33.94,30.46,57.74
2026-07-27 13:36:34.241,0.51,-0.5,0.52,33.94,30.46,57.74
2026-07-27 13:36:34.243,0.42,-0.55,0.49,1.59,10.74,19.23
2026-07-27 13:36:34.244,0.42,-0.55,0.49,1.59,10.74,19.23
2026-07-27 13:36:34.244,0.48,-0.52,0.41,-36.87,24.78,-33.94
2026-07-27 13:36:34.244,0.66,-0.42,0.31,-58.84,67.69,-92.35
2026-07-27 13:36:34.244,0.66,-0.42,0.31,-58.84,67.69,-92.35
2026-07-27 13:36:34.244,0.84,-0.28,0.25,-54.57,91.61,-131.9
2026-07-27 13:36:34.266,0.84,-0.28,0.25,-54.57,91.61,-131.9
2026-07-27 13:36:34.267,1.02,-0.12,0.23,-30.33,60.85,-136.84
2026-07-27 13:36:34.324,1.02,-0.12,0.23,-1.1,-9.77,-110.53
2026-07-27 13:36:34.328,1.19,0.03,0.27,-1.1,-9.77,-110.53
2026-07-27 13:36:34.405,1.27,0.12,0.35,17.76,-58.65,-65.92
2026-07-27 13:36:34.430,1.27,0.12,0.35,17.76,-58.65,-65.92
2026-07-27 13:36:34.431,1.25,0.13,0.41,14.22,-53.04,-16.66
2026-07-27 13:36:34.440,1.25,0.13,0.41,14.22,-53.04,-16.66
2026-07-27 13:36:34.450,1.16,0.06,0.41,-9.7,-19.53,23.86
2026-07-27 13:36:35.220,1.16,0.06,0.41,-9.7,-19.53,23.86
2026-07-27 13:36:35.224,0.99,-0.05,0.35,-33.94,2.56,48.34
2026-07-27 13:36:35.224,0.78,-0.19,0.24,-41.99,4.15,51.39
2026-07-27 13:36:35.225,0.78,-0.19,0.24,-41.99,4.15,51.39
2026-07-27 13:36:35.225,0.71,-0.29,0.2,-29.6,-9.83,30.21
2026-07-27 13:36:35.225,0.71,-0.29,0.2,-29.6,-9.83,30.21
2026-07-27 13:36:35.225,0.79,-0.31,0.25,-11.9,-24.96,0.55
2026-07-27 13:36:35.228,0.79,-0.31,0.25,-11.9,-24.96,0.55
2026-07-27 13:36:35.228,0.89,-0.29,0.29,-10.38,-24.54,-16.36
2026-07-27 13:36:35.230,0.89,-0.29,0.29,-27.1,-13.18,-17.88
2026-07-27 13:36:35.279,0.97,-0.27,0.26,-27.1,-13.18,-17.88
2026-07-27 13:36:35.553,1.01,-0.27,0.17,-45.53,-6.96,-11.84
2026-07-27 13:36:35.560,1.01,-0.27,0.17,-45.53,-6.96,-11.84
2026-07-27 13:36:35.571,1.03,-0.25,0.12,-47.85,-11.96,-1.89
2026-07-27 13:36:35.571,1.03,-0.25,0.12,-47.85,-11.96,-1.89
2026-07-27 13:36:35.571,1.04,-0.22,0.14,-35.89,-20.2,12.51
2026-07-27 13:36:35.572,1.04,-0.22,0.14,-35.89,-20.2,12.51
2026-07-27 13:36:35.572,1.0,-0.21,0.15,-24.41,-24.05,27.47
2026-07-27 13:36:35.572,0.94,-0.26,0.12,-21.97,-22.89,35.16
2026-07-27 13:36:35.572,0.94,-0.26,0.12,-21.97,-22.89,35.16
2026-07-27 13:36:35.572,0.88,-0.34,0.05,-22.52,-15.56,32.53
2026-07-27 13:36:35.572,0.88,-0.34,0.05,-22.52,-15.56,32.53
2026-07-27 13:36:35.572,0.84,-0.38,0.02,-14.47,-8.24,20.2
2026-07-27 13:36:35.572,0.84,-0.38,0.02,-0.79,-6.96,4.46
2026-07-27 13:36:35.572,0.88,-0.37,0.05,-0.79,-6.96,4.46
2026-07-27 13:36:35.573,0.93,-0.35,0.08,5.19,-4.03,-4.82
2026-07-27 13:36:35.573,0.93,-0.35,0.08,5.19,-4.03,-4.82
2026-07-27 13:36:35.573,0.94,-0.35,0.08,0.67,1.95,-6.47
2026-07-27 13:36:35.573,0.94,-0.35,0.08,0.67,1.95,-6.47
2026-07-27 13:36:35.573,0.95,-0.34,0.08,-4.27,2.38,-5.55
2026-07-27 13:36:35.573,0.95,-0.34,0.08,-4.27,2.38,-5.55
2026-07-27 13:36:35.573,0.98,-0.29,0.12,-4.33,-2.08,-3.6
2026-07-27 13:36:35.573,0.98,-0.29,0.12,-4.33,-2.08,-3.6
2026-07-27 13:36:35.573,1.01,-0.25,0.18,-5.07,-6.35,1.77
2026-07-27 13:36:35.573,1.01,-0.25,0.18,-5.07,-6.35,1.77
2026-07-27 13:36:35.573,1.03,-0.22,0.23,-12.45,-12.15,12.08
2026-07-27 13:36:35.574,0.95,-0.25,0.2,-27.83,-19.78,25.33
2026-07-27 13:36:35.574,0.95,-0.25,0.2,-27.83,-19.78,25.33
2026-07-27 13:36:35.583,0.82,-0.36,0.03,-43.21,-25.82,29.72
2026-07-27 13:36:35.583,0.82,-0.36,0.03,-43.21,-25.82,29.72
2026-07-27 13:36:35.583,0.81,-0.47,-0.1,-41.44,-23.13,17.82
2026-07-27 13:36:35.583,0.81,-0.47,-0.1,-41.44,-23.13,17.82
2026-07-27 13:36:35.583,0.89,-0.49,-0.09,-21.18,-11.17,5.07
2026-07-27 13:36:35.590,0.89,-0.49,-0.09,-21.18,-11.17,5.07
2026-07-27 13:36:35.591,0.94,-0.43,-0.02,-1.22,-1.1,3.78
2026-07-27 13:36:35.591,0.96,-0.38,0.02,4.46,3.11,9.83
2026-07-27 13:36:35.591,0.96,-0.38,0.02,4.46,3.11,9.83
2026-07-27 13:36:35.591,0.95,-0.4,0.01,-1.4,5.31,17.64
2026-07-27 13:36:35.591,0.95,-0.4,0.01,-1.4,5.31,17.64
2026-07-27 13:36:35.591,0.9,-0.47,-0.02,-5.74,2.56,22.22
2026-07-27 13:36:35.724,0.9,-0.47,-0.02,-5.74,2.56,22.22
2026-07-27 13:36:35.803,0.83,-0.48,-0.03,-4.7,-12.51,19.23
2026-07-27 13:36:35.824,0.83,-0.48,-0.03,-4.7,-12.51,19.23
2026-07-27 13:36:35.852,0.82,-0.42,0.01,-5.13,-35.83,7.51
2026-07-27 13:36:35.853,0.87,-0.35,-0.0,-13.61,-52.06,-6.41
2026-07-27 13:36:35.853,0.87,-0.35,-0.0,-13.61,-52.06,-6.41
2026-07-27 13:36:35.853,0.94,-0.35,-0.09,-26.31,-49.38,-12.51
2026-07-27 13:36:35.853,0.94,-0.35,-0.09,-26.31,-49.38,-12.51
2026-07-27 13:36:35.853,0.97,-0.39,-0.17,-31.01,-29.66,-8.18
2026-07-27 13:36:35.853,0.97,-0.39,-0.17,-31.01,-29.66,-8.18
2026-07-27 13:36:36.003,0.93,-0.43,-0.2,-21.91,-10.86,3.3
2026-07-27 13:36:36.021,0.85,-0.47,-0.19,-4.33,-4.33,12.15
2026-07-27 13:36:36.036,0.85,-0.47,-0.19,-4.33,-4.33,12.15
2026-07-27 13:36:36.046,0.82,-0.47,-0.16,10.25,-0.37,9.16
2026-07-27 13:36:36.061,0.82,-0.47,-0.16,10.25,-0.37,9.16
2026-07-27 13:36:36.084,0.84,-0.46,-0.13,15.62,7.45,-1.34
2026-07-27 13:36:36.135,0.84,-0.46,-0.13,15.62,7.45,-1.34
2026-07-27 13:36:36.139,0.86,-0.46,-0.13,15.38,14.83,-9.34
2026-07-27 13:36:36.182,0.86,-0.46,-0.13,15.38,14.83,-9.34
2026-07-27 13:36:36.183,0.85,-0.48,-0.12,15.56,18.19,-13.18
2026-07-27 13:36:36.197,0.85,-0.48,-0.12,10.38,17.09,-22.03
2026-07-27 13:36:36.197,0.81,-0.47,-0.13,10.38,17.09,-22.03
2026-07-27 13:36:36.197,0.81,-0.41,-0.13,-2.62,16.6,-41.63
2026-07-27 13:36:36.197,0.81,-0.41,-0.13,-2.62,16.6,-41.63
2026-07-27 13:36:36.197,0.9,-0.31,-0.1,-8.0,14.22,-61.71
2026-07-27 13:36:36.212,0.9,-0.31,-0.1,-8.0,14.22,-61.71
2026-07-27 13:36:36.212,0.99,-0.22,-0.06,1.34,1.4,-65.98
2026-07-27 13:36:36.212,0.99,-0.22,-0.06,1.34,1.4,-65.98
2026-07-27 13:36:36.565,1.02,-0.17,-0.05,13.0,-10.44,-52.67
2026-07-27 13:36:36.590,1.05,-0.17,-0.05,17.58,-1.95,-35.52
2026-07-27 13:36:36.590,1.05,-0.17,-0.05,17.58,-1.95,-35.52
2026-07-27 13:36:36.590,1.07,-0.2,-0.04,18.31,19.96,-19.9
2026-07-27 13:36:36.591,1.07,-0.2,-0.04,18.31,19.96,-19.9
2026-07-27 13:36:36.591,0.99,-0.25,-0.01,21.79,31.49,-3.23
2026-07-27 13:36:36.591,0.99,-0.25,-0.01,21.79,31.49,-3.23
2026-07-27 13:36:36.591,0.89,-0.27,0.05,27.16,26.92,7.45
2026-07-27 13:36:36.592,0.89,-0.27,0.05,25.63,19.35,4.39
2026-07-27 13:36:36.592,0.87,-0.27,0.11,25.63,19.35,4.39
2026-07-27 13:36:36.592,0.91,-0.25,0.1,15.14,15.99,-6.04
2026-07-27 13:36:36.592,0.91,-0.25,0.1,15.14,15.99,-6.04
2026-07-27 13:36:36.592,0.92,-0.19,0.05,8.18,12.82,-14.1
2026-07-27 13:36:36.592,0.92,-0.19,0.05,8.18,12.82,-14.1
2026-07-27 13:36:36.592,0.95,-0.1,0.07,14.34,6.53,-19.47
2026-07-27 13:36:36.594,0.95,-0.1,0.07,14.34,6.53,-19.47
2026-07-27 13:36:36.596,1.03,-0.03,0.15,21.91,2.62,-25.09
2026-07-27 13:36:36.722,1.1,-0.02,0.21,14.28,7.93,-28.02
2026-07-27 13:36:36.760,1.1,-0.02,0.21,14.28,7.93,-28.02
2026-07-27 13:36:36.761,1.1,-0.07,0.17,-6.53,16.97,-24.41
2026-07-27 13:36:36.761,1.1,-0.07,0.17,-6.53,16.97,-24.41
2026-07-27 13:36:36.761,1.02,-0.14,0.1,-23.38,21.48,-16.17
2026-07-27 13:36:36.782,1.02,-0.14,0.1,-23.38,21.48,-16.17
2026-07-27 13:36:36.878,0.92,-0.19,0.07,-23.99,18.43,-8.73
2026-07-27 13:36:36.878,0.92,-0.19,0.07,-23.99,18.43,-8.73
2026-07-27 13:36:36.879,0.88,-0.19,0.1,-12.39,10.19,-7.57
2026-07-27 13:36:36.879,0.92,-0.17,0.15,-2.14,7.81,-12.76
2026-07-27 13:36:36.930,0.92,-0.17,0.15,-2.14,7.81,-12.76
2026-07-27 13:36:36.963,0.99,-0.13,0.14,-0.37,16.78,-17.88
2026-07-27 13:36:36.963,0.99,-0.13,0.14,-0.37,16.78,-17.88
2026-07-27 13:36:36.963,1.01,-0.1,0.12,0.67,27.28,-17.64
2026-07-27 13:36:36.963,1.01,-0.1,0.12,0.67,27.28,-17.64
2026-07-27 13:36:37.022,0.99,-0.08,0.14,8.36,29.24,-13.37
2026-07-27 13:36:37.035,0.99,-0.08,0.14,8.36,29.24,-13.37
2026-07-27 13:36:37.035,0.99,-0.05,0.17,16.97,25.21,-10.68
2026-07-27 13:36:37.038,1.0,-0.03,0.2,18.19,18.92,-10.86
2026-07-27 13:36:37.041,1.0,-0.03,0.2,18.19,18.92,-10.86
2026-07-27 13:36:37.086,1.0,-0.02,0.21,12.51,10.93,-11.23
2026-07-27 13:36:37.090,1.0,-0.02,0.21,12.51,10.93,-11.23
2026-07-27 13:36:37.200,1.0,-0.01,0.21,6.1,5.13,-11.11
2026-07-27 13:36:37.201,1.01,0.0,0.22,2.62,4.27,-10.86
2026-07-27 13:36:37.202,1.01,0.0,0.22,2.62,4.27,-10.86
2026-07-27 13:36:37.261,0.99,0.02,0.26,1.89,6.35,-9.58
2026-07-27 13:36:37.264,0.99,0.02,0.26,1.89,6.35,-9.58
2026-07-27 13:36:37.264,0.92,0.04,0.32,-1.22,11.41,-10.74
2026-07-27 13:36:37.264,0.92,0.04,0.32,-1.22,11.41,-10.74
2026-07-27 13:36:37.410,0.9,0.04,0.36,-12.33,24.29,-21.85
2026-07-27 13:36:37.468,0.9,0.04,0.36,-12.33,24.29,-21.85
2026-07-27 13:36:37.477,0.97,0.02,0.35,-28.14,40.83,-36.38
2026-07-27 13:36:37.477,1.03,-0.01,0.28,-34.24,39.37,-34.18
2026-07-27 13:36:37.477,1.03,-0.01,0.28,-34.24,39.37,-34.18
2026-07-27 13:36:37.478,1.0,-0.03,0.23,-22.09,14.1,-12.33
2026-07-27 13:36:37.478,1.0,-0.03,0.23,-22.09,14.1,-12.33
2026-07-27 13:36:37.478,0.95,-0.04,0.2,-4.09,-9.95,6.65
2026-07-27 13:36:37.478,0.95,-0.04,0.2,-4.09,-9.95,6.65
2026-07-27 13:36:37.478,0.98,-0.02,0.19,6.23,-15.14,8.48
2026-07-27 13:36:37.499,0.98,-0.02,0.19,9.34,-5.19,1.22
2026-07-27 13:36:37.507,1.03,0.03,0.19,9.34,-5.19,1.22
2026-07-27 13:36:37.507,1.09,0.1,0.21,14.89,4.33,-1.53
2026-07-27 13:36:37.852,1.09,0.1,0.21,14.89,4.33,-1.53
2026-07-27 13:36:37.853,1.12,0.12,0.26,25.21,3.42,8.3
2026-07-27 13:36:37.853,1.12,0.12,0.26,25.21,3.42,8.3
2026-07-27 13:36:37.853,1.05,0.05,0.28,28.69,5.07,24.6
2026-07-27 13:36:37.875,1.05,0.05,0.28,28.69,5.07,24.6
2026-07-27 13:36:37.875,0.94,-0.04,0.26,22.09,16.3,33.63
2026-07-27 13:36:37.876,0.94,-0.04,0.26,22.09,16.3,33.63
2026-07-27 13:36:37.876,0.87,-0.11,0.26,16.97,25.76,31.74
2026-07-27 13:36:37.876,0.88,-0.13,0.31,16.36,27.77,23.01
2026-07-27 13:36:37.876,0.88,-0.13,0.31,16.36,27.77,23.01
2026-07-27 13:36:37.877,0.93,-0.11,0.37,9.34,22.58,10.68
2026-07-27 13:36:37.877,0.93,-0.11,0.37,9.34,22.58,10.68
2026-07-27 13:36:37.877,0.92,-0.09,0.39,-8.97,8.24,-0.49
2026-07-27 13:36:37.877,0.92,-0.09,0.39,-8.97,8.24,-0.49
2026-07-27 13:36:38.049,0.84,-0.08,0.37,-21.48,-8.54,-5.25
2026-07-27 13:36:38.050,0.84,-0.08,0.37,-14.71,-15.32,-6.84
2026-07-27 13:36:38.050,0.8,-0.06,0.37,-14.71,-15.32,-6.84
2026-07-27 13:36:38.052,0.82,-0.03,0.4,1.53,-10.5,-11.54
2026-07-27 13:36:38.052,0.82,-0.03,0.4,1.53,-10.5,-11.54
2026-07-27 13:36:38.053,0.86,0.01,0.44,12.76,0.37,-19.17
2026-07-27 13:36:38.054,0.86,0.01,0.44,12.76,0.37,-19.17
2026-07-27 13:36:38.056,0.92,0.05,0.45,13.18,9.83,-26.0
2026-07-27 13:36:38.056,0.92,0.05,0.45,13.18,9.83,-26.0
2026-07-27 13:36:38.057,0.95,0.08,0.44,7.39,13.31,-27.4
2026-07-27 13:36:38.122,0.97,0.1,0.42,2.44,10.5,-22.46
2026-07-27 13:36:38.129,0.97,0.1,0.42,2.44,10.5,-22.46
2026-07-27 13:36:38.246,0.97,0.09,0.4,-0.37,5.62,-14.4
2026-07-27 13:36:38.275,0.97,0.09,0.4,-0.37,5.62,-14.4
2026-07-27 13:36:38.289,0.96,0.07,0.38,-3.42,4.76,-7.02
2026-07-27 13:36:38.289,0.96,0.07,0.38,-3.42,4.76,-7.02
2026-07-27 13:36:38.289,0.94,0.04,0.36,-6.59,8.3,-2.62
2026-07-27 13:36:38.289,0.94,0.04,0.36,-6.59,8.3,-2.62
2026-07-27 13:36:38.350,0.93,0.03,0.36,-8.18,10.62,-1.22
2026-07-27 13:36:38.371,0.92,0.02,0.36,-7.93,8.91,-1.16
2026-07-27 13:36:38.371,0.92,0.02,0.36,-7.93,8.91,-1.16
2026-07-27 13:36:38.371,0.91,0.03,0.39,-5.62,6.53,-1.83
2026-07-27 13:36:38.371,0.91,0.03,0.39,-5.62,6.53,-1.83
2026-07-27 13:36:38.413,0.91,0.06,0.42,-2.14,4.7,-2.99
2026-07-27 13:36:38.586,0.91,0.06,0.42,-2.14,4.7,-2.99
2026-07-27 13:36:38.586,0.92,0.08,0.44,0.0,2.62,-3.6
2026-07-27 13:36:38.592,0.92,0.08,0.44,0.0,2.62,-3.6
2026-07-27 13:36:38.592,0.96,0.09,0.43,-1.28,1.4,-2.5
2026-07-27 13:36:38.592,0.96,0.09,0.43,-1.28,1.4,-2.5
2026-07-27 13:36:38.765,0.99,0.08,0.39,-4.03,2.14,1.46
2026-07-27 13:36:38.766,0.98,0.06,0.37,-4.21,3.72,8.42
2026-07-27 13:36:38.766,0.98,0.06,0.37,-4.21,3.72,8.42
2026-07-27 13:36:38.766,0.94,0.03,0.37,-2.56,4.39,15.56
2026-07-27 13:36:38.766,0.94,0.03,0.37,-2.56,4.39,15.56
2026-07-27 13:36:38.766,0.92,0.01,0.37,-3.05,5.25,18.01
2026-07-27 13:36:39.322,0.92,0.01,0.37,-3.05,5.25,18.01
2026-07-27 13:36:39.345,0.92,-0.01,0.37,-4.46,6.1,16.36
2026-07-27 13:36:39.518,0.92,-0.01,0.37,-4.46,6.1,16.36
2026-07-27 13:36:39.518,0.93,-0.02,0.37,-4.03,6.04,14.77
2026-07-27 13:36:39.519,0.93,-0.02,0.37,-2.93,7.45,14.16
2026-07-27 13:36:39.616,0.92,-0.04,0.37,-2.93,7.45,14.16
2026-07-27 13:36:39.616,0.91,-0.06,0.37,-2.32,11.54,13.06
2026-07-27 13:36:39.617,0.91,-0.06,0.37,-2.32,11.54,13.06
2026-07-27 13:36:39.617,0.9,-0.07,0.38,-0.92,15.32,10.93
2026-07-27 13:36:39.617,0.9,-0.07,0.38,-0.92,15.32,10.93
2026-07-27 13:36:39.617,0.88,-0.06,0.41,2.62,16.11,9.16
2026-07-27 13:36:39.617,0.88,-0.06,0.41,2.62,16.11,9.16
2026-07-27 13:36:39.617,0.87,-0.06,0.43,6.84,15.2,8.61
2026-07-27 13:36:39.617,0.85,-0.07,0.46,10.38,14.71,8.79
2026-07-27 13:36:39.617,0.85,-0.07,0.46,10.38,14.71,8.79
2026-07-27 13:36:39.617,0.84,-0.08,0.49,15.26,13.61,8.79
2026-07-27 13:36:39.617,0.84,-0.08,0.49,15.26,13.61,8.79
2026-07-27 13:36:39.618,0.83,-0.07,0.53,22.22,8.67,8.0
2026-07-27 13:36:39.618,0.83,-0.07,0.53,22.22,8.67,8.0
2026-07-27 13:36:39.618,0.83,-0.03,0.57,28.99,0.31,7.14
2026-07-27 13:36:39.618,0.84,0.01,0.6,30.58,-6.16,5.25
2026-07-27 13:36:39.618,0.84,0.01,0.6,30.58,-6.16,5.25
2026-07-27 13:36:39.618,0.87,0.03,0.59,22.71,-7.32,0.18
2026-07-27 13:36:39.618,0.87,0.03,0.59,22.71,-7.32,0.18
2026-07-27 13:36:39.650,0.93,0.04,0.53,9.34,-4.7,-6.29
2026-07-27 13:36:39.651,0.93,0.04,0.53,9.34,-4.7,-6.29
2026-07-27 13:36:39.691,1.01,0.06,0.44,-2.01,-0.43,-10.56
2026-07-27 13:36:39.691,1.01,0.06,0.44,-2.01,-0.43,-10.56
2026-07-27 13:36:39.691,1.16,0.09,0.34,-11.78,6.1,-11.17
2026-07-27 13:36:39.691,1.25,0.09,0.25,-21.42,15.81,1.83
2026-07-27 13:36:39.691,1.25,0.09,0.25,-21.42,15.81,1.83
2026-07-27 13:36:39.691,1.07,-0.02,0.32,-14.95,22.95,41.63
2026-07-27 13:36:39.691,1.07,-0.02,0.32,-14.95,22.95,41.63
2026-07-27 13:36:39.691,0.81,-0.2,0.54,11.66,20.2,86.85
2026-07-27 13:36:39.691,0.81,-0.2,0.54,11.66,20.2,86.85
2026-07-27 13:36:39.691,0.65,-0.41,0.64,34.85,-5.55,108.58
2026-07-27 13:36:39.691,0.65,-0.41,0.64,34.85,-5.55,108.58
2026-07-27 13:36:39.691,0.57,-0.54,0.56,55.97,-79.65,113.1
2026-07-27 13:36:39.691,0.61,-0.51,0.46,82.76,-165.65,93.87
2026-07-27 13:36:39.691,0.61,-0.51,0.46,82.76,-165.65,93.87
2026-07-27 13:36:39.691,0.78,-0.38,0.34,89.11,-177.0,36.74
2026-07-27 13:36:39.857,0.78,-0.38,0.34,89.11,-177.0,36.74
2026-07-27 13:36:39.858,1.02,-0.26,0.16,64.7,-107.79,-28.44
2026-07-27 13:36:39.861,1.02,-0.26,0.16,64.7,-107.79,-28.44
2026-07-27 13:36:39.864,1.2,-0.24,-0.08,33.57,-23.13,-63.05
2026-07-27 13:36:39.865,1.2,-0.32,-0.21,29.97,33.63,-58.41
2026-07-27 13:36:39.865,1.2,-0.32,-0.21,29.97,33.63,-58.41
2026-07-27 13:36:39.865,0.93,-0.39,-0.05,70.07,48.03,-28.08
2026-07-27 13:36:39.866,0.93,-0.39,-0.05,70.07,48.03,-28.08
2026-07-27 13:36:39.868,0.59,-0.27,0.33,130.13,11.23,-3.78
2026-07-27 13:36:39.869,0.59,-0.27,0.33,130.13,11.23,-3.78
2026-07-27 13:36:39.869,0.66,0.0,0.62,152.89,-40.65,-23.13
2026-07-27 13:36:39.869,0.66,0.0,0.62,100.04,-35.03,-75.81
2026-07-27 13:36:39.869,1.02,0.22,0.56,100.04,-35.03,-75.81
2026-07-27 13:36:39.870,1.27,0.28,0.27,11.23,24.78,-111.08
2026-07-27 13:36:39.906,1.27,0.28,0.27,11.23,24.78,-111.08
2026-07-27 13:36:39.906,1.28,0.32,0.08,-38.21,66.41,-97.78
2026-07-27 13:36:39.906,1.28,0.32,0.08,-38.21,66.41,-97.78
2026-07-27 13:36:40.004,1.05,0.38,0.14,-26.12,55.54,-41.99
2026-07-27 13:36:40.086,0.86,0.48,0.39,9.83,19.29,8.48
2026-07-27 13:36:40.086,0.86,0.48,0.39,9.83,19.29,8.48
2026-07-27 13:36:40.086,0.81,0.48,0.53,10.01,24.54,18.13
2026-07-27 13:36:40.086,0.81,0.48,0.53,10.01,24.54,18.13
2026-07-27 13:36:40.299,0.73,0.31,0.39,-31.62,85.57,-0.73
2026-07-27 13:36:40.299,0.73,0.31,0.39,-31.62,85.57,-0.73
2026-07-27 13:36:40.471,0.72,0.2,0.31,-50.78,115.23,-26.06
2026-07-27 13:36:40.471,0.72,0.2,0.31,-50.78,115.23,-26.06
2026-07-27 13:36:40.471,0.8,0.22,0.44,-30.21,77.82,-42.85
2026-07-27 13:36:40.474,0.78,0.22,0.6,-11.96,41.44,-45.96
2026-07-27 13:36:40.589,0.78,0.22,0.6,-11.96,41.44,-45.96
2026-07-27 13:36:40.590,0.64,0.15,0.67,-13.0,44.62,-40.77
2026-07-27 13:36:40.590,0.64,0.15,0.67,-13.0,44.62,-40.77
2026-07-27 13:36:40.590,0.43,0.06,0.66,-20.14,61.28,-36.62
2026-07-27 13:36:40.590,0.43,0.06,0.66,-20.14,61.28,-36.62
2026-07-27 13:36:40.590,0.26,0.04,0.61,-19.41,62.62,-41.14
2026-07-27 13:36:40.640,0.26,0.11,0.58,-7.08,37.96,-52.55
2026-07-27 13:36:40.640,0.26,0.11,0.58,-7.08,37.96,-52.55
2026-07-27 13:36:40.640,0.46,0.2,0.61,9.22,2.5,-56.34
2026-07-27 13:36:40.641,0.46,0.2,0.61,9.22,2.5,-56.34
2026-07-27 13:36:40.641,0.63,0.28,0.67,7.51,-21.79,-38.33
2026-07-27 13:36:40.641,0.63,0.28,0.67,7.51,-21.79,-38.33
2026-07-27 13:36:40.641,0.59,0.36,0.74,-16.24,-51.88,-2.87
2026-07-27 13:36:40.696,0.59,0.36,0.74,-16.24,-51.88,-2.87
2026-07-27 13:36:40.712,0.59,0.36,0.74,-16.24,-51.88,-2.87
2026-07-27 13:36:40.712,0.59,0.36,0.74,-16.24,-51.88,-2.87
2026-07-27 13:36:40.721,0.48,0.56,1.17,-33.94,-20.02,10.68
2026-07-27 13:36:40.721,0.48,0.56,1.17,-33.94,-20.02,10.68
2026-07-27 13:36:40.721,0.48,0.56,1.17,-33.94,-20.02,10.68
2026-07-27 13:36:40.739,0.48,0.56,1.17,-33.94,-20.02,10.68
2026-07-27 13:36:40.753,0.55,0.03,1.08,-60.55,91.19,-40.89
2026-07-27 13:36:40.753,0.75,-0.08,0.99,-58.23,25.57,-73.12
2026-07-27 13:36:40.753,0.75,-0.08,0.99,-58.23,25.57,-73.12
2026-07-27 13:36:40.753,1.0,0.13,0.96,-50.6,-61.71,-95.95
2026-07-27 13:36:40.753,1.0,0.13,0.96,-50.6,-61.71,-95.95
2026-07-27 13:36:40.753,0.92,0.35,0.9,-60.49,-56.7,-78.25
2026-07-27 13:36:40.754,0.92,0.35,0.9,-60.49,-56.7,-78.25
2026-07-27 13:36:40.945,0.6,0.68,0.79,-81.6,31.37,-42.18
2026-07-27 13:36:40.945,0.68,1.29,0.56,-86.3,57.74,-27.77
2026-07-27 13:36:40.966,0.68,1.29,0.56,-86.3,57.74,-27.77
2026-07-27 13:36:40.996,1.03,1.57,-0.2,-82.7,-13.12,-8.97
2026-07-27 13:36:41.007,1.03,1.57,-0.2,-82.7,-13.12,-8.97
2026-07-27 13:36:41.353,1.01,1.25,-0.72,-39.86,-50.35,36.01
2026-07-27 13:36:41.357,1.01,1.25,-0.72,-39.86,-50.35,36.01
2026-07-27 13:36:41.421,0.68,0.85,-0.21,77.58,-2.44,60.24
2026-07-27 13:36:41.422,0.68,0.85,-0.21,77.58,-2.44,60.24
2026-07-27 13:36:41.422,0.48,0.69,0.55,194.46,23.38,26.18
2026-07-27 13:36:41.422,0.53,0.7,1.01,252.14,-28.26,-36.01
2026-07-27 13:36:41.422,0.53,0.7,1.01,252.14,-28.26,-36.01
2026-07-27 13:36:41.422,0.64,0.66,1.15,254.09,-80.69,-73.24
2026-07-27 13:36:41.571,0.64,0.66,1.15,254.09,-80.69,-73.24
2026-07-27 13:36:41.599,0.67,0.56,1.06,219.3,-89.54,-69.82
2026-07-27 13:36:41.599,0.58,0.62,1.01,177.73,-81.48,-44.74
2026-07-27 13:36:41.606,0.58,0.62,1.01,177.73,-81.48,-44.74
2026-07-27 13:36:41.607,0.5,0.74,1.12,141.66,-81.85,-25.76
2026-07-27 13:36:41.607,0.5,0.74,1.12,141.66,-81.85,-25.76
2026-07-27 13:36:41.610,0.73,0.76,0.91,87.52,-104.92,-37.11
2026-07-27 13:36:41.611,0.73,0.76,0.91,87.52,-104.92,-37.11
2026-07-27 13:36:41.616,1.09,0.69,0.33,13.37,-124.08,-64.09
2026-07-27 13:36:41.621,1.19,0.6,0.02,-32.53,-98.88,-66.1
2026-07-27 13:36:41.622,1.19,0.6,0.02,-32.53,-98.88,-66.1
2026-07-27 13:36:41.622,1.08,0.58,0.28,-25.76,-62.26,-42.54
2026-07-27 13:36:41.791,1.08,0.58,0.28,-25.76,-62.26,-42.54
2026-07-27 13:36:41.791,0.74,0.71,0.92,2.81,-30.88,-14.22
2026-07-27 13:36:41.799,0.74,0.71,0.92,2.81,-30.88,-14.22
2026-07-27 13:36:41.800,0.02,0.9,1.43,7.2,16.05,0.73
2026-07-27 13:36:41.800,0.02,0.9,1.43,7.2,16.05,0.73
2026-07-27 13:36:41.800,-0.39,1.19,1.5,-34.91,14.47,-35.16
2026-07-27 13:36:41.800,0.08,1.62,1.23,-107.97,-76.35,-108.7
2026-07-27 13:36:41.800,0.08,1.62,1.23,-107.97,-76.35,-108.7
2026-07-27 13:36:41.800,0.75,2.0,0.87,-176.64,-136.54,-136.6
2026-07-27 13:36:41.819,0.75,2.0,0.87,-176.64,-136.54,-136.6
2026-07-27 13:36:41.820,0.99,2.16,0.62,-219.24,-88.56,-95.58
2026-07-27 13:36:41.821,0.99,2.16,0.62,-219.24,-88.56,-95.58
2026-07-27 13:36:41.821,0.85,2.06,0.38,-234.56,-6.77,-32.04
2026-07-27 13:36:41.821,0.53,1.68,0.12,-228.76,59.51,22.03
2026-07-27 13:36:41.821,0.53,1.68,0.12,-228.76,59.51,22.03
2026-07-27 13:36:41.823,0.17,1.22,-0.1,-213.99,120.06,55.73
2026-07-27 13:36:41.823,0.17,1.22,-0.1,-213.99,120.06,55.73
2026-07-27 13:36:41.823,-0.13,0.75,-0.25,-203.31,176.21,64.15
2026-07-27 13:36:41.823,-0.19,0.42,-0.16,-177.49,201.72,44.01
2026-07-27 13:36:41.823,-0.19,0.42,-0.16,-177.49,201.72,44.01
2026-07-27 13:36:41.889,0.0,0.33,0.26,-117.37,161.38,10.93
2026-07-27 13:36:41.899,0.0,0.33,0.26,-117.37,161.38,10.93
2026-07-27 13:36:41.904,0.15,0.36,0.5,-54.5,93.51,-7.93
2026-07-27 13:36:41.907,0.15,0.36,0.5,-54.5,93.51,-7.93
2026-07-27 13:36:41.943,0.08,0.48,0.49,-2.75,67.38,-17.58
2026-07-27 13:36:41.955,-0.13,0.64,0.48,38.94,79.16,-25.21
2026-07-27 13:36:41.956,-0.13,0.64,0.48,38.94,79.16,-25.21
2026-07-27 13:36:42.422,-0.39,0.59,0.5,37.41,111.57,-32.23
2026-07-27 13:36:42.446,-0.39,0.59,0.5,37.41,111.57,-32.23
2026-07-27 13:36:42.446,-0.55,0.4,0.54,-4.94,140.26,-46.45
2026-07-27 13:36:42.446,-0.55,0.4,0.54,-4.94,140.26,-46.45
2026-07-27 13:36:42.446,-0.45,0.28,0.64,-38.64,94.67,-50.72
2026-07-27 13:36:42.446,-0.45,0.28,0.64,-42.97,-10.25,-37.84
2026-07-27 13:36:42.446,-0.22,0.22,0.76,-42.97,-10.25,-37.84
2026-07-27 13:36:42.446,-0.1,0.17,0.86,-29.85,-83.37,-25.33
2026-07-27 13:36:42.446,-0.1,0.17,0.86,-29.85,-83.37,-25.33
2026-07-27 13:36:42.446,-0.1,0.15,0.87,-15.44,-102.11,-16.36
2026-07-27 13:36:42.446,-0.1,0.15,0.87,-15.44,-102.11,-16.36
2026-07-27 13:36:42.446,-0.18,0.02,0.75,-7.14,-84.9,-4.21
2026-07-27 13:36:42.446,-0.18,0.02,0.75,-7.14,-84.9,-4.21
2026-07-27 13:36:42.447,-0.22,-0.15,0.8,12.57,-55.54,8.24
2026-07-27 13:36:42.447,-0.13,-0.11,1.15,49.74,-39.61,6.71
2026-07-27 13:36:42.447,-0.13,-0.11,1.15,49.74,-39.61,6.71
2026-07-27 13:36:42.447,-0.01,0.03,1.39,67.32,-32.1,-12.76
2026-07-27 13:36:42.447,-0.01,0.03,1.39,67.32,-32.1,-12.76
2026-07-27 13:36:42.447,0.05,0.1,1.24,43.7,-19.59,-31.98
2026-07-27 13:36:42.447,0.05,0.1,1.24,43.7,-19.59,-31.98
2026-07-27 13:36:42.447,-0.02,0.08,0.92,6.71,-2.44,-34.91
2026-07-27 13:36:42.447,-0.02,0.08,0.92,6.71,-2.44,-34.91
2026-07-27 13:36:42.523,-0.17,0.05,0.66,-19.65,17.15,-27.89
2026-07-27 13:36:42.524,-0.26,0.06,0.62,-34.3,33.08,-30.15
2026-07-27 13:36:42.786,-0.26,0.06,0.62,-34.3,33.08,-30.15
2026-07-27 13:36:42.786,-0.25,0.09,0.72,-38.27,46.63,-43.15
2026-07-27 13:36:42.805,-0.25,0.09,0.72,-38.27,46.63,-43.15
2026-07-27 13:36:42.805,-0.25,0.11,0.85,-31.49,50.17,-47.24
2026-07-27 13:36:43.097,-0.25,0.11,0.85,-31.49,50.17,-47.24
2026-07-27 13:36:43.106,-0.29,0.21,0.93,-13.06,28.02,-33.63
2026-07-27 13:36:43.113,-0.39,0.28,0.97,5.8,8.67,-14.53
2026-07-27 13:36:43.117,-0.39,0.28,0.97,5.8,8.67,-14.53
2026-07-27 13:36:43.123,-0.49,0.36,1.05,24.6,4.58,-4.76
2026-07-27 13:36:43.126,-0.49,0.36,1.05,24.6,4.58,-4.76
2026-07-27 13:36:43.142,-0.44,0.61,1.25,61.77,-34.36,-2.38
2026-07-27 13:36:43.143,-0.44,0.61,1.25,61.77,-34.36,-2.38
2026-07-27 13:36:43.172,-0.33,0.76,1.25,76.48,-80.57,-0.92
2026-07-27 13:36:43.172,-0.33,0.76,1.25,76.48,-80.57,-0.92
2026-07-27 13:36:43.172,-0.28,0.58,0.92,26.31,-64.27,-7.93
2026-07-27 13:36:43.172,-0.26,0.35,0.66,-28.81,-24.29,-24.05
2026-07-27 13:36:43.172,-0.26,0.35,0.66,-28.81,-24.29,-24.05
2026-07-27 13:36:43.172,-0.25,0.27,0.7,-40.83,-9.58,-39.67
2026-07-27 13:36:43.172,-0.25,0.27,0.7,-40.83,-9.58,-39.67
2026-07-27 13:36:43.172,-0.31,0.29,0.87,-35.95,-1.77,-52.67
2026-07-27 13:36:43.172,-0.31,0.29,0.87,-35.95,-1.77,-52.67
2026-07-27 13:36:43.173,-0.33,0.3,1.01,-32.47,7.08,-65.25
2026-07-27 13:36:43.173,-0.21,0.24,0.98,-31.68,7.14,-72.39
2026-07-27 13:36:43.173,-0.21,0.24,0.98,-31.68,7.14,-72.39
2026-07-27 13:36:43.182,-0.04,0.09,0.84,-39.25,-1.71,-71.96
2026-07-27 13:36:43.182,-0.04,0.09,0.84,-39.25,-1.71,-71.96
2026-07-27 13:36:43.182,0.04,-0.06,0.8,-50.54,-24.48,-71.23
2026-07-27 13:36:43.182,0.04,-0.06,0.8,-53.65,-41.63,-65.67
2026-07-27 13:36:43.182,-0.02,-0.14,0.86,-53.65,-41.63,-65.67
2026-07-27 13:36:43.200,-0.17,-0.1,0.9,-50.9,-44.86,-53.53
2026-07-27 13:36:43.201,-0.17,-0.1,0.9,-50.9,-44.86,-53.53
2026-07-27 13:36:43.414,-0.34,-0.13,0.93,-45.84,-44.8,-42.72
2026-07-27 13:36:43.439,-0.34,-0.13,0.93,-45.84,-44.8,-42.72
2026-07-27 13:36:43.463,-0.34,-0.23,0.93,-21.06,-29.36,-39.31
2026-07-27 13:36:43.463,-0.34,-0.23,0.93,-21.06,-29.36,-39.31
2026-07-27 13:36:43.463,-0.21,-0.18,0.99,32.35,-16.54,-41.32
2026-07-27 13:36:43.464,-0.15,-0.04,1.15,87.59,-16.85,-38.76
2026-07-27 13:36:43.464,-0.15,-0.04,1.15,87.59,-16.85,-38.76
2026-07-27 13:36:43.464,-0.15,0.04,1.12,95.03,-11.29,-28.26
2026-07-27 13:36:43.465,-0.15,0.04,1.12,95.03,-11.29,-28.26
2026-07-27 13:36:43.465,-0.12,0.07,0.97,63.96,-6.35,-9.77
2026-07-27 13:36:43.465,-0.12,0.07,0.97,63.96,-6.35,-9.77
2026-07-27 13:36:43.688,-0.12,0.12,0.9,42.05,-2.38,9.52
2026-07-27 13:36:43.688,-0.12,0.12,0.9,42.05,-2.38,9.52
2026-07-27 13:36:43.695,-0.12,0.12,0.9,42.05,-2.38,9.52
2026-07-27 13:36:43.695,-0.12,0.12,0.9,42.05,-2.38,9.52
2026-07-27 13:36:43.695,-0.14,0.2,0.78,0.31,31.43,34.0
2026-07-27 13:36:43.695,-0.14,0.2,0.78,0.31,31.43,34.0
2026-07-27 13:36:43.696,-0.2,0.19,0.77,-12.63,20.08,44.37
2026-07-27 13:36:43.696,-0.21,0.11,0.87,-13.73,-4.88,42.36
2026-07-27 13:36:43.696,-0.21,0.11,0.87,-13.73,-4.88,42.36
2026-07-27 13:36:43.696,-0.13,0.04,1.03,-1.53,-20.08,27.16
2026-07-27 13:36:43.696,-0.13,0.04,1.03,-1.53,-20.08,27.16
2026-07-27 13:36:43.920,0.02,0.03,1.14,8.85,-23.44,6.71
2026-07-27 13:36:43.920,0.02,0.03,1.14,8.85,-23.44,6.71
2026-07-27 13:36:43.921,0.11,0.14,1.24,11.54,-8.12,-5.98
2026-07-27 13:36:43.922,0.11,0.14,1.24,11.54,-8.12,-5.98
2026-07-27 13:36:43.922,-0.02,0.29,1.31,6.59,15.56,-2.2
2026-07-27 13:36:43.923,-0.32,0.31,1.11,-13.98,36.99,10.74
2026-07-27 13:36:43.923,-0.32,0.31,1.11,-13.98,36.99,10.74
2026-07-27 13:36:43.923,-0.49,0.25,0.74,-21.36,45.9,14.53
2026-07-27 13:36:43.923,-0.49,0.25,0.74,-21.36,45.9,14.53
2026-07-27 13:36:43.924,-0.47,0.34,0.45,-86.0,14.65,12.15
2026-07-27 13:36:43.925,-0.47,0.34,0.45,-86.0,14.65,12.15
2026-07-27 13:36:44.105,-0.36,-0.04,0.23,-464.11,2.99,39.31
2026-07-27 13:36:44.105,-0.36,-0.04,0.23,-805.11,56.64,48.1
2026-07-27 13:36:44.105,-0.22,-0.87,0.25,-805.11,56.64,48.1
2026-07-27 13:36:44.106,-0.18,-1.25,0.44,-572.27,83.56,-5.49
2026-07-27 13:36:44.106,-0.18,-1.25,0.44,-572.27,83.56,-5.49
2026-07-27 13:36:44.110,-0.21,-1.08,0.47,-122.07,45.17,-30.09
2026-07-27 13:36:44.110,-0.21,-1.08,0.47,-122.07,45.17,-30.09
2026-07-27 13:36:44.110,-0.26,-0.84,0.38,110.66,-5.43,15.87
2026-07-27 13:36:44.177,-0.26,-0.84,0.38,163.02,-34.42,63.48
2026-07-27 13:36:44.180,-0.3,-0.82,0.41,163.02,-34.42,63.48
2026-07-27 13:36:44.498,-0.38,-0.8,0.45,151.79,-35.1,79.65
2026-07-27 13:36:44.554,-0.38,-0.8,0.45,151.79,-35.1,79.65
2026-07-27 13:36:44.555,-0.5,-0.75,0.49,133.3,-18.19,90.27
2026-07-27 13:36:44.555,-0.5,-0.75,0.49,133.3,-18.19,90.27
2026-07-27 13:36:44.555,-0.59,-0.76,0.6,124.76,-7.75,66.04
2026-07-27 13:36:44.555,-0.59,-0.76,0.6,129.76,-8.97,-4.58
2026-07-27 13:36:44.555,-0.53,-0.76,0.75,129.76,-8.97,-4.58
2026-07-27 13:36:44.555,-0.35,-0.61,0.87,170.65,-12.45,-59.69
2026-07-27 13:36:44.555,-0.35,-0.61,0.87,170.65,-12.45,-59.69
2026-07-27 13:36:44.555,-0.22,-0.37,0.9,222.53,-16.97,-78.8
2026-07-27 13:36:44.555,-0.22,-0.37,0.9,222.53,-16.97,-78.8
2026-07-27 13:36:44.555,-0.22,-0.21,0.91,235.11,-14.28,-78.25
2026-07-27 13:36:44.556,-0.22,-0.21,0.91,235.11,-14.28,-78.25
2026-07-27 13:36:44.556,-0.22,-0.21,0.91,235.11,-14.28,-78.25
2026-07-27 13:36:44.556,-0.22,-0.21,0.91,235.11,-14.28,-78.25
2026-07-27 13:36:44.556,-0.22,-0.1,1.03,108.15,47.06,-53.65
2026-07-27 13:36:44.556,-0.22,-0.1,1.03,67.63,52.19,-93.69
2026-07-27 13:36:44.765,-0.26,-0.06,0.97,67.63,52.19,-93.69
2026-07-27 13:36:44.769,-0.33,0.03,0.88,69.03,32.41,-117.19
2026-07-27 13:36:44.770,-0.33,0.03,0.88,69.03,32.41,-117.19
2026-07-27 13:36:44.770,-0.27,0.12,0.9,56.88,5.25,-82.82
2026-07-27 13:36:44.770,-0.27,0.12,0.9,56.88,5.25,-82.82
2026-07-27 13:36:44.770,-0.23,0.17,0.95,40.59,-6.59,-49.5
2026-07-27 13:36:44.770,-0.23,0.17,0.95,34.85,-10.8,-44.13
2026-07-27 13:36:44.770,-0.28,0.15,1.01,34.85,-10.8,-44.13
2026-07-27 13:36:44.770,-0.27,0.09,1.04,30.88,-21.67,-55.73
2026-07-27 13:36:44.770,-0.27,0.09,1.04,30.88,-21.67,-55.73
2026-07-27 13:36:44.948,-0.29,0.05,0.98,23.74,-3.78,-64.76
2026-07-27 13:36:44.952,-0.29,0.05,0.98,23.74,-3.78,-64.76
2026-07-27 13:36:45.121,-0.36,0.05,0.87,22.71,35.03,-52.37
2026-07-27 13:36:45.450,-0.36,0.05,0.87,22.71,35.03,-52.37
2026-07-27 13:36:45.464,-0.36,0.05,0.87,22.71,35.03,-52.37
2026-07-27 13:36:45.465,-0.36,0.05,0.87,22.71,35.03,-52.37
2026-07-27 13:36:45.465,-0.34,0.12,0.87,23.44,3.85,-41.69
2026-07-27 13:36:45.465,-0.34,0.12,0.87,36.68,-12.63,-96.74
2026-07-27 13:36:45.465,-0.3,0.12,0.96,36.68,-12.63,-96.74
2026-07-27 13:36:45.465,-0.32,0.08,0.93,92.1,10.93,-196.66
2026-07-27 13:36:45.465,-0.32,0.08,0.93,92.1,10.93,-196.66
2026-07-27 13:36:45.465,-0.38,0.04,0.83,113.16,18.43,-229.98
2026-07-27 13:36:45.465,-0.38,0.04,0.83,113.16,18.43,-229.98
2026-07-27 13:36:45.465,-0.36,0.03,0.81,66.83,-11.9,-139.77
2026-07-27 13:36:45.472,-0.29,0.07,0.87,24.54,-42.54,-34.12
2026-07-27 13:36:45.491,-0.29,0.07,0.87,24.54,-42.54,-34.12
2026-07-27 13:36:45.491,-0.23,0.1,0.97,-7.32,-48.1,16.05
2026-07-27 13:36:45.491,-0.23,0.1,0.97,-7.32,-48.1,16.05
2026-07-27 13:36:45.491,-0.24,0.09,0.99,-36.07,-26.86,11.96
2026-07-27 13:36:45.491,-0.24,0.09,0.99,-36.07,-26.86,11.96
2026-07-27 13:36:45.491,-0.29,0.04,0.97,-51.51,-1.46,-17.82
2026-07-27 13:36:45.492,-0.32,-0.03,0.96,-68.36,15.08,-41.99
2026-07-27 13:36:45.492,-0.32,-0.03,0.96,-68.36,15.08,-41.99
2026-07-27 13:36:45.492,-0.33,-0.1,0.94,-80.57,25.63,-52.0
2026-07-27 13:36:45.492,-0.33,-0.1,0.94,-80.57,25.63,-52.0
2026-07-27 13:36:45.492,-0.35,-0.16,0.91,-75.87,33.2,-58.84
2026-07-27 13:36:45.492,-0.35,-0.16,0.91,-75.87,33.2,-58.84
2026-07-27 13:36:45.493,-0.37,-0.22,0.91,-59.75,45.47,-75.44
2026-07-27 13:36:45.493,-0.41,-0.26,0.89,-42.66,65.0,-99.24
2026-07-27 13:36:45.493,-0.41,-0.26,0.89,-42.66,65.0,-99.24
2026-07-27 13:36:45.493,-0.42,-0.33,0.83,-40.89,74.46,-113.34
2026-07-27 13:36:45.493,-0.42,-0.33,0.83,-40.89,74.46,-113.34
2026-07-27 13:36:45.679,-0.39,-0.4,0.77,-31.56,61.77,-99.37
2026-07-27 13:36:45.682,-0.39,-0.4,0.77,-31.56,61.77,-99.37
2026-07-27 13:36:45.688,-0.4,-0.38,0.75,25.82,38.76,-55.18
2026-07-27 13:36:45.689,-0.42,-0.29,0.77,81.73,13.0,-5.07
2026-07-27 13:36:45.694,-0.42,-0.29,0.77,81.73,13.0,-5.07
2026-07-27 13:36:45.695,-0.41,-0.22,0.83,66.35,-1.89,18.37
2026-07-27 13:36:45.696,-0.41,-0.22,0.83,66.35,-1.89,18.37
2026-07-27 13:36:45.697,-0.43,-0.23,0.86,13.98,10.19,8.0
2026-07-27 13:36:45.845,-0.43,-0.23,0.86,13.98,10.19,8.0
2026-07-27 13:36:45.874,-0.45,-0.26,0.86,-14.22,23.32,-11.05
2026-07-27 13:36:45.874,-0.45,-0.26,0.86,-14.22,23.32,-11.05
2026-07-27 13:36:45.874,-0.44,-0.29,0.85,-25.27,14.16,-12.94
2026-07-27 13:36:46.623,-0.43,-0.37,0.81,-58.65,5.74,3.72
2026-07-27 13:36:46.634,-0.43,-0.37,0.81,-58.65,5.74,3.72
2026-07-27 13:36:46.635,-0.45,-0.47,0.78,-75.32,3.54,21.97
2026-07-27 13:36:46.640,-0.45,-0.47,0.78,-75.32,3.54,21.97
2026-07-27 13:36:46.642,-0.47,-0.45,0.79,-29.6,-12.08,37.96
2026-07-27 13:36:46.642,-0.47,-0.45,0.79,-29.6,-12.08,37.96
2026-07-27 13:36:46.811,-0.46,-0.34,0.84,34.67,-30.15,56.88
2026-07-27 13:36:46.831,-0.46,-0.34,0.84,56.88,-28.93,77.45
2026-07-27 13:36:46.832,-0.48,-0.26,0.85,56.88,-28.93,77.45
2026-07-27 13:36:46.833,-0.52,-0.21,0.82,45.96,-18.92,104.43
2026-07-27 13:36:46.833,-0.52,-0.21,0.82,45.96,-18.92,104.43
2026-07-27 13:36:46.833,-0.47,-0.16,0.83,35.95,-23.74,148.74
2026-07-27 13:36:46.833,-0.47,-0.16,0.83,35.95,-23.74,148.74
2026-07-27 13:36:46.833,-0.39,-0.1,0.91,25.88,-34.97,164.31
2026-07-27 13:36:46.833,-0.39,-0.1,0.91,24.96,-30.64,110.41
2026-07-27 13:36:46.833,-0.38,-0.01,0.95,24.96,-30.64,110.41
2026-07-27 13:36:46.833,-0.41,0.05,0.91,19.84,-8.85,40.89
2026-07-27 13:36:46.833,-0.41,0.05,0.91,19.84,-8.85,40.89
2026-07-27 13:36:46.833,-0.43,0.03,0.83,-9.03,16.11,9.7
2026-07-27 13:36:46.834,-0.43,0.03,0.83,-9.03,16.11,9.7
2026-07-27 13:36:46.834,-0.42,-0.02,0.77,-32.29,34.73,22.83
2026-07-27 13:36:46.834,-0.42,-0.02,0.77,-32.29,34.73,22.83
2026-07-27 13:36:46.834,-0.42,-0.01,0.75,-25.94,57.25,52.98
2026-07-27 13:36:46.835,-0.46,0.01,0.73,-20.32,74.4,57.74
2026-07-27 13:36:46.835,-0.46,0.01,0.73,-20.32,74.4,57.74
2026-07-27 13:36:46.836,-0.48,0.0,0.71,-28.08,53.83,31.49
2026-07-27 13:36:46.837,-0.48,0.0,0.71,-28.08,53.83,31.49
2026-07-27 13:36:46.837,-0.42,0.0,0.66,-33.14,7.69,0.85
2026-07-27 13:36:46.838,-0.42,0.0,0.66,-33.14,7.69,0.85
2026-07-27 13:36:46.838,-0.34,-0.01,0.63,-45.84,-25.57,-19.53
2026-07-27 13:36:46.839,-0.34,-0.01,0.63,-45.84,-25.57,-19.53
2026-07-27 13:36:46.839,-0.33,-0.08,0.66,-52.61,-44.25,-39.73
2026-07-27 13:36:46.839,-0.27,-0.16,0.7,-30.58,-60.18,-60.24
2026-07-27 13:36:46.839,-0.27,-0.16,0.7,-30.58,-60.18,-60.24
2026-07-27 13:36:46.841,-0.15,-0.17,0.71,-11.41,-69.09,-65.25
2026-07-27 13:36:46.842,-0.15,-0.17,0.71,-11.41,-69.09,-65.25
2026-07-27 13:36:46.842,-0.04,-0.2,0.74,-26.92,-72.33,-63.23
2026-07-27 13:36:46.842,-0.04,-0.2,0.74,-26.92,-72.33,-63.23
2026-07-27 13:36:46.844,0.04,-0.23,0.8,-40.83,-88.56,-74.58
2026-07-27 13:36:46.844,0.04,-0.23,0.8,-20.63,-118.1,-94.12
2026-07-27 13:36:46.844,0.15,-0.21,0.81,-20.63,-118.1,-94.12
2026-07-27 13:36:46.844,0.32,-0.21,0.8,-13.18,-138.73,-91.8
2026-07-27 13:36:46.844,0.32,-0.21,0.8,-13.18,-138.73,-91.8
2026-07-27 13:36:46.844,0.52,-0.17,0.83,-50.23,-154.79,-62.32
2026-07-27 13:36:46.844,0.52,-0.17,0.83,-50.23,-154.79,-62.32
2026-07-27 13:36:46.844,0.7,-0.3,0.94,-140.08,-190.37,-13.61
2026-07-27 13:36:46.844,0.7,-0.3,0.94,-140.08,-190.37,-13.61
2026-07-27 13:36:46.861,0.8,-0.72,1.04,-235.35,-254.39,40.65
2026-07-27 13:36:46.861,0.88,-1.02,1.06,-213.68,-321.23,32.53
2026-07-27 13:36:46.950,0.88,-1.02,1.06,-213.68,-321.23,32.53
2026-07-27 13:36:46.970,0.93,-1.05,1.04,-114.32,-358.46,-16.36
2026-07-27 13:36:47.010,0.93,-1.05,1.04,-114.32,-358.46,-16.36
2026-07-27 13:36:47.197,0.82,-1.03,0.98,-55.48,-321.11,-18.01
2026-07-27 13:36:47.231,0.56,-1.05,0.83,-29.42,-194.4,26.61
2026-07-27 13:36:47.235,0.56,-1.05,0.83,-29.42,-194.4,26.61
2026-07-27 13:36:47.235,0.27,-1.05,0.67,33.69,-37.05,67.93
2026-07-27 13:36:47.235,0.27,-1.05,0.67,33.69,-37.05,67.93
2026-07-27 13:36:47.235,0.16,-0.92,0.68,161.93,102.05,54.93
2026-07-27 13:36:47.237,0.16,-0.92,0.68,266.85,182.86,17.52
2026-07-27 13:36:47.237,0.17,-0.66,0.84,266.85,182.86,17.52
2026-07-27 13:36:47.237,0.04,-0.51,0.92,229.0,197.88,28.26
2026-07-27 13:36:47.238,0.04,-0.51,0.92,229.0,197.88,28.26
2026-07-27 13:36:47.238,-0.23,-0.53,0.9,117.8,175.35,59.45
2026-07-27 13:36:47.242,-0.23,-0.53,0.9,117.8,175.35,59.45
2026-07-27 13:36:48.304,-0.41,-0.56,0.91,76.78,128.78,26.98
2026-07-27 13:36:48.316,-0.42,-0.52,0.92,109.01,79.04,-29.91
2026-07-27 13:36:48.316,-0.42,-0.52,0.92,109.01,79.04,-29.91
2026-07-27 13:36:48.316,-0.25,-0.37,0.95,144.23,48.52,-30.09
2026-07-27 13:36:48.316,-0.25,-0.37,0.95,144.23,48.52,-30.09
2026-07-27 13:36:48.316,-0.05,-0.23,1.03,133.3,58.72,-28.26
2026-07-27 13:36:48.317,-0.05,-0.23,1.03,133.3,58.72,-28.26
2026-07-27 13:36:48.317,0.03,-0.13,1.06,101.01,96.92,-79.59
2026-07-27 13:36:48.317,-0.01,-0.04,1.08,79.65,119.63,-124.51
2026-07-27 13:36:48.317,-0.01,-0.04,1.08,79.65,119.63,-124.51
2026-07-27 13:36:48.317,-0.05,0.01,1.08,78.0,119.75,-110.72
2026-07-27 13:36:48.317,-0.05,0.01,1.08,78.0,119.75,-110.72
2026-07-27 13:36:48.317,-0.04,0.04,1.04,84.78,114.14,-72.08
2026-07-27 13:36:48.317,-0.04,0.04,1.04,84.78,114.14,-72.08
2026-07-27 13:36:48.317,-0.03,0.08,0.99,76.9,106.38,-50.6
2026-07-27 13:36:48.317,-0.02,0.13,0.95,62.5,94.42,-38.7
2026-07-27 13:36:48.317,-0.02,0.13,0.95,62.5,94.42,-38.7
2026-07-27 13:36:48.319,-0.0,0.15,0.92,47.49,82.15,-26.49
2026-07-27 13:36:48.319,-0.0,0.15,0.92,47.49,82.15,-26.49
2026-07-27 13:36:48.320,0.0,0.17,0.91,32.1,67.63,-20.26
2026-07-27 13:36:48.320,0.0,0.17,0.91,32.1,67.63,-20.26
2026-07-27 13:36:48.320,0.01,0.17,0.9,32.47,50.72,-18.31
2026-07-27 13:36:48.320,0.01,0.17,0.9,48.1,34.55,-16.42
2026-07-27 13:36:48.320,0.03,0.16,0.88,48.1,34.55,-16.42
2026-07-27 13:36:48.340,0.04,0.15,0.87,54.32,13.55,-18.19
2026-07-27 13:36:48.340,0.04,0.15,0.87,54.32,13.55,-18.19
2026-07-27 13:36:48.340,0.05,0.17,0.88,42.42,-13.49,-18.55
2026-07-27 13:36:48.341,0.05,0.17,0.88,42.42,-13.49,-18.55
2026-07-27 13:36:48.341,0.06,0.21,0.91,28.69,-40.22,-4.33
2026-07-27 13:36:48.368,0.06,0.21,0.91,28.69,-40.22,-4.33
2026-07-27 13:36:48.402,0.07,0.26,0.93,26.12,-63.17,20.51
2026-07-27 13:36:48.425,0.07,0.26,0.93,26.12,-63.17,20.51
2026-07-27 13:36:48.425,0.08,0.32,0.92,23.07,-78.37,43.64
2026-07-27 13:36:48.425,0.11,0.38,0.97,13.43,-87.83,66.1
2026-07-27 13:36:48.425,0.11,0.38,0.97,13.43,-87.83,66.1
2026-07-27 13:36:48.425,0.11,0.43,1.1,6.71,-104.06,94.42
2026-07-27 13:36:48.425,0.11,0.43,1.1,6.71,-104.06,94.42
2026-07-27 13:36:48.426,0.04,0.5,1.25,-1.95,-125.92,123.6
2026-07-27 13:36:48.426,0.04,0.5,1.25,-1.95,-125.92,123.6
2026-07-27 13:36:48.426,-0.1,0.54,1.33,-17.82,-136.23,140.08
2026-07-27 13:36:48.485,-0.1,0.54,1.33,-17.82,-136.23,140.08
2026-07-27 13:36:48.488,-0.29,0.5,1.27,-31.92,-122.44,150.15
2026-07-27 13:36:48.506,-0.45,0.4,1.11,-45.72,-79.41,176.94
2026-07-27 13:36:48.507,-0.45,0.4,1.11,-45.72,-79.41,176.94
2026-07-27 13:36:48.507,-0.47,0.32,0.98,-91.0,-28.26,213.87
2026-07-27 13:36:48.507,-0.47,0.32,0.98,-91.0,-28.26,213.87
2026-07-27 13:36:48.507,-0.38,0.27,1.01,-168.88,-19.23,217.29
2026-07-27 13:36:48.507,-0.38,0.27,1.01,-168.88,-19.23,217.29
2026-07-27 13:36:48.507,-0.29,0.18,1.08,-215.39,-57.01,173.89
2026-07-27 13:36:48.507,-0.13,-0.07,1.15,-230.41,-100.16,125.43
2026-07-27 13:36:48.507,-0.13,-0.07,1.15,-230.41,-100.16,125.43
2026-07-27 13:36:48.507,0.08,-0.3,1.24,-200.87,-103.7,102.23
2026-07-27 13:36:48.507,0.08,-0.3,1.24,-200.87,-103.7,102.23
2026-07-27 13:36:48.507,0.17,-0.29,1.23,-77.03,-67.69,85.51
2026-07-27 13:36:48.507,0.26,-0.18,1.21,77.76,-50.11,22.46
2026-07-27 13:36:48.508,0.26,-0.18,1.21,77.76,-50.11,22.46
2026-07-27 13:36:48.903,0.46,-0.2,1.24,156.86,-58.84,-88.07
2026-07-27 13:36:48.904,0.46,-0.2,1.24,156.86,-58.84,-88.07
2026-07-27 13:36:48.904,0.61,-0.18,1.27,160.03,-36.25,-165.95
2026-07-27 13:36:48.904,0.61,-0.18,1.27,160.03,-36.25,-165.95
2026-07-27 13:36:48.904,0.66,-0.08,1.3,133.18,35.46,-168.21
2026-07-27 13:36:48.911,0.7,0.02,1.32,81.48,121.58,-123.11
2026-07-27 13:36:48.912,0.7,0.02,1.32,81.48,121.58,-123.11
2026-07-27 13:36:48.912,0.66,0.02,1.31,32.1,191.47,-44.01
2026-07-27 13:36:48.912,0.66,0.02,1.31,32.1,191.47,-44.01
2026-07-27 13:36:48.913,0.54,-0.05,1.35,33.39,236.08,47.61
2026-07-27 13:36:48.913,0.54,-0.05,1.35,33.39,236.08,47.61
2026-07-27 13:36:48.913,0.44,-0.04,1.36,104.13,218.32,102.29
2026-07-27 13:36:48.913,0.44,-0.04,1.36,160.58,154.3,91.8
2026-07-27 13:36:48.913,0.35,-0.04,1.17,160.58,154.3,91.8
2026-07-27 13:36:49.048,0.2,-0.07,0.91,142.94,112.85,46.63
2026-07-27 13:36:49.068,0.2,-0.07,0.91,142.94,112.85,46.63
2026-07-27 13:36:49.068,0.06,-0.11,0.72,96.07,87.28,23.13
2026-07-27 13:36:49.068,0.06,-0.11,0.72,96.07,87.28,23.13
2026-07-27 13:36:49.068,-0.07,-0.08,0.56,63.84,57.5,25.21
2026-07-27 13:36:49.068,-0.07,-0.08,0.56,63.84,57.5,25.21
2026-07-27 13:36:49.068,-0.17,0.08,0.53,42.66,28.69,32.47
2026-07-27 13:36:49.069,-0.26,0.26,0.64,-4.76,15.38,33.45
2026-07-27 13:36:49.069,-0.26,0.26,0.64,-4.76,15.38,33.45
2026-07-27 13:36:49.222,-0.28,0.25,0.85,-94.97,18.62,32.96
2026-07-27 13:36:49.231,-0.28,0.25,0.85,-94.97,18.62,32.96
2026-07-27 13:36:49.235,-0.29,0.11,0.94,-160.89,29.97,27.77
2026-07-27 13:36:49.238,-0.33,0.0,0.83,-161.25,31.25,9.52
2026-07-27 13:36:49.241,-0.33,0.0,0.83,-161.25,31.25,9.52
2026-07-27 13:36:49.247,-0.33,-0.04,0.77,-128.6,23.07,-15.99
2026-07-27 13:36:49.254,-0.33,-0.04,0.77,-128.6,23.07,-15.99
2026-07-27 13:36:49.254,-0.37,0.01,0.69,-67.44,29.79,-45.65
2026-07-27 13:36:49.447,-0.37,0.01,0.69,-67.44,29.79,-45.65
2026-07-27 13:36:49.458,-0.44,0.05,0.65,-7.63,41.75,-65.92
2026-07-27 13:36:49.787,-0.47,0.05,0.74,18.55,36.8,-64.27
2026-07-27 13:36:50.901,-0.47,0.05,0.74,18.55,36.8,-64.27
2026-07-27 13:36:50.912,-0.43,0.06,0.82,26.43,17.33,-49.32
2026-07-27 13:36:50.913,-0.43,0.06,0.82,26.43,17.33,-49.32
2026-07-27 13:36:50.913,-0.39,0.02,0.83,20.87,4.33,-34.42
2026-07-27 13:36:50.913,-0.39,0.02,0.83,20.87,4.33,-34.42
2026-07-27 13:36:50.913,-0.39,-0.05,0.8,5.19,6.96,-21.24
2026-07-27 13:36:50.913,-0.4,-0.08,0.77,-5.07,11.47,-7.69
2026-07-27 13:36:50.913,-0.4,-0.08,0.77,-5.07,11.47,-7.69
2026-07-27 13:36:50.913,-0.39,-0.07,0.8,-7.14,7.81,1.77
2026-07-27 13:36:50.913,-0.39,-0.07,0.8,-7.14,7.81,1.77
2026-07-27 13:36:50.913,-0.4,-0.03,0.85,-9.77,3.78,3.78
2026-07-27 13:36:50.913,-0.4,-0.03,0.85,-9.77,3.78,3.78
2026-07-27 13:36:50.914,-0.44,-0.02,0.87,-14.65,5.49,1.83
2026-07-27 13:36:50.914,-0.44,-0.02,0.87,-14.65,5.49,1.83
2026-07-27 13:36:50.914,-0.45,-0.01,0.82,-13.37,6.16,1.46
2026-07-27 13:36:50.914,-0.45,-0.01,0.82,-7.93,5.19,2.01
2026-07-27 13:36:50.914,-0.43,-0.01,0.7,-7.93,5.19,2.01
2026-07-27 13:36:50.914,-0.37,-0.05,0.46,-16.11,14.04,-2.2
2026-07-27 13:36:50.914,-0.37,-0.05,0.46,-16.11,14.04,-2.2
2026-07-27 13:36:50.914,-0.28,-0.14,0.23,-45.04,29.85,-15.01
2026-07-27 13:36:50.914,-0.28,-0.14,0.23,-45.04,29.85,-15.01
2026-07-27 13:36:50.914,-0.11,-0.25,0.16,-59.33,13.85,-36.56
2026-07-27 13:36:50.914,-0.11,-0.25,0.16,-59.33,13.85,-36.56
2026-07-27 13:36:50.915,0.22,-0.42,0.34,-8.06,-42.79,-67.5
2026-07-27 13:36:50.925,0.43,-0.46,0.66,196.41,-104.13,-118.47
2026-07-27 13:36:50.926,0.43,-0.46,0.66,196.41,-104.13,-118.47
2026-07-27 13:36:50.926,0.28,0.02,0.7,546.57,-151.49,-147.83
2026-07-27 13:36:50.926,0.28,0.02,0.7,546.57,-151.49,-147.83
2026-07-27 13:36:50.926,0.18,0.67,0.69,626.59,-172.42,-61.22
2026-07-27 13:36:50.926,0.18,0.67,0.69,626.59,-172.42,-61.22
2026-07-27 13:36:50.926,0.34,0.99,0.95,275.27,-176.33,98.27
2026-07-27 13:36:50.991,0.34,0.99,0.95,-101.26,-162.72,198.12
2026-07-27 13:36:50.992,0.49,0.98,1.23,-101.26,-162.72,198.12
2026-07-27 13:36:50.992,0.54,0.98,1.35,-234.44,-123.41,223.69
2026-07-27 13:36:50.992,0.54,0.98,1.35,-234.44,-123.41,223.69
2026-07-27 13:36:51.015,0.45,0.98,1.27,-177.67,-81.85,193.91
2026-07-27 13:36:51.015,0.45,0.98,1.27,-177.67,-81.85,193.91
2026-07-27 13:36:51.015,0.27,0.87,1.19,-93.38,-58.78,138.12
2026-07-27 13:36:51.016,0.27,0.87,1.19,-93.38,-58.78,138.12
2026-07-27 13:36:51.016,0.13,0.8,1.17,-26.55,-52.0,131.53
2026-07-27 13:36:51.189,-0.0,0.78,1.18,20.87,-31.62,121.09
2026-07-27 13:36:51.190,-0.0,0.78,1.18,20.87,-31.62,121.09
2026-07-27 13:36:51.190,-0.22,0.81,1.29,6.71,-2.69,22.89
2026-07-27 13:36:51.351,-0.22,0.81,1.29,6.71,-2.69,22.89
2026-07-27 13:36:51.352,-0.38,0.87,1.43,-41.44,6.1,-78.31
2026-07-27 13:36:51.368,-0.38,0.87,1.43,-41.44,6.1,-78.31
2026-07-27 13:36:51.368,-0.37,0.94,1.56,-56.4,20.81,-106.69
2026-07-27 13:36:51.368,-0.37,0.94,1.56,-56.4,20.81,-106.69
2026-07-27 13:36:51.475,-0.39,0.88,1.82,-51.57,79.83,-103.7
2026-07-27 13:36:51.475,-0.39,0.77,2.14,-18.55,167.97,-101.38
2026-07-27 13:36:51.475,-0.39,0.77,2.14,-18.55,167.97,-101.38
2026-07-27 13:36:51.475,-0.23,0.77,2.35,50.96,263.67,-126.83
2026-07-27 13:36:51.475,-0.23,0.77,2.35,50.96,263.67,-126.83
2026-07-27 13:36:51.475,-0.27,0.7,2.31,80.38,370.42,-194.82
2026-07-27 13:36:51.475,-0.27,0.7,2.31,80.38,370.42,-194.82
2026-07-27 13:36:51.475,-0.43,0.38,1.92,49.93,440.73,-249.51
2026-07-27 13:36:51.475,-0.21,-0.07,1.37,-8.42,428.71,-246.77
2026-07-27 13:36:51.476,-0.21,-0.07,1.37,-8.42,428.71,-246.77
2026-07-27 13:36:51.476,0.45,-0.38,0.77,-64.7,337.4,-193.97
2026-07-27 13:36:51.476,0.45,-0.38,0.77,-64.7,337.4,-193.97
2026-07-27 13:36:51.476,1.43,-0.41,0.18,-106.38,198.36,-168.03
2026-07-27 13:36:51.506,1.43,-0.41,0.18,-106.38,198.36,-168.03
2026-07-27 13:36:51.506,-2.11,-1.98,3.37,127.38,-462.71,-110.29
2026-07-27 13:36:51.613,-2.11,-1.98,3.37,127.38,-462.71,-110.29
2026-07-27 13:36:51.618,-1.64,-1.62,2.37,159.42,-369.14,27.95
2026-07-27 13:36:51.628,-1.64,-1.62,2.37,159.42,-369.14,27.95
2026-07-27 13:36:51.648,-1.0,-0.67,1.7,181.34,-279.72,205.93
2026-07-27 13:36:51.649,-0.95,-0.03,1.38,191.89,-194.89,323.3
2026-07-27 13:36:51.659,-0.95,-0.03,1.38,191.89,-194.89,323.3
2026-07-27 13:36:51.683,-0.9,0.18,0.87,224.06,-161.62,314.39
2026-07-27 13:36:51.684,-0.9,0.18,0.87,224.06,-161.62,314.39
2026-07-27 13:36:51.685,-0.88,0.36,0.35,271.0,-154.05,271.36
2026-07-27 13:36:51.697,-1.09,0.36,0.39,264.59,-146.0,271.24
2026-07-27 13:36:51.703,-1.09,0.36,0.39,264.59,-146.0,271.24
2026-07-27 13:36:51.703,-1.56,-0.21,0.5,212.65,-86.3,255.68
2026-07-27 13:36:51.703,-1.56,-0.21,0.5,212.65,-86.3,255.68
2026-07-27 13:36:51.703,-1.73,-1.13,0.32,147.52,32.59,202.27
2026-07-27 13:36:51.704,-1.73,-1.13,0.32,67.75,119.81,175.17
2026-07-27 13:36:51.704,-1.17,-1.53,0.33,67.75,119.81,175.17
2026-07-27 13:36:51.704,-0.68,-1.35,0.46,-48.4,162.35,172.61
2026-07-27 13:36:51.704,-0.68,-1.35,0.46,-48.4,162.35,172.61
2026-07-27 13:36:51.704,-0.78,-1.27,0.39,-155.33,192.14,182.01
2026-07-27 13:36:51.713,-0.78,-1.27,0.39,-155.33,192.14,182.01
2026-07-27 13:36:51.713,-0.75,-1.58,0.21,-206.79,215.03,192.14
2026-07-27 13:36:51.713,-0.09,-2.02,0.05,-240.6,210.82,185.55
2026-07-27 13:36:51.713,-0.09,-2.02,0.05,-240.6,210.82,185.55
2026-07-27 13:36:51.713,0.63,-2.27,0.01,-263.98,158.75,159.73
2026-07-27 13:36:51.713,0.63,-2.27,0.01,-263.98,158.75,159.73
2026-07-27 13:36:51.713,0.56,-1.87,0.12,-237.67,71.17,76.9
2026-07-27 13:36:51.714,0.56,-1.87,0.12,-237.67,71.17,76.9
2026-07-27 13:36:51.714,0.04,-0.69,-0.23,-163.15,3.05,104.8
2026-07-27 13:36:51.714,-0.32,0.45,-1.34,-77.33,45.17,203.61
2026-07-27 13:36:51.714,-0.32,0.45,-1.34,-77.33,45.17,203.61
2026-07-27 13:36:51.908,-0.61,0.41,-1.55,-49.5,66.77,130.25
2026-07-27 13:36:51.908,-0.61,0.41,-1.55,-49.5,66.77,130.25
2026-07-27 13:36:51.908,-0.55,-0.72,-0.57,-82.64,-24.78,-6.71
2026-07-27 13:36:51.911,-0.55,-0.72,-0.57,-82.64,-24.78,-6.71
2026-07-27 13:36:51.911,-0.14,-1.88,-0.18,-87.83,-84.11,-73.49
2026-07-27 13:36:51.911,-0.09,-1.94,0.07,-65.0,-104.0,-62.68
2026-07-27 13:36:51.911,-0.09,-1.94,0.07,-65.0,-104.0,-62.68
2026-07-27 13:36:51.912,-0.43,-1.07,0.41,-64.88,-95.03,-33.14
2026-07-27 13:36:51.912,-0.43,-1.07,0.41,-64.88,-95.03,-33.14
2026-07-27 13:36:51.912,-0.78,-0.58,0.13,-74.58,-21.0,-59.69
2026-07-27 13:36:51.912,-0.78,-0.58,0.13,-74.58,-21.0,-59.69
2026-07-27 13:36:51.912,-1.76,-1.62,0.03,-41.5,20.51,-150.15
2026-07-27 13:36:52.144,-2.34,-3.0,0.36,34.55,-10.8,-218.57
2026-07-27 13:36:52.157,-2.34,-3.0,0.36,34.55,-10.8,-218.57
2026-07-27 13:36:52.157,-1.15,-2.87,0.57,77.15,-17.7,-225.16
2026-07-27 13:36:52.157,-1.15,-2.87,0.57,77.15,-17.7,-225.16
2026-07-27 13:36:52.157,0.41,-1.87,0.86,1.53,-16.24,-228.03
2026-07-27 13:36:52.158,0.41,-1.87,0.86,1.53,-16.24,-228.03
2026-07-27 13:36:52.160,0.91,-1.33,1.95,-191.89,-90.33,-228.21
2026-07-27 13:36:52.169,0.58,-0.93,3.25,-375.85,-236.21,-204.59
2026-07-27 13:36:52.169,0.58,-0.93,3.25,-375.85,-236.21,-204.59
2026-07-27 13:36:52.169,-0.32,-0.1,3.59,-432.8,-382.26,-162.0
2026-07-27 13:36:52.169,-0.32,-0.1,3.59,-432.8,-382.26,-162.0
2026-07-27 13:36:52.222,-1.46,0.32,2.64,-367.07,-413.88,-104.92
2026-07-27 13:36:52.223,-1.46,0.32,2.64,-367.07,-413.88,-104.92
2026-07-27 13:36:52.998,-2.05,0.56,1.4,-251.71,-351.44,-5.43
2026-07-27 13:36:53.024,-1.97,1.11,0.77,-179.08,-231.08,123.96
2026-07-27 13:36:53.024,-1.97,1.11,0.77,-179.08,-231.08,123.96
2026-07-27 13:36:53.024,-1.51,1.75,0.35,-169.98,-63.23,202.76
2026-07-27 13:36:53.036,-1.51,1.75,0.35,-169.98,-63.23,202.76
2026-07-27 13:36:53.063,-1.13,2.28,-0.22,-118.35,79.9,183.17
2026-07-27 13:36:53.071,-1.13,2.28,-0.22,-28.69,187.56,72.94
2026-07-27 13:36:53.071,-1.0,1.91,-0.71,-28.69,187.56,72.94
2026-07-27 13:36:53.071,-0.8,0.74,-1.35,47.97,274.41,-75.01
2026-07-27 13:36:53.074,-0.8,0.74,-1.35,47.97,274.41,-75.01
2026-07-27 13:36:53.077,-0.31,0.16,-1.75,126.89,299.38,-143.74
2026-07-27 13:36:53.077,-0.31,0.16,-1.75,126.89,299.38,-143.74
2026-07-27 13:36:53.077,0.4,-0.05,-1.45,87.83,222.41,-102.36
2026-07-27 13:36:53.077,0.4,-0.05,-1.45,-48.16,132.39,-91.49
2026-07-27 13:36:53.077,0.58,-0.33,-1.01,-48.16,132.39,-91.49
2026-07-27 13:36:53.077,0.56,-0.06,-1.05,-80.14,98.45,-110.72
2026-07-27 13:36:53.077,0.56,-0.06,-1.05,-80.14,98.45,-110.72
2026-07-27 13:36:53.077,0.72,0.16,-1.15,-25.88,92.83,-112.79
2026-07-27 13:36:53.078,0.72,0.16,-1.15,-25.88,92.83,-112.79
2026-07-27 13:36:53.078,0.78,-0.18,-0.97,6.23,109.19,-135.44
2026-07-27 13:36:53.078,0.78,-0.18,-0.97,22.52,123.54,-149.35
2026-07-27 13:36:53.078,0.75,-0.34,-1.06,22.52,123.54,-149.35
2026-07-27 13:36:53.078,0.53,0.13,-0.92,9.7,107.54,-140.62
2026-07-27 13:36:53.078,0.53,0.13,-0.92,9.7,107.54,-140.62
2026-07-27 13:36:53.078,0.55,0.65,-0.68,8.67,83.92,-116.33
2026-07-27 13:36:53.078,0.55,0.65,-0.68,8.67,83.92,-116.33
2026-07-27 13:36:53.078,0.78,0.34,-0.82,80.26,55.36,-103.03
2026-07-27 13:36:53.078,0.78,0.34,-0.82,80.26,55.36,-103.03
2026-07-27 13:36:53.078,0.84,-0.57,-0.98,130.31,13.55,-82.64
2026-07-27 13:36:53.078,0.67,-0.82,-0.99,122.44,-12.76,-40.71
2026-07-27 13:36:53.078,0.67,-0.82,-0.99,122.44,-12.76,-40.71
2026-07-27 13:36:53.078,0.46,-0.35,-0.9,91.25,-18.49,-16.3
2026-07-27 13:36:53.078,0.46,-0.35,-0.9,91.25,-18.49,-16.3
2026-07-27 13:36:53.340,0.48,-0.12,-0.89,46.75,-29.05,-3.36
2026-07-27 13:36:53.343,0.48,-0.12,-0.89,46.75,-29.05,-3.36
2026-07-27 13:36:53.401,0.55,-0.27,-0.97,12.94,-50.96,-1.89
2026-07-27 13:36:53.415,0.45,-0.34,-1.04,-13.73,-60.91,8.61
2026-07-27 13:36:53.415,0.45,-0.34,-1.04,-13.73,-60.91,8.61
2026-07-27 13:36:53.415,0.31,-0.1,-1.09,-30.82,-62.62,47.61
2026-07-27 13:36:53.415,0.31,-0.1,-1.09,-30.82,-62.62,47.61
2026-07-27 13:36:54.311,0.17,0.12,-0.96,-47.79,-73.79,55.3
2026-07-27 13:36:54.311,0.06,-0.07,-0.82,-65.25,-70.01,14.59
2026-07-27 13:36:54.311,0.06,-0.07,-0.82,-65.25,-70.01,14.59
2026-07-27 13:36:54.311,0.11,-0.28,-0.85,-68.18,-47.06,-13.0
2026-07-27 13:36:54.312,0.11,-0.28,-0.85,-68.18,-47.06,-13.0
2026-07-27 13:36:54.315,0.24,-0.18,-0.94,-58.41,-41.99,-4.88
2026-07-27 13:36:54.316,0.24,-0.18,-0.94,-58.41,-41.99,-4.88
2026-07-27 13:36:54.317,0.26,-0.01,-1.06,-33.57,-55.3,17.94
2026-07-27 13:36:54.317,0.26,-0.01,-1.06,-19.78,-60.0,41.08
2026-07-27 13:36:54.317,0.16,0.07,-1.17,-19.78,-60.0,41.08
2026-07-27 13:36:54.318,0.05,0.16,-1.15,-41.26,-62.93,53.53
2026-07-27 13:36:54.318,0.05,0.16,-1.15,-41.26,-62.93,53.53
2026-07-27 13:36:54.318,-0.06,0.29,-0.99,-78.55,-73.24,32.29
2026-07-27 13:36:54.319,-0.06,0.29,-0.99,-78.55,-73.24,32.29
2026-07-27 13:36:54.319,-0.21,0.34,-0.85,-92.59,-70.43,-15.69
2026-07-27 13:36:54.799,-0.21,0.34,-0.85,-92.59,-70.43,-15.69
2026-07-27 13:36:54.808,-0.31,0.32,-0.82,-71.04,-51.09,-42.42
2026-07-27 13:36:54.809,-0.24,0.33,-0.8,-32.41,-30.52,-18.43
2026-07-27 13:36:54.809,-0.24,0.33,-0.8,-32.41,-30.52,-18.43
2026-07-27 13:36:54.809,-0.1,0.31,-0.82,15.32,-8.06,32.78
2026-07-27 13:36:54.809,-0.1,0.31,-0.82,15.32,-8.06,32.78
2026-07-27 13:36:54.809,-0.0,0.21,-0.92,56.58,10.19,69.76
2026-07-27 13:36:54.809,-0.0,0.21,-0.92,56.58,10.19,69.76
2026-07-27 13:36:54.810,0.04,0.17,-0.99,66.22,12.39,75.93
2026-07-27 13:36:54.810,0.03,0.16,-1.02,58.41,2.2,55.73
2026-07-27 13:36:54.810,0.03,0.16,-1.02,58.41,2.2,55.73
2026-07-27 13:36:54.810,-0.04,0.09,-1.04,50.48,-6.23,17.21
2026-07-27 13:36:54.813,-0.04,0.09,-1.04,50.48,-6.23,17.21
2026-07-27 13:36:54.822,-0.13,-0.01,-1.11,38.7,1.16,-31.98
2026-07-27 13:36:54.822,-0.13,-0.01,-1.11,38.7,1.16,-31.98
2026-07-27 13:36:54.822,-0.19,-0.12,-1.2,23.74,28.63,-61.28
2026-07-27 13:36:54.823,-0.19,-0.12,-1.2,23.74,28.63,-61.28
2026-07-27 13:36:54.823,-0.18,-0.2,-1.19,13.49,58.23,-51.51
2026-07-27 13:36:54.823,-0.18,-0.2,-1.19,13.49,58.23,-51.51
2026-07-27 13:36:54.832,-0.14,-0.26,-1.06,18.8,66.41,-27.89
2026-07-27 13:36:54.853,-0.09,-0.24,-0.93,15.62,66.53,-15.81
2026-07-27 13:36:54.853,-0.09,-0.24,-0.93,15.62,66.53,-15.81
2026-07-27 13:36:54.854,-0.02,-0.15,-0.87,-22.95,83.92,-22.58
2026-07-27 13:36:54.855,-0.02,-0.15,-0.87,-22.95,83.92,-22.58
2026-07-27 13:36:54.855,0.08,-0.1,-0.85,-64.27,106.75,-36.56
2026-07-27 13:36:54.856,0.08,-0.1,-0.85,-64.27,106.75,-36.56
2026-07-27 13:36:54.861,0.2,-0.07,-0.83,-58.23,104.92,-25.94
2026-07-27 13:36:54.861,0.2,-0.07,-0.83,-14.16,81.97,3.78
2026-07-27 13:36:54.861,0.31,-0.07,-0.79,-14.16,81.97,3.78
2026-07-27 13:36:54.862,0.38,-0.15,-0.75,4.39,69.34,14.65
2026-07-27 13:36:54.862,0.38,-0.15,-0.75,4.39,69.34,14.65
2026-07-27 13:36:54.862,0.48,-0.14,-0.72,-19.04,72.63,16.3
2026-07-27 13:36:54.863,0.48,-0.14,-0.72,-19.04,72.63,16.3
2026-07-27 13:36:54.863,0.6,-0.04,-0.69,-35.28,75.38,25.45
2026-07-27 13:36:54.863,0.6,-0.04,-0.69,-35.28,75.38,25.45
2026-07-27 13:36:54.864,0.69,0.02,-0.68,-42.24,84.17,25.76
2026-07-27 13:36:54.864,0.69,0.02,-0.68,-42.24,84.17,25.76
2026-07-27 13:36:54.864,0.69,0.02,-0.68,-42.24,84.17,25.76
2026-07-27 13:36:54.864,0.69,0.02,-0.68,-42.24,84.17,25.76
2026-07-27 13:36:54.864,0.79,0.07,-0.64,-88.56,133.85,4.64
2026-07-27 13:36:54.864,0.84,0.14,-0.6,-72.27,129.88,2.56
2026-07-27 13:36:54.864,0.84,0.14,-0.6,-72.27,129.88,2.56
2026-07-27 13:36:54.864,0.87,0.21,-0.54,-35.58,103.27,1.89
2026-07-27 13:36:54.866,0.87,0.21,-0.54,-35.58,103.27,1.89
2026-07-27 13:36:54.866,0.88,0.25,-0.48,-1.65,70.19,4.64
2026-07-27 13:36:54.866,0.88,0.25,-0.48,-1.65,70.19,4.64
2026-07-27 13:36:54.868,0.89,0.24,-0.43,7.14,56.88,13.0
2026-07-27 13:36:54.870,0.89,0.24,-0.43,7.14,56.88,13.0
2026-07-27 13:36:54.870,0.93,0.21,-0.42,-20.81,73.49,18.49
2026-07-27 13:36:54.870,0.95,0.23,-0.38,-80.32,105.04,11.17
2026-07-27 13:36:54.870,0.95,0.23,-0.38,-80.32,105.04,11.17
2026-07-27 13:36:54.871,0.96,0.28,-0.26,-134.28,126.46,2.56
2026-07-27 13:36:54.873,0.96,0.28,-0.26,-134.28,126.46,2.56
2026-07-27 13:36:54.873,0.93,0.33,-0.1,-142.58,114.62,16.17
2026-07-27 13:36:54.873,0.93,0.33,-0.1,-142.58,114.62,16.17
2026-07-27 13:36:54.873,0.98,0.29,0.01,-121.28,62.68,48.28
2026-07-27 13:36:54.873,0.98,0.29,0.01,-121.28,62.68,48.28
2026-07-27 13:36:54.873,1.09,0.19,-0.05,-101.81,15.08,73.97
2026-07-27 13:36:54.873,1.13,0.16,-0.13,-85.39,10.44,72.14
2026-07-27 13:36:54.873,1.13,0.16,-0.13,-85.39,10.44,72.14
2026-07-27 13:36:54.873,1.14,0.1,-0.11,-52.12,18.01,52.0
2026-07-27 13:36:54.900,1.14,0.1,-0.11,-52.12,18.01,52.0
2026-07-27 13:36:54.900,1.11,0.02,-0.08,-2.32,15.2,39.55
2026-07-27 13:36:54.901,1.05,-0.06,-0.12,34.18,-4.39,44.62
2026-07-27 13:36:54.901,1.05,-0.06,-0.12,34.18,-4.39,44.62
2026-07-27 13:36:55.038,1.1,-0.13,-0.3,46.94,-66.83,72.02
2026-07-27 13:36:55.047,1.1,-0.13,-0.3,46.94,-66.83,72.02
2026-07-27 13:36:55.048,1.29,-0.1,-0.54,55.05,-164.0,112.73
2026-07-27 13:36:55.048,1.29,-0.1,-0.54,55.05,-164.0,112.73
2026-07-27 13:36:55.048,1.49,-0.01,-0.7,46.87,-241.33,127.62
2026-07-27 13:36:55.146,1.44,-0.08,-0.74,7.2,-268.31,84.78
2026-07-27 13:36:55.146,1.44,-0.08,-0.74,7.2,-268.31,84.78
2026-07-27 13:36:55.155,1.12,-0.26,-0.73,-21.85,-260.44,17.46
2026-07-27 13:36:55.230,1.12,-0.26,-0.73,-21.85,-260.44,17.46
2026-07-27 13:36:55.230,0.76,-0.21,-0.71,-4.03,-262.51,-14.47
2026-07-27 13:36:55.231,0.76,-0.21,-0.71,-4.03,-262.51,-14.47
2026-07-27 13:36:55.231,0.45,-0.06,-0.67,26.98,-293.95,-28.02
2026-07-27 13:36:55.569,0.14,-0.11,-0.62,-3.85,-324.71,-54.63
2026-07-27 13:36:55.712,0.14,-0.11,-0.62,-3.85,-324.71,-54.63
2026-07-27 13:36:55.737,-0.08,-0.22,-0.58,-105.1,-321.41,-92.6
2026-07-27 13:36:55.737,-0.08,-0.22,-0.58,-105.1,-321.41,-92.6
2026-07-27 13:36:55.738,-0.22,-0.27,-0.72,-161.44,-266.05,-147.0
2026-07-27 13:36:55.738,-0.22,-0.27,-0.72,-122.38,-154.72,-187.0
2026-07-27 13:36:55.864,-0.33,-0.23,-0.92,-122.38,-154.72,-187.0
2026-07-27 13:36:55.871,-0.33,-0.09,-0.9,-63.05,-26.18,-211.43
2026-07-27 13:36:55.871,-0.33,-0.09,-0.9,-63.05,-26.18,-211.43
2026-07-27 13:36:55.871,-0.26,-0.01,-0.8,-22.34,48.52,-209.84
2026-07-27 13:36:55.871,-0.26,-0.01,-0.8,-22.34,48.52,-209.84
2026-07-27 13:36:57.387,-0.17,-0.05,-0.76,17.27,51.45,-161.56
2026-07-27 13:36:57.398,-0.1,-0.12,-0.8,70.01,38.27,-118.65
2026-07-27 13:36:57.421,-0.1,-0.12,-0.8,70.01,38.27,-118.65
2026-07-27 13:36:57.427,-0.07,-0.24,-0.9,84.9,72.08,-114.87
2026-07-27 13:36:57.427,-0.07,-0.24,-0.9,84.9,72.08,-114.87
2026-07-27 13:36:57.427,-0.05,-0.31,-0.97,51.45,103.27,-130.37
2026-07-27 13:36:57.427,-0.05,-0.31,-0.97,51.45,103.27,-130.37
2026-07-27 13:36:57.427,0.0,-0.3,-0.98,27.04,61.28,-148.01
2026-07-27 13:36:57.427,0.03,-0.29,-0.95,10.99,-2.87,-150.39
2026-07-27 13:36:57.673,0.03,-0.29,-0.95,10.99,-2.87,-150.39
2026-07-27 13:36:57.691,0.04,-0.27,-0.89,0.31,-32.9,-130.37
2026-07-27 13:36:57.728,0.04,-0.27,-0.89,0.31,-32.9,-130.37
2026-07-27 13:36:57.751,0.05,-0.31,-0.83,11.72,-31.68,-107.73
2026-07-27 13:36:57.751,0.05,-0.31,-0.83,11.72,-31.68,-107.73
2026-07-27 13:36:57.751,0.05,-0.36,-0.83,35.03,-18.92,-81.67
2026-07-27 13:36:57.751,0.05,-0.36,-0.83,46.57,-13.61,-54.93
2026-07-27 13:36:57.751,0.07,-0.3,-0.89,46.57,-13.61,-54.93
2026-07-27 13:36:57.751,0.07,-0.25,-0.94,29.6,-17.09,-48.34
2026-07-27 13:36:57.751,0.07,-0.25,-0.94,29.6,-17.09,-48.34
2026-07-27 13:36:57.752,0.08,-0.24,-0.97,-4.46,-17.09,-51.09
2026-07-27 13:36:57.752,0.08,-0.24,-0.97,-4.46,-17.09,-51.09
2026-07-27 13:36:57.767,0.08,-0.24,-0.99,-30.15,-13.37,-43.82
2026-07-27 13:36:57.767,0.08,-0.24,-0.99,-30.15,-13.37,-43.82
2026-07-27 13:36:57.767,0.09,-0.24,-0.99,-33.57,-12.33,-31.56
2026-07-27 13:36:57.768,0.08,-0.23,-0.99,-20.63,-11.47,-22.58
2026-07-27 13:36:57.768,0.08,-0.23,-0.99,-20.63,-11.47,-22.58
2026-07-27 13:36:57.768,0.06,-0.22,-1.0,-8.79,-9.89,-16.42
2026-07-27 13:36:57.776,0.06,-0.22,-1.0,-8.79,-9.89,-16.42
2026-07-27 13:36:57.777,0.07,-0.23,-0.99,-6.96,-9.95,-12.08
2026-07-27 13:36:57.777,0.07,-0.23,-0.99,-6.96,-9.95,-12.08
2026-07-27 13:36:57.777,0.08,-0.23,-0.98,-8.79,-10.19,-7.45
2026-07-27 13:36:57.780,0.08,-0.23,-0.98,-8.79,-10.19,-7.45
2026-07-27 13:36:57.780,0.07,-0.22,-0.95,-9.4,-8.48,-1.77
2026-07-27 13:36:57.783,0.07,-0.22,-0.95,-9.4,-8.48,-1.77
2026-07-27 13:36:57.783,0.06,-0.19,-0.95,-9.64,-5.07,1.89
2026-07-27 13:36:57.784,0.05,-0.18,-0.98,-13.18,-3.54,3.17
2026-07-27 13:36:57.785,0.05,-0.18,-0.98,-13.18,-3.54,3.17
2026-07-27 13:36:57.794,0.06,-0.19,-1.02,-14.28,-4.58,2.87
2026-07-27 13:36:57.794,0.06,-0.19,-1.02,-14.28,-4.58,2.87
2026-07-27 13:36:57.794,0.05,-0.19,-1.0,-8.85,-5.74,2.08
2026-07-27 13:36:57.795,0.05,-0.19,-1.0,-8.85,-5.74,2.08
2026-07-27 13:36:57.796,0.04,-0.19,-0.95,-3.6,-5.31,1.77
2026-07-27 13:36:57.796,0.04,-0.19,-0.95,-3.6,-5.31,1.77
2026-07-27 13:36:57.796,0.03,-0.19,-0.93,-2.32,-3.42,0.79
2026-07-27 13:36:57.797,0.03,-0.19,-0.93,-2.32,-3.42,0.79
2026-07-27 13:36:57.797,0.04,-0.19,-0.95,-5.31,-2.26,-1.71
2026-07-27 13:36:57.797,0.04,-0.19,-0.95,-5.31,-2.26,-1.71
2026-07-27 13:36:57.797,0.04,-0.2,-0.98,-7.93,-0.67,-4.64
2026-07-27 13:36:57.802,0.03,-0.19,-1.0,-5.74,0.73,-5.92
2026-07-27 13:36:57.802,0.03,-0.19,-1.0,-5.74,0.73,-5.92
2026-07-27 13:36:57.802,0.03,-0.17,-1.0,-3.11,-0.67,-5.49
2026-07-27 13:36:57.803,0.03,-0.17,-1.0,-3.11,-0.67,-5.49
2026-07-27 13:36:57.803,0.03,-0.16,-0.99,-2.14,-2.62,-4.03
2026-07-27 13:36:57.808,0.03,-0.16,-0.99,-2.14,-2.62,-4.03
2026-07-27 13:36:57.817,0.03,-0.17,-0.98,-1.77,-2.99,-2.38
2026-07-27 13:36:57.817,0.03,-0.17,-0.98,-1.77,-2.99,-2.38
2026-07-27 13:36:57.818,0.04,-0.17,-0.97,-2.38,-2.14,-0.85
2026-07-27 13:36:57.818,0.04,-0.17,-0.97,-2.38,-2.14,-0.85
2026-07-27 13:36:57.818,0.04,-0.17,-0.97,-2.93,-0.37,0.12
2026-07-27 13:36:57.818,0.04,-0.17,-0.97,-2.93,-0.37,0.12
2026-07-27 13:36:57.818,0.04,-0.16,-0.98,-2.56,1.59,-0.24
2026-07-27 13:36:57.818,0.04,-0.16,-0.98,-2.56,1.59,-0.24
2026-07-27 13:36:57.818,0.04,-0.12,-1.02,-7.26,-4.64,-2.81
2026-07-27 13:36:57.818,0.04,-0.11,-1.02,-10.19,-8.85,-3.05
2026-07-27 13:36:57.818,0.04,-0.11,-1.02,-10.19,-8.85,-3.05
2026-07-27 13:36:57.818,0.02,-0.11,-1.01,-14.95,-14.1,-2.44
2026-07-27 13:36:57.818,0.02,-0.11,-1.01,-14.95,-14.1,-2.44
2026-07-27 13:36:57.818,-0.01,-0.09,-1.02,-21.18,-18.19,6.84
2026-07-27 13:36:57.818,-0.03,-0.03,-1.04,-43.64,-18.55,37.48
2026-07-27 13:36:57.818,-0.03,-0.03,-1.04,-43.64,-18.55,37.48
2026-07-27 13:36:57.818,-0.02,0.07,-1.05,-93.44,-10.19,78.06
2026-07-27 13:36:57.818,-0.01,0.14,-1.02,-127.5,-7.87,84.05
2026-07-27 13:36:57.818,-0.01,0.19,-0.95,-86.91,-20.14,47.18
2026-07-27 13:36:57.818,-0.01,0.19,-0.95,-6.16,-20.2,8.48
2026-07-27 13:36:57.964,-0.02,0.18,-0.95,-6.16,-20.2,8.48
2026-07-27 13:36:57.968,-0.06,0.11,-0.99,66.71,-20.45,11.66
2026-07-27 13:36:57.971,-0.06,0.11,-0.99,66.71,-20.45,11.66
2026-07-27 13:36:57.974,-0.14,-0.05,-1.05,119.08,-61.16,77.15
2026-07-27 13:36:57.977,-0.14,-0.05,-1.05,119.08,-61.16,77.15
2026-07-27 13:36:57.979,-0.2,-0.2,-1.11,120.91,-86.79,123.78
2026-07-27 13:36:57.979,-0.23,-0.22,-1.07,73.24,-37.23,71.04
2026-07-27 13:36:57.980,-0.23,-0.22,-1.07,73.24,-37.23,71.04
2026-07-27 13:36:57.981,-0.2,-0.15,-0.95,7.57,29.11,-10.68
2026-07-27 13:36:57.981,-0.2,-0.15,-0.95,7.57,29.11,-10.68
2026-07-27 13:36:58.022,-0.16,-0.09,-0.91,-48.4,49.19,-33.63
2026-07-27 13:36:58.033,-0.16,-0.09,-0.91,-48.4,49.19,-33.63
2026-07-27 13:36:58.199,-0.13,-0.04,-0.97,-89.97,38.82,-5.55
2026-07-27 13:36:58.200,-0.13,-0.04,-0.97,-126.1,23.38,27.28
2026-07-27 13:36:58.200,-0.09,0.06,-0.98,-126.1,23.38,27.28
2026-07-27 13:36:58.200,-0.09,0.16,-0.93,-144.65,-1.34,40.16
2026-07-27 13:36:58.201,-0.09,0.16,-0.93,-144.65,-1.34,40.16
2026-07-27 13:36:58.201,-0.09,0.21,-0.88,-138.49,-20.69,39.49
2026-07-27 13:36:58.202,-0.09,0.21,-0.88,-138.49,-20.69,39.49
2026-07-27 13:36:58.202,-0.1,0.24,-0.83,-118.9,-7.45,37.48
2026-07-27 13:36:58.202,-0.1,0.24,-0.83,-118.9,-7.45,37.48
2026-07-27 13:36:58.295,-0.1,0.32,-0.82,-103.03,28.99,38.02
2026-07-27 13:36:58.379,-0.05,0.42,-0.82,-113.46,57.5,39.92
2026-07-27 13:36:58.379,-0.05,0.42,-0.82,-113.46,57.5,39.92
2026-07-27 13:36:58.380,0.04,0.55,-0.8,-147.71,71.72,42.11
2026-07-27 13:36:58.380,0.04,0.55,-0.8,-147.71,71.72,42.11
2026-07-27 13:36:58.387,0.08,0.74,-0.69,-205.99,92.77,40.16
2026-07-27 13:36:58.387,0.08,0.74,-0.69,-271.61,102.29,32.84
2026-07-27 13:36:58.560,0.03,0.93,-0.49,-271.61,102.29,32.84
2026-07-27 13:36:58.562,0.05,1.02,-0.21,-304.57,28.63,24.72
2026-07-27 13:36:58.562,0.05,1.02,-0.21,-304.57,28.63,24.72
2026-07-27 13:36:58.563,0.13,1.02,0.03,-335.33,-115.6,-38.45
2026-07-27 13:36:58.565,0.13,1.02,0.03,-335.33,-115.6,-38.45
2026-07-27 13:36:58.899,0.1,1.03,0.16,-327.82,-179.99,-123.6
2026-07-27 13:36:58.899,0.01,1.05,0.25,-283.57,-89.84,-84.9
2026-07-27 13:36:58.910,0.01,1.05,0.25,-283.57,-89.84,-84.9
2026-07-27 13:36:58.927,-0.01,0.94,0.46,-337.52,70.74,65.55
2026-07-27 13:36:58.928,-0.01,0.94,0.46,-337.52,70.74,65.55
2026-07-27 13:36:58.928,0.05,0.58,0.82,-466.74,196.53,195.31
2026-07-27 13:36:58.928,0.05,0.58,0.82,-466.74,196.53,195.31
2026-07-27 13:36:58.928,0.04,0.2,1.1,-504.76,207.52,189.94
2026-07-27 13:36:58.928,-0.03,0.02,1.08,-423.22,112.18,107.6
2026-07-27 13:36:58.928,-0.03,0.02,1.08,-423.22,112.18,107.6
2026-07-27 13:36:58.928,-0.06,-0.2,0.83,-343.44,17.33,106.26
2026-07-27 13:36:58.929,-0.06,-0.2,0.83,-343.44,17.33,106.26
2026-07-27 13:36:58.929,-0.09,-0.43,0.66,-272.09,-6.71,136.05
2026-07-27 13:36:58.929,-0.09,-0.43,0.66,-272.09,-6.71,136.05
2026-07-27 13:36:58.929,-0.14,-0.54,0.63,-175.05,7.32,104.8
2026-07-27 13:36:58.929,-0.18,-0.58,0.6,-89.05,6.29,48.16
2026-07-27 13:36:59.045,-0.18,-0.58,0.6,-89.05,6.29,48.16
2026-07-27 13:36:59.049,-0.22,-0.61,0.49,-19.71,-16.66,9.22
2026-07-27 13:36:59.054,-0.22,-0.61,0.49,-19.71,-16.66,9.22
2026-07-27 13:36:59.054,-0.23,-0.64,0.31,50.42,-47.12,0.43
2026-07-27 13:36:59.060,-0.23,-0.64,0.31,50.42,-47.12,0.43
2026-07-27 13:36:59.063,-0.13,-0.65,0.29,96.13,-77.64,20.75
2026-07-27 13:36:59.065,0.12,-0.61,0.6,66.1,-108.34,54.08
2026-07-27 13:36:59.066,0.12,-0.61,0.6,66.1,-108.34,54.08
2026-07-27 13:36:59.243,0.37,-0.56,1.07,-2.38,-137.57,70.74
2026-07-27 13:36:59.244,0.37,-0.56,1.07,-2.38,-137.57,70.74
2026-07-27 13:36:59.244,0.46,-0.43,1.41,-11.23,-152.04,57.62
2026-07-27 13:36:59.263,0.46,-0.43,1.41,-11.23,-152.04,57.62
2026-07-27 13:36:59.263,0.46,-0.43,1.41,-11.23,-152.04,57.62
2026-07-27 13:36:59.264,0.46,-0.43,1.41,-11.23,-152.04,57.62
2026-07-27 13:36:59.264,0.39,-0.31,1.12,58.72,-87.46,43.09
2026-07-27 13:36:59.264,0.39,-0.31,1.12,58.72,-87.46,43.09
2026-07-27 13:36:59.403,0.38,-0.31,0.95,46.33,-54.2,59.51
2026-07-27 13:36:59.412,0.41,-0.28,0.92,24.05,-41.44,71.72
2026-07-27 13:36:59.412,0.41,-0.28,0.92,24.05,-41.44,71.72
2026-07-27 13:36:59.413,0.44,-0.21,0.94,30.94,-41.87,71.23
2026-07-27 13:36:59.413,0.44,-0.21,0.94,30.94,-41.87,71.23
2026-07-27 13:36:59.413,0.46,-0.15,0.92,61.34,-45.47,59.69
2026-07-27 13:36:59.413,0.46,-0.15,0.92,61.34,-45.47,59.69
2026-07-27 13:36:59.414,0.46,-0.12,0.89,79.04,-45.72,45.59
2026-07-27 13:36:59.741,0.47,-0.09,0.91,72.14,-40.65,35.34
2026-07-27 13:36:59.750,0.47,-0.09,0.91,72.14,-40.65,35.34
2026-07-27 13:36:59.753,0.48,-0.05,0.96,50.66,-31.8,27.34
2026-07-27 13:36:59.753,0.48,-0.05,0.96,50.66,-31.8,27.34
2026-07-27 13:36:59.753,0.47,-0.02,0.97,40.04,-24.11,18.62
2026-07-27 13:36:59.753,0.47,-0.02,0.97,40.04,-24.11,18.62
2026-07-27 13:36:59.753,0.45,-0.02,0.91,52.55,-19.53,12.02
2026-07-27 13:36:59.754,0.45,-0.02,0.91,63.48,-16.54,8.91
2026-07-27 13:36:59.754,0.45,-0.02,0.84,63.48,-16.54,8.91
2026-07-27 13:36:59.754,0.47,0.0,0.81,57.13,-16.48,6.35
2026-07-27 13:36:59.754,0.47,0.0,0.81,57.13,-16.48,6.35
2026-07-27 13:36:59.823,0.48,0.03,0.86,42.42,-21.79,2.32
2026-07-27 13:36:59.966,0.48,0.03,0.86,42.42,-21.79,2.32
2026-07-27 13:36:59.967,0.5,0.03,0.92,25.33,-27.4,-1.1
2026-07-27 13:36:59.968,0.5,0.03,0.92,25.33,-27.4,-1.1
2026-07-27 13:36:59.968,0.51,0.05,0.95,17.46,-26.98,-1.95
2026-07-27 13:36:59.968,0.51,0.08,0.93,30.52,-22.46,-2.5
2026-07-27 13:36:59.968,0.51,0.08,0.93,30.52,-22.46,-2.5
2026-07-27 13:36:59.970,0.51,0.11,0.9,56.03,-19.41,-3.6
2026-07-27 13:36:59.970,0.51,0.11,0.9,56.03,-19.41,-3.6
2026-07-27 13:36:59.970,0.52,0.16,0.89,75.44,-16.66,-4.27
2026-07-27 13:36:59.975,0.52,0.16,0.89,75.44,-16.66,-4.27
2026-07-27 13:36:59.978,0.54,0.23,0.9,75.2,-12.08,-5.25
2026-07-27 13:36:59.978,0.54,0.23,0.9,75.2,-12.08,-5.25
2026-07-27 13:37:00.148,0.6,0.32,0.96,62.87,-7.87,-8.85
2026-07-27 13:37:00.343,0.63,0.44,1.03,65.37,-4.82,-21.67
2026-07-27 13:37:00.601,0.63,0.44,1.03,65.37,-4.82,-21.67
2026-07-27 13:37:00.620,0.63,0.6,1.08,86.67,0.73,-45.53
2026-07-27 13:37:00.620,0.63,0.6,1.08,86.67,0.73,-45.53
2026-07-27 13:37:00.620,0.71,0.75,1.06,99.37,17.03,-73.61
2026-07-27 13:37:00.620,0.71,0.75,1.06,99.37,17.03,-73.61
2026-07-27 13:37:00.625,0.9,1.04,0.99,119.87,35.28,-111.45
2026-07-27 13:37:00.629,0.9,1.04,0.99,192.44,11.47,-175.96
2026-07-27 13:37:00.629,1.07,1.61,1.09,192.44,11.47,-175.96
2026-07-27 13:37:00.629,1.24,2.27,1.63,299.44,-76.6,-257.08
2026-07-27 13:37:00.629,1.24,2.27,1.63,299.44,-76.6,-257.08
2026-07-27 13:37:00.629,1.3,2.48,2.76,402.89,-197.14,-322.14
2026-07-27 13:37:00.630,1.3,2.48,2.76,402.89,-197.14,-322.14
2026-07-27 13:37:00.630,1.17,1.73,3.86,430.05,-246.95,-373.84
2026-07-27 13:37:00.631,1.37,0.12,4.0,339.42,-78.43,-413.45
2026-07-27 13:37:00.631,1.37,0.12,4.0,339.42,-78.43,-413.45
2026-07-27 13:37:00.631,1.96,-1.78,3.01,220.58,247.19,-393.74
2026-07-27 13:37:00.631,1.96,-1.78,3.01,220.58,247.19,-393.74
2026-07-27 13:37:00.631,2.11,-2.83,0.62,175.66,436.83,-252.44
2026-07-27 13:37:00.631,2.11,-2.83,0.62,175.66,436.83,-252.44
2026-07-27 13:37:00.631,1.53,-2.49,-1.78,209.78,330.57,-52.0
2026-07-27 13:37:00.631,0.61,-1.7,-2.47,274.29,71.04,29.24
2026-07-27 13:37:00.631,0.61,-1.7,-2.47,274.29,71.04,29.24
2026-07-27 13:37:00.631,-0.09,-1.25,-1.89,405.46,-116.27,-35.77
2026-07-27 13:37:00.631,-0.09,-1.25,-1.89,405.46,-116.27,-35.77
2026-07-27 13:37:00.631,-0.27,-1.16,-1.82,360.66,-54.75,-100.28
2026-07-27 13:37:01.264,-0.27,-1.16,-1.82,360.66,-54.75,-100.28
2026-07-27 13:37:01.264,-0.24,-1.11,-1.96,129.94,94.91,-86.61
2026-07-27 13:37:01.752,-0.38,-1.05,-1.67,16.91,87.34,-39.92
2026-07-27 13:37:01.943,-0.38,-1.05,-1.67,16.91,87.34,-39.92
2026-07-27 13:37:01.953,-0.56,-0.85,-1.39,-58.41,30.58,20.63
2026-07-27 13:37:01.953,-0.56,-0.85,-1.39,-58.41,30.58,20.63
2026-07-27 13:37:01.989,-0.62,-0.5,-1.18,-48.89,12.15,85.33
2026-07-27 13:37:02.013,-0.62,-0.5,-1.18,-48.89,12.15,85.33
2026-07-27 13:37:02.075,-0.58,-0.24,-0.81,106.93,-11.35,120.79
2026-07-27 13:37:02.075,-0.55,-0.29,-0.4,240.84,-42.97,127.62
2026-07-27 13:37:02.093,-0.55,-0.29,-0.4,240.84,-42.97,127.62
2026-07-27 13:37:02.093,-0.53,-0.57,-0.12,280.94,-38.02,119.75
2026-07-27 13:37:02.093,-0.53,-0.57,-0.12,280.94,-38.02,119.75
2026-07-27 13:37:02.093,-0.28,-0.74,-0.25,274.96,-6.65,113.1
2026-07-27 13:37:02.093,-0.28,-0.74,-0.25,274.96,-6.65,113.1
2026-07-27 13:37:02.093,-0.07,-0.74,-0.35,252.99,-4.33,71.9
2026-07-27 13:37:02.094,-0.21,-0.76,0.04,179.26,-15.56,-20.14
2026-07-27 13:37:02.117,-0.21,-0.76,0.04,179.26,-15.56,-20.14
2026-07-27 13:37:02.117,-0.36,-0.79,0.21,102.72,16.11,-75.07
2026-07-27 13:37:02.147,-0.36,-0.79,0.21,102.72,16.11,-75.07
2026-07-27 13:37:02.148,-0.3,-0.84,0.02,124.02,71.84,-57.37
2026-07-27 13:37:02.148,-0.3,-0.84,0.02,124.02,71.84,-57.37
2026-07-27 13:37:02.149,-0.27,-0.92,0.01,181.7,97.9,-43.03
2026-07-27 13:37:02.149,-0.53,-0.87,0.24,190.12,92.29,-76.9
2026-07-27 13:37:02.150,-0.53,-0.87,0.24,190.12,92.29,-76.9
2026-07-27 13:37:02.152,-0.69,-0.87,0.23,124.88,81.18,-80.26
2026-07-27 13:37:02.166,-0.69,-0.87,0.23,124.88,81.18,-80.26
2026-07-27 13:37:02.166,-0.47,-1.09,0.15,-3.11,100.1,-21.48
2026-07-27 13:37:02.168,-0.47,-1.09,0.15,-3.11,100.1,-21.48
2026-07-27 13:37:02.168,-0.47,-1.09,0.15,-3.11,100.1,-21.48
2026-07-27 13:37:02.168,-0.47,-1.09,0.15,-3.11,100.1,-21.48
2026-07-27 13:37:02.175,-0.19,-1.12,0.2,-23.93,170.35,-14.47
2026-07-27 13:37:02.708,-0.19,-1.12,0.2,-23.93,170.35,-14.47
2026-07-27 13:37:02.711,-0.19,-1.12,0.2,-23.93,170.35,-14.47
2026-07-27 13:37:02.714,-0.19,-1.12,0.2,-23.93,170.35,-14.47
2026-07-27 13:37:02.717,-0.2,-1.3,0.14,62.5,152.77,-27.47
2026-07-27 13:37:02.734,-0.2,-1.3,0.14,62.5,152.77,-27.47
2026-07-27 13:37:02.734,-0.21,-1.5,0.26,25.45,150.7,27.1
2026-07-27 13:37:02.734,-0.41,-1.45,0.34,50.42,113.89,10.86
2026-07-27 13:37:02.735,-0.41,-1.45,0.34,50.42,113.89,10.86
2026-07-27 13:37:02.749,-0.64,-1.08,0.37,52.06,53.28,-18.92
2026-07-27 13:37:02.749,-0.64,-1.08,0.37,52.06,53.28,-18.92
2026-07-27 13:37:02.749,-0.72,-0.79,0.21,-20.81,-4.88,24.35
2026-07-27 13:37:02.749,-0.72,-0.79,0.21,-20.81,-4.88,24.35
2026-07-27 13:37:02.749,-0.67,-0.64,-0.13,-74.34,-23.62,53.04
2026-07-27 13:37:02.749,-0.67,-0.64,-0.13,-74.34,-23.62,53.04
2026-07-27 13:37:02.755,-0.58,-0.44,-0.34,-54.02,18.55,31.37
2026-07-27 13:37:02.758,-0.39,-0.32,-0.32,-5.62,84.96,19.71
2026-07-27 13:37:02.758,-0.39,-0.32,-0.32,-5.62,84.96,19.71
2026-07-27 13:37:02.758,-0.14,-0.39,-0.22,27.28,123.66,38.88
2026-07-27 13:37:02.758,-0.14,-0.39,-0.22,27.28,123.66,38.88
2026-07-27 13:37:02.758,-0.04,-0.53,-0.14,56.52,141.11,64.94
2026-07-27 13:37:02.758,-0.04,-0.53,-0.14,56.52,141.11,64.94
2026-07-27 13:37:02.770,-0.07,-0.73,0.04,77.09,153.14,99.55
2026-07-27 13:37:02.770,-0.07,-0.73,0.04,77.09,153.14,99.55
2026-07-27 13:37:02.770,-0.15,-1.13,0.34,60.67,133.67,162.17
2026-07-27 13:37:02.770,-0.37,-1.85,0.32,12.02,78.0,241.76
2026-07-27 13:37:02.770,-0.37,-1.85,0.32,12.02,78.0,241.76
2026-07-27 13:37:02.771,-0.68,-2.94,0.05,-107.48,22.89,319.76
2026-07-27 13:37:02.772,-0.68,-2.94,0.05,-107.48,22.89,319.76
2026-07-27 13:37:02.772,-0.81,-3.71,0.26,-262.94,22.03,309.02
2026-07-27 13:37:02.772,-0.81,-3.71,0.26,-262.94,22.03,309.02
2026-07-27 13:37:02.772,-1.02,-2.95,0.6,-257.87,42.79,55.05
2026-07-27 13:37:02.772,-1.26,-0.91,0.53,-130.68,2.56,-317.57
2026-07-27 13:37:02.772,-1.26,-0.91,0.53,-130.68,2.56,-317.57
2026-07-27 13:37:02.772,-1.12,0.48,0.36,-104.98,-72.88,-446.17
2026-07-27 13:37:02.772,-1.12,0.48,0.36,-104.98,-72.88,-446.17
2026-07-27 13:37:02.825,-1.02,0.84,0.29,-109.01,-114.38,-310.36
2026-07-27 13:37:02.836,-1.02,0.84,0.29,-109.01,-114.38,-310.36
2026-07-27 13:37:02.844,-1.16,0.83,0.11,-5.25,-105.22,-129.58
2026-07-27 13:37:02.844,-1.39,0.53,-0.26,94.12,-85.82,23.44
2026-07-27 13:37:02.844,-1.39,0.53,-0.26,94.12,-85.82,23.44
2026-07-27 13:37:02.844,-1.65,0.32,-0.58,92.22,-77.33,122.25
2026-07-27 13:37:02.844,-1.65,0.32,-0.58,92.22,-77.33,122.25
2026-07-27 13:37:02.844,-1.93,0.37,-0.8,67.38,-57.5,147.28
2026-07-27 13:37:02.844,-1.93,0.37,-0.8,67.38,-57.5,147.28
2026-07-27 13:37:02.844,-2.06,0.51,-0.87,90.94,-16.24,136.47
2026-07-27 13:37:02.844,-2.06,0.51,-0.87,142.33,45.65,130.68
2026-07-27 13:37:02.926,-1.89,0.54,-0.52,142.33,45.65,130.68
2026-07-27 13:37:02.932,-1.48,0.29,0.02,179.14,102.11,140.81
2026-07-27 13:37:02.936,-1.48,0.29,0.02,179.14,102.11,140.81
2026-07-27 13:37:02.937,-1.09,-0.08,0.33,174.13,124.27,143.01
2026-07-27 13:37:02.938,-1.09,-0.08,0.33,174.13,124.27,143.01
2026-07-27 13:37:02.938,-1.01,-0.22,0.35,140.93,116.7,118.35
2026-07-27 13:37:02.947,-1.01,-0.22,0.35,140.93,116.7,118.35
2026-07-27 13:37:02.947,-1.33,-0.35,0.15,127.5,97.84,108.76
2026-07-27 13:37:02.948,-1.58,-0.88,-0.05,140.38,88.44,154.72
2026-07-27 13:37:02.948,-1.58,-0.88,-0.05,140.38,88.44,154.72
2026-07-27 13:37:02.948,-1.35,-1.46,-0.15,161.44,107.36,184.08
2026-07-27 13:37:02.948,-1.35,-1.46,-0.15,161.44,107.36,184.08
2026-07-27 13:37:02.948,-0.91,-1.38,-0.17,165.1,129.27,98.51
2026-07-27 13:37:02.949,-0.91,-1.38,-0.17,165.1,129.27,98.51
2026-07-27 13:37:02.949,-0.72,-0.65,-0.02,121.64,115.42,-57.86
2026-07-27 13:37:02.949,-0.72,-0.65,-0.02,121.64,115.42,-57.86
2026-07-27 13:37:02.950,-0.83,0.35,0.08,67.63,50.78,-178.34
2026-07-27 13:37:02.950,-1.14,0.47,-0.19,66.22,-17.82,-151.31
2026-07-27 13:37:02.950,-1.14,0.47,-0.19,66.22,-17.82,-151.31
2026-07-27 13:37:02.950,-1.46,0.2,-0.33,61.16,-64.27,-78.92
2026-07-27 13:37:02.950,-1.46,0.2,-0.33,61.16,-64.27,-78.92
2026-07-27 13:37:02.951,-1.47,-0.44,-0.02,49.99,-65.43,8.61
2026-07-27 13:37:02.952,-1.47,-0.44,-0.02,49.99,-65.43,8.61
2026-07-27 13:37:02.952,-1.3,-0.93,0.36,41.81,-71.9,39.49
2026-07-27 13:37:02.952,-1.15,-1.02,0.51,50.11,-93.44,1.16
2026-07-27 13:37:02.952,-1.15,-1.02,0.51,50.11,-93.44,1.16
2026-07-27 13:37:03.124,-1.05,-0.74,0.56,41.38,-115.48,-63.23
2026-07-27 13:37:03.131,-1.05,-0.74,0.56,41.38,-115.48,-63.23
2026-07-27 13:37:03.131,-1.0,-0.4,0.59,-11.11,-154.17,-112.49
2026-07-27 13:37:03.131,-1.0,-0.4,0.59,-11.11,-154.17,-112.49
2026-07-27 13:37:03.131,-0.91,-0.29,0.54,-64.45,-191.47,-129.52
2026-07-27 13:37:03.132,-0.74,-0.4,0.33,-49.19,-173.03,-135.38
2026-07-27 13:37:03.132,-0.74,-0.4,0.33,-49.19,-173.03,-135.38
2026-07-27 13:37:03.132,-0.58,-0.56,-0.02,43.21,-131.35,-173.83
2026-07-27 13:37:03.185,-0.58,-0.56,-0.02,43.21,-131.35,-173.83
2026-07-27 13:37:03.188,-0.52,-0.54,-0.33,162.78,-127.87,-264.9
2026-07-27 13:37:03.763,-0.48,-0.29,-0.45,260.93,-111.82,-376.7
2026-07-27 13:37:03.764,-0.48,-0.29,-0.45,260.93,-111.82,-376.7
2026-07-27 13:37:03.764,-0.34,0.04,-0.23,319.58,-21.24,-449.46
2026-07-27 13:37:03.764,-0.34,0.04,-0.23,319.58,-21.24,-449.46
2026-07-27 13:37:03.766,-0.21,0.23,0.2,325.62,80.99,-471.98
2026-07-27 13:37:03.766,-0.21,0.23,0.2,270.57,99.55,-491.33
2026-07-27 13:37:03.769,-0.27,0.33,0.45,270.57,99.55,-491.33
2026-07-27 13:37:03.770,-0.46,0.59,0.42,182.56,64.39,-514.16
2026-07-27 13:37:03.770,-0.46,0.59,0.42,182.56,64.39,-514.16
2026-07-27 13:37:03.770,-0.48,0.94,0.6,72.69,77.51,-478.88
2026-07-27 13:37:03.770,-0.48,0.94,0.6,72.69,77.51,-478.88
2026-07-27 13:37:03.770,-0.3,1.11,1.1,-49.74,164.06,-348.88
2026-07-27 13:37:03.770,-0.3,1.11,1.1,-126.34,226.14,-179.14
2026-07-27 13:37:03.770,-0.12,0.95,1.57,-126.34,226.14,-179.14
2026-07-27 13:37:03.771,-0.03,0.54,1.87,-139.89,175.11,-69.7
2026-07-27 13:37:03.771,-0.03,0.54,1.87,-139.89,175.11,-69.7
2026-07-27 13:37:03.771,0.06,0.2,2.02,-131.84,42.24,-64.88
2026-07-27 13:37:03.778,0.06,0.2,2.02,-131.84,42.24,-64.88
2026-07-27 13:37:03.779,0.12,0.12,1.96,-86.61,-56.82,-108.15
2026-07-27 13:37:03.779,0.01,0.23,1.57,39.67,-16.48,-98.08
2026-07-27 13:37:03.779,0.01,0.23,1.57,39.67,-16.48,-98.08
2026-07-27 13:37:03.782,-0.19,0.34,1.07,155.64,98.57,-16.97
2026-07-27 13:37:03.782,-0.19,0.34,1.07,155.64,98.57,-16.97
2026-07-27 13:37:03.782,-0.24,0.3,0.88,123.35,100.22,49.87
2026-07-27 13:37:03.782,-0.24,0.3,0.88,123.35,100.22,49.87
2026-07-27 13:37:03.782,-0.1,0.16,0.95,-6.84,-21.55,55.66
2026-07-27 13:37:03.783,-0.1,0.16,0.95,-6.84,-21.55,55.66
2026-07-27 13:37:03.850,-0.1,0.16,0.95,-6.84,-21.55,55.66
2026-07-27 13:37:03.904,-0.1,0.16,0.95,-6.84,-21.55,55.66
2026-07-27 13:37:03.909,0.19,-0.11,1.13,-92.22,-117.86,47.97
2026-07-27 13:37:03.910,0.19,-0.11,1.13,-56.34,-69.95,52.49
2026-07-27 13:37:03.910,0.25,-0.2,1.26,-56.34,-69.95,52.49
2026-07-27 13:37:03.998,0.23,-0.13,1.35,-10.68,-36.01,25.33
2026-07-27 13:37:04.024,0.23,-0.13,1.35,-10.68,-36.01,25.33
2026-07-27 13:37:04.099,0.15,-0.01,1.24,29.72,-46.57,-12.88
2026-07-27 13:37:04.443,0.15,-0.01,1.24,29.72,-46.57,-12.88
2026-07-27 13:37:05.230,0.07,0.07,1.0,45.65,-85.27,-29.85
2026-07-27 13:37:05.263,0.07,0.07,1.0,45.65,-85.27,-29.85
2026-07-27 13:37:05.263,0.04,0.13,0.85,41.99,-108.15,-27.77
2026-07-27 13:37:05.263,0.06,0.18,0.87,40.77,-97.23,-20.57
2026-07-27 13:37:05.263,0.06,0.18,0.87,40.77,-97.23,-20.57
2026-07-27 13:37:05.263,0.08,0.24,0.95,56.76,-64.33,-12.76
2026-07-27 13:37:05.263,0.08,0.24,0.95,56.76,-64.33,-12.76
2026-07-27 13:37:05.263,0.1,0.27,1.02,80.93,-32.78,2.2
2026-07-27 13:37:05.263,0.1,0.27,1.02,80.93,-32.78,2.2
2026-07-27 13:37:05.264,0.15,0.24,1.07,94.18,-21.12,27.83
2026-07-27 13:37:05.544,0.19,0.21,1.02,92.65,-28.26,57.68
2026-07-27 13:37:05.820,0.19,0.21,1.02,92.65,-28.26,57.68
2026-07-27 13:37:05.889,0.24,0.16,0.9,77.88,-56.03,75.13
2026-07-27 13:37:05.899,0.24,0.16,0.9,77.88,-56.03,75.13
2026-07-27 13:37:05.899,0.31,0.15,0.74,60.18,-93.93,67.81
2026-07-27 13:37:05.900,0.31,0.15,0.74,60.18,-93.93,67.81
2026-07-27 13:37:05.900,0.36,0.22,0.61,52.49,-100.16,50.6
2026-07-27 13:37:05.900,0.4,0.31,0.55,49.93,-64.21,40.28
2026-07-27 13:37:05.900,0.4,0.31,0.55,49.93,-64.21,40.28
2026-07-27 13:37:05.900,0.43,0.42,0.54,38.33,-32.04,35.58
2026-07-27 13:37:05.901,0.43,0.42,0.54,38.33,-32.04,35.58
2026-07-27 13:37:05.901,0.5,0.45,0.51,22.71,-26.92,42.91
2026-07-27 13:37:05.901,0.5,0.45,0.51,22.71,-26.92,42.91
2026-07-27 13:37:05.901,0.62,0.39,0.45,17.27,-19.53,57.86
2026-07-27 13:37:05.902,0.62,0.39,0.45,17.27,-19.53,57.86
2026-07-27 13:37:05.905,0.69,0.32,0.46,11.84,-7.69,58.78
2026-07-27 13:37:05.914,0.71,0.28,0.47,-3.97,-14.53,55.18
2026-07-27 13:37:05.914,0.71,0.28,0.47,-3.97,-14.53,55.18
2026-07-27 13:37:05.914,0.66,0.3,0.52,-23.07,-20.32,62.62
2026-07-27 13:37:05.914,0.66,0.3,0.52,-23.07,-20.32,62.62
2026-07-27 13:37:05.914,0.63,0.33,0.64,-25.94,-8.85,78.31
2026-07-27 13:37:05.914,0.63,0.33,0.64,-25.94,-8.85,78.31
2026-07-27 13:37:05.914,0.72,0.18,0.65,5.0,-5.68,89.84
2026-07-27 13:37:06.195,0.72,0.18,0.65,5.0,-5.68,89.84
2026-07-27 13:37:06.200,0.82,-0.0,0.54,47.0,-11.72,76.84
2026-07-27 13:37:06.200,0.88,-0.05,0.45,54.63,-5.49,44.43
2026-07-27 13:37:06.200,0.88,-0.05,0.45,54.63,-5.49,44.43
2026-07-27 13:37:06.200,0.78,-0.07,0.31,48.83,27.04,-2.5
2026-07-27 13:37:06.200,0.78,-0.07,0.31,48.83,27.04,-2.5
2026-07-27 13:37:06.200,0.5,-0.11,0.11,83.37,66.65,-65.73
2026-07-27 13:37:06.200,0.5,-0.11,0.11,83.37,66.65,-65.73
2026-07-27 13:37:06.200,0.2,-0.1,-0.08,116.88,65.98,-94.36
2026-07-27 13:37:06.201,0.2,-0.1,-0.08,116.88,65.98,-94.36
2026-07-27 13:37:06.201,-0.03,0.07,-0.26,106.57,7.81,-66.71
2026-07-27 13:37:06.201,-0.03,0.07,-0.26,89.6,-70.56,-56.82
2026-07-27 13:37:06.201,-0.04,0.5,-0.49,89.6,-70.56,-56.82
2026-07-27 13:37:06.201,0.14,1.24,-0.75,88.93,-114.07,-113.4
2026-07-27 13:37:06.201,0.14,1.24,-0.75,88.93,-114.07,-113.4
2026-07-27 13:37:06.201,0.31,2.16,-0.8,109.68,-109.68,-203.61
2026-07-27 13:37:06.201,0.31,2.16,-0.8,109.68,-109.68,-203.61
2026-07-27 13:37:06.201,0.52,2.83,-0.22,131.71,-91.49,-246.28
2026-07-27 13:37:06.201,0.83,2.66,0.8,137.02,-103.76,-213.99
2026-07-27 13:37:06.202,0.83,2.66,0.8,137.02,-103.76,-213.99
2026-07-27 13:37:06.202,0.84,1.82,1.54,138.73,-114.69,-163.02
2026-07-27 13:37:06.202,0.84,1.82,1.54,138.73,-114.69,-163.02
2026-07-27 13:37:06.204,0.52,1.17,1.53,117.0,-80.81,-123.84
2026-07-27 13:37:06.211,0.52,1.17,1.53,43.52,-49.56,-91.61
2026-07-27 13:37:06.211,0.2,1.02,0.92,43.52,-49.56,-91.61
2026-07-27 13:37:06.211,0.04,1.07,0.26,-30.21,-50.54,-57.62
2026-07-27 13:37:06.211,0.04,1.07,0.26,-30.21,-50.54,-57.62
2026-07-27 13:37:06.211,0.03,1.0,-0.08,-38.09,-51.45,-25.02
2026-07-27 13:37:06.212,0.03,1.0,-0.08,-38.09,-51.45,-25.02
2026-07-27 13:37:06.212,0.13,0.86,-0.05,-10.8,-40.04,3.3
2026-07-27 13:37:06.212,0.13,0.86,-0.05,-10.8,-40.04,3.3
2026-07-27 13:37:06.212,0.23,0.79,0.18,-2.5,-28.5,42.85
2026-07-27 13:37:06.212,0.23,0.79,0.18,-2.5,-28.5,42.85
2026-07-27 13:37:06.212,0.24,0.83,0.39,-13.37,-15.26,90.76
2026-07-27 13:37:06.212,0.23,0.9,0.55,-36.44,-10.68,116.27
2026-07-27 13:37:06.212,0.23,0.9,0.55,-36.44,-10.68,116.27
2026-07-27 13:37:06.212,0.33,0.9,0.7,-69.76,-29.3,106.02
2026-07-27 13:37:06.238,0.33,0.9,0.7,-69.76,-29.3,106.02
2026-07-27 13:37:06.239,0.51,0.89,0.75,-70.56,-48.77,76.72
2026-07-27 13:37:06.545,0.36,0.91,0.3,-124.39,96.19,-1.95
2026-07-27 13:37:06.545,0.36,0.91,0.3,-124.39,96.19,-1.95
2026-07-27 13:37:06.546,0.33,0.85,0.3,-76.97,64.51,-13.18
2026-07-27 13:37:06.547,0.33,0.85,0.3,-76.97,64.51,-13.18
2026-07-27 13:37:06.548,0.34,0.83,0.24,-10.31,17.03,-25.57
2026-07-27 13:37:06.548,0.37,0.83,0.12,41.75,-34.91,-57.74
2026-07-27 13:37:06.549,0.37,0.83,0.12,41.75,-34.91,-57.74
2026-07-27 13:37:06.549,0.43,0.95,0.0,61.16,-74.34,-97.41
2026-07-27 13:37:06.552,0.43,0.95,0.0,61.16,-74.34,-97.41
2026-07-27 13:37:06.552,0.34,1.12,-0.0,60.18,-91.61,-189.64
2026-07-27 13:37:06.553,0.34,1.12,-0.0,60.18,-91.61,-189.64
2026-07-27 13:37:06.553,0.05,1.16,0.11,64.7,-97.17,-345.52
2026-07-27 13:37:06.556,0.05,1.16,0.11,64.7,-97.17,-345.52
2026-07-27 13:37:06.556,-0.24,1.1,0.3,70.62,-89.11,-408.51
2026-07-27 13:37:06.556,-0.24,1.1,0.3,56.88,-47.3,-298.1
2026-07-27 13:37:06.556,-0.41,1.0,0.47,56.88,-47.3,-298.1
2026-07-27 13:37:06.556,-0.38,0.86,0.48,39.61,-13.67,-77.64
2026-07-27 13:37:06.556,-0.38,0.86,0.48,39.61,-13.67,-77.64
2026-07-27 13:37:06.556,-0.16,0.94,0.39,29.72,-53.59,200.81
2026-07-27 13:37:06.557,-0.16,0.94,0.39,29.72,-53.59,200.81
2026-07-27 13:37:06.557,0.09,1.19,0.5,-3.66,-146.42,369.57
2026-07-27 13:37:06.557,0.14,1.23,0.68,-37.78,-165.1,269.35
2026-07-27 13:37:06.557,0.14,1.23,0.68,-37.78,-165.1,269.35
2026-07-27 13:37:06.557,0.0,1.08,0.61,-13.0,-124.33,41.93
2026-07-27 13:37:06.557,0.0,1.08,0.61,-13.0,-124.33,41.93
2026-07-27 13:37:06.558,-0.11,0.92,0.5,32.17,-172.97,-106.14
2026-07-27 13:37:06.558,-0.11,0.92,0.5,32.17,-172.97,-106.14
2026-07-27 13:37:06.559,-0.14,0.74,0.44,2.08,-246.46,-114.44
2026-07-27 13:37:06.560,-0.12,0.62,0.33,-41.32,-233.58,-54.63
2026-07-27 13:37:06.560,-0.12,0.62,0.33,-41.32,-233.58,-54.63
2026-07-27 13:37:06.561,-0.03,0.7,0.21,3.6,-200.87,-18.43
2026-07-27 13:37:06.561,-0.03,0.7,0.21,3.6,-200.87,-18.43
2026-07-27 13:37:06.691,0.07,0.87,0.09,69.89,-198.49,-14.04
2026-07-27 13:37:07.021,0.07,0.87,0.09,69.89,-198.49,-14.04
2026-07-27 13:37:07.023,0.15,0.98,0.02,78.25,-191.41,-16.6
2026-07-27 13:37:07.028,0.23,0.98,-0.05,44.8,-183.9,-8.67
2026-07-27 13:37:07.033,0.23,0.98,-0.05,44.8,-183.9,-8.67
2026-07-27 13:37:07.034,0.31,0.95,-0.17,15.01,-172.61,7.63
2026-07-27 13:37:07.034,0.31,0.95,-0.17,15.01,-172.61,7.63
2026-07-27 13:37:07.034,0.39,0.86,-0.33,7.63,-142.94,29.11
2026-07-27 13:37:07.034,0.39,0.86,-0.33,7.63,-142.94,29.11
2026-07-27 13:37:07.034,0.48,0.77,-0.52,37.41,-97.47,56.82
2026-07-27 13:37:07.034,0.6,0.79,-0.51,89.54,-38.15,74.04
2026-07-27 13:37:07.034,0.6,0.79,-0.51,89.54,-38.15,74.04
2026-07-27 13:37:07.034,0.38,0.84,-0.39,112.98,-5.8,68.42
2026-07-27 13:37:07.035,0.38,0.84,-0.39,112.98,-5.8,68.42
2026-07-27 13:37:07.035,0.07,0.82,-0.38,89.23,-44.01,56.58
2026-07-27 13:37:07.035,0.07,0.82,-0.38,89.23,-44.01,56.58
2026-07-27 13:37:07.127,0.35,0.81,-0.5,61.1,-127.14,55.18
2026-07-27 13:37:07.180,0.35,0.81,-0.5,47.3,-183.53,72.2
2026-07-27 13:37:07.181,0.69,0.76,-0.5,47.3,-183.53,72.2
2026-07-27 13:37:07.181,0.58,0.68,-0.31,13.79,-197.57,107.6
2026-07-27 13:37:07.181,0.58,0.68,-0.31,13.79,-197.57,107.6
2026-07-27 13:37:07.181,0.4,0.68,-0.27,-52.73,-214.54,146.18
2026-07-27 13:37:07.182,0.4,0.68,-0.27,-52.73,-214.54,146.18
2026-07-27 13:37:07.381,0.41,0.75,-0.39,-109.13,-208.25,158.26
2026-07-27 13:37:07.385,0.46,0.79,-0.48,-132.14,-142.82,113.4
2026-07-27 13:37:07.385,0.46,0.79,-0.48,-132.14,-142.82,113.4
2026-07-27 13:37:07.386,0.48,0.83,-0.47,-139.22,-76.84,35.28
2026-07-27 13:37:07.386,0.48,0.83,-0.47,-139.22,-76.84,35.28
2026-07-27 13:37:07.386,0.47,0.9,-0.43,-131.53,-57.74,-11.72
2026-07-27 13:37:07.386,0.42,0.91,-0.42,-107.12,-54.87,-15.5
2026-07-27 13:37:07.389,0.42,0.91,-0.42,-107.12,-54.87,-15.5
2026-07-27 13:37:07.389,0.38,0.88,-0.42,-67.75,-42.54,-9.64
2026-07-27 13:37:07.389,0.38,0.88,-0.42,-67.75,-42.54,-9.64
2026-07-27 13:37:07.389,0.39,0.86,-0.39,-29.79,-36.93,-10.25
2026-07-27 13:37:07.389,0.39,0.86,-0.39,-29.79,-36.93,-10.25
2026-07-27 13:37:07.389,0.38,0.86,-0.33,-10.62,-42.05,-7.81
2026-07-27 13:37:07.816,0.35,0.89,-0.27,-15.14,-45.84,5.74
2026-07-27 13:37:07.816,0.35,0.89,-0.27,-15.14,-45.84,5.74
2026-07-27 13:37:07.828,0.32,0.92,-0.2,-39.67,-40.47,21.61
2026-07-27 13:37:07.837,0.32,0.92,-0.2,-39.67,-40.47,21.61
2026-07-27 13:37:07.837,0.34,0.96,-0.18,-64.64,-26.98,27.22
2026-07-27 13:37:07.837,0.34,0.96,-0.18,-64.64,-26.98,27.22
2026-07-27 13:37:07.837,0.37,0.97,-0.17,-65.61,-18.13,21.06
2026-07-27 13:37:07.837,0.37,0.97,-0.17,-43.46,-24.41,12.57
2026-07-27 13:37:07.838,0.38,0.96,-0.13,-43.46,-24.41,12.57
2026-07-27 13:37:07.838,0.37,0.92,-0.09,-21.91,-34.48,10.13
2026-07-27 13:37:07.839,0.37,0.92,-0.09,-21.91,-34.48,10.13
2026-07-27 13:37:07.839,0.37,0.9,-0.09,-16.48,-32.78,16.66
2026-07-27 13:37:07.840,0.37,0.9,-0.09,-16.48,-32.78,16.66
2026-07-27 13:37:07.840,0.38,0.92,-0.13,-26.79,-19.59,28.5
2026-07-27 13:37:07.840,0.38,0.92,-0.13,-26.79,-19.59,28.5
2026-07-27 13:37:07.860,0.4,0.94,-0.17,-39.98,-5.37,36.19
2026-07-27 13:37:07.863,0.43,0.95,-0.16,-39.55,-0.79,33.94
2026-07-27 13:37:07.863,0.43,0.95,-0.16,-39.55,-0.79,33.94
2026-07-27 13:37:08.040,0.45,0.94,-0.12,-23.5,-5.31,22.64
2026-07-27 13:37:08.047,0.45,0.94,-0.12,-23.5,-5.31,22.64
2026-07-27 13:37:08.047,0.44,0.93,-0.07,-5.25,-9.16,7.81
2026-07-27 13:37:08.047,0.44,0.93,-0.07,-5.25,-9.16,7.81
2026-07-27 13:37:08.048,0.42,0.91,-0.04,1.16,-6.1,-2.5
2026-07-27 13:37:08.401,0.42,0.91,-0.04,-8.91,4.52,-2.5
2026-07-27 13:37:08.404,0.41,0.91,-0.03,-8.91,4.52,-2.5
2026-07-27 13:37:08.428,0.43,0.91,-0.03,-26.73,16.24,2.5
2026-07-27 13:37:08.436,0.43,0.91,-0.03,-26.73,16.24,2.5
2026-07-27 13:37:09.182,0.45,0.91,-0.01,-34.48,19.17,3.97
2026-07-27 13:37:09.190,0.45,0.91,-0.01,-34.48,19.17,3.97
2026-07-27 13:37:09.191,0.45,0.92,0.03,-24.17,13.06,2.32
2026-07-27 13:37:09.191,0.45,0.92,0.03,-24.17,13.06,2.32
2026-07-27 13:37:09.191,0.44,0.92,0.05,-5.07,8.54,1.53
2026-07-27 13:37:09.191,0.44,0.92,0.05,8.61,10.74,1.59
2026-07-27 13:37:09.191,0.43,0.92,0.04,8.61,10.74,1.59
2026-07-27 13:37:09.191,0.42,0.91,0.03,11.29,14.59,2.5
2026-07-27 13:37:09.191,0.42,0.91,0.03,11.29,14.59,2.5
2026-07-27 13:37:09.191,0.44,0.9,0.02,7.14,17.27,5.68
2026-07-27 13:37:09.191,0.44,0.9,0.02,7.14,17.27,5.68
2026-07-27 13:37:09.191,0.46,0.89,0.0,2.56,19.9,9.28
2026-07-27 13:37:09.192,0.46,0.89,0.0,2.56,19.9,9.28
2026-07-27 13:37:09.192,0.48,0.89,-0.04,0.85,23.07,10.86
2026-07-27 13:37:09.192,0.48,0.89,-0.04,0.85,23.07,10.86
2026-07-27 13:37:09.192,0.49,0.91,-0.07,0.67,24.84,9.77
2026-07-27 13:37:09.192,0.48,0.91,-0.06,1.28,21.36,5.74
2026-07-27 13:37:09.192,0.48,0.91,-0.06,1.28,21.36,5.74
2026-07-27 13:37:09.192,0.48,0.91,-0.05,3.72,16.48,2.69
2026-07-27 13:37:09.192,0.48,0.91,-0.05,3.72,16.48,2.69
2026-07-27 13:37:09.192,0.47,0.89,-0.05,6.23,14.83,4.94
2026-07-27 13:37:09.192,0.47,0.89,-0.05,6.23,14.83,4.94
2026-07-27 13:37:09.199,0.47,0.89,-0.06,5.37,14.4,11.47
2026-07-27 13:37:09.199,0.47,0.89,-0.06,5.37,14.4,11.47
2026-07-27 13:37:09.199,0.49,0.89,-0.07,0.85,12.63,17.33
2026-07-27 13:37:09.199,0.52,0.89,-0.07,-3.3,8.18,16.66
2026-07-27 13:37:09.200,0.52,0.89,-0.07,-3.3,8.18,16.66
2026-07-27 13:37:09.200,0.51,0.89,-0.05,-4.94,1.16,9.58
2026-07-27 13:37:09.200,0.51,0.89,-0.05,-4.94,1.16,9.58
2026-07-27 13:37:09.200,0.49,0.89,-0.01,-6.65,-7.57,0.55
2026-07-27 13:37:09.200,0.49,0.89,-0.01,-6.65,-7.57,0.55
2026-07-27 13:37:09.200,0.49,0.89,0.02,-8.0,-13.37,-5.0
2026-07-27 13:37:09.206,0.49,0.89,0.02,-8.0,-13.37,-5.0
2026-07-27 13:37:09.206,0.5,0.88,0.03,-7.08,-13.24,-5.98
2026-07-27 13:37:10.066,0.5,0.88,0.03,-7.08,-13.24,-5.98
2026-07-27 13:37:10.066,0.53,0.87,0.0,-5.25,-9.46,-4.39
2026-07-27 13:37:10.066,0.53,0.87,0.0,-5.25,-9.46,-4.39
2026-07-27 13:37:10.066,0.54,0.87,-0.04,-4.39,-5.25,-2.62
2026-07-27 13:37:10.066,0.54,0.86,-0.06,-7.14,-5.25,-3.85
2026-07-27 13:37:10.066,0.54,0.86,-0.06,-7.14,-5.25,-3.85
2026-07-27 13:37:10.066,0.53,0.87,-0.04,-12.39,-10.31,-5.55
2026-07-27 13:37:10.066,0.53,0.87,-0.04,-12.39,-10.31,-5.55
2026-07-27 13:37:10.067,0.52,0.87,-0.0,-17.15,-16.11,-4.39
2026-07-27 13:37:10.067,0.52,0.87,-0.0,-17.15,-16.11,-4.39
2026-07-27 13:37:10.067,0.51,0.88,0.02,-19.84,-19.41,-2.32
2026-07-27 13:37:10.067,0.51,0.88,0.02,-19.84,-19.41,-2.32
2026-07-27 13:37:10.067,0.51,0.89,0.02,-20.45,-20.39,-3.3
2026-07-27 13:37:10.068,0.51,0.89,0.02,-20.45,-20.39,-3.3
2026-07-27 13:37:10.068,0.52,0.89,-0.01,-18.68,-20.87,-9.28
2026-07-27 13:37:10.068,0.52,0.89,-0.02,-15.93,-28.38,-20.02
2026-07-27 13:37:10.068,0.52,0.89,-0.02,-15.93,-28.38,-20.02
2026-07-27 13:37:10.071,0.51,0.89,-0.02,-13.55,-45.35,-31.62
2026-07-27 13:37:10.626,0.51,0.89,-0.02,-13.55,-45.35,-31.62
2026-07-27 13:37:10.642,0.49,0.88,-0.04,-10.19,-52.55,-35.28
2026-07-27 13:37:10.642,0.46,0.89,-0.1,-7.81,-37.54,-27.59
2026-07-27 13:37:10.642,0.46,0.89,-0.1,-7.81,-37.54,-27.59
2026-07-27 13:37:10.788,0.44,0.89,-0.11,-10.19,-22.95,-18.43
2026-07-27 13:37:11.104,0.44,0.89,-0.11,-10.19,-22.95,-18.43
2026-07-27 13:37:11.104,0.44,0.9,-0.06,-15.81,-27.1,-17.4
2026-07-27 13:37:11.104,0.44,0.9,-0.06,-15.81,-27.1,-17.4
2026-07-27 13:37:11.104,0.45,0.91,-0.03,-19.78,-34.61,-23.8
2026-07-27 13:37:11.104,0.44,0.93,-0.05,-18.98,-33.75,-32.41
2026-07-27 13:37:11.104,0.44,0.93,-0.05,-18.98,-33.75,-32.41
2026-07-27 13:37:11.104,0.41,0.92,-0.06,-15.93,-34.3,-38.27
2026-07-27 13:37:11.105,0.41,0.92,-0.06,-15.93,-34.3,-38.27
2026-07-27 13:37:11.105,0.38,0.9,-0.08,-14.1,-39.18,-38.21
2026-07-27 13:37:11.105,0.38,0.9,-0.08,-14.1,-39.18,-38.21
2026-07-27 13:37:11.105,0.37,0.92,-0.12,-14.34,-46.14,-29.79
2026-07-27 13:37:11.105,0.37,0.92,-0.12,-14.34,-46.14,-29.79
2026-07-27 13:37:11.105,0.39,0.98,-0.11,-17.58,-65.92,-14.28
2026-07-27 13:37:11.105,0.41,1.03,0.02,-24.29,-106.45,-1.34
2026-07-27 13:37:11.105,0.41,1.03,0.02,-24.29,-106.45,-1.34
2026-07-27 13:37:11.105,0.41,1.01,0.19,-28.93,-146.24,-3.36
2026-07-27 13:37:11.106,0.41,1.01,0.19,-28.93,-146.24,-3.36
2026-07-27 13:37:11.106,0.37,0.99,0.21,-22.64,-147.28,-17.46
2026-07-27 13:37:11.106,0.37,0.99,0.21,-22.64,-147.28,-17.46
2026-07-27 13:37:11.106,0.33,1.01,0.07,-9.95,-110.9,-25.88
2026-07-27 13:37:11.125,0.33,1.01,0.07,-9.95,-110.9,-25.88
2026-07-27 13:37:11.125,0.34,1.02,-0.07,-5.13,-83.8,-19.47
2026-07-27 13:37:11.126,0.34,1.02,-0.07,-11.9,-91.55,-6.41
2026-07-27 13:37:11.126,0.36,0.99,-0.11,-11.9,-91.55,-6.41
2026-07-27 13:37:11.127,0.36,0.94,-0.08,-30.15,-109.19,3.42
2026-07-27 13:37:11.131,0.36,0.94,-0.08,-30.15,-109.19,3.42
2026-07-27 13:37:11.139,0.35,0.9,-0.07,-88.32,-109.01,18.31
2026-07-27 13:37:11.139,0.35,0.9,-0.07,-88.32,-109.01,18.31
2026-07-27 13:37:11.139,0.41,0.89,-0.08,-208.19,-90.45,50.11
2026-07-27 13:37:11.139,0.41,0.89,-0.08,-208.19,-90.45,50.11
2026-07-27 13:37:11.140,0.42,0.81,0.01,-313.72,-26.92,76.66
2026-07-27 13:37:11.144,0.42,0.81,0.01,-297.18,78.92,38.39
2026-07-27 13:37:11.144,0.37,0.72,0.18,-297.18,78.92,38.39
2026-07-27 13:37:11.144,0.7,0.82,0.25,-157.23,141.72,-53.04
2026-07-27 13:37:11.158,0.7,0.82,0.25,-157.23,141.72,-53.04
2026-07-27 13:37:11.160,1.33,0.8,0.28,-8.18,97.78,-73.24
2026-07-27 13:37:11.160,1.33,0.8,0.28,-8.18,97.78,-73.24
2026-07-27 13:37:11.160,1.6,0.72,0.53,116.7,29.05,33.45
2026-07-27 13:37:11.160,1.6,0.72,0.53,238.53,18.98,181.76
2026-07-27 13:37:11.160,1.45,0.8,0.84,238.53,18.98,181.76
2026-07-27 13:37:11.160,1.26,1.08,0.98,305.66,52.61,282.29
2026-07-27 13:37:11.160,1.26,1.08,0.98,305.66,52.61,282.29
2026-07-27 13:37:11.160,0.89,1.41,1.0,248.72,141.42,315.98
2026-07-27 13:37:11.160,0.89,1.41,1.0,248.72,141.42,315.98
2026-07-27 13:37:11.160,0.31,1.26,0.92,40.16,238.89,287.6
2026-07-27 13:37:11.168,0.31,1.26,0.92,40.16,238.89,287.6
2026-07-27 13:37:11.168,-0.04,0.81,0.9,-173.1,257.45,211.91
2026-07-27 13:37:11.168,-0.05,0.64,1.07,-236.94,216.19,137.33
2026-07-27 13:37:11.168,-0.05,0.64,1.07,-236.94,216.19,137.33
2026-07-27 13:37:11.168,-0.06,0.59,1.06,-229.49,202.15,76.72
2026-07-27 13:37:11.168,-0.06,0.59,1.06,-229.49,202.15,76.72
2026-07-27 13:37:11.169,-0.19,0.34,0.84,-240.05,220.09,-2.5
2026-07-27 13:37:11.169,-0.19,0.34,0.84,-240.05,220.09,-2.5
2026-07-27 13:37:11.169,-0.26,0.08,0.71,-228.76,197.08,-79.53
2026-07-27 13:37:11.169,-0.26,-0.07,0.76,-185.55,139.83,-116.15
2026-07-27 13:37:11.169,-0.26,-0.07,0.76,-185.55,139.83,-116.15
2026-07-27 13:37:11.169,-0.22,-0.11,0.87,-131.47,85.75,-120.85
2026-07-27 13:37:11.170,-0.0,-0.08,0.78,-31.56,17.21,-123.72
2026-07-27 13:37:11.170,-0.0,-0.08,0.78,-31.56,17.21,-123.72
2026-07-27 13:37:11.170,-0.0,-0.08,0.78,-31.56,17.21,-123.72
2026-07-27 13:37:11.170,-0.0,-0.08,0.78,-31.56,17.21,-123.72
2026-07-27 13:37:11.170,0.19,-0.08,0.77,-0.67,1.16,-160.64
2026-07-27 13:37:11.235,0.32,-0.07,0.86,7.87,-18.86,-172.12
2026-07-27 13:37:11.236,0.32,-0.07,0.86,7.87,-18.86,-172.12
2026-07-27 13:37:11.236,0.47,-0.1,0.87,-1.89,-36.38,-167.91
2026-07-27 13:37:11.259,0.47,-0.1,0.87,-1.89,-36.38,-167.91
2026-07-27 13:37:11.260,0.53,-0.18,0.9,-17.46,-31.13,-136.72
2026-07-27 13:37:11.260,0.53,-0.18,0.9,-17.46,-31.13,-136.72
2026-07-27 13:37:11.260,0.54,-0.21,1.01,-18.55,-27.83,-63.23
2026-07-27 13:37:11.260,0.54,-0.21,1.01,-3.78,-39.86,37.54
2026-07-27 13:37:11.260,0.61,-0.16,1.08,-3.78,-39.86,37.54
2026-07-27 13:37:11.260,0.59,-0.12,1.1,7.81,-19.65,111.76
2026-07-27 13:37:11.260,0.59,-0.12,1.1,7.81,-19.65,111.76
2026-07-27 13:37:11.260,0.42,-0.17,1.15,3.78,28.87,108.95
2026-07-27 13:37:11.260,0.42,-0.17,1.15,3.78,28.87,108.95
2026-07-27 13:37:11.261,0.3,-0.19,1.16,-7.81,42.72,62.68
2026-07-27 13:37:11.301,0.3,-0.19,1.16,-25.09,24.72,28.02
2026-07-27 13:37:11.301,0.33,-0.16,1.01,-25.09,24.72,28.02
2026-07-27 13:37:11.301,0.41,-0.17,0.83,-44.43,12.82,13.73
2026-07-27 13:37:11.301,0.41,-0.17,0.83,-44.43,12.82,13.73
2026-07-27 13:37:11.301,0.37,-0.2,0.7,-50.42,15.32,27.22
2026-07-27 13:37:11.301,0.37,-0.2,0.7,-50.42,15.32,27.22
2026-07-27 13:37:11.301,0.29,-0.21,0.73,-33.33,-9.77,40.41
2026-07-27 13:37:11.301,0.3,-0.31,0.82,-14.16,-46.2,28.87
2026-07-27 13:37:11.524,0.3,-0.31,0.82,-14.16,-46.2,28.87
2026-07-27 13:37:11.551,0.34,-0.38,0.78,-8.12,-37.6,37.17
2026-07-27 13:37:11.552,0.34,-0.38,0.78,-8.12,-37.6,37.17
2026-07-27 13:37:11.559,0.3,-0.39,0.66,-6.59,-7.93,70.68
2026-07-27 13:37:11.565,0.3,-0.39,0.66,-6.59,-7.93,70.68
2026-07-27 13:37:11.572,0.24,-0.45,0.56,-2.32,-26.86,81.91
2026-07-27 13:37:11.574,0.24,-0.45,0.56,0.37,-84.53,65.06
2026-07-27 13:37:11.578,0.21,-0.58,0.51,0.37,-84.53,65.06
2026-07-27 13:37:11.582,0.16,-0.7,0.52,-24.84,-50.23,35.77
2026-07-27 13:37:11.582,0.16,-0.7,0.52,-24.84,-50.23,35.77
2026-07-27 13:37:11.582,0.09,-0.7,0.55,-68.05,75.5,-3.85
2026-07-27 13:37:12.245,0.09,-0.7,0.55,-68.05,75.5,-3.85
2026-07-27 13:37:12.245,0.03,-0.56,0.41,-58.96,126.71,-38.27
2026-07-27 13:37:12.274,0.03,-0.56,0.41,-58.96,126.71,-38.27
2026-07-27 13:37:12.274,-0.04,-0.38,0.29,-11.78,107.24,-52.98
2026-07-27 13:37:12.274,-0.18,-0.31,0.44,0.92,118.53,-47.85
2026-07-27 13:37:12.274,-0.18,-0.31,0.44,0.92,118.53,-47.85
2026-07-27 13:37:12.274,-0.4,-0.37,0.71,-3.78,155.88,-32.9
2026-07-27 13:37:12.677,-0.4,-0.37,0.71,-3.78,155.88,-32.9
2026-07-27 13:37:12.677,-0.65,-0.43,0.89,26.61,174.07,-30.64
2026-07-27 13:37:12.677,-0.65,-0.43,0.89,26.61,174.07,-30.64
2026-07-27 13:37:12.798,-0.84,-0.44,1.09,86.24,174.44,-50.05
2026-07-27 13:37:12.798,-0.88,-0.4,1.34,125.73,174.68,-85.69
2026-07-27 13:37:12.833,-0.88,-0.4,1.34,125.73,174.68,-85.69
2026-07-27 13:37:12.833,-0.82,-0.31,1.45,119.02,162.72,-123.78
2026-07-27 13:37:12.834,-0.82,-0.31,1.45,119.02,162.72,-123.78
2026-07-27 13:37:12.847,-0.76,-0.2,1.43,99.85,136.35,-151.18
2026-07-27 13:37:12.848,-0.76,-0.2,1.43,99.85,136.35,-151.18
2026-07-27 13:37:12.854,-0.71,-0.07,1.33,100.04,102.29,-174.32
2026-07-27 13:37:12.854,-0.59,0.09,1.26,104.37,68.12,-198.0
2026-07-27 13:37:12.854,-0.59,0.09,1.26,104.37,68.12,-198.0
2026-07-27 13:37:12.854,-0.39,0.25,1.23,78.74,44.92,-212.71
2026-07-27 13:37:12.854,-0.39,0.25,1.23,78.74,44.92,-212.71
2026-07-27 13:37:12.855,-0.18,0.31,1.24,32.47,34.3,-211.06
2026-07-27 13:37:12.855,-0.18,0.31,1.24,32.47,34.3,-211.06
2026-07-27 13:37:12.855,-0.05,0.23,1.14,17.21,16.6,-195.92
2026-07-27 13:37:12.855,0.04,0.15,0.93,26.67,-17.52,-178.53
2026-07-27 13:37:12.855,0.04,0.15,0.93,26.67,-17.52,-178.53
2026-07-27 13:37:12.855,0.18,0.18,0.75,34.85,-37.29,-168.33
2026-07-27 13:37:12.855,0.18,0.18,0.75,34.85,-37.29,-168.33
2026-07-27 13:37:12.855,0.33,0.29,0.67,50.66,-39.86,-155.03
2026-07-27 13:37:12.858,0.33,0.29,0.67,50.66,-39.86,-155.03
2026-07-27 13:37:12.858,0.43,0.42,0.75,56.95,-30.52,-121.95
2026-07-27 13:37:12.858,0.45,0.49,0.98,33.02,-2.32,-69.15
2026-07-27 13:37:12.900,0.45,0.49,0.98,33.02,-2.32,-69.15
2026-07-27 13:37:12.920,0.39,0.54,1.18,14.65,17.21,-14.83
2026-07-27 13:37:13.025,0.39,0.54,1.18,14.65,17.21,-14.83
2026-07-27 13:37:13.026,0.28,0.61,1.36,23.13,14.4,27.59
2026-07-27 13:37:13.027,0.28,0.61,1.36,23.13,14.4,27.59
2026-07-27 13:37:13.027,0.2,0.68,1.54,32.71,5.25,60.61
2026-07-27 13:37:13.027,0.2,0.68,1.54,32.71,5.25,60.61
2026-07-27 13:37:13.028,0.13,0.77,1.55,34.61,-12.45,95.7
2026-07-27 13:37:13.029,0.13,0.77,1.55,34.61,-12.45,95.7
2026-07-27 13:37:13.029,-0.02,0.87,1.37,33.51,-41.63,152.04
2026-07-27 13:37:13.029,-0.3,0.97,1.22,27.34,-63.96,230.22
2026-07-27 13:37:13.029,-0.3,0.97,1.22,27.34,-63.96,230.22
2026-07-27 13:37:13.032,-0.6,1.03,1.21,15.93,-67.44,306.64
2026-07-27 13:37:13.033,-0.6,1.03,1.21,15.93,-67.44,306.64
2026-07-27 13:37:13.035,-0.84,1.02,1.23,6.65,-63.17,364.5
2026-07-27 13:37:13.035,-0.84,1.02,1.23,6.65,-63.17,364.5
2026-07-27 13:37:13.035,-0.96,0.93,1.13,-3.6,-65.8,404.05
2026-07-27 13:37:13.036,-0.96,0.93,1.13,-13.98,-73.36,427.0
2026-07-27 13:37:13.036,-1.01,0.77,0.93,-13.98,-73.36,427.0
2026-07-27 13:37:13.036,-1.0,0.57,0.67,-12.15,-77.39,439.33
2026-07-27 13:37:13.036,-1.0,0.57,0.67,-12.15,-77.39,439.33
2026-07-27 13:37:13.149,-0.95,0.37,0.47,-11.23,-77.33,451.97
2026-07-27 13:37:13.161,-0.95,0.37,0.47,-11.23,-77.33,451.97
2026-07-27 13:37:13.391,-0.87,0.19,0.41,-10.01,-67.5,446.41
2026-07-27 13:37:13.392,-0.8,-0.01,0.47,22.64,-26.86,382.81
2026-07-27 13:37:13.401,-0.8,-0.01,0.47,22.64,-26.86,382.81
2026-07-27 13:37:13.401,-0.72,-0.04,0.54,71.47,30.33,274.84
2026-07-27 13:37:13.401,-0.72,-0.04,0.54,71.47,30.33,274.84
2026-07-27 13:37:13.401,-0.67,0.12,0.61,111.21,59.94,174.74
2026-07-27 13:37:13.401,-0.67,0.12,0.61,111.21,59.94,174.74
2026-07-27 13:37:13.401,-0.79,0.22,0.68,138.67,62.99,96.74
2026-07-27 13:37:13.401,-0.95,0.32,0.79,142.82,68.18,25.76
2026-07-27 13:37:13.401,-0.95,0.32,0.79,142.82,68.18,25.76
2026-07-27 13:37:13.402,-1.02,0.44,1.0,140.62,78.92,-46.39
2026-07-27 13:37:13.402,-1.02,0.44,1.0,140.62,78.92,-46.39
2026-07-27 13:37:13.402,-1.03,0.49,1.21,148.93,64.7,-118.71
2026-07-27 13:37:13.402,-1.03,0.49,1.21,148.93,64.7,-118.71
2026-07-27 13:37:13.402,-0.99,0.55,1.26,166.14,1.28,-200.62
2026-07-27 13:37:13.403,-0.94,0.65,1.17,187.32,-96.8,-285.64
2026-07-27 13:37:13.403,-0.94,0.65,1.17,187.32,-96.8,-285.64
2026-07-27 13:37:13.403,-0.85,0.72,1.09,206.18,-201.29,-355.53
2026-07-27 13:37:13.404,-0.85,0.72,1.09,206.18,-201.29,-355.53
2026-07-27 13:37:13.404,-0.71,0.73,1.11,223.45,-300.23,-406.56
2026-07-27 13:37:13.404,-0.59,0.78,1.08,240.91,-389.16,-434.14
2026-07-27 13:37:13.412,-0.59,0.78,1.08,240.91,-389.16,-434.14
2026-07-27 13:37:13.413,-0.49,1.1,0.81,240.54,-450.01,-424.13
2026-07-27 13:37:13.413,-0.49,1.1,0.81,240.54,-450.01,-424.13
2026-07-27 13:37:13.413,-0.28,1.66,0.39,177.8,-459.11,-360.78
2026-07-27 13:37:13.413,-0.28,1.66,0.39,177.8,-459.11,-360.78
2026-07-27 13:37:13.682,-0.01,2.02,0.08,65.12,-402.22,-242.86
2026-07-27 13:37:13.682,0.09,2.03,-0.13,17.15,-308.96,-101.87
2026-07-27 13:37:13.690,0.09,2.03,-0.13,17.15,-308.96,-101.87
2026-07-27 13:37:13.691,0.0,1.9,-0.3,88.07,-219.18,12.7
2026-07-27 13:37:13.691,0.0,1.9,-0.3,88.07,-219.18,12.7
2026-07-27 13:37:13.691,-0.17,1.72,-0.34,189.51,-134.4,82.64
2026-07-27 13:37:13.691,-0.27,1.57,-0.25,228.58,-50.66,125.0
2026-07-27 13:37:13.691,-0.27,1.57,-0.25,228.58,-50.66,125.0
2026-07-27 13:37:13.691,-0.23,1.53,-0.2,211.79,23.68,148.38
2026-07-27 13:37:13.691,-0.23,1.53,-0.2,211.79,23.68,148.38
2026-07-27 13:37:13.691,-0.15,1.59,-0.28,194.7,85.08,159.3
2026-07-27 13:37:13.691,-0.15,1.59,-0.28,194.7,85.08,159.3
2026-07-27 13:37:13.691,-0.18,1.6,-0.32,181.88,140.62,178.89
2026-07-27 13:37:13.799,-0.29,1.49,-0.25,179.69,199.4,207.21
2026-07-27 13:37:13.801,-0.29,1.49,-0.25,179.69,199.4,207.21
2026-07-27 13:37:13.801,-0.46,1.27,-0.12,207.52,265.62,226.07
2026-07-27 13:37:13.801,-0.46,1.27,-0.12,207.52,265.62,226.07
2026-07-27 13:37:13.801,-0.61,0.98,-0.05,234.01,312.56,236.82
2026-07-27 13:37:13.873,-0.69,0.79,0.05,225.83,320.07,243.9
2026-07-27 13:37:13.893,-0.69,0.79,0.05,225.83,320.07,243.9
2026-07-27 13:37:13.987,-0.68,0.69,0.27,172.36,318.05,245.61
2026-07-27 13:37:13.987,-0.68,0.69,0.27,172.36,318.05,245.61
2026-07-27 13:37:13.987,-0.58,0.51,0.46,88.93,316.41,245.0
2026-07-27 13:37:13.994,-0.58,0.51,0.46,88.93,316.41,245.0
2026-07-27 13:37:13.994,-0.44,0.24,0.58,26.12,288.02,242.13
2026-07-27 13:37:14.130,-0.28,0.08,0.67,28.02,224.55,213.38
2026-07-27 13:37:14.142,-0.28,0.08,0.67,28.02,224.55,213.38
2026-07-27 13:37:14.142,-0.19,0.28,0.64,96.31,147.46,134.64
2026-07-27 13:37:14.146,-0.19,0.28,0.64,96.31,147.46,134.64
2026-07-27 13:37:14.154,-0.32,0.54,0.64,154.05,110.41,61.77
2026-07-27 13:37:14.159,-0.32,0.54,0.64,133.91,137.57,51.94
2026-07-27 13:37:14.160,-0.63,0.49,0.84,133.91,137.57,51.94
2026-07-27 13:37:14.161,-0.98,0.38,1.05,94.42,173.95,48.58
2026-07-27 13:37:14.398,-0.98,0.38,1.05,94.42,173.95,48.58
2026-07-27 13:37:14.399,-1.25,0.47,1.13,97.6,167.6,-9.89
2026-07-27 13:37:14.399,-1.25,0.47,1.13,97.6,167.6,-9.89
2026-07-27 13:37:14.400,-1.3,0.64,1.25,96.25,150.39,-85.57
2026-07-27 13:37:14.400,-1.3,0.64,1.25,74.1,132.39,-130.13
2026-07-27 13:37:14.403,-1.22,0.72,1.32,74.1,132.39,-130.13
2026-07-27 13:37:14.403,-1.1,0.77,1.28,84.17,82.34,-153.63
2026-07-27 13:37:14.403,-1.1,0.77,1.28,84.17,82.34,-153.63
2026-07-27 13:37:14.404,-0.93,0.77,1.32,120.67,18.25,-181.4
2026-07-27 13:37:14.465,-0.93,0.77,1.32,120.67,18.25,-181.4
2026-07-27 13:37:14.520,-0.73,0.73,1.39,151.61,-60.67,-227.91
2026-07-27 13:37:14.527,-0.57,0.73,1.3,175.48,-177.43,-297.24
2026-07-27 13:37:14.527,-0.57,0.73,1.3,175.48,-177.43,-297.24
2026-07-27 13:37:14.527,-0.37,0.84,1.15,188.54,-301.45,-362.92
2026-07-27 13:37:14.529,-0.37,0.84,1.15,188.54,-301.45,-362.92
2026-07-27 13:37:14.539,-0.11,1.02,1.05,170.78,-375.85,-367.98
2026-07-27 13:37:14.819,-0.11,1.02,1.05,170.78,-375.85,-367.98
2026-07-27 13:37:14.820,0.14,1.18,0.98,116.33,-394.71,-295.78
2026-07-27 13:37:14.821,0.32,1.28,0.91,55.24,-387.33,-192.87
2026-07-27 13:37:14.821,0.32,1.28,0.91,55.24,-387.33,-192.87
2026-07-27 13:37:14.822,0.32,1.38,0.67,44.31,-373.41,-116.39
2026-07-27 13:37:14.822,0.32,1.38,0.67,44.31,-373.41,-116.39
2026-07-27 13:37:14.822,0.18,1.53,0.23,112.37,-343.26,-79.04
2026-07-27 13:37:14.823,0.18,1.53,0.23,112.37,-343.26,-79.04
2026-07-27 13:37:14.823,0.08,1.61,-0.07,185.42,-258.73,-25.21
2026-07-27 13:37:14.823,0.19,1.52,-0.07,186.89,-124.57,58.23
2026-07-27 13:37:15.312,0.19,1.52,-0.07,186.89,-124.57,58.23
2026-07-27 13:37:15.312,0.4,1.34,0.09,152.59,0.12,118.1
2026-07-27 13:37:15.321,0.4,1.34,0.09,152.59,0.12,118.1
2026-07-27 13:37:15.339,0.51,1.18,0.22,134.7,71.23,158.87
2026-07-27 13:37:15.339,0.51,1.18,0.22,139.77,106.87,194.76
2026-07-27 13:37:15.348,0.43,1.05,0.27,139.77,106.87,194.76
2026-07-27 13:37:15.355,0.29,0.97,0.18,177.98,151.61,205.57
2026-07-27 13:37:15.364,0.29,0.97,0.18,177.98,151.61,205.57
2026-07-27 13:37:15.374,0.21,0.95,0.11,216.8,209.66,209.78
2026-07-27 13:37:15.381,0.21,0.95,0.11,216.8,209.66,209.78
2026-07-27 13:37:15.391,0.14,0.9,0.15,190.55,264.71,218.75
2026-07-27 13:37:15.392,0.02,0.73,0.22,108.64,301.27,222.6
2026-07-27 13:37:15.403,0.02,0.73,0.22,108.64,301.27,222.6
2026-07-27 13:37:15.404,-0.07,0.51,0.28,60.79,264.04,231.32
2026-07-27 13:37:15.404,-0.07,0.51,0.28,60.79,264.04,231.32
2026-07-27 13:37:15.404,-0.11,0.3,0.33,96.8,152.89,220.89
2026-07-27 13:37:15.404,-0.06,0.14,0.39,114.62,106.69,160.03
2026-07-27 13:37:15.404,-0.06,0.14,0.39,114.62,106.69,160.03
2026-07-27 13:37:15.404,0.02,0.07,0.44,45.29,161.68,79.53
2026-07-27 13:37:15.405,0.02,0.07,0.44,45.29,161.68,79.53
2026-07-27 13:37:15.405,0.05,0.05,0.42,-37.11,195.98,45.35
2026-07-27 13:37:15.405,0.05,0.05,0.42,-37.11,195.98,45.35
2026-07-27 13:37:15.405,0.01,0.07,0.43,-76.35,162.48,62.93
2026-07-27 13:37:15.902,-0.13,0.15,0.57,-51.64,132.32,90.76
2026-07-27 13:37:15.902,-0.13,0.15,0.57,-51.64,132.32,90.76
2026-07-27 13:37:15.903,-0.41,0.19,0.68,26.18,185.0,111.51
2026-07-27 13:37:15.903,-0.41,0.19,0.68,26.18,185.0,111.51
2026-07-27 13:37:15.904,-0.74,0.27,0.66,126.59,298.65,111.39
2026-07-27 13:37:15.904,-0.74,0.27,0.66,126.59,298.65,111.39
2026-07-27 13:37:15.905,-0.91,0.57,0.64,193.05,353.94,73.43
2026-07-27 13:37:15.905,-0.96,0.78,0.47,179.5,329.65,40.41
2026-07-27 13:37:15.906,-0.96,0.78,0.47,179.5,329.65,40.41
2026-07-27 13:37:15.906,-1.19,0.69,0.12,133.91,319.58,59.08
2026-07-27 13:37:15.906,-1.19,0.69,0.12,133.91,319.58,59.08
2026-07-27 13:37:15.906,-1.35,0.63,-0.17,142.46,299.5,96.68
2026-07-27 13:37:15.917,-1.35,0.63,-0.17,226.26,243.53,150.45
2026-07-27 13:37:15.919,-1.14,0.89,-0.31,226.26,243.53,150.45
2026-07-27 13:37:15.919,-0.78,1.27,-0.41,299.26,233.64,241.15
2026-07-27 13:37:15.921,-0.78,1.27,-0.41,299.26,233.64,241.15
2026-07-27 13:37:15.921,-0.51,1.49,-0.45,257.57,216.25,316.59
2026-07-27 13:37:15.921,-0.51,1.49,-0.45,257.57,216.25,316.59
2026-07-27 13:37:15.921,-0.42,1.51,-0.41,119.57,70.01,312.01
2026-07-27 13:37:15.921,-0.41,1.45,-0.31,-11.47,-134.46,245.61
2026-07-27 13:37:15.921,-0.41,1.45,-0.31,-11.47,-134.46,245.61
2026-07-27 13:37:15.921,-0.36,1.35,-0.13,-94.06,-280.58,169.31
2026-07-27 13:37:15.921,-0.36,1.35,-0.13,-94.06,-280.58,169.31
2026-07-27 13:37:15.960,-0.22,1.21,0.1,-130.49,-370.48,104.31
2026-07-27 13:37:16.386,-0.22,1.21,0.1,-130.49,-370.48,104.31
2026-07-27 13:37:16.399,0.09,1.18,0.29,-145.02,-441.04,58.41
2026-07-27 13:37:16.399,0.4,1.4,0.36,-153.5,-453.37,-1.77
2026-07-27 13:37:16.400,0.4,1.4,0.36,-153.5,-453.37,-1.77
2026-07-27 13:37:16.400,0.55,1.63,0.34,-137.15,-361.27,-55.36
2026-07-27 13:37:16.400,0.55,1.63,0.34,-137.15,-361.27,-55.36
2026-07-27 13:37:16.400,0.55,1.72,0.31,-110.41,-227.48,-46.81
2026-07-27 13:37:16.400,0.55,1.72,0.31,-110.41,-227.48,-46.81
2026-07-27 13:37:16.401,0.45,1.6,0.3,-115.42,-146.3,-14.1
2026-07-27 13:37:16.413,0.46,1.29,0.19,-149.17,-148.99,14.04
2026-07-27 13:37:16.413,0.46,1.29,0.19,-149.17,-148.99,14.04
2026-07-27 13:37:16.413,0.59,0.91,-0.16,-171.81,-211.79,49.44
2026-07-27 13:37:16.413,0.59,0.91,-0.16,-171.81,-211.79,49.44
2026-07-27 13:37:16.413,0.74,0.75,-0.54,-148.25,-322.27,76.97
2026-07-27 13:37:16.420,0.74,0.75,-0.54,-148.25,-322.27,76.97
2026-07-27 13:37:16.420,0.67,0.87,-0.6,-99.24,-350.46,78.61
2026-07-27 13:37:16.420,0.35,1.03,-0.37,-67.69,-141.66,85.94
2026-07-27 13:37:16.421,0.35,1.03,-0.37,-67.69,-141.66,85.94
2026-07-27 13:37:16.421,0.01,1.07,-0.07,-63.78,147.95,123.05
2026-07-27 13:37:16.421,0.01,1.07,-0.07,-63.78,147.95,123.05
2026-07-27 13:37:16.421,-0.21,0.92,0.2,-77.88,312.01,165.22
2026-07-27 13:37:16.421,-0.21,0.92,0.2,-77.88,312.01,165.22
2026-07-27 13:37:16.421,-0.31,0.62,0.31,-96.19,389.04,189.21
2026-07-27 13:37:16.560,-0.35,0.32,0.2,-105.35,473.57,200.87
2026-07-27 13:37:16.560,-0.35,0.32,0.2,-105.35,473.57,200.87
2026-07-27 13:37:16.563,-0.42,0.14,0.02,-95.89,560.85,200.99
2026-07-27 13:37:16.563,-0.42,0.14,0.02,-95.89,560.85,200.99
2026-07-27 13:37:16.563,-0.5,0.1,-0.12,-64.94,598.27,163.64
2026-07-27 13:37:16.563,-0.5,0.1,-0.12,-13.79,551.64,109.31
2026-07-27 13:37:16.563,-0.52,0.2,-0.2,-13.79,551.64,109.31
2026-07-27 13:37:16.564,-0.46,0.44,-0.27,15.81,402.83,104.13
2026-07-27 13:37:16.764,-0.46,0.44,-0.27,15.81,402.83,104.13
2026-07-27 13:37:16.764,-0.4,0.69,-0.47,2.26,239.5,139.71
2026-07-27 13:37:16.768,-0.4,0.69,-0.47,2.26,239.5,139.71
2026-07-27 13:37:16.768,-0.41,0.86,-0.83,-2.01,182.25,168.52
2026-07-27 13:37:16.768,-0.57,1.06,-1.19,43.46,193.48,187.68
2026-07-27 13:37:16.768,-0.57,1.06,-1.19,43.46,193.48,187.68
2026-07-27 13:37:16.768,-0.76,1.2,-1.36,92.41,137.88,212.16
2026-07-27 13:37:16.768,-0.76,1.2,-1.36,92.41,137.88,212.16
2026-07-27 13:37:17.225,-0.87,1.25,-1.32,112.98,-26.43,224.0
2026-07-27 13:37:17.246,-0.87,1.25,-1.32,112.98,-26.43,224.0
2026-07-27 13:37:17.247,-0.91,1.24,-1.17,140.87,-264.22,148.56
2026-07-27 13:37:17.247,-0.86,1.24,-0.79,180.3,-588.44,-18.13
2026-07-27 13:37:17.247,-0.86,1.24,-0.79,180.3,-588.44,-18.13
2026-07-27 13:37:17.247,-0.69,1.2,-0.23,219.85,-858.34,-156.86
2026-07-27 13:37:17.247,-0.69,1.2,-0.23,219.85,-858.34,-156.86
2026-07-27 13:37:17.248,-0.42,1.15,0.15,257.39,-844.3,-183.35
2026-07-27 13:37:17.281,-0.42,1.15,0.15,257.39,-844.3,-183.35
2026-07-27 13:37:17.288,-0.42,1.15,0.15,257.39,-844.3,-183.35
2026-07-27 13:37:17.288,-0.42,1.15,0.15,257.39,-844.3,-183.35
2026-07-27 13:37:17.521,-0.01,1.11,0.17,157.71,-318.6,-107.91
2026-07-27 13:37:17.579,-0.01,1.11,0.17,157.71,-318.6,-107.91
2026-07-27 13:37:17.581,-0.01,1.11,0.17,157.71,-318.6,-107.91
2026-07-27 13:37:17.582,-0.01,1.11,0.17,157.71,-318.6,-107.91
2026-07-27 13:37:17.583,0.08,1.01,0.39,-74.46,4.76,-77.82
2026-07-27 13:37:17.583,0.02,0.95,0.56,-111.63,124.69,-64.09
2026-07-27 13:37:17.590,0.02,0.95,0.56,-111.63,124.69,-64.09
2026-07-27 13:37:17.590,-0.05,1.02,0.56,-55.73,262.08,-5.62
2026-07-27 13:37:17.591,-0.05,1.02,0.56,-55.73,262.08,-5.62
2026-07-27 13:37:17.591,-0.03,1.27,0.29,42.85,423.4,147.71
2026-07-27 13:37:17.591,0.19,1.54,0.03,86.18,500.43,365.05
2026-07-27 13:37:17.591,0.19,1.54,0.03,86.18,500.43,365.05
2026-07-27 13:37:17.591,0.5,1.68,0.09,52.92,393.98,456.97
2026-07-27 13:37:17.591,0.5,1.68,0.09,52.92,393.98,456.97
2026-07-27 13:37:17.593,0.59,1.7,0.19,4.21,233.09,258.42
2026-07-27 13:37:17.593,0.59,1.7,0.19,4.21,233.09,258.42
2026-07-27 13:37:17.683,0.22,1.55,-0.03,-43.52,169.74,-160.46
2026-07-27 13:37:17.725,-0.48,1.19,-0.38,-137.88,169.98,-506.35
2026-07-27 13:37:17.727,-0.48,1.19,-0.38,-137.88,169.98,-506.35
2026-07-27 13:37:17.753,-0.96,1.01,-0.53,-246.46,149.6,-432.19
2026-07-27 13:37:17.753,-0.96,1.01,-0.53,-246.46,149.6,-432.19
2026-07-27 13:37:17.753,-0.75,1.16,-0.5,-257.51,125.0,68.24
2026-07-27 13:37:17.753,-0.75,1.16,-0.5,-257.51,125.0,68.24
2026-07-27 13:37:17.754,-0.22,1.2,-0.43,-180.66,139.28,409.18
2026-07-27 13:37:17.754,-0.25,1.01,-0.39,-118.47,144.9,59.81
2026-07-27 13:37:17.754,-0.25,1.01,-0.39,-118.47,144.9,59.81
2026-07-27 13:37:17.769,-0.73,0.82,-0.34,-110.84,95.21,-477.48
2026-07-27 13:37:17.769,-0.73,0.82,-0.34,-110.84,95.21,-477.48
2026-07-27 13:37:17.770,-0.72,0.71,-0.26,-132.69,-10.86,-350.59
2026-07-27 13:37:17.770,-0.2,0.57,-0.11,-159.73,-98.14,199.04
2026-07-27 13:37:17.770,-0.2,0.57,-0.11,-159.73,-98.14,199.04
2026-07-27 13:37:17.822,0.01,0.45,0.06,-162.29,-71.66,230.04
2026-07-27 13:37:17.828,0.01,0.45,0.06,-162.29,-71.66,230.04
2026-07-27 13:37:17.829,-0.38,0.45,0.15,-119.14,14.47,-200.07
2026-07-27 13:37:17.829,-0.38,0.45,0.15,-119.14,14.47,-200.07
2026-07-27 13:37:17.829,-0.66,0.43,0.19,-88.93,21.73,-201.78
2026-07-27 13:37:17.940,-0.47,0.32,0.32,-102.17,-42.48,247.19
2026-07-27 13:37:17.943,-0.47,0.32,0.32,-102.17,-42.48,247.19
2026-07-27 13:37:17.943,-0.44,0.33,0.53,-76.84,-57.86,298.71
2026-07-27 13:37:17.944,-0.44,0.33,0.53,-76.84,-57.86,298.71
2026-07-27 13:37:17.945,-0.73,0.55,0.74,18.01,-53.1,-146.0
2026-07-27 13:37:18.021,-0.73,0.55,0.74,18.01,-53.1,-146.0
2026-07-27 13:37:18.028,-0.77,0.69,0.91,74.52,-150.45,-358.7
2026-07-27 13:37:18.298,-0.48,0.62,0.99,29.48,-279.36,-216.8
2026-07-27 13:37:18.302,-0.48,0.62,0.99,29.48,-279.36,-216.8
2026-07-27 13:37:18.302,-0.27,0.42,0.96,-52.06,-284.79,-58.84
2026-07-27 13:37:18.302,-0.27,0.42,0.96,-52.06,-284.79,-58.84
2026-07-27 13:37:18.302,-0.2,0.24,0.88,-95.03,-190.43,5.31
2026-07-27 13:37:18.302,-0.2,0.24,0.88,-95.03,-190.43,5.31
2026-07-27 13:37:18.307,-0.18,0.15,0.81,-86.36,-91.74,5.98
2026-07-27 13:37:18.307,-0.14,0.11,0.75,-47.3,-31.37,4.03
2026-07-27 13:37:18.307,-0.14,0.11,0.75,-47.3,-31.37,4.03
2026-07-27 13:37:18.307,-0.02,0.1,0.68,0.12,-9.03,27.4
2026-07-27 13:37:18.307,-0.02,0.1,0.68,0.12,-9.03,27.4
2026-07-27 13:37:18.310,0.1,0.12,0.66,34.79,-11.41,46.81
2026-07-27 13:37:18.310,0.1,0.12,0.66,34.79,-11.41,46.81
2026-07-27 13:37:18.310,0.12,0.19,0.71,47.79,-16.97,48.95
2026-07-27 13:37:18.479,0.12,0.19,0.71,42.48,-12.76,49.56
2026-07-27 13:37:18.481,0.06,0.28,0.79,42.48,-12.76,49.56
2026-07-27 13:37:18.481,0.01,0.36,0.86,30.09,-5.43,62.81
2026-07-27 13:37:18.481,0.01,0.36,0.86,30.09,-5.43,62.81
2026-07-27 13:37:18.482,0.01,0.41,0.89,23.74,-0.61,86.3
2026-07-27 13:37:18.555,0.01,0.41,0.89,23.74,-0.61,86.3
2026-07-27 13:37:18.563,0.01,0.42,0.91,18.55,11.54,91.25
2026-07-27 13:37:18.563,0.01,0.42,0.91,18.55,11.54,91.25
2026-07-27 13:37:18.564,-0.05,0.4,0.95,6.59,35.71,69.09
2026-07-27 13:37:18.564,-0.1,0.38,1.0,4.09,53.59,50.66
2026-07-27 13:37:18.622,-0.1,0.38,1.0,4.09,53.59,50.66
2026-07-27 13:37:18.656,-0.09,0.42,1.03,22.4,52.06,43.82
2026-07-27 13:37:18.656,-0.09,0.42,1.03,22.4,52.06,43.82
2026-07-27 13:37:19.191,-0.06,0.5,1.06,39.18,39.61,28.93
2026-07-27 13:37:19.234,-0.06,0.5,1.06,39.18,39.61,28.93
2026-07-27 13:37:19.235,-0.05,0.53,1.06,31.74,24.9,4.94
2026-07-27 13:37:19.235,-0.04,0.49,1.01,4.7,5.86,-17.58
2026-07-27 13:37:19.235,-0.04,0.49,1.01,4.7,5.86,-17.58
2026-07-27 13:37:19.235,-0.03,0.43,0.97,-24.84,-16.54,-37.05
2026-07-27 13:37:19.235,-0.03,0.43,0.97,-24.84,-16.54,-37.05
2026-07-27 13:37:19.235,-0.01,0.41,0.96,-42.48,-38.7,-50.6
2026-07-27 13:37:19.235,-0.01,0.41,0.96,-42.48,-38.7,-50.6
2026-07-27 13:37:19.235,0.01,0.4,0.95,-40.89,-60.91,-50.72
2026-07-27 13:37:19.235,0.01,0.4,0.95,-40.89,-60.91,-50.72
2026-07-27 13:37:19.235,0.07,0.42,0.93,-18.55,-72.88,-31.07
2026-07-27 13:37:19.236,0.13,0.44,0.88,4.64,-63.72,-0.61
2026-07-27 13:37:19.236,0.13,0.44,0.88,4.64,-63.72,-0.61
2026-07-27 13:37:19.236,0.11,0.41,0.86,9.46,-38.27,18.62
2026-07-27 13:37:19.236,0.11,0.41,0.86,9.46,-38.27,18.62
2026-07-27 13:37:19.236,0.09,0.36,0.83,11.11,-15.32,26.18
2026-07-27 13:37:19.236,0.09,0.36,0.83,11.11,-15.32,26.18
2026-07-27 13:37:19.236,0.13,0.34,0.8,18.92,-7.45,28.02
2026-07-27 13:37:19.236,0.13,0.34,0.8,20.2,-3.54,15.26
2026-07-27 13:37:19.236,0.17,0.39,0.81,20.2,-3.54,15.26
2026-07-27 13:37:19.236,0.15,0.46,0.87,15.32,-0.98,3.66
2026-07-27 13:37:19.236,0.15,0.46,0.87,15.32,-0.98,3.66
2026-07-27 13:37:19.236,0.14,0.48,0.9,16.72,-5.19,18.86
2026-07-27 13:37:19.237,0.14,0.48,0.9,16.72,-5.19,18.86
2026-07-27 13:37:19.738,0.12,0.53,0.9,42.54,14.77,59.45
2026-07-27 13:37:19.739,0.05,0.61,0.87,115.78,120.36,119.45
2026-07-27 13:37:19.739,0.05,0.61,0.87,115.78,120.36,119.45
2026-07-27 13:37:19.739,-0.09,0.61,0.8,167.54,249.08,125.06
2026-07-27 13:37:19.740,-0.09,0.61,0.8,167.54,249.08,125.06
2026-07-27 13:37:19.740,-0.08,0.6,0.78,112.18,211.43,20.75
2026-07-27 13:37:19.741,-0.08,0.6,0.78,112.18,211.43,20.75
2026-07-27 13:37:19.742,-0.01,0.6,0.78,27.89,17.4,-66.89
2026-07-27 13:37:19.882,-0.11,0.63,0.78,14.65,-90.82,-49.19
2026-07-27 13:37:19.903,-0.11,0.63,0.78,14.65,-90.82,-49.19
2026-07-27 13:37:19.904,-0.2,0.67,0.8,34.97,-48.28,7.02
2026-07-27 13:37:19.904,-0.2,0.67,0.8,34.97,-48.28,7.02
2026-07-27 13:37:19.978,-0.21,0.66,0.9,13.24,3.72,25.45
2026-07-27 13:37:20.221,-0.21,0.66,0.9,13.24,3.72,25.45
2026-07-27 13:37:20.226,-0.18,0.62,1.01,-55.91,-23.93,4.88
2026-07-27 13:37:20.235,-0.14,0.52,1.05,-113.89,-101.32,13.73
2026-07-27 13:37:20.235,-0.14,0.52,1.05,-113.89,-101.32,13.73
2026-07-27 13:37:20.236,-0.07,0.34,1.08,-117.55,-151.37,62.32
2026-07-27 13:37:20.236,-0.07,0.34,1.08,-117.55,-151.37,62.32
2026-07-27 13:37:20.236,-0.0,0.22,1.04,-53.34,-148.68,107.06
2026-07-27 13:37:20.236,-0.0,0.22,1.04,-53.34,-148.68,107.06
2026-07-27 13:37:20.237,0.11,0.21,0.91,33.26,-109.86,138.92
2026-07-27 13:37:20.237,0.11,0.21,0.91,46.63,-73.67,158.94
2026-07-27 13:37:20.237,0.25,0.28,0.94,46.63,-73.67,158.94
2026-07-27 13:37:20.237,0.34,0.37,1.0,6.35,-55.42,164.86
2026-07-27 13:37:20.237,0.34,0.37,1.0,6.35,-55.42,164.86
2026-07-27 13:37:20.237,0.38,0.37,0.9,-13.43,-34.61,169.98
2026-07-27 13:37:20.237,0.38,0.37,0.9,-13.43,-34.61,169.98
2026-07-27 13:37:20.269,0.48,0.25,0.78,-11.84,15.56,188.23
2026-07-27 13:37:20.279,0.48,0.25,0.78,-9.46,79.28,201.11
2026-07-27 13:37:20.288,0.69,0.05,0.67,-9.46,79.28,201.11
2026-07-27 13:37:20.288,0.86,-0.1,0.62,-22.4,99.43,178.77
2026-07-27 13:37:20.288,0.86,-0.1,0.62,-22.4,99.43,178.77
2026-07-27 13:37:20.288,0.85,-0.15,0.65,-46.08,69.52,123.66
2026-07-27 13:37:20.288,0.85,-0.15,0.65,-46.08,69.52,123.66
2026-07-27 13:37:20.288,0.71,-0.16,0.7,-62.13,30.21,63.9
2026-07-27 13:37:20.288,0.71,-0.16,0.7,-62.13,30.21,63.9
2026-07-27 13:37:20.288,0.56,-0.15,0.78,-68.48,8.36,22.52
2026-07-27 13:37:20.289,0.48,-0.14,0.85,-62.68,6.35,-0.43
2026-07-27 13:37:20.289,0.48,-0.14,0.85,-62.68,6.35,-0.43
2026-07-27 13:37:20.289,0.42,-0.12,0.86,-47.18,13.43,-14.4
2026-07-27 13:37:20.289,0.42,-0.12,0.86,-47.18,13.43,-14.4
2026-07-27 13:37:20.289,0.39,-0.11,0.86,-32.1,20.02,-23.44
2026-07-27 13:37:20.289,0.39,-0.11,0.86,-32.1,20.02,-23.44
2026-07-27 13:37:20.289,0.37,-0.13,0.86,-23.86,23.01,-30.03
2026-07-27 13:37:20.289,0.37,-0.13,0.86,-23.86,23.01,-30.03
2026-07-27 13:37:20.289,0.37,-0.14,0.89,-23.44,22.03,-31.92
2026-07-27 13:37:20.290,0.4,-0.15,0.92,-24.72,19.23,-29.48
2026-07-27 13:37:20.290,0.4,-0.15,0.92,-24.72,19.23,-29.48
2026-07-27 13:37:20.426,0.42,-0.15,0.9,-24.54,14.1,-27.89
2026-07-27 13:37:20.436,0.42,-0.15,0.9,-24.54,14.1,-27.89
2026-07-27 13:37:20.436,0.41,-0.16,0.87,-25.27,6.16,-29.36
2026-07-27 13:37:20.436,0.41,-0.16,0.87,-25.27,6.16,-29.36
2026-07-27 13:37:20.436,0.38,-0.17,0.86,-26.31,-0.06,-31.68
2026-07-27 13:37:20.585,0.35,-0.19,0.85,-24.66,-1.83,-33.02
2026-07-27 13:37:20.616,0.35,-0.19,0.85,-24.66,-1.83,-33.02
2026-07-27 13:37:20.616,0.32,-0.21,0.83,-20.14,0.61,-32.96
2026-07-27 13:37:20.617,0.32,-0.21,0.83,-20.14,0.61,-32.96
2026-07-27 13:37:20.617,0.31,-0.24,0.82,-16.17,7.02,-33.51
2026-07-27 13:37:20.617,0.31,-0.24,0.82,-16.17,7.02,-33.51
2026-07-27 13:37:20.880,0.28,-0.26,0.85,-15.08,14.16,-36.87
2026-07-27 13:37:20.882,0.28,-0.26,0.85,-15.08,14.16,-36.87
2026-07-27 13:37:20.884,0.27,-0.28,0.88,-15.01,17.88,-40.47
2026-07-27 13:37:20.885,0.26,-0.29,0.91,-16.72,19.23,-43.15
2026-07-27 13:37:20.885,0.26,-0.29,0.91,-16.72,19.23,-43.15
2026-07-27 13:37:20.885,0.24,-0.28,0.93,-19.9,22.16,-45.59
2026-07-27 13:37:20.885,0.24,-0.28,0.93,-19.9,22.16,-45.59
2026-07-27 13:37:20.885,0.23,-0.26,0.91,-19.65,26.43,-45.53
2026-07-27 13:37:20.885,0.23,-0.26,0.91,-19.65,26.43,-45.53
2026-07-27 13:37:20.885,0.21,-0.23,0.84,-16.36,31.19,-44.13
2026-07-27 13:37:20.885,0.17,-0.22,0.73,-14.71,38.02,-46.81
2026-07-27 13:37:20.885,0.17,-0.22,0.73,-14.71,38.02,-46.81
2026-07-27 13:37:20.886,0.1,-0.17,0.63,-16.54,46.87,-55.66
2026-07-27 13:37:20.886,0.1,-0.17,0.63,-16.54,46.87,-55.66
2026-07-27 13:37:20.886,-0.0,-0.12,0.58,-18.68,56.4,-66.16
2026-07-27 13:37:20.886,-0.0,-0.12,0.58,-18.68,56.4,-66.16
2026-07-27 13:37:21.064,-0.06,-0.1,0.67,-17.88,67.57,-69.03
2026-07-27 13:37:21.067,0.01,-0.1,0.92,-7.87,81.12,-60.79
2026-07-27 13:37:21.067,0.01,-0.1,0.92,-7.87,81.12,-60.79
2026-07-27 13:37:21.068,0.12,-0.11,1.15,28.26,97.05,-49.32
2026-07-27 13:37:21.069,0.12,-0.11,1.15,28.26,97.05,-49.32
2026-07-27 13:37:21.069,0.15,-0.09,1.33,67.5,104.13,-49.07
2026-07-27 13:37:21.069,0.15,-0.09,1.33,67.5,104.13,-49.07
2026-07-27 13:37:21.377,0.16,-0.08,1.47,92.59,94.97,-55.24
2026-07-27 13:37:21.378,0.16,-0.08,1.47,129.7,66.04,-43.7
2026-07-27 13:37:21.397,0.19,0.02,1.45,129.7,66.04,-43.7
2026-07-27 13:37:21.397,0.2,0.2,1.32,118.23,36.44,-40.65
2026-07-27 13:37:21.402,0.2,0.2,1.32,118.23,36.44,-40.65
2026-07-27 13:37:21.402,0.21,0.25,1.19,40.59,23.13,-52.92
2026-07-27 13:37:21.403,0.21,0.25,1.19,40.59,23.13,-52.92
2026-07-27 13:37:21.403,0.25,0.17,1.05,-8.36,0.06,-36.07
2026-07-27 13:37:21.403,0.31,0.12,0.92,6.41,-46.02,-5.55
2026-07-27 13:37:21.403,0.31,0.12,0.92,6.41,-46.02,-5.55
2026-07-27 13:37:21.403,0.35,0.13,0.84,40.59,-83.74,37.05
2026-07-27 13:37:21.403,0.35,0.13,0.84,40.59,-83.74,37.05
2026-07-27 13:37:21.403,0.34,0.1,0.79,55.05,-58.59,99.43
2026-07-27 13:37:21.404,0.34,0.1,0.79,55.05,-58.59,99.43
2026-07-27 13:37:21.537,0.25,0.07,0.77,43.52,-6.29,131.23
2026-07-27 13:37:21.617,0.15,0.06,0.77,24.78,15.75,130.19
2026-07-27 13:37:21.618,0.15,0.06,0.77,24.78,15.75,130.19
2026-07-27 13:37:21.618,0.06,0.02,0.83,23.93,56.21,130.37
2026-07-27 13:37:21.618,0.06,0.02,0.83,23.93,56.21,130.37
2026-07-27 13:37:21.646,-0.29,0.1,1.04,59.51,218.75,109.8
2026-07-27 13:37:21.646,-0.29,0.1,1.04,59.51,218.75,109.8
2026-07-27 13:37:21.647,-0.8,0.27,1.17,70.43,361.39,43.64
2026-07-27 13:37:21.647,-0.92,0.29,1.04,14.04,217.35,-35.71
2026-07-27 13:37:21.647,-0.92,0.29,1.04,14.04,217.35,-35.71
2026-07-27 13:37:21.675,-0.69,0.22,0.93,-37.35,-55.42,-82.82
2026-07-27 13:37:21.709,-0.69,0.22,0.93,-37.35,-55.42,-82.82
2026-07-27 13:37:21.962,-0.38,0.3,1.04,-66.04,-204.35,-77.82
2026-07-27 13:37:21.967,-0.38,0.3,1.04,-92.59,-236.88,-44.98
2026-07-27 13:37:21.975,-0.17,0.41,1.16,-92.59,-236.88,-44.98
2026-07-27 13:37:21.975,-0.05,0.38,1.14,-95.89,-200.81,-32.1
2026-07-27 13:37:21.975,-0.05,0.38,1.14,-95.89,-200.81,-32.1
2026-07-27 13:37:21.975,0.05,0.31,1.11,-77.76,-144.53,-48.03
2026-07-27 13:37:21.976,0.05,0.31,1.11,-77.76,-144.53,-48.03
2026-07-27 13:37:21.976,0.13,0.26,1.08,-69.27,-97.78,-70.98
2026-07-27 13:37:21.976,0.13,0.26,1.08,-69.27,-97.78,-70.98
2026-07-27 13:37:21.976,0.19,0.18,0.99,-71.9,-46.45,-85.45
2026-07-27 13:37:21.976,0.2,0.08,0.85,-74.89,3.36,-86.85
2026-07-27 13:37:21.976,0.2,0.08,0.85,-74.89,3.36,-86.85
2026-07-27 13:37:21.976,0.21,-0.0,0.74,-73.67,30.88,-79.22
2026-07-27 13:37:21.976,0.21,-0.0,0.74,-73.67,30.88,-79.22
2026-07-27 13:37:22.099,0.21,-0.08,0.71,-64.7,35.58,-69.03
2026-07-27 13:37:22.132,0.21,-0.08,0.71,-64.7,35.58,-69.03
2026-07-27 13:37:22.132,0.21,-0.12,0.78,-47.06,29.97,-59.02
2026-07-27 13:37:22.132,0.21,-0.11,0.92,-23.86,27.59,-52.06
2026-07-27 13:37:22.133,0.21,-0.11,0.92,-23.86,27.59,-52.06
2026-07-27 13:37:22.274,0.19,-0.09,1.04,-11.23,27.28,-46.87
2026-07-27 13:37:22.274,0.19,-0.09,1.04,-11.23,27.28,-46.87
2026-07-27 13:37:22.277,0.16,-0.18,1.04,-14.47,27.65,-44.92
2026-07-27 13:37:22.277,0.16,-0.18,1.04,-14.47,27.65,-44.92
2026-07-27 13:37:22.277,0.13,-0.29,0.98,-15.26,30.58,-47.42
2026-07-27 13:37:22.277,0.14,-0.28,0.97,-7.69,27.59,-47.42
2026-07-27 13:37:22.277,0.14,-0.28,0.97,-7.69,27.59,-47.42
2026-07-27 13:37:22.277,0.15,-0.25,0.95,-1.04,26.18,-48.03
2026-07-27 13:37:22.378,0.15,-0.25,0.95,-1.04,26.18,-48.03
2026-07-27 13:37:22.379,0.09,-0.36,0.87,0.67,39.12,-50.84
2026-07-27 13:37:22.379,0.09,-0.36,0.87,0.67,39.12,-50.84
2026-07-27 13:37:22.385,0.02,-0.53,0.85,9.77,60.18,-40.1
2026-07-27 13:37:22.387,0.02,-0.53,0.85,9.77,60.18,-40.1
2026-07-27 13:37:22.447,-0.02,-0.54,0.97,38.45,74.34,0.12
2026-07-27 13:37:22.447,-0.08,-0.29,1.07,76.6,80.14,58.84
2026-07-27 13:37:22.447,-0.08,-0.29,1.07,76.6,80.14,58.84
2026-07-27 13:37:22.506,-0.21,0.04,1.01,92.35,82.7,98.75
2026-07-27 13:37:22.568,-0.21,0.04,1.01,92.35,82.7,98.75
2026-07-27 13:37:22.569,-0.25,0.18,0.83,54.32,67.93,94.91
2026-07-27 13:37:22.569,-0.25,0.18,0.83,54.32,67.93,94.91
2026-07-27 13:37:22.569,-0.13,0.08,0.49,-35.77,28.02,65.19
2026-07-27 13:37:22.689,0.06,0.0,0.09,-125.79,-29.36,41.99
2026-07-27 13:37:22.689,0.06,0.0,0.09,-125.79,-29.36,41.99
2026-07-27 13:37:22.693,0.31,0.08,-0.15,-167.48,-101.07,22.89
2026-07-27 13:37:22.694,0.31,0.08,-0.15,-167.48,-101.07,22.89
2026-07-27 13:37:22.694,0.71,0.1,-0.08,-188.17,-183.65,-10.19
2026-07-27 13:37:22.751,0.71,0.1,-0.08,-188.17,-183.65,-10.19
2026-07-27 13:37:22.756,1.17,-0.06,0.46,-171.33,-242.55,-64.21
2026-07-27 13:37:23.011,1.32,-0.3,1.07,-54.93,-230.77,-115.72
2026-07-27 13:37:23.087,1.32,-0.3,1.07,-54.93,-230.77,-115.72
2026-07-27 13:37:23.088,1.17,-0.34,1.4,90.21,-169.8,-110.66
2026-07-27 13:37:23.088,1.17,-0.34,1.4,90.21,-169.8,-110.66
2026-07-27 13:37:23.088,0.9,0.08,1.41,194.64,-94.73,-44.25
2026-07-27 13:37:23.088,0.9,0.08,1.41,249.63,-30.94,17.21
2026-07-27 13:37:23.108,0.52,0.6,1.18,249.63,-30.94,17.21
2026-07-27 13:37:23.153,0.28,0.62,1.06,222.17,-38.21,19.23
2026-07-27 13:37:23.194,0.28,0.62,1.06,222.17,-38.21,19.23
2026-07-27 13:37:23.195,0.36,0.2,1.04,126.77,-96.68,-29.91
2026-07-27 13:37:23.195,0.36,0.2,1.04,126.77,-96.68,-29.91
2026-07-27 13:37:23.195,0.61,-0.16,0.97,38.39,-122.38,-78.49
2026-07-27 13:37:23.195,0.61,-0.16,0.97,5.74,-102.29,-84.66
2026-07-27 13:37:23.195,0.78,-0.18,0.89,5.74,-102.29,-84.66
2026-07-27 13:37:23.195,0.82,-0.01,0.93,7.57,-71.53,-61.77
2026-07-27 13:37:23.195,0.82,-0.01,0.93,7.57,-71.53,-61.77
2026-07-27 13:37:23.522,0.84,0.07,1.06,0.24,-42.6,-47.67
2026-07-27 13:37:23.522,0.84,0.07,1.06,0.24,-42.6,-47.67
2026-07-27 13:37:23.530,0.82,0.09,1.2,-11.84,-3.91,-46.02
2026-07-27 13:37:23.530,0.82,0.09,1.2,-11.84,-3.91,-46.02
2026-07-27 13:37:23.530,0.71,0.19,1.31,-3.54,52.31,-43.33
2026-07-27 13:37:23.531,0.6,0.34,1.33,4.39,103.64,-43.88
2026-07-27 13:37:23.531,0.6,0.34,1.33,4.39,103.64,-43.88
2026-07-27 13:37:23.531,0.58,0.5,1.22,-11.72,122.13,-62.26
2026-07-27 13:37:23.591,0.58,0.5,1.22,-11.72,122.13,-62.26
2026-07-27 13:37:23.591,0.66,0.58,1.05,-48.03,104.37,-88.13
2026-07-27 13:37:23.591,0.66,0.58,1.05,-82.28,71.17,-95.7
2026-07-27 13:37:23.601,0.73,0.54,0.89,-82.28,71.17,-95.7
2026-07-27 13:37:23.601,0.68,0.46,0.74,-89.29,52.8,-85.51
2026-07-27 13:37:23.602,0.68,0.46,0.74,-89.29,52.8,-85.51
2026-07-27 13:37:23.602,0.48,0.4,0.61,-53.16,54.32,-67.69
2026-07-27 13:37:23.602,0.48,0.4,0.61,-53.16,54.32,-67.69
2026-07-27 13:37:23.602,0.21,0.32,0.46,4.88,61.52,-47.67
2026-07-27 13:37:23.602,0.21,0.32,0.46,4.88,61.52,-47.67
2026-07-27 13:37:23.602,0.02,0.19,0.44,15.14,50.42,-36.13
2026-07-27 13:37:23.603,-0.07,0.13,0.62,-40.59,17.88,-34.12
2026-07-27 13:37:23.603,-0.07,0.13,0.62,-40.59,17.88,-34.12
2026-07-27 13:37:23.701,-0.05,0.12,0.79,-120.06,-8.24,-43.21
2026-07-27 13:37:23.701,-0.05,0.12,0.79,-120.06,-8.24,-43.21
2026-07-27 13:37:23.707,0.08,0.02,0.84,-182.92,-18.43,-73.0
2026-07-27 13:37:23.709,0.08,0.02,0.84,-182.92,-18.43,-73.0
2026-07-27 13:37:23.718,0.27,-0.14,0.81,-187.74,-15.2,-102.72
2026-07-27 13:37:23.958,0.41,-0.15,0.79,-132.69,-2.32,-99.0
2026-07-27 13:37:23.959,0.41,-0.15,0.79,-132.69,-2.32,-99.0
2026-07-27 13:37:23.975,0.45,0.01,0.88,-64.82,-0.12,-62.26
2026-07-27 13:37:23.975,0.45,0.01,0.88,-64.82,-0.12,-62.26
2026-07-27 13:37:23.975,0.42,0.18,1.08,-10.62,-7.32,2.08
2026-07-27 13:37:23.975,0.42,0.18,1.08,-10.62,-7.32,2.08
2026-07-27 13:37:23.975,0.34,0.35,1.14,43.03,16.36,67.87
2026-07-27 13:37:23.975,0.34,0.35,1.14,43.03,16.36,67.87
2026-07-27 13:37:23.975,0.34,0.35,1.14,43.03,16.36,67.87
2026-07-27 13:37:23.976,0.34,0.35,1.14,43.03,16.36,67.87
2026-07-27 13:37:23.976,0.23,0.29,0.97,24.9,86.36,1.59
2026-07-27 13:37:23.976,0.23,0.29,0.97,24.9,86.36,1.59
2026-07-27 13:37:24.066,0.17,0.13,1.07,-21.12,45.53,-47.24
2026-07-27 13:37:24.080,0.12,0.06,1.16,-24.05,9.22,-59.69
2026-07-27 13:37:24.084,0.12,0.06,1.16,-24.05,9.22,-59.69
2026-07-27 13:37:24.089,0.09,0.1,1.06,8.79,8.97,-58.84
2026-07-27 13:37:24.093,0.09,0.1,1.06,8.79,8.97,-58.84
2026-07-27 13:37:24.364,0.07,0.13,0.9,34.61,49.93,-57.19
2026-07-27 13:37:24.401,0.07,0.13,0.9,34.61,49.93,-57.19
2026-07-27 13:37:24.401,0.04,0.1,0.89,18.98,74.77,-47.0
2026-07-27 13:37:24.401,0.01,0.04,0.96,-4.88,43.15,-11.54
2026-07-27 13:37:24.401,0.01,0.04,0.96,-4.88,43.15,-11.54
2026-07-27 13:37:24.401,-0.01,-0.06,1.01,-10.01,4.39,49.38
2026-07-27 13:37:24.406,-0.01,-0.06,1.01,-10.01,4.39,49.38
2026-07-27 13:37:24.407,0.01,-0.08,1.01,-6.1,-9.28,70.62
2026-07-27 13:37:24.407,0.01,-0.08,1.01,-6.1,-9.28,70.62
2026-07-27 13:37:24.407,0.02,0.01,1.0,-0.98,-6.71,24.05
2026-07-27 13:37:24.408,0.02,0.01,1.0,-0.98,-6.71,24.05
2026-07-27 13:37:24.408,-0.11,0.18,1.0,2.14,-2.08,-11.35
2026-07-27 13:37:24.408,-0.11,0.18,1.0,2.14,-2.08,-11.35
2026-07-27 13:37:24.408,-0.31,0.15,0.99,2.38,-0.31,-10.86
2026-07-27 13:37:24.607,-0.36,-0.08,0.99,0.61,0.73,-66.96
2026-07-27 13:37:24.640,-0.36,-0.08,0.99,0.61,0.73,-66.96
2026-07-27 13:37:24.640,-0.17,-0.06,0.99,-0.67,1.71,-184.75
2026-07-27 13:37:24.675,-0.17,-0.06,0.99,-0.67,1.71,-184.75
2026-07-27 13:37:24.675,0.2,0.12,1.0,0.98,1.46,-264.59
2026-07-27 13:37:24.675,0.2,0.12,1.0,0.98,1.46,-264.59
2026-07-27 13:37:24.675,0.48,0.16,1.0,5.49,0.67,-255.43
2026-07-27 13:37:24.675,0.48,0.16,1.0,5.49,0.67,-255.43
2026-07-27 13:37:24.675,0.44,0.07,0.99,4.27,1.95,-164.31
2026-07-27 13:37:24.675,0.18,0.01,0.99,-4.88,2.38,-70.31
2026-07-27 13:37:24.675,0.18,0.01,0.99,-4.88,2.38,-70.31
2026-07-27 13:37:24.675,-0.06,-0.01,1.0,-8.06,-0.55,-20.81
2026-07-27 13:37:24.675,-0.06,-0.01,1.0,-8.06,-0.55,-20.81
2026-07-27 13:37:24.787,-0.1,-0.02,1.0,-3.42,-2.26,4.33
2026-07-27 13:37:24.788,-0.1,-0.02,1.0,-3.42,-2.26,4.33
2026-07-27 13:37:24.794,-0.03,-0.01,1.0,0.49,-1.53,11.72
2026-07-27 13:37:24.799,-0.03,-0.01,1.0,1.22,-0.49,5.86
2026-07-27 13:37:24.799,0.03,0.0,1.0,1.22,-0.49,5.86
2026-07-27 13:37:24.906,0.05,0.01,1.0,0.37,-0.06,2.2
2026-07-27 13:37:24.918,0.05,0.01,1.0,0.37,-0.06,2.2
2026-07-27 13:37:24.918,0.03,-0.0,0.99,-0.37,-0.12,9.28
2026-07-27 13:37:24.919,0.03,-0.0,0.99,-0.37,-0.12,9.28
2026-07-27 13:37:24.919,0.02,-0.02,1.0,-0.43,-0.37,14.77
2026-07-27 13:37:24.919,0.02,-0.02,1.0,-0.43,-0.37,14.77
2026-07-27 13:37:25.144,0.02,-0.01,1.0,-0.18,-0.43,8.61
2026-07-27 13:37:25.178,0.02,-0.01,1.0,-0.18,-0.43,8.61
2026-07-27 13:37:25.178,0.02,-0.0,1.0,0.0,-0.43,1.1
2026-07-27 13:37:25.179,0.02,-0.0,1.0,0.06,-0.43,-0.98
2026-07-27 13:37:25.180,0.02,-0.0,1.0,0.06,-0.43,-0.98
2026-07-27 13:37:25.180,0.03,-0.0,1.0,0.0,-0.43,1.46
2026-07-27 13:37:25.181,0.03,-0.0,1.0,0.0,-0.43,1.46
2026-07-27 13:37:25.181,0.03,-0.0,0.99,0.0,-0.37,3.66
2026-07-27 13:37:25.181,0.03,-0.0,0.99,0.0,-0.37,3.66
2026-07-27 13:37:25.181,0.03,-0.0,1.0,0.0,-0.37,2.38
2026-07-27 13:37:25.181,0.03,-0.0,1.0,0.0,-0.37,2.38
2026-07-27 13:37:25.383,0.02,-0.0,1.0,-0.06,-0.37,0.24
2026-07-27 13:37:25.386,0.02,-0.0,1.0,-0.06,-0.37,0.24
2026-07-27 13:37:25.393,0.02,-0.01,1.0,-0.06,-0.43,-0.55
2026-07-27 13:37:25.393,0.03,-0.04,0.99,0.0,-0.49,3.42
2026-07-27 13:37:25.413,0.03,-0.04,0.99,0.0,-0.49,3.42
2026-07-27 13:37:25.413,0.02,-0.02,0.99,0.12,-0.61,27.34
2026-07-27 13:37:25.413,0.02,-0.02,0.99,0.12,-0.61,27.34
2026-07-27 13:37:25.413,0.02,0.02,0.99,0.06,-0.73,55.3
2026-07-27 13:37:25.413,0.02,0.02,0.99,0.06,-0.73,55.3
2026-07-27 13:37:25.413,0.03,0.03,1.0,-0.24,-0.67,46.69
2026-07-27 13:37:25.644,0.03,0.03,1.0,-0.24,-0.43,14.83
2026-07-27 13:37:25.686,0.03,0.01,1.0,-0.24,-0.43,14.83
2026-07-27 13:37:25.686,0.02,-0.01,0.99,-0.06,-0.31,-4.7
2026-07-27 13:37:25.686,0.02,-0.01,0.99,-0.06,-0.31,-4.7
2026-07-27 13:37:25.687,0.02,-0.01,0.99,0.0,-0.31,-7.08
2026-07-27 13:37:25.687,0.02,-0.01,0.99,0.0,-0.31,-7.08
2026-07-27 13:37:25.687,0.02,-0.01,1.0,0.0,-0.37,-2.87
2026-07-27 13:37:25.687,0.02,-0.01,1.0,0.0,-0.37,-2.87
2026-07-27 13:37:25.688,0.02,-0.0,1.0,-0.06,-0.43,0.24
2026-07-27 13:37:25.688,0.02,-0.0,1.0,-0.06,-0.43,0.24
2026-07-27 13:37:25.688,0.02,-0.0,0.99,-0.06,-0.43,0.92
2026-07-27 13:37:25.803,0.02,-0.0,0.99,0.0,-0.43,0.37
2026-07-27 13:37:25.803,0.02,-0.0,0.99,0.0,-0.43,0.37
2026-07-27 13:37:25.804,0.02,-0.0,0.99,0.0,-0.37,-0.12
2026-07-27 13:37:25.804,0.02,-0.0,0.99,0.0,-0.37,-0.12
2026-07-27 13:37:25.804,0.02,-0.0,1.0,-0.06,-0.37,-0.31
2026-07-27 13:37:25.804,0.02,-0.0,1.0,-0.06,-0.37,-0.31
2026-07-27 13:37:25.804,0.02,-0.0,1.0,-0.06,-0.37,-0.18
2026-07-27 13:37:25.805,0.02,-0.0,1.0,-0.06,-0.37,-0.18
2026-07-27 13:37:25.859,0.02,-0.0,1.0,-0.06,-0.37,-0.06
2026-07-27 13:37:25.859,0.02,-0.0,1.0,0.0,-0.37,-0.06
2026-07-27 13:37:25.860,0.02,-0.0,1.0,0.0,-0.37,-0.06
2026-07-27 13:37:25.979,0.02,-0.0,1.0,0.0,-0.37,-0.06
2026-07-27 13:37:25.979,0.02,-0.0,1.0,0.0,-0.37,-0.06
2026-07-27 13:37:25.979,0.02,-0.0,1.0,0.0,-0.37,-0.06
2026-07-27 13:37:25.980,0.02,-0.0,1.0,0.0,-0.37,-0.06
2026-07-27 13:37:25.980,0.02,-0.0,1.0,0.0,-0.37,-0.12
2026-07-27 13:37:25.981,0.02,-0.0,1.0,0.0,-0.37,-0.12
2026-07-27 13:37:26.158,0.02,-0.0,0.99,0.0,-0.37,-0.12
2026-07-27 13:37:26.160,0.02,-0.0,0.99,0.0,-0.37,-0.12
2026-07-27 13:37:26.160,0.02,-0.0,0.99,-0.06,-0.37,-0.12
2026-07-27 13:37:26.161,0.02,-0.0,0.99,-0.06,-0.37,-0.12
2026-07-27 13:37:26.161,0.02,-0.0,0.99,-0.06,-0.37,-0.12
2026-07-27 13:37:26.161,0.02,-0.0,1.0,0.0,-0.31,-0.12
2026-07-27 13:37:26.161,0.02,-0.0,1.0,0.0,-0.31,-0.12
2026-07-27 13:37:26.162,0.02,-0.0,1.0,0.06,-0.31,-0.12
2026-07-27 13:37:26.278,0.02,-0.0,1.0,0.06,-0.31,-0.12
2026-07-27 13:37:26.279,0.02,-0.0,1.0,0.06,-0.37,-0.18
2026-07-27 13:37:26.279,0.02,-0.0,1.0,0.06,-0.37,-0.18
2026-07-27 13:37:26.280,0.02,-0.0,1.0,0.06,-0.43,-0.12
2026-07-27 13:37:26.281,0.02,-0.0,1.0,0.06,-0.43,-0.12
2026-07-27 13:37:26.580,0.02,-0.0,0.99,0.06,-0.43,-0.12
2026-07-27 13:37:26.580,0.02,-0.0,0.99,0.0,-0.37,-0.18
2026-07-27 13:37:26.581,0.02,-0.0,0.99,0.0,-0.37,-0.18
2026-07-27 13:37:26.581,0.02,-0.0,0.99,-0.06,-0.37,-0.18
2026-07-27 13:37:26.582,0.02,-0.0,0.99,-0.06,-0.37,-0.18
2026-07-27 13:37:26.582,0.02,-0.0,1.0,-0.06,-0.37,-0.12
2026-07-27 13:37:26.582,0.02,-0.0,1.0,-0.06,-0.37,-0.12
2026-07-27 13:37:26.582,0.02,-0.0,1.0,-0.06,-0.37,-0.12
2026-07-27 13:37:26.583,0.02,-0.0,1.0,-0.06,-0.37,-0.12
2026-07-27 13:37:26.583,0.02,-0.0,1.0,-0.06,-0.37,-0.12
2026-07-27 13:37:26.583,0.02,-0.0,1.0,-0.06,-0.37,-0.12
2026-07-27 13:37:26.585,0.02,-0.0,1.0,-0.06,-0.31,-0.12
2026-07-27 13:37:26.585,0.02,-0.0,0.99,-0.06,-0.37,-0.12
2026-07-27 13:37:26.592,0.02,-0.0,0.99,-0.06,-0.37,-0.12
2026-07-27 13:37:26.638,0.02,-0.0,0.99,-0.06,-0.37,-0.12
2026-07-27 13:37:26.638,0.02,-0.0,0.99,-0.06,-0.37,-0.12
2026-07-27 13:37:26.821,0.02,-0.0,0.99,-0.06,-0.37,-0.12
2026-07-27 13:37:26.821,0.02,-0.0,0.99,-0.06,-0.37,-0.12
2026-07-27 13:37:26.822,0.02,-0.0,1.0,0.0,-0.37,-0.12
2026-07-27 13:37:26.823,0.02,-0.0,1.0,0.0,-0.37,-0.12
2026-07-27 13:37:26.823,0.02,-0.0,1.0,0.0,-0.37,-0.12
2026-07-27 13:37:26.824,0.02,-0.0,1.0,0.0,-0.37,-0.12
2026-07-27 13:37:26.824,0.02,-0.0,0.99,0.0,-0.37,-0.06
2026-07-27 13:37:26.824,0.02,-0.0,0.99,0.0,-0.37,-0.06
2026-07-27 13:37:26.824,0.02,-0.0,0.99,0.0,-0.37,-0.06
2026-07-27 13:37:27.120,0.02,-0.0,0.99,-0.06,-0.37,-0.12
2026-07-27 13:37:27.121,0.02,-0.0,0.99,-0.06,-0.37,-0.12
2026-07-27 13:37:27.121,0.02,-0.0,1.0,-0.06,-0.37,-0.12
2026-07-27 13:37:27.121,0.02,-0.0,1.0,-0.06,-0.37,-0.12
2026-07-27 13:37:27.121,0.02,-0.0,1.0,-0.06,-0.37,-0.12
2026-07-27 13:37:27.121,0.02,-0.0,1.0,-0.06,-0.37,-0.12
2026-07-27 13:37:27.121,0.02,-0.0,1.0,-0.06,-0.37,-0.12
2026-07-27 13:37:27.122,0.02,-0.0,1.0,-0.06,-0.37,-0.12
2026-07-27 13:37:27.127,0.02,-0.0,0.99,0.0,-0.37,-0.12
2026-07-27 13:37:27.127,0.02,-0.0,0.99,0.0,-0.37,-0.18
2026-07-27 13:37:27.127,0.02,-0.0,0.99,0.0,-0.37,-0.18
2026-07-27 13:37:27.127,0.02,-0.0,0.99,0.0,-0.37,-0.12
2026-07-27 13:37:27.127,0.02,-0.0,0.99,0.0,-0.37,-0.12
2026-07-27 13:37:27.127,0.02,-0.0,1.0,0.0,-0.37,-0.12
2026-07-27 13:37:27.602,0.02,-0.0,1.0,0.0,-0.37,-0.12
2026-07-27 13:37:27.603,0.02,-0.0,1.0,-0.06,-0.37,-0.12
2026-07-27 13:37:27.604,0.02,-0.0,1.0,-0.06,-0.37,-0.12
2026-07-27 13:37:27.604,0.02,-0.0,1.0,-0.06,-0.37,-0.12
2026-07-27 13:37:27.604,0.02,-0.0,1.0,-0.06,-0.37,-0.12
2026-07-27 13:37:27.604,0.02,-0.0,1.0,-0.06,-0.37,-0.12
2026-07-27 13:37:27.604,0.02,-0.0,0.99,-0.06,-0.43,-0.12
2026-07-27 13:37:27.604,0.02,-0.0,0.99,-0.06,-0.43,-0.12
2026-07-27 13:37:27.604,0.02,-0.0,0.99,-0.06,-0.37,-0.12
2026-07-27 13:37:27.604,0.02,-0.0,0.99,-0.06,-0.37,-0.12
2026-07-27 13:37:27.605,0.02,-0.0,1.0,-0.06,-0.37,-0.12
2026-07-27 13:37:27.605,0.02,-0.0,1.0,-0.06,-0.37,-0.12
2026-07-27 13:37:27.605,0.02,-0.0,1.0,-0.06,-0.37,-0.12
2026-07-27 13:37:27.605,0.02,-0.0,1.0,-0.06,-0.37,-0.12
2026-07-27 13:37:27.606,0.02,-0.0,1.0,-0.06,-0.37,-0.12
2026-07-27 13:37:27.606,0.02,-0.0,1.0,-0.06,-0.37,-0.18
2026-07-27 13:37:27.606,0.02,-0.0,1.0,-0.06,-0.37,-0.18
2026-07-27 13:37:27.607,0.02,-0.0,1.0,-0.06,-0.37,-0.12
2026-07-27 13:37:27.607,0.02,-0.0,1.0,-0.06,-0.37,-0.12
2026-07-27 13:37:27.608,0.02,-0.0,1.0,-0.06,-0.37,-0.18
2026-07-27 13:37:27.611,0.02,-0.0,1.0,-0.06,-0.37,-0.18
