Timestamp,AccX,AccY,AccZ,GyroX,GyroY,GyroZ,AccX_smooth,AccY_smooth,AccZ_smooth,GyroX_smooth,GyroY_smooth,GyroZ_smooth
2026-07-27 12:15:56.154,0.19,1.0,1.2,15.26,-72.75,52.67,0.19,1.0,1.2,15.26,-72.75,52.67
2026-07-27 12:15:56.218,-0.07,0.58,1.03,39.73,-51.94,12.57,0.06,0.79,1.115,27.494999999999997,-62.345,32.620000000000005
2026-07-27 12:15:56.270,-0.2,0.37,0.83,64.21,-40.89,-23.62,-0.026666666666666672,0.65,1.02,39.73333333333333,-55.19333333333333,13.873333333333335
2026-07-27 12:15:56.330,-0.16,0.48,0.76,46.87,-37.96,-43.33,-0.060000000000000005,0.6074999999999999,0.955,41.5175,-50.885,-0.42749999999999844
2026-07-27 12:15:56.393,-0.14,0.55,0.78,9.83,-30.46,-55.42,-0.076,0.596,0.9199999999999999,35.17999999999999,-46.8,-11.425999999999998
2026-07-27 12:15:56.451,-0.14,0.6,0.83,28.56,-20.94,-20.94,-0.14200000000000002,0.516,0.8459999999999999,37.839999999999996,-36.438,-26.148000000000003
2026-07-27 12:15:56.515,-0.1,0.65,0.82,71.53,-14.65,13.49,-0.148,0.53,0.8039999999999999,44.199999999999996,-28.98,-25.964
2026-07-27 12:15:56.586,-0.05,0.76,0.68,48.52,-11.11,41.99,-0.11800000000000002,0.608,0.774,41.062,-23.024,-12.842000000000002
2026-07-27 12:15:56.652,-0.02,0.75,0.61,21.67,33.26,49.93,-0.09000000000000001,0.6619999999999999,0.744,36.022,-8.78,5.81
2026-07-27 12:15:56.691,-0.04,0.69,0.59,-4.03,103.64,38.21,-0.07,0.6900000000000001,0.706,33.25,18.04,24.536
2026-07-27 12:15:56.751,-0.3,0.54,0.74,-40.53,76.54,-45.29,-0.10200000000000001,0.6779999999999999,0.6880000000000001,19.432,37.536,19.666
2026-07-27 12:15:56.756,-0.3,0.54,0.74,-40.53,76.54,-45.29,-0.142,0.656,0.6719999999999999,-2.9799999999999995,55.774,7.910000000000001
2026-07-27 12:15:56.821,-0.33,0.55,0.77,6.77,9.22,-57.19,-0.198,0.6140000000000001,0.69,-11.330000000000002,59.84000000000001,-11.925999999999998
2026-07-27 12:15:56.871,-0.39,0.76,0.72,107.18,-92.65,-95.4,-0.27199999999999996,0.616,0.712,5.772,34.658,-40.992000000000004
2026-07-27 12:15:56.939,-0.35,0.82,0.63,97.23,-80.08,-67.87,-0.33399999999999996,0.642,0.72,26.024,-2.085999999999996,-62.208000000000006
2026-07-27 12:15:56.993,-0.28,0.79,0.61,53.53,-58.04,5.37,-0.33,0.692,0.6940000000000001,44.836,-29.002,-52.076
2026-07-27 12:15:57.056,-0.14,0.77,0.6,4.09,-29.11,86.73,-0.298,0.738,0.666,53.760000000000005,-50.132,-25.672000000000004
2026-07-27 12:15:57.110,-0.07,0.78,0.56,8.73,-13.92,46.87,-0.246,0.784,0.624,54.152,-54.760000000000005,-4.860000000000001
2026-07-27 12:15:57.115,-0.07,0.78,0.56,3.11,-8.79,36.13,-0.182,0.788,0.5920000000000001,33.338,-37.98799999999999,21.445999999999998
2026-07-27 12:15:57.178,-0.06,0.81,0.55,3.11,-8.79,36.13,-0.124,0.786,0.576,14.514000000000001,-23.729999999999997,42.246
2026-07-27 12:15:57.237,0.05,0.79,0.57,7.69,-7.08,77.15,-0.057999999999999996,0.786,0.568,5.346,-13.537999999999997,56.602
2026-07-27 12:15:57.295,0.11,0.78,0.59,-16.36,-16.72,63.11,-0.00799999999999999,0.788,0.5660000000000001,1.2560000000000002,-11.059999999999997,51.878
2026-07-27 12:15:57.354,0.02,0.8,0.56,26.73,-36.62,-18.55,0.010000000000000012,0.792,0.5660000000000001,4.856,-15.599999999999994,38.794
2026-07-27 12:15:57.412,0.09,0.85,0.55,85.33,-37.9,-34.73,0.042000000000000016,0.806,0.564,21.3,-21.421999999999997,24.621999999999996
2026-07-27 12:15:57.459,0.02,0.77,0.7,-63.6,34.3,-67.93,0.05800000000000001,0.798,0.5940000000000001,7.958,-12.803999999999997,3.8099999999999965
2026-07-27 12:15:57.475,-0.08,0.72,0.71,-115.42,57.68,-95.52,0.032000000000000015,0.784,0.6220000000000001,-16.664,0.14800000000000324,-30.724
2026-07-27 12:15:57.530,-0.08,0.72,0.71,-115.42,57.68,-95.52,-0.005999999999999989,0.772,0.646,-36.476,15.028000000000002,-62.45
2026-07-27 12:15:57.586,-0.16,0.64,0.67,-206.79,2.32,-105.83,-0.041999999999999996,0.74,0.6679999999999999,-83.17999999999999,22.816000000000003,-79.906
2026-07-27 12:15:57.713,-0.19,0.42,0.72,-203.25,-17.94,-52.43,-0.09799999999999998,0.6539999999999999,0.702,-140.89600000000002,26.808000000000003,-83.446
2026-07-27 12:15:57.761,-0.29,0.27,0.91,-38.15,7.08,-55.6,-0.15999999999999998,0.554,0.744,-135.80599999999998,21.364,-80.97999999999999
2026-07-27 12:15:57.827,-0.32,0.22,0.95,-98.14,24.66,-71.59,-0.20800000000000002,0.454,0.792,-132.35,14.760000000000002,-76.194
2026-07-27 12:15:57.900,-0.41,-0.2,0.89,-308.72,73.43,-85.88,-0.27399999999999997,0.27,0.828,-171.01,17.910000000000004,-74.266
2026-07-27 12:15:57.953,-0.36,-0.37,0.79,-292.11,62.56,-50.05,-0.31399999999999995,0.06799999999999999,0.852,-188.074,29.958000000000006,-63.10999999999999
2026-07-27 12:15:58.015,-0.36,-0.37,0.79,-292.11,62.56,-50.05,-0.348,-0.09,0.866,-205.846,46.05800000000001,-62.634
2026-07-27 12:15:58.067,-0.51,-0.75,0.56,-138.79,72.81,-51.51,-0.392,-0.294,0.796,-225.97400000000002,59.20399999999999,-61.815999999999995
2026-07-27 12:15:58.131,-0.49,-0.78,0.52,24.96,9.03,17.64,-0.426,-0.49399999999999994,0.71,-201.35399999999998,56.07800000000001,-43.97
2026-07-27 12:15:58.195,-0.47,-0.41,0.67,332.03,128.17,-45.41,-0.438,-0.536,0.6660000000000001,-73.20400000000002,67.026,-35.876
2026-07-27 12:15:58.197,-0.47,-0.41,0.67,332.03,128.17,-45.41,-0.45999999999999996,-0.544,0.642,51.62399999999998,80.148,-34.94799999999999
2026-07-27 12:15:58.264,-0.62,-0.35,0.67,161.25,121.4,-90.27,-0.512,-0.54,0.618,142.296,91.916,-42.992000000000004
2026-07-27 12:15:58.305,-0.62,-0.29,0.67,63.96,18.37,11.66,-0.534,-0.44799999999999995,0.64,182.84599999999998,81.02799999999999,-30.358000000000004
2026-07-27 12:15:58.377,-0.64,-0.19,0.71,28.26,-34.91,92.16,-0.564,-0.32999999999999996,0.6779999999999999,183.506,72.24000000000001,-15.454000000000002
2026-07-27 12:15:58.443,-0.65,-0.04,0.71,14.4,-4.15,86.49,-0.6,-0.256,0.6859999999999999,119.97999999999999,45.775999999999996,10.925999999999995
2026-07-27 12:15:58.491,-0.66,0.06,0.77,1.34,18.62,82.82,-0.638,-0.16199999999999998,0.7060000000000001,53.841999999999985,23.866000000000003,36.57199999999999
2026-07-27 12:15:58.557,-0.66,-0.02,0.78,-50.17,-4.7,54.99,-0.646,-0.096,0.728,11.55799999999999,-1.3539999999999988,65.624
2026-07-27 12:15:58.609,-0.65,-0.08,0.77,-53.28,-38.45,17.21,-0.652,-0.054000000000000006,0.748,-11.890000000000011,-12.718,66.734
2026-07-27 12:15:58.672,-0.62,-0.02,0.8,59.39,-12.57,-34.12,-0.648,-0.02,0.766,-5.664000000000013,-8.25,41.477999999999994
2026-07-27 12:15:58.727,-0.56,-0.02,0.76,13.24,2.01,-45.23,-0.63,-0.016,0.776,-5.896000000000012,-7.018000000000001,15.133999999999997
2026-07-27 12:15:58.847,-0.57,-0.07,0.78,9.4,4.15,-26.0,-0.612,-0.042,0.7780000000000001,-4.284000000000012,-9.912,-6.630000000000001
2026-07-27 12:15:58.855,-0.59,-0.05,0.79,31.49,0.79,8.61,-0.5980000000000001,-0.048,0.78,12.047999999999988,-8.813999999999998,-15.906000000000002
2026-07-27 12:15:58.978,-0.58,0.03,0.75,15.56,-4.94,25.09,-0.584,-0.026000000000000002,0.776,25.815999999999985,-2.1119999999999988,-14.330000000000002
2026-07-27 12:15:59.028,-0.6,0.3,0.8,97.11,0.55,23.38,-0.58,0.03799999999999999,0.776,33.35999999999999,0.5120000000000013,-2.8300000000000027
2026-07-27 12:15:59.085,-0.61,0.33,0.81,59.75,10.56,19.9,-0.59,0.10800000000000001,0.786,42.66199999999999,2.2220000000000013,10.195999999999996
2026-07-27 12:15:59.153,-0.56,0.3,0.68,-5.86,24.78,9.7,-0.588,0.182,0.7660000000000001,39.60999999999999,6.348000000000002,17.336
2026-07-27 12:15:59.223,-0.59,0.3,0.69,-20.26,15.26,7.14,-0.5879999999999999,0.252,0.746,29.25999999999999,9.242,17.041999999999998
2026-07-27 12:15:59.258,-0.61,0.33,0.71,-6.29,9.16,11.78,-0.5940000000000001,0.312,0.7380000000000001,24.88999999999999,12.062000000000001,14.379999999999995
2026-07-27 12:15:59.274,-0.61,0.35,0.72,11.17,8.12,15.62,-0.596,0.322,0.722,7.701999999999988,13.576000000000002,12.827999999999998
2026-07-27 12:15:59.333,-0.61,0.34,0.71,6.84,4.64,10.86,-0.596,0.324,0.702,-2.880000000000012,12.392000000000001,11.019999999999996
2026-07-27 12:15:59.387,-0.61,0.34,0.73,-3.36,2.14,2.87,-0.6060000000000001,0.332,0.712,-2.380000000000012,7.864000000000002,9.653999999999996
2026-07-27 12:15:59.450,-0.63,0.37,0.73,6.9,9.4,0.55,-0.6140000000000001,0.346,0.72,3.0519999999999885,6.692000000000002,8.335999999999997
2026-07-27 12:15:59.456,-0.63,0.37,0.73,7.87,13.0,-1.22,-0.618,0.354,0.724,5.883999999999989,7.460000000000001,5.735999999999997
2026-07-27 12:15:59.513,-0.63,0.38,0.66,9.7,15.5,-1.89,-0.622,0.36,0.712,5.589999999999988,8.936000000000002,2.2339999999999973
2026-07-27 12:15:59.564,-0.63,0.36,0.63,10.44,17.52,-3.36,-0.626,0.364,0.696,6.309999999999988,11.512,-0.6100000000000028
2026-07-27 12:15:59.627,-0.63,0.33,0.6,6.71,16.11,-7.2,-0.63,0.362,0.67,8.323999999999987,14.306000000000001,-2.624000000000003
2026-07-27 12:15:59.641,-0.65,0.31,0.62,4.03,13.37,-8.36,-0.634,0.35,0.648,7.7499999999999885,15.1,-4.406000000000003
2026-07-27 12:15:59.688,-0.67,0.32,0.65,1.77,14.53,-4.21,-0.642,0.33999999999999997,0.632,6.529999999999989,15.406,-5.004000000000003
2026-07-27 12:15:59.756,-0.71,0.39,0.67,4.64,23.38,19.17,-0.658,0.34199999999999997,0.634,5.517999999999988,16.982,-0.792000000000003
2026-07-27 12:15:59.815,-0.7,0.42,0.64,28.93,21.0,35.52,-0.672,0.354,0.636,9.215999999999989,17.678000000000004,6.983999999999997
2026-07-27 12:15:59.831,-0.67,0.45,0.57,49.5,19.59,40.89,-0.6799999999999999,0.378,0.63,17.77399999999999,18.374000000000002,16.601999999999997
2026-07-27 12:15:59.862,-0.64,0.46,0.51,54.44,20.32,37.6,-0.678,0.40800000000000003,0.608,27.855999999999987,19.764000000000003,25.794
2026-07-27 12:15:59.928,-0.63,0.48,0.48,52.0,22.52,36.56,-0.67,0.44000000000000006,0.5740000000000001,37.90199999999999,21.362000000000002,33.948
2026-07-27 12:15:59.989,-0.65,0.62,0.47,12.7,55.24,64.27,-0.658,0.48600000000000004,0.534,39.51399999999999,27.734,42.967999999999996
2026-07-27 12:16:00.053,-0.68,0.57,0.47,-22.77,76.35,66.22,-0.654,0.516,0.5,29.17399999999999,38.804,49.108
2026-07-27 12:16:00.117,-0.68,0.52,0.48,-91.43,31.62,-19.84,-0.656,0.53,0.48200000000000004,0.9879999999999853,41.21,36.961999999999996
2026-07-27 12:16:00.128,-0.7,0.48,0.52,-116.82,23.19,-3.85,-0.6679999999999999,0.534,0.484,-33.26400000000001,41.784000000000006,28.671999999999997
2026-07-27 12:16:00.165,-0.7,0.48,0.52,-116.82,23.19,-3.85,-0.682,0.534,0.492,-67.028,41.918,20.589999999999996
2026-07-27 12:16:00.245,-0.67,0.27,0.55,-216.67,34.0,4.21,-0.686,0.46399999999999997,0.508,-112.902,37.67,8.577999999999994
2026-07-27 12:16:00.302,-0.58,0.15,0.64,-199.46,29.05,-58.9,-0.666,0.38,0.542,-148.24,28.21,-16.446000000000005
2026-07-27 12:16:00.349,-0.75,-0.07,0.64,-169.25,-34.85,-186.4,-0.6799999999999999,0.262,0.5740000000000001,-163.804,14.916000000000002,-49.758
2026-07-27 12:16:00.409,-0.66,-0.27,0.62,-177.06,-126.28,-164.7,-0.672,0.11199999999999999,0.594,-175.852,-14.977999999999998,-81.928
2026-07-27 12:16:00.473,-0.55,-0.43,0.76,-95.46,-169.31,-19.23,-0.642,-0.07,0.642,-171.58,-53.477999999999994,-85.00399999999999
2026-07-27 12:16:00.528,-0.49,-0.41,0.75,-10.8,-98.63,22.64,-0.6060000000000001,-0.20600000000000002,0.682,-130.406,-80.00399999999999,-81.31800000000001
2026-07-27 12:16:00.594,-0.34,-0.24,0.75,40.77,-44.25,42.3,-0.558,-0.284,0.704,-82.36000000000001,-94.664,-61.077999999999996
2026-07-27 12:16:00.648,-0.22,-0.18,0.94,14.59,-63.66,16.11,-0.45199999999999996,-0.30599999999999994,0.764,-45.59200000000001,-100.426,-20.576000000000004
2026-07-27 12:16:00.713,-0.19,-0.19,1.0,19.23,-40.77,9.22,-0.358,-0.29,0.8400000000000001,-6.33400000000001,-83.324,14.207999999999993
2026-07-27 12:16:00.744,-0.19,-0.19,1.0,19.23,-40.77,9.22,-0.286,-0.242,0.8879999999999999,16.60399999999999,-57.616,19.897999999999993
2026-07-27 12:16:00.774,-0.26,-0.24,1.06,-9.83,-5.25,-4.27,-0.24000000000000005,-0.20800000000000002,0.95,16.797999999999988,-38.94,14.515999999999995
2026-07-27 12:16:00.827,-0.31,-0.32,1.07,-9.77,28.44,-31.56,-0.23399999999999999,-0.22400000000000003,1.014,6.689999999999989,-24.402,-0.2560000000000052
2026-07-27 12:16:00.896,-0.29,-0.39,1.02,14.47,76.23,-54.38,-0.248,-0.266,1.03,6.665999999999988,3.575999999999999,-14.354000000000005
2026-07-27 12:16:00.949,-0.17,-0.59,0.95,49.93,120.61,-97.72,-0.244,-0.34600000000000003,1.02,12.805999999999989,35.852,-35.742000000000004
2026-07-27 12:16:01.013,-0.13,-0.74,0.99,-38.7,87.65,-85.94,-0.23200000000000004,-0.45600000000000007,1.018,1.2199999999999875,61.536,-54.774
2026-07-27 12:16:01.060,-0.33,-0.89,0.64,-146.18,72.08,8.12,-0.246,-0.5860000000000001,0.9339999999999999,-26.05000000000001,77.002,-52.29600000000001
2026-07-27 12:16:01.133,-0.39,-0.9,0.39,-174.32,13.73,-131.65,-0.262,-0.702,0.7979999999999999,-58.960000000000015,74.06,-72.31400000000001
2026-07-27 12:16:01.186,-0.27,-0.96,0.22,-200.07,-3.11,-228.58,-0.258,-0.8160000000000001,0.638,-101.86800000000001,58.19199999999999,-107.15400000000002
2026-07-27 12:16:01.249,0.32,-0.95,-0.12,-212.71,-156.68,-377.1,-0.16,-0.8879999999999999,0.42400000000000004,-154.39600000000002,2.7339999999999973,-163.03000000000003
2026-07-27 12:16:01.313,0.52,-1.03,-0.12,-186.1,-291.14,-367.8,-0.030000000000000006,-0.9460000000000001,0.202,-183.87600000000003,-73.024,-219.40200000000004
2026-07-27 12:16:01.314,0.52,-1.09,-0.0,-153.93,-351.99,-343.2,0.13999999999999999,-0.986,0.074,-185.426,-157.83800000000002,-289.666
2026-07-27 12:16:01.438,0.38,-1.08,0.07,-102.78,-320.25,-280.58,0.29399999999999993,-1.0219999999999998,0.010000000000000004,-171.118,-224.63400000000001,-319.45200000000006
2026-07-27 12:16:01.442,0.29,-0.85,-0.03,-31.92,-125.06,2.38,0.40599999999999997,-1.0,-0.039999999999999994,-137.488,-249.02400000000003,-273.26
2026-07-27 12:16:01.494,0.45,-0.72,-0.0,23.5,-19.35,88.38,0.43200000000000005,-0.9540000000000001,-0.015999999999999997,-90.24600000000001,-221.558,-180.16400000000004
2026-07-27 12:16:01.548,0.59,-0.6,-0.25,86.85,71.23,87.65,0.446,-0.868,-0.041999999999999996,-35.65600000000002,-149.084,-89.074
2026-07-27 12:16:01.611,0.55,-0.73,-0.5,54.5,66.71,-6.65,0.45199999999999996,-0.796,-0.142,6.029999999999987,-65.34400000000001,-21.76400000000001
2026-07-27 12:16:01.661,0.57,-0.77,-0.53,-19.41,46.2,9.03,0.49000000000000005,-0.7340000000000001,-0.262,22.70399999999999,7.945999999999998,36.15799999999999
2026-07-27 12:16:01.727,0.62,-0.88,-0.57,-125.79,96.56,86.43,0.556,-0.74,-0.37,3.929999999999987,52.27,52.96799999999998
2026-07-27 12:16:01.802,0.59,-0.74,-0.53,-192.26,163.82,97.84,0.584,-0.744,-0.476,-39.222000000000016,88.904,54.85999999999999
2026-07-27 12:16:01.850,0.48,-0.59,-0.61,-307.74,179.93,138.24,0.562,-0.742,-0.548,-118.14000000000001,110.644,64.978
2026-07-27 12:16:01.913,0.43,-0.59,-0.53,-246.15,99.49,144.47,0.5379999999999999,-0.7140000000000001,-0.554,-178.27,117.2,95.20199999999998
2026-07-27 12:16:01.962,0.42,-0.66,-0.6,34.12,53.41,167.24,0.508,-0.692,-0.5680000000000001,-167.56400000000002,118.64199999999998,126.84400000000001
2026-07-27 12:16:02.035,0.4,-0.67,-0.58,48.46,31.37,153.2,0.46399999999999997,-0.65,-0.57,-132.71400000000003,105.604,140.19799999999998
2026-07-27 12:16:02.088,0.13,-0.75,-0.4,198.67,73.0,281.56,0.372,-0.652,-0.544,-54.52800000000002,87.44,176.942
2026-07-27 12:16:02.128,0.13,-0.75,-0.4,305.85,91.98,416.5,0.30199999999999994,-0.6839999999999999,-0.502,68.18999999999998,69.85,232.594
2026-07-27 12:16:02.154,-0.29,-0.9,-0.1,200.99,31.62,353.27,0.158,-0.7460000000000001,-0.41600000000000004,157.618,56.275999999999996,274.354
2026-07-27 12:16:02.219,-0.35,-0.87,-0.1,-7.39,-103.03,172.24,0.004000000000000015,-0.788,-0.31599999999999995,149.31599999999997,24.988,275.354
2026-07-27 12:16:02.328,-0.61,-0.82,0.0,-139.83,-296.57,26.73,-0.198,-0.818,-0.2,111.65799999999999,-40.6,250.06
2026-07-27 12:16:02.406,-0.41,-0.88,-0.04,-30.03,-76.84,-61.71,-0.306,-0.844,-0.128,65.91799999999999,-70.56800000000001,181.406
2026-07-27 12:16:02.453,-0.41,-0.88,-0.04,-30.03,-76.84,-61.71,-0.414,-0.8699999999999999,-0.05600000000000001,-1.2580000000000098,-104.33200000000002,85.76399999999998
2026-07-27 12:16:02.501,-0.39,-0.86,-0.03,7.63,-44.92,-75.87,-0.434,-0.8620000000000001,-0.042,-39.930000000000014,-119.64000000000001,-0.06400000000001001
2026-07-27 12:16:02.580,-0.23,-0.91,0.04,-21.79,-91.0,-73.12,-0.41,-0.8699999999999999,-0.014000000000000002,-42.81000000000002,-117.234,-49.13600000000001
2026-07-27 12:16:02.590,-0.13,-0.88,0.03,-40.65,-90.39,-102.29,-0.31399999999999995,-0.882,-0.008,-22.97400000000001,-75.998,-74.94000000000003
2026-07-27 12:16:02.628,-0.07,-0.98,0.0,-29.6,-81.97,-132.63,-0.246,-0.9020000000000001,0.0,-22.888000000000012,-77.024,-89.12400000000001
2026-07-27 12:16:02.691,-0.02,-1.06,0.0,-7.51,-79.47,-122.25,-0.16799999999999998,-0.9380000000000001,0.008,-18.38400000000001,-77.55,-101.23200000000001
2026-07-27 12:16:02.755,0.17,-1.05,0.13,40.47,-44.49,-22.16,-0.05599999999999998,-0.976,0.04,-11.816000000000011,-77.464,-90.49000000000002
2026-07-27 12:16:02.803,0.18,-1.02,0.17,67.2,-1.71,10.93,0.026000000000000023,-0.998,0.066,5.981999999999988,-59.605999999999995,-73.68000000000002
2026-07-27 12:16:02.866,0.06,-1.04,0.21,88.07,-7.87,-6.29,0.06400000000000003,-1.03,0.10200000000000001,31.72599999999999,-43.102,-54.480000000000004
2026-07-27 12:16:02.940,0.08,-1.06,0.26,57.13,-40.1,-15.62,0.09400000000000003,-1.046,0.154,49.07199999999999,-34.727999999999994,-31.07800000000001
2026-07-27 12:16:02.993,-0.0,-0.89,0.29,4.09,-10.8,-5.62,0.09800000000000003,-1.012,0.21200000000000002,51.391999999999996,-20.994,-7.752000000000011
2026-07-27 12:16:03.050,0.0,-0.8,0.1,-92.65,38.27,-28.69,0.06400000000000003,-0.9620000000000001,0.20600000000000002,24.767999999999983,-4.442,-9.058000000000012
2026-07-27 12:16:03.123,0.22,-0.86,-0.33,-263.43,145.87,-128.97,0.07200000000000002,-0.93,0.10599999999999998,-41.35800000000002,25.074,-37.03800000000001
2026-07-27 12:16:03.167,0.32,-1.01,-0.43,-158.75,169.37,-208.19,0.12400000000000003,-0.924,-0.02200000000000001,-90.72200000000001,60.522000000000006,-77.418
2026-07-27 12:16:03.233,0.4,-1.04,-0.38,-55.6,107.24,-175.96,0.18800000000000003,-0.9200000000000002,-0.15,-113.268,89.99000000000001,-109.48600000000002
2026-07-27 12:16:03.309,0.62,-0.75,-0.18,100.1,-7.81,-9.34,0.312,-0.892,-0.24400000000000005,-94.06600000000002,90.588,-110.23000000000002
2026-07-27 12:16:03.344,0.68,-0.44,0.12,192.99,0.67,0.12,0.44800000000000006,-0.82,-0.24,-36.93800000000001,83.06800000000001,-104.468
2026-07-27 12:16:03.354,0.68,-0.44,0.12,192.99,0.67,0.12,0.54,-0.736,-0.15,54.34599999999999,54.028,-78.65000000000002
2026-07-27 12:16:03.414,0.42,-1.44,0.1,103.39,35.83,4.03,0.56,-0.8219999999999998,-0.044,106.774,27.32,-36.20600000000001
2026-07-27 12:16:03.485,0.42,-1.44,0.1,103.39,35.83,4.03,0.5640000000000001,-0.9019999999999999,0.052000000000000005,138.572,13.038,-0.2080000000000112
2026-07-27 12:16:03.534,0.94,-0.93,0.38,43.03,-71.84,12.63,0.628,-0.938,0.164,127.15799999999999,0.23199999999999932,4.185999999999988
2026-07-27 12:16:03.590,0.2,-0.19,0.28,-28.93,25.21,-15.87,0.532,-0.8880000000000001,0.196,82.77399999999999,5.139999999999999,0.9879999999999889
2026-07-27 12:16:03.647,0.16,-0.27,0.2,-50.35,58.78,-82.4,0.42800000000000005,-0.8539999999999999,0.21200000000000002,34.10599999999999,16.762,-15.51600000000001
2026-07-27 12:16:03.707,0.93,-0.44,0.05,-13.43,-16.48,-409.06,0.53,-0.654,0.202,10.741999999999988,6.299999999999999,-98.13400000000001
2026-07-27 12:16:03.771,1.27,-0.27,-0.11,-63.29,9.46,-199.77,0.7,-0.42000000000000004,0.16,-22.594000000000012,1.0259999999999998,-138.894
2026-07-27 12:16:03.835,1.19,-0.19,0.34,-48.89,5.8,-39.61,0.75,-0.27199999999999996,0.152,-40.97800000000001,16.554,-149.342
2026-07-27 12:16:03.851,0.86,-0.07,0.61,41.87,-11.29,12.76,0.882,-0.248,0.21800000000000003,-26.818000000000012,9.254,-143.616
2026-07-27 12:16:03.901,0.7,0.17,0.7,111.21,3.78,-38.45,0.99,-0.15999999999999998,0.318,5.493999999999988,-1.7460000000000004,-134.82600000000002
2026-07-27 12:16:03.945,1.11,0.64,0.53,162.54,74.95,-132.57,1.0260000000000002,0.05600000000000001,0.41400000000000003,40.68799999999999,16.54,-79.52800000000002
2026-07-27 12:16:04.026,1.2,0.54,0.52,114.87,48.95,-14.77,1.012,0.21800000000000003,0.54,76.32,24.438000000000002,-42.52800000000001
2026-07-27 12:16:04.073,1.02,0.41,0.44,-34.85,33.45,69.09,0.9780000000000001,0.33799999999999997,0.56,79.12799999999999,29.968,-20.788000000000014
2026-07-27 12:16:04.128,0.84,0.32,0.28,-167.36,41.75,55.48,0.974,0.41600000000000004,0.49400000000000005,37.28199999999999,40.576,-12.244000000000012
2026-07-27 12:16:04.137,0.74,0.18,0.37,-167.36,41.75,55.48,0.9820000000000002,0.41800000000000004,0.42800000000000005,-18.432000000000013,48.17,6.541999999999989
2026-07-27 12:16:04.199,0.77,-0.03,0.47,-208.13,30.82,77.88,0.914,0.284,0.41600000000000004,-92.566,39.344,48.63199999999999
2026-07-27 12:16:04.247,0.72,-0.29,0.34,-156.8,36.68,100.71,0.818,0.118,0.38,-146.9,36.89,71.72799999999998
2026-07-27 12:16:04.311,0.57,-0.32,0.29,-111.08,48.4,68.24,0.7280000000000001,-0.028000000000000004,0.35,-162.14600000000002,39.88,71.55799999999998
2026-07-27 12:16:04.374,0.44,-0.32,0.24,-82.58,38.7,26.06,0.648,-0.156,0.34199999999999997,-145.19000000000003,39.269999999999996,65.67399999999999
2026-07-27 12:16:04.378,0.61,-0.43,0.29,-88.2,-48.22,-37.66,0.6220000000000001,-0.27799999999999997,0.32599999999999996,-129.358,21.276,47.045999999999985
2026-07-27 12:16:04.427,0.61,-0.43,0.29,-88.2,-48.22,-37.66,0.5900000000000001,-0.358,0.29,-105.37200000000003,5.468000000000002,23.937999999999988
2026-07-27 12:16:04.485,0.86,-0.35,0.23,-18.62,-74.58,-88.87,0.6180000000000001,-0.37,0.26799999999999996,-77.73600000000002,-16.784,-13.978000000000012
2026-07-27 12:16:04.549,0.94,-0.32,0.19,26.31,-74.77,-99.37,0.6920000000000001,-0.37,0.248,-50.25800000000002,-41.418,-47.500000000000014
2026-07-27 12:16:04.613,1.06,-0.04,0.27,74.65,-56.15,-89.9,0.8160000000000001,-0.314,0.254,-18.812000000000012,-60.388,-70.69200000000001
2026-07-27 12:16:04.677,1.06,0.14,0.21,69.64,-40.41,-69.76,0.906,-0.2,0.238,12.75599999999999,-58.826,-77.11200000000002
2026-07-27 12:16:04.678,1.07,0.14,0.14,40.83,-38.15,-52.49,0.998,-0.086,0.20800000000000002,38.56199999999999,-56.812,-80.07800000000002
2026-07-27 12:16:04.727,1.12,-0.02,0.1,-2.14,-42.11,-45.72,1.0500000000000003,-0.019999999999999997,0.182,41.85799999999999,-50.318,-71.44800000000001
2026-07-27 12:16:04.804,1.03,-0.08,0.08,-9.22,-11.41,-34.79,1.068,0.028000000000000004,0.16,34.751999999999995,-37.646,-58.53200000000002
2026-07-27 12:16:04.869,0.89,0.01,0.11,10.93,10.31,-25.7,1.0340000000000003,0.038000000000000006,0.128,22.00799999999999,-24.354000000000003,-45.692000000000014
2026-07-27 12:16:04.916,0.81,0.07,0.12,5.68,18.01,-15.93,0.9840000000000002,0.024000000000000004,0.11000000000000001,9.215999999999989,-12.670000000000003,-34.92600000000001
2026-07-27 12:16:04.970,1.07,-0.04,0.09,-5.86,4.46,1.89,0.984,-0.011999999999999999,0.1,-0.1220000000000118,-4.1480000000000015,-24.05000000000001
2026-07-27 12:16:05.028,0.99,-0.07,0.15,-2.32,7.63,25.88,0.958,-0.022,0.11000000000000001,-0.15800000000001174,5.799999999999998,-9.730000000000013
2026-07-27 12:16:05.091,0.88,-0.07,0.07,-4.94,-0.92,48.22,0.9280000000000002,-0.02,0.10800000000000001,0.6979999999999885,7.897999999999998,6.871999999999988
2026-07-27 12:16:05.154,0.88,-0.07,0.07,-4.94,-0.92,48.22,0.9260000000000002,-0.036,0.1,-2.476000000000012,5.6519999999999975,21.655999999999988
2026-07-27 12:16:05.202,1.03,-0.09,0.1,20.87,-9.46,52.98,0.9700000000000001,-0.068,0.096,0.5619999999999884,0.1579999999999977,35.43799999999999
2026-07-27 12:16:05.270,1.08,-0.13,0.12,15.99,2.69,41.44,0.9720000000000001,-0.08600000000000001,0.10200000000000001,4.931999999999988,-0.1960000000000023,43.34799999999999
2026-07-27 12:16:05.330,1.09,-0.18,0.11,14.04,6.53,31.43,0.9920000000000002,-0.10800000000000001,0.094,8.203999999999988,-0.4160000000000023,44.45799999999999
2026-07-27 12:16:05.388,1.02,-0.23,0.09,12.88,10.07,15.32,1.02,-0.14,0.098,11.767999999999988,1.7819999999999978,37.877999999999986
2026-07-27 12:16:05.452,1.06,-0.27,0.09,9.34,5.0,10.5,1.0560000000000003,-0.18,0.10200000000000001,14.62399999999999,2.965999999999998,30.333999999999993
2026-07-27 12:16:05.520,1.12,-0.28,0.08,-2.14,-11.66,0.55,1.0740000000000003,-0.21800000000000003,0.098,10.021999999999988,2.5259999999999985,19.84799999999999
2026-07-27 12:16:05.571,1.12,-0.25,0.1,-3.85,-16.48,-9.28,1.082,-0.242,0.094,6.05399999999999,-1.308000000000002,9.70399999999999
2026-07-27 12:16:05.647,1.04,-0.21,0.09,-1.46,-5.68,-30.21,1.0720000000000003,-0.24800000000000005,0.09,2.953999999999989,-3.750000000000002,-2.6240000000000108
2026-07-27 12:16:05.695,1.01,-0.19,0.07,-1.71,-0.06,-37.66,1.0700000000000003,-0.24000000000000005,0.08600000000000001,0.035999999999988576,-5.776000000000002,-13.22000000000001
2026-07-27 12:16:05.752,0.98,-0.11,0.01,0.43,-7.81,-39.61,1.054,-0.20800000000000002,0.06999999999999999,-1.7460000000000115,-8.338000000000003,-23.24200000000001
2026-07-27 12:16:05.805,0.94,-0.06,0.02,-3.17,-15.75,-35.46,1.0180000000000002,-0.16399999999999998,0.05800000000000001,-1.9520000000000113,-9.156000000000002,-30.44400000000001
2026-07-27 12:16:05.889,0.93,-0.05,-0.0,-26.43,-21.85,-24.41,0.9800000000000001,-0.124,0.038,-6.468000000000012,-10.23,-33.47000000000001
2026-07-27 12:16:05.934,0.94,-0.01,-0.01,-28.32,-13.06,-27.4,0.9600000000000002,-0.084,0.018000000000000002,-11.840000000000012,-11.706000000000001,-32.90800000000001
2026-07-27 12:16:05.998,0.94,0.08,0.02,-27.83,0.0,-28.02,0.9460000000000001,-0.03,0.008,-17.06400000000001,-11.694,-30.98000000000001
2026-07-27 12:16:06.044,0.9,0.08,0.05,-27.1,-0.61,-23.56,0.93,0.008000000000000002,0.016,-22.570000000000014,-10.254000000000001,-27.77000000000001
2026-07-27 12:16:06.115,0.91,0.09,0.06,-36.07,-9.95,-15.87,0.9240000000000002,0.038,0.024,-29.150000000000013,-9.094000000000003,-23.85200000000001
2026-07-27 12:16:06.172,1.02,0.14,0.06,-36.99,-12.76,-12.57,0.9420000000000002,0.076,0.036,-31.26200000000001,-7.276000000000002,-21.48400000000001
2026-07-27 12:16:06.232,0.99,0.08,0.06,-39.79,4.52,-12.82,0.9520000000000002,0.094,0.05,-33.55600000000001,-3.7600000000000016,-18.568000000000012
2026-07-27 12:16:06.283,0.93,0.01,0.06,-41.14,16.54,-17.52,0.9500000000000002,0.08,0.057999999999999996,-36.218,-0.45200000000000246,-16.46800000000001
2026-07-27 12:16:06.294,0.93,0.01,0.06,-41.14,16.54,-17.52,0.9560000000000001,0.066,0.06,-39.02600000000001,2.9779999999999975,-15.26000000000001
2026-07-27 12:16:06.347,0.95,0.11,0.11,-11.54,22.16,-26.92,0.9640000000000001,0.07,0.06999999999999999,-34.12000000000001,9.399999999999997,-17.47000000000001
2026-07-27 12:16:06.410,0.98,0.23,0.15,3.66,28.75,-27.59,0.9560000000000001,0.088,0.088,-25.99000000000001,17.701999999999998,-20.47400000000001
2026-07-27 12:16:06.475,0.98,0.25,0.16,3.97,27.16,-27.22,0.9540000000000001,0.122,0.10800000000000001,-17.23800000000001,22.229999999999997,-23.35400000000001
2026-07-27 12:16:06.478,0.98,0.25,0.16,3.97,27.16,-27.22,0.9640000000000001,0.16999999999999998,0.128,-8.216000000000012,24.353999999999996,-25.29400000000001
2026-07-27 12:16:06.533,0.91,0.23,0.15,17.15,20.69,-26.18,0.9600000000000002,0.21400000000000002,0.146,3.4419999999999886,25.183999999999997,-27.02600000000001
2026-07-27 12:16:06.586,1.0,0.24,0.11,34.12,-4.7,-19.9,0.9700000000000001,0.24,0.146,12.573999999999987,19.812,-25.622000000000014
2026-07-27 12:16:06.596,1.1,0.23,0.08,32.23,-22.16,-14.22,0.9940000000000001,0.24,0.132,18.28799999999999,9.629999999999999,-22.94800000000001
2026-07-27 12:16:06.651,1.1,0.23,0.08,32.23,-22.16,-14.22,1.018,0.236,0.11600000000000002,23.939999999999987,-0.23400000000000176,-20.34800000000001
2026-07-27 12:16:06.666,1.04,0.2,0.02,21.12,-31.86,-3.91,1.03,0.22600000000000003,0.088,27.369999999999987,-12.038000000000002,-15.686000000000012
2026-07-27 12:16:06.713,0.95,0.22,-0.01,7.81,-34.55,9.16,1.038,0.22400000000000003,0.05600000000000001,25.50199999999999,-23.086000000000002,-8.618000000000013
2026-07-27 12:16:06.774,0.89,0.36,-0.11,39.86,-19.59,10.86,1.0160000000000002,0.248,0.011999999999999997,26.649999999999988,-26.064,-2.4660000000000117
2026-07-27 12:16:06.841,0.89,0.35,-0.16,38.21,-12.08,7.57,0.9740000000000002,0.272,-0.036,27.845999999999993,-24.048000000000002,1.8919999999999884
2026-07-27 12:16:06.905,0.95,0.35,-0.12,-10.74,-25.09,14.04,0.9440000000000002,0.296,-0.076,19.25199999999999,-24.634000000000004,7.543999999999988
2026-07-27 12:16:06.952,0.97,0.27,-0.13,-29.36,-26.55,14.53,0.93,0.30999999999999994,-0.10600000000000001,9.155999999999988,-23.572000000000003,11.231999999999989
2026-07-27 12:16:07.000,0.98,0.17,-0.16,-53.16,-24.9,12.63,0.9359999999999999,0.3,-0.13599999999999998,-3.038000000000011,-21.642000000000003,11.925999999999988
2026-07-27 12:16:07.016,0.98,0.15,-0.16,-61.1,-33.08,14.47,0.9540000000000001,0.258,-0.146,-23.23000000000001,-24.34,12.647999999999989
2026-07-27 12:16:07.064,0.98,0.15,-0.16,-61.1,-33.08,14.47,0.9720000000000001,0.21799999999999997,-0.14600000000000002,-43.09200000000001,-28.54,14.027999999999988
2026-07-27 12:16:07.128,0.96,0.19,-0.18,-67.99,-35.34,12.76,0.974,0.186,-0.158,-54.54200000000001,-30.589999999999996,13.771999999999988
2026-07-27 12:16:07.190,0.95,0.18,-0.2,-64.58,-27.83,9.83,0.9700000000000001,0.16799999999999998,-0.172,-61.58600000000001,-30.846000000000004,12.831999999999988
2026-07-27 12:16:07.248,1.0,0.16,-0.21,-58.65,-17.82,11.11,0.974,0.166,-0.182,-62.68400000000001,-29.43,12.527999999999988
2026-07-27 12:16:07.317,0.97,0.19,-0.23,-56.52,-13.0,13.98,0.9720000000000001,0.174,-0.196,-61.76800000000001,-25.414000000000005,12.429999999999989
2026-07-27 12:16:07.365,0.94,0.18,-0.23,-63.78,-8.67,11.23,0.9640000000000001,0.18,-0.21000000000000002,-62.30400000000001,-20.532000000000004,11.781999999999988
2026-07-27 12:16:07.433,0.95,0.14,-0.21,-68.54,-10.44,7.08,0.9620000000000001,0.17,-0.21600000000000003,-62.41400000000001,-15.552000000000003,10.64599999999999
2026-07-27 12:16:07.494,0.99,0.07,-0.17,-56.15,-13.0,-0.67,0.97,0.148,-0.21000000000000002,-60.72800000000001,-12.586000000000002,8.545999999999989
2026-07-27 12:16:07.552,1.0,0.07,-0.14,-41.32,-12.57,-2.99,0.97,0.13000000000000003,-0.196,-57.262000000000015,-11.536000000000003,5.725999999999989
2026-07-27 12:16:07.605,0.97,0.12,-0.16,-9.7,0.79,-6.35,0.9700000000000001,0.11600000000000002,-0.18200000000000002,-47.89800000000001,-8.778000000000002,1.6599999999999888
2026-07-27 12:16:07.669,0.98,0.13,-0.16,0.73,4.33,-7.69,0.9780000000000001,0.10600000000000001,-0.168,-34.99600000000001,-6.178000000000003,-2.1240000000000117
2026-07-27 12:16:07.733,0.98,0.15,-0.12,11.84,2.62,-4.64,0.984,0.10800000000000001,-0.15,-18.92000000000001,-3.5660000000000025,-4.468000000000012
2026-07-27 12:16:07.796,0.98,0.18,-0.11,19.47,0.98,-2.93,0.982,0.13,-0.138,-3.7960000000000114,-0.7700000000000029,-4.9200000000000115
2026-07-27 12:16:07.859,0.97,0.2,-0.12,51.57,7.26,-10.5,0.9760000000000002,0.156,-0.134,14.781999999999988,3.195999999999997,-6.422000000000011
2026-07-27 12:16:07.914,0.98,0.18,-0.11,64.09,11.78,-14.95,0.9780000000000001,0.16799999999999998,-0.12400000000000003,29.539999999999985,5.393999999999997,-8.142000000000012
2026-07-27 12:16:07.915,0.97,0.17,-0.11,72.14,15.93,-16.85,0.976,0.176,-0.11400000000000002,43.82199999999999,7.713999999999997,-9.974000000000013
2026-07-27 12:16:07.970,0.97,0.19,-0.12,86.0,21.48,-20.75,0.9740000000000002,0.184,-0.11400000000000002,58.653999999999996,11.485999999999997,-13.196000000000012
2026-07-27 12:16:08.033,0.97,0.18,-0.2,107.24,29.3,-27.65,0.9720000000000001,0.184,-0.132,76.20799999999998,17.15,-18.14000000000001
2026-07-27 12:16:08.091,0.98,0.15,-0.22,99.73,27.95,-22.16,0.974,0.174,-0.152,85.83999999999999,21.287999999999993,-20.472000000000012
2026-07-27 12:16:08.160,0.95,0.26,-0.21,78.06,20.39,-13.37,0.968,0.19,-0.17200000000000001,88.63399999999999,23.009999999999998,-20.156000000000013
2026-07-27 12:16:08.208,0.95,0.26,-0.21,78.06,20.39,-13.37,0.9640000000000001,0.20800000000000002,-0.192,89.818,23.901999999999997,-19.460000000000015
2026-07-27 12:16:08.272,0.95,0.25,-0.21,48.58,8.73,-12.63,0.9600000000000002,0.22000000000000003,-0.21000000000000002,82.33399999999997,21.351999999999997,-17.836000000000013
2026-07-27 12:16:08.328,0.96,0.26,-0.22,39.18,4.52,-13.0,0.9580000000000002,0.23600000000000004,-0.21400000000000002,68.722,16.395999999999997,-14.906000000000011
2026-07-27 12:16:08.335,0.96,0.26,-0.22,39.18,4.52,-13.0,0.954,0.258,-0.21400000000000002,56.61199999999999,11.709999999999997,-13.074000000000012
2026-07-27 12:16:08.393,0.95,0.18,-0.21,14.71,2.5,-13.06,0.9540000000000001,0.24200000000000005,-0.21400000000000002,43.94199999999999,8.131999999999996,-13.012000000000011
2026-07-27 12:16:08.447,0.97,0.14,-0.18,1.1,2.62,-8.67,0.958,0.21800000000000003,-0.20800000000000002,28.54999999999999,4.577999999999998,-12.072000000000012
2026-07-27 12:16:08.509,0.96,0.23,-0.22,-13.92,7.57,-0.31,0.9600000000000002,0.21400000000000002,-0.21000000000000002,16.04999999999999,4.345999999999997,-9.608000000000011
2026-07-27 12:16:08.577,0.94,0.22,-0.18,-22.28,7.2,0.43,0.9560000000000001,0.20600000000000002,-0.202,3.7579999999999885,4.881999999999997,-6.922000000000011
2026-07-27 12:16:08.636,0.91,0.29,-0.18,-44.74,19.59,19.04,0.9460000000000001,0.21200000000000002,-0.194,-13.02600000000001,7.895999999999998,-0.5140000000000114
2026-07-27 12:16:08.700,0.89,0.41,-0.19,-64.58,21.0,30.64,0.9339999999999999,0.258,-0.19,-28.884000000000015,11.595999999999998,8.225999999999988
2026-07-27 12:16:08.748,0.99,0.36,0.01,-115.91,1.1,31.8,0.9380000000000001,0.30199999999999994,-0.152,-52.286000000000016,11.291999999999998,16.319999999999986
2026-07-27 12:16:08.811,1.03,0.28,0.07,-132.87,5.07,28.81,0.9520000000000002,0.312,-0.094,-76.07600000000001,10.791999999999998,22.143999999999988
2026-07-27 12:16:08.859,1.02,0.17,0.12,-116.39,8.36,14.04,0.9680000000000002,0.302,-0.033999999999999996,-94.89800000000001,11.023999999999997,24.86599999999999
2026-07-27 12:16:08.928,0.95,0.14,0.11,-105.29,-0.18,14.59,0.9760000000000002,0.27199999999999996,0.024,-107.00800000000001,7.069999999999998,23.97599999999999
2026-07-27 12:16:08.986,0.99,-0.0,0.07,-88.62,-13.79,30.15,0.9960000000000001,0.19,0.076,-111.816,0.11199999999999725,23.87799999999999
2026-07-27 12:16:09.050,1.02,-0.04,0.03,-75.32,-21.24,41.99,1.0020000000000002,0.11000000000000001,0.08,-103.69800000000001,-4.3560000000000025,25.91599999999999
2026-07-27 12:16:09.113,1.01,-0.0,0.02,-41.02,-22.52,47.73,0.998,0.054000000000000006,0.06999999999999999,-85.328,-9.874000000000002,29.69999999999999
2026-07-27 12:16:09.176,1.03,-0.0,0.11,24.11,3.23,34.0,1.0000000000000002,0.02,0.06799999999999999,-57.22800000000002,-10.900000000000002,33.69199999999999
2026-07-27 12:16:09.228,1.03,-0.04,0.11,17.03,6.16,32.29,1.016,-0.016,0.068,-32.76400000000001,-9.632000000000001,37.231999999999985
2026-07-27 12:16:09.289,1.04,-0.05,0.1,14.34,11.35,30.94,1.0260000000000002,-0.026000000000000002,0.074,-12.172000000000011,-4.604000000000002,37.389999999999986
2026-07-27 12:16:09.353,1.02,-0.02,0.1,21.24,19.17,27.77,1.0260000000000002,-0.022,0.088,7.139999999999988,3.477999999999998,34.545999999999985
2026-07-27 12:16:09.400,0.91,-0.0,0.12,10.31,20.81,21.85,1.0060000000000002,-0.022000000000000002,0.10800000000000001,17.405999999999988,12.143999999999997,29.369999999999987
2026-07-27 12:16:09.416,0.95,-0.04,0.12,-7.51,14.34,17.7,0.9900000000000002,-0.030000000000000006,0.11000000000000001,11.081999999999988,14.365999999999996,26.109999999999992
2026-07-27 12:16:09.464,0.99,-0.06,0.1,-17.27,10.93,9.22,0.982,-0.033999999999999996,0.10800000000000001,4.221999999999989,15.319999999999999,21.495999999999988
2026-07-27 12:16:09.528,0.92,-0.12,0.07,-17.76,11.11,-6.04,0.9580000000000002,-0.048,0.10200000000000001,-2.198000000000012,15.271999999999997,14.099999999999989
2026-07-27 12:16:09.591,0.92,-0.13,0.07,-14.95,9.34,-11.84,0.9380000000000001,-0.06999999999999999,0.096,-9.436000000000012,13.305999999999997,6.177999999999988
2026-07-27 12:16:09.654,0.94,-0.12,0.08,4.82,-5.74,-28.26,0.9440000000000002,-0.094,0.088,-10.534000000000011,7.995999999999997,-3.844000000000012
2026-07-27 12:16:09.702,0.98,-0.05,0.09,14.83,-18.13,-37.17,0.9500000000000002,-0.096,0.082,-6.066000000000011,1.5019999999999967,-14.818000000000012
2026-07-27 12:16:09.765,0.97,0.02,0.1,26.61,-23.32,-41.56,0.9460000000000001,-0.08,0.082,2.709999999999989,-5.348000000000003,-24.97400000000001
2026-07-27 12:16:09.829,1.0,0.16,0.05,27.1,-22.34,-41.69,0.9620000000000001,-0.024000000000000004,0.078,11.68199999999999,-12.038000000000002,-32.10400000000001
2026-07-27 12:16:09.893,1.06,0.24,0.02,7.08,-23.5,-38.57,0.9900000000000002,0.05,0.068,16.087999999999987,-18.606,-37.45000000000001
2026-07-27 12:16:09.956,1.07,0.28,0.03,12.33,-19.41,-35.16,1.016,0.13,0.057999999999999996,17.58999999999999,-21.340000000000003,-38.83000000000001
2026-07-27 12:16:10.077,1.0,0.12,0.0,-1.04,-7.75,-24.84,1.02,0.164,0.04,14.415999999999991,-19.264000000000003,-36.36400000000001
2026-07-27 12:16:10.132,1.0,0.12,0.0,-1.04,-7.75,-24.84,1.0260000000000002,0.184,0.02,8.885999999999989,-16.150000000000006,-33.02000000000001
2026-07-27 12:16:10.133,0.96,-0.0,0.01,-15.14,-6.59,-19.59,1.0180000000000002,0.152,0.012,0.4379999999999885,-13.000000000000004,-28.600000000000012
2026-07-27 12:16:10.134,0.96,-0.0,0.01,-15.14,-6.59,-19.59,0.998,0.10400000000000001,0.009999999999999998,-4.006000000000012,-9.618000000000004,-24.804000000000013
2026-07-27 12:16:10.141,0.97,-0.03,0.0,-13.31,-6.29,-15.44,0.9780000000000001,0.041999999999999996,0.004,-9.134000000000011,-6.994000000000002,-20.860000000000014
2026-07-27 12:16:10.142,1.0,0.04,-0.03,-0.12,-6.84,-9.46,0.9780000000000001,0.026000000000000002,-0.0019999999999999996,-8.950000000000012,-6.812000000000003,-17.784000000000013
2026-07-27 12:16:10.193,1.0,0.13,-0.06,9.46,-7.32,-1.46,0.9780000000000001,0.028000000000000004,-0.013999999999999999,-6.850000000000011,-6.7260000000000035,-13.108000000000013
2026-07-27 12:16:10.194,0.98,0.14,-0.05,5.92,-4.64,4.82,0.982,0.05600000000000001,-0.026000000000000002,-2.6380000000000114,-6.336000000000003,-8.22600000000001
2026-07-27 12:16:10.261,0.97,0.13,-0.04,7.51,-2.87,6.41,0.984,0.082,-0.036,1.8919999999999888,-5.592000000000003,-3.0260000000000113
2026-07-27 12:16:10.282,0.97,0.13,-0.04,7.51,-2.87,6.41,0.984,0.11400000000000002,-0.044,6.0559999999999885,-4.908000000000003,1.3439999999999885
2026-07-27 12:16:10.305,0.98,0.15,-0.05,25.33,-5.25,3.97,0.9800000000000001,0.136,-0.048,11.145999999999988,-4.590000000000003,4.029999999999989
2026-07-27 12:16:10.377,0.99,0.13,-0.07,36.68,-2.56,0.31,0.9780000000000001,0.136,-0.05,16.589999999999986,-3.638000000000003,4.383999999999989
2026-07-27 12:16:10.432,0.98,0.17,-0.09,26.55,1.65,1.65,0.9780000000000001,0.142,-0.05800000000000001,20.715999999999987,-2.380000000000003,3.7499999999999885
2026-07-27 12:16:10.490,0.95,0.16,-0.09,14.83,0.06,2.93,0.9740000000000002,0.148,-0.06799999999999999,22.179999999999986,-1.794000000000003,3.0539999999999887
2026-07-27 12:16:10.496,0.97,0.09,-0.07,7.63,-1.46,4.64,0.974,0.13999999999999999,-0.074,22.203999999999986,-1.512000000000003,2.6999999999999886
2026-07-27 12:16:10.543,0.97,0.09,-0.07,7.63,-1.46,4.64,0.9720000000000001,0.128,-0.078,18.663999999999987,-0.7540000000000029,2.833999999999988
2026-07-27 12:16:10.606,1.01,0.09,-0.05,17.46,-4.21,6.77,0.976,0.12,-0.074,14.819999999999988,-1.0840000000000027,4.125999999999989
2026-07-27 12:16:10.670,1.0,0.11,-0.05,34.48,-4.21,0.67,0.9800000000000001,0.10800000000000001,-0.066,16.405999999999988,-2.256000000000003,3.929999999999988
2026-07-27 12:16:10.735,0.99,0.06,-0.08,40.53,2.5,-7.39,0.9880000000000001,0.088,-0.06400000000000002,21.54599999999999,-1.768000000000003,1.8659999999999886
2026-07-27 12:16:10.791,0.98,0.13,-0.11,58.11,9.09,-5.0,0.9900000000000002,0.096,-0.07200000000000001,31.641999999999985,0.341999999999997,-0.06200000000001164
2026-07-27 12:16:10.844,0.98,0.14,-0.13,62.56,12.02,-4.46,0.9920000000000002,0.10600000000000001,-0.084,42.627999999999986,3.0379999999999967,-1.8820000000000114
2026-07-27 12:16:10.907,0.99,0.13,-0.11,56.88,11.66,-2.75,0.9880000000000001,0.11400000000000002,-0.096,50.511999999999986,6.211999999999997,-3.786000000000011
2026-07-27 12:16:10.988,0.99,0.09,-0.08,47.24,6.77,0.24,0.9860000000000001,0.11000000000000001,-0.10200000000000001,53.063999999999986,8.407999999999996,-3.872000000000012
2026-07-27 12:16:11.035,0.99,0.07,-0.1,53.16,4.82,-2.26,0.9860000000000001,0.11200000000000002,-0.10600000000000001,55.58999999999999,8.871999999999996,-2.8460000000000116
2026-07-27 12:16:11.093,0.97,0.15,-0.13,60.36,3.91,-9.52,0.984,0.11600000000000002,-0.11000000000000001,56.039999999999985,7.835999999999997,-3.7500000000000115
2026-07-27 12:16:11.146,0.99,0.18,-0.16,36.99,5.68,-13.85,0.9860000000000001,0.124,-0.11600000000000002,50.92599999999999,6.567999999999996,-5.628000000000012
2026-07-27 12:16:11.209,0.98,0.15,-0.17,24.84,8.42,-17.88,0.984,0.128,-0.128,44.51799999999999,5.919999999999997,-8.65400000000001
2026-07-27 12:16:11.284,0.99,0.09,-0.13,17.76,5.43,-20.75,0.984,0.128,-0.138,38.62199999999999,5.651999999999997,-12.85200000000001
2026-07-27 12:16:11.336,0.99,0.06,-0.14,21.36,6.9,-19.35,0.984,0.12599999999999997,-0.146,32.261999999999986,6.067999999999996,-16.27000000000001
2026-07-27 12:16:11.351,1.01,0.02,-0.16,28.2,13.24,-17.4,0.9920000000000002,0.1,-0.152,25.82999999999999,7.9339999999999975,-17.84600000000001
2026-07-27 12:16:11.394,1.01,0.02,-0.16,28.2,13.24,-17.4,0.9960000000000001,0.06799999999999999,-0.15200000000000002,24.071999999999985,9.445999999999998,-18.55600000000001
2026-07-27 12:16:11.446,0.97,0.02,-0.11,65.06,26.12,-10.68,0.9940000000000001,0.041999999999999996,-0.14,32.115999999999985,12.985999999999995,-17.116000000000014
2026-07-27 12:16:11.515,0.97,0.04,-0.04,81.3,23.8,2.93,0.99,0.032,-0.12200000000000003,44.82399999999999,16.659999999999997,-12.380000000000013
2026-07-27 12:16:11.572,1.03,0.0,-0.06,91.86,33.63,0.37,0.998,0.02,-0.10600000000000001,58.92399999999999,22.005999999999997,-8.43600000000001
2026-07-27 12:16:11.636,1.02,0.22,0.0,103.88,54.32,2.99,1.0,0.06,-0.074,74.05999999999999,30.221999999999998,-4.358000000000011
2026-07-27 12:16:11.701,0.94,0.3,0.08,77.21,64.51,12.15,0.9860000000000001,0.11600000000000002,-0.026000000000000002,83.862,40.476,1.551999999999989
2026-07-27 12:16:11.706,0.94,0.3,0.08,77.21,64.51,12.15,0.9800000000000001,0.172,0.012,86.29199999999997,48.153999999999996,6.11799999999999
2026-07-27 12:16:11.747,1.04,0.17,0.06,20.39,58.17,42.36,0.9940000000000001,0.198,0.032,74.10999999999999,55.028,14.00399999999999
2026-07-27 12:16:11.810,1.09,0.17,0.03,42.42,35.1,45.35,1.006,0.23200000000000004,0.05,64.22199999999998,55.322,22.99999999999999
2026-07-27 12:16:11.877,1.03,0.16,0.02,105.29,-8.54,41.38,1.008,0.22000000000000003,0.054000000000000006,64.50399999999999,42.75,30.67799999999999
2026-07-27 12:16:11.928,1.01,0.11,0.08,72.45,-8.24,66.71,1.022,0.182,0.054000000000000006,63.551999999999985,28.2,41.58999999999999
2026-07-27 12:16:12.048,0.97,0.06,0.13,66.77,0.31,64.64,1.028,0.13400000000000004,0.06399999999999999,61.463999999999984,15.36,52.08799999999999
2026-07-27 12:16:12.175,0.95,-0.08,0.22,85.02,13.49,-11.84,1.0100000000000002,0.08400000000000002,0.096,74.38999999999999,6.424000000000001,41.24799999999999
2026-07-27 12:16:12.239,1.07,0.19,-0.05,27.28,-34.42,-24.96,1.006,0.08800000000000001,0.08,71.362,-7.4799999999999995,27.185999999999986
2026-07-27 12:16:12.287,1.07,0.18,-0.17,25.94,-43.27,-41.87,1.014,0.092,0.041999999999999996,55.49199999999998,-14.425999999999998,10.535999999999984
2026-07-27 12:16:12.350,0.91,0.16,-0.19,76.05,-8.91,-40.83,0.9940000000000001,0.10200000000000001,-0.01200000000000001,56.21199999999999,-14.559999999999999,-10.972000000000012
2026-07-27 12:16:12.414,0.94,0.28,-0.07,83.13,-21.79,-26.18,0.9880000000000001,0.146,-0.05200000000000001,59.483999999999995,-18.98,-29.136000000000013
2026-07-27 12:16:12.462,0.96,0.21,-0.04,54.69,-24.9,-21.73,0.99,0.20400000000000001,-0.10400000000000002,53.417999999999985,-26.657999999999998,-31.11400000000001
2026-07-27 12:16:12.528,0.99,0.01,-0.04,27.95,-19.17,-14.4,0.974,0.168,-0.10200000000000001,53.551999999999985,-23.608,-29.00200000000001
2026-07-27 12:16:12.588,0.97,0.1,-0.06,34.36,-18.31,-10.31,0.9540000000000001,0.15200000000000002,-0.08000000000000002,55.23599999999999,-18.616,-22.690000000000012
2026-07-27 12:16:12.710,0.96,0.15,-0.08,33.45,-21.06,-5.86,0.9640000000000001,0.15,-0.05800000000000001,46.71599999999999,-21.046,-15.696000000000012
2026-07-27 12:16:12.716,1.0,0.11,-0.06,20.2,-32.23,0.73,0.9760000000000002,0.11600000000000002,-0.05600000000000001,34.12999999999998,-23.133999999999997,-10.31400000000001
2026-07-27 12:16:12.779,1.15,0.06,-0.16,6.41,-20.87,17.27,1.014,0.08600000000000001,-0.08,24.473999999999986,-22.328,-2.5140000000000113
2026-07-27 12:16:12.828,1.13,0.31,-0.06,-0.61,-8.61,22.22,1.042,0.146,-0.084,18.761999999999986,-20.216,4.809999999999988
2026-07-27 12:16:12.891,0.84,0.44,-0.03,-92.16,70.62,18.55,1.016,0.21400000000000002,-0.07800000000000001,-6.542000000000013,-2.4299999999999984,10.581999999999988
2026-07-27 12:16:12.960,0.96,0.34,-0.03,-165.04,96.19,27.22,1.016,0.252,-0.06800000000000002,-46.24000000000001,21.020000000000003,17.197999999999986
2026-07-27 12:16:13.024,0.96,0.34,-0.03,-191.35,90.21,45.29,1.008,0.298,-0.06200000000000001,-88.55000000000001,45.508,26.109999999999992
2026-07-27 12:16:13.066,1.06,0.11,0.1,-102.36,55.36,59.02,0.99,0.30800000000000005,-0.010000000000000009,-110.30400000000002,60.754,34.459999999999994
2026-07-27 12:16:13.133,0.87,-0.1,0.21,-45.78,38.94,46.39,0.9380000000000001,0.22600000000000003,0.04399999999999999,-119.33800000000001,70.26400000000001,39.29399999999999
2026-07-27 12:16:13.193,0.76,-0.11,0.24,-22.09,29.91,35.16,0.922,0.11600000000000003,0.09799999999999999,-105.32400000000003,62.122,42.615999999999985
2026-07-27 12:16:13.321,0.66,-0.07,0.3,24.78,5.19,-24.11,0.8620000000000001,0.034000000000000016,0.16399999999999998,-67.36000000000001,43.922,32.34999999999999
2026-07-27 12:16:13.336,0.92,-0.16,0.41,37.29,-26.43,-56.82,0.8540000000000001,-0.06599999999999999,0.25199999999999995,-21.632000000000016,20.593999999999998,11.927999999999988
2026-07-27 12:16:13.368,1.33,-0.05,0.33,-0.06,-68.05,-28.2,0.9080000000000001,-0.09799999999999999,0.29799999999999993,-1.1720000000000164,-4.087999999999999,-5.516000000000012
2026-07-27 12:16:13.432,0.85,0.32,0.1,-12.7,-32.59,0.24,0.9040000000000001,-0.01399999999999999,0.27599999999999997,5.443999999999983,-18.394,-14.746000000000013
2026-07-27 12:16:13.495,0.85,0.3,-0.29,-37.11,-50.48,-38.39,0.922,0.06800000000000002,0.16999999999999998,2.4399999999999835,-34.471999999999994,-29.45600000000001
2026-07-27 12:16:13.553,1.08,0.1,-0.22,-79.16,-64.21,-54.38,1.006,0.10200000000000001,0.06599999999999999,-18.348000000000017,-48.352,-35.51000000000001
2026-07-27 12:16:13.606,1.01,-0.04,-0.1,-1.77,-12.21,-38.39,1.0240000000000002,0.12600000000000003,-0.03600000000000001,-26.160000000000018,-45.507999999999996,-31.824000000000012
2026-07-27 12:16:13.677,0.93,0.16,-0.09,89.05,4.09,-20.32,0.9440000000000002,0.16799999999999998,-0.12,-8.338000000000017,-31.080000000000002,-30.248000000000008
2026-07-27 12:16:13.685,0.9,0.21,-0.07,23.62,-26.18,3.66,0.9540000000000001,0.146,-0.15400000000000003,-1.0740000000000158,-29.798000000000002,-29.56400000000001
2026-07-27 12:16:13.733,0.93,0.08,-0.08,23.62,-26.18,3.66,0.9700000000000001,0.10200000000000001,-0.11200000000000002,11.071999999999985,-24.938000000000002,-21.15400000000001
2026-07-27 12:16:13.794,1.0,0.05,-0.08,-3.97,-35.1,5.37,0.9540000000000003,0.09200000000000001,-0.08400000000000002,26.109999999999985,-19.116,-9.204000000000011
2026-07-27 12:16:13.797,1.06,0.1,-0.03,13.98,-43.58,-1.04,0.9640000000000001,0.12,-0.07000000000000002,29.259999999999984,-25.39,-1.73400000000001
2026-07-27 12:16:13.845,1.08,0.05,0.01,21.61,-41.93,-8.67,0.9940000000000001,0.09800000000000002,-0.050000000000000024,15.771999999999986,-34.594,0.5959999999999901
2026-07-27 12:16:13.909,1.11,-0.14,-0.15,-3.78,2.81,-5.92,1.036,0.028000000000000014,-0.06600000000000002,10.291999999999984,-28.796,-1.3200000000000098
2026-07-27 12:16:13.973,1.19,0.08,-0.13,13.92,13.79,2.56,1.088,0.028000000000000014,-0.076,8.351999999999984,-20.802,-1.5400000000000098
2026-07-27 12:16:14.036,1.06,0.43,-0.04,-21.42,57.86,22.89,1.1,0.10400000000000001,-0.06800000000000002,4.861999999999983,-2.2099999999999995,1.9639999999999902
2026-07-27 12:16:14.052,0.85,0.55,-0.1,-21.42,57.86,22.89,1.0580000000000003,0.194,-0.082,-2.218000000000017,18.078,6.74999999999999
2026-07-27 12:16:14.091,0.88,0.38,-0.16,-126.34,80.38,38.57,1.0180000000000002,0.26,-0.11600000000000002,-31.808000000000014,42.54,16.19799999999999
2026-07-27 12:16:14.147,1.09,0.14,-0.02,-194.76,70.07,58.41,1.014,0.316,-0.09000000000000001,-70.00400000000002,55.992,29.063999999999986
2026-07-27 12:16:14.217,1.12,0.12,0.13,-92.65,42.91,72.94,1.0,0.324,-0.038000000000000006,-91.31800000000001,61.81600000000001,43.139999999999986
2026-07-27 12:16:14.220,1.0,0.11,0.09,-41.44,41.69,66.28,0.9880000000000002,0.26,-0.01200000000000001,-95.32200000000002,58.581999999999994,51.818
2026-07-27 12:16:14.337,1.0,0.11,0.09,-41.44,41.69,66.28,1.018,0.172,0.02599999999999999,-99.32600000000001,55.348,60.495999999999995
2026-07-27 12:16:14.371,0.88,0.05,0.08,-13.55,41.56,56.64,1.0180000000000002,0.10600000000000001,0.07399999999999998,-76.76800000000001,47.583999999999996,64.10999999999999
2026-07-27 12:16:14.377,0.62,0.04,0.2,16.11,28.32,8.42,0.9240000000000002,0.086,0.118,-34.594000000000015,39.233999999999995,54.11199999999999
2026-07-27 12:16:14.397,0.68,-0.04,0.23,17.03,4.39,-35.46,0.8360000000000001,0.054000000000000006,0.13799999999999998,-12.658000000000015,31.53,32.431999999999995
2026-07-27 12:16:14.561,0.94,-0.21,0.28,20.2,-24.35,-72.45,0.8240000000000001,-0.009999999999999998,0.176,-0.3300000000000168,18.322,4.68599999999999
2026-07-27 12:16:14.627,1.25,0.18,0.23,-36.8,-38.94,7.51,0.8740000000000002,0.003999999999999998,0.20400000000000001,0.5979999999999833,2.1960000000000006,-7.06800000000001
2026-07-27 12:16:14.698,1.02,0.4,-0.0,-21.24,-16.3,-2.38,0.9020000000000001,0.074,0.188,-0.9400000000000162,-9.376,-18.872000000000007
2026-07-27 12:16:14.752,0.78,0.22,-0.31,-26.37,-12.27,-43.88,0.9340000000000002,0.11000000000000001,0.08600000000000001,-9.436000000000016,-17.494,-29.33200000000001
2026-07-27 12:16:14.813,0.98,0.21,-0.04,23.74,-21.85,-23.8,0.9940000000000001,0.16,0.031999999999999994,-8.094000000000017,-22.741999999999997,-27.00000000000001
2026-07-27 12:16:14.863,0.92,0.33,-0.15,37.48,0.06,-7.45,0.9900000000000002,0.268,-0.054000000000000006,-4.638000000000018,-17.86,-14.00000000000001
2026-07-27 12:16:14.927,1.0,0.04,-0.05,-66.53,-34.61,7.51,0.9400000000000001,0.24000000000000005,-0.11000000000000001,-10.58400000000002,-16.994,-14.00000000000001
2026-07-27 12:16:15.006,1.0,0.04,-0.0,-50.11,-37.72,0.31,0.9360000000000002,0.16799999999999998,-0.11000000000000001,-16.35800000000002,-21.278,-13.462000000000009
2026-07-27 12:16:15.049,1.0,-0.03,-0.01,-24.23,-31.13,-11.41,0.9800000000000001,0.118,-0.050000000000000024,-15.930000000000017,-25.05,-6.968000000000011
2026-07-27 12:16:15.102,1.0,0.01,-0.18,-33.94,-2.93,-13.67,0.9840000000000002,0.07799999999999999,-0.07800000000000001,-27.46600000000002,-21.266,-4.94200000000001
2026-07-27 12:16:15.165,1.05,0.19,-0.14,-19.29,-6.53,-5.0,1.0100000000000002,0.04999999999999999,-0.07600000000000003,-38.820000000000014,-22.584,-4.452000000000011
2026-07-27 12:16:15.229,1.06,0.33,0.06,-58.53,10.86,29.66,1.0220000000000002,0.10799999999999998,-0.05400000000000003,-37.22000000000001,-13.49,-0.022000000000009835
2026-07-27 12:16:15.428,0.97,0.3,0.07,-152.04,51.76,38.76,1.0160000000000002,0.16,-0.04000000000000002,-57.606000000000016,4.406000000000001,7.6679999999999895
2026-07-27 12:16:15.468,0.95,0.15,0.1,12.88,29.11,14.59,1.006,0.196,-0.018000000000000016,-50.18400000000002,16.454,12.86799999999999
2026-07-27 12:16:15.543,0.9,0.12,0.09,16.6,19.29,24.96,0.9860000000000001,0.21800000000000003,0.03599999999999998,-40.07600000000001,20.898000000000003,20.593999999999987
2026-07-27 12:16:15.596,0.96,0.05,0.13,26.31,5.74,35.71,0.968,0.19,0.09,-30.956000000000017,23.352,28.73599999999999
2026-07-27 12:16:15.612,0.95,0.04,0.19,51.09,4.52,26.18,0.9460000000000001,0.132,0.11599999999999996,-9.032000000000014,22.084,28.039999999999992
2026-07-27 12:16:15.643,0.96,-0.02,0.22,61.71,-1.95,11.96,0.9440000000000002,0.06799999999999999,0.146,33.71799999999998,11.342,22.679999999999993
2026-07-27 12:16:15.715,0.96,0.03,0.18,56.95,-7.57,0.24,0.9460000000000001,0.044,0.16199999999999998,42.53199999999999,4.005999999999999,19.80999999999999
2026-07-27 12:16:15.756,0.91,0.2,0.12,63.84,-6.77,-1.89,0.9480000000000001,0.06000000000000001,0.16799999999999998,51.97999999999998,-1.206,14.439999999999989
2026-07-27 12:16:15.827,0.92,0.28,0.15,85.51,-4.39,2.44,0.9400000000000001,0.10600000000000001,0.172,63.81999999999998,-3.232,7.785999999999992
2026-07-27 12:16:15.895,0.92,0.28,0.15,85.51,-4.39,2.44,0.9340000000000002,0.154,0.16399999999999998,70.70399999999998,-5.014,3.037999999999992
2026-07-27 12:16:15.899,0.97,0.23,0.2,94.24,-3.23,3.23,0.9360000000000002,0.20400000000000001,0.15999999999999998,77.21,-5.27,1.2919999999999914
2026-07-27 12:16:15.953,1.11,-0.09,0.26,76.6,-10.56,-22.4,0.9660000000000002,0.18000000000000002,0.176,81.13999999999999,-5.868,-3.2360000000000086
2026-07-27 12:16:15.955,1.17,-0.38,0.29,36.62,-23.19,-18.07,1.0180000000000002,0.06400000000000003,0.20999999999999996,75.69599999999998,-9.152000000000001,-6.472000000000008
2026-07-27 12:16:16.024,0.99,-0.16,0.23,8.3,-31.49,-2.93,1.032,-0.023999999999999983,0.22599999999999998,60.253999999999984,-14.572,-7.546000000000008
2026-07-27 12:16:16.059,0.89,0.16,0.1,55.05,-16.78,-3.05,1.0260000000000002,-0.04799999999999998,0.21600000000000003,54.16199999999999,-17.05,-8.644000000000009
2026-07-27 12:16:16.186,1.01,-0.02,0.09,137.33,9.28,-27.65,1.034,-0.09799999999999999,0.19399999999999998,62.77999999999999,-14.547999999999998,-14.820000000000007
2026-07-27 12:16:16.197,1.01,-0.02,0.09,137.33,9.28,-27.65,1.014,-0.08399999999999998,0.15999999999999998,74.92599999999999,-10.580000000000002,-15.870000000000008
2026-07-27 12:16:16.202,0.99,0.11,-0.05,109.25,10.86,-18.31,0.9780000000000001,0.014000000000000023,0.09199999999999997,89.45199999999998,-3.7700000000000005,-15.918000000000006
2026-07-27 12:16:16.249,0.97,0.16,-0.04,87.52,3.54,-19.04,0.974,0.07800000000000003,0.03799999999999998,105.29599999999998,3.2359999999999993,-19.140000000000008
2026-07-27 12:16:16.313,0.95,0.14,-0.01,63.72,-2.26,-19.9,0.986,0.07400000000000002,0.015999999999999976,107.03,6.139999999999999,-22.51000000000001
2026-07-27 12:16:16.360,0.98,0.09,0.02,50.9,-5.25,-16.42,0.9800000000000001,0.09600000000000003,0.0019999999999999766,89.74399999999999,3.2340000000000004,-20.26400000000001
2026-07-27 12:16:16.428,1.01,0.05,0.04,42.72,-6.47,-10.62,0.9800000000000001,0.11000000000000003,-0.008000000000000023,70.82199999999997,0.08399999999999999,-16.858000000000008
2026-07-27 12:16:16.487,0.96,0.18,-0.01,37.05,5.8,0.92,0.974,0.12400000000000003,-2.185751579730777e-17,56.381999999999984,-0.9279999999999999,-13.01200000000001
2026-07-27 12:16:16.551,0.95,0.25,-0.07,29.72,8.36,4.88,0.9700000000000001,0.14200000000000002,-0.0060000000000000235,44.82199999999999,0.03599999999999994,-8.228000000000009
2026-07-27 12:16:16.614,0.97,0.14,-0.03,21.79,-9.4,4.58,0.974,0.14200000000000002,-0.010000000000000023,36.435999999999986,-1.3920000000000001,-3.3320000000000087
2026-07-27 12:16:16.678,0.98,0.06,0.01,28.26,-13.92,4.09,0.974,0.13600000000000004,-0.012000000000000023,31.90799999999998,-3.1260000000000003,0.7699999999999916
2026-07-27 12:16:16.851,0.98,0.08,-0.03,43.09,-12.27,8.73,0.9680000000000002,0.14200000000000002,-0.026000000000000023,31.98199999999998,-4.286,4.639999999999992
2026-07-27 12:16:17.200,0.97,0.13,-0.08,52.12,-17.46,-2.5,0.9700000000000001,0.13200000000000003,-0.04000000000000002,34.99599999999998,-8.937999999999999,3.9559999999999915
2026-07-27 12:16:17.216,1.05,-0.06,-0.03,34.42,-11.23,-3.72,0.99,0.07000000000000003,-0.03200000000000002,35.935999999999986,-12.856,2.2359999999999918
2026-07-27 12:16:17.228,0.95,0.27,-0.03,-89.42,59.33,29.85,0.9860000000000001,0.09600000000000003,-0.03200000000000002,13.693999999999983,0.8899999999999991,7.289999999999992
2026-07-27 12:16:17.339,1.12,0.13,0.09,-100.28,83.31,79.83,1.014,0.11000000000000003,-0.016000000000000025,-12.014000000000019,20.336000000000002,22.43799999999999
2026-07-27 12:16:17.343,1.0,0.08,0.22,-27.95,45.96,65.25,1.0180000000000002,0.11000000000000003,0.033999999999999975,-26.22200000000002,31.982,33.74199999999999
2026-07-27 12:16:17.391,0.89,0.05,0.22,-15.69,31.25,49.62,1.0020000000000002,0.09400000000000003,0.09399999999999997,-39.78400000000002,41.724000000000004,44.16599999999999
2026-07-27 12:16:17.454,0.81,0.04,0.22,-10.8,29.85,27.83,0.9540000000000001,0.11400000000000003,0.14399999999999996,-48.82800000000002,49.94,50.475999999999985
2026-07-27 12:16:17.501,0.74,-0.03,0.17,-1.65,18.55,-38.45,0.9120000000000001,0.05400000000000003,0.184,-31.27400000000002,41.784000000000006,36.81599999999999
2026-07-27 12:16:17.581,0.81,-0.14,0.22,-6.65,-15.14,-66.77,0.8500000000000002,2.2204460492503132e-17,0.20999999999999996,-12.54800000000002,22.094,7.49599999999999
2026-07-27 12:16:17.591,0.96,-0.32,0.31,-37.23,-63.29,-71.59,0.8420000000000002,-0.07999999999999999,0.22799999999999998,-14.40400000000002,0.24400000000000546,-19.87200000000001
2026-07-27 12:16:17.628,0.99,-0.41,0.31,-68.3,-88.07,-46.33,0.8620000000000001,-0.172,0.246,-24.926000000000023,-23.619999999999994,-39.06200000000001
2026-07-27 12:16:17.691,1.03,-0.16,0.23,-77.58,-80.44,-16.48,0.906,-0.21199999999999997,0.248,-38.282000000000025,-45.67799999999999,-47.924000000000014
2026-07-27 12:16:17.803,1.14,0.48,-0.06,-26.79,-55.42,-28.08,0.9860000000000001,-0.10999999999999999,0.202,-43.31000000000002,-60.471999999999994,-45.85000000000001
2026-07-27 12:16:17.818,0.86,0.48,-0.23,-6.96,-25.15,-33.75,0.9959999999999999,0.014000000000000012,0.11199999999999996,-43.37200000000002,-62.474000000000004,-39.246000000000016
2026-07-27 12:16:17.866,1.01,0.05,-0.21,-92.35,-15.75,-21.85,1.0059999999999998,0.08800000000000001,0.00799999999999998,-54.39600000000003,-52.965999999999994,-29.298000000000012
2026-07-27 12:16:17.930,1.01,0.07,-0.1,-106.69,-14.65,-6.59,1.0100000000000002,0.18400000000000002,-0.07400000000000002,-62.07400000000003,-38.282,-21.350000000000012
2026-07-27 12:16:17.993,1.0,0.09,-0.17,-99.12,2.26,3.66,1.004,0.23399999999999999,-0.15400000000000003,-66.38200000000002,-21.741999999999997,-17.32200000000001
2026-07-27 12:16:18.057,0.99,-0.03,-0.09,-131.71,-13.67,5.86,0.9740000000000002,0.132,-0.16,-87.36600000000001,-13.391999999999992,-10.534000000000011
2026-07-27 12:16:18.104,1.0,-0.08,-0.02,-123.66,-16.66,6.71,1.002,0.02000000000000001,-0.11800000000000002,-110.70600000000002,-11.693999999999994,-2.4420000000000117
2026-07-27 12:16:18.184,1.0,-0.04,-0.05,-99.18,-13.61,-0.18,1.0,0.0020000000000000113,-0.08600000000000003,-112.07200000000003,-11.265999999999995,1.8919999999999888
2026-07-27 12:16:18.232,1.02,-0.06,-0.0,-57.19,-34.55,-18.86,1.0020000000000002,-0.023999999999999987,-0.06600000000000002,-102.17200000000003,-15.245999999999992,-0.5620000000000112
2026-07-27 12:16:18.353,1.07,-0.13,0.04,-33.08,-44.43,-21.3,1.0160000000000002,-0.06799999999999999,-0.024000000000000014,-88.96400000000003,-24.583999999999993,-5.554000000000011
2026-07-27 12:16:18.414,1.05,0.29,0.02,-56.09,12.57,27.34,1.028,-0.003999999999999981,-0.002000000000000018,-73.84000000000002,-19.335999999999995,-1.258000000000012
2026-07-27 12:16:18.469,1.05,0.29,0.02,-56.09,12.57,27.34,1.038,0.07,0.005999999999999983,-60.32600000000002,-13.489999999999995,2.867999999999989
2026-07-27 12:16:18.659,1.15,0.14,0.02,-173.65,54.38,52.0,1.068,0.10600000000000001,0.019999999999999983,-75.22000000000003,0.10800000000000694,13.303999999999988
2026-07-27 12:16:18.707,0.94,-0.02,0.03,-48.52,37.29,51.88,1.052,0.11400000000000002,0.025999999999999985,-73.48600000000002,14.476000000000004,27.451999999999988
2026-07-27 12:16:18.777,0.78,-0.16,0.14,-24.35,35.77,23.5,0.9940000000000001,0.10800000000000001,0.045999999999999985,-71.74000000000004,30.51600000000001,36.41199999999999
2026-07-27 12:16:18.893,0.71,-0.15,0.2,-8.12,23.56,-5.62,0.9260000000000002,0.02000000000000001,0.08199999999999999,-62.14600000000003,32.71400000000001,29.819999999999986
2026-07-27 12:16:18.894,0.78,-0.18,0.22,9.4,0.67,-39.92,0.8720000000000001,-0.07399999999999998,0.12199999999999997,-49.04800000000003,30.334000000000003,16.367999999999988
2026-07-27 12:16:18.895,0.78,-0.18,0.22,9.4,0.67,-39.92,0.798,-0.13799999999999998,0.16199999999999998,-12.438000000000024,19.592000000000006,-2.016000000000011
2026-07-27 12:16:18.898,1.07,-0.27,0.29,10.31,-34.36,-63.96,0.8240000000000002,-0.188,0.21399999999999997,-0.6720000000000226,5.262000000000006,-25.18400000000001
2026-07-27 12:16:18.960,1.13,-0.01,0.25,-21.0,-36.13,-26.0,0.8940000000000001,-0.158,0.23599999999999993,-0.0020000000000223394,-9.117999999999995,-35.08400000000002
2026-07-27 12:16:19.008,0.85,0.29,0.1,-18.25,-14.65,-16.91,0.922,-0.07,0.21599999999999997,-2.0280000000000227,-16.759999999999998,-37.34200000000001
2026-07-27 12:16:19.071,0.86,0.19,-0.12,4.82,-5.8,-42.72,0.9380000000000001,0.003999999999999998,0.14799999999999996,-2.9440000000000226,-18.053999999999995,-37.90200000000001
2026-07-27 12:16:19.128,1.03,-0.14,-0.15,58.59,9.64,-64.15,0.9880000000000001,0.011999999999999993,0.07399999999999997,6.893999999999979,-16.259999999999998,-42.74800000000001
2026-07-27 12:16:19.135,1.03,-0.14,-0.15,58.59,9.64,-64.15,0.9800000000000001,0.03799999999999999,-0.014000000000000018,16.549999999999976,-7.459999999999994,-42.786000000000016
2026-07-27 12:16:19.150,0.99,-0.04,-0.04,98.51,36.13,-43.76,0.952,0.03199999999999999,-0.07200000000000001,40.451999999999984,6.992000000000006,-46.33800000000001
2026-07-27 12:16:19.309,0.99,-0.04,-0.04,98.51,36.13,-43.76,0.9800000000000001,-0.03400000000000001,-0.10000000000000002,63.80399999999999,17.148000000000007,-51.70800000000001
2026-07-27 12:16:19.609,0.94,0.1,-0.1,-58.59,-68.54,9.77,0.9960000000000001,-0.052000000000000005,-0.09600000000000002,51.12199999999998,4.600000000000003,-41.210000000000015
2026-07-27 12:16:19.625,1.1,0.14,-0.03,28.99,7.45,-3.6,1.0100000000000002,0.0040000000000000036,-0.07200000000000002,45.201999999999984,4.1620000000000035,-29.100000000000012
2026-07-27 12:16:19.628,0.97,0.1,-0.08,16.66,66.65,12.45,0.998,0.052000000000000005,-0.05800000000000003,36.81599999999998,15.564000000000004,-13.78000000000001
2026-07-27 12:16:19.673,1.01,-0.02,-0.2,17.4,71.66,31.25,1.002,0.05600000000000001,-0.09000000000000004,20.593999999999976,22.670000000000005,1.2219999999999884
2026-07-27 12:16:19.727,1.01,-0.02,-0.2,17.4,71.66,31.25,1.0060000000000002,0.06000000000000001,-0.12200000000000003,4.371999999999976,29.776000000000003,16.22399999999999
2026-07-27 12:16:19.793,1.1,-0.19,-0.21,28.63,53.16,49.32,1.038,0.0020000000000000018,-0.14400000000000004,21.815999999999974,54.11600000000001,24.13399999999999
2026-07-27 12:16:19.833,1.11,-0.16,-0.16,58.11,27.47,56.7,1.0400000000000003,-0.05800000000000001,-0.17,27.639999999999976,58.120000000000005,36.19399999999999
2026-07-27 12:16:19.979,0.93,0.1,-0.19,170.23,17.27,39.92,1.032,-0.057999999999999996,-0.19200000000000003,58.35399999999997,48.244,41.68799999999999
2026-07-27 12:16:20.028,0.93,0.1,-0.19,170.23,17.27,39.92,1.016,-0.034,-0.19,88.91999999999999,37.366,43.42199999999999
2026-07-27 12:16:20.034,0.92,0.09,-0.16,193.3,9.83,26.61,0.9980000000000002,-0.012,-0.18200000000000002,124.09999999999998,25.000000000000004,42.49399999999999
2026-07-27 12:16:20.150,0.96,0.29,-0.16,230.47,46.26,-45.23,0.9700000000000001,0.08399999999999999,-0.17200000000000004,164.468,23.62,23.583999999999993
2026-07-27 12:16:20.205,0.97,-0.09,-0.13,142.46,-2.5,-25.76,0.942,0.098,-0.16600000000000004,181.33799999999997,17.626,7.09199999999999
2026-07-27 12:16:20.214,1.0,0.19,-0.07,148.44,-24.6,-6.9,0.9560000000000002,0.11599999999999999,-0.14200000000000002,176.97999999999996,9.252000000000002,-2.272000000000011
2026-07-27 12:16:20.278,1.03,0.28,0.0,150.09,-16.91,-10.8,0.9760000000000002,0.152,-0.10400000000000002,172.952,2.4160000000000017,-12.416000000000011
2026-07-27 12:16:20.283,0.99,0.16,-0.03,139.65,11.47,-21.06,0.9900000000000002,0.16599999999999998,-0.07800000000000003,162.22199999999998,2.744000000000002,-21.95000000000001
2026-07-27 12:16:20.389,0.99,0.16,-0.03,139.65,11.47,-21.06,0.9960000000000001,0.13999999999999999,-0.052000000000000025,144.05799999999996,-4.213999999999999,-17.116000000000014
2026-07-27 12:16:20.505,0.98,0.06,-0.14,125.31,22.09,-18.19,0.9980000000000002,0.16999999999999998,-0.05400000000000003,140.628,0.7040000000000035,-15.602000000000013
2026-07-27 12:16:20.516,1.0,0.11,-0.13,34.06,-11.9,10.13,0.998,0.154,-0.06600000000000003,117.75199999999998,3.244000000000004,-12.19600000000001
2026-07-27 12:16:20.563,1.04,-0.04,-0.07,43.33,-26.79,-10.93,1.0,0.09,-0.08000000000000003,96.39999999999998,1.268000000000005,-12.222000000000012
2026-07-27 12:16:20.692,1.16,-0.12,0.01,57.8,-22.03,-9.52,1.034,0.03400000000000001,-0.07200000000000002,80.02999999999999,-5.431999999999997,-9.914000000000012
2026-07-27 12:16:20.694,1.13,-0.0,-0.04,66.16,-2.32,-0.31,1.062,0.0020000000000000018,-0.07400000000000002,65.33199999999997,-8.189999999999996,-5.764000000000012
2026-07-27 12:16:20.753,1.13,-0.0,-0.04,66.16,-2.32,-0.31,1.092,-0.009999999999999998,-0.05400000000000003,53.501999999999974,-13.071999999999997,-2.188000000000011
2026-07-27 12:16:20.870,0.91,0.16,-0.15,20.39,63.9,5.0,1.074,5.551115123125783e-18,-0.05800000000000003,50.76799999999997,2.0880000000000023,-3.2140000000000115
2026-07-27 12:16:21.006,1.31,0.11,-0.07,42.79,74.34,120.54,1.1280000000000001,0.030000000000000006,-0.05800000000000003,50.65999999999998,22.314000000000004,23.07999999999999
2026-07-27 12:16:21.007,1.09,-0.06,-0.05,106.45,104.55,103.21,1.114,0.042,-0.07000000000000003,60.38999999999997,47.63000000000001,45.62599999999999
2026-07-27 12:16:21.050,0.72,0.08,0.21,89.11,91.25,56.09,1.0320000000000003,0.05800000000000001,-0.020000000000000028,64.97999999999998,66.34400000000001,56.90599999999999
2026-07-27 12:16:21.232,0.6,0.04,0.3,69.4,60.0,26.98,0.9260000000000002,0.066,0.04799999999999997,65.62799999999999,78.808,62.36399999999999
2026-07-27 12:16:21.292,1.07,-0.15,0.39,-18.19,-83.68,-40.89,0.9580000000000002,0.0040000000000000036,0.15599999999999997,57.91199999999998,49.29200000000001,53.18599999999999
2026-07-27 12:16:21.474,1.07,-0.15,0.39,-18.19,-83.68,-40.89,0.9100000000000001,-0.048,0.24799999999999994,45.71599999999997,17.688000000000002,20.899999999999984
2026-07-27 12:16:21.601,1.28,0.1,0.3,-12.15,-79.83,-38.51,0.9480000000000001,-0.015999999999999993,0.31799999999999995,21.995999999999977,-19.187999999999995,-7.44400000000001
2026-07-27 12:16:21.708,1.14,0.21,0.06,-6.77,-56.95,-47.3,1.032,0.010000000000000004,0.288,2.819999999999978,-48.827999999999996,-28.122000000000014
2026-07-27 12:16:21.718,1.1,-0.14,-0.11,-8.12,-27.65,-78.25,1.1320000000000001,-0.025999999999999995,0.20599999999999996,-12.684000000000022,-66.358,-49.168000000000006
2026-07-27 12:16:21.834,0.91,0.09,-0.01,108.58,2.5,-14.83,1.1,0.022000000000000002,0.12599999999999997,12.669999999999977,-49.122,-43.95600000000001
2026-07-27 12:16:21.893,0.96,-0.01,0.01,71.47,-22.28,-2.5,1.078,0.05,0.049999999999999975,30.601999999999975,-36.84199999999999,-36.278000000000006
2026-07-27 12:16:21.956,0.99,0.01,0.01,43.15,-34.55,2.01,1.02,0.032,-0.008000000000000023,41.66199999999998,-27.785999999999994,-28.174000000000014
2026-07-27 12:16:21.989,1.06,-0.06,0.07,4.64,-11.23,-0.24,1.0040000000000002,-0.022,-0.006000000000000022,43.943999999999974,-18.641999999999992,-18.762000000000008
2026-07-27 12:16:22.009,0.87,0.39,-0.11,-80.32,30.52,29.48,0.958,0.084,-0.006000000000000019,29.503999999999973,-7.007999999999996,2.783999999999992
2026-07-27 12:16:22.084,1.05,0.17,-0.09,-148.5,41.26,48.89,0.9860000000000001,0.10000000000000002,-0.02200000000000002,-21.912000000000024,0.7440000000000054,15.527999999999992
2026-07-27 12:16:22.190,1.18,0.02,0.08,-95.09,64.15,82.58,1.03,0.10600000000000002,-0.008000000000000021,-55.224000000000025,18.03000000000001,32.544
2026-07-27 12:16:22.196,1.08,0.02,0.06,-12.76,77.58,77.15,1.048,0.10800000000000001,0.0019999999999999797,-66.40600000000002,40.456,47.57199999999999
2026-07-27 12:16:22.243,0.78,-0.0,0.12,60.42,63.72,59.45,0.992,0.12,0.011999999999999978,-55.25000000000002,55.446000000000005,59.50999999999999
2026-07-27 12:16:22.380,0.66,0.06,0.19,60.36,33.81,40.47,0.9500000000000002,0.054000000000000006,0.07199999999999998,-27.114000000000022,56.104000000000006,61.70799999999999
2026-07-27 12:16:22.381,0.62,0.06,0.27,44.13,-5.31,7.08,0.8640000000000001,0.032,0.144,11.411999999999978,46.790000000000006,53.34599999999999
2026-07-27 12:16:22.382,0.75,-0.07,0.34,15.69,-43.82,-31.07,0.7780000000000001,0.014000000000000002,0.19599999999999998,33.56799999999998,25.196000000000005,30.615999999999993
2026-07-27 12:16:22.492,0.75,-0.07,0.34,15.69,-43.82,-31.07,0.7120000000000001,-0.004000000000000002,0.252,39.257999999999974,0.9160000000000054,8.97199999999999
2026-07-27 12:16:22.495,1.0,-0.37,0.4,-4.52,-66.28,-54.02,0.756,-0.078,0.308,26.269999999999982,-25.083999999999996,-13.722000000000008
2026-07-27 12:16:22.497,1.18,-0.41,0.37,-9.4,-61.95,-42.24,0.8600000000000001,-0.172,0.344,12.317999999999977,-44.23599999999999,-30.26400000000001
2026-07-27 12:16:22.555,1.36,-0.04,0.19,-14.22,-52.19,-15.56,1.008,-0.192,0.32799999999999996,0.6479999999999769,-53.612,-34.792000000000016
2026-07-27 12:16:22.611,1.19,0.23,-0.01,-14.1,-42.48,-12.15,1.096,-0.13199999999999998,0.25799999999999995,-5.310000000000023,-53.343999999999994,-31.00800000000001
2026-07-27 12:16:22.670,1.05,-0.11,0.02,29.11,-29.48,-52.55,1.1560000000000001,-0.13999999999999999,0.194,-2.6260000000000234,-50.47599999999999,-35.30400000000001
2026-07-27 12:16:22.749,0.96,0.05,-0.01,76.6,0.55,-26.92,1.1480000000000001,-0.055999999999999994,0.11199999999999996,13.597999999999976,-37.11,-29.884000000000007
2026-07-27 12:16:22.752,0.96,0.05,-0.01,76.6,0.55,-26.92,1.104,0.036,0.035999999999999976,30.79799999999998,-24.609999999999992,-26.82000000000001
2026-07-27 12:16:22.753,0.93,0.19,-0.09,92.29,7.93,-4.46,1.018,0.082,-0.02000000000000002,52.09999999999998,-12.585999999999995,-24.60000000000001
2026-07-27 12:16:22.791,0.93,0.19,-0.09,92.29,7.93,-4.46,0.9660000000000002,0.074,-0.03600000000000002,73.37799999999999,-2.5039999999999947,-23.06200000000001
2026-07-27 12:16:22.854,0.94,-0.1,0.01,39.61,-18.98,-5.98,0.9440000000000002,0.076,-0.03800000000000002,75.47799999999998,-0.40399999999999425,-13.74800000000001
2026-07-27 12:16:22.855,0.98,-0.1,0.02,44.92,-23.8,-8.67,0.9480000000000001,0.046,-0.03200000000000002,69.14199999999997,-5.273999999999996,-10.09800000000001
2026-07-27 12:16:22.856,0.98,-0.1,0.02,44.92,-23.8,-8.67,0.9520000000000002,0.015999999999999997,-0.026000000000000023,62.80599999999998,-10.143999999999995,-6.448000000000009
2026-07-27 12:16:23.028,1.06,0.0,0.01,56.15,-26.79,-8.3,0.9780000000000001,-0.022000000000000002,-0.006000000000000022,55.577999999999975,-17.087999999999994,-7.216000000000008
2026-07-27 12:16:23.035,1.14,-0.04,0.01,40.1,-15.87,-4.33,1.02,-0.068,0.01399999999999998,45.13999999999997,-21.847999999999995,-7.190000000000009
2026-07-27 12:16:23.160,1.14,0.12,0.07,46.87,5.37,2.5,1.06,-0.024000000000000004,0.025999999999999978,46.59199999999998,-16.977999999999994,-5.494000000000009
2026-07-27 12:16:23.212,1.05,0.21,-0.06,-132.87,58.35,36.38,1.0740000000000003,0.03799999999999999,0.009999999999999981,11.033999999999981,-0.5479999999999947,3.515999999999992
2026-07-27 12:16:23.273,1.12,0.11,0.0,-117.0,73.36,81.24,1.1019999999999999,0.07999999999999999,0.005999999999999979,-21.350000000000023,18.884000000000007,21.49799999999999
2026-07-27 12:16:23.394,1.02,0.04,0.05,-80.93,78.98,83.62,1.094,0.088,0.01399999999999998,-48.76600000000003,40.03800000000001,39.88199999999999
2026-07-27 12:16:23.399,0.64,-0.15,0.18,66.71,20.2,34.06,0.994,0.06599999999999999,0.04799999999999997,-43.44400000000003,47.25200000000001,47.55999999999999
2026-07-27 12:16:23.513,0.64,-0.15,0.18,66.71,20.2,34.06,0.8940000000000001,0.012,0.06999999999999998,-39.47600000000003,50.218,53.87199999999999
2026-07-27 12:16:23.628,0.58,-0.11,0.2,98.88,-3.66,-10.19,0.8000000000000002,-0.052000000000000005,0.12199999999999997,6.873999999999972,37.816,44.55799999999999
2026-07-27 12:16:23.700,0.58,-0.11,0.2,98.88,-3.66,-10.19,0.6920000000000001,-0.096,0.16199999999999998,50.04999999999997,22.412000000000006,26.27199999999999
2026-07-27 12:16:23.812,1.17,-0.31,0.46,23.38,-76.23,-26.43,0.7220000000000001,-0.166,0.24399999999999994,70.91199999999996,-8.629999999999995,4.2619999999999925
2026-07-27 12:16:23.814,1.17,-0.31,0.46,23.38,-76.23,-26.43,0.8280000000000001,-0.198,0.3,62.24599999999997,-27.915999999999997,-7.836000000000007
2026-07-27 12:16:23.882,1.25,0.03,0.25,-4.94,-53.34,0.31,0.95,-0.16199999999999998,0.314,47.915999999999976,-42.623999999999995,-14.586000000000007
2026-07-27 12:16:23.928,1.28,0.33,0.01,-18.8,-38.39,-4.88,1.09,-0.074,0.276,24.379999999999974,-49.56999999999999,-13.52400000000001
2026-07-27 12:16:24.228,0.93,-0.14,0.02,-9.95,-5.07,-11.29,1.1600000000000001,-0.08,0.24,2.613999999999977,-49.852,-13.744000000000009
2026-07-27 12:16:24.415,1.08,0.41,-0.06,37.96,34.55,14.16,1.1420000000000001,0.06399999999999999,0.13599999999999998,5.529999999999977,-27.69599999999999,-5.626000000000007
2026-07-27 12:16:24.416,1.08,0.41,-0.06,37.96,34.55,14.16,1.124,0.20799999999999996,0.03199999999999998,8.445999999999978,-5.5399999999999965,2.4919999999999916
2026-07-27 12:16:24.592,1.14,0.11,0.06,-236.57,72.75,66.28,1.102,0.22399999999999998,-0.006000000000000022,-37.88000000000002,19.678000000000004,15.685999999999993
2026-07-27 12:16:24.602,0.86,-0.06,0.08,18.98,85.88,58.35,1.018,0.14599999999999996,0.007999999999999978,-30.32400000000002,44.532000000000004,28.331999999999994
2026-07-27 12:16:24.607,0.77,-0.09,0.12,41.81,49.26,47.61,0.9860000000000001,0.15599999999999997,0.02799999999999998,-19.972000000000016,55.398,40.11199999999999
2026-07-27 12:16:24.655,0.61,-0.07,0.22,56.76,-26.37,-12.51,0.8920000000000001,0.059999999999999984,0.08399999999999998,-16.212000000000018,43.214,34.77799999999999
2026-07-27 12:16:24.719,1.29,-0.23,0.49,-18.55,-76.9,-18.25,0.9339999999999999,-0.06800000000000002,0.19399999999999998,-27.514000000000017,20.924000000000003,28.295999999999992
2026-07-27 12:16:24.778,1.2,0.27,0.19,-57.92,-40.22,5.25,0.9460000000000001,-0.03600000000000001,0.21999999999999997,8.21599999999998,-1.669999999999996,16.089999999999993
2026-07-27 12:16:24.830,0.88,0.25,-0.09,-63.35,-12.33,-19.17,0.95,0.02599999999999999,0.18599999999999997,-8.25000000000002,-21.311999999999994,0.5859999999999914
2026-07-27 12:16:24.951,0.87,-0.25,-0.25,-59.27,-10.44,-66.89,0.9700000000000001,-0.0060000000000000105,0.11199999999999996,-28.46600000000002,-33.251999999999995,-22.31400000000001
2026-07-27 12:16:25.069,0.89,0.26,-0.12,62.38,-12.33,-0.31,1.026,0.059999999999999984,0.04399999999999998,-27.34200000000002,-30.443999999999996,-19.874000000000006
2026-07-27 12:16:25.196,0.96,-0.05,-0.05,18.55,-29.11,-18.98,0.9600000000000002,0.09599999999999999,-0.06400000000000003,-19.92200000000002,-20.885999999999996,-20.020000000000003
2026-07-27 12:16:25.208,0.96,-0.05,-0.05,18.55,-29.11,-18.98,0.9120000000000001,0.03199999999999998,-0.11200000000000003,-4.62800000000002,-18.663999999999994,-24.866000000000007
2026-07-27 12:16:25.210,1.04,-0.03,-0.04,74.77,-37.23,-30.46,0.9440000000000002,-0.02400000000000002,-0.10200000000000002,22.99599999999998,-23.643999999999995,-27.124000000000006
2026-07-27 12:16:25.313,1.08,0.01,0.04,113.16,-58.11,-35.64,0.986,0.02799999999999998,-0.04400000000000003,57.481999999999985,-33.178,-20.87400000000001
2026-07-27 12:16:25.315,1.08,0.01,0.04,113.16,-58.11,-35.64,1.0240000000000002,-0.022000000000000023,-0.012000000000000035,67.63799999999998,-42.33399999999999,-27.94000000000001
2026-07-27 12:16:25.316,1.09,-0.15,0.01,19.47,-21.55,-8.42,1.0500000000000003,-0.04200000000000002,-3.3653635433950055e-17,67.82199999999997,-40.821999999999996,-25.82800000000001
2026-07-27 12:16:25.371,1.18,0.02,-0.0,-12.57,26.98,12.21,1.094,-0.028000000000000018,0.009999999999999967,61.59799999999998,-29.603999999999992,-19.59000000000001
2026-07-27 12:16:25.498,1.18,0.02,-0.0,-12.57,26.98,12.21,1.122,-0.018000000000000023,0.017999999999999967,44.12999999999998,-16.761999999999993,-11.056000000000008
2026-07-27 12:16:25.499,1.09,0.31,-0.03,-9.28,61.04,18.37,1.124,0.04199999999999998,0.003999999999999967,19.641999999999978,7.068000000000007,-0.2540000000000077
2026-07-27 12:16:25.500,1.01,0.28,-0.2,-129.52,82.95,54.75,1.11,0.09599999999999999,-0.04400000000000003,-28.894000000000023,35.28000000000001,17.82399999999999
2026-07-27 12:16:25.678,1.16,-0.16,0.15,-140.32,53.34,70.62,1.124,0.09399999999999997,-0.016000000000000035,-60.85200000000002,50.25800000000001,33.63199999999999
2026-07-27 12:16:25.792,0.7,0.11,0.14,90.27,38.21,34.42,1.028,0.11199999999999999,0.011999999999999969,-40.28400000000003,52.504000000000005,38.07399999999999
2026-07-27 12:16:25.909,1.1,-0.15,0.41,16.48,-58.72,-69.27,1.012,0.07799999999999999,0.09399999999999996,-34.474000000000025,35.36400000000001,21.77799999999999
2026-07-27 12:16:25.972,1.2,0.12,0.11,-78.12,-53.16,-5.86,1.034,0.03999999999999998,0.12199999999999996,-48.242000000000026,12.524000000000008,16.931999999999995
2026-07-27 12:16:26.098,0.76,0.16,-0.24,-33.45,-19.23,-40.34,0.9840000000000002,0.015999999999999976,0.11399999999999996,-29.02800000000002,-7.911999999999992,-2.086000000000007
2026-07-27 12:16:26.273,0.76,0.16,-0.24,-8.61,-0.79,-45.1,0.9040000000000001,0.07999999999999999,0.03599999999999996,-2.686000000000024,-18.737999999999992,-25.230000000000008
2026-07-27 12:16:26.278,0.95,0.24,-0.05,77.15,-6.59,-14.95,0.9540000000000001,0.10599999999999998,-0.0020000000000000378,-5.310000000000022,-27.697999999999997,-35.10400000000001
2026-07-27 12:16:26.289,0.92,-0.06,-0.01,19.23,-16.3,-8.24,0.9180000000000001,0.12399999999999997,-0.08600000000000003,-4.760000000000023,-19.213999999999995,-22.89800000000001
2026-07-27 12:16:26.337,0.99,-0.01,0.05,61.4,-41.75,-8.67,0.8760000000000001,0.09799999999999998,-0.09800000000000003,23.143999999999977,-16.931999999999995,-23.460000000000008
2026-07-27 12:16:26.394,1.07,0.03,0.07,48.28,-37.84,-3.78,0.9380000000000003,0.07199999999999997,-0.036000000000000025,39.48999999999998,-20.653999999999996,-16.148000000000007
2026-07-27 12:16:26.573,1.09,-0.05,0.05,4.52,-20.63,3.66,1.004,0.02999999999999997,0.02199999999999997,42.11599999999998,-24.621999999999996,-6.396000000000009
2026-07-27 12:16:26.636,0.97,0.4,-0.19,-33.51,72.81,28.99,1.0080000000000002,0.06199999999999998,-0.006000000000000028,19.983999999999977,-8.741999999999996,2.391999999999991
2026-07-27 12:16:26.638,0.97,0.4,-0.19,-33.51,72.81,28.99,1.0180000000000002,0.15399999999999997,-0.04200000000000002,9.435999999999977,9.080000000000004,9.83799999999999
2026-07-27 12:16:26.693,0.97,0.4,-0.19,-33.51,72.81,28.99,1.014,0.236,-0.09000000000000002,-9.54600000000002,31.992000000000008,17.36999999999999
2026-07-27 12:16:26.986,1.13,-0.07,0.1,-88.44,61.22,87.77,1.026,0.21599999999999997,-0.08400000000000003,-36.89000000000002,51.80400000000001,35.67999999999999
2026-07-27 12:16:27.054,0.87,0.02,0.03,73.3,62.44,58.65,0.982,0.22999999999999998,-0.08800000000000004,-23.13400000000002,68.418,46.67799999999999
2026-07-27 12:16:27.055,0.63,0.04,0.29,58.17,-12.21,-2.62,0.914,0.15799999999999997,0.007999999999999974,-4.798000000000021,51.414,40.35599999999999
2026-07-27 12:16:27.113,0.63,0.04,0.29,58.17,-12.21,-2.62,0.8460000000000001,0.08599999999999998,0.10399999999999995,13.537999999999977,34.410000000000004,34.03399999999999
2026-07-27 12:16:27.406,1.27,0.27,0.07,-58.53,-32.1,-40.71,0.906,0.05999999999999998,0.15599999999999997,8.533999999999976,13.428000000000003,20.093999999999987
2026-07-27 12:16:27.415,0.65,0.06,-0.34,-36.25,-3.72,-49.87,0.8100000000000002,0.08599999999999998,0.06799999999999996,18.971999999999973,0.4400000000000017,-7.434000000000009
2026-07-27 12:16:27.589,0.98,-0.07,-0.04,57.86,-29.66,-25.09,0.8320000000000001,0.06799999999999998,0.05399999999999997,15.883999999999975,-17.979999999999997,-24.18200000000001
2026-07-27 12:16:27.898,1.01,-0.01,-0.05,77.27,-23.8,-24.84,0.9080000000000001,0.057999999999999975,-0.01400000000000003,19.703999999999972,-20.298,-28.626000000000012
2026-07-27 12:16:27.954,1.01,-0.01,-0.05,77.27,-23.8,-24.84,0.9840000000000002,0.04799999999999997,-0.08200000000000002,23.523999999999972,-22.615999999999996,-33.07000000000001
2026-07-27 12:16:28.004,1.05,0.02,-0.07,34.42,-22.4,-15.99,0.9400000000000002,-0.0020000000000000295,-0.11000000000000003,42.113999999999976,-20.676,-28.126000000000005
2026-07-27 12:16:28.131,1.13,-0.17,-0.04,-3.42,-16.6,-3.36,1.036,-0.04800000000000003,-0.05000000000000003,48.67999999999997,-23.251999999999995,-18.82400000000001
2026-07-27 12:16:28.141,1.19,-0.09,0.05,-176.33,47.97,104.8,1.078,-0.052000000000000025,-0.03200000000000003,1.8419999999999674,-7.725999999999996,7.153999999999991
2026-07-27 12:16:28.146,1.0,-0.18,0.1,62.01,75.5,111.02,1.076,-0.08600000000000003,-0.0020000000000000295,-1.2100000000000293,12.134000000000004,34.325999999999986
2026-07-27 12:16:28.305,0.6,-0.05,0.39,33.81,-39.37,-37.72,0.994,-0.09400000000000003,0.08599999999999998,-9.902000000000026,9.020000000000003,31.74999999999999
2026-07-27 12:16:28.378,0.96,-0.3,0.4,7.45,-75.5,-78.92,0.976,-0.15800000000000003,0.18,-15.29600000000003,-1.5999999999999972,19.163999999999994
2026-07-27 12:16:28.451,1.35,-0.48,0.36,-7.2,-92.9,-79.96,1.02,-0.22000000000000003,0.25999999999999995,-16.052000000000028,-16.859999999999996,3.8439999999999914
2026-07-27 12:16:28.480,1.51,-0.19,0.28,-30.88,-81.91,-38.02,1.084,-0.24000000000000005,0.30599999999999994,13.037999999999974,-42.836,-24.72000000000001
2026-07-27 12:16:28.914,1.51,-0.19,0.28,-30.88,-81.91,-38.02,1.1860000000000002,-0.242,0.34199999999999997,-5.540000000000026,-74.31799999999998,-54.528000000000006
2026-07-27 12:16:28.915,1.25,0.21,0.12,-38.76,-55.91,-12.27,1.3160000000000003,-0.19,0.288,-20.054000000000023,-77.626,-49.438
2026-07-27 12:16:29.033,0.71,0.24,-0.12,-28.87,-28.44,-29.11,1.2660000000000002,-0.08200000000000003,0.184,-27.31800000000003,-68.214,-39.47600000000001
2026-07-27 12:16:29.091,0.84,0.18,-0.1,6.47,-5.62,10.86,1.1640000000000001,0.04999999999999996,0.092,-24.584000000000028,-50.757999999999996,-21.31200000000001
2026-07-27 12:16:29.097,1.04,0.01,0.09,51.21,-53.96,-16.11,1.07,0.08999999999999997,0.05399999999999998,-8.166000000000027,-45.16799999999999,-16.93000000000001
2026-07-27 12:16:29.213,1.04,0.01,0.09,51.21,-53.96,-16.11,0.9760000000000002,0.12999999999999995,0.015999999999999976,8.251999999999974,-39.577999999999996,-12.548000000000007
2026-07-27 12:16:29.223,1.19,-0.25,0.07,-172.24,78.86,92.65,0.9640000000000001,0.037999999999999964,0.005999999999999978,-18.444000000000027,-12.623999999999995,8.435999999999993
2026-07-27 12:16:29.225,1.1,-0.22,0.08,75.68,87.1,76.97,1.0420000000000003,-0.05400000000000003,0.04599999999999997,2.465999999999974,10.484000000000004,29.651999999999994
2026-07-27 12:16:29.447,0.79,0.03,0.05,118.84,73.73,66.59,1.032,-0.08400000000000003,0.07599999999999998,24.939999999999976,26.354000000000006,40.797999999999995
2026-07-27 12:16:29.463,0.6,0.09,0.18,109.68,43.58,49.93,0.9440000000000002,-0.06800000000000003,0.09399999999999997,36.63399999999997,45.86200000000001,54.00599999999999
2026-07-27 12:16:29.512,0.51,0.07,0.33,75.26,-1.95,17.52,0.8380000000000001,-0.05600000000000003,0.142,41.443999999999974,56.26400000000001,60.73199999999999
2026-07-27 12:16:29.513,0.65,-0.06,0.38,39.37,-45.65,-27.47,0.7300000000000001,-0.018000000000000033,0.20400000000000001,83.76599999999998,31.362000000000005,36.707999999999984
2026-07-27 12:16:29.515,0.65,-0.06,0.38,39.37,-45.65,-27.47,0.6400000000000001,0.013999999999999967,0.26399999999999996,76.50399999999998,4.8120000000000065,15.819999999999993
2026-07-27 12:16:29.572,0.98,-0.23,0.36,15.62,-76.97,-62.32,0.6780000000000002,-0.038000000000000034,0.32599999999999996,55.85999999999997,-25.327999999999996,-9.962000000000009
2026-07-27 12:16:29.573,0.98,-0.23,0.36,15.62,-76.97,-62.32,0.7540000000000001,-0.10200000000000002,0.362,37.04799999999997,-49.437999999999995,-32.412000000000006
2026-07-27 12:16:29.575,1.23,-0.28,0.34,1.83,-88.68,-60.12,0.898,-0.17200000000000004,0.364,22.36199999999997,-66.78399999999999,-47.94000000000001
2026-07-27 12:16:29.577,0.76,0.21,-0.17,-72.88,-26.61,-31.8,0.9200000000000002,-0.11800000000000004,0.254,-0.08800000000002797,-62.975999999999985,-48.80600000000001
2026-07-27 12:16:29.578,0.76,0.21,-0.17,-72.88,-26.61,-31.8,0.9420000000000002,-0.06400000000000004,0.14399999999999996,-22.53800000000003,-59.16799999999999,-49.67200000000001
2026-07-27 12:16:29.580,0.97,-0.02,-0.22,-13.18,8.79,-78.61,0.9400000000000001,-0.02200000000000004,0.027999999999999976,-28.29800000000003,-42.016,-52.93000000000001
2026-07-27 12:16:29.641,1.17,-0.24,0.06,22.16,-16.54,-68.66,0.9780000000000001,-0.024000000000000035,-0.03200000000000002,-26.99000000000003,-29.929999999999996,-54.198
2026-07-27 12:16:29.874,1.03,-0.05,0.09,29.97,-33.63,-28.63,0.9380000000000001,0.02199999999999997,-0.08200000000000003,-21.362000000000027,-18.919999999999995,-47.900000000000006
2026-07-27 12:16:30.178,0.89,0.09,-0.12,-23.01,-22.83,3.72,0.9640000000000001,-0.002000000000000027,-0.07200000000000004,-11.388000000000028,-18.163999999999994,-40.79600000000001
2026-07-27 12:16:30.464,1.21,-0.12,-0.06,-2.69,21.91,4.03,1.0540000000000003,-0.06800000000000003,-0.050000000000000024,2.649999999999971,-8.459999999999994,-33.63000000000001
2026-07-27 12:16:30.478,1.19,0.05,-0.03,-194.64,58.35,79.9,1.098,-0.05400000000000003,-0.012000000000000028,-33.642000000000024,1.4520000000000053,-1.9280000000000086
2026-07-27 12:16:30.480,0.91,-0.02,0.02,35.22,97.17,60.42,1.046,-0.010000000000000026,-0.020000000000000025,-31.030000000000022,24.194000000000006,23.88799999999999
2026-07-27 12:16:30.542,1.56,0.07,0.22,-57.37,-64.39,-4.33,1.1520000000000004,0.013999999999999976,0.005999999999999978,-48.498000000000026,18.042000000000005,28.74799999999999
2026-07-27 12:16:30.546,1.56,0.07,0.22,-57.37,-64.39,-4.33,1.286,0.009999999999999978,0.07399999999999998,-55.370000000000026,9.730000000000004,27.137999999999995
2026-07-27 12:16:30.719,1.14,0.41,-0.01,-84.11,-31.13,3.11,1.272,0.11599999999999996,0.08399999999999998,-71.65400000000002,-0.8779999999999945,26.95399999999999
2026-07-27 12:16:30.833,1.12,-0.14,0.0,-171.14,-36.07,-26.61,1.258,0.07799999999999996,0.08999999999999998,-66.95400000000002,-19.761999999999993,5.651999999999989
2026-07-27 12:16:30.893,0.91,0.05,-0.09,-66.04,-0.92,-5.0,1.2580000000000002,0.09199999999999997,0.06799999999999998,-87.20600000000003,-39.37999999999999,-7.432000000000011
2026-07-27 12:16:31.014,0.98,-0.03,-0.01,-93.75,-18.01,-4.15,1.1420000000000001,0.07199999999999998,0.021999999999999974,-94.48200000000003,-30.103999999999996,-7.396000000000011
2026-07-27 12:16:31.190,1.03,-0.18,0.03,-95.28,-20.08,-10.8,1.036,0.021999999999999974,-0.016000000000000025,-102.06400000000004,-21.241999999999997,-8.69000000000001
2026-07-27 12:16:31.791,1.03,-0.34,0.04,-81.12,-3.17,-21.61,1.014,-0.12800000000000003,-0.006000000000000028,-101.46600000000004,-15.649999999999997,-13.634000000000011
2026-07-27 12:16:32.157,1.03,-0.34,0.04,-81.12,-3.17,-21.61,0.9960000000000001,-0.168,0.001999999999999974,-83.46200000000003,-9.069999999999995,-12.634000000000011
2026-07-27 12:16:32.160,1.13,-0.05,0.15,71.23,-13.67,1.22,1.04,-0.18800000000000003,0.049999999999999975,-56.008000000000024,-11.619999999999994,-11.390000000000011
2026-07-27 12:16:32.161,0.84,0.33,0.05,-1.16,40.28,31.49,1.012,-0.11600000000000002,0.061999999999999965,-37.49000000000002,0.03800000000000523,-4.262000000000011
2026-07-27 12:16:32.334,0.83,0.0,0.05,135.01,-12.27,57.62,0.9720000000000001,-0.08000000000000003,0.06599999999999998,8.56799999999997,1.6000000000000056,9.421999999999988
2026-07-27 12:16:33.296,0.7,0.11,0.14,144.41,-10.44,42.79,0.906,0.009999999999999978,0.08599999999999997,53.673999999999964,0.14600000000000576,22.301999999999985
2026-07-27 12:16:33.460,0.7,0.11,0.14,144.41,-10.44,42.79,0.8400000000000001,0.09999999999999998,0.10599999999999998,98.77999999999997,-1.307999999999994,35.181999999999995
2026-07-27 12:16:33.650,0.63,0.13,0.22,136.78,-17.64,10.5,0.74,0.13599999999999998,0.11999999999999997,111.88999999999996,-2.101999999999994,37.03799999999999
2026-07-27 12:16:33.713,0.83,-0.01,0.28,103.52,-33.14,-33.26,0.7380000000000001,0.06799999999999998,0.16599999999999998,132.82599999999996,-16.785999999999994,24.087999999999987
2026-07-27 12:16:33.714,0.83,-0.01,0.28,103.52,-33.14,-33.26,0.7380000000000001,0.06599999999999998,0.21200000000000002,126.52799999999998,-20.959999999999997,5.911999999999989
2026-07-27 12:16:33.717,1.23,-0.5,0.21,96.5,-41.81,-55.6,0.8440000000000001,-0.05600000000000003,0.22599999999999998,116.94599999999996,-27.233999999999998,-13.76600000000001
2026-07-27 12:16:33.890,1.23,-0.5,0.21,96.5,-41.81,-55.6,0.95,-0.17800000000000002,0.24,107.36399999999999,-33.507999999999996,-33.44400000000001
2026-07-27 12:16:33.906,1.41,0.24,-0.04,17.82,-38.76,-32.41,1.106,-0.15600000000000006,0.188,83.57199999999997,-37.73199999999999,-42.02600000000001
2026-07-27 12:16:33.910,0.25,0.25,-0.15,98.88,21.55,-122.13,0.99,-0.10400000000000002,0.10199999999999998,82.64399999999998,-26.793999999999993,-59.80000000000001
2026-07-27 12:16:33.911,0.25,0.25,-0.15,98.88,21.55,-122.13,0.874,-0.052000000000000025,0.015999999999999976,81.71599999999998,-15.855999999999995,-77.57400000000001
2026-07-27 12:16:33.948,1.18,0.37,-0.39,3.11,-94.97,-42.48,0.8640000000000001,0.12199999999999997,-0.10400000000000002,63.037999999999975,-26.487999999999992,-74.95000000000002
2026-07-27 12:16:33.954,0.78,-0.23,-0.51,99.43,-268.31,47.79,0.774,0.17599999999999996,-0.24800000000000005,63.62399999999998,-71.78799999999998,-54.272000000000006
2026-07-27 12:16:34.192,0.59,0.21,-0.85,141.11,-501.04,55.6,0.6100000000000001,0.16999999999999998,-0.41,88.28199999999998,-164.244,-36.67000000000001
2026-07-27 12:16:34.366,0.54,0.43,-1.0,91.19,-507.32,39.0,0.6680000000000001,0.20599999999999996,-0.5800000000000001,86.74399999999999,-270.018,-4.44400000000001
2026-07-27 12:16:34.968,0.32,0.05,-1.18,54.5,-309.57,-45.72,0.6820000000000002,0.16599999999999998,-0.786,77.86799999999998,-336.242,10.837999999999989
2026-07-27 12:16:35.509,0.53,-0.27,-0.89,86.36,-107.67,-14.77,0.5520000000000002,0.03799999999999996,-0.8859999999999999,94.51799999999999,-338.78200000000004,16.37999999999999
2026-07-27 12:16:35.812,0.53,-0.27,-0.89,86.36,-107.67,-14.77,0.5020000000000001,0.02999999999999996,-0.9620000000000001,91.90399999999997,-306.654,3.867999999999988
2026-07-27 12:16:36.161,0.48,-0.22,-0.93,68.91,-79.28,5.37,0.4800000000000001,-0.05600000000000005,-0.9780000000000001,77.46399999999997,-222.302,-6.178000000000012
2026-07-27 12:16:36.178,0.28,-0.12,-1.14,18.01,-62.19,-21.85,0.4280000000000001,-0.16600000000000004,-1.006,62.827999999999975,-133.276,-18.348000000000013
2026-07-27 12:16:36.228,0.08,0.02,-1.29,-30.52,-52.67,-43.15,0.3800000000000001,-0.17200000000000004,-1.028,45.82399999999998,-81.896,-17.83400000000001
2026-07-27 12:16:36.652,1.11,-0.46,0.05,8.54,139.53,133.06,0.4960000000000001,-0.21000000000000005,-0.8400000000000001,30.259999999999973,-32.455999999999996,11.731999999999989
2026-07-27 12:16:37.430,0.62,-0.75,0.42,-140.56,72.69,7.81,0.5140000000000001,-0.30600000000000005,-0.5780000000000001,-15.124000000000024,3.6160000000000023,16.24799999999999
2026-07-27 12:16:38.993,0.6,-0.8,-0.81,-359.68,40.83,167.42,0.538,-0.42200000000000004,-0.554,-100.84200000000003,27.637999999999998,48.65799999999999
2026-07-27 12:16:39.356,-0.05,-0.27,-0.21,-5.68,-206.36,137.88,0.4720000000000001,-0.45200000000000007,-0.3680000000000001,-105.58000000000001,-1.1960000000000037,80.60399999999998
2026-07-27 12:16:39.711,-0.11,-0.1,-0.07,-28.69,-201.78,141.72,0.43400000000000016,-0.4760000000000001,-0.12400000000000011,-105.21400000000001,-31.018000000000008,117.578
2026-07-27 12:16:40.302,-0.11,-0.0,-0.01,-69.76,-167.05,101.68,0.19000000000000009,-0.38400000000000006,-0.13600000000000012,-120.87400000000002,-92.33399999999999,111.30199999999998
2026-07-27 12:16:40.493,-0.0,-0.03,0.05,-82.21,-159.42,79.41,0.06600000000000009,-0.24000000000000005,-0.2100000000000001,-109.20400000000002,-138.756,125.62199999999999
2026-07-27 12:16:40.551,0.06,0.05,-0.23,-287.72,185.97,109.5,-0.04199999999999991,-0.07000000000000005,-0.09400000000000008,-94.81200000000001,-109.728,114.03799999999998
2026-07-27 12:16:40.557,0.61,1.56,-3.53,27.47,652.16,172.12,0.09000000000000008,0.29599999999999993,-0.758,-88.18200000000002,61.975999999999985,120.886
2026-07-27 12:16:40.558,-0.17,2.13,-3.39,45.04,370.73,244.08,0.07800000000000007,0.742,-1.4220000000000002,-73.436,176.478,141.358
2026-07-27 12:16:40.791,0.91,0.11,-0.64,-103.09,-166.14,-165.28,0.2820000000000001,0.764,-1.5480000000000003,-80.10200000000002,176.66000000000003,87.966
2026-07-27 12:16:41.206,0.12,0.16,-0.26,-17.4,-120.97,-149.23,0.30600000000000005,0.8019999999999999,-1.61,-67.14000000000001,184.35,42.23799999999999
2026-07-27 12:16:41.393,-0.04,0.22,-0.38,-53.96,133.42,160.64,0.2860000000000001,0.836,-1.6400000000000001,-20.388,173.84,52.46599999999999
2026-07-27 12:16:47.945,-0.04,0.22,-0.38,-53.96,133.42,160.64,0.15600000000000008,0.568,-1.0100000000000002,-36.67400000000001,70.09200000000001,50.16999999999999
2026-07-27 12:16:47.949,0.4,0.7,-0.82,186.77,226.68,389.59,0.27000000000000013,0.282,-0.4960000000000001,-8.328000000000003,41.282,79.27199999999998
2026-07-27 12:16:48.351,0.62,-0.37,-0.54,-105.35,34.79,4.46,0.2120000000000001,0.18599999999999997,-0.4760000000000001,-8.780000000000001,81.46799999999999,113.21999999999998
2026-07-27 12:16:48.356,0.74,-0.56,-0.41,2.81,-46.63,-31.92,0.3360000000000001,0.04199999999999997,-0.5060000000000001,-4.738000000000001,96.33599999999998,136.68199999999996
2026-07-27 12:16:48.418,0.84,-0.58,-0.44,80.14,-71.47,-17.76,0.5120000000000001,-0.11800000000000002,-0.518,22.082,55.35799999999999,101.00199999999998
2026-07-27 12:16:48.452,0.93,-0.57,-0.6,136.78,-67.2,18.43,0.7060000000000001,-0.27599999999999997,-0.562,60.23,15.234,72.55999999999997
2026-07-27 12:16:49.009,0.92,-0.59,-0.77,145.94,-43.88,44.62,0.8100000000000002,-0.534,-0.5520000000000002,52.064,-38.878,3.5659999999999883
2026-07-27 12:16:49.136,0.92,-0.59,-0.77,145.94,-43.88,44.62,0.8700000000000001,-0.5780000000000001,-0.5980000000000001,102.32199999999999,-54.612,11.597999999999988
2026-07-27 12:16:49.137,0.84,-0.62,-0.55,71.72,-93.69,116.64,0.89,-0.5900000000000001,-0.6260000000000001,116.104,-64.024,41.30999999999999
2026-07-27 12:16:49.139,0.46,-0.51,-0.48,-6.59,-57.25,6.96,0.8140000000000001,-0.576,-0.6340000000000001,98.758,-61.17999999999999,46.253999999999984
2026-07-27 12:16:49.141,0.58,-0.53,-0.39,-21.36,-65.49,38.76,0.7440000000000001,-0.568,-0.5920000000000001,67.13,-60.838,50.31999999999999
2026-07-27 12:16:49.143,0.48,-0.6,-0.43,3.85,19.41,4.76,0.656,-0.5700000000000001,-0.524,38.712,-48.18,42.34799999999999
2026-07-27 12:16:49.144,0.69,-0.83,-0.41,20.57,18.25,-46.02,0.6100000000000001,-0.618,-0.4520000000000001,13.638,-35.754,24.219999999999988
2026-07-27 12:16:49.146,0.6,-0.85,-0.36,-30.27,-46.63,84.96,0.562,-0.6639999999999999,-0.41400000000000003,-6.76,-26.341999999999995,17.88399999999999
2026-07-27 12:16:49.184,0.57,-0.79,-0.28,-53.53,-36.87,101.56,0.5840000000000001,-0.72,-0.3740000000000001,-16.148,-22.266,36.80399999999999
2026-07-27 12:16:49.194,0.57,-0.66,-0.22,-57.13,-27.71,119.02,0.5820000000000001,-0.7460000000000001,-0.3400000000000001,-23.302,-14.709999999999997,52.85599999999998
2026-07-27 12:16:49.312,0.38,-0.84,-0.67,21.61,193.36,-51.15,0.562,-0.794,-0.38800000000000007,-19.75,20.080000000000005,41.67399999999999
2026-07-27 12:16:49.314,0.38,-0.84,-0.67,21.61,193.36,-51.15,0.5000000000000001,-0.796,-0.4400000000000001,-19.542,55.10200000000001,40.64799999999999
2026-07-27 12:16:49.317,0.22,-0.89,-0.74,-15.08,253.05,-37.29,0.42400000000000004,-0.8039999999999999,-0.5160000000000001,-16.504,115.03800000000001,16.19799999999999
2026-07-27 12:16:49.327,0.51,-0.95,-0.91,-63.48,163.51,73.91,0.4120000000000001,-0.836,-0.6420000000000001,-18.494,155.114,10.667999999999989
2026-07-27 12:16:49.328,0.51,-0.95,-0.91,-63.48,163.51,73.91,0.4000000000000001,-0.8939999999999999,-0.7800000000000001,-19.764,193.358,1.6459999999999895
2026-07-27 12:16:49.374,0.44,-0.94,-0.11,35.1,-3.05,-80.51,0.4120000000000001,-0.9139999999999999,-0.668,-17.065999999999995,154.07600000000002,-4.2260000000000115
2026-07-27 12:16:49.486,0.71,-0.77,-1.12,-161.74,134.83,14.22,0.4780000000000001,-0.9,-0.7580000000000001,-53.736000000000004,142.36999999999998,8.847999999999988
2026-07-27 12:16:49.501,0.68,-0.64,-0.85,-53.59,-104.19,140.32,0.5700000000000001,-0.85,-0.7800000000000001,-61.438,70.922,44.36999999999999
2026-07-27 12:16:49.549,0.65,-0.3,-0.41,-18.55,-118.65,-118.29,0.5980000000000001,-0.72,-0.68,-52.452,14.489999999999998,5.929999999999987
2026-07-27 12:16:50.328,0.72,-0.2,-0.36,-33.69,-55.66,-113.53,0.64,-0.57,-0.5700000000000001,-46.49400000000001,-29.344,-31.558000000000014
2026-07-27 12:16:50.452,0.79,-0.1,-0.39,-48.34,-8.18,-97.11,0.7100000000000002,-0.40199999999999997,-0.6260000000000001,-63.182,-30.369999999999997,-34.87800000000001
2026-07-27 12:16:50.690,0.79,-0.1,-0.39,-48.34,-8.18,-97.11,0.7260000000000002,-0.26799999999999996,-0.4800000000000001,-40.501999999999995,-58.972,-57.144000000000005
2026-07-27 12:16:51.299,0.82,0.04,-1.03,-341.31,209.96,46.51,0.7540000000000001,-0.132,-0.516,-98.046,3.858000000000004,-75.906
2026-07-27 12:16:51.301,0.82,0.19,-1.16,-267.21,156.8,-11.41,0.788,-0.034,-0.6660000000000001,-147.77799999999996,58.948,-54.53000000000001
2026-07-27 12:16:51.478,0.77,0.18,-1.22,-175.6,93.2,-56.15,0.7980000000000002,0.041999999999999996,-0.8380000000000001,-176.16,88.72,-43.05400000000001
2026-07-27 12:16:51.588,0.45,-0.06,-1.17,-52.43,-47.79,87.34,0.7300000000000001,0.05,-0.9940000000000001,-176.978,80.798,-6.164000000000007
2026-07-27 12:16:52.006,0.45,-0.06,-1.17,-52.43,-47.79,87.34,0.662,0.057999999999999996,-1.15,-177.796,72.876,30.725999999999992
2026-07-27 12:16:52.134,0.4,0.09,-1.21,-63.29,-40.89,98.51,0.5780000000000001,0.06799999999999999,-1.1860000000000002,-122.19199999999996,22.70600000000001,41.126
2026-07-27 12:16:52.149,0.5,0.65,-1.1,-109.86,-111.51,-133.73,0.514,0.16,-1.174,-90.72199999999998,-30.955999999999996,16.661999999999995
2026-07-27 12:16:52.245,0.21,0.85,-0.66,15.32,-158.33,-197.75,0.40200000000000014,0.294,-1.062,-52.537999999999975,-81.26199999999999,-11.658000000000005
2026-07-27 12:16:52.267,0.38,0.39,-0.87,113.53,30.21,-75.32,0.38800000000000007,0.384,-1.0020000000000002,-19.345999999999986,-65.662,-44.19000000000001
2026-07-27 12:16:52.269,-0.16,0.3,-1.52,-205.08,155.52,90.76,0.26600000000000007,0.45599999999999996,-1.0720000000000003,-49.87599999999999,-24.999999999999993,-43.50600000000001
2026-07-27 12:16:52.271,-0.0,0.21,-1.03,-28.75,2.26,67.2,0.18600000000000008,0.48,-1.036,-42.967999999999996,-16.369999999999994,-49.768000000000015
2026-07-27 12:16:52.272,0.02,0.25,-1.01,-5.31,1.22,85.94,0.09000000000000008,0.4,-1.018,-22.057999999999993,6.176000000000007,-5.8340000000000085
2026-07-27 12:16:52.274,-0.19,0.15,-1.09,-53.22,-29.36,179.5,0.010000000000000082,0.25999999999999995,-1.104,-35.76599999999999,31.970000000000006,69.61599999999999
2026-07-27 12:16:52.276,0.04,0.26,-1.1,91.37,70.5,-230.1,-0.05799999999999993,0.23399999999999999,-1.15,-40.19799999999999,40.028000000000006,38.65999999999999
2026-07-27 12:16:52.277,-0.02,0.32,-1.01,85.75,11.05,-116.15,-0.029999999999999926,0.238,-1.048,17.96800000000001,11.134000000000004,-2.722000000000011
2026-07-27 12:16:52.279,0.21,0.46,-0.85,100.46,-94.91,-30.33,0.012000000000000071,0.288,-1.012,43.81000000000002,-8.299999999999995,-22.228000000000012
2026-07-27 12:16:52.283,0.1,0.31,-1.17,-93.14,92.22,25.02,0.02800000000000007,0.3,-1.044,26.24400000000001,9.900000000000004,-34.412000000000006
2026-07-27 12:16:52.284,0.15,0.11,-1.08,-105.71,62.19,55.6,0.09600000000000007,0.292,-1.0420000000000003,15.746000000000013,28.21,-59.19200000000001
2026-07-27 12:16:52.625,0.08,0.11,-1.07,-83.68,25.02,86.43,0.10400000000000006,0.262,-1.036,-19.26399999999999,19.114,4.113999999999993
2026-07-27 12:16:52.673,-0.02,0.19,-1.35,-6.1,-6.96,49.44,0.10400000000000009,0.236,-1.104,-37.633999999999986,15.512000000000004,37.23199999999999
2026-07-27 12:16:52.678,0.1,0.38,-1.12,144.84,-60.79,-95.58,0.08200000000000007,0.22000000000000003,-1.1580000000000001,-28.75799999999999,22.336000000000006,24.18199999999999
2026-07-27 12:16:52.728,0.14,0.39,-1.13,136.29,-43.7,-93.93,0.09000000000000008,0.236,-1.1500000000000001,17.12800000000001,-4.847999999999997,0.3919999999999931
2026-07-27 12:16:52.847,0.14,0.39,-1.13,136.29,-43.7,-93.93,0.08800000000000008,0.292,-1.16,65.528,-26.026,-29.51400000000001
2026-07-27 12:16:53.089,0.34,0.39,-0.71,75.93,-82.34,2.08,0.14000000000000007,0.348,-1.088,97.45000000000002,-47.498000000000005,-46.38400000000001
2026-07-27 12:16:53.278,0.39,0.4,-0.74,49.07,-65.49,21.48,0.22200000000000011,0.39,-0.966,108.48400000000001,-59.20399999999999,-51.976
2026-07-27 12:16:53.331,0.39,0.41,-0.83,13.85,-40.83,43.4,0.2800000000000001,0.396,-0.908,82.28600000000002,-55.212,-24.180000000000007
2026-07-27 12:16:53.339,0.05,0.31,-1.33,-74.71,79.47,161.38,0.2620000000000001,0.38,-0.9480000000000001,40.08600000000002,-30.577999999999996,26.881999999999994
2026-07-27 12:16:53.355,-0.1,0.22,-1.24,-87.77,93.81,88.26,0.21400000000000005,0.346,-0.9700000000000001,-4.725999999999985,-3.075999999999996,63.31999999999999
2026-07-27 12:16:53.454,-0.19,0.1,-1.13,-12.57,-11.96,239.32,0.1080000000000001,0.2879999999999999,-1.054,-22.425999999999988,11.000000000000004,110.76799999999999
2026-07-27 12:16:53.928,-0.26,0.28,-1.1,43.88,10.8,117.13,-0.02199999999999992,0.26399999999999996,-1.1260000000000001,-23.463999999999984,26.258000000000003,129.898
2026-07-27 12:16:54.350,-0.49,0.15,-1.24,-5.07,66.16,-48.1,-0.1979999999999999,0.21200000000000002,-1.2080000000000002,-27.247999999999983,47.656000000000006,111.598
2026-07-27 12:16:54.355,-0.03,0.24,-1.01,23.68,-86.43,-42.11,-0.2139999999999999,0.19799999999999998,-1.1440000000000001,-7.569999999999988,14.476000000000003,70.9
2026-07-27 12:16:54.651,0.27,0.29,-1.06,45.35,-139.16,-65.25,-0.1399999999999999,0.21200000000000002,-1.108,19.054000000000013,-32.117999999999995,40.197999999999986
2026-07-27 12:16:54.705,0.02,0.12,-1.35,127.62,-61.16,-237.73,-0.0979999999999999,0.21599999999999997,-1.1520000000000001,47.09200000000001,-41.958,-55.21200000000001
2026-07-27 12:16:54.720,0.02,0.2,-1.29,85.45,-98.94,-118.84,-0.04199999999999991,0.19999999999999996,-1.19,55.40600000000002,-63.90599999999999,-102.40600000000002
2026-07-27 12:16:55.074,0.18,0.15,-0.93,-98.27,131.65,105.77,0.0920000000000001,0.19999999999999998,-1.1280000000000003,36.76600000000001,-50.80799999999999,-71.632
2026-07-27 12:16:55.076,0.34,0.46,-1.21,-59.94,111.82,144.35,0.1660000000000001,0.244,-1.168,20.04200000000002,-11.157999999999998,-34.34000000000002
2026-07-27 12:16:55.610,0.36,0.53,-1.23,-41.93,122.62,116.15,0.18400000000000008,0.292,-1.2020000000000002,2.5860000000000154,41.198,1.9399999999999864
2026-07-27 12:16:55.626,-0.32,0.5,-1.41,9.89,-51.45,96.19,0.11600000000000008,0.368,-1.214,-20.959999999999987,43.14,68.72399999999998
2026-07-27 12:16:55.627,-0.25,0.55,-1.25,-65.19,-177.06,-32.29,0.062000000000000076,0.438,-1.206,-51.08799999999999,27.516,86.03399999999999
2026-07-27 12:16:55.629,0.44,0.7,-1.1,-65.55,-110.47,-48.1,0.11400000000000007,0.548,-1.24,-44.54399999999998,-20.907999999999998,55.25999999999998
2026-07-27 12:16:55.632,0.39,0.69,-1.13,-39.79,-35.16,-98.51,0.12400000000000008,0.594,-1.224,-40.51399999999999,-50.303999999999995,6.687999999999988
2026-07-27 12:16:55.677,0.44,0.57,-1.04,-57.74,-51.7,-136.78,0.14000000000000007,0.602,-1.1860000000000002,-43.67599999999999,-85.16799999999999,-43.89800000000001
2026-07-27 12:16:55.975,0.46,0.48,-0.88,-81.36,-68.79,-121.83,0.2960000000000001,0.598,-1.08,-61.92599999999999,-88.636,-87.50200000000001
2026-07-27 12:16:55.977,0.55,0.23,-0.71,-11.35,-3.17,-121.95,0.4560000000000001,0.534,-0.9720000000000001,-51.15799999999999,-53.858000000000004,-105.43400000000001
2026-07-27 12:16:55.991,0.12,0.59,-0.98,-2.5,23.74,134.7,0.3920000000000001,0.5119999999999999,-0.9480000000000001,-38.54799999999999,-27.016000000000002,-68.87400000000002
2026-07-27 12:16:55.994,0.07,0.72,-0.92,-8.79,-5.37,122.56,0.3280000000000001,0.518,-0.906,-32.347999999999985,-21.058,-24.660000000000014
2026-07-27 12:16:57.651,-0.09,1.0,-1.14,-33.2,-34.55,6.04,0.22200000000000011,0.6039999999999999,-0.9259999999999999,-27.439999999999987,-17.628,3.9039999999999866
2026-07-27 12:16:57.657,0.09,0.89,-0.93,-56.76,-79.9,-44.49,0.14800000000000008,0.6859999999999999,-0.9360000000000002,-22.51999999999999,-19.85,19.371999999999986
2026-07-27 12:16:57.831,0.5,0.48,-0.74,-41.38,-107.97,-120.24,0.13800000000000007,0.736,-0.942,-28.52599999999999,-40.81,19.713999999999988
2026-07-27 12:16:57.841,0.58,0.13,-0.64,2.56,15.99,-7.75,0.23000000000000007,0.6439999999999999,-0.874,-27.513999999999992,-42.36,-8.77600000000001
2026-07-27 12:16:57.847,0.5,0.63,-1.06,3.42,104.92,172.55,0.31600000000000006,0.626,-0.9020000000000001,-25.071999999999992,-20.302,1.2219999999999913
2026-07-27 12:16:57.863,0.13,0.86,-1.03,-27.77,-25.88,40.65,0.36000000000000004,0.598,-0.8800000000000001,-23.98599999999999,-18.568,8.143999999999991
2026-07-27 12:16:58.071,0.56,0.78,-1.09,1.16,62.74,92.04,0.45400000000000007,0.576,-0.9120000000000001,-12.40199999999999,9.959999999999999,35.44999999999999
2026-07-27 12:16:58.135,0.31,0.7,-1.02,1.16,62.74,92.04,0.4160000000000001,0.62,-0.9680000000000002,-3.8939999999999886,44.102,77.90599999999999
2026-07-27 12:16:58.849,0.09,1.12,-1.24,10.19,-8.48,-54.32,0.3180000000000001,0.818,-1.0880000000000003,-2.3679999999999883,39.208,68.592
2026-07-27 12:16:58.975,0.29,0.96,-1.2,-21.61,-57.5,-125.79,0.2760000000000001,0.884,-1.116,-7.373999999999988,6.724000000000001,8.923999999999989
2026-07-27 12:16:59.332,0.29,0.96,-1.2,-21.61,-57.5,-125.79,0.3080000000000001,0.9039999999999999,-1.1500000000000001,-6.141999999999988,0.4,-24.36400000000001
2026-07-27 12:16:59.357,0.55,0.85,-1.12,-48.16,-107.54,-175.72,0.30600000000000005,0.9179999999999999,-1.1560000000000001,-16.00599999999999,-33.656,-77.91600000000003
2026-07-27 12:16:59.389,0.75,0.83,-1.14,-46.33,-125.67,-213.68,0.394,0.944,-1.1800000000000002,-25.503999999999984,-71.338,-139.06000000000003
2026-07-27 12:16:59.502,0.79,0.78,-1.19,1.16,-102.42,-268.07,0.534,0.876,-1.1700000000000002,-27.309999999999985,-90.126,-181.81
2026-07-27 12:16:59.878,0.7,0.7,-1.01,5.25,-104.43,-250.18,0.6160000000000001,0.8240000000000001,-1.1320000000000001,-21.937999999999988,-99.512,-206.68800000000002
2026-07-27 12:16:59.882,0.7,0.7,-1.01,5.25,-104.43,-250.18,0.6980000000000001,0.772,-1.094,-16.565999999999985,-108.898,-231.56599999999997
2026-07-27 12:17:00.168,0.54,0.16,-0.42,19.29,29.79,-46.33,0.6960000000000001,0.634,-0.954,-3.0759999999999885,-81.432,-205.68800000000002
2026-07-27 12:17:00.178,0.68,0.25,-0.53,28.56,80.14,4.46,0.6820000000000002,0.518,-0.8320000000000001,11.902000000000012,-40.27,-162.06
2026-07-27 12:17:00.406,0.73,1.2,-1.18,-76.66,165.41,174.8,0.67,0.602,-0.8300000000000001,-3.6619999999999875,13.295999999999998,-73.486
2026-07-27 12:17:00.422,0.26,0.9,-1.09,11.66,146.73,16.48,0.5820000000000001,0.6419999999999999,-0.8460000000000001,-2.3799999999999883,63.528,-20.15400000000001
2026-07-27 12:17:00.427,-0.06,0.72,-0.9,19.35,-62.07,18.74,0.43000000000000005,0.646,-0.8240000000000002,0.44000000000001194,72.0,33.629999999999995
2026-07-27 12:17:00.599,-0.15,0.81,-1.07,46.57,-35.4,-38.51,0.2920000000000001,0.776,-0.9540000000000001,5.896000000000012,58.96199999999999,35.19399999999999
2026-07-27 12:17:00.600,-0.2,0.9,-1.22,62.81,-9.09,-69.58,0.11600000000000006,0.9059999999999999,-1.092,12.746000000000013,41.116,20.385999999999996
2026-07-27 12:17:00.601,0.16,1.01,-1.16,15.99,-62.62,-72.2,0.0020000000000000686,0.868,-1.088,31.27600000000001,-4.49,-29.01400000000001
2026-07-27 12:17:00.708,0.92,1.2,-1.04,-3.72,-132.87,-175.23,0.13400000000000006,0.9280000000000002,-1.078,28.20000000000001,-60.410000000000004,-67.356
2026-07-27 12:17:00.724,0.57,1.46,-1.65,-14.89,224.12,381.65,0.26000000000000006,1.076,-1.2280000000000002,21.35200000000001,-3.171999999999997,5.225999999999999
2026-07-27 12:17:00.780,0.03,1.11,-1.27,-38.82,98.63,353.39,0.29600000000000004,1.1360000000000001,-1.268,4.2740000000000125,23.634000000000004,83.606
2026-07-27 12:17:01.128,0.34,0.33,-0.83,-125.92,-73.0,177.31,0.4040000000000001,1.022,-1.19,-33.471999999999994,10.852000000000004,132.984
2026-07-27 12:17:01.186,0.29,0.83,-0.57,-19.96,-81.85,173.52,0.43000000000000005,0.986,-1.0720000000000003,-40.66199999999999,7.006000000000003,182.128
2026-07-27 12:17:01.196,0.43,1.1,-0.91,-96.07,-30.64,-5.92,0.3320000000000001,0.966,-1.0459999999999998,-59.13199999999999,27.45200000000001,215.98999999999995
2026-07-27 12:17:01.197,0.43,1.1,-0.91,-96.07,-30.64,-5.92,0.30400000000000005,0.8940000000000001,-0.898,-75.36799999999998,-23.499999999999993,138.476
2026-07-27 12:17:01.202,0.59,1.14,0.29,-500.85,164.49,-157.84,0.41600000000000004,0.9,-0.5860000000000001,-167.77399999999997,-10.327999999999992,36.230000000000004
2026-07-27 12:17:01.203,0.39,0.92,0.39,-531.37,77.88,-155.09,0.42600000000000005,1.018,-0.3420000000000001,-248.86399999999998,19.848000000000006,-30.25
2026-07-27 12:17:01.204,0.27,0.58,0.35,-499.27,11.66,-134.58,0.42200000000000004,0.968,-0.15800000000000008,-344.726,38.550000000000004,-91.87
2026-07-27 12:17:01.207,-0.18,-0.22,0.46,-427.67,67.08,-13.98,0.30000000000000004,0.704,0.11599999999999991,-411.046,58.09400000000001,-93.482
2026-07-27 12:17:01.219,-0.15,-0.78,-0.31,112.55,75.01,-72.81,0.18400000000000008,0.32799999999999996,0.2359999999999999,-369.322,79.224,-106.86000000000001
2026-07-27 12:17:01.361,0.04,-0.75,-0.03,425.54,122.68,-189.39,0.0740000000000001,-0.05,0.1719999999999999,-184.04399999999995,70.86200000000001,-113.16999999999999
2026-07-27 12:17:01.377,0.19,-0.55,0.29,512.88,114.62,-246.52,0.0340000000000001,-0.344,0.1519999999999999,24.80600000000002,78.21000000000001,-131.456
2026-07-27 12:17:01.379,0.22,-0.9,0.58,180.05,73.06,-74.95,0.024000000000000094,-0.6399999999999999,0.1979999999999999,160.67000000000002,90.49000000000001,-119.53
2026-07-27 12:17:01.608,0.2,-1.08,0.8,172.49,81.12,-10.93,0.10000000000000009,-0.812,0.2659999999999999,280.70200000000006,93.298,-118.91999999999999
2026-07-27 12:17:01.909,0.2,-1.08,0.8,172.49,81.12,-10.93,0.1700000000000001,-0.8719999999999999,0.4879999999999999,292.69000000000005,94.52000000000001,-106.54400000000001
2026-07-27 12:17:02.042,0.12,-0.94,1.07,300.84,43.64,36.38,0.1860000000000001,-0.9099999999999999,0.7079999999999999,267.75,78.71200000000002,-61.39
2026-07-27 12:17:02.077,0.12,-0.94,1.07,416.2,-6.96,65.12,0.1720000000000001,-0.9879999999999999,0.8639999999999999,248.41400000000004,54.396,0.9379999999999995
2026-07-27 12:17:02.767,-0.38,-0.19,-0.1,-119.08,78.19,133.06,0.05200000000000009,-0.8459999999999999,0.728,188.58800000000002,55.422000000000004,42.54
2026-07-27 12:17:02.817,0.27,-0.48,0.46,-108.09,-222.29,-38.09,0.06600000000000009,-0.726,0.6599999999999999,132.472,-5.259999999999991,37.108
2026-07-27 12:17:02.818,0.24,-1.96,1.1,-66.28,-216.13,-377.08,0.0740000000000001,-0.9019999999999999,0.72,84.71800000000002,-64.71,-36.122
2026-07-27 12:17:02.872,0.24,-1.96,1.1,-66.28,-216.13,-377.08,0.09800000000000009,-1.1059999999999999,0.7259999999999999,11.29400000000002,-116.66399999999999,-118.814
2026-07-27 12:17:02.931,0.48,-0.77,0.78,-4.94,146.48,-80.81,0.1700000000000001,-1.072,0.6679999999999999,-72.93399999999998,-85.97599999999997,-148.0
2026-07-27 12:17:03.047,0.48,-0.77,0.78,-4.94,146.48,-80.81,0.3420000000000001,-1.188,0.8439999999999998,-50.10599999999998,-72.318,-190.77399999999997
2026-07-27 12:17:03.062,0.15,-0.36,0.73,111.51,-74.04,-91.86,0.31800000000000006,-1.164,0.8979999999999999,-6.185999999999976,-42.66799999999999,-201.528
2026-07-27 12:17:03.067,0.56,-0.99,2.41,66.83,-193.12,-122.01,0.3820000000000001,-0.97,1.1599999999999997,20.43600000000002,-38.065999999999995,-150.51399999999998
2026-07-27 12:17:03.111,0.56,-0.99,2.41,66.83,-193.12,-122.01,0.44600000000000006,-0.776,1.422,47.058000000000014,-33.464,-99.5
2026-07-27 12:17:03.295,0.21,0.19,-0.07,86.49,15.26,-31.62,0.3920000000000001,-0.584,1.252,65.34400000000002,-59.70799999999999,-89.662
2026-07-27 12:17:03.601,1.9,0.65,1.46,343.38,-264.71,0.43,0.6760000000000002,-0.3,1.388,135.00800000000004,-141.946,-73.414
2026-07-27 12:17:04.615,0.47,0.44,0.34,-100.04,26.98,-65.12,0.7400000000000001,-0.14000000000000004,1.3099999999999998,92.69800000000002,-121.742,-68.066
2026-07-27 12:17:04.618,0.41,0.32,0.58,-50.48,-96.74,-81.73,0.7100000000000002,0.122,0.9439999999999997,69.23600000000002,-102.46599999999998,-60.010000000000005
2026-07-27 12:17:04.794,0.84,0.9,1.03,154.66,421.2,-177.25,0.7660000000000001,0.5,0.6679999999999998,86.80200000000002,20.398000000000014,-71.058
2026-07-27 12:17:04.804,0.41,0.47,0.31,-68.12,32.17,-36.19,0.806,0.556,0.7439999999999998,55.88000000000002,23.780000000000012,-71.97200000000001
2026-07-27 12:17:04.989,0.28,1.13,1.14,45.47,-227.36,99.49,0.48200000000000004,0.6519999999999999,0.6799999999999997,-3.7019999999999813,31.25,-52.160000000000004
2026-07-27 12:17:04.992,0.24,0.82,0.55,-11.17,-18.74,13.06,0.4360000000000001,0.728,0.7219999999999998,14.07200000000002,22.106000000000016,-36.52400000000001
2026-07-27 12:17:05.035,-0.01,1.17,1.01,35.34,-37.66,-38.45,0.3520000000000001,0.898,0.8079999999999998,31.23600000000002,33.92200000000001,-27.868000000000002
2026-07-27 12:17:05.036,0.04,1.14,1.08,-8.91,-4.58,-43.64,0.1920000000000001,0.946,0.8179999999999998,-1.4779999999999809,-51.233999999999995,-1.1460000000000008
2026-07-27 12:17:05.037,0.04,1.14,1.08,-8.91,-4.58,-43.64,0.1180000000000001,1.08,0.9719999999999999,10.364000000000022,-58.58399999999999,-2.6360000000000015
2026-07-27 12:17:05.162,0.18,0.97,0.96,-68.18,32.9,-43.09,0.09800000000000009,1.0479999999999998,0.9359999999999999,-12.36599999999998,-6.531999999999991,-31.151999999999997
2026-07-27 12:17:05.213,0.18,0.97,0.96,-68.18,32.9,-43.09,0.08600000000000009,1.0779999999999998,1.0179999999999998,-23.76799999999998,3.7960000000000087,-42.382000000000005
2026-07-27 12:17:05.277,0.51,0.8,0.82,-86.0,221.13,-2.75,0.19000000000000009,1.004,0.9799999999999998,-48.03599999999998,55.55400000000001,-35.242000000000004
2026-07-27 12:17:05.279,0.65,0.81,0.95,98.75,319.03,57.68,0.3120000000000001,0.9380000000000001,0.9539999999999997,-26.50399999999998,120.276,-14.978000000000003
2026-07-27 12:17:05.885,0.58,0.56,0.79,13.12,148.5,-40.16,0.4200000000000001,0.8220000000000001,0.8959999999999997,-22.097999999999978,150.892,-14.282
2026-07-27 12:17:05.907,0.58,0.33,0.52,-72.45,65.0,-16.91,0.5000000000000001,0.6940000000000001,0.8079999999999998,-22.951999999999977,157.312,-9.046000000000001
2026-07-27 12:17:05.931,0.7,0.32,0.4,-34.73,-15.08,43.09,0.604,0.5640000000000001,0.6959999999999997,-16.26199999999998,147.71599999999998,8.190000000000001
2026-07-27 12:17:05.935,0.7,0.32,0.4,-15.32,-56.58,33.33,0.6420000000000001,0.4680000000000001,0.6119999999999999,-2.1259999999999764,92.17400000000002,15.406
2026-07-27 12:17:05.941,0.86,0.31,0.72,-125.92,-224.91,-42.91,0.684,0.368,0.5659999999999998,-47.05999999999998,-16.613999999999987,-4.711999999999999
2026-07-27 12:17:05.942,0.92,0.31,1.0,-134.22,-278.69,-41.87,0.752,0.318,0.6079999999999999,-76.52799999999998,-102.05199999999999,-5.053999999999999
2026-07-27 12:17:06.294,0.48,0.63,1.09,53.41,-131.41,2.81,0.732,0.378,0.7219999999999999,-51.35599999999997,-141.334,-1.109999999999999
2026-07-27 12:17:06.296,0.38,0.68,0.96,37.29,-85.27,-37.41,0.6680000000000001,0.45,0.8339999999999999,-36.95199999999998,-155.37199999999999,-17.21
2026-07-27 12:17:06.297,0.22,0.74,0.87,2.2,-56.34,-18.25,0.5720000000000001,0.534,0.9279999999999997,-33.44799999999997,-155.32399999999998,-27.526
2026-07-27 12:17:06.299,0.27,0.79,1.08,21.12,-26.12,-28.08,0.45400000000000007,0.63,0.9999999999999998,-4.039999999999975,-115.56599999999999,-24.56
2026-07-27 12:17:06.300,0.23,0.83,1.24,31.25,13.18,-40.16,0.3160000000000001,0.734,1.0479999999999998,29.054000000000023,-57.191999999999986,-24.218
2026-07-27 12:17:06.302,0.16,0.8,1.25,26.73,60.61,-49.26,0.2520000000000001,0.768,1.0799999999999998,23.718000000000025,-18.78799999999999,-34.632
2026-07-27 12:17:06.303,0.62,0.67,0.97,-26.79,187.56,-76.11,0.3000000000000001,0.766,1.0819999999999999,10.902000000000024,35.778000000000006,-42.372
2026-07-27 12:17:06.312,0.82,0.76,0.9,-3.6,246.22,-44.31,0.4200000000000001,0.77,1.0879999999999999,9.742000000000026,96.29,-47.583999999999996
2026-07-27 12:17:06.951,0.78,0.91,0.91,107.18,263.24,34.24,0.522,0.794,1.0539999999999998,26.95400000000003,154.162,-35.12
2026-07-27 12:17:06.957,0.65,0.49,0.81,-7.02,103.09,-98.94,0.6060000000000001,0.726,0.9679999999999997,19.30000000000003,172.14400000000003,-46.876
2026-07-27 12:17:06.962,0.65,0.38,0.38,-24.35,100.83,-96.68,0.7040000000000001,0.6420000000000001,0.7939999999999998,9.084000000000026,180.18800000000002,-56.36
2026-07-27 12:17:06.972,0.63,0.63,0.28,-60.0,-6.59,123.11,0.7060000000000001,0.634,0.6559999999999999,2.4420000000000273,141.358,-16.516
2026-07-27 12:17:07.082,0.59,0.91,1.07,-26.67,-195.98,104.13,0.66,0.664,0.6899999999999998,-2.171999999999974,52.918000000000006,13.172
2026-07-27 12:17:07.085,0.45,0.82,0.88,13.24,-74.46,47.18,0.5940000000000001,0.646,0.6839999999999998,-20.959999999999976,-14.621999999999995,15.76
2026-07-27 12:17:07.310,0.25,0.87,0.57,-40.95,-67.93,-21.48,0.514,0.7220000000000001,0.6359999999999998,-27.745999999999974,-48.826,31.252000000000002
2026-07-27 12:17:07.370,-0.04,1.01,0.93,25.57,28.81,-60.24,0.37600000000000006,0.8480000000000001,0.7459999999999998,-17.761999999999976,-63.23,38.54
2026-07-27 12:17:07.498,0.7,0.98,0.49,28.56,207.09,-136.72,0.39000000000000007,0.9179999999999999,0.7879999999999998,-0.049999999999975134,-20.494,-13.425999999999998
2026-07-27 12:17:07.553,0.73,1.07,0.61,140.69,260.07,-49.44,0.41800000000000004,0.95,0.6959999999999998,33.422000000000025,70.71600000000001,-44.14
2026-07-27 12:17:07.684,0.55,0.83,0.85,129.21,127.62,-37.96,0.43800000000000006,0.952,0.6899999999999998,56.61600000000003,111.13199999999999,-61.16799999999999
2026-07-27 12:17:07.969,0.5,0.82,0.76,23.5,76.29,-125.24,0.4880000000000001,0.942,0.7279999999999998,69.50600000000001,139.976,-81.91999999999999
2026-07-27 12:17:08.033,0.5,0.82,0.76,23.5,76.29,-125.24,0.5960000000000001,0.9039999999999999,0.6939999999999998,69.09200000000003,149.472,-94.91999999999999
2026-07-27 12:17:08.391,0.49,0.85,0.53,-43.27,70.74,-192.75,0.554,0.8779999999999999,0.7019999999999997,54.72600000000002,122.202,-106.126
2026-07-27 12:17:08.396,0.55,0.77,0.3,10.93,114.32,-133.79,0.5180000000000001,0.818,0.6399999999999999,28.77400000000003,93.05199999999999,-122.99600000000001
2026-07-27 12:17:08.412,0.37,1.05,0.91,-24.23,-85.27,-3.91,0.4820000000000001,0.8620000000000001,0.6519999999999998,-1.9139999999999724,50.474000000000004,-116.18599999999999
2026-07-27 12:17:08.527,0.31,1.03,1.0,-46.45,-59.57,-22.09,0.4440000000000001,0.9039999999999999,0.6999999999999998,-15.903999999999973,23.302,-95.556
2026-07-27 12:17:08.638,0.97,0.76,0.66,44.74,211.43,-117.19,0.538,0.892,0.6799999999999998,-11.655999999999974,50.33,-93.946
2026-07-27 12:17:08.811,1.09,0.86,0.71,120.67,246.58,-91.86,0.658,0.8940000000000001,0.7159999999999999,21.132000000000026,85.498,-73.768
2026-07-27 12:17:09.067,0.77,0.5,0.35,-9.89,190.43,-104.74,0.7020000000000002,0.8400000000000001,0.7259999999999998,16.96800000000003,100.72,-67.958
2026-07-27 12:17:09.285,0.9,1.27,0.81,-72.75,-267.88,94.42,0.808,0.884,0.7059999999999997,7.2640000000000295,64.19800000000001,-48.291999999999994
2026-07-27 12:17:09.295,0.8,1.33,0.86,-19.9,-239.01,92.65,0.906,0.944,0.6779999999999998,12.57400000000003,28.310000000000002,-25.343999999999998
2026-07-27 12:17:09.296,0.8,1.33,0.86,-19.9,-239.01,92.65,0.8720000000000001,1.058,0.7179999999999997,-0.35399999999996934,-61.778,16.624000000000002
2026-07-27 12:17:09.712,0.61,1.24,0.79,30.46,-179.99,106.81,0.7760000000000001,1.134,0.7339999999999998,-18.39599999999997,-147.092,56.358000000000004
2026-07-27 12:17:09.828,0.2,1.07,0.49,5.13,-53.04,71.29,0.6620000000000001,1.248,0.7619999999999998,-15.391999999999967,-195.786,91.56400000000001
2026-07-27 12:17:09.892,0.19,0.98,0.4,1.1,-31.98,39.55,0.5200000000000001,1.19,0.6799999999999998,-0.621999999999968,-148.606,80.59
2026-07-27 12:17:09.894,0.28,0.88,0.36,-4.94,-19.1,4.64,0.4160000000000001,1.1,0.5799999999999998,2.3700000000000316,-104.624,62.988000000000014
2026-07-27 12:17:10.192,0.28,0.88,0.36,-4.94,-19.1,4.64,0.3120000000000001,1.01,0.4799999999999998,5.362000000000032,-60.64200000000001,45.386
2026-07-27 12:17:10.503,0.36,0.88,0.41,-5.13,-17.4,-7.39,0.2620000000000001,0.938,0.4039999999999998,-1.755999999999969,-28.124000000000002,22.546
2026-07-27 12:17:10.855,0.36,0.88,0.41,-5.13,-17.4,-7.39,0.29400000000000015,0.9,0.3879999999999998,-3.8079999999999687,-20.996000000000002,6.81
2026-07-27 12:17:10.870,0.36,0.81,1.04,-130.92,-69.03,-133.0,0.3280000000000001,0.866,0.5159999999999998,-30.211999999999968,-28.406,-27.7
2026-07-27 12:17:11.093,1.15,1.11,0.9,-23.68,305.42,-65.0,0.502,0.9120000000000001,0.6239999999999998,-33.959999999999965,36.498000000000005,-41.628
2026-07-27 12:17:11.096,1.08,0.95,0.76,66.22,363.89,-34.12,0.6620000000000001,0.9260000000000002,0.7039999999999998,-19.72799999999997,113.096,-49.38
2026-07-27 12:17:11.645,0.89,0.79,0.6,77.76,334.78,-41.5,0.768,0.908,0.7419999999999998,-3.1499999999999657,183.53199999999998,-56.202
2026-07-27 12:17:11.867,0.72,0.69,0.45,37.66,264.04,-61.4,0.8400000000000001,0.8699999999999999,0.7499999999999998,5.408000000000032,239.82,-67.00399999999999
2026-07-27 12:17:11.931,0.72,0.69,0.45,37.66,264.04,-61.4,0.9120000000000001,0.8460000000000001,0.6319999999999999,39.12400000000003,306.434,-52.684000000000005
2026-07-27 12:17:11.989,0.6,0.62,0.35,-1.28,197.14,-71.11,0.8020000000000002,0.748,0.5219999999999999,43.60400000000003,284.77799999999996,-53.90599999999999
2026-07-27 12:17:11.995,0.54,0.53,0.28,-19.78,151.0,-64.27,0.6940000000000002,0.6639999999999999,0.4259999999999998,26.404000000000032,242.2,-59.936
2026-07-27 12:17:12.051,0.55,0.47,0.19,-18.74,124.08,-44.37,0.6260000000000001,0.6,0.3439999999999998,7.10400000000003,200.06,-60.510000000000005
2026-07-27 12:17:12.058,0.85,0.53,0.42,-35.03,-130.92,74.52,0.6520000000000001,0.568,0.3379999999999998,-7.433999999999969,121.06799999999998,-33.32600000000001
2026-07-27 12:17:12.234,0.27,0.86,0.9,-11.11,-32.9,-13.24,0.562,0.602,0.42799999999999977,-17.187999999999967,61.68000000000001,-23.694000000000003
2026-07-27 12:17:12.244,0.61,0.61,0.59,13.55,128.72,-81.36,0.5640000000000002,0.6,0.4759999999999998,-14.22199999999997,47.996,-25.744
2026-07-27 12:17:12.249,0.46,0.83,0.73,17.82,194.03,-95.64,0.548,0.6599999999999999,0.5659999999999997,-6.701999999999967,56.602,-32.018
2026-07-27 12:17:12.297,0.56,0.67,0.54,-66.65,45.96,57.01,0.55,0.7,0.6359999999999998,-16.28399999999997,40.97800000000001,-11.742
2026-07-27 12:17:12.541,0.58,0.66,0.58,-46.2,42.66,13.79,0.4960000000000001,0.726,0.6679999999999998,-18.51799999999997,75.69399999999999,-23.888000000000005
2026-07-27 12:17:12.842,0.25,0.99,0.56,-27.59,-123.17,50.6,0.4920000000000001,0.752,0.5999999999999999,-21.81399999999997,57.639999999999986,-11.120000000000005
2026-07-27 12:17:12.843,0.28,0.93,0.53,-14.95,-89.72,45.59,0.42600000000000005,0.8160000000000001,0.5879999999999999,-27.51399999999997,13.951999999999998,14.269999999999996
2026-07-27 12:17:13.024,0.17,0.99,0.67,-21.3,-98.75,7.32,0.3680000000000001,0.8480000000000001,0.5759999999999998,-35.337999999999965,-44.604,34.861999999999995
2026-07-27 12:17:13.433,0.2,1.09,0.79,-19.59,-92.96,8.67,0.2960000000000001,0.932,0.6259999999999999,-25.92599999999997,-72.388,25.193999999999996
2026-07-27 12:17:13.914,0.15,1.11,0.85,-17.46,-75.93,15.87,0.2100000000000001,1.022,0.6799999999999999,-20.17799999999997,-96.106,25.609999999999996
2026-07-27 12:17:13.961,0.47,0.76,0.88,54.26,190.8,-16.48,0.2540000000000001,0.9760000000000002,0.7439999999999999,-3.8079999999999687,-33.312,12.193999999999997
2026-07-27 12:17:13.978,0.4,0.62,0.8,11.96,131.77,-64.7,0.27800000000000014,0.914,0.7979999999999998,1.5740000000000307,10.986000000000008,-9.864000000000006
2026-07-27 12:17:14.344,0.4,0.62,0.8,11.96,131.77,-64.7,0.3240000000000001,0.8400000000000001,0.8239999999999998,8.226000000000031,57.09000000000001,-24.268000000000008
2026-07-27 12:17:14.362,0.42,0.49,0.7,-25.94,107.42,-107.67,0.36800000000000005,0.72,0.8059999999999998,6.9560000000000315,97.16600000000001,-47.536
2026-07-27 12:17:14.364,0.49,0.34,0.5,-48.16,116.27,-91.92,0.4360000000000001,0.5660000000000001,0.7359999999999999,0.8160000000000309,135.60600000000002,-69.09400000000001
2026-07-27 12:17:14.365,0.71,0.7,0.75,-29.11,-155.58,74.04,0.4840000000000001,0.554,0.7099999999999997,-15.857999999999967,66.33,-50.989999999999995
2026-07-27 12:17:14.366,0.31,0.56,0.91,10.38,-21.24,18.37,0.4660000000000001,0.542,0.7319999999999999,-16.173999999999968,35.727999999999994,-34.376000000000005
2026-07-27 12:17:14.368,0.08,0.94,0.68,25.02,4.94,38.39,0.402,0.606,0.7079999999999999,-13.561999999999966,10.361999999999998,-13.758000000000004
2026-07-27 12:17:14.454,0.54,0.61,1.07,147.22,72.81,-37.11,0.42600000000000005,0.63,0.7819999999999998,21.070000000000032,3.4399999999999977,0.3539999999999964
2026-07-27 12:17:14.517,0.39,0.79,0.92,183.04,166.08,90.64,0.406,0.72,0.8659999999999999,67.31000000000003,13.402000000000001,36.866
2026-07-27 12:17:14.759,0.2,0.53,1.06,86.18,34.18,-78.37,0.3040000000000001,0.686,0.9279999999999997,90.36800000000002,51.354000000000006,6.383999999999995
2026-07-27 12:17:14.825,0.57,0.84,1.15,-119.02,151.55,77.45,0.3560000000000001,0.742,0.9759999999999998,64.48800000000003,85.912,18.199999999999996
2026-07-27 12:17:14.827,0.67,1.11,1.35,-81.24,245.67,159.55,0.4740000000000001,0.776,1.1099999999999999,43.23600000000003,134.058,42.431999999999995
2026-07-27 12:17:15.054,0.74,1.27,1.44,-36.87,351.14,197.33,0.5140000000000001,0.908,1.1839999999999997,6.418000000000037,189.724,89.32000000000001
2026-07-27 12:17:15.102,0.74,1.27,1.44,-36.87,351.14,197.33,0.5840000000000001,1.004,1.2879999999999998,-37.563999999999965,226.73599999999996,110.65799999999999
2026-07-27 12:17:15.176,0.71,1.23,1.29,13.79,448.18,111.63,0.686,1.144,1.3339999999999996,-52.04199999999996,309.53599999999994,148.658
2026-07-27 12:17:15.178,0.71,1.23,1.29,13.79,448.18,111.63,0.7140000000000001,1.222,1.3619999999999997,-25.47999999999997,368.86199999999997,155.494
2026-07-27 12:17:15.229,0.7,1.12,1.18,5.25,407.29,24.29,0.7200000000000001,1.224,1.3279999999999998,-8.181999999999967,401.186,128.442
2026-07-27 12:17:15.237,0.52,0.61,0.79,-82.21,176.88,-94.73,0.676,1.092,1.198,-17.249999999999964,366.334,70.03
2026-07-27 12:17:15.293,0.48,0.4,0.54,-143.19,74.22,-18.01,0.6240000000000001,0.9179999999999999,1.0179999999999998,-38.51399999999997,310.95000000000005,26.96199999999999
2026-07-27 12:17:15.295,0.7,0.28,0.67,-143.37,12.94,28.69,0.6220000000000001,0.7280000000000001,0.8939999999999998,-69.94599999999996,223.902,10.373999999999988
2026-07-27 12:17:15.537,1.07,0.27,0.95,-157.47,-36.01,125.98,0.6940000000000002,0.5359999999999999,0.8259999999999998,-104.19799999999995,127.06400000000001,13.24399999999999
2026-07-27 12:17:15.602,1.28,0.75,1.26,-187.93,-6.04,306.27,0.8100000000000002,0.462,0.8419999999999999,-142.83399999999997,44.397999999999996,69.63999999999999
2026-07-27 12:17:15.603,1.08,1.45,1.25,-232.3,55.42,475.4,0.922,0.6300000000000001,0.9339999999999999,-172.85199999999995,20.106,183.666
2026-07-27 12:17:15.604,-0.51,2.14,0.41,-95.89,-7.08,91.13,0.7240000000000002,0.978,0.9079999999999998,-163.392,3.846000000000001,205.49399999999997
2026-07-27 12:17:15.605,-0.2,1.31,0.43,-8.0,1.77,-67.99,0.5440000000000002,1.184,0.8599999999999998,-136.31799999999998,1.6120000000000005,186.15799999999996
2026-07-27 12:17:15.606,0.24,0.68,0.55,131.35,41.08,-97.35,0.3780000000000001,1.266,0.7799999999999999,-78.55399999999997,17.03,141.492
2026-07-27 12:17:15.607,0.43,0.41,0.67,227.72,55.3,-82.7,0.2080000000000001,1.198,0.6619999999999998,4.576000000000027,29.298000000000002,63.69799999999998
2026-07-27 12:17:15.707,0.4,0.44,0.72,222.9,-5.19,-96.8,0.07200000000000009,0.9959999999999999,0.5559999999999998,95.61600000000003,17.175999999999995,-50.742000000000004
2026-07-27 12:17:15.728,0.4,0.44,0.72,222.9,-5.19,-96.8,0.2540000000000001,0.656,0.6179999999999998,159.37400000000002,17.554,-88.328
2026-07-27 12:17:16.025,0.3,0.78,1.02,-106.63,-365.17,-341.49,0.3540000000000001,0.55,0.7359999999999999,139.64800000000002,-55.834,-143.02800000000002
2026-07-27 12:17:16.027,0.46,0.22,1.36,-246.52,-167.24,-323.49,0.3980000000000001,0.458,0.8979999999999999,64.07400000000003,-97.498,-188.256
2026-07-27 12:17:16.029,0.04,-0.51,1.66,-92.1,-104.86,-82.7,0.3200000000000001,0.27399999999999997,1.0959999999999996,0.11000000000003637,-129.53,-188.25600000000003
2026-07-27 12:17:16.312,0.09,-0.34,1.37,-265.14,84.72,53.65,0.2580000000000001,0.11799999999999997,1.2259999999999998,-97.49799999999996,-111.548,-158.166
2026-07-27 12:17:16.314,0.04,-0.18,0.52,-313.23,150.02,1.34,0.1860000000000001,-0.006000000000000017,1.1859999999999997,-204.72399999999996,-80.506,-138.538
2026-07-27 12:17:16.315,-0.08,-0.1,0.01,-246.58,199.58,-14.34,0.1100000000000001,-0.182,0.9839999999999998,-232.71399999999994,32.444,-73.10800000000002
2026-07-27 12:17:16.317,-0.12,-0.09,-0.08,-131.65,235.35,10.31,-0.005999999999999911,-0.24400000000000005,0.6959999999999998,-209.73999999999995,112.96200000000002,-6.348000000000011
2026-07-27 12:17:16.318,-0.12,-0.09,-0.08,-131.65,235.35,10.31,-0.03799999999999991,-0.16,0.34799999999999986,-217.64999999999995,181.004,12.253999999999987
2026-07-27 12:17:16.322,-0.07,-0.07,-0.03,-93.2,203.31,16.6,-0.06999999999999992,-0.10600000000000001,0.06799999999999982,-183.26199999999997,204.722,4.843999999999989
2026-07-27 12:17:16.323,-0.32,-0.1,-0.17,-238.16,143.07,24.48,-0.1419999999999999,-0.09,-0.07000000000000019,-168.24799999999996,203.33199999999997,9.471999999999989
2026-07-27 12:17:16.430,-0.74,-1.81,0.35,34.85,58.47,-115.84,-0.2739999999999999,-0.43200000000000005,-0.0020000000000001904,-111.96199999999995,175.10999999999999,-10.828000000000012
2026-07-27 12:17:16.618,-0.47,-1.24,0.34,-139.65,-18.74,-48.34,-0.3439999999999999,-0.6620000000000001,0.08199999999999982,-113.56199999999994,124.29199999999999,-22.558000000000014
2026-07-27 12:17:16.920,-0.1,-0.14,-0.12,-186.83,48.03,15.32,-0.3399999999999999,-0.6719999999999999,0.07399999999999982,-124.59799999999996,86.82799999999999,-21.55600000000001
2026-07-27 12:17:16.921,0.0,-0.05,-0.09,-117.98,55.97,12.15,-0.3259999999999999,-0.668,0.06199999999999981,-129.55399999999995,57.35999999999999,-22.446000000000012
2026-07-27 12:17:16.922,0.02,-0.0,0.01,-21.36,43.88,-17.64,-0.2579999999999999,-0.648,0.09799999999999982,-86.19399999999996,37.522,-30.870000000000015
2026-07-27 12:17:17.087,0.8,-3.19,2.38,479.37,-87.95,-195.62,0.050000000000000114,-0.924,0.5039999999999998,2.7100000000000364,8.237999999999994,-46.826000000000015
2026-07-27 12:17:17.150,0.45,-0.64,1.61,-230.1,44.49,-0.12,0.23400000000000012,-0.8039999999999999,0.7579999999999998,-15.379999999999956,20.883999999999993,-37.182000000000016
2026-07-27 12:17:17.214,0.32,-0.62,0.58,-288.39,96.98,187.87,0.31800000000000017,-0.9,0.8979999999999999,-35.69199999999995,30.673999999999996,-2.672000000000014
2026-07-27 12:17:17.628,0.17,-0.56,0.24,-239.2,41.26,143.31,0.35200000000000015,-1.0020000000000002,0.9639999999999997,-59.93599999999994,27.731999999999992,23.559999999999985
2026-07-27 12:17:17.635,0.07,-0.28,0.15,-134.77,-30.27,61.34,0.36200000000000015,-1.0580000000000003,0.9919999999999998,-82.61799999999994,12.901999999999996,39.35599999999999
2026-07-27 12:17:17.638,-0.05,0.18,0.13,117.92,-394.47,152.28,0.19200000000000012,-0.384,0.5419999999999998,-154.90799999999996,-48.40200000000001,108.93599999999999
2026-07-27 12:17:17.641,1.35,-1.58,1.83,153.44,-168.4,-287.17,0.3720000000000001,-0.5720000000000001,0.5859999999999997,-78.19999999999995,-90.98000000000002,51.525999999999996
2026-07-27 12:17:17.701,1.35,-1.58,1.83,153.44,-168.4,-287.17,0.5780000000000001,-0.764,0.8359999999999997,10.166000000000054,-144.056,-43.48200000000001
2026-07-27 12:17:17.994,-0.14,0.08,-0.09,-3.17,104.13,166.5,0.5160000000000001,-0.636,0.7699999999999998,57.37200000000005,-131.48200000000003,-38.84400000000001
2026-07-27 12:17:18.105,0.67,-1.55,2.9,-75.99,-528.38,-210.27,0.6360000000000001,-0.89,1.3199999999999998,69.12800000000004,-231.10399999999998,-93.16600000000001
2026-07-27 12:17:18.263,1.23,-2.14,2.73,-225.71,-539.37,-301.88,0.8920000000000001,-1.354,1.8399999999999999,0.40200000000005504,-260.084,-183.998
2026-07-27 12:17:18.271,1.23,-1.55,1.46,-335.14,-252.81,-198.3,0.8680000000000001,-1.348,1.7659999999999996,-97.31399999999994,-276.966,-166.22400000000002
2026-07-27 12:17:18.273,0.32,0.03,0.32,58.9,237.98,205.26,0.6620000000000001,-1.0260000000000002,1.464,-116.22199999999995,-195.69000000000003,-67.738
2026-07-27 12:17:18.359,0.22,0.04,0.15,6.84,189.51,24.29,0.7340000000000001,-1.0340000000000003,1.5119999999999998,-114.21999999999994,-178.61400000000003,-96.18
2026-07-27 12:17:18.360,0.32,-0.12,0.09,-84.84,82.09,-85.57,0.664,-0.7480000000000001,0.9499999999999996,-115.98999999999994,-56.52,-71.24000000000001
2026-07-27 12:17:18.419,0.24,-0.24,0.15,130.43,-31.56,-10.8,0.4660000000000001,-0.368,0.43399999999999983,-44.761999999999944,45.041999999999994,-13.024000000000004
2026-07-27 12:17:18.445,0.19,-0.44,0.65,130.43,-31.56,-10.8,0.2580000000000001,-0.146,0.2719999999999998,48.352000000000054,89.292,24.476
2026-07-27 12:17:18.777,0.25,-0.68,1.3,272.34,66.22,-40.89,0.24400000000000008,-0.288,0.4679999999999998,91.04000000000005,54.94,-24.753999999999998
2026-07-27 12:17:18.783,-0.33,0.13,0.59,-32.41,106.99,20.63,0.13400000000000006,-0.27,0.5559999999999998,83.19000000000005,38.436,-25.485999999999997
2026-07-27 12:17:19.439,0.03,0.05,0.4,-14.77,-49.99,58.59,0.0760000000000001,-0.236,0.6179999999999999,97.20400000000004,12.019999999999998,3.3460000000000036
2026-07-27 12:17:19.496,0.05,0.16,0.47,101.56,-30.64,92.1,0.03800000000000009,-0.156,0.6819999999999998,91.43000000000004,12.203999999999997,23.926000000000002
2026-07-27 12:17:19.793,0.03,0.28,0.54,180.05,43.76,126.34,0.006000000000000086,-0.012,0.6599999999999998,101.35400000000004,27.267999999999994,51.354
2026-07-27 12:17:20.096,0.03,0.28,0.54,185.97,99.18,140.93,-0.037999999999999916,0.18000000000000002,0.5079999999999998,84.08000000000004,33.86,87.718
2026-07-27 12:17:20.099,0.19,0.41,0.54,136.11,93.57,123.41,0.06600000000000009,0.236,0.4979999999999999,117.78400000000003,31.176,108.274
2026-07-27 12:17:20.149,-0.45,0.62,1.59,120.24,-395.14,34.61,-0.029999999999999916,0.35,0.7359999999999999,144.78600000000003,-37.854,103.478
2026-07-27 12:17:20.162,0.2,0.61,0.37,-90.82,-111.02,-20.08,8.881784197001253e-17,0.44000000000000006,0.716,106.31000000000006,-53.92999999999999,81.042
2026-07-27 12:17:20.178,0.17,0.53,0.52,-9.28,-100.34,14.53,0.02800000000000009,0.49000000000000005,0.712,68.44400000000005,-82.75,58.68000000000001
2026-07-27 12:17:20.189,0.25,0.51,0.52,-43.64,136.78,-73.06,0.07200000000000009,0.5359999999999999,0.708,22.522000000000048,-75.23,15.882000000000005
2026-07-27 12:17:20.274,0.32,0.67,0.88,7.57,-96.68,8.12,0.0980000000000001,0.5880000000000001,0.7759999999999999,-3.1859999999999546,-113.28,-7.175999999999995
2026-07-27 12:17:20.277,0.26,0.64,1.1,18.25,-213.26,32.65,0.24000000000000013,0.592,0.6779999999999998,-23.583999999999953,-76.904,-7.567999999999996
2026-07-27 12:17:20.450,0.05,0.63,1.25,45.17,-296.51,42.05,0.2100000000000001,0.5960000000000001,0.8539999999999999,3.6140000000000443,-114.002,4.858000000000004
2026-07-27 12:17:20.464,0.57,0.4,1.0,-65.06,-448.06,130.43,0.29000000000000015,0.5700000000000001,0.95,-7.541999999999956,-183.546,28.038000000000004
2026-07-27 12:17:20.578,0.67,0.13,0.83,-159.91,-191.71,106.14,0.3740000000000001,0.49400000000000005,1.0119999999999998,-30.795999999999957,-249.244,63.87800000000001
2026-07-27 12:17:20.687,0.44,0.65,0.7,32.59,-122.74,-20.14,0.3980000000000001,0.49000000000000005,0.9759999999999998,-25.791999999999952,-254.456,58.226
2026-07-27 12:17:20.818,0.82,0.31,0.87,-1.22,-40.34,-19.78,0.5100000000000001,0.42400000000000004,0.9299999999999999,-29.68599999999995,-219.87199999999999,47.74000000000001
2026-07-27 12:17:20.819,0.82,0.31,0.87,-1.22,-40.34,-19.78,0.6640000000000001,0.36,0.8539999999999999,-38.963999999999956,-168.638,35.37400000000001
2026-07-27 12:17:21.291,0.75,0.54,0.98,108.34,223.75,-34.91,0.7000000000000002,0.388,0.8499999999999999,-4.283999999999952,-34.275999999999996,2.306000000000006
2026-07-27 12:17:21.301,0.84,0.73,0.49,164.25,203.55,-97.11,0.7340000000000001,0.508,0.7819999999999998,60.548000000000044,44.776,-38.343999999999994
2026-07-27 12:17:21.306,0.82,0.55,-0.1,-13.0,40.59,23.44,0.8100000000000002,0.4880000000000001,0.6219999999999998,51.43000000000004,77.44200000000001,-29.627999999999997
2026-07-27 12:17:21.409,0.79,0.58,0.24,-84.29,-147.89,62.13,0.804,0.542,0.4959999999999999,34.816000000000045,55.932000000000016,-13.24599999999999
2026-07-27 12:17:21.530,0.74,0.7,0.46,-74.34,-164.92,54.5,0.7880000000000001,0.62,0.41399999999999987,20.192000000000043,31.01600000000001,1.6100000000000079
2026-07-27 12:17:21.657,0.85,0.82,0.61,-11.41,-111.57,37.96,0.8080000000000002,0.6759999999999999,0.33999999999999986,-3.7579999999999565,-36.04799999999999,16.184000000000008
2026-07-27 12:17:21.843,0.38,0.85,0.75,21.18,-103.52,11.6,0.7160000000000002,0.7,0.3919999999999998,-32.37199999999996,-97.46199999999999,37.926
2026-07-27 12:17:21.848,0.31,0.84,0.83,20.08,-80.02,21.85,0.6140000000000001,0.758,0.5779999999999998,-25.75599999999996,-121.58399999999999,37.608000000000004
2026-07-27 12:17:21.943,0.55,0.94,0.82,91.92,192.14,24.48,0.5660000000000001,0.8300000000000001,0.6939999999999998,9.486000000000043,-53.577999999999996,30.07800000000001
2026-07-27 12:17:21.954,0.55,0.94,0.82,91.92,192.14,24.48,0.5280000000000001,0.8779999999999999,0.7659999999999998,42.73800000000004,17.833999999999996,24.074000000000005
2026-07-27 12:17:22.006,0.97,0.39,0.89,5.68,237.98,-68.85,0.5520000000000002,0.792,0.8219999999999998,46.15600000000005,87.744,2.712000000000006
2026-07-27 12:17:22.070,0.84,0.41,0.8,42.6,219.73,-16.72,0.6440000000000001,0.704,0.8319999999999999,50.44000000000004,152.394,-2.951999999999992
2026-07-27 12:17:22.197,0.66,0.33,0.72,53.04,98.63,-25.21,0.7140000000000002,0.602,0.8099999999999998,57.03200000000005,188.124,-12.363999999999994
2026-07-27 12:17:22.245,0.96,0.19,0.08,243.16,82.89,26.55,0.796,0.45199999999999996,0.6619999999999998,87.28000000000004,166.274,-11.949999999999994
2026-07-27 12:17:22.255,1.06,0.41,0.14,122.38,-41.81,6.77,0.898,0.346,0.5259999999999999,93.37200000000004,119.484,-15.49199999999999
2026-07-27 12:17:22.308,1.06,0.41,0.14,122.38,-41.81,6.77,0.9160000000000001,0.35,0.37599999999999983,116.71200000000003,63.525999999999996,-0.3679999999999929
2026-07-27 12:17:22.493,1.2,0.42,0.27,-127.01,-257.26,35.28,0.9880000000000001,0.352,0.26999999999999985,82.79000000000005,-31.871999999999996,10.032000000000007
2026-07-27 12:17:22.499,0.99,0.36,0.3,-89.36,-225.65,125.49,1.054,0.358,0.1859999999999999,54.31000000000004,-96.728,40.172000000000004
2026-07-27 12:17:22.678,1.22,0.62,0.36,-219.3,-97.17,141.48,1.106,0.44399999999999995,0.2419999999999999,-38.18199999999996,-132.74,63.158000000000015
2026-07-27 12:17:22.792,1.26,0.46,0.5,-180.05,-112.06,100.4,1.1460000000000001,0.454,0.3139999999999999,-98.66799999999996,-146.79,81.88400000000001
2026-07-27 12:17:22.798,0.68,1.03,0.49,88.32,35.58,164.61,1.07,0.5780000000000001,0.3839999999999999,-105.47999999999998,-131.31199999999998,113.452
2026-07-27 12:17:22.973,0.73,0.54,1.08,-234.86,-6.29,-77.21,0.976,0.6020000000000001,0.5459999999999999,-127.04999999999995,-81.11800000000001,90.95400000000002
2026-07-27 12:17:22.977,0.73,0.58,1.17,-109.13,5.31,-99.3,0.9240000000000002,0.6460000000000001,0.72,-131.00399999999996,-34.926,45.996000000000016
2026-07-27 12:17:23.035,0.99,0.34,0.96,207.7,180.54,-111.63,0.8780000000000001,0.5900000000000001,0.8399999999999999,-45.603999999999964,20.616,-4.625999999999982
2026-07-27 12:17:23.148,1.14,0.34,0.92,223.21,186.83,-108.76,0.8540000000000003,0.5660000000000001,0.9239999999999998,35.048000000000044,80.394,-46.457999999999984
2026-07-27 12:17:23.157,0.95,0.75,0.72,252.26,90.76,-214.23,0.9080000000000001,0.51,0.9699999999999998,67.83600000000004,91.43,-122.22599999999997
2026-07-27 12:17:23.211,0.85,0.87,0.42,57.43,-4.09,-285.46,0.9320000000000002,0.576,0.8379999999999999,126.29400000000005,91.87,-163.87599999999998
2026-07-27 12:17:23.277,0.87,0.73,0.26,-33.63,-25.27,-254.39,0.9600000000000002,0.606,0.6559999999999999,141.39400000000006,85.754,-194.89399999999998
2026-07-27 12:17:23.328,0.75,0.54,-0.03,77.94,51.21,-174.87,0.9120000000000001,0.646,0.4579999999999999,115.44200000000005,59.888,-207.542
2026-07-27 12:17:23.387,0.77,0.34,-0.08,62.5,98.21,-27.04,0.8380000000000003,0.646,0.2579999999999999,83.30000000000004,42.164,-191.19799999999998
2026-07-27 12:17:23.640,0.7,0.39,-0.06,8.48,63.23,74.65,0.788,0.5740000000000001,0.10199999999999991,34.54400000000005,36.658,-133.42199999999997
2026-07-27 12:17:23.688,1.06,1.45,0.53,-82.4,-173.34,235.66,0.8300000000000003,0.6900000000000001,0.12399999999999993,6.578000000000043,2.8079999999999985,-29.197999999999986
2026-07-27 12:17:23.699,0.84,1.45,0.69,-60.0,-186.46,221.07,0.8240000000000002,0.834,0.2099999999999999,1.3040000000000447,-29.430000000000007,65.894
2026-07-27 12:17:23.752,0.49,1.41,0.71,-47.55,-140.87,217.1,0.7720000000000001,1.008,0.35799999999999993,-23.793999999999954,-67.846,144.288
2026-07-27 12:17:23.995,0.34,1.24,0.57,-117.55,-118.96,142.52,0.6860000000000002,1.1880000000000002,0.4879999999999999,-59.80399999999995,-111.28,178.2
2026-07-27 12:17:24.005,0.59,0.97,0.82,74.34,177.0,-121.46,0.6640000000000003,1.3039999999999998,0.6639999999999999,-46.63199999999996,-88.526,138.978
2026-07-27 12:17:24.102,0.59,0.97,0.82,74.34,177.0,-121.46,0.5700000000000001,1.208,0.7219999999999999,-15.28399999999995,-18.45799999999999,67.55400000000002
2026-07-27 12:17:24.118,0.91,0.98,0.62,37.23,242.25,-162.29,0.5840000000000002,1.114,0.7079999999999999,4.162000000000047,67.28400000000002,-9.117999999999984
2026-07-27 12:17:25.134,0.76,1.23,0.5,109.19,284.67,-151.49,0.6380000000000002,1.0779999999999998,0.6659999999999998,35.51000000000005,152.392,-82.83599999999998
2026-07-27 12:17:25.850,0.7,1.21,0.6,25.33,161.99,-206.24,0.7100000000000002,1.0719999999999998,0.6719999999999999,64.08600000000004,208.58200000000002,-152.588
2026-07-27 12:17:25.865,0.55,0.48,0.09,-8.42,-108.15,5.19,0.7020000000000002,0.974,0.526,47.53400000000004,151.55200000000002,-127.25799999999997
2026-07-27 12:17:25.928,0.66,0.91,0.36,17.27,-146.48,128.78,0.7160000000000002,0.9620000000000001,0.4339999999999999,36.12000000000005,86.856,-77.21
2026-07-27 12:17:25.972,0.18,1.49,0.83,-4.39,-182.86,246.03,0.5700000000000002,1.064,0.47599999999999987,27.796000000000042,1.8340000000000032,4.454000000000008
2026-07-27 12:17:25.976,0.04,1.32,0.68,-21.18,-129.94,172.18,0.42600000000000016,1.082,0.5119999999999999,1.7220000000000453,-81.088,69.18800000000002
2026-07-27 12:17:25.979,0.27,1.13,0.53,-72.94,-133.48,42.18,0.3400000000000002,1.066,0.49799999999999994,-17.931999999999952,-140.18200000000002,118.872
2026-07-27 12:17:25.992,0.44,0.52,0.38,-95.58,299.68,68.3,0.31800000000000017,1.074,0.5559999999999999,-35.363999999999955,-58.615999999999985,131.494
2026-07-27 12:17:26.039,0.28,1.07,0.64,80.26,44.56,37.48,0.24200000000000016,1.1059999999999999,0.612,-22.765999999999956,-20.407999999999994,113.23400000000001
2026-07-27 12:17:26.087,0.21,1.03,0.59,80.14,65.31,40.59,0.24800000000000016,1.0139999999999998,0.564,-5.859999999999954,29.22600000000001,72.14600000000002
2026-07-27 12:17:26.328,0.04,0.69,0.25,32.96,100.89,68.73,0.24800000000000016,0.8880000000000001,0.4779999999999999,4.968000000000048,75.39200000000001,51.45600000000002
2026-07-27 12:17:26.342,0.0,0.8,0.08,50.42,96.68,73.55,0.19400000000000017,0.8220000000000001,0.38799999999999996,29.640000000000043,121.42400000000002,57.730000000000004
2026-07-27 12:17:26.628,-0.25,0.71,0.09,89.36,225.65,11.05,0.056000000000000195,0.86,0.3299999999999999,66.62800000000004,106.61800000000001,46.280000000000015
2026-07-27 12:17:26.691,-0.16,1.17,0.73,-19.65,9.03,27.1,-0.03199999999999982,0.8800000000000001,0.348,46.64600000000004,99.512,44.204000000000015
2026-07-27 12:17:26.755,-0.17,0.79,0.38,39.43,-52.67,97.66,-0.10799999999999983,0.8320000000000001,0.30599999999999994,38.50400000000004,75.91600000000001,55.618000000000016
2026-07-27 12:17:26.802,-0.25,0.78,0.21,64.58,-50.42,91.8,-0.16599999999999984,0.85,0.29799999999999993,44.828000000000046,45.65400000000001,60.23200000000001
2026-07-27 12:17:27.103,-0.33,0.5,0.07,0.85,-10.19,84.96,-0.23199999999999985,0.79,0.29599999999999993,34.914000000000044,24.28000000000001,62.51400000000001
2026-07-27 12:17:27.173,-1.27,0.72,-0.3,-14.83,113.46,-137.27,-0.43599999999999983,0.792,0.21799999999999992,14.076000000000045,1.8419999999999987,32.85
2026-07-27 12:17:27.174,-1.52,1.11,-0.11,-12.27,204.77,-175.42,-0.7079999999999999,0.78,0.04999999999999993,15.552000000000046,40.99,-7.653999999999991
2026-07-27 12:17:27.229,-1.31,1.48,0.13,-20.81,268.25,-194.95,-0.9359999999999999,0.9179999999999999,-6.661338147750939e-17,3.5040000000000453,105.174,-66.17599999999999
2026-07-27 12:17:27.235,-0.87,1.59,0.23,-46.75,275.09,-157.17,-1.0599999999999998,1.08,0.003999999999999937,-18.761999999999954,170.27599999999998,-115.96999999999998
2026-07-27 12:17:27.293,-0.66,1.11,0.01,-115.97,207.21,63.78,-1.126,1.202,-0.008000000000000064,-42.125999999999955,213.756,-120.20599999999999
2026-07-27 12:17:27.350,-0.72,0.56,-0.17,-73.06,144.41,110.41,-1.016,1.1700000000000002,0.017999999999999933,-53.771999999999956,219.946,-70.66999999999999
2026-07-27 12:17:27.468,-0.68,0.53,-0.25,-19.59,143.92,60.49,-0.8479999999999999,1.0539999999999998,-0.010000000000000064,-55.235999999999954,207.77599999999998,-23.48799999999999
2026-07-27 12:17:27.651,-0.8,0.71,0.2,-14.04,214.84,-82.09,-0.7459999999999998,0.9,0.003999999999999937,-53.88199999999996,197.094,-0.9159999999999912
2026-07-27 12:17:27.833,-0.55,1.07,-0.02,89.78,-91.55,-94.42,-0.6819999999999998,0.796,-0.04600000000000006,-26.575999999999954,123.766,11.634000000000006
2026-07-27 12:17:28.246,-0.55,1.07,-0.02,89.78,-91.55,-94.42,-0.6599999999999998,0.788,-0.05200000000000007,14.574000000000046,64.01400000000001,-20.005999999999993
2026-07-27 12:17:28.373,-0.54,0.86,-0.28,27.71,-132.57,10.68,-0.6239999999999999,0.8480000000000001,-0.07400000000000007,34.72800000000005,8.618,-39.95199999999999
2026-07-27 12:17:28.787,-0.75,0.71,-0.04,68.24,-152.16,51.82,-0.6379999999999998,0.884,-0.03200000000000007,52.294000000000054,-50.598,-41.68599999999999
2026-07-27 12:17:28.972,-0.83,0.65,0.09,170.59,-200.99,49.13,-0.6439999999999999,0.8720000000000001,-0.05400000000000007,89.22000000000006,-133.76399999999998,-15.441999999999997
2026-07-27 12:17:28.977,-1.03,0.42,-0.01,303.77,-308.78,67.32,-0.7399999999999999,0.742,-0.05200000000000007,132.01800000000003,-177.20999999999998,16.906000000000002
2026-07-27 12:17:28.978,-0.96,0.51,-0.22,199.34,-256.23,58.53,-0.8219999999999998,0.63,-0.09200000000000007,153.93000000000004,-210.14600000000002,47.496
2026-07-27 12:17:28.986,-0.88,0.49,-0.11,117.31,-169.31,56.27,-0.8899999999999999,0.556,-0.058000000000000065,171.85000000000005,-217.494,56.614
2026-07-27 12:17:28.994,-0.79,0.76,0.1,30.58,-21.79,10.62,-0.8979999999999999,0.5660000000000001,-0.030000000000000072,164.31800000000004,-191.42,48.37400000000001
2026-07-27 12:17:29.011,-0.75,0.8,0.09,48.95,-10.01,22.22,-0.8819999999999999,0.5959999999999999,-0.03000000000000006,139.99000000000007,-153.224,42.992000000000004
2026-07-27 12:17:29.024,-0.79,0.69,-0.26,-63.96,35.77,13.24,-0.8339999999999999,0.65,-0.08000000000000006,66.44400000000005,-84.314,32.176
2026-07-27 12:17:29.026,-0.73,0.66,-0.37,-54.75,35.58,7.26,-0.7879999999999998,0.6799999999999999,-0.11000000000000006,15.626000000000044,-25.951999999999998,21.922000000000004
2026-07-27 12:17:29.034,-0.4,1.09,0.37,-36.74,145.45,-55.24,-0.6919999999999998,0.8,-0.014000000000000058,-15.183999999999955,37.0,-0.37999999999999545
2026-07-27 12:17:29.037,-0.42,0.91,0.05,11.05,28.14,12.02,-0.6179999999999998,0.8300000000000001,-0.024000000000000053,-19.089999999999954,46.986000000000004,-0.09999999999999538
2026-07-27 12:17:29.042,-0.56,0.61,-0.3,-37.54,17.4,10.86,-0.5799999999999998,0.792,-0.10200000000000005,-36.387999999999955,52.468,-2.3719999999999954
2026-07-27 12:17:29.158,-0.86,0.85,-0.07,-7.51,24.72,-54.69,-0.5939999999999998,0.8240000000000001,-0.06400000000000006,-25.097999999999953,50.257999999999996,-15.957999999999995
2026-07-27 12:17:29.159,-0.9,0.86,-0.11,0.31,7.08,-48.28,-0.6279999999999998,0.8640000000000001,-0.012000000000000057,-14.085999999999956,44.558,-27.065999999999995
2026-07-27 12:17:29.445,-0.88,0.84,-0.15,-5.07,-4.33,-37.17,-0.7239999999999999,0.8140000000000001,-0.11600000000000006,-7.7519999999999545,14.601999999999999,-23.451999999999995
2026-07-27 12:17:29.455,-0.88,0.84,-0.15,-12.94,-9.7,-27.1,-0.8159999999999998,0.8,-0.15600000000000006,-12.549999999999955,7.034000000000001,-31.275999999999993
2026-07-27 12:17:29.742,-0.75,0.56,0.01,-95.34,126.1,0.0,-0.8539999999999999,0.79,-0.09400000000000006,-24.109999999999953,28.774,-33.44799999999999
2026-07-27 12:17:29.804,-0.78,0.56,0.01,-120.24,132.87,-8.54,-0.8379999999999999,0.732,-0.07800000000000004,-46.65599999999995,50.404,-24.217999999999996
2026-07-27 12:17:29.820,-0.82,0.55,0.07,-127.08,139.65,-20.75,-0.8219999999999997,0.67,-0.04200000000000005,-72.13399999999994,76.918,-18.711999999999996
2026-07-27 12:17:29.868,-0.52,1.22,0.17,-11.29,38.33,-101.01,-0.7499999999999998,0.7460000000000001,0.021999999999999954,-73.37799999999996,85.45000000000002,-31.479999999999997
2026-07-27 12:17:29.875,-0.52,1.22,0.17,-11.29,38.33,-101.01,-0.6779999999999998,0.8220000000000001,0.08599999999999997,-73.04799999999996,95.05600000000001,-46.262
2026-07-27 12:17:30.107,-0.4,1.3,0.19,-25.76,15.38,-30.7,-0.6079999999999999,0.97,0.12199999999999996,-59.13199999999995,72.912,-52.402
2026-07-27 12:17:30.123,-0.86,0.77,-0.55,137.63,-168.7,233.09,-0.6239999999999998,1.012,0.009999999999999943,-7.557999999999959,12.598000000000003,-4.075999999999993
2026-07-27 12:17:30.127,-0.86,0.77,-0.55,137.63,-168.7,233.09,-0.6319999999999999,1.0559999999999998,-0.11400000000000007,45.38400000000004,-49.071999999999996,46.69200000000001
2026-07-27 12:17:30.353,-0.62,0.89,-0.43,-56.52,-34.12,124.02,-0.6519999999999998,0.99,-0.23400000000000007,36.33800000000004,-63.562,91.69800000000001
2026-07-27 12:17:30.362,-0.04,0.89,0.42,-102.05,-128.23,136.41,-0.5559999999999998,0.924,-0.18400000000000008,18.186000000000043,-96.874,139.182
2026-07-27 12:17:30.528,0.07,0.76,0.38,-111.69,-129.09,142.09,-0.46199999999999986,0.8160000000000001,-0.14600000000000007,1.0000000000000455,-125.76799999999999,173.74
2026-07-27 12:17:30.536,0.12,0.35,0.62,-196.17,-59.63,92.29,-0.26599999999999985,0.732,0.08799999999999993,-65.75999999999995,-103.954,145.57999999999998
2026-07-27 12:17:30.712,0.13,0.46,0.47,-134.7,-120.18,-85.51,-0.06799999999999981,0.6699999999999999,0.2919999999999999,-120.22599999999996,-94.25,81.85999999999999
2026-07-27 12:17:30.760,0.13,0.46,0.47,-134.7,-120.18,-85.51,0.08200000000000018,0.584,0.47199999999999986,-135.86199999999994,-111.46199999999999,39.95399999999999
2026-07-27 12:17:30.775,0.3,0.7,0.47,-76.35,-71.84,-90.58,0.1500000000000002,0.546,0.48199999999999993,-130.72199999999995,-100.184,-5.444
2026-07-27 12:17:30.778,0.32,0.63,0.61,-133.3,-43.58,-122.44,0.20000000000000018,0.52,0.5279999999999999,-135.04399999999995,-83.08200000000001,-58.35
2026-07-27 12:17:30.950,0.35,0.38,0.64,-144.9,47.55,-71.84,0.24600000000000016,0.526,0.5319999999999999,-124.78999999999996,-61.646,-91.176
2026-07-27 12:17:31.014,0.02,0.89,1.5,-80.93,207.7,188.96,0.22400000000000014,0.612,0.7379999999999999,-114.03599999999994,3.9299999999999953,-36.282000000000004
2026-07-27 12:17:31.557,-0.08,0.46,0.91,-133.91,38.39,228.76,0.18200000000000016,0.612,0.826,-113.87799999999997,35.64399999999999,26.572000000000003
2026-07-27 12:17:31.558,0.0,0.22,0.7,-207.34,-134.64,284.3,0.12200000000000015,0.516,0.8720000000000001,-140.07599999999996,23.083999999999996,101.548
2026-07-27 12:17:31.559,0.03,0.02,0.63,-304.44,-238.28,346.07,0.06400000000000017,0.394,0.876,-174.30399999999995,-15.856,195.25
2026-07-27 12:17:31.560,-0.16,-0.23,0.25,-291.87,-124.27,285.71,-0.03799999999999983,0.272,0.798,-203.69799999999995,-50.220000000000006,266.76
2026-07-27 12:17:31.561,-0.5,-0.31,0.28,19.59,-31.49,71.11,-0.14199999999999985,0.03200000000000001,0.554,-183.59399999999997,-98.058,243.18999999999997
2026-07-27 12:17:31.562,-1.19,-0.36,0.75,111.88,123.23,119.02,-0.3639999999999998,-0.13199999999999998,0.522,-134.43599999999995,-81.09,221.24200000000002
2026-07-27 12:17:31.563,-1.38,-0.56,0.88,72.45,131.47,105.59,-0.6399999999999999,-0.288,0.5579999999999999,-78.47799999999997,-27.867999999999995,185.5
2026-07-27 12:17:31.564,-1.37,-0.65,1.0,71.96,147.58,12.82,-0.9199999999999997,-0.422,0.6319999999999999,-3.1979999999999564,49.30400000000001,118.85
2026-07-27 12:17:31.565,-1.07,-0.64,1.13,92.04,201.29,-90.58,-1.1019999999999999,-0.504,0.8079999999999998,73.58400000000005,114.41600000000001,43.592
2026-07-27 12:17:31.567,-1.07,-0.64,1.13,92.04,201.29,-90.58,-1.2159999999999997,-0.5700000000000001,0.9779999999999998,88.07400000000004,160.972,11.254000000000005
2026-07-27 12:17:31.918,-0.45,-0.59,1.29,116.58,202.64,-123.47,-1.068,-0.616,1.0859999999999999,89.01400000000005,176.85399999999998,-37.24399999999999
2026-07-27 12:17:31.966,-0.36,-0.35,0.99,18.8,-19.41,-35.64,-0.8639999999999999,-0.5740000000000001,1.1079999999999999,78.28400000000005,146.678,-65.48999999999998
2026-07-27 12:17:32.095,-0.54,-0.37,1.07,23.07,-62.38,-19.59,-0.6979999999999998,-0.518,1.1219999999999999,68.50600000000006,104.686,-71.97200000000001
2026-07-27 12:17:32.277,-0.53,-0.41,1.02,-41.02,-88.32,88.68,-0.5899999999999999,-0.472,1.1,41.89400000000004,46.763999999999996,-36.11999999999999
2026-07-27 12:17:32.281,-0.61,-0.14,1.03,-36.93,-97.72,84.05,-0.4979999999999999,-0.372,1.0799999999999998,16.100000000000044,-13.037999999999997,-1.1939999999999997
2026-07-27 12:17:32.582,-0.67,0.01,0.77,5.92,-118.16,135.07,-0.5419999999999998,-0.252,0.976,-6.031999999999956,-77.19800000000001,50.513999999999996
2026-07-27 12:17:32.587,-0.32,0.28,1.1,166.2,-88.5,21.67,-0.5339999999999999,-0.12599999999999997,0.9979999999999999,23.448000000000043,-91.01599999999999,61.976
2026-07-27 12:17:32.872,-0.13,0.2,0.85,99.12,-32.59,78.37,-0.45199999999999985,-0.011999999999999966,0.954,38.658000000000044,-85.05799999999999,81.56800000000001
2026-07-27 12:17:32.877,-0.09,0.32,0.89,64.15,-32.65,59.75,-0.3639999999999999,0.13400000000000004,0.9279999999999999,59.69200000000005,-73.92399999999999,75.78200000000001
2026-07-27 12:17:32.882,-0.01,0.2,0.64,21.24,-17.46,14.71,-0.2439999999999999,0.20200000000000004,0.8499999999999999,71.32600000000005,-57.872,61.914
2026-07-27 12:17:32.936,0.0,0.33,0.62,5.74,18.43,-1.4,-0.10999999999999988,0.266,0.82,71.29000000000005,-30.553999999999995,34.62
2026-07-27 12:17:33.183,0.05,0.49,1.04,-50.23,67.57,59.02,-0.035999999999999865,0.308,0.8079999999999998,28.004000000000048,0.6599999999999995,42.09
2026-07-27 12:17:33.353,0.01,0.44,1.0,-25.7,90.39,105.53,-0.007999999999999865,0.35600000000000004,0.8379999999999999,3.0400000000000467,25.256,47.522
2026-07-27 12:17:33.354,0.01,0.23,0.83,-62.26,61.28,136.17,0.012000000000000132,0.338,0.826,-22.241999999999955,44.042,62.806
2026-07-27 12:17:33.356,0.14,0.03,0.65,-207.4,-103.15,145.63,0.042000000000000134,0.30400000000000005,0.828,-67.96999999999996,26.904000000000003,88.98999999999998
2026-07-27 12:17:33.358,0.16,-0.09,0.52,-298.71,-134.22,145.69,0.07400000000000014,0.22000000000000003,0.8079999999999998,-128.85999999999996,-3.625999999999999,118.40799999999999
2026-07-27 12:17:33.359,0.46,-0.83,0.39,-410.83,-212.22,86.67,0.15600000000000014,-0.04399999999999997,0.6779999999999998,-200.97999999999996,-59.58399999999999,123.93800000000002
2026-07-27 12:17:33.360,0.7,-1.1,0.44,-311.95,-275.15,22.52,0.29400000000000015,-0.352,0.566,-258.2299999999999,-132.69199999999998,107.33600000000001
2026-07-27 12:17:33.653,0.66,-1.06,0.5,-106.08,-187.68,-14.83,0.4240000000000001,-0.61,0.5,-266.99399999999997,-182.48399999999998,77.136
2026-07-27 12:17:33.669,0.39,-1.02,0.39,45.72,-110.17,108.4,0.4740000000000001,-0.82,0.44799999999999995,-216.36999999999995,-183.88799999999998,69.69
2026-07-27 12:17:33.701,0.1,-0.65,0.03,-111.08,-170.53,49.93,0.4620000000000002,-0.932,0.3499999999999999,-178.84399999999997,-191.15,50.538
2026-07-27 12:17:34.018,0.32,-1.08,-0.0,-72.57,-243.96,13.73,0.43400000000000016,-0.982,0.2719999999999999,-111.19199999999996,-197.498,35.95
2026-07-27 12:17:34.027,0.32,-1.08,-0.0,-72.57,-243.96,13.73,0.35800000000000015,-0.9780000000000001,0.1839999999999999,-63.31599999999995,-191.26,34.192
2026-07-27 12:17:34.607,-0.0,-0.98,-0.01,-1.34,31.19,6.04,0.22600000000000015,-0.9620000000000001,0.08199999999999993,-42.36799999999995,-147.486,38.366
2026-07-27 12:17:34.623,0.01,-0.99,-0.02,0.12,-0.24,0.06,0.15000000000000013,-0.9560000000000001,-7.771561172376095e-17,-51.48799999999996,-125.5,16.698
2026-07-27 12:17:34.628,0.01,-0.99,-0.02,0.18,-0.12,0.06,0.13200000000000014,-1.0239999999999998,-0.010000000000000078,-29.23599999999995,-91.418,6.723999999999999
2026-07-27 12:17:34.670,0.01,-0.99,-0.02,0.18,-0.12,0.06,0.07000000000000015,-1.0059999999999998,-0.014000000000000078,-14.685999999999954,-42.65,3.9899999999999998
2026-07-27 12:17:34.845,0.01,-0.99,-0.02,0.18,-0.12,0.06,0.008000000000000134,-0.9879999999999999,-0.01800000000000008,-0.13599999999995455,6.118,1.256
2026-07-27 12:17:34.860,0.01,-0.99,-0.02,0.18,-0.12,0.12,0.01,-0.99,-0.02,0.16800000000004547,-0.144,0.072
2026-07-27 12:17:34.916,0.01,-0.99,-0.02,0.18,-0.18,0.06,0.01,-0.99,-0.02,0.18,-0.13199999999999998,0.072
2026-07-27 12:17:35.093,0.01,-0.99,-0.02,0.18,-0.18,0.06,0.01,-0.99,-0.02,0.18,-0.144,0.072
2026-07-27 12:17:35.147,0.01,-0.99,-0.02,0.18,-0.18,0.06,0.01,-0.99,-0.02,0.18,-0.156,0.072
2026-07-27 12:17:35.210,0.01,-0.99,-0.02,0.18,-0.12,0.06,0.01,-0.99,-0.02,0.18,-0.156,0.072
2026-07-27 12:17:35.329,0.01,-0.99,-0.02,0.18,-0.18,0.12,0.01,-0.99,-0.02,0.18,-0.16799999999999998,0.072
2026-07-27 12:17:35.335,0.01,-0.99,-0.02,0.18,-0.18,0.06,0.01,-0.99,-0.02,0.18,-0.16799999999999998,0.072
2026-07-27 12:17:35.336,0.01,-0.99,-0.02,0.18,-0.18,0.06,0.01,-0.99,-0.02,0.18,-0.16799999999999998,0.072
2026-07-27 12:17:35.394,0.01,-0.99,-0.02,0.18,-0.12,0.06,0.01,-0.99,-0.02,0.18,-0.15599999999999997,0.072
2026-07-27 12:17:35.811,0.01,-0.99,-0.02,0.18,-0.12,0.06,0.01,-0.99,-0.02,0.18,-0.15599999999999997,0.072
2026-07-27 12:17:35.827,0.01,-0.99,-0.02,0.18,-0.12,0.06,0.01,-0.99,-0.02,0.18,-0.144,0.06
2026-07-27 12:17:35.938,0.01,-0.99,-0.02,0.18,-0.18,0.12,0.01,-0.99,-0.02,0.18,-0.144,0.072
2026-07-27 12:17:35.948,0.01,-0.99,-0.02,0.18,-0.18,0.12,0.01,-0.99,-0.02,0.18,-0.144,0.08399999999999999
2026-07-27 12:17:35.992,0.01,-0.99,-0.02,0.18,-0.18,0.06,0.01,-0.99,-0.02,0.18,-0.156,0.08399999999999999
2026-07-27 12:17:36.049,0.01,-0.99,-0.02,0.18,-0.18,0.06,0.01,-0.99,-0.02,0.18,-0.16799999999999998,0.08399999999999999
2026-07-27 12:17:36.054,0.01,-0.99,-0.02,0.18,-0.18,0.06,0.01,-0.99,-0.02,0.18,-0.18,0.08399999999999999
2026-07-27 12:17:36.159,0.01,-0.99,-0.02,0.18,-0.12,0.06,0.01,-0.99,-0.02,0.18,-0.168,0.072
2026-07-27 12:17:36.178,0.01,-0.99,-0.02,0.18,-0.12,0.06,0.01,-0.99,-0.02,0.18,-0.156,0.06
2026-07-27 12:17:36.239,0.01,-0.99,-0.02,0.18,-0.12,0.06,0.01,-0.99,-0.02,0.18,-0.144,0.06
2026-07-27 12:17:36.292,0.01,-0.99,-0.02,0.18,-0.12,0.06,0.01,-0.99,-0.02,0.18,-0.13199999999999998,0.06
2026-07-27 12:17:36.592,0.01,-0.99,-0.02,0.18,-0.18,0.06,0.01,-0.99,-0.02,0.18,-0.13199999999999998,0.06
2026-07-27 12:17:36.604,0.01,-0.99,-0.02,0.12,-0.12,0.06,0.01,-0.99,-0.02,0.16800000000004547,-0.13199999999999998,0.06
2026-07-27 12:17:36.619,0.01,-0.99,-0.02,0.18,-0.18,0.06,0.01,-0.99,-0.02,0.16800000000004545,-0.144,0.06
2026-07-27 12:17:37.001,0.01,-0.99,-0.02,0.18,-0.12,0.06,0.01,-0.99,-0.02,0.16800000000004547,-0.144,0.06
2026-07-27 12:17:37.017,0.01,-0.99,-0.02,0.18,-0.18,0.06,0.01,-0.99,-0.02,0.16800000000004545,-0.156,0.06
2026-07-27 12:17:37.019,0.01,-0.99,-0.02,0.18,-0.18,0.12,0.01,-0.99,-0.02,0.16800000000004547,-0.156,0.072
2026-07-27 12:17:37.020,0.01,-0.99,-0.02,0.18,-0.18,0.06,0.01,-0.99,-0.02,0.18,-0.16799999999999998,0.072
2026-07-27 12:17:37.022,0.01,-0.99,-0.02,0.18,-0.18,0.06,0.01,-0.99,-0.02,0.18,-0.16799999999999998,0.072
2026-07-27 12:17:37.024,0.01,-0.99,-0.02,0.18,-0.12,0.06,0.01,-0.99,-0.02,0.18,-0.16799999999999998,0.072
2026-07-27 12:17:37.085,0.01,-0.99,-0.02,0.18,-0.18,0.06,0.01,-0.99,-0.02,0.18,-0.16799999999999998,0.072
2026-07-27 12:17:37.250,0.01,-0.99,-0.02,0.18,-0.18,0.06,0.01,-0.99,-0.02,0.18,-0.16799999999999998,0.06
2026-07-27 12:17:37.453,0.01,-0.99,-0.02,0.18,-0.18,0.06,0.01,-0.99,-0.02,0.18,-0.16799999999999998,0.06
2026-07-27 12:17:37.454,0.01,-0.99,-0.02,0.18,-0.12,0.06,0.01,-0.99,-0.02,0.18,-0.156,0.06
2026-07-27 12:17:37.456,0.01,-0.99,-0.02,0.18,-0.12,0.06,0.01,-0.99,-0.02,0.18,-0.156,0.06
2026-07-27 12:17:37.606,0.01,-0.99,-0.02,0.18,-0.18,0.06,0.01,-0.99,-0.02,0.18,-0.156,0.06
2026-07-27 12:17:37.669,0.01,-0.99,-0.02,0.18,-0.18,0.06,0.01,-0.99,-0.02,0.18,-0.156,0.06
2026-07-27 12:17:37.732,0.01,-0.99,-0.02,0.18,-0.18,0.06,0.01,-0.99,-0.02,0.18,-0.156,0.06
2026-07-27 12:17:37.854,0.01,-0.99,-0.02,0.18,-0.12,0.06,0.01,-0.99,-0.02,0.18,-0.15599999999999997,0.06
2026-07-27 12:17:37.859,0.01,-0.99,-0.02,0.18,-0.12,0.06,0.01,-0.99,-0.02,0.18,-0.15599999999999997,0.06
2026-07-27 12:17:37.907,0.01,-0.99,-0.02,0.18,-0.18,0.06,0.01,-0.99,-0.02,0.18,-0.156,0.06
2026-07-27 12:17:38.398,0.01,-0.99,-0.02,0.18,-0.18,0.12,0.01,-0.99,-0.02,0.18,-0.156,0.072
2026-07-27 12:17:38.446,0.01,-0.99,-0.02,0.12,-0.12,0.06,0.01,-0.99,-0.02,0.1680000000000455,-0.144,0.072
2026-07-27 12:17:38.525,0.01,-0.99,-0.02,0.18,-0.12,0.06,0.01,-0.99,-0.02,0.16800000000004547,-0.144,0.072
2026-07-27 12:17:38.811,0.01,-0.99,-0.02,0.18,-0.12,0.06,0.01,-0.99,-0.02,0.16800000000004545,-0.144,0.072
2026-07-27 12:17:39.161,0.01,-0.99,-0.02,0.18,-0.18,0.06,0.01,-0.99,-0.02,0.16800000000004547,-0.144,0.072
2026-07-27 12:17:39.177,0.01,-0.99,-0.02,0.18,-0.12,0.06,0.01,-0.99,-0.02,0.16800000000004545,-0.13199999999999998,0.06
2026-07-27 12:17:39.178,0.01,-0.99,-0.02,0.18,-0.12,0.06,0.01,-0.99,-0.02,0.18,-0.13199999999999998,0.06
2026-07-27 12:17:39.188,0.01,-0.99,-0.02,0.18,-0.12,0.06,0.01,-0.99,-0.02,0.18,-0.13199999999999998,0.06
2026-07-27 12:17:39.228,0.01,-0.99,-0.02,0.18,-0.06,0.06,0.01,-0.99,-0.02,0.18,-0.12,0.06
2026-07-27 12:17:39.352,0.0,-0.99,-0.02,0.18,-0.06,0.0,0.008000000000000134,-0.99,-0.02,0.18,-0.096,0.048
2026-07-27 12:17:39.415,0.01,-0.99,-0.01,0.18,-0.24,0.12,0.008000000000000134,-0.99,-0.01800000000000008,0.18,-0.12,0.06
2026-07-27 12:17:39.463,0.01,-0.99,-0.01,0.18,-0.12,0.06,0.008000000000000134,-0.99,-0.01600000000000008,0.18,-0.12,0.06
2026-07-27 12:17:39.654,0.01,-0.99,-0.02,0.18,-0.12,0.06,0.008000000000000134,-0.99,-0.016000000000000077,0.18,-0.12,0.06
2026-07-27 12:17:39.718,0.01,-0.99,-0.02,0.18,-0.18,0.12,0.008000000000000134,-0.99,-0.016000000000000077,0.18,-0.144,0.072
2026-07-27 12:17:39.738,0.01,-0.99,-0.02,0.18,-0.18,0.06,0.01,-0.99,-0.016000000000000077,0.18,-0.16799999999999998,0.08399999999999999
2026-07-27 12:17:39.837,0.01,-0.99,-0.02,0.18,-0.18,0.06,0.01,-0.99,-0.01800000000000008,0.18,-0.156,0.072
2026-07-27 12:17:39.838,0.01,-0.99,-0.02,0.18,-0.18,0.06,0.01,-0.99,-0.02,0.18,-0.16799999999999998,0.072
2026-07-27 12:17:39.911,0.01,-0.99,-0.02,0.18,-0.06,0.06,0.01,-0.99,-0.02,0.18,-0.156,0.072
2026-07-27 12:17:39.926,0.01,-0.99,-0.02,0.18,-0.12,0.06,0.01,-0.99,-0.02,0.18,-0.144,0.06
2026-07-27 12:17:40.243,0.01,-0.99,-0.02,0.18,-0.12,0.06,0.01,-0.99,-0.02,0.18,-0.13199999999999998,0.06
2026-07-27 12:17:40.259,0.01,-0.99,-0.02,0.18,-0.12,0.06,0.01,-0.99,-0.02,0.18,-0.12,0.06
2026-07-27 12:17:40.307,0.01,-0.99,-0.02,0.18,-0.12,0.06,0.01,-0.99,-0.02,0.18,-0.10800000000000001,0.06
2026-07-27 12:17:40.372,0.01,-0.99,-0.02,0.18,-0.12,0.06,0.01,-0.99,-0.02,0.18,-0.12,0.06
2026-07-27 12:17:40.374,0.01,-0.99,-0.02,0.18,-0.12,0.06,0.01,-0.99,-0.02,0.18,-0.12,0.06
2026-07-27 12:17:40.614,0.01,-0.99,-0.02,0.18,-0.18,0.12,0.01,-0.99,-0.02,0.18,-0.13199999999999998,0.072
2026-07-27 12:17:40.615,0.01,-0.99,-0.02,0.18,-0.18,0.12,0.01,-0.99,-0.02,0.18,-0.144,0.08399999999999999
2026-07-27 12:17:40.616,0.01,-0.99,-0.02,0.18,-0.18,0.12,0.01,-0.99,-0.02,0.18,-0.156,0.096
2026-07-27 12:17:40.678,0.01,-0.99,-0.02,0.18,-0.18,0.06,0.01,-0.99,-0.02,0.18,-0.16799999999999998,0.096
2026-07-27 12:17:40.734,0.01,-0.99,-0.02,0.18,-0.12,0.06,0.01,-0.99,-0.02,0.18,-0.16799999999999998,0.096
2026-07-27 12:17:40.745,0.01,-0.99,-0.02,0.18,-0.12,0.06,0.01,-0.99,-0.02,0.18,-0.15599999999999997,0.08399999999999999
2026-07-27 12:17:40.798,0.01,-0.99,-0.02,0.18,-0.12,0.06,0.01,-0.99,-0.02,0.18,-0.144,0.072
2026-07-27 12:17:40.844,0.01,-0.99,-0.02,0.18,-0.12,0.06,0.01,-0.99,-0.02,0.18,-0.132,0.06
2026-07-27 12:17:41.146,0.01,-0.99,-0.02,0.18,-0.12,0.12,0.01,-0.99,-0.02,0.18,-0.12,0.072
2026-07-27 12:17:41.162,0.01,-0.99,-0.02,0.12,-0.12,0.06,0.01,-0.99,-0.02,0.16800000000004547,-0.12,0.072
2026-07-27 12:17:41.337,0.01,-0.99,-0.02,0.18,-0.12,0.06,0.01,-0.99,-0.02,0.16800000000004545,-0.12,0.072
2026-07-27 12:17:41.353,0.01,-0.99,-0.02,0.18,-0.18,0.06,0.01,-0.99,-0.02,0.16800000000004547,-0.13199999999999998,0.072
2026-07-27 12:17:41.395,0.01,-0.99,-0.02,0.18,-0.12,0.06,0.01,-0.99,-0.02,0.16800000000004545,-0.13199999999999998,0.072
2026-07-27 12:17:41.449,0.01,-0.99,-0.02,0.18,-0.12,0.06,0.01,-0.99,-0.02,0.16800000000004547,-0.13199999999999998,0.06
2026-07-27 12:17:41.697,0.01,-0.99,-0.02,0.18,-0.18,0.06,0.01,-0.99,-0.02,0.18,-0.144,0.06
2026-07-27 12:17:41.703,0.01,-0.99,-0.01,0.18,1.1,-0.55,0.01,-0.99,-0.01800000000000008,0.18,0.10000000000000002,-0.06200000000000001
2026-07-27 12:17:41.719,-0.02,-0.99,-0.04,-0.12,0.43,0.37,0.004000000000000134,-0.99,-0.022000000000000082,0.12000000000004547,0.22200000000000003,-1.1102230246251566e-17
2026-07-27 12:17:41.751,-0.02,-0.99,-0.04,-0.12,0.43,0.37,-0.0019999999999998665,-0.99,-0.02600000000000008,0.060000000000045475,0.332,0.061999999999999986
2026-07-27 12:17:41.928,0.01,-0.99,-0.01,0.24,-0.18,0.0,-0.001999999999999866,-0.99,-0.024000000000000077,0.07200000000004547,0.32,0.04999999999999999
2026-07-27 12:17:42.052,0.01,-0.99,-0.02,0.12,-0.12,0.06,-0.001999999999999866,-0.99,-0.024000000000000077,0.060000000000045475,0.332,0.04999999999999999
2026-07-27 12:17:42.104,0.01,-0.99,-0.02,0.18,-0.12,0.06,-0.001999999999999866,-0.99,-0.02600000000000008,0.060000000000045475,0.088,0.17200000000000001
2026-07-27 12:17:42.405,0.01,-0.99,-0.02,0.18,-0.12,0.06,0.004000000000000134,-0.99,-0.022000000000000075,0.12000000000004547,-0.022,0.11000000000000001
2026-07-27 12:17:42.418,0.01,-0.99,-0.02,0.18,-0.12,0.06,0.01,-0.99,-0.01800000000000008,0.18000000000004546,-0.132,0.04800000000000001
2026-07-27 12:17:42.465,0.01,-0.99,-0.02,0.18,-0.18,0.06,0.01,-0.99,-0.02,0.16800000000004547,-0.13199999999999998,0.06
2026-07-27 12:17:42.478,0.01,-0.99,-0.02,0.18,-0.18,0.06,0.01,-0.99,-0.02,0.18,-0.144,0.06
2026-07-27 12:17:42.544,0.01,-0.99,-0.02,0.18,-0.18,0.06,0.01,-0.99,-0.02,0.18,-0.156,0.06
2026-07-27 12:17:42.594,0.01,-0.99,-0.02,0.18,-0.18,0.12,0.01,-0.99,-0.02,0.18,-0.16799999999999998,0.07200000000000001
2026-07-27 12:17:42.595,0.01,-0.99,-0.02,0.18,-0.18,0.12,0.01,-0.99,-0.02,0.18,-0.18,0.084
2026-07-27 12:17:42.716,0.01,-0.99,-0.02,0.18,-0.18,0.06,0.01,-0.99,-0.02,0.18,-0.18,0.084
2026-07-27 12:17:42.764,0.01,-0.99,-0.02,0.18,-0.18,0.12,0.01,-0.99,-0.02,0.18,-0.18,0.096
2026-07-27 12:17:42.891,0.01,-0.99,-0.02,0.18,-0.18,0.12,0.01,-0.99,-0.02,0.18,-0.18,0.10800000000000001
2026-07-27 12:17:42.952,0.01,-0.99,-0.02,0.12,-0.12,0.06,0.01,-0.99,-0.02,0.1680000000000455,-0.16799999999999998,0.096
2026-07-27 12:17:42.996,0.01,-0.99,-0.02,0.12,-0.12,0.06,0.01,-0.99,-0.02,0.1560000000000455,-0.15599999999999997,0.084
2026-07-27 12:17:43.006,0.01,-0.99,-0.02,0.18,-0.12,0.06,0.01,-0.99,-0.02,0.1560000000000455,-0.144,0.084
2026-07-27 12:17:43.065,0.01,-0.99,-0.02,0.18,-0.18,0.12,0.01,-0.99,-0.02,0.1560000000000455,-0.144,0.084
2026-07-27 12:17:43.129,0.01,-0.99,-0.02,0.18,-0.24,0.12,0.01,-0.99,-0.02,0.1560000000000455,-0.156,0.084
2026-07-27 12:17:43.139,0.01,-0.99,-0.02,0.18,-0.24,0.12,0.01,-0.99,-0.02,0.16800000000004545,-0.18,0.096
2026-07-27 12:17:43.192,0.01,-0.99,-0.02,0.18,-0.18,0.12,0.01,-0.99,-0.02,0.18,-0.192,0.10800000000000001
2026-07-27 12:17:43.256,0.01,-0.99,-0.02,0.18,-0.12,0.06,0.01,-0.99,-0.02,0.18,-0.192,0.10800000000000001
2026-07-27 12:17:43.366,0.01,-0.99,-0.02,0.18,-0.12,0.06,0.01,-0.99,-0.02,0.18,-0.18,0.096
2026-07-27 12:17:43.446,0.01,-0.99,-0.02,0.18,-0.12,0.06,0.01,-0.99,-0.02,0.18,-0.15599999999999997,0.084
2026-07-27 12:17:43.557,0.01,-0.99,-0.02,0.18,-0.18,0.06,0.01,-0.99,-0.02,0.18,-0.144,0.07200000000000001
2026-07-27 12:17:43.628,0.01,-0.99,-0.02,0.12,-0.12,0.06,0.01,-0.99,-0.02,0.16800000000004547,-0.13199999999999998,0.06
2026-07-27 12:17:43.636,0.01,-0.99,-0.02,0.18,-0.12,0.06,0.01,-0.99,-0.02,0.16800000000004545,-0.13199999999999998,0.06
2026-07-27 12:17:43.669,0.01,-0.99,-0.02,0.18,-0.12,0.12,0.01,-0.99,-0.02,0.16800000000004547,-0.13199999999999998,0.07200000000000001
2026-07-27 12:17:43.909,0.01,-0.99,-0.02,0.18,-0.18,0.12,0.01,-0.99,-0.02,0.16800000000004545,-0.144,0.084
2026-07-27 12:17:43.978,0.01,-0.99,-0.02,0.18,-0.18,0.12,0.01,-0.99,-0.02,0.16800000000004547,-0.144,0.096
2026-07-27 12:17:44.028,0.01,-0.99,-0.02,0.18,-0.18,0.12,0.01,-0.99,-0.02,0.18,-0.15599999999999997,0.10800000000000001
2026-07-27 12:17:44.093,0.01,-0.99,-0.02,0.18,-0.18,0.12,0.01,-0.99,-0.02,0.18,-0.16799999999999998,0.12
2026-07-27 12:17:44.154,0.01,-0.99,-0.02,0.12,-0.18,0.06,0.01,-0.99,-0.02,0.16800000000004547,-0.18,0.10800000000000001
2026-07-27 12:17:44.395,0.01,-0.99,-0.02,0.12,-0.18,0.06,0.01,-0.99,-0.02,0.15600000000004546,-0.18,0.096
2026-07-27 12:17:44.448,0.01,-0.99,-0.02,0.12,-0.31,0.24,0.01,-0.99,-0.02,0.14400000000004548,-0.20600000000000002,0.12000000000000002
2026-07-27 12:17:44.630,0.0,-0.99,-0.01,0.18,-0.37,0.24,0.008000000000000135,-0.99,-0.01800000000000008,0.14400000000004548,-0.244,0.144
2026-07-27 12:17:44.639,0.01,-0.99,-0.02,0.18,-0.06,0.06,0.008000000000000134,-0.99,-0.01800000000000008,0.14400000000004548,-0.22000000000000003,0.132
2026-07-27 12:17:44.687,0.02,-0.98,0.09,0.24,2.75,0.0,0.010000000000000134,-0.9879999999999999,0.00399999999999992,0.16800000000004547,0.366,0.12000000000000002
2026-07-27 12:17:44.750,0.15,-0.99,-0.02,0.79,1.28,-0.31,0.03800000000000013,-0.9879999999999999,0.003999999999999921,0.30200000000004545,0.658,0.046000000000000006
2026-07-27 12:17:44.814,0.03,-0.99,-0.11,-0.24,37.9,0.24,0.042000000000000134,-0.9879999999999999,-0.014000000000000078,0.2300000000000455,8.3,0.046000000000000006
2026-07-27 12:17:44.861,-0.31,-0.99,-0.05,-0.43,25.02,0.18,-0.01999999999999987,-0.9879999999999999,-0.022000000000000082,0.10800000000004548,13.378,0.03400000000000001
2026-07-27 12:17:45.003,-0.06,-1.04,0.02,0.24,86.79,-5.55,-0.033999999999999864,-0.998,-0.014000000000000078,0.12000000000004549,30.748,-1.0879999999999999
2026-07-27 12:17:45.115,0.37,-1.02,-0.04,1.46,115.36,-128.6,0.036000000000000136,-1.0059999999999998,-0.04000000000000008,0.3640000000000455,53.27,-26.808
2026-07-27 12:17:45.169,0.75,-0.42,-0.14,-39.86,-21.61,-462.65,0.15600000000000014,-0.892,-0.06400000000000008,-7.765999999999954,48.69200000000001,-119.276
2026-07-27 12:17:45.175,0.86,-0.33,-0.02,-86.61,8.12,-349.24,0.3220000000000002,-0.76,-0.04600000000000008,-25.039999999999953,42.736000000000004,-189.172
2026-07-27 12:17:45.227,0.87,-0.46,0.11,-64.76,46.02,-145.08,0.5580000000000002,-0.654,-0.014000000000000078,-37.90599999999996,46.936,-218.224
2026-07-27 12:17:45.354,1.03,-0.46,0.01,-16.91,20.45,42.91,0.7760000000000001,-0.538,-0.016000000000000084,-41.335999999999956,33.668,-208.532
2026-07-27 12:17:45.412,0.74,-0.42,-0.28,-61.4,-28.02,90.09,0.8500000000000002,-0.418,-0.06400000000000008,-53.90799999999996,4.992,-164.794
2026-07-27 12:17:45.465,0.58,-0.52,-0.04,57.92,-18.37,32.35,0.8160000000000002,-0.43800000000000006,-0.04400000000000009,-34.35199999999996,5.64,-65.79400000000001
2026-07-27 12:17:45.596,0.81,-0.58,0.13,98.75,66.96,23.56,0.8060000000000003,-0.488,-0.01400000000000009,2.720000000000044,17.407999999999998,8.765999999999996
2026-07-27 12:17:45.598,0.81,-0.89,-0.06,-169.98,-18.07,36.87,0.7940000000000002,-0.5740000000000001,-0.048000000000000084,-18.323999999999952,4.589999999999998,45.156
2026-07-27 12:17:45.650,0.82,-0.78,-0.19,-169.37,-51.09,-21.61,0.7520000000000001,-0.6380000000000001,-0.08800000000000009,-48.81599999999995,-9.718000000000004,32.251999999999995
2026-07-27 12:17:45.656,0.82,-0.78,-0.19,-169.37,-51.09,-21.61,0.7680000000000001,-0.7100000000000001,-0.07000000000000009,-70.40999999999994,-14.332000000000004,9.912
2026-07-27 12:17:45.719,0.76,-0.42,-0.37,-115.17,-54.44,-82.46,0.804,-0.6900000000000001,-0.13600000000000007,-105.02799999999995,-21.546000000000003,-13.05
2026-07-27 12:17:45.831,0.81,0.02,-0.5,107.42,36.07,-29.91,0.804,-0.5700000000000001,-0.2620000000000001,-103.29399999999995,-27.724,-23.743999999999996
2026-07-27 12:17:45.893,0.65,-1.01,0.7,12.15,42.11,26.67,0.772,-0.594,-0.11000000000000007,-66.86799999999995,-15.687999999999999,-25.784
2026-07-27 12:17:45.957,0.52,-1.19,1.19,13.79,-10.99,-40.89,0.7120000000000001,-0.6759999999999999,0.1659999999999999,-30.23599999999995,-7.668000000000002,-29.639999999999997
2026-07-27 12:17:46.132,0.58,-0.89,0.54,-62.62,-254.7,-113.34,0.6640000000000001,-0.698,0.31199999999999994,-8.88599999999995,-48.39,-47.986
2026-07-27 12:17:46.195,0.21,-1.23,0.87,34.12,246.09,213.93,0.554,-0.86,0.5599999999999999,20.972000000000055,11.716000000000003,11.292000000000007
2026-07-27 12:17:46.380,0.3,-1.1,0.37,42.54,-97.17,-1.65,0.4520000000000001,-1.084,0.734,7.996000000000049,-14.931999999999999,16.944000000000003
2026-07-27 12:17:46.386,1.01,-0.05,-1.25,105.65,-186.71,-51.76,0.5240000000000001,-0.892,0.3439999999999999,26.696000000000048,-60.69599999999999,1.258000000000004
2026-07-27 12:17:46.497,0.57,-0.95,0.01,-53.04,79.77,60.49,0.534,-0.8440000000000001,0.10799999999999992,13.330000000000046,-42.544,21.534000000000002
2026-07-27 12:17:46.545,0.66,-0.91,0.15,107.3,12.15,-39.0,0.55,-0.8480000000000001,0.02999999999999991,47.31400000000005,10.826000000000006,36.402
2026-07-27 12:17:46.738,0.77,-0.79,-0.17,80.08,-21.18,-68.12,0.6620000000000001,-0.76,-0.1780000000000001,56.50600000000005,-42.628,-20.008
2026-07-27 12:17:47.095,0.78,-0.37,0.01,37.96,-83.56,-90.82,0.7580000000000002,-0.6140000000000001,-0.2500000000000001,55.59000000000005,-39.90599999999999,-37.842
2026-07-27 12:17:47.100,0.93,-0.57,-0.2,54.44,31.37,-7.51,0.7420000000000001,-0.7180000000000001,-0.040000000000000084,45.34800000000005,3.7100000000000044,-28.991999999999997
2026-07-27 12:17:47.291,0.85,0.16,0.23,123.66,54.02,-82.52,0.7980000000000002,-0.496,0.003999999999999915,80.68800000000006,-1.4399999999999935,-57.59400000000001
2026-07-27 12:17:47.514,0.9,0.26,0.4,87.04,62.99,-57.5,0.8460000000000001,-0.26199999999999996,0.053999999999999916,76.63600000000005,8.728000000000007,-61.294000000000004
2026-07-27 12:17:47.518,0.69,0.51,0.41,66.04,54.69,-30.15,0.8300000000000001,-0.0019999999999999797,0.16999999999999993,73.82800000000006,23.902000000000008,-53.7
2026-07-27 12:17:47.529,0.79,0.26,0.46,-37.41,21.55,60.73,0.8320000000000001,0.12400000000000003,0.2599999999999999,58.75400000000004,44.924000000000014,-23.39
2026-07-27 12:17:47.561,0.82,0.13,0.46,-48.1,45.41,64.27,0.8100000000000002,0.26399999999999996,0.3919999999999999,38.24600000000005,47.732000000000006,-9.034
2026-07-27 12:17:47.640,0.8,0.05,0.48,-59.08,80.63,50.35,0.8,0.242,0.4419999999999999,1.6980000000000544,53.05400000000001,17.54
2026-07-27 12:17:47.642,0.8,0.05,0.48,-59.08,80.63,50.35,0.78,0.2,0.4579999999999999,-27.525999999999943,56.58200000000001,39.11
2026-07-27 12:17:47.753,0.62,0.06,0.81,-81.85,124.69,2.38,0.7660000000000001,0.11000000000000001,0.5379999999999999,-57.10399999999995,70.58200000000001,45.616
2026-07-27 12:17:47.934,0.55,-0.06,0.97,-94.91,44.31,25.51,0.7180000000000002,0.046,0.6399999999999999,-68.60399999999996,75.134,38.572
2026-07-27 12:17:47.935,0.55,-0.06,0.97,-94.91,44.31,25.51,0.664,0.008000000000000002,0.7419999999999999,-77.96599999999994,74.91400000000002,30.82
2026-07-27 12:17:47.938,0.63,-0.1,0.91,-158.02,-30.64,11.11,0.6300000000000001,-0.022,0.828,-97.75399999999995,52.66000000000001,22.972
2026-07-27 12:17:47.939,0.71,-0.3,0.73,-284.3,-110.6,-22.52,0.6120000000000001,-0.092,0.8779999999999999,-142.79799999999994,14.41400000000001,8.398
2026-07-27 12:17:47.959,0.71,-0.3,0.73,-284.3,-110.6,-22.52,0.6300000000000001,-0.164,0.8619999999999999,-183.28799999999995,-32.64399999999999,3.418
2026-07-27 12:17:47.991,0.9,-0.44,0.15,-449.52,-235.29,-211.98,0.7000000000000001,-0.24,0.698,-254.20999999999995,-88.564,-44.08
2026-07-27 12:17:48.102,1.03,-0.33,-0.12,-398.86,-256.41,-282.8,0.796,-0.294,0.47999999999999987,-314.99999999999994,-148.708,-105.742
2026-07-27 12:17:48.117,0.92,0.24,-0.19,-156.74,-41.08,-158.33,0.8540000000000001,-0.22600000000000003,0.2599999999999999,-314.74399999999997,-150.796,-139.63
2026-07-27 12:17:48.133,0.92,0.24,-0.19,-156.74,-41.08,-158.33,0.8960000000000001,-0.11800000000000002,0.07599999999999991,-289.23199999999997,-136.892,-166.792
2026-07-27 12:17:48.229,0.78,0.37,-0.16,-152.16,13.06,-111.63,0.9100000000000001,0.01599999999999998,-0.10200000000000009,-262.804,-112.16,-184.614
2026-07-27 12:17:48.245,0.78,0.37,-0.16,-152.16,13.06,-111.63,0.8860000000000001,0.178,-0.1640000000000001,-203.33199999999997,-62.489999999999995,-164.544
2026-07-27 12:17:48.247,0.69,0.44,-0.15,-144.35,16.11,-87.22,0.8180000000000002,0.33199999999999996,-0.1700000000000001,-152.42999999999995,-7.985999999999987,-125.42800000000003
2026-07-27 12:17:48.258,0.69,0.44,-0.15,-124.02,-15.87,-88.38,0.772,0.372,-0.1620000000000001,-145.88599999999997,-2.943999999999988,-111.43800000000002
2026-07-27 12:17:48.261,0.67,0.51,-0.19,-124.02,-15.87,-88.38,0.7220000000000002,0.426,-0.1620000000000001,-139.34199999999996,2.0980000000000114,-97.44800000000001
2026-07-27 12:17:48.296,0.66,0.61,-0.25,-112.12,-44.01,-115.6,0.6980000000000001,0.47400000000000003,-0.1800000000000001,-131.33399999999995,-9.315999999999988,-98.24199999999999
2026-07-27 12:17:48.419,0.61,0.72,-0.25,-98.94,-44.37,-150.7,0.664,0.5439999999999999,-0.1980000000000001,-120.68999999999997,-20.801999999999985,-106.056
2026-07-27 12:17:48.435,0.61,0.72,-0.25,-98.94,-44.37,-150.7,0.6480000000000001,0.6,-0.2180000000000001,-111.60799999999995,-32.89799999999999,-118.752
2026-07-27 12:17:48.479,0.49,0.87,-0.07,4.58,38.33,-98.69,0.6080000000000002,0.6859999999999999,-0.2020000000000001,-85.88799999999995,-22.057999999999986,-120.814
2026-07-27 12:17:48.543,0.48,0.87,-0.04,-1.53,104.13,-40.22,0.5700000000000001,0.758,-0.1720000000000001,-61.38999999999995,1.9420000000000102,-111.18199999999999
2026-07-27 12:17:48.546,0.43,0.74,-0.02,-1.53,104.13,-40.22,0.524,0.784,-0.12600000000000008,-39.27199999999995,31.57000000000001,-96.106
2026-07-27 12:17:48.653,0.34,0.56,-0.04,69.82,83.19,39.49,0.4700000000000001,0.752,-0.08400000000000009,-5.519999999999956,57.082000000000015,-58.068
2026-07-27 12:17:48.719,-0.32,1.0,-1.01,398.44,-299.56,-373.17,0.2840000000000001,0.808,-0.23600000000000007,93.95600000000005,6.044000000000006,-102.56199999999998
2026-07-27 12:17:48.721,-0.25,0.93,-0.94,155.58,-118.65,-205.69,0.13600000000000007,0.82,-0.41000000000000003,124.15600000000003,-25.351999999999997,-123.96199999999999
2026-07-27 12:17:48.771,-0.12,0.87,-0.81,-28.26,39.37,-47.24,0.01600000000000009,0.82,-0.5640000000000001,118.81000000000003,-38.303999999999995,-125.36599999999999
2026-07-27 12:17:48.776,0.06,0.73,-0.74,-11.23,79.28,-17.94,-0.057999999999999906,0.818,-0.708,116.87000000000003,-43.273999999999994,-120.91
2026-07-27 12:17:49.006,0.06,0.73,-0.74,-11.23,79.28,-17.94,-0.11399999999999992,0.852,-0.8480000000000001,100.66000000000005,-44.05599999999999,-132.39600000000002
2026-07-27 12:17:49.073,0.12,0.47,-0.81,53.53,112.12,-71.17,-0.025999999999999912,0.7459999999999999,-0.8080000000000002,31.678000000000047,38.28,-71.99600000000001
2026-07-27 12:17:49.075,-0.09,0.51,-0.82,-111.15,228.88,-242.98,0.006000000000000089,0.662,-0.784,-21.667999999999957,107.78600000000002,-79.454
2026-07-27 12:17:49.077,-0.07,0.65,-0.72,-122.01,104.0,-205.99,0.016000000000000087,0.618,-0.7660000000000001,-40.41799999999996,120.71199999999999,-111.204
2026-07-27 12:17:49.078,-0.12,0.71,-0.66,-68.36,-67.81,-166.02,-0.019999999999999914,0.614,-0.7500000000000002,-51.84399999999996,91.29400000000001,-140.82
2026-07-27 12:17:49.372,-0.52,0.12,-0.73,276.37,-154.97,-34.42,-0.13599999999999993,0.492,-0.748,5.676000000000045,44.444,-144.116
2026-07-27 12:17:49.376,-0.65,0.06,-0.64,234.19,-110.84,1.65,-0.2899999999999999,0.41,-0.7140000000000001,41.808000000000035,-0.14800000000000182,-129.552
2026-07-27 12:17:49.381,-0.99,0.29,-0.81,80.14,-12.21,-25.57,-0.4699999999999999,0.366,-0.7120000000000001,80.06600000000003,-48.366,-86.07000000000001
2026-07-27 12:17:49.553,-0.69,-0.18,-0.69,54.02,-36.62,-132.63,-0.594,0.19999999999999996,-0.7060000000000001,115.27200000000002,-76.49000000000001,-71.398
2026-07-27 12:17:49.611,-0.51,-0.45,-0.76,-70.86,-5.98,-52.61,-0.6719999999999999,-0.03200000000000003,-0.7260000000000001,114.77200000000002,-64.124,-48.715999999999994
2026-07-27 12:17:49.678,-0.91,0.02,-0.77,-70.37,-46.57,39.18,-0.7499999999999999,-0.052000000000000025,-0.7340000000000001,45.424000000000035,-42.444,-33.995999999999995
2026-07-27 12:17:49.801,-0.91,0.26,-0.42,-41.38,-67.14,20.02,-0.8019999999999999,-0.012000000000000021,-0.6900000000000002,-9.689999999999966,-33.70399999999999,-30.321999999999996
2026-07-27 12:17:50.098,0.05,0.36,0.67,-60.55,-38.82,-83.74,-0.5939999999999999,0.0019999999999999797,-0.3940000000000001,-37.82799999999996,-39.025999999999996,-41.955999999999996
2026-07-27 12:17:50.103,0.79,0.79,-0.16,-184.14,158.26,42.24,-0.2979999999999999,0.196,-0.28800000000000003,-85.45999999999995,-0.05,-6.9819999999999975
2026-07-27 12:17:50.151,-0.41,0.85,-2.25,-128.78,199.4,81.24,-0.2779999999999999,0.45599999999999996,-0.5860000000000001,-97.04399999999995,41.025999999999996,19.788
2026-07-27 12:17:50.388,-0.1,0.54,-0.49,132.57,-30.88,30.27,-0.11599999999999991,0.5599999999999999,-0.53,-56.455999999999975,44.164,18.006000000000004
2026-07-27 12:17:50.515,0.23,0.92,-0.8,-40.16,-31.56,29.85,0.1120000000000001,0.692,-0.6060000000000001,-56.21199999999997,51.28000000000001,19.972
2026-07-27 12:17:50.571,0.59,0.71,-0.69,93.44,-218.75,-39.55,0.2200000000000001,0.7619999999999999,-0.8780000000000001,-25.41399999999996,15.294000000000006,28.810000000000002
2026-07-27 12:17:50.628,0.27,0.49,-0.5,131.47,-215.21,-50.6,0.1160000000000001,0.702,-0.9460000000000001,37.70800000000004,-59.4,10.242000000000003
2026-07-27 12:17:50.864,0.05,0.31,-0.49,139.59,-200.74,-39.37,0.2080000000000001,0.5940000000000001,-0.594,91.38200000000003,-139.428,-13.879999999999999
2026-07-27 12:17:50.880,-0.63,-0.23,-0.04,89.05,-103.09,-82.82,0.10200000000000012,0.44000000000000006,-0.5039999999999999,82.67800000000004,-153.87,-36.498
2026-07-27 12:17:51.054,-0.75,-0.18,-0.09,51.7,-11.9,-39.43,-0.09399999999999989,0.21999999999999997,-0.362,101.05000000000004,-149.93800000000002,-50.354
2026-07-27 12:17:51.182,-0.61,-0.43,-0.61,5.62,100.04,-79.9,-0.3339999999999999,-0.008000000000000007,-0.346,83.48600000000003,-86.18,-58.424
2026-07-27 12:17:51.357,-0.45,-0.56,-0.68,3.6,49.07,-46.63,-0.47799999999999987,-0.21800000000000003,-0.382,57.912000000000035,-33.324,-57.63000000000001
2026-07-27 12:17:51.414,-0.49,-0.38,-0.86,-64.15,75.93,-7.26,-0.586,-0.35600000000000004,-0.45600000000000007,17.164000000000037,22.01,-51.208000000000006
2026-07-27 12:17:51.534,-0.48,-0.36,-0.92,-68.6,65.8,-7.45,-0.5559999999999999,-0.382,-0.632,-14.36599999999996,55.788,-36.134
2026-07-27 12:17:51.535,-0.48,-0.33,-0.85,-82.28,48.46,-1.65,-0.5019999999999999,-0.41200000000000003,-0.784,-41.16199999999996,67.86,-28.578000000000003
2026-07-27 12:17:51.537,-0.48,-0.33,-0.85,-82.28,48.46,-1.65,-0.47599999999999987,-0.392,-0.8320000000000001,-58.74199999999996,57.544000000000004,-12.928
2026-07-27 12:17:51.593,-0.37,-0.15,-0.98,-195.74,67.63,-1.71,-0.45999999999999985,-0.31,-0.892,-98.60999999999997,61.25599999999999,-3.944
2026-07-27 12:17:51.659,-0.31,0.14,-1.19,-258.79,79.1,15.56,-0.4239999999999998,-0.20599999999999996,-0.9579999999999999,-137.53799999999995,61.89,0.6199999999999999
2026-07-27 12:17:51.661,-0.09,0.36,-1.06,-180.3,104.19,49.93,-0.3459999999999999,-0.06200000000000001,-0.986,-159.878,69.568,12.096
2026-07-27 12:17:51.911,-0.09,0.36,-1.06,-180.3,104.19,49.93,-0.2679999999999999,0.07599999999999998,-1.028,-179.48199999999997,80.714,22.412
2026-07-27 12:17:51.912,0.01,0.4,-0.86,-240.97,93.51,47.36,-0.1699999999999999,0.22199999999999998,-1.0299999999999998,-211.21999999999997,89.724,32.214
2026-07-27 12:17:51.913,0.09,0.61,-0.59,-396.18,60.73,18.49,-0.07799999999999992,0.374,-0.952,-251.308,88.34400000000001,36.254000000000005
2026-07-27 12:17:52.136,0.01,0.83,0.31,-202.15,-153.56,123.41,-0.013999999999999912,0.512,-0.652,-239.97999999999996,41.812,57.824
2026-07-27 12:17:52.137,-0.1,0.61,0.22,-324.34,-132.93,-64.33,-0.015999999999999914,0.562,-0.396,-268.78799999999995,-5.612,34.972
2026-07-27 12:17:52.139,-0.04,0.71,0.37,-275.02,-49.74,-39.25,-0.005999999999999915,0.632,-0.10999999999999999,-287.73199999999997,-36.398,17.136
2026-07-27 12:17:52.195,-0.05,0.8,0.86,16.3,101.56,-15.08,-0.017999999999999915,0.712,0.23399999999999999,-236.27799999999996,-34.788,4.648000000000001
2026-07-27 12:17:52.259,-0.18,1.63,0.75,262.08,122.07,6.53,-0.07199999999999991,0.916,0.502,-104.62599999999995,-22.520000000000003,2.2560000000000002
2026-07-27 12:17:52.261,-0.18,1.63,0.75,262.08,122.07,6.53,-0.10999999999999992,1.076,0.59,-11.779999999999962,32.605999999999995,-21.119999999999997
2026-07-27 12:17:52.435,-0.19,1.25,0.72,86.98,48.58,-34.12,-0.12799999999999992,1.204,0.6900000000000001,70.48400000000005,68.90799999999999,-15.077999999999998
2026-07-27 12:17:52.793,-0.25,0.15,0.14,-42.3,77.51,-111.21,-0.1699999999999999,1.092,0.6439999999999999,117.02800000000006,94.35799999999999,-29.47
2026-07-27 12:17:52.910,-0.21,0.06,0.12,44.49,103.03,-80.14,-0.2019999999999999,0.944,0.496,122.66600000000003,94.652,-42.48199999999999
2026-07-27 12:17:52.973,0.04,1.27,0.33,-73.43,77.82,70.8,-0.1579999999999999,0.8719999999999999,0.41200000000000003,55.56400000000004,85.80199999999999,-29.627999999999997
2026-07-27 12:17:52.974,0.18,1.22,0.38,-52.0,43.03,94.91,-0.08599999999999992,0.7899999999999999,0.338,-7.251999999999953,69.994,-11.951999999999998
2026-07-27 12:17:53.276,0.17,1.31,0.46,-30.03,18.01,53.41,-0.013999999999999907,0.8019999999999999,0.28600000000000003,-30.65399999999995,63.88000000000001,5.553999999999999
2026-07-27 12:17:53.277,0.18,1.52,0.47,65.92,3.66,-59.51,0.07200000000000009,1.076,0.352,-9.009999999999954,49.11,15.894
2026-07-27 12:17:53.280,0.26,1.47,0.37,132.26,17.82,-91.8,0.1660000000000001,1.358,0.40199999999999997,8.544000000000045,32.068,13.562000000000001
2026-07-27 12:17:53.387,0.13,0.65,0.43,-74.52,-35.64,-4.52,0.1840000000000001,1.234,0.422,8.326000000000047,9.376000000000001,-1.5020000000000018
2026-07-27 12:17:53.397,0.08,0.75,0.3,7.26,1.04,-3.23,0.1640000000000001,1.1400000000000001,0.406,20.178000000000047,0.9780000000000003,-21.130000000000003
2026-07-27 12:17:53.578,0.08,0.75,0.3,18.55,-0.37,-12.51,0.14600000000000007,1.028,0.374,29.89400000000005,-2.698,-34.314
2026-07-27 12:17:53.580,0.01,0.75,0.31,19.9,-3.17,-11.6,0.1120000000000001,0.874,0.34199999999999997,20.690000000000047,-4.064,-24.732000000000003
2026-07-27 12:17:53.581,0.0,0.71,0.27,20.87,-1.71,-4.88,0.06000000000000009,0.7220000000000001,0.32199999999999995,-1.5879999999999506,-7.970000000000001,-7.347999999999999
2026-07-27 12:17:53.582,0.01,0.65,0.26,5.68,4.27,1.89,0.03600000000000009,0.722,0.288,14.45200000000005,0.012000000000000099,-6.066
2026-07-27 12:17:53.636,-0.0,0.65,0.25,5.92,16.54,-4.94,0.02000000000000009,0.702,0.278,14.184000000000045,3.1119999999999997,-6.4079999999999995
2026-07-27 12:17:53.637,-0.08,0.66,0.2,43.88,18.68,-20.63,-0.01199999999999991,0.6839999999999999,0.258,19.25000000000005,6.922,-8.032
2026-07-27 12:17:53.751,-0.15,0.69,0.13,76.05,4.15,-17.52,-0.04399999999999991,0.6719999999999999,0.22200000000000003,30.480000000000054,8.386,-9.216
2026-07-27 12:17:53.931,-0.15,0.69,0.13,76.05,4.15,-17.52,-0.07399999999999991,0.6679999999999999,0.194,41.51600000000005,9.558000000000002,-11.743999999999998
2026-07-27 12:17:53.939,0.1,0.95,0.25,-30.82,42.72,-17.58,-0.05599999999999992,0.728,0.192,34.21600000000005,17.248,-15.638
2026-07-27 12:17:54.003,0.11,1.02,0.18,-141.42,112.67,-152.95,-0.033999999999999905,0.8019999999999999,0.178,4.748000000000053,36.474000000000004,-45.239999999999995
2026-07-27 12:17:54.114,-0.46,0.57,0.47,-66.96,-151.0,-113.04,-0.10999999999999992,0.784,0.23199999999999998,-17.41999999999995,2.5379999999999994,-63.722
2026-07-27 12:17:54.402,-0.55,0.35,0.42,15.2,-228.82,7.81,-0.18999999999999992,0.716,0.29,-29.589999999999954,-44.056,-58.656000000000006
2026-07-27 12:17:54.417,0.01,1.42,1.13,43.33,31.49,123.47,-0.15799999999999992,0.8619999999999999,0.48999999999999994,-36.13399999999994,-38.588,-30.45799999999999
2026-07-27 12:17:54.531,-0.21,1.0,0.11,180.54,-12.08,-97.47,-0.21999999999999992,0.8719999999999999,0.4619999999999999,6.1380000000000505,-49.548,-46.436
2026-07-27 12:17:54.661,0.06,1.19,0.19,10.07,22.83,7.63,-0.2299999999999999,0.906,0.46399999999999997,36.43600000000005,-67.51599999999999,-14.320000000000002
2026-07-27 12:17:54.766,-0.01,0.62,0.07,-11.17,90.15,-142.58,-0.13999999999999993,0.916,0.384,47.594000000000044,-19.285999999999998,-20.228
2026-07-27 12:17:54.832,-0.44,0.49,-0.06,-73.24,-31.86,-10.62,-0.11799999999999991,0.944,0.288,29.906000000000052,20.105999999999998,-23.914000000000005
2026-07-27 12:17:54.893,-0.6,0.54,0.22,-88.44,-103.21,0.12,-0.2399999999999999,0.768,0.10600000000000001,3.5520000000000493,-6.8340000000000005,-48.584
2026-07-27 12:17:54.894,-0.6,0.54,0.22,-174.56,-169.98,5.62,-0.3179999999999999,0.6759999999999999,0.128,-67.46799999999995,-38.414,-27.966
2026-07-27 12:17:55.132,-0.85,0.44,0.82,-174.56,-169.98,5.62,-0.4999999999999999,0.526,0.254,-104.39399999999996,-76.976,-28.368000000000002
2026-07-27 12:17:55.433,-0.98,0.34,1.32,-258.79,-162.72,19.84,-0.6939999999999998,0.47000000000000003,0.5039999999999999,-153.91799999999995,-127.55,4.1160000000000005
2026-07-27 12:17:55.444,-0.46,0.05,0.68,35.34,-3.17,26.25,-0.6979999999999998,0.382,0.6519999999999999,-132.20199999999994,-121.81199999999998,11.49
2026-07-27 12:17:55.493,-0.01,0.03,-0.03,70.74,10.86,31.01,-0.58,0.28,0.602,-100.36599999999996,-98.998,17.668
2026-07-27 12:17:55.494,-0.01,0.03,-0.03,70.74,10.86,31.01,-0.4619999999999999,0.178,0.5519999999999999,-51.30599999999996,-62.83,22.746
2026-07-27 12:17:55.545,-0.07,0.05,0.05,73.36,-48.22,28.63,-0.30599999999999994,0.1,0.398,-1.72199999999996,-38.477999999999994,27.348000000000003
2026-07-27 12:17:55.800,-0.17,0.02,0.54,4.39,-155.03,4.03,-0.1439999999999999,0.036,0.242,50.914000000000044,-36.940000000000005,24.186
2026-07-27 12:17:55.858,-0.08,0.36,0.99,50.35,-9.95,43.15,-0.06799999999999992,0.098,0.30399999999999994,53.91600000000004,-38.29600000000001,27.565999999999995
2026-07-27 12:17:55.912,0.14,0.57,0.73,191.96,-64.03,19.17,-0.03799999999999991,0.20599999999999996,0.45599999999999996,78.16000000000005,-53.274,25.198
2026-07-27 12:17:55.989,0.24,0.79,0.59,245.67,-52.92,-34.48,0.012000000000000084,0.358,0.5799999999999998,113.14600000000004,-66.03,12.099999999999998
2026-07-27 12:17:56.208,0.12,0.71,0.12,257.63,22.95,-130.98,0.050000000000000086,0.48999999999999994,0.594,150.00000000000006,-51.79600000000001,-19.821999999999996
2026-07-27 12:17:56.271,-0.39,0.77,-0.06,98.45,-58.41,-30.46,0.006000000000000083,0.6399999999999999,0.4739999999999999,168.81200000000007,-32.472,-26.72
2026-07-27 12:17:56.339,-0.48,0.86,0.08,27.34,-56.09,-19.84,-0.07399999999999991,0.74,0.2919999999999999,164.21000000000004,-41.70000000000001,-39.318
2026-07-27 12:17:56.341,-0.43,1.07,0.23,-31.31,-64.15,38.33,-0.1879999999999999,0.8400000000000001,0.19199999999999995,119.55600000000004,-41.724000000000004,-35.486
2026-07-27 12:17:56.455,-0.32,1.19,0.27,-35.58,-59.51,56.52,-0.29999999999999993,0.9199999999999999,0.12799999999999995,63.30600000000004,-43.04200000000001,-17.285999999999994
2026-07-27 12:17:56.509,-0.4,0.94,0.04,-35.28,6.53,-62.68,-0.4039999999999999,0.966,0.11199999999999996,4.724000000000046,-46.32600000000001,-3.625999999999999
2026-07-27 12:17:56.706,-0.48,0.94,0.04,-10.56,-22.95,-36.8,-0.4219999999999999,1.0,0.13199999999999995,-17.077999999999953,-39.234,-4.893999999999998
2026-07-27 12:17:56.711,-0.55,0.91,0.05,-43.03,-62.07,-24.41,-0.43599999999999994,1.01,0.12599999999999995,-31.15199999999995,-40.43000000000001,-5.807999999999998
2026-07-27 12:17:56.757,-0.53,0.78,0.13,-121.4,-40.04,21.91,-0.45599999999999996,0.952,0.10599999999999996,-49.16999999999996,-35.608000000000004,-9.091999999999999
2026-07-27 12:17:56.876,-0.37,0.65,0.26,-236.33,1.95,88.01,-0.4659999999999999,0.844,0.10399999999999995,-89.31999999999996,-23.316000000000006,-2.793999999999997
2026-07-27 12:17:56.877,-0.21,0.42,0.36,-347.9,26.86,81.6,-0.42799999999999994,0.74,0.16799999999999998,-151.84399999999997,-19.250000000000007,26.062
2026-07-27 12:17:56.879,-0.17,-0.01,0.6,-448.36,27.77,25.51,-0.36599999999999994,0.55,0.2799999999999999,-239.40399999999994,-9.106000000000007,38.524
2026-07-27 12:17:56.880,-0.17,-0.01,0.6,-448.36,27.77,25.51,-0.2899999999999999,0.366,0.38999999999999996,-320.46999999999997,8.861999999999995,48.508
2026-07-27 12:17:56.881,-0.13,-0.39,0.89,-445.92,4.39,-5.0,-0.2099999999999999,0.13199999999999998,0.542,-385.37399999999997,17.747999999999994,43.126
2026-07-27 12:17:56.994,-0.13,-0.39,0.89,-445.92,4.39,-5.0,-0.16199999999999992,-0.07600000000000001,0.6679999999999999,-427.29200000000003,18.235999999999997,24.524
2026-07-27 12:17:57.000,0.01,-0.45,1.1,-17.88,-35.52,-60.73,-0.11799999999999992,-0.25,0.8160000000000001,-361.28799999999995,5.759999999999994,-3.941999999999999
2026-07-27 12:17:57.173,-0.04,-0.03,1.16,49.5,43.46,-68.91,-0.09199999999999992,-0.254,0.9279999999999999,-261.716,8.897999999999993,-22.826
2026-07-27 12:17:57.233,-0.16,0.09,0.85,25.33,2.2,-32.04,-0.08999999999999993,-0.23399999999999999,0.978,-166.97799999999995,3.783999999999993,-34.336
2026-07-27 12:17:57.235,-0.12,0.22,1.02,39.92,-39.0,-6.41,-0.08799999999999993,-0.11200000000000002,1.004,-69.80999999999996,-4.894000000000007,-34.617999999999995
2026-07-27 12:17:57.347,-0.08,0.27,1.1,48.46,-55.24,1.71,-0.07799999999999992,0.019999999999999997,1.046,29.06600000000005,-16.820000000000007,-33.275999999999996
2026-07-27 12:17:57.414,-0.1,0.2,1.05,21.91,-9.83,-3.66,-0.09999999999999991,0.15,1.036,37.02400000000004,-11.682000000000006,-21.862000000000002
2026-07-27 12:17:57.415,-0.17,0.1,0.94,-22.83,46.63,-18.68,-0.12599999999999992,0.176,0.9919999999999998,22.558000000000046,-11.048000000000005,-11.815999999999999
2026-07-27 12:17:57.474,-0.3,0.05,0.81,-42.48,52.37,-13.61,-0.15399999999999991,0.16799999999999998,0.984,8.996000000000047,-1.0140000000000071,-8.129999999999999
2026-07-27 12:17:57.594,-0.22,0.12,0.91,4.7,-15.81,8.24,-0.1739999999999999,0.148,0.962,1.9520000000000457,3.6239999999999926,-5.199999999999998
2026-07-27 12:17:57.832,-0.15,0.14,0.96,11.17,-34.79,5.68,-0.1879999999999999,0.12200000000000003,0.9339999999999999,-5.505999999999955,7.7139999999999915,-4.406000000000001
2026-07-27 12:17:57.835,-0.15,0.14,0.96,11.17,-34.79,5.68,-0.1979999999999999,0.11000000000000001,0.916,-7.653999999999954,2.721999999999993,-2.538
2026-07-27 12:17:57.895,-0.12,0.13,1.01,4.33,-39.79,-1.83,-0.1879999999999999,0.11600000000000002,0.9299999999999999,-2.221999999999954,-14.562000000000006,0.8320000000000001
2026-07-27 12:17:57.896,-0.17,0.08,1.04,-16.11,-6.1,-10.38,-0.1619999999999999,0.122,0.976,3.052000000000046,-26.256000000000007,1.4779999999999998
2026-07-27 12:17:57.897,-0.23,-0.01,0.95,-24.54,26.49,-11.84,-0.1639999999999999,0.096,0.984,-2.795999999999954,-17.79600000000001,-2.5380000000000003
2026-07-27 12:17:57.898,-0.23,-0.01,0.95,-24.54,26.49,-11.84,-0.17999999999999988,0.066,0.982,-9.937999999999954,-5.540000000000007,-6.042
2026-07-27 12:17:57.899,-0.23,-0.02,0.94,-14.04,16.6,-5.98,-0.19599999999999992,0.034,0.978,-14.979999999999956,4.737999999999993,-8.374
2026-07-27 12:17:57.900,-0.21,0.02,0.95,0.49,-1.53,0.31,-0.2139999999999999,0.012,0.9659999999999999,-15.747999999999953,12.389999999999992,-7.946000000000001
2026-07-27 12:17:57.901,-0.17,0.04,0.99,5.37,-11.54,3.91,-0.2139999999999999,0.004000000000000001,0.9559999999999998,-11.451999999999954,11.301999999999994,-5.088
2026-07-27 12:17:57.954,-0.17,0.04,0.99,3.05,-6.04,5.49,-0.2019999999999999,0.014000000000000002,0.9639999999999999,-5.933999999999954,4.795999999999994,-1.6219999999999999
2026-07-27 12:17:57.978,-0.16,0.06,0.97,3.05,-6.04,5.49,-0.18799999999999992,0.028000000000000004,0.968,-0.41599999999995435,-1.7100000000000057,1.844
2026-07-27 12:17:58.013,-0.16,0.08,0.97,-0.12,-0.61,4.58,-0.1739999999999999,0.048,0.9739999999999999,2.3680000000000456,-5.152000000000006,3.9560000000000004
2026-07-27 12:17:58.014,-0.16,0.08,0.97,-0.12,-0.61,4.58,-0.16399999999999992,0.06,0.9779999999999998,2.2460000000000457,-4.968000000000005,4.8100000000000005
2026-07-27 12:17:58.017,-0.17,0.06,0.99,-4.09,3.85,1.4,-0.16399999999999992,0.064,0.978,0.35400000000004556,-1.8900000000000063,4.308000000000001
2026-07-27 12:17:58.253,-0.17,0.06,0.99,-4.09,3.85,1.4,-0.16399999999999992,0.06799999999999999,0.9779999999999998,-1.0739999999999543,0.0879999999999936,3.4899999999999998
2026-07-27 12:17:58.255,-0.19,0.03,0.97,-4.27,3.42,1.83,-0.16999999999999993,0.062,0.978,-2.537999999999954,1.9799999999999938,2.758
2026-07-27 12:17:58.257,-0.21,0.02,0.94,-6.9,9.03,9.7,-0.1799999999999999,0.05,0.9719999999999999,-3.8939999999999544,3.9079999999999933,3.781999999999999
2026-07-27 12:17:58.259,-0.21,0.02,0.94,-6.9,9.03,9.7,-0.1899999999999999,0.03799999999999999,0.9659999999999999,-5.249999999999955,5.835999999999993,4.805999999999999
2026-07-27 12:17:58.260,-0.23,0.02,0.92,-8.18,15.08,16.42,-0.2019999999999999,0.030000000000000006,0.9519999999999997,-6.067999999999953,8.081999999999994,7.81
2026-07-27 12:17:58.310,-0.23,0.01,0.86,-24.66,57.43,29.72,-0.2139999999999999,0.02,0.9259999999999998,-10.181999999999954,18.79799999999999,13.474
2026-07-27 12:17:58.366,-0.25,0.06,0.82,6.53,51.45,10.25,-0.2259999999999999,0.026000000000000002,0.8959999999999999,-8.021999999999956,28.40399999999999,15.158000000000001
2026-07-27 12:17:58.513,-0.1,0.14,1.2,-3.66,-127.81,8.61,-0.2039999999999999,0.05,0.9479999999999998,-7.373999999999954,1.03599999999999,14.940000000000001
2026-07-27 12:17:58.559,-0.1,0.14,1.2,-67.14,-123.66,12.08,-0.1819999999999999,0.074,1.0,-19.421999999999954,-25.502000000000006,15.416
2026-07-27 12:17:58.573,-0.02,0.07,1.26,-67.14,-123.66,12.08,-0.1399999999999999,0.084,1.068,-31.213999999999952,-53.25,14.547999999999998
2026-07-27 12:17:58.611,-0.17,-0.24,0.91,-27.77,75.62,-68.36,-0.12799999999999992,0.034,1.0779999999999998,-31.835999999999956,-49.61200000000001,-5.0680000000000005
2026-07-27 12:17:58.675,-0.27,-0.17,0.93,-117.19,93.93,11.9,-0.13199999999999992,-0.011999999999999993,1.0999999999999999,-56.57999999999995,-41.11600000000001,-4.738000000000001
2026-07-27 12:17:58.677,-0.22,-0.26,0.77,-110.29,53.89,71.78,-0.15599999999999992,-0.092,1.0139999999999998,-77.90599999999995,-4.776000000000002,7.896000000000001
2026-07-27 12:17:58.793,-0.22,-0.26,0.77,-110.29,53.89,71.78,-0.17999999999999994,-0.172,0.9279999999999999,-86.53599999999996,30.733999999999998,19.836000000000002
2026-07-27 12:17:58.795,-0.26,-0.35,0.63,-78.92,24.05,77.58,-0.22799999999999992,-0.25599999999999995,0.8019999999999999,-88.89199999999997,60.275999999999996,32.936
2026-07-27 12:17:58.796,-0.4,-0.45,0.74,-8.67,-94.73,-22.16,-0.2739999999999999,-0.298,0.7679999999999999,-85.07199999999995,26.205999999999996,42.176
2026-07-27 12:17:58.853,-0.4,-0.45,0.74,-8.67,-94.73,-22.16,-0.29999999999999993,-0.354,0.7299999999999999,-63.36799999999995,-11.526000000000007,35.364000000000004
2026-07-27 12:17:58.969,-0.11,-0.57,0.92,-52.06,-144.9,-25.45,-0.2779999999999999,-0.41600000000000004,0.76,-51.72199999999996,-51.28400000000001,15.918000000000001
2026-07-27 12:17:58.975,-0.11,-0.57,0.92,-52.06,-144.9,-25.45,-0.2559999999999999,-0.4779999999999999,0.7899999999999998,-40.07599999999995,-91.042,-3.528
2026-07-27 12:17:59.031,0.01,-0.39,0.84,77.64,35.34,-12.27,-0.2019999999999999,-0.48599999999999993,0.8319999999999999,-8.763999999999957,-88.78400000000002,-21.497999999999998
2026-07-27 12:17:59.036,0.01,-0.39,0.84,77.64,35.34,-12.27,-0.11999999999999991,-0.47400000000000003,0.852,8.498000000000044,-62.77,-19.52
