Timestamp,AccX,AccY,AccZ,GyroX,GyroY,GyroZ
2026-08-03 13:23:11.086,-0.11,-0.11,0.79,42.79,71.47,-122.44
2026-08-03 13:23:11.116,-0.27,-0.02,0.88,136.6,131.71,-76.42
2026-08-03 13:23:11.145,-0.4,0.06,1.08,175.54,132.93,-41.08
2026-08-03 13:23:11.160,-0.4,0.06,1.08,175.54,132.93,-41.08
2026-08-03 13:23:11.189,-0.46,0.13,1.11,96.68,62.56,-29.97
2026-08-03 13:23:11.212,-0.46,0.13,1.11,96.68,62.56,-29.97
2026-08-03 13:23:11.235,-0.44,0.13,0.93,-10.13,9.4,-37.84
2026-08-03 13:23:11.268,-0.44,0.13,0.93,-44.74,5.25,-40.28
2026-08-03 13:23:11.281,-0.38,0.04,0.74,-44.74,5.25,-40.28
2026-08-03 13:23:11.310,-0.32,-0.08,0.68,-28.32,11.35,-33.2
2026-08-03 13:23:11.325,-0.32,-0.08,0.68,-28.32,11.35,-33.2
2026-08-03 13:23:11.355,-0.23,-0.17,0.7,-8.79,3.72,-20.26
2026-08-03 13:23:11.375,-0.23,-0.17,0.7,-8.79,3.72,-20.26
2026-08-03 13:23:11.420,-0.1,-0.21,0.77,-5.8,-24.17,1.28
2026-08-03 13:23:11.420,-0.1,-0.21,0.77,-5.8,-24.17,1.28
2026-08-03 13:23:11.447,0.07,-0.21,0.89,-23.32,-64.33,24.84
2026-08-03 13:23:11.476,0.18,-0.14,0.98,-44.8,-99.06,41.26
2026-08-03 13:23:11.493,0.18,-0.14,0.98,-44.8,-99.06,41.26
2026-08-03 13:23:11.532,0.24,-0.12,0.99,-48.89,-118.16,43.33
2026-08-03 13:23:11.550,0.24,-0.12,0.99,-48.89,-118.16,43.33
2026-08-03 13:23:11.568,0.28,-0.19,0.94,-51.45,-113.65,41.75
2026-08-03 13:23:11.595,0.28,-0.19,0.94,-72.45,-106.87,88.87
2026-08-03 13:23:11.612,0.37,-0.25,0.95,-72.45,-106.87,88.87
2026-08-03 13:23:11.640,0.43,-0.26,1.05,-38.02,-102.42,149.66
2026-08-03 13:23:11.655,0.43,-0.26,1.05,-38.02,-102.42,149.66
2026-08-03 13:23:11.702,0.29,-0.26,1.13,45.84,-65.06,149.6
2026-08-03 13:23:11.702,0.29,-0.26,1.13,45.84,-65.06,149.6
2026-08-03 13:23:11.730,0.06,-0.2,1.24,94.73,5.74,108.15
2026-08-03 13:23:11.748,-0.07,-0.06,1.46,92.22,79.22,58.04
2026-08-03 13:23:11.776,-0.07,-0.06,1.46,92.22,79.22,58.04
2026-08-03 13:23:11.805,-0.06,0.04,1.56,45.17,100.22,26.0
2026-08-03 13:23:11.820,-0.06,0.04,1.56,45.17,100.22,26.0
2026-08-03 13:23:11.851,-0.06,0.08,1.37,-11.84,52.19,24.54
2026-08-03 13:23:11.865,-0.06,0.08,1.37,-73.18,-4.7,38.21
2026-08-03 13:23:11.895,-0.08,0.07,1.09,-73.18,-4.7,38.21
2026-08-03 13:23:11.911,-0.02,-0.06,0.94,-173.77,-25.33,53.41
2026-08-03 13:23:11.940,-0.02,-0.06,0.94,-173.77,-25.33,53.41
2026-08-03 13:23:11.955,0.04,-0.19,0.85,-233.89,-18.07,51.39
2026-08-03 13:23:11.985,0.04,-0.19,0.85,-233.89,-18.07,51.39
2026-08-03 13:23:12.009,0.02,-0.18,0.69,-175.72,-11.47,26.31
2026-08-03 13:23:12.031,-0.02,-0.16,0.55,-94.06,-14.1,4.88
2026-08-03 13:23:12.045,-0.02,-0.16,0.55,-94.06,-14.1,4.88
2026-08-03 13:23:12.075,-0.04,-0.18,0.55,-53.34,-10.19,-8.18
2026-08-03 13:23:12.090,-0.04,-0.18,0.55,-53.34,-10.19,-8.18
2026-08-03 13:23:12.121,-0.05,-0.18,0.6,-32.17,0.12,-20.32
2026-08-03 13:23:12.158,-0.07,-0.2,0.68,-34.85,11.9,-25.51
2026-08-03 13:23:12.181,-0.07,-0.2,0.68,-34.85,11.9,-25.51
2026-08-03 13:23:12.196,-0.07,-0.36,0.78,-71.59,29.97,-38.51
2026-08-03 13:23:12.227,-0.07,-0.36,0.78,-71.59,29.97,-38.51
2026-08-03 13:23:12.241,-0.04,-0.57,0.87,-75.99,57.86,-62.44
2026-08-03 13:23:12.270,-0.09,-0.71,1.06,7.63,95.64,-65.73
2026-08-03 13:23:12.310,-0.09,-0.71,1.06,7.63,95.64,-65.73
2026-08-03 13:23:12.315,-0.13,-0.82,1.28,101.99,128.48,-51.7
2026-08-03 13:23:12.346,-0.13,-0.82,1.28,101.99,128.48,-51.7
2026-08-03 13:23:12.390,-0.13,-0.8,1.3,155.27,128.36,-51.7
2026-08-03 13:23:12.392,-0.13,-0.8,1.3,155.27,128.36,-51.7
2026-08-03 13:23:12.456,-0.17,-0.59,1.13,217.35,95.09,-58.72
2026-08-03 13:23:12.456,-0.27,-0.3,0.93,293.21,57.92,-48.4
2026-08-03 13:23:12.457,-0.27,-0.3,0.93,293.21,57.92,-48.4
2026-08-03 13:23:12.510,-0.31,-0.03,0.83,341.13,23.74,-35.83
2026-08-03 13:23:12.511,-0.31,-0.03,0.83,341.13,23.74,-35.83
2026-08-03 13:23:12.570,-0.22,0.18,0.71,338.56,-19.84,-41.44
2026-08-03 13:23:12.571,-0.22,0.18,0.71,338.56,-19.84,-41.44
2026-08-03 13:23:12.571,-0.04,0.31,0.59,269.78,-56.52,-63.84
2026-08-03 13:23:12.690,0.09,0.35,0.54,162.05,-60.67,-77.09
2026-08-03 13:23:12.691,0.09,0.35,0.54,162.05,-60.67,-77.09
2026-08-03 13:23:12.691,0.13,0.36,0.58,82.64,-43.09,-63.35
2026-08-03 13:23:12.692,0.13,0.36,0.58,82.64,-43.09,-63.35
2026-08-03 13:23:12.692,0.13,0.42,0.65,51.7,-28.08,-40.53
2026-08-03 13:23:12.752,0.13,0.42,0.65,51.7,-28.08,-40.53
2026-08-03 13:23:12.753,0.15,0.55,0.74,43.46,-22.52,-26.67
2026-08-03 13:23:12.753,0.16,0.77,0.84,33.39,-19.78,-21.06
2026-08-03 13:23:12.811,0.16,0.77,0.84,33.39,-19.78,-21.06
2026-08-03 13:23:12.811,0.15,0.97,0.94,16.85,-9.64,-9.89
2026-08-03 13:23:12.879,0.15,0.97,0.94,16.85,-9.64,-9.89
2026-08-03 13:23:12.879,0.08,1.01,1.01,-3.11,13.37,17.52
2026-08-03 13:23:12.879,0.08,1.01,1.01,-3.11,13.37,17.52
2026-08-03 13:23:12.930,-0.05,0.92,1.06,-20.45,39.55,57.19
2026-08-03 13:23:12.931,-0.05,0.92,1.06,-20.45,39.55,57.19
2026-08-03 13:23:12.932,-0.2,0.86,1.12,-37.11,46.39,94.48
2026-08-03 13:23:12.991,-0.27,0.84,1.12,-48.52,27.34,115.05
2026-08-03 13:23:12.991,-0.27,0.84,1.12,-48.52,27.34,115.05
2026-08-03 13:23:13.056,-0.29,0.81,1.04,-66.77,8.42,104.0
2026-08-03 13:23:13.057,-0.29,0.81,1.04,-66.77,8.42,104.0
2026-08-03 13:23:13.057,-0.39,0.73,1.02,-119.51,4.39,59.08
2026-08-03 13:23:13.111,-0.39,0.73,1.02,-119.51,4.39,59.08
2026-08-03 13:23:13.112,-0.53,0.63,1.02,-178.22,-7.69,-0.24
2026-08-03 13:23:13.112,-0.53,0.63,1.02,-194.27,-43.33,-50.29
2026-08-03 13:23:13.186,-0.52,0.53,0.86,-194.27,-43.33,-50.29
2026-08-03 13:23:13.186,-0.36,0.42,0.57,-165.1,-84.23,-77.09
2026-08-03 13:23:13.232,-0.36,0.42,0.57,-165.1,-84.23,-77.09
2026-08-03 13:23:13.233,-0.16,0.3,0.34,-114.62,-100.95,-82.95
2026-08-03 13:23:13.233,-0.16,0.3,0.34,-114.62,-100.95,-82.95
2026-08-03 13:23:13.291,-0.01,0.2,0.29,-72.63,-81.97,-80.99
2026-08-03 13:23:13.352,0.04,0.12,0.4,-51.94,-42.42,-75.87
2026-08-03 13:23:13.352,0.04,0.12,0.4,-51.94,-42.42,-75.87
2026-08-03 13:23:13.353,-0.01,0.0,0.57,-40.1,-2.38,-65.25
2026-08-03 13:23:13.354,-0.01,0.0,0.57,-40.1,-2.38,-65.25
2026-08-03 13:23:13.483,-0.13,-0.11,0.73,-24.84,34.79,-60.42
2026-08-03 13:23:13.483,-0.13,-0.11,0.73,-24.84,34.79,-60.42
2026-08-03 13:23:13.483,-0.26,-0.1,0.94,-6.65,70.98,-77.58
2026-08-03 13:23:13.484,-0.26,-0.1,0.94,-6.65,70.98,-77.58
2026-08-03 13:23:13.531,-0.31,0.03,1.2,8.61,96.25,-112.18
2026-08-03 13:23:13.531,-0.3,0.19,1.46,15.93,105.71,-143.8
2026-08-03 13:23:13.532,-0.3,0.19,1.46,15.93,105.71,-143.8
2026-08-03 13:23:13.532,-0.33,0.25,1.68,6.96,101.56,-159.73
2026-08-03 13:23:13.593,-0.33,0.25,1.68,6.96,101.56,-159.73
2026-08-03 13:23:13.593,-0.33,0.22,1.63,-8.79,73.55,-163.27
2026-08-03 13:23:13.594,-0.33,0.22,1.63,-8.79,73.55,-163.27
2026-08-03 13:23:13.655,-0.22,0.14,1.19,-15.99,23.01,-157.9
2026-08-03 13:23:13.655,-0.12,0.02,0.75,-23.19,-18.86,-148.32
2026-08-03 13:23:13.711,-0.12,0.02,0.75,-23.19,-18.86,-148.32
2026-08-03 13:23:13.711,-0.08,-0.04,0.63,-30.76,-30.33,-146.91
2026-08-03 13:23:13.711,-0.08,-0.04,0.63,-30.76,-30.33,-146.91
2026-08-03 13:23:13.770,-0.01,0.01,0.74,-16.6,-27.83,-151.92
2026-08-03 13:23:13.770,-0.01,0.01,0.74,-16.6,-27.83,-151.92
2026-08-03 13:23:13.771,0.06,0.04,0.82,9.34,-30.58,-145.14
2026-08-03 13:23:13.837,0.12,-0.02,0.79,12.57,-32.71,-120.36
2026-08-03 13:23:13.838,0.12,-0.02,0.79,12.57,-32.71,-120.36
2026-08-03 13:23:13.891,0.14,-0.15,0.73,-4.52,-25.88,-88.56
2026-08-03 13:23:13.892,0.14,-0.15,0.73,-4.52,-25.88,-88.56
2026-08-03 13:23:13.893,0.15,-0.28,0.77,-16.48,-15.5,-60.97
2026-08-03 13:23:13.952,0.15,-0.28,0.77,-16.48,-15.5,-60.97
2026-08-03 13:23:13.952,0.18,-0.39,0.9,-14.71,-12.88,-43.03
2026-08-03 13:23:13.953,0.18,-0.39,0.9,-14.71,-12.88,-43.03
2026-08-03 13:23:14.010,0.28,-0.41,1.01,-8.36,-17.52,-34.67
2026-08-03 13:23:14.011,0.36,-0.34,1.19,-9.77,-15.93,-27.59
2026-08-03 13:23:14.077,0.36,-0.34,1.19,-9.77,-15.93,-27.59
2026-08-03 13:23:14.077,0.29,-0.21,1.51,-17.27,2.01,-19.78
2026-08-03 13:23:14.078,0.29,-0.21,1.51,-17.27,2.01,-19.78
2026-08-03 13:23:14.131,0.1,-0.06,1.6,-6.77,19.53,-15.62
2026-08-03 13:23:14.132,0.1,-0.06,1.6,-6.77,19.53,-15.62
2026-08-03 13:23:14.197,0.03,0.01,1.22,18.86,5.98,-0.31
2026-08-03 13:23:14.197,0.09,0.01,0.82,20.94,-22.83,27.34
2026-08-03 13:23:14.198,0.09,0.01,0.82,20.94,-22.83,27.34
2026-08-03 13:23:14.250,0.1,-0.02,0.77,-7.63,-28.87,46.08
2026-08-03 13:23:14.254,0.1,-0.02,0.77,-7.63,-28.87,46.08
2026-08-03 13:23:14.370,0.06,-0.04,0.92,-36.19,-15.38,50.29
2026-08-03 13:23:14.371,0.06,-0.04,0.92,-39.43,-7.87,46.39
2026-08-03 13:23:14.371,0.03,-0.06,0.94,-39.43,-7.87,46.39
2026-08-03 13:23:14.372,0.06,-0.09,0.77,-23.8,-12.63,44.74
2026-08-03 13:23:14.373,0.06,-0.09,0.77,-23.8,-12.63,44.74
2026-08-03 13:23:14.374,0.09,-0.16,0.57,-10.5,-16.48,53.16
2026-08-03 13:23:14.497,0.09,-0.16,0.57,-10.5,-16.48,53.16
2026-08-03 13:23:14.498,0.11,-0.25,0.51,-3.23,-10.19,68.42
2026-08-03 13:23:14.498,0.11,-0.25,0.51,-3.23,-10.19,68.42
2026-08-03 13:23:14.499,0.08,-0.27,0.72,3.42,10.56,76.9
2026-08-03 13:23:14.501,0.03,-0.21,1.09,7.02,38.76,70.98
2026-08-03 13:23:14.554,0.03,-0.21,1.09,7.02,38.76,70.98
2026-08-03 13:23:14.554,0.01,-0.15,1.3,16.3,51.76,58.96
2026-08-03 13:23:14.555,0.01,-0.15,1.3,16.3,51.76,58.96
2026-08-03 13:23:14.670,0.01,-0.13,1.29,30.52,43.76,50.72
2026-08-03 13:23:14.671,0.01,-0.13,1.29,30.52,43.76,50.72
2026-08-03 13:23:14.671,-0.04,-0.1,1.32,33.63,32.23,43.4
2026-08-03 13:23:14.730,-0.04,-0.1,1.32,33.63,32.23,43.4
2026-08-03 13:23:14.730,-0.04,-0.1,1.32,33.63,32.23,43.4
2026-08-03 13:23:14.731,-0.04,-0.1,1.32,33.63,32.23,43.4
2026-08-03 13:23:14.731,-0.16,0.03,1.13,10.25,0.55,24.11
2026-08-03 13:23:14.732,-0.16,0.03,1.13,10.25,0.55,24.11
2026-08-03 13:23:14.857,-0.11,-0.0,0.74,-3.3,-28.87,42.05
2026-08-03 13:23:14.857,-0.06,-0.09,0.54,-13.12,-37.35,68.24
2026-08-03 13:23:14.858,-0.06,-0.09,0.54,-13.12,-37.35,68.24
2026-08-03 13:23:14.859,-0.03,-0.12,0.65,-9.16,-20.14,78.12
2026-08-03 13:23:14.859,-0.03,-0.12,0.65,-9.16,-20.14,78.12
2026-08-03 13:23:14.910,-0.0,-0.02,0.87,15.32,-1.59,71.11
2026-08-03 13:23:14.911,-0.0,-0.02,0.87,15.32,-1.59,71.11
2026-08-03 13:23:14.911,0.03,0.09,0.98,41.69,1.89,66.89
2026-08-03 13:23:14.971,0.03,0.09,0.98,50.05,-2.56,78.0
2026-08-03 13:23:14.971,0.01,0.1,0.94,50.05,-2.56,78.0
2026-08-03 13:23:14.971,-0.04,0.03,0.87,49.01,-4.82,95.03
2026-08-03 13:23:15.031,-0.04,0.03,0.87,49.01,-4.82,95.03
2026-08-03 13:23:15.031,-0.06,0.01,0.83,51.15,-3.54,103.64
2026-08-03 13:23:15.032,-0.06,0.01,0.83,51.15,-3.54,103.64
2026-08-03 13:23:15.091,-0.09,0.05,0.89,49.93,4.33,103.21
2026-08-03 13:23:15.092,-0.09,0.05,0.89,49.93,4.33,103.21
2026-08-03 13:23:15.152,-0.16,0.11,1.01,34.3,16.85,100.16
2026-08-03 13:23:15.153,-0.28,0.12,1.09,8.61,21.97,98.33
2026-08-03 13:23:15.153,-0.28,0.12,1.09,8.61,21.97,98.33
2026-08-03 13:23:15.210,-0.36,0.05,1.06,-10.99,13.12,94.42
2026-08-03 13:23:15.211,-0.36,0.05,1.06,-10.99,13.12,94.42
2026-08-03 13:23:15.270,-0.36,-0.02,0.95,-14.59,-6.35,82.09
2026-08-03 13:23:15.272,-0.36,-0.02,0.95,-14.59,-6.35,82.09
2026-08-03 13:23:15.272,-0.28,-0.06,0.85,-2.32,-28.08,63.05
2026-08-03 13:23:15.331,-0.19,-0.03,0.82,23.86,-42.05,44.13
2026-08-03 13:23:15.332,-0.19,-0.03,0.82,23.86,-42.05,44.13
2026-08-03 13:23:15.332,-0.1,0.16,0.94,60.85,-39.55,29.66
2026-08-03 13:23:15.396,-0.1,0.16,0.94,60.85,-39.55,29.66
2026-08-03 13:23:15.451,-0.03,0.51,1.13,95.76,-23.07,31.07
2026-08-03 13:23:15.451,-0.03,0.51,1.13,95.76,-23.07,31.07
2026-08-03 13:23:15.453,-0.03,0.78,1.21,110.84,-2.5,63.78
2026-08-03 13:23:15.453,-0.03,0.78,1.21,110.84,-2.5,63.78
2026-08-03 13:23:15.691,-0.2,0.78,1.23,90.09,24.96,113.22
2026-08-03 13:23:15.694,-0.4,0.52,1.28,37.29,54.2,132.57
2026-08-03 13:23:15.694,-0.4,0.52,1.28,37.29,54.2,132.57
2026-08-03 13:23:15.695,-0.42,0.29,1.2,-9.83,54.69,90.03
2026-08-03 13:23:15.695,-0.42,0.29,1.2,-9.83,54.69,90.03
2026-08-03 13:23:15.695,-0.31,0.27,1.0,-34.3,19.17,1.77
2026-08-03 13:23:15.695,-0.31,0.27,1.0,-34.3,19.17,1.77
2026-08-03 13:23:15.696,-0.24,0.36,0.8,-51.7,-23.13,-87.04
2026-08-03 13:23:15.696,-0.24,0.36,0.8,-59.88,-51.57,-151.06
2026-08-03 13:23:15.696,-0.22,0.45,0.66,-59.88,-51.57,-151.06
2026-08-03 13:23:15.696,-0.17,0.52,0.59,-52.86,-63.6,-190.73
2026-08-03 13:23:15.751,-0.17,0.52,0.59,-52.86,-63.6,-190.73
2026-08-03 13:23:15.752,-0.12,0.55,0.63,-40.89,-58.96,-211.12
2026-08-03 13:23:15.813,-0.12,0.55,0.63,-40.89,-58.96,-211.12
2026-08-03 13:23:15.813,-0.06,0.57,0.74,-28.93,-46.26,-220.28
2026-08-03 13:23:15.814,-0.06,0.57,0.74,-16.6,-36.68,-221.25
2026-08-03 13:23:15.876,0.01,0.59,0.86,-16.6,-36.68,-221.25
2026-08-03 13:23:15.877,0.06,0.56,0.96,-8.67,-32.29,-211.06
2026-08-03 13:23:15.931,0.06,0.56,0.96,-8.67,-32.29,-211.06
2026-08-03 13:23:15.943,0.07,0.49,0.99,-6.04,-33.02,-192.2
2026-08-03 13:23:15.943,0.07,0.49,0.99,-6.04,-33.02,-192.2
2026-08-03 13:23:16.111,0.07,0.4,0.95,-6.96,-36.93,-173.4
2026-08-03 13:23:16.112,0.07,0.4,0.95,-8.73,-38.39,-159.67
2026-08-03 13:23:16.113,0.08,0.33,0.9,-8.73,-38.39,-159.67
2026-08-03 13:23:16.113,0.1,0.28,0.85,-6.23,-35.28,-149.23
2026-08-03 13:23:16.113,0.1,0.28,0.85,-6.23,-35.28,-149.23
2026-08-03 13:23:16.114,0.13,0.24,0.81,1.46,-29.17,-138.43
2026-08-03 13:23:16.114,0.13,0.24,0.81,1.46,-29.17,-138.43
2026-08-03 13:23:16.115,0.17,0.22,0.81,6.84,-20.81,-126.83
2026-08-03 13:23:16.172,0.17,0.22,0.81,6.84,-20.81,-126.83
2026-08-03 13:23:16.172,0.19,0.21,0.86,-1.59,-6.35,-115.36
2026-08-03 13:23:16.239,0.14,0.19,0.99,-15.81,16.05,-105.65
2026-08-03 13:23:16.241,0.14,0.19,0.99,-15.81,16.05,-105.65
2026-08-03 13:23:16.242,0.01,0.22,1.29,-16.54,38.88,-104.43
2026-08-03 13:23:16.291,0.01,0.22,1.29,-16.54,38.88,-104.43
2026-08-03 13:23:16.292,-0.17,0.34,1.6,-14.1,45.41,-117.68
2026-08-03 13:23:16.351,-0.24,0.44,1.56,-9.64,17.76,-129.94
2026-08-03 13:23:16.353,-0.24,0.44,1.56,-9.64,17.76,-129.94
2026-08-03 13:23:16.353,-0.16,0.37,1.1,-0.79,-31.13,-118.65
2026-08-03 13:23:16.412,-0.16,0.37,1.1,-0.79,-31.13,-118.65
2026-08-03 13:23:16.414,-0.08,0.14,0.65,-10.68,-56.7,-91.25
2026-08-03 13:23:16.414,-0.08,0.14,0.65,-10.68,-56.7,-91.25
2026-08-03 13:23:16.471,-0.07,-0.07,0.54,-29.3,-45.96,-76.66
2026-08-03 13:23:16.471,-0.07,-0.07,0.54,-29.3,-45.96,-76.66
2026-08-03 13:23:16.474,-0.01,-0.09,0.66,-22.34,-32.17,-84.96
2026-08-03 13:23:16.531,0.18,0.01,0.73,8.06,-35.77,-92.83
2026-08-03 13:23:16.533,0.18,0.01,0.73,8.06,-35.77,-92.83
2026-08-03 13:23:16.591,0.35,0.04,0.73,29.48,-41.32,-74.89
2026-08-03 13:23:16.591,0.35,0.04,0.73,29.48,-41.32,-74.89
2026-08-03 13:23:16.592,0.43,-0.0,0.74,30.21,-35.46,-36.38
2026-08-03 13:23:16.651,0.43,-0.0,0.74,30.21,-35.46,-36.38
2026-08-03 13:23:16.653,0.43,0.01,0.83,23.86,-22.64,1.59
2026-08-03 13:23:16.653,0.43,0.01,0.83,23.86,-22.64,1.59
2026-08-03 13:23:16.771,0.43,0.01,0.83,23.86,-22.64,1.59
2026-08-03 13:23:16.772,0.43,0.01,0.83,23.86,-22.64,1.59
2026-08-03 13:23:16.773,0.37,0.23,1.13,19.84,-7.32,60.55
2026-08-03 13:23:16.773,0.31,0.32,1.29,16.66,-5.98,89.84
2026-08-03 13:23:16.773,0.31,0.32,1.29,16.66,-5.98,89.84
2026-08-03 13:23:16.891,0.22,0.36,1.47,11.47,-5.37,113.59
2026-08-03 13:23:16.892,0.22,0.36,1.47,11.47,-5.37,113.59
2026-08-03 13:23:16.893,0.12,0.41,1.49,7.87,-5.25,125.79
2026-08-03 13:23:16.893,0.12,0.41,1.49,7.87,-5.25,125.79
2026-08-03 13:23:16.893,0.06,0.38,1.26,-5.07,0.12,128.54
2026-08-03 13:23:16.894,0.06,0.38,1.26,-5.07,0.12,128.54
2026-08-03 13:23:16.951,0.05,0.25,0.91,-24.6,8.12,128.6
2026-08-03 13:23:16.951,0.04,0.13,0.76,-44.68,18.01,122.19
2026-08-03 13:23:17.014,0.04,0.13,0.76,-44.68,18.01,122.19
2026-08-03 13:23:17.014,0.01,0.06,0.86,-66.41,29.72,102.54
2026-08-03 13:23:17.014,0.01,0.06,0.86,-66.41,29.72,102.54
2026-08-03 13:23:17.131,-0.03,0.05,1.02,-79.83,31.74,72.45
2026-08-03 13:23:17.132,-0.03,0.05,1.02,-79.83,31.74,72.45
2026-08-03 13:23:17.133,-0.04,0.09,1.1,-78.0,15.75,40.65
2026-08-03 13:23:17.133,-0.04,0.09,1.1,-59.27,-16.78,19.17
2026-08-03 13:23:17.133,-0.01,0.1,1.02,-59.27,-16.78,19.17
2026-08-03 13:23:17.190,0.03,0.05,0.86,-30.82,-49.93,11.72
2026-08-03 13:23:17.372,0.03,0.05,0.86,-30.82,-49.93,11.72
2026-08-03 13:23:17.372,0.06,-0.05,0.73,-18.37,-55.91,5.0
2026-08-03 13:23:17.373,0.06,-0.05,0.73,-18.37,-55.91,5.0
2026-08-03 13:23:17.373,0.08,-0.16,0.69,-28.2,-30.03,-11.23
2026-08-03 13:23:17.373,0.08,-0.16,0.69,-28.2,-30.03,-11.23
2026-08-03 13:23:17.374,0.06,-0.25,0.74,-42.48,7.63,-33.51
2026-08-03 13:23:17.374,0.02,-0.3,0.83,-49.26,40.34,-55.42
2026-08-03 13:23:17.375,0.02,-0.3,0.83,-49.26,40.34,-55.42
2026-08-03 13:23:17.376,-0.02,-0.35,0.86,-43.4,60.18,-73.18
2026-08-03 13:23:17.376,-0.02,-0.35,0.86,-43.4,60.18,-73.18
2026-08-03 13:23:17.434,-0.07,-0.33,0.9,-23.32,69.89,-89.23
2026-08-03 13:23:17.440,-0.07,-0.33,0.9,-23.32,69.89,-89.23
2026-08-03 13:23:17.491,-0.15,-0.22,1.08,-1.95,80.93,-107.97
2026-08-03 13:23:17.492,-0.19,-0.13,1.22,7.45,90.33,-123.47
2026-08-03 13:23:17.492,-0.19,-0.13,1.22,7.45,90.33,-123.47
2026-08-03 13:23:17.551,-0.19,-0.13,1.13,9.64,84.96,-125.73
2026-08-03 13:23:17.551,-0.19,-0.13,1.13,9.64,84.96,-125.73
2026-08-03 13:23:17.552,-0.17,-0.21,0.94,5.37,69.76,-119.63
2026-08-03 13:23:17.611,-0.17,-0.21,0.94,5.37,69.76,-119.63
2026-08-03 13:23:17.611,-0.15,-0.28,0.85,-4.15,57.8,-118.59
2026-08-03 13:23:17.672,-0.15,-0.28,0.85,-4.15,57.8,-118.59
2026-08-03 13:23:17.672,-0.12,-0.27,0.88,-6.29,49.68,-127.32
2026-08-03 13:23:17.672,-0.05,-0.2,0.94,5.92,37.78,-138.0
2026-08-03 13:23:17.737,-0.05,-0.2,0.94,5.92,37.78,-138.0
2026-08-03 13:23:17.738,0.05,-0.15,0.93,24.6,21.48,-137.21
2026-08-03 13:23:17.738,0.05,-0.15,0.93,24.6,21.48,-137.21
2026-08-03 13:23:17.791,0.13,-0.14,0.89,32.29,10.13,-119.08
2026-08-03 13:23:17.792,0.13,-0.14,0.89,32.29,10.13,-119.08
2026-08-03 13:23:17.918,0.11,-0.2,0.87,20.69,8.36,-87.65
2026-08-03 13:23:17.919,0.03,-0.31,0.85,2.38,10.56,-54.81
2026-08-03 13:23:17.971,0.03,-0.31,0.85,2.38,10.56,-54.81
2026-08-03 13:23:17.979,-0.03,-0.39,0.83,-4.27,8.3,-34.24
2026-08-03 13:23:17.979,-0.03,-0.39,0.83,-4.27,8.3,-34.24
2026-08-03 13:23:17.979,-0.0,-0.4,0.82,6.47,-1.59,-28.02
2026-08-03 13:23:17.979,-0.0,-0.4,0.82,6.47,-1.59,-28.02
2026-08-03 13:23:17.979,0.08,-0.36,0.86,24.11,-13.43,-27.16
2026-08-03 13:23:18.034,0.08,-0.36,0.86,24.11,-13.43,-27.16
2026-08-03 13:23:18.047,0.13,-0.25,1.03,34.79,-14.65,-26.73
2026-08-03 13:23:18.047,0.09,-0.11,1.3,32.84,1.59,-27.28
2026-08-03 13:23:18.151,0.09,-0.11,1.3,32.84,1.59,-27.28
2026-08-03 13:23:18.151,0.02,0.0,1.44,29.17,15.44,-24.54
2026-08-03 13:23:18.152,0.02,0.0,1.44,29.17,15.44,-24.54
2026-08-03 13:23:18.211,0.04,0.05,1.28,33.08,3.54,-12.88
2026-08-03 13:23:18.211,0.04,0.05,1.28,33.08,3.54,-12.88
2026-08-03 13:23:18.212,0.11,0.05,1.02,27.04,-17.33,4.94
2026-08-03 13:23:18.212,0.14,0.01,0.87,4.27,-20.94,20.39
2026-08-03 13:23:18.215,0.14,0.01,0.87,4.27,-20.94,20.39
2026-08-03 13:23:18.271,0.14,0.01,0.87,-16.72,-9.03,26.92
2026-08-03 13:23:18.271,0.14,0.01,0.87,-16.72,-9.03,26.92
2026-08-03 13:23:18.337,0.09,0.03,0.99,-29.17,7.51,25.15
2026-08-03 13:23:18.337,0.09,0.03,0.99,-29.17,7.51,25.15
2026-08-03 13:23:18.337,0.04,0.02,1.06,-34.91,17.09,21.67
2026-08-03 13:23:18.391,0.01,-0.07,0.99,-31.74,13.24,20.87
2026-08-03 13:23:18.391,0.01,-0.07,0.99,-31.74,13.24,20.87
2026-08-03 13:23:18.452,-0.0,-0.18,0.88,-26.25,8.36,18.55
2026-08-03 13:23:18.452,-0.0,-0.18,0.88,-26.25,8.36,18.55
2026-08-03 13:23:18.453,-0.02,-0.26,0.87,-27.89,15.14,9.77
2026-08-03 13:23:18.510,-0.02,-0.26,0.87,-27.89,15.14,9.77
2026-08-03 13:23:18.512,-0.02,-0.3,0.93,-31.43,26.98,-3.54
2026-08-03 13:23:18.512,-0.02,-0.3,0.93,-30.15,35.1,-16.78
2026-08-03 13:23:18.631,-0.01,-0.28,0.99,-30.15,35.1,-16.78
2026-08-03 13:23:18.633,0.0,-0.25,1.03,-29.24,41.14,-26.0
2026-08-03 13:23:18.633,0.0,-0.25,1.03,-29.24,41.14,-26.0
2026-08-03 13:23:18.633,0.01,-0.25,1.0,-29.66,45.9,-28.44
2026-08-03 13:23:18.633,0.01,-0.25,1.0,-29.66,45.9,-28.44
2026-08-03 13:23:18.692,-0.02,-0.26,1.0,-24.23,48.77,-25.7
2026-08-03 13:23:18.693,-0.02,-0.26,1.0,-24.23,48.77,-25.7
2026-08-03 13:23:18.693,-0.09,-0.23,1.07,-17.58,50.72,-22.77
2026-08-03 13:23:18.872,-0.13,-0.2,1.03,-14.83,42.11,-16.78
2026-08-03 13:23:18.873,-0.13,-0.2,1.03,-14.83,42.11,-16.78
2026-08-03 13:23:18.873,-0.12,-0.21,0.84,-14.59,20.39,-0.37
2026-08-03 13:23:18.873,-0.12,-0.21,0.84,-14.59,20.39,-0.37
2026-08-03 13:23:18.874,-0.12,-0.27,0.7,-20.32,4.52,20.39
2026-08-03 13:23:18.878,-0.12,-0.27,0.7,-20.32,4.52,20.39
2026-08-03 13:23:18.878,-0.15,-0.3,0.73,-24.29,3.42,34.06
2026-08-03 13:23:18.878,-0.15,-0.3,0.73,-14.04,6.47,37.84
2026-08-03 13:23:18.938,-0.17,-0.29,0.84,-14.04,6.47,37.84
2026-08-03 13:23:18.939,-0.15,-0.26,0.93,1.53,4.82,38.15
2026-08-03 13:23:19.053,-0.15,-0.26,0.93,1.53,4.82,38.15
2026-08-03 13:23:19.053,-0.11,-0.28,0.96,8.91,-2.99,43.82
2026-08-03 13:23:19.053,-0.11,-0.28,0.96,8.91,-2.99,43.82
2026-08-03 13:23:19.054,-0.08,-0.33,0.92,9.03,-16.24,54.69
2026-08-03 13:23:19.055,-0.08,-0.33,0.92,9.03,-16.24,54.69
2026-08-03 13:23:19.055,-0.04,-0.36,0.89,8.67,-30.58,62.32
2026-08-03 13:23:19.114,-0.04,-0.36,0.89,8.67,-30.58,62.32
2026-08-03 13:23:19.114,-0.04,-0.36,0.89,8.67,-30.58,62.32
2026-08-03 13:23:19.116,-0.04,-0.36,0.89,8.67,-30.58,62.32
2026-08-03 13:23:19.170,-0.05,-0.23,0.93,10.5,-46.39,64.76
2026-08-03 13:23:19.185,-0.05,-0.23,0.93,7.81,-48.03,68.73
2026-08-03 13:23:19.187,-0.08,-0.17,0.95,7.81,-48.03,68.73
2026-08-03 13:23:19.234,-0.13,-0.15,0.95,1.77,-46.69,75.56
2026-08-03 13:23:19.234,-0.13,-0.15,0.95,1.77,-46.69,75.56
2026-08-03 13:23:19.290,-0.2,-0.21,0.93,-5.55,-44.13,81.85
2026-08-03 13:23:19.291,-0.2,-0.21,0.93,-5.55,-44.13,81.85
2026-08-03 13:23:19.291,-0.23,-0.3,0.9,-8.91,-43.33,81.12
2026-08-03 13:23:19.356,-0.23,-0.3,0.9,-8.91,-43.33,81.12
2026-08-03 13:23:19.357,-0.21,-0.34,0.88,-0.67,-48.58,71.41
2026-08-03 13:23:19.411,-0.13,-0.32,0.89,16.42,-56.15,58.17
2026-08-03 13:23:19.412,-0.13,-0.32,0.89,16.42,-56.15,58.17
2026-08-03 13:23:19.413,-0.03,-0.25,0.99,30.46,-56.95,48.71
2026-08-03 13:23:19.532,-0.03,-0.25,0.99,30.46,-56.95,48.71
2026-08-03 13:23:19.537,0.03,-0.15,1.15,36.74,-48.71,47.85
2026-08-03 13:23:19.537,0.03,-0.15,1.15,36.74,-48.71,47.85
2026-08-03 13:23:19.537,0.01,-0.07,1.34,39.37,-36.19,54.87
2026-08-03 13:23:19.538,0.01,-0.07,1.34,43.46,-32.04,62.38
2026-08-03 13:23:19.538,-0.01,-0.01,1.42,43.46,-32.04,62.38
2026-08-03 13:23:19.657,0.04,0.08,1.36,46.08,-41.2,65.12
2026-08-03 13:23:19.657,0.04,0.08,1.36,46.08,-41.2,65.12
2026-08-03 13:23:19.657,0.09,0.15,1.25,37.05,-49.62,66.28
2026-08-03 13:23:19.657,0.09,0.15,1.25,37.05,-49.62,66.28
2026-08-03 13:23:19.658,0.15,0.15,1.1,22.64,-49.74,68.91
2026-08-03 13:23:19.774,0.15,0.15,1.1,22.64,-49.74,68.91
2026-08-03 13:23:19.776,0.19,0.11,0.96,12.94,-41.69,71.41
2026-08-03 13:23:19.777,0.18,0.06,0.92,2.81,-26.06,69.89
2026-08-03 13:23:19.777,0.18,0.06,0.92,2.81,-26.06,69.89
2026-08-03 13:23:19.778,0.2,0.02,0.89,-1.46,-16.05,64.58
2026-08-03 13:23:19.835,0.2,0.02,0.89,-1.46,-16.05,64.58
2026-08-03 13:23:19.836,0.25,0.01,0.88,6.04,-15.08,58.78
2026-08-03 13:23:19.836,0.25,0.01,0.88,6.04,-15.08,58.78
2026-08-03 13:23:19.890,0.27,0.01,0.91,9.95,-11.35,54.02
2026-08-03 13:23:19.891,0.27,0.01,0.91,9.95,-11.35,54.02
2026-08-03 13:23:19.965,0.26,0.01,0.93,4.94,-7.39,52.0
2026-08-03 13:23:19.966,0.24,-0.0,0.91,-1.28,-8.18,53.53
2026-08-03 13:23:19.966,0.24,-0.0,0.91,-1.28,-8.18,53.53
2026-08-03 13:23:20.011,0.22,-0.02,0.9,-8.24,-8.54,54.87
2026-08-03 13:23:20.131,0.22,-0.02,0.9,-8.24,-8.54,54.87
2026-08-03 13:23:20.198,0.19,-0.02,0.9,-17.21,-8.36,53.89
2026-08-03 13:23:20.199,0.19,-0.02,0.9,-17.21,-8.36,53.89
2026-08-03 13:23:20.200,0.16,-0.02,0.88,-31.68,-10.86,54.81
2026-08-03 13:23:20.201,0.16,-0.02,0.88,-31.68,-10.86,54.81
2026-08-03 13:23:20.201,0.13,-0.07,0.84,-43.64,-13.67,57.86
2026-08-03 13:23:20.201,0.1,-0.15,0.8,-38.02,-12.08,56.58
2026-08-03 13:23:20.202,0.1,-0.15,0.8,-38.02,-12.08,56.58
2026-08-03 13:23:20.203,0.1,-0.23,0.83,-20.14,-3.97,49.19
2026-08-03 13:23:20.251,0.1,-0.23,0.83,-20.14,-3.97,49.19
2026-08-03 13:23:20.252,0.09,-0.3,0.91,-7.2,7.14,38.21
2026-08-03 13:23:20.252,0.06,-0.4,0.95,-6.35,15.08,25.21
2026-08-03 13:23:20.311,0.06,-0.4,0.95,-6.35,15.08,25.21
2026-08-03 13:23:20.311,0.06,-0.45,0.98,-10.31,19.65,10.01
2026-08-03 13:23:20.313,0.06,-0.45,0.98,-10.31,19.65,10.01
2026-08-03 13:23:20.370,0.07,-0.43,1.06,-15.32,28.56,-5.74
2026-08-03 13:23:20.371,0.07,-0.43,1.06,-15.32,28.56,-5.74
2026-08-03 13:23:20.433,0.03,-0.36,1.21,-18.43,44.86,-17.27
2026-08-03 13:23:20.434,0.03,-0.36,1.21,-18.43,44.86,-17.27
2026-08-03 13:23:20.434,0.03,-0.36,1.21,-18.43,44.86,-17.27
2026-08-03 13:23:20.434,0.03,-0.36,1.21,-18.43,44.86,-17.27
2026-08-03 13:23:20.490,-0.09,-0.19,1.22,14.47,55.24,-27.22
2026-08-03 13:23:20.496,-0.09,-0.19,1.22,14.47,55.24,-27.22
2026-08-03 13:23:20.567,-0.09,-0.13,1.08,35.4,45.04,-30.94
2026-08-03 13:23:20.567,-0.14,-0.06,1.06,32.53,45.78,-37.54
2026-08-03 13:23:20.568,-0.14,-0.06,1.06,32.53,45.78,-37.54
2026-08-03 13:23:20.670,-0.21,-0.03,1.06,12.21,48.22,-41.08
2026-08-03 13:23:20.671,-0.21,-0.03,1.06,12.21,48.22,-41.08
2026-08-03 13:23:20.671,-0.23,-0.11,0.94,-5.43,38.21,-35.16
2026-08-03 13:23:20.671,-0.23,-0.11,0.94,-5.43,38.21,-35.16
2026-08-03 13:23:20.672,-0.21,-0.2,0.81,-13.61,23.62,-26.98
2026-08-03 13:23:20.791,-0.15,-0.24,0.79,-15.87,14.47,-26.86
2026-08-03 13:23:20.866,-0.15,-0.24,0.79,-15.87,14.47,-26.86
2026-08-03 13:23:20.869,-0.13,-0.24,0.82,-16.48,9.03,-32.65
2026-08-03 13:23:20.870,-0.13,-0.24,0.82,-16.48,9.03,-32.65
2026-08-03 13:23:20.871,-0.14,-0.26,0.77,-16.66,1.77,-38.64
2026-08-03 13:23:20.871,-0.14,-0.26,0.77,-16.66,1.77,-38.64
2026-08-03 13:23:20.873,-0.15,-0.27,0.67,-16.24,-6.71,-46.63
2026-08-03 13:23:20.873,-0.15,-0.27,0.67,-14.1,-11.05,-56.88
2026-08-03 13:23:20.911,-0.14,-0.25,0.6,-14.1,-11.05,-56.88
2026-08-03 13:23:20.912,-0.12,-0.24,0.57,-8.91,-8.79,-64.39
2026-08-03 13:23:20.916,-0.12,-0.24,0.57,-8.91,-8.79,-64.39
2026-08-03 13:23:20.971,-0.09,-0.26,0.58,2.14,-5.49,-66.22
2026-08-03 13:23:20.971,-0.09,-0.26,0.58,2.14,-5.49,-66.22
2026-08-03 13:23:21.038,-0.04,-0.3,0.63,19.9,-5.8,-64.58
2026-08-03 13:23:21.038,-0.04,-0.3,0.63,19.9,-5.8,-64.58
2026-08-03 13:23:21.040,0.05,-0.33,0.74,37.29,-7.2,-61.46
2026-08-03 13:23:21.091,0.13,-0.32,0.9,46.75,-6.1,-54.99
2026-08-03 13:23:21.093,0.13,-0.32,0.9,46.75,-6.1,-54.99
2026-08-03 13:23:21.093,0.18,-0.31,1.07,49.5,-3.3,-42.18
2026-08-03 13:23:21.151,0.18,-0.31,1.07,49.5,-3.3,-42.18
2026-08-03 13:23:21.152,0.22,-0.28,1.17,49.32,-5.31,-22.95
2026-08-03 13:23:21.216,0.22,-0.28,1.17,49.32,-5.31,-22.95
2026-08-03 13:23:21.219,0.26,-0.24,1.19,49.5,-13.31,-0.98
2026-08-03 13:23:21.219,0.26,-0.24,1.19,49.5,-13.31,-0.98
2026-08-03 13:23:21.281,0.24,-0.12,1.25,53.65,-18.07,18.37
2026-08-03 13:23:21.282,0.17,0.1,1.34,59.69,-13.43,32.04
2026-08-03 13:23:21.282,0.17,0.1,1.34,59.69,-13.43,32.04
2026-08-03 13:23:21.331,0.12,0.3,1.35,55.54,-1.77,44.25
2026-08-03 13:23:21.331,0.12,0.3,1.35,55.54,-1.77,44.25
2026-08-03 13:23:21.452,0.09,0.35,1.2,35.95,6.9,59.27
2026-08-03 13:23:21.452,0.09,0.35,1.2,35.95,6.9,59.27
2026-08-03 13:23:21.453,0.04,0.29,1.03,13.0,8.54,70.07
2026-08-03 13:23:21.453,0.04,0.29,1.03,0.55,12.02,66.22
2026-08-03 13:23:21.453,-0.03,0.21,0.97,0.55,12.02,66.22
2026-08-03 13:23:21.453,-0.06,0.17,0.97,2.2,17.76,47.18
2026-08-03 13:23:21.511,-0.06,0.17,0.97,2.2,17.76,47.18
2026-08-03 13:23:21.511,-0.02,0.18,0.94,12.7,14.28,22.89
2026-08-03 13:23:21.573,-0.02,0.18,0.94,12.7,14.28,22.89
2026-08-03 13:23:21.574,0.08,0.21,0.82,23.99,0.12,8.79
2026-08-03 13:23:21.574,0.08,0.21,0.82,23.99,0.12,8.79
2026-08-03 13:23:21.632,0.16,0.18,0.67,31.25,-12.27,12.02
2026-08-03 13:23:21.632,0.2,0.14,0.59,36.8,-12.82,23.74
2026-08-03 13:23:21.633,0.2,0.14,0.59,36.8,-12.82,23.74
2026-08-03 13:23:21.694,0.23,0.14,0.65,41.32,-0.85,33.57
2026-08-03 13:23:21.694,0.23,0.14,0.65,41.32,-0.85,33.57
2026-08-03 13:23:21.750,0.24,0.17,0.81,39.43,18.37,40.89
2026-08-03 13:23:21.751,0.24,0.17,0.81,39.43,18.37,40.89
2026-08-03 13:23:21.752,0.22,0.19,1.03,29.17,34.73,48.95
2026-08-03 13:23:21.871,0.22,0.19,1.03,29.17,34.73,48.95
2026-08-03 13:23:21.872,0.18,0.2,1.18,13.18,38.7,57.68
2026-08-03 13:23:21.872,0.14,0.17,1.22,-5.37,31.56,65.73
2026-08-03 13:23:21.872,0.14,0.17,1.22,-5.37,31.56,65.73
2026-08-03 13:23:21.873,0.11,0.12,1.18,-22.52,22.83,71.9
2026-08-03 13:23:21.932,0.11,0.12,1.18,-22.52,22.83,71.9
2026-08-03 13:23:21.933,0.07,0.08,1.16,-36.07,19.78,73.91
2026-08-03 13:23:21.937,0.07,0.08,1.16,-36.07,19.78,73.91
2026-08-03 13:23:22.056,0.01,0.08,1.19,-49.19,21.97,68.6
2026-08-03 13:23:22.060,0.01,0.08,1.19,-58.59,18.19,57.62
2026-08-03 13:23:22.060,-0.03,0.08,1.16,-58.59,18.19,57.62
2026-08-03 13:23:22.180,-0.01,0.07,1.0,-56.46,2.93,48.03
2026-08-03 13:23:22.183,-0.01,0.07,1.0,-56.46,2.93,48.03
2026-08-03 13:23:22.185,0.03,0.04,0.82,-46.02,-10.25,42.36
2026-08-03 13:23:22.185,0.03,0.04,0.82,-46.02,-10.25,42.36
2026-08-03 13:23:22.186,0.07,0.01,0.7,-33.75,-11.54,40.04
2026-08-03 13:23:22.186,0.07,0.01,0.7,-33.75,-11.54,40.04
2026-08-03 13:23:22.186,0.08,-0.04,0.68,-22.58,-0.61,40.71
2026-08-03 13:23:22.186,0.06,-0.07,0.77,-15.93,21.06,39.86
2026-08-03 13:23:22.231,0.06,-0.07,0.77,-15.93,21.06,39.86
2026-08-03 13:23:22.232,0.04,-0.08,0.93,-10.13,41.02,34.48
2026-08-03 13:23:22.290,0.04,-0.08,0.93,-10.13,41.02,34.48
2026-08-03 13:23:22.291,0.05,-0.08,1.02,0.12,45.65,29.11
2026-08-03 13:23:22.291,0.05,-0.08,1.02,10.8,39.37,27.22
2026-08-03 13:23:22.354,0.07,-0.1,1.0,10.8,39.37,27.22
2026-08-03 13:23:22.355,0.08,-0.12,0.95,15.69,35.03,26.86
2026-08-03 13:23:22.411,0.08,-0.12,0.95,15.69,35.03,26.86
2026-08-03 13:23:22.530,0.05,-0.08,0.99,18.01,36.13,26.67
2026-08-03 13:23:22.531,0.05,-0.08,0.99,18.01,36.13,26.67
2026-08-03 13:23:22.531,-0.02,-0.0,1.11,20.26,42.11,28.08
2026-08-03 13:23:22.533,-0.02,-0.0,1.11,20.26,42.11,28.08
2026-08-03 13:23:22.534,-0.1,0.03,1.17,27.34,42.36,34.42
2026-08-03 13:23:22.534,-0.13,0.03,1.1,48.58,21.0,44.92
2026-08-03 13:23:22.534,-0.13,0.03,1.1,48.58,21.0,44.92
2026-08-03 13:23:22.591,-0.05,0.17,1.03,70.31,-10.93,52.73
2026-08-03 13:23:22.650,-0.05,0.17,1.03,70.31,-10.93,52.73
2026-08-03 13:23:22.651,0.02,0.44,1.1,60.06,-20.69,64.09
2026-08-03 13:23:22.651,0.02,0.44,1.1,60.06,-20.69,64.09
2026-08-03 13:23:22.651,-0.03,0.59,1.23,6.59,2.62,92.96
2026-08-03 13:23:22.652,-0.03,0.59,1.23,-57.19,25.27,132.32
2026-08-03 13:23:22.712,-0.15,0.6,1.2,-57.19,25.27,132.32
2026-08-03 13:23:22.712,-0.24,0.6,1.09,-100.28,26.0,163.02
2026-08-03 13:23:22.776,-0.24,0.6,1.09,-100.28,26.0,163.02
2026-08-03 13:23:22.776,-0.28,0.56,1.01,-120.54,18.68,179.93
2026-08-03 13:23:22.777,-0.28,0.56,1.01,-120.54,18.68,179.93
2026-08-03 13:23:22.833,-0.21,0.43,0.93,-114.2,4.03,186.83
2026-08-03 13:23:22.833,-0.07,0.27,0.9,-88.68,-16.3,187.19
2026-08-03 13:23:22.891,-0.07,0.27,0.9,-88.68,-16.3,187.19
2026-08-03 13:23:22.893,0.03,0.23,1.0,-76.78,-21.73,177.98
2026-08-03 13:23:22.896,0.03,0.23,1.0,-76.78,-21.73,177.98
2026-08-03 13:23:22.952,0.03,0.32,1.18,-92.29,-8.42,160.1
2026-08-03 13:23:22.953,0.03,0.32,1.18,-92.29,-8.42,160.1
2026-08-03 13:23:23.010,-0.1,0.43,1.32,-110.96,-2.56,145.2
2026-08-03 13:23:23.011,-0.26,0.49,1.24,-114.14,-20.87,136.17
2026-08-03 13:23:23.013,-0.26,0.49,1.24,-114.14,-20.87,136.17
2026-08-03 13:23:23.070,-0.32,0.45,0.92,-98.33,-51.39,130.55
2026-08-03 13:23:23.071,-0.32,0.45,0.92,-98.33,-51.39,130.55
2026-08-03 13:23:23.071,-0.32,0.35,0.62,-71.17,-61.83,126.1
2026-08-03 13:23:23.131,-0.32,0.35,0.62,-71.17,-61.83,126.1
2026-08-03 13:23:23.132,-0.35,0.35,0.59,-49.44,-32.53,116.94
2026-08-03 13:23:23.190,-0.47,0.42,0.73,-39.86,14.4,107.3
2026-08-03 13:23:23.191,-0.47,0.42,0.73,-39.86,14.4,107.3
2026-08-03 13:23:23.191,-0.61,0.37,0.74,-38.09,41.69,108.76
2026-08-03 13:23:23.255,-0.61,0.37,0.74,-38.09,41.69,108.76
2026-08-03 13:23:23.255,-0.66,0.09,0.56,-31.25,32.65,117.37
2026-08-03 13:23:23.256,-0.66,0.09,0.56,-31.25,32.65,117.37
2026-08-03 13:23:23.310,-0.55,-0.37,0.4,1.28,-1.22,117.68
2026-08-03 13:23:23.311,-0.55,-0.37,0.4,54.93,-31.31,96.13
2026-08-03 13:23:23.371,-0.35,-0.69,0.5,54.93,-31.31,96.13
2026-08-03 13:23:23.371,-0.15,-0.6,0.87,81.73,-37.78,53.28
2026-08-03 13:23:23.372,-0.15,-0.6,0.87,81.73,-37.78,53.28
2026-08-03 13:23:23.431,-0.07,-0.28,1.18,54.63,-29.3,21.0
2026-08-03 13:23:23.431,-0.07,-0.28,1.18,54.63,-29.3,21.0
2026-08-03 13:23:23.490,-0.15,-0.07,1.19,8.06,-23.5,25.76
2026-08-03 13:23:23.491,-0.15,-0.07,1.19,8.06,-23.5,25.76
2026-08-03 13:23:23.491,-0.25,0.01,0.97,-18.98,-26.31,50.29
2026-08-03 13:23:23.553,-0.3,0.06,0.81,-19.23,-29.79,69.89
2026-08-03 13:23:23.553,-0.3,0.06,0.81,-19.23,-29.79,69.89
2026-08-03 13:23:23.682,-0.33,0.11,0.81,-7.08,-21.91,78.49
2026-08-03 13:23:23.682,-0.33,0.11,0.81,-7.08,-21.91,78.49
2026-08-03 13:23:23.682,-0.36,0.13,0.9,-0.73,-0.43,78.55
2026-08-03 13:23:23.683,-0.36,0.13,0.9,-0.73,-0.43,78.55
2026-08-03 13:23:23.790,-0.39,0.12,1.0,-2.2,22.09,75.81
2026-08-03 13:23:23.792,-0.39,0.12,1.0,-2.2,22.09,75.81
2026-08-03 13:23:23.793,-0.39,0.08,1.03,-1.04,28.99,72.02
2026-08-03 13:23:23.793,-0.36,0.04,1.0,6.53,17.46,66.28
2026-08-03 13:23:23.793,-0.36,0.04,1.0,6.53,17.46,66.28
2026-08-03 13:23:23.795,-0.3,0.02,0.94,14.77,-2.2,60.73
2026-08-03 13:23:23.796,-0.3,0.02,0.94,14.77,-2.2,60.73
2026-08-03 13:23:23.797,-0.25,0.02,0.91,18.98,-19.1,57.07
2026-08-03 13:23:23.850,-0.25,0.02,0.91,18.98,-19.1,57.07
2026-08-03 13:23:23.851,-0.22,0.03,0.91,14.71,-24.35,55.18
2026-08-03 13:23:23.911,-0.22,0.03,0.91,14.71,-24.35,55.18
2026-08-03 13:23:23.912,-0.22,0.03,0.91,14.71,-24.35,55.18
2026-08-03 13:23:23.913,-0.22,0.03,0.91,14.71,-24.35,55.18
2026-08-03 13:23:23.976,-0.23,0.05,0.95,-0.98,-14.1,52.73
2026-08-03 13:23:23.976,-0.23,0.05,0.95,-4.64,-7.51,49.01
2026-08-03 13:23:23.977,-0.28,0.09,0.98,-4.64,-7.51,49.01
2026-08-03 13:23:24.031,-0.33,0.14,1.01,-11.72,1.89,41.02
2026-08-03 13:23:24.031,-0.33,0.14,1.01,-11.72,1.89,41.02
2026-08-03 13:23:24.033,-0.37,0.16,0.99,-16.36,9.89,30.88
2026-08-03 13:23:24.091,-0.37,0.16,0.99,-16.36,9.89,30.88
2026-08-03 13:23:24.092,-0.42,0.15,0.99,-18.07,17.15,20.32
2026-08-03 13:23:24.153,-0.42,0.15,0.99,-18.07,17.15,20.32
2026-08-03 13:23:24.153,-0.46,0.13,0.99,-22.09,21.18,8.79
2026-08-03 13:23:24.153,-0.46,0.13,0.99,-23.38,13.37,-0.98
2026-08-03 13:23:24.211,-0.46,0.1,0.95,-23.38,13.37,-0.98
2026-08-03 13:23:24.211,-0.43,0.07,0.9,-20.2,-0.61,-7.69
2026-08-03 13:23:24.271,-0.43,0.07,0.9,-20.2,-0.61,-7.69
2026-08-03 13:23:24.271,-0.39,0.02,0.9,-19.96,-7.2,-12.88
2026-08-03 13:23:24.272,-0.39,0.02,0.9,-19.96,-7.2,-12.88
2026-08-03 13:23:24.334,-0.36,-0.04,0.95,-25.09,-4.76,-18.31
2026-08-03 13:23:24.335,-0.35,-0.1,1.0,-31.07,-1.04,-26.73
2026-08-03 13:23:24.335,-0.35,-0.1,1.0,-31.07,-1.04,-26.73
2026-08-03 13:23:24.391,-0.33,-0.12,1.03,-33.57,0.37,-39.18
2026-08-03 13:23:24.392,-0.33,-0.12,1.03,-33.57,0.37,-39.18
2026-08-03 13:23:24.510,-0.32,-0.13,1.04,-32.29,3.36,-52.49
2026-08-03 13:23:24.510,-0.32,-0.13,1.04,-32.29,3.36,-52.49
2026-08-03 13:23:24.511,-0.33,-0.14,1.08,-24.54,8.0,-63.96
2026-08-03 13:23:24.511,-0.33,-0.14,1.08,-3.91,4.27,-71.96
2026-08-03 13:23:24.511,-0.3,-0.11,1.11,-3.91,4.27,-71.96
2026-08-03 13:23:24.512,-0.22,-0.09,1.04,21.97,-12.02,-70.31
2026-08-03 13:23:24.574,-0.22,-0.09,1.04,21.97,-12.02,-70.31
2026-08-03 13:23:24.574,-0.16,-0.15,0.9,32.17,-29.36,-54.57
2026-08-03 13:23:24.630,-0.16,-0.15,0.9,32.17,-29.36,-54.57
2026-08-03 13:23:24.631,-0.14,-0.28,0.8,24.05,-38.09,-35.58
2026-08-03 13:23:24.632,-0.14,-0.28,0.8,24.05,-38.09,-35.58
2026-08-03 13:23:24.697,-0.12,-0.36,0.83,12.7,-41.08,-31.86
2026-08-03 13:23:24.697,-0.03,-0.33,0.93,11.66,-44.68,-46.08
2026-08-03 13:23:24.697,-0.03,-0.33,0.93,11.66,-44.68,-46.08
2026-08-03 13:23:24.751,0.09,-0.19,1.04,20.69,-49.01,-64.27
2026-08-03 13:23:24.752,0.09,-0.19,1.04,20.69,-49.01,-64.27
2026-08-03 13:23:24.813,0.19,-0.06,1.09,22.89,-47.49,-69.89
2026-08-03 13:23:24.813,0.19,-0.06,1.09,22.89,-47.49,-69.89
2026-08-03 13:23:24.813,0.24,-0.05,1.03,13.49,-41.38,-52.92
2026-08-03 13:23:24.870,0.23,-0.17,0.95,0.31,-31.37,-20.32
2026-08-03 13:23:24.871,0.23,-0.17,0.95,0.31,-31.37,-20.32
2026-08-03 13:23:24.931,0.17,-0.27,0.93,-15.93,-13.37,6.35
2026-08-03 13:23:24.932,0.17,-0.27,0.93,-15.93,-13.37,6.35
2026-08-03 13:23:24.933,0.11,-0.24,0.96,-28.26,3.78,13.43
2026-08-03 13:23:24.990,0.11,-0.24,0.96,-28.26,3.78,13.43
2026-08-03 13:23:24.991,0.11,-0.14,0.95,-30.21,10.56,8.67
2026-08-03 13:23:24.997,0.11,-0.14,0.95,-30.21,10.56,8.67
2026-08-03 13:23:25.050,0.1,-0.08,0.88,-26.0,9.28,7.39
2026-08-03 13:23:25.051,0.1,-0.08,0.83,-18.68,4.33,10.56
2026-08-03 13:23:25.051,0.1,-0.08,0.83,-18.68,4.33,10.56
2026-08-03 13:23:25.112,0.1,-0.07,0.82,-9.83,-1.04,12.94
2026-08-03 13:23:25.112,0.1,-0.07,0.82,-9.83,-1.04,12.94
2026-08-03 13:23:25.171,0.12,-0.05,0.84,-1.22,-4.33,15.62
2026-08-03 13:23:25.171,0.12,-0.05,0.84,-1.22,-4.33,15.62
2026-08-03 13:23:25.172,0.1,-0.03,0.89,6.16,-4.94,20.81
2026-08-03 13:23:25.232,0.1,-0.03,0.89,6.16,-4.94,20.81
2026-08-03 13:23:25.232,0.05,-0.03,0.95,10.56,-3.54,28.26
2026-08-03 13:23:25.232,0.05,-0.03,0.95,10.56,-3.54,28.26
2026-08-03 13:23:25.290,0.05,-0.03,0.95,10.56,-3.54,28.26
2026-08-03 13:23:25.291,0.05,-0.03,0.95,10.56,-3.54,28.26
2026-08-03 13:23:25.291,-0.07,-0.13,0.99,13.31,-4.52,36.8
2026-08-03 13:23:25.358,-0.1,-0.18,0.96,17.03,-7.93,34.18
2026-08-03 13:23:25.358,-0.1,-0.18,0.96,17.03,-7.93,34.18
2026-08-03 13:23:25.419,-0.09,-0.21,0.93,23.25,-9.46,27.34
2026-08-03 13:23:25.419,-0.09,-0.21,0.93,23.25,-9.46,27.34
2026-08-03 13:23:25.419,-0.07,-0.22,0.94,29.85,-7.63,18.92
2026-08-03 13:23:25.531,-0.07,-0.22,0.94,29.85,-7.63,18.92
2026-08-03 13:23:25.533,-0.05,-0.2,0.96,33.26,-2.69,10.56
2026-08-03 13:23:25.534,-0.05,-0.2,0.96,33.26,-2.69,10.56
2026-08-03 13:23:25.536,-0.01,-0.16,0.97,33.63,2.56,2.08
2026-08-03 13:23:25.536,0.01,-0.09,0.99,33.75,6.71,-5.07
2026-08-03 13:23:25.590,0.01,-0.09,0.99,33.75,6.71,-5.07
2026-08-03 13:23:25.591,0.02,-0.02,1.0,33.51,9.28,-8.12
2026-08-03 13:23:25.594,0.02,-0.02,1.0,33.51,9.28,-8.12
2026-08-03 13:23:25.654,0.03,0.01,0.97,33.14,8.61,-6.35
2026-08-03 13:23:25.655,0.03,0.01,0.97,33.14,8.61,-6.35
2026-08-03 13:23:25.656,0.05,0.01,0.92,33.51,6.29,-1.65
2026-08-03 13:23:25.772,0.05,0.01,0.92,33.51,6.29,-1.65
2026-08-03 13:23:25.773,0.07,0.02,0.9,35.22,5.07,4.21
2026-08-03 13:23:25.774,0.07,0.04,0.95,37.48,6.53,10.62
2026-08-03 13:23:25.774,0.07,0.04,0.95,37.48,6.53,10.62
2026-08-03 13:23:25.774,0.04,0.06,1.05,36.07,11.66,16.3
2026-08-03 13:23:25.837,0.04,0.06,1.05,36.07,11.66,16.3
2026-08-03 13:23:25.837,-0.02,0.08,1.15,29.72,16.66,19.78
2026-08-03 13:23:25.837,-0.02,0.08,1.15,29.72,16.66,19.78
2026-08-03 13:23:25.890,-0.08,0.09,1.18,22.46,15.44,20.57
2026-08-03 13:23:25.891,-0.08,0.09,1.18,22.46,15.44,20.57
2026-08-03 13:23:25.953,-0.11,0.1,1.13,17.7,9.09,18.37
2026-08-03 13:23:25.954,-0.15,0.12,1.08,15.32,3.85,13.92
2026-08-03 13:23:25.954,-0.15,0.12,1.08,15.32,3.85,13.92
2026-08-03 13:23:26.018,-0.21,0.14,1.06,13.43,2.87,8.61
2026-08-03 13:23:26.018,-0.21,0.14,1.06,13.43,2.87,8.61
2026-08-03 13:23:26.018,-0.27,0.16,1.02,13.0,3.23,0.0
2026-08-03 13:23:26.071,-0.27,0.16,1.02,13.0,3.23,0.0
2026-08-03 13:23:26.071,-0.31,0.19,0.99,16.42,2.14,-14.28
2026-08-03 13:23:26.072,-0.31,0.19,0.99,16.42,2.14,-14.28
2026-08-03 13:23:26.132,-0.32,0.25,1.03,19.41,2.14,-31.62
2026-08-03 13:23:26.132,-0.34,0.3,1.13,17.21,2.5,-46.45
2026-08-03 13:23:26.190,-0.34,0.3,1.13,17.21,2.5,-46.45
2026-08-03 13:23:26.191,-0.38,0.33,1.26,14.1,-3.23,-54.02
2026-08-03 13:23:26.191,-0.38,0.33,1.26,14.1,-3.23,-54.02
2026-08-03 13:23:26.262,-0.42,0.3,1.3,12.94,-14.47,-53.96
2026-08-03 13:23:26.263,-0.42,0.3,1.3,12.94,-14.47,-53.96
2026-08-03 13:23:26.311,-0.46,0.22,1.21,7.26,-23.25,-51.76
2026-08-03 13:23:26.313,-0.5,0.11,1.09,-4.52,-27.34,-55.91
2026-08-03 13:23:26.313,-0.5,0.11,1.09,-4.52,-27.34,-55.91
2026-08-03 13:23:26.432,-0.52,0.05,0.96,-15.75,-32.65,-71.17
2026-08-03 13:23:26.433,-0.52,0.05,0.96,-15.75,-32.65,-71.17
2026-08-03 13:23:26.433,-0.48,0.05,0.78,-20.2,-44.8,-95.09
2026-08-03 13:23:26.434,-0.48,0.05,0.78,-20.2,-44.8,-95.09
2026-08-03 13:23:26.434,-0.38,0.12,0.57,-17.76,-57.92,-122.13
2026-08-03 13:23:26.491,-0.26,0.25,0.49,-16.6,-53.83,-148.74
2026-08-03 13:23:26.491,-0.26,0.25,0.49,-16.6,-53.83,-148.74
2026-08-03 13:23:26.492,-0.14,0.42,0.61,-21.91,-25.39,-170.41
2026-08-03 13:23:26.551,-0.14,0.42,0.61,-21.91,-25.39,-170.41
2026-08-03 13:23:26.553,-0.05,0.54,0.88,-29.42,11.47,-180.11
2026-08-03 13:23:26.553,-0.05,0.54,0.88,-29.42,11.47,-180.11
2026-08-03 13:23:26.671,-0.02,0.56,1.14,-33.94,36.01,-175.29
2026-08-03 13:23:26.671,-0.01,0.49,1.2,-30.33,35.89,-160.22
2026-08-03 13:23:26.672,-0.01,0.49,1.2,-30.33,35.89,-160.22
2026-08-03 13:23:26.674,0.01,0.38,1.09,-19.1,17.21,-143.13
2026-08-03 13:23:26.677,0.01,0.38,1.09,-19.1,17.21,-143.13
2026-08-03 13:23:26.733,0.02,0.28,0.93,-8.36,-1.53,-130.92
2026-08-03 13:23:26.733,0.02,0.28,0.93,-8.36,-1.53,-130.92
2026-08-03 13:23:26.792,0.02,0.21,0.8,-2.14,-9.46,-124.63
2026-08-03 13:23:26.792,0.02,0.21,0.8,1.04,-5.92,-121.4
2026-08-03 13:23:26.793,0.03,0.16,0.76,1.04,-5.92,-121.4
2026-08-03 13:23:26.851,0.05,0.16,0.82,4.21,2.26,-117.25
2026-08-03 13:23:26.852,0.05,0.16,0.82,4.21,2.26,-117.25
2026-08-03 13:23:26.852,0.08,0.17,0.93,5.62,8.97,-107.24
2026-08-03 13:23:26.912,0.08,0.17,0.93,5.62,8.97,-107.24
2026-08-03 13:23:26.912,0.06,0.15,1.07,-0.85,15.62,-90.15
2026-08-03 13:23:26.971,0.06,0.15,1.07,-0.85,15.62,-90.15
2026-08-03 13:23:26.971,0.02,0.09,1.15,-11.11,19.78,-71.78
2026-08-03 13:23:26.972,0.02,0.09,1.15,-14.1,15.44,-57.74
2026-08-03 13:23:27.032,0.02,0.03,1.09,-14.1,15.44,-57.74
2026-08-03 13:23:27.033,0.05,-0.02,0.97,-9.28,9.4,-49.5
2026-08-03 13:23:27.033,0.05,-0.02,0.97,-9.28,9.4,-49.5
2026-08-03 13:23:27.091,0.05,-0.04,0.88,-3.36,11.35,-45.84
2026-08-03 13:23:27.092,0.05,-0.04,0.88,-3.36,11.35,-45.84
2026-08-03 13:23:27.153,0.01,-0.05,0.88,1.34,23.07,-43.95
2026-08-03 13:23:27.154,0.01,-0.05,0.88,1.34,23.07,-43.95
2026-08-03 13:23:27.154,-0.11,-0.05,1.05,2.2,45.72,-42.91
2026-08-03 13:23:27.271,-0.24,-0.04,1.26,-3.11,68.6,-44.25
2026-08-03 13:23:27.272,-0.24,-0.04,1.26,-3.11,68.6,-44.25
2026-08-03 13:23:27.273,-0.3,-0.03,1.26,-5.43,61.83,-39.98
2026-08-03 13:23:27.273,-0.3,-0.03,1.26,-5.43,61.83,-39.98
2026-08-03 13:23:27.273,-0.32,-0.06,0.99,-7.87,23.38,-18.49
2026-08-03 13:23:27.275,-0.32,-0.06,0.99,-7.87,23.38,-18.49
2026-08-03 13:23:27.330,-0.41,-0.2,0.7,-27.34,-8.54,10.07
2026-08-03 13:23:27.333,-0.41,-0.2,0.7,-27.34,-8.54,10.07
2026-08-03 13:23:27.390,-0.54,-0.38,0.64,-35.22,-22.95,18.74
2026-08-03 13:23:27.451,-0.52,-0.38,0.76,13.18,-49.13,-5.98
2026-08-03 13:23:27.451,-0.52,-0.38,0.76,13.18,-49.13,-5.98
2026-08-03 13:23:27.451,-0.26,-0.18,0.78,82.21,-80.44,-46.2
2026-08-03 13:23:27.511,-0.26,-0.18,0.78,82.21,-80.44,-46.2
2026-08-03 13:23:27.511,0.05,-0.02,0.72,101.07,-76.72,-70.37
2026-08-03 13:23:27.512,0.05,-0.02,0.72,101.07,-76.72,-70.37
2026-08-03 13:23:27.570,0.2,-0.01,0.72,68.18,-39.98,-66.65
2026-08-03 13:23:27.570,0.22,-0.05,0.79,29.72,-4.33,-48.58
2026-08-03 13:23:27.571,0.22,-0.05,0.79,29.72,-4.33,-48.58
2026-08-03 13:23:27.631,0.21,-0.03,0.91,13.85,12.88,-29.85
2026-08-03 13:23:27.632,0.21,-0.03,0.91,13.85,12.88,-29.85
2026-08-03 13:23:27.633,0.2,0.03,1.04,14.65,15.81,-10.93
2026-08-03 13:23:27.698,0.2,0.03,1.04,14.65,15.81,-10.93
2026-08-03 13:23:27.750,0.16,0.08,1.13,14.47,12.27,12.51
2026-08-03 13:23:27.751,0.16,0.08,1.13,14.47,12.27,12.51
2026-08-03 13:23:27.752,0.08,0.09,1.17,6.04,7.14,39.67
2026-08-03 13:23:27.752,-0.03,0.07,1.21,-7.51,5.8,62.32
2026-08-03 13:23:27.753,-0.03,0.07,1.21,-7.51,5.8,62.32
2026-08-03 13:23:27.810,-0.14,0.05,1.29,-19.47,10.01,72.69
2026-08-03 13:23:27.811,-0.14,0.05,1.29,-19.47,10.01,72.69
2026-08-03 13:23:27.870,-0.24,0.06,1.37,-26.86,16.24,70.74
2026-08-03 13:23:27.870,-0.24,0.06,1.37,-26.86,16.24,70.74
2026-08-03 13:23:27.870,-0.25,0.08,1.27,-27.89,11.9,63.42
2026-08-03 13:23:27.930,-0.25,0.08,1.27,-27.89,11.9,63.42
2026-08-03 13:23:27.931,-0.16,0.11,0.98,-20.02,-11.78,62.01
2026-08-03 13:23:28.051,-0.12,0.1,0.74,-18.19,-30.94,67.57
2026-08-03 13:23:28.110,-0.12,0.1,0.74,-18.19,-30.94,67.57
2026-08-03 13:23:28.111,-0.19,0.09,0.8,-36.01,-19.65,66.83
2026-08-03 13:23:28.111,-0.19,0.09,0.8,-36.01,-19.65,66.83
2026-08-03 13:23:28.112,-0.3,0.09,1.05,-56.82,4.64,50.48
2026-08-03 13:23:28.112,-0.3,0.09,1.05,-56.82,4.64,50.48
2026-08-03 13:23:28.112,-0.3,0.12,1.15,-56.76,5.8,26.37
2026-08-03 13:23:28.113,-0.21,0.13,1.0,-37.66,-19.65,8.48
2026-08-03 13:23:28.113,-0.21,0.13,1.0,-37.66,-19.65,8.48
2026-08-03 13:23:28.170,-0.13,0.12,0.83,-22.52,-41.02,-0.67
2026-08-03 13:23:28.171,-0.13,0.12,0.83,-22.52,-41.02,-0.67
2026-08-03 13:23:28.291,-0.1,0.1,0.78,-19.47,-41.2,-6.65
2026-08-03 13:23:28.292,-0.1,0.1,0.78,-19.47,-41.2,-6.65
2026-08-03 13:23:28.292,-0.09,0.07,0.79,-17.15,-29.79,-12.15
2026-08-03 13:23:28.292,-0.06,0.02,0.75,-7.08,-18.98,-15.75
2026-08-03 13:23:28.293,-0.06,0.02,0.75,-7.08,-18.98,-15.75
2026-08-03 13:23:28.364,-0.03,-0.02,0.71,9.58,-10.5,-17.46
2026-08-03 13:23:28.365,-0.03,-0.02,0.71,9.58,-10.5,-17.46
2026-08-03 13:23:28.365,-0.01,-0.05,0.7,24.48,1.04,-19.23
2026-08-03 13:23:28.474,-0.01,-0.05,0.7,24.48,1.04,-19.23
2026-08-03 13:23:28.474,-0.01,-0.08,0.75,33.87,17.94,-22.64
2026-08-03 13:23:28.474,-0.01,-0.08,0.75,39.73,37.17,-29.36
2026-08-03 13:23:28.474,-0.04,-0.07,0.88,39.73,37.17,-29.36
2026-08-03 13:23:28.475,-0.07,-0.05,1.06,42.6,53.1,-38.27
2026-08-03 13:23:28.535,-0.07,-0.05,1.06,42.6,53.1,-38.27
2026-08-03 13:23:28.536,-0.09,-0.05,1.16,43.88,60.49,-45.78
2026-08-03 13:23:28.536,-0.09,-0.05,1.16,43.88,60.49,-45.78
2026-08-03 13:23:28.719,-0.11,-0.06,1.22,46.69,60.55,-51.27
2026-08-03 13:23:28.719,-0.11,-0.06,1.22,46.69,60.55,-51.27
2026-08-03 13:23:28.719,-0.17,-0.05,1.35,51.09,57.92,-57.56
2026-08-03 13:23:28.719,-0.2,0.01,1.44,57.62,43.64,-65.92
2026-08-03 13:23:28.720,-0.2,0.01,1.44,57.62,43.64,-65.92
2026-08-03 13:23:28.720,-0.14,0.1,1.33,60.85,11.41,-70.56
2026-08-03 13:23:28.720,-0.14,0.1,1.33,60.85,11.41,-70.56
2026-08-03 13:23:28.720,-0.07,0.16,1.08,47.24,-21.42,-62.32
2026-08-03 13:23:28.770,-0.07,0.16,1.08,47.24,-21.42,-62.32
2026-08-03 13:23:28.771,-0.05,0.17,0.87,13.06,-32.41,-42.97
2026-08-03 13:23:28.833,-0.05,0.17,0.87,-24.6,-19.59,-22.22
2026-08-03 13:23:28.833,-0.09,0.13,0.78,-24.6,-19.59,-22.22
2026-08-03 13:23:28.833,-0.11,0.11,0.82,-41.69,-0.43,-5.74
2026-08-03 13:23:28.890,-0.11,0.11,0.82,-41.69,-0.43,-5.74
2026-08-03 13:23:28.891,-0.1,0.12,0.91,-35.4,11.35,6.16
2026-08-03 13:23:28.892,-0.1,0.12,0.91,-35.4,11.35,6.16
2026-08-03 13:23:28.951,-0.05,0.14,0.95,-21.42,14.4,18.13
2026-08-03 13:23:28.952,-0.05,0.14,0.95,-21.42,14.4,18.13
2026-08-03 13:23:29.071,-0.01,0.13,0.93,-11.72,13.24,34.06
2026-08-03 13:23:29.071,-0.01,0.11,0.89,-9.58,12.45,52.06
2026-08-03 13:23:29.072,-0.01,0.11,0.89,-9.58,12.45,52.06
2026-08-03 13:23:29.072,-0.05,0.09,0.87,-12.39,12.33,67.08
2026-08-03 13:23:29.072,-0.05,0.09,0.87,-12.39,12.33,67.08
2026-08-03 13:23:29.072,-0.11,0.08,0.87,-15.69,10.86,76.78
2026-08-03 13:23:29.131,-0.11,0.08,0.87,-15.69,10.86,76.78
2026-08-03 13:23:29.132,-0.18,0.05,0.91,-18.07,6.84,82.21
2026-08-03 13:23:29.132,-0.18,0.05,0.91,-18.07,6.84,82.21
2026-08-03 13:23:29.198,-0.23,0.02,0.94,-17.64,-1.4,83.37
2026-08-03 13:23:29.198,-0.27,0.02,1.0,-13.79,-10.01,79.16
2026-08-03 13:23:29.252,-0.27,0.02,1.0,-13.79,-10.01,79.16
2026-08-03 13:23:29.252,-0.28,0.01,1.06,-7.51,-14.04,71.9
2026-08-03 13:23:29.252,-0.28,0.01,1.06,-7.51,-14.04,71.9
2026-08-03 13:23:29.317,-0.26,0.02,1.13,3.85,-14.22,66.1
2026-08-03 13:23:29.318,-0.26,0.02,1.13,3.85,-14.22,66.1
2026-08-03 13:23:29.371,-0.27,0.11,1.27,12.02,-7.93,61.22
2026-08-03 13:23:29.371,-0.27,0.11,1.27,12.02,-7.93,61.22
2026-08-03 13:23:29.371,-0.26,0.22,1.26,4.27,-1.46,58.53
2026-08-03 13:23:29.430,-0.23,0.23,1.03,-16.54,-3.23,64.88
2026-08-03 13:23:29.431,-0.23,0.23,1.03,-16.54,-3.23,64.88
2026-08-03 13:23:29.431,-0.28,0.17,0.85,-42.79,-2.01,73.61
2026-08-03 13:23:29.498,-0.28,0.17,0.85,-42.79,-2.01,73.61
2026-08-03 13:23:29.498,-0.37,0.15,0.91,-66.41,10.44,67.32
2026-08-03 13:23:29.498,-0.37,0.15,0.91,-66.41,10.44,67.32
2026-08-03 13:23:29.552,-0.45,0.16,1.05,-79.9,24.41,45.04
2026-08-03 13:23:29.552,-0.45,0.16,1.05,-75.32,21.0,20.26
2026-08-03 13:23:29.612,-0.44,0.14,1.02,-75.32,21.0,20.26
2026-08-03 13:23:29.613,-0.36,0.09,0.81,-51.09,-3.3,2.44
2026-08-03 13:23:29.613,-0.36,0.09,0.81,-51.09,-3.3,2.44
2026-08-03 13:23:29.672,-0.28,0.05,0.61,-23.68,-25.09,-8.85
2026-08-03 13:23:29.672,-0.28,0.05,0.61,-23.68,-25.09,-8.85
2026-08-03 13:23:29.730,-0.24,0.03,0.54,-6.16,-26.73,-18.07
2026-08-03 13:23:29.791,-0.24,0.03,0.54,-6.16,-26.73,-18.07
2026-08-03 13:23:29.792,-0.26,0.03,0.61,6.23,-12.33,-26.49
2026-08-03 13:23:29.792,-0.28,0.03,0.73,19.96,5.74,-34.48
2026-08-03 13:23:29.792,-0.28,0.03,0.73,19.96,5.74,-34.48
2026-08-03 13:23:29.792,-0.27,0.03,0.81,34.55,18.49,-41.99
2026-08-03 13:23:29.852,-0.27,0.03,0.81,34.55,18.49,-41.99
2026-08-03 13:23:29.853,-0.24,0.03,0.86,45.72,27.53,-47.42
2026-08-03 13:23:29.853,-0.24,0.03,0.86,45.72,27.53,-47.42
2026-08-03 13:23:29.916,-0.23,0.02,0.94,48.95,39.98,-51.27
2026-08-03 13:23:29.916,-0.23,0.02,0.94,44.13,56.64,-55.3
2026-08-03 13:23:29.971,-0.26,-0.01,1.08,44.13,56.64,-55.3
2026-08-03 13:23:29.971,-0.33,-0.05,1.26,42.91,67.63,-60.85
2026-08-03 13:23:29.972,-0.33,-0.05,1.26,42.91,67.63,-60.85
2026-08-03 13:23:30.031,-0.35,-0.03,1.43,56.7,61.58,-71.84
2026-08-03 13:23:30.031,-0.35,-0.03,1.43,56.7,61.58,-71.84
2026-08-03 13:23:30.161,-0.22,0.06,1.46,75.38,31.98,-83.8
2026-08-03 13:23:30.163,-0.22,0.06,1.46,75.38,31.98,-83.8
2026-08-03 13:23:30.163,0.0,0.15,1.21,78.86,-16.85,-77.27
2026-08-03 13:23:30.163,0.16,0.2,0.86,52.86,-52.25,-41.2
2026-08-03 13:23:30.165,0.16,0.2,0.86,52.86,-52.25,-41.2
2026-08-03 13:23:30.165,0.08,0.21,0.73,-3.42,-35.4,11.05
2026-08-03 13:23:30.212,0.08,0.21,0.73,-3.42,-35.4,11.05
2026-08-03 13:23:30.212,-0.19,0.2,0.87,-63.66,23.44,58.53
2026-08-03 13:23:30.270,-0.19,0.2,0.87,-63.66,23.44,58.53
2026-08-03 13:23:30.271,-0.39,0.16,1.0,-92.71,68.36,89.23
2026-08-03 13:23:30.331,-0.39,0.13,0.9,-77.03,59.2,105.53
2026-08-03 13:23:30.331,-0.39,0.13,0.9,-77.03,59.2,105.53
2026-08-03 13:23:30.332,-0.3,0.13,0.71,-41.93,20.2,115.66
2026-08-03 13:23:30.390,-0.3,0.13,0.71,-41.93,20.2,115.66
2026-08-03 13:23:30.391,-0.26,0.13,0.66,-23.99,0.31,121.89
2026-08-03 13:23:30.391,-0.28,0.15,0.74,-23.32,3.72,123.54
2026-08-03 13:23:30.452,-0.28,0.15,0.74,-23.32,3.72,123.54
2026-08-03 13:23:30.453,-0.3,0.2,0.83,-21.97,5.07,122.99
2026-08-03 13:23:30.510,-0.3,0.2,0.83,-21.97,5.07,122.99
2026-08-03 13:23:30.511,-0.31,0.27,0.84,-16.6,-3.42,125.37
2026-08-03 13:23:30.512,-0.31,0.27,0.84,-16.6,-3.42,125.37
2026-08-03 13:23:30.634,-0.33,0.33,0.86,-12.27,-8.48,131.65
2026-08-03 13:23:30.634,-0.33,0.33,0.86,-9.52,-3.97,137.15
2026-08-03 13:23:30.634,-0.35,0.38,0.89,-9.52,-3.97,137.15
2026-08-03 13:23:30.635,-0.31,0.43,0.86,-5.8,-1.46,139.65
2026-08-03 13:23:30.635,-0.31,0.43,0.86,-5.8,-1.46,139.65
2026-08-03 13:23:30.691,-0.27,0.49,0.76,-4.52,-3.17,142.09
2026-08-03 13:23:30.694,-0.27,0.49,0.76,-4.52,-3.17,142.09
2026-08-03 13:23:30.694,-0.32,0.5,0.75,-15.26,6.84,141.97
2026-08-03 13:23:30.752,-0.32,0.5,0.75,-15.26,6.84,141.97
2026-08-03 13:23:30.753,-0.44,0.48,0.94,-33.08,29.54,125.37
2026-08-03 13:23:30.810,-0.52,0.44,1.18,-45.23,43.7,86.49
2026-08-03 13:23:30.812,-0.52,0.44,1.18,-45.23,43.7,86.49
2026-08-03 13:23:30.812,-0.5,0.39,1.16,-38.09,27.59,42.24
2026-08-03 13:23:30.933,-0.5,0.39,1.16,-38.09,27.59,42.24
2026-08-03 13:23:30.933,-0.36,0.34,0.92,-8.36,-11.17,10.93
2026-08-03 13:23:30.933,-0.36,0.34,0.92,-8.36,-11.17,10.93
2026-08-03 13:23:30.933,-0.19,0.33,0.69,22.16,-37.11,-3.36
2026-08-03 13:23:30.934,-0.19,0.33,0.69,22.16,-37.11,-3.36
2026-08-03 13:23:30.935,-0.05,0.35,0.63,35.71,-31.56,-1.89
2026-08-03 13:23:30.991,-0.01,0.36,0.72,29.85,-4.64,13.67
2026-08-03 13:23:30.991,-0.01,0.36,0.72,29.85,-4.64,13.67
2026-08-03 13:23:31.053,-0.06,0.32,0.82,10.5,25.51,36.5
2026-08-03 13:23:31.053,-0.06,0.32,0.82,10.5,25.51,36.5
2026-08-03 13:23:31.054,-0.15,0.3,0.9,-9.77,44.86,54.44
2026-08-03 13:23:31.118,-0.15,0.3,0.9,-9.77,44.86,54.44
2026-08-03 13:23:31.119,-0.19,0.33,0.97,-21.12,48.22,60.97
2026-08-03 13:23:31.171,-0.21,0.38,1.01,-26.18,39.67,60.85
2026-08-03 13:23:31.231,-0.21,0.38,1.01,-26.18,39.67,60.85
2026-08-03 13:23:31.231,-0.27,0.41,1.02,-34.18,28.2,61.89
2026-08-03 13:23:31.232,-0.27,0.41,1.02,-34.18,28.2,61.89
2026-08-03 13:23:31.232,-0.38,0.38,1.0,-47.36,19.41,64.7
2026-08-03 13:23:31.233,-0.38,0.38,1.0,-47.36,19.41,64.7
2026-08-03 13:23:31.290,-0.45,0.3,0.95,-57.01,9.52,64.82
2026-08-03 13:23:31.291,-0.45,0.3,0.95,-57.01,9.52,64.82
2026-08-03 13:23:31.291,-0.46,0.23,0.91,-57.13,-1.89,59.45
2026-08-03 13:23:31.595,-0.43,0.18,0.92,-53.34,-7.93,48.1
2026-08-03 13:23:31.596,-0.43,0.18,0.92,-53.34,-7.93,48.1
2026-08-03 13:23:31.596,-0.37,0.18,0.93,-49.74,-12.27,35.22
2026-08-03 13:23:31.596,-0.37,0.18,0.93,-49.74,-12.27,35.22
2026-08-03 13:23:31.596,-0.32,0.2,0.91,-46.87,-19.29,28.81
2026-08-03 13:23:31.597,-0.32,0.2,0.91,-46.87,-19.29,28.81
2026-08-03 13:23:31.597,-0.3,0.19,0.9,-49.13,-20.39,29.66
2026-08-03 13:23:31.598,-0.3,0.15,0.91,-54.26,-14.95,31.68
2026-08-03 13:23:31.598,-0.3,0.15,0.91,-54.26,-14.95,31.68
2026-08-03 13:23:31.598,-0.29,0.09,0.88,-57.19,-9.16,32.29
2026-08-03 13:23:31.598,-0.29,0.09,0.88,-57.19,-9.16,32.29
2026-08-03 13:23:31.598,-0.34,0.01,0.93,-55.36,1.65,30.52
2026-08-03 13:23:31.598,-0.34,0.01,0.93,-55.36,1.65,30.52
2026-08-03 13:23:31.653,-0.42,-0.03,1.12,-42.97,18.01,21.97
2026-08-03 13:23:31.654,-0.42,-0.03,1.12,-42.97,18.01,21.97
2026-08-03 13:23:31.711,-0.42,-0.01,1.24,-16.17,20.08,8.73
2026-08-03 13:23:31.711,-0.29,0.03,1.09,13.79,-2.38,1.46
2026-08-03 13:23:31.712,-0.29,0.03,1.09,13.79,-2.38,1.46
2026-08-03 13:23:31.772,-0.13,0.03,0.79,30.94,-31.56,6.47
2026-08-03 13:23:31.772,-0.13,0.03,0.79,30.94,-31.56,6.47
2026-08-03 13:23:31.772,-0.06,-0.01,0.63,31.07,-44.49,18.49
2026-08-03 13:23:31.831,-0.06,-0.01,0.63,31.07,-44.49,18.49
2026-08-03 13:23:31.832,-0.1,-0.05,0.7,16.78,-31.19,26.73
2026-08-03 13:23:31.896,-0.1,-0.05,0.7,-2.69,-2.69,24.05
2026-08-03 13:23:31.897,-0.21,-0.06,0.95,-2.69,-2.69,24.05
2026-08-03 13:23:31.898,-0.29,-0.05,1.18,-12.63,15.14,12.94
2026-08-03 13:23:31.952,-0.29,-0.05,1.18,-12.63,15.14,12.94
2026-08-03 13:23:31.953,-0.29,-0.03,1.23,-8.61,10.07,1.1
2026-08-03 13:23:31.954,-0.29,-0.03,1.23,-8.61,10.07,1.1
2026-08-03 13:23:32.011,-0.25,-0.01,1.16,-2.5,-4.03,-7.45
2026-08-03 13:23:32.012,-0.25,-0.01,1.16,-2.5,-4.03,-7.45
2026-08-03 13:23:32.012,-0.21,-0.0,1.05,-3.36,-13.73,-12.63
2026-08-03 13:23:32.131,-0.21,-0.0,1.05,-3.36,-13.73,-12.63
2026-08-03 13:23:32.131,-0.18,0.01,0.95,-6.9,-18.92,-15.14
2026-08-03 13:23:32.252,-0.15,0.02,0.89,-8.61,-20.45,-15.5
2026-08-03 13:23:32.252,-0.15,0.02,0.89,-8.61,-20.45,-15.5
2026-08-03 13:23:32.253,-0.13,0.03,0.89,-7.57,-18.31,-13.73
2026-08-03 13:23:32.253,-0.13,0.03,0.89,-7.57,-18.31,-13.73
2026-08-03 13:23:32.253,-0.13,0.05,0.95,-5.25,-14.47,-10.44
2026-08-03 13:23:32.256,-0.13,0.05,0.95,-5.25,-14.47,-10.44
2026-08-03 13:23:32.256,-0.12,0.05,1.01,-3.48,-12.02,-6.71
2026-08-03 13:23:32.257,-0.12,0.05,1.01,-3.48,-12.02,-6.71
2026-08-03 13:23:32.313,-0.09,0.04,1.01,-1.95,-14.16,-3.05
2026-08-03 13:23:32.313,-0.05,0.03,0.97,1.22,-19.96,0.55
2026-08-03 13:23:32.314,-0.05,0.03,0.97,1.22,-19.96,0.55
2026-08-03 13:23:32.371,-0.0,0.02,0.93,6.84,-24.54,4.09
2026-08-03 13:23:32.371,-0.0,0.02,0.93,6.84,-24.54,4.09
2026-08-03 13:23:32.431,0.03,0.02,0.93,13.0,-23.5,8.42
2026-08-03 13:23:32.431,0.03,0.02,0.93,13.0,-23.5,8.42
2026-08-03 13:23:32.432,0.03,0.03,0.97,14.4,-16.48,13.85
2026-08-03 13:23:32.504,0.01,0.04,1.03,8.24,-8.61,18.8
2026-08-03 13:23:32.505,0.01,0.04,1.03,8.24,-8.61,18.8
2026-08-03 13:23:32.505,0.0,0.05,1.05,-0.61,-5.74,23.38
2026-08-03 13:23:32.550,0.0,0.05,1.05,-0.61,-5.74,23.38
2026-08-03 13:23:32.552,-0.02,0.04,1.02,-7.51,-6.71,28.87
2026-08-03 13:23:32.553,-0.02,0.04,1.02,-7.51,-6.71,28.87
2026-08-03 13:23:32.611,-0.05,-0.01,0.97,-12.08,-6.71,33.81
2026-08-03 13:23:32.611,-0.05,-0.01,0.97,-12.08,-6.71,33.81
2026-08-03 13:23:32.670,-0.08,-0.08,0.94,-11.66,-5.25,34.61
2026-08-03 13:23:32.671,-0.08,-0.13,0.93,-4.88,-4.21,28.93
2026-08-03 13:23:32.671,-0.08,-0.13,0.93,-4.88,-4.21,28.93
2026-08-03 13:23:32.731,-0.07,-0.14,0.97,2.01,-2.87,18.37
2026-08-03 13:23:32.732,-0.07,-0.14,0.97,2.01,-2.87,18.37
2026-08-03 13:23:32.791,-0.05,-0.11,1.01,2.44,-1.4,6.29
2026-08-03 13:23:32.793,-0.05,-0.11,1.01,2.44,-1.4,6.29
2026-08-03 13:23:32.795,-0.03,-0.06,1.03,-1.77,-1.46,-3.3
2026-08-03 13:23:32.851,-0.03,-0.06,1.03,-1.77,-1.46,-3.3
2026-08-03 13:23:32.852,-0.02,-0.02,1.03,-5.92,-2.14,-8.0
2026-08-03 13:23:32.852,-0.02,0.01,0.99,-7.02,-2.44,-9.09
2026-08-03 13:23:32.910,-0.02,0.01,0.99,-7.02,-2.44,-9.09
2026-08-03 13:23:32.911,-0.0,0.02,0.93,-4.33,-2.2,-8.73
2026-08-03 13:23:32.912,-0.0,0.02,0.93,-4.33,-2.2,-8.73
2026-08-03 13:23:32.970,0.02,0.02,0.87,0.49,0.0,-7.26
2026-08-03 13:23:32.971,0.02,0.02,0.87,0.49,0.0,-7.26
2026-08-03 13:23:33.030,0.03,0.02,0.86,6.41,4.52,-4.88
2026-08-03 13:23:33.032,0.03,0.02,0.86,6.41,4.52,-4.88
2026-08-03 13:23:33.032,0.01,0.03,0.89,12.08,9.89,-1.77
2026-08-03 13:23:33.090,0.01,0.03,0.89,12.08,9.89,-1.77
2026-08-03 13:23:33.091,-0.02,0.02,0.94,16.3,13.43,1.22
2026-08-03 13:23:33.092,-0.04,0.01,0.96,20.87,12.76,2.5
2026-08-03 13:23:33.152,-0.04,0.01,0.96,20.87,12.76,2.5
2026-08-03 13:23:33.153,-0.04,0.0,0.96,27.47,9.16,1.89
2026-08-03 13:23:33.153,-0.04,0.0,0.96,27.47,9.16,1.89
2026-08-03 13:23:33.210,-0.03,0.01,0.94,33.45,7.2,0.37
2026-08-03 13:23:33.210,-0.03,0.01,0.94,33.45,7.2,0.37
2026-08-03 13:23:33.272,-0.01,0.05,0.94,36.62,8.79,-0.49
2026-08-03 13:23:33.274,-0.01,0.05,0.94,36.62,8.79,-0.49
2026-08-03 13:23:33.275,-0.01,0.11,0.95,38.33,12.94,1.1
2026-08-03 13:23:33.330,-0.02,0.17,1.0,38.82,20.63,5.49
2026-08-03 13:23:33.331,-0.02,0.17,1.0,38.82,20.63,5.49
2026-08-03 13:23:33.393,-0.06,0.21,1.04,37.9,30.76,12.21
2026-08-03 13:23:33.394,-0.06,0.21,1.04,37.9,30.76,12.21
2026-08-03 13:23:33.394,-0.13,0.24,1.08,36.8,39.43,18.49
2026-08-03 13:23:33.451,-0.13,0.24,1.08,36.8,39.43,18.49
2026-08-03 13:23:33.452,-0.21,0.26,1.1,36.68,46.69,20.69
2026-08-03 13:23:33.452,-0.26,0.29,1.07,45.53,50.9,21.79
2026-08-03 13:23:33.515,-0.26,0.29,1.07,45.53,50.9,21.79
2026-08-03 13:23:33.516,-0.29,0.38,1.02,64.94,49.8,25.82
2026-08-03 13:23:33.571,-0.29,0.38,1.02,64.94,49.8,25.82
2026-08-03 13:23:33.571,-0.39,0.46,1.03,65.55,50.48,25.88
2026-08-03 13:23:33.572,-0.39,0.46,1.03,65.55,50.48,25.88
2026-08-03 13:23:33.695,-0.51,0.48,1.06,36.13,46.45,15.32
2026-08-03 13:23:33.695,-0.56,0.49,1.04,14.59,20.81,-2.44
2026-08-03 13:23:33.695,-0.56,0.49,1.04,14.59,20.81,-2.44
2026-08-03 13:23:33.695,-0.57,0.47,1.0,7.45,-9.89,-24.84
2026-08-03 13:23:33.695,-0.57,0.47,1.0,7.45,-9.89,-24.84
2026-08-03 13:23:33.758,-0.57,0.37,0.88,4.03,-29.54,-45.35
2026-08-03 13:23:33.760,-0.57,0.37,0.88,4.03,-29.54,-45.35
2026-08-03 13:23:33.767,-0.57,0.27,0.75,14.22,-43.58,-57.92
2026-08-03 13:23:33.811,-0.57,0.27,0.75,14.22,-43.58,-57.92
2026-08-03 13:23:33.812,-0.6,0.22,0.65,23.93,-45.84,-72.81
2026-08-03 13:23:33.873,-0.61,0.21,0.48,25.57,-38.45,-97.53
2026-08-03 13:23:33.873,-0.61,0.21,0.48,25.57,-38.45,-97.53
2026-08-03 13:23:33.874,-0.58,0.24,0.26,40.04,-31.62,-124.08
2026-08-03 13:23:33.931,-0.58,0.24,0.26,40.04,-31.62,-124.08
2026-08-03 13:23:33.932,-0.55,0.31,0.11,72.81,-22.22,-146.85
2026-08-03 13:23:33.932,-0.55,0.31,0.11,72.81,-22.22,-146.85
2026-08-03 13:23:33.991,-0.54,0.37,-0.02,111.51,-7.51,-163.82
2026-08-03 13:23:33.991,-0.55,0.44,-0.18,148.74,8.3,-174.13
2026-08-03 13:23:33.992,-0.55,0.44,-0.18,148.74,8.3,-174.13
2026-08-03 13:23:34.051,-0.58,0.62,-0.24,169.62,25.82,-181.76
2026-08-03 13:23:34.052,-0.58,0.62,-0.24,169.62,25.82,-181.76
2026-08-03 13:23:34.112,-0.67,0.9,-0.05,159.48,47.91,-182.92
2026-08-03 13:23:34.112,-0.67,0.9,-0.05,159.48,47.91,-182.92
2026-08-03 13:23:34.113,-0.79,1.17,0.32,132.75,69.95,-172.12
2026-08-03 13:23:34.185,-0.9,1.28,0.67,101.62,84.23,-149.41
2026-08-03 13:23:34.186,-0.9,1.28,0.67,101.62,84.23,-149.41
2026-08-03 13:23:34.290,-0.94,1.19,0.84,68.79,73.43,-118.29
2026-08-03 13:23:34.291,-0.94,1.19,0.84,68.79,73.43,-118.29
2026-08-03 13:23:34.292,-0.85,1.06,0.85,43.82,41.63,-87.04
2026-08-03 13:23:34.293,-0.85,1.06,0.85,43.82,41.63,-87.04
2026-08-03 13:23:34.293,-0.75,0.91,0.8,28.2,18.8,-54.2
2026-08-03 13:23:34.351,-0.73,0.74,0.75,15.5,8.79,-20.63
2026-08-03 13:23:34.352,-0.73,0.74,0.75,15.5,8.79,-20.63
2026-08-03 13:23:34.354,-0.72,0.63,0.69,-1.89,-3.48,-1.16
2026-08-03 13:23:34.410,-0.72,0.63,0.69,-1.89,-3.48,-1.16
2026-08-03 13:23:34.411,-0.69,0.57,0.61,-26.61,-18.19,4.27
2026-08-03 13:23:34.411,-0.69,0.57,0.61,-26.61,-18.19,4.27
2026-08-03 13:23:34.472,-0.66,0.47,0.5,-49.56,-26.73,9.83
2026-08-03 13:23:34.474,-0.65,0.36,0.42,-59.33,-26.92,17.52
2026-08-03 13:23:34.591,-0.65,0.36,0.42,-59.33,-26.92,17.52
2026-08-03 13:23:34.592,-0.68,0.27,0.38,-55.54,-23.62,23.5
2026-08-03 13:23:34.600,-0.68,0.27,0.38,-55.54,-23.62,23.5
2026-08-03 13:23:34.600,-0.73,0.21,0.35,-46.14,-21.18,26.79
2026-08-03 13:23:34.610,-0.73,0.21,0.35,-46.14,-21.18,26.79
2026-08-03 13:23:34.611,-0.79,0.17,0.38,-39.79,-17.21,25.76
2026-08-03 13:23:34.711,-0.91,0.13,0.52,-39.92,-5.98,18.62
2026-08-03 13:23:34.712,-0.91,0.13,0.52,-39.92,-5.98,18.62
2026-08-03 13:23:34.712,-1.02,0.08,0.63,-40.95,8.54,5.55
2026-08-03 13:23:34.713,-1.02,0.08,0.63,-40.95,8.54,5.55
2026-08-03 13:23:34.714,-1.01,0.09,0.59,-31.68,8.36,-9.64
2026-08-03 13:23:34.837,-1.01,0.09,0.59,-31.68,8.36,-9.64
2026-08-03 13:23:34.837,-0.89,0.19,0.49,-11.78,-7.57,-15.75
2026-08-03 13:23:34.838,-0.89,0.19,0.49,-11.78,-7.57,-15.75
2026-08-03 13:23:34.838,-0.76,0.3,0.46,10.44,-19.71,-2.69
2026-08-03 13:23:34.839,-0.68,0.36,0.52,16.97,-15.44,17.46
2026-08-03 13:23:34.890,-0.68,0.36,0.52,16.97,-15.44,17.46
2026-08-03 13:23:34.891,-0.64,0.37,0.58,5.74,0.79,31.98
2026-08-03 13:23:34.901,-0.64,0.37,0.58,5.74,0.79,31.98
2026-08-03 13:23:35.010,-0.66,0.32,0.67,-6.23,15.38,43.82
2026-08-03 13:23:35.011,-0.66,0.32,0.67,-6.23,15.38,43.82
2026-08-03 13:23:35.012,-0.65,0.29,0.76,-17.27,14.4,55.36
2026-08-03 13:23:35.012,-0.65,0.29,0.76,-23.07,-3.11,68.24
2026-08-03 13:23:35.012,-0.59,0.32,0.79,-23.07,-3.11,68.24
2026-08-03 13:23:35.070,-0.57,0.35,0.78,-18.25,-12.45,78.49
2026-08-03 13:23:35.071,-0.57,0.35,0.78,-18.25,-12.45,78.49
2026-08-03 13:23:35.080,-0.57,0.38,0.76,-14.4,-2.01,79.83
2026-08-03 13:23:35.131,-0.57,0.38,0.76,-14.4,-2.01,79.83
2026-08-03 13:23:35.131,-0.54,0.45,0.73,-22.4,16.66,73.73
2026-08-03 13:23:35.197,-0.54,0.45,0.73,-22.4,16.66,73.73
2026-08-03 13:23:35.198,-0.54,0.51,0.75,-42.36,45.65,59.63
2026-08-03 13:23:35.198,-0.6,0.53,0.81,-62.87,77.15,44.56
2026-08-03 13:23:35.252,-0.6,0.53,0.81,-62.87,77.15,44.56
2026-08-03 13:23:35.256,-0.66,0.59,0.82,-69.7,92.1,41.44
2026-08-03 13:23:35.256,-0.66,0.59,0.82,-69.7,92.1,41.44
2026-08-03 13:23:35.311,-0.71,0.71,0.78,-68.6,87.4,48.52
2026-08-03 13:23:35.312,-0.71,0.71,0.78,-68.6,87.4,48.52
2026-08-03 13:23:35.370,-0.76,0.8,0.74,-68.66,66.22,52.86
2026-08-03 13:23:35.430,-0.74,0.88,0.64,-57.5,31.43,48.83
2026-08-03 13:23:35.431,-0.74,0.88,0.64,-57.5,31.43,48.83
2026-08-03 13:23:35.435,-0.6,1.01,0.46,-39.73,-6.47,42.85
2026-08-03 13:23:35.435,-0.6,1.01,0.46,-39.73,-6.47,42.85
2026-08-03 13:23:35.436,-0.46,1.1,0.32,-45.96,-32.47,33.87
2026-08-03 13:23:35.493,-0.46,1.1,0.32,-45.96,-32.47,33.87
2026-08-03 13:23:35.494,-0.39,1.07,0.25,-71.9,-43.95,23.32
2026-08-03 13:23:35.551,-0.39,1.07,0.25,-71.9,-43.95,23.32
2026-08-03 13:23:35.551,-0.38,0.96,0.21,-90.03,-45.9,24.9
2026-08-03 13:23:35.552,-0.4,0.84,0.18,-93.2,-37.9,39.79
2026-08-03 13:23:35.611,-0.4,0.84,0.18,-93.2,-37.9,39.79
2026-08-03 13:23:35.611,-0.41,0.73,0.15,-86.85,-16.36,58.04
2026-08-03 13:23:35.612,-0.41,0.73,0.15,-86.85,-16.36,58.04
2026-08-03 13:23:35.674,-0.44,0.66,0.16,-76.84,15.32,75.44
2026-08-03 13:23:35.674,-0.44,0.66,0.16,-76.84,15.32,75.44
2026-08-03 13:23:35.731,-0.52,0.61,0.24,-67.44,49.5,91.43
2026-08-03 13:23:35.732,-0.66,0.54,0.36,-64.03,79.9,104.92
2026-08-03 13:23:35.733,-0.66,0.54,0.36,-64.03,79.9,104.92
2026-08-03 13:23:35.791,-0.81,0.4,0.46,-70.56,104.19,113.34
2026-08-03 13:23:35.792,-0.81,0.4,0.46,-70.56,104.19,113.34
2026-08-03 13:23:35.850,-0.88,0.2,0.53,-74.58,114.93,114.75
2026-08-03 13:23:35.851,-0.88,0.2,0.53,-74.58,114.93,114.75
2026-08-03 13:23:35.852,-0.87,0.05,0.59,-61.89,105.41,109.74
2026-08-03 13:23:35.911,-0.81,0.03,0.66,-38.45,81.67,96.68
2026-08-03 13:23:35.911,-0.81,0.03,0.66,-38.45,81.67,96.68
2026-08-03 13:23:35.976,-0.74,0.22,0.73,-21.12,55.11,73.12
2026-08-03 13:23:35.976,-0.74,0.22,0.73,-21.12,55.11,73.12
2026-08-03 13:23:35.977,-0.75,0.49,0.8,-27.22,37.72,43.09
2026-08-03 13:23:36.046,-0.75,0.49,0.8,-27.22,37.72,43.09
2026-08-03 13:23:36.046,-0.79,0.63,0.81,-52.73,32.35,16.91
2026-08-03 13:23:36.047,-0.79,0.61,0.71,-75.56,30.4,5.43
2026-08-03 13:23:36.093,-0.79,0.61,0.71,-75.56,30.4,5.43
2026-08-03 13:23:36.094,-0.74,0.46,0.59,-90.88,19.65,6.9
2026-08-03 13:23:36.094,-0.74,0.46,0.59,-90.88,19.65,6.9
2026-08-03 13:23:36.151,-0.64,0.31,0.55,-94.73,-0.12,9.95
2026-08-03 13:23:36.151,-0.64,0.31,0.55,-94.73,-0.12,9.95
2026-08-03 13:23:36.211,-0.48,0.27,0.55,-72.88,-12.63,14.77
2026-08-03 13:23:36.212,-0.48,0.27,0.55,-72.88,-12.63,14.77
2026-08-03 13:23:36.212,-0.35,0.32,0.59,-42.6,-12.39,21.97
2026-08-03 13:23:36.270,-0.32,0.37,0.7,-38.21,-4.52,28.87
2026-08-03 13:23:36.271,-0.32,0.37,0.7,-38.21,-4.52,28.87
2026-08-03 13:23:36.332,-0.38,0.35,0.82,-58.84,6.59,39.67
2026-08-03 13:23:36.342,-0.38,0.35,0.82,-58.84,6.59,39.67
2026-08-03 13:23:36.342,-0.44,0.32,0.85,-74.4,11.66,52.98
2026-08-03 13:23:36.390,-0.44,0.31,0.78,-72.2,8.24,60.97
2026-08-03 13:23:36.390,-0.44,0.31,0.78,-72.2,8.24,60.97
2026-08-03 13:23:36.452,-0.42,0.3,0.72,-64.33,4.15,63.42
2026-08-03 13:23:36.452,-0.42,0.3,0.72,-64.33,4.15,63.42
2026-08-03 13:23:36.452,-0.41,0.27,0.72,-59.57,2.69,66.22
2026-08-03 13:23:36.510,-0.41,0.27,0.72,-59.57,2.69,66.22
2026-08-03 13:23:36.516,-0.43,0.24,0.77,-56.27,1.4,71.23
2026-08-03 13:23:36.517,-0.43,0.24,0.77,-56.27,1.4,71.23
2026-08-03 13:23:36.581,-0.47,0.24,0.84,-54.57,0.43,77.58
2026-08-03 13:23:36.583,-0.56,0.29,0.91,-52.49,-1.71,85.27
2026-08-03 13:23:36.584,-0.56,0.29,0.91,-52.49,-1.71,85.27
2026-08-03 13:23:36.631,-0.7,0.37,0.96,-45.96,-5.8,92.47
2026-08-03 13:23:36.632,-0.7,0.37,0.96,-45.96,-5.8,92.47
2026-08-03 13:23:36.690,-0.86,0.43,1.11,-39.37,-4.94,90.03
2026-08-03 13:23:36.693,-0.86,0.43,1.11,-39.37,-4.94,90.03
2026-08-03 13:23:36.694,-0.89,0.38,1.32,-37.41,-1.4,66.35
2026-08-03 13:23:36.753,-0.68,0.28,1.19,-22.77,-23.68,33.14
2026-08-03 13:23:36.753,-0.68,0.28,1.19,-22.77,-23.68,33.14
2026-08-03 13:23:36.871,-0.34,0.28,0.71,7.39,-80.81,17.82
2026-08-03 13:23:36.872,-0.34,0.28,0.71,7.39,-80.81,17.82
2026-08-03 13:23:36.872,-0.09,0.36,0.41,8.61,-124.94,20.02
2026-08-03 13:23:36.872,-0.09,0.36,0.41,8.61,-124.94,20.02
2026-08-03 13:23:36.873,-0.08,0.42,0.52,-27.95,-106.14,23.25
2026-08-03 13:23:36.873,-0.08,0.42,0.52,-27.95,-106.14,23.25
2026-08-03 13:23:36.931,-0.21,0.45,0.85,-59.27,-46.2,23.25
2026-08-03 13:23:36.931,-0.31,0.46,1.07,-67.14,-3.66,18.8
2026-08-03 13:23:36.935,-0.31,0.46,1.07,-67.14,-3.66,18.8
2026-08-03 13:23:36.992,-0.32,0.39,0.96,-63.54,-1.34,16.97
2026-08-03 13:23:36.995,-0.32,0.39,0.96,-63.54,-1.34,16.97
2026-08-03 13:23:37.051,-0.23,0.26,0.65,-51.39,-21.73,26.12
2026-08-03 13:23:37.051,-0.23,0.26,0.65,-51.39,-21.73,26.12
2026-08-03 13:23:37.052,-0.16,0.16,0.46,-31.86,-26.12,36.19
2026-08-03 13:23:37.110,-0.16,0.16,0.46,-14.22,-0.55,38.33
2026-08-03 13:23:37.111,-0.21,0.12,0.49,-14.22,-0.55,38.33
2026-08-03 13:23:37.174,-0.29,0.11,0.61,2.75,29.36,33.81
2026-08-03 13:23:37.175,-0.29,0.11,0.61,2.75,29.36,33.81
2026-08-03 13:23:37.175,-0.36,0.16,0.73,26.79,44.56,20.2
2026-08-03 13:23:37.230,-0.36,0.16,0.73,26.79,44.56,20.2
2026-08-03 13:23:37.231,-0.42,0.27,0.84,55.05,52.86,-0.18
2026-08-03 13:23:37.231,-0.42,0.27,0.84,55.05,52.86,-0.18
2026-08-03 13:23:37.297,-0.48,0.36,0.92,80.93,63.78,-22.28
2026-08-03 13:23:37.297,-0.55,0.45,0.96,103.76,72.45,-46.08
2026-08-03 13:23:37.352,-0.55,0.45,0.96,103.76,72.45,-46.08
2026-08-03 13:23:37.352,-0.66,0.57,1.11,118.59,81.3,-70.31
2026-08-03 13:23:37.353,-0.66,0.57,1.11,118.59,81.3,-70.31
2026-08-03 13:23:37.411,-0.7,0.62,1.31,117.55,82.64,-92.1
2026-08-03 13:23:37.414,-0.7,0.62,1.31,117.55,82.64,-92.1
2026-08-03 13:23:37.414,-0.56,0.56,1.19,100.59,41.26,-100.77
2026-08-03 13:23:37.470,-0.38,0.45,0.79,65.19,-30.03,-87.59
2026-08-03 13:23:37.471,-0.38,0.45,0.79,65.19,-30.03,-87.59
2026-08-03 13:23:37.531,-0.35,0.35,0.51,16.72,-64.82,-66.1
2026-08-03 13:23:37.532,-0.35,0.35,0.51,16.72,-64.82,-66.1
2026-08-03 13:23:37.536,-0.41,0.32,0.57,-14.34,-47.67,-58.84
2026-08-03 13:23:37.606,-0.41,0.32,0.57,-14.34,-47.67,-58.84
2026-08-03 13:23:37.607,-0.38,0.35,0.77,-12.63,-28.69,-62.44
2026-08-03 13:23:37.710,-0.27,0.34,0.84,-2.26,-37.78,-52.06
2026-08-03 13:23:37.711,-0.27,0.34,0.84,-2.26,-37.78,-52.06
2026-08-03 13:23:37.775,-0.18,0.27,0.79,-1.83,-57.19,-23.93
2026-08-03 13:23:37.775,-0.18,0.27,0.79,-1.83,-57.19,-23.93
2026-08-03 13:23:37.776,-0.12,0.21,0.74,-4.58,-64.88,5.19
2026-08-03 13:23:37.776,-0.12,0.21,0.74,-4.58,-64.88,5.19
2026-08-03 13:23:37.776,-0.08,0.18,0.73,-1.22,-54.99,28.5
2026-08-03 13:23:37.776,-0.08,0.18,0.73,-1.22,-54.99,28.5
2026-08-03 13:23:37.777,-0.08,0.19,0.76,8.18,-32.35,48.77
2026-08-03 13:23:37.831,-0.11,0.22,0.81,18.25,-11.11,69.09
2026-08-03 13:23:37.832,-0.11,0.22,0.81,18.25,-11.11,69.09
2026-08-03 13:23:37.901,-0.16,0.25,0.85,22.58,-0.73,91.55
2026-08-03 13:23:37.904,-0.16,0.25,0.85,22.58,-0.73,91.55
2026-08-03 13:23:37.904,-0.24,0.29,0.92,17.21,4.09,114.69
2026-08-03 13:23:37.951,-0.24,0.29,0.92,17.21,4.09,114.69
2026-08-03 13:23:37.952,-0.32,0.37,1.07,12.15,7.81,128.78
2026-08-03 13:23:37.952,-0.32,0.37,1.07,12.15,7.81,128.78
2026-08-03 13:23:38.011,-0.36,0.54,1.3,14.34,6.71,125.98
2026-08-03 13:23:38.012,-0.41,0.74,1.47,8.36,8.54,105.41
2026-08-03 13:23:38.132,-0.41,0.74,1.47,8.36,8.54,105.41
2026-08-03 13:23:38.132,-0.44,0.84,1.44,-16.85,16.78,70.8
2026-08-03 13:23:38.132,-0.44,0.84,1.44,-16.85,16.78,70.8
2026-08-03 13:23:38.133,-0.34,0.77,1.06,-46.75,4.64,35.83
2026-08-03 13:23:38.133,-0.34,0.77,1.06,-46.75,4.64,35.83
2026-08-03 13:23:38.193,-0.18,0.63,0.56,-63.78,-26.86,15.32
2026-08-03 13:23:38.195,-0.13,0.56,0.3,-64.33,-32.65,9.03
2026-08-03 13:23:38.195,-0.13,0.56,0.3,-64.33,-32.65,9.03
2026-08-03 13:23:38.310,-0.19,0.55,0.34,-49.13,-4.33,5.25
2026-08-03 13:23:38.311,-0.19,0.55,0.34,-49.13,-4.33,5.25
2026-08-03 13:23:38.371,-0.25,0.59,0.53,-21.55,20.94,-4.33
2026-08-03 13:23:38.372,-0.25,0.59,0.53,-21.55,20.94,-4.33
2026-08-03 13:23:38.372,-0.26,0.62,0.67,4.94,23.44,-16.78
2026-08-03 13:23:38.374,-0.25,0.6,0.7,19.53,12.63,-27.16
2026-08-03 13:23:38.374,-0.25,0.6,0.7,19.53,12.63,-27.16
2026-08-03 13:23:38.375,-0.22,0.54,0.63,26.0,-0.37,-35.4
2026-08-03 13:23:38.433,-0.22,0.54,0.63,26.0,-0.37,-35.4
2026-08-03 13:23:38.433,-0.2,0.48,0.55,34.0,-10.07,-43.33
2026-08-03 13:23:38.433,-0.2,0.48,0.55,34.0,-10.07,-43.33
2026-08-03 13:23:38.491,-0.19,0.47,0.53,47.91,-14.53,-53.28
2026-08-03 13:23:38.492,-0.18,0.54,0.61,65.67,-15.75,-65.92
2026-08-03 13:23:38.551,-0.18,0.54,0.61,65.67,-15.75,-65.92
2026-08-03 13:23:38.551,-0.19,0.67,0.74,83.5,-15.2,-79.22
2026-08-03 13:23:38.552,-0.19,0.67,0.74,83.5,-15.2,-79.22
2026-08-03 13:23:38.614,-0.21,0.8,0.86,97.17,-15.08,-92.59
2026-08-03 13:23:38.615,-0.21,0.8,0.86,97.17,-15.08,-92.59
2026-08-03 13:23:38.671,-0.21,0.91,0.95,102.97,-18.31,-106.57
2026-08-03 13:23:38.671,-0.21,0.91,0.95,102.97,-18.31,-106.57
2026-08-03 13:23:38.672,-0.21,0.91,0.95,102.97,-18.31,-106.57
2026-08-03 13:23:38.672,-0.21,0.91,0.95,102.97,-18.31,-106.57
2026-08-03 13:23:38.736,-0.29,1.02,1.06,87.71,-27.53,-123.35
2026-08-03 13:23:38.737,-0.23,0.85,0.94,75.99,-55.18,-119.63
2026-08-03 13:23:38.790,-0.23,0.85,0.94,75.99,-55.18,-119.63
2026-08-03 13:23:38.792,-0.06,0.6,0.67,63.17,-96.62,-102.66
2026-08-03 13:23:38.792,-0.06,0.6,0.67,63.17,-96.62,-102.66
2026-08-03 13:23:38.852,-0.01,0.44,0.43,39.86,-97.9,-72.88
2026-08-03 13:23:38.852,-0.01,0.44,0.43,39.86,-97.9,-72.88
2026-08-03 13:23:38.911,-0.18,0.43,0.36,13.79,-39.49,-41.93
2026-08-03 13:23:38.913,-0.4,0.51,0.47,8.61,25.02,-20.02
2026-08-03 13:23:38.913,-0.4,0.51,0.47,8.61,25.02,-20.02
2026-08-03 13:23:38.974,-0.5,0.59,0.61,24.41,44.98,-7.51
2026-08-03 13:23:38.974,-0.5,0.59,0.61,24.41,44.98,-7.51
2026-08-03 13:23:39.049,-0.51,0.57,0.62,35.34,29.54,0.92
2026-08-03 13:23:39.049,-0.51,0.57,0.62,35.34,29.54,0.92
2026-08-03 13:23:39.049,-0.51,0.5,0.55,30.21,13.43,6.16
2026-08-03 13:23:39.092,-0.51,0.5,0.55,22.95,8.0,3.48
2026-08-03 13:23:39.092,-0.5,0.47,0.56,22.95,8.0,3.48
2026-08-03 13:23:39.093,-0.47,0.51,0.69,18.8,7.57,-5.55
2026-08-03 13:23:39.152,-0.47,0.51,0.69,18.8,7.57,-5.55
2026-08-03 13:23:39.153,-0.45,0.59,0.8,5.0,7.32,-11.47
2026-08-03 13:23:39.153,-0.45,0.59,0.8,5.0,7.32,-11.47
2026-08-03 13:23:39.211,-0.45,0.75,0.87,-18.68,4.82,-8.06
2026-08-03 13:23:39.211,-0.45,0.75,0.87,-18.68,4.82,-8.06
2026-08-03 13:23:39.271,-0.47,1.05,0.99,-41.5,14.4,-0.92
2026-08-03 13:23:39.271,-0.47,1.05,0.99,-41.5,14.4,-0.92
2026-08-03 13:23:39.272,-0.44,1.25,1.08,-58.59,44.25,6.71
2026-08-03 13:23:39.331,-0.34,0.96,0.85,-72.51,61.89,29.6
2026-08-03 13:23:39.331,-0.34,0.96,0.85,-72.51,61.89,29.6
2026-08-03 13:23:39.401,-0.19,0.2,0.35,-80.26,46.33,69.52
2026-08-03 13:23:39.401,-0.19,0.2,0.35,-80.26,46.33,69.52
2026-08-03 13:23:39.401,0.06,-0.56,0.0,-70.56,19.96,97.66
2026-08-03 13:23:39.450,0.06,-0.56,0.0,-70.56,19.96,97.66
2026-08-03 13:23:39.451,0.28,-0.85,-0.08,-59.27,7.87,92.96
2026-08-03 13:23:39.452,0.17,-0.65,-0.18,-72.14,-4.52,70.43
2026-08-03 13:23:39.511,0.17,-0.65,-0.18,-72.14,-4.52,70.43
2026-08-03 13:23:39.511,-0.13,0.22,0.09,-80.2,-57.56,33.2
2026-08-03 13:23:39.571,-0.13,0.22,0.09,-80.2,-57.56,33.2
2026-08-03 13:23:39.571,-0.32,1.78,1.64,-47.67,-140.87,-32.17
2026-08-03 13:23:39.572,-0.32,1.78,1.64,-47.67,-140.87,-32.17
2026-08-03 13:23:39.630,-0.41,2.75,3.09,4.76,-215.94,-64.45
2026-08-03 13:23:39.631,-0.41,2.75,3.09,17.15,-216.37,-17.21
2026-08-03 13:23:39.631,-0.52,2.26,2.71,17.15,-216.37,-17.21
2026-08-03 13:23:39.698,-0.69,1.14,1.49,-32.17,-94.36,45.96
2026-08-03 13:23:39.698,-0.69,1.14,1.49,-32.17,-94.36,45.96
2026-08-03 13:23:39.752,-0.79,0.28,0.64,-85.21,49.19,76.9
2026-08-03 13:23:39.753,-0.79,0.28,0.64,-85.21,49.19,76.9
2026-08-03 13:23:39.753,-0.74,-0.12,0.12,-91.37,99.06,81.18
2026-08-03 13:23:39.811,-0.74,-0.12,0.12,-91.37,99.06,81.18
2026-08-03 13:23:39.814,-0.5,-0.06,-0.18,-63.42,97.78,52.61
2026-08-03 13:23:39.871,-0.25,0.13,-0.27,-43.4,122.86,-3.97
2026-08-03 13:23:39.871,-0.25,0.13,-0.27,-43.4,122.86,-3.97
2026-08-03 13:23:39.872,-0.19,0.06,-0.51,-52.0,137.45,-70.98
2026-08-03 13:23:39.933,-0.19,0.06,-0.51,-52.0,137.45,-70.98
2026-08-03 13:23:39.934,-0.13,-0.0,-0.97,-60.24,83.92,-164.0
2026-08-03 13:23:39.934,-0.13,-0.0,-0.97,-60.24,83.92,-164.0
2026-08-03 13:23:39.990,0.08,0.34,-0.98,0.73,-35.71,-259.4
2026-08-03 13:23:39.991,0.35,1.51,0.53,157.9,-163.82,-294.37
2026-08-03 13:23:40.058,0.35,1.51,0.53,157.9,-163.82,-294.37
2026-08-03 13:23:40.059,0.5,2.46,2.75,284.48,-195.56,-252.2
2026-08-03 13:23:40.059,0.5,2.46,2.75,284.48,-195.56,-252.2
2026-08-03 13:23:40.171,0.38,1.65,3.15,263.67,-151.12,-121.22
2026-08-03 13:23:40.231,0.38,1.65,3.15,154.17,-105.77,27.28
2026-08-03 13:23:40.233,0.14,0.08,1.75,154.17,-105.77,27.28
2026-08-03 13:23:40.233,-0.08,-0.73,0.47,51.57,-43.95,83.56
2026-08-03 13:23:40.234,-0.08,-0.73,0.47,51.57,-43.95,83.56
2026-08-03 13:23:40.234,-0.22,-0.68,0.02,-13.73,12.02,68.6
2026-08-03 13:23:40.235,-0.22,-0.68,0.02,-13.73,12.02,68.6
2026-08-03 13:23:40.235,-0.28,-0.39,0.06,-61.71,10.8,50.48
2026-08-03 13:23:40.291,-0.28,-0.39,0.06,-91.13,-47.61,50.66
2026-08-03 13:23:40.291,-0.08,0.06,0.6,-91.13,-47.61,50.66
2026-08-03 13:23:40.353,0.3,1.3,2.16,-91.74,-62.38,37.78
2026-08-03 13:23:40.354,0.3,1.3,2.16,-91.74,-62.38,37.78
2026-08-03 13:23:40.354,0.4,2.33,3.31,-94.3,-7.63,13.92
2026-08-03 13:23:40.412,0.4,2.33,3.31,-94.3,-7.63,13.92
2026-08-03 13:23:40.412,0.35,2.06,2.44,-99.43,-13.12,9.09
2026-08-03 13:23:40.471,0.12,1.18,0.73,-94.18,-26.31,-1.04
2026-08-03 13:23:40.472,0.12,1.18,0.73,-94.18,-26.31,-1.04
2026-08-03 13:23:40.472,-0.35,0.42,-0.27,-75.5,55.24,-36.74
2026-08-03 13:23:40.591,-0.35,0.42,-0.27,-75.5,55.24,-36.74
2026-08-03 13:23:40.591,-0.54,0.09,-0.43,-29.6,129.46,-91.13
2026-08-03 13:23:40.592,-0.54,0.09,-0.43,-29.6,129.46,-91.13
2026-08-03 13:23:40.592,-0.36,-0.02,-0.29,7.51,123.11,-144.35
2026-08-03 13:23:40.592,-0.09,-0.18,-0.33,-6.29,65.06,-183.78
2026-08-03 13:23:40.650,-0.09,-0.18,-0.33,-6.29,65.06,-183.78
2026-08-03 13:23:40.652,0.15,-0.3,-0.62,-54.75,-9.89,-220.7
2026-08-03 13:23:40.652,0.15,-0.3,-0.62,-54.75,-9.89,-220.7
2026-08-03 13:23:40.771,0.26,-0.45,-0.96,-82.64,-67.08,-242.13
2026-08-03 13:23:40.772,0.26,-0.45,-0.96,-82.64,-67.08,-242.13
2026-08-03 13:23:40.773,0.11,-0.36,-0.77,-16.48,-83.44,-227.72
2026-08-03 13:23:40.774,-0.11,1.05,1.07,133.91,-52.61,-227.11
2026-08-03 13:23:40.774,-0.11,1.05,1.07,133.91,-52.61,-227.11
2026-08-03 13:23:40.834,-0.09,2.57,3.42,211.06,-25.7,-233.22
2026-08-03 13:23:40.835,-0.09,2.57,3.42,211.06,-25.7,-233.22
2026-08-03 13:23:40.835,0.06,2.24,3.66,162.96,-76.05,-139.53
2026-08-03 13:23:40.890,0.06,2.24,3.66,162.96,-76.05,-139.53
2026-08-03 13:23:40.891,-0.06,0.81,2.03,69.34,-118.16,19.53
2026-08-03 13:23:40.951,-0.36,-0.34,0.5,3.6,-79.04,108.28
2026-08-03 13:23:40.952,-0.36,-0.34,0.5,3.6,-79.04,108.28
2026-08-03 13:23:40.952,-0.43,-0.63,-0.03,17.21,-33.94,88.26
2026-08-03 13:23:41.071,-0.43,-0.63,-0.03,17.21,-33.94,88.26
2026-08-03 13:23:41.072,-0.25,-0.38,0.09,72.02,-13.67,16.11
2026-08-03 13:23:41.072,-0.25,-0.38,0.09,72.02,-13.67,16.11
2026-08-03 13:23:41.072,-0.08,-0.1,0.38,109.99,1.83,-36.93
2026-08-03 13:23:41.073,0.05,0.14,0.69,120.36,8.97,-52.43
2026-08-03 13:23:41.130,0.05,0.14,0.69,120.36,8.97,-52.43
2026-08-03 13:23:41.131,0.22,0.62,1.11,111.88,24.35,-63.54
2026-08-03 13:23:41.133,0.22,0.62,1.11,111.88,24.35,-63.54
2026-08-03 13:23:41.198,0.26,1.27,1.67,71.29,81.73,-83.86
2026-08-03 13:23:41.199,0.26,1.27,1.67,71.29,81.73,-83.86
2026-08-03 13:23:41.255,0.12,1.69,1.94,6.47,127.01,-79.22
2026-08-03 13:23:41.255,0.12,1.69,1.94,6.47,127.01,-79.22
2026-08-03 13:23:41.256,-0.09,1.61,1.53,-69.15,96.56,-36.38
2026-08-03 13:23:41.323,-0.23,1.13,0.72,-141.24,26.0,13.18
2026-08-03 13:23:41.326,-0.23,1.13,0.72,-141.24,26.0,13.18
2026-08-03 13:23:41.327,-0.2,0.6,0.05,-156.37,-32.78,44.07
2026-08-03 13:23:41.371,-0.2,0.6,0.05,-156.37,-32.78,44.07
2026-08-03 13:23:41.371,-0.09,0.31,-0.22,-106.99,-59.94,54.57
2026-08-03 13:23:41.430,-0.09,0.31,-0.22,-106.99,-59.94,54.57
2026-08-03 13:23:41.496,-0.04,0.28,-0.12,-39.67,-49.56,50.72
2026-08-03 13:23:41.552,-0.09,0.36,0.17,9.83,-15.01,36.87
2026-08-03 13:23:41.552,-0.09,0.36,0.17,9.83,-15.01,36.87
2026-08-03 13:23:41.553,-0.19,0.41,0.49,33.08,14.71,15.62
2026-08-03 13:23:41.553,-0.19,0.41,0.49,33.08,14.71,15.62
2026-08-03 13:23:41.554,-0.26,0.46,0.69,42.05,15.99,-15.32
2026-08-03 13:23:41.554,-0.26,0.46,0.69,42.05,15.99,-15.32
2026-08-03 13:23:41.610,-0.29,0.49,0.75,39.79,-15.44,-67.44
2026-08-03 13:23:41.611,-0.29,0.49,0.75,26.98,-42.24,-132.81
2026-08-03 13:23:41.611,-0.31,0.57,0.77,26.98,-42.24,-132.81
2026-08-03 13:23:41.671,-0.39,0.82,0.82,20.2,-23.44,-183.9
2026-08-03 13:23:41.671,-0.39,0.82,0.82,20.2,-23.44,-183.9
2026-08-03 13:23:41.730,-0.42,1.06,1.08,11.66,-8.48,-218.08
2026-08-03 13:23:41.732,-0.42,1.06,1.08,11.66,-8.48,-218.08
2026-08-03 13:23:41.733,-0.24,1.02,1.47,-31.98,-47.24,-224.12
2026-08-03 13:23:41.790,-0.24,1.02,1.47,-31.98,-47.24,-224.12
2026-08-03 13:23:41.791,-0.04,0.71,1.49,-61.4,-77.58,-174.74
2026-08-03 13:23:41.910,0.0,0.4,1.01,16.17,-43.95,-104.61
2026-08-03 13:23:41.911,0.0,0.4,1.01,16.17,-43.95,-104.61
2026-08-03 13:23:41.911,-0.0,0.16,0.54,164.0,0.73,-111.45
2026-08-03 13:23:41.911,-0.0,0.16,0.54,164.0,0.73,-111.45
2026-08-03 13:23:41.911,0.07,0.05,0.52,205.14,-31.01,-159.79
2026-08-03 13:23:41.971,0.07,0.05,0.52,205.14,-31.01,-159.79
2026-08-03 13:23:41.971,0.19,0.25,0.79,103.58,-84.47,-120.91
2026-08-03 13:23:41.972,0.23,0.52,0.87,11.6,-48.95,-39.25
2026-08-03 13:23:41.972,0.23,0.52,0.87,11.6,-48.95,-39.25
2026-08-03 13:23:42.036,0.14,0.59,0.7,-6.84,23.44,-9.95
2026-08-03 13:23:42.036,0.14,0.59,0.7,-6.84,23.44,-9.95
2026-08-03 13:23:42.102,-0.02,0.51,0.56,-1.77,43.15,-15.87
2026-08-03 13:23:42.102,-0.02,0.51,0.56,-1.77,43.15,-15.87
2026-08-03 13:23:42.103,-0.13,0.41,0.58,-18.37,23.44,-19.84
2026-08-03 13:23:42.152,-0.16,0.36,0.65,-37.6,5.68,-22.83
2026-08-03 13:23:42.153,-0.16,0.36,0.65,-37.6,5.68,-22.83
2026-08-03 13:23:42.153,-0.2,0.45,0.96,-38.21,9.52,-19.29
2026-08-03 13:23:42.211,-0.2,0.45,0.96,-38.21,9.52,-19.29
2026-08-03 13:23:42.212,-0.33,0.52,1.64,-30.4,22.58,7.87
2026-08-03 13:23:42.271,-0.33,0.52,1.64,-30.4,22.58,7.87
2026-08-03 13:23:42.272,-0.41,0.66,2.11,-34.42,3.3,21.91
2026-08-03 13:23:42.272,-0.41,0.66,2.11,-34.42,3.3,21.91
2026-08-03 13:23:42.331,-0.43,0.8,1.96,-66.65,-39.67,9.03
2026-08-03 13:23:42.332,-0.49,0.66,1.39,-88.32,-77.51,28.32
2026-08-03 13:23:42.391,-0.49,0.66,1.39,-88.32,-77.51,28.32
2026-08-03 13:23:42.392,-0.53,0.39,0.81,-82.34,-100.52,77.39
2026-08-03 13:23:42.392,-0.53,0.39,0.81,-82.34,-100.52,77.39
2026-08-03 13:23:42.451,-0.5,0.24,0.48,-75.93,-97.6,97.84
2026-08-03 13:23:42.451,-0.43,0.22,0.41,-71.84,-73.67,79.04
2026-08-03 13:23:42.451,-0.43,0.22,0.41,-71.84,-73.67,79.04
2026-08-03 13:23:42.514,-0.34,0.24,0.47,-63.96,-44.13,43.95
2026-08-03 13:23:42.514,-0.34,0.24,0.47,-63.96,-44.13,43.95
2026-08-03 13:23:42.570,-0.28,0.26,0.53,-42.79,-24.84,7.51
2026-08-03 13:23:42.571,-0.28,0.26,0.53,-42.79,-24.84,7.51
2026-08-03 13:23:42.572,-0.26,0.29,0.52,-5.86,-16.42,-22.83
2026-08-03 13:23:42.631,-0.29,0.34,0.46,37.9,-10.8,-44.43
2026-08-03 13:23:42.631,-0.29,0.34,0.46,37.9,-10.8,-44.43
2026-08-03 13:23:42.690,-0.34,0.37,0.39,75.74,-1.53,-57.68
2026-08-03 13:23:42.691,-0.34,0.37,0.39,75.74,-1.53,-57.68
2026-08-03 13:23:42.691,-0.41,0.41,0.35,103.52,16.3,-64.58
2026-08-03 13:23:42.757,-0.41,0.41,0.35,103.52,16.3,-64.58
2026-08-03 13:23:42.758,-0.57,0.5,0.34,127.08,45.29,-71.29
2026-08-03 13:23:42.758,-0.57,0.5,0.34,127.08,45.29,-71.29
2026-08-03 13:23:42.871,-0.85,0.68,0.42,136.05,80.63,-86.06
2026-08-03 13:23:42.930,-1.19,0.94,0.61,117.92,117.43,-112.61
2026-08-03 13:23:42.931,-1.19,0.94,0.61,117.92,117.43,-112.61
2026-08-03 13:23:42.931,-1.42,1.24,0.96,88.87,162.11,-145.87
2026-08-03 13:23:42.932,-1.42,1.24,0.96,88.87,162.11,-145.87
2026-08-03 13:23:42.932,-1.25,1.26,1.44,54.63,226.5,-157.78
2026-08-03 13:23:42.934,-1.25,1.26,1.44,54.63,226.5,-157.78
2026-08-03 13:23:42.935,-0.68,0.79,1.84,4.76,282.96,-117.8
2026-08-03 13:23:42.990,-0.2,0.26,1.78,-46.75,259.64,-49.8
2026-08-03 13:23:42.991,-0.2,0.26,1.78,-46.75,259.64,-49.8
2026-08-03 13:23:43.111,-0.14,0.11,1.36,-69.34,140.38,1.4
2026-08-03 13:23:43.111,-0.14,0.11,1.36,-69.34,140.38,1.4
2026-08-03 13:23:43.111,-0.35,0.24,1.02,-64.51,-6.47,18.01
2026-08-03 13:23:43.112,-0.35,0.24,1.02,-64.51,-6.47,18.01
2026-08-03 13:23:43.112,-0.56,0.42,0.87,-68.12,-116.82,2.38
2026-08-03 13:23:43.113,-0.67,0.52,0.8,-94.85,-181.03,-14.1
2026-08-03 13:23:43.173,-0.67,0.52,0.8,-94.85,-181.03,-14.1
2026-08-03 13:23:43.173,-0.69,0.63,0.79,-113.89,-217.1,16.91
2026-08-03 13:23:43.235,-0.69,0.63,0.79,-113.89,-217.1,16.91
2026-08-03 13:23:43.236,-0.65,0.75,0.86,-119.81,-227.36,98.08
2026-08-03 13:23:43.236,-0.65,0.75,0.86,-119.81,-227.36,98.08
2026-08-03 13:23:43.290,-0.54,0.77,1.04,-108.03,-210.39,176.03
2026-08-03 13:23:43.290,-0.43,0.67,1.19,-33.63,-191.1,200.26
2026-08-03 13:23:43.471,-0.43,0.67,1.19,-33.63,-191.1,200.26
2026-08-03 13:23:43.471,-0.35,0.63,1.11,71.47,-172.67,185.85
2026-08-03 13:23:43.472,-0.35,0.63,1.11,71.47,-172.67,185.85
2026-08-03 13:23:43.472,-0.33,0.7,0.81,130.43,-145.75,179.69
2026-08-03 13:23:43.472,-0.33,0.7,0.81,130.43,-145.75,179.69
2026-08-03 13:23:43.473,-0.53,0.61,0.36,132.75,-115.11,179.5
2026-08-03 13:23:43.473,-0.81,0.26,-0.02,68.6,-60.73,176.82
2026-08-03 13:23:43.473,-0.81,0.26,-0.02,68.6,-60.73,176.82
2026-08-03 13:23:43.531,-0.69,0.08,0.03,-35.58,11.9,140.81
2026-08-03 13:23:43.531,-0.69,0.08,0.03,-35.58,11.9,140.81
2026-08-03 13:23:43.536,0.0,0.28,0.66,-90.64,61.16,51.51
2026-08-03 13:23:43.591,0.0,0.28,0.66,-90.64,61.16,51.51
2026-08-03 13:23:43.592,0.72,0.49,1.24,-84.35,65.06,-24.23
2026-08-03 13:23:43.660,0.91,0.44,1.25,-57.8,32.29,-41.08
2026-08-03 13:23:43.661,0.91,0.44,1.25,-57.8,32.29,-41.08
2026-08-03 13:23:43.661,0.66,0.3,0.98,-37.17,-5.55,-25.63
2026-08-03 13:23:43.711,0.66,0.3,0.98,-37.17,-5.55,-25.63
2026-08-03 13:23:43.711,0.35,0.28,0.79,-27.4,-25.33,-10.8
2026-08-03 13:23:43.712,0.35,0.28,0.79,-27.4,-25.33,-10.8
2026-08-03 13:23:43.780,0.21,0.39,0.76,-18.8,-26.06,-2.81
2026-08-03 13:23:43.783,0.21,0.39,0.76,-4.64,-17.27,4.39
2026-08-03 13:23:43.831,0.22,0.41,0.82,-4.64,-17.27,4.39
2026-08-03 13:23:43.831,0.25,0.27,0.92,15.38,-10.25,8.54
2026-08-03 13:23:43.890,0.25,0.27,0.92,15.38,-10.25,8.54
2026-08-03 13:23:43.890,0.26,0.19,1.0,26.55,-9.89,0.61
2026-08-03 13:23:43.891,0.26,0.19,1.0,26.55,-9.89,0.61
2026-08-03 13:23:43.892,0.29,0.33,1.0,15.44,-10.13,-15.56
2026-08-03 13:23:43.953,0.29,0.33,1.0,15.44,-10.13,-15.56
2026-08-03 13:23:43.953,0.31,0.47,0.89,-3.36,-5.74,-24.05
2026-08-03 13:23:44.011,0.31,0.47,0.89,-9.7,-1.28,-18.92
2026-08-03 13:23:44.012,0.29,0.43,0.74,-9.7,-1.28,-18.92
2026-08-03 13:23:44.013,0.27,0.33,0.67,-2.08,2.99,-9.64
2026-08-03 13:23:44.130,0.27,0.33,0.67,-2.08,2.99,-9.64
2026-08-03 13:23:44.131,0.28,0.34,0.75,17.09,9.09,-6.65
2026-08-03 13:23:44.131,0.28,0.34,0.75,17.09,9.09,-6.65
2026-08-03 13:23:44.131,0.29,0.4,0.93,35.52,12.39,-5.98
2026-08-03 13:23:44.131,0.29,0.4,0.93,35.52,12.39,-5.98
2026-08-03 13:23:44.190,0.28,0.42,1.01,36.25,7.32,-7.32
2026-08-03 13:23:44.191,0.28,0.42,1.01,24.17,-6.16,-21.48
2026-08-03 13:23:44.191,0.27,0.42,0.97,24.17,-6.16,-21.48
2026-08-03 13:23:44.253,0.28,0.44,0.92,10.31,-19.9,-44.62
2026-08-03 13:23:44.253,0.28,0.44,0.92,10.31,-19.9,-44.62
2026-08-03 13:23:44.253,0.29,0.47,0.87,-3.48,-27.77,-62.68
2026-08-03 13:23:44.373,0.29,0.47,0.87,-3.48,-27.77,-62.68
2026-08-03 13:23:44.373,0.28,0.44,0.81,-13.92,-30.09,-69.03
2026-08-03 13:23:44.430,0.28,0.44,0.81,-13.92,-30.09,-69.03
2026-08-03 13:23:44.432,0.27,0.39,0.78,-15.62,-27.95,-68.24
2026-08-03 13:23:44.433,0.28,0.38,0.8,-8.91,-24.17,-67.99
2026-08-03 13:23:44.433,0.28,0.38,0.8,-8.91,-24.17,-67.99
2026-08-03 13:23:44.493,0.29,0.4,0.84,-1.89,-21.67,-68.66
2026-08-03 13:23:44.493,0.29,0.4,0.84,-1.89,-21.67,-68.66
2026-08-03 13:23:44.495,0.3,0.42,0.87,1.4,-19.59,-69.15
2026-08-03 13:23:44.495,0.29,0.42,0.89,-0.31,-17.7,-68.36
2026-08-03 13:23:44.610,0.29,0.42,0.89,-0.31,-17.7,-68.36
2026-08-03 13:23:44.611,0.28,0.41,0.89,-8.67,-17.21,-65.49
2026-08-03 13:23:44.611,0.28,0.41,0.89,-8.67,-17.21,-65.49
2026-08-03 13:23:44.612,0.26,0.37,0.88,-18.62,-18.13,-64.15
2026-08-03 13:23:44.612,0.26,0.37,0.88,-18.62,-18.13,-64.15
2026-08-03 13:23:44.671,0.28,0.35,0.91,-30.09,-20.14,-73.24
2026-08-03 13:23:44.672,0.28,0.35,0.91,-30.09,-20.14,-73.24
2026-08-03 13:23:44.672,0.29,0.36,0.96,-50.72,-21.85,-91.49
2026-08-03 13:23:44.730,0.26,0.34,1.02,-76.84,-23.38,-102.23
2026-08-03 13:23:44.731,0.26,0.34,1.02,-76.84,-23.38,-102.23
2026-08-03 13:23:44.791,0.18,0.28,1.08,-95.21,-24.96,-105.59
2026-08-03 13:23:44.792,0.18,0.28,1.08,-95.21,-24.96,-105.59
2026-08-03 13:23:44.795,0.13,0.35,1.17,-95.64,-23.44,-115.54
2026-08-03 13:23:44.853,0.13,0.35,1.17,-87.65,-18.37,-125.98
2026-08-03 13:23:44.853,0.14,0.5,1.15,-87.65,-18.37,-125.98
2026-08-03 13:23:44.853,0.1,0.47,0.93,-88.26,-8.85,-115.78
2026-08-03 13:23:44.910,0.1,0.47,0.93,-88.26,-8.85,-115.78
2026-08-03 13:23:44.911,-0.02,0.21,0.71,-92.41,5.62,-92.53
2026-08-03 13:23:44.911,-0.02,0.21,0.71,-92.41,5.62,-92.53
2026-08-03 13:23:44.971,-0.08,-0.04,0.69,-86.91,18.07,-86.43
2026-08-03 13:23:44.971,-0.08,-0.04,0.69,-86.91,18.07,-86.43
2026-08-03 13:23:45.030,-0.01,-0.1,0.84,-70.31,26.98,-103.45
2026-08-03 13:23:45.030,0.17,0.01,1.03,-45.1,31.49,-124.69
2026-08-03 13:23:45.031,0.17,0.01,1.03,-45.1,31.49,-124.69
2026-08-03 13:23:45.093,0.29,0.08,1.09,-21.55,25.76,-121.09
2026-08-03 13:23:45.154,0.29,0.08,1.09,-21.55,25.76,-121.09
2026-08-03 13:23:45.157,0.26,-0.01,0.97,-16.3,16.36,-86.24
2026-08-03 13:23:45.157,0.26,-0.01,0.97,-16.3,16.36,-86.24
2026-08-03 13:23:45.158,0.16,-0.14,0.82,-20.75,13.06,-49.93
2026-08-03 13:23:45.211,0.1,-0.17,0.79,-14.65,13.61,-33.87
2026-08-03 13:23:45.211,0.1,-0.17,0.79,-14.65,13.61,-33.87
2026-08-03 13:23:45.270,0.09,-0.15,0.83,-0.12,15.56,-30.94
2026-08-03 13:23:45.271,0.09,-0.15,0.83,-0.12,15.56,-30.94
2026-08-03 13:23:45.271,0.14,-0.12,0.86,19.29,26.31,-29.17
2026-08-03 13:23:45.330,0.14,-0.12,0.86,19.29,26.31,-29.17
2026-08-03 13:23:45.331,0.22,-0.05,0.9,46.94,40.77,-24.84
2026-08-03 13:23:45.331,0.22,-0.05,0.9,67.75,35.64,-15.2
2026-08-03 13:23:45.450,0.26,0.02,0.97,67.75,35.64,-15.2
2026-08-03 13:23:45.451,0.24,0.06,1.04,66.47,6.29,-2.62
2026-08-03 13:23:45.451,0.24,0.06,1.04,66.47,6.29,-2.62
2026-08-03 13:23:45.452,0.15,0.08,1.14,49.93,-25.82,6.59
2026-08-03 13:23:45.570,0.15,0.08,1.14,49.93,-25.82,6.59
2026-08-03 13:23:45.571,-0.11,0.11,1.33,28.81,-38.82,16.72
2026-08-03 13:23:45.571,-0.11,0.11,1.33,28.81,-38.82,16.72
2026-08-03 13:23:45.633,-0.43,0.21,1.46,2.75,-35.34,23.32
2026-08-03 13:23:45.634,-0.62,0.25,1.19,-34.55,-27.1,9.89
2026-08-03 13:23:45.634,-0.62,0.25,1.19,-34.55,-27.1,9.89
2026-08-03 13:23:45.634,-0.68,0.12,0.78,-58.23,-13.0,-27.95
2026-08-03 13:23:45.635,-0.68,0.12,0.78,-58.23,-13.0,-27.95
2026-08-03 13:23:45.635,-0.57,0.07,0.73,-30.4,0.31,-93.87
2026-08-03 13:23:45.691,-0.57,0.07,0.73,-30.4,0.31,-93.87
2026-08-03 13:23:45.691,-0.24,0.28,0.91,26.18,-0.55,-177.25
2026-08-03 13:23:45.692,-0.24,0.28,0.91,26.18,-0.55,-177.25
2026-08-03 13:23:45.752,0.07,0.4,1.02,51.45,-8.3,-228.09
2026-08-03 13:23:45.752,0.19,0.31,1.01,35.03,-10.01,-223.27
2026-08-03 13:23:45.753,0.19,0.31,1.01,35.03,-10.01,-223.27
2026-08-03 13:23:45.878,0.18,0.22,0.95,9.52,-8.24,-195.25
2026-08-03 13:23:45.878,0.18,0.22,0.95,9.52,-8.24,-195.25
2026-08-03 13:23:45.878,0.15,0.15,0.91,-6.16,-5.55,-169.98
2026-08-03 13:23:45.880,0.15,0.15,0.91,-6.16,-5.55,-169.98
2026-08-03 13:23:45.880,0.15,0.1,0.88,-10.56,-2.56,-153.08
2026-08-03 13:23:45.991,0.19,0.12,0.9,-5.31,-1.77,-141.6
2026-08-03 13:23:45.992,0.19,0.12,0.9,-5.31,-1.77,-141.6
2026-08-03 13:23:45.993,0.21,0.15,1.01,2.87,-1.59,-126.28
2026-08-03 13:23:46.054,0.21,0.15,1.01,2.87,-1.59,-126.28
2026-08-03 13:23:46.054,0.22,0.17,1.15,5.55,-0.67,-101.99
2026-08-03 13:23:46.054,0.22,0.17,1.15,5.55,-0.67,-101.99
2026-08-03 13:23:46.055,0.17,0.14,1.21,1.89,-1.89,-72.14
2026-08-03 13:23:46.055,0.17,0.14,1.21,1.89,-1.89,-72.14
2026-08-03 13:23:46.110,0.02,0.02,1.19,-1.71,-5.55,-42.66
2026-08-03 13:23:46.112,0.02,0.02,1.19,-1.71,-5.55,-42.66
2026-08-03 13:23:46.112,-0.11,0.03,1.05,-4.15,-8.61,-25.7
2026-08-03 13:23:46.175,-0.15,0.13,0.84,-8.97,-7.63,-21.48
2026-08-03 13:23:46.177,-0.15,0.13,0.84,-8.97,-7.63,-21.48
2026-08-03 13:23:46.295,-0.22,-0.03,0.72,-12.45,-1.34,-13.18
2026-08-03 13:23:46.296,-0.22,-0.03,0.72,-12.45,-1.34,-13.18
2026-08-03 13:23:46.297,-0.2,-0.21,0.8,1.34,-2.38,-16.78
2026-08-03 13:23:46.297,-0.2,-0.21,0.8,1.34,-2.38,-16.78
2026-08-03 13:23:46.297,0.02,-0.08,1.01,34.79,-19.71,-45.17
2026-08-03 13:23:46.297,0.02,-0.08,1.01,34.79,-19.71,-45.17
2026-08-03 13:23:46.351,0.21,0.12,1.12,50.66,-32.9,-57.56
2026-08-03 13:23:46.353,0.17,0.12,1.0,21.79,-23.86,-32.17
2026-08-03 13:23:46.410,0.17,0.12,1.0,21.79,-23.86,-32.17
2026-08-03 13:23:46.411,0.0,-0.01,0.81,-18.92,-3.85,-0.79
2026-08-03 13:23:46.412,0.0,-0.01,0.81,-18.92,-3.85,-0.79
2026-08-03 13:23:46.474,-0.05,-0.07,0.73,-28.99,6.1,3.72
2026-08-03 13:23:46.474,-0.05,-0.07,0.73,-28.99,6.1,3.72
2026-08-03 13:23:46.590,0.07,-0.04,0.76,-10.01,0.06,-16.24
2026-08-03 13:23:46.592,0.28,0.03,0.89,16.91,-10.74,-35.4
2026-08-03 13:23:46.593,0.28,0.03,0.89,16.91,-10.74,-35.4
2026-08-03 13:23:46.593,0.41,0.14,1.07,38.02,-13.24,-33.81
2026-08-03 13:23:46.593,0.41,0.14,1.07,38.02,-13.24,-33.81
2026-08-03 13:23:46.593,0.4,0.24,1.19,43.52,-8.73,-8.24
2026-08-03 13:23:46.650,0.4,0.24,1.19,43.52,-8.73,-8.24
2026-08-03 13:23:46.651,0.31,0.22,1.2,35.1,-10.86,22.58
2026-08-03 13:23:46.711,0.31,0.22,1.2,12.88,-7.26,44.8
2026-08-03 13:23:46.712,0.13,0.19,1.19,12.88,-7.26,44.8
2026-08-03 13:23:46.712,-0.16,0.23,1.19,-15.87,9.52,64.64
2026-08-03 13:23:46.771,-0.16,0.23,1.19,-15.87,9.52,64.64
2026-08-03 13:23:46.771,-0.44,0.25,1.09,-35.83,19.96,76.23
2026-08-03 13:23:46.772,-0.44,0.25,1.09,-35.83,19.96,76.23
2026-08-03 13:23:46.890,-0.58,0.15,0.89,-42.05,23.56,67.63
2026-08-03 13:23:46.891,-0.58,0.15,0.89,-42.05,23.56,67.63
2026-08-03 13:23:46.891,-0.56,0.06,0.8,-21.36,24.84,37.48
2026-08-03 13:23:46.951,-0.37,0.14,0.87,22.71,17.21,-11.11
2026-08-03 13:23:46.952,-0.37,0.14,0.87,22.71,17.21,-11.11
2026-08-03 13:23:46.952,-0.13,0.26,0.96,50.78,5.55,-61.89
2026-08-03 13:23:46.953,-0.13,0.26,0.96,50.78,5.55,-61.89
2026-08-03 13:23:46.953,0.03,0.26,0.96,38.15,3.91,-89.23
2026-08-03 13:23:47.011,0.03,0.26,0.96,38.15,3.91,-89.23
2026-08-03 13:23:47.011,0.09,0.2,0.92,9.03,12.08,-87.89
2026-08-03 13:23:47.071,0.11,0.18,0.91,-9.58,19.71,-71.96
2026-08-03 13:23:47.071,0.11,0.18,0.91,-9.58,19.71,-71.96
2026-08-03 13:23:47.071,0.08,0.16,0.88,-18.49,20.51,-51.33
2026-08-03 13:23:47.130,0.08,0.16,0.88,-18.49,20.51,-51.33
2026-08-03 13:23:47.131,0.02,0.15,0.86,-19.84,16.78,-34.91
2026-08-03 13:23:47.131,0.02,0.15,0.86,-19.84,16.78,-34.91
2026-08-03 13:23:47.190,-0.03,0.19,0.95,-11.96,11.84,-31.19
2026-08-03 13:23:47.190,-0.03,0.19,0.95,-11.96,11.84,-31.19
2026-08-03 13:23:47.315,-0.03,0.2,1.15,-2.38,3.6,-36.56
2026-08-03 13:23:47.323,-0.06,0.12,1.32,1.04,-6.71,-42.05
2026-08-03 13:23:47.324,-0.06,0.12,1.32,1.04,-6.71,-42.05
2026-08-03 13:23:47.324,-0.14,0.09,1.37,-4.03,-11.96,-43.09
2026-08-03 13:23:47.324,-0.14,0.09,1.37,-4.03,-11.96,-43.09
2026-08-03 13:23:47.325,-0.21,0.2,1.25,-21.55,-10.8,-38.7
2026-08-03 13:23:47.372,-0.21,0.2,1.25,-21.55,-10.8,-38.7
2026-08-03 13:23:47.373,-0.27,0.3,0.93,-45.41,-10.38,-23.86
2026-08-03 13:23:47.430,-0.27,0.3,0.93,-57.74,-10.74,6.16
2026-08-03 13:23:47.431,-0.43,0.12,0.59,-57.74,-10.74,6.16
2026-08-03 13:23:47.431,-0.54,-0.24,0.54,-43.82,-12.15,21.97
2026-08-03 13:23:47.611,-0.54,-0.24,0.54,-43.82,-12.15,21.97
2026-08-03 13:23:47.613,-0.34,-0.28,0.77,4.88,-25.76,-17.27
2026-08-03 13:23:47.614,-0.34,-0.28,0.77,4.88,-25.76,-17.27
2026-08-03 13:23:47.614,0.06,0.03,0.99,45.84,-40.34,-81.12
2026-08-03 13:23:47.614,0.06,0.03,0.99,45.84,-40.34,-81.12
2026-08-03 13:23:47.622,0.3,0.15,1.02,31.01,-39.37,-92.41
2026-08-03 13:23:47.622,0.28,0.0,0.89,-5.07,-32.78,-47.85
2026-08-03 13:23:47.670,0.28,0.0,0.89,-5.07,-32.78,-47.85
2026-08-03 13:23:47.671,0.18,-0.09,0.78,-13.43,-24.9,-7.02
2026-08-03 13:23:47.671,0.18,-0.09,0.78,-13.43,-24.9,-7.02
2026-08-03 13:23:47.732,0.12,-0.04,0.82,3.78,-10.62,6.04
2026-08-03 13:23:47.733,0.12,-0.04,0.82,3.78,-10.62,6.04
2026-08-03 13:23:47.733,0.14,0.06,0.95,16.97,3.54,9.16
2026-08-03 13:23:47.791,0.14,0.06,0.95,9.28,9.83,21.97
2026-08-03 13:23:47.791,0.18,0.07,1.04,9.28,9.83,21.97
2026-08-03 13:23:47.791,0.2,0.03,1.09,-1.46,11.05,45.35
2026-08-03 13:23:47.850,0.2,0.03,1.09,-1.46,11.05,45.35
2026-08-03 13:23:47.851,0.28,0.05,1.16,7.81,2.38,61.28
2026-08-03 13:23:47.853,0.28,0.05,1.16,7.81,2.38,61.28
2026-08-03 13:23:47.911,0.44,0.09,1.24,27.4,-20.39,60.79
2026-08-03 13:23:47.913,0.44,0.09,1.24,27.4,-20.39,60.79
2026-08-03 13:23:48.030,0.45,0.2,1.24,35.1,-28.63,68.05
2026-08-03 13:23:48.031,0.45,0.2,1.24,26.79,-6.65,106.63
2026-08-03 13:23:48.032,0.15,0.39,1.18,26.79,-6.65,106.63
2026-08-03 13:23:48.033,-0.27,0.47,1.02,4.82,19.04,157.47
2026-08-03 13:23:48.033,-0.27,0.47,1.02,4.82,19.04,157.47
2026-08-03 13:23:48.153,-0.53,0.33,0.77,-19.71,33.39,185.79
2026-08-03 13:23:48.153,-0.53,0.33,0.77,-19.71,33.39,185.79
2026-08-03 13:23:48.154,-0.54,0.14,0.68,-17.76,39.43,177.55
2026-08-03 13:23:48.219,-0.54,0.14,0.68,-17.76,39.43,177.55
2026-08-03 13:23:48.220,-0.33,0.08,0.83,17.27,36.68,138.49
2026-08-03 13:23:48.220,-0.07,0.2,0.99,43.88,31.86,89.23
2026-08-03 13:23:48.221,-0.07,0.2,0.99,43.88,31.86,89.23
2026-08-03 13:23:48.221,0.05,0.31,0.97,33.33,32.59,53.16
2026-08-03 13:23:48.341,0.05,0.31,0.97,33.33,32.59,53.16
2026-08-03 13:23:48.344,-0.01,0.26,0.84,10.44,33.2,32.96
2026-08-03 13:23:48.345,-0.01,0.26,0.84,10.44,33.2,32.96
2026-08-03 13:23:48.451,-0.09,0.14,0.8,0.67,27.89,13.98
2026-08-03 13:23:48.454,-0.12,0.09,0.84,-1.04,21.85,-4.46
2026-08-03 13:23:48.455,-0.12,0.09,0.84,-1.04,21.85,-4.46
2026-08-03 13:23:48.455,-0.16,0.1,0.94,0.43,21.67,-8.42
2026-08-03 13:23:48.456,-0.16,0.1,0.94,0.43,21.67,-8.42
2026-08-03 13:23:48.570,-0.24,0.14,1.05,4.15,21.61,-6.59
2026-08-03 13:23:48.571,-0.24,0.14,1.05,4.15,21.61,-6.59
2026-08-03 13:23:48.571,-0.3,0.14,1.15,3.48,14.77,-19.59
2026-08-03 13:23:48.571,-0.35,0.12,1.28,-1.4,7.75,-45.23
2026-08-03 13:23:48.572,-0.35,0.12,1.28,-1.4,7.75,-45.23
2026-08-03 13:23:48.572,-0.36,0.23,1.33,-9.16,8.18,-69.95
2026-08-03 13:23:48.572,-0.36,0.23,1.33,-9.16,8.18,-69.95
2026-08-03 13:23:48.692,-0.26,0.42,1.22,-21.79,12.08,-82.52
2026-08-03 13:23:48.692,-0.26,0.42,1.22,-21.79,12.08,-82.52
2026-08-03 13:23:48.693,-0.21,0.34,0.91,-35.52,12.39,-74.83
2026-08-03 13:23:48.693,-0.21,0.34,0.91,-35.52,12.39,-74.83
2026-08-03 13:23:48.693,-0.31,0.02,0.56,-41.5,6.96,-56.15
2026-08-03 13:23:48.693,-0.38,-0.14,0.52,-25.88,-4.82,-52.55
2026-08-03 13:23:48.693,-0.38,-0.14,0.52,-25.88,-4.82,-52.55
2026-08-03 13:23:48.754,-0.27,-0.02,0.84,11.41,-20.14,-65.25
2026-08-03 13:23:48.754,-0.27,-0.02,0.84,11.41,-20.14,-65.25
2026-08-03 13:23:48.812,-0.14,0.09,1.07,32.65,-28.02,-68.42
2026-08-03 13:23:48.812,-0.14,0.09,1.07,32.65,-28.02,-68.42
2026-08-03 13:23:48.813,-0.13,0.02,0.95,19.35,-21.73,-55.36
2026-08-03 13:23:48.931,-0.17,-0.11,0.76,6.84,-11.11,-46.08
2026-08-03 13:23:48.931,-0.17,-0.11,0.76,6.84,-11.11,-46.08
2026-08-03 13:23:48.931,-0.14,-0.15,0.76,16.6,-7.02,-54.32
2026-08-03 13:23:48.932,-0.14,-0.15,0.76,16.6,-7.02,-54.32
2026-08-03 13:23:49.053,-0.02,-0.1,0.87,30.09,-11.11,-74.22
2026-08-03 13:23:49.057,-0.02,-0.1,0.87,30.09,-11.11,-74.22
2026-08-03 13:23:49.058,0.04,-0.05,0.95,31.86,-14.4,-90.39
2026-08-03 13:23:49.058,0.04,-0.05,0.95,31.86,-14.4,-90.39
2026-08-03 13:23:49.059,-0.01,-0.06,1.01,26.06,-10.5,-90.58
2026-08-03 13:23:49.059,-0.04,-0.04,1.08,28.02,-18.86,-87.65
2026-08-03 13:23:49.060,-0.04,-0.04,1.08,28.02,-18.86,-87.65
2026-08-03 13:23:49.110,0.03,0.06,1.22,41.14,-43.03,-92.29
2026-08-03 13:23:49.110,0.03,0.06,1.22,41.14,-43.03,-92.29
2026-08-03 13:23:49.231,0.01,0.24,1.39,44.92,-45.04,-71.96
2026-08-03 13:23:49.232,0.01,0.24,1.39,44.92,-45.04,-71.96
2026-08-03 13:23:49.233,-0.2,0.38,1.32,15.87,-19.71,-18.86
2026-08-03 13:23:49.233,-0.46,0.27,0.95,-30.33,3.78,19.78
2026-08-03 13:23:49.234,-0.46,0.27,0.95,-30.33,3.78,19.78
2026-08-03 13:23:49.357,-0.55,0.11,0.64,-43.15,10.93,9.95
2026-08-03 13:23:49.357,-0.55,0.11,0.64,-43.15,10.93,9.95
2026-08-03 13:23:49.357,-0.41,0.1,0.72,-5.49,5.25,-37.78
2026-08-03 13:23:49.358,-0.41,0.1,0.72,-5.49,5.25,-37.78
2026-08-03 13:23:49.358,-0.15,0.17,0.98,30.21,5.74,-91.31
2026-08-03 13:23:49.358,-0.15,0.17,0.98,30.21,5.74,-91.31
2026-08-03 13:23:49.410,-0.01,0.19,1.09,22.46,23.56,-120.48
2026-08-03 13:23:49.411,-0.05,0.11,0.98,-1.71,43.64,-111.51
2026-08-03 13:23:49.473,-0.05,0.11,0.98,-1.71,43.64,-111.51
2026-08-03 13:23:49.474,-0.13,0.02,0.85,-10.5,46.39,-83.92
2026-08-03 13:23:49.474,-0.13,0.02,0.85,-10.5,46.39,-83.92
2026-08-03 13:23:49.535,-0.08,0.02,0.85,-3.17,32.65,-64.64
2026-08-03 13:23:49.536,-0.08,0.02,0.85,-3.17,32.65,-64.64
2026-08-03 13:23:49.536,0.01,0.06,0.89,0.55,20.2,-51.15
2026-08-03 13:23:49.831,0.01,0.06,0.89,-3.72,16.85,-31.74
2026-08-03 13:23:49.832,-0.01,0.07,0.91,-3.72,16.85,-31.74
2026-08-03 13:23:49.834,-0.11,0.03,0.99,0.49,13.12,-12.63
2026-08-03 13:23:49.834,-0.11,0.03,0.99,0.49,13.12,-12.63
2026-08-03 13:23:49.835,-0.22,-0.07,1.1,8.0,7.14,-4.27
2026-08-03 13:23:49.836,-0.22,-0.07,1.1,8.0,7.14,-4.27
2026-08-03 13:23:49.836,-0.35,-0.11,1.12,2.38,10.74,-4.76
2026-08-03 13:23:49.836,-0.35,-0.11,1.12,2.38,10.74,-4.76
2026-08-03 13:23:49.837,-0.4,0.04,1.1,-11.78,26.86,-5.62
2026-08-03 13:23:49.838,-0.4,0.04,1.1,-11.78,26.86,-5.62
2026-08-03 13:23:49.841,-0.37,0.23,1.05,-23.25,39.98,-0.92
2026-08-03 13:23:49.841,-0.42,0.17,0.86,-35.77,39.92,13.79
2026-08-03 13:23:49.841,-0.42,0.17,0.86,-35.77,39.92,13.79
2026-08-03 13:23:49.951,-0.49,-0.03,0.68,-41.26,32.65,27.22
2026-08-03 13:23:49.952,-0.49,-0.03,0.68,-41.26,32.65,27.22
2026-08-03 13:23:49.953,-0.43,-0.08,0.75,-19.78,21.0,25.63
2026-08-03 13:23:49.953,-0.43,-0.08,0.75,-19.78,21.0,25.63
2026-08-03 13:23:49.953,-0.35,-0.04,0.91,8.79,10.68,25.27
2026-08-03 13:23:49.954,-0.35,-0.04,0.91,8.79,10.68,25.27
2026-08-03 13:23:50.011,-0.37,-0.01,0.93,11.05,11.23,42.05
2026-08-03 13:23:50.016,-0.43,0.01,0.83,-3.23,16.6,63.17
2026-08-03 13:23:50.191,-0.43,0.01,0.83,-3.23,16.6,63.17
2026-08-03 13:23:50.191,-0.44,0.04,0.74,-9.4,18.19,73.61
2026-08-03 13:23:50.193,-0.44,0.04,0.74,-9.4,18.19,73.61
2026-08-03 13:23:50.195,-0.41,0.07,0.72,-2.38,16.17,75.07
2026-08-03 13:23:50.197,-0.41,0.07,0.72,-2.38,16.17,75.07
2026-08-03 13:23:50.198,-0.37,0.08,0.75,13.49,13.12,74.46
2026-08-03 13:23:50.198,-0.37,0.08,0.75,28.02,9.52,77.03
2026-08-03 13:23:50.198,-0.34,0.1,0.8,28.02,9.52,77.03
2026-08-03 13:23:50.311,-0.33,0.1,0.83,34.85,4.88,85.75
2026-08-03 13:23:50.312,-0.33,0.1,0.83,34.85,4.88,85.75
2026-08-03 13:23:50.312,-0.32,0.08,0.83,34.06,4.46,97.96
2026-08-03 13:23:50.312,-0.32,0.08,0.83,34.06,4.46,97.96
2026-08-03 13:23:50.313,-0.34,0.08,0.81,30.82,12.63,110.23
2026-08-03 13:23:50.370,-0.34,0.08,0.81,30.82,12.63,110.23
2026-08-03 13:23:50.371,-0.4,0.09,0.82,28.87,22.46,119.57
2026-08-03 13:23:50.371,-0.36,0.24,0.75,21.97,25.27,120.48
2026-08-03 13:23:50.490,-0.36,0.24,0.75,21.97,25.27,120.48
2026-08-03 13:23:50.491,-0.32,0.49,0.69,8.67,29.6,123.6
2026-08-03 13:23:50.491,-0.32,0.49,0.69,8.67,29.6,123.6
2026-08-03 13:23:50.492,-0.37,0.58,0.7,0.85,29.97,129.27
2026-08-03 13:23:50.492,-0.35,0.56,0.65,3.78,16.6,124.69
2026-08-03 13:23:50.557,-0.35,0.56,0.65,3.78,16.6,124.69
2026-08-03 13:23:50.611,-0.29,0.51,0.62,6.9,7.75,108.34
2026-08-03 13:23:50.611,-0.29,0.51,0.62,6.9,7.75,108.34
2026-08-03 13:23:50.611,-0.24,0.5,0.69,14.95,8.54,86.43
2026-08-03 13:23:50.675,-0.24,0.5,0.69,14.95,8.54,86.43
2026-08-03 13:23:50.675,-0.24,0.56,0.83,27.28,10.01,73.43
2026-08-03 13:23:50.675,-0.3,0.7,1.0,27.95,13.18,70.62
2026-08-03 13:23:50.676,-0.3,0.7,1.0,27.95,13.18,70.62
2026-08-03 13:23:50.730,-0.42,0.84,1.12,16.66,16.6,67.14
2026-08-03 13:23:50.731,-0.42,0.84,1.12,16.66,16.6,67.14
2026-08-03 13:23:50.795,-0.53,0.84,1.13,-1.89,20.63,55.36
2026-08-03 13:23:50.796,-0.53,0.84,1.13,-1.89,20.63,55.36
2026-08-03 13:23:50.796,-0.56,0.76,1.03,-21.97,28.44,33.63
2026-08-03 13:23:50.855,-0.56,0.76,1.03,-21.97,28.44,33.63
2026-08-03 13:23:50.855,-0.44,0.57,0.84,-37.48,39.06,8.18
2026-08-03 13:23:50.856,-0.06,0.27,0.79,-61.83,62.93,-16.66
2026-08-03 13:23:50.910,-0.06,0.27,0.79,-61.83,62.93,-16.66
2026-08-03 13:23:50.972,0.39,0.15,0.77,-110.41,88.01,-39.49
2026-08-03 13:23:50.973,0.39,0.15,0.77,-110.41,88.01,-39.49
2026-08-03 13:23:50.974,0.3,0.34,0.57,-144.1,68.73,-23.56
2026-08-03 13:23:50.974,0.3,0.34,0.57,-144.1,68.73,-23.56
2026-08-03 13:23:51.152,-0.44,0.58,0.48,-123.47,8.79,44.98
2026-08-03 13:23:51.152,-0.91,0.61,0.91,-42.11,-16.05,81.24
2026-08-03 13:23:51.153,-0.91,0.61,0.91,-42.11,-16.05,81.24
2026-08-03 13:23:51.510,-0.76,0.22,1.17,4.82,5.43,69.89
2026-08-03 13:23:51.513,-0.76,0.22,1.17,4.82,5.43,69.89
2026-08-03 13:23:51.514,-0.4,-0.26,0.7,-41.99,12.82,77.27
2026-08-03 13:23:51.570,-0.4,-0.26,0.7,-41.99,12.82,77.27
2026-08-03 13:23:51.571,-0.04,-0.21,0.47,-60.61,7.93,73.24
2026-08-03 13:23:51.571,-0.04,-0.21,0.47,-21.61,12.57,28.02
2026-08-03 13:23:51.572,-0.3,0.42,1.14,-21.61,12.57,28.02
2026-08-03 13:23:51.572,-0.81,0.92,1.56,-22.58,31.68,-11.54
2026-08-03 13:23:51.630,-0.81,0.92,1.56,-22.58,31.68,-11.54
2026-08-03 13:23:51.631,-0.3,0.63,1.13,-41.44,53.1,-12.88
2026-08-03 13:23:51.631,-0.3,0.63,1.13,-41.44,53.1,-12.88
2026-08-03 13:23:51.632,0.41,0.27,0.88,-12.94,36.01,6.53
2026-08-03 13:23:51.632,0.41,0.27,0.88,-12.94,36.01,6.53
2026-08-03 13:23:51.637,0.35,0.35,0.97,19.47,-13.73,1.28
2026-08-03 13:23:51.638,0.35,0.35,0.97,19.47,-13.73,1.28
2026-08-03 13:23:51.638,0.35,0.35,0.97,19.47,-13.73,1.28
2026-08-03 13:23:51.639,0.35,0.35,0.97,19.47,-13.73,1.28
2026-08-03 13:23:51.639,-0.02,0.25,1.02,-7.93,-68.3,-38.39
2026-08-03 13:23:51.639,-0.02,0.25,1.02,-7.93,-68.3,-38.39
2026-08-03 13:23:51.690,-0.22,0.25,0.99,-18.74,-53.34,-18.92
2026-08-03 13:23:51.753,-0.34,0.3,0.96,-13.12,-21.73,4.15
2026-08-03 13:23:51.753,-0.34,0.3,0.96,-13.12,-21.73,4.15
2026-08-03 13:23:51.814,-0.39,0.25,0.91,1.46,2.93,19.53
2026-08-03 13:23:51.814,-0.39,0.25,0.91,1.46,2.93,19.53
2026-08-03 13:23:51.815,-0.42,0.23,0.93,34.0,8.36,30.58
2026-08-03 13:23:51.817,-0.42,0.23,0.93,34.0,8.36,30.58
2026-08-03 13:23:51.818,-0.64,0.43,0.98,169.31,11.9,16.54
2026-08-03 13:23:51.818,-0.64,0.43,0.98,317.63,41.08,-34.24
2026-08-03 13:23:51.818,-0.86,0.6,1.09,317.63,41.08,-34.24
2026-08-03 13:23:51.818,-0.72,0.52,1.03,221.37,78.8,-82.4
2026-08-03 13:23:51.818,-0.72,0.52,1.03,221.37,78.8,-82.4
2026-08-03 13:23:51.819,-0.29,0.57,0.71,-14.4,83.44,-116.64
2026-08-03 13:23:51.819,-0.29,0.57,0.71,-14.4,83.44,-116.64
2026-08-03 13:23:51.819,0.07,0.57,0.65,-112.73,60.06,-120.54
2026-08-03 13:23:51.819,0.07,0.57,0.65,-83.31,29.91,-70.8
2026-08-03 13:23:51.870,0.09,0.43,1.12,-83.31,29.91,-70.8
2026-08-03 13:23:51.871,-0.2,0.34,1.2,-84.11,-26.49,-6.41
2026-08-03 13:23:51.930,-0.2,0.34,1.2,-84.11,-26.49,-6.41
2026-08-03 13:23:51.935,-0.54,-0.01,0.67,-163.09,-86.85,65.55
2026-08-03 13:23:51.937,-0.54,-0.01,0.67,-163.09,-86.85,65.55
2026-08-03 13:23:51.990,-0.48,-0.48,0.35,-194.76,-93.51,118.16
2026-08-03 13:23:51.991,-0.48,-0.48,0.35,-194.76,-93.51,118.16
2026-08-03 13:23:51.992,-0.07,-0.24,0.59,-64.45,-57.56,71.23
2026-08-03 13:23:52.052,-0.26,0.78,1.21,69.89,-33.87,-21.06
2026-08-03 13:23:52.055,-0.26,0.78,1.21,69.89,-33.87,-21.06
2026-08-03 13:23:52.111,-0.85,1.19,1.25,57.98,-54.08,-49.19
2026-08-03 13:23:52.111,-0.85,1.19,1.25,57.98,-54.08,-49.19
2026-08-03 13:23:52.112,-0.58,0.75,0.95,45.53,-60.97,-48.34
2026-08-03 13:23:52.239,-0.58,0.75,0.95,45.53,-60.97,-48.34
2026-08-03 13:23:52.239,0.05,0.65,0.79,87.52,-32.04,-72.69
2026-08-03 13:23:52.240,0.16,0.83,0.74,107.73,-2.38,-99.67
2026-08-03 13:23:52.240,0.16,0.83,0.74,107.73,-2.38,-99.67
2026-08-03 13:23:52.240,-0.14,0.64,0.76,106.45,29.97,-91.67
2026-08-03 13:23:52.291,-0.14,0.64,0.76,106.45,29.97,-91.67
2026-08-03 13:23:52.292,-0.46,0.38,0.76,107.79,56.58,-65.43
2026-08-03 13:23:52.292,-0.46,0.38,0.76,107.79,56.58,-65.43
2026-08-03 13:23:52.351,-0.54,0.4,0.77,122.13,63.42,-68.79
2026-08-03 13:23:52.351,-0.5,0.52,0.67,127.62,45.59,-89.6
2026-08-03 13:23:52.410,-0.5,0.52,0.67,127.62,45.59,-89.6
2026-08-03 13:23:52.411,-0.51,0.55,0.65,109.56,29.6,-96.07
2026-08-03 13:23:52.411,-0.51,0.55,0.65,109.56,29.6,-96.07
2026-08-03 13:23:52.591,-0.57,0.48,0.76,98.51,22.77,-79.96
2026-08-03 13:23:52.591,-0.62,0.5,0.84,90.88,-12.76,-68.97
2026-08-03 13:23:52.592,-0.62,0.5,0.84,90.88,-12.76,-68.97
2026-08-03 13:23:52.656,-0.67,0.61,0.84,37.66,-69.27,-79.53
2026-08-03 13:23:52.657,-0.67,0.61,0.84,37.66,-69.27,-79.53
2026-08-03 13:23:52.657,-0.72,0.63,0.72,-24.29,-116.94,-92.83
2026-08-03 13:23:52.658,-0.72,0.63,0.72,-24.29,-116.94,-92.83
2026-08-03 13:23:52.658,-0.77,0.62,0.49,-42.11,-151.43,-107.24
2026-08-03 13:23:52.658,-0.74,0.64,0.25,-29.17,-166.63,-116.15
2026-08-03 13:23:52.658,-0.74,0.64,0.25,-29.17,-166.63,-116.15
2026-08-03 13:23:52.724,-0.6,0.71,0.21,-10.07,-153.99,-102.17
2026-08-03 13:23:52.724,-0.6,0.71,0.21,-10.07,-153.99,-102.17
2026-08-03 13:23:52.725,-0.38,0.72,0.42,0.79,-119.08,-67.57
2026-08-03 13:23:52.771,-0.38,0.72,0.42,0.79,-119.08,-67.57
2026-08-03 13:23:52.771,-0.2,0.51,0.73,-16.11,-80.14,-18.13
2026-08-03 13:23:52.831,-0.2,0.51,0.73,-60.12,-52.12,37.48
2026-08-03 13:23:52.832,-0.13,0.15,0.94,-60.12,-52.12,37.48
2026-08-03 13:23:52.832,-0.05,-0.01,0.9,-81.42,-40.83,65.86
2026-08-03 13:23:52.893,-0.05,-0.01,0.9,-81.42,-40.83,65.86
2026-08-03 13:23:52.894,0.08,0.06,0.72,-68.24,-37.84,60.3
2026-08-03 13:23:52.894,0.08,0.06,0.72,-68.24,-37.84,60.3
2026-08-03 13:23:53.071,0.15,0.13,0.64,-51.76,-33.51,50.23
2026-08-03 13:23:53.072,0.15,0.13,0.64,-51.76,-33.51,50.23
2026-08-03 13:23:53.072,0.15,0.13,0.64,-51.76,-33.51,50.23
2026-08-03 13:23:53.072,0.15,0.13,0.64,-51.76,-33.51,50.23
2026-08-03 13:23:53.073,0.02,0.09,0.9,-16.48,-24.11,14.34
2026-08-03 13:23:53.073,0.02,0.09,0.9,-16.48,-24.11,14.34
2026-08-03 13:23:53.075,-0.09,0.16,0.95,-21.85,-15.75,-0.55
2026-08-03 13:23:53.075,-0.21,0.22,0.95,-41.63,-12.15,12.51
2026-08-03 13:23:53.131,-0.21,0.22,0.95,-41.63,-12.15,12.51
2026-08-03 13:23:53.131,-0.24,0.25,0.96,-55.11,-11.41,31.68
2026-08-03 13:23:53.132,-0.24,0.25,0.96,-55.11,-11.41,31.68
2026-08-03 13:23:53.191,-0.07,0.27,1.13,-63.54,-11.9,27.28
2026-08-03 13:23:53.191,-0.07,0.27,1.13,-63.54,-11.9,27.28
2026-08-03 13:23:53.250,0.09,0.27,1.35,-49.13,-13.37,11.29
2026-08-03 13:23:53.251,0.0,0.26,1.36,-13.61,-7.93,23.86
2026-08-03 13:23:53.252,0.0,0.26,1.36,-13.61,-7.93,23.86
2026-08-03 13:23:53.320,-0.27,0.21,1.07,-21.3,-1.16,74.4
2026-08-03 13:23:53.320,-0.27,0.21,1.07,-21.3,-1.16,74.4
2026-08-03 13:23:53.321,-0.48,0.11,0.72,-68.3,-6.16,130.86
2026-08-03 13:23:53.430,-0.48,0.11,0.72,-68.3,-6.16,130.86
2026-08-03 13:23:53.431,-0.43,0.04,0.73,-71.23,-13.98,157.29
2026-08-03 13:23:53.431,-0.43,0.04,0.73,-71.23,-13.98,157.29
2026-08-03 13:23:53.432,-0.22,0.06,0.98,-34.06,-13.61,148.07
2026-08-03 13:23:53.432,-0.11,0.1,1.09,-21.06,-4.46,127.69
2026-08-03 13:23:53.550,-0.11,0.1,1.09,-21.06,-4.46,127.69
2026-08-03 13:23:53.551,-0.13,0.12,0.99,-41.87,4.21,110.9
2026-08-03 13:23:53.610,-0.13,0.12,0.99,-41.87,4.21,110.9
2026-08-03 13:23:53.611,-0.16,0.12,0.85,-63.23,2.26,96.98
2026-08-03 13:23:53.611,-0.16,0.12,0.85,-63.23,2.26,96.98
2026-08-03 13:23:53.612,-0.14,0.11,0.85,-60.0,-13.12,76.66
2026-08-03 13:23:53.612,-0.14,0.11,0.85,-33.63,-30.15,46.08
2026-08-03 13:23:53.613,-0.14,0.04,0.95,-33.63,-30.15,46.08
2026-08-03 13:23:53.678,-0.2,-0.05,1.11,1.1,-29.17,20.51
2026-08-03 13:23:53.678,-0.2,-0.05,1.11,1.1,-29.17,20.51
2026-08-03 13:23:53.679,-0.18,0.01,1.4,23.19,-17.33,-8.61
2026-08-03 13:23:53.730,-0.18,0.01,1.4,23.19,-17.33,-8.61
2026-08-03 13:23:53.731,-0.15,0.13,1.43,11.47,-11.84,-35.22
2026-08-03 13:23:53.792,-0.15,0.13,1.43,11.47,-11.84,-35.22
2026-08-03 13:23:53.792,-0.25,-0.0,1.0,-25.7,-5.55,-21.42
2026-08-03 13:23:53.793,-0.25,-0.0,1.0,-50.17,8.0,12.88
2026-08-03 13:23:53.852,-0.37,-0.27,0.61,-50.17,8.0,12.88
2026-08-03 13:23:53.852,-0.34,-0.42,0.6,-41.2,15.56,25.63
2026-08-03 13:23:53.853,-0.34,-0.42,0.6,-41.2,15.56,25.63
2026-08-03 13:23:53.913,-0.17,-0.37,0.81,-6.16,6.41,24.54
2026-08-03 13:23:53.913,-0.17,-0.37,0.81,-6.16,6.41,24.54
2026-08-03 13:23:54.033,0.04,-0.23,1.01,25.33,-7.45,33.51
2026-08-03 13:23:54.034,0.04,-0.23,1.01,25.33,-7.45,33.51
2026-08-03 13:23:54.098,0.13,-0.17,1.03,18.68,-5.74,54.93
2026-08-03 13:23:54.098,0.05,-0.15,0.89,-16.3,12.63,84.78
2026-08-03 13:23:54.101,0.05,-0.15,0.89,-16.3,12.63,84.78
2026-08-03 13:23:54.101,-0.13,-0.15,0.77,-41.44,25.7,112.18
2026-08-03 13:23:54.102,-0.13,-0.15,0.77,-41.44,25.7,112.18
2026-08-03 13:23:54.151,-0.26,-0.18,0.73,-43.88,21.97,118.71
2026-08-03 13:23:54.152,-0.26,-0.18,0.73,-43.88,21.97,118.71
2026-08-03 13:23:54.152,-0.28,-0.17,0.77,-31.43,14.04,106.87
2026-08-03 13:23:54.154,-0.29,-0.13,0.83,-10.86,12.88,95.21
2026-08-03 13:23:54.211,-0.29,-0.13,0.83,-10.86,12.88,95.21
2026-08-03 13:23:54.212,-0.37,-0.14,0.88,11.11,18.43,91.61
2026-08-03 13:23:54.212,-0.37,-0.14,0.88,11.11,18.43,91.61
2026-08-03 13:23:54.271,-0.37,-0.13,0.94,31.13,19.59,83.74
2026-08-03 13:23:54.271,-0.37,-0.13,0.94,31.13,19.59,83.74
2026-08-03 13:23:54.330,-0.14,-0.05,1.02,42.42,-4.46,50.29
2026-08-03 13:23:54.331,-0.14,-0.05,1.02,42.42,-4.46,50.29
2026-08-03 13:23:54.398,0.1,0.01,1.15,39.73,-45.23,14.04
2026-08-03 13:23:54.399,0.02,0.13,1.28,30.64,-48.71,33.51
2026-08-03 13:23:54.399,0.02,0.13,1.28,30.64,-48.71,33.51
2026-08-03 13:23:54.452,-0.36,0.29,1.25,15.14,-11.35,107.6
2026-08-03 13:23:54.452,-0.36,0.29,1.25,15.14,-11.35,107.6
2026-08-03 13:23:54.453,-0.71,0.22,0.96,-14.77,15.5,165.77
2026-08-03 13:23:54.571,-0.74,0.02,0.65,-39.92,16.17,158.14
2026-08-03 13:23:54.572,-0.74,0.02,0.65,-39.92,16.17,158.14
2026-08-03 13:23:54.572,-0.44,0.01,0.7,-24.9,4.52,103.45
2026-08-03 13:23:54.576,-0.44,0.01,0.7,-24.9,4.52,103.45
2026-08-03 13:23:54.577,-0.13,0.14,0.96,4.33,-0.61,56.52
2026-08-03 13:23:54.631,-0.13,0.14,0.96,4.33,-0.61,56.52
2026-08-03 13:23:54.632,-0.08,0.17,0.99,-2.01,12.57,48.22
2026-08-03 13:23:54.633,-0.08,0.17,0.99,-2.01,12.57,48.22
2026-08-03 13:23:54.693,-0.22,0.14,0.84,-21.61,31.8,62.93
2026-08-03 13:23:54.693,-0.34,0.12,0.77,-21.42,39.86,74.89
2026-08-03 13:23:54.694,-0.34,0.12,0.77,-21.42,39.86,74.89
2026-08-03 13:23:54.810,-0.35,0.11,0.84,-12.39,37.41,74.4
2026-08-03 13:23:54.811,-0.35,0.11,0.84,-12.39,37.41,74.4
2026-08-03 13:23:54.811,-0.33,0.1,0.92,-9.7,31.74,61.46
2026-08-03 13:23:54.812,-0.33,0.1,0.92,-9.7,31.74,61.46
2026-08-03 13:23:54.812,-0.33,0.07,0.96,-16.54,22.89,39.12
2026-08-03 13:23:54.871,-0.33,0.07,0.96,-24.66,12.33,20.39
2026-08-03 13:23:54.871,-0.42,0.03,0.98,-24.66,12.33,20.39
2026-08-03 13:23:54.933,-0.56,0.14,1.05,-17.4,8.79,12.02
2026-08-03 13:23:54.934,-0.56,0.14,1.05,-17.4,8.79,12.02
2026-08-03 13:23:54.936,-0.59,0.32,1.07,-4.33,14.34,14.16
2026-08-03 13:23:55.293,-0.59,0.32,1.07,-4.33,14.34,14.16
2026-08-03 13:23:55.294,-0.51,0.25,0.88,-16.85,18.19,28.26
2026-08-03 13:23:55.294,-0.51,0.25,0.88,-16.85,18.19,28.26
2026-08-03 13:23:55.294,-0.43,0.0,0.61,-42.18,11.78,40.47
2026-08-03 13:23:55.295,-0.37,-0.1,0.57,-37.84,1.53,37.23
2026-08-03 13:23:55.295,-0.37,-0.1,0.57,-37.84,1.53,37.23
2026-08-03 13:23:55.295,-0.37,0.05,0.79,-7.39,2.38,35.28
2026-08-03 13:23:55.297,-0.37,0.05,0.79,-7.39,2.38,35.28
2026-08-03 13:23:55.297,-0.47,0.22,0.92,3.54,13.31,56.58
2026-08-03 13:23:55.299,-0.47,0.22,0.92,3.54,13.31,56.58
2026-08-03 13:23:55.299,-0.58,0.19,0.82,-12.7,19.9,85.82
2026-08-03 13:23:55.302,-0.58,0.19,0.82,-12.7,19.9,85.82
2026-08-03 13:23:55.303,-0.57,0.07,0.72,-17.03,19.71,90.7
2026-08-03 13:23:55.303,-0.46,0.03,0.75,-0.79,20.02,72.81
2026-08-03 13:23:55.303,-0.46,0.03,0.75,-0.79,20.02,72.81
2026-08-03 13:23:55.304,-0.37,0.04,0.78,14.16,23.5,60.42
2026-08-03 13:23:55.304,-0.37,0.04,0.78,14.16,23.5,60.42
2026-08-03 13:23:55.364,-0.36,0.06,0.77,24.05,26.55,62.99
2026-08-03 13:23:55.365,-0.36,0.06,0.77,24.05,26.55,62.99
2026-08-03 13:23:55.412,-0.38,0.09,0.75,37.35,25.39,67.14
2026-08-03 13:23:55.413,-0.38,0.17,0.77,55.05,21.18,66.83
2026-08-03 13:23:55.471,-0.38,0.17,0.77,55.05,21.18,66.83
2026-08-03 13:23:55.472,-0.41,0.28,0.8,69.64,16.05,63.66
2026-08-03 13:23:55.472,-0.41,0.28,0.8,69.64,16.05,63.66
2026-08-03 13:23:55.590,-0.5,0.47,0.75,72.57,16.66,60.42
2026-08-03 13:23:55.591,-0.5,0.47,0.75,72.57,16.66,60.42
2026-08-03 13:23:55.591,-0.69,0.7,0.73,73.18,34.48,63.23
2026-08-03 13:23:55.592,-0.69,0.7,0.73,83.37,54.87,56.58
2026-08-03 13:23:55.592,-0.72,0.68,0.64,83.37,54.87,56.58
2026-08-03 13:23:55.652,-0.5,0.55,0.42,98.02,62.44,24.78
2026-08-03 13:23:55.653,-0.5,0.55,0.42,98.02,62.44,24.78
2026-08-03 13:23:55.653,-0.45,0.67,0.26,102.6,69.58,0.43
2026-08-03 13:23:55.831,-0.45,0.67,0.26,102.6,69.58,0.43
2026-08-03 13:23:55.832,-0.64,0.83,0.26,90.39,66.71,14.04
2026-08-03 13:23:55.832,-0.64,0.83,0.26,90.39,66.71,14.04
2026-08-03 13:23:55.832,-0.74,0.9,0.36,81.67,45.59,36.74
2026-08-03 13:23:55.833,-0.74,0.95,0.35,83.07,27.83,37.9
2026-08-03 13:23:55.833,-0.74,0.95,0.35,83.07,27.83,37.9
2026-08-03 13:23:55.834,-0.69,0.99,0.29,78.86,17.94,22.83
2026-08-03 13:23:55.834,-0.69,0.99,0.29,78.86,17.94,22.83
2026-08-03 13:23:55.953,-0.6,0.95,0.28,65.31,7.63,-1.34
2026-08-03 13:23:55.954,-0.6,0.95,0.28,65.31,7.63,-1.34
2026-08-03 13:23:55.954,-0.56,0.85,0.28,43.7,-0.98,-26.25
2026-08-03 13:23:55.954,-0.58,0.8,0.29,22.22,-7.14,-38.21
2026-08-03 13:23:55.954,-0.58,0.8,0.29,22.22,-7.14,-38.21
2026-08-03 13:23:56.071,-0.64,0.81,0.33,8.61,-15.56,-35.16
2026-08-03 13:23:56.074,-0.64,0.81,0.33,8.61,-15.56,-35.16
2026-08-03 13:23:56.076,-0.72,0.8,0.39,-0.18,-28.87,-22.89
2026-08-03 13:23:56.076,-0.72,0.8,0.39,-0.18,-28.87,-22.89
2026-08-03 13:23:56.076,-0.76,0.76,0.45,-10.31,-44.01,-8.97
2026-08-03 13:23:56.076,-0.76,0.76,0.45,-10.31,-44.01,-8.97
2026-08-03 13:23:56.132,-0.75,0.72,0.52,-24.78,-51.57,-4.46
2026-08-03 13:23:56.370,-0.71,0.67,0.57,-42.54,-47.73,-11.23
2026-08-03 13:23:56.430,-0.71,0.67,0.57,-42.54,-47.73,-11.23
2026-08-03 13:23:56.431,-0.65,0.63,0.57,-46.14,-41.38,-24.66
2026-08-03 13:23:56.433,-0.65,0.63,0.57,-46.14,-41.38,-24.66
2026-08-03 13:23:56.433,-0.56,0.58,0.57,-35.52,-41.44,-40.04
2026-08-03 13:23:56.434,-0.56,0.58,0.57,-35.52,-41.44,-40.04
2026-08-03 13:23:56.435,-0.49,0.51,0.56,-39.25,-48.28,-50.6
2026-08-03 13:23:56.435,-0.46,0.41,0.55,-59.39,-56.88,-56.95
2026-08-03 13:23:56.435,-0.46,0.41,0.55,-59.39,-56.88,-56.95
2026-08-03 13:23:56.439,-0.45,0.32,0.54,-74.46,-64.39,-68.42
2026-08-03 13:23:56.440,-0.45,0.32,0.54,-74.46,-64.39,-68.42
2026-08-03 13:23:56.441,-0.4,0.24,0.57,-70.31,-71.72,-88.75
2026-08-03 13:23:56.441,-0.4,0.24,0.57,-70.31,-71.72,-88.75
2026-08-03 13:23:56.493,-0.39,0.17,0.65,-57.43,-78.0,-106.81
2026-08-03 13:23:56.494,-0.48,0.11,0.73,-54.14,-84.41,-113.59
2026-08-03 13:23:56.494,-0.48,0.11,0.73,-54.14,-84.41,-113.59
2026-08-03 13:23:56.495,-0.67,0.18,0.74,-59.33,-92.71,-117.74
2026-08-03 13:23:56.561,-0.67,0.18,0.74,-59.33,-92.71,-117.74
2026-08-03 13:23:56.561,-0.92,0.32,0.75,-66.1,-93.69,-130.62
2026-08-03 13:23:56.618,-0.92,0.32,0.75,-66.1,-93.69,-130.62
2026-08-03 13:23:56.625,-1.0,0.41,0.87,-46.08,-74.52,-150.45
2026-08-03 13:23:56.625,-0.81,0.38,0.99,4.09,-47.79,-147.95
2026-08-03 13:23:56.731,-0.81,0.38,0.99,4.09,-47.79,-147.95
2026-08-03 13:23:56.731,-0.5,0.18,0.95,35.71,-41.38,-105.65
2026-08-03 13:23:56.799,-0.5,0.18,0.95,35.71,-41.38,-105.65
2026-08-03 13:23:56.802,-0.17,-0.05,0.85,51.09,-56.03,-75.26
2026-08-03 13:23:56.802,-0.17,-0.05,0.85,51.09,-56.03,-75.26
2026-08-03 13:23:56.802,0.08,-0.08,0.82,72.57,-66.71,-89.48
2026-08-03 13:23:56.802,0.12,-0.01,0.79,68.6,-57.86,-89.23
2026-08-03 13:23:56.802,0.12,-0.01,0.79,68.6,-57.86,-89.23
2026-08-03 13:23:56.852,-0.02,0.01,0.66,26.0,-41.75,-36.74
2026-08-03 13:23:56.853,-0.02,0.01,0.66,26.0,-41.75,-36.74
2026-08-03 13:23:56.924,-0.11,0.01,0.61,-11.9,-30.64,25.15
2026-08-03 13:23:56.924,-0.11,0.01,0.61,-11.9,-30.64,25.15
2026-08-03 13:23:56.925,-0.07,-0.01,0.77,-13.98,-24.72,49.19
2026-08-03 13:23:57.030,-0.07,-0.01,0.77,-2.38,-27.04,39.92
2026-08-03 13:23:57.031,-0.04,-0.03,0.98,-2.38,-27.04,39.92
2026-08-03 13:23:57.036,-0.13,-0.02,1.17,2.87,-40.77,32.23
2026-08-03 13:23:57.036,-0.13,-0.02,1.17,2.87,-40.77,32.23
2026-08-03 13:23:57.036,-0.16,0.07,1.43,16.54,-54.32,32.71
2026-08-03 13:23:57.036,-0.16,0.07,1.43,16.54,-54.32,32.71
2026-08-03 13:23:57.091,-0.09,0.28,1.57,32.29,-44.49,31.37
2026-08-03 13:23:57.091,-0.09,0.28,1.57,32.29,-44.49,31.37
2026-08-03 13:23:57.217,-0.16,0.48,1.38,19.1,-13.61,45.35
2026-08-03 13:23:57.218,-0.36,0.4,0.94,-23.74,15.26,79.04
2026-08-03 13:23:57.219,-0.36,0.4,0.94,-23.74,15.26,79.04
2026-08-03 13:23:57.220,-0.5,0.19,0.53,-65.37,31.13,101.75
2026-08-03 13:23:57.220,-0.5,0.19,0.53,-65.37,31.13,101.75
2026-08-03 13:23:57.273,-0.48,0.09,0.47,-58.11,34.55,98.82
2026-08-03 13:23:57.274,-0.48,0.09,0.47,-58.11,34.55,98.82
2026-08-03 13:23:57.274,-0.4,0.09,0.71,-0.24,30.58,81.3
2026-08-03 13:23:57.330,-0.4,0.09,0.71,38.76,22.71,54.87
2026-08-03 13:23:57.331,-0.33,0.18,0.95,38.76,22.71,54.87
2026-08-03 13:23:57.450,-0.31,0.25,1.0,33.51,12.7,22.22
2026-08-03 13:23:57.451,-0.31,0.25,1.0,33.51,12.7,22.22
2026-08-03 13:23:57.451,-0.32,0.23,0.91,17.94,4.09,-9.52
2026-08-03 13:23:57.452,-0.32,0.23,0.91,17.94,4.09,-9.52
2026-08-03 13:23:57.453,-0.31,0.2,0.86,10.31,0.67,-36.62
2026-08-03 13:23:57.510,-0.31,0.2,0.86,10.31,0.67,-36.62
2026-08-03 13:23:57.511,-0.29,0.17,0.9,5.37,2.93,-55.6
2026-08-03 13:23:57.511,-0.31,0.13,0.92,-5.86,7.26,-65.61
2026-08-03 13:23:57.511,-0.31,0.13,0.92,-5.86,7.26,-65.61
2026-08-03 13:23:57.750,-0.33,0.12,0.88,-18.01,8.3,-75.38
2026-08-03 13:23:57.751,-0.33,0.12,0.88,-18.01,8.3,-75.38
2026-08-03 13:23:57.752,-0.33,0.14,0.93,-14.83,4.03,-89.84
2026-08-03 13:23:57.752,-0.33,0.14,0.93,-14.83,4.03,-89.84
2026-08-03 13:23:57.752,-0.3,0.17,1.1,3.72,-3.11,-106.87
2026-08-03 13:23:57.753,-0.3,0.17,1.1,3.72,-3.11,-106.87
2026-08-03 13:23:57.753,-0.36,0.14,1.19,14.16,-5.49,-122.13
2026-08-03 13:23:57.753,-0.53,0.13,1.14,12.21,2.87,-128.42
2026-08-03 13:23:57.754,-0.53,0.13,1.14,12.21,2.87,-128.42
2026-08-03 13:23:57.754,-0.59,0.24,1.0,9.95,11.72,-125.79
2026-08-03 13:23:57.754,-0.59,0.24,1.0,9.95,11.72,-125.79
2026-08-03 13:23:57.870,-0.52,0.29,0.78,2.14,10.74,-120.36
2026-08-03 13:23:57.871,-0.52,0.29,0.78,2.14,10.74,-120.36
2026-08-03 13:23:57.871,-0.44,0.11,0.62,-4.7,10.25,-119.14
2026-08-03 13:23:57.871,-0.44,0.11,0.62,14.22,9.64,-136.29
2026-08-03 13:23:57.872,-0.4,-0.15,0.7,14.22,9.64,-136.29
2026-08-03 13:23:57.990,-0.28,-0.16,1.0,50.96,5.68,-157.9
2026-08-03 13:23:57.991,-0.28,-0.16,1.0,50.96,5.68,-157.9
2026-08-03 13:23:57.991,-0.1,0.05,1.2,60.91,7.75,-148.56
2026-08-03 13:23:57.993,-0.1,0.05,1.2,60.91,7.75,-148.56
2026-08-03 13:23:57.993,-0.04,0.1,1.04,22.16,13.67,-110.53
2026-08-03 13:23:58.051,-0.04,0.1,1.04,22.16,13.67,-110.53
2026-08-03 13:23:58.052,-0.13,-0.07,0.74,-22.89,18.98,-69.89
2026-08-03 13:23:58.110,-0.23,-0.24,0.64,-25.45,22.28,-44.74
2026-08-03 13:23:58.111,-0.23,-0.24,0.64,-25.45,22.28,-44.74
2026-08-03 13:23:58.111,-0.26,-0.25,0.76,7.2,21.36,-38.39
2026-08-03 13:23:58.236,-0.26,-0.25,0.76,7.2,21.36,-38.39
2026-08-03 13:23:58.236,-0.3,-0.09,0.93,46.81,19.78,-33.81
2026-08-03 13:23:58.236,-0.3,-0.09,0.93,46.81,19.78,-33.81
2026-08-03 13:23:58.237,-0.43,0.07,1.01,66.22,26.12,-5.13
2026-08-03 13:23:58.237,-0.43,0.07,1.01,54.32,41.99,42.6
2026-08-03 13:23:58.237,-0.58,0.02,0.99,54.32,41.99,42.6
2026-08-03 13:23:58.291,-0.56,-0.1,0.92,33.14,44.19,58.04
2026-08-03 13:23:58.292,-0.56,-0.1,0.92,33.14,44.19,58.04
2026-08-03 13:23:58.350,-0.33,-0.1,0.88,19.29,18.31,22.28
2026-08-03 13:23:58.351,-0.33,-0.1,0.88,19.29,18.31,22.28
2026-08-03 13:23:58.351,-0.14,-0.05,0.88,2.08,-10.56,-16.78
2026-08-03 13:23:58.410,-0.14,-0.05,0.88,2.08,-10.56,-16.78
2026-08-03 13:23:58.411,-0.14,-0.01,0.88,-16.97,-18.31,-21.61
2026-08-03 13:23:58.470,-0.33,0.03,0.89,-22.89,-7.87,3.78
2026-08-03 13:23:58.470,-0.33,0.03,0.89,-22.89,-7.87,3.78
2026-08-03 13:23:58.471,-0.51,0.05,0.88,-18.98,2.44,30.33
2026-08-03 13:23:58.530,-0.51,0.05,0.88,-18.98,2.44,30.33
2026-08-03 13:23:58.530,-0.51,0.06,0.85,-9.89,3.66,34.85
2026-08-03 13:23:58.590,-0.42,0.1,0.85,1.65,3.66,26.98
2026-08-03 13:23:58.591,-0.42,0.1,0.85,1.65,3.66,26.98
2026-08-03 13:23:58.591,-0.4,0.11,0.86,7.63,8.24,25.27
2026-08-03 13:23:58.654,-0.4,0.11,0.86,7.63,8.24,25.27
2026-08-03 13:23:58.654,-0.46,0.11,0.85,10.44,12.76,27.71
2026-08-03 13:23:58.655,-0.46,0.11,0.85,10.44,12.76,27.71
2026-08-03 13:23:58.777,-0.48,0.13,0.87,15.44,10.56,21.48
2026-08-03 13:23:58.786,-0.48,0.13,0.87,15.44,10.56,21.48
2026-08-03 13:23:58.787,-0.44,0.16,0.9,19.17,0.37,5.19
2026-08-03 13:23:58.788,-0.39,0.17,0.92,17.7,-11.54,-10.07
2026-08-03 13:23:58.789,-0.39,0.17,0.92,17.7,-11.54,-10.07
2026-08-03 13:23:58.830,-0.37,0.16,0.91,14.1,-19.17,-17.21
2026-08-03 13:23:58.833,-0.37,0.16,0.91,14.1,-19.17,-17.21
2026-08-03 13:23:58.834,-0.36,0.15,0.9,13.37,-23.8,-19.65
2026-08-03 13:23:58.890,-0.36,0.15,0.9,13.37,-23.8,-19.65
2026-08-03 13:23:58.891,-0.33,0.15,0.89,14.95,-27.83,-21.0
2026-08-03 13:23:58.953,-0.33,0.15,0.89,15.87,-30.21,-19.71
2026-08-03 13:23:58.955,-0.28,0.14,0.87,15.87,-30.21,-19.71
2026-08-03 13:23:58.955,-0.25,0.13,0.87,16.78,-30.58,-13.0
2026-08-03 13:23:59.070,-0.25,0.13,0.87,16.78,-30.58,-13.0
2026-08-03 13:23:59.071,-0.23,0.14,0.9,18.8,-30.09,-4.76
2026-08-03 13:23:59.071,-0.23,0.14,0.9,18.8,-30.09,-4.76
2026-08-03 13:23:59.071,-0.2,0.16,0.94,20.87,-31.01,-2.99
2026-08-03 13:23:59.071,-0.2,0.16,0.94,20.87,-31.01,-2.99
2026-08-03 13:23:59.256,-0.12,0.22,0.95,23.44,-32.96,-3.36
2026-08-03 13:23:59.256,-0.1,0.28,0.9,21.36,-24.96,13.98
2026-08-03 13:23:59.257,-0.1,0.28,0.9,21.36,-24.96,13.98
2026-08-03 13:23:59.257,-0.18,0.33,0.84,13.61,-1.59,57.68
2026-08-03 13:23:59.258,-0.18,0.33,0.84,13.61,-1.59,57.68
2026-08-03 13:23:59.258,-0.3,0.39,0.84,13.73,24.66,106.45
2026-08-03 13:23:59.258,-0.3,0.39,0.84,13.73,24.66,106.45
2026-08-03 13:23:59.258,-0.39,0.39,0.9,27.04,45.29,133.73
2026-08-03 13:23:59.258,-0.39,0.39,0.9,27.04,45.29,133.73
2026-08-03 13:23:59.310,-0.4,0.34,0.94,35.22,60.06,133.3
2026-08-03 13:23:59.312,-0.33,0.33,0.92,30.46,66.28,116.58
2026-08-03 13:23:59.373,-0.33,0.33,0.92,30.46,66.28,116.58
2026-08-03 13:23:59.373,-0.22,0.38,0.93,25.51,65.25,102.05
2026-08-03 13:23:59.373,-0.22,0.38,0.93,25.51,65.25,102.05
2026-08-03 13:23:59.434,-0.17,0.39,1.0,18.86,62.01,99.61
2026-08-03 13:23:59.435,-0.2,0.35,1.07,-4.33,55.97,93.26
2026-08-03 13:23:59.491,-0.2,0.35,1.07,-4.33,55.97,93.26
2026-08-03 13:23:59.491,-0.26,0.35,1.06,-39.73,41.87,65.43
2026-08-03 13:23:59.492,-0.26,0.35,1.06,-39.73,41.87,65.43
2026-08-03 13:23:59.551,-0.31,0.37,0.95,-64.94,18.86,22.77
2026-08-03 13:23:59.552,-0.31,0.37,0.95,-64.94,18.86,22.77
2026-08-03 13:23:59.730,-0.32,0.33,0.81,-67.81,-2.14,-17.7
2026-08-03 13:23:59.731,-0.32,0.33,0.81,-67.81,-2.14,-17.7
2026-08-03 13:23:59.731,-0.23,0.27,0.82,-56.03,-12.08,-44.68
2026-08-03 13:23:59.732,-0.06,0.28,0.94,-40.34,-17.27,-55.73
2026-08-03 13:23:59.732,-0.06,0.28,0.94,-40.34,-17.27,-55.73
2026-08-03 13:23:59.732,0.09,0.32,1.03,-29.97,-22.95,-48.28
2026-08-03 13:23:59.735,0.09,0.32,1.03,-29.97,-22.95,-48.28
2026-08-03 13:23:59.735,0.11,0.32,1.0,-30.52,-21.48,-18.37
2026-08-03 13:23:59.735,0.11,0.32,1.0,-30.52,-21.48,-18.37
2026-08-03 13:23:59.790,-0.05,0.27,0.91,-30.64,-4.88,26.18
2026-08-03 13:23:59.790,-0.3,0.26,0.91,-9.83,14.16,62.44
2026-08-03 13:23:59.852,-0.3,0.26,0.91,-9.83,14.16,62.44
2026-08-03 13:23:59.854,-0.52,0.27,0.98,18.19,17.15,70.56
2026-08-03 13:23:59.854,-0.52,0.27,0.98,18.19,17.15,70.56
2026-08-03 13:24:00.036,-0.59,0.21,0.97,16.17,10.01,51.09
2026-08-03 13:24:00.037,-0.59,0.21,0.97,16.17,10.01,51.09
2026-08-03 13:24:00.037,-0.52,0.13,0.91,-6.04,4.09,18.62
2026-08-03 13:24:00.037,-0.52,0.13,0.91,-6.04,4.09,18.62
2026-08-03 13:24:00.038,-0.38,0.06,0.86,-21.18,-1.65,-14.04
2026-08-03 13:24:00.040,-0.26,0.07,0.83,-23.13,-6.16,-38.88
2026-08-03 13:24:00.040,-0.26,0.07,0.83,-23.13,-6.16,-38.88
2026-08-03 13:24:00.040,-0.22,0.12,0.86,-10.44,-4.46,-48.16
2026-08-03 13:24:00.751,-0.22,0.12,0.86,-10.44,-4.46,-48.16
2026-08-03 13:24:00.751,-0.25,0.16,0.89,1.59,1.04,-43.15
2026-08-03 13:24:00.752,-0.25,0.16,0.89,1.59,1.04,-43.15
2026-08-03 13:24:00.752,-0.29,0.17,0.88,2.93,3.17,-35.58
2026-08-03 13:24:00.752,-0.29,0.17,0.88,2.93,3.17,-35.58
2026-08-03 13:24:00.753,-0.31,0.16,0.88,3.3,0.85,-33.94
2026-08-03 13:24:00.754,-0.29,0.13,0.88,5.74,-5.43,-40.47
2026-08-03 13:24:00.754,-0.29,0.13,0.88,5.74,-5.43,-40.47
2026-08-03 13:24:00.755,-0.24,0.07,0.89,5.07,-17.4,-54.32
2026-08-03 13:24:00.759,-0.24,0.07,0.89,5.07,-17.4,-54.32
2026-08-03 13:24:00.759,-0.13,0.04,0.93,-0.43,-33.94,-70.43
2026-08-03 13:24:00.759,-0.13,0.04,0.93,-0.43,-33.94,-70.43
2026-08-03 13:24:00.759,0.0,0.05,1.01,-7.02,-44.68,-80.87
2026-08-03 13:24:00.990,0.0,0.05,1.01,-7.02,-44.68,-80.87
2026-08-03 13:24:01.112,0.08,0.03,1.1,-10.86,-41.75,-80.63
2026-08-03 13:24:01.113,0.12,0.05,1.15,-9.95,-32.53,-68.54
2026-08-03 13:24:01.113,0.12,0.05,1.15,-9.95,-32.53,-68.54
2026-08-03 13:24:01.114,0.1,0.14,1.12,0.18,-24.54,-44.31
2026-08-03 13:24:01.120,0.1,0.14,1.12,0.18,-24.54,-44.31
2026-08-03 13:24:01.120,-0.12,0.15,1.09,24.72,-0.43,-9.83
2026-08-03 13:24:01.121,-0.12,0.15,1.09,24.72,-0.43,-9.83
2026-08-03 13:24:01.121,-0.41,0.15,1.06,48.16,44.98,21.06
2026-08-03 13:24:01.122,-0.56,0.22,0.97,43.88,71.17,37.66
2026-08-03 13:24:01.122,-0.56,0.22,0.97,43.88,71.17,37.66
2026-08-03 13:24:01.122,-0.5,0.23,0.86,16.17,54.26,41.08
2026-08-03 13:24:01.123,-0.5,0.23,0.86,16.17,54.26,41.08
2026-08-03 13:24:01.124,-0.34,0.23,0.82,-2.93,18.07,38.82
2026-08-03 13:24:01.124,-0.34,0.23,0.82,-2.93,18.07,38.82
2026-08-03 13:24:01.124,-0.22,0.26,0.81,-2.2,-8.36,46.94
2026-08-03 13:24:01.125,-0.22,0.26,0.81,-2.2,-8.36,46.94
2026-08-03 13:24:01.125,-0.17,0.31,0.79,0.98,-12.45,63.29
2026-08-03 13:24:01.125,-0.17,0.31,0.79,0.98,-12.45,63.29
2026-08-03 13:24:01.126,-0.19,0.34,0.77,-2.75,2.2,78.37
2026-08-03 13:24:01.126,-0.24,0.33,0.76,-10.25,21.18,90.45
2026-08-03 13:24:01.126,-0.24,0.33,0.76,-10.25,21.18,90.45
2026-08-03 13:24:01.127,-0.23,0.36,0.81,-18.55,34.79,90.7
2026-08-03 13:24:01.127,-0.23,0.36,0.81,-18.55,34.79,90.7
2026-08-03 13:24:01.128,-0.19,0.41,0.9,-28.32,38.64,76.78
2026-08-03 13:24:01.129,-0.19,0.41,0.9,-28.32,38.64,76.78
2026-08-03 13:24:01.129,-0.17,0.41,1.02,-46.45,30.15,54.99
2026-08-03 13:24:01.129,-0.17,0.41,1.02,-86.79,8.36,29.72
2026-08-03 13:24:01.129,-0.2,0.34,1.16,-86.79,8.36,29.72
2026-08-03 13:24:01.130,-0.23,0.23,1.19,-138.67,-25.27,4.46
2026-08-03 13:24:01.130,-0.23,0.23,1.19,-138.67,-25.27,4.46
2026-08-03 13:24:01.130,-0.28,0.13,1.11,-152.47,-53.28,-15.69
2026-08-03 13:24:01.130,-0.28,0.13,1.11,-152.47,-53.28,-15.69
2026-08-03 13:24:01.130,-0.32,0.09,1.06,-114.99,-60.79,-25.76
2026-08-03 13:24:01.130,-0.32,0.09,1.06,-114.99,-60.79,-25.76
2026-08-03 13:24:01.130,-0.26,0.16,0.99,-63.9,-45.9,-23.44
2026-08-03 13:24:01.170,-0.2,0.15,0.82,-33.33,-19.17,0.43
2026-08-03 13:24:01.230,-0.2,0.15,0.82,-33.33,-19.17,0.43
2026-08-03 13:24:01.230,-0.26,-0.1,0.66,-29.54,-3.6,41.44
2026-08-03 13:24:01.231,-0.26,-0.1,0.66,-29.54,-3.6,41.44
2026-08-03 13:24:01.291,-0.27,-0.29,0.76,-14.16,-11.84,63.84
2026-08-03 13:24:01.291,-0.27,-0.29,0.76,-14.16,-11.84,63.84
2026-08-03 13:24:01.291,-0.1,-0.14,1.07,22.95,-20.94,53.89
2026-08-03 13:24:01.409,-0.1,-0.14,1.07,22.95,-20.94,53.89
2026-08-03 13:24:01.410,-0.1,-0.14,1.07,22.95,-20.94,53.89
2026-08-03 13:24:01.410,-0.1,-0.14,1.07,22.95,-20.94,53.89
2026-08-03 13:24:01.411,0.11,0.17,1.03,-2.75,0.43,70.07
2026-08-03 13:24:01.530,0.11,0.17,1.03,-43.64,2.62,124.69
2026-08-03 13:24:01.531,-0.01,0.04,0.75,-43.64,2.62,124.69
2026-08-03 13:24:01.531,-0.12,-0.04,0.61,-57.68,14.83,173.58
2026-08-03 13:24:01.531,-0.12,-0.04,0.61,-57.68,14.83,173.58
2026-08-03 13:24:01.532,-0.15,-0.01,0.7,-56.58,37.29,192.02
2026-08-03 13:24:01.533,-0.15,-0.01,0.7,-56.58,37.29,192.02
2026-08-03 13:24:01.534,-0.14,0.07,0.91,-60.49,43.4,180.6
2026-08-03 13:24:01.663,-0.14,0.07,0.91,-60.49,43.4,180.6
2026-08-03 13:24:01.663,-0.12,0.16,1.06,-54.75,22.46,156.37
2026-08-03 13:24:01.664,-0.16,0.21,1.13,-26.25,-8.12,138.73
2026-08-03 13:24:01.664,-0.16,0.21,1.13,-26.25,-8.12,138.73
2026-08-03 13:24:01.664,-0.24,0.2,1.18,5.19,-32.78,131.84
2026-08-03 13:24:01.715,-0.24,0.2,1.18,5.19,-32.78,131.84
2026-08-03 13:24:01.716,-0.35,0.22,1.29,22.52,-44.98,124.69
2026-08-03 13:24:01.716,-0.35,0.22,1.29,22.52,-44.98,124.69
2026-08-03 13:24:01.891,-0.47,0.27,1.35,28.2,-43.27,113.28
2026-08-03 13:24:01.891,-0.57,0.28,1.05,12.57,-33.94,110.41
2026-08-03 13:24:01.897,-0.57,0.28,1.05,12.57,-33.94,110.41
2026-08-03 13:24:01.898,-0.63,0.21,0.74,-17.21,-21.61,121.09
2026-08-03 13:24:01.898,-0.63,0.21,0.74,-17.21,-21.61,121.09
2026-08-03 13:24:01.898,-0.53,0.15,0.79,-25.15,-3.23,120.06
2026-08-03 13:24:01.949,-0.53,0.15,0.79,-25.15,-3.23,120.06
2026-08-03 13:24:01.960,-0.31,0.18,0.9,-11.54,21.55,95.4
2026-08-03 13:24:01.961,-0.31,0.18,0.9,-11.54,21.55,95.4
2026-08-03 13:24:02.013,-0.31,0.18,0.9,-11.54,21.55,95.4
2026-08-03 13:24:02.013,-0.31,0.18,0.9,-11.54,21.55,95.4
2026-08-03 13:24:02.070,-0.14,0.15,0.61,-9.52,49.62,69.7
2026-08-03 13:24:02.070,-0.14,0.15,0.61,-9.52,49.62,69.7
2026-08-03 13:24:02.071,-0.2,0.08,0.55,-13.0,45.41,73.18
2026-08-03 13:24:02.071,-0.28,0.01,0.68,-12.76,39.0,70.01
2026-08-03 13:24:02.071,-0.28,0.01,0.68,-12.76,39.0,70.01
2026-08-03 13:24:02.141,-0.34,-0.03,0.96,-8.54,35.95,52.61
2026-08-03 13:24:02.145,-0.34,-0.03,0.96,-8.54,35.95,52.61
2026-08-03 13:24:02.145,-0.31,-0.03,1.25,-5.8,31.86,22.28
2026-08-03 13:24:02.251,-0.31,-0.03,1.25,-5.8,31.86,22.28
2026-08-03 13:24:02.253,-0.2,0.02,1.34,-8.42,23.19,-12.57
2026-08-03 13:24:02.254,-0.13,0.17,1.23,-9.83,17.52,-35.77
2026-08-03 13:24:02.370,-0.13,0.17,1.23,-9.83,17.52,-35.77
2026-08-03 13:24:02.371,-0.19,0.26,1.0,-7.08,16.17,-33.02
2026-08-03 13:24:02.372,-0.19,0.26,1.0,-7.08,16.17,-33.02
2026-08-03 13:24:02.372,-0.44,0.24,0.7,-12.7,11.66,-6.23
2026-08-03 13:24:02.373,-0.44,0.24,0.7,-12.7,11.66,-6.23
2026-08-03 13:24:02.374,-0.74,0.18,0.61,-28.14,6.53,23.99
2026-08-03 13:24:02.374,-0.74,0.18,0.61,-28.14,6.53,23.99
2026-08-03 13:24:02.622,-0.87,0.1,1.06,-26.98,3.36,25.02
2026-08-03 13:24:02.624,-0.69,0.13,1.66,-4.33,-7.02,-4.15
2026-08-03 13:24:02.624,-0.69,0.13,1.66,-4.33,-7.02,-4.15
2026-08-03 13:24:02.625,-0.38,0.13,1.74,10.38,-22.46,-28.08
2026-08-03 13:24:02.625,-0.38,0.13,1.74,10.38,-22.46,-28.08
2026-08-03 13:24:02.626,-0.12,-0.04,1.28,24.35,-31.68,-35.77
2026-08-03 13:24:02.626,-0.12,-0.04,1.28,24.35,-31.68,-35.77
2026-08-03 13:24:02.626,0.1,-0.12,0.65,46.51,-36.68,-42.3
2026-08-03 13:24:02.627,0.27,0.03,0.2,58.72,-35.34,-44.07
2026-08-03 13:24:02.627,0.27,0.03,0.2,58.72,-35.34,-44.07
2026-08-03 13:24:02.628,0.26,0.2,0.03,48.03,-22.03,-15.99
2026-08-03 13:24:02.730,0.26,0.2,0.03,48.03,-22.03,-15.99
2026-08-03 13:24:02.731,-0.01,0.15,-0.05,11.05,-6.1,42.91
2026-08-03 13:24:02.732,-0.01,0.15,-0.05,11.05,-6.1,42.91
2026-08-03 13:24:02.733,-0.33,0.07,0.11,-20.87,-3.72,89.54
2026-08-03 13:24:02.734,-0.51,0.19,0.99,-10.56,-8.54,105.35
2026-08-03 13:24:02.972,-0.51,0.19,0.99,-10.56,-8.54,105.35
2026-08-03 13:24:02.973,-0.44,0.64,2.01,26.49,-7.02,102.29
2026-08-03 13:24:02.973,-0.44,0.64,2.01,26.49,-7.02,102.29
2026-08-03 13:24:02.974,-0.38,0.74,2.13,31.25,3.11,105.59
2026-08-03 13:24:02.974,-0.38,0.74,2.13,31.25,3.11,105.59
2026-08-03 13:24:02.974,-0.43,0.39,1.65,25.76,27.1,115.48
2026-08-03 13:24:02.975,-0.43,0.39,1.65,25.76,27.1,115.48
2026-08-03 13:24:03.042,-0.35,0.38,1.28,34.67,47.36,98.14
2026-08-03 13:24:03.042,-0.23,0.52,1.0,20.57,40.34,69.58
2026-08-03 13:24:03.044,-0.23,0.52,1.0,20.57,40.34,69.58
2026-08-03 13:24:03.044,-0.24,0.43,0.56,-11.9,16.42,59.75
2026-08-03 13:24:03.046,-0.24,0.43,0.56,-11.9,16.42,59.75
2026-08-03 13:24:03.046,-0.37,0.22,0.12,-41.08,3.97,56.76
2026-08-03 13:24:03.090,-0.37,0.22,0.12,-41.08,3.97,56.76
2026-08-03 13:24:03.091,-0.51,0.05,-0.13,-53.47,9.4,34.12
2026-08-03 13:24:03.091,-0.59,0.01,-0.09,-47.49,17.09,-15.87
2026-08-03 13:24:03.211,-0.59,0.01,-0.09,-47.49,17.09,-15.87
2026-08-03 13:24:03.212,-0.73,0.2,0.61,-26.43,22.4,-75.68
2026-08-03 13:24:03.213,-0.73,0.2,0.61,-26.43,22.4,-75.68
2026-08-03 13:24:03.342,-0.79,0.64,1.78,6.35,23.07,-109.19
2026-08-03 13:24:03.343,-0.79,0.64,1.78,6.35,23.07,-109.19
2026-08-03 13:24:03.344,-0.51,0.9,2.34,31.62,-3.36,-101.75
2026-08-03 13:24:03.345,-0.51,0.9,2.34,28.26,-49.26,-74.46
2026-08-03 13:24:03.345,-0.13,0.51,1.77,28.26,-49.26,-74.46
2026-08-03 13:24:03.345,0.12,-0.03,0.75,24.17,-73.91,-61.34
2026-08-03 13:24:03.346,0.12,-0.03,0.75,24.17,-73.91,-61.34
2026-08-03 13:24:03.391,0.28,-0.16,0.06,40.83,-68.48,-67.69
2026-08-03 13:24:03.392,0.28,-0.16,0.06,40.83,-68.48,-67.69
2026-08-03 13:24:03.393,0.31,0.05,-0.17,44.62,-43.95,-48.4
2026-08-03 13:24:03.450,0.31,0.05,-0.17,44.62,-43.95,-48.4
2026-08-03 13:24:03.451,0.11,0.23,-0.16,18.07,-13.24,20.08
2026-08-03 13:24:03.451,-0.17,0.28,0.2,-7.87,11.41,97.72
2026-08-03 13:24:03.644,-0.17,0.28,0.2,-7.87,11.41,97.72
2026-08-03 13:24:03.646,-0.4,0.31,1.22,-21.24,25.45,134.34
2026-08-03 13:24:03.875,-0.4,0.31,1.22,-21.24,25.45,134.34
2026-08-03 13:24:03.891,-0.51,0.66,2.43,-25.7,22.77,127.56
2026-08-03 13:24:03.891,-0.51,0.66,2.43,-25.7,22.77,127.56
2026-08-03 13:24:03.892,-0.53,0.87,2.62,-21.79,9.83,116.7
2026-08-03 13:24:03.892,-0.56,0.43,1.67,-3.6,18.55,107.24
2026-08-03 13:24:03.893,-0.56,0.43,1.67,-3.6,18.55,107.24
2026-08-03 13:24:03.893,-0.45,0.11,0.6,17.4,36.38,77.39
2026-08-03 13:24:03.894,-0.45,0.11,0.6,17.4,36.38,77.39
2026-08-03 13:24:03.894,-0.27,0.17,-0.07,9.83,32.17,42.79
2026-08-03 13:24:03.895,-0.27,0.17,-0.07,9.83,32.17,42.79
2026-08-03 13:24:03.895,-0.21,0.16,-0.33,-13.37,22.09,25.57
2026-08-03 13:24:03.993,-0.21,0.16,-0.33,-13.37,22.09,25.57
2026-08-03 13:24:04.111,-0.3,0.02,-0.26,-21.48,18.31,6.41
2026-08-03 13:24:04.112,-0.5,-0.04,0.09,-16.85,19.23,-36.93
2026-08-03 13:24:04.112,-0.5,-0.04,0.09,-16.85,19.23,-36.93
2026-08-03 13:24:04.112,-0.79,0.27,1.05,-18.68,27.16,-83.37
2026-08-03 13:24:04.112,-0.79,0.27,1.05,-18.68,27.16,-83.37
2026-08-03 13:24:04.113,-0.88,0.87,2.44,-20.87,33.26,-105.77
2026-08-03 13:24:04.113,-0.88,0.87,2.44,-20.87,33.26,-105.77
2026-08-03 13:24:04.114,-0.59,1.0,2.83,-13.37,14.34,-97.96
2026-08-03 13:24:04.114,-0.22,0.37,1.85,13.12,-21.18,-68.36
2026-08-03 13:24:04.115,-0.22,0.37,1.85,13.12,-21.18,-68.36
2026-08-03 13:24:04.115,0.04,-0.23,0.59,51.76,-50.72,-51.94
2026-08-03 13:24:04.116,0.04,-0.23,0.59,51.76,-50.72,-51.94
2026-08-03 13:24:04.116,0.19,-0.37,-0.2,74.28,-66.65,-65.19
2026-08-03 13:24:04.118,0.19,-0.37,-0.2,74.28,-66.65,-65.19
2026-08-03 13:24:04.118,0.29,-0.15,-0.37,69.46,-55.97,-71.66
2026-08-03 13:24:04.170,0.29,-0.15,-0.37,44.8,-14.4,-38.88
2026-08-03 13:24:04.170,0.28,0.27,-0.02,44.8,-14.4,-38.88
2026-08-03 13:24:04.238,0.03,0.52,0.3,8.36,20.57,20.94
2026-08-03 13:24:04.238,0.03,0.52,0.3,8.36,20.57,20.94
2026-08-03 13:24:04.239,-0.42,0.49,0.62,-23.32,23.19,77.94
2026-08-03 13:24:04.295,-0.42,0.49,0.62,-23.32,23.19,77.94
2026-08-03 13:24:04.410,-0.82,0.48,1.72,-38.45,29.05,125.24
2026-08-03 13:24:04.412,-0.82,0.48,1.72,-38.45,29.05,125.24
2026-08-03 13:24:04.412,-0.84,0.69,2.71,-45.59,39.98,141.54
2026-08-03 13:24:04.413,-0.56,0.71,2.3,-44.19,14.65,106.38
2026-08-03 13:24:04.413,-0.56,0.71,2.3,-44.19,14.65,106.38
2026-08-03 13:24:04.414,-0.3,0.31,1.02,-24.48,-28.38,55.48
2026-08-03 13:24:04.414,-0.3,0.31,1.02,-24.48,-28.38,55.48
2026-08-03 13:24:04.469,-0.15,0.07,-0.1,-2.56,-41.26,28.38
2026-08-03 13:24:04.530,-0.15,0.07,-0.1,-2.56,-41.26,28.38
2026-08-03 13:24:04.531,-0.14,0.17,-0.49,12.88,-14.4,25.94
2026-08-03 13:24:04.532,-0.29,0.23,-0.3,30.27,25.15,25.94
2026-08-03 13:24:04.532,-0.29,0.23,-0.3,30.27,25.15,25.94
2026-08-03 13:24:04.590,-0.54,0.18,0.1,31.8,43.88,8.79
2026-08-03 13:24:04.590,-0.54,0.18,0.1,31.8,43.88,8.79
2026-08-03 13:24:04.591,-0.79,0.18,0.8,3.85,42.42,-17.94
2026-08-03 13:24:04.650,-0.79,0.18,0.8,-27.89,29.72,-54.14
2026-08-03 13:24:04.651,-0.82,0.51,1.81,-27.89,29.72,-54.14
2026-08-03 13:24:04.721,-0.42,0.98,2.43,-21.61,-2.69,-102.48
2026-08-03 13:24:04.726,-0.42,0.98,2.43,-21.61,-2.69,-102.48
2026-08-03 13:24:04.727,0.02,0.84,2.25,18.8,-38.57,-112.43
2026-08-03 13:24:04.774,0.02,0.84,2.25,18.8,-38.57,-112.43
2026-08-03 13:24:04.775,0.18,0.26,1.54,44.56,-56.7,-81.24
2026-08-03 13:24:04.776,0.18,0.26,1.54,44.56,-56.7,-81.24
2026-08-03 13:24:04.831,0.21,-0.07,0.59,45.23,-73.55,-70.98
2026-08-03 13:24:04.833,0.16,-0.18,-0.16,40.41,-90.52,-74.16
2026-08-03 13:24:04.904,0.16,-0.18,-0.16,40.41,-90.52,-74.16
2026-08-03 13:24:04.905,0.03,-0.13,-0.51,25.51,-85.21,-52.31
2026-08-03 13:24:05.070,0.03,-0.13,-0.51,25.51,-85.21,-52.31
2026-08-03 13:24:05.071,-0.1,0.12,-0.38,-1.22,-56.95,-13.12
2026-08-03 13:24:05.074,-0.1,0.12,-0.38,-1.22,-56.95,-13.12
2026-08-03 13:24:05.075,-0.15,0.46,0.36,-22.4,-18.19,23.62
2026-08-03 13:24:05.075,-0.15,0.46,0.36,-33.63,27.22,63.05
2026-08-03 13:24:05.075,-0.2,0.74,1.76,-33.63,27.22,63.05
2026-08-03 13:24:05.076,-0.29,0.81,2.91,-53.1,57.74,112.98
2026-08-03 13:24:05.083,-0.29,0.81,2.91,-53.1,57.74,112.98
2026-08-03 13:24:05.083,-0.3,0.68,2.65,-68.48,36.25,135.8
2026-08-03 13:24:05.142,-0.3,0.68,2.65,-68.48,36.25,135.8
2026-08-03 13:24:05.143,-0.36,0.35,1.37,-39.25,-2.69,110.23
2026-08-03 13:24:05.191,-0.36,0.35,1.37,17.82,5.98,70.13
2026-08-03 13:24:05.192,-0.45,0.02,0.12,17.82,5.98,70.13
2026-08-03 13:24:05.310,-0.34,0.06,-0.52,48.03,40.59,31.86
2026-08-03 13:24:05.311,-0.34,0.06,-0.52,48.03,40.59,31.86
2026-08-03 13:24:05.312,-0.25,0.16,-0.5,49.74,54.81,5.43
2026-08-03 13:24:05.313,-0.25,0.16,-0.5,49.74,54.81,5.43
2026-08-03 13:24:05.314,-0.33,0.11,-0.06,53.34,41.99,-9.28
2026-08-03 13:24:05.314,-0.33,0.11,-0.06,53.34,41.99,-9.28
2026-08-03 13:24:05.375,-0.47,0.21,0.44,41.81,9.4,-39.61
2026-08-03 13:24:05.377,-0.58,0.47,1.12,-12.33,-21.55,-75.99
2026-08-03 13:24:05.378,-0.58,0.47,1.12,-12.33,-21.55,-75.99
2026-08-03 13:24:05.497,-0.47,0.81,2.24,-59.14,-31.56,-110.84
2026-08-03 13:24:05.498,-0.47,0.81,2.24,-59.14,-31.56,-110.84
2026-08-03 13:24:05.503,-0.12,0.98,2.9,-48.28,-41.38,-137.21
2026-08-03 13:24:05.504,-0.12,0.98,2.9,-48.28,-41.38,-137.21
2026-08-03 13:24:05.505,0.12,0.57,2.31,-23.19,-55.85,-118.23
2026-08-03 13:24:05.550,0.12,0.57,2.31,-2.14,-66.77,-92.77
2026-08-03 13:24:05.551,0.2,0.0,1.06,-2.14,-66.77,-92.77
2026-08-03 13:24:05.552,0.26,-0.24,0.02,26.31,-76.23,-104.0
2026-08-03 13:24:05.611,0.26,-0.24,0.02,26.31,-76.23,-104.0
2026-08-03 13:24:05.612,0.31,-0.17,-0.4,37.54,-66.16,-106.75
2026-08-03 13:24:05.671,0.31,-0.17,-0.4,37.54,-66.16,-106.75
2026-08-03 13:24:05.672,0.26,0.06,-0.3,30.4,-33.75,-62.62
2026-08-03 13:24:05.672,0.26,0.06,-0.3,30.4,-33.75,-62.62
2026-08-03 13:24:05.801,0.11,0.3,-0.04,14.1,-5.86,18.55
2026-08-03 13:24:05.805,-0.03,0.43,0.48,-0.92,8.85,106.26
2026-08-03 13:24:05.805,-0.03,0.43,0.48,-0.92,8.85,106.26
2026-08-03 13:24:05.814,-0.04,0.47,1.68,-10.62,21.79,168.46
2026-08-03 13:24:05.814,-0.04,0.47,1.68,-10.62,21.79,168.46
2026-08-03 13:24:05.851,0.03,0.65,2.74,-11.72,12.94,178.47
2026-08-03 13:24:05.853,0.03,0.65,2.74,-11.72,12.94,178.47
2026-08-03 13:24:05.858,0.06,0.87,2.46,-1.83,-18.98,134.4
2026-08-03 13:24:05.910,-0.14,0.68,1.22,19.78,-20.69,98.82
2026-08-03 13:24:06.090,-0.14,0.68,1.22,19.78,-20.69,98.82
2026-08-03 13:24:06.091,-0.4,0.14,0.22,51.94,30.88,109.86
2026-08-03 13:24:06.151,-0.4,0.14,0.22,51.94,30.88,109.86
2026-08-03 13:24:06.152,-0.41,-0.16,-0.11,69.21,82.52,107.36
2026-08-03 13:24:06.153,-0.41,-0.16,-0.11,69.21,82.52,107.36
2026-08-03 13:24:06.153,-0.3,0.0,-0.04,49.26,95.83,68.79
2026-08-03 13:24:06.213,-0.31,0.33,0.13,4.52,89.11,31.8
2026-08-03 13:24:06.214,-0.31,0.33,0.13,4.52,89.11,31.8
2026-08-03 13:24:06.451,-0.5,0.35,0.29,-31.74,73.18,-0.49
2026-08-03 13:24:06.452,-0.5,0.35,0.29,-31.74,73.18,-0.49
2026-08-03 13:24:06.453,-0.83,0.15,0.79,-47.85,52.86,-42.05
2026-08-03 13:24:06.453,-0.83,0.15,0.79,-47.85,52.86,-42.05
2026-08-03 13:24:06.454,-0.92,0.43,1.94,-57.56,35.58,-113.95
2026-08-03 13:24:06.455,-0.92,0.43,1.94,-57.56,35.58,-113.95
2026-08-03 13:24:06.455,-0.48,1.09,2.67,-44.25,12.63,-195.62
2026-08-03 13:24:06.456,0.03,1.03,2.13,-4.64,-8.54,-184.33
2026-08-03 13:24:06.456,0.03,1.03,2.13,-4.64,-8.54,-184.33
2026-08-03 13:24:06.510,0.22,0.22,1.19,41.93,-14.34,-86.18
2026-08-03 13:24:06.511,0.22,0.22,1.19,41.93,-14.34,-86.18
2026-08-03 13:24:06.511,0.26,-0.25,0.53,83.19,-32.9,-38.45
2026-08-03 13:24:06.512,0.26,-0.25,0.53,83.19,-32.9,-38.45
2026-08-03 13:24:06.512,0.31,-0.16,0.1,76.23,-71.53,-69.82
2026-08-03 13:24:06.513,0.25,0.03,-0.17,20.08,-87.1,-82.76
2026-08-03 13:24:06.513,0.25,0.03,-0.17,20.08,-87.1,-82.76
2026-08-03 13:24:06.514,0.04,0.18,-0.26,-31.49,-61.52,-29.11
2026-08-03 13:24:06.514,0.04,0.18,-0.26,-31.49,-61.52,-29.11
2026-08-03 13:24:06.515,-0.13,0.32,0.14,-40.28,-17.52,36.5
2026-08-03 13:24:06.515,-0.13,0.32,0.14,9.16,19.1,67.26
2026-08-03 13:24:06.576,-0.25,0.38,1.37,9.16,19.1,67.26
2026-08-03 13:24:06.580,-0.27,0.72,2.57,52.37,34.0,93.57
2026-08-03 13:24:06.691,-0.27,0.72,2.57,52.37,34.0,93.57
2026-08-03 13:24:06.691,-0.18,1.1,2.58,7.51,35.34,150.33
2026-08-03 13:24:06.692,-0.18,1.1,2.58,7.51,35.34,150.33
2026-08-03 13:24:06.693,-0.23,0.7,1.61,-31.8,40.22,199.52
2026-08-03 13:24:06.694,-0.23,0.7,1.61,-31.8,40.22,199.52
2026-08-03 13:24:06.695,-0.34,0.05,0.58,14.77,51.45,192.32
2026-08-03 13:24:06.750,-0.31,-0.08,0.0,51.15,60.79,141.11
2026-08-03 13:24:06.751,-0.31,-0.08,0.0,51.15,60.79,141.11
2026-08-03 13:24:06.810,-0.22,0.05,-0.12,28.02,57.68,83.01
2026-08-03 13:24:06.811,-0.22,0.05,-0.12,28.02,57.68,83.01
2026-08-03 13:24:06.811,-0.23,0.15,-0.02,-2.87,43.7,34.61
2026-08-03 13:24:06.871,-0.23,0.15,-0.02,-2.87,43.7,34.61
2026-08-03 13:24:06.872,-0.37,0.24,0.15,-19.35,31.8,-7.32
2026-08-03 13:24:06.936,-0.68,0.3,0.53,-41.5,28.26,-47.3
2026-08-03 13:24:06.936,-0.68,0.3,0.53,-41.5,28.26,-47.3
2026-08-03 13:24:06.937,-0.97,0.44,1.49,-70.37,31.31,-90.76
2026-08-03 13:24:06.997,-0.97,0.44,1.49,-70.37,31.31,-90.76
2026-08-03 13:24:06.997,-0.8,0.8,2.52,-64.33,23.8,-147.28
2026-08-03 13:24:06.998,-0.8,0.8,2.52,-64.33,23.8,-147.28
2026-08-03 13:24:07.246,-0.24,0.82,2.49,-5.86,-7.93,-168.95
2026-08-03 13:24:07.248,-0.24,0.82,2.49,42.42,-31.62,-116.09
2026-08-03 13:24:07.249,0.17,0.25,1.56,42.42,-31.62,-116.09
2026-08-03 13:24:07.249,0.31,-0.21,0.51,50.17,-40.71,-56.09
2026-08-03 13:24:07.250,0.31,-0.21,0.51,50.17,-40.71,-56.09
2026-08-03 13:24:07.250,0.29,-0.18,-0.06,47.49,-51.88,-36.5
2026-08-03 13:24:07.250,0.29,-0.18,-0.06,47.49,-51.88,-36.5
2026-08-03 13:24:07.251,0.22,-0.01,-0.04,46.14,-51.21,-26.31
2026-08-03 13:24:07.251,0.22,-0.01,-0.04,46.14,-51.21,-26.31
2026-08-03 13:24:07.251,0.13,0.09,0.04,35.64,-35.03,3.78
2026-08-03 13:24:07.353,0.03,0.22,-0.02,8.79,-8.73,57.68
2026-08-03 13:24:07.354,0.03,0.22,-0.02,8.79,-8.73,57.68
2026-08-03 13:24:07.354,-0.08,0.52,0.21,-12.82,16.36,119.69
2026-08-03 13:24:07.355,-0.08,0.52,0.21,-12.82,16.36,119.69
2026-08-03 13:24:07.355,-0.37,0.78,1.38,-13.12,40.16,177.61
2026-08-03 13:24:07.355,-0.37,0.78,1.38,-13.12,40.16,177.61
2026-08-03 13:24:07.410,-0.63,0.76,2.53,6.53,57.98,206.05
2026-08-03 13:24:07.411,-0.56,0.55,2.46,52.12,38.51,161.25
2026-08-03 13:24:07.470,-0.56,0.55,2.46,52.12,38.51,161.25
2026-08-03 13:24:07.471,-0.26,0.42,1.85,89.36,10.31,71.53
2026-08-03 13:24:07.472,-0.26,0.42,1.85,89.36,10.31,71.53
2026-08-03 13:24:07.591,0.19,0.53,1.17,82.21,0.24,9.4
2026-08-03 13:24:07.591,0.19,0.53,1.17,82.21,0.24,9.4
2026-08-03 13:24:07.592,0.33,0.49,0.49,50.96,4.52,22.89
2026-08-03 13:24:07.593,0.33,0.49,0.49,50.96,4.52,22.89
2026-08-03 13:24:07.593,-0.0,0.21,-0.04,17.46,27.28,81.85
2026-08-03 13:24:07.771,-0.4,0.07,-0.34,-9.52,41.14,97.6
2026-08-03 13:24:07.771,-0.4,0.07,-0.34,-9.52,41.14,97.6
2026-08-03 13:24:07.772,-0.66,0.1,-0.28,-25.45,36.87,51.27
2026-08-03 13:24:07.772,-0.66,0.1,-0.28,-25.45,36.87,51.27
2026-08-03 13:24:07.772,-0.71,0.25,0.11,-28.08,23.19,-26.86
2026-08-03 13:24:07.773,-0.71,0.25,0.11,-28.08,23.19,-26.86
2026-08-03 13:24:07.774,-0.57,0.78,0.92,-37.6,6.96,-98.69
2026-08-03 13:24:07.774,-0.44,1.36,2.32,-66.22,10.74,-121.77
2026-08-03 13:24:07.830,-0.44,1.36,2.32,-66.22,10.74,-121.77
2026-08-03 13:24:07.831,-0.32,1.31,2.87,-58.29,-4.82,-112.3
2026-08-03 13:24:07.832,-0.32,1.31,2.87,-58.29,-4.82,-112.3
2026-08-03 13:24:07.891,-0.04,0.68,1.77,-0.85,-68.18,-99.37
2026-08-03 13:24:07.891,-0.04,0.68,1.77,-0.85,-68.18,-99.37
2026-08-03 13:24:08.011,0.23,-0.01,0.47,60.06,-112.37,-76.97
2026-08-03 13:24:08.012,0.23,-0.01,0.47,108.95,-106.32,-53.96
2026-08-03 13:24:08.012,0.28,-0.31,0.01,108.95,-106.32,-53.96
2026-08-03 13:24:08.013,0.28,-0.1,0.09,106.75,-73.73,-39.12
2026-08-03 13:24:08.013,0.28,-0.1,0.09,106.75,-73.73,-39.12
2026-08-03 13:24:08.014,0.24,0.22,0.05,45.72,-35.16,-8.91
2026-08-03 13:24:08.253,0.24,0.22,0.05,45.72,-35.16,-8.91
2026-08-03 13:24:08.256,0.02,0.23,-0.14,-25.45,11.35,53.77
2026-08-03 13:24:08.257,0.02,0.23,-0.14,-25.45,11.35,53.77
2026-08-03 13:24:08.258,-0.24,0.13,-0.17,-76.42,53.96,107.91
2026-08-03 13:24:08.259,-0.33,0.41,0.65,-77.45,65.31,108.34
2026-08-03 13:24:08.259,-0.33,0.41,0.65,-77.45,65.31,108.34
2026-08-03 13:24:08.260,-0.19,1.07,2.23,-48.71,69.27,90.52
2026-08-03 13:24:08.262,-0.19,1.07,2.23,-48.71,69.27,90.52
2026-08-03 13:24:08.263,-0.11,1.28,2.86,-21.91,55.24,99.98
2026-08-03 13:24:08.317,-0.11,1.28,2.86,-21.91,55.24,99.98
2026-08-03 13:24:08.317,-0.32,0.69,2.07,21.18,18.55,121.09
2026-08-03 13:24:08.318,-0.35,0.22,1.03,65.67,0.31,107.73
2026-08-03 13:24:08.430,-0.35,0.22,1.03,65.67,0.31,107.73
2026-08-03 13:24:08.431,-0.11,0.21,0.44,80.44,0.92,60.61
2026-08-03 13:24:08.432,-0.11,0.21,0.44,80.44,0.92,60.61
2026-08-03 13:24:08.432,-0.01,0.22,0.27,70.31,8.73,21.61
2026-08-03 13:24:08.433,-0.01,0.22,0.27,70.31,8.73,21.61
2026-08-03 13:24:08.433,-0.08,0.25,0.1,37.11,9.64,-7.08
2026-08-03 13:24:08.491,-0.08,0.25,0.1,37.11,9.64,-7.08
2026-08-03 13:24:08.491,-0.08,0.25,0.1,37.11,9.64,-7.08
2026-08-03 13:24:08.550,-0.08,0.25,0.1,37.11,9.64,-7.08
2026-08-03 13:24:08.551,-0.45,0.3,-0.09,-42.85,-14.71,-70.62
2026-08-03 13:24:08.551,-0.49,0.73,0.72,-47.55,-17.94,-105.22
2026-08-03 13:24:08.552,-0.49,0.73,0.72,-47.55,-17.94,-105.22
2026-08-03 13:24:08.616,-0.43,1.42,2.13,-52.73,-3.3,-122.44
2026-08-03 13:24:08.669,-0.43,1.42,2.13,-52.73,-3.3,-122.44
2026-08-03 13:24:08.670,-0.37,1.49,2.58,-50.05,-9.09,-119.02
2026-08-03 13:24:08.671,-0.37,1.49,2.58,-50.05,-9.09,-119.02
2026-08-03 13:24:08.671,-0.15,0.86,1.67,-7.75,-60.73,-128.3
2026-08-03 13:24:08.791,-0.15,0.86,1.67,63.29,-107.42,-151.73
2026-08-03 13:24:08.791,0.23,0.22,0.84,63.29,-107.42,-151.73
2026-08-03 13:24:08.981,0.49,-0.03,0.44,91.92,-106.57,-145.45
2026-08-03 13:24:08.981,0.49,-0.03,0.44,91.92,-106.57,-145.45
2026-08-03 13:24:08.992,0.48,-0.01,0.1,53.89,-71.35,-93.2
2026-08-03 13:24:08.994,0.48,-0.01,0.1,53.89,-71.35,-93.2
2026-08-03 13:24:09.210,0.2,-0.03,-0.21,-0.98,-28.75,-19.9
2026-08-03 13:24:09.210,0.2,-0.03,-0.21,-37.23,3.3,37.17
2026-08-03 13:24:09.211,-0.13,-0.09,-0.4,-37.23,3.3,37.17
2026-08-03 13:24:09.212,-0.24,0.08,0.03,-37.9,16.91,58.72
2026-08-03 13:24:09.336,-0.24,0.08,0.03,-37.9,16.91,58.72
2026-08-03 13:24:09.337,-0.1,0.61,1.19,-27.71,25.39,62.32
2026-08-03 13:24:09.450,-0.1,0.61,1.19,-27.71,25.39,62.32
2026-08-03 13:24:09.633,0.04,1.32,2.36,-22.4,34.91,86.24
2026-08-03 13:24:09.634,0.04,1.32,2.36,-22.4,34.91,86.24
2026-08-03 13:24:09.634,-0.08,1.45,2.56,-6.1,43.33,134.77
2026-08-03 13:24:09.635,-0.37,0.74,1.83,21.0,52.31,162.78
2026-08-03 13:24:09.636,-0.37,0.74,1.83,21.0,52.31,162.78
2026-08-03 13:24:09.636,-0.37,0.19,0.96,51.09,47.85,132.87
2026-08-03 13:24:09.637,-0.37,0.19,0.96,51.09,47.85,132.87
2026-08-03 13:24:09.638,-0.12,0.11,0.26,57.31,32.35,75.38
2026-08-03 13:24:09.639,-0.12,0.11,0.26,57.31,32.35,75.38
2026-08-03 13:24:09.639,-0.03,0.05,-0.11,33.69,21.0,35.83
2026-08-03 13:24:09.707,-0.03,0.05,-0.11,33.69,21.0,35.83
2026-08-03 13:24:09.708,-0.03,0.05,-0.11,33.69,21.0,35.83
2026-08-03 13:24:09.708,-0.03,0.05,-0.11,33.69,21.0,35.83
2026-08-03 13:24:09.709,-0.29,0.12,-0.41,-21.97,6.96,-2.2
2026-08-03 13:24:09.709,-0.29,0.12,-0.41,-21.97,6.96,-2.2
2026-08-03 13:24:09.710,-0.42,0.4,0.04,-29.48,1.83,-29.54
2026-08-03 13:24:09.710,-0.4,1.02,1.09,-29.42,-12.45,-79.71
2026-08-03 13:24:09.711,-0.4,1.02,1.09,-29.42,-12.45,-79.71
2026-08-03 13:24:09.711,-0.27,1.71,2.38,-36.32,-18.31,-125.31
2026-08-03 13:24:09.711,-0.27,1.71,2.38,-36.32,-18.31,-125.31
2026-08-03 13:24:09.711,-0.23,1.67,2.64,-30.88,-27.22,-123.17
2026-08-03 13:24:09.712,-0.23,1.67,2.64,-30.88,-27.22,-123.17
2026-08-03 13:24:09.712,-0.19,0.88,1.66,-8.3,-45.9,-83.8
2026-08-03 13:24:09.712,0.06,0.17,0.72,21.55,-57.43,-69.52
2026-08-03 13:24:09.713,0.06,0.17,0.72,21.55,-57.43,-69.52
2026-08-03 13:24:09.713,0.35,-0.08,0.36,39.37,-61.22,-89.48
2026-08-03 13:24:09.714,0.35,-0.08,0.36,39.37,-61.22,-89.48
2026-08-03 13:24:09.714,0.45,-0.13,0.26,25.27,-52.43,-95.58
2026-08-03 13:24:09.751,0.45,-0.13,0.26,25.27,-52.43,-95.58
2026-08-03 13:24:10.005,0.36,-0.1,0.1,-10.44,-30.88,-65.8
2026-08-03 13:24:10.056,0.36,-0.1,0.1,-10.44,-30.88,-65.8
2026-08-03 13:24:10.057,0.17,0.05,-0.1,-33.26,-10.86,-11.78
2026-08-03 13:24:10.057,-0.07,0.32,-0.0,-29.97,3.6,46.81
2026-08-03 13:24:10.058,-0.07,0.32,-0.0,-29.97,3.6,46.81
2026-08-03 13:24:10.058,-0.3,0.66,0.86,-36.13,39.12,96.5
2026-08-03 13:24:10.059,-0.3,0.66,0.86,-36.13,39.12,96.5
2026-08-03 13:24:10.059,-0.29,1.06,2.08,-58.41,84.11,123.9
2026-08-03 13:24:10.059,-0.29,1.06,2.08,-58.41,84.11,123.9
2026-08-03 13:24:10.060,-0.16,1.18,2.47,-65.67,84.05,116.27
2026-08-03 13:24:10.060,-0.16,0.64,1.88,-49.68,57.01,105.71
2026-08-03 13:24:10.070,-0.16,0.64,1.88,-49.68,57.01,105.71
2026-08-03 13:24:10.071,-0.11,0.08,1.02,-18.49,43.82,110.05
2026-08-03 13:24:10.071,-0.11,0.08,1.02,-18.49,43.82,110.05
2026-08-03 13:24:10.071,0.06,0.0,0.36,9.16,43.95,110.66
2026-08-03 13:24:10.071,0.06,0.0,0.36,9.16,43.95,110.66
2026-08-03 13:24:10.071,0.13,0.06,0.05,11.54,55.66,112.67
2026-08-03 13:24:10.231,0.13,0.06,0.05,0.85,62.19,107.6
2026-08-03 13:24:10.291,0.07,0.1,-0.02,0.85,62.19,107.6
2026-08-03 13:24:10.420,-0.01,0.29,0.07,-0.43,50.23,82.03
2026-08-03 13:24:10.420,-0.01,0.29,0.07,-0.43,50.23,82.03
2026-08-03 13:24:10.421,-0.19,0.59,0.35,-13.0,32.35,57.31
2026-08-03 13:24:10.422,-0.19,0.59,0.35,-13.0,32.35,57.31
2026-08-03 13:24:10.422,-0.39,0.95,0.83,-44.98,21.12,49.38
2026-08-03 13:24:10.422,-0.39,0.95,0.83,-44.98,21.12,49.38
2026-08-03 13:24:10.423,-0.42,1.31,1.63,-49.13,16.3,39.18
2026-08-03 13:24:10.423,-0.39,1.27,2.18,-22.58,8.3,32.96
2026-08-03 13:24:10.426,-0.39,1.27,2.18,-22.58,8.3,32.96
2026-08-03 13:24:10.430,-0.4,0.69,1.9,-18.68,3.17,50.23
2026-08-03 13:24:10.430,-0.4,0.69,1.9,-18.68,3.17,50.23
2026-08-03 13:24:10.473,-0.23,0.17,1.18,-22.03,2.81,49.44
2026-08-03 13:24:10.473,-0.23,0.17,1.18,-22.03,2.81,49.44
2026-08-03 13:24:10.530,0.06,0.11,0.55,-5.19,4.7,15.81
2026-08-03 13:24:10.531,0.06,0.11,0.55,-0.12,26.31,13.49
2026-08-03 13:24:10.532,0.23,0.21,0.19,-0.12,26.31,13.49
2026-08-03 13:24:10.532,0.22,0.21,0.05,-25.15,57.62,56.34
2026-08-03 13:24:10.533,0.22,0.21,0.05,-25.15,57.62,56.34
2026-08-03 13:24:10.728,0.15,0.15,0.07,-57.86,62.62,93.75
2026-08-03 13:24:10.731,0.15,0.15,0.07,-57.86,62.62,93.75
2026-08-03 13:24:10.732,0.18,0.16,0.44,-54.2,36.19,101.56
2026-08-03 13:24:10.732,0.33,0.51,0.95,-24.72,25.7,106.63
2026-08-03 13:24:10.733,0.33,0.51,0.95,-24.72,25.7,106.63
2026-08-03 13:24:10.738,0.33,1.11,1.27,-20.39,64.03,151.49
2026-08-03 13:24:10.738,0.33,1.11,1.27,-20.39,64.03,151.49
2026-08-03 13:24:10.739,0.07,1.49,1.29,-11.78,102.91,213.68
2026-08-03 13:24:10.743,0.07,1.49,1.29,-11.78,102.91,213.68
2026-08-03 13:24:10.750,-0.31,1.26,1.13,34.18,109.07,253.66
2026-08-03 13:24:10.751,-0.43,0.75,0.89,63.78,113.83,261.54
2026-08-03 13:24:10.771,-0.43,0.75,0.89,63.78,113.83,261.54
2026-08-03 13:24:10.779,-0.21,0.52,0.66,36.56,130.68,235.96
2026-08-03 13:24:10.780,-0.21,0.52,0.66,36.56,130.68,235.96
2026-08-03 13:24:10.831,-0.03,0.48,0.64,-14.53,140.62,202.03
2026-08-03 13:24:10.832,-0.03,0.48,0.64,-14.53,140.62,202.03
2026-08-03 13:24:10.889,0.03,0.56,0.82,-49.68,122.25,164.79
2026-08-03 13:24:10.890,0.04,0.67,0.94,-54.38,68.85,122.68
2026-08-03 13:24:10.891,0.04,0.67,0.94,-54.38,68.85,122.68
2026-08-03 13:24:10.962,0.05,0.67,0.91,-36.99,12.02,89.97
2026-08-03 13:24:10.963,0.05,0.67,0.91,-36.99,12.02,89.97
2026-08-03 13:24:10.963,0.09,0.59,0.83,-27.16,-11.05,64.03
2026-08-03 13:24:11.071,0.09,0.59,0.83,-27.16,-11.05,64.03
2026-08-03 13:24:11.071,0.18,0.54,0.75,-31.98,-3.85,38.09
2026-08-03 13:24:11.072,0.27,0.58,0.74,-33.63,14.89,15.26
2026-08-03 13:24:11.072,0.27,0.58,0.74,-33.63,14.89,15.26
2026-08-03 13:24:11.072,0.24,0.71,0.88,-26.25,32.41,8.48
2026-08-03 13:24:11.131,0.24,0.71,0.88,-26.25,32.41,8.48
2026-08-03 13:24:11.131,-0.04,0.74,1.02,-16.6,43.76,29.3
2026-08-03 13:24:11.134,-0.04,0.74,1.02,-16.6,43.76,29.3
2026-08-03 13:24:11.193,-0.47,0.6,0.99,-13.18,54.87,62.93
2026-08-03 13:24:11.193,-0.74,0.46,0.89,-25.27,69.58,78.74
2026-08-03 13:24:11.311,-0.74,0.46,0.89,-25.27,69.58,78.74
2026-08-03 13:24:11.312,-0.77,0.41,0.87,-41.75,73.12,58.04
2026-08-03 13:24:11.312,-0.77,0.41,0.87,-41.75,73.12,58.04
2026-08-03 13:24:11.313,-0.6,0.44,0.9,-34.36,51.76,4.64
2026-08-03 13:24:11.313,-0.6,0.44,0.9,-34.36,51.76,4.64
2026-08-03 13:24:11.372,-0.34,0.47,0.85,-4.27,11.96,-50.66
2026-08-03 13:24:11.374,-0.34,0.47,0.85,-4.27,11.96,-50.66
2026-08-03 13:24:11.374,-0.14,0.43,0.69,18.92,-26.43,-68.79
2026-08-03 13:24:11.434,-0.04,0.31,0.46,27.83,-47.49,-48.1
2026-08-03 13:24:11.435,-0.04,0.31,0.46,27.83,-47.49,-48.1
2026-08-03 13:24:11.437,-0.05,0.1,0.4,23.5,-45.84,-26.43
2026-08-03 13:24:11.514,-0.05,0.1,0.4,23.5,-45.84,-26.43
2026-08-03 13:24:11.515,-0.03,0.04,0.6,9.89,-28.56,-32.84
2026-08-03 13:24:11.551,-0.03,0.04,0.6,9.89,-28.56,-32.84
2026-08-03 13:24:11.551,0.12,0.27,0.94,1.65,-3.42,-43.03
2026-08-03 13:24:11.552,0.2,0.49,1.22,-7.39,22.4,-16.97
2026-08-03 13:24:11.737,0.2,0.49,1.22,-7.39,22.4,-16.97
2026-08-03 13:24:11.737,0.12,0.51,1.23,-20.32,33.33,29.36
2026-08-03 13:24:11.738,0.12,0.51,1.23,-20.32,33.33,29.36
2026-08-03 13:24:11.738,-0.0,0.47,1.07,-23.86,27.22,55.36
2026-08-03 13:24:11.739,-0.0,0.47,1.07,-23.86,27.22,55.36
2026-08-03 13:24:11.739,-0.11,0.42,0.82,-25.82,15.87,55.91
2026-08-03 13:24:11.740,-0.11,0.42,0.82,-25.82,15.87,55.91
2026-08-03 13:24:11.740,-0.27,0.34,0.68,-37.9,8.79,46.14
2026-08-03 13:24:11.803,-0.44,0.36,0.85,-52.49,8.0,35.58
2026-08-03 13:24:11.804,-0.44,0.36,0.85,-52.49,8.0,35.58
2026-08-03 13:24:11.910,-0.59,0.53,1.25,-66.16,13.79,39.73
2026-08-03 13:24:11.910,-0.59,0.53,1.25,-66.16,13.79,39.73
2026-08-03 13:24:11.912,-0.63,0.59,1.65,-74.52,25.7,52.61
2026-08-03 13:24:11.912,-0.63,0.59,1.65,-74.52,25.7,52.61
2026-08-03 13:24:11.912,-0.45,0.35,1.7,-82.46,28.81,47.06
2026-08-03 13:24:11.913,-0.21,0.09,1.29,-97.66,14.83,25.45
2026-08-03 13:24:11.970,-0.21,0.09,1.29,-97.66,14.83,25.45
2026-08-03 13:24:12.031,-0.08,-0.01,0.67,-98.57,-1.95,6.47
2026-08-03 13:24:12.034,-0.08,-0.01,0.67,-98.57,-1.95,6.47
2026-08-03 13:24:12.042,-0.09,-0.03,0.17,-56.15,-5.92,-8.18
2026-08-03 13:24:12.043,-0.09,-0.03,0.17,-56.15,-5.92,-8.18
2026-08-03 13:24:12.212,-0.19,0.06,-0.12,6.1,0.31,-15.93
2026-08-03 13:24:12.213,-0.19,0.06,-0.12,6.1,0.31,-15.93
2026-08-03 13:24:12.214,-0.4,0.09,-0.13,26.55,6.65,-6.53
2026-08-03 13:24:12.215,-0.71,0.04,0.33,7.02,13.43,-5.98
2026-08-03 13:24:12.216,-0.71,0.04,0.33,7.02,13.43,-5.98
2026-08-03 13:24:12.218,-1.02,0.13,1.26,-4.09,19.96,-48.89
2026-08-03 13:24:12.219,-1.02,0.13,1.26,-4.09,19.96,-48.89
2026-08-03 13:24:12.220,-0.99,0.49,2.15,24.05,21.48,-113.46
2026-08-03 13:24:12.281,-0.99,0.49,2.15,24.05,21.48,-113.46
2026-08-03 13:24:12.284,-0.49,0.66,2.32,69.46,11.17,-131.47
2026-08-03 13:24:12.284,-0.49,0.66,2.32,92.59,-14.47,-88.44
2026-08-03 13:24:12.333,0.05,0.32,1.68,92.59,-14.47,-88.44
2026-08-03 13:24:12.334,0.34,-0.14,0.67,91.13,-48.71,-53.34
2026-08-03 13:24:12.389,0.34,-0.14,0.67,91.13,-48.71,-53.34
2026-08-03 13:24:12.390,0.37,-0.31,-0.05,72.45,-66.59,-41.56
2026-08-03 13:24:12.391,0.37,-0.31,-0.05,72.45,-66.59,-41.56
2026-08-03 13:24:12.457,0.23,-0.07,-0.17,44.31,-49.5,-13.85
2026-08-03 13:24:12.457,0.23,-0.07,-0.17,44.31,-49.5,-13.85
2026-08-03 13:24:12.458,0.05,0.29,-0.01,13.49,-14.53,35.77
2026-08-03 13:24:12.513,-0.19,0.41,0.34,-13.0,16.3,93.32
2026-08-03 13:24:12.517,-0.19,0.41,0.34,-13.0,16.3,93.32
2026-08-03 13:24:12.690,-0.49,0.43,1.16,-18.55,38.51,127.81
2026-08-03 13:24:12.811,-0.49,0.43,1.16,-18.55,38.51,127.81
2026-08-03 13:24:12.812,-0.65,0.71,2.06,10.19,54.69,113.65
2026-08-03 13:24:12.812,-0.69,0.81,2.18,35.46,57.92,79.77
2026-08-03 13:24:12.813,-0.69,0.81,2.18,35.46,57.92,79.77
2026-08-03 13:24:12.813,-0.66,0.58,1.59,20.75,47.49,66.59
2026-08-03 13:24:12.814,-0.66,0.58,1.59,20.75,47.49,66.59
2026-08-03 13:24:12.814,-0.47,0.34,0.87,-11.35,35.64,65.67
2026-08-03 13:24:12.815,-0.47,0.34,0.87,-11.35,35.64,65.67
2026-08-03 13:24:12.815,-0.21,0.14,0.32,-25.76,24.17,51.82
2026-08-03 13:24:12.816,-0.21,0.14,0.32,-18.01,8.73,19.71
2026-08-03 13:24:12.816,-0.07,0.04,-0.01,-18.01,8.73,19.71
2026-08-03 13:24:12.816,-0.2,0.11,-0.13,-6.77,-1.89,-9.83
2026-08-03 13:24:12.817,-0.2,0.11,-0.13,-6.77,-1.89,-9.83
2026-08-03 13:24:12.873,-0.48,0.15,-0.1,2.14,5.68,-16.48
2026-08-03 13:24:12.937,-0.48,0.15,-0.1,2.14,5.68,-16.48
2026-08-03 13:24:12.937,-0.67,0.08,0.28,4.94,26.25,-15.81
2026-08-03 13:24:12.938,-0.67,0.08,0.28,4.94,26.25,-15.81
2026-08-03 13:24:12.939,-0.78,0.49,1.38,6.35,49.38,-35.77
2026-08-03 13:24:12.992,-0.78,0.49,1.38,5.0,49.74,-59.33
2026-08-03 13:24:12.993,-0.78,1.2,2.38,5.0,49.74,-59.33
2026-08-03 13:24:13.110,-0.64,1.11,2.13,-8.0,10.31,-33.75
2026-08-03 13:24:13.111,-0.64,1.11,2.13,-8.0,10.31,-33.75
2026-08-03 13:24:13.111,-0.4,0.45,1.12,2.5,-35.95,1.95
2026-08-03 13:24:13.170,-0.4,0.45,1.12,2.5,-35.95,1.95
2026-08-03 13:24:13.175,-0.14,-0.01,0.45,71.78,-64.33,-27.04
2026-08-03 13:24:13.175,-0.14,-0.01,0.45,71.78,-64.33,-27.04
2026-08-03 13:24:13.176,0.06,-0.06,0.3,133.73,-72.02,-78.49
2026-08-03 13:24:13.176,0.17,0.15,0.2,102.72,-52.31,-70.74
2026-08-03 13:24:13.231,0.17,0.15,0.2,102.72,-52.31,-70.74
2026-08-03 13:24:13.248,0.08,0.22,-0.02,23.8,-17.46,-1.4
2026-08-03 13:24:13.248,0.08,0.22,-0.02,23.8,-17.46,-1.4
2026-08-03 13:24:13.358,-0.14,0.22,-0.05,-17.58,9.03,61.4
2026-08-03 13:24:13.364,-0.14,0.22,-0.05,-17.58,9.03,61.4
2026-08-03 13:24:13.376,-0.41,0.36,0.63,-15.2,28.32,83.07
2026-08-03 13:24:13.376,-0.41,0.36,0.63,-15.2,28.32,83.07
2026-08-03 13:24:13.376,-0.61,1.04,1.82,-5.98,47.24,76.72
2026-08-03 13:24:13.530,-0.69,1.47,2.26,-20.32,47.06,72.08
2026-08-03 13:24:13.531,-0.69,1.47,2.26,-20.32,47.06,72.08
2026-08-03 13:24:13.532,-0.6,0.84,1.57,-30.15,21.06,68.73
2026-08-03 13:24:13.532,-0.6,0.84,1.57,-30.15,21.06,68.73
2026-08-03 13:24:13.535,-0.35,0.2,0.66,-19.9,2.08,47.42
2026-08-03 13:24:13.539,-0.35,0.2,0.66,-19.9,2.08,47.42
2026-08-03 13:24:13.539,-0.16,0.06,0.12,-37.35,7.14,33.75
2026-08-03 13:24:13.540,-0.16,0.06,0.12,-60.97,12.08,28.99
2026-08-03 13:24:13.540,-0.11,0.16,-0.0,-60.97,12.08,28.99
2026-08-03 13:24:13.590,-0.23,0.3,0.0,-50.35,6.59,12.63
2026-08-03 13:24:13.653,-0.23,0.3,0.0,-50.35,6.59,12.63
2026-08-03 13:24:13.654,-0.51,0.25,0.0,-35.71,2.2,-6.04
2026-08-03 13:24:13.655,-0.51,0.25,0.0,-35.71,2.2,-6.04
2026-08-03 13:24:13.655,-0.92,0.21,0.53,-27.1,4.82,-27.47
2026-08-03 13:24:13.712,-0.92,0.21,0.53,-27.1,4.82,-27.47
2026-08-03 13:24:13.713,-1.1,0.71,1.65,-20.14,5.25,-69.46
2026-08-03 13:24:13.832,-0.69,1.26,2.29,1.04,-13.67,-120.12
2026-08-03 13:24:13.832,-0.69,1.26,2.29,1.04,-13.67,-120.12
2026-08-03 13:24:13.833,-0.09,0.96,1.91,62.38,-46.08,-125.12
2026-08-03 13:24:13.833,-0.09,0.96,1.91,62.38,-46.08,-125.12
2026-08-03 13:24:13.834,0.26,0.31,1.14,127.87,-73.91,-94.54
2026-08-03 13:24:13.834,0.26,0.31,1.14,127.87,-73.91,-94.54
2026-08-03 13:24:14.017,0.39,-0.02,0.54,138.55,-88.56,-71.66
2026-08-03 13:24:14.018,0.39,-0.02,0.54,82.89,-81.42,-43.27
2026-08-03 13:24:14.018,0.33,-0.07,0.11,82.89,-81.42,-43.27
2026-08-03 13:24:14.018,0.16,-0.02,-0.19,6.84,-49.01,-5.68
2026-08-03 13:24:14.190,0.16,-0.02,-0.19,6.84,-49.01,-5.68
2026-08-03 13:24:14.191,-0.1,0.04,-0.24,-35.95,-2.69,17.09
2026-08-03 13:24:14.193,-0.1,0.04,-0.24,-35.95,-2.69,17.09
2026-08-03 13:24:14.194,-0.45,0.23,0.28,-36.87,38.57,21.67
2026-08-03 13:24:14.194,-0.45,0.23,0.28,-36.87,38.57,21.67
2026-08-03 13:24:14.195,-0.68,0.91,1.56,-16.36,65.19,32.41
2026-08-03 13:24:14.196,-0.61,1.6,2.52,-4.58,70.56,53.77
2026-08-03 13:24:14.196,-0.61,1.6,2.52,-4.58,70.56,53.77
2026-08-03 13:24:14.197,-0.54,1.24,2.24,-14.28,58.72,95.76
2026-08-03 13:24:14.197,-0.54,1.24,2.24,-14.28,58.72,95.76
2026-08-03 13:24:14.198,-0.54,0.43,1.18,-25.82,40.34,117.61
2026-08-03 13:24:14.198,-0.54,0.43,1.18,-25.82,40.34,117.61
2026-08-03 13:24:14.251,-0.49,0.02,0.1,-25.27,19.53,84.41
2026-08-03 13:24:14.252,-0.49,0.02,0.1,-0.67,6.47,45.65
2026-08-03 13:24:14.434,-0.43,-0.18,-0.36,-0.67,6.47,45.65
2026-08-03 13:24:14.435,-0.35,-0.07,-0.28,54.75,1.77,-1.95
2026-08-03 13:24:14.436,-0.35,-0.07,-0.28,54.75,1.77,-1.95
2026-08-03 13:24:14.436,-0.29,0.31,-0.1,108.22,-6.59,-70.56
2026-08-03 13:24:14.437,-0.29,0.31,-0.1,108.22,-6.59,-70.56
2026-08-03 13:24:14.437,-0.31,0.44,0.28,96.8,-15.14,-110.72
2026-08-03 13:24:14.438,-0.31,0.44,0.28,96.8,-15.14,-110.72
2026-08-03 13:24:14.438,-0.55,0.87,1.19,31.49,-23.5,-107.54
2026-08-03 13:24:14.490,-0.73,1.82,2.06,-19.59,-45.72,-89.17
2026-08-03 13:24:14.491,-0.73,1.82,2.06,-19.59,-45.72,-89.17
2026-08-03 13:24:14.492,-0.61,1.83,2.03,-33.69,-75.01,-42.05
2026-08-03 13:24:14.611,-0.61,1.83,2.03,-33.69,-75.01,-42.05
2026-08-03 13:24:14.612,-0.24,0.82,1.2,-9.64,-91.8,10.93
2026-08-03 13:24:14.613,-0.24,0.82,1.2,29.05,-87.1,7.14
2026-08-03 13:24:14.671,0.15,-0.06,0.34,29.05,-87.1,7.14
2026-08-03 13:24:14.672,0.32,-0.35,-0.02,50.6,-54.14,-29.91
2026-08-03 13:24:14.673,0.32,-0.35,-0.02,50.6,-54.14,-29.91
2026-08-03 13:24:14.673,0.3,-0.13,-0.04,50.35,-3.17,-49.8
2026-08-03 13:24:14.674,0.3,-0.13,-0.04,50.35,-3.17,-49.8
2026-08-03 13:24:14.732,0.13,0.21,-0.02,32.53,44.8,-35.1
2026-08-03 13:24:14.740,0.13,0.21,-0.02,32.53,44.8,-35.1
2026-08-03 13:24:14.850,-0.21,0.46,0.2,1.46,80.87,5.8
2026-08-03 13:24:14.850,-0.62,0.94,1.06,-31.37,98.27,43.95
2026-08-03 13:24:14.851,-0.62,0.94,1.06,-31.37,98.27,43.95
2026-08-03 13:24:14.851,-0.79,1.57,2.05,-61.89,82.52,75.38
2026-08-03 13:24:14.852,-0.79,1.57,2.05,-61.89,82.52,75.38
2026-08-03 13:24:14.910,-0.62,1.58,2.09,-96.5,36.8,115.17
2026-08-03 13:24:14.911,-0.62,1.58,2.09,-96.5,36.8,115.17
2026-08-03 13:24:14.982,-0.38,0.81,1.17,-100.04,-6.04,139.53
2026-08-03 13:24:14.987,-0.3,0.09,0.11,-61.1,-16.78,131.59
2026-08-03 13:24:14.988,-0.3,0.09,0.11,-61.1,-16.78,131.59
2026-08-03 13:24:15.031,-0.39,-0.12,-0.39,-17.94,4.21,106.87
2026-08-03 13:24:15.103,-0.39,-0.12,-0.39,-17.94,4.21,106.87
2026-08-03 13:24:15.104,-0.48,-0.06,-0.39,3.6,27.77,65.12
2026-08-03 13:24:15.105,-0.48,-0.06,-0.39,3.6,27.77,65.12
2026-08-03 13:24:15.105,-0.51,0.11,-0.16,8.24,26.25,1.89
2026-08-03 13:24:15.106,-0.51,0.11,-0.16,8.24,26.25,1.89
2026-08-03 13:24:15.151,-0.59,0.39,0.37,12.94,5.0,-60.97
2026-08-03 13:24:15.152,-0.75,0.92,1.32,-4.09,-12.82,-102.17
2026-08-03 13:24:15.209,-0.75,0.92,1.32,-4.09,-12.82,-102.17
2026-08-03 13:24:15.271,-0.72,1.59,2.29,-15.75,-26.86,-129.58
2026-08-03 13:24:15.331,-0.72,1.59,2.29,-15.75,-26.86,-129.58
2026-08-03 13:24:15.331,-0.49,1.58,2.3,0.98,-49.8,-120.24
2026-08-03 13:24:15.332,-0.49,1.58,2.3,0.98,-49.8,-120.24
2026-08-03 13:24:15.405,-0.16,0.77,1.29,28.38,-73.97,-77.39
2026-08-03 13:24:15.406,0.24,0.0,0.31,78.12,-100.46,-73.79
2026-08-03 13:24:15.407,0.24,0.0,0.31,78.12,-100.46,-73.79
2026-08-03 13:24:15.407,0.54,-0.31,-0.11,109.13,-112.61,-102.54
2026-08-03 13:24:15.510,0.54,-0.31,-0.11,109.13,-112.61,-102.54
2026-08-03 13:24:15.510,0.58,-0.22,-0.15,82.34,-76.66,-88.13
2026-08-03 13:24:15.511,0.58,-0.22,-0.15,82.34,-76.66,-88.13
2026-08-03 13:24:15.511,0.34,0.08,-0.09,21.85,-11.47,-16.48
2026-08-03 13:24:15.512,-0.06,0.42,0.17,-39.12,41.93,71.35
2026-08-03 13:24:15.512,-0.06,0.42,0.17,-39.12,41.93,71.35
2026-08-03 13:24:15.513,-0.49,0.78,1.1,-70.07,82.28,138.85
2026-08-03 13:24:15.513,-0.49,0.78,1.1,-70.07,82.28,138.85
2026-08-03 13:24:15.750,-0.62,1.43,2.29,-67.93,109.13,154.36
2026-08-03 13:24:15.810,-0.62,1.43,2.29,-67.93,109.13,154.36
2026-08-03 13:24:15.877,-0.48,1.76,2.42,-51.64,84.05,120.12
2026-08-03 13:24:15.887,-0.48,1.76,2.42,-22.71,42.3,84.47
2026-08-03 13:24:15.889,-0.42,0.95,1.51,-22.71,42.3,84.47
2026-08-03 13:24:15.889,-0.32,0.07,0.46,5.37,37.84,64.15
2026-08-03 13:24:15.889,-0.32,0.07,0.46,5.37,37.84,64.15
2026-08-03 13:24:15.890,-0.19,-0.07,-0.27,9.34,45.96,50.96
2026-08-03 13:24:15.890,-0.19,-0.07,-0.27,9.34,45.96,50.96
2026-08-03 13:24:15.891,-0.22,-0.03,-0.53,-11.35,45.04,48.22
2026-08-03 13:24:15.892,-0.22,-0.03,-0.53,-11.35,45.04,48.22
2026-08-03 13:24:15.892,-0.43,0.05,-0.35,-29.3,33.63,31.31
2026-08-03 13:24:15.893,-0.68,0.31,0.22,-22.09,12.39,-19.23
2026-08-03 13:24:15.893,-0.68,0.31,0.22,-22.09,12.39,-19.23
2026-08-03 13:24:15.895,-0.78,0.76,1.06,-9.09,-11.72,-85.88
2026-08-03 13:24:15.916,-0.78,0.76,1.06,-9.09,-11.72,-85.88
2026-08-03 13:24:15.941,-0.55,1.4,2.05,4.09,-31.56,-146.73
2026-08-03 13:24:15.942,-0.55,1.4,2.05,4.09,-31.56,-146.73
2026-08-03 13:24:15.993,-0.24,1.59,2.39,17.33,-54.57,-152.83
2026-08-03 13:24:15.993,-0.24,1.59,2.39,17.33,-54.57,-152.83
2026-08-03 13:24:15.994,-0.1,0.95,1.64,15.08,-74.89,-87.65
2026-08-03 13:24:16.111,-0.02,0.18,0.58,26.06,-90.52,-35.71
2026-08-03 13:24:16.112,-0.02,0.18,0.58,26.06,-90.52,-35.71
2026-08-03 13:24:16.112,0.19,-0.18,-0.03,64.82,-111.88,-54.14
2026-08-03 13:24:16.113,0.19,-0.18,-0.03,64.82,-111.88,-54.14
2026-08-03 13:24:16.113,0.44,-0.13,-0.08,85.14,-119.08,-93.44
2026-08-03 13:24:16.177,0.44,-0.13,-0.08,85.14,-119.08,-93.44
2026-08-03 13:24:16.190,0.46,0.14,0.04,55.79,-87.52,-78.06
2026-08-03 13:24:16.233,0.1,0.38,0.09,2.32,-26.25,4.46
2026-08-03 13:24:16.234,0.1,0.38,0.09,2.32,-26.25,4.46
2026-08-03 13:24:16.235,-0.37,0.56,0.54,-33.45,42.48,98.57
2026-08-03 13:24:16.410,-0.37,0.56,0.54,-33.45,42.48,98.57
2026-08-03 13:24:16.411,-0.43,0.96,1.73,-44.98,105.29,139.65
2026-08-03 13:24:16.412,-0.43,0.96,1.73,-44.98,105.29,139.65
2026-08-03 13:24:16.412,-0.16,1.37,2.46,-63.17,118.71,125.18
2026-08-03 13:24:16.413,-0.16,1.37,2.46,-63.17,118.71,125.18
2026-08-03 13:24:16.413,-0.16,1.37,2.46,-63.17,118.71,125.18
2026-08-03 13:24:16.413,-0.16,1.37,2.46,-63.17,118.71,125.18
2026-08-03 13:24:16.414,-0.09,0.55,0.99,-4.27,9.09,67.75
2026-08-03 13:24:16.471,-0.19,0.26,0.26,50.42,4.58,54.93
2026-08-03 13:24:16.472,-0.19,0.26,0.26,50.42,4.58,54.93
2026-08-03 13:24:16.472,-0.29,0.19,-0.2,18.68,32.53,64.39
2026-08-03 13:24:16.710,-0.29,0.19,-0.2,18.68,32.53,64.39
2026-08-03 13:24:16.711,-0.42,0.09,-0.34,-25.39,51.88,66.96
2026-08-03 13:24:16.711,-0.42,0.09,-0.34,-25.39,51.88,66.96
2026-08-03 13:24:16.831,-0.56,0.07,-0.26,-27.95,43.21,29.05
2026-08-03 13:24:16.831,-0.72,0.28,0.29,-16.11,19.9,-42.18
2026-08-03 13:24:16.831,-0.72,0.28,0.29,-16.11,19.9,-42.18
2026-08-03 13:24:16.891,-0.83,0.82,1.47,-20.75,8.73,-116.09
2026-08-03 13:24:16.891,-0.83,0.82,1.47,-20.75,8.73,-116.09
2026-08-03 13:24:16.892,-0.61,1.52,2.38,-32.59,-7.39,-178.59
2026-08-03 13:24:16.892,-0.61,1.52,2.38,-32.59,-7.39,-178.59
2026-08-03 13:24:16.892,-0.17,1.51,2.21,-17.09,-41.44,-182.01
2026-08-03 13:24:16.892,0.14,0.68,1.38,29.11,-62.87,-111.69
2026-08-03 13:24:17.014,0.14,0.68,1.38,29.11,-62.87,-111.69
2026-08-03 13:24:17.016,0.31,-0.01,0.59,74.58,-73.85,-53.28
2026-08-03 13:24:17.016,0.31,-0.01,0.59,74.58,-73.85,-53.28
2026-08-03 13:24:17.016,0.43,-0.17,0.13,89.29,-88.38,-51.03
2026-08-03 13:24:17.019,0.43,-0.17,0.13,89.29,-88.38,-51.03
2026-08-03 13:24:17.019,0.45,-0.05,-0.03,69.27,-85.51,-57.8
2026-08-03 13:24:17.020,0.45,-0.05,-0.03,28.26,-48.1,-18.86
2026-08-03 13:24:17.023,0.22,0.16,-0.05,28.26,-48.1,-18.86
2026-08-03 13:24:17.023,-0.2,0.36,0.11,-20.45,12.15,62.01
2026-08-03 13:24:17.023,-0.2,0.36,0.11,-20.45,12.15,62.01
2026-08-03 13:24:17.027,-0.54,0.62,0.96,-43.64,73.12,125.73
2026-08-03 13:24:17.028,-0.54,0.62,0.96,-43.64,73.12,125.73
2026-08-03 13:24:17.071,-0.46,1.18,2.13,-31.68,103.27,121.03
2026-08-03 13:24:17.079,-0.46,1.18,2.13,-31.68,103.27,121.03
2026-08-03 13:24:17.131,-0.28,1.38,2.38,-39.31,83.13,86.0
2026-08-03 13:24:17.131,-0.32,0.79,1.59,-51.7,51.09,81.79
2026-08-03 13:24:17.132,-0.32,0.79,1.59,-51.7,51.09,81.79
2026-08-03 13:24:17.430,-0.31,0.23,0.56,-22.83,40.95,82.09
2026-08-03 13:24:17.431,-0.31,0.23,0.56,-22.83,40.95,82.09
2026-08-03 13:24:17.431,-0.23,0.01,-0.14,6.16,39.06,59.27
2026-08-03 13:24:17.432,-0.23,0.01,-0.14,6.16,39.06,59.27
2026-08-03 13:24:17.433,-0.24,-0.07,-0.38,14.71,26.92,28.93
2026-08-03 13:24:17.490,-0.35,0.09,-0.23,11.35,8.3,-7.93
2026-08-03 13:24:17.491,-0.35,0.09,-0.23,11.35,8.3,-7.93
2026-08-03 13:24:17.492,-0.55,0.29,0.25,-5.86,-4.09,-49.56
2026-08-03 13:24:17.493,-0.55,0.29,0.25,-5.86,-4.09,-49.56
2026-08-03 13:24:17.493,-0.7,0.51,1.08,-28.2,-9.64,-87.65
2026-08-03 13:24:17.493,-0.7,0.51,1.08,-28.2,-9.64,-87.65
2026-08-03 13:24:17.494,-0.57,1.1,2.14,-37.17,-11.72,-130.74
2026-08-03 13:24:17.494,-0.57,1.1,2.14,-37.17,-11.72,-130.74
2026-08-03 13:24:17.629,-0.26,1.4,2.6,-12.88,-19.9,-137.76
2026-08-03 13:24:17.630,-0.1,0.81,1.92,32.35,-32.9,-73.18
2026-08-03 13:24:17.633,-0.1,0.81,1.92,32.35,-32.9,-73.18
2026-08-03 13:24:17.633,0.02,-0.0,0.73,67.99,-46.26,-12.57
2026-08-03 13:24:17.634,0.02,-0.0,0.73,67.99,-46.26,-12.57
2026-08-03 13:24:17.634,0.24,-0.33,-0.17,76.29,-56.4,-16.78
2026-08-03 13:24:17.634,0.24,-0.33,-0.17,76.29,-56.4,-16.78
2026-08-03 13:24:17.635,0.43,-0.21,-0.41,59.27,-47.79,-43.27
2026-08-03 13:24:17.730,0.43,-0.21,-0.41,59.27,-47.79,-43.27
2026-08-03 13:24:17.733,0.38,0.04,-0.09,46.75,-17.4,-25.88
2026-08-03 13:24:17.796,0.17,0.35,0.32,20.57,20.32,41.56
2026-08-03 13:24:17.796,0.17,0.35,0.32,20.57,20.32,41.56
2026-08-03 13:24:17.849,-0.1,0.77,0.86,-44.07,54.08,126.89
2026-08-03 13:24:17.911,-0.1,0.77,0.86,-44.07,54.08,126.89
2026-08-03 13:24:17.913,-0.4,1.15,1.81,-91.49,85.21,193.79
2026-08-03 13:24:17.914,-0.4,1.15,1.81,-91.49,85.21,193.79
2026-08-03 13:24:17.914,-0.54,1.31,2.34,-80.2,88.62,202.94
2026-08-03 13:24:18.090,-0.51,0.92,1.8,-31.25,53.16,163.27
2026-08-03 13:24:18.091,-0.51,0.92,1.8,-31.25,53.16,163.27
2026-08-03 13:24:18.092,-0.42,0.33,0.84,29.54,20.75,115.48
2026-08-03 13:24:18.093,-0.42,0.33,0.84,29.54,20.75,115.48
2026-08-03 13:24:18.093,-0.26,0.17,0.06,62.87,13.43,78.55
2026-08-03 13:24:18.093,-0.26,0.17,0.06,62.87,13.43,78.55
2026-08-03 13:24:18.094,-0.18,0.14,-0.25,47.24,19.1,55.36
2026-08-03 13:24:18.094,-0.22,0.07,-0.16,20.51,16.97,28.63
2026-08-03 13:24:18.095,-0.22,0.07,-0.16,20.51,16.97,28.63
2026-08-03 13:24:18.095,-0.36,0.2,0.08,-4.88,4.46,-20.08
2026-08-03 13:24:18.095,-0.36,0.2,0.08,-4.88,4.46,-20.08
2026-08-03 13:24:18.096,-0.64,0.51,0.65,-31.62,-8.24,-78.74
2026-08-03 13:24:18.096,-0.64,0.51,0.65,-31.62,-8.24,-78.74
2026-08-03 13:24:18.210,-0.82,0.96,1.62,-48.1,-19.65,-129.88
2026-08-03 13:24:18.450,-0.82,0.96,1.62,-51.88,-32.71,-166.08
2026-08-03 13:24:18.450,-0.56,1.4,2.36,-51.88,-32.71,-166.08
2026-08-03 13:24:18.451,-0.08,1.21,2.12,-36.56,-43.7,-157.53
2026-08-03 13:24:18.451,-0.08,1.21,2.12,-36.56,-43.7,-157.53
2026-08-03 13:24:18.452,0.25,0.45,1.2,8.48,-52.31,-113.16
2026-08-03 13:24:18.452,0.25,0.45,1.2,8.48,-52.31,-113.16
2026-08-03 13:24:18.452,0.39,-0.08,0.41,69.64,-69.09,-95.21
2026-08-03 13:24:18.453,0.39,-0.08,0.41,69.64,-69.09,-95.21
2026-08-03 13:24:18.454,0.39,-0.19,0.0,95.64,-79.04,-101.93
2026-08-03 13:24:18.454,0.34,-0.15,-0.17,69.27,-59.88,-85.63
2026-08-03 13:24:18.456,0.34,-0.15,-0.17,69.27,-59.88,-85.63
2026-08-03 13:24:18.456,0.29,-0.05,-0.04,23.93,-10.13,-35.03
2026-08-03 13:24:18.457,0.29,-0.05,-0.04,23.93,-10.13,-35.03
2026-08-03 13:24:18.457,0.26,0.18,0.52,-21.48,43.09,39.06
2026-08-03 13:24:18.528,0.26,0.18,0.52,-21.48,43.09,39.06
2026-08-03 13:24:18.810,0.17,0.6,1.47,-60.73,61.58,126.04
2026-08-03 13:24:18.810,-0.12,1.14,2.51,-107.06,55.18,193.3
2026-08-03 13:24:18.811,-0.12,1.14,2.51,-107.06,55.18,193.3
2026-08-03 13:24:18.813,-0.39,1.55,2.55,-126.77,23.01,190.86
2026-08-03 13:24:18.813,-0.39,1.55,2.55,-126.77,23.01,190.86
2026-08-03 13:24:18.814,-0.46,1.46,1.43,-75.74,-25.51,146.91
2026-08-03 13:24:18.814,-0.48,0.78,0.3,-16.36,-26.49,134.64
2026-08-03 13:24:18.815,-0.48,0.78,0.3,-16.36,-26.49,134.64
2026-08-03 13:24:18.816,-0.53,-0.04,-0.28,7.57,12.57,136.72
2026-08-03 13:24:18.816,-0.53,-0.04,-0.28,7.57,12.57,136.72
2026-08-03 13:24:18.816,-0.61,-0.56,-0.35,-7.81,42.24,99.67
2026-08-03 13:24:18.816,-0.61,-0.56,-0.35,-7.81,42.24,99.67
2026-08-03 13:24:18.816,-0.73,-0.55,0.05,-50.11,43.58,7.02
2026-08-03 13:24:18.817,-0.73,-0.55,0.05,-50.11,43.58,7.02
2026-08-03 13:24:18.817,-0.73,-0.55,0.05,-50.11,43.58,7.02
2026-08-03 13:24:18.930,-0.73,-0.55,0.05,-50.11,43.58,7.02
2026-08-03 13:24:18.930,-0.7,0.59,1.48,-51.82,-35.4,-230.22
2026-08-03 13:24:18.931,-0.7,0.59,1.48,-54.26,-24.6,-263.61
2026-08-03 13:24:18.931,-0.39,0.85,2.4,-54.26,-24.6,-263.61
2026-08-03 13:24:18.931,-0.06,0.63,2.56,-58.29,-7.63,-221.07
2026-08-03 13:24:18.990,-0.06,0.63,2.56,-58.29,-7.63,-221.07
2026-08-03 13:24:18.990,0.13,0.13,1.63,-62.74,-24.29,-140.93
2026-08-03 13:24:18.991,0.13,0.13,1.63,-62.74,-24.29,-140.93
2026-08-03 13:24:19.113,0.27,-0.21,0.48,-67.32,-39.12,-87.22
2026-08-03 13:24:19.114,0.27,-0.21,0.48,-47.42,-37.11,-85.69
2026-08-03 13:24:19.115,0.48,-0.15,-0.13,-47.42,-37.11,-85.69
2026-08-03 13:24:19.115,0.6,0.02,-0.09,-23.19,-24.23,-85.88
2026-08-03 13:24:19.116,0.6,0.02,-0.09,-23.19,-24.23,-85.88
2026-08-03 13:24:19.175,0.58,0.06,0.27,-19.9,-23.38,-52.19
2026-08-03 13:24:19.175,0.58,0.06,0.27,-19.9,-23.38,-52.19
2026-08-03 13:24:19.176,0.51,0.04,0.63,-21.0,-54.5,-0.37
2026-08-03 13:24:19.409,0.51,0.04,0.63,-21.0,-54.5,-0.37
2026-08-03 13:24:19.410,0.4,-0.06,1.06,-27.16,-85.57,59.39
2026-08-03 13:24:19.411,0.1,-0.33,1.84,-62.32,-59.57,121.4
2026-08-03 13:24:19.412,0.1,-0.33,1.84,-62.32,-59.57,121.4
2026-08-03 13:24:19.412,-0.25,-0.5,2.49,-87.22,-11.35,133.3
2026-08-03 13:24:19.412,-0.25,-0.5,2.49,-87.22,-11.35,133.3
2026-08-03 13:24:19.412,-0.33,-0.34,2.08,-48.4,-26.0,70.25
2026-08-03 13:24:19.413,-0.33,-0.34,2.08,-48.4,-26.0,70.25
2026-08-03 13:24:19.413,-0.25,-0.19,1.03,10.99,-68.42,4.64
2026-08-03 13:24:19.413,-0.23,-0.17,0.34,26.92,-67.87,-15.14
2026-08-03 13:24:19.531,-0.23,-0.17,0.34,26.92,-67.87,-15.14
2026-08-03 13:24:19.532,-0.34,-0.16,0.17,-0.85,-42.48,-6.96
2026-08-03 13:24:19.532,-0.34,-0.16,0.17,-0.85,-42.48,-6.96
2026-08-03 13:24:19.532,-0.5,-0.13,0.19,-46.75,-22.46,4.7
2026-08-03 13:24:19.533,-0.5,-0.13,0.19,-46.75,-22.46,4.7
2026-08-03 13:24:19.533,-0.59,-0.09,0.2,-80.51,-3.91,-7.02
2026-08-03 13:24:19.592,-0.59,-0.09,0.2,-80.51,-3.91,-7.02
2026-08-03 13:24:19.592,-0.45,-0.05,0.31,-87.95,31.8,-52.06
2026-08-03 13:24:19.652,-0.07,-0.02,0.9,-65.98,93.81,-102.29
2026-08-03 13:24:19.653,-0.07,-0.02,0.9,-65.98,93.81,-102.29
2026-08-03 13:24:19.653,0.35,-0.05,1.84,-2.44,140.69,-113.89
2026-08-03 13:24:19.710,0.35,-0.05,1.84,-2.44,140.69,-113.89
2026-08-03 13:24:19.712,0.62,-0.23,2.22,74.4,118.47,-80.02
2026-08-03 13:24:19.712,0.62,-0.23,2.22,74.4,118.47,-80.02
2026-08-03 13:24:19.770,0.73,-0.48,1.66,120.79,38.02,-34.97
2026-08-03 13:24:19.771,0.71,-0.62,0.77,131.71,-44.01,-5.98
2026-08-03 13:24:19.847,0.71,-0.62,0.77,131.71,-44.01,-5.98
2026-08-03 13:24:19.848,0.65,-0.62,0.29,109.25,-83.86,7.26
2026-08-03 13:24:19.851,0.65,-0.62,0.29,109.25,-83.86,7.26
2026-08-03 13:24:19.896,0.71,-0.52,0.44,59.88,-87.89,13.85
2026-08-03 13:24:19.896,0.71,-0.52,0.44,59.88,-87.89,13.85
2026-08-03 13:24:19.953,0.86,-0.33,0.81,7.08,-101.14,25.33
2026-08-03 13:24:19.953,0.92,-0.3,0.99,-46.26,-137.27,59.81
2026-08-03 13:24:19.954,0.92,-0.3,0.99,-46.26,-137.27,59.81
2026-08-03 13:24:20.070,0.84,-0.66,1.1,-118.16,-157.71,100.77
2026-08-03 13:24:20.071,0.84,-0.66,1.1,-118.16,-157.71,100.77
2026-08-03 13:24:20.072,0.46,-1.18,1.24,-195.13,-138.18,103.27
2026-08-03 13:24:20.072,0.46,-1.18,1.24,-195.13,-138.18,103.27
2026-08-03 13:24:20.072,-0.04,-1.3,1.07,-231.14,-93.14,41.99
2026-08-03 13:24:20.130,-0.29,-1.09,1.05,-225.1,-26.31,-45.1
2026-08-03 13:24:20.131,-0.29,-1.09,1.05,-225.1,-26.31,-45.1
2026-08-03 13:24:20.131,-0.36,-0.96,1.28,-223.63,42.05,-96.86
2026-08-03 13:24:20.192,-0.36,-0.96,1.28,-223.63,42.05,-96.86
2026-08-03 13:24:20.192,-0.3,-0.68,1.07,-215.33,68.66,-133.18
2026-08-03 13:24:20.193,-0.3,-0.68,1.07,-215.33,68.66,-133.18
2026-08-03 13:24:20.370,-0.08,-0.26,0.64,-196.96,57.74,-168.58
2026-08-03 13:24:20.371,0.12,-0.12,0.44,-203.37,29.48,-166.2
2026-08-03 13:24:20.371,0.12,-0.12,0.44,-203.37,29.48,-166.2
2026-08-03 13:24:20.372,0.18,-0.21,0.32,-207.58,-3.05,-130.0
2026-08-03 13:24:20.372,0.18,-0.21,0.32,-207.58,-3.05,-130.0
2026-08-03 13:24:20.373,0.53,-0.27,0.69,-232.85,-14.1,-102.17
2026-08-03 13:24:20.373,0.53,-0.27,0.69,-232.85,-14.1,-102.17
2026-08-03 13:24:20.430,0.77,-0.42,0.45,-249.69,-62.44,-98.63
2026-08-03 13:24:20.431,0.82,-0.9,-0.46,-112.67,-110.23,-76.54
2026-08-03 13:24:20.431,0.82,-0.9,-0.46,-112.67,-110.23,-76.54
2026-08-03 13:24:20.490,1.03,-0.79,-0.6,51.15,-65.67,-61.28
2026-08-03 13:24:20.491,1.03,-0.79,-0.6,51.15,-65.67,-61.28
2026-08-03 13:24:20.673,1.01,-0.26,-0.4,61.04,8.3,-59.2
2026-08-03 13:24:20.674,1.01,-0.26,-0.4,61.04,8.3,-59.2
2026-08-03 13:24:20.857,0.92,-0.17,-0.18,-0.12,43.88,-27.53
2026-08-03 13:24:20.912,0.94,-0.17,-0.12,-28.14,34.61,-0.98
2026-08-03 13:24:20.912,0.94,-0.17,-0.12,-28.14,34.61,-0.98
2026-08-03 13:24:20.913,0.96,-0.23,-0.16,-21.73,15.38,8.24
2026-08-03 13:24:20.913,0.96,-0.23,-0.16,-21.73,15.38,8.24
2026-08-03 13:24:20.913,0.95,-0.33,-0.19,-13.49,8.12,11.84
2026-08-03 13:24:20.914,0.95,-0.33,-0.19,-13.49,8.12,11.84
2026-08-03 13:24:20.914,0.95,-0.33,-0.19,-13.49,8.12,11.84
2026-08-03 13:24:20.914,0.95,-0.33,-0.19,-13.49,8.12,11.84
2026-08-03 13:24:20.915,0.93,-0.3,-0.13,-5.68,9.4,6.47
2026-08-03 13:24:20.915,0.93,-0.3,-0.13,-5.68,9.4,6.47
2026-08-03 13:24:20.916,0.93,-0.33,-0.11,5.31,1.95,6.9
2026-08-03 13:24:20.917,0.94,-0.32,-0.1,28.2,-9.09,2.01
2026-08-03 13:24:20.918,0.94,-0.32,-0.1,28.2,-9.09,2.01
2026-08-03 13:24:20.918,0.94,-0.31,-0.08,52.37,-17.64,-7.45
2026-08-03 13:24:20.919,0.94,-0.31,-0.08,52.37,-17.64,-7.45
2026-08-03 13:24:20.919,0.94,-0.33,-0.07,71.47,-24.11,-13.0
2026-08-03 13:24:20.920,0.94,-0.33,-0.07,71.47,-24.11,-13.0
2026-08-03 13:24:20.971,0.95,-0.32,-0.07,87.22,-29.11,-18.86
2026-08-03 13:24:20.972,0.95,-0.32,-0.07,87.22,-29.11,-18.86
2026-08-03 13:24:21.090,0.97,-0.27,-0.07,88.5,-29.48,-20.87
2026-08-03 13:24:21.091,0.99,-0.26,-0.05,74.89,-23.5,-7.32
2026-08-03 13:24:21.092,0.99,-0.26,-0.05,74.89,-23.5,-7.32
2026-08-03 13:24:21.092,0.99,-0.29,-0.02,77.21,-13.37,13.31
2026-08-03 13:24:21.093,0.99,-0.29,-0.02,77.21,-13.37,13.31
2026-08-03 13:24:21.211,0.97,-0.31,0.02,102.54,-4.27,31.49
2026-08-03 13:24:21.212,0.97,-0.31,0.02,102.54,-4.27,31.49
2026-08-03 13:24:21.212,0.94,-0.29,0.07,125.55,3.23,47.73
2026-08-03 13:24:21.212,0.91,-0.32,0.12,137.27,18.13,68.79
2026-08-03 13:24:21.213,0.91,-0.32,0.12,137.27,18.13,68.79
2026-08-03 13:24:21.390,0.77,-0.48,0.3,150.15,50.96,105.71
2026-08-03 13:24:21.390,0.77,-0.48,0.3,150.15,50.96,105.71
2026-08-03 13:24:21.393,0.41,-0.65,0.57,196.04,84.66,148.8
2026-08-03 13:24:21.393,0.41,-0.65,0.57,196.04,84.66,148.8
2026-08-03 13:24:21.394,0.09,-0.58,0.73,288.76,79.04,141.72
2026-08-03 13:24:21.394,0.06,-0.38,0.71,291.69,60.91,70.86
2026-08-03 13:24:21.395,0.06,-0.38,0.71,291.69,60.91,70.86
2026-08-03 13:24:21.395,0.09,-0.45,0.69,146.36,87.34,18.43
2026-08-03 13:24:21.395,0.09,-0.45,0.69,146.36,87.34,18.43
2026-08-03 13:24:21.465,0.03,-0.67,0.74,31.92,129.64,-3.17
2026-08-03 13:24:21.465,0.03,-0.67,0.74,31.92,129.64,-3.17
2026-08-03 13:24:21.514,0.05,-0.64,0.76,35.22,128.66,-48.95
2026-08-03 13:24:21.578,0.16,-0.44,0.77,55.6,103.94,-110.05
2026-08-03 13:24:21.578,0.16,-0.44,0.77,55.6,103.94,-110.05
2026-08-03 13:24:21.579,0.27,-0.21,0.79,29.48,98.57,-162.54
2026-08-03 13:24:21.633,0.27,-0.21,0.79,29.48,98.57,-162.54
2026-08-03 13:24:21.634,0.27,0.03,0.87,3.23,111.15,-189.7
2026-08-03 13:24:21.634,0.27,0.03,0.87,3.23,111.15,-189.7
2026-08-03 13:24:21.636,0.13,0.11,1.03,-10.86,141.6,-176.7
2026-08-03 13:24:21.692,-0.04,0.07,1.26,-25.33,176.39,-153.75
2026-08-03 13:24:21.695,-0.04,0.07,1.26,-25.33,176.39,-153.75
2026-08-03 13:24:21.751,-0.11,0.14,1.6,-20.87,188.48,-153.32
2026-08-03 13:24:21.752,-0.11,0.14,1.6,-20.87,188.48,-153.32
2026-08-03 13:24:21.752,-0.08,0.23,1.75,-7.02,175.23,-154.91
2026-08-03 13:24:21.812,-0.08,0.23,1.75,-7.02,175.23,-154.91
2026-08-03 13:24:21.812,-0.05,0.24,1.57,4.76,136.11,-135.01
2026-08-03 13:24:21.813,-0.05,0.24,1.57,15.2,77.58,-110.17
2026-08-03 13:24:21.870,-0.06,0.19,1.31,15.2,77.58,-110.17
2026-08-03 13:24:21.871,-0.06,0.11,1.11,13.73,25.82,-102.54
2026-08-03 13:24:21.934,-0.06,0.11,1.11,13.73,25.82,-102.54
2026-08-03 13:24:21.934,-0.04,0.04,0.94,14.71,-10.8,-110.11
2026-08-03 13:24:21.936,-0.04,0.04,0.94,14.71,-10.8,-110.11
2026-08-03 13:24:21.991,-0.02,-0.02,0.79,21.61,-35.71,-114.75
2026-08-03 13:24:21.993,-0.02,-0.02,0.79,21.61,-35.71,-114.75
2026-08-03 13:24:21.993,0.01,-0.09,0.69,19.96,-47.73,-107.73
2026-08-03 13:24:22.050,0.03,-0.15,0.67,4.09,-46.57,-96.01
2026-08-03 13:24:22.051,0.03,-0.15,0.67,4.09,-46.57,-96.01
2026-08-03 13:24:22.119,0.05,-0.22,0.71,-23.56,-37.78,-87.77
2026-08-03 13:24:22.120,0.05,-0.22,0.71,-23.56,-37.78,-87.77
2026-08-03 13:24:22.120,0.11,-0.27,0.79,-43.7,-35.1,-81.85
2026-08-03 13:24:22.171,0.11,-0.27,0.79,-43.7,-35.1,-81.85
2026-08-03 13:24:22.235,0.19,-0.29,0.87,-49.93,-38.82,-69.27
2026-08-03 13:24:22.250,0.27,-0.31,0.97,-50.42,-36.38,-48.65
2026-08-03 13:24:22.251,0.27,-0.31,0.97,-50.42,-36.38,-48.65
2026-08-03 13:24:22.252,0.31,-0.26,1.18,-40.71,-22.71,-25.88
2026-08-03 13:24:22.294,0.31,-0.26,1.18,-40.71,-22.71,-25.88
2026-08-03 13:24:22.295,0.28,-0.23,1.46,-27.1,-7.45,-2.99
2026-08-03 13:24:22.296,0.28,-0.23,1.46,-27.1,-7.45,-2.99
2026-08-03 13:24:22.356,0.23,-0.24,1.48,-17.46,-8.42,9.16
2026-08-03 13:24:22.362,0.23,-0.24,1.48,-17.46,-8.42,9.16
2026-08-03 13:24:22.411,0.24,-0.19,1.24,-9.4,-24.05,4.03
2026-08-03 13:24:22.418,0.27,-0.13,1.02,-8.85,-32.59,0.85
2026-08-03 13:24:22.470,0.27,-0.13,1.02,-8.85,-32.59,0.85
2026-08-03 13:24:22.472,0.25,-0.14,0.96,-24.17,-24.17,9.4
2026-08-03 13:24:22.473,0.25,-0.14,0.96,-24.17,-24.17,9.4
2026-08-03 13:24:22.473,0.22,-0.19,0.92,-43.88,-9.28,10.13
2026-08-03 13:24:22.590,0.22,-0.19,0.92,-43.88,-9.28,10.13
2026-08-03 13:24:22.592,0.18,-0.21,0.82,-42.54,3.91,-11.72
2026-08-03 13:24:22.593,0.18,-0.21,0.82,-30.52,13.61,-45.35
2026-08-03 13:24:22.596,0.11,-0.2,0.68,-30.52,13.61,-45.35
2026-08-03 13:24:22.596,0.05,-0.16,0.57,-26.86,23.56,-72.69
2026-08-03 13:24:22.650,0.05,-0.16,0.57,-26.86,23.56,-72.69
2026-08-03 13:24:22.710,0.03,-0.12,0.54,-18.55,38.09,-85.75
2026-08-03 13:24:22.711,0.03,-0.12,0.54,-18.55,38.09,-85.75
2026-08-03 13:24:22.711,0.04,-0.09,0.58,1.89,51.76,-85.08
2026-08-03 13:24:22.711,0.04,-0.05,0.66,29.6,62.5,-70.92
2026-08-03 13:24:22.785,0.04,-0.05,0.66,29.6,62.5,-70.92
2026-08-03 13:24:22.799,0.01,-0.03,0.85,62.07,75.56,-47.36
2026-08-03 13:24:22.799,0.01,-0.03,0.85,62.07,75.56,-47.36
2026-08-03 13:24:22.842,-0.03,-0.0,1.12,94.18,90.21,-31.19
2026-08-03 13:24:22.842,-0.03,-0.0,1.12,94.18,90.21,-31.19
2026-08-03 13:24:22.950,-0.06,0.04,1.39,107.18,98.08,-32.53
2026-08-03 13:24:22.951,-0.08,0.08,1.56,92.83,89.42,-42.3
2026-08-03 13:24:23.011,-0.08,0.08,1.56,92.83,89.42,-42.3
2026-08-03 13:24:23.011,-0.08,0.07,1.49,67.38,59.2,-45.29
2026-08-03 13:24:23.011,-0.08,0.07,1.49,67.38,59.2,-45.29
2026-08-03 13:24:23.012,-0.1,-0.01,1.19,38.21,18.37,-31.98
2026-08-03 13:24:23.012,-0.1,-0.01,1.19,38.21,18.37,-31.98
2026-08-03 13:24:23.013,-0.14,-0.15,0.89,4.03,-7.39,-8.91
2026-08-03 13:24:23.081,-0.14,-0.15,0.89,-19.84,-3.3,0.12
2026-08-03 13:24:23.082,-0.16,-0.25,0.78,-19.84,-3.3,0.12
2026-08-03 13:24:23.082,-0.11,-0.22,0.83,-21.18,9.28,-18.55
2026-08-03 13:24:23.130,-0.11,-0.22,0.83,-21.18,9.28,-18.55
2026-08-03 13:24:23.131,-0.01,-0.1,0.87,-7.75,3.91,-42.48
2026-08-03 13:24:23.132,-0.01,-0.1,0.87,-7.75,3.91,-42.48
2026-08-03 13:24:23.194,0.06,-0.03,0.86,1.95,-8.97,-43.88
2026-08-03 13:24:23.195,0.06,-0.03,0.86,1.95,-8.97,-43.88
2026-08-03 13:24:23.311,0.05,-0.04,0.88,-4.52,-13.0,-27.53
2026-08-03 13:24:23.312,0.03,-0.06,0.92,-16.72,-15.08,-14.28
2026-08-03 13:24:23.312,0.03,-0.06,0.92,-16.72,-15.08,-14.28
2026-08-03 13:24:23.370,0.03,-0.04,0.94,-17.94,-24.96,-13.43
2026-08-03 13:24:23.372,0.03,-0.04,0.94,-17.94,-24.96,-13.43
2026-08-03 13:24:23.373,0.08,-0.01,0.93,-13.0,-40.41,-13.18
2026-08-03 13:24:23.374,0.08,-0.01,0.93,-13.0,-40.41,-13.18
2026-08-03 13:24:23.374,0.11,-0.03,0.95,-12.76,-50.6,8.54
2026-08-03 13:24:23.376,0.11,-0.03,0.95,-12.76,-50.6,8.54
2026-08-03 13:24:23.430,0.1,-0.13,1.05,-2.26,-51.45,43.15
2026-08-03 13:24:23.432,0.11,-0.17,1.18,31.74,-55.48,70.07
2026-08-03 13:24:23.490,0.11,-0.17,1.18,31.74,-55.48,70.07
2026-08-03 13:24:23.490,0.17,-0.07,1.29,71.41,-70.74,101.5
2026-08-03 13:24:23.491,0.17,-0.07,1.29,71.41,-70.74,101.5
2026-08-03 13:24:23.550,0.25,0.11,1.3,83.62,-86.91,138.73
2026-08-03 13:24:23.550,0.25,0.11,1.3,83.62,-86.91,138.73
2026-08-03 13:24:23.671,0.32,0.23,1.24,52.43,-85.94,151.12
2026-08-03 13:24:23.671,0.32,0.23,1.24,52.43,-85.94,151.12
2026-08-03 13:24:23.671,0.32,0.23,1.24,52.43,-85.94,151.12
2026-08-03 13:24:23.671,0.32,0.23,1.24,52.43,-85.94,151.12
2026-08-03 13:24:23.672,0.24,0.16,1.21,-51.64,-30.7,52.49
2026-08-03 13:24:23.672,0.19,0.13,1.12,-68.12,-7.75,18.49
2026-08-03 13:24:23.730,0.19,0.13,1.12,-68.12,-7.75,18.49
2026-08-03 13:24:23.731,0.17,0.09,0.91,-78.98,-1.59,14.83
2026-08-03 13:24:23.732,0.17,0.09,0.91,-78.98,-1.59,14.83
2026-08-03 13:24:23.790,0.15,0.01,0.7,-89.11,2.01,22.52
2026-08-03 13:24:23.791,0.15,0.01,0.7,-89.11,2.01,22.52
2026-08-03 13:24:23.850,0.14,-0.11,0.57,-86.67,9.46,30.03
2026-08-03 13:24:23.857,0.14,-0.11,0.57,-86.67,9.46,30.03
2026-08-03 13:24:23.857,0.19,-0.2,0.53,-71.9,13.43,32.1
2026-08-03 13:24:23.912,0.23,-0.28,0.57,-56.95,14.04,29.97
2026-08-03 13:24:23.912,0.23,-0.28,0.57,-56.95,14.04,29.97
2026-08-03 13:24:23.979,0.24,-0.34,0.64,-42.85,18.01,21.0
2026-08-03 13:24:23.980,0.24,-0.34,0.64,-42.85,18.01,21.0
2026-08-03 13:24:23.980,0.22,-0.36,0.75,-23.8,29.97,3.17
2026-08-03 13:24:24.089,0.22,-0.36,0.75,-23.8,29.97,3.17
2026-08-03 13:24:24.090,0.19,-0.37,0.87,-3.05,44.19,-16.24
2026-08-03 13:24:24.091,0.19,-0.37,0.87,14.53,48.95,-29.85
2026-08-03 13:24:24.093,0.17,-0.37,0.95,14.53,48.95,-29.85
2026-08-03 13:24:24.095,0.18,-0.29,1.16,36.8,44.49,-40.59
2026-08-03 13:24:24.096,0.18,-0.29,1.16,36.8,44.49,-40.59
2026-08-03 13:24:24.150,0.19,-0.11,1.39,55.73,36.93,-54.93
2026-08-03 13:24:24.151,0.19,-0.11,1.39,55.73,36.93,-54.93
2026-08-03 13:24:24.215,0.13,-0.04,1.2,34.79,28.99,-57.56
2026-08-03 13:24:24.215,0.13,-0.04,1.2,34.79,28.99,-57.56
2026-08-03 13:24:24.216,0.01,-0.17,0.74,-25.51,21.24,-35.03
2026-08-03 13:24:24.271,-0.06,-0.35,0.47,-64.76,11.6,-15.2
2026-08-03 13:24:24.273,-0.06,-0.35,0.47,-64.76,11.6,-15.2
2026-08-03 13:24:24.330,-0.0,-0.4,0.54,-40.16,6.71,-20.94
2026-08-03 13:24:24.331,-0.0,-0.4,0.54,-40.16,6.71,-20.94
2026-08-03 13:24:24.331,0.14,-0.35,0.74,13.49,10.99,-34.67
2026-08-03 13:24:24.390,0.14,-0.35,0.74,13.49,10.99,-34.67
2026-08-03 13:24:24.392,0.25,-0.31,0.86,43.27,11.84,-36.13
2026-08-03 13:24:24.473,0.25,-0.31,0.86,42.79,7.08,-27.1
2026-08-03 13:24:24.475,0.26,-0.31,0.89,42.79,7.08,-27.1
2026-08-03 13:24:24.475,0.23,-0.35,0.91,29.05,4.03,-17.7
2026-08-03 13:24:24.476,0.23,-0.35,0.91,29.05,4.03,-17.7
2026-08-03 13:24:24.516,0.22,-0.38,0.94,15.26,-0.79,-11.9
2026-08-03 13:24:24.516,0.22,-0.38,0.94,15.26,-0.79,-11.9
2026-08-03 13:24:24.570,0.24,-0.38,0.93,6.47,-9.09,-6.04
2026-08-03 13:24:24.572,0.24,-0.38,0.93,6.47,-9.09,-6.04
2026-08-03 13:24:24.575,0.26,-0.38,0.9,1.4,-10.8,4.52
2026-08-03 13:24:24.630,0.26,-0.38,0.9,0.06,4.39,18.74
2026-08-03 13:24:24.631,0.24,-0.4,0.86,0.06,4.39,18.74
2026-08-03 13:24:24.693,0.19,-0.36,0.98,9.89,38.21,21.67
2026-08-03 13:24:24.694,0.19,-0.36,0.98,9.89,38.21,21.67
2026-08-03 13:24:24.694,0.07,-0.2,1.29,33.57,81.54,-6.16
2026-08-03 13:24:24.759,0.07,-0.2,1.29,33.57,81.54,-6.16
2026-08-03 13:24:24.760,0.01,-0.06,1.35,42.3,88.13,-26.37
2026-08-03 13:24:24.810,0.07,-0.06,1.17,29.6,38.88,-0.49
2026-08-03 13:24:24.811,0.07,-0.06,1.17,29.6,38.88,-0.49
2026-08-03 13:24:24.811,0.09,-0.07,1.04,21.73,-10.74,31.01
2026-08-03 13:24:24.870,0.09,-0.07,1.04,21.73,-10.74,31.01
2026-08-03 13:24:24.871,0.03,-0.06,0.88,17.52,-33.14,40.22
2026-08-03 13:24:24.871,0.03,-0.06,0.88,17.52,-33.14,40.22
2026-08-03 13:24:24.932,-0.02,-0.03,0.69,7.75,-33.14,34.42
2026-08-03 13:24:24.933,-0.02,-0.03,0.69,7.75,-33.14,34.42
2026-08-03 13:24:24.937,-0.04,0.03,0.59,-3.91,-14.89,17.09
2026-08-03 13:24:24.992,-0.06,0.07,0.54,-4.7,6.53,1.53
2026-08-03 13:24:24.992,-0.06,0.07,0.54,-4.7,6.53,1.53
2026-08-03 13:24:25.051,-0.11,0.09,0.53,7.69,28.38,-4.94
2026-08-03 13:24:25.053,-0.11,0.09,0.53,7.69,28.38,-4.94
2026-08-03 13:24:25.054,-0.16,0.11,0.56,25.39,52.61,-9.28
2026-08-03 13:24:25.110,-0.16,0.11,0.56,25.39,52.61,-9.28
2026-08-03 13:24:25.111,-0.22,0.14,0.64,49.68,69.4,-19.35
2026-08-03 13:24:25.111,-0.22,0.14,0.64,49.68,69.4,-19.35
2026-08-03 13:24:25.170,-0.28,0.23,0.82,78.19,76.42,-38.33
2026-08-03 13:24:25.171,-0.34,0.35,1.15,101.01,85.39,-58.53
2026-08-03 13:24:25.237,-0.34,0.35,1.15,101.01,85.39,-58.53
2026-08-03 13:24:25.239,-0.41,0.43,1.56,111.45,98.33,-69.52
2026-08-03 13:24:25.241,-0.41,0.43,1.56,111.45,98.33,-69.52
2026-08-03 13:24:25.292,-0.45,0.42,1.92,115.23,99.3,-71.66
2026-08-03 13:24:25.293,-0.45,0.42,1.92,115.23,99.3,-71.66
2026-08-03 13:24:25.294,-0.32,0.38,1.96,122.86,64.09,-68.73
2026-08-03 13:24:25.355,-0.06,0.4,1.5,115.05,-4.21,-47.3
2026-08-03 13:24:25.356,-0.06,0.4,1.5,115.05,-4.21,-47.3
2026-08-03 13:24:25.470,0.03,0.39,0.93,54.14,-48.95,7.93
2026-08-03 13:24:25.471,0.03,0.39,0.93,54.14,-48.95,7.93
2026-08-03 13:24:25.481,-0.14,0.27,0.65,-37.29,-33.51,74.1
2026-08-03 13:24:25.482,-0.14,0.27,0.65,-37.29,-33.51,74.1
2026-08-03 13:24:25.485,-0.33,0.14,0.62,-95.34,8.42,109.68
2026-08-03 13:24:25.485,-0.33,0.14,0.62,-95.34,8.42,109.68
2026-08-03 13:24:25.545,-0.33,0.14,0.62,-95.34,8.42,109.68
2026-08-03 13:24:25.554,-0.33,0.14,0.62,-95.34,8.42,109.68
2026-08-03 13:24:25.554,-0.29,0.15,0.66,-98.51,41.08,85.63
2026-08-03 13:24:25.592,-0.28,0.15,0.66,-86.18,48.34,78.55
2026-08-03 13:24:25.596,-0.28,0.15,0.66,-86.18,48.34,78.55
2026-08-03 13:24:25.772,-0.33,0.06,0.74,-66.1,61.65,78.98
2026-08-03 13:24:25.772,-0.33,0.06,0.74,-66.1,61.65,78.98
2026-08-03 13:24:25.772,-0.37,-0.03,0.85,-38.09,63.42,69.03
2026-08-03 13:24:25.773,-0.37,-0.03,0.85,-38.09,63.42,69.03
2026-08-03 13:24:25.773,-0.36,-0.05,0.92,-10.86,44.01,43.09
2026-08-03 13:24:25.773,-0.36,-0.05,0.92,7.26,16.72,11.11
2026-08-03 13:24:25.774,-0.33,0.0,1.0,7.26,16.72,11.11
2026-08-03 13:24:25.779,-0.33,0.12,1.13,16.05,1.1,-14.16
2026-08-03 13:24:25.838,-0.33,0.12,1.13,16.05,1.1,-14.16
2026-08-03 13:24:25.839,-0.34,0.23,1.3,19.9,3.6,-26.55
2026-08-03 13:24:25.839,-0.34,0.23,1.3,19.9,3.6,-26.55
2026-08-03 13:24:25.891,-0.29,0.27,1.38,28.69,8.12,-25.27
2026-08-03 13:24:25.891,-0.29,0.27,1.38,28.69,8.12,-25.27
2026-08-03 13:24:26.010,-0.15,0.31,1.24,37.84,-8.79,-12.02
2026-08-03 13:24:26.079,-0.15,0.31,1.24,22.95,-32.71,13.92
2026-08-03 13:24:26.084,-0.06,0.4,1.06,22.95,-32.71,13.92
2026-08-03 13:24:26.084,-0.14,0.45,1.07,-25.02,-27.71,51.7
2026-08-03 13:24:26.085,-0.14,0.45,1.07,-25.02,-27.71,51.7
2026-08-03 13:24:26.085,-0.31,0.42,1.14,-82.82,-0.06,87.71
2026-08-03 13:24:26.086,-0.31,0.42,1.14,-82.82,-0.06,87.71
2026-08-03 13:24:26.086,-0.4,0.34,0.99,-118.65,14.95,106.26
2026-08-03 13:24:26.086,-0.4,0.34,0.99,-118.65,14.95,106.26
2026-08-03 13:24:26.138,-0.39,0.31,0.68,-123.66,10.68,105.83
2026-08-03 13:24:26.138,-0.39,0.31,0.43,-113.89,12.21,94.06
2026-08-03 13:24:26.208,-0.39,0.31,0.43,-113.89,12.21,94.06
2026-08-03 13:24:26.208,-0.46,0.3,0.28,-100.77,28.32,82.09
2026-08-03 13:24:26.209,-0.46,0.3,0.28,-100.77,28.32,82.09
2026-08-03 13:24:26.250,-0.54,0.24,0.21,-75.74,46.14,79.41
2026-08-03 13:24:26.310,-0.54,0.24,0.21,-75.74,46.14,79.41
2026-08-03 13:24:26.311,-0.56,0.17,0.25,-29.66,65.37,76.29
2026-08-03 13:24:26.312,-0.58,0.2,0.4,21.0,90.88,56.27
2026-08-03 13:24:26.312,-0.58,0.2,0.4,21.0,90.88,56.27
2026-08-03 13:24:26.442,-0.68,0.32,0.55,54.38,117.92,25.45
2026-08-03 13:24:26.443,-0.68,0.32,0.55,54.38,117.92,25.45
2026-08-03 13:24:26.443,-0.78,0.46,0.71,87.95,126.89,-5.13
2026-08-03 13:24:26.444,-0.78,0.46,0.71,87.95,126.89,-5.13
2026-08-03 13:24:26.444,-0.69,0.53,0.95,151.0,95.89,-34.18
2026-08-03 13:24:26.491,-0.69,0.53,0.95,216.74,28.69,-51.82
2026-08-03 13:24:26.513,-0.43,0.54,1.0,216.74,28.69,-51.82
2026-08-03 13:24:26.515,-0.23,0.64,0.75,213.13,-27.47,-37.66
2026-08-03 13:24:26.550,-0.23,0.64,0.75,213.13,-27.47,-37.66
2026-08-03 13:24:26.551,-0.35,0.75,0.46,118.84,-13.73,19.96
2026-08-03 13:24:26.615,-0.35,0.75,0.46,118.84,-13.73,19.96
2026-08-03 13:24:26.615,-0.74,0.69,0.37,14.77,61.52,97.47
2026-08-03 13:24:26.616,-1.05,0.54,0.49,-10.13,135.62,143.92
2026-08-03 13:24:26.670,-1.05,0.54,0.49,-10.13,135.62,143.92
2026-08-03 13:24:26.671,-1.12,0.47,0.7,19.96,173.95,141.85
2026-08-03 13:24:26.732,-1.12,0.47,0.7,19.96,173.95,141.85
2026-08-03 13:24:26.732,-1.11,0.37,0.83,28.44,184.75,121.4
2026-08-03 13:24:26.733,-1.07,0.17,0.84,2.93,176.76,99.85
2026-08-03 13:24:26.790,-1.07,0.17,0.84,2.93,176.76,99.85
2026-08-03 13:24:26.791,-0.97,0.04,0.77,-25.39,139.71,68.66
2026-08-03 13:24:26.794,-0.97,0.04,0.77,-25.39,139.71,68.66
2026-08-03 13:24:26.854,-0.82,0.13,0.72,-32.29,68.73,23.19
2026-08-03 13:24:26.855,-0.82,0.13,0.72,-32.29,68.73,23.19
2026-08-03 13:24:26.911,-0.66,0.43,0.67,-21.55,-11.35,-25.45
2026-08-03 13:24:26.911,-0.66,0.43,0.67,-21.55,-11.35,-25.45
2026-08-03 13:24:26.912,-0.66,0.43,0.67,-21.55,-11.35,-25.45
2026-08-03 13:24:27.032,-0.66,0.43,0.67,-21.55,-11.35,-25.45
2026-08-03 13:24:27.032,-0.49,1.33,0.9,-39.0,-68.66,-54.14
2026-08-03 13:24:27.033,-0.49,1.33,0.9,-78.67,-43.21,-23.25
2026-08-03 13:24:27.033,-0.39,1.43,1.16,-78.67,-43.21,-23.25
2026-08-03 13:24:27.033,-0.37,1.2,1.1,-125.0,-14.1,26.86
2026-08-03 13:24:27.034,-0.37,1.2,1.1,-125.0,-14.1,26.86
2026-08-03 13:24:27.090,-0.56,0.99,0.83,-180.79,-4.46,69.21
2026-08-03 13:24:27.091,-0.56,0.99,0.83,-180.79,-4.46,69.21
2026-08-03 13:24:27.150,-0.8,0.91,0.62,-223.14,-20.2,75.93
2026-08-03 13:24:27.151,-0.8,0.91,0.62,-223.14,-20.2,75.93
2026-08-03 13:24:27.151,-0.89,0.87,0.55,-206.91,-50.66,46.75
2026-08-03 13:24:27.221,-0.78,0.86,0.59,-145.39,-80.87,6.16
2026-08-03 13:24:27.222,-0.78,0.86,0.59,-145.39,-80.87,6.16
2026-08-03 13:24:27.272,-0.65,0.86,0.62,-99.06,-101.26,-16.17
2026-08-03 13:24:27.273,-0.65,0.86,0.62,-99.06,-101.26,-16.17
2026-08-03 13:24:27.274,-0.64,0.89,0.59,-99.73,-105.53,-11.05
2026-08-03 13:24:27.390,-0.64,0.89,0.59,-132.2,-93.32,6.77
2026-08-03 13:24:27.475,-0.68,0.9,0.48,-132.2,-93.32,6.77
2026-08-03 13:24:27.476,-0.67,0.83,0.31,-158.2,-74.1,23.25
2026-08-03 13:24:27.477,-0.67,0.83,0.31,-158.2,-74.1,23.25
2026-08-03 13:24:27.478,-0.61,0.69,0.09,-154.6,-53.71,38.21
2026-08-03 13:24:27.478,-0.61,0.69,0.09,-154.6,-53.71,38.21
2026-08-03 13:24:27.478,-0.59,0.51,-0.11,-124.88,-28.75,56.15
2026-08-03 13:24:27.479,-0.59,0.51,-0.11,-124.88,-28.75,56.15
2026-08-03 13:24:27.515,-0.68,0.35,-0.24,-70.74,0.61,68.48
2026-08-03 13:24:27.516,-0.84,0.35,-0.28,11.29,27.65,50.84
2026-08-03 13:24:27.572,-0.84,0.35,-0.28,11.29,27.65,50.84
2026-08-03 13:24:27.573,-0.95,0.63,-0.08,122.38,52.12,-4.58
2026-08-03 13:24:27.573,-0.95,0.63,-0.08,122.38,52.12,-4.58
2026-08-03 13:24:27.630,-0.94,0.93,0.65,243.77,87.1,-62.62
2026-08-03 13:24:27.631,-0.94,0.93,0.65,243.77,87.1,-62.62
2026-08-03 13:24:27.631,-0.82,0.91,1.48,310.55,114.26,-88.75
2026-08-03 13:24:27.690,-0.66,0.76,1.63,279.17,85.69,-92.22
2026-08-03 13:24:27.764,-0.66,0.76,1.63,279.17,85.69,-92.22
2026-08-03 13:24:27.765,-0.57,0.69,1.32,212.1,5.55,-95.76
2026-08-03 13:24:27.766,-0.57,0.69,1.32,212.1,5.55,-95.76
2026-08-03 13:24:27.766,-0.48,0.61,1.08,180.97,-72.14,-107.85
2026-08-03 13:24:27.810,-0.48,0.61,1.08,172.0,-121.34,-122.86
2026-08-03 13:24:27.810,-0.28,0.54,0.92,172.0,-121.34,-122.86
2026-08-03 13:24:27.872,-0.09,0.49,0.7,159.97,-156.19,-125.43
2026-08-03 13:24:27.872,-0.09,0.49,0.7,159.97,-156.19,-125.43
2026-08-03 13:24:27.873,-0.0,0.48,0.48,151.43,-180.42,-110.47
2026-08-03 13:24:27.930,-0.0,0.48,0.48,151.43,-180.42,-110.47
2026-08-03 13:24:27.931,-0.02,0.51,0.4,144.35,-174.07,-87.4
2026-08-03 13:24:28.007,-0.12,0.57,0.5,128.78,-135.8,-63.84
2026-08-03 13:24:28.008,-0.12,0.57,0.5,128.78,-135.8,-63.84
2026-08-03 13:24:28.008,-0.28,0.63,0.7,113.71,-89.23,-41.63
2026-08-03 13:24:28.051,-0.28,0.63,0.7,113.71,-89.23,-41.63
2026-08-03 13:24:28.060,-0.46,0.74,0.93,100.22,-46.26,-22.52
2026-08-03 13:24:28.060,-0.46,0.74,0.93,100.22,-46.26,-22.52
2026-08-03 13:24:28.110,-0.59,0.9,1.11,75.44,-9.7,-8.73
2026-08-03 13:24:28.111,-0.59,0.9,1.11,75.44,-9.7,-8.73
2026-08-03 13:24:28.112,-0.59,0.9,1.11,75.44,-9.7,-8.73
2026-08-03 13:24:28.170,-0.59,0.9,1.11,75.44,-9.7,-8.73
2026-08-03 13:24:28.171,-0.72,0.85,1.08,-14.28,51.57,28.38
2026-08-03 13:24:28.171,-0.72,0.85,1.08,-14.28,51.57,28.38
2026-08-03 13:24:28.230,-0.66,0.67,0.88,-100.71,94.73,45.23
2026-08-03 13:24:28.231,-0.6,0.68,0.79,-169.37,90.76,39.61
2026-08-03 13:24:28.298,-0.6,0.68,0.79,-169.37,90.76,39.61
2026-08-03 13:24:28.299,-0.65,0.79,0.79,-179.87,26.06,21.67
2026-08-03 13:24:28.299,-0.65,0.79,0.79,-179.87,26.06,21.67
2026-08-03 13:24:28.350,-0.76,0.79,0.84,-146.67,-56.15,2.2
2026-08-03 13:24:28.350,-0.76,0.79,0.84,-146.67,-56.15,2.2
2026-08-03 13:24:28.424,-0.77,0.71,0.85,-96.62,-130.07,-20.75
2026-08-03 13:24:28.425,-0.65,0.66,0.75,-60.85,-182.19,-38.76
2026-08-03 13:24:28.426,-0.65,0.66,0.75,-60.85,-182.19,-38.76
2026-08-03 13:24:28.470,-0.52,0.59,0.59,-56.46,-191.83,-37.48
2026-08-03 13:24:28.470,-0.52,0.59,0.59,-56.46,-191.83,-37.48
2026-08-03 13:24:28.471,-0.44,0.47,0.46,-67.5,-161.56,-22.22
2026-08-03 13:24:28.532,-0.44,0.47,0.46,-67.5,-161.56,-22.22
2026-08-03 13:24:28.533,-0.38,0.33,0.31,-69.7,-119.08,-10.99
2026-08-03 13:24:28.593,-0.29,0.23,0.24,-55.05,-77.7,-11.17
2026-08-03 13:24:28.593,-0.29,0.23,0.24,-55.05,-77.7,-11.17
2026-08-03 13:24:28.594,-0.27,0.17,0.36,-28.38,-33.87,-20.08
2026-08-03 13:24:28.771,-0.27,0.17,0.36,-28.38,-33.87,-20.08
2026-08-03 13:24:28.771,-0.3,0.17,0.59,5.8,5.31,-40.1
2026-08-03 13:24:28.772,-0.28,0.26,0.77,36.74,26.98,-66.71
2026-08-03 13:24:28.772,-0.28,0.26,0.77,36.74,26.98,-66.71
2026-08-03 13:24:28.773,-0.26,0.36,0.97,52.31,35.83,-85.08
2026-08-03 13:24:28.773,-0.26,0.36,0.97,52.31,35.83,-85.08
2026-08-03 13:24:28.773,-0.28,0.4,1.38,60.18,41.75,-99.12
2026-08-03 13:24:28.774,-0.28,0.4,1.38,60.18,41.75,-99.12
2026-08-03 13:24:28.841,-0.14,0.46,1.65,59.81,26.06,-115.66
2026-08-03 13:24:28.842,0.03,0.47,1.37,26.0,-23.13,-109.56
2026-08-03 13:24:28.892,0.03,0.47,1.37,26.0,-23.13,-109.56
2026-08-03 13:24:28.892,-0.03,0.31,0.88,-31.8,-62.99,-77.27
2026-08-03 13:24:28.892,-0.03,0.31,0.88,-31.8,-62.99,-77.27
2026-08-03 13:24:28.950,-0.2,0.14,0.61,-66.47,-62.68,-61.16
2026-08-03 13:24:28.951,-0.2,0.14,0.61,-66.47,-62.68,-61.16
2026-08-03 13:24:29.010,-0.23,0.1,0.62,-55.36,-46.94,-79.28
2026-08-03 13:24:29.011,-0.23,0.1,0.62,-55.36,-46.94,-79.28
2026-08-03 13:24:29.011,-0.23,0.1,0.62,-55.36,-46.94,-79.28
2026-08-03 13:24:29.012,-0.23,0.1,0.62,-55.36,-46.94,-79.28
2026-08-03 13:24:29.070,0.06,0.26,0.67,6.65,-54.32,-116.33
2026-08-03 13:24:29.071,0.06,0.26,0.67,25.45,-58.35,-100.89
2026-08-03 13:24:29.138,0.17,0.31,0.63,25.45,-58.35,-100.89
2026-08-03 13:24:29.138,0.2,0.31,0.68,39.06,-40.95,-67.44
2026-08-03 13:24:29.139,0.2,0.31,0.68,39.06,-40.95,-67.44
2026-08-03 13:24:29.191,0.17,0.24,0.84,45.59,-12.51,-27.77
2026-08-03 13:24:29.192,0.17,0.24,0.84,45.59,-12.51,-27.77
2026-08-03 13:24:29.250,0.11,0.18,1.02,51.27,6.29,0.06
2026-08-03 13:24:29.250,0.11,0.18,1.02,51.27,6.29,0.06
2026-08-03 13:24:29.251,0.12,0.19,1.09,56.64,9.52,13.67
2026-08-03 13:24:29.315,0.14,0.26,1.15,57.37,13.43,22.64
2026-08-03 13:24:29.315,0.14,0.26,1.15,57.37,13.43,22.64
2026-08-03 13:24:29.316,0.01,0.36,1.39,51.03,34.55,20.94
2026-08-03 13:24:29.371,0.01,0.36,1.39,51.03,34.55,20.94
2026-08-03 13:24:29.371,-0.13,0.51,1.61,22.52,63.48,7.93
2026-08-03 13:24:29.371,-0.13,0.51,1.61,22.52,63.48,7.93
2026-08-03 13:24:29.432,-0.09,0.6,1.43,-23.62,70.98,15.81
2026-08-03 13:24:29.490,-0.09,0.6,1.43,-23.62,70.98,15.81
2026-08-03 13:24:29.549,-0.09,0.6,1.43,-23.62,70.98,15.81
2026-08-03 13:24:29.550,-0.09,0.6,1.43,-23.62,70.98,15.81
2026-08-03 13:24:29.551,0.01,0.41,0.41,-42.54,16.42,102.72
2026-08-03 13:24:29.551,0.01,0.41,0.41,-32.9,25.57,111.57
2026-08-03 13:24:29.551,-0.08,0.34,0.35,-32.9,25.57,111.57
2026-08-03 13:24:29.551,-0.18,0.35,0.7,-49.13,74.65,78.61
2026-08-03 13:24:29.617,-0.18,0.35,0.7,-49.13,74.65,78.61
2026-08-03 13:24:29.620,-0.24,0.38,1.09,-83.44,108.95,30.64
2026-08-03 13:24:29.620,-0.24,0.38,1.09,-83.44,108.95,30.64
2026-08-03 13:24:29.671,-0.23,0.38,1.16,-95.89,86.36,5.49
2026-08-03 13:24:29.672,-0.23,0.38,1.16,-95.89,86.36,5.49
2026-08-03 13:24:29.730,-0.19,0.38,0.96,-70.62,29.97,4.76
2026-08-03 13:24:29.731,-0.17,0.39,0.82,-36.8,-7.14,4.09
2026-08-03 13:24:29.731,-0.17,0.39,0.82,-36.8,-7.14,4.09
2026-08-03 13:24:29.790,-0.19,0.41,0.85,-21.3,-8.24,-8.0
2026-08-03 13:24:29.790,-0.19,0.41,0.85,-21.3,-8.24,-8.0
2026-08-03 13:24:29.858,-0.21,0.44,0.92,-18.37,-1.71,-23.99
2026-08-03 13:24:29.859,-0.21,0.44,0.92,-18.37,-1.71,-23.99
2026-08-03 13:24:29.859,-0.19,0.46,0.88,-4.03,-16.24,-34.12
2026-08-03 13:24:29.910,-0.19,0.46,0.88,-4.03,-16.24,-34.12
2026-08-03 13:24:29.911,-0.14,0.53,0.77,49.8,-53.71,-41.32
2026-08-03 13:24:29.911,0.06,0.83,0.61,140.38,-88.2,-42.18
2026-08-03 13:24:29.970,0.06,0.83,0.61,140.38,-88.2,-42.18
2026-08-03 13:24:29.970,0.28,1.21,0.46,190.31,-75.5,-3.66
2026-08-03 13:24:30.030,0.28,1.21,0.46,190.31,-75.5,-3.66
2026-08-03 13:24:30.030,0.01,1.17,0.56,140.87,12.02,91.43
2026-08-03 13:24:30.031,0.01,1.17,0.56,140.87,12.02,91.43
2026-08-03 13:24:30.091,-0.6,0.64,0.81,42.91,128.17,199.58
2026-08-03 13:24:30.093,-0.9,0.11,0.92,-28.63,188.42,253.36
2026-08-03 13:24:30.093,-0.9,0.11,0.92,-28.63,188.42,253.36
2026-08-03 13:24:30.150,-0.85,-0.13,0.98,-53.16,180.3,230.77
2026-08-03 13:24:30.151,-0.85,-0.13,0.98,-53.16,180.3,230.77
2026-08-03 13:24:30.210,-0.7,-0.14,1.05,-46.39,146.73,161.32
2026-08-03 13:24:30.211,-0.7,-0.14,1.05,-46.39,146.73,161.32
2026-08-03 13:24:30.211,-0.5,0.05,1.03,-41.69,106.51,79.41
2026-08-03 13:24:30.270,-0.37,0.25,0.95,-52.12,65.25,18.74
2026-08-03 13:24:30.271,-0.37,0.25,0.95,-52.12,65.25,18.74
2026-08-03 13:24:30.335,-0.35,0.33,0.89,-54.69,32.23,-5.86
2026-08-03 13:24:30.336,-0.35,0.33,0.89,-54.69,32.23,-5.86
2026-08-03 13:24:30.336,-0.35,0.37,0.84,-37.6,5.19,-13.24
2026-08-03 13:24:30.391,-0.35,0.37,0.84,-37.6,5.19,-13.24
2026-08-03 13:24:30.391,-0.33,0.38,0.79,-13.55,-17.27,-14.47
2026-08-03 13:24:30.391,-0.29,0.35,0.71,2.81,-27.83,-6.23
2026-08-03 13:24:30.450,-0.29,0.35,0.71,2.81,-27.83,-6.23
2026-08-03 13:24:30.450,-0.24,0.3,0.63,10.56,-21.79,7.87
2026-08-03 13:24:30.510,-0.24,0.3,0.63,10.56,-21.79,7.87
2026-08-03 13:24:30.510,-0.2,0.36,0.6,12.51,-5.86,19.9
2026-08-03 13:24:30.510,-0.2,0.36,0.6,12.51,-5.86,19.9
2026-08-03 13:24:30.570,-0.2,0.5,0.64,7.45,11.29,31.92
2026-08-03 13:24:30.571,-0.2,0.5,0.64,7.45,11.29,31.92
2026-08-03 13:24:30.571,-0.3,0.57,0.74,0.98,26.92,50.29
2026-08-03 13:24:30.631,-0.44,0.5,0.84,5.07,36.44,69.46
2026-08-03 13:24:30.632,-0.44,0.5,0.84,5.07,36.44,69.46
2026-08-03 13:24:30.690,-0.59,0.41,0.94,13.12,41.26,72.27
2026-08-03 13:24:30.690,-0.59,0.41,0.94,13.12,41.26,72.27
2026-08-03 13:24:30.691,-0.76,0.33,1.09,8.0,52.73,56.09
2026-08-03 13:24:30.750,-0.87,0.29,1.21,-4.76,62.99,34.48
2026-08-03 13:24:30.750,-0.87,0.29,1.21,-4.76,62.99,34.48
2026-08-03 13:24:30.814,-0.8,0.38,1.22,-3.48,53.71,12.76
2026-08-03 13:24:30.816,-0.8,0.38,1.22,-3.48,53.71,12.76
2026-08-03 13:24:30.817,-0.64,0.53,1.19,11.23,29.3,-19.1
2026-08-03 13:24:30.870,-0.64,0.53,1.19,11.23,29.3,-19.1
2026-08-03 13:24:30.871,-0.43,0.65,1.06,20.69,-9.09,-64.21
2026-08-03 13:24:30.872,-0.43,0.65,1.06,20.69,-9.09,-64.21
2026-08-03 13:24:30.930,-0.24,0.7,0.82,21.73,-64.15,-99.24
2026-08-03 13:24:30.931,-0.22,0.7,0.61,11.72,-108.83,-112.79
2026-08-03 13:24:30.990,-0.22,0.7,0.61,11.72,-108.83,-112.79
2026-08-03 13:24:30.991,-0.29,0.7,0.53,-5.37,-123.84,-117.68
2026-08-03 13:24:30.991,-0.29,0.7,0.53,-5.37,-123.84,-117.68
2026-08-03 13:24:31.050,-0.31,0.77,0.47,-5.0,-125.0,-117.49
2026-08-03 13:24:31.051,-0.31,0.77,0.47,-5.0,-125.0,-117.49
2026-08-03 13:24:31.051,-0.17,0.84,0.39,21.85,-124.21,-104.31
2026-08-03 13:24:31.115,0.06,0.82,0.37,47.61,-112.43,-74.1
2026-08-03 13:24:31.116,0.06,0.82,0.37,47.61,-112.43,-74.1
2026-08-03 13:24:31.182,0.19,0.63,0.4,50.42,-85.51,-39.18
2026-08-03 13:24:31.183,0.19,0.63,0.4,50.42,-85.51,-39.18
2026-08-03 13:24:31.183,0.16,0.37,0.46,44.98,-49.99,-16.17
2026-08-03 13:24:31.230,0.16,0.37,0.46,44.98,-49.99,-16.17
2026-08-03 13:24:31.231,0.08,0.17,0.59,58.9,-16.3,-7.02
2026-08-03 13:24:31.295,-0.03,0.12,0.87,94.67,3.05,-8.54
2026-08-03 13:24:31.295,-0.03,0.12,0.87,94.67,3.05,-8.54
2026-08-03 13:24:31.324,-0.15,0.21,1.2,120.06,2.5,-23.8
2026-08-03 13:24:31.352,-0.15,0.21,1.2,120.06,2.5,-23.8
2026-08-03 13:24:31.352,-0.17,0.38,1.33,103.94,-15.81,-51.94
2026-08-03 13:24:31.353,-0.17,0.38,1.33,103.94,-15.81,-51.94
2026-08-03 13:24:31.410,-0.17,0.57,1.3,57.98,-35.1,-86.36
2026-08-03 13:24:31.411,-0.17,0.57,1.3,19.78,-46.02,-130.31
2026-08-03 13:24:31.470,-0.24,0.89,1.29,19.78,-46.02,-130.31
2026-08-03 13:24:31.470,-0.18,1.39,1.33,-12.63,-71.84,-186.16
2026-08-03 13:24:31.471,-0.18,1.39,1.33,-12.63,-71.84,-186.16
2026-08-03 13:24:31.534,0.2,1.63,1.2,-76.35,-120.36,-195.07
2026-08-03 13:24:31.535,0.2,1.63,1.2,-76.35,-120.36,-195.07
2026-08-03 13:24:31.535,0.48,1.33,0.75,-141.66,-137.82,-85.45
2026-08-03 13:24:31.593,0.48,1.33,0.75,-141.66,-137.82,-85.45
2026-08-03 13:24:31.594,0.21,0.81,0.21,-166.56,-69.34,75.74
2026-08-03 13:24:31.652,-0.37,0.32,-0.07,-158.26,47.97,164.55
2026-08-03 13:24:31.652,-0.37,0.32,-0.07,-158.26,47.97,164.55
2026-08-03 13:24:31.653,-0.67,-0.08,-0.02,-103.7,127.32,158.39
2026-08-03 13:24:31.770,-0.67,-0.08,-0.02,-103.7,127.32,158.39
2026-08-03 13:24:31.770,-0.49,-0.08,0.27,-14.59,129.64,81.97
2026-08-03 13:24:31.771,-0.49,-0.08,0.27,52.8,98.63,-23.5
2026-08-03 13:24:31.772,-0.13,0.35,0.7,52.8,98.63,-23.5
2026-08-03 13:24:31.772,0.06,0.76,1.24,53.65,100.59,-82.28
2026-08-03 13:24:31.852,0.06,0.76,1.24,53.65,100.59,-82.28
2026-08-03 13:24:31.852,0.03,0.77,1.44,-6.96,125.79,-46.57
2026-08-03 13:24:31.858,0.03,0.77,1.44,-6.96,125.79,-46.57
2026-08-03 13:24:31.901,-0.07,0.5,1.17,-76.84,130.25,45.53
2026-08-03 13:24:31.902,-0.07,0.5,1.17,-76.84,130.25,45.53
2026-08-03 13:24:31.952,-0.18,0.28,0.91,-116.39,119.32,113.4
2026-08-03 13:24:31.952,-0.32,0.24,0.87,-131.04,104.74,128.66
2026-08-03 13:24:31.952,-0.32,0.24,0.87,-131.04,104.74,128.66
2026-08-03 13:24:32.010,-0.46,0.34,0.8,-137.94,75.62,122.19
2026-08-03 13:24:32.011,-0.46,0.34,0.8,-137.94,75.62,122.19
2026-08-03 13:24:32.071,-0.69,0.48,0.76,-142.94,57.74,122.13
2026-08-03 13:24:32.071,-0.69,0.48,0.76,-142.58,93.38,117.49
2026-08-03 13:24:32.072,-1.02,0.49,1.03,-142.58,93.38,117.49
2026-08-03 13:24:32.136,-1.04,0.44,1.16,-119.14,102.17,104.37
2026-08-03 13:24:32.137,-1.04,0.44,1.16,-119.14,102.17,104.37
2026-08-03 13:24:32.137,-0.59,0.52,0.76,-77.88,2.01,109.37
2026-08-03 13:24:32.191,-0.59,0.52,0.76,-77.88,2.01,109.37
2026-08-03 13:24:32.191,-0.27,0.63,0.37,-55.6,-84.05,137.15
2026-08-03 13:24:32.256,-0.27,0.63,0.37,-75.38,-23.99,154.72
2026-08-03 13:24:32.256,-0.46,0.58,0.5,-75.38,-23.99,154.72
2026-08-03 13:24:32.257,-0.8,0.47,0.83,-132.26,98.39,130.55
2026-08-03 13:24:32.312,-0.8,0.47,0.83,-132.26,98.39,130.55
2026-08-03 13:24:32.313,-0.91,0.38,0.85,-178.1,125.37,82.95
2026-08-03 13:24:32.313,-0.91,0.38,0.85,-178.1,125.37,82.95
2026-08-03 13:24:32.370,-0.82,0.31,0.6,-160.77,46.39,48.4
2026-08-03 13:24:32.371,-0.69,0.32,0.38,-101.01,-37.11,22.58
2026-08-03 13:24:32.435,-0.69,0.32,0.38,-101.01,-37.11,22.58
2026-08-03 13:24:32.436,-0.65,0.41,0.33,-52.37,-59.94,-11.47
2026-08-03 13:24:32.436,-0.65,0.41,0.33,-52.37,-59.94,-11.47
2026-08-03 13:24:32.490,-0.65,0.53,0.38,-24.23,-41.02,-44.31
2026-08-03 13:24:32.490,-0.65,0.53,0.38,-24.23,-41.02,-44.31
2026-08-03 13:24:32.552,-0.65,0.58,0.4,1.59,-26.0,-56.76
2026-08-03 13:24:32.553,-0.65,0.58,0.4,36.56,-27.4,-46.08
2026-08-03 13:24:32.554,-0.61,0.56,0.35,36.56,-27.4,-46.08
2026-08-03 13:24:32.611,-0.56,0.52,0.54,84.23,-16.48,-22.64
2026-08-03 13:24:32.612,-0.56,0.52,0.54,84.23,-16.48,-22.64
2026-08-03 13:24:32.670,-0.54,0.39,0.95,118.41,12.57,6.29
2026-08-03 13:24:32.671,-0.54,0.39,0.95,118.41,12.57,6.29
2026-08-03 13:24:32.672,-0.55,0.18,1.02,96.74,19.04,41.26
2026-08-03 13:24:32.734,-0.66,-0.05,0.75,27.53,8.67,72.2
2026-08-03 13:24:32.743,-0.66,-0.05,0.75,27.53,8.67,72.2
2026-08-03 13:24:32.792,-0.86,-0.22,0.57,-23.86,19.96,79.65
2026-08-03 13:24:32.793,-0.86,-0.22,0.57,-23.86,19.96,79.65
2026-08-03 13:24:32.793,-0.94,-0.25,0.67,-14.47,38.94,53.1
2026-08-03 13:24:32.850,-0.94,-0.25,0.67,-14.47,38.94,53.1
2026-08-03 13:24:32.853,-0.78,-0.08,0.84,26.18,30.64,5.0
2026-08-03 13:24:32.853,-0.52,0.14,0.86,48.71,2.14,-26.98
2026-08-03 13:24:32.910,-0.52,0.14,0.86,48.71,2.14,-26.98
2026-08-03 13:24:32.911,-0.4,0.25,0.8,38.27,-7.39,-22.77
2026-08-03 13:24:32.911,-0.4,0.25,0.8,38.27,-7.39,-22.77
2026-08-03 13:24:32.992,-0.43,0.24,0.79,10.19,11.84,-0.79
2026-08-03 13:24:32.993,-0.43,0.24,0.79,10.19,11.84,-0.79
2026-08-03 13:24:33.043,-0.48,0.23,0.81,-14.59,28.87,17.03
2026-08-03 13:24:33.044,-0.51,0.27,0.82,-28.99,27.1,28.14
2026-08-03 13:24:33.044,-0.51,0.27,0.82,-28.99,27.1,28.14
2026-08-03 13:24:33.092,-0.58,0.31,0.84,-39.31,22.28,37.17
2026-08-03 13:24:33.092,-0.58,0.31,0.84,-39.31,22.28,37.17
2026-08-03 13:24:33.151,-0.68,0.39,0.87,-51.03,27.28,42.24
2026-08-03 13:24:33.152,-0.68,0.39,0.87,-51.03,27.28,42.24
2026-08-03 13:24:33.153,-0.78,0.47,0.93,-62.74,40.83,42.42
2026-08-03 13:24:33.286,-0.78,0.47,0.93,-62.74,40.83,42.42
2026-08-03 13:24:33.287,-0.78,0.47,0.93,-62.74,40.83,42.42
2026-08-03 13:24:33.288,-0.78,0.47,0.93,-62.74,40.83,42.42
2026-08-03 13:24:33.288,-0.76,0.36,1.0,-75.56,36.5,42.42
2026-08-03 13:24:33.288,-0.76,0.36,1.0,-94.73,0.49,40.95
2026-08-03 13:24:33.290,-0.64,0.33,0.79,-94.73,0.49,40.95
2026-08-03 13:24:33.335,-0.58,0.32,0.61,-123.72,-19.47,35.52
2026-08-03 13:24:33.336,-0.58,0.32,0.61,-123.72,-19.47,35.52
2026-08-03 13:24:33.390,-0.62,0.28,0.64,-139.47,-4.64,24.23
2026-08-03 13:24:33.391,-0.62,0.28,0.64,-139.47,-4.64,24.23
2026-08-03 13:24:33.391,-0.69,0.24,0.77,-137.39,14.77,-0.12
2026-08-03 13:24:33.450,-0.69,0.24,0.77,-137.39,14.77,-0.12
2026-08-03 13:24:33.450,-0.69,0.22,0.85,-124.76,4.21,-29.79
2026-08-03 13:24:33.510,-0.61,0.21,0.78,-106.75,-37.05,-51.39
2026-08-03 13:24:33.511,-0.61,0.21,0.78,-106.75,-37.05,-51.39
2026-08-03 13:24:33.512,-0.5,0.23,0.64,-91.0,-78.74,-61.83
2026-08-03 13:24:33.578,-0.5,0.23,0.64,-91.0,-78.74,-61.83
2026-08-03 13:24:33.579,-0.42,0.21,0.59,-83.8,-92.22,-60.49
2026-08-03 13:24:33.579,-0.42,0.21,0.59,-83.8,-92.22,-60.49
2026-08-03 13:24:33.630,-0.43,0.13,0.63,-80.44,-78.43,-49.44
2026-08-03 13:24:33.630,-0.5,0.01,0.7,-66.96,-61.89,-33.69
2026-08-03 13:24:33.631,-0.5,0.01,0.7,-66.96,-61.89,-33.69
2026-08-03 13:24:33.690,-0.54,-0.06,0.72,-33.26,-58.53,-16.6
2026-08-03 13:24:33.691,-0.54,-0.06,0.72,-33.26,-58.53,-16.6
2026-08-03 13:24:33.751,-0.51,-0.07,0.77,13.31,-60.3,2.87
2026-08-03 13:24:33.753,-0.51,-0.07,0.77,13.31,-60.3,2.87
2026-08-03 13:24:33.753,-0.5,-0.13,0.94,52.06,-51.33,24.11
2026-08-03 13:24:33.810,-0.51,-0.25,1.16,75.44,-34.18,43.52
2026-08-03 13:24:33.811,-0.51,-0.25,1.16,75.44,-34.18,43.52
2026-08-03 13:24:33.872,-0.45,-0.36,1.22,93.26,-29.85,65.37
2026-08-03 13:24:33.872,-0.45,-0.36,1.22,93.26,-29.85,65.37
2026-08-03 13:24:33.873,-0.34,-0.32,0.93,108.22,-47.67,91.25
2026-08-03 13:24:33.937,-0.34,-0.32,0.93,108.22,-47.67,91.25
2026-08-03 13:24:33.938,-0.21,-0.12,0.58,110.47,-61.46,108.34
2026-08-03 13:24:33.990,-0.14,0.09,0.59,97.53,-33.33,114.38
2026-08-03 13:24:33.992,-0.14,0.09,0.59,97.53,-33.33,114.38
2026-08-03 13:24:33.992,-0.15,0.15,0.99,69.64,23.86,116.21
2026-08-03 13:24:34.051,-0.15,0.15,0.99,69.64,23.86,116.21
2026-08-03 13:24:34.051,-0.13,0.11,1.33,21.73,59.02,110.29
2026-08-03 13:24:34.052,-0.13,0.11,1.33,21.73,59.02,110.29
2026-08-03 13:24:34.110,-0.11,0.1,1.29,-30.09,51.09,95.89
2026-08-03 13:24:34.111,-0.11,0.1,1.29,-30.09,51.09,95.89
2026-08-03 13:24:34.111,-0.14,0.1,1.03,-62.19,17.15,84.05
2026-08-03 13:24:34.171,-0.15,0.15,0.86,-62.74,-9.34,80.44
2026-08-03 13:24:34.172,-0.15,0.15,0.86,-62.74,-9.34,80.44
2026-08-03 13:24:34.230,-0.13,0.27,0.85,-38.57,-5.07,82.52
2026-08-03 13:24:34.231,-0.13,0.27,0.85,-38.57,-5.07,82.52
2026-08-03 13:24:34.232,-0.12,0.39,0.89,-23.62,20.26,95.34
2026-08-03 13:24:34.297,-0.12,0.39,0.89,-23.62,20.26,95.34
2026-08-03 13:24:34.297,-0.18,0.41,0.93,-32.29,38.51,117.43
2026-08-03 13:24:34.350,-0.29,0.34,0.91,-41.14,29.85,137.94
2026-08-03 13:24:34.351,-0.29,0.34,0.91,-41.14,29.85,137.94
2026-08-03 13:24:34.352,-0.34,0.21,0.76,-29.97,6.9,142.76
2026-08-03 13:24:34.410,-0.34,0.21,0.76,-29.97,6.9,142.76
2026-08-03 13:24:34.411,-0.29,0.16,0.59,-11.84,-5.43,109.56
2026-08-03 13:24:34.411,-0.29,0.16,0.59,-11.84,-5.43,109.56
2026-08-03 13:24:34.471,-0.23,0.21,0.5,-26.67,-18.31,50.05
2026-08-03 13:24:34.489,-0.23,0.21,0.5,-71.23,-36.68,14.28
2026-08-03 13:24:34.533,-0.14,0.25,0.51,-71.23,-36.68,14.28
2026-08-03 13:24:34.534,-0.06,0.28,0.7,-56.58,-42.18,15.56
2026-08-03 13:24:34.545,-0.06,0.28,0.7,-56.58,-42.18,15.56
2026-08-03 13:24:34.590,-0.06,0.3,0.93,52.55,-53.28,17.33
2026-08-03 13:24:34.591,-0.06,0.3,0.93,52.55,-53.28,17.33
2026-08-03 13:24:34.592,-0.14,0.33,1.03,132.51,-56.64,25.39
2026-08-03 13:24:34.651,-0.14,0.33,1.03,99.73,-14.4,66.1
2026-08-03 13:24:34.651,-0.23,0.36,1.09,99.73,-14.4,66.1
2026-08-03 13:24:34.722,-0.26,0.29,1.21,25.15,49.56,102.91
2026-08-03 13:24:34.727,-0.26,0.29,1.21,25.15,49.56,102.91
2026-08-03 13:24:34.737,-0.24,0.17,1.24,-23.38,86.67,97.05
2026-08-03 13:24:34.770,-0.24,0.17,1.24,-23.38,86.67,97.05
2026-08-03 13:24:34.773,-0.24,0.12,1.12,-46.02,78.37,60.06
2026-08-03 13:24:34.833,-0.27,0.18,0.97,-59.33,48.34,19.29
2026-08-03 13:24:34.833,-0.27,0.18,0.97,-59.33,48.34,19.29
2026-08-03 13:24:34.834,-0.27,0.34,0.94,-70.74,29.11,-18.01
2026-08-03 13:24:34.890,-0.27,0.34,0.94,-70.74,29.11,-18.01
2026-08-03 13:24:34.891,-0.28,0.49,0.98,-65.37,44.68,-66.16
2026-08-03 13:24:34.893,-0.28,0.49,0.98,-65.37,44.68,-66.16
2026-08-03 13:24:34.952,-0.32,0.51,0.92,-38.64,60.73,-96.68
2026-08-03 13:24:34.953,-0.35,0.44,0.85,-28.08,29.24,-70.8
2026-08-03 13:24:35.026,-0.35,0.44,0.85,-28.08,29.24,-70.8
2026-08-03 13:24:35.026,-0.36,0.33,0.88,-54.08,-36.99,-16.48
2026-08-03 13:24:35.030,-0.36,0.33,0.88,-54.08,-36.99,-16.48
2026-08-03 13:24:35.077,-0.3,0.22,0.97,-88.38,-101.14,22.34
2026-08-03 13:24:35.079,-0.3,0.22,0.97,-88.38,-101.14,22.34
2026-08-03 13:24:35.130,-0.18,0.11,1.08,-91.06,-118.96,36.25
2026-08-03 13:24:35.132,-0.11,0.01,1.15,-68.3,-67.99,38.82
2026-08-03 13:24:35.132,-0.11,0.01,1.15,-68.3,-67.99,38.82
2026-08-03 13:24:35.191,-0.15,-0.07,1.08,-44.25,3.85,33.81
2026-08-03 13:24:35.191,-0.15,-0.07,1.08,-44.25,3.85,33.81
2026-08-03 13:24:35.192,-0.22,-0.08,0.88,-15.14,20.87,36.38
2026-08-03 13:24:35.250,-0.22,-0.08,0.88,-15.14,20.87,36.38
2026-08-03 13:24:35.251,-0.17,0.02,0.61,33.14,-52.92,64.45
2026-08-03 13:24:35.320,-0.17,0.02,0.61,70.37,-124.63,94.3
2026-08-03 13:24:35.321,-0.05,0.06,0.55,70.37,-124.63,94.3
2026-08-03 13:24:35.321,0.0,0.01,0.77,54.2,-91.8,99.79
2026-08-03 13:24:35.373,0.0,0.01,0.77,54.2,-91.8,99.79
2026-08-03 13:24:35.373,-0.0,-0.03,0.98,14.77,-19.35,76.23
2026-08-03 13:24:35.375,-0.0,-0.03,0.98,14.77,-19.35,76.23
2026-08-03 13:24:35.431,-0.01,-0.03,1.05,-6.35,14.65,33.26
2026-08-03 13:24:35.431,-0.01,-0.03,1.05,-6.35,14.65,33.26
2026-08-03 13:24:35.490,-0.0,-0.01,1.02,-7.69,13.85,0.24
2026-08-03 13:24:35.490,0.0,-0.0,0.99,-2.62,3.78,-9.09
2026-08-03 13:24:35.491,0.0,-0.0,0.99,-2.62,3.78,-9.09
2026-08-03 13:24:35.550,0.0,-0.0,0.98,0.79,-1.77,-5.19
2026-08-03 13:24:35.551,0.0,-0.0,0.98,0.79,-1.77,-5.19
2026-08-03 13:24:35.674,0.0,-0.0,0.98,1.22,-2.2,-0.31
2026-08-03 13:24:35.674,0.0,-0.0,0.98,1.22,-2.2,-0.31
2026-08-03 13:24:35.674,0.0,-0.01,0.99,0.55,-0.85,1.46
2026-08-03 13:24:35.678,0.0,-0.01,0.99,0.55,-0.85,1.46
2026-08-03 13:24:35.678,0.0,-0.01,0.99,0.06,0.06,1.1
2026-08-03 13:24:35.682,0.0,-0.01,0.99,0.06,0.06,1.1
2026-08-03 13:24:35.744,0.0,-0.01,0.99,-0.06,0.18,0.37
2026-08-03 13:24:35.744,0.0,-0.01,0.99,0.0,0.0,0.06
2026-08-03 13:24:35.746,0.0,-0.01,0.99,0.0,0.0,0.06
2026-08-03 13:24:35.790,0.0,-0.01,0.99,0.12,-0.12,0.06
2026-08-03 13:24:35.792,0.0,-0.01,0.99,0.12,-0.12,0.06
2026-08-03 13:24:35.850,0.0,-0.01,0.99,0.12,-0.12,0.18
2026-08-03 13:24:35.851,0.0,-0.01,0.99,0.12,-0.12,0.18
2026-08-03 13:24:35.851,0.0,-0.01,0.99,0.12,-0.12,0.24
2026-08-03 13:24:35.913,0.0,-0.01,0.99,0.12,-0.12,0.24
2026-08-03 13:24:35.913,0.0,-0.01,0.99,0.12,-0.06,0.24
2026-08-03 13:24:35.914,0.0,-0.01,0.99,0.12,-0.06,0.24
2026-08-03 13:24:35.977,0.0,-0.01,0.99,0.12,-0.06,0.24
2026-08-03 13:24:35.977,0.0,-0.01,0.99,0.12,-0.06,0.24
2026-08-03 13:24:35.978,0.0,-0.01,0.99,0.12,-0.06,0.24
2026-08-03 13:24:36.038,0.0,-0.01,0.99,0.12,-0.06,0.24
2026-08-03 13:24:36.045,0.0,-0.01,0.99,0.12,-0.06,0.24
2026-08-03 13:24:36.091,0.0,-0.01,0.99,0.12,-0.06,0.24
2026-08-03 13:24:36.092,0.0,-0.01,0.99,0.12,-0.06,0.24
2026-08-03 13:24:36.092,0.0,-0.01,0.99,0.12,-0.06,0.18
2026-08-03 13:24:36.150,0.0,-0.01,0.99,0.12,-0.06,0.18
2026-08-03 13:24:36.151,0.0,-0.01,0.99,0.12,-0.12,0.18
2026-08-03 13:24:36.151,0.0,-0.01,0.99,0.12,-0.12,0.18
2026-08-03 13:24:36.211,0.0,-0.01,0.99,0.12,-0.12,0.18
2026-08-03 13:24:36.212,0.0,-0.01,0.98,0.12,-0.12,0.18
2026-08-03 13:24:36.212,0.0,-0.01,0.98,0.12,-0.12,0.18
2026-08-03 13:24:36.273,0.0,-0.01,0.99,0.12,-0.06,0.24
2026-08-03 13:24:36.274,0.0,-0.01,0.99,0.12,-0.06,0.24
2026-08-03 13:24:36.330,0.0,-0.01,0.99,0.06,-0.06,0.24
2026-08-03 13:24:36.332,0.0,-0.01,0.99,0.06,-0.06,0.24
2026-08-03 13:24:36.332,0.0,-0.01,0.99,0.06,-0.06,0.24
2026-08-03 13:24:36.390,0.0,-0.01,0.99,0.06,-0.06,0.24
2026-08-03 13:24:36.391,-0.0,-0.01,0.99,0.06,-0.06,0.18
2026-08-03 13:24:36.391,-0.0,-0.01,0.99,0.06,-0.06,0.18
2026-08-03 13:24:36.467,0.0,-0.01,0.99,0.06,-0.06,0.18
2026-08-03 13:24:36.469,0.0,-0.01,0.99,0.0,-0.06,0.24
2026-08-03 13:24:36.471,0.0,-0.01,0.99,0.0,-0.06,0.24
2026-08-03 13:24:36.511,0.0,-0.01,0.99,0.0,-0.06,0.24
2026-08-03 13:24:36.511,0.0,-0.01,0.99,0.0,-0.06,0.24
2026-08-03 13:24:36.570,0.0,-0.01,0.99,0.06,-0.06,0.18
2026-08-03 13:24:36.571,0.0,-0.01,0.99,0.06,-0.06,0.18
2026-08-03 13:24:36.571,0.0,-0.01,0.99,0.06,-0.06,0.18
2026-08-03 13:24:36.630,0.0,-0.01,0.99,0.06,-0.06,0.18
2026-08-03 13:24:36.631,0.0,-0.01,0.99,0.06,-0.12,0.24
2026-08-03 13:24:36.631,0.0,-0.01,0.99,0.06,-0.12,0.24
2026-08-03 13:24:36.690,0.0,-0.01,0.99,0.06,-0.06,0.18
2026-08-03 13:24:36.691,0.0,-0.01,0.99,0.06,-0.06,0.18
2026-08-03 13:24:36.774,0.0,-0.01,0.99,0.06,-0.06,0.18
2026-08-03 13:24:36.776,0.0,-0.01,0.99,0.06,-0.06,0.18
2026-08-03 13:24:36.776,0.0,-0.01,0.99,0.06,-0.06,0.18
2026-08-03 13:24:36.818,0.0,-0.01,0.99,0.06,-0.06,0.18
2026-08-03 13:24:36.819,0.0,-0.01,0.99,0.06,-0.06,0.18
2026-08-03 13:24:36.820,0.0,-0.01,0.99,0.06,-0.12,0.18
2026-08-03 13:24:36.870,0.0,-0.01,0.99,0.06,-0.12,0.24
2026-08-03 13:24:36.871,0.0,-0.01,0.99,0.06,-0.12,0.24
2026-08-03 13:24:36.931,0.0,-0.01,0.99,0.06,-0.12,0.24
2026-08-03 13:24:36.931,0.0,-0.01,0.99,0.06,-0.12,0.24
2026-08-03 13:24:36.932,0.0,-0.01,0.99,0.12,-0.12,0.24
2026-08-03 13:24:36.990,0.0,-0.01,0.99,0.12,-0.12,0.24
2026-08-03 13:24:36.991,0.0,-0.01,0.99,0.12,-0.12,0.24
2026-08-03 13:24:36.992,0.0,-0.01,0.99,0.12,-0.12,0.24
2026-08-03 13:24:37.050,0.0,-0.01,0.99,0.12,-0.12,0.18
2026-08-03 13:24:37.051,0.0,-0.01,0.99,0.12,-0.12,0.18
2026-08-03 13:24:37.051,0.0,-0.01,0.99,0.12,-0.12,0.18
2026-08-03 13:24:37.118,0.0,-0.01,0.99,0.12,-0.06,0.18
2026-08-03 13:24:37.120,0.0,-0.01,0.99,0.12,-0.06,0.18
2026-08-03 13:24:37.171,0.0,-0.01,0.99,0.06,-0.12,0.18
2026-08-03 13:24:37.172,0.0,-0.01,0.99,0.06,-0.12,0.18
2026-08-03 13:24:37.172,0.0,-0.01,0.99,0.06,-0.12,0.24
2026-08-03 13:24:37.230,0.0,-0.01,0.99,0.06,-0.12,0.24
2026-08-03 13:24:37.232,0.0,-0.01,0.99,0.06,-0.12,0.24
2026-08-03 13:24:37.232,0.0,-0.01,0.99,0.06,-0.12,0.24
2026-08-03 13:24:37.290,0.0,-0.01,0.99,0.06,-0.12,0.18
2026-08-03 13:24:37.290,0.0,-0.01,0.99,0.06,-0.12,0.18
2026-08-03 13:24:37.291,0.0,-0.01,0.99,0.12,-0.12,0.18
2026-08-03 13:24:37.411,0.0,-0.01,0.99,0.06,-0.06,0.18
2026-08-03 13:24:37.411,0.0,-0.01,0.99,0.06,-0.06,0.18
2026-08-03 13:24:37.412,0.0,-0.01,0.99,0.06,-0.06,0.18
2026-08-03 13:24:37.412,0.0,-0.01,0.99,0.06,-0.06,0.18
2026-08-03 13:24:37.413,0.0,-0.01,0.99,0.06,-0.12,0.18
2026-08-03 13:24:37.471,0.0,-0.01,0.99,0.06,-0.12,0.18
2026-08-03 13:24:37.529,0.0,-0.01,0.99,0.06,-0.12,0.18
2026-08-03 13:24:37.530,0.0,-0.01,0.99,0.06,-0.12,0.18
2026-08-03 13:24:37.531,0.0,-0.01,0.99,0.06,-0.12,0.18
2026-08-03 13:24:37.531,0.0,-0.01,0.99,0.06,-0.12,0.18
2026-08-03 13:24:37.531,0.0,-0.01,0.99,0.12,-0.12,0.18
2026-08-03 13:24:37.593,0.0,-0.01,0.99,0.12,-0.12,0.18
2026-08-03 13:24:37.593,0.0,-0.01,0.99,0.12,-0.12,0.18
2026-08-03 13:24:37.650,0.0,-0.01,0.99,0.12,-0.12,0.24
2026-08-03 13:24:37.650,0.0,-0.01,0.99,0.12,-0.12,0.24
2026-08-03 13:24:37.651,0.0,-0.01,0.99,0.12,-0.12,0.24
2026-08-03 13:24:37.710,0.0,-0.01,0.99,0.12,-0.12,0.24
2026-08-03 13:24:37.711,0.0,-0.01,0.99,0.12,-0.12,0.24
2026-08-03 13:24:37.711,0.0,-0.01,0.99,0.12,-0.12,0.24
2026-08-03 13:24:37.775,0.0,-0.01,0.99,0.06,-0.12,0.18
2026-08-03 13:24:37.776,0.0,-0.01,0.99,0.06,-0.12,0.18
2026-08-03 13:24:37.831,0.0,-0.01,0.99,0.06,-0.12,0.24
2026-08-03 13:24:37.831,0.0,-0.01,0.99,0.06,-0.12,0.24
2026-08-03 13:24:37.832,0.0,-0.01,0.99,0.06,-0.12,0.24
2026-08-03 13:24:37.832,0.0,-0.01,0.99,0.06,-0.12,0.24
2026-08-03 13:24:37.891,0.0,-0.01,0.99,0.12,-0.12,0.24
2026-08-03 13:24:37.891,0.0,-0.01,0.99,0.12,-0.12,0.24
2026-08-03 13:24:37.951,0.0,-0.01,0.99,0.12,-0.12,0.24
2026-08-03 13:24:37.954,0.0,-0.01,0.99,0.06,-0.12,0.24
2026-08-03 13:24:37.955,0.0,-0.01,0.99,0.06,-0.12,0.24
2026-08-03 13:24:38.015,0.0,-0.01,0.99,0.06,-0.06,0.24
2026-08-03 13:24:38.018,0.0,-0.01,0.99,0.06,-0.06,0.24
2026-08-03 13:24:38.021,0.0,-0.01,0.99,0.06,-0.06,0.24
2026-08-03 13:24:38.071,0.0,-0.01,0.99,0.06,-0.06,0.24
2026-08-03 13:24:38.072,0.0,-0.01,0.99,0.06,-0.12,0.18
2026-08-03 13:24:38.073,0.0,-0.01,0.99,0.06,-0.12,0.18
2026-08-03 13:24:38.130,0.0,-0.01,0.99,0.12,-0.12,0.24
2026-08-03 13:24:38.131,0.0,-0.01,0.99,0.12,-0.12,0.24
2026-08-03 13:24:38.190,0.0,-0.01,0.99,0.12,-0.12,0.24
2026-08-03 13:24:38.191,0.0,-0.01,0.99,0.12,-0.12,0.24
2026-08-03 13:24:38.191,0.0,-0.01,0.99,0.12,-0.12,0.24
2026-08-03 13:24:38.251,0.0,-0.01,0.99,0.12,-0.12,0.18
2026-08-03 13:24:38.252,0.0,-0.01,0.99,0.12,-0.12,0.18
2026-08-03 13:24:38.252,0.0,-0.01,0.99,0.12,-0.12,0.18
2026-08-03 13:24:38.323,0.0,-0.01,0.99,0.12,-0.12,0.18
2026-08-03 13:24:38.327,0.0,-0.01,0.99,0.12,-0.12,0.18
2026-08-03 13:24:38.327,0.0,-0.01,0.99,0.12,-0.12,0.18
2026-08-03 13:24:38.371,0.0,-0.01,0.99,0.12,-0.12,0.18
2026-08-03 13:24:38.372,0.0,-0.01,0.99,0.12,-0.12,0.18
2026-08-03 13:24:38.430,0.0,-0.01,0.99,0.12,-0.06,0.24
2026-08-03 13:24:38.431,0.0,-0.01,0.99,0.12,-0.06,0.24
2026-08-03 13:24:38.431,0.0,-0.01,0.99,0.12,-0.06,0.24
2026-08-03 13:24:38.491,0.0,-0.01,0.99,0.12,-0.06,0.24
2026-08-03 13:24:38.492,0.0,-0.01,0.99,0.12,-0.06,0.24
2026-08-03 13:24:38.492,0.0,-0.01,0.99,0.12,-0.06,0.24
2026-08-03 13:24:38.550,0.0,-0.01,0.99,0.12,-0.06,0.24
2026-08-03 13:24:38.551,0.0,-0.01,0.99,0.12,-0.12,0.24
2026-08-03 13:24:38.611,0.0,-0.01,0.99,0.12,-0.12,0.24
2026-08-03 13:24:38.613,0.0,-0.01,0.99,0.12,-0.12,0.24
2026-08-03 13:24:38.613,0.0,-0.01,0.99,0.12,-0.12,0.24
2026-08-03 13:24:38.671,0.0,-0.01,0.99,0.12,-0.06,0.18
2026-08-03 13:24:38.671,0.0,-0.01,0.99,0.12,-0.06,0.18
2026-08-03 13:24:38.672,0.0,-0.01,0.99,0.12,-0.06,0.18
2026-08-03 13:24:38.731,0.0,-0.01,0.99,0.12,-0.06,0.18
2026-08-03 13:24:38.734,0.0,-0.01,0.99,0.12,-0.06,0.18
2026-08-03 13:24:38.790,0.0,-0.01,0.99,0.12,-0.06,0.18
2026-08-03 13:24:38.790,0.0,-0.01,0.99,0.12,-0.06,0.18
2026-08-03 13:24:38.791,0.0,-0.01,0.99,0.12,-0.06,0.24
2026-08-03 13:24:38.850,0.0,-0.01,0.99,0.12,-0.06,0.24
2026-08-03 13:24:38.850,0.0,-0.01,0.99,0.12,-0.06,0.24
2026-08-03 13:24:38.851,0.0,-0.01,0.99,0.06,-0.06,0.24
2026-08-03 13:24:38.912,0.0,-0.01,0.99,0.06,-0.06,0.24
2026-08-03 13:24:38.947,0.0,-0.01,0.99,0.12,-0.06,0.18
2026-08-03 13:24:38.949,0.0,-0.01,0.99,0.12,-0.06,0.18
2026-08-03 13:24:38.977,0.0,-0.01,0.99,0.12,-0.06,0.18
2026-08-03 13:24:38.978,0.0,-0.01,0.99,0.12,-0.06,0.18
2026-08-03 13:24:39.030,0.0,-0.01,0.99,0.06,-0.06,0.18
2026-08-03 13:24:39.031,0.0,-0.01,0.99,0.06,-0.06,0.18
2026-08-03 13:24:39.094,0.0,-0.01,0.99,0.06,-0.12,0.18
2026-08-03 13:24:39.095,0.0,-0.01,0.99,0.12,-0.12,0.24
2026-08-03 13:24:39.095,0.0,-0.01,0.99,0.12,-0.12,0.24
2026-08-03 13:24:39.096,0.0,-0.01,0.99,0.12,-0.12,0.24
2026-08-03 13:24:39.150,0.0,-0.01,0.99,0.12,-0.12,0.24
2026-08-03 13:24:39.151,0.0,-0.01,0.99,0.12,-0.12,0.18
2026-08-03 13:24:39.213,0.0,-0.01,0.99,0.12,-0.12,0.18
2026-08-03 13:24:39.213,0.0,-0.01,0.99,0.06,-0.12,0.18
2026-08-03 13:24:39.214,0.0,-0.01,0.99,0.06,-0.12,0.18
2026-08-03 13:24:39.277,0.0,-0.01,0.99,0.12,-0.12,0.18
2026-08-03 13:24:39.278,0.0,-0.01,0.99,0.12,-0.12,0.18
2026-08-03 13:24:39.278,0.0,-0.01,0.99,0.12,-0.06,0.18
2026-08-03 13:24:39.337,0.0,-0.01,0.99,0.06,-0.12,0.18
2026-08-03 13:24:39.338,0.0,-0.01,0.99,0.06,-0.12,0.18
2026-08-03 13:24:39.397,0.0,-0.01,0.99,0.06,-0.12,0.18
2026-08-03 13:24:39.398,0.0,-0.01,0.99,0.06,-0.12,0.18
2026-08-03 13:24:39.398,0.0,-0.01,0.99,0.06,-0.12,0.24
2026-08-03 13:24:39.511,0.0,-0.01,0.99,0.06,-0.12,0.24
2026-08-03 13:24:39.512,0.0,-0.01,0.99,0.12,-0.12,0.24
2026-08-03 13:24:39.513,0.0,-0.01,0.99,0.12,-0.12,0.24
2026-08-03 13:24:39.514,0.0,-0.01,0.99,0.12,-0.12,0.18
2026-08-03 13:24:39.515,0.0,-0.01,0.99,0.12,-0.12,0.18
2026-08-03 13:24:39.516,0.0,-0.01,0.99,0.12,-0.12,0.18
2026-08-03 13:24:39.634,0.0,-0.01,0.99,0.12,-0.06,0.24
2026-08-03 13:24:39.634,0.0,-0.01,0.99,0.12,-0.06,0.24
2026-08-03 13:24:39.635,0.0,-0.01,0.99,0.06,-0.06,0.24
2026-08-03 13:24:39.635,0.0,-0.01,0.99,0.06,-0.06,0.24
2026-08-03 13:24:39.635,0.0,-0.01,0.99,0.06,-0.06,0.24
2026-08-03 13:24:39.691,0.0,-0.01,0.99,0.06,-0.06,0.24
2026-08-03 13:24:39.691,0.0,-0.01,0.99,0.06,-0.06,0.24
2026-08-03 13:24:39.692,0.0,-0.01,0.99,0.06,-0.06,0.24
2026-08-03 13:24:39.750,0.0,-0.01,0.99,0.06,-0.12,0.24
2026-08-03 13:24:39.751,0.0,-0.01,0.99,0.06,-0.12,0.24
2026-08-03 13:24:39.752,0.0,-0.01,0.99,0.12,-0.12,0.18
2026-08-03 13:24:39.810,0.0,-0.01,0.99,0.12,-0.12,0.18
2026-08-03 13:24:39.811,0.0,-0.01,0.99,0.12,-0.12,0.18
2026-08-03 13:24:39.873,-0.0,-0.01,0.99,0.12,-0.12,0.24
2026-08-03 13:24:39.873,-0.0,-0.01,0.99,0.12,-0.12,0.24
2026-08-03 13:24:39.874,0.0,-0.01,0.99,0.12,-0.12,0.24
2026-08-03 13:24:39.932,0.0,-0.01,0.99,0.12,-0.12,0.24
2026-08-03 13:24:39.933,0.0,-0.01,0.99,0.12,-0.12,0.18
2026-08-03 13:24:39.933,0.0,-0.01,0.99,0.12,-0.12,0.18
2026-08-03 13:24:39.991,0.0,-0.01,0.99,0.12,-0.12,0.18
2026-08-03 13:24:39.991,0.0,-0.01,0.99,0.12,-0.12,0.18
2026-08-03 13:24:39.991,0.0,-0.01,0.99,0.12,-0.12,0.18
2026-08-03 13:24:40.050,0.0,-0.01,0.99,0.12,-0.12,0.18
2026-08-03 13:24:40.051,0.0,-0.01,0.99,0.06,-0.06,0.18
2026-08-03 13:24:40.110,0.0,-0.01,0.99,0.06,-0.06,0.18
2026-08-03 13:24:40.110,0.0,-0.01,0.99,0.06,-0.06,0.18
2026-08-03 13:24:40.111,0.0,-0.01,0.99,0.06,-0.12,0.24
2026-08-03 13:24:40.230,0.0,-0.01,0.99,0.06,-0.12,0.24
2026-08-03 13:24:40.231,0.0,-0.01,0.99,0.06,-0.12,0.24
2026-08-03 13:24:40.232,0.0,-0.01,0.99,0.06,-0.12,0.24
2026-08-03 13:24:40.232,0.0,-0.01,0.99,0.06,-0.12,0.24
2026-08-03 13:24:40.233,0.0,-0.01,0.99,0.06,-0.12,0.24
2026-08-03 13:24:40.234,0.0,-0.01,0.99,0.06,-0.12,0.24
2026-08-03 13:24:40.295,0.0,-0.01,0.99,0.06,-0.12,0.24
2026-08-03 13:24:40.301,0.0,-0.01,0.99,0.06,-0.12,0.24
2026-08-03 13:24:40.350,0.0,-0.01,0.99,0.12,-0.12,0.24
2026-08-03 13:24:40.352,0.0,-0.01,0.99,0.12,-0.12,0.24
2026-08-03 13:24:40.353,0.0,-0.01,0.99,0.12,-0.12,0.24
2026-08-03 13:24:40.414,0.0,-0.01,0.99,0.12,-0.12,0.24
2026-08-03 13:24:40.415,0.0,-0.01,0.99,0.12,-0.12,0.24
2026-08-03 13:24:40.415,0.0,-0.01,0.99,0.12,-0.12,0.24
2026-08-03 13:24:40.471,0.0,-0.01,0.99,0.12,-0.12,0.18
2026-08-03 13:24:40.472,0.0,-0.01,0.99,0.12,-0.12,0.18
2026-08-03 13:24:40.472,0.0,-0.01,0.99,0.12,-0.12,0.18
2026-08-03 13:24:40.538,0.0,-0.01,0.99,0.12,-0.12,0.18
2026-08-03 13:24:40.538,0.0,-0.01,0.99,0.12,-0.06,0.18
2026-08-03 13:24:40.594,0.0,-0.01,0.99,0.12,-0.06,0.18
2026-08-03 13:24:40.594,0.0,-0.01,0.99,0.12,-0.06,0.18
2026-08-03 13:24:40.595,0.0,-0.01,0.99,0.12,-0.12,0.18
2026-08-03 13:24:40.650,0.0,-0.01,0.99,0.12,-0.12,0.18
2026-08-03 13:24:40.651,0.0,-0.01,0.99,0.12,-0.12,0.18
2026-08-03 13:24:40.651,0.0,-0.01,0.99,0.12,-0.12,0.18
2026-08-03 13:24:40.710,0.0,-0.01,0.99,0.12,-0.12,0.18
2026-08-03 13:24:40.711,0.0,-0.01,0.99,0.12,-0.12,0.18
2026-08-03 13:24:40.712,0.0,-0.01,0.99,0.12,-0.12,0.18
2026-08-03 13:24:40.770,0.0,-0.01,0.99,0.12,-0.12,0.18
2026-08-03 13:24:40.771,0.0,-0.01,0.99,0.12,-0.12,0.18
2026-08-03 13:24:40.830,0.0,-0.01,0.99,0.12,-0.12,0.18
2026-08-03 13:24:40.831,0.0,-0.01,0.99,0.12,-0.12,0.18
2026-08-03 13:24:40.831,0.0,-0.01,0.99,0.12,-0.12,0.24
2026-08-03 13:24:40.891,0.0,-0.01,0.99,0.12,-0.12,0.24
2026-08-03 13:24:40.892,0.0,-0.01,0.99,0.12,-0.12,0.24
2026-08-03 13:24:40.892,0.0,-0.01,0.99,0.12,-0.12,0.24
2026-08-03 13:24:40.950,0.0,-0.01,0.99,0.12,-0.12,0.24
2026-08-03 13:24:40.951,0.0,-0.01,0.99,0.12,-0.12,0.24
2026-08-03 13:24:41.014,0.0,-0.01,0.99,0.12,-0.12,0.24
2026-08-03 13:24:41.014,0.0,-0.01,0.99,0.12,-0.12,0.24
2026-08-03 13:24:41.017,0.0,-0.01,0.99,0.12,-0.12,0.24
2026-08-03 13:24:41.078,0.0,-0.01,0.99,0.12,-0.12,0.24
2026-08-03 13:24:41.078,0.0,-0.01,0.99,0.12,-0.12,0.24
2026-08-03 13:24:41.079,0.0,-0.01,0.99,0.06,-0.12,0.24
2026-08-03 13:24:41.132,0.0,-0.01,0.99,0.06,-0.12,0.24
2026-08-03 13:24:41.192,0.0,-0.01,0.99,0.12,-0.12,0.24
2026-08-03 13:24:41.192,0.0,-0.01,0.99,0.12,-0.12,0.24
2026-08-03 13:24:41.193,0.0,-0.01,0.99,0.12,-0.12,0.24
2026-08-03 13:24:41.193,0.0,-0.01,0.99,0.12,-0.12,0.24
2026-08-03 13:24:41.251,0.0,-0.01,0.99,0.12,-0.12,0.24
2026-08-03 13:24:41.251,0.0,-0.01,0.99,0.12,-0.12,0.24
2026-08-03 13:24:41.252,0.0,-0.01,0.99,0.12,-0.12,0.24
2026-08-03 13:24:41.322,0.0,-0.01,0.99,0.12,-0.12,0.18
2026-08-03 13:24:41.323,0.0,-0.01,0.99,0.12,-0.12,0.18
2026-08-03 13:24:41.323,0.0,-0.01,0.99,0.12,-0.12,0.18
2026-08-03 13:24:41.372,0.0,-0.01,0.99,0.12,-0.12,0.18
2026-08-03 13:24:41.372,0.0,-0.01,0.99,0.12,-0.12,0.18
2026-08-03 13:24:41.373,0.0,-0.01,0.99,0.12,-0.12,0.18
2026-08-03 13:24:41.437,0.0,-0.01,0.99,0.12,-0.12,0.18
2026-08-03 13:24:41.438,0.0,-0.01,0.99,0.12,-0.12,0.18
2026-08-03 13:24:41.493,0.0,-0.01,0.99,0.12,-0.12,0.24
2026-08-03 13:24:41.494,0.0,-0.01,0.99,0.12,-0.12,0.24
2026-08-03 13:24:41.494,0.0,-0.01,0.99,0.12,-0.12,0.24
2026-08-03 13:24:41.551,0.0,-0.01,0.99,0.12,-0.12,0.24
2026-08-03 13:24:41.551,0.0,-0.01,0.99,0.12,-0.12,0.24
2026-08-03 13:24:41.552,0.0,-0.01,0.99,0.12,-0.12,0.24
2026-08-03 13:24:41.629,0.0,-0.01,0.99,0.12,-0.12,0.24
2026-08-03 13:24:41.630,0.0,-0.01,0.99,0.12,-0.12,0.24
2026-08-03 13:24:41.672,0.0,-0.01,0.99,0.12,-0.12,0.24
2026-08-03 13:24:41.672,0.0,-0.01,0.99,0.12,-0.12,0.24
2026-08-03 13:24:41.672,0.0,-0.01,0.99,0.12,-0.12,0.24
2026-08-03 13:24:41.730,0.0,-0.01,0.99,0.12,-0.12,0.24
2026-08-03 13:24:41.730,0.0,-0.01,0.99,0.12,-0.12,0.24
2026-08-03 13:24:41.730,0.0,-0.01,0.99,0.12,-0.12,0.24
2026-08-03 13:24:41.794,0.0,-0.01,0.99,0.12,-0.06,0.24
2026-08-03 13:24:41.794,0.0,-0.01,0.99,0.12,-0.06,0.24
2026-08-03 13:24:41.854,0.0,-0.01,0.99,0.12,-0.06,0.24
2026-08-03 13:24:41.854,0.0,-0.01,0.99,0.12,-0.06,0.24
2026-08-03 13:24:41.855,0.0,-0.01,0.99,0.12,-0.12,0.24
2026-08-03 13:24:41.911,0.0,-0.01,0.99,0.12,-0.12,0.24
2026-08-03 13:24:41.912,0.0,-0.01,0.99,0.12,-0.12,0.24
2026-08-03 13:24:41.912,0.0,-0.01,0.99,0.12,-0.12,0.24
2026-08-03 13:24:41.975,0.0,-0.01,0.99,0.12,-0.12,0.24
2026-08-03 13:24:41.975,0.0,-0.01,0.99,0.12,-0.12,0.24
2026-08-03 13:24:41.975,0.0,-0.01,0.99,0.12,-0.12,0.24
2026-08-03 13:24:42.030,0.0,-0.01,0.99,0.12,-0.12,0.18
2026-08-03 13:24:42.030,0.0,-0.01,0.99,0.12,-0.12,0.18
2026-08-03 13:24:42.090,0.0,-0.01,0.99,0.12,-0.12,0.18
2026-08-03 13:24:42.091,0.0,-0.01,0.99,0.12,-0.12,0.18
2026-08-03 13:24:42.108,0.0,-0.01,0.99,0.12,-0.12,0.18
2026-08-03 13:24:42.153,0.0,-0.01,0.99,0.12,-0.12,0.18
2026-08-03 13:24:42.154,0.0,-0.01,0.99,0.12,-0.12,0.18
2026-08-03 13:24:42.154,0.0,-0.01,0.99,0.12,-0.12,0.18
2026-08-03 13:24:42.210,0.0,-0.01,0.99,0.12,-0.12,0.18
2026-08-03 13:24:42.211,0.0,-0.01,0.99,0.12,-0.12,0.24
2026-08-03 13:24:42.211,0.0,-0.01,0.99,0.12,-0.12,0.24
2026-08-03 13:24:42.334,0.0,-0.01,0.99,0.12,-0.06,0.24
2026-08-03 13:24:42.335,0.0,-0.01,0.99,0.12,-0.06,0.24
2026-08-03 13:24:42.335,0.0,-0.01,0.99,0.12,-0.12,0.24
2026-08-03 13:24:42.335,0.0,-0.01,0.99,0.12,-0.12,0.24
2026-08-03 13:24:42.335,0.0,-0.01,0.99,0.12,-0.12,0.24
2026-08-03 13:24:42.390,0.0,-0.01,0.99,0.12,-0.12,0.24
2026-08-03 13:24:42.390,0.0,-0.01,0.99,0.12,-0.06,0.24
2026-08-03 13:24:42.391,0.0,-0.01,0.99,0.12,-0.06,0.24
2026-08-03 13:24:42.452,0.0,-0.01,0.99,0.12,-0.06,0.24
2026-08-03 13:24:42.452,0.0,-0.01,0.99,0.12,-0.06,0.24
2026-08-03 13:24:42.452,0.0,-0.01,0.99,0.12,-0.06,0.24
2026-08-03 13:24:42.510,0.0,-0.01,0.99,0.12,-0.06,0.24
2026-08-03 13:24:42.510,0.0,-0.01,0.99,0.12,-0.12,0.24
2026-08-03 13:24:42.511,0.0,-0.01,0.99,0.12,-0.12,0.24
2026-08-03 13:24:42.571,0.0,-0.01,0.99,0.12,-0.12,0.18
2026-08-03 13:24:42.572,0.0,-0.01,0.99,0.12,-0.12,0.18
2026-08-03 13:24:42.572,0.0,-0.01,0.99,0.12,-0.12,0.18
2026-08-03 13:24:42.630,0.0,-0.01,0.99,0.12,-0.12,0.24
2026-08-03 13:24:42.631,0.0,-0.01,0.99,0.12,-0.12,0.24
2026-08-03 13:24:42.750,0.0,-0.01,0.99,0.12,-0.12,0.24
2026-08-03 13:24:42.752,0.0,-0.01,0.99,0.12,-0.12,0.24
2026-08-03 13:24:42.752,0.0,-0.01,0.99,0.12,-0.12,0.24
2026-08-03 13:24:42.753,0.0,-0.01,0.99,0.12,-0.12,0.24
2026-08-03 13:24:42.753,0.0,-0.01,0.99,0.12,-0.12,0.18
2026-08-03 13:24:42.872,0.0,-0.01,0.99,0.12,-0.12,0.18
2026-08-03 13:24:42.872,0.0,-0.01,0.99,0.12,-0.12,0.18
2026-08-03 13:24:42.873,0.0,-0.01,0.99,0.12,-0.12,0.18
2026-08-03 13:24:42.873,0.0,-0.01,0.99,0.12,-0.12,0.18
2026-08-03 13:24:42.873,0.0,-0.01,0.99,0.12,-0.12,0.18
2026-08-03 13:24:42.873,0.0,-0.01,0.99,0.12,-0.12,0.18
2026-08-03 13:24:42.931,0.0,-0.01,0.99,0.12,-0.12,0.18
2026-08-03 13:24:42.932,0.0,-0.01,0.99,0.12,-0.12,0.18
2026-08-03 13:24:42.932,0.0,-0.01,0.99,0.12,-0.12,0.18
2026-08-03 13:24:42.989,0.0,-0.01,0.99,0.12,-0.12,0.18
2026-08-03 13:24:43.005,0.0,-0.01,0.99,0.12,-0.12,0.18
2026-08-03 13:24:43.049,0.0,-0.01,0.99,0.12,-0.12,0.24
2026-08-03 13:24:43.050,0.0,-0.01,0.99,0.12,-0.12,0.24
2026-08-03 13:24:43.050,0.0,-0.01,0.99,0.12,-0.12,0.24
2026-08-03 13:24:43.110,0.0,-0.01,0.99,0.12,-0.12,0.24
2026-08-03 13:24:43.110,0.0,-0.01,0.99,0.06,-0.12,0.24
2026-08-03 13:24:43.110,0.0,-0.01,0.99,0.06,-0.12,0.24
2026-08-03 13:24:43.171,0.0,-0.01,0.99,0.06,-0.12,0.24
2026-08-03 13:24:43.175,0.0,-0.01,0.99,0.06,-0.12,0.24
2026-08-03 13:24:43.175,0.0,-0.01,0.99,0.12,-0.12,0.24
2026-08-03 13:24:43.314,0.0,-0.01,0.99,0.12,-0.12,0.24
2026-08-03 13:24:43.315,0.0,-0.01,0.99,0.12,-0.06,0.24
2026-08-03 13:24:43.315,0.0,-0.01,0.99,0.12,-0.06,0.18
2026-08-03 13:24:43.315,0.0,-0.01,0.99,0.12,-0.06,0.18
2026-08-03 13:24:43.316,0.0,-0.01,0.99,0.12,-0.06,0.18
2026-08-03 13:24:43.350,0.0,-0.01,0.99,0.12,-0.06,0.18
2026-08-03 13:24:43.352,0.0,-0.01,0.99,0.12,-0.12,0.24
2026-08-03 13:24:43.353,0.0,-0.01,0.99,0.12,-0.12,0.24
2026-08-03 13:24:43.410,0.0,-0.01,0.99,0.12,-0.12,0.24
2026-08-03 13:24:43.410,0.0,-0.01,0.99,0.12,-0.12,0.24
2026-08-03 13:24:43.411,0.0,-0.01,0.99,0.12,-0.12,0.24
2026-08-03 13:24:43.470,0.0,-0.01,0.99,0.12,-0.12,0.24
2026-08-03 13:24:43.470,0.0,-0.01,0.99,0.12,-0.12,0.24
2026-08-03 13:24:43.530,0.0,-0.01,0.99,0.12,-0.06,0.24
2026-08-03 13:24:43.531,0.0,-0.01,0.99,0.12,-0.06,0.24
2026-08-03 13:24:43.531,0.0,-0.01,0.99,0.12,-0.06,0.18
2026-08-03 13:24:43.590,0.0,-0.01,0.99,0.12,-0.06,0.18
2026-08-03 13:24:43.590,0.0,-0.01,0.99,0.12,-0.06,0.18
2026-08-03 13:24:43.590,0.0,-0.01,0.99,0.12,-0.06,0.18
2026-08-03 13:24:43.651,0.0,-0.01,0.99,0.12,-0.12,0.18
2026-08-03 13:24:43.651,0.0,-0.01,0.99,0.12,-0.12,0.18
2026-08-03 13:24:43.652,0.0,-0.01,0.99,0.12,-0.12,0.18
