Timestamp,AccX,AccY,AccZ,GyroX,GyroY,GyroZ
2026-07-27 14:42:07.751,0.27,-0.93,0.28,-1.46,1.53,-1.71
2026-07-27 14:42:07.751,-0.77,0.24,-0.07,-130.37,105.35,126.77
2026-07-27 14:42:07.752,-0.77,0.24,-0.07,-130.37,105.35,126.77
2026-07-27 14:42:07.752,-0.86,0.08,-0.22,-256.65,-30.58,113.34
2026-07-27 14:42:07.810,-0.49,-0.48,0.04,-207.64,-116.15,17.7
2026-07-27 14:42:07.819,-0.49,-0.48,0.04,-207.64,-116.15,17.7
2026-07-27 14:42:07.882,-0.1,-0.91,0.41,-53.53,-128.66,-74.28
2026-07-27 14:42:07.883,-0.1,-0.91,0.41,-53.53,-128.66,-74.28
2026-07-27 14:42:07.883,0.2,-1.06,0.74,43.27,-107.54,-101.32
2026-07-27 14:42:07.928,0.2,-1.06,0.74,43.27,-107.54,-101.32
2026-07-27 14:42:07.937,0.36,-1.06,0.94,50.42,-92.47,-60.79
2026-07-27 14:42:07.990,0.35,-0.96,0.95,52.49,-64.45,-4.21
2026-07-27 14:42:07.991,0.35,-0.96,0.95,52.49,-64.45,-4.21
2026-07-27 14:42:07.991,0.25,-0.82,0.87,57.31,-21.12,25.02
2026-07-27 14:42:08.049,0.25,-0.82,0.87,57.31,-21.12,25.02
2026-07-27 14:42:08.049,0.17,-0.7,0.82,49.93,9.7,22.4
2026-07-27 14:42:08.049,0.17,-0.7,0.82,49.93,9.7,22.4
2026-07-27 14:42:08.108,0.1,-0.62,0.82,59.51,27.59,0.31
2026-07-27 14:42:08.109,0.1,-0.62,0.82,79.47,46.02,-23.01
2026-07-27 14:42:08.174,0.04,-0.55,0.8,79.47,46.02,-23.01
2026-07-27 14:42:08.175,-0.03,-0.46,0.8,81.18,67.02,-25.09
2026-07-27 14:42:08.175,-0.03,-0.46,0.8,81.18,67.02,-25.09
2026-07-27 14:42:08.229,-0.04,-0.37,0.84,86.49,64.45,-17.58
2026-07-27 14:42:08.229,-0.04,-0.37,0.84,86.49,64.45,-17.58
2026-07-27 14:42:08.230,-0.03,-0.37,0.89,83.68,47.0,-11.23
2026-07-27 14:42:08.290,-0.03,-0.37,0.89,83.68,47.0,-11.23
2026-07-27 14:42:08.302,-0.05,-0.45,0.87,37.05,49.56,2.44
2026-07-27 14:42:08.349,-0.13,-0.49,0.87,-19.65,75.99,16.05
2026-07-27 14:42:08.350,-0.13,-0.49,0.87,-19.65,75.99,16.05
2026-07-27 14:42:08.350,-0.2,-0.48,0.9,-43.95,94.36,19.53
2026-07-27 14:42:08.420,-0.2,-0.48,0.9,-43.95,94.36,19.53
2026-07-27 14:42:08.423,-0.2,-0.52,0.91,-46.51,60.18,10.93
2026-07-27 14:42:08.423,-0.2,-0.52,0.91,-46.51,60.18,10.93
2026-07-27 14:42:08.468,-0.13,-0.59,0.89,-47.85,2.14,-10.38
2026-07-27 14:42:08.468,-0.07,-0.61,0.87,-24.29,-26.67,-32.47
2026-07-27 14:42:08.528,-0.07,-0.61,0.87,-24.29,-26.67,-32.47
2026-07-27 14:42:08.528,-0.07,-0.54,0.84,41.75,-24.29,-34.67
2026-07-27 14:42:08.528,-0.07,-0.54,0.84,41.75,-24.29,-34.67
2026-07-27 14:42:08.593,-0.11,-0.43,0.85,101.07,-10.31,-17.7
2026-07-27 14:42:08.593,-0.11,-0.43,0.85,101.07,-10.31,-17.7
2026-07-27 14:42:08.594,-0.14,-0.36,0.88,87.59,-2.5,4.76
2026-07-27 14:42:08.648,-0.14,-0.36,0.88,87.59,-2.5,4.76
2026-07-27 14:42:08.649,-0.16,-0.38,0.9,1.89,-1.1,21.06
2026-07-27 14:42:08.707,-0.16,-0.45,0.89,-91.19,1.46,26.49
2026-07-27 14:42:08.708,-0.16,-0.45,0.89,-91.19,1.46,26.49
2026-07-27 14:42:08.708,-0.16,-0.52,0.85,-122.5,5.92,22.16
2026-07-27 14:42:08.772,-0.16,-0.52,0.85,-122.5,5.92,22.16
2026-07-27 14:42:08.772,-0.16,-0.58,0.79,-97.41,6.04,13.73
2026-07-27 14:42:08.772,-0.16,-0.58,0.79,-97.41,6.04,13.73
2026-07-27 14:42:08.828,-0.16,-0.63,0.75,-65.61,-1.59,7.75
2026-07-27 14:42:08.829,-0.16,-0.63,0.75,-65.61,-1.59,7.75
2026-07-27 14:42:08.887,-0.14,-0.67,0.74,-45.04,-10.68,6.23
2026-07-27 14:42:08.888,-0.13,-0.69,0.73,-29.11,-11.84,6.84
2026-07-27 14:42:08.888,-0.13,-0.69,0.73,-29.11,-11.84,6.84
2026-07-27 14:42:08.949,-0.14,-0.67,0.73,-18.86,-7.02,6.84
2026-07-27 14:42:08.949,-0.14,-0.67,0.73,-18.86,-7.02,6.84
2026-07-27 14:42:08.950,-0.15,-0.66,0.75,-15.2,-5.19,5.0
2026-07-27 14:42:09.008,-0.15,-0.66,0.75,-15.2,-5.19,5.0
2026-07-27 14:42:09.009,-0.15,-0.67,0.76,-13.24,-6.77,2.26
2026-07-27 14:42:09.067,-0.15,-0.67,0.76,-13.24,-6.77,2.26
2026-07-27 14:42:09.068,-0.15,-0.69,0.75,-14.47,-5.92,0.98
2026-07-27 14:42:09.068,-0.15,-0.69,0.75,-15.81,-1.4,1.22
2026-07-27 14:42:09.130,-0.15,-0.71,0.73,-15.81,-1.4,1.22
2026-07-27 14:42:09.189,-0.14,-0.71,0.71,-12.15,2.01,1.65
2026-07-27 14:42:09.189,-0.14,-0.71,0.71,-12.15,2.01,1.65
2026-07-27 14:42:09.189,-0.15,-0.71,0.69,-9.83,3.3,2.56
2026-07-27 14:42:09.189,-0.15,-0.71,0.69,-9.83,3.3,2.56
2026-07-27 14:42:09.308,-0.16,-0.72,0.68,-12.21,4.58,3.6
2026-07-27 14:42:09.308,-0.16,-0.72,0.68,-12.21,4.58,3.6
2026-07-27 14:42:09.309,-0.17,-0.72,0.67,-14.4,5.13,3.48
2026-07-27 14:42:09.309,-0.17,-0.72,0.67,-14.4,5.13,3.48
2026-07-27 14:42:09.309,-0.16,-0.72,0.66,-13.73,4.7,2.44
2026-07-27 14:42:09.310,-0.16,-0.72,0.66,-11.47,3.3,1.34
2026-07-27 14:42:09.369,-0.16,-0.73,0.64,-11.47,3.3,1.34
2026-07-27 14:42:09.369,-0.16,-0.73,0.62,-9.34,-0.31,0.61
2026-07-27 14:42:09.369,-0.16,-0.73,0.62,-9.34,-0.31,0.61
2026-07-27 14:42:09.432,-0.17,-0.74,0.62,-6.47,-5.49,0.0
2026-07-27 14:42:09.433,-0.17,-0.74,0.62,-6.47,-5.49,0.0
2026-07-27 14:42:09.488,-0.17,-0.74,0.63,-0.37,-10.31,-1.22
2026-07-27 14:42:09.489,-0.17,-0.74,0.63,-0.37,-10.31,-1.22
2026-07-27 14:42:09.490,-0.16,-0.72,0.65,18.25,-14.04,-3.17
2026-07-27 14:42:09.551,-0.16,-0.72,0.65,18.25,-14.04,-3.17
2026-07-27 14:42:09.551,-0.14,-0.67,0.69,58.53,-25.21,-6.47
2026-07-27 14:42:09.552,-0.11,-0.62,0.74,102.66,-49.99,-8.42
2026-07-27 14:42:09.610,-0.11,-0.62,0.74,102.66,-49.99,-8.42
2026-07-27 14:42:09.611,-0.06,-0.56,0.79,117.55,-73.18,-7.14
2026-07-27 14:42:09.611,-0.06,-0.56,0.79,117.55,-73.18,-7.14
2026-07-27 14:42:09.668,0.0,-0.51,0.84,100.71,-83.92,-8.12
2026-07-27 14:42:09.671,0.0,-0.51,0.84,100.71,-83.92,-8.12
2026-07-27 14:42:09.729,0.07,-0.49,0.9,67.87,-81.18,-13.98
2026-07-27 14:42:09.729,0.11,-0.48,0.93,25.39,-59.63,-28.93
2026-07-27 14:42:09.729,0.11,-0.48,0.93,25.39,-59.63,-28.93
2026-07-27 14:42:09.788,0.13,-0.46,0.89,-10.01,-32.41,-55.24
2026-07-27 14:42:09.788,0.13,-0.46,0.89,-10.01,-32.41,-55.24
2026-07-27 14:42:09.852,0.16,-0.47,0.84,-22.4,-20.14,-76.54
2026-07-27 14:42:09.852,0.16,-0.47,0.84,-22.4,-20.14,-76.54
2026-07-27 14:42:09.852,0.22,-0.51,0.86,-36.99,-15.08,-80.75
2026-07-27 14:42:09.908,0.28,-0.58,0.89,-78.8,5.37,-62.62
2026-07-27 14:42:09.908,0.28,-0.58,0.89,-78.8,5.37,-62.62
2026-07-27 14:42:09.970,0.26,-0.68,0.86,-133.42,42.97,-22.71
2026-07-27 14:42:09.971,0.26,-0.68,0.86,-133.42,42.97,-22.71
2026-07-27 14:42:09.971,0.17,-0.79,0.75,-195.74,79.96,5.86
2026-07-27 14:42:10.029,0.17,-0.79,0.75,-195.74,79.96,5.86
2026-07-27 14:42:10.030,0.11,-0.89,0.52,-278.26,92.96,-16.42
2026-07-27 14:42:10.031,0.11,-0.89,0.52,-383.0,73.43,-63.54
2026-07-27 14:42:10.088,0.17,-0.96,0.24,-383.0,73.43,-63.54
2026-07-27 14:42:10.089,0.23,-0.99,0.04,-390.81,43.95,-60.12
2026-07-27 14:42:10.154,0.23,-0.99,0.04,-390.81,43.95,-60.12
2026-07-27 14:42:10.154,0.18,-0.99,-0.07,-203.74,25.51,-2.2
2026-07-27 14:42:10.154,0.18,-0.99,-0.07,-203.74,25.51,-2.2
2026-07-27 14:42:10.208,0.13,-0.98,-0.06,24.54,13.92,43.15
2026-07-27 14:42:10.224,0.13,-0.98,-0.06,130.86,0.61,51.82
2026-07-27 14:42:10.225,0.1,-0.98,0.01,130.86,0.61,51.82
2026-07-27 14:42:10.270,0.08,-0.97,0.05,123.35,-18.31,48.34
2026-07-27 14:42:10.271,0.08,-0.97,0.05,123.35,-18.31,48.34
2026-07-27 14:42:10.328,0.04,-0.98,0.12,90.27,-38.94,46.14
2026-07-27 14:42:10.329,0.04,-0.98,0.12,90.27,-38.94,46.14
2026-07-27 14:42:10.329,0.02,-0.95,0.3,118.47,-60.3,50.72
2026-07-27 14:42:10.448,0.02,-0.95,0.3,318.3,-90.27,50.48
2026-07-27 14:42:10.449,0.04,-0.75,0.6,318.3,-90.27,50.48
2026-07-27 14:42:10.449,0.02,-0.47,0.86,555.91,-86.49,21.06
2026-07-27 14:42:10.449,0.02,-0.47,0.86,555.91,-86.49,21.06
2026-07-27 14:42:10.450,-0.03,-0.27,0.97,553.71,-14.59,-40.34
2026-07-27 14:42:10.510,-0.03,-0.27,0.97,553.71,-14.59,-40.34
2026-07-27 14:42:10.511,-0.01,-0.06,0.97,409.06,39.61,-115.48
2026-07-27 14:42:10.512,-0.01,-0.06,0.97,409.06,39.61,-115.48
2026-07-27 14:42:10.573,0.04,0.14,0.95,269.9,20.69,-131.65
2026-07-27 14:42:10.573,0.08,0.21,0.96,136.17,-15.44,-67.63
2026-07-27 14:42:10.645,0.08,0.21,0.96,136.17,-15.44,-67.63
2026-07-27 14:42:10.647,0.1,0.28,0.97,59.2,-29.3,-0.49
2026-07-27 14:42:10.647,0.1,0.28,0.97,59.2,-29.3,-0.49
2026-07-27 14:42:10.699,0.07,0.37,0.95,63.66,-23.86,28.2
2026-07-27 14:42:10.699,0.07,0.37,0.95,63.66,-23.86,28.2
2026-07-27 14:42:10.749,0.05,0.46,0.78,131.53,-28.26,24.17
2026-07-27 14:42:10.752,0.11,0.58,0.59,219.3,-113.53,1.59
2026-07-27 14:42:10.752,0.11,0.58,0.59,219.3,-113.53,1.59
2026-07-27 14:42:10.867,0.24,0.71,0.53,233.52,-239.32,-21.24
2026-07-27 14:42:10.868,0.24,0.71,0.53,233.52,-239.32,-21.24
2026-07-27 14:42:10.868,0.37,0.77,0.5,155.21,-282.53,-28.2
2026-07-27 14:42:10.869,0.37,0.77,0.5,155.21,-282.53,-28.2
2026-07-27 14:42:10.869,0.43,0.74,0.44,60.85,-245.36,-19.17
2026-07-27 14:42:10.930,0.46,0.7,0.33,-3.3,-191.83,0.24
2026-07-27 14:42:10.931,0.46,0.7,0.33,-3.3,-191.83,0.24
2026-07-27 14:42:10.932,0.52,0.71,0.22,-18.68,-169.49,17.27
2026-07-27 14:42:10.989,0.52,0.71,0.22,-18.68,-169.49,17.27
2026-07-27 14:42:11.013,0.61,0.78,0.17,-1.46,-177.73,22.71
2026-07-27 14:42:11.013,0.61,0.78,0.17,-1.46,-177.73,22.71
2026-07-27 14:42:11.056,0.64,0.88,0.12,11.96,-173.58,14.4
2026-07-27 14:42:11.058,0.64,0.88,0.12,-10.25,-137.63,4.39
2026-07-27 14:42:11.108,0.64,0.97,0.13,-10.25,-137.63,4.39
2026-07-27 14:42:11.108,0.68,0.98,0.28,-111.63,-68.79,18.92
2026-07-27 14:42:11.108,0.68,0.98,0.28,-111.63,-68.79,18.92
2026-07-27 14:42:11.168,0.8,0.73,0.55,-326.54,53.96,81.67
2026-07-27 14:42:11.169,0.8,0.73,0.55,-326.54,53.96,81.67
2026-07-27 14:42:11.231,0.93,0.28,0.85,-579.59,184.14,168.33
2026-07-27 14:42:11.231,0.93,0.28,0.85,-579.59,184.14,168.33
2026-07-27 14:42:11.231,0.91,-0.15,0.96,-634.77,216.13,180.05
2026-07-27 14:42:11.288,0.72,-0.41,0.79,-463.87,168.4,117.98
2026-07-27 14:42:11.289,0.72,-0.41,0.79,-463.87,168.4,117.98
2026-07-27 14:42:11.290,0.54,-0.57,0.61,-294.49,109.31,74.52
2026-07-27 14:42:11.350,0.54,-0.57,0.61,-294.49,109.31,74.52
2026-07-27 14:42:11.351,0.42,-0.71,0.53,-218.2,62.74,70.43
2026-07-27 14:42:11.410,0.42,-0.71,0.53,-188.54,42.97,87.28
2026-07-27 14:42:11.410,0.34,-0.84,0.49,-188.54,42.97,87.28
2026-07-27 14:42:11.411,0.24,-0.9,0.45,-155.21,40.22,107.48
2026-07-27 14:42:11.468,0.24,-0.9,0.45,-155.21,40.22,107.48
2026-07-27 14:42:11.468,0.14,-0.93,0.39,-102.78,37.6,115.11
2026-07-27 14:42:11.469,0.14,-0.93,0.39,-102.78,37.6,115.11
2026-07-27 14:42:11.530,0.07,-0.94,0.4,-18.37,27.1,102.54
2026-07-27 14:42:11.530,0.07,-0.94,0.4,115.54,20.94,72.45
2026-07-27 14:42:11.588,0.03,-0.84,0.47,115.54,20.94,72.45
2026-07-27 14:42:11.588,-0.01,-0.7,0.54,201.97,30.58,47.3
2026-07-27 14:42:11.589,-0.01,-0.7,0.54,201.97,30.58,47.3
2026-07-27 14:42:11.649,-0.06,-0.68,0.57,145.87,47.79,47.36
2026-07-27 14:42:11.649,-0.06,-0.68,0.57,145.87,47.79,47.36
2026-07-27 14:42:11.712,-0.15,-0.71,0.58,52.73,46.75,61.95
2026-07-27 14:42:11.712,-0.15,-0.71,0.58,52.73,46.75,61.95
2026-07-27 14:42:11.713,-0.15,-0.71,0.58,52.73,46.75,61.95
2026-07-27 14:42:11.771,-0.15,-0.71,0.58,52.73,46.75,61.95
2026-07-27 14:42:11.771,-0.18,-0.39,0.77,311.71,-21.61,48.28
2026-07-27 14:42:11.771,-0.13,-0.18,0.88,371.77,-23.8,47.06
2026-07-27 14:42:11.830,-0.13,-0.18,0.88,371.77,-23.8,47.06
2026-07-27 14:42:11.830,-0.14,-0.0,0.91,267.7,0.67,66.77
2026-07-27 14:42:11.888,-0.14,-0.0,0.91,267.7,0.67,66.77
2026-07-27 14:42:11.890,-0.18,0.17,0.91,182.01,16.54,79.16
2026-07-27 14:42:11.891,-0.18,0.17,0.91,182.01,16.54,79.16
2026-07-27 14:42:11.952,-0.21,0.32,0.91,123.96,12.82,73.36
2026-07-27 14:42:11.952,-0.23,0.41,0.86,92.96,-2.62,51.39
2026-07-27 14:42:11.953,-0.23,0.41,0.86,92.96,-2.62,51.39
2026-07-27 14:42:12.012,-0.19,0.5,0.76,141.42,-46.08,18.49
2026-07-27 14:42:12.012,-0.19,0.5,0.76,141.42,-46.08,18.49
2026-07-27 14:42:12.081,-0.12,0.66,0.71,241.82,-137.39,-20.39
2026-07-27 14:42:12.082,-0.12,0.66,0.71,241.82,-137.39,-20.39
2026-07-27 14:42:12.082,-0.12,0.8,0.64,278.69,-205.32,-60.36
2026-07-27 14:42:12.129,-0.12,0.8,0.64,211.43,-218.93,-79.83
2026-07-27 14:42:12.129,-0.04,0.81,0.53,211.43,-218.93,-79.83
2026-07-27 14:42:12.188,0.14,0.77,0.48,107.42,-233.83,-53.1
2026-07-27 14:42:12.189,0.14,0.77,0.48,107.42,-233.83,-53.1
2026-07-27 14:42:12.189,0.22,0.76,0.48,21.48,-239.75,-9.22
2026-07-27 14:42:12.253,0.22,0.76,0.48,21.48,-239.75,-9.22
2026-07-27 14:42:12.254,0.26,0.76,0.45,-23.07,-215.09,10.86
2026-07-27 14:42:12.257,0.26,0.76,0.45,-23.07,-215.09,10.86
2026-07-27 14:42:12.310,0.41,0.81,0.4,-18.25,-173.71,29.79
2026-07-27 14:42:12.311,0.58,0.87,0.37,13.98,-141.85,67.93
2026-07-27 14:42:12.380,0.58,0.87,0.37,13.98,-141.85,67.93
2026-07-27 14:42:12.384,0.67,0.9,0.36,32.29,-113.77,92.29
2026-07-27 14:42:12.384,0.67,0.9,0.36,32.29,-113.77,92.29
2026-07-27 14:42:12.428,0.7,0.86,0.37,10.68,-67.75,109.86
2026-07-27 14:42:12.429,0.7,0.86,0.37,10.68,-67.75,109.86
2026-07-27 14:42:12.429,0.75,0.69,0.38,-56.88,-43.21,180.6
2026-07-27 14:42:12.488,0.85,0.38,0.32,-113.77,-52.92,322.39
2026-07-27 14:42:12.489,0.85,0.38,0.32,-113.77,-52.92,322.39
2026-07-27 14:42:12.550,0.98,-0.01,0.26,-95.95,-23.93,458.13
2026-07-27 14:42:12.550,0.98,-0.01,0.26,-95.95,-23.93,458.13
2026-07-27 14:42:12.551,1.04,-0.32,0.28,-81.67,27.71,432.19
2026-07-27 14:42:12.608,1.04,-0.32,0.28,-81.67,27.71,432.19
2026-07-27 14:42:12.609,0.95,-0.44,0.31,-125.06,34.73,278.2
2026-07-27 14:42:12.676,0.83,-0.52,0.32,-153.08,22.89,189.82
2026-07-27 14:42:12.677,0.83,-0.52,0.32,-153.08,22.89,189.82
2026-07-27 14:42:12.678,0.74,-0.64,0.32,-130.74,25.39,173.22
2026-07-27 14:42:12.733,0.74,-0.64,0.32,-130.74,25.39,173.22
2026-07-27 14:42:12.733,0.68,-0.73,0.31,-90.94,42.48,152.59
2026-07-27 14:42:12.733,0.68,-0.73,0.31,-90.94,42.48,152.59
2026-07-27 14:42:12.789,0.6,-0.78,0.29,-65.43,65.25,126.28
2026-07-27 14:42:12.789,0.51,-0.82,0.25,-51.27,77.58,97.66
2026-07-27 14:42:12.853,0.51,-0.82,0.25,-51.27,77.58,97.66
2026-07-27 14:42:12.854,0.47,-0.9,0.21,-52.61,87.1,74.4
2026-07-27 14:42:12.854,0.47,-0.9,0.21,-52.61,87.1,74.4
2026-07-27 14:42:12.915,0.49,-0.99,0.2,-70.98,123.54,64.03
2026-07-27 14:42:12.915,0.49,-0.99,0.2,-70.98,123.54,64.03
2026-07-27 14:42:12.916,0.43,-1.01,0.21,-64.21,199.52,52.37
2026-07-27 14:42:12.971,0.22,-0.96,0.23,-4.76,267.03,47.12
2026-07-27 14:42:12.971,0.22,-0.96,0.23,-4.76,267.03,47.12
2026-07-27 14:42:13.032,0.05,-0.9,0.28,60.3,249.15,61.22
2026-07-27 14:42:13.032,0.05,-0.9,0.28,60.3,249.15,61.22
2026-07-27 14:42:13.032,-0.01,-0.89,0.37,88.2,167.18,73.61
2026-07-27 14:42:13.088,-0.01,-0.89,0.37,88.2,167.18,73.61
2026-07-27 14:42:13.089,-0.04,-0.88,0.47,96.68,105.16,71.11
2026-07-27 14:42:13.149,-0.04,-0.88,0.47,119.2,90.33,65.06
2026-07-27 14:42:13.149,-0.1,-0.81,0.53,119.2,90.33,65.06
2026-07-27 14:42:13.149,-0.19,-0.72,0.59,157.96,101.14,63.6
2026-07-27 14:42:13.208,-0.19,-0.72,0.59,157.96,101.14,63.6
2026-07-27 14:42:13.209,-0.28,-0.61,0.65,167.48,106.38,57.01
2026-07-27 14:42:13.209,-0.28,-0.61,0.65,167.48,106.38,57.01
2026-07-27 14:42:13.269,-0.35,-0.55,0.73,134.16,98.69,39.31
2026-07-27 14:42:13.269,-0.35,-0.55,0.73,134.16,98.69,39.31
2026-07-27 14:42:13.330,-0.41,-0.5,0.79,121.03,90.7,22.4
2026-07-27 14:42:13.331,-0.46,-0.4,0.81,187.07,81.3,15.44
2026-07-27 14:42:13.332,-0.46,-0.4,0.81,187.07,81.3,15.44
2026-07-27 14:42:13.388,-0.48,-0.19,0.8,315.31,60.73,11.23
2026-07-27 14:42:13.388,-0.48,-0.19,0.8,315.31,60.73,11.23
2026-07-27 14:42:13.449,-0.49,0.08,0.76,413.09,22.4,-5.68
2026-07-27 14:42:13.450,-0.49,0.08,0.76,413.09,22.4,-5.68
2026-07-27 14:42:13.450,-0.5,0.29,0.75,399.23,-21.85,-40.77
2026-07-27 14:42:13.515,-0.48,0.41,0.7,302.49,-36.99,-69.15
2026-07-27 14:42:13.515,-0.48,0.41,0.7,302.49,-36.99,-69.15
2026-07-27 14:42:13.516,-0.43,0.51,0.66,200.5,-35.46,-41.93
2026-07-27 14:42:13.568,-0.43,0.51,0.66,200.5,-35.46,-41.93
2026-07-27 14:42:13.569,-0.39,0.61,0.62,154.54,-42.97,11.41
2026-07-27 14:42:13.573,-0.39,0.61,0.62,154.54,-42.97,11.41
2026-07-27 14:42:13.659,-0.4,0.69,0.55,162.72,-47.97,30.46
2026-07-27 14:42:13.659,-0.39,0.74,0.46,170.1,-48.65,28.02
2026-07-27 14:42:13.689,-0.39,0.74,0.46,170.1,-48.65,28.02
2026-07-27 14:42:13.689,-0.35,0.79,0.35,186.58,-63.6,27.16
2026-07-27 14:42:13.689,-0.35,0.79,0.35,186.58,-63.6,27.16
2026-07-27 14:42:13.748,-0.31,0.89,0.23,230.71,-98.63,27.34
2026-07-27 14:42:13.749,-0.3,0.94,0.14,248.78,-140.87,16.24
2026-07-27 14:42:13.808,-0.3,0.94,0.14,248.78,-140.87,16.24
2026-07-27 14:42:13.809,-0.29,0.88,0.09,205.08,-181.46,-6.35
2026-07-27 14:42:13.810,-0.29,0.88,0.09,205.08,-181.46,-6.35
2026-07-27 14:42:13.868,-0.23,0.9,0.01,135.56,-190.67,-2.32
2026-07-27 14:42:13.869,-0.23,0.9,0.01,135.56,-190.67,-2.32
2026-07-27 14:42:13.937,-0.15,1.0,-0.1,93.57,-154.85,43.09
2026-07-27 14:42:13.938,-0.15,1.0,-0.1,99.06,-112.92,78.31
2026-07-27 14:42:13.938,-0.09,1.01,-0.17,99.06,-112.92,78.31
2026-07-27 14:42:13.989,-0.01,0.96,-0.23,136.78,-88.56,84.11
2026-07-27 14:42:13.989,-0.01,0.96,-0.23,136.78,-88.56,84.11
2026-07-27 14:42:14.109,0.06,0.94,-0.33,182.19,-71.41,82.15
2026-07-27 14:42:14.110,0.06,0.94,-0.33,182.19,-71.41,82.15
2026-07-27 14:42:14.110,0.08,0.92,-0.43,206.36,-57.56,72.57
2026-07-27 14:42:14.110,0.08,0.92,-0.43,206.36,-57.56,72.57
2026-07-27 14:42:14.110,0.08,0.91,-0.5,181.7,-37.35,53.83
2026-07-27 14:42:14.114,0.12,0.94,-0.52,92.29,14.95,32.9
2026-07-27 14:42:14.170,0.12,0.94,-0.52,92.29,14.95,32.9
2026-07-27 14:42:14.173,0.18,0.97,-0.49,-54.38,89.6,11.9
2026-07-27 14:42:14.234,0.18,0.97,-0.49,-54.38,89.6,11.9
2026-07-27 14:42:14.235,0.22,1.0,-0.4,-199.65,148.01,-19.41
2026-07-27 14:42:14.235,0.22,1.0,-0.4,-199.65,148.01,-19.41
2026-07-27 14:42:14.290,0.17,1.02,-0.27,-273.56,177.25,-72.75
2026-07-27 14:42:14.291,0.05,1.0,-0.06,-288.64,184.27,-122.68
2026-07-27 14:42:14.291,0.05,1.0,-0.06,-288.64,184.27,-122.68
2026-07-27 14:42:14.350,-0.08,0.93,0.19,-320.74,191.1,-125.67
2026-07-27 14:42:14.350,-0.08,0.93,0.19,-320.74,191.1,-125.67
2026-07-27 14:42:14.408,-0.21,0.82,0.45,-382.63,207.09,-80.57
2026-07-27 14:42:14.409,-0.21,0.82,0.45,-382.63,207.09,-80.57
2026-07-27 14:42:14.409,-0.3,0.67,0.67,-407.71,200.5,-20.2
2026-07-27 14:42:14.468,-0.34,0.5,0.8,-371.77,153.26,23.25
2026-07-27 14:42:14.468,-0.34,0.5,0.8,-371.77,153.26,23.25
2026-07-27 14:42:14.536,-0.36,0.33,0.86,-321.72,96.62,41.63
2026-07-27 14:42:14.537,-0.36,0.33,0.86,-321.72,96.62,41.63
2026-07-27 14:42:14.537,-0.38,0.16,0.89,-287.54,60.42,45.41
2026-07-27 14:42:14.588,-0.38,0.16,0.89,-277.22,44.43,42.6
2026-07-27 14:42:14.589,-0.4,-0.02,0.89,-277.22,44.43,42.6
2026-07-27 14:42:14.649,-0.42,-0.2,0.85,-288.57,46.57,33.57
2026-07-27 14:42:14.649,-0.42,-0.2,0.85,-288.57,46.57,33.57
2026-07-27 14:42:14.650,-0.47,-0.36,0.77,-304.02,59.69,17.4
2026-07-27 14:42:14.709,-0.47,-0.36,0.77,-304.02,59.69,17.4
2026-07-27 14:42:14.709,-0.53,-0.49,0.64,-294.19,58.96,-6.59
2026-07-27 14:42:14.709,-0.53,-0.49,0.64,-294.19,58.96,-6.59
2026-07-27 14:42:14.768,-0.53,-0.62,0.54,-244.63,29.05,-34.55
2026-07-27 14:42:14.769,-0.49,-0.72,0.48,-186.4,-14.83,-53.77
2026-07-27 14:42:14.830,-0.49,-0.72,0.48,-186.4,-14.83,-53.77
2026-07-27 14:42:14.830,-0.44,-0.79,0.44,-148.19,-60.18,-58.23
2026-07-27 14:42:14.831,-0.44,-0.79,0.44,-148.19,-60.18,-58.23
2026-07-27 14:42:14.888,-0.37,-0.83,0.4,-110.9,-96.92,-52.61
2026-07-27 14:42:14.889,-0.37,-0.83,0.4,-110.9,-96.92,-52.61
2026-07-27 14:42:14.889,-0.3,-0.85,0.39,-60.42,-107.12,-40.53
2026-07-27 14:42:14.951,-0.25,-0.88,0.41,-15.5,-94.79,-24.66
2026-07-27 14:42:14.951,-0.25,-0.88,0.41,-15.5,-94.79,-24.66
2026-07-27 14:42:15.008,-0.2,-0.89,0.47,26.31,-74.34,-5.92
2026-07-27 14:42:15.009,-0.2,-0.89,0.47,26.31,-74.34,-5.92
2026-07-27 14:42:15.010,-0.19,-0.86,0.59,87.89,-66.59,4.88
2026-07-27 14:42:15.068,-0.19,-0.86,0.59,87.89,-66.59,4.88
2026-07-27 14:42:15.069,-0.21,-0.78,0.69,157.41,-87.59,5.68
2026-07-27 14:42:15.069,-0.21,-0.78,0.69,157.41,-87.59,5.68
2026-07-27 14:42:15.131,-0.2,-0.68,0.74,178.04,-72.63,2.62
2026-07-27 14:42:15.132,-0.18,-0.61,0.8,142.09,15.26,-6.84
2026-07-27 14:42:15.188,-0.18,-0.61,0.8,142.09,15.26,-6.84
2026-07-27 14:42:15.188,-0.18,-0.57,0.82,106.81,77.45,-15.56
2026-07-27 14:42:15.189,-0.18,-0.57,0.82,106.81,77.45,-15.56
2026-07-27 14:42:15.249,-0.18,-0.54,0.8,106.51,69.64,-16.54
2026-07-27 14:42:15.249,-0.18,-0.54,0.8,106.51,69.64,-16.54
2026-07-27 14:42:15.251,-0.22,-0.46,0.78,123.29,51.88,-14.16
2026-07-27 14:42:15.308,-0.28,-0.32,0.74,107.24,52.37,-14.34
2026-07-27 14:42:15.309,-0.28,-0.32,0.74,107.24,52.37,-14.34
2026-07-27 14:42:15.369,-0.29,-0.3,0.77,-11.23,2.44,23.19
2026-07-27 14:42:15.369,-0.29,-0.3,0.77,-11.23,2.44,23.19
2026-07-27 14:42:15.369,-0.3,-0.43,0.84,-194.21,-99.06,114.93
2026-07-27 14:42:15.431,-0.3,-0.43,0.84,-194.21,-99.06,114.93
2026-07-27 14:42:15.431,-0.34,-0.53,0.83,-282.29,-140.5,154.66
2026-07-27 14:42:15.432,-0.34,-0.53,0.83,-282.29,-140.5,154.66
2026-07-27 14:42:15.488,-0.34,-0.53,0.83,-282.29,-140.5,154.66
2026-07-27 14:42:15.489,-0.34,-0.53,0.83,-282.29,-140.5,154.66
2026-07-27 14:42:15.549,-0.28,-0.72,0.76,-55.73,12.08,-7.26
2026-07-27 14:42:15.549,-0.26,-0.67,0.76,115.3,32.65,-33.33
2026-07-27 14:42:15.549,-0.26,-0.67,0.76,115.3,32.65,-33.33
2026-07-27 14:42:15.609,-0.25,-0.53,0.77,229.13,17.52,-14.53
2026-07-27 14:42:15.609,-0.25,-0.53,0.77,229.13,17.52,-14.53
2026-07-27 14:42:15.609,-0.24,-0.41,0.82,209.9,5.8,4.76
2026-07-27 14:42:15.677,-0.24,-0.41,0.82,209.9,5.8,4.76
2026-07-27 14:42:15.678,-0.23,-0.36,0.88,88.93,-8.54,7.75
2026-07-27 14:42:15.731,-0.23,-0.36,0.89,-43.03,-30.82,3.48
2026-07-27 14:42:15.731,-0.23,-0.36,0.89,-43.03,-30.82,3.48
2026-07-27 14:42:15.731,-0.22,-0.45,0.87,-131.96,-50.54,-0.85
2026-07-27 14:42:15.792,-0.22,-0.45,0.87,-131.96,-50.54,-0.85
2026-07-27 14:42:15.799,-0.18,-0.56,0.83,-160.46,-56.82,-9.16
2026-07-27 14:42:15.851,-0.18,-0.56,0.83,-160.46,-56.82,-9.16
2026-07-27 14:42:15.851,-0.14,-0.66,0.77,-144.47,-47.79,-18.31
2026-07-27 14:42:15.908,-0.1,-0.73,0.72,-103.58,-30.27,-22.95
2026-07-27 14:42:15.909,-0.1,-0.73,0.72,-103.58,-30.27,-22.95
2026-07-27 14:42:15.909,-0.08,-0.75,0.67,-48.34,-13.79,-21.55
2026-07-27 14:42:15.909,-0.08,-0.75,0.67,-48.34,-13.79,-21.55
2026-07-27 14:42:15.969,-0.07,-0.76,0.65,-15.01,-7.14,-15.81
2026-07-27 14:42:15.969,-0.07,-0.76,0.65,-15.01,-7.14,-15.81
2026-07-27 14:42:16.031,-0.06,-0.77,0.66,-20.45,-8.06,-10.38
2026-07-27 14:42:16.032,-0.06,-0.77,0.66,-23.38,-8.42,-6.29
2026-07-27 14:42:16.032,-0.06,-0.77,0.66,-23.38,-8.42,-6.29
2026-07-27 14:42:16.096,-0.06,-0.75,0.66,-3.48,-6.16,-2.38
2026-07-27 14:42:16.105,-0.06,-0.75,0.66,-3.48,-6.16,-2.38
2026-07-27 14:42:16.148,-0.07,-0.74,0.66,9.03,-3.05,0.31
2026-07-27 14:42:16.208,-0.07,-0.74,0.66,9.03,-3.05,0.31
2026-07-27 14:42:16.209,-0.07,-0.74,0.67,2.01,-0.37,0.55
2026-07-27 14:42:16.209,-0.07,-0.74,0.67,2.01,-0.37,0.55
2026-07-27 14:42:16.210,-0.07,-0.74,0.66,-4.15,0.43,-0.37
2026-07-27 14:42:16.210,-0.07,-0.74,0.66,-1.65,-0.18,-0.61
2026-07-27 14:42:16.333,-0.07,-0.75,0.66,-1.65,-0.18,-0.61
2026-07-27 14:42:16.334,-0.07,-0.75,0.66,-2.93,-1.95,-0.67
2026-07-27 14:42:16.334,-0.07,-0.75,0.66,-2.93,-1.95,-0.67
2026-07-27 14:42:16.334,-0.06,-0.76,0.66,-6.53,-3.78,-1.53
2026-07-27 14:42:16.334,-0.06,-0.76,0.66,-6.53,-3.78,-1.53
2026-07-27 14:42:16.404,-0.06,-0.76,0.65,-3.11,-4.33,-2.26
2026-07-27 14:42:16.404,-0.06,-0.76,0.65,-3.11,-4.33,-2.26
2026-07-27 14:42:16.404,-0.05,-0.76,0.65,1.46,-4.27,-2.32
2026-07-27 14:42:16.449,-0.05,-0.76,0.65,1.46,-4.27,-2.32
2026-07-27 14:42:16.467,-0.05,-0.76,0.66,0.85,-4.21,-2.08
2026-07-27 14:42:16.467,-0.05,-0.76,0.66,0.92,-3.48,-1.77
2026-07-27 14:42:16.508,-0.05,-0.76,0.66,0.92,-3.48,-1.77
2026-07-27 14:42:16.509,-0.05,-0.75,0.66,4.7,-2.69,-1.77
2026-07-27 14:42:16.509,-0.05,-0.75,0.66,4.7,-2.69,-1.77
2026-07-27 14:42:16.568,-0.05,-0.75,0.67,8.97,-2.75,-2.62
2026-07-27 14:42:16.568,-0.05,-0.75,0.67,8.97,-2.75,-2.62
2026-07-27 14:42:16.629,-0.04,-0.74,0.67,13.24,-2.44,-3.97
2026-07-27 14:42:16.629,-0.04,-0.74,0.67,13.24,-2.44,-3.97
2026-07-27 14:42:16.629,-0.04,-0.74,0.68,12.51,-1.28,-4.76
2026-07-27 14:42:16.689,-0.04,-0.74,0.68,12.51,-1.28,-4.76
2026-07-27 14:42:16.690,-0.03,-0.74,0.68,4.76,-0.61,-4.76
2026-07-27 14:42:16.692,-0.03,-0.74,0.68,-2.32,-0.43,-3.48
2026-07-27 14:42:16.748,-0.03,-0.74,0.68,-2.32,-0.43,-3.48
2026-07-27 14:42:16.749,-0.04,-0.74,0.67,-2.38,-0.06,-1.89
2026-07-27 14:42:16.749,-0.04,-0.74,0.67,-2.38,-0.06,-1.89
2026-07-27 14:42:16.807,-0.04,-0.74,0.67,1.83,-0.12,-1.28
2026-07-27 14:42:16.808,-0.04,-0.74,0.67,1.83,-0.12,-1.28
2026-07-27 14:42:16.870,-0.03,-0.74,0.68,3.78,-0.85,-0.98
2026-07-27 14:42:16.870,-0.03,-0.74,0.68,3.78,-0.85,-0.98
2026-07-27 14:42:16.870,-0.03,-0.74,0.69,2.75,-1.53,-0.92
2026-07-27 14:42:16.929,-0.03,-0.74,0.69,2.75,-1.53,-0.92
2026-07-27 14:42:16.930,-0.03,-0.74,0.69,2.2,-1.1,-0.92
2026-07-27 14:42:16.930,-0.03,-0.74,0.69,2.2,-1.1,-0.92
2026-07-27 14:42:16.989,-0.03,-0.74,0.69,3.66,0.06,-0.73
2026-07-27 14:42:16.990,-0.03,-0.73,0.68,4.52,0.55,-0.61
2026-07-27 14:42:16.991,-0.03,-0.73,0.68,4.52,0.55,-0.61
2026-07-27 14:42:17.048,-0.03,-0.73,0.69,3.11,0.12,-0.49
2026-07-27 14:42:17.049,-0.03,-0.73,0.69,3.11,0.12,-0.49
2026-07-27 14:42:17.119,-0.03,-0.73,0.69,2.93,-0.31,-0.43
2026-07-27 14:42:17.119,-0.03,-0.73,0.69,2.93,-0.31,-0.43
2026-07-27 14:42:17.119,-0.03,-0.73,0.69,4.82,-0.73,-0.55
2026-07-27 14:42:17.168,-0.03,-0.73,0.69,4.82,-0.73,-0.55
2026-07-27 14:42:17.169,-0.03,-0.72,0.7,7.26,-1.22,-0.92
2026-07-27 14:42:17.169,-0.03,-0.72,0.7,7.26,-1.22,-0.92
2026-07-27 14:42:17.228,-0.03,-0.72,0.7,7.63,-1.4,-0.98
2026-07-27 14:42:17.299,-0.03,-0.72,0.7,5.8,-1.71,-0.73
2026-07-27 14:42:17.299,-0.03,-0.72,0.7,5.8,-1.71,-0.73
2026-07-27 14:42:17.301,-0.02,-0.72,0.71,6.04,-1.95,-0.85
2026-07-27 14:42:17.302,-0.02,-0.72,0.71,6.04,-1.95,-0.85
2026-07-27 14:42:17.349,-0.02,-0.71,0.71,7.08,-1.71,-1.16
2026-07-27 14:42:17.350,-0.02,-0.71,0.71,7.08,-1.71,-1.16
2026-07-27 14:42:17.351,-0.02,-0.71,0.72,8.3,-0.92,-1.34
2026-07-27 14:42:17.414,-0.02,-0.71,0.72,8.3,-0.92,-1.34
2026-07-27 14:42:17.415,-0.02,-0.7,0.72,10.19,0.49,-1.77
2026-07-27 14:42:17.415,-0.02,-0.7,0.72,10.19,0.49,-1.77
2026-07-27 14:42:17.468,-0.02,-0.69,0.72,9.58,3.17,-2.5
2026-07-27 14:42:17.470,-0.02,-0.69,0.72,6.71,5.8,-2.2
2026-07-27 14:42:17.528,-0.03,-0.69,0.72,6.71,5.8,-2.2
2026-07-27 14:42:17.529,-0.03,-0.69,0.73,3.66,5.0,-0.92
2026-07-27 14:42:17.529,-0.03,-0.69,0.73,3.66,5.0,-0.92
2026-07-27 14:42:17.589,-0.03,-0.69,0.73,2.56,1.89,0.12
2026-07-27 14:42:17.589,-0.03,-0.69,0.73,2.56,1.89,0.12
2026-07-27 14:42:17.589,-0.03,-0.69,0.73,3.78,-0.92,0.55
2026-07-27 14:42:17.648,-0.03,-0.69,0.73,3.78,-0.92,0.55
2026-07-27 14:42:17.649,-0.03,-0.68,0.74,6.84,-2.99,0.0
2026-07-27 14:42:17.649,-0.03,-0.68,0.74,6.84,-2.99,0.0
2026-07-27 14:42:17.709,-0.03,-0.68,0.74,9.58,-3.72,-1.04
2026-07-27 14:42:17.710,-0.03,-0.68,0.74,7.45,-2.75,-1.16
2026-07-27 14:42:17.768,-0.02,-0.68,0.74,7.45,-2.75,-1.16
2026-07-27 14:42:17.770,-0.02,-0.68,0.74,2.62,-0.98,-0.24
2026-07-27 14:42:17.770,-0.02,-0.68,0.74,2.62,-0.98,-0.24
2026-07-27 14:42:17.831,-0.02,-0.68,0.74,-1.04,-0.06,0.55
2026-07-27 14:42:17.833,-0.02,-0.68,0.74,-1.04,-0.06,0.55
2026-07-27 14:42:17.893,-0.02,-0.68,0.74,-1.95,-0.55,0.37
2026-07-27 14:42:17.893,-0.02,-0.68,0.74,-1.95,-0.55,0.37
2026-07-27 14:42:17.893,-0.02,-0.68,0.74,0.12,-1.34,-0.31
2026-07-27 14:42:17.949,-0.02,-0.68,0.74,3.11,-1.53,-0.79
2026-07-27 14:42:17.949,-0.02,-0.68,0.74,3.11,-1.53,-0.79
2026-07-27 14:42:17.949,-0.01,-0.68,0.75,7.39,-1.04,-1.22
2026-07-27 14:42:18.015,-0.01,-0.68,0.75,7.39,-1.04,-1.22
2026-07-27 14:42:18.016,-0.01,-0.67,0.77,19.78,0.79,-2.62
2026-07-27 14:42:18.016,-0.01,-0.67,0.77,19.78,0.79,-2.62
2026-07-27 14:42:18.068,-0.01,-0.64,0.78,38.7,3.85,-4.76
2026-07-27 14:42:18.068,-0.01,-0.64,0.78,38.7,3.85,-4.76
2026-07-27 14:42:18.151,0.0,-0.62,0.81,50.9,5.8,-5.68
2026-07-27 14:42:18.152,0.0,-0.62,0.81,50.9,5.8,-5.68
2026-07-27 14:42:18.152,0.03,-0.62,0.85,59.88,8.61,-5.68
2026-07-27 14:42:18.188,0.06,-0.62,0.88,75.5,20.51,-4.88
2026-07-27 14:42:18.188,0.06,-0.62,0.88,75.5,20.51,-4.88
2026-07-27 14:42:18.189,0.1,-0.62,0.93,76.48,29.79,-1.46
2026-07-27 14:42:18.248,0.1,-0.62,0.93,76.48,29.79,-1.46
2026-07-27 14:42:18.248,0.17,-0.62,0.95,48.65,20.39,2.26
2026-07-27 14:42:18.311,0.17,-0.62,0.95,48.65,20.39,2.26
2026-07-27 14:42:18.311,0.2,-0.57,0.9,19.59,6.71,8.0
2026-07-27 14:42:18.311,0.2,-0.57,0.9,19.59,6.71,8.0
2026-07-27 14:42:18.369,0.18,-0.47,0.85,32.96,8.79,27.95
2026-07-27 14:42:18.370,0.09,-0.36,0.72,125.0,53.53,35.64
2026-07-27 14:42:18.371,0.09,-0.36,0.72,125.0,53.53,35.64
2026-07-27 14:42:18.438,-0.11,-0.32,0.45,208.98,123.66,17.94
2026-07-27 14:42:18.438,-0.11,-0.32,0.45,208.98,123.66,17.94
2026-07-27 14:42:18.491,-0.26,-0.28,0.26,178.65,125.49,26.61
2026-07-27 14:42:18.492,-0.26,-0.28,0.26,178.65,125.49,26.61
2026-07-27 14:42:18.492,-0.21,-0.14,0.25,87.46,44.68,72.33
2026-07-27 14:42:18.550,-0.11,0.04,0.16,13.85,-33.94,120.06
2026-07-27 14:42:18.550,-0.11,0.04,0.16,13.85,-33.94,120.06
2026-07-27 14:42:18.550,-0.03,0.21,0.09,-2.44,-82.4,144.65
2026-07-27 14:42:18.611,-0.03,0.21,0.09,-2.44,-82.4,144.65
2026-07-27 14:42:18.612,0.11,0.46,0.2,59.63,-114.81,139.16
2026-07-27 14:42:18.668,0.11,0.46,0.2,59.63,-114.81,139.16
2026-07-27 14:42:18.669,0.22,0.76,0.3,174.13,-127.99,118.1
2026-07-27 14:42:18.670,0.36,0.99,0.28,303.1,-132.39,86.24
2026-07-27 14:42:18.734,0.36,0.99,0.28,303.1,-132.39,86.24
2026-07-27 14:42:18.735,0.54,1.2,0.14,391.11,-136.29,58.9
2026-07-27 14:42:18.735,0.54,1.2,0.14,391.11,-136.29,58.9
2026-07-27 14:42:18.788,0.66,1.46,-0.05,381.84,-130.0,68.79
2026-07-27 14:42:18.789,0.66,1.46,-0.05,381.84,-130.0,68.79
2026-07-27 14:42:18.857,0.7,1.7,-0.18,320.25,-114.2,90.03
2026-07-27 14:42:18.859,0.64,1.91,-0.19,282.04,-104.0,85.02
2026-07-27 14:42:18.860,0.64,1.91,-0.19,282.04,-104.0,85.02
2026-07-27 14:42:18.912,0.52,2.04,-0.06,253.6,-103.39,68.85
2026-07-27 14:42:18.912,0.52,2.04,-0.06,253.6,-103.39,68.85
2026-07-27 14:42:18.968,0.47,2.01,0.13,181.09,-106.38,53.22
2026-07-27 14:42:18.969,0.47,2.01,0.13,181.09,-106.38,53.22
2026-07-27 14:42:18.969,0.56,1.75,0.29,58.04,-107.06,29.79
2026-07-27 14:42:19.031,0.67,1.36,0.31,-51.51,-96.31,-4.27
2026-07-27 14:42:19.032,0.67,1.36,0.31,-51.51,-96.31,-4.27
2026-07-27 14:42:19.089,0.65,1.07,0.2,-90.94,-71.9,-36.19
2026-07-27 14:42:19.089,0.65,1.07,0.2,-90.94,-71.9,-36.19
2026-07-27 14:42:19.090,0.48,0.99,0.08,-86.36,-44.56,-52.98
2026-07-27 14:42:19.148,0.48,0.99,0.08,-86.36,-44.56,-52.98
2026-07-27 14:42:19.149,0.29,1.05,0.01,-95.89,-20.45,-55.97
2026-07-27 14:42:19.149,0.29,1.05,0.01,-95.89,-20.45,-55.97
2026-07-27 14:42:19.208,0.15,1.1,0.02,-151.18,2.75,-51.76
2026-07-27 14:42:19.209,0.04,1.12,0.12,-224.06,18.13,-55.05
2026-07-27 14:42:19.210,0.04,1.12,0.12,-224.06,18.13,-55.05
2026-07-27 14:42:19.268,-0.09,1.11,0.24,-245.48,13.0,-86.85
2026-07-27 14:42:19.269,-0.09,1.11,0.24,-245.48,13.0,-86.85
2026-07-27 14:42:19.328,-0.26,1.05,0.29,-206.6,-27.34,-163.45
2026-07-27 14:42:19.330,-0.26,1.05,0.29,-206.6,-27.34,-163.45
2026-07-27 14:42:19.330,-0.38,0.86,0.35,-199.95,-105.41,-246.09
2026-07-27 14:42:19.388,-0.37,0.59,0.51,-254.21,-174.01,-258.3
2026-07-27 14:42:19.388,-0.37,0.59,0.51,-254.21,-174.01,-258.3
2026-07-27 14:42:19.454,-0.31,0.49,0.64,-277.04,-160.52,-198.91
2026-07-27 14:42:19.454,-0.31,0.49,0.64,-277.04,-160.52,-198.91
2026-07-27 14:42:19.455,-0.21,0.48,0.65,-233.64,-80.08,-135.01
2026-07-27 14:42:19.509,-0.21,0.48,0.65,-158.57,-8.0,-104.37
2026-07-27 14:42:19.509,-0.13,0.42,0.65,-158.57,-8.0,-104.37
2026-07-27 14:42:19.575,-0.16,0.38,0.66,-83.86,32.35,-99.0
2026-07-27 14:42:19.583,-0.16,0.38,0.66,-83.86,32.35,-99.0
2026-07-27 14:42:19.583,-0.22,0.36,0.67,-30.27,40.47,-119.38
2026-07-27 14:42:19.629,-0.22,0.36,0.67,-30.27,40.47,-119.38
2026-07-27 14:42:19.631,-0.24,0.32,0.69,5.74,21.67,-146.55
2026-07-27 14:42:19.631,-0.24,0.32,0.69,5.74,21.67,-146.55
2026-07-27 14:42:19.688,-0.26,0.33,0.75,50.29,6.9,-135.31
2026-07-27 14:42:19.688,-0.29,0.4,0.8,97.66,11.9,-86.79
2026-07-27 14:42:19.754,-0.29,0.4,0.8,97.66,11.9,-86.79
2026-07-27 14:42:19.754,-0.31,0.46,0.81,120.3,21.0,-34.91
2026-07-27 14:42:19.754,-0.31,0.46,0.81,120.3,21.0,-34.91
2026-07-27 14:42:19.808,-0.34,0.49,0.8,122.44,18.92,-1.4
2026-07-27 14:42:19.809,-0.34,0.51,0.85,113.28,-0.55,8.97
2026-07-27 14:42:19.871,-0.34,0.51,0.85,113.28,-0.55,8.97
2026-07-27 14:42:19.871,-0.3,0.52,0.88,92.16,-16.72,5.98
2026-07-27 14:42:19.871,-0.3,0.52,0.88,92.16,-16.72,5.98
2026-07-27 14:42:19.930,-0.28,0.52,0.89,64.64,-5.98,9.16
2026-07-27 14:42:19.931,-0.28,0.52,0.89,64.64,-5.98,9.16
2026-07-27 14:42:19.933,-0.29,0.54,0.9,42.36,13.31,28.63
2026-07-27 14:42:19.988,-0.29,0.54,0.9,42.36,13.31,28.63
2026-07-27 14:42:19.989,-0.27,0.58,0.92,25.51,21.3,48.34
2026-07-27 14:42:20.049,-0.24,0.58,0.93,11.84,22.46,52.19
2026-07-27 14:42:20.050,-0.24,0.58,0.93,11.84,22.46,52.19
2026-07-27 14:42:20.050,-0.21,0.58,0.94,4.82,20.26,49.07
2026-07-27 14:42:20.109,-0.21,0.58,0.94,4.82,20.26,49.07
2026-07-27 14:42:20.110,-0.2,0.57,0.96,-1.77,12.63,51.57
2026-07-27 14:42:20.110,-0.2,0.57,0.96,-1.77,12.63,51.57
2026-07-27 14:42:20.176,-0.18,0.56,1.01,-12.33,0.18,60.55
2026-07-27 14:42:20.176,-0.18,0.56,1.01,-33.75,-13.0,74.65
2026-07-27 14:42:20.230,-0.16,0.54,1.09,-33.75,-13.0,74.65
2026-07-27 14:42:20.232,-0.17,0.47,1.15,-66.35,-22.22,87.83
2026-07-27 14:42:20.233,-0.17,0.47,1.15,-66.35,-22.22,87.83
2026-07-27 14:42:20.288,-0.2,0.39,1.14,-88.44,-31.49,85.45
2026-07-27 14:42:20.288,-0.2,0.39,1.14,-88.44,-31.49,85.45
2026-07-27 14:42:20.289,-0.17,0.37,1.06,-89.78,-45.35,60.73
2026-07-27 14:42:20.350,-0.17,0.37,1.06,-89.78,-45.35,60.73
2026-07-27 14:42:20.350,-0.12,0.42,0.92,-81.18,-50.05,27.1
2026-07-27 14:42:20.408,-0.12,0.47,0.76,-68.3,-39.06,1.46
2026-07-27 14:42:20.409,-0.12,0.47,0.76,-68.3,-39.06,1.46
2026-07-27 14:42:20.409,-0.11,0.5,0.65,-52.31,-30.03,-12.21
2026-07-27 14:42:20.469,-0.11,0.5,0.65,-52.31,-30.03,-12.21
2026-07-27 14:42:20.469,-0.05,0.54,0.63,-38.64,-32.1,-17.21
2026-07-27 14:42:20.469,-0.05,0.54,0.63,-38.64,-32.1,-17.21
2026-07-27 14:42:20.529,0.04,0.57,0.63,-26.31,-34.18,-14.16
2026-07-27 14:42:20.551,0.04,0.57,0.63,-26.31,-34.18,-14.16
2026-07-27 14:42:20.592,0.07,0.57,0.58,-9.52,-20.75,-5.13
2026-07-27 14:42:20.592,-0.01,0.54,0.47,16.54,4.09,1.65
2026-07-27 14:42:20.592,-0.01,0.54,0.47,16.54,4.09,1.65
2026-07-27 14:42:20.648,-0.11,0.52,0.42,40.89,12.94,2.08
2026-07-27 14:42:20.649,-0.11,0.52,0.42,40.89,12.94,2.08
2026-07-27 14:42:20.649,-0.17,0.49,0.47,47.85,1.1,-2.38
2026-07-27 14:42:20.708,-0.17,0.49,0.47,47.85,1.1,-2.38
2026-07-27 14:42:20.709,-0.22,0.51,0.58,54.38,-8.85,-10.38
2026-07-27 14:42:20.769,-0.22,0.51,0.58,54.38,-8.85,-10.38
2026-07-27 14:42:20.769,-0.23,0.67,0.63,62.5,-10.8,-11.05
2026-07-27 14:42:20.769,-0.08,0.6,0.79,-28.5,-31.31,-4.7
2026-07-27 14:42:20.828,-0.08,0.6,0.79,-28.5,-31.31,-4.7
2026-07-27 14:42:20.829,0.14,0.3,1.1,-153.44,-58.29,-22.09
2026-07-27 14:42:20.829,0.14,0.3,1.1,-153.44,-58.29,-22.09
2026-07-27 14:42:20.890,0.22,0.11,1.29,-138.18,-28.99,-55.3
2026-07-27 14:42:20.890,0.22,0.11,1.29,-138.18,-28.99,-55.3
2026-07-27 14:42:20.948,0.23,0.0,1.29,-39.92,31.98,-74.95
2026-07-27 14:42:20.949,0.23,0.0,1.29,47.91,55.48,-81.79
2026-07-27 14:42:20.949,0.24,0.04,1.26,47.91,55.48,-81.79
2026-07-27 14:42:21.068,0.27,0.17,1.26,96.56,50.78,-79.22
2026-07-27 14:42:21.068,0.27,0.17,1.26,96.56,50.78,-79.22
2026-07-27 14:42:21.069,0.26,0.28,1.23,81.73,41.99,-64.51
2026-07-27 14:42:21.069,0.26,0.28,1.23,81.73,41.99,-64.51
2026-07-27 14:42:21.069,0.26,0.28,1.18,21.0,20.94,-32.96
2026-07-27 14:42:21.130,0.26,0.28,1.18,21.0,20.94,-32.96
2026-07-27 14:42:21.130,0.19,0.22,1.2,-25.39,13.06,12.82
2026-07-27 14:42:21.131,0.04,0.21,1.15,-40.41,50.35,52.25
2026-07-27 14:42:21.191,0.04,0.21,1.15,-40.41,50.35,52.25
2026-07-27 14:42:21.192,-0.09,0.18,1.0,-45.29,66.28,65.12
2026-07-27 14:42:21.193,-0.09,0.18,1.0,-45.29,66.28,65.12
2026-07-27 14:42:21.249,-0.14,0.15,0.94,-19.1,10.68,56.58
2026-07-27 14:42:21.250,-0.14,0.15,0.94,-19.1,10.68,56.58
2026-07-27 14:42:21.308,-0.17,0.25,0.95,70.13,-40.28,45.23
2026-07-27 14:42:21.309,-0.17,0.25,0.95,70.13,-40.28,45.23
2026-07-27 14:42:21.309,-0.24,0.5,0.88,157.04,-25.21,36.44
2026-07-27 14:42:21.368,-0.32,0.66,0.75,140.5,1.89,7.51
2026-07-27 14:42:21.369,-0.32,0.66,0.75,140.5,1.89,7.51
2026-07-27 14:42:21.428,-0.31,0.66,0.66,44.92,-13.98,-17.15
2026-07-27 14:42:21.428,-0.31,0.66,0.66,44.92,-13.98,-17.15
2026-07-27 14:42:21.429,-0.21,0.63,0.65,-35.58,-56.03,-10.13
2026-07-27 14:42:21.488,-0.21,0.63,0.65,-35.58,-56.03,-10.13
2026-07-27 14:42:21.489,-0.13,0.62,0.68,-59.57,-86.91,-4.94
2026-07-27 14:42:21.490,-0.13,0.62,0.68,-59.57,-86.91,-4.94
2026-07-27 14:42:21.608,-0.07,0.63,0.69,-42.6,-90.82,-19.04
2026-07-27 14:42:21.609,-0.04,0.66,0.65,-11.05,-77.51,-43.09
2026-07-27 14:42:21.609,-0.04,0.66,0.65,-11.05,-77.51,-43.09
2026-07-27 14:42:21.609,-0.01,0.68,0.56,10.68,-59.81,-66.59
2026-07-27 14:42:21.609,-0.01,0.68,0.56,10.68,-59.81,-66.59
2026-07-27 14:42:21.674,0.03,0.64,0.51,-0.24,-46.08,-78.19
2026-07-27 14:42:21.677,0.03,0.64,0.51,-0.24,-46.08,-78.19
2026-07-27 14:42:21.677,0.08,0.6,0.53,-14.77,-34.61,-68.79
2026-07-27 14:42:21.729,0.08,0.6,0.53,7.08,-16.78,-45.29
2026-07-27 14:42:21.730,0.09,0.59,0.58,7.08,-16.78,-45.29
2026-07-27 14:42:21.790,0.05,0.62,0.64,50.23,4.52,-23.56
2026-07-27 14:42:21.790,0.05,0.62,0.64,50.23,4.52,-23.56
2026-07-27 14:42:21.791,0.01,0.64,0.69,82.28,18.19,-12.39
2026-07-27 14:42:21.849,0.01,0.64,0.69,82.28,18.19,-12.39
2026-07-27 14:42:21.907,-0.02,0.67,0.75,95.03,24.78,-11.78
2026-07-27 14:42:21.915,-0.02,0.72,0.81,104.31,20.39,-20.75
2026-07-27 14:42:21.915,-0.02,0.72,0.81,104.31,20.39,-20.75
2026-07-27 14:42:21.915,0.02,0.77,0.88,107.48,2.81,-35.16
2026-07-27 14:42:21.968,0.02,0.77,0.88,107.48,2.81,-35.16
2026-07-27 14:42:21.969,0.09,0.81,0.91,96.68,-13.92,-47.24
2026-07-27 14:42:21.969,0.09,0.81,0.91,96.68,-13.92,-47.24
2026-07-27 14:42:22.031,0.17,0.84,0.9,76.78,-22.83,-48.65
2026-07-27 14:42:22.031,0.17,0.84,0.9,76.78,-22.83,-48.65
2026-07-27 14:42:22.031,0.22,0.86,0.85,47.0,-17.09,-33.08
2026-07-27 14:42:22.097,0.2,0.87,0.77,12.39,4.03,-5.55
2026-07-27 14:42:22.099,0.2,0.87,0.77,12.39,4.03,-5.55
2026-07-27 14:42:22.148,0.17,0.88,0.71,-16.91,17.88,19.84
2026-07-27 14:42:22.149,0.17,0.88,0.71,-16.91,17.88,19.84
2026-07-27 14:42:22.149,0.17,0.89,0.71,-38.76,18.49,36.87
2026-07-27 14:42:22.212,0.17,0.89,0.71,-38.76,18.49,36.87
2026-07-27 14:42:22.213,0.18,0.9,0.75,-58.53,22.22,49.19
2026-07-27 14:42:22.268,0.18,0.9,0.75,-79.53,26.55,58.29
2026-07-27 14:42:22.268,0.17,0.88,0.81,-79.53,26.55,58.29
2026-07-27 14:42:22.268,0.13,0.83,0.85,-102.36,22.4,66.28
2026-07-27 14:42:22.329,0.13,0.83,0.85,-102.36,22.4,66.28
2026-07-27 14:42:22.329,0.06,0.75,0.85,-122.86,13.0,74.22
2026-07-27 14:42:22.330,0.06,0.75,0.85,-122.86,13.0,74.22
2026-07-27 14:42:22.390,0.0,0.65,0.82,-132.81,-2.62,76.6
2026-07-27 14:42:22.392,0.0,0.65,0.82,-132.81,-2.62,76.6
2026-07-27 14:42:22.449,-0.02,0.55,0.76,-128.78,-21.3,70.56
2026-07-27 14:42:22.450,-0.03,0.47,0.69,-111.63,-34.24,58.65
2026-07-27 14:42:22.450,-0.03,0.47,0.69,-111.63,-34.24,58.65
2026-07-27 14:42:22.509,-0.04,0.4,0.63,-86.49,-39.79,43.4
2026-07-27 14:42:22.509,-0.04,0.4,0.63,-86.49,-39.79,43.4
2026-07-27 14:42:22.510,-0.04,0.36,0.6,-57.43,-37.78,26.31
2026-07-27 14:42:22.569,-0.04,0.36,0.6,-57.43,-37.78,26.31
2026-07-27 14:42:22.569,-0.02,0.35,0.57,-27.4,-28.56,9.28
2026-07-27 14:42:22.628,-0.01,0.37,0.56,-0.61,-14.1,-4.58
2026-07-27 14:42:22.629,-0.01,0.37,0.56,-0.61,-14.1,-4.58
2026-07-27 14:42:22.629,-0.01,0.41,0.56,22.03,2.81,-14.16
2026-07-27 14:42:22.690,-0.01,0.41,0.56,22.03,2.81,-14.16
2026-07-27 14:42:22.690,-0.03,0.45,0.59,41.63,19.29,-21.36
2026-07-27 14:42:22.690,-0.03,0.45,0.59,41.63,19.29,-21.36
2026-07-27 14:42:22.748,-0.07,0.51,0.65,59.51,33.33,-29.11
2026-07-27 14:42:22.748,-0.07,0.51,0.65,59.51,33.33,-29.11
2026-07-27 14:42:22.809,-0.08,0.58,0.73,76.23,39.86,-40.89
2026-07-27 14:42:22.809,-0.05,0.66,0.82,90.7,36.32,-57.31
2026-07-27 14:42:22.820,-0.05,0.66,0.82,90.7,36.32,-57.31
2026-07-27 14:42:22.871,0.01,0.73,0.88,100.52,26.06,-73.55
2026-07-27 14:42:22.871,0.01,0.73,0.88,100.52,26.06,-73.55
2026-07-27 14:42:22.933,0.09,0.78,0.92,101.56,16.97,-82.46
2026-07-27 14:42:22.933,0.09,0.78,0.92,101.56,16.97,-82.46
2026-07-27 14:42:22.933,0.16,0.81,0.92,91.67,16.48,-79.77
2026-07-27 14:42:22.991,0.21,0.83,0.9,78.37,19.17,-67.44
2026-07-27 14:42:22.991,0.21,0.83,0.9,78.37,19.17,-67.44
2026-07-27 14:42:22.991,0.25,0.85,0.88,67.5,15.69,-50.23
2026-07-27 14:42:23.048,0.25,0.85,0.88,67.5,15.69,-50.23
2026-07-27 14:42:23.049,0.27,0.86,0.86,53.71,7.93,-30.58
2026-07-27 14:42:23.049,0.27,0.86,0.86,53.71,7.93,-30.58
2026-07-27 14:42:23.109,0.24,0.83,0.85,32.29,4.09,-9.16
2026-07-27 14:42:23.110,0.24,0.83,0.85,32.29,4.09,-9.16
2026-07-27 14:42:23.168,0.18,0.79,0.85,9.77,4.33,10.93
2026-07-27 14:42:23.168,0.16,0.76,0.87,-6.9,0.49,25.76
2026-07-27 14:42:23.169,0.16,0.76,0.87,-6.9,0.49,25.76
2026-07-27 14:42:23.228,0.16,0.77,0.89,-19.47,-4.64,38.15
2026-07-27 14:42:23.229,0.16,0.77,0.89,-19.47,-4.64,38.15
2026-07-27 14:42:23.288,0.14,0.78,0.88,-34.0,-2.75,53.77
2026-07-27 14:42:23.289,0.14,0.78,0.88,-34.0,-2.75,53.77
2026-07-27 14:42:23.289,0.08,0.75,0.88,-54.14,3.85,70.86
2026-07-27 14:42:23.359,0.08,0.75,0.88,-54.14,3.85,70.86
2026-07-27 14:42:23.362,-0.01,0.7,0.84,-73.12,7.08,79.22
2026-07-27 14:42:23.363,-0.06,0.67,0.77,-81.48,-1.53,71.78
2026-07-27 14:42:23.411,-0.06,0.67,0.77,-81.48,-1.53,71.78
2026-07-27 14:42:23.411,-0.08,0.63,0.7,-80.51,-18.25,54.69
2026-07-27 14:42:23.412,-0.08,0.63,0.7,-80.51,-18.25,54.69
2026-07-27 14:42:23.468,-0.09,0.59,0.64,-72.33,-30.82,36.62
2026-07-27 14:42:23.469,-0.09,0.59,0.64,-72.33,-30.82,36.62
2026-07-27 14:42:23.530,-0.08,0.56,0.6,-57.62,-36.8,19.71
2026-07-27 14:42:23.530,-0.08,0.56,0.6,-40.28,-35.77,4.46
2026-07-27 14:42:23.531,-0.07,0.55,0.58,-40.28,-35.77,4.46
2026-07-27 14:42:23.589,-0.02,0.56,0.56,-22.46,-28.75,-8.54
2026-07-27 14:42:23.589,-0.02,0.56,0.56,-22.46,-28.75,-8.54
2026-07-27 14:42:23.650,0.06,0.6,0.54,-5.74,-21.18,-17.46
2026-07-27 14:42:23.650,0.06,0.6,0.54,-5.74,-21.18,-17.46
2026-07-27 14:42:23.651,0.09,0.63,0.52,7.69,-7.45,-17.09
2026-07-27 14:42:23.777,0.09,0.63,0.52,7.69,-7.45,-17.09
2026-07-27 14:42:23.786,0.06,0.63,0.54,18.98,11.96,-11.6
2026-07-27 14:42:23.786,0.06,0.63,0.54,18.98,11.96,-11.6
2026-07-27 14:42:23.786,0.02,0.63,0.58,31.49,22.52,-13.43
2026-07-27 14:42:23.786,-0.0,0.65,0.64,46.2,22.95,-24.96
2026-07-27 14:42:23.786,-0.0,0.65,0.64,46.2,22.95,-24.96
2026-07-27 14:42:23.830,-0.01,0.68,0.7,62.07,19.1,-40.34
2026-07-27 14:42:23.831,-0.01,0.68,0.7,62.07,19.1,-40.34
2026-07-27 14:42:23.888,0.02,0.72,0.76,76.29,9.89,-55.48
2026-07-27 14:42:23.889,0.07,0.76,0.82,82.76,-0.49,-66.41
2026-07-27 14:42:23.890,0.07,0.76,0.82,82.76,-0.49,-66.41
2026-07-27 14:42:23.952,0.13,0.79,0.85,75.81,-3.6,-67.57
2026-07-27 14:42:23.952,0.13,0.79,0.85,75.81,-3.6,-67.57
2026-07-27 14:42:24.009,0.17,0.8,0.83,59.81,0.92,-57.37
2026-07-27 14:42:24.009,0.17,0.8,0.83,59.81,0.92,-57.37
2026-07-27 14:42:24.010,0.18,0.81,0.8,44.01,5.68,-40.41
2026-07-27 14:42:24.068,0.18,0.81,0.8,44.01,5.68,-40.41
2026-07-27 14:42:24.069,0.17,0.82,0.76,30.7,5.86,-23.62
2026-07-27 14:42:24.131,0.15,0.83,0.73,19.23,2.87,-11.47
2026-07-27 14:42:24.131,0.15,0.83,0.73,19.23,2.87,-11.47
2026-07-27 14:42:24.131,0.15,0.84,0.71,10.44,-0.55,-4.09
2026-07-27 14:42:24.201,0.15,0.84,0.71,10.44,-0.55,-4.09
2026-07-27 14:42:24.202,0.18,0.84,0.7,5.25,-4.94,1.77
2026-07-27 14:42:24.203,0.18,0.84,0.7,5.25,-4.94,1.77
2026-07-27 14:42:24.249,0.19,0.84,0.69,-0.61,-7.75,11.6
2026-07-27 14:42:24.249,0.19,0.84,0.69,-0.61,-7.75,11.6
2026-07-27 14:42:24.250,0.14,0.82,0.68,-10.38,-3.48,26.73
2026-07-27 14:42:24.308,0.14,0.82,0.68,-22.52,3.97,40.53
2026-07-27 14:42:24.309,0.07,0.79,0.7,-22.52,3.97,40.53
2026-07-27 14:42:24.372,0.06,0.75,0.74,-33.08,4.46,46.08
2026-07-27 14:42:24.372,0.06,0.75,0.74,-33.08,4.46,46.08
2026-07-27 14:42:24.372,0.08,0.74,0.76,-39.12,-1.1,46.69
2026-07-27 14:42:24.428,0.08,0.74,0.76,-39.12,-1.1,46.69
2026-07-27 14:42:24.429,0.04,0.73,0.76,-45.17,-4.64,48.65
2026-07-27 14:42:24.430,0.04,0.73,0.76,-45.17,-4.64,48.65
2026-07-27 14:42:24.488,-0.01,0.7,0.73,-51.21,-9.58,47.85
2026-07-27 14:42:24.496,-0.01,0.7,0.73,-51.21,-9.58,47.85
2026-07-27 14:42:24.548,-0.05,0.67,0.66,-52.67,-20.02,38.82
2026-07-27 14:42:24.549,-0.06,0.65,0.58,-47.67,-29.72,23.19
2026-07-27 14:42:24.550,-0.06,0.65,0.58,-47.67,-29.72,23.19
2026-07-27 14:42:24.611,-0.04,0.64,0.52,-36.44,-35.1,5.49
2026-07-27 14:42:24.613,-0.04,0.64,0.52,-36.44,-35.1,5.49
2026-07-27 14:42:24.613,-0.01,0.63,0.49,-22.16,-34.85,-9.64
2026-07-27 14:42:24.674,-0.01,0.63,0.49,-22.16,-34.85,-9.64
2026-07-27 14:42:24.674,-0.01,0.64,0.48,-7.14,-26.55,-20.57
2026-07-27 14:42:24.730,-0.01,0.65,0.48,7.87,-15.69,-30.21
2026-07-27 14:42:24.730,-0.01,0.65,0.48,7.87,-15.69,-30.21
2026-07-27 14:42:24.731,0.02,0.71,0.5,21.61,-12.7,-41.44
2026-07-27 14:42:24.789,0.02,0.71,0.5,21.61,-12.7,-41.44
2026-07-27 14:42:24.790,0.06,0.78,0.5,30.58,-14.89,-54.2
2026-07-27 14:42:24.792,0.06,0.78,0.5,30.58,-14.89,-54.2
2026-07-27 14:42:24.849,0.08,0.83,0.47,31.74,-19.1,-64.76
2026-07-27 14:42:24.849,0.08,0.83,0.47,31.74,-19.1,-64.76
2026-07-27 14:42:24.916,0.07,0.86,0.52,32.9,-38.15,-76.9
2026-07-27 14:42:24.916,0.06,0.88,0.65,31.01,-58.41,-100.59
2026-07-27 14:42:24.916,0.06,0.88,0.65,31.01,-58.41,-100.59
2026-07-27 14:42:24.976,0.06,0.86,0.74,10.93,-53.59,-124.57
2026-07-27 14:42:24.978,0.06,0.86,0.74,10.93,-53.59,-124.57
2026-07-27 14:42:24.978,0.13,0.8,0.8,-29.3,-46.2,-124.45
2026-07-27 14:42:25.030,0.13,0.8,0.8,-29.3,-46.2,-124.45
2026-07-27 14:42:25.030,0.2,0.72,0.86,-55.24,-35.64,-99.37
2026-07-27 14:42:25.091,0.2,0.69,0.87,-43.21,-2.08,-66.47
2026-07-27 14:42:25.092,0.2,0.69,0.87,-43.21,-2.08,-66.47
2026-07-27 14:42:25.092,0.18,0.71,0.87,-18.49,26.12,-32.78
2026-07-27 14:42:25.161,0.18,0.71,0.87,-18.49,26.12,-32.78
2026-07-27 14:42:25.161,0.23,0.76,0.91,-14.04,38.09,5.98
2026-07-27 14:42:25.162,0.23,0.76,0.91,-14.04,38.09,5.98
2026-07-27 14:42:25.209,0.37,0.79,0.99,-43.09,58.04,54.93
2026-07-27 14:42:25.209,0.37,0.79,0.99,-43.09,58.04,54.93
2026-07-27 14:42:25.268,0.49,0.78,1.08,-76.66,67.26,102.6
2026-07-27 14:42:25.269,0.48,0.72,1.18,-78.37,24.9,130.19
2026-07-27 14:42:25.270,0.48,0.72,1.18,-78.37,24.9,130.19
2026-07-27 14:42:25.328,0.34,0.62,1.27,-60.73,-40.65,142.7
2026-07-27 14:42:25.329,0.34,0.62,1.27,-60.73,-40.65,142.7
2026-07-27 14:42:25.393,0.13,0.55,1.24,-60.06,-80.2,148.19
2026-07-27 14:42:25.394,0.13,0.55,1.24,-60.06,-80.2,148.19
2026-07-27 14:42:25.394,-0.04,0.49,1.07,-79.22,-98.94,133.24
2026-07-27 14:42:25.450,-0.13,0.43,0.84,-92.47,-117.8,90.88
2026-07-27 14:42:25.450,-0.13,0.43,0.84,-92.47,-117.8,90.88
2026-07-27 14:42:25.450,-0.14,0.36,0.62,-82.82,-131.16,37.9
2026-07-27 14:42:25.508,-0.14,0.36,0.62,-82.82,-131.16,37.9
2026-07-27 14:42:25.509,-0.11,0.32,0.46,-54.93,-123.35,-5.74
2026-07-27 14:42:25.567,-0.11,0.32,0.46,-54.93,-123.35,-5.74
2026-07-27 14:42:25.584,-0.07,0.31,0.39,-21.06,-92.59,-31.25
2026-07-27 14:42:25.584,-0.07,0.31,0.39,-21.06,-92.59,-31.25
2026-07-27 14:42:25.630,-0.04,0.34,0.37,11.54,-53.53,-44.43
2026-07-27 14:42:25.632,-0.03,0.37,0.41,38.57,-17.52,-53.77
2026-07-27 14:42:25.633,-0.03,0.37,0.41,38.57,-17.52,-53.77
2026-07-27 14:42:25.689,-0.05,0.41,0.5,51.57,18.37,-58.35
2026-07-27 14:42:25.690,-0.05,0.41,0.5,51.57,18.37,-58.35
2026-07-27 14:42:25.749,-0.07,0.45,0.63,46.94,58.9,-58.35
2026-07-27 14:42:25.749,-0.07,0.45,0.63,46.94,58.9,-58.35
2026-07-27 14:42:25.750,-0.05,0.52,0.79,30.94,104.37,-54.08
2026-07-27 14:42:25.825,0.02,0.64,0.94,5.13,161.32,-34.12
2026-07-27 14:42:25.825,0.02,0.64,0.94,5.13,161.32,-34.12
2026-07-27 14:42:25.869,0.12,0.74,1.05,-11.41,206.36,-7.32
2026-07-27 14:42:25.870,0.12,0.74,1.05,-11.41,206.36,-7.32
2026-07-27 14:42:25.870,0.19,0.76,1.15,13.98,187.74,-9.16
2026-07-27 14:42:25.959,0.19,0.76,1.15,13.98,187.74,-9.16
2026-07-27 14:42:25.960,0.26,0.71,1.27,62.13,118.84,-41.44
2026-07-27 14:42:25.960,0.35,0.69,1.3,81.6,57.86,-72.39
2026-07-27 14:42:25.994,0.35,0.69,1.3,81.6,57.86,-72.39
2026-07-27 14:42:25.995,0.43,0.71,1.2,62.56,23.93,-75.93
2026-07-27 14:42:26.048,0.43,0.71,1.2,62.56,23.93,-75.93
2026-07-27 14:42:26.049,0.43,0.73,1.06,28.87,8.91,-44.86
2026-07-27 14:42:26.049,0.43,0.73,1.06,28.87,8.91,-44.86
2026-07-27 14:42:26.108,0.37,0.69,0.99,2.38,2.08,3.54
2026-07-27 14:42:26.168,0.37,0.69,0.99,-13.18,-3.3,49.99
2026-07-27 14:42:26.168,0.33,0.61,1.04,-13.18,-3.3,49.99
2026-07-27 14:42:26.169,0.31,0.53,1.13,-29.54,-5.0,91.92
2026-07-27 14:42:26.169,0.31,0.53,1.13,-29.54,-5.0,91.92
2026-07-27 14:42:26.229,0.24,0.47,1.18,-55.11,-5.37,129.27
2026-07-27 14:42:26.229,0.24,0.47,1.18,-55.11,-5.37,129.27
2026-07-27 14:42:26.230,0.1,0.42,1.15,-83.68,-9.4,152.89
2026-07-27 14:42:26.289,0.1,0.42,1.15,-83.68,-9.4,152.89
2026-07-27 14:42:26.289,-0.05,0.38,1.06,-100.59,-23.25,145.45
2026-07-27 14:42:26.356,-0.13,0.35,0.93,-100.1,-48.16,102.29
2026-07-27 14:42:26.357,-0.13,0.35,0.93,-100.1,-48.16,102.29
2026-07-27 14:42:26.357,-0.13,0.35,0.81,-85.69,-69.58,42.36
2026-07-27 14:42:26.428,-0.13,0.35,0.81,-85.69,-69.58,42.36
2026-07-27 14:42:26.428,-0.07,0.38,0.72,-62.01,-78.19,-11.05
2026-07-27 14:42:26.431,-0.07,0.38,0.72,-62.01,-78.19,-11.05
2026-07-27 14:42:26.468,-0.01,0.4,0.67,-35.77,-75.62,-43.64
2026-07-27 14:42:26.470,-0.01,0.4,0.67,-14.1,-61.89,-53.53
2026-07-27 14:42:26.470,0.01,0.43,0.65,-14.1,-61.89,-53.53
2026-07-27 14:42:26.532,0.0,0.45,0.64,0.92,-41.44,-52.06
2026-07-27 14:42:26.532,0.0,0.45,0.64,0.92,-41.44,-52.06
2026-07-27 14:42:26.589,-0.0,0.46,0.64,10.74,-22.22,-50.35
2026-07-27 14:42:26.591,-0.0,0.46,0.64,10.74,-22.22,-50.35
2026-07-27 14:42:26.591,0.0,0.48,0.66,17.58,-4.52,-51.21
2026-07-27 14:42:26.655,0.0,0.48,0.66,17.58,-4.52,-51.21
2026-07-27 14:42:26.656,0.01,0.5,0.67,24.11,12.39,-54.2
2026-07-27 14:42:26.656,0.01,0.5,0.67,24.11,12.39,-54.2
2026-07-27 14:42:26.719,0.04,0.52,0.69,31.62,28.63,-57.43
2026-07-27 14:42:26.726,0.06,0.56,0.72,41.26,44.8,-59.27
2026-07-27 14:42:26.770,0.06,0.56,0.72,41.26,44.8,-59.27
2026-07-27 14:42:26.770,0.09,0.61,0.77,53.65,60.06,-59.63
2026-07-27 14:42:26.771,0.09,0.61,0.77,53.65,60.06,-59.63
2026-07-27 14:42:26.830,0.13,0.68,0.83,67.99,72.45,-59.08
2026-07-27 14:42:26.831,0.13,0.68,0.83,67.99,72.45,-59.08
2026-07-27 14:42:26.831,0.18,0.74,0.91,79.96,79.16,-56.88
2026-07-27 14:42:26.894,0.23,0.77,1.0,83.37,79.04,-49.38
2026-07-27 14:42:26.897,0.23,0.77,1.0,83.37,79.04,-49.38
2026-07-27 14:42:26.949,0.29,0.74,1.12,73.36,75.38,-31.68
2026-07-27 14:42:26.950,0.29,0.74,1.12,73.36,75.38,-31.68
2026-07-27 14:42:26.950,0.35,0.67,1.23,52.25,71.96,-4.76
2026-07-27 14:42:27.020,0.35,0.67,1.23,52.25,71.96,-4.76
2026-07-27 14:42:27.020,0.37,0.58,1.33,20.87,63.96,25.21
2026-07-27 14:42:27.021,0.37,0.58,1.33,20.87,63.96,25.21
2026-07-27 14:42:27.069,0.31,0.52,1.35,-22.34,43.58,51.21
2026-07-27 14:42:27.069,0.23,0.55,1.26,-65.19,7.45,65.25
2026-07-27 14:42:27.132,0.23,0.55,1.26,-65.19,7.45,65.25
2026-07-27 14:42:27.132,0.2,0.63,1.15,-93.44,-38.02,68.18
2026-07-27 14:42:27.132,0.2,0.63,1.15,-93.44,-38.02,68.18
2026-07-27 14:42:27.188,0.16,0.68,1.1,-106.38,-76.84,65.61
2026-07-27 14:42:27.188,0.16,0.68,1.1,-106.38,-76.84,65.61
2026-07-27 14:42:27.250,0.03,0.61,1.04,-110.53,-93.38,47.3
2026-07-27 14:42:27.250,-0.14,0.47,0.9,-109.5,-96.5,8.48
2026-07-27 14:42:27.250,-0.14,0.47,0.9,-109.5,-96.5,8.48
2026-07-27 14:42:27.310,-0.19,0.37,0.73,-93.57,-113.04,-33.39
2026-07-27 14:42:27.311,-0.19,0.37,0.73,-93.57,-113.04,-33.39
2026-07-27 14:42:27.314,-0.15,0.38,0.59,-58.11,-138.06,-65.61
2026-07-27 14:42:27.368,-0.15,0.38,0.59,-58.11,-138.06,-65.61
2026-07-27 14:42:27.369,-0.11,0.44,0.47,-18.98,-144.17,-81.91
2026-07-27 14:42:27.429,-0.11,0.44,0.47,6.16,-121.22,-76.35
2026-07-27 14:42:27.429,-0.16,0.49,0.38,6.16,-121.22,-76.35
2026-07-27 14:42:27.430,-0.31,0.46,0.39,24.96,-77.15,-60.06
2026-07-27 14:42:27.489,-0.31,0.46,0.39,24.96,-77.15,-60.06
2026-07-27 14:42:27.489,-0.37,0.46,0.55,67.02,-42.91,-77.58
2026-07-27 14:42:27.490,-0.37,0.46,0.55,67.02,-42.91,-77.58
2026-07-27 14:42:27.548,-0.15,0.59,0.7,102.05,-49.07,-140.87
2026-07-27 14:42:27.608,-0.15,0.59,0.7,102.05,-49.07,-140.87
2026-07-27 14:42:27.608,0.23,0.75,0.75,58.84,-52.12,-159.97
2026-07-27 14:42:27.609,0.53,0.78,0.77,-32.71,2.69,-81.79
2026-07-27 14:42:27.611,0.53,0.78,0.77,-32.71,2.69,-81.79
2026-07-27 14:42:27.668,0.68,0.67,0.87,-83.01,77.21,23.93
2026-07-27 14:42:27.669,0.68,0.67,0.87,-83.01,77.21,23.93
2026-07-27 14:42:27.732,0.77,0.54,0.99,-69.46,105.96,77.39
2026-07-27 14:42:27.733,0.77,0.54,0.99,-69.46,105.96,77.39
2026-07-27 14:42:27.733,0.9,0.48,1.06,-34.48,80.02,68.42
2026-07-27 14:42:27.792,0.9,0.48,1.06,-13.79,35.46,44.62
2026-07-27 14:42:27.793,1.0,0.46,1.06,-13.79,35.46,44.62
2026-07-27 14:42:27.793,1.04,0.47,1.06,-4.58,-6.41,36.38
2026-07-27 14:42:27.850,1.04,0.47,1.06,-4.58,-6.41,36.38
2026-07-27 14:42:27.850,1.02,0.48,1.08,2.5,-50.35,37.54
2026-07-27 14:42:27.908,1.02,0.48,1.08,2.5,-50.35,37.54
2026-07-27 14:42:27.910,0.93,0.49,1.08,3.54,-93.69,48.1
2026-07-27 14:42:27.910,0.93,0.49,1.08,0.55,-131.71,62.01
2026-07-27 14:42:27.968,0.79,0.48,1.04,0.55,-131.71,62.01
2026-07-27 14:42:27.969,0.64,0.44,0.95,-3.66,-158.81,69.58
2026-07-27 14:42:27.969,0.64,0.44,0.95,-3.66,-158.81,69.58
2026-07-27 14:42:28.035,0.47,0.39,0.78,-9.95,-164.0,71.78
2026-07-27 14:42:28.035,0.47,0.39,0.78,-9.95,-164.0,71.78
2026-07-27 14:42:28.089,0.33,0.33,0.6,-12.94,-148.25,64.21
2026-07-27 14:42:28.089,0.33,0.33,0.6,-12.94,-148.25,64.21
2026-07-27 14:42:28.089,0.24,0.28,0.48,-9.7,-119.81,46.26
2026-07-27 14:42:28.157,0.2,0.24,0.41,-4.46,-83.5,24.6
2026-07-27 14:42:28.158,0.2,0.24,0.41,-4.46,-83.5,24.6
2026-07-27 14:42:28.210,0.18,0.23,0.39,0.06,-44.8,2.26
2026-07-27 14:42:28.210,0.18,0.23,0.39,0.06,-44.8,2.26
2026-07-27 14:42:28.211,0.18,0.23,0.38,3.3,-8.0,-16.72
2026-07-27 14:42:28.268,0.18,0.23,0.38,3.3,-8.0,-16.72
2026-07-27 14:42:28.269,0.16,0.24,0.39,5.31,27.47,-29.66
2026-07-27 14:42:28.269,0.16,0.24,0.39,5.31,27.47,-29.66
2026-07-27 14:42:28.333,0.16,0.26,0.44,7.69,62.56,-40.95
2026-07-27 14:42:28.334,0.19,0.31,0.54,8.06,93.08,-53.53
2026-07-27 14:42:28.335,0.19,0.31,0.54,8.06,93.08,-53.53
2026-07-27 14:42:28.388,0.26,0.38,0.68,1.34,116.52,-63.72
2026-07-27 14:42:28.389,0.26,0.38,0.68,1.34,116.52,-63.72
2026-07-27 14:42:28.450,0.35,0.46,0.86,-10.25,139.47,-67.44
2026-07-27 14:42:28.450,0.35,0.46,0.86,-10.25,139.47,-67.44
2026-07-27 14:42:28.450,0.42,0.54,1.03,-22.71,168.88,-64.88
2026-07-27 14:42:28.517,0.42,0.54,1.03,-22.71,168.88,-64.88
2026-07-27 14:42:28.518,0.5,0.61,1.18,-31.86,195.19,-60.91
2026-07-27 14:42:28.568,0.64,0.63,1.34,-37.23,199.4,-51.15
2026-07-27 14:42:28.569,0.64,0.63,1.34,-37.23,199.4,-51.15
2026-07-27 14:42:28.569,0.75,0.62,1.44,-32.84,201.84,-13.12
2026-07-27 14:42:28.629,0.75,0.62,1.44,-32.84,201.84,-13.12
2026-07-27 14:42:28.629,0.71,0.63,1.41,-18.55,191.22,33.81
2026-07-27 14:42:28.630,0.71,0.63,1.41,-18.55,191.22,33.81
2026-07-27 14:42:28.688,0.57,0.59,1.3,-16.24,145.69,52.67
2026-07-27 14:42:28.689,0.39,0.53,1.18,-27.1,101.56,56.27
2026-07-27 14:42:28.689,0.39,0.53,1.18,-27.1,101.56,56.27
2026-07-27 14:42:28.753,0.22,0.43,1.18,-42.72,65.12,60.24
2026-07-27 14:42:28.753,0.22,0.43,1.18,-42.72,65.12,60.24
2026-07-27 14:42:28.809,0.08,0.31,1.31,-57.25,27.65,63.66
2026-07-27 14:42:28.809,0.08,0.31,1.31,-57.25,27.65,63.66
2026-07-27 14:42:28.809,-0.07,0.21,1.39,-61.22,-6.59,67.2
2026-07-27 14:42:28.870,-0.07,0.21,1.39,-61.22,-6.59,67.2
2026-07-27 14:42:28.873,-0.2,0.15,1.32,-63.9,-44.62,65.86
2026-07-27 14:42:28.930,-0.27,0.11,1.12,-67.2,-91.37,52.12
2026-07-27 14:42:28.930,-0.27,0.11,1.12,-67.2,-91.37,52.12
2026-07-27 14:42:28.930,-0.25,0.1,0.83,-60.91,-133.42,26.79
2026-07-27 14:42:28.989,-0.25,0.1,0.83,-60.91,-133.42,26.79
2026-07-27 14:42:28.989,-0.18,0.14,0.57,-44.56,-149.9,-2.62
2026-07-27 14:42:28.989,-0.18,0.14,0.57,-44.56,-149.9,-2.62
2026-07-27 14:42:29.049,-0.12,0.18,0.41,-22.22,-136.23,-26.55
2026-07-27 14:42:29.052,-0.08,0.22,0.35,2.26,-105.59,-40.65
2026-07-27 14:42:29.108,-0.08,0.22,0.35,2.26,-105.59,-40.65
2026-07-27 14:42:29.109,-0.08,0.26,0.34,28.75,-76.23,-47.49
2026-07-27 14:42:29.109,-0.08,0.26,0.34,28.75,-76.23,-47.49
2026-07-27 14:42:29.179,-0.09,0.32,0.37,61.52,-59.45,-53.47
2026-07-27 14:42:29.180,-0.09,0.32,0.37,61.52,-59.45,-53.47
2026-07-27 14:42:29.180,-0.06,0.41,0.47,94.6,-36.93,-60.0
2026-07-27 14:42:29.230,-0.06,0.41,0.47,94.6,-36.93,-60.0
2026-07-27 14:42:29.231,-0.06,0.41,0.47,94.6,-36.93,-60.0
2026-07-27 14:42:29.231,-0.06,0.41,0.47,94.6,-36.93,-60.0
2026-07-27 14:42:29.289,-0.07,0.55,0.76,85.75,106.93,-48.34
2026-07-27 14:42:29.290,-0.07,0.55,0.76,75.38,139.71,-42.18
2026-07-27 14:42:29.349,-0.06,0.61,0.92,75.38,139.71,-42.18
2026-07-27 14:42:29.350,-0.02,0.67,1.06,78.98,130.43,-44.56
2026-07-27 14:42:29.350,-0.02,0.67,1.06,78.98,130.43,-44.56
2026-07-27 14:42:29.409,0.02,0.73,1.16,79.65,114.44,-51.27
2026-07-27 14:42:29.409,0.02,0.73,1.16,79.65,114.44,-51.27
2026-07-27 14:42:29.409,0.16,0.82,1.24,69.82,88.13,-62.07
2026-07-27 14:42:29.468,0.16,0.82,1.24,69.82,88.13,-62.07
2026-07-27 14:42:29.469,0.36,0.88,1.24,45.41,53.22,-61.58
2026-07-27 14:42:29.529,0.48,0.85,1.18,9.95,31.25,-34.12
2026-07-27 14:42:29.530,0.48,0.85,1.18,9.95,31.25,-34.12
2026-07-27 14:42:29.530,0.5,0.75,1.11,-20.14,20.75,7.02
2026-07-27 14:42:29.592,0.5,0.75,1.11,-20.14,20.75,7.02
2026-07-27 14:42:29.593,0.45,0.63,1.05,-37.41,11.72,41.81
2026-07-27 14:42:29.593,0.45,0.63,1.05,-37.41,11.72,41.81
2026-07-27 14:42:29.648,0.36,0.52,1.03,-42.11,-0.98,61.16
2026-07-27 14:42:29.649,0.36,0.52,1.03,-42.11,-0.98,61.16
2026-07-27 14:42:29.708,0.31,0.47,1.12,-34.42,-21.67,65.73
2026-07-27 14:42:29.709,0.31,0.47,1.12,-25.39,-44.86,64.39
2026-07-27 14:42:29.709,0.32,0.57,1.24,-25.39,-44.86,64.39
2026-07-27 14:42:29.768,0.31,0.7,1.26,-35.52,-60.24,71.11
2026-07-27 14:42:29.769,0.31,0.7,1.26,-35.52,-60.24,71.11
2026-07-27 14:42:29.770,0.17,0.72,1.13,-64.58,-68.05,88.44
2026-07-27 14:42:29.831,0.17,0.72,1.13,-64.58,-68.05,88.44
2026-07-27 14:42:29.832,-0.02,0.6,0.94,-86.06,-79.65,94.42
2026-07-27 14:42:29.833,-0.02,0.6,0.94,-86.06,-79.65,94.42
2026-07-27 14:42:29.890,-0.13,0.47,0.75,-83.37,-96.68,71.11
2026-07-27 14:42:29.891,-0.12,0.38,0.6,-62.32,-106.45,28.38
2026-07-27 14:42:29.950,-0.12,0.38,0.6,-62.32,-106.45,28.38
2026-07-27 14:42:29.950,-0.06,0.36,0.51,-36.25,-98.45,-10.56
2026-07-27 14:42:30.009,-0.06,0.36,0.51,-36.25,-98.45,-10.56
2026-07-27 14:42:30.009,-0.02,0.35,0.47,-15.93,-71.29,-30.21
2026-07-27 14:42:30.009,-0.01,0.36,0.48,-2.38,-32.96,-32.17
2026-07-27 14:42:30.069,-0.01,0.36,0.48,-2.38,-32.96,-32.17
2026-07-27 14:42:30.069,-0.01,0.36,0.54,7.81,4.52,-27.65
2026-07-27 14:42:30.069,-0.01,0.36,0.54,7.81,4.52,-27.65
2026-07-27 14:42:30.128,-0.01,0.36,0.6,12.21,32.78,-23.93
2026-07-27 14:42:30.129,-0.01,0.36,0.6,12.21,32.78,-23.93
2026-07-27 14:42:30.195,0.0,0.37,0.64,12.94,48.95,-24.35
2026-07-27 14:42:30.196,0.0,0.37,0.64,12.94,48.95,-24.35
2026-07-27 14:42:30.196,0.03,0.4,0.7,15.44,58.72,-31.19
2026-07-27 14:42:30.249,0.07,0.45,0.79,20.94,70.98,-42.85
2026-07-27 14:42:30.249,0.07,0.45,0.79,20.94,70.98,-42.85
2026-07-27 14:42:30.314,0.11,0.5,0.92,30.15,82.52,-56.88
2026-07-27 14:42:30.314,0.11,0.5,0.92,30.15,82.52,-56.88
2026-07-27 14:42:30.315,0.18,0.58,1.07,40.47,84.72,-71.59
2026-07-27 14:42:30.370,0.18,0.58,1.07,40.47,84.72,-71.59
2026-07-27 14:42:30.370,0.29,0.68,1.16,43.58,74.34,-81.42
2026-07-27 14:42:30.370,0.29,0.68,1.16,34.24,51.15,-77.88
2026-07-27 14:42:30.432,0.46,0.77,1.16,34.24,51.15,-77.88
2026-07-27 14:42:30.433,0.61,0.78,1.15,14.71,27.22,-52.73
2026-07-27 14:42:30.433,0.61,0.78,1.15,14.71,27.22,-52.73
2026-07-27 14:42:30.488,0.64,0.67,1.15,-9.52,19.84,-5.68
2026-07-27 14:42:30.488,0.64,0.67,1.15,-9.52,19.84,-5.68
2026-07-27 14:42:30.548,0.53,0.5,1.15,-30.76,25.33,44.01
2026-07-27 14:42:30.549,0.53,0.5,1.15,-30.76,25.33,44.01
2026-07-27 14:42:30.549,0.4,0.37,1.17,-38.94,20.08,70.86
2026-07-27 14:42:30.610,0.4,0.37,1.17,-38.94,20.08,70.86
2026-07-27 14:42:30.611,0.35,0.36,1.24,-28.5,-11.29,67.32
2026-07-27 14:42:30.611,0.36,0.45,1.28,-16.97,-53.96,52.73
2026-07-27 14:42:30.668,0.36,0.45,1.28,-16.97,-53.96,52.73
2026-07-27 14:42:30.669,0.33,0.56,1.22,-25.82,-81.18,52.67
2026-07-27 14:42:30.730,0.33,0.56,1.22,-25.82,-81.18,52.67
2026-07-27 14:42:30.731,0.22,0.58,1.08,-48.03,-89.84,67.69
2026-07-27 14:42:30.732,0.22,0.58,1.08,-48.03,-89.84,67.69
2026-07-27 14:42:30.789,0.08,0.52,0.91,-63.66,-93.32,78.19
2026-07-27 14:42:30.789,-0.01,0.42,0.74,-62.87,-97.6,69.89
2026-07-27 14:42:30.789,-0.01,0.42,0.74,-62.87,-97.6,69.89
2026-07-27 14:42:30.860,-0.01,0.34,0.61,-46.51,-100.16,45.1
2026-07-27 14:42:30.861,-0.01,0.34,0.61,-46.51,-100.16,45.1
2026-07-27 14:42:30.915,0.04,0.29,0.54,-23.74,-94.54,18.25
2026-07-27 14:42:30.917,0.04,0.29,0.54,-23.74,-94.54,18.25
2026-07-27 14:42:30.917,0.11,0.26,0.51,-4.46,-78.98,1.04
2026-07-27 14:42:30.968,0.11,0.26,0.51,7.26,-56.15,-5.68
2026-07-27 14:42:30.968,0.15,0.24,0.48,7.26,-56.15,-5.68
2026-07-27 14:42:31.028,0.17,0.21,0.44,10.01,-25.82,-5.0
2026-07-27 14:42:31.029,0.17,0.21,0.44,10.01,-25.82,-5.0
2026-07-27 14:42:31.030,0.14,0.16,0.39,3.6,10.56,2.08
2026-07-27 14:42:31.088,0.14,0.16,0.39,3.6,10.56,2.08
2026-07-27 14:42:31.089,0.03,0.1,0.34,-9.64,51.94,16.6
2026-07-27 14:42:31.089,0.03,0.1,0.34,-9.64,51.94,16.6
2026-07-27 14:42:31.150,-0.16,0.03,0.24,-34.67,106.87,45.59
2026-07-27 14:42:31.151,-0.16,0.03,0.24,-34.67,106.87,45.59
2026-07-27 14:42:31.151,-0.4,0.09,0.24,-41.32,186.95,74.4
2026-07-27 14:42:31.215,-0.64,0.58,0.51,60.18,250.06,49.13
2026-07-27 14:42:31.216,-0.64,0.58,0.51,60.18,250.06,49.13
2026-07-27 14:42:31.268,-0.7,1.3,0.89,254.88,238.16,-27.34
2026-07-27 14:42:31.269,-0.7,1.3,0.89,254.88,238.16,-27.34
2026-07-27 14:42:31.270,-0.57,1.57,1.12,345.64,217.59,-60.3
2026-07-27 14:42:31.329,-0.57,1.57,1.12,345.64,217.59,-60.3
2026-07-27 14:42:31.333,-0.49,1.34,1.14,265.44,273.32,-0.12
2026-07-27 14:42:31.388,-0.52,1.23,1.04,195.07,322.39,75.01
2026-07-27 14:42:31.388,-0.52,1.23,1.04,195.07,322.39,75.01
2026-07-27 14:42:31.388,-0.41,1.44,0.92,211.73,275.15,77.88
2026-07-27 14:42:31.449,-0.41,1.44,0.92,211.73,275.15,77.88
2026-07-27 14:42:31.478,-0.28,1.54,0.77,204.53,217.53,34.48
2026-07-27 14:42:31.479,-0.28,1.54,0.77,204.53,217.53,34.48
2026-07-27 14:42:31.508,-0.44,1.21,0.6,123.41,262.02,15.62
2026-07-27 14:42:31.508,-0.59,0.87,0.57,72.57,306.21,39.67
2026-07-27 14:42:31.568,-0.59,0.87,0.57,72.57,306.21,39.67
2026-07-27 14:42:31.568,-0.42,0.9,0.5,108.95,185.0,64.45
2026-07-27 14:42:31.572,-0.42,0.9,0.5,108.95,185.0,64.45
2026-07-27 14:42:31.630,-0.28,0.96,0.12,128.23,5.62,51.27
2026-07-27 14:42:31.631,-0.28,0.96,0.12,128.23,5.62,51.27
2026-07-27 14:42:31.698,-0.32,0.9,-0.26,91.43,-53.34,16.48
2026-07-27 14:42:31.699,-0.32,0.85,-0.29,64.7,-15.69,-9.52
2026-07-27 14:42:31.699,-0.32,0.85,-0.29,64.7,-15.69,-9.52
2026-07-27 14:42:31.749,-0.23,0.84,-0.19,37.72,16.66,-18.55
2026-07-27 14:42:31.750,-0.23,0.84,-0.19,37.72,16.66,-18.55
2026-07-27 14:42:31.750,-0.15,0.85,-0.2,-8.97,2.01,-5.68
2026-07-27 14:42:31.809,-0.15,0.85,-0.2,-8.97,2.01,-5.68
2026-07-27 14:42:31.809,-0.22,0.88,-0.38,-40.47,-22.58,11.17
2026-07-27 14:42:31.812,-0.22,0.88,-0.38,-40.47,-22.58,11.17
2026-07-27 14:42:31.870,-0.29,0.88,-0.61,-40.83,-19.47,15.62
2026-07-27 14:42:31.870,-0.19,0.94,-0.75,-26.06,12.33,28.75
2026-07-27 14:42:31.928,-0.19,0.94,-0.75,-26.06,12.33,28.75
2026-07-27 14:42:31.929,-0.05,0.98,-0.75,-13.43,35.16,42.54
2026-07-27 14:42:31.930,-0.05,0.98,-0.75,-13.43,35.16,42.54
2026-07-27 14:42:31.991,-0.01,0.95,-0.61,-5.98,5.86,35.1
2026-07-27 14:42:31.991,-0.07,0.93,-0.45,-12.88,-50.48,23.68
2026-07-27 14:42:32.051,-0.07,0.93,-0.45,-12.88,-50.48,23.68
2026-07-27 14:42:32.052,-0.13,0.93,-0.33,-58.29,-93.2,27.95
2026-07-27 14:42:32.053,-0.13,0.93,-0.33,-58.29,-93.2,27.95
2026-07-27 14:42:32.109,-0.16,0.93,-0.25,-108.58,-111.82,39.67
2026-07-27 14:42:32.110,-0.16,0.93,-0.25,-108.58,-111.82,39.67
2026-07-27 14:42:32.170,-0.14,0.98,-0.18,-113.83,-96.92,37.05
2026-07-27 14:42:32.170,-0.07,0.99,-0.02,-109.99,-51.03,15.44
2026-07-27 14:42:32.170,-0.07,0.99,-0.02,-109.99,-51.03,15.44
2026-07-27 14:42:32.237,-0.05,0.98,0.15,-107.18,-7.08,-6.96
2026-07-27 14:42:32.237,-0.05,0.98,0.15,-107.18,-7.08,-6.96
2026-07-27 14:42:32.238,-0.09,0.94,0.32,-90.39,9.83,-26.31
2026-07-27 14:42:32.289,-0.09,0.94,0.32,-90.39,9.83,-26.31
2026-07-27 14:42:32.290,-0.24,0.97,0.39,-51.7,11.05,-56.03
2026-07-27 14:42:32.349,-0.24,0.97,0.39,-51.7,11.05,-56.03
2026-07-27 14:42:32.349,-0.5,0.91,0.26,-48.65,-5.74,-121.15
2026-07-27 14:42:32.350,-0.56,0.72,0.22,-115.72,-68.18,-187.32
2026-07-27 14:42:32.408,-0.56,0.72,0.22,-115.72,-68.18,-187.32
2026-07-27 14:42:32.410,-0.43,0.7,0.39,-140.75,-118.53,-179.99
2026-07-27 14:42:32.415,-0.43,0.7,0.39,-140.75,-118.53,-179.99
2026-07-27 14:42:32.468,-0.36,0.75,0.61,-100.28,-87.4,-117.31
2026-07-27 14:42:32.468,-0.36,0.75,0.61,-100.28,-87.4,-117.31
2026-07-27 14:42:32.536,-0.38,0.71,0.79,-74.95,-34.55,-63.35
2026-07-27 14:42:32.537,-0.42,0.58,0.91,-79.65,-33.02,-37.17
2026-07-27 14:42:32.537,-0.42,0.58,0.91,-79.65,-33.02,-37.17
2026-07-27 14:42:32.589,-0.43,0.46,1.01,-81.24,-73.61,-25.09
2026-07-27 14:42:32.589,-0.43,0.46,1.01,-81.24,-73.61,-25.09
2026-07-27 14:42:32.654,-0.45,0.41,1.09,-70.25,-114.38,-15.32
2026-07-27 14:42:32.660,-0.45,0.41,1.09,-70.25,-114.38,-15.32
2026-07-27 14:42:32.660,-0.53,0.4,1.1,-69.27,-131.35,-6.04
2026-07-27 14:42:32.709,-0.57,0.36,1.01,-88.38,-127.62,-11.11
2026-07-27 14:42:32.709,-0.57,0.36,1.01,-88.38,-127.62,-11.11
2026-07-27 14:42:32.770,-0.51,0.34,0.93,-101.62,-117.92,-41.26
2026-07-27 14:42:32.771,-0.51,0.34,0.93,-101.62,-117.92,-41.26
2026-07-27 14:42:32.771,-0.37,0.41,0.95,-88.01,-109.99,-81.6
2026-07-27 14:42:32.840,-0.37,0.41,0.95,-88.01,-109.99,-81.6
2026-07-27 14:42:32.841,-0.22,0.5,1.01,-65.61,-102.91,-103.52
2026-07-27 14:42:32.841,-0.18,0.52,0.98,-59.2,-94.67,-87.59
2026-07-27 14:42:32.888,-0.18,0.52,0.98,-59.2,-94.67,-87.59
2026-07-27 14:42:32.888,-0.23,0.44,0.86,-64.45,-86.73,-46.39
2026-07-27 14:42:32.957,-0.23,0.44,0.86,-64.45,-86.73,-46.39
2026-07-27 14:42:32.957,-0.28,0.3,0.71,-63.9,-75.5,-7.93
2026-07-27 14:42:32.957,-0.28,0.3,0.71,-63.9,-75.5,-7.93
2026-07-27 14:42:33.008,-0.27,0.22,0.61,-41.38,-51.76,16.91
2026-07-27 14:42:33.009,-0.27,0.22,0.61,7.75,8.85,34.42
2026-07-27 14:42:33.009,-0.24,0.29,0.6,7.75,8.85,34.42
2026-07-27 14:42:33.070,-0.34,0.42,0.48,29.54,103.88,57.25
2026-07-27 14:42:33.070,-0.34,0.42,0.48,29.54,103.88,57.25
2026-07-27 14:42:33.130,-0.46,0.4,0.39,3.05,146.18,63.48
2026-07-27 14:42:33.131,-0.46,0.4,0.39,3.05,146.18,63.48
2026-07-27 14:42:33.131,-0.45,0.26,0.48,-8.54,133.54,38.21
2026-07-27 14:42:33.192,-0.45,0.26,0.48,-8.54,133.54,38.21
2026-07-27 14:42:33.192,-0.43,0.2,0.57,15.32,131.23,19.71
2026-07-27 14:42:33.249,-0.45,0.22,0.67,39.43,124.33,26.25
2026-07-27 14:42:33.249,-0.45,0.22,0.67,39.43,124.33,26.25
2026-07-27 14:42:33.249,-0.47,0.23,0.77,37.9,95.46,35.03
2026-07-27 14:42:33.308,-0.47,0.23,0.77,37.9,95.46,35.03
2026-07-27 14:42:33.308,-0.48,0.21,0.85,25.02,57.98,18.07
2026-07-27 14:42:33.308,-0.48,0.21,0.85,25.02,57.98,18.07
2026-07-27 14:42:33.368,-0.46,0.19,0.94,30.03,36.44,-18.49
2026-07-27 14:42:33.369,-0.46,0.19,0.94,35.95,46.94,-35.95
2026-07-27 14:42:33.370,-0.47,0.15,1.08,35.95,46.94,-35.95
2026-07-27 14:42:33.428,-0.51,0.11,1.23,25.02,67.87,-28.02
2026-07-27 14:42:33.430,-0.51,0.11,1.23,25.02,67.87,-28.02
2026-07-27 14:42:33.505,-0.53,0.12,1.33,16.48,57.56,-23.01
2026-07-27 14:42:33.505,-0.53,0.12,1.33,16.48,57.56,-23.01
2026-07-27 14:42:33.506,-0.53,0.13,1.35,-11.41,28.63,-25.02
2026-07-27 14:42:33.550,-0.53,0.13,1.35,-11.41,28.63,-25.02
2026-07-27 14:42:33.550,-0.59,0.02,1.27,-134.03,18.62,-17.27
2026-07-27 14:42:33.608,-0.66,-0.16,1.18,-216.8,4.7,-23.32
2026-07-27 14:42:33.608,-0.66,-0.16,1.18,-216.8,4.7,-23.32
2026-07-27 14:42:33.608,-0.67,-0.23,1.12,-152.59,-29.85,-47.0
2026-07-27 14:42:33.669,-0.67,-0.23,1.12,-152.59,-29.85,-47.0
2026-07-27 14:42:33.680,-0.67,-0.23,1.02,-88.87,-44.31,-59.57
2026-07-27 14:42:33.681,-0.67,-0.23,1.02,-88.87,-44.31,-59.57
2026-07-27 14:42:33.798,-0.63,-0.21,0.85,-75.07,-37.54,-71.78
2026-07-27 14:42:33.808,-0.63,-0.21,0.85,-55.66,-49.13,-93.81
2026-07-27 14:42:33.809,-0.55,-0.19,0.67,-55.66,-49.13,-93.81
2026-07-27 14:42:33.810,-0.47,-0.18,0.49,-19.65,-76.23,-102.72
2026-07-27 14:42:33.811,-0.47,-0.18,0.49,-19.65,-76.23,-102.72
2026-07-27 14:42:33.848,-0.43,-0.13,0.38,-28.14,-93.75,-103.45
2026-07-27 14:42:33.849,-0.43,-0.13,0.38,-28.14,-93.75,-103.45
2026-07-27 14:42:33.849,-0.32,-0.23,0.32,-178.53,-99.79,-127.56
2026-07-27 14:42:33.911,-0.25,-0.59,0.25,-356.93,-70.13,-128.97
2026-07-27 14:42:33.912,-0.25,-0.59,0.25,-356.93,-70.13,-128.97
2026-07-27 14:42:33.971,-0.33,-0.71,0.23,-277.22,-4.46,-85.27
2026-07-27 14:42:33.971,-0.33,-0.71,0.23,-277.22,-4.46,-85.27
2026-07-27 14:42:33.972,-0.45,-0.57,0.21,-46.81,75.68,-75.13
2026-07-27 14:42:34.028,-0.45,-0.57,0.21,-46.81,75.68,-75.13
2026-07-27 14:42:34.029,-0.49,-0.59,0.11,27.95,150.15,-102.91
2026-07-27 14:42:34.088,-0.44,-0.65,0.06,-37.23,160.16,-55.36
2026-07-27 14:42:34.090,-0.44,-0.65,0.06,-37.23,160.16,-55.36
2026-07-27 14:42:34.090,-0.44,-0.65,0.11,-116.27,115.54,53.83
2026-07-27 14:42:34.148,-0.44,-0.65,0.11,-116.27,115.54,53.83
2026-07-27 14:42:34.149,-0.48,-0.68,0.19,-149.11,71.41,114.75
2026-07-27 14:42:34.149,-0.48,-0.68,0.19,-149.11,71.41,114.75
2026-07-27 14:42:34.209,-0.59,-0.79,0.31,-121.83,45.47,118.65
2026-07-27 14:42:34.209,-0.64,-0.98,0.44,-91.13,23.38,99.0
2026-07-27 14:42:34.268,-0.64,-0.98,0.44,-91.13,23.38,99.0
2026-07-27 14:42:34.268,-0.5,-1.25,0.4,-104.74,-18.37,60.24
2026-07-27 14:42:34.269,-0.5,-1.25,0.4,-104.74,-18.37,60.24
2026-07-27 14:42:34.331,-0.39,-1.45,0.08,-140.38,-70.13,55.24
2026-07-27 14:42:34.331,-0.39,-1.45,0.08,-140.38,-70.13,55.24
2026-07-27 14:42:34.393,-0.43,-1.47,-0.19,-125.06,-92.22,86.3
2026-07-27 14:42:34.394,-0.41,-1.4,-0.21,-39.73,-69.03,72.39
2026-07-27 14:42:34.396,-0.41,-1.4,-0.21,-39.73,-69.03,72.39
2026-07-27 14:42:34.454,-0.36,-1.32,-0.15,30.21,-37.96,18.62
2026-07-27 14:42:34.454,-0.36,-1.32,-0.15,30.21,-37.96,18.62
2026-07-27 14:42:34.455,-0.36,-1.25,-0.15,30.46,-31.74,-34.24
2026-07-27 14:42:34.508,-0.36,-1.25,-0.15,30.46,-31.74,-34.24
2026-07-27 14:42:34.509,-0.42,-1.19,-0.21,2.69,-32.53,-71.23
2026-07-27 14:42:34.568,-0.42,-1.19,-0.21,2.69,-32.53,-71.23
2026-07-27 14:42:34.569,-0.48,-1.15,-0.22,-9.22,-15.26,-97.17
2026-07-27 14:42:34.569,-0.52,-1.07,-0.17,-8.42,15.38,-116.58
2026-07-27 14:42:34.630,-0.52,-1.07,-0.17,-8.42,15.38,-116.58
2026-07-27 14:42:34.630,-0.53,-0.95,-0.11,-4.15,43.58,-126.59
2026-07-27 14:42:34.630,-0.53,-0.95,-0.11,-4.15,43.58,-126.59
2026-07-27 14:42:34.688,-0.51,-0.81,-0.05,5.25,63.11,-121.4
2026-07-27 14:42:34.690,-0.51,-0.81,-0.05,5.25,63.11,-121.4
2026-07-27 14:42:34.747,-0.47,-0.7,-0.02,14.59,77.58,-101.32
2026-07-27 14:42:34.748,-0.47,-0.7,-0.02,16.97,87.95,-72.33
2026-07-27 14:42:34.748,-0.4,-0.61,-0.0,16.97,87.95,-72.33
2026-07-27 14:42:34.816,-0.35,-0.55,-0.01,19.23,85.21,-42.66
2026-07-27 14:42:34.817,-0.35,-0.55,-0.01,19.23,85.21,-42.66
2026-07-27 14:42:34.869,-0.33,-0.53,-0.01,29.54,66.47,-15.87
2026-07-27 14:42:34.870,-0.33,-0.53,-0.01,29.54,66.47,-15.87
2026-07-27 14:42:34.871,-0.33,-0.55,-0.02,40.34,43.27,8.79
2026-07-27 14:42:34.931,-0.33,-0.55,-0.02,40.34,43.27,8.79
2026-07-27 14:42:34.932,-0.35,-0.6,-0.02,37.78,24.11,29.66
2026-07-27 14:42:34.932,-0.38,-0.65,0.01,21.91,9.16,46.26
2026-07-27 14:42:34.988,-0.38,-0.65,0.01,21.91,9.16,46.26
2026-07-27 14:42:34.989,-0.41,-0.75,0.02,5.31,-1.71,60.12
2026-07-27 14:42:34.989,-0.41,-0.75,0.02,5.31,-1.71,60.12
2026-07-27 14:42:35.056,-0.4,-0.92,0.02,0.85,-9.09,67.2
2026-07-27 14:42:35.058,-0.4,-0.92,0.02,0.85,-9.09,67.2
2026-07-27 14:42:35.122,-0.37,-1.08,-0.02,17.52,-12.88,61.58
2026-07-27 14:42:35.123,-0.37,-1.08,-0.02,17.52,-12.88,61.58
2026-07-27 14:42:35.123,-0.35,-1.14,-0.08,42.42,-4.39,51.21
2026-07-27 14:42:35.172,-0.33,-1.15,-0.04,46.39,24.48,46.63
2026-07-27 14:42:35.173,-0.33,-1.15,-0.04,46.39,24.48,46.63
2026-07-27 14:42:35.231,-0.3,-1.15,0.1,27.89,59.39,44.92
2026-07-27 14:42:35.231,-0.3,-1.15,0.1,27.89,59.39,44.92
2026-07-27 14:42:35.232,-0.26,-1.17,0.29,13.37,76.35,40.04
2026-07-27 14:42:35.289,-0.26,-1.17,0.29,13.37,76.35,40.04
2026-07-27 14:42:35.290,-0.23,-1.19,0.44,10.86,65.06,29.97
2026-07-27 14:42:35.290,-0.23,-1.19,0.44,10.86,65.06,29.97
2026-07-27 14:42:35.349,-0.2,-1.2,0.51,5.98,30.94,15.56
2026-07-27 14:42:35.349,-0.2,-1.23,0.46,-6.59,-10.86,-1.71
2026-07-27 14:42:35.349,-0.2,-1.23,0.46,-6.59,-10.86,-1.71
2026-07-27 14:42:35.408,-0.22,-1.24,0.35,-17.58,-45.47,-21.97
2026-07-27 14:42:35.409,-0.22,-1.24,0.35,-17.58,-45.47,-21.97
2026-07-27 14:42:35.470,-0.25,-1.22,0.23,-21.3,-65.55,-43.4
2026-07-27 14:42:35.470,-0.25,-1.22,0.23,-21.3,-65.55,-43.4
2026-07-27 14:42:35.470,-0.29,-1.17,0.12,-20.63,-72.14,-62.01
2026-07-27 14:42:35.537,-0.29,-1.17,0.12,-19.35,-68.3,-74.95
2026-07-27 14:42:35.548,-0.34,-1.08,0.02,-19.35,-68.3,-74.95
2026-07-27 14:42:35.589,-0.37,-0.98,-0.06,-17.27,-54.02,-79.65
2026-07-27 14:42:35.589,-0.37,-0.98,-0.06,-17.27,-54.02,-79.65
2026-07-27 14:42:35.590,-0.37,-0.89,-0.07,-9.09,-29.24,-76.54
2026-07-27 14:42:35.649,-0.37,-0.89,-0.07,-9.09,-29.24,-76.54
2026-07-27 14:42:35.649,-0.35,-0.81,-0.01,4.88,-1.89,-69.15
2026-07-27 14:42:35.650,-0.35,-0.81,-0.01,4.88,-1.89,-69.15
2026-07-27 14:42:35.709,-0.32,-0.74,0.04,12.88,13.24,-58.04
2026-07-27 14:42:35.711,-0.32,-0.74,0.04,9.77,12.33,-42.6
2026-07-27 14:42:35.712,-0.3,-0.67,0.06,9.77,12.33,-42.6
2026-07-27 14:42:35.769,-0.29,-0.62,0.04,2.99,4.33,-23.68
2026-07-27 14:42:35.770,-0.29,-0.62,0.04,2.99,4.33,-23.68
2026-07-27 14:42:35.835,-0.29,-0.61,0.02,-1.46,-1.89,-2.2
2026-07-27 14:42:35.835,-0.29,-0.61,0.02,-1.46,-1.89,-2.2
2026-07-27 14:42:35.836,-0.3,-0.64,0.02,-1.89,-1.89,20.94
2026-07-27 14:42:35.895,-0.3,-0.64,0.02,-1.89,-1.89,20.94
2026-07-27 14:42:35.895,-0.33,-0.71,0.03,-0.24,2.93,44.31
2026-07-27 14:42:35.948,-0.34,-0.84,0.07,-0.06,6.9,62.99
2026-07-27 14:42:35.948,-0.34,-0.84,0.07,-0.06,6.9,62.99
2026-07-27 14:42:35.949,-0.33,-1.0,0.11,-13.61,-2.69,70.01
2026-07-27 14:42:36.009,-0.33,-1.0,0.11,-13.61,-2.69,70.01
2026-07-27 14:42:36.011,-0.3,-1.11,0.09,-42.66,-30.4,66.71
2026-07-27 14:42:36.011,-0.3,-1.11,0.09,-42.66,-30.4,66.71
2026-07-27 14:42:36.068,-0.26,-1.17,0.02,-48.4,-46.69,59.08
2026-07-27 14:42:36.069,-0.26,-1.17,0.02,-19.1,-29.6,49.32
2026-07-27 14:42:36.133,-0.22,-1.19,0.01,-19.1,-29.6,49.32
2026-07-27 14:42:36.133,-0.2,-1.16,0.08,6.53,0.92,39.92
2026-07-27 14:42:36.134,-0.2,-1.16,0.08,6.53,0.92,39.92
2026-07-27 14:42:36.201,-0.19,-1.12,0.15,15.01,21.0,31.98
2026-07-27 14:42:36.203,-0.19,-1.12,0.15,15.01,21.0,31.98
2026-07-27 14:42:36.205,-0.19,-1.09,0.18,14.95,23.25,24.41
2026-07-27 14:42:36.248,-0.19,-1.09,0.18,14.95,23.25,24.41
2026-07-27 14:42:36.249,-0.18,-1.11,0.18,9.34,10.44,16.78
2026-07-27 14:42:36.308,-0.18,-1.11,0.18,-1.28,-11.05,6.77
2026-07-27 14:42:36.309,-0.15,-1.21,0.13,-1.28,-11.05,6.77
2026-07-27 14:42:36.309,-0.14,-1.31,0.05,-18.62,-35.71,-10.31
2026-07-27 14:42:36.372,-0.14,-1.31,0.05,-18.62,-35.71,-10.31
2026-07-27 14:42:36.373,-0.17,-1.31,-0.03,-41.81,-54.63,-36.62
2026-07-27 14:42:36.373,-0.17,-1.31,-0.03,-41.81,-54.63,-36.62
2026-07-27 14:42:36.430,-0.21,-1.22,-0.06,-61.71,-57.98,-64.82
2026-07-27 14:42:36.431,-0.21,-1.22,-0.06,-61.71,-57.98,-64.82
2026-07-27 14:42:36.489,-0.24,-1.14,-0.06,-67.44,-46.63,-84.9
2026-07-27 14:42:36.490,-0.24,-1.14,-0.06,-54.81,-27.16,-94.67
2026-07-27 14:42:36.490,-0.24,-1.08,-0.09,-54.81,-27.16,-94.67
2026-07-27 14:42:36.549,-0.24,-1.01,-0.12,-32.59,-5.25,-96.98
2026-07-27 14:42:36.549,-0.24,-1.01,-0.12,-32.59,-5.25,-96.98
2026-07-27 14:42:36.549,-0.22,-0.92,-0.12,-15.69,12.94,-93.38
2026-07-27 14:42:36.669,-0.22,-0.92,-0.12,-15.69,12.94,-93.38
2026-07-27 14:42:36.669,-0.21,-0.81,-0.08,-6.04,25.33,-84.17
2026-07-27 14:42:36.670,-0.21,-0.81,-0.08,-6.04,25.33,-84.17
2026-07-27 14:42:36.670,-0.19,-0.71,-0.03,0.98,31.62,-69.46
2026-07-27 14:42:36.670,-0.18,-0.63,0.01,5.68,30.52,-49.19
2026-07-27 14:42:36.729,-0.18,-0.63,0.01,5.68,30.52,-49.19
2026-07-27 14:42:36.730,-0.18,-0.58,0.04,10.93,24.48,-24.96
2026-07-27 14:42:36.730,-0.18,-0.58,0.04,10.93,24.48,-24.96
2026-07-27 14:42:36.788,-0.21,-0.56,0.05,21.3,17.88,1.22
2026-07-27 14:42:36.789,-0.21,-0.56,0.05,21.3,17.88,1.22
2026-07-27 14:42:36.850,-0.25,-0.6,0.05,36.5,13.73,27.28
2026-07-27 14:42:36.850,-0.25,-0.6,0.05,36.5,13.73,27.28
2026-07-27 14:42:36.851,-0.31,-0.7,0.05,50.96,12.76,51.82
2026-07-27 14:42:36.910,-0.34,-0.84,0.06,59.63,14.77,73.85
2026-07-27 14:42:36.919,-0.34,-0.84,0.06,59.63,14.77,73.85
2026-07-27 14:42:36.919,-0.35,-0.97,0.07,59.75,18.31,90.64
2026-07-27 14:42:36.970,-0.35,-0.97,0.07,59.75,18.31,90.64
2026-07-27 14:42:36.970,-0.34,-1.04,0.09,49.38,19.17,100.4
2026-07-27 14:42:36.970,-0.34,-1.04,0.09,49.38,19.17,100.4
2026-07-27 14:42:37.033,-0.33,-1.09,0.11,36.13,19.78,103.88
2026-07-27 14:42:37.034,-0.3,-1.12,0.15,28.02,25.09,102.29
2026-07-27 14:42:37.090,-0.3,-1.12,0.15,28.02,25.09,102.29
2026-07-27 14:42:37.090,-0.25,-1.15,0.24,24.48,31.86,96.68
2026-07-27 14:42:37.091,-0.25,-1.15,0.24,24.48,31.86,96.68
2026-07-27 14:42:37.149,-0.2,-1.2,0.36,26.73,34.61,87.34
2026-07-27 14:42:37.149,-0.2,-1.2,0.36,26.73,34.61,87.34
2026-07-27 14:42:37.215,-0.13,-1.32,0.4,28.38,26.73,75.26
2026-07-27 14:42:37.215,-0.13,-1.32,0.4,28.38,26.73,75.26
2026-07-27 14:42:37.216,-0.09,-1.44,0.33,18.74,6.65,55.97
2026-07-27 14:42:37.268,-0.12,-1.43,0.22,1.53,-13.31,22.03
2026-07-27 14:42:37.268,-0.12,-1.43,0.22,1.53,-13.31,22.03
2026-07-27 14:42:37.345,-0.21,-1.31,0.18,-11.11,-19.71,-21.55
2026-07-27 14:42:37.345,-0.21,-1.31,0.18,-11.11,-19.71,-21.55
2026-07-27 14:42:37.345,-0.27,-1.19,0.19,-15.56,-17.27,-60.61
2026-07-27 14:42:37.388,-0.27,-1.19,0.19,-15.56,-17.27,-60.61
2026-07-27 14:42:37.389,-0.29,-1.16,0.2,-17.15,-19.9,-87.16
2026-07-27 14:42:37.389,-0.29,-1.16,0.2,-17.15,-19.9,-87.16
2026-07-27 14:42:37.449,-0.3,-1.19,0.16,-16.36,-25.94,-103.76
2026-07-27 14:42:37.449,-0.32,-1.13,0.1,-14.47,-25.57,-115.23
2026-07-27 14:42:37.450,-0.32,-1.13,0.1,-14.47,-25.57,-115.23
2026-07-27 14:42:37.569,-0.35,-0.97,0.07,-11.96,-12.82,-119.63
2026-07-27 14:42:37.570,-0.35,-0.97,0.07,-11.96,-12.82,-119.63
2026-07-27 14:42:37.570,-0.35,-0.79,0.1,0.37,13.43,-112.0
2026-07-27 14:42:37.570,-0.35,-0.79,0.1,0.37,13.43,-112.0
2026-07-27 14:42:37.571,-0.31,-0.65,0.15,22.4,40.28,-92.59
2026-07-27 14:42:37.631,-0.28,-0.58,0.21,42.72,47.24,-64.82
2026-07-27 14:42:37.631,-0.28,-0.58,0.21,42.72,47.24,-64.82
2026-07-27 14:42:37.688,-0.28,-0.54,0.25,49.93,31.01,-31.31
2026-07-27 14:42:37.689,-0.28,-0.54,0.25,49.93,31.01,-31.31
2026-07-27 14:42:37.689,-0.3,-0.55,0.24,38.64,12.15,-1.1
2026-07-27 14:42:37.748,-0.3,-0.55,0.24,38.64,12.15,-1.1
2026-07-27 14:42:37.749,-0.33,-0.57,0.23,20.57,4.21,20.69
2026-07-27 14:42:37.749,-0.33,-0.57,0.23,20.57,4.21,20.69
2026-07-27 14:42:37.808,-0.37,-0.62,0.21,8.42,4.27,41.99
2026-07-27 14:42:37.809,-0.42,-0.69,0.2,2.32,13.0,69.64
2026-07-27 14:42:37.809,-0.42,-0.69,0.2,2.32,13.0,69.64
2026-07-27 14:42:37.868,-0.48,-0.79,0.19,5.74,30.82,96.86
2026-07-27 14:42:37.869,-0.48,-0.79,0.19,5.74,30.82,96.86
2026-07-27 14:42:37.932,-0.52,-0.9,0.22,21.24,54.81,114.62
2026-07-27 14:42:37.933,-0.52,-0.9,0.22,41.93,83.31,120.79
2026-07-27 14:42:37.934,-0.52,-1.01,0.31,41.93,83.31,120.79
2026-07-27 14:42:37.988,-0.49,-1.08,0.44,62.5,108.52,112.98
2026-07-27 14:42:37.988,-0.49,-1.08,0.44,62.5,108.52,112.98
2026-07-27 14:42:38.051,-0.45,-1.1,0.55,71.96,115.72,93.08
2026-07-27 14:42:38.052,-0.45,-1.1,0.55,71.96,115.72,93.08
2026-07-27 14:42:38.107,-0.4,-1.09,0.64,52.73,92.29,69.95
2026-07-27 14:42:38.108,-0.4,-1.09,0.64,52.73,92.29,69.95
2026-07-27 14:42:38.108,-0.34,-1.11,0.66,7.63,43.64,52.98
2026-07-27 14:42:38.168,-0.26,-1.2,0.64,-14.53,7.2,39.0
2026-07-27 14:42:38.169,-0.26,-1.2,0.64,-14.53,7.2,39.0
2026-07-27 14:42:38.169,-0.17,-1.31,0.69,10.86,2.38,12.82
2026-07-27 14:42:38.228,-0.17,-1.31,0.69,10.86,2.38,12.82
2026-07-27 14:42:38.229,-0.18,-1.34,0.77,30.46,-9.4,-28.14
2026-07-27 14:42:38.230,-0.18,-1.34,0.77,30.46,-9.4,-28.14
2026-07-27 14:42:38.288,-0.29,-1.3,0.74,10.86,-53.83,-73.61
2026-07-27 14:42:38.289,-0.29,-1.3,0.74,10.86,-53.83,-73.61
2026-07-27 14:42:38.289,-0.43,-1.2,0.55,-15.62,-101.56,-113.77
2026-07-27 14:42:38.349,-0.52,-1.06,0.35,-22.95,-118.77,-140.38
2026-07-27 14:42:38.350,-0.52,-1.06,0.35,-22.95,-118.77,-140.38
2026-07-27 14:42:38.414,-0.54,-0.87,0.24,-19.84,-102.6,-147.71
2026-07-27 14:42:38.414,-0.54,-0.87,0.24,-19.84,-102.6,-147.71
2026-07-27 14:42:38.414,-0.51,-0.67,0.21,-16.36,-67.81,-135.07
2026-07-27 14:42:38.486,-0.51,-0.67,0.21,-16.36,-67.81,-135.07
2026-07-27 14:42:38.487,-0.46,-0.52,0.2,-6.59,-29.42,-107.67
2026-07-27 14:42:38.530,-0.41,-0.46,0.19,9.09,1.22,-72.14
2026-07-27 14:42:38.531,-0.41,-0.46,0.19,9.09,1.22,-72.14
2026-07-27 14:42:38.531,-0.38,-0.46,0.17,17.4,18.68,-35.64
2026-07-27 14:42:38.592,-0.38,-0.46,0.17,17.4,18.68,-35.64
2026-07-27 14:42:38.592,-0.37,-0.5,0.16,11.9,25.33,-3.54
2026-07-27 14:42:38.595,-0.37,-0.5,0.16,11.9,25.33,-3.54
2026-07-27 14:42:38.654,-0.38,-0.56,0.15,-2.69,28.81,22.83
2026-07-27 14:42:38.707,-0.38,-0.56,0.15,-2.69,28.81,22.83
2026-07-27 14:42:38.708,-0.4,-0.64,0.13,-28.02,36.68,45.23
2026-07-27 14:42:38.708,-0.42,-0.73,0.1,-67.99,52.8,70.37
2026-07-27 14:42:38.708,-0.42,-0.73,0.1,-67.99,52.8,70.37
2026-07-27 14:42:38.773,-0.44,-0.83,0.08,-102.78,71.17,97.35
2026-07-27 14:42:38.775,-0.44,-0.83,0.08,-102.78,71.17,97.35
2026-07-27 14:42:38.775,-0.46,-1.0,0.13,-115.48,81.54,115.17
2026-07-27 14:42:38.832,-0.46,-1.0,0.13,-115.48,81.54,115.17
2026-07-27 14:42:38.833,-0.37,-1.3,0.29,-118.1,70.56,109.37
2026-07-27 14:42:38.888,-0.18,-1.66,0.42,-124.02,25.82,85.27
2026-07-27 14:42:38.889,-0.18,-1.66,0.42,-124.02,25.82,85.27
2026-07-27 14:42:38.889,-0.03,-1.87,0.37,-104.86,-30.15,52.49
2026-07-27 14:42:38.953,-0.03,-1.87,0.37,-104.86,-30.15,52.49
2026-07-27 14:42:38.953,-0.0,-1.86,0.23,-49.01,-61.1,0.18
2026-07-27 14:42:38.953,-0.0,-1.86,0.23,-49.01,-61.1,0.18
2026-07-27 14:42:39.008,-0.07,-1.64,0.15,0.31,-62.68,-69.03
2026-07-27 14:42:39.008,-0.07,-1.64,0.15,28.75,-52.61,-128.6
2026-07-27 14:42:39.073,-0.17,-1.33,0.1,28.75,-52.61,-128.6
2026-07-27 14:42:39.078,-0.25,-1.05,0.02,50.78,-45.29,-152.65
2026-07-27 14:42:39.080,-0.25,-1.05,0.02,50.78,-45.29,-152.65
2026-07-27 14:42:39.129,-0.33,-0.82,-0.06,65.86,-38.76,-140.93
2026-07-27 14:42:39.130,-0.33,-0.82,-0.06,65.86,-38.76,-140.93
2026-07-27 14:42:39.188,-0.38,-0.65,-0.14,66.16,-26.31,-114.14
2026-07-27 14:42:39.189,-0.38,-0.65,-0.14,66.16,-26.31,-114.14
2026-07-27 14:42:39.189,-0.41,-0.5,-0.17,49.62,-12.33,-85.63
2026-07-27 14:42:39.250,-0.45,-0.34,-0.18,27.71,-1.22,-58.11
2026-07-27 14:42:39.250,-0.45,-0.34,-0.18,27.71,-1.22,-58.11
2026-07-27 14:42:39.251,-0.5,-0.23,-0.15,2.87,8.3,-29.54
2026-07-27 14:42:39.308,-0.5,-0.23,-0.15,2.87,8.3,-29.54
2026-07-27 14:42:39.309,-0.56,-0.21,-0.08,-62.13,-1.77,7.08
2026-07-27 14:42:39.309,-0.56,-0.21,-0.08,-62.13,-1.77,7.08
2026-07-27 14:42:39.429,-0.59,-0.4,-0.09,-162.41,-43.95,61.52
2026-07-27 14:42:39.430,-0.59,-0.4,-0.09,-162.41,-43.95,61.52
2026-07-27 14:42:39.430,-0.56,-0.83,-0.21,-207.7,-88.01,133.61
2026-07-27 14:42:39.431,-0.44,-1.41,-0.31,-156.43,-110.35,190.8
2026-07-27 14:42:39.431,-0.44,-1.41,-0.31,-156.43,-110.35,190.8
2026-07-27 14:42:39.554,-0.22,-1.86,-0.35,-75.99,-114.99,193.12
2026-07-27 14:42:39.554,-0.22,-1.86,-0.35,-75.99,-114.99,193.12
2026-07-27 14:42:39.554,0.03,-2.03,-0.37,-25.51,-100.77,134.77
2026-07-27 14:42:39.555,0.03,-2.03,-0.37,-25.51,-100.77,134.77
2026-07-27 14:42:39.555,0.16,-1.99,-0.37,-11.23,-66.59,47.55
2026-07-27 14:42:39.609,0.13,-1.87,-0.42,-7.87,-31.56,-33.75
2026-07-27 14:42:39.610,0.13,-1.87,-0.42,-7.87,-31.56,-33.75
2026-07-27 14:42:39.731,-0.07,-1.69,-0.49,-1.89,-14.83,-100.34
2026-07-27 14:42:39.731,-0.07,-1.69,-0.49,-1.89,-14.83,-100.34
2026-07-27 14:42:39.735,-0.34,-1.35,-0.49,-10.5,0.61,-152.59
2026-07-27 14:42:39.735,-0.34,-1.35,-0.49,-10.5,0.61,-152.59
2026-07-27 14:42:39.735,-0.52,-0.95,-0.38,-14.89,35.52,-179.2
2026-07-27 14:42:39.735,-0.52,-0.95,-0.38,3.78,70.07,-167.79
2026-07-27 14:42:39.788,-0.57,-0.59,-0.18,3.78,70.07,-167.79
2026-07-27 14:42:39.792,-0.55,-0.3,0.01,22.03,79.04,-123.05
2026-07-27 14:42:39.792,-0.55,-0.3,0.01,22.03,79.04,-123.05
2026-07-27 14:42:39.848,-0.51,-0.14,0.16,27.16,62.07,-62.87
2026-07-27 14:42:39.849,-0.51,-0.14,0.16,27.16,62.07,-62.87
2026-07-27 14:42:39.908,-0.47,-0.11,0.16,13.31,28.44,7.39
2026-07-27 14:42:39.912,-0.47,-0.11,0.16,13.31,28.44,7.39
2026-07-27 14:42:39.913,-0.45,-0.18,0.03,-10.19,-14.59,70.37
2026-07-27 14:42:39.971,-0.45,-0.37,-0.12,-9.95,-59.94,103.03
2026-07-27 14:42:39.971,-0.45,-0.37,-0.12,-9.95,-59.94,103.03
2026-07-27 14:42:40.031,-0.46,-0.68,-0.22,10.25,-97.78,118.35
2026-07-27 14:42:40.031,-0.46,-0.68,-0.22,10.25,-97.78,118.35
2026-07-27 14:42:40.032,-0.44,-1.12,-0.26,27.04,-119.14,123.35
2026-07-27 14:42:40.088,-0.44,-1.12,-0.26,43.82,-110.29,103.21
2026-07-27 14:42:40.088,-0.29,-1.6,-0.26,43.82,-110.29,103.21
2026-07-27 14:42:40.150,-0.1,-1.94,-0.22,53.65,-68.24,68.66
2026-07-27 14:42:40.150,-0.1,-1.94,-0.22,53.65,-68.24,68.66
2026-07-27 14:42:40.151,0.03,-2.05,-0.13,44.01,-14.22,34.36
2026-07-27 14:42:40.209,0.03,-2.05,-0.13,44.01,-14.22,34.36
2026-07-27 14:42:40.209,0.02,-1.95,-0.01,29.66,25.09,-11.6
2026-07-27 14:42:40.210,0.02,-1.95,-0.01,29.66,25.09,-11.6
2026-07-27 14:42:40.268,-0.11,-1.7,0.03,15.56,36.74,-66.35
2026-07-27 14:42:40.269,-0.26,-1.35,0.02,5.68,31.68,-110.84
2026-07-27 14:42:40.270,-0.26,-1.35,0.02,5.68,31.68,-110.84
2026-07-27 14:42:40.328,-0.36,-0.98,0.02,5.55,24.6,-132.69
2026-07-27 14:42:40.329,-0.36,-0.98,0.02,5.55,24.6,-132.69
2026-07-27 14:42:40.388,-0.42,-0.6,0.03,3.54,16.36,-129.46
2026-07-27 14:42:40.388,-0.42,-0.6,0.03,3.54,16.36,-129.46
2026-07-27 14:42:40.388,-0.43,-0.28,0.01,-2.08,9.46,-106.93
2026-07-27 14:42:40.569,-0.43,-0.28,0.01,-4.03,7.39,-69.52
2026-07-27 14:42:40.569,-0.4,-0.07,-0.01,-4.03,7.39,-69.52
2026-07-27 14:42:40.570,-0.37,-0.02,-0.03,4.52,9.09,-22.89
2026-07-27 14:42:40.570,-0.37,-0.02,-0.03,4.52,9.09,-22.89
2026-07-27 14:42:40.570,-0.38,-0.16,-0.06,17.82,10.99,26.37
2026-07-27 14:42:40.570,-0.38,-0.16,-0.06,17.82,10.99,26.37
2026-07-27 14:42:40.571,-0.4,-0.46,-0.07,20.69,10.13,70.98
2026-07-27 14:42:40.571,-0.4,-0.46,-0.07,20.69,10.13,70.98
2026-07-27 14:42:40.631,-0.4,-0.85,-0.04,7.45,5.92,98.88
2026-07-27 14:42:40.631,-0.4,-0.85,-0.04,7.45,5.92,98.88
2026-07-27 14:42:40.631,-0.31,-1.28,-0.02,-15.56,-3.66,107.67
2026-07-27 14:42:40.699,-0.09,-1.76,0.02,-24.41,-13.85,97.35
2026-07-27 14:42:40.702,-0.09,-1.76,0.02,-24.41,-13.85,97.35
2026-07-27 14:42:40.749,0.15,-2.14,0.1,-15.62,-15.38,69.52
2026-07-27 14:42:40.749,0.15,-2.14,0.1,-15.62,-15.38,69.52
2026-07-27 14:42:40.749,0.22,-2.2,0.15,-15.62,-7.69,31.01
2026-07-27 14:42:40.808,0.22,-2.2,0.15,-15.62,-7.69,31.01
2026-07-27 14:42:40.809,0.08,-1.93,0.1,-20.63,1.65,-21.0
2026-07-27 14:42:40.810,0.08,-1.93,0.1,-20.63,1.65,-21.0
2026-07-27 14:42:40.871,-0.14,-1.48,-0.03,-13.37,5.31,-79.77
2026-07-27 14:42:40.871,-0.31,-1.0,-0.13,1.28,6.16,-120.61
2026-07-27 14:42:40.928,-0.31,-1.0,-0.13,1.28,6.16,-120.61
2026-07-27 14:42:40.929,-0.37,-0.62,-0.16,17.33,12.33,-129.46
2026-07-27 14:42:40.929,-0.37,-0.62,-0.16,17.33,12.33,-129.46
2026-07-27 14:42:40.990,-0.36,-0.38,-0.12,31.49,22.28,-112.12
2026-07-27 14:42:40.990,-0.36,-0.38,-0.12,31.49,22.28,-112.12
2026-07-27 14:42:40.990,-0.33,-0.22,-0.06,32.65,27.22,-77.09
2026-07-27 14:42:41.052,-0.33,-0.22,-0.06,19.17,23.8,-32.53
2026-07-27 14:42:41.052,-0.31,-0.13,-0.02,19.17,23.8,-32.53
2026-07-27 14:42:41.108,-0.31,-0.17,-0.02,5.25,14.4,11.96
2026-07-27 14:42:41.108,-0.31,-0.17,-0.02,5.25,14.4,11.96
2026-07-27 14:42:41.109,-0.32,-0.36,-0.04,-6.65,2.69,53.59
2026-07-27 14:42:41.169,-0.32,-0.36,-0.04,-6.65,2.69,53.59
2026-07-27 14:42:41.169,-0.32,-0.71,-0.08,-13.24,-5.55,91.43
2026-07-27 14:42:41.169,-0.32,-0.71,-0.08,-13.24,-5.55,91.43
2026-07-27 14:42:41.231,-0.24,-1.19,-0.07,1.95,-3.48,114.62
2026-07-27 14:42:41.232,-0.08,-1.67,0.06,14.83,7.51,110.6
2026-07-27 14:42:41.290,-0.08,-1.67,0.06,14.83,7.51,110.6
2026-07-27 14:42:41.290,0.11,-1.96,0.3,12.76,21.06,80.2
2026-07-27 14:42:41.290,0.11,-1.96,0.3,12.76,21.06,80.2
2026-07-27 14:42:41.348,0.22,-2.02,0.49,17.64,27.83,35.77
2026-07-27 14:42:41.350,0.22,-2.02,0.49,17.64,27.83,35.77
2026-07-27 14:42:41.411,0.17,-1.92,0.47,24.78,15.62,-15.5
2026-07-27 14:42:41.412,0.17,-1.92,0.47,24.78,15.62,-15.5
2026-07-27 14:42:41.412,-0.0,-1.7,0.26,24.48,-10.07,-66.65
2026-07-27 14:42:41.471,-0.18,-1.38,0.05,15.87,-27.89,-106.14
2026-07-27 14:42:41.471,-0.18,-1.38,0.05,15.87,-27.89,-106.14
2026-07-27 14:42:41.471,-0.29,-1.0,-0.07,5.43,-27.22,-127.26
2026-07-27 14:42:41.529,-0.29,-1.0,-0.07,5.43,-27.22,-127.26
2026-07-27 14:42:41.530,-0.31,-0.61,-0.09,1.59,-13.85,-127.08
2026-07-27 14:42:41.530,-0.31,-0.61,-0.09,1.59,-13.85,-127.08
2026-07-27 14:42:41.591,-0.28,-0.28,-0.07,3.72,1.89,-106.38
2026-07-27 14:42:41.591,-0.28,-0.28,-0.07,3.72,1.89,-106.38
2026-07-27 14:42:41.652,-0.23,-0.04,-0.03,2.87,12.7,-68.79
2026-07-27 14:42:41.652,-0.21,0.03,-0.01,-3.05,14.28,-19.65
2026-07-27 14:42:41.652,-0.21,0.03,-0.01,-3.05,14.28,-19.65
2026-07-27 14:42:41.709,-0.24,-0.09,-0.04,-6.96,8.48,33.94
2026-07-27 14:42:41.710,-0.24,-0.09,-0.04,-6.96,8.48,33.94
2026-07-27 14:42:41.768,-0.3,-0.37,-0.08,-7.87,2.5,83.37
2026-07-27 14:42:41.769,-0.3,-0.37,-0.08,-7.87,2.5,83.37
2026-07-27 14:42:41.769,-0.34,-0.78,-0.09,-6.41,0.98,119.08
2026-07-27 14:42:41.829,-0.34,-0.78,-0.09,-6.41,0.98,119.08
2026-07-27 14:42:41.830,-0.27,-1.36,-0.04,-2.81,3.11,128.72
2026-07-27 14:42:41.831,-0.05,-1.94,0.09,-6.65,8.06,106.14
2026-07-27 14:42:41.888,-0.05,-1.94,0.09,-6.65,8.06,106.14
2026-07-27 14:42:41.888,0.2,-2.2,0.28,-15.99,18.37,68.66
2026-07-27 14:42:41.960,0.2,-2.2,0.28,-15.99,18.37,68.66
2026-07-27 14:42:41.961,0.31,-2.05,0.5,-12.82,31.07,27.22
2026-07-27 14:42:41.962,0.31,-2.05,0.5,-12.82,31.07,27.22
2026-07-27 14:42:42.010,0.26,-1.73,0.58,2.99,29.42,-20.69
2026-07-27 14:42:42.011,0.08,-1.43,0.41,11.29,3.6,-65.98
2026-07-27 14:42:42.011,0.08,-1.43,0.41,11.29,3.6,-65.98
2026-07-27 14:42:42.068,-0.11,-1.18,0.11,4.52,-28.32,-96.19
2026-07-27 14:42:42.069,-0.11,-1.18,0.11,4.52,-28.32,-96.19
2026-07-27 14:42:42.129,-0.23,-0.94,-0.12,-4.58,-42.11,-107.36
2026-07-27 14:42:42.129,-0.23,-0.94,-0.12,-4.58,-42.11,-107.36
2026-07-27 14:42:42.188,-0.26,-0.69,-0.21,-7.32,-34.18,-103.88
2026-07-27 14:42:42.188,-0.26,-0.69,-0.21,-7.02,-15.87,-88.01
2026-07-27 14:42:42.189,-0.25,-0.46,-0.17,-7.02,-15.87,-88.01
2026-07-27 14:42:42.189,-0.22,-0.27,-0.09,-2.81,2.38,-59.45
2026-07-27 14:42:42.254,-0.22,-0.27,-0.09,-2.81,2.38,-59.45
2026-07-27 14:42:42.255,-0.22,-0.14,-0.0,13.49,16.66,-20.39
2026-07-27 14:42:42.308,-0.22,-0.14,-0.0,13.49,16.66,-20.39
2026-07-27 14:42:42.308,-0.24,-0.15,0.05,35.71,24.96,24.72
2026-07-27 14:42:42.308,-0.24,-0.15,0.05,35.71,24.96,24.72
2026-07-27 14:42:42.372,-0.29,-0.29,0.06,46.26,25.57,70.56
2026-07-27 14:42:42.373,-0.35,-0.59,0.08,56.46,23.62,107.12
2026-07-27 14:42:42.373,-0.35,-0.59,0.08,56.46,23.62,107.12
2026-07-27 14:42:42.430,-0.41,-0.92,0.15,66.77,20.45,129.76
2026-07-27 14:42:42.439,-0.41,-0.92,0.15,66.77,20.45,129.76
2026-07-27 14:42:42.488,-0.47,-1.1,0.15,46.94,10.01,149.9
2026-07-27 14:42:42.488,-0.47,-1.1,0.15,46.94,10.01,149.9
2026-07-27 14:42:42.488,-0.55,-1.11,0.12,20.81,12.45,167.66
2026-07-27 14:42:42.550,-0.55,-1.11,0.12,11.78,48.22,181.21
2026-07-27 14:42:42.550,-0.62,-1.03,0.16,11.78,48.22,181.21
2026-07-27 14:42:42.608,-0.62,-1.05,0.44,19.47,103.21,195.86
2026-07-27 14:42:42.609,-0.62,-1.05,0.44,19.47,103.21,195.86
2026-07-27 14:42:42.609,-0.52,-1.39,1.09,49.32,130.43,189.88
2026-07-27 14:42:42.670,-0.52,-1.39,1.09,49.32,130.43,189.88
2026-07-27 14:42:42.671,-0.45,-2.28,1.87,59.88,71.96,147.34
2026-07-27 14:42:42.672,-0.45,-2.28,1.87,59.88,71.96,147.34
2026-07-27 14:42:42.728,-0.47,-3.47,2.85,53.59,-30.33,61.77
2026-07-27 14:42:42.729,-1.18,-4.0,3.18,40.22,-137.76,-88.5
2026-07-27 14:42:42.790,-1.18,-4.0,3.18,40.22,-137.76,-88.5
2026-07-27 14:42:42.791,-2.75,-4.0,1.85,-47.73,-275.02,-278.63
2026-07-27 14:42:42.795,-2.75,-4.0,1.85,-47.73,-275.02,-278.63
2026-07-27 14:42:42.851,-3.95,-3.12,0.26,-164.61,-334.35,-455.9
2026-07-27 14:42:42.852,-3.95,-3.12,0.26,-164.61,-334.35,-455.9
2026-07-27 14:42:42.852,-4.0,-1.88,-0.16,-193.79,-236.02,-590.0
2026-07-27 14:42:42.920,-3.52,-0.9,0.2,-158.69,-101.93,-652.7
2026-07-27 14:42:42.920,-3.52,-0.9,0.2,-158.69,-101.93,-652.7
2026-07-27 14:42:42.968,-2.79,-0.39,0.47,-104.13,-38.94,-652.1
2026-07-27 14:42:42.970,-2.79,-0.39,0.47,-104.13,-38.94,-652.1
2026-07-27 14:42:42.970,-2.16,-0.12,0.38,-61.46,-30.76,-594.73
2026-07-27 14:42:43.029,-2.16,-0.12,0.38,-73.97,-18.62,-461.3
2026-07-27 14:42:43.030,-1.65,0.35,0.17,-73.97,-18.62,-461.3
2026-07-27 14:42:43.088,-1.14,1.26,0.1,-70.25,32.47,-296.26
2026-07-27 14:42:43.089,-1.14,1.26,0.1,-70.25,32.47,-296.26
2026-07-27 14:42:43.089,-0.75,2.3,0.2,30.7,90.58,-162.17
2026-07-27 14:42:43.148,-0.75,2.3,0.2,30.7,90.58,-162.17
2026-07-27 14:42:43.149,-0.71,2.71,0.45,156.31,108.46,-19.71
2026-07-27 14:42:43.150,-0.71,2.71,0.45,156.31,108.46,-19.71
2026-07-27 14:42:43.210,-1.11,2.06,0.56,182.8,52.92,195.86
2026-07-27 14:42:43.212,-1.64,0.64,0.1,73.36,-76.54,436.83
2026-07-27 14:42:43.268,-1.64,0.64,0.1,73.36,-76.54,436.83
2026-07-27 14:42:43.270,-1.67,-0.74,-0.44,-131.47,-219.06,586.7
2026-07-27 14:42:43.270,-1.67,-0.74,-0.44,-131.47,-219.06,586.7
2026-07-27 14:42:43.340,-1.3,-1.42,-0.61,-222.17,-336.61,541.8
2026-07-27 14:42:43.340,-1.3,-1.42,-0.61,-222.17,-336.61,541.8
2026-07-27 14:42:43.389,-1.27,-1.63,-0.97,-84.53,-441.89,361.57
2026-07-27 14:42:43.390,-1.53,-1.94,-1.22,115.6,-481.75,227.91
2026-07-27 14:42:43.390,-1.53,-1.94,-1.22,115.6,-481.75,227.91
2026-07-27 14:42:43.449,-1.91,-2.37,-0.93,275.09,-414.73,190.31
2026-07-27 14:42:43.449,-1.91,-2.37,-0.93,275.09,-414.73,190.31
2026-07-27 14:42:43.515,-2.14,-2.85,-0.84,309.27,-337.34,216.98
2026-07-27 14:42:43.516,-2.14,-2.85,-0.84,210.39,-278.56,244.38
2026-07-27 14:42:43.517,-1.65,-2.88,-1.25,210.39,-278.56,244.38
2026-07-27 14:42:43.569,-0.83,-2.09,-1.63,67.93,-190.8,206.79
2026-07-27 14:42:43.569,-0.83,-2.09,-1.63,67.93,-190.8,206.79
2026-07-27 14:42:43.569,-0.47,-1.22,-1.45,-55.91,-71.29,123.84
2026-07-27 14:42:43.643,-0.47,-1.22,-1.45,-55.91,-71.29,123.84
2026-07-27 14:42:43.644,-0.55,-0.78,-0.75,-83.62,60.55,51.09
2026-07-27 14:42:43.688,-0.55,-0.78,-0.75,-15.62,149.41,22.71
2026-07-27 14:42:43.749,-0.63,-0.61,-0.08,-15.62,149.41,22.71
2026-07-27 14:42:43.749,-0.54,-0.59,0.25,67.26,150.51,30.82
2026-07-27 14:42:43.749,-0.54,-0.59,0.25,67.26,150.51,30.82
2026-07-27 14:42:43.750,-0.43,-0.76,0.24,113.34,81.6,42.11
2026-07-27 14:42:43.750,-0.43,-0.76,0.24,113.34,81.6,42.11
2026-07-27 14:42:43.810,-0.45,-0.97,-0.01,132.69,5.43,39.37
2026-07-27 14:42:43.810,-0.45,-0.97,-0.01,132.69,5.43,39.37
2026-07-27 14:42:43.811,-0.45,-0.97,-0.01,132.69,5.43,39.37
2026-07-27 14:42:43.868,-0.45,-0.97,-0.01,132.69,5.43,39.37
2026-07-27 14:42:43.869,-0.74,-0.95,-0.42,121.83,-18.37,0.06
2026-07-27 14:42:43.930,-0.74,-0.95,-0.42,121.83,-18.37,0.06
2026-07-27 14:42:43.930,-0.78,-0.79,-0.29,104.8,27.34,-39.73
2026-07-27 14:42:43.930,-0.75,-0.68,-0.1,98.08,73.06,-65.19
2026-07-27 14:42:43.988,-0.75,-0.68,-0.1,98.08,73.06,-65.19
2026-07-27 14:42:43.991,-0.69,-0.67,-0.01,106.69,93.93,-68.48
2026-07-27 14:42:44.048,-0.69,-0.67,-0.01,106.69,93.93,-68.48
2026-07-27 14:42:44.049,-0.66,-0.67,0.0,106.57,89.23,-61.4
2026-07-27 14:42:44.049,-0.67,-0.66,0.01,81.91,69.09,-53.34
2026-07-27 14:42:44.168,-0.67,-0.66,0.01,81.91,69.09,-53.34
2026-07-27 14:42:44.169,-0.67,-0.66,-0.01,46.08,47.18,-48.1
2026-07-27 14:42:44.169,-0.67,-0.66,-0.01,46.08,47.18,-48.1
2026-07-27 14:42:44.169,-0.64,-0.69,-0.04,18.19,28.14,-38.45
2026-07-27 14:42:44.170,-0.64,-0.69,-0.04,18.19,28.14,-38.45
2026-07-27 14:42:44.235,-0.63,-0.74,-0.05,9.52,13.31,-24.72
2026-07-27 14:42:44.235,-0.65,-0.79,-0.07,16.6,11.35,-19.41
2026-07-27 14:42:44.235,-0.65,-0.79,-0.07,16.6,11.35,-19.41
2026-07-27 14:42:44.288,-0.65,-0.81,-0.08,28.63,27.4,-31.43
2026-07-27 14:42:44.288,-0.65,-0.81,-0.08,28.63,27.4,-31.43
2026-07-27 14:42:44.352,-0.59,-0.85,-0.04,28.26,44.92,-39.67
2026-07-27 14:42:44.353,-0.59,-0.85,-0.04,28.26,44.92,-39.67
2026-07-27 14:42:44.353,-0.54,-0.9,0.01,11.11,40.28,7.2
2026-07-27 14:42:44.409,-0.54,-0.9,0.01,11.11,40.28,7.2
2026-07-27 14:42:44.410,-0.55,-0.87,0.08,10.25,21.12,94.54
2026-07-27 14:42:44.410,-0.6,-0.8,0.15,43.27,32.17,127.26
2026-07-27 14:42:44.468,-0.6,-0.8,0.15,43.27,32.17,127.26
2026-07-27 14:42:44.468,-0.58,-0.85,0.17,77.09,76.17,59.57
2026-07-27 14:42:44.531,-0.58,-0.85,0.17,77.09,76.17,59.57
2026-07-27 14:42:44.532,-0.45,-0.93,0.21,72.57,89.11,-26.98
2026-07-27 14:42:44.532,-0.45,-0.93,0.21,72.57,89.11,-26.98
2026-07-27 14:42:44.588,-0.32,-1.09,0.25,21.97,49.93,-56.34
2026-07-27 14:42:44.588,-0.27,-1.35,0.19,-20.39,1.65,-71.29
2026-07-27 14:42:44.589,-0.27,-1.35,0.19,-20.39,1.65,-71.29
2026-07-27 14:42:44.648,-0.31,-1.43,0.01,-32.17,-30.58,-95.03
2026-07-27 14:42:44.649,-0.31,-1.43,0.01,-32.17,-30.58,-95.03
2026-07-27 14:42:44.709,-0.44,-1.27,-0.19,-53.04,-41.81,-93.93
2026-07-27 14:42:44.710,-0.44,-1.27,-0.19,-53.04,-41.81,-93.93
2026-07-27 14:42:44.711,-0.53,-1.11,-0.29,-62.32,-15.62,-78.06
2026-07-27 14:42:44.776,-0.53,-1.11,-0.29,-62.32,-15.62,-78.06
2026-07-27 14:42:44.784,-0.56,-1.03,-0.28,-32.35,36.8,-70.13
2026-07-27 14:42:44.833,-0.55,-0.9,-0.25,6.23,77.45,-68.3
2026-07-27 14:42:44.833,-0.55,-0.9,-0.25,6.23,77.45,-68.3
2026-07-27 14:42:44.833,-0.52,-0.71,-0.2,25.33,83.56,-73.79
2026-07-27 14:42:44.901,-0.52,-0.71,-0.2,25.33,83.56,-73.79
2026-07-27 14:42:44.902,-0.45,-0.53,-0.08,21.0,64.39,-80.93
2026-07-27 14:42:44.902,-0.45,-0.53,-0.08,21.0,64.39,-80.93
2026-07-27 14:42:44.949,-0.37,-0.45,0.03,13.24,43.03,-80.51
2026-07-27 14:42:44.950,-0.36,-0.48,0.05,16.11,25.76,-60.0
2026-07-27 14:42:44.950,-0.36,-0.48,0.05,16.11,25.76,-60.0
2026-07-27 14:42:45.008,-0.43,-0.53,-0.03,2.08,22.09,4.27
2026-07-27 14:42:45.009,-0.43,-0.53,-0.03,2.08,22.09,4.27
2026-07-27 14:42:45.077,-0.45,-0.48,-0.23,-62.07,58.29,99.55
2026-07-27 14:42:45.106,-0.45,-0.48,-0.23,-62.07,58.29,99.55
2026-07-27 14:42:45.106,-0.41,-0.38,-0.39,-142.15,107.79,151.86
2026-07-27 14:42:45.128,-0.41,-0.38,-0.39,-134.22,109.37,142.88
2026-07-27 14:42:45.129,-0.4,-0.42,-0.35,-134.22,109.37,142.88
2026-07-27 14:42:45.188,-0.46,-0.64,-0.29,-40.04,68.79,133.67
2026-07-27 14:42:45.189,-0.46,-0.64,-0.29,-40.04,68.79,133.67
2026-07-27 14:42:45.189,-0.54,-0.93,-0.24,46.14,26.37,130.37
2026-07-27 14:42:45.249,-0.54,-0.93,-0.24,46.14,26.37,130.37
2026-07-27 14:42:45.249,-0.6,-1.19,-0.22,78.25,0.43,106.69
2026-07-27 14:42:45.249,-0.6,-1.19,-0.22,78.25,0.43,106.69
2026-07-27 14:42:45.308,-0.6,-1.19,-0.22,78.25,0.43,106.69
2026-07-27 14:42:45.309,-0.6,-1.19,-0.22,78.25,0.43,106.69
2026-07-27 14:42:45.309,-0.55,-1.45,-0.23,10.62,-14.28,15.75
2026-07-27 14:42:45.371,-0.55,-1.45,-0.23,10.62,-14.28,15.75
2026-07-27 14:42:45.372,-0.55,-1.45,-0.23,10.62,-14.28,15.75
2026-07-27 14:42:45.373,-0.55,-1.45,-0.23,10.62,-14.28,15.75
2026-07-27 14:42:45.435,-0.35,-1.18,-0.26,20.26,-22.89,-108.83
2026-07-27 14:42:45.435,-0.35,-1.18,-0.26,20.26,-22.89,-108.83
2026-07-27 14:42:45.503,-0.21,-1.16,-0.24,83.56,-41.2,-176.21
2026-07-27 14:42:45.506,-0.07,-1.38,-0.18,121.77,-79.28,-234.99
2026-07-27 14:42:45.506,-0.07,-1.38,-0.18,121.77,-79.28,-234.99
2026-07-27 14:42:45.553,0.04,-1.58,-0.08,128.6,-96.13,-260.19
2026-07-27 14:42:45.553,0.04,-1.58,-0.08,128.6,-96.13,-260.19
2026-07-27 14:42:45.554,0.1,-1.39,0.04,113.83,-73.43,-262.21
2026-07-27 14:42:45.608,0.1,-1.39,0.04,113.83,-73.43,-262.21
2026-07-27 14:42:45.609,0.06,-0.91,0.12,58.78,-26.55,-224.18
2026-07-27 14:42:45.673,0.02,-0.47,0.14,8.18,21.91,-110.53
2026-07-27 14:42:45.673,0.02,-0.47,0.14,8.18,21.91,-110.53
2026-07-27 14:42:45.673,0.01,-0.23,0.13,14.47,51.21,19.71
2026-07-27 14:42:45.729,0.01,-0.23,0.13,14.47,51.21,19.71
2026-07-27 14:42:45.729,0.01,-0.2,0.12,28.81,59.94,80.14
2026-07-27 14:42:45.730,0.01,-0.2,0.12,28.81,59.94,80.14
2026-07-27 14:42:45.788,-0.06,-0.29,0.11,-26.73,64.64,83.13
2026-07-27 14:42:45.789,-0.15,-0.49,-0.05,-164.06,97.29,76.35
2026-07-27 14:42:45.848,-0.15,-0.49,-0.05,-164.06,97.29,76.35
2026-07-27 14:42:45.849,-0.16,-0.83,-0.32,-255.43,139.53,58.17
2026-07-27 14:42:45.849,-0.16,-0.83,-0.32,-255.43,139.53,58.17
2026-07-27 14:42:45.908,-0.09,-1.07,-0.4,-176.94,112.98,53.96
2026-07-27 14:42:45.908,-0.09,-1.07,-0.4,-176.94,112.98,53.96
2026-07-27 14:42:45.973,-0.07,-1.1,-0.28,-47.67,40.1,84.23
2026-07-27 14:42:45.973,-0.07,-1.1,-0.28,-0.06,-10.31,108.28
2026-07-27 14:42:45.974,-0.07,-1.12,-0.2,-0.06,-10.31,108.28
2026-07-27 14:42:46.030,-0.06,-1.24,-0.2,8.12,-38.15,104.86
2026-07-27 14:42:46.031,-0.06,-1.24,-0.2,8.12,-38.15,104.86
2026-07-27 14:42:46.096,-0.07,-1.43,-0.23,9.7,-65.0,86.91
2026-07-27 14:42:46.096,-0.07,-1.43,-0.23,9.7,-65.0,86.91
2026-07-27 14:42:46.096,-0.15,-1.62,-0.32,3.66,-99.73,66.22
2026-07-27 14:42:46.149,-0.2,-1.67,-0.37,9.46,-107.73,30.33
2026-07-27 14:42:46.149,-0.2,-1.67,-0.37,9.46,-107.73,30.33
2026-07-27 14:42:46.149,-0.24,-1.46,-0.34,9.34,-68.79,-11.41
2026-07-27 14:42:46.211,-0.24,-1.46,-0.34,9.34,-68.79,-11.41
2026-07-27 14:42:46.211,-0.27,-1.11,-0.26,1.77,-5.55,-44.49
2026-07-27 14:42:46.212,-0.27,-1.11,-0.26,1.77,-5.55,-44.49
2026-07-27 14:42:46.277,-0.2,-0.85,-0.18,19.47,52.92,-77.82
2026-07-27 14:42:46.278,-0.2,-0.85,-0.18,19.47,52.92,-77.82
2026-07-27 14:42:46.331,-0.1,-0.72,-0.12,48.4,73.06,-94.3
2026-07-27 14:42:46.332,-0.06,-0.63,-0.07,63.66,49.93,-82.46
2026-07-27 14:42:46.332,-0.06,-0.63,-0.07,63.66,49.93,-82.46
2026-07-27 14:42:46.389,-0.09,-0.6,-0.03,61.28,12.02,-55.6
2026-07-27 14:42:46.390,-0.09,-0.6,-0.03,61.28,12.02,-55.6
2026-07-27 14:42:46.448,-0.14,-0.65,-0.01,43.21,-5.49,-35.83
2026-07-27 14:42:46.455,-0.14,-0.65,-0.01,43.21,-5.49,-35.83
2026-07-27 14:42:46.455,-0.14,-0.73,-0.05,8.48,14.22,-30.58
2026-07-27 14:42:46.510,-0.14,-0.73,-0.05,-41.75,50.42,0.12
2026-07-27 14:42:46.510,-0.08,-0.78,-0.09,-41.75,50.42,0.12
2026-07-27 14:42:46.511,-0.09,-0.75,-0.13,-79.9,74.71,78.49
2026-07-27 14:42:46.575,-0.09,-0.75,-0.13,-79.9,74.71,78.49
2026-07-27 14:42:46.575,-0.16,-0.73,-0.18,-87.52,61.4,121.58
2026-07-27 14:42:46.576,-0.16,-0.73,-0.18,-87.52,61.4,121.58
2026-07-27 14:42:46.628,-0.2,-0.81,-0.2,-73.91,17.76,90.09
2026-07-27 14:42:46.629,-0.2,-0.81,-0.2,-73.91,17.76,90.09
2026-07-27 14:42:46.688,-0.22,-0.96,-0.2,-39.49,-11.41,48.83
2026-07-27 14:42:46.688,-0.24,-1.09,-0.18,14.71,-21.85,22.46
2026-07-27 14:42:46.689,-0.24,-1.09,-0.18,14.71,-21.85,22.46
2026-07-27 14:42:46.748,-0.23,-1.17,-0.1,55.11,-41.08,0.12
2026-07-27 14:42:46.749,-0.23,-1.17,-0.1,55.11,-41.08,0.12
2026-07-27 14:42:46.816,-0.19,-1.2,-0.03,54.08,-56.88,-17.76
2026-07-27 14:42:46.816,-0.19,-1.2,-0.03,54.08,-56.88,-17.76
2026-07-27 14:42:46.816,-0.15,-1.14,-0.01,26.06,-44.68,-14.59
2026-07-27 14:42:46.868,-0.15,-1.14,-0.01,26.06,-44.68,-14.59
2026-07-27 14:42:46.868,-0.13,-1.0,-0.03,-1.22,-18.49,3.42
2026-07-27 14:42:46.869,-0.13,-1.0,-0.03,-1.22,-18.49,3.42
2026-07-27 14:42:46.934,-0.13,-1.0,-0.03,-1.22,-18.49,3.42
2026-07-27 14:42:46.934,-0.13,-1.0,-0.03,-1.22,-18.49,3.42
2026-07-27 14:42:46.934,-0.17,-0.71,-0.09,-7.63,2.26,18.25
2026-07-27 14:42:46.991,-0.17,-0.71,-0.09,-7.63,2.26,18.25
2026-07-27 14:42:46.991,-0.21,-0.59,-0.08,5.19,-7.32,18.92
2026-07-27 14:42:46.991,-0.26,-0.49,-0.04,28.14,-23.32,18.31
2026-07-27 14:42:47.048,-0.26,-0.49,-0.04,28.14,-23.32,18.31
2026-07-27 14:42:47.048,-0.37,-0.43,-0.01,60.36,-31.98,25.02
2026-07-27 14:42:47.109,-0.37,-0.43,-0.01,60.36,-31.98,25.02
2026-07-27 14:42:47.109,-0.53,-0.42,-0.0,84.84,-27.59,49.01
2026-07-27 14:42:47.110,-0.53,-0.42,-0.0,84.84,-27.59,49.01
2026-07-27 14:42:47.168,-0.74,-0.48,-0.03,86.0,-15.81,90.15
2026-07-27 14:42:47.169,-0.74,-0.48,-0.03,69.21,-1.89,136.05
2026-07-27 14:42:47.169,-0.95,-0.63,-0.06,69.21,-1.89,136.05
2026-07-27 14:42:47.229,-1.09,-0.86,-0.04,65.37,12.88,167.54
2026-07-27 14:42:47.229,-1.09,-0.86,-0.04,65.37,12.88,167.54
2026-07-27 14:42:47.291,-1.06,-1.15,0.1,94.67,30.09,164.37
2026-07-27 14:42:47.292,-1.06,-1.15,0.1,94.67,30.09,164.37
2026-07-27 14:42:47.292,-0.89,-1.35,0.31,108.7,38.64,115.23
2026-07-27 14:42:47.360,-0.89,-1.35,0.31,108.7,38.64,115.23
2026-07-27 14:42:47.360,-0.73,-1.33,0.4,54.99,32.35,45.9
2026-07-27 14:42:47.408,-0.67,-1.14,0.36,-19.84,24.48,-5.55
2026-07-27 14:42:47.409,-0.67,-1.14,0.36,-19.84,24.48,-5.55
2026-07-27 14:42:47.410,-0.66,-0.93,0.33,-46.2,25.33,-32.65
2026-07-27 14:42:47.468,-0.66,-0.93,0.33,-46.2,25.33,-32.65
2026-07-27 14:42:47.469,-0.64,-0.79,0.36,-18.98,36.5,-41.5
2026-07-27 14:42:47.469,-0.64,-0.79,0.36,-18.98,36.5,-41.5
2026-07-27 14:42:47.529,-0.6,-0.74,0.43,31.8,49.13,-37.23
2026-07-27 14:42:47.530,-0.6,-0.74,0.43,71.78,49.44,-25.21
2026-07-27 14:42:47.530,-0.55,-0.78,0.5,71.78,49.44,-25.21
2026-07-27 14:42:47.588,-0.5,-0.88,0.56,77.76,26.06,-15.87
2026-07-27 14:42:47.589,-0.5,-0.88,0.56,77.76,26.06,-15.87
2026-07-27 14:42:47.649,-0.49,-1.0,0.54,43.21,-20.69,-15.69
2026-07-27 14:42:47.649,-0.49,-1.0,0.54,43.21,-20.69,-15.69
2026-07-27 14:42:47.650,-0.51,-1.09,0.42,-18.92,-74.65,-21.55
2026-07-27 14:42:47.709,-0.51,-1.09,0.42,-18.92,-74.65,-21.55
2026-07-27 14:42:47.710,-0.56,-1.12,0.24,-77.03,-114.62,-32.23
2026-07-27 14:42:47.770,-0.6,-1.09,0.07,-101.01,-123.35,-50.6
2026-07-27 14:42:47.771,-0.6,-1.09,0.07,-101.01,-123.35,-50.6
2026-07-27 14:42:47.771,-0.63,-0.97,-0.04,-87.52,-98.39,-75.32
2026-07-27 14:42:47.833,-0.63,-0.97,-0.04,-87.52,-98.39,-75.32
2026-07-27 14:42:47.834,-0.61,-0.81,-0.05,-59.33,-55.24,-92.96
2026-07-27 14:42:47.835,-0.61,-0.81,-0.05,-59.33,-55.24,-92.96
2026-07-27 14:42:47.894,-0.55,-0.69,-0.01,-34.12,-12.94,-94.06
2026-07-27 14:42:47.895,-0.48,-0.66,0.06,-16.05,15.38,-82.03
2026-07-27 14:42:47.948,-0.48,-0.66,0.06,-16.05,15.38,-82.03
2026-07-27 14:42:47.966,-0.43,-0.71,0.15,-8.42,24.66,-64.76
2026-07-27 14:42:47.966,-0.43,-0.71,0.15,-8.42,24.66,-64.76
2026-07-27 14:42:48.009,-0.38,-0.76,0.21,-7.93,16.6,-48.58
2026-07-27 14:42:48.010,-0.38,-0.76,0.21,-7.93,16.6,-48.58
2026-07-27 14:42:48.068,-0.37,-0.73,0.18,-14.65,-2.14,-26.49
2026-07-27 14:42:48.133,-0.38,-0.67,0.09,-33.63,-17.4,3.23
2026-07-27 14:42:48.134,-0.38,-0.67,0.09,-33.63,-17.4,3.23
2026-07-27 14:42:48.134,-0.4,-0.67,0.03,-53.71,-17.52,25.7
2026-07-27 14:42:48.134,-0.4,-0.67,0.03,-53.71,-17.52,25.7
2026-07-27 14:42:48.135,-0.41,-0.84,0.03,-68.85,-8.54,38.21
2026-07-27 14:42:48.252,-0.41,-0.84,0.03,-68.85,-8.54,38.21
2026-07-27 14:42:48.252,-0.43,-1.11,0.0,-92.9,8.12,62.99
2026-07-27 14:42:48.253,-0.43,-1.11,0.0,-126.46,46.2,85.08
2026-07-27 14:42:48.253,-0.42,-1.21,-0.19,-126.46,46.2,85.08
2026-07-27 14:42:48.253,-0.36,-1.1,-0.38,-134.77,81.73,50.11
2026-07-27 14:42:48.309,-0.36,-1.1,-0.38,-134.77,81.73,50.11
2026-07-27 14:42:48.309,-0.29,-0.96,-0.36,-90.45,79.9,-14.04
2026-07-27 14:42:48.310,-0.29,-0.96,-0.36,-90.45,79.9,-14.04
2026-07-27 14:42:48.368,-0.27,-0.96,-0.19,-29.05,57.98,-46.14
2026-07-27 14:42:48.369,-0.27,-0.96,-0.19,-29.05,57.98,-46.14
2026-07-27 14:42:48.429,-0.27,-1.07,-0.1,16.78,32.53,-52.06
2026-07-27 14:42:48.430,-0.24,-1.13,-0.23,26.67,-0.92,-50.96
2026-07-27 14:42:48.436,-0.24,-1.13,-0.23,26.67,-0.92,-50.96
2026-07-27 14:42:48.488,-0.22,-1.06,-0.4,2.44,-16.17,-46.02
2026-07-27 14:42:48.488,-0.22,-1.06,-0.4,2.44,-16.17,-46.02
2026-07-27 14:42:48.489,-0.2,-0.89,-0.43,0.73,3.23,-44.62
2026-07-27 14:42:48.548,-0.2,-0.89,-0.43,0.73,3.23,-44.62
2026-07-27 14:42:48.549,-0.18,-0.72,-0.33,31.8,31.19,-47.06
2026-07-27 14:42:48.608,-0.18,-0.72,-0.33,62.5,45.1,-41.87
2026-07-27 14:42:48.608,-0.17,-0.61,-0.2,62.5,45.1,-41.87
2026-07-27 14:42:48.609,-0.17,-0.56,-0.11,77.82,42.91,-23.86
2026-07-27 14:42:48.668,-0.17,-0.56,-0.11,77.82,42.91,-23.86
2026-07-27 14:42:48.669,-0.18,-0.56,-0.03,81.42,20.51,-6.04
2026-07-27 14:42:48.669,-0.18,-0.56,-0.03,81.42,20.51,-6.04
2026-07-27 14:42:48.728,-0.18,-0.63,0.02,86.67,-28.75,-20.32
2026-07-27 14:42:48.729,-0.18,-0.63,0.02,86.67,-28.75,-20.32
2026-07-27 14:42:48.788,-0.17,-0.7,0.11,114.07,-92.96,-41.99
2026-07-27 14:42:48.789,-0.17,-0.75,0.25,153.69,-148.19,-53.77
2026-07-27 14:42:48.789,-0.17,-0.75,0.25,153.69,-148.19,-53.77
2026-07-27 14:42:48.853,-0.14,-0.84,0.3,142.58,-143.01,-60.49
2026-07-27 14:42:48.853,-0.14,-0.84,0.3,142.58,-143.01,-60.49
2026-07-27 14:42:48.908,-0.13,-0.84,0.3,109.99,-85.33,-7.02
2026-07-27 14:42:48.910,-0.13,-0.84,0.3,109.99,-85.33,-7.02
2026-07-27 14:42:48.910,-0.21,-0.78,0.38,105.04,-42.42,91.98
2026-07-27 14:42:48.975,-0.28,-0.89,0.42,26.37,-23.07,152.4
2026-07-27 14:42:48.982,-0.28,-0.89,0.42,26.37,-23.07,152.4
2026-07-27 14:42:49.030,-0.31,-1.16,0.27,-161.07,-24.05,174.99
2026-07-27 14:42:49.031,-0.31,-1.16,0.27,-161.07,-24.05,174.99
2026-07-27 14:42:49.031,-0.38,-1.41,0.06,-248.29,-54.32,185.55
2026-07-27 14:42:49.089,-0.38,-1.41,0.06,-248.29,-54.32,185.55
2026-07-27 14:42:49.090,-0.42,-1.5,-0.11,-150.7,-76.66,137.21
2026-07-27 14:42:49.090,-0.39,-1.45,-0.22,-44.68,-65.06,48.34
2026-07-27 14:42:49.152,-0.39,-1.45,-0.22,-44.68,-65.06,48.34
2026-07-27 14:42:49.152,-0.32,-1.32,-0.21,-30.46,-38.57,-17.33
2026-07-27 14:42:49.154,-0.32,-1.32,-0.21,-30.46,-38.57,-17.33
2026-07-27 14:42:49.208,-0.27,-1.23,-0.19,-77.39,-5.92,-49.62
2026-07-27 14:42:49.209,-0.27,-1.23,-0.19,-77.39,-5.92,-49.62
2026-07-27 14:42:49.270,-0.23,-1.25,-0.23,-124.51,33.14,-59.14
2026-07-27 14:42:49.271,-0.23,-1.25,-0.23,-124.51,33.14,-59.14
2026-07-27 14:42:49.273,-0.17,-1.34,-0.31,-123.17,60.91,-78.19
2026-07-27 14:42:49.330,-0.15,-1.38,-0.45,-54.32,44.37,-124.45
2026-07-27 14:42:49.331,-0.15,-1.38,-0.45,-54.32,44.37,-124.45
2026-07-27 14:42:49.388,-0.17,-1.29,-0.58,23.19,8.0,-159.42
2026-07-27 14:42:49.389,-0.17,-1.29,-0.58,23.19,8.0,-159.42
2026-07-27 14:42:49.390,-0.17,-1.17,-0.52,57.68,-4.39,-154.48
2026-07-27 14:42:49.451,-0.17,-1.17,-0.52,57.68,-4.39,-154.48
2026-07-27 14:42:49.452,-0.13,-1.04,-0.31,87.22,14.34,-150.02
2026-07-27 14:42:49.452,-0.06,-0.86,-0.06,119.02,45.78,-166.93
2026-07-27 14:42:49.508,-0.06,-0.86,-0.06,119.02,45.78,-166.93
2026-07-27 14:42:49.509,0.04,-0.72,0.17,117.37,52.25,-166.63
2026-07-27 14:42:49.570,0.04,-0.72,0.17,117.37,52.25,-166.63
2026-07-27 14:42:49.572,0.17,-0.64,0.31,113.71,30.82,-147.64
2026-07-27 14:42:49.572,0.17,-0.64,0.31,113.71,30.82,-147.64
2026-07-27 14:42:49.635,0.26,-0.54,0.38,158.81,5.98,-134.95
2026-07-27 14:42:49.635,0.33,-0.44,0.38,196.23,-9.46,-107.67
2026-07-27 14:42:49.636,0.33,-0.44,0.38,196.23,-9.46,-107.67
2026-07-27 14:42:49.688,0.32,-0.43,0.33,151.25,-4.39,-53.96
2026-07-27 14:42:49.688,0.32,-0.43,0.33,151.25,-4.39,-53.96
2026-07-27 14:42:49.757,0.17,-0.41,0.29,78.86,46.02,-0.12
2026-07-27 14:42:49.757,0.17,-0.41,0.29,78.86,46.02,-0.12
2026-07-27 14:42:49.758,0.11,-0.27,0.26,29.85,140.81,-2.93
2026-07-27 14:42:49.808,0.11,-0.27,0.26,29.85,140.81,-2.93
2026-07-27 14:42:49.809,0.21,-0.15,0.26,-17.64,212.65,-59.63
2026-07-27 14:42:49.871,0.24,-0.17,0.34,-12.33,227.42,-72.88
2026-07-27 14:42:49.872,0.24,-0.17,0.34,-12.33,227.42,-72.88
2026-07-27 14:42:49.872,0.16,-0.3,0.53,32.23,210.82,-5.8
2026-07-27 14:42:49.936,0.16,-0.3,0.53,32.23,210.82,-5.8
2026-07-27 14:42:49.936,-0.02,-0.42,0.73,21.67,182.43,93.87
2026-07-27 14:42:49.936,-0.02,-0.42,0.73,21.67,182.43,93.87
2026-07-27 14:42:49.988,-0.21,-0.52,0.82,-22.4,157.78,165.34
2026-07-27 14:42:49.988,-0.38,-0.63,0.82,-44.56,137.94,180.18
2026-07-27 14:42:50.048,-0.38,-0.63,0.82,-44.56,137.94,180.18
2026-07-27 14:42:50.049,-0.5,-0.73,0.77,-56.58,118.29,160.58
2026-07-27 14:42:50.049,-0.5,-0.73,0.77,-56.58,118.29,160.58
2026-07-27 14:42:50.108,-0.6,-0.83,0.7,-91.67,91.06,149.84
2026-07-27 14:42:50.108,-0.69,-0.93,0.63,-133.42,48.4,158.94
2026-07-27 14:42:50.174,-0.69,-0.93,0.63,-133.42,48.4,158.94
2026-07-27 14:42:50.174,-0.75,-0.94,0.57,-134.34,0.85,156.56
2026-07-27 14:42:50.174,-0.75,-0.94,0.57,-134.34,0.85,156.56
2026-07-27 14:42:50.228,-0.66,-1.06,0.55,-91.8,-36.56,89.11
2026-07-27 14:42:50.229,-0.66,-1.06,0.55,-91.8,-36.56,89.11
2026-07-27 14:42:50.230,-0.43,-1.29,0.67,-23.68,-55.73,3.3
2026-07-27 14:42:50.288,-0.43,-1.29,0.67,34.48,-63.17,-4.09
2026-07-27 14:42:50.289,-0.26,-1.32,0.88,34.48,-63.17,-4.09
2026-07-27 14:42:50.349,-0.24,-1.2,0.99,64.45,-66.28,32.17
2026-07-27 14:42:50.349,-0.24,-1.2,0.99,64.45,-66.28,32.17
2026-07-27 14:42:50.349,-0.39,-0.95,0.95,107.36,-66.28,58.59
2026-07-27 14:42:50.409,-0.39,-0.95,0.95,107.36,-66.28,58.59
2026-07-27 14:42:50.410,-0.52,-0.68,0.93,151.86,-109.5,73.55
2026-07-27 14:42:50.410,-0.52,-0.68,0.93,151.86,-109.5,73.55
2026-07-27 14:42:50.468,-0.48,-0.43,0.98,157.71,-193.73,78.12
2026-07-27 14:42:50.468,-0.33,-0.23,0.97,120.54,-235.23,55.54
2026-07-27 14:42:50.528,-0.33,-0.23,0.97,120.54,-235.23,55.54
2026-07-27 14:42:50.529,-0.17,-0.12,0.89,72.69,-214.97,-4.09
2026-07-27 14:42:50.530,-0.17,-0.12,0.89,72.69,-214.97,-4.09
2026-07-27 14:42:50.588,-0.17,-0.06,0.83,53.89,-146.42,-44.86
2026-07-27 14:42:50.588,-0.17,-0.06,0.83,53.89,-146.42,-44.86
2026-07-27 14:42:50.648,-0.29,-0.03,0.74,42.05,-66.65,-25.94
2026-07-27 14:42:50.649,-0.24,-0.03,0.65,7.51,-49.62,1.77
2026-07-27 14:42:50.649,-0.24,-0.03,0.65,7.51,-49.62,1.77
2026-07-27 14:42:50.711,-0.06,-0.02,0.64,-28.08,-83.98,15.32
2026-07-27 14:42:50.714,-0.06,-0.02,0.64,-28.08,-83.98,15.32
2026-07-27 14:42:50.716,-0.0,-0.02,0.7,-40.95,-82.58,32.1
2026-07-27 14:42:50.770,-0.0,-0.02,0.7,-40.95,-82.58,32.1
2026-07-27 14:42:50.771,-0.04,-0.05,0.76,-40.65,-36.25,34.67
2026-07-27 14:42:50.829,-0.04,-0.05,0.76,-35.1,7.75,17.21
2026-07-27 14:42:50.829,-0.03,-0.08,0.78,-35.1,7.75,17.21
2026-07-27 14:42:50.829,-0.02,-0.09,0.77,-14.22,48.89,0.67
2026-07-27 14:42:50.894,-0.02,-0.09,0.77,-14.22,48.89,0.67
2026-07-27 14:42:50.896,-0.08,-0.06,0.73,26.67,103.94,-5.19
2026-07-27 14:42:50.896,-0.08,-0.06,0.73,26.67,103.94,-5.19
2026-07-27 14:42:50.949,-0.2,0.03,0.69,73.12,167.85,-7.81
2026-07-27 14:42:50.949,-0.2,0.03,0.69,73.12,167.85,-7.81
2026-07-27 14:42:51.068,-0.34,0.11,0.71,89.54,217.35,-6.16
2026-07-27 14:42:51.068,-0.55,0.11,0.84,77.58,245.85,5.43
2026-07-27 14:42:51.068,-0.55,0.11,0.84,77.58,245.85,5.43
2026-07-27 14:42:51.069,-0.75,0.05,1.03,73.43,255.25,18.55
2026-07-27 14:42:51.069,-0.75,0.05,1.03,73.43,255.25,18.55
2026-07-27 14:42:51.132,-0.84,0.01,1.19,76.35,221.56,24.23
2026-07-27 14:42:51.132,-0.84,0.01,1.19,76.35,221.56,24.23
2026-07-27 14:42:51.133,-0.78,0.03,1.3,71.66,151.92,23.13
2026-07-27 14:42:51.189,-0.78,0.03,1.3,71.66,151.92,23.13
2026-07-27 14:42:51.190,-0.78,0.03,1.3,71.66,151.92,23.13
2026-07-27 14:42:51.191,-0.78,0.03,1.3,71.66,151.92,23.13
2026-07-27 14:42:51.249,-0.72,-0.01,1.14,36.32,-1.22,19.23
2026-07-27 14:42:51.252,-0.72,-0.01,1.14,36.32,-1.22,19.23
2026-07-27 14:42:51.252,-0.7,-0.1,1.1,1.65,-99.61,1.22
2026-07-27 14:42:51.308,-0.57,-0.13,1.18,-29.85,-171.2,-26.25
2026-07-27 14:42:51.309,-0.57,-0.13,1.18,-29.85,-171.2,-26.25
2026-07-27 14:42:51.370,-0.33,-0.09,1.29,-24.96,-236.69,-51.09
2026-07-27 14:42:51.373,-0.33,-0.09,1.29,-24.96,-236.69,-51.09
2026-07-27 14:42:51.373,-0.06,-0.02,1.29,0.61,-319.27,-66.16
2026-07-27 14:42:51.489,-0.06,-0.02,1.29,0.61,-319.27,-66.16
2026-07-27 14:42:51.489,0.09,0.02,1.19,4.15,-368.04,-54.08
2026-07-27 14:42:51.507,0.09,0.02,1.19,-18.37,-359.44,-1.59
2026-07-27 14:42:51.507,0.14,0.01,1.02,-18.37,-359.44,-1.59
2026-07-27 14:42:51.509,0.18,-0.05,0.87,-36.25,-307.19,56.46
2026-07-27 14:42:51.510,0.18,-0.05,0.87,-36.25,-307.19,56.46
2026-07-27 14:42:51.548,0.21,-0.07,0.76,-33.02,-231.87,70.68
2026-07-27 14:42:51.550,0.21,-0.07,0.76,-33.02,-231.87,70.68
2026-07-27 14:42:51.608,0.26,-0.05,0.67,-21.55,-165.89,38.7
2026-07-27 14:42:51.608,0.26,-0.05,0.67,-21.55,-165.89,38.7
2026-07-27 14:42:51.609,0.31,0.0,0.6,-16.48,-119.38,-9.22
2026-07-27 14:42:51.673,0.33,0.07,0.53,-15.69,-59.57,-50.42
2026-07-27 14:42:51.673,0.33,0.07,0.53,-15.69,-59.57,-50.42
2026-07-27 14:42:51.728,0.24,0.1,0.59,-2.14,44.86,-78.67
2026-07-27 14:42:51.729,0.24,0.1,0.59,-2.14,44.86,-78.67
2026-07-27 14:42:51.730,0.13,0.13,0.71,34.67,138.43,-109.37
2026-07-27 14:42:51.790,0.13,0.13,0.71,34.67,138.43,-109.37
2026-07-27 14:42:51.794,0.1,0.2,0.76,49.26,183.9,-146.91
2026-07-27 14:42:51.850,0.02,0.28,0.84,-1.46,249.57,-176.51
2026-07-27 14:42:51.850,0.02,0.28,0.84,-1.46,249.57,-176.51
2026-07-27 14:42:51.850,-0.14,0.36,0.94,-60.18,323.91,-173.95
2026-07-27 14:42:51.908,-0.14,0.36,0.94,-60.18,323.91,-173.95
2026-07-27 14:42:51.909,-0.23,0.46,0.99,-54.38,312.81,-119.26
2026-07-27 14:42:51.909,-0.23,0.46,0.99,-54.38,312.81,-119.26
2026-07-27 14:42:51.969,-0.29,0.49,1.04,-6.23,239.38,-46.39
2026-07-27 14:42:51.970,-0.42,0.41,1.09,33.51,184.08,-9.34
2026-07-27 14:42:52.033,-0.42,0.41,1.09,33.51,184.08,-9.34
2026-07-27 14:42:52.034,-0.52,0.32,1.12,59.75,132.81,-16.24
2026-07-27 14:42:52.034,-0.52,0.32,1.12,59.75,132.81,-16.24
2026-07-27 14:42:52.088,-0.49,0.31,1.16,66.22,57.5,-33.94
2026-07-27 14:42:52.089,-0.49,0.31,1.16,35.16,-18.01,-27.95
2026-07-27 14:42:52.089,-0.35,0.34,1.24,35.16,-18.01,-27.95
2026-07-27 14:42:52.154,-0.19,0.32,1.32,-29.24,-62.81,18.37
2026-07-27 14:42:52.155,-0.19,0.32,1.32,-29.24,-62.81,18.37
2026-07-27 14:42:52.209,-0.07,0.21,1.4,-106.51,-76.11,91.37
2026-07-27 14:42:52.209,-0.07,0.21,1.4,-106.51,-76.11,91.37
2026-07-27 14:42:52.210,-0.04,-0.02,1.46,-159.12,-80.44,145.81
2026-07-27 14:42:52.269,-0.04,-0.02,1.46,-159.12,-80.44,145.81
2026-07-27 14:42:52.269,-0.1,-0.26,1.42,-159.3,-100.46,134.64
2026-07-27 14:42:52.330,-0.18,-0.41,1.25,-135.07,-132.08,77.15
2026-07-27 14:42:52.331,-0.18,-0.41,1.25,-135.07,-132.08,77.15
2026-07-27 14:42:52.331,-0.23,-0.5,1.06,-117.61,-133.48,33.08
2026-07-27 14:42:52.393,-0.23,-0.5,1.06,-117.61,-133.48,33.08
2026-07-27 14:42:52.394,-0.26,-0.46,0.9,-83.07,-94.97,15.26
2026-07-27 14:42:52.394,-0.26,-0.46,0.9,-83.07,-94.97,15.26
2026-07-27 14:42:52.449,-0.26,-0.28,0.76,-27.1,-49.56,0.92
2026-07-27 14:42:52.451,-0.23,-0.13,0.62,-22.03,-37.23,-33.33
2026-07-27 14:42:52.516,-0.23,-0.13,0.62,-22.03,-37.23,-33.33
2026-07-27 14:42:52.517,-0.18,-0.08,0.53,-51.57,-48.65,-68.18
2026-07-27 14:42:52.517,-0.18,-0.08,0.53,-51.57,-48.65,-68.18
2026-07-27 14:42:52.568,-0.16,-0.05,0.48,-42.54,-41.5,-73.36
2026-07-27 14:42:52.568,-0.16,-0.05,0.48,-42.54,-41.5,-73.36
2026-07-27 14:42:52.569,-0.17,-0.01,0.5,-4.76,-13.31,-59.88
2026-07-27 14:42:52.633,-0.17,-0.01,0.5,15.44,14.95,-44.74
2026-07-27 14:42:52.635,-0.2,-0.01,0.57,15.44,14.95,-44.74
2026-07-27 14:42:52.689,-0.26,-0.09,0.66,5.0,41.87,-27.4
2026-07-27 14:42:52.690,-0.26,-0.09,0.66,5.0,41.87,-27.4
2026-07-27 14:42:52.690,-0.34,-0.2,0.74,16.42,84.9,-3.85
2026-07-27 14:42:52.748,-0.34,-0.2,0.74,16.42,84.9,-3.85
2026-07-27 14:42:52.748,-0.43,-0.12,0.78,68.6,147.89,32.47
2026-07-27 14:42:52.749,-0.43,-0.12,0.78,68.6,147.89,32.47
2026-07-27 14:42:52.809,-0.49,0.14,0.84,98.63,230.47,93.32
2026-07-27 14:42:52.809,-0.59,0.28,0.96,59.45,307.8,160.22
2026-07-27 14:42:52.874,-0.59,0.28,0.96,59.45,307.8,160.22
2026-07-27 14:42:52.875,-0.73,0.21,1.06,-10.31,322.75,193.42
2026-07-27 14:42:52.875,-0.73,0.21,1.06,-10.31,322.75,193.42
2026-07-27 14:42:52.928,-0.82,0.09,1.12,-43.76,244.32,168.76
2026-07-27 14:42:52.928,-0.82,0.09,1.12,-43.76,244.32,168.76
2026-07-27 14:42:52.988,-0.86,-0.02,1.13,-37.84,121.58,108.7
2026-07-27 14:42:52.989,-0.86,-0.08,1.1,-18.19,27.4,54.14
2026-07-27 14:42:52.989,-0.86,-0.08,1.1,-18.19,27.4,54.14
2026-07-27 14:42:53.049,-0.85,-0.1,1.1,26.25,-32.1,19.47
2026-07-27 14:42:53.050,-0.85,-0.1,1.1,26.25,-32.1,19.47
2026-07-27 14:42:53.050,-0.81,-0.07,1.17,90.88,-70.98,-0.98
2026-07-27 14:42:53.109,-0.81,-0.07,1.17,90.88,-70.98,-0.98
2026-07-27 14:42:53.109,-0.76,0.01,1.16,117.8,-79.96,-19.71
2026-07-27 14:42:53.109,-0.76,0.01,1.16,117.8,-79.96,-19.71
2026-07-27 14:42:53.168,-0.7,0.12,1.0,76.05,-64.15,-36.99
2026-07-27 14:42:53.169,-0.65,0.19,0.79,12.39,-49.5,-45.47
2026-07-27 14:42:53.242,-0.65,0.19,0.79,12.39,-49.5,-45.47
2026-07-27 14:42:53.242,-0.6,0.22,0.64,-23.86,-49.13,-44.74
2026-07-27 14:42:53.244,-0.6,0.22,0.64,-23.86,-49.13,-44.74
2026-07-27 14:42:53.291,-0.58,0.21,0.53,-38.7,-53.59,-34.85
2026-07-27 14:42:53.291,-0.58,0.21,0.53,-38.7,-53.59,-34.85
2026-07-27 14:42:53.348,-0.59,0.17,0.44,-55.36,-47.24,-14.59
2026-07-27 14:42:53.349,-0.59,0.17,0.44,-55.36,-47.24,-14.59
2026-07-27 14:42:53.349,-0.63,0.12,0.35,-67.02,-23.99,3.11
2026-07-27 14:42:53.409,-0.66,0.11,0.3,-53.04,3.54,4.76
2026-07-27 14:42:53.409,-0.66,0.11,0.3,-53.04,3.54,4.76
2026-07-27 14:42:53.410,-0.68,0.14,0.29,-17.7,18.86,-1.95
2026-07-27 14:42:53.472,-0.68,0.14,0.29,-17.7,18.86,-1.95
2026-07-27 14:42:53.472,-0.7,0.17,0.31,16.48,26.12,-6.29
2026-07-27 14:42:53.529,-0.7,0.17,0.31,16.48,26.12,-6.29
2026-07-27 14:42:53.530,-0.74,0.2,0.35,37.6,37.35,-14.22
2026-07-27 14:42:53.530,-0.74,0.2,0.35,37.6,37.35,-14.22
2026-07-27 14:42:53.588,-0.8,0.2,0.4,45.78,61.58,-26.79
2026-07-27 14:42:53.588,-0.83,0.21,0.45,49.68,89.9,-35.03
2026-07-27 14:42:53.589,-0.83,0.21,0.45,49.68,89.9,-35.03
2026-07-27 14:42:53.648,-0.84,0.23,0.49,58.78,98.75,-39.06
2026-07-27 14:42:53.648,-0.84,0.23,0.49,58.78,98.75,-39.06
2026-07-27 14:42:53.709,-0.86,0.25,0.52,70.74,88.01,-38.76
2026-07-27 14:42:53.709,-0.86,0.25,0.52,70.74,88.01,-38.76
2026-07-27 14:42:53.709,-0.86,0.28,0.57,79.53,74.28,-32.84
2026-07-27 14:42:53.775,-0.88,0.3,0.63,81.36,62.26,-26.49
2026-07-27 14:42:53.775,-0.88,0.3,0.63,81.36,62.26,-26.49
2026-07-27 14:42:53.830,-0.92,0.29,0.72,72.2,47.61,-21.42
2026-07-27 14:42:53.830,-0.92,0.29,0.72,72.2,47.61,-21.42
2026-07-27 14:42:53.830,-0.97,0.23,0.86,46.63,29.91,-15.2
2026-07-27 14:42:53.888,-0.97,0.23,0.86,46.63,29.91,-15.2
2026-07-27 14:42:53.890,-0.99,0.18,1.04,3.54,17.09,-11.66
2026-07-27 14:42:53.891,-0.91,0.18,1.22,-38.39,9.03,-13.43
2026-07-27 14:42:53.954,-0.91,0.18,1.22,-38.39,9.03,-13.43
2026-07-27 14:42:53.955,-0.82,0.2,1.31,-62.07,-15.26,-4.09
2026-07-27 14:42:54.009,-0.82,0.2,1.31,-62.07,-15.26,-4.09
2026-07-27 14:42:54.009,-0.85,0.16,1.23,-81.6,-67.08,31.37
2026-07-27 14:42:54.014,-0.85,0.16,1.23,-81.6,-67.08,31.37
2026-07-27 14:42:54.074,-0.97,0.08,0.98,-109.86,-121.64,78.74
2026-07-27 14:42:54.074,-1.1,0.01,0.65,-114.99,-154.66,112.18
2026-07-27 14:42:54.075,-1.1,0.01,0.65,-114.99,-154.66,112.18
2026-07-27 14:42:54.141,-1.07,-0.0,0.37,-43.46,-167.3,117.25
2026-07-27 14:42:54.142,-1.07,-0.0,0.37,-43.46,-167.3,117.25
2026-07-27 14:42:54.190,-0.89,0.03,0.19,65.86,-166.2,91.98
2026-07-27 14:42:54.190,-0.89,0.03,0.19,65.86,-166.2,91.98
2026-07-27 14:42:54.190,-0.68,0.1,0.14,107.67,-145.08,46.63
2026-07-27 14:42:54.249,-0.53,0.18,0.16,78.25,-103.03,0.12
2026-07-27 14:42:54.249,-0.53,0.18,0.16,78.25,-103.03,0.12
2026-07-27 14:42:54.309,-0.44,0.28,0.18,44.31,-50.96,-34.42
2026-07-27 14:42:54.309,-0.44,0.28,0.18,44.31,-50.96,-34.42
2026-07-27 14:42:54.310,-0.3,0.47,0.28,27.47,0.73,-55.73
2026-07-27 14:42:54.368,-0.3,0.47,0.28,27.47,0.73,-55.73
2026-07-27 14:42:54.369,-0.33,0.62,0.44,-20.75,65.86,-73.79
2026-07-27 14:42:54.370,-0.33,0.62,0.44,-20.75,65.86,-73.79
2026-07-27 14:42:54.432,-0.59,0.51,0.46,-104.43,149.17,-63.42
2026-07-27 14:42:54.432,-0.77,0.3,0.29,-116.46,158.81,-10.25
2026-07-27 14:42:54.491,-0.77,0.3,0.29,-116.46,158.81,-10.25
2026-07-27 14:42:54.491,-0.79,0.23,0.21,-2.81,45.23,47.61
2026-07-27 14:42:54.491,-0.79,0.23,0.21,-2.81,45.23,47.61
2026-07-27 14:42:54.549,-0.78,0.32,0.33,130.43,-41.87,56.4
2026-07-27 14:42:54.550,-0.78,0.32,0.33,130.43,-41.87,56.4
2026-07-27 14:42:54.550,-0.81,0.49,0.52,178.28,-16.17,10.13
2026-07-27 14:42:54.611,-0.79,0.66,0.68,164.0,30.7,-34.97
2026-07-27 14:42:54.633,-0.79,0.66,0.68,164.0,30.7,-34.97
2026-07-27 14:42:54.671,-0.72,0.79,0.86,136.72,43.27,-47.67
2026-07-27 14:42:54.671,-0.72,0.79,0.86,136.72,43.27,-47.67
2026-07-27 14:42:54.671,-0.66,0.82,1.04,87.59,44.92,-34.42
2026-07-27 14:42:54.728,-0.66,0.82,1.04,87.59,44.92,-34.42
2026-07-27 14:42:54.728,-0.64,0.76,1.12,7.75,55.79,-15.32
2026-07-27 14:42:54.789,-0.64,0.65,1.07,-61.77,56.58,0.67
2026-07-27 14:42:54.789,-0.64,0.65,1.07,-61.77,56.58,0.67
2026-07-27 14:42:54.789,-0.66,0.56,0.99,-88.99,33.39,14.77
2026-07-27 14:42:54.860,-0.66,0.56,0.99,-88.99,33.39,14.77
2026-07-27 14:42:54.862,-0.68,0.5,0.92,-89.66,1.1,24.66
2026-07-27 14:42:54.862,-0.68,0.5,0.92,-89.66,1.1,24.66
2026-07-27 14:42:54.909,-0.7,0.45,0.84,-92.35,-22.09,28.38
2026-07-27 14:42:54.910,-0.7,0.45,0.84,-92.35,-22.09,28.38
2026-07-27 14:42:54.968,-0.74,0.4,0.78,-106.2,-32.04,29.11
2026-07-27 14:42:54.969,-0.77,0.34,0.72,-129.7,-31.68,29.66
2026-07-27 14:42:54.969,-0.77,0.34,0.72,-129.7,-31.68,29.66
2026-07-27 14:42:55.030,-0.82,0.28,0.73,-173.71,-12.51,26.25
2026-07-27 14:42:55.030,-0.82,0.28,0.73,-173.71,-12.51,26.25
2026-07-27 14:42:55.030,-0.87,0.24,0.62,-263.31,67.26,4.94
2026-07-27 14:42:55.088,-0.87,0.24,0.62,-263.31,67.26,4.94
2026-07-27 14:42:55.088,-0.81,0.17,0.25,-326.35,187.32,-41.75
2026-07-27 14:42:55.150,-0.7,0.06,-0.05,-257.81,200.26,-71.78
2026-07-27 14:42:55.151,-0.7,0.06,-0.05,-257.81,200.26,-71.78
2026-07-27 14:42:55.151,-0.67,-0.01,-0.09,-111.39,90.88,-54.32
2026-07-27 14:42:55.208,-0.67,-0.01,-0.09,-111.39,90.88,-54.32
2026-07-27 14:42:55.211,-0.66,0.01,-0.01,5.8,7.45,-25.33
2026-07-27 14:42:55.211,-0.66,0.01,-0.01,5.8,7.45,-25.33
2026-07-27 14:42:55.268,-0.66,0.06,0.07,66.22,-10.99,-5.8
2026-07-27 14:42:55.269,-0.66,0.13,0.14,93.14,-24.96,20.26
2026-07-27 14:42:55.329,-0.66,0.13,0.14,93.14,-24.96,20.26
2026-07-27 14:42:55.330,-0.68,0.21,0.22,112.3,-63.29,55.73
2026-07-27 14:42:55.330,-0.68,0.21,0.22,112.3,-63.29,55.73
2026-07-27 14:42:55.388,-0.71,0.28,0.33,129.15,-105.65,84.17
2026-07-27 14:42:55.389,-0.71,0.28,0.33,129.15,-105.65,84.17
2026-07-27 14:42:55.450,-0.72,0.35,0.45,136.41,-137.02,92.29
2026-07-27 14:42:55.450,-0.72,0.35,0.45,131.47,-157.41,77.15
2026-07-27 14:42:55.450,-0.7,0.4,0.61,131.47,-157.41,77.15
2026-07-27 14:42:55.511,-0.65,0.43,0.78,110.96,-153.75,46.26
2026-07-27 14:42:55.511,-0.65,0.43,0.78,110.96,-153.75,46.26
2026-07-27 14:42:55.519,-0.56,0.46,0.94,79.04,-124.63,11.72
2026-07-27 14:42:55.568,-0.56,0.46,0.94,79.04,-124.63,11.72
2026-07-27 14:42:55.569,-0.43,0.46,1.05,49.93,-99.79,-19.84
2026-07-27 14:42:55.629,-0.43,0.46,1.05,49.93,-99.79,-19.84
2026-07-27 14:42:55.630,-0.31,0.44,1.13,28.02,-100.22,-43.03
2026-07-27 14:42:55.630,-0.2,0.38,1.15,10.5,-123.41,-61.89
2026-07-27 14:42:55.689,-0.2,0.38,1.15,10.5,-123.41,-61.89
2026-07-27 14:42:55.689,-0.11,0.3,1.14,1.34,-138.98,-77.33
2026-07-27 14:42:55.690,-0.11,0.3,1.14,1.34,-138.98,-77.33
2026-07-27 14:42:55.751,-0.03,0.26,1.15,-0.85,-119.63,-78.74
2026-07-27 14:42:55.751,-0.03,0.26,1.15,-0.85,-119.63,-78.74
2026-07-27 14:42:55.809,0.07,0.27,1.23,-10.44,-72.33,-54.08
2026-07-27 14:42:55.811,0.07,0.27,1.23,-10.44,-72.33,-54.08
2026-07-27 14:42:55.812,0.07,0.27,1.23,-10.44,-72.33,-54.08
2026-07-27 14:42:55.870,0.07,0.27,1.23,-10.44,-72.33,-54.08
2026-07-27 14:42:55.870,-0.06,0.11,1.28,-91.92,35.89,81.97
2026-07-27 14:42:55.871,-0.06,0.11,1.28,-158.02,41.75,106.63
2026-07-27 14:42:55.929,-0.26,-0.11,1.24,-158.02,41.75,106.63
2026-07-27 14:42:55.929,-0.36,-0.33,1.11,-218.14,12.88,43.15
2026-07-27 14:42:55.932,-0.36,-0.33,1.11,-218.14,12.88,43.15
2026-07-27 14:42:55.989,-0.35,-0.49,0.96,-243.23,-3.54,-73.43
2026-07-27 14:42:56.007,-0.35,-0.49,0.96,-243.23,-3.54,-73.43
2026-07-27 14:42:56.060,-0.33,-0.53,0.82,-209.9,28.32,-198.36
2026-07-27 14:42:56.060,-0.29,-0.56,0.64,-152.95,71.9,-284.67
2026-07-27 14:42:56.062,-0.29,-0.56,0.64,-152.95,71.9,-284.67
2026-07-27 14:42:56.109,-0.26,-0.57,0.49,-115.84,61.46,-249.02
2026-07-27 14:42:56.109,-0.26,-0.57,0.49,-115.84,61.46,-249.02
2026-07-27 14:42:56.168,-0.29,-0.5,0.42,-76.72,26.86,-135.8
2026-07-27 14:42:56.168,-0.29,-0.5,0.42,-9.89,18.74,-62.62
2026-07-27 14:42:56.237,-0.31,-0.41,0.43,-9.89,18.74,-62.62
2026-07-27 14:42:56.237,-0.32,-0.35,0.47,57.07,26.43,-46.08
2026-07-27 14:42:56.237,-0.32,-0.35,0.47,57.07,26.43,-46.08
2026-07-27 14:42:56.290,-0.31,-0.32,0.51,94.73,31.8,-57.19
2026-07-27 14:42:56.290,-0.31,-0.32,0.51,94.73,31.8,-57.19
2026-07-27 14:42:56.290,-0.29,-0.32,0.58,111.21,22.89,-53.53
2026-07-27 14:42:56.356,-0.29,-0.32,0.58,111.21,22.89,-53.53
2026-07-27 14:42:56.356,-0.27,-0.33,0.68,108.95,13.98,-25.57
2026-07-27 14:42:56.407,-0.28,-0.36,0.75,82.7,37.9,-0.31
2026-07-27 14:42:56.409,-0.28,-0.36,0.75,82.7,37.9,-0.31
2026-07-27 14:42:56.409,-0.29,-0.42,0.86,48.58,77.82,11.05
2026-07-27 14:42:56.468,-0.29,-0.42,0.86,48.58,77.82,11.05
2026-07-27 14:42:56.469,-0.29,-0.39,1.02,32.41,99.55,-1.65
2026-07-27 14:42:56.529,-0.29,-0.39,1.02,32.41,99.55,-1.65
2026-07-27 14:42:56.530,-0.28,-0.29,1.18,36.13,98.88,-33.39
2026-07-27 14:42:56.530,-0.28,-0.29,1.18,37.96,93.81,-36.13
2026-07-27 14:42:56.531,-0.23,-0.21,1.3,37.96,93.81,-36.13
2026-07-27 14:42:56.589,-0.21,-0.14,1.36,34.55,85.45,13.79
2026-07-27 14:42:56.589,-0.21,-0.14,1.36,34.55,85.45,13.79
2026-07-27 14:42:56.648,-0.24,-0.03,1.37,34.55,64.45,91.25
2026-07-27 14:42:56.649,-0.24,-0.03,1.37,34.55,64.45,91.25
2026-07-27 14:42:56.650,-0.3,0.08,1.33,13.55,49.13,165.47
2026-07-27 14:42:56.711,-0.3,0.08,1.33,13.55,49.13,165.47
2026-07-27 14:42:56.712,-0.44,0.08,1.23,-45.72,50.11,191.53
2026-07-27 14:42:56.768,-0.56,-0.06,1.11,-111.51,49.56,145.26
2026-07-27 14:42:56.769,-0.56,-0.06,1.11,-111.51,49.56,145.26
2026-07-27 14:42:56.769,-0.59,-0.21,1.02,-147.58,14.1,56.09
2026-07-27 14:42:56.831,-0.59,-0.21,1.02,-147.58,14.1,56.09
2026-07-27 14:42:56.831,-0.58,-0.38,0.98,-161.01,-59.27,-44.25
2026-07-27 14:42:56.832,-0.58,-0.38,0.98,-161.01,-59.27,-44.25
2026-07-27 14:42:56.892,-0.43,-0.63,0.82,-191.28,-145.81,-131.2
2026-07-27 14:42:56.892,-0.25,-0.81,0.53,-202.27,-195.07,-138.3
2026-07-27 14:42:56.948,-0.25,-0.81,0.53,-202.27,-195.07,-138.3
2026-07-27 14:42:56.948,-0.21,-0.79,0.3,-163.64,-167.97,-66.47
2026-07-27 14:42:56.949,-0.21,-0.79,0.3,-163.64,-167.97,-66.47
2026-07-27 14:42:57.009,-0.2,-0.68,0.22,-89.36,-86.61,-16.17
2026-07-27 14:42:57.009,-0.2,-0.68,0.22,-89.36,-86.61,-16.17
2026-07-27 14:42:57.010,-0.18,-0.56,0.25,-0.12,-14.53,-21.73
2026-07-27 14:42:57.068,-0.18,-0.56,0.25,-0.12,-14.53,-21.73
2026-07-27 14:42:57.069,-0.18,-0.56,0.25,-0.12,-14.53,-21.73
2026-07-27 14:42:57.069,-0.18,-0.56,0.25,-0.12,-14.53,-21.73
2026-07-27 14:42:57.130,-0.19,-0.45,0.43,133.0,10.62,-42.72
2026-07-27 14:42:57.132,-0.19,-0.45,0.43,133.0,10.62,-42.72
2026-07-27 14:42:57.188,-0.24,-0.36,0.54,146.18,24.78,-15.26
2026-07-27 14:42:57.188,-0.29,-0.35,0.59,111.27,35.77,17.46
2026-07-27 14:42:57.188,-0.29,-0.35,0.59,111.27,35.77,17.46
2026-07-27 14:42:57.249,-0.32,-0.4,0.61,68.24,31.74,41.81
2026-07-27 14:42:57.249,-0.32,-0.4,0.61,68.24,31.74,41.81
2026-07-27 14:42:57.250,-0.4,-0.36,0.68,69.52,44.37,82.03
2026-07-27 14:42:57.309,-0.4,-0.36,0.68,69.52,44.37,82.03
2026-07-27 14:42:57.309,-0.52,-0.22,0.88,108.83,75.81,140.5
2026-07-27 14:42:57.368,-0.56,-0.08,1.21,130.68,99.61,165.47
2026-07-27 14:42:57.369,-0.56,-0.08,1.21,130.68,99.61,165.47
2026-07-27 14:42:57.369,-0.53,0.07,1.36,108.28,151.31,142.58
2026-07-27 14:42:57.430,-0.53,0.07,1.36,108.28,151.31,142.58
2026-07-27 14:42:57.431,-0.52,0.15,1.21,47.18,204.22,78.86
2026-07-27 14:42:57.431,-0.52,0.15,1.21,47.18,204.22,78.86
2026-07-27 14:42:57.497,-0.59,0.05,1.02,-10.56,169.49,13.55
2026-07-27 14:42:57.497,-0.66,-0.04,0.96,-30.76,78.19,5.25
2026-07-27 14:42:57.548,-0.66,-0.04,0.96,-30.76,78.19,5.25
2026-07-27 14:42:57.549,-0.63,-0.03,0.95,-20.14,12.51,43.95
2026-07-27 14:42:57.549,-0.63,-0.03,0.95,-20.14,12.51,43.95
2026-07-27 14:42:57.609,-0.58,0.02,0.95,-3.6,-31.8,104.55
2026-07-27 14:42:57.609,-0.58,0.02,0.95,-3.6,-31.8,104.55
2026-07-27 14:42:57.668,-0.49,0.1,0.95,8.18,-77.15,201.42
2026-07-27 14:42:57.669,-0.49,0.1,0.95,9.34,-99.24,305.36
2026-07-27 14:42:57.669,-0.4,0.22,0.95,9.34,-99.24,305.36
2026-07-27 14:42:57.731,-0.39,0.33,0.93,1.65,-67.93,357.36
2026-07-27 14:42:57.731,-0.39,0.33,0.93,1.65,-67.93,357.36
2026-07-27 14:42:57.732,-0.38,0.42,0.85,-11.05,-2.2,356.93
2026-07-27 14:42:57.788,-0.38,0.42,0.85,-11.05,-2.2,356.93
2026-07-27 14:42:57.790,-0.32,0.48,0.76,-34.79,40.1,329.77
2026-07-27 14:42:57.848,-0.32,0.48,0.76,-34.79,40.1,329.77
2026-07-27 14:42:57.849,-0.22,0.51,0.72,-70.37,37.29,273.32
2026-07-27 14:42:57.849,-0.16,0.48,0.73,-113.65,21.85,181.4
2026-07-27 14:42:57.909,-0.16,0.48,0.73,-113.65,21.85,181.4
2026-07-27 14:42:57.909,-0.19,0.45,0.73,-155.46,20.2,113.22
2026-07-27 14:42:57.914,-0.19,0.45,0.73,-155.46,20.2,113.22
2026-07-27 14:42:57.968,-0.18,0.37,0.74,-202.33,1.46,108.46
2026-07-27 14:42:57.969,-0.18,0.37,0.74,-202.33,1.46,108.46
2026-07-27 14:42:58.031,-0.04,0.22,0.84,-241.7,-63.84,138.73
2026-07-27 14:42:58.032,0.14,0.06,0.97,-237.0,-124.76,154.85
2026-07-27 14:42:58.033,0.14,0.06,0.97,-237.0,-124.76,154.85
2026-07-27 14:42:58.088,0.24,-0.06,1.04,-193.85,-117.0,94.06
2026-07-27 14:42:58.089,0.24,-0.06,1.04,-193.85,-117.0,94.06
2026-07-27 14:42:58.151,0.27,-0.14,1.03,-128.72,-48.58,-30.94
2026-07-27 14:42:58.152,0.29,-0.22,0.96,-70.5,18.25,-141.3
2026-07-27 14:42:58.152,0.29,-0.22,0.96,-70.5,18.25,-141.3
2026-07-27 14:42:58.211,0.37,-0.33,0.89,-56.09,35.1,-184.33
2026-07-27 14:42:58.212,0.37,-0.33,0.89,-56.09,35.1,-184.33
2026-07-27 14:42:58.271,0.5,-0.48,0.79,-69.09,12.63,-157.84
2026-07-27 14:42:58.271,0.5,-0.48,0.79,-69.09,12.63,-157.84
2026-07-27 14:42:58.271,0.59,-0.66,0.76,-62.26,-24.6,-78.12
2026-07-27 14:42:58.336,0.59,-0.66,0.76,-1.53,-49.32,15.56
2026-07-27 14:42:58.337,0.55,-0.74,0.86,-1.53,-49.32,15.56
2026-07-27 14:42:58.337,0.45,-0.7,1.02,83.25,-32.41,61.77
2026-07-27 14:42:58.388,0.45,-0.7,1.02,83.25,-32.41,61.77
2026-07-27 14:42:58.389,0.36,-0.62,1.15,121.03,11.84,57.92
2026-07-27 14:42:58.449,0.36,-0.62,1.15,121.03,11.84,57.92
2026-07-27 14:42:58.449,0.32,-0.55,1.16,100.1,60.18,54.32
2026-07-27 14:42:58.449,0.32,-0.55,1.16,100.1,60.18,54.32
2026-07-27 14:42:58.508,0.25,-0.43,1.07,93.2,107.3,64.76
2026-07-27 14:42:58.509,0.13,-0.1,0.98,147.95,125.24,70.68
2026-07-27 14:42:58.509,0.13,-0.1,0.98,147.95,125.24,70.68
2026-07-27 14:42:58.568,0.03,0.21,0.91,126.65,102.42,64.58
2026-07-27 14:42:58.571,0.03,0.21,0.91,126.65,102.42,64.58
2026-07-27 14:42:58.630,-0.03,0.21,0.84,-30.33,69.64,44.56
2026-07-27 14:42:58.632,-0.03,0.21,0.84,-30.33,69.64,44.56
2026-07-27 14:42:58.632,-0.05,0.09,0.79,-135.8,46.69,20.32
2026-07-27 14:42:58.688,-0.05,0.01,0.76,-111.51,37.11,3.85
2026-07-27 14:42:58.692,-0.05,0.01,0.76,-111.51,37.11,3.85
2026-07-27 14:42:58.809,-0.05,-0.01,0.74,-39.61,28.75,-3.6
2026-07-27 14:42:58.810,-0.05,-0.01,0.74,-39.61,28.75,-3.6
2026-07-27 14:42:58.811,-0.03,0.02,0.73,18.8,9.95,-3.05
2026-07-27 14:42:58.812,-0.03,0.02,0.73,18.8,9.95,-3.05
2026-07-27 14:42:58.812,-0.03,0.07,0.75,51.33,-10.56,0.85
2026-07-27 14:42:58.814,-0.03,0.07,0.75,51.33,-10.56,0.85
2026-07-27 14:42:58.870,-0.02,0.13,0.79,84.78,-26.98,3.72
2026-07-27 14:42:58.870,0.03,0.2,0.87,132.39,-41.63,2.5
2026-07-27 14:42:58.871,0.03,0.2,0.87,132.39,-41.63,2.5
2026-07-27 14:42:58.935,0.1,0.3,0.89,199.34,-57.98,-3.11
2026-07-27 14:42:58.936,0.1,0.3,0.89,199.34,-57.98,-3.11
2026-07-27 14:42:58.988,0.12,0.41,0.79,272.77,-71.59,-10.74
2026-07-27 14:42:58.989,0.12,0.41,0.79,272.77,-71.59,-10.74
2026-07-27 14:42:58.989,0.12,0.6,0.67,317.44,-85.82,-6.59
2026-07-27 14:42:59.049,0.12,0.6,0.67,317.44,-85.82,-6.59
2026-07-27 14:42:59.050,0.22,0.86,0.7,329.1,-110.35,27.22
2026-07-27 14:42:59.111,0.35,0.99,0.79,296.33,-117.61,55.36
2026-07-27 14:42:59.118,0.35,0.99,0.79,296.33,-117.61,55.36
2026-07-27 14:42:59.119,0.41,1.03,0.74,241.09,-83.19,40.53
2026-07-27 14:42:59.169,0.41,1.03,0.74,241.09,-83.19,40.53
2026-07-27 14:42:59.176,0.39,1.08,0.56,215.45,-39.25,13.06
2026-07-27 14:42:59.177,0.39,1.08,0.56,215.45,-39.25,13.06
2026-07-27 14:42:59.240,0.36,1.15,0.33,209.96,-24.48,1.65
2026-07-27 14:42:59.242,0.36,1.17,0.18,167.97,-30.09,0.43
2026-07-27 14:42:59.289,0.36,1.17,0.18,167.97,-30.09,0.43
2026-07-27 14:42:59.289,0.39,1.15,0.07,96.13,-29.42,-9.03
2026-07-27 14:42:59.290,0.39,1.15,0.07,96.13,-29.42,-9.03
2026-07-27 14:42:59.348,0.33,1.13,-0.06,48.46,-30.33,-47.49
2026-07-27 14:42:59.349,0.33,1.13,-0.06,48.46,-30.33,-47.49
2026-07-27 14:42:59.349,0.17,1.08,-0.17,35.46,-45.17,-85.69
2026-07-27 14:42:59.410,0.17,1.08,-0.17,35.46,-45.17,-85.69
2026-07-27 14:42:59.418,0.06,0.94,-0.23,32.47,-54.5,-60.24
2026-07-27 14:42:59.468,0.04,0.82,-0.25,-13.92,-34.18,37.96
2026-07-27 14:42:59.469,0.04,0.82,-0.25,-13.92,-34.18,37.96
2026-07-27 14:42:59.469,0.07,0.82,-0.24,-112.49,10.25,135.56
2026-07-27 14:42:59.542,0.07,0.82,-0.24,-112.49,10.25,135.56
2026-07-27 14:42:59.542,0.1,0.86,-0.21,-172.06,31.62,116.39
2026-07-27 14:42:59.543,0.1,0.86,-0.21,-172.06,31.62,116.39
2026-07-27 14:42:59.589,0.13,0.85,-0.18,-141.54,-17.09,32.1
2026-07-27 14:42:59.590,0.23,0.77,-0.17,-71.23,-106.75,17.27
2026-07-27 14:42:59.648,0.23,0.77,-0.17,-71.23,-106.75,17.27
2026-07-27 14:42:59.649,0.31,0.7,-0.18,-15.93,-169.31,43.7
2026-07-27 14:42:59.649,0.31,0.7,-0.18,-15.93,-169.31,43.7
2026-07-27 14:42:59.709,0.35,0.69,-0.21,10.44,-176.76,60.73
2026-07-27 14:42:59.710,0.35,0.69,-0.21,10.44,-176.76,60.73
2026-07-27 14:42:59.775,0.42,0.7,-0.26,5.68,-152.59,66.35
2026-07-27 14:42:59.775,0.42,0.7,-0.26,-38.33,-144.59,46.45
2026-07-27 14:42:59.775,0.48,0.73,-0.29,-38.33,-144.59,46.45
2026-07-27 14:42:59.840,0.52,0.81,-0.27,-102.36,-160.16,-1.53
2026-07-27 14:42:59.842,0.52,0.81,-0.27,-102.36,-160.16,-1.53
2026-07-27 14:42:59.843,0.58,0.88,-0.18,-135.07,-172.18,-36.68
2026-07-27 14:42:59.888,0.58,0.88,-0.18,-135.07,-172.18,-36.68
2026-07-27 14:42:59.889,0.65,0.92,-0.09,-115.23,-181.7,-55.18
2026-07-27 14:42:59.898,0.65,0.92,-0.09,-115.23,-181.7,-55.18
2026-07-27 14:42:59.948,0.69,1.0,-0.03,-77.45,-184.08,-98.14
2026-07-27 14:42:59.949,0.71,1.07,-0.02,-37.96,-138.92,-123.84
2026-07-27 14:43:00.011,0.71,1.07,-0.02,-37.96,-138.92,-123.84
2026-07-27 14:43:00.012,0.67,1.08,-0.03,0.24,-55.73,-95.15
2026-07-27 14:43:00.013,0.67,1.08,-0.03,0.24,-55.73,-95.15
2026-07-27 14:43:00.072,0.58,1.12,0.02,16.72,6.16,-71.35
2026-07-27 14:43:00.081,0.48,1.17,0.07,-15.26,46.63,-98.08
2026-07-27 14:43:00.130,0.48,1.17,0.07,-15.26,46.63,-98.08
2026-07-27 14:43:00.131,0.28,1.19,0.16,-119.93,101.75,-146.06
2026-07-27 14:43:00.131,0.28,1.19,0.16,-119.93,101.75,-146.06
2026-07-27 14:43:00.188,0.0,1.13,0.33,-246.22,135.44,-127.87
2026-07-27 14:43:00.189,0.0,1.13,0.33,-246.22,135.44,-127.87
2026-07-27 14:43:00.248,-0.24,0.93,0.52,-321.47,118.71,-41.2
2026-07-27 14:43:00.249,-0.43,0.66,0.6,-346.25,87.1,14.95
2026-07-27 14:43:00.249,-0.43,0.66,0.6,-346.25,87.1,14.95
2026-07-27 14:43:00.309,-0.5,0.4,0.61,-335.39,49.19,-6.71
2026-07-27 14:43:00.310,-0.5,0.4,0.61,-335.39,49.19,-6.71
2026-07-27 14:43:00.369,-0.44,0.18,0.63,-268.55,-1.22,-71.47
2026-07-27 14:43:00.369,-0.44,0.18,0.63,-268.55,-1.22,-71.47
2026-07-27 14:43:00.370,-0.36,0.15,0.63,-117.68,-23.56,-110.53
2026-07-27 14:43:00.429,-0.36,0.33,0.54,62.62,-5.8,-119.14
2026-07-27 14:43:00.430,-0.36,0.33,0.54,62.62,-5.8,-119.14
2026-07-27 14:43:00.430,-0.38,0.47,0.47,160.52,11.17,-135.19
2026-07-27 14:43:00.491,-0.38,0.47,0.47,160.52,11.17,-135.19
2026-07-27 14:43:00.491,-0.43,0.48,0.49,173.28,-9.64,-199.28
2026-07-27 14:43:00.548,-0.43,0.48,0.49,173.28,-9.64,-199.28
2026-07-27 14:43:00.549,-0.52,0.4,0.54,111.63,-10.38,-246.03
2026-07-27 14:43:00.549,-0.52,0.4,0.54,-13.24,75.2,-175.6
2026-07-27 14:43:00.610,-0.61,0.33,0.62,-13.24,75.2,-175.6
2026-07-27 14:43:00.613,-0.73,0.27,0.67,-103.03,166.38,-74.22
2026-07-27 14:43:00.613,-0.73,0.27,0.67,-103.03,166.38,-74.22
2026-07-27 14:43:00.668,-0.86,0.22,0.7,-107.97,178.71,-46.39
2026-07-27 14:43:00.669,-0.86,0.22,0.7,-107.97,178.71,-46.39
2026-07-27 14:43:00.729,-0.9,0.27,0.75,-47.79,122.62,-75.13
2026-07-27 14:43:00.729,-0.87,0.38,0.86,14.47,53.34,-96.74
2026-07-27 14:43:00.730,-0.87,0.38,0.86,14.47,53.34,-96.74
2026-07-27 14:43:00.788,-0.86,0.4,0.95,28.93,1.95,-81.54
2026-07-27 14:43:00.788,-0.86,0.4,0.95,28.93,1.95,-81.54
2026-07-27 14:43:00.848,-0.84,0.31,0.96,5.8,-42.91,-55.66
2026-07-27 14:43:00.909,-0.84,0.31,0.96,5.8,-42.91,-55.66
2026-07-27 14:43:00.909,-0.79,0.2,0.94,-20.69,-94.18,-42.66
2026-07-27 14:43:00.910,-0.79,0.2,0.94,-20.69,-94.18,-42.66
2026-07-27 14:43:00.910,-0.71,0.1,0.9,-34.18,-138.37,-30.82
2026-07-27 14:43:00.910,-0.65,-0.03,0.86,-40.16,-155.46,-11.23
2026-07-27 14:43:00.968,-0.65,-0.03,0.86,-40.16,-155.46,-11.23
2026-07-27 14:43:00.968,-0.57,-0.17,0.81,-40.65,-151.18,0.18
2026-07-27 14:43:01.028,-0.57,-0.17,0.81,-40.65,-151.18,0.18
2026-07-27 14:43:01.029,-0.47,-0.24,0.72,-29.91,-136.96,-4.46
2026-07-27 14:43:01.030,-0.47,-0.24,0.72,-29.91,-136.96,-4.46
2026-07-27 14:43:01.089,-0.4,-0.24,0.64,-8.24,-110.29,-12.21
2026-07-27 14:43:01.089,-0.37,-0.19,0.59,15.69,-69.95,-12.7
2026-07-27 14:43:01.090,-0.37,-0.19,0.59,15.69,-69.95,-12.7
2026-07-27 14:43:01.148,-0.38,-0.14,0.57,28.14,-22.89,-2.93
2026-07-27 14:43:01.149,-0.38,-0.14,0.57,28.14,-22.89,-2.93
2026-07-27 14:43:01.209,-0.43,-0.12,0.57,19.65,22.89,14.65
2026-07-27 14:43:01.210,-0.43,-0.12,0.57,19.65,22.89,14.65
2026-07-27 14:43:01.210,-0.48,-0.15,0.57,3.97,56.27,25.88
2026-07-27 14:43:01.268,-0.48,-0.15,0.57,3.97,56.27,25.88
2026-07-27 14:43:01.269,-0.52,-0.16,0.57,5.49,73.12,20.32
2026-07-27 14:43:01.329,-0.58,-0.14,0.6,32.23,82.09,6.29
2026-07-27 14:43:01.330,-0.58,-0.14,0.6,32.23,82.09,6.29
2026-07-27 14:43:01.330,-0.64,-0.01,0.71,99.55,73.12,-1.77
2026-07-27 14:43:01.396,-0.64,-0.01,0.71,99.55,73.12,-1.77
2026-07-27 14:43:01.397,-0.66,0.25,0.83,194.34,37.17,-4.82
2026-07-27 14:43:01.399,-0.66,0.25,0.83,194.34,37.17,-4.82
2026-07-27 14:43:01.449,-0.59,0.55,0.9,251.22,-15.81,-5.92
2026-07-27 14:43:01.449,-0.59,0.55,0.9,241.76,-84.29,25.09
2026-07-27 14:43:01.450,-0.39,0.83,0.95,241.76,-84.29,25.09
2026-07-27 14:43:01.512,-0.06,1.06,0.96,191.96,-144.17,94.54
2026-07-27 14:43:01.512,-0.06,1.06,0.96,191.96,-144.17,94.54
2026-07-27 14:43:01.568,0.16,1.15,0.95,98.75,-122.38,114.87
2026-07-27 14:43:01.569,0.16,1.15,0.95,98.75,-122.38,114.87
2026-07-27 14:43:01.569,0.16,1.06,0.94,-6.1,-38.27,75.26
2026-07-27 14:43:01.633,0.16,1.06,0.94,-61.16,14.1,59.2
2026-07-27 14:43:01.634,0.06,0.93,0.95,-61.16,14.1,59.2
2026-07-27 14:43:01.688,-0.05,0.79,0.95,-73.06,17.15,79.9
2026-07-27 14:43:01.688,-0.05,0.79,0.95,-73.06,17.15,79.9
2026-07-27 14:43:01.689,-0.15,0.63,0.92,-70.98,-3.42,106.38
2026-07-27 14:43:01.748,-0.15,0.63,0.92,-70.98,-3.42,106.38
2026-07-27 14:43:01.749,-0.21,0.47,0.86,-70.62,-26.06,114.56
2026-07-27 14:43:01.749,-0.21,0.47,0.86,-70.62,-26.06,114.56
2026-07-27 14:43:01.808,-0.23,0.33,0.77,-68.97,-40.95,98.45
2026-07-27 14:43:01.809,-0.23,0.24,0.68,-57.92,-45.17,63.05
2026-07-27 14:43:01.868,-0.23,0.24,0.68,-57.92,-45.17,63.05
2026-07-27 14:43:01.868,-0.22,0.21,0.62,-35.64,-42.97,20.26
2026-07-27 14:43:01.869,-0.22,0.21,0.62,-35.64,-42.97,20.26
2026-07-27 14:43:01.931,-0.18,0.24,0.6,-11.47,-29.85,-15.26
2026-07-27 14:43:01.931,-0.18,0.24,0.6,-11.47,-29.85,-15.26
2026-07-27 14:43:01.932,-0.16,0.3,0.57,6.04,24.9,-39.18
2026-07-27 14:43:01.991,-0.16,0.3,0.57,1.04,151.0,-55.66
2026-07-27 14:43:01.991,-0.28,0.38,0.46,1.04,151.0,-55.66
2026-07-27 14:43:02.063,-0.46,0.4,0.37,-56.03,269.71,-64.88
2026-07-27 14:43:02.064,-0.46,0.4,0.37,-56.03,269.71,-64.88
2026-07-27 14:43:02.064,-0.55,0.35,0.47,-123.6,262.45,-50.29
2026-07-27 14:43:02.111,-0.55,0.35,0.47,-125.67,175.84,-14.83
2026-07-27 14:43:02.111,-0.6,0.26,0.64,-125.67,175.84,-14.83
2026-07-27 14:43:02.174,-0.67,0.18,0.77,-73.18,117.31,8.79
2026-07-27 14:43:02.174,-0.67,0.18,0.77,-73.18,117.31,8.79
2026-07-27 14:43:02.175,-0.73,0.13,0.84,-17.15,97.78,9.89
2026-07-27 14:43:02.236,-0.73,0.13,0.84,-17.15,97.78,9.89
2026-07-27 14:43:02.236,-0.74,0.18,0.9,35.34,73.36,-2.26
2026-07-27 14:43:02.237,-0.74,0.18,0.9,35.34,73.36,-2.26
2026-07-27 14:43:02.296,-0.69,0.37,1.0,94.97,13.49,-24.05
2026-07-27 14:43:02.297,-0.55,0.63,1.11,127.62,-62.13,-32.84
2026-07-27 14:43:02.350,-0.55,0.63,1.11,127.62,-62.13,-32.84
2026-07-27 14:43:02.350,-0.39,0.77,1.15,92.96,-88.68,0.85
2026-07-27 14:43:02.351,-0.39,0.77,1.15,92.96,-88.68,0.85
2026-07-27 14:43:02.408,-0.38,0.65,1.15,4.76,-35.4,42.05
2026-07-27 14:43:02.410,-0.38,0.65,1.15,4.76,-35.4,42.05
2026-07-27 14:43:02.468,-0.51,0.38,1.13,-87.04,34.24,37.35
2026-07-27 14:43:02.468,-0.51,0.38,1.13,-87.04,34.24,37.35
2026-07-27 14:43:02.468,-0.59,0.18,1.04,-125.55,34.97,-5.98
2026-07-27 14:43:02.533,-0.58,0.09,0.92,-108.03,-28.5,-43.7
2026-07-27 14:43:02.533,-0.58,0.09,0.92,-108.03,-28.5,-43.7
2026-07-27 14:43:02.587,-0.54,0.03,0.82,-83.37,-89.78,-51.33
2026-07-27 14:43:02.588,-0.54,0.03,0.82,-83.37,-89.78,-51.33
2026-07-27 14:43:02.588,-0.51,-0.02,0.73,-68.3,-118.41,-34.3
2026-07-27 14:43:02.655,-0.51,-0.02,0.73,-68.3,-118.41,-34.3
2026-07-27 14:43:02.655,-0.49,-0.07,0.67,-62.07,-104.74,-21.0
2026-07-27 14:43:02.656,-0.53,-0.16,0.58,-76.78,-19.47,-43.64
2026-07-27 14:43:02.708,-0.53,-0.16,0.58,-76.78,-19.47,-43.64
2026-07-27 14:43:02.709,-0.59,-0.22,0.45,-89.05,94.85,-101.2
2026-07-27 14:43:02.709,-0.59,-0.22,0.45,-89.05,94.85,-101.2
2026-07-27 14:43:02.768,-0.6,-0.17,0.34,-54.08,125.92,-127.93
2026-07-27 14:43:02.769,-0.6,-0.17,0.34,-54.08,125.92,-127.93
2026-07-27 14:43:02.830,-0.58,-0.1,0.35,12.82,71.78,-96.01
2026-07-27 14:43:02.831,-0.58,-0.1,0.35,52.61,22.89,-52.8
2026-07-27 14:43:02.831,-0.59,-0.08,0.41,52.61,22.89,-52.8
2026-07-27 14:43:02.888,-0.63,-0.08,0.47,49.01,25.33,-16.91
2026-07-27 14:43:02.889,-0.63,-0.08,0.47,49.01,25.33,-16.91
2026-07-27 14:43:02.954,-0.7,-0.06,0.51,31.01,58.23,8.06
2026-07-27 14:43:02.955,-0.7,-0.06,0.51,31.01,58.23,8.06
2026-07-27 14:43:02.955,-0.77,-0.04,0.56,21.91,89.11,20.87
2026-07-27 14:43:03.011,-0.77,-0.04,0.56,21.91,89.11,20.87
2026-07-27 14:43:03.011,-0.85,-0.0,0.63,28.2,107.73,28.99
2026-07-27 14:43:03.013,-0.91,0.04,0.72,43.82,111.27,35.4
2026-07-27 14:43:03.071,-0.91,0.04,0.72,43.82,111.27,35.4
2026-07-27 14:43:03.071,-0.93,0.08,0.81,52.19,99.37,36.32
2026-07-27 14:43:03.130,-0.93,0.08,0.81,52.19,99.37,36.32
2026-07-27 14:43:03.131,-0.93,0.1,0.91,36.25,79.9,30.27
2026-07-27 14:43:03.131,-0.93,0.1,0.91,36.25,79.9,30.27
2026-07-27 14:43:03.188,-0.91,0.07,1.04,-8.91,61.46,25.15
2026-07-27 14:43:03.188,-0.89,-0.07,1.1,-61.77,40.22,28.44
2026-07-27 14:43:03.189,-0.89,-0.07,1.1,-61.77,40.22,28.44
2026-07-27 14:43:03.249,-0.89,-0.25,1.08,-73.91,9.16,38.94
2026-07-27 14:43:03.250,-0.89,-0.25,1.08,-73.91,9.16,38.94
2026-07-27 14:43:03.309,-0.9,-0.3,0.99,-49.44,-32.47,36.93
2026-07-27 14:43:03.310,-0.9,-0.3,0.99,-49.44,-32.47,36.93
2026-07-27 14:43:03.310,-0.87,-0.24,0.81,-35.95,-74.65,9.03
2026-07-27 14:43:03.375,-0.87,-0.24,0.81,-35.95,-74.65,9.03
2026-07-27 14:43:03.376,-0.82,-0.16,0.63,-28.44,-100.22,-22.09
2026-07-27 14:43:03.430,-0.76,-0.12,0.5,-8.67,-102.29,-34.61
2026-07-27 14:43:03.430,-0.76,-0.12,0.5,-8.67,-102.29,-34.61
2026-07-27 14:43:03.431,-0.7,-0.1,0.42,12.63,-88.2,-34.06
2026-07-27 14:43:03.495,-0.7,-0.1,0.42,12.63,-88.2,-34.06
2026-07-27 14:43:03.496,-0.66,-0.09,0.37,27.04,-67.44,-31.92
2026-07-27 14:43:03.497,-0.66,-0.09,0.37,27.04,-67.44,-31.92
2026-07-27 14:43:03.548,-0.64,-0.05,0.35,34.12,-45.23,-30.58
2026-07-27 14:43:03.549,-0.64,-0.05,0.35,31.98,-23.32,-27.34
2026-07-27 14:43:03.549,-0.64,-0.01,0.35,31.98,-23.32,-27.34
2026-07-27 14:43:03.608,-0.66,-0.0,0.37,22.52,-3.11,-20.57
2026-07-27 14:43:03.609,-0.66,-0.0,0.37,22.52,-3.11,-20.57
2026-07-27 14:43:03.670,-0.68,-0.02,0.38,11.17,14.47,-12.08
2026-07-27 14:43:03.670,-0.68,-0.02,0.38,11.17,14.47,-12.08
2026-07-27 14:43:03.671,-0.71,-0.05,0.4,4.09,30.7,-6.71
2026-07-27 14:43:03.730,-0.71,-0.05,0.4,4.09,30.7,-6.71
2026-07-27 14:43:03.731,-0.74,-0.06,0.42,6.35,47.61,-5.86
2026-07-27 14:43:03.731,-0.74,-0.06,0.42,16.72,65.25,-7.45
2026-07-27 14:43:03.788,-0.78,-0.05,0.49,16.72,65.25,-7.45
2026-07-27 14:43:03.789,-0.83,0.0,0.6,24.72,80.81,-9.16
2026-07-27 14:43:03.848,-0.83,0.0,0.6,24.72,80.81,-9.16
2026-07-27 14:43:03.848,-0.88,0.05,0.74,19.04,90.27,-9.09
2026-07-27 14:43:03.849,-0.88,0.05,0.74,19.04,90.27,-9.09
2026-07-27 14:43:03.908,-0.9,0.07,0.88,4.76,88.81,-5.92
2026-07-27 14:43:03.908,-0.9,0.07,0.88,4.76,88.81,-5.92
2026-07-27 14:43:03.909,-0.92,0.09,0.97,-5.55,71.59,0.06
2026-07-27 14:43:03.968,-0.92,0.08,1.02,-15.62,39.79,7.08
2026-07-27 14:43:03.969,-0.92,0.08,1.02,-15.62,39.79,7.08
2026-07-27 14:43:04.034,-0.92,0.06,1.03,-32.29,1.59,13.18
2026-07-27 14:43:04.035,-0.92,0.06,1.03,-32.29,1.59,13.18
2026-07-27 14:43:04.035,-0.89,0.09,1.0,-50.48,-35.89,15.87
2026-07-27 14:43:04.111,-0.89,0.09,1.0,-50.48,-35.89,15.87
2026-07-27 14:43:04.111,-0.86,0.1,0.91,-66.16,-68.42,20.26
2026-07-27 14:43:04.148,-0.83,-0.05,0.76,-78.43,-91.8,31.56
2026-07-27 14:43:04.149,-0.83,-0.05,0.76,-78.43,-91.8,31.56
2026-07-27 14:43:04.150,-0.8,-0.26,0.59,-77.03,-102.72,41.63
2026-07-27 14:43:04.208,-0.8,-0.26,0.59,-77.03,-102.72,41.63
2026-07-27 14:43:04.209,-0.75,-0.38,0.47,-54.26,-99.79,38.45
2026-07-27 14:43:04.209,-0.75,-0.38,0.47,-54.26,-99.79,38.45
2026-07-27 14:43:04.269,-0.71,-0.37,0.41,-18.49,-85.39,20.32
2026-07-27 14:43:04.270,-0.68,-0.28,0.38,15.44,-66.28,-3.23
2026-07-27 14:43:04.333,-0.68,-0.28,0.38,15.44,-66.28,-3.23
2026-07-27 14:43:04.334,-0.66,-0.19,0.36,37.6,-47.91,-20.39
2026-07-27 14:43:04.334,-0.66,-0.19,0.36,37.6,-47.91,-20.39
2026-07-27 14:43:04.388,-0.63,-0.13,0.35,47.61,-32.23,-27.22
2026-07-27 14:43:04.388,-0.63,-0.13,0.35,47.61,-32.23,-27.22
2026-07-27 14:43:04.448,-0.6,-0.06,0.34,50.29,-18.86,-27.34
2026-07-27 14:43:04.449,-0.6,-0.06,0.34,50.78,-4.88,-19.84
2026-07-27 14:43:04.449,-0.57,0.03,0.37,50.78,-4.88,-19.84
2026-07-27 14:43:04.510,-0.58,0.11,0.46,45.53,16.42,-2.01
2026-07-27 14:43:04.510,-0.58,0.11,0.46,45.53,16.42,-2.01
2026-07-27 14:43:04.511,-0.64,0.19,0.62,26.31,39.49,16.97
2026-07-27 14:43:04.569,-0.64,0.19,0.62,26.31,39.49,16.97
2026-07-27 14:43:04.570,-0.7,0.21,0.82,-8.12,46.26,23.62
2026-07-27 14:43:04.570,-0.7,0.21,0.82,-8.12,46.26,23.62
2026-07-27 14:43:04.637,-0.72,0.14,1.01,-49.99,49.26,24.35
2026-07-27 14:43:04.637,-0.72,0.14,1.01,-73.3,59.51,30.76
2026-07-27 14:43:04.688,-0.74,0.01,1.17,-73.3,59.51,30.76
2026-07-27 14:43:04.689,-0.75,-0.08,1.27,-57.07,54.02,36.38
2026-07-27 14:43:04.704,-0.75,-0.08,1.27,-57.07,54.02,36.38
2026-07-27 14:43:04.750,-0.73,-0.06,1.24,-29.17,20.81,28.32
2026-07-27 14:43:04.750,-0.73,-0.06,1.24,-29.17,20.81,28.32
2026-07-27 14:43:04.808,-0.7,-0.02,1.09,-22.89,-23.13,9.16
2026-07-27 14:43:04.808,-0.7,-0.02,1.09,-22.89,-23.13,9.16
2026-07-27 14:43:04.809,-0.67,-0.04,0.93,-29.3,-55.6,-2.2
2026-07-27 14:43:04.869,-0.66,-0.11,0.79,-32.35,-71.72,-1.28
2026-07-27 14:43:04.869,-0.66,-0.11,0.79,-32.35,-71.72,-1.28
2026-07-27 14:43:04.869,-0.64,-0.17,0.66,-31.19,-76.35,-0.12
2026-07-27 14:43:04.937,-0.64,-0.17,0.66,-31.19,-76.35,-0.12
2026-07-27 14:43:04.937,-0.6,-0.19,0.55,-24.41,-73.43,-4.88
2026-07-27 14:43:04.938,-0.6,-0.19,0.55,-24.41,-73.43,-4.88
2026-07-27 14:43:04.988,-0.56,-0.18,0.46,-8.85,-63.35,-11.05
2026-07-27 14:43:04.989,-0.56,-0.18,0.46,-8.85,-63.35,-11.05
2026-07-27 14:43:05.048,-0.53,-0.15,0.43,10.8,-44.98,-13.61
2026-07-27 14:43:05.048,-0.54,-0.13,0.46,20.69,-19.78,-13.06
2026-07-27 14:43:05.049,-0.54,-0.13,0.46,20.69,-19.78,-13.06
2026-07-27 14:43:05.108,-0.56,-0.13,0.52,18.31,5.68,-12.76
2026-07-27 14:43:05.109,-0.56,-0.13,0.52,18.31,5.68,-12.76
2026-07-27 14:43:05.233,-0.57,-0.09,0.58,16.78,23.56,-14.28
2026-07-27 14:43:05.233,-0.57,-0.09,0.58,16.78,23.56,-14.28
2026-07-27 14:43:05.234,-0.58,-0.05,0.62,16.66,34.24,-15.08
2026-07-27 14:43:05.234,-0.58,-0.05,0.62,16.66,34.24,-15.08
2026-07-27 14:43:05.237,-0.59,-0.02,0.65,14.1,43.58,-13.24
2026-07-27 14:43:05.238,-0.6,-0.01,0.7,15.56,53.96,-9.46
2026-07-27 14:43:05.288,-0.6,-0.01,0.7,15.56,53.96,-9.46
2026-07-27 14:43:05.289,-0.64,0.01,0.77,25.63,63.05,-5.0
2026-07-27 14:43:05.289,-0.64,0.01,0.77,25.63,63.05,-5.0
2026-07-27 14:43:05.349,-0.68,0.04,0.85,41.26,67.02,-1.16
2026-07-27 14:43:05.350,-0.68,0.04,0.85,41.26,67.02,-1.16
2026-07-27 14:43:05.408,-0.72,0.11,0.96,54.81,62.74,2.32
2026-07-27 14:43:05.409,-0.72,0.11,0.96,51.94,48.46,5.74
2026-07-27 14:43:05.409,-0.74,0.19,1.09,51.94,48.46,5.74
2026-07-27 14:43:05.477,-0.74,0.2,1.19,26.49,27.71,10.13
2026-07-27 14:43:05.478,-0.74,0.2,1.19,26.49,27.71,10.13
2026-07-27 14:43:05.529,-0.74,0.13,1.18,-9.28,2.99,15.56
2026-07-27 14:43:05.536,-0.74,0.13,1.18,-9.28,2.99,15.56
2026-07-27 14:43:05.536,-0.73,0.0,1.09,-39.86,-25.63,18.31
2026-07-27 14:43:05.591,-0.73,0.0,1.09,-39.86,-25.63,18.31
2026-07-27 14:43:05.594,-0.71,-0.09,0.95,-55.79,-53.22,15.2
2026-07-27 14:43:05.594,-0.71,-0.09,0.95,-56.64,-73.36,5.8
2026-07-27 14:43:05.649,-0.68,-0.14,0.8,-56.64,-73.36,5.8
2026-07-27 14:43:05.650,-0.63,-0.17,0.67,-47.18,-82.34,-6.1
2026-07-27 14:43:05.650,-0.63,-0.17,0.67,-47.18,-82.34,-6.1
2026-07-27 14:43:05.708,-0.57,-0.16,0.58,-30.64,-79.35,-15.69
2026-07-27 14:43:05.708,-0.57,-0.16,0.58,-30.64,-79.35,-15.69
2026-07-27 14:43:05.770,-0.52,-0.14,0.51,-11.47,-65.55,-20.26
2026-07-27 14:43:05.771,-0.52,-0.14,0.51,-11.47,-65.55,-20.26
2026-07-27 14:43:05.771,-0.49,-0.1,0.45,9.03,-44.37,-20.2
2026-07-27 14:43:05.830,-0.49,-0.06,0.4,37.48,-20.94,-16.66
2026-07-27 14:43:05.831,-0.49,-0.06,0.4,37.48,-20.94,-16.66
2026-07-27 14:43:05.889,-0.51,-0.02,0.39,73.3,2.44,-11.96
2026-07-27 14:43:05.889,-0.51,-0.02,0.39,73.3,2.44,-11.96
2026-07-27 14:43:05.890,-0.56,0.05,0.41,103.39,27.22,-9.03
2026-07-27 14:43:05.948,-0.56,0.05,0.41,103.39,27.22,-9.03
2026-07-27 14:43:05.949,-0.63,0.13,0.46,115.3,53.34,-7.87
2026-07-27 14:43:05.952,-0.63,0.13,0.46,115.3,53.34,-7.87
2026-07-27 14:43:06.013,-0.71,0.18,0.54,93.93,75.01,-9.4
2026-07-27 14:43:06.013,-0.78,0.14,0.64,24.6,89.23,-15.81
2026-07-27 14:43:06.069,-0.78,0.14,0.64,24.6,89.23,-15.81
2026-07-27 14:43:06.069,-0.84,0.06,0.74,-46.63,99.12,-21.42
2026-07-27 14:43:06.069,-0.84,0.06,0.74,-46.63,99.12,-21.42
2026-07-27 14:43:06.131,-0.86,0.06,0.85,-48.52,98.88,-19.71
2026-07-27 14:43:06.132,-0.86,0.06,0.85,-2.01,83.19,-15.93
2026-07-27 14:43:06.188,-0.84,0.13,0.95,-2.01,83.19,-15.93
2026-07-27 14:43:06.188,-0.81,0.24,1.03,28.08,58.96,-14.95
2026-07-27 14:43:06.189,-0.81,0.24,1.03,28.08,58.96,-14.95
2026-07-27 14:43:06.247,-0.77,0.33,1.04,28.87,32.23,-13.98
2026-07-27 14:43:06.248,-0.77,0.33,1.04,28.87,32.23,-13.98
2026-07-27 14:43:06.248,-0.75,0.35,0.99,18.8,7.51,-7.45
2026-07-27 14:43:06.311,-0.75,0.35,0.99,18.8,7.51,-7.45
2026-07-27 14:43:06.312,-0.74,0.3,0.94,5.55,-12.08,4.39
2026-07-27 14:43:06.368,-0.75,0.2,0.9,-5.25,-26.55,16.24
2026-07-27 14:43:06.369,-0.75,0.2,0.9,-5.25,-26.55,16.24
2026-07-27 14:43:06.369,-0.77,0.12,0.85,-8.3,-38.45,25.09
2026-07-27 14:43:06.429,-0.77,0.12,0.85,-8.3,-38.45,25.09
2026-07-27 14:43:06.430,-0.79,0.04,0.77,-12.08,-50.48,28.08
2026-07-27 14:43:06.430,-0.79,0.04,0.77,-12.08,-50.48,28.08
2026-07-27 14:43:06.488,-0.78,-0.03,0.66,-22.71,-60.79,23.5
2026-07-27 14:43:06.489,-0.78,-0.03,0.66,-22.71,-60.79,23.5
2026-07-27 14:43:06.549,-0.75,-0.09,0.54,-31.49,-64.33,12.88
2026-07-27 14:43:06.549,-0.71,-0.11,0.45,-27.89,-59.88,0.18
2026-07-27 14:43:06.551,-0.71,-0.11,0.45,-27.89,-59.88,0.18
2026-07-27 14:43:06.609,-0.67,-0.1,0.41,-13.55,-49.62,-10.56
2026-07-27 14:43:06.612,-0.67,-0.1,0.41,-13.55,-49.62,-10.56
2026-07-27 14:43:06.613,-0.64,-0.07,0.39,3.3,-35.03,-18.13
2026-07-27 14:43:06.668,-0.64,-0.07,0.39,3.3,-35.03,-18.13
2026-07-27 14:43:06.669,-0.63,-0.02,0.4,18.25,-16.91,-22.95
2026-07-27 14:43:06.669,-0.63,-0.02,0.4,18.25,-16.91,-22.95
2026-07-27 14:43:06.732,-0.64,0.03,0.42,30.64,3.36,-25.27
2026-07-27 14:43:06.732,-0.66,0.08,0.45,41.38,22.71,-26.18
2026-07-27 14:43:06.789,-0.66,0.08,0.45,41.38,22.71,-26.18
2026-07-27 14:43:06.789,-0.7,0.11,0.49,51.76,38.82,-27.34
2026-07-27 14:43:06.789,-0.7,0.11,0.49,51.76,38.82,-27.34
2026-07-27 14:43:06.858,-0.75,0.15,0.54,64.51,51.64,-29.05
2026-07-27 14:43:06.858,-0.75,0.15,0.54,64.51,51.64,-29.05
2026-07-27 14:43:06.908,-0.79,0.22,0.6,83.5,60.97,-29.91
2026-07-27 14:43:06.910,-0.81,0.33,0.65,108.52,67.08,-27.77
2026-07-27 14:43:06.910,-0.81,0.33,0.65,108.52,67.08,-27.77
2026-07-27 14:43:06.968,-0.81,0.45,0.7,128.48,74.16,-19.71
2026-07-27 14:43:06.969,-0.81,0.45,0.7,128.48,74.16,-19.71
2026-07-27 14:43:06.970,-0.82,0.58,0.75,129.76,80.87,-3.78
2026-07-27 14:43:07.029,-0.82,0.58,0.75,129.76,80.87,-3.78
2026-07-27 14:43:07.033,-0.82,0.72,0.75,110.84,77.7,18.62
2026-07-27 14:43:07.088,-0.82,0.72,0.75,70.43,37.84,42.72
2026-07-27 14:43:07.088,-0.8,0.8,0.73,70.43,37.84,42.72
2026-07-27 14:43:07.089,-0.74,0.77,0.77,15.01,-35.83,64.27
2026-07-27 14:43:07.149,-0.74,0.77,0.77,15.01,-35.83,64.27
2026-07-27 14:43:07.149,-0.7,0.68,0.81,-41.75,-84.84,78.49
2026-07-27 14:43:07.149,-0.7,0.68,0.81,-41.75,-84.84,78.49
2026-07-27 14:43:07.210,-0.69,0.56,0.8,-89.97,-84.23,83.25
2026-07-27 14:43:07.210,-0.69,0.56,0.8,-89.97,-84.23,83.25
2026-07-27 14:43:07.272,-0.7,0.42,0.74,-115.48,-66.65,81.24
2026-07-27 14:43:07.272,-0.69,0.3,0.63,-113.34,-57.62,73.79
2026-07-27 14:43:07.272,-0.69,0.3,0.63,-113.34,-57.62,73.79
2026-07-27 14:43:07.334,-0.65,0.24,0.53,-91.74,-52.55,61.95
2026-07-27 14:43:07.334,-0.65,0.24,0.53,-91.74,-52.55,61.95
2026-07-27 14:43:07.388,-0.61,0.21,0.46,-58.84,-45.72,47.67
2026-07-27 14:43:07.389,-0.61,0.21,0.46,-58.84,-45.72,47.67
2026-07-27 14:43:07.389,-0.58,0.22,0.42,-24.29,-37.66,30.03
2026-07-27 14:43:07.455,-0.55,0.24,0.4,-3.6,-20.32,5.74
2026-07-27 14:43:07.456,-0.55,0.24,0.4,-3.6,-20.32,5.74
2026-07-27 14:43:07.456,-0.55,0.27,0.36,0.92,7.51,-18.8
2026-07-27 14:43:07.587,-0.55,0.27,0.36,0.92,7.51,-18.8
2026-07-27 14:43:07.587,-0.57,0.29,0.36,-0.31,34.61,-32.1
2026-07-27 14:43:07.587,-0.57,0.29,0.36,-0.31,34.61,-32.1
2026-07-27 14:43:07.590,-0.61,0.31,0.37,-6.29,57.37,-34.3
2026-07-27 14:43:07.590,-0.61,0.31,0.37,-6.29,57.37,-34.3
2026-07-27 14:43:07.632,-0.66,0.33,0.41,-10.74,72.57,-30.09
2026-07-27 14:43:07.632,-0.71,0.37,0.49,-7.14,78.67,-23.07
2026-07-27 14:43:07.632,-0.71,0.37,0.49,-7.14,78.67,-23.07
2026-07-27 14:43:07.688,-0.76,0.41,0.62,-6.77,84.66,-16.24
2026-07-27 14:43:07.688,-0.76,0.41,0.62,-6.77,84.66,-16.24
2026-07-27 14:43:07.757,-0.81,0.44,0.78,-10.5,89.66,-9.46
2026-07-27 14:43:07.758,-0.81,0.44,0.78,-10.5,89.66,-9.46
2026-07-27 14:43:07.758,-0.83,0.45,0.9,-11.17,84.05,-4.82
2026-07-27 14:43:07.809,-0.83,0.45,0.9,-11.17,84.05,-4.82
2026-07-27 14:43:07.809,-0.8,0.45,0.92,-14.83,62.93,-4.39
2026-07-27 14:43:07.810,-0.74,0.44,0.91,-23.68,32.9,-4.58
2026-07-27 14:43:07.872,-0.74,0.44,0.91,-23.68,32.9,-4.58
2026-07-27 14:43:07.872,-0.71,0.41,0.92,-33.26,6.84,0.73
2026-07-27 14:43:07.874,-0.71,0.41,0.92,-33.26,6.84,0.73
2026-07-27 14:43:07.930,-0.73,0.35,0.95,-45.84,-11.84,12.02
2026-07-27 14:43:07.931,-0.73,0.35,0.95,-45.84,-11.84,12.02
2026-07-27 14:43:07.988,-0.78,0.26,0.93,-65.25,-28.02,23.44
2026-07-27 14:43:07.989,-0.78,0.26,0.93,-65.25,-28.02,23.44
2026-07-27 14:43:07.989,-0.83,0.13,0.84,-92.35,-45.59,17.46
2026-07-27 14:43:08.051,-0.82,-0.01,0.71,-110.23,-66.83,-4.03
2026-07-27 14:43:08.052,-0.82,-0.01,0.71,-110.23,-66.83,-4.03
2026-07-27 14:43:08.108,-0.78,-0.06,0.57,-96.31,-78.74,-15.87
2026-07-27 14:43:08.109,-0.78,-0.06,0.57,-96.31,-78.74,-15.87
2026-07-27 14:43:08.109,-0.71,-0.06,0.46,-59.02,-75.32,-19.04
2026-07-27 14:43:08.168,-0.65,-0.01,0.41,-18.37,-65.92,-21.48
2026-07-27 14:43:08.168,-0.65,-0.01,0.41,-18.37,-65.92,-21.48
2026-07-27 14:43:08.229,-0.59,0.08,0.38,14.28,-51.39,-21.48
2026-07-27 14:43:08.230,-0.59,0.08,0.38,14.28,-51.39,-21.48
2026-07-27 14:43:08.230,-0.55,0.15,0.35,34.85,-33.14,-18.62
2026-07-27 14:43:08.289,-0.55,0.15,0.35,34.85,-33.14,-18.62
2026-07-27 14:43:08.290,-0.56,0.18,0.33,43.64,-12.02,-11.9
2026-07-27 14:43:08.290,-0.56,0.18,0.33,43.64,-12.02,-11.9
2026-07-27 14:43:08.348,-0.59,0.19,0.34,45.78,12.51,-2.93
2026-07-27 14:43:08.349,-0.64,0.21,0.38,48.52,37.23,4.88
2026-07-27 14:43:08.409,-0.64,0.21,0.38,48.52,37.23,4.88
2026-07-27 14:43:08.409,-0.71,0.23,0.45,51.15,56.95,8.24
2026-07-27 14:43:08.410,-0.71,0.23,0.45,51.15,56.95,8.24
2026-07-27 14:43:08.470,-0.78,0.24,0.54,51.7,69.27,7.14
2026-07-27 14:43:08.470,-0.78,0.24,0.54,51.7,69.27,7.14
2026-07-27 14:43:08.470,-0.84,0.22,0.63,54.44,75.32,4.21
2026-07-27 14:43:08.530,-0.84,0.22,0.63,60.18,74.95,-0.06
2026-07-27 14:43:08.530,-0.87,0.24,0.74,60.18,74.95,-0.06
2026-07-27 14:43:08.588,-0.84,0.32,0.87,56.52,69.03,-5.19
2026-07-27 14:43:08.589,-0.84,0.32,0.87,56.52,69.03,-5.19
2026-07-27 14:43:08.590,-0.79,0.43,1.0,40.22,58.35,-5.86
2026-07-27 14:43:08.649,-0.79,0.43,1.0,40.22,58.35,-5.86
2026-07-27 14:43:08.650,-0.74,0.49,1.07,18.43,39.98,-0.67
2026-07-27 14:43:08.650,-0.74,0.49,1.07,18.43,39.98,-0.67
2026-07-27 14:43:08.711,-0.73,0.45,1.05,-8.12,15.5,5.25
2026-07-27 14:43:08.711,-0.73,0.45,1.05,-32.53,-8.0,9.09
2026-07-27 14:43:08.828,-0.76,0.36,0.98,-32.53,-8.0,9.09
2026-07-27 14:43:08.829,-0.79,0.28,0.9,-45.72,-29.17,9.09
2026-07-27 14:43:08.830,-0.79,0.28,0.9,-45.72,-29.17,9.09
2026-07-27 14:43:08.830,-0.81,0.24,0.81,-48.16,-47.73,5.49
2026-07-27 14:43:08.830,-0.81,0.24,0.81,-48.16,-47.73,5.49
2026-07-27 14:43:08.830,-0.81,0.21,0.7,-49.32,-59.45,0.24
2026-07-27 14:43:08.894,-0.81,0.21,0.7,-49.32,-59.45,0.24
2026-07-27 14:43:08.894,-0.79,0.16,0.58,-51.45,-63.84,-6.71
2026-07-27 14:43:08.949,-0.79,0.16,0.58,-47.79,-63.72,-14.4
2026-07-27 14:43:08.950,-0.76,0.11,0.47,-47.79,-63.72,-14.4
2026-07-27 14:43:08.950,-0.71,0.08,0.39,-35.16,-58.35,-20.26
2026-07-27 14:43:09.010,-0.71,0.08,0.39,-35.16,-58.35,-20.26
2026-07-27 14:43:09.010,-0.66,0.08,0.34,-16.48,-47.61,-22.58
2026-07-27 14:43:09.011,-0.66,0.08,0.34,-16.48,-47.61,-22.58
2026-07-27 14:43:09.070,-0.63,0.11,0.33,4.09,-32.9,-21.48
2026-07-27 14:43:09.070,-0.63,0.11,0.33,4.09,-32.9,-21.48
2026-07-27 14:43:09.128,-0.62,0.16,0.35,21.85,-15.99,-17.94
2026-07-27 14:43:09.129,-0.63,0.2,0.39,31.37,1.59,-13.98
2026-07-27 14:43:09.129,-0.63,0.2,0.39,31.37,1.59,-13.98
2026-07-27 14:43:09.190,-0.66,0.22,0.44,32.35,18.68,-10.74
2026-07-27 14:43:09.191,-0.66,0.22,0.44,32.35,18.68,-10.74
2026-07-27 14:43:09.191,-0.69,0.23,0.5,30.15,33.51,-8.06
2026-07-27 14:43:09.254,-0.69,0.23,0.5,30.15,33.51,-8.06
2026-07-27 14:43:09.254,-0.73,0.24,0.57,31.01,44.62,-5.92
2026-07-27 14:43:09.255,-0.73,0.24,0.57,31.01,44.62,-5.92
2026-07-27 14:43:09.322,-0.75,0.27,0.66,38.02,50.66,-3.91
2026-07-27 14:43:09.325,-0.76,0.33,0.77,47.24,50.48,-1.65
2026-07-27 14:43:09.368,-0.76,0.33,0.77,47.24,50.48,-1.65
2026-07-27 14:43:09.368,-0.74,0.42,0.9,49.32,43.58,0.92
2026-07-27 14:43:09.369,-0.74,0.42,0.9,49.32,43.58,0.92
2026-07-27 14:43:09.428,-0.71,0.49,0.99,35.34,31.19,4.94
2026-07-27 14:43:09.428,-0.71,0.49,0.99,35.34,31.19,4.94
2026-07-27 14:43:09.489,-0.7,0.46,1.02,4.52,17.46,10.93
2026-07-27 14:43:09.489,-0.7,0.46,1.02,4.52,17.46,10.93
2026-07-27 14:43:09.489,-0.71,0.36,0.99,-31.01,3.6,16.24
2026-07-27 14:43:09.548,-0.73,0.25,0.94,-54.87,-10.86,17.82
2026-07-27 14:43:09.549,-0.73,0.25,0.94,-54.87,-10.86,17.82
2026-07-27 14:43:09.549,-0.74,0.18,0.89,-57.19,-26.67,17.27
2026-07-27 14:43:09.608,-0.74,0.18,0.89,-57.19,-26.67,17.27
2026-07-27 14:43:09.609,-0.74,0.13,0.84,-47.42,-43.88,16.97
2026-07-27 14:43:09.610,-0.74,0.13,0.84,-47.42,-43.88,16.97
2026-07-27 14:43:09.669,-0.74,0.09,0.74,-44.98,-56.34,15.44
2026-07-27 14:43:09.670,-0.74,0.09,0.74,-51.76,-59.81,10.93
2026-07-27 14:43:09.730,-0.73,0.04,0.61,-51.76,-59.81,10.93
2026-07-27 14:43:09.730,-0.7,0.01,0.46,-51.94,-59.69,4.58
2026-07-27 14:43:09.730,-0.7,0.01,0.46,-51.94,-59.69,4.58
2026-07-27 14:43:09.792,-0.66,0.01,0.39,-34.61,-64.82,-3.11
2026-07-27 14:43:09.792,-0.66,0.01,0.39,-34.61,-64.82,-3.11
2026-07-27 14:43:09.848,-0.6,0.05,0.38,-9.64,-66.41,-14.4
2026-07-27 14:43:09.849,-0.6,0.05,0.38,-9.64,-66.41,-14.4
2026-07-27 14:43:09.849,-0.57,0.1,0.4,8.91,-49.99,-25.88
2026-07-27 14:43:09.913,-0.56,0.14,0.46,19.59,-21.55,-33.08
2026-07-27 14:43:09.915,-0.56,0.14,0.46,19.59,-21.55,-33.08
2026-07-27 14:43:09.915,-0.56,0.19,0.54,29.3,8.85,-29.72
2026-07-27 14:43:09.970,-0.56,0.19,0.54,29.3,8.85,-29.72
2026-07-27 14:43:09.971,-0.59,0.24,0.63,36.74,35.83,-13.43
2026-07-27 14:43:10.031,-0.59,0.24,0.63,36.74,35.83,-13.43
2026-07-27 14:43:10.031,-0.61,0.25,0.73,33.57,44.49,-3.54
2026-07-27 14:43:10.032,-0.61,0.25,0.73,33.57,44.49,-3.54
2026-07-27 14:43:10.088,-0.6,0.26,0.86,29.79,34.48,-6.47
2026-07-27 14:43:10.088,-0.59,0.32,1.0,35.95,27.16,-5.62
2026-07-27 14:43:10.149,-0.59,0.32,1.0,35.95,27.16,-5.62
2026-07-27 14:43:10.149,-0.58,0.41,1.17,42.91,13.61,3.17
2026-07-27 14:43:10.150,-0.58,0.41,1.17,42.91,13.61,3.17
2026-07-27 14:43:10.210,-0.52,0.48,1.29,40.34,-41.81,8.24
2026-07-27 14:43:10.210,-0.52,0.48,1.29,40.34,-41.81,8.24
2026-07-27 14:43:10.211,-0.52,0.48,1.29,40.34,-41.81,8.24
2026-07-27 14:43:10.268,-0.52,0.48,1.29,40.34,-41.81,8.24
2026-07-27 14:43:10.270,-0.35,0.35,1.16,-27.83,-129.52,16.3
2026-07-27 14:43:10.270,-0.35,0.35,1.16,-52.06,-112.67,26.55
2026-07-27 14:43:10.339,-0.34,0.21,1.02,-52.06,-112.67,26.55
2026-07-27 14:43:10.341,-0.34,0.11,0.89,-49.32,-94.12,31.01
2026-07-27 14:43:10.341,-0.34,0.11,0.89,-49.32,-94.12,31.01
2026-07-27 14:43:10.388,-0.34,0.07,0.77,-37.41,-78.31,28.75
2026-07-27 14:43:10.389,-0.34,0.07,0.77,-37.41,-78.31,28.75
2026-07-27 14:43:10.448,-0.33,0.05,0.69,-23.19,-69.27,21.91
2026-07-27 14:43:10.449,-0.33,0.05,0.69,-23.19,-69.27,21.91
2026-07-27 14:43:10.450,-0.31,0.05,0.64,-8.24,-65.61,13.92
2026-07-27 14:43:10.509,-0.29,0.06,0.63,0.55,-52.92,7.08
2026-07-27 14:43:10.509,-0.29,0.06,0.63,0.55,-52.92,7.08
2026-07-27 14:43:10.568,-0.28,0.04,0.71,2.32,-29.85,-0.55
2026-07-27 14:43:10.568,-0.28,0.04,0.71,2.32,-29.85,-0.55
2026-07-27 14:43:10.569,-0.25,0.01,0.82,-1.77,-3.85,-5.55
2026-07-27 14:43:10.636,-0.25,0.01,0.82,-1.77,-3.85,-5.55
2026-07-27 14:43:10.636,-0.23,0.01,0.91,-7.26,22.4,-2.01
2026-07-27 14:43:10.637,-0.23,0.01,0.91,-7.26,22.4,-2.01
2026-07-27 14:43:10.688,-0.23,0.05,0.96,-6.29,38.02,1.1
2026-07-27 14:43:10.689,-0.23,0.05,0.96,-2.81,39.37,-7.2
2026-07-27 14:43:10.689,-0.21,0.11,0.97,-2.81,39.37,-7.2
2026-07-27 14:43:10.755,-0.18,0.2,1.01,-0.12,40.34,-19.84
2026-07-27 14:43:10.755,-0.18,0.2,1.01,-0.12,40.34,-19.84
2026-07-27 14:43:10.809,-0.16,0.29,1.1,-0.31,53.1,-23.99
2026-07-27 14:43:10.810,-0.16,0.29,1.1,-0.31,53.1,-23.99
2026-07-27 14:43:10.811,-0.19,0.32,1.19,-21.3,80.57,-16.85
2026-07-27 14:43:10.868,-0.19,0.32,1.19,-21.3,80.57,-16.85
2026-07-27 14:43:10.868,-0.25,0.29,1.22,-49.62,93.69,-7.14
2026-07-27 14:43:10.868,-0.25,0.29,1.22,-49.62,93.69,-7.14
2026-07-27 14:43:10.932,-0.31,0.24,1.14,-52.43,58.29,-0.85
2026-07-27 14:43:10.932,-0.38,0.09,1.03,-43.64,-6.65,-5.37
2026-07-27 14:43:10.989,-0.38,0.09,1.03,-43.64,-6.65,-5.37
2026-07-27 14:43:10.991,-0.35,0.05,1.0,-22.58,-69.82,-21.12
2026-07-27 14:43:10.991,-0.35,0.05,1.0,-22.58,-69.82,-21.12
2026-07-27 14:43:11.053,-0.25,0.1,0.99,-2.62,-104.31,-16.97
2026-07-27 14:43:11.055,-0.25,0.1,0.99,-2.62,-104.31,-16.97
2026-07-27 14:43:11.055,-0.24,0.01,0.93,-20.94,-88.68,15.99
2026-07-27 14:43:11.111,-0.24,0.01,0.93,-20.94,-88.68,15.99
2026-07-27 14:43:11.111,-0.24,0.01,0.93,-20.94,-88.68,15.99
2026-07-27 14:43:11.112,-0.24,0.01,0.93,-20.94,-88.68,15.99
2026-07-27 14:43:11.168,-0.29,-0.08,0.7,-18.19,-31.98,49.87
2026-07-27 14:43:11.168,-0.28,-0.03,0.66,31.19,-27.71,42.48
2026-07-27 14:43:11.230,-0.28,-0.03,0.66,31.19,-27.71,42.48
2026-07-27 14:43:11.232,-0.27,0.04,0.68,67.26,-16.6,32.29
2026-07-27 14:43:11.233,-0.27,0.04,0.68,67.26,-16.6,32.29
2026-07-27 14:43:11.288,-0.27,0.11,0.71,77.45,10.13,24.6
2026-07-27 14:43:11.288,-0.27,0.11,0.71,77.45,10.13,24.6
2026-07-27 14:43:11.289,-0.31,0.17,0.74,72.69,46.39,19.71
2026-07-27 14:43:11.349,-0.31,0.17,0.74,72.69,46.39,19.71
2026-07-27 14:43:11.350,-0.37,0.2,0.77,62.56,76.9,14.65
2026-07-27 14:43:11.411,-0.44,0.23,0.81,60.18,93.26,7.14
2026-07-27 14:43:11.412,-0.44,0.23,0.81,60.18,93.26,7.14
2026-07-27 14:43:11.412,-0.48,0.28,0.9,64.51,100.1,-7.87
2026-07-27 14:43:11.482,-0.48,0.28,0.9,64.51,100.1,-7.87
2026-07-27 14:43:11.483,-0.48,0.34,1.0,63.84,97.84,-27.47
2026-07-27 14:43:11.485,-0.48,0.34,1.0,63.84,97.84,-27.47
2026-07-27 14:43:11.530,-0.45,0.41,1.05,56.21,90.21,-37.66
2026-07-27 14:43:11.531,-0.45,0.41,1.05,46.57,83.98,-32.84
2026-07-27 14:43:11.588,-0.45,0.47,1.06,46.57,83.98,-32.84
2026-07-27 14:43:11.588,-0.47,0.52,1.05,34.91,70.56,-20.94
2026-07-27 14:43:11.589,-0.47,0.52,1.05,34.91,70.56,-20.94
2026-07-27 14:43:11.652,-0.49,0.51,1.03,11.78,43.15,-14.71
2026-07-27 14:43:11.652,-0.49,0.51,1.03,11.78,43.15,-14.71
2026-07-27 14:43:11.709,-0.5,0.44,1.0,-21.48,15.14,-14.16
2026-07-27 14:43:11.709,-0.5,0.44,1.0,-21.48,15.14,-14.16
2026-07-27 14:43:11.710,-0.54,0.35,0.94,-47.97,1.46,-7.02
2026-07-27 14:43:11.775,-0.6,0.25,0.87,-65.43,3.3,3.42
2026-07-27 14:43:11.777,-0.6,0.25,0.87,-65.43,3.3,3.42
2026-07-27 14:43:11.777,-0.65,0.16,0.78,-80.75,10.8,8.73
2026-07-27 14:43:11.831,-0.65,0.16,0.78,-80.75,10.8,8.73
2026-07-27 14:43:11.832,-0.69,0.1,0.71,-85.63,8.85,9.77
2026-07-27 14:43:11.832,-0.69,0.1,0.71,-85.63,8.85,9.77
2026-07-27 14:43:11.900,-0.72,0.05,0.64,-82.95,-0.67,-2.2
2026-07-27 14:43:11.901,-0.72,0.05,0.64,-82.95,-0.67,-2.2
2026-07-27 14:43:11.953,-0.75,0.0,0.58,-90.15,0.43,-40.22
2026-07-27 14:43:11.953,-0.7,-0.07,0.54,-106.45,5.98,-105.77
2026-07-27 14:43:11.953,-0.7,-0.07,0.54,-106.45,5.98,-105.77
2026-07-27 14:43:12.008,-0.57,-0.17,0.5,-116.88,6.84,-156.68
2026-07-27 14:43:12.008,-0.57,-0.17,0.5,-116.88,6.84,-156.68
2026-07-27 14:43:12.069,-0.54,-0.25,0.5,-113.34,20.14,-128.23
2026-07-27 14:43:12.070,-0.54,-0.25,0.5,-113.34,20.14,-128.23
2026-07-27 14:43:12.070,-0.64,-0.33,0.65,-86.06,54.75,-65.43
2026-07-27 14:43:12.128,-0.73,-0.45,0.98,-40.16,79.83,-54.75
2026-07-27 14:43:12.129,-0.73,-0.45,0.98,-40.16,79.83,-54.75
2026-07-27 14:43:12.192,-0.73,-0.53,1.2,-12.15,33.08,-75.81
2026-07-27 14:43:12.193,-0.73,-0.53,1.2,-12.15,33.08,-75.81
2026-07-27 14:43:12.193,-0.58,-0.6,1.12,-24.41,-82.46,-78.86
2026-07-27 14:43:12.248,-0.58,-0.6,1.12,-24.41,-82.46,-78.86
2026-07-27 14:43:12.249,-0.41,-0.63,0.89,-33.63,-166.99,-47.18
2026-07-27 14:43:12.249,-0.35,-0.53,0.75,15.38,-172.0,-3.36
2026-07-27 14:43:12.316,-0.35,-0.53,0.75,15.38,-172.0,-3.36
2026-07-27 14:43:12.317,-0.35,-0.36,0.69,96.74,-148.13,13.18
2026-07-27 14:43:12.369,-0.35,-0.36,0.69,96.74,-148.13,13.18
2026-07-27 14:43:12.371,-0.31,-0.21,0.6,154.48,-134.52,-0.12
2026-07-27 14:43:12.372,-0.31,-0.21,0.6,154.48,-134.52,-0.12
2026-07-27 14:43:12.433,-0.26,-0.09,0.52,169.49,-111.08,-13.67
2026-07-27 14:43:12.433,-0.26,-0.01,0.5,147.89,-65.06,-9.89
2026-07-27 14:43:12.434,-0.26,-0.01,0.5,147.89,-65.06,-9.89
2026-07-27 14:43:12.498,-0.3,0.01,0.53,98.33,-17.88,7.32
2026-07-27 14:43:12.499,-0.3,0.01,0.53,98.33,-17.88,7.32
2026-07-27 14:43:12.548,-0.34,-0.02,0.59,37.54,10.62,29.54
2026-07-27 14:43:12.549,-0.34,-0.02,0.59,37.54,10.62,29.54
2026-07-27 14:43:12.550,-0.37,-0.07,0.67,-9.34,20.2,48.77
2026-07-27 14:43:12.609,-0.37,-0.07,0.67,-22.64,37.72,58.65
2026-07-27 14:43:12.610,-0.39,-0.11,0.76,-22.64,37.72,58.65
2026-07-27 14:43:12.668,-0.43,-0.1,0.82,-6.77,77.94,57.5
2026-07-27 14:43:12.669,-0.43,-0.1,0.82,-6.77,77.94,57.5
2026-07-27 14:43:12.669,-0.48,-0.07,0.9,15.93,115.42,42.24
2026-07-27 14:43:12.729,-0.48,-0.07,0.9,15.93,115.42,42.24
2026-07-27 14:43:12.730,-0.51,-0.0,0.99,40.16,126.22,14.22
2026-07-27 14:43:12.730,-0.51,-0.0,0.99,40.16,126.22,14.22
2026-07-27 14:43:12.788,-0.53,0.1,1.05,70.13,114.26,-10.86
2026-07-27 14:43:12.789,-0.53,0.22,1.09,97.35,95.21,-21.67
2026-07-27 14:43:12.789,-0.53,0.22,1.09,97.35,95.21,-21.67
2026-07-27 14:43:12.850,-0.53,0.3,1.11,105.1,78.74,-21.42
2026-07-27 14:43:12.850,-0.53,0.3,1.11,105.1,78.74,-21.42
2026-07-27 14:43:12.920,-0.52,0.34,1.12,88.13,67.08,-13.98
2026-07-27 14:43:12.921,-0.52,0.34,1.12,88.13,67.08,-13.98
2026-07-27 14:43:12.922,-0.52,0.36,1.16,54.63,62.13,7.69
2026-07-27 14:43:12.980,-0.52,0.36,1.16,54.63,62.13,7.69
2026-07-27 14:43:12.982,-0.54,0.34,1.21,8.73,62.68,42.3
2026-07-27 14:43:13.029,-0.59,0.27,1.22,-48.16,65.49,71.59
2026-07-27 14:43:13.030,-0.59,0.27,1.22,-48.16,65.49,71.59
2026-07-27 14:43:13.030,-0.67,0.18,1.15,-96.07,63.17,82.76
2026-07-27 14:43:13.089,-0.67,0.18,1.15,-96.07,63.17,82.76
2026-07-27 14:43:13.090,-0.75,0.12,1.02,-112.61,41.5,73.55
2026-07-27 14:43:13.091,-0.75,0.12,1.02,-112.61,41.5,73.55
2026-07-27 14:43:13.148,-0.79,0.08,0.86,-102.11,-3.11,47.18
2026-07-27 14:43:13.149,-0.79,0.08,0.86,-102.11,-3.11,47.18
2026-07-27 14:43:13.150,-0.77,0.05,0.72,-77.76,-51.7,17.27
2026-07-27 14:43:13.208,-0.7,0.07,0.59,-44.07,-86.0,-1.04
2026-07-27 14:43:13.209,-0.7,0.07,0.59,-44.07,-86.0,-1.04
2026-07-27 14:43:13.271,-0.61,0.11,0.48,-9.83,-101.75,-7.51
2026-07-27 14:43:13.271,-0.61,0.11,0.48,-9.83,-101.75,-7.51
2026-07-27 14:43:13.271,-0.53,0.15,0.39,16.05,-98.88,-11.84
2026-07-27 14:43:13.337,-0.53,0.15,0.39,16.05,-98.88,-11.84
2026-07-27 14:43:13.339,-0.49,0.18,0.34,40.47,-85.51,-17.7
2026-07-27 14:43:13.339,-0.49,0.18,0.34,40.47,-85.51,-17.7
2026-07-27 14:43:13.404,-0.45,0.24,0.31,70.31,-72.57,-23.07
2026-07-27 14:43:13.404,-0.32,0.53,0.52,96.44,-66.83,-22.16
2026-07-27 14:43:13.450,-0.32,0.53,0.52,96.44,-66.83,-22.16
2026-07-27 14:43:13.450,-0.21,0.77,0.69,72.39,-66.28,7.26
2026-07-27 14:43:13.451,-0.21,0.77,0.69,72.39,-66.28,7.26
2026-07-27 14:43:13.510,-0.35,0.56,0.53,25.76,-54.14,60.91
2026-07-27 14:43:13.510,-0.35,0.56,0.53,25.76,-54.14,60.91
2026-07-27 14:43:13.510,-0.52,0.33,0.44,77.39,-37.72,81.97
2026-07-27 14:43:13.570,-0.53,0.39,0.54,174.62,-28.93,42.54
2026-07-27 14:43:13.570,-0.53,0.39,0.54,174.62,-28.93,42.54
2026-07-27 14:43:13.630,-0.47,0.57,0.6,190.43,-23.38,-22.03
2026-07-27 14:43:13.631,-0.47,0.57,0.6,190.43,-23.38,-22.03
2026-07-27 14:43:13.632,-0.47,0.71,0.63,143.86,-8.36,-80.32
2026-07-27 14:43:13.692,-0.47,0.71,0.63,143.86,-8.36,-80.32
2026-07-27 14:43:13.721,-0.51,0.81,0.64,95.46,26.0,-128.54
2026-07-27 14:43:13.753,-0.55,0.89,0.63,71.35,57.37,-163.21
2026-07-27 14:43:13.754,-0.55,0.89,0.63,71.35,57.37,-163.21
2026-07-27 14:43:13.754,-0.52,0.96,0.61,69.27,61.52,-171.57
2026-07-27 14:43:13.808,-0.52,0.96,0.61,69.27,61.52,-171.57
2026-07-27 14:43:13.808,-0.47,0.99,0.63,69.89,52.31,-145.81
2026-07-27 14:43:13.809,-0.47,0.99,0.63,69.89,52.31,-145.81
2026-07-27 14:43:13.868,-0.47,0.97,0.7,54.63,59.45,-98.33
2026-07-27 14:43:13.869,-0.47,0.97,0.7,20.45,76.66,-50.05
2026-07-27 14:43:13.929,-0.52,0.91,0.74,20.45,76.66,-50.05
2026-07-27 14:43:13.929,-0.6,0.81,0.74,-20.2,81.97,-14.04
2026-07-27 14:43:13.929,-0.6,0.81,0.74,-20.2,81.97,-14.04
2026-07-27 14:43:13.988,-0.69,0.72,0.72,-50.23,74.71,5.62
2026-07-27 14:43:13.988,-0.69,0.72,0.72,-50.23,74.71,5.62
2026-07-27 14:43:14.049,-0.75,0.67,0.73,-71.11,64.21,11.41
2026-07-27 14:43:14.053,-0.75,0.67,0.73,-71.11,64.21,11.41
2026-07-27 14:43:14.053,-0.8,0.64,0.74,-99.0,49.32,9.28
2026-07-27 14:43:14.111,-0.8,0.64,0.74,-99.0,49.32,9.28
2026-07-27 14:43:14.111,-0.8,0.64,0.74,-99.0,49.32,9.28
2026-07-27 14:43:14.112,-0.8,0.64,0.74,-99.0,49.32,9.28
2026-07-27 14:43:14.170,-0.92,0.43,0.59,-182.56,-39.73,-19.84
2026-07-27 14:43:14.172,-0.88,0.19,0.49,-208.37,-120.12,-44.49
2026-07-27 14:43:14.176,-0.88,0.19,0.49,-208.37,-120.12,-44.49
2026-07-27 14:43:14.229,-0.8,0.02,0.46,-173.65,-172.61,-42.05
2026-07-27 14:43:14.230,-0.8,0.02,0.46,-173.65,-172.61,-42.05
2026-07-27 14:43:14.291,-0.7,-0.0,0.48,-95.28,-174.56,-24.96
2026-07-27 14:43:14.291,-0.6,0.08,0.49,-25.39,-136.47,-11.78
2026-07-27 14:43:14.291,-0.6,0.08,0.49,-25.39,-136.47,-11.78
2026-07-27 14:43:14.348,-0.54,0.16,0.44,9.58,-83.8,1.95
2026-07-27 14:43:14.349,-0.54,0.16,0.44,9.58,-83.8,1.95
2026-07-27 14:43:14.420,-0.51,0.19,0.36,16.91,-47.42,11.05
2026-07-27 14:43:14.420,-0.51,0.19,0.36,16.91,-47.42,11.05
2026-07-27 14:43:14.421,-0.48,0.21,0.33,16.54,-29.85,8.42
2026-07-27 14:43:14.468,-0.48,0.21,0.33,16.54,-29.85,8.42
2026-07-27 14:43:14.469,-0.48,0.23,0.36,17.15,-8.91,-0.31
2026-07-27 14:43:14.469,-0.51,0.25,0.43,21.85,24.41,-6.16
2026-07-27 14:43:14.533,-0.51,0.25,0.43,21.85,24.41,-6.16
2026-07-27 14:43:14.533,-0.57,0.29,0.51,34.97,61.1,-8.48
2026-07-27 14:43:14.534,-0.57,0.29,0.51,34.97,61.1,-8.48
2026-07-27 14:43:14.589,-0.64,0.35,0.62,53.59,93.32,-9.34
2026-07-27 14:43:14.589,-0.64,0.35,0.62,53.59,93.32,-9.34
2026-07-27 14:43:14.652,-0.71,0.41,0.77,69.15,115.11,-8.06
2026-07-27 14:43:14.654,-0.71,0.41,0.77,69.15,115.11,-8.06
2026-07-27 14:43:14.654,-0.73,0.5,1.01,75.32,114.38,-3.54
2026-07-27 14:43:14.709,-0.66,0.56,1.24,66.22,76.6,8.0
2026-07-27 14:43:14.709,-0.66,0.56,1.24,66.22,76.6,8.0
2026-07-27 14:43:14.768,-0.57,0.54,1.34,33.51,22.16,26.79
2026-07-27 14:43:14.769,-0.57,0.54,1.34,33.51,22.16,26.79
2026-07-27 14:43:14.769,-0.51,0.48,1.35,-18.62,-10.68,43.46
2026-07-27 14:43:14.831,-0.51,0.48,1.35,-18.62,-10.68,43.46
2026-07-27 14:43:14.832,-0.48,0.43,1.29,-72.02,-22.03,51.45
2026-07-27 14:43:14.832,-0.48,0.43,1.29,-72.02,-22.03,51.45
2026-07-27 14:43:14.888,-0.49,0.37,1.23,-111.27,-29.42,53.71
2026-07-27 14:43:14.889,-0.56,0.26,1.18,-128.17,-41.44,52.73
2026-07-27 14:43:14.889,-0.56,0.26,1.18,-128.17,-41.44,52.73
2026-07-27 14:43:14.961,-0.64,0.14,1.06,-122.44,-61.22,42.66
2026-07-27 14:43:14.961,-0.64,0.14,1.06,-122.44,-61.22,42.66
2026-07-27 14:43:15.011,-0.66,0.07,0.84,-98.57,-81.73,16.48
2026-07-27 14:43:15.011,-0.66,0.07,0.84,-98.57,-81.73,16.48
2026-07-27 14:43:15.012,-0.61,0.1,0.64,-59.63,-94.12,-17.7
2026-07-27 14:43:15.068,-0.52,0.16,0.5,-14.89,-96.01,-41.5
2026-07-27 14:43:15.088,-0.52,0.16,0.5,-14.89,-96.01,-41.5
2026-07-27 14:43:15.131,-0.45,0.21,0.41,19.65,-85.82,-46.94
2026-07-27 14:43:15.133,-0.45,0.21,0.41,19.65,-85.82,-46.94
2026-07-27 14:43:15.134,-0.42,0.23,0.36,36.38,-63.78,-40.22
2026-07-27 14:43:15.188,-0.42,0.23,0.36,36.38,-63.78,-40.22
2026-07-27 14:43:15.189,-0.41,0.25,0.34,37.9,-33.2,-29.54
2026-07-27 14:43:15.189,-0.41,0.25,0.34,37.9,-33.2,-29.54
2026-07-27 14:43:15.253,-0.44,0.26,0.37,30.94,1.1,-18.68
2026-07-27 14:43:15.253,-0.49,0.26,0.42,24.41,31.8,-9.7
2026-07-27 14:43:15.308,-0.49,0.26,0.42,24.41,31.8,-9.7
2026-07-27 14:43:15.309,-0.55,0.27,0.53,23.32,54.32,-4.33
2026-07-27 14:43:15.309,-0.55,0.27,0.53,23.32,54.32,-4.33
2026-07-27 14:43:15.368,-0.58,0.31,0.71,26.73,62.87,-1.46
2026-07-27 14:43:15.368,-0.58,0.31,0.71,26.73,62.87,-1.46
2026-07-27 14:43:15.368,-0.57,0.31,0.9,25.51,55.05,0.79
2026-07-27 14:43:15.432,-0.57,0.31,0.9,13.49,48.28,1.53
2026-07-27 14:43:15.432,-0.55,0.28,1.01,13.49,48.28,1.53
2026-07-27 14:43:15.506,-0.48,0.31,1.1,5.98,50.6,-3.23
2026-07-27 14:43:15.508,-0.48,0.31,1.1,5.98,50.6,-3.23
2026-07-27 14:43:15.508,-0.36,0.4,1.19,6.77,51.03,-9.16
2026-07-27 14:43:15.549,-0.36,0.4,1.19,6.77,51.03,-9.16
2026-07-27 14:43:15.549,-0.27,0.45,1.22,-1.53,47.0,-3.48
2026-07-27 14:43:15.549,-0.27,0.45,1.22,-1.53,47.0,-3.48
2026-07-27 14:43:15.610,-0.28,0.35,1.22,-17.82,39.0,14.47
2026-07-27 14:43:15.610,-0.28,0.35,1.22,-17.82,39.0,14.47
2026-07-27 14:43:15.610,-0.36,0.21,1.25,-25.45,24.48,28.2
2026-07-27 14:43:15.669,-0.42,0.14,1.27,-20.51,1.71,26.67
2026-07-27 14:43:15.669,-0.42,0.14,1.27,-20.51,1.71,26.67
2026-07-27 14:43:15.732,-0.47,0.15,1.24,-15.38,-26.98,17.27
2026-07-27 14:43:15.733,-0.47,0.15,1.24,-15.38,-26.98,17.27
2026-07-27 14:43:15.733,-0.5,0.16,1.13,-21.0,-53.28,10.44
2026-07-27 14:43:15.788,-0.5,0.16,1.13,-21.0,-53.28,10.44
2026-07-27 14:43:15.788,-0.54,0.14,0.96,-33.02,-69.64,6.47
2026-07-27 14:43:15.790,-0.54,0.14,0.96,-33.02,-69.64,6.47
2026-07-27 14:43:15.849,-0.56,0.11,0.78,-37.66,-75.56,0.61
2026-07-27 14:43:15.849,-0.54,0.1,0.64,-28.2,-72.75,-8.91
2026-07-27 14:43:15.913,-0.54,0.1,0.64,-28.2,-72.75,-8.91
2026-07-27 14:43:15.914,-0.51,0.11,0.55,-9.95,-63.29,-19.9
2026-07-27 14:43:15.919,-0.51,0.11,0.55,-9.95,-63.29,-19.9
2026-07-27 14:43:15.969,-0.47,0.14,0.5,8.24,-49.26,-29.42
2026-07-27 14:43:15.969,-0.47,0.14,0.5,8.24,-49.26,-29.42
2026-07-27 14:43:16.029,-0.48,0.18,0.47,22.46,-31.86,-36.01
2026-07-27 14:43:16.030,-0.58,0.24,0.46,27.59,-20.69,-39.67
2026-07-27 14:43:16.031,-0.58,0.24,0.46,27.59,-20.69,-39.67
2026-07-27 14:43:16.093,-0.63,0.26,0.51,6.9,-64.21,-49.87
2026-07-27 14:43:16.093,-0.63,0.26,0.51,6.9,-64.21,-49.87
2026-07-27 14:43:16.093,-0.46,0.28,0.57,-2.87,-148.19,-78.31
2026-07-27 14:43:16.150,-0.46,0.28,0.57,-2.87,-148.19,-78.31
2026-07-27 14:43:16.151,-0.11,0.32,0.77,26.86,-191.71,-84.41
2026-07-27 14:43:16.209,0.16,0.3,1.04,19.84,-123.23,-21.73
2026-07-27 14:43:16.210,0.16,0.3,1.04,19.84,-123.23,-21.73
2026-07-27 14:43:16.210,0.14,0.22,1.14,-50.6,18.07,33.87
2026-07-27 14:43:16.268,0.14,0.22,1.14,-50.6,18.07,33.87
2026-07-27 14:43:16.269,0.05,0.14,1.21,-88.5,86.79,10.13
2026-07-27 14:43:16.269,0.05,0.14,1.21,-88.5,86.79,10.13
2026-07-27 14:43:16.328,0.12,0.14,1.3,-50.66,44.56,-46.39
2026-07-27 14:43:16.329,0.34,0.14,1.32,-15.5,-30.46,-64.39
2026-07-27 14:43:16.390,0.34,0.14,1.32,-15.5,-30.46,-64.39
2026-07-27 14:43:16.390,0.53,0.08,1.27,-19.23,-64.09,-31.56
2026-07-27 14:43:16.390,0.53,0.08,1.27,-19.23,-64.09,-31.56
2026-07-27 14:43:16.449,0.55,0.03,1.2,-19.9,-54.87,16.36
2026-07-27 14:43:16.449,0.55,0.03,1.2,-19.9,-54.87,16.36
2026-07-27 14:43:16.516,0.43,-0.02,1.14,-3.91,-37.6,51.15
2026-07-27 14:43:16.519,0.43,-0.02,1.14,-3.91,-37.6,51.15
2026-07-27 14:43:16.519,0.28,-0.03,1.07,13.31,-34.42,61.04
2026-07-27 14:43:16.568,0.16,-0.04,1.01,24.48,-44.37,50.42
2026-07-27 14:43:16.568,0.16,-0.04,1.01,24.48,-44.37,50.42
2026-07-27 14:43:16.569,0.09,-0.05,0.96,29.36,-54.75,31.8
2026-07-27 14:43:16.628,0.09,-0.05,0.96,29.36,-54.75,31.8
2026-07-27 14:43:16.629,0.05,-0.03,0.92,27.22,-56.64,15.75
2026-07-27 14:43:16.630,0.05,-0.03,0.92,27.22,-56.64,15.75
2026-07-27 14:43:16.694,0.02,-0.01,0.87,20.63,-49.44,4.64
2026-07-27 14:43:16.694,0.02,-0.01,0.87,20.63,-49.44,4.64
2026-07-27 14:43:16.749,0.02,-0.01,0.87,20.63,-49.44,4.64
2026-07-27 14:43:16.749,0.02,-0.01,0.87,20.63,-49.44,4.64
2026-07-27 14:43:16.750,-0.04,0.06,0.81,19.9,-22.64,-20.14
2026-07-27 14:43:16.808,-0.04,0.06,0.81,19.9,-22.64,-20.14
2026-07-27 14:43:16.809,-0.05,0.1,0.81,26.25,-5.37,-32.71
2026-07-27 14:43:16.809,-0.05,0.15,0.82,31.98,13.92,-42.72
2026-07-27 14:43:16.868,-0.05,0.15,0.82,31.98,13.92,-42.72
2026-07-27 14:43:16.869,-0.02,0.19,0.89,28.56,48.16,-41.14
2026-07-27 14:43:16.869,-0.02,0.19,0.89,28.56,48.16,-41.14
2026-07-27 14:43:16.928,-0.12,0.22,0.92,1.04,131.96,-9.09
2026-07-27 14:43:16.929,-0.12,0.22,0.92,1.04,131.96,-9.09
2026-07-27 14:43:16.989,-0.27,0.26,0.86,-32.65,221.31,29.11
2026-07-27 14:43:16.989,-0.3,0.29,0.84,-28.2,223.94,20.75
2026-07-27 14:43:16.989,-0.3,0.29,0.84,-28.2,223.94,20.75
2026-07-27 14:43:17.064,-0.29,0.32,0.91,14.83,158.39,-18.92
2026-07-27 14:43:17.066,-0.29,0.32,0.91,14.83,158.39,-18.92
2026-07-27 14:43:17.109,-0.25,0.3,0.97,59.45,100.16,-40.1
2026-07-27 14:43:17.110,-0.25,0.3,0.97,59.45,100.16,-40.1
2026-07-27 14:43:17.110,-0.28,0.35,1.01,113.28,89.11,-35.89
2026-07-27 14:43:17.168,-0.4,0.5,0.99,161.74,102.17,-22.71
2026-07-27 14:43:17.168,-0.4,0.5,0.99,161.74,102.17,-22.71
2026-07-27 14:43:17.230,-0.42,0.51,0.99,114.75,74.16,-8.73
2026-07-27 14:43:17.231,-0.42,0.51,0.99,114.75,74.16,-8.73
2026-07-27 14:43:17.231,-0.35,0.43,1.03,28.87,15.01,2.5
2026-07-27 14:43:17.288,-0.35,0.43,1.03,28.87,15.01,2.5
2026-07-27 14:43:17.288,-0.31,0.39,1.04,7.69,-28.32,6.96
2026-07-27 14:43:17.289,-0.31,0.39,1.04,7.69,-28.32,6.96
2026-07-27 14:43:17.350,-0.26,0.39,1.04,16.6,-59.81,5.49
2026-07-27 14:43:17.351,-0.24,0.38,1.02,19.1,-75.13,4.15
2026-07-27 14:43:17.351,-0.24,0.38,1.02,19.1,-75.13,4.15
2026-07-27 14:43:17.409,-0.27,0.38,0.96,13.61,-63.9,7.75
2026-07-27 14:43:17.409,-0.27,0.38,0.96,13.61,-63.9,7.75
2026-07-27 14:43:17.469,-0.3,0.38,0.89,5.62,-55.24,9.28
2026-07-27 14:43:17.469,-0.3,0.38,0.89,5.62,-55.24,9.28
2026-07-27 14:43:17.469,-0.29,0.36,0.87,1.22,-72.08,2.01
2026-07-27 14:43:17.533,-0.29,0.36,0.87,1.22,-72.08,2.01
2026-07-27 14:43:17.533,-0.28,0.36,0.88,3.72,-83.8,-6.23
2026-07-27 14:43:17.601,-0.29,0.37,0.85,8.06,-73.06,-11.78
2026-07-27 14:43:17.602,-0.29,0.37,0.85,8.06,-73.06,-11.78
2026-07-27 14:43:17.602,-0.28,0.4,0.83,10.38,-66.77,-21.79
2026-07-27 14:43:17.648,-0.28,0.4,0.83,10.38,-66.77,-21.79
2026-07-27 14:43:17.648,-0.26,0.43,0.82,16.6,-74.71,-33.02
2026-07-27 14:43:17.649,-0.26,0.43,0.82,16.6,-74.71,-33.02
2026-07-27 14:43:17.708,-0.24,0.47,0.8,26.25,-79.28,-39.06
2026-07-27 14:43:17.708,-0.24,0.47,0.8,26.25,-79.28,-39.06
2026-07-27 14:43:17.709,-0.23,0.5,0.78,29.17,-70.56,-42.18
2026-07-27 14:43:17.768,-0.22,0.53,0.76,24.84,-54.5,-43.09
2026-07-27 14:43:17.771,-0.22,0.53,0.76,24.84,-54.5,-43.09
2026-07-27 14:43:17.829,-0.22,0.54,0.73,19.47,-39.25,-40.47
2026-07-27 14:43:17.829,-0.22,0.54,0.73,19.47,-39.25,-40.47
2026-07-27 14:43:17.829,-0.21,0.56,0.71,15.93,-26.37,-34.73
2026-07-27 14:43:17.892,-0.21,0.56,0.71,15.93,-26.37,-34.73
2026-07-27 14:43:17.894,-0.21,0.57,0.7,14.16,-13.92,-27.47
2026-07-27 14:43:17.948,-0.2,0.58,0.71,12.51,-1.53,-20.32
2026-07-27 14:43:17.948,-0.2,0.58,0.71,12.51,-1.53,-20.32
2026-07-27 14:43:17.949,-0.18,0.58,0.73,10.74,9.52,-14.71
2026-07-27 14:43:18.009,-0.18,0.58,0.73,10.74,9.52,-14.71
2026-07-27 14:43:18.009,-0.17,0.58,0.76,9.95,18.86,-10.68
2026-07-27 14:43:18.009,-0.17,0.58,0.76,9.95,18.86,-10.68
2026-07-27 14:43:18.072,-0.16,0.58,0.79,9.52,26.12,-7.32
2026-07-27 14:43:18.072,-0.16,0.58,0.79,9.52,26.12,-7.32
2026-07-27 14:43:18.073,-0.15,0.58,0.82,7.32,31.01,-3.36
2026-07-27 14:43:18.128,-0.15,0.58,0.82,4.09,33.75,1.22
2026-07-27 14:43:18.128,-0.14,0.57,0.84,4.09,33.75,1.22
2026-07-27 14:43:18.189,-0.13,0.57,0.86,1.77,33.26,4.82
2026-07-27 14:43:18.189,-0.13,0.57,0.86,1.77,33.26,4.82
2026-07-27 14:43:18.189,-0.12,0.56,0.87,0.61,29.24,6.23
2026-07-27 14:43:18.249,-0.12,0.56,0.87,0.61,29.24,6.23
2026-07-27 14:43:18.249,-0.11,0.55,0.88,-0.06,22.89,6.41
2026-07-27 14:43:18.308,-0.11,0.55,0.88,-0.98,15.38,6.9
2026-07-27 14:43:18.314,-0.11,0.54,0.88,-0.98,15.38,6.9
2026-07-27 14:43:18.314,-0.11,0.53,0.87,-2.08,8.0,7.57
2026-07-27 14:43:18.368,-0.11,0.53,0.87,-2.08,8.0,7.57
2026-07-27 14:43:18.368,-0.12,0.52,0.85,-2.56,1.83,7.57
2026-07-27 14:43:18.368,-0.12,0.52,0.85,-2.56,1.83,7.57
2026-07-27 14:43:18.430,-0.13,0.52,0.84,-2.01,-3.05,6.04
2026-07-27 14:43:18.430,-0.13,0.52,0.84,-2.01,-3.05,6.04
2026-07-27 14:43:18.488,-0.14,0.53,0.83,-0.79,-7.39,3.23
2026-07-27 14:43:18.488,-0.14,0.53,0.83,-0.79,-7.39,3.23
2026-07-27 14:43:18.488,-0.14,0.54,0.83,0.06,-11.35,0.49
2026-07-27 14:43:18.556,-0.14,0.54,0.83,0.12,-14.4,-0.73
2026-07-27 14:43:18.556,-0.15,0.55,0.82,0.12,-14.4,-0.73
2026-07-27 14:43:18.556,-0.17,0.56,0.82,-0.61,-17.7,-0.92
2026-07-27 14:43:18.615,-0.17,0.56,0.82,-0.61,-17.7,-0.92
2026-07-27 14:43:18.616,-0.18,0.56,0.81,-6.23,-26.55,-1.65
2026-07-27 14:43:18.616,-0.18,0.56,0.81,-6.23,-26.55,-1.65
2026-07-27 14:43:18.668,-0.16,0.54,0.81,-16.11,-38.82,-3.91
2026-07-27 14:43:18.669,-0.16,0.54,0.81,-16.11,-38.82,-3.91
2026-07-27 14:43:18.728,-0.13,0.53,0.81,-18.55,-41.75,-6.1
2026-07-27 14:43:18.728,-0.13,0.53,0.81,-18.55,-41.75,-6.1
2026-07-27 14:43:18.729,-0.13,0.53,0.8,-10.38,-31.8,-5.98
2026-07-27 14:43:18.791,-0.14,0.53,0.79,-0.73,-18.43,-3.85
2026-07-27 14:43:18.791,-0.14,0.53,0.79,-0.73,-18.43,-3.85
2026-07-27 14:43:18.791,-0.16,0.53,0.79,3.97,-9.52,-1.71
2026-07-27 14:43:18.848,-0.16,0.53,0.79,3.97,-9.52,-1.71
2026-07-27 14:43:18.849,-0.16,0.53,0.78,3.6,-5.37,-0.79
2026-07-27 14:43:18.850,-0.16,0.53,0.78,3.6,-5.37,-0.79
2026-07-27 14:43:18.908,-0.15,0.53,0.79,2.08,-2.44,-0.79
2026-07-27 14:43:18.908,-0.15,0.53,0.79,2.08,-2.44,-0.79
2026-07-27 14:43:18.975,-0.14,0.53,0.8,1.46,1.28,-1.04
2026-07-27 14:43:18.975,-0.14,0.53,0.8,1.46,1.28,-1.04
2026-07-27 14:43:18.975,-0.13,0.53,0.81,1.46,5.07,-1.16
2026-07-27 14:43:19.028,-0.12,0.53,0.82,1.4,8.06,-1.1
2026-07-27 14:43:19.029,-0.12,0.53,0.82,1.4,8.06,-1.1
2026-07-27 14:43:19.030,-0.12,0.53,0.82,1.28,9.83,-1.22
2026-07-27 14:43:19.092,-0.12,0.53,0.82,1.28,9.83,-1.22
2026-07-27 14:43:19.095,-0.11,0.53,0.82,1.1,10.68,-1.1
2026-07-27 14:43:19.096,-0.11,0.53,0.82,1.1,10.68,-1.1
2026-07-27 14:43:19.148,-0.11,0.53,0.83,0.85,11.17,-0.31
2026-07-27 14:43:19.148,-0.11,0.53,0.83,0.85,11.17,-0.31
2026-07-27 14:43:19.208,-0.1,0.53,0.84,0.49,11.11,0.37
2026-07-27 14:43:19.209,-0.1,0.53,0.84,0.49,11.11,0.37
2026-07-27 14:43:19.209,-0.1,0.53,0.85,0.12,9.95,0.49
2026-07-27 14:43:19.268,-0.09,0.53,0.85,-0.06,7.87,0.24
2026-07-27 14:43:19.270,-0.09,0.53,0.85,-0.06,7.87,0.24
2026-07-27 14:43:19.270,-0.09,0.53,0.85,-0.12,5.25,0.12
2026-07-27 14:43:19.332,-0.09,0.53,0.85,-0.12,5.25,0.12
2026-07-27 14:43:19.336,-0.09,0.53,0.85,-0.31,2.44,0.31
2026-07-27 14:43:19.336,-0.09,0.53,0.85,-0.31,2.44,0.31
2026-07-27 14:43:19.389,-0.1,0.53,0.84,-0.61,-0.12,0.79
2026-07-27 14:43:19.389,-0.1,0.53,0.84,-0.61,-0.12,0.79
2026-07-27 14:43:19.448,-0.11,0.53,0.84,-0.73,-2.32,1.16
2026-07-27 14:43:19.448,-0.11,0.53,0.84,-0.73,-2.32,1.16
2026-07-27 14:43:19.448,-0.12,0.53,0.83,-0.61,-3.97,0.98
2026-07-27 14:43:19.509,-0.12,0.53,0.83,-0.49,-5.0,0.55
2026-07-27 14:43:19.510,-0.12,0.53,0.83,-0.49,-5.0,0.55
2026-07-27 14:43:19.510,-0.13,0.53,0.83,-0.37,-5.49,0.24
2026-07-27 14:43:19.568,-0.13,0.53,0.83,-0.37,-5.49,0.24
2026-07-27 14:43:19.569,-0.13,0.53,0.82,-0.24,-5.8,0.18
2026-07-27 14:43:19.635,-0.13,0.53,0.82,-0.24,-5.8,0.18
2026-07-27 14:43:19.638,-0.13,0.53,0.82,-0.24,-5.74,0.24
2026-07-27 14:43:19.638,-0.13,0.53,0.82,-0.24,-5.74,0.24
2026-07-27 14:43:19.688,-0.14,0.53,0.81,-0.18,-5.13,0.24
2026-07-27 14:43:19.689,-0.14,0.53,0.81,-0.18,-5.13,0.24
2026-07-27 14:43:19.689,-0.14,0.53,0.81,0.0,-3.97,-0.06
2026-07-27 14:43:19.748,-0.14,0.53,0.81,0.24,-2.62,-0.43
2026-07-27 14:43:19.749,-0.14,0.53,0.81,0.24,-2.62,-0.43
2026-07-27 14:43:19.809,-0.13,0.53,0.81,0.18,-1.1,-0.43
2026-07-27 14:43:19.811,-0.13,0.53,0.81,0.18,-1.1,-0.43
2026-07-27 14:43:19.812,-0.13,0.53,0.81,0.0,0.31,-0.24
2026-07-27 14:43:19.868,-0.13,0.53,0.81,0.0,0.31,-0.24
2026-07-27 14:43:19.868,-0.13,0.53,0.82,-0.06,1.34,-0.31
2026-07-27 14:43:19.868,-0.13,0.53,0.82,-0.06,1.34,-0.31
2026-07-27 14:43:19.928,-0.12,0.53,0.82,0.18,2.01,-0.73
2026-07-27 14:43:19.929,-0.12,0.53,0.82,0.18,2.01,-0.73
2026-07-27 14:43:19.930,-0.11,0.53,0.83,0.49,2.32,-0.85
2026-07-27 14:43:19.988,-0.11,0.53,0.83,0.43,2.56,0.06
2026-07-27 14:43:19.988,-0.11,0.53,0.83,0.43,2.56,0.06
2026-07-27 14:43:20.048,-0.11,0.52,0.83,0.18,2.56,0.73
2026-07-27 14:43:20.048,-0.11,0.52,0.83,0.18,2.56,0.73
2026-07-27 14:43:20.049,-0.11,0.52,0.83,0.12,1.89,0.24
2026-07-27 14:43:20.115,-0.11,0.52,0.83,0.12,1.89,0.24
2026-07-27 14:43:20.115,-0.11,0.53,0.83,0.06,1.04,-0.43
2026-07-27 14:43:20.116,-0.11,0.53,0.83,0.06,1.04,-0.43
2026-07-27 14:43:20.168,-0.11,0.53,0.83,0.0,0.31,-0.43
2026-07-27 14:43:20.168,-0.11,0.53,0.84,-0.18,-0.43,-0.31
2026-07-27 14:43:20.228,-0.11,0.53,0.84,-0.18,-0.43,-0.31
2026-07-27 14:43:20.229,-0.11,0.53,0.83,-0.37,-1.16,0.12
2026-07-27 14:43:20.229,-0.11,0.53,0.83,-0.37,-1.16,0.12
2026-07-27 14:43:20.288,-0.12,0.53,0.83,-0.49,-1.71,0.49
2026-07-27 14:43:20.288,-0.12,0.53,0.83,-0.49,-1.71,0.49
2026-07-27 14:43:20.288,-0.12,0.53,0.82,-0.31,-1.95,0.37
2026-07-27 14:43:20.348,-0.12,0.53,0.82,-0.31,-1.95,0.37
2026-07-27 14:43:20.349,-0.12,0.53,0.82,0.06,-1.89,0.06
2026-07-27 14:43:20.349,-0.12,0.53,0.82,0.06,-1.89,0.06
2026-07-27 14:43:20.408,-0.12,0.53,0.82,0.24,-1.65,0.12
2026-07-27 14:43:20.408,-0.12,0.53,0.82,0.12,-1.46,0.49
2026-07-27 14:43:20.467,-0.13,0.53,0.82,0.12,-1.46,0.49
2026-07-27 14:43:20.468,-0.13,0.53,0.82,0.06,-1.16,0.73
2026-07-27 14:43:20.468,-0.13,0.53,0.82,0.06,-1.16,0.73
2026-07-27 14:43:20.588,-0.13,0.52,0.82,0.12,-0.73,0.55
2026-07-27 14:43:20.589,-0.13,0.52,0.82,0.12,-0.73,0.55
2026-07-27 14:43:20.589,-0.13,0.52,0.82,0.31,-0.12,0.24
2026-07-27 14:43:20.589,-0.13,0.52,0.82,0.31,-0.12,0.24
2026-07-27 14:43:20.589,-0.13,0.52,0.82,0.37,0.49,-0.12
2026-07-27 14:43:20.589,-0.13,0.52,0.82,0.37,0.49,-0.12
2026-07-27 14:43:20.649,-0.12,0.52,0.83,0.24,0.85,-0.37
2026-07-27 14:43:20.650,-0.12,0.52,0.83,0.24,0.85,-0.37
2026-07-27 14:43:20.716,-0.12,0.53,0.83,-0.12,0.85,-0.37
2026-07-27 14:43:20.716,-0.12,0.53,0.83,-0.31,0.61,-0.18
2026-07-27 14:43:20.717,-0.12,0.53,0.83,-0.31,0.61,-0.18
2026-07-27 14:43:20.768,-0.11,0.54,0.82,-0.12,0.49,-0.24
2026-07-27 14:43:20.769,-0.11,0.54,0.82,-0.12,0.49,-0.24
2026-07-27 14:43:20.769,-0.11,0.55,0.83,0.61,0.12,-0.61
2026-07-27 14:43:20.832,-0.11,0.55,0.83,0.61,0.12,-0.61
2026-07-27 14:43:20.836,-0.1,0.55,0.83,1.22,-0.18,-0.12
2026-07-27 14:43:20.844,-0.1,0.55,0.83,1.22,-0.18,-0.12
2026-07-27 14:43:20.888,-0.1,0.55,0.83,1.34,-0.43,1.34
2026-07-27 14:43:20.888,-0.1,0.55,0.83,1.34,-0.43,1.34
2026-07-27 14:43:20.948,-0.1,0.55,0.83,1.22,-0.85,2.87
2026-07-27 14:43:20.949,-0.09,0.55,0.84,0.79,-1.46,4.52
2026-07-27 14:43:20.949,-0.09,0.55,0.84,0.79,-1.46,4.52
2026-07-27 14:43:21.008,-0.09,0.54,0.84,-0.61,-1.95,7.39
2026-07-27 14:43:21.008,-0.09,0.54,0.84,-0.61,-1.95,7.39
2026-07-27 14:43:21.009,-0.07,0.53,0.87,-3.11,-2.32,11.05
2026-07-27 14:43:21.068,-0.07,0.53,0.87,-3.11,-2.32,11.05
2026-07-27 14:43:21.069,-0.01,0.54,0.92,-8.73,-3.42,16.3
2026-07-27 14:43:21.069,-0.01,0.54,0.92,-8.73,-3.42,16.3
2026-07-27 14:43:21.128,0.08,0.58,0.98,-24.72,-3.11,32.96
2026-07-27 14:43:21.129,0.08,0.58,0.98,-24.72,-3.11,32.96
2026-07-27 14:43:21.188,0.16,0.62,1.03,-53.96,0.12,67.14
2026-07-27 14:43:21.188,0.24,0.64,1.08,-85.21,0.06,107.91
2026-07-27 14:43:21.189,0.24,0.64,1.08,-85.21,0.06,107.91
2026-07-27 14:43:21.250,0.31,0.59,1.17,-111.45,-9.52,145.2
2026-07-27 14:43:21.251,0.31,0.59,1.17,-111.45,-9.52,145.2
2026-07-27 14:43:21.308,0.29,0.44,1.21,-139.47,-23.25,179.08
2026-07-27 14:43:21.308,0.29,0.44,1.21,-139.47,-23.25,179.08
2026-07-27 14:43:21.308,0.12,0.22,1.12,-163.39,-33.94,195.5
2026-07-27 14:43:21.368,-0.04,0.01,0.94,-154.91,-45.47,166.81
2026-07-27 14:43:21.369,-0.04,0.01,0.94,-154.91,-45.47,166.81
2026-07-27 14:43:21.369,-0.09,-0.1,0.79,-100.77,-57.56,94.3
2026-07-27 14:43:21.428,-0.09,-0.1,0.79,-100.77,-57.56,94.3
2026-07-27 14:43:21.428,-0.07,-0.1,0.7,-32.41,-54.57,21.73
2026-07-27 14:43:21.488,-0.07,-0.1,0.7,-32.41,-54.57,21.73
2026-07-27 14:43:21.489,-0.06,-0.02,0.63,17.03,-23.74,-14.22
2026-07-27 14:43:21.489,-0.06,-0.02,0.63,42.85,14.1,-23.8
2026-07-27 14:43:21.548,-0.07,0.07,0.6,42.85,14.1,-23.8
2026-07-27 14:43:21.549,-0.09,0.12,0.63,50.78,55.66,-22.03
2026-07-27 14:43:21.550,-0.09,0.12,0.63,50.78,55.66,-22.03
2026-07-27 14:43:21.610,-0.17,0.15,0.63,39.31,130.0,-8.97
2026-07-27 14:43:21.610,-0.17,0.15,0.63,39.31,130.0,-8.97
2026-07-27 14:43:21.673,-0.3,0.13,0.64,22.64,197.51,3.23
2026-07-27 14:43:21.673,-0.3,0.13,0.64,22.64,197.51,3.23
2026-07-27 14:43:21.673,-0.42,0.09,0.72,21.67,207.95,4.88
2026-07-27 14:43:21.728,-0.5,0.11,0.8,32.04,188.9,-5.55
2026-07-27 14:43:21.728,-0.5,0.11,0.8,32.04,188.9,-5.55
2026-07-27 14:43:21.788,-0.57,0.13,0.92,38.94,167.91,-22.52
2026-07-27 14:43:21.789,-0.57,0.13,0.92,38.94,167.91,-22.52
2026-07-27 14:43:21.789,-0.63,0.13,1.1,30.21,158.94,-37.23
2026-07-27 14:43:21.848,-0.63,0.13,1.1,30.21,158.94,-37.23
2026-07-27 14:43:21.848,-0.67,0.11,1.28,10.68,163.57,-49.62
2026-07-27 14:43:21.848,-0.65,0.1,1.41,-6.23,141.85,-65.86
2026-07-27 14:43:21.914,-0.65,0.1,1.41,-6.23,141.85,-65.86
2026-07-27 14:43:21.915,-0.57,0.11,1.45,-17.4,67.93,-74.34
2026-07-27 14:43:21.968,-0.57,0.11,1.45,-17.4,67.93,-74.34
2026-07-27 14:43:21.968,-0.52,0.1,1.42,-27.16,-29.48,-52.61
2026-07-27 14:43:21.968,-0.52,0.1,1.42,-27.16,-29.48,-52.61
2026-07-27 14:43:22.029,-0.5,0.06,1.32,-32.96,-103.7,-14.95
2026-07-27 14:43:22.030,-0.5,0.06,1.32,-32.96,-103.7,-14.95
2026-07-27 14:43:22.030,-0.47,0.02,1.19,-11.72,-147.71,12.33
2026-07-27 14:43:22.089,-0.43,0.0,1.04,51.7,-179.81,27.4
2026-07-27 14:43:22.089,-0.43,0.0,1.04,51.7,-179.81,27.4
2026-07-27 14:43:22.152,-0.39,0.02,0.9,113.71,-192.69,34.3
2026-07-27 14:43:22.153,-0.39,0.02,0.9,113.71,-192.69,34.3
2026-07-27 14:43:22.153,-0.35,0.03,0.77,111.76,-168.09,38.94
2026-07-27 14:43:22.214,-0.32,0.0,0.67,57.8,-120.79,40.53
2026-07-27 14:43:22.215,-0.32,0.0,0.67,57.8,-120.79,40.53
2026-07-27 14:43:22.268,-0.3,-0.01,0.58,20.87,-81.24,28.63
2026-07-27 14:43:22.269,-0.3,-0.01,0.58,20.87,-81.24,28.63
2026-07-27 14:43:22.270,-0.29,0.02,0.52,28.69,-56.88,4.82
2026-07-27 14:43:22.333,-0.29,0.02,0.52,28.69,-56.88,4.82
2026-07-27 14:43:22.333,-0.28,0.1,0.52,53.34,-35.58,-18.01
2026-07-27 14:43:22.388,-0.28,0.17,0.56,61.16,-7.39,-29.72
2026-07-27 14:43:22.388,-0.28,0.17,0.56,61.16,-7.39,-29.72
2026-07-27 14:43:22.389,-0.28,0.24,0.61,43.33,26.31,-28.81
2026-07-27 14:43:22.448,-0.28,0.24,0.61,43.33,26.31,-28.81
2026-07-27 14:43:22.448,-0.28,0.29,0.64,19.78,56.03,-20.87
2026-07-27 14:43:22.448,-0.28,0.29,0.64,19.78,56.03,-20.87
2026-07-27 14:43:22.508,-0.21,0.34,0.62,3.6,72.02,-4.03
2026-07-27 14:43:22.509,-0.21,0.34,0.62,3.6,72.02,-4.03
2026-07-27 14:43:22.510,-0.24,0.48,0.69,27.47,92.04,40.89
2026-07-27 14:43:22.572,-0.34,0.7,0.84,92.29,126.46,89.6
2026-07-27 14:43:22.572,-0.34,0.7,0.84,92.29,126.46,89.6
2026-07-27 14:43:22.631,-0.35,0.82,0.91,118.77,156.98,93.26
2026-07-27 14:43:22.631,-0.35,0.82,0.91,118.77,156.98,93.26
2026-07-27 14:43:22.631,-0.35,0.82,0.97,81.24,171.75,55.11
2026-07-27 14:43:22.688,-0.35,0.82,0.97,81.24,171.75,55.11
2026-07-27 14:43:22.689,-0.39,0.79,1.04,29.42,160.89,1.89
2026-07-27 14:43:22.748,-0.41,0.81,1.1,0.18,117.19,-40.71
2026-07-27 14:43:22.750,-0.41,0.81,1.1,0.18,117.19,-40.71
2026-07-27 14:43:22.750,-0.39,0.84,1.18,-18.13,69.15,-52.19
2026-07-27 14:43:22.808,-0.39,0.84,1.18,-18.13,69.15,-52.19
2026-07-27 14:43:22.808,-0.38,0.84,1.24,-53.53,48.1,-35.4
2026-07-27 14:43:22.809,-0.38,0.84,1.24,-53.53,48.1,-35.4
2026-07-27 14:43:22.873,-0.5,0.71,1.2,-127.62,51.45,-10.07
2026-07-27 14:43:22.873,-0.5,0.71,1.2,-223.08,47.42,-1.16
2026-07-27 14:43:22.928,-0.73,0.4,1.06,-223.08,47.42,-1.16
2026-07-27 14:43:22.928,-0.85,0.07,0.9,-268.86,-2.69,-23.19
2026-07-27 14:43:22.929,-0.85,0.07,0.9,-268.86,-2.69,-23.19
2026-07-27 14:43:22.989,-0.8,-0.13,0.76,-232.6,-67.32,-57.68
2026-07-27 14:43:22.989,-0.8,-0.13,0.76,-232.6,-67.32,-57.68
2026-07-27 14:43:22.990,-0.68,-0.18,0.6,-163.02,-92.47,-86.61
2026-07-27 14:43:23.049,-0.68,-0.18,0.6,-163.02,-92.47,-86.61
2026-07-27 14:43:23.049,-0.56,-0.19,0.46,-101.68,-81.97,-91.86
2026-07-27 14:43:23.108,-0.49,-0.19,0.35,-53.83,-57.01,-68.54
2026-07-27 14:43:23.109,-0.49,-0.19,0.35,-53.83,-57.01,-68.54
2026-07-27 14:43:23.109,-0.48,-0.16,0.26,-10.99,-30.46,-47.0
2026-07-27 14:43:23.171,-0.48,-0.16,0.26,-10.99,-30.46,-47.0
2026-07-27 14:43:23.171,-0.45,-0.1,0.21,40.95,-12.51,-57.98
2026-07-27 14:43:23.171,-0.45,-0.1,0.21,40.95,-12.51,-57.98
2026-07-27 14:43:23.228,-0.39,-0.05,0.23,93.57,-3.91,-91.19
2026-07-27 14:43:23.229,-0.42,0.01,0.31,126.83,12.45,-96.01
2026-07-27 14:43:23.288,-0.42,0.01,0.31,126.83,12.45,-96.01
2026-07-27 14:43:23.288,-0.53,0.04,0.4,134.83,44.43,-70.8
2026-07-27 14:43:23.289,-0.53,0.04,0.4,134.83,44.43,-70.8
2026-07-27 14:43:23.348,-0.68,0.09,0.51,148.5,73.85,-55.73
2026-07-27 14:43:23.348,-0.68,0.09,0.51,148.5,73.85,-55.73
2026-07-27 14:43:23.415,-0.77,0.25,0.59,194.95,80.38,-62.74
2026-07-27 14:43:23.415,-0.78,0.46,0.71,226.93,75.62,-74.71
2026-07-27 14:43:23.415,-0.78,0.46,0.71,226.93,75.62,-74.71
2026-07-27 14:43:23.468,-0.81,0.56,0.93,177.98,92.71,-71.96
2026-07-27 14:43:23.469,-0.81,0.56,0.93,177.98,92.71,-71.96
2026-07-27 14:43:23.469,-0.84,0.58,1.18,73.06,121.15,-59.75
2026-07-27 14:43:23.528,-0.84,0.58,1.18,73.06,121.15,-59.75
2026-07-27 14:43:23.529,-0.83,0.59,1.35,-13.55,121.09,-50.11
2026-07-27 14:43:23.588,-0.83,0.59,1.35,-63.9,72.51,-40.04
2026-07-27 14:43:23.589,-0.8,0.56,1.35,-63.9,72.51,-40.04
2026-07-27 14:43:23.589,-0.77,0.45,1.23,-99.06,-1.65,-19.59
2026-07-27 14:43:23.648,-0.77,0.45,1.23,-99.06,-1.65,-19.59
2026-07-27 14:43:23.649,-0.73,0.22,1.1,-138.0,-65.31,5.68
2026-07-27 14:43:23.652,-0.73,0.22,1.1,-138.0,-65.31,5.68
2026-07-27 14:43:23.708,-0.69,-0.05,1.0,-171.57,-104.13,13.85
2026-07-27 14:43:23.709,-0.69,-0.05,1.0,-171.57,-104.13,13.85
2026-07-27 14:43:23.768,-0.67,-0.26,0.97,-168.03,-117.61,-0.92
2026-07-27 14:43:23.768,-0.65,-0.39,0.94,-139.1,-118.1,-22.34
2026-07-27 14:43:23.769,-0.65,-0.39,0.94,-139.1,-118.1,-22.34
2026-07-27 14:43:23.828,-0.62,-0.44,0.82,-107.79,-118.84,-40.16
2026-07-27 14:43:23.829,-0.62,-0.44,0.82,-107.79,-118.84,-40.16
2026-07-27 14:43:23.888,-0.55,-0.38,0.64,-73.12,-118.53,-54.08
2026-07-27 14:43:23.888,-0.55,-0.38,0.64,-73.12,-118.53,-54.08
2026-07-27 14:43:23.889,-0.46,-0.27,0.47,-42.05,-107.79,-60.97
2026-07-27 14:43:23.951,-0.39,-0.17,0.35,-17.64,-83.01,-57.5
2026-07-27 14:43:23.951,-0.39,-0.17,0.35,-17.64,-83.01,-57.5
2026-07-27 14:43:23.952,-0.36,-0.12,0.28,12.63,-47.18,-46.51
2026-07-27 14:43:24.009,-0.36,-0.12,0.28,12.63,-47.18,-46.51
2026-07-27 14:43:24.009,-0.38,-0.11,0.31,61.89,-10.62,-39.73
2026-07-27 14:43:24.068,-0.38,-0.11,0.31,61.89,-10.62,-39.73
2026-07-27 14:43:24.069,-0.44,-0.13,0.44,115.72,6.35,-54.38
2026-07-27 14:43:24.069,-0.44,-0.13,0.44,115.72,6.35,-54.38
2026-07-27 14:43:24.130,-0.47,-0.14,0.6,124.08,14.89,-83.44
2026-07-27 14:43:24.130,-0.44,-0.19,0.8,74.65,39.92,-97.72
2026-07-27 14:43:24.130,-0.44,-0.19,0.8,74.65,39.92,-97.72
2026-07-27 14:43:24.188,-0.42,-0.23,0.94,19.65,68.91,-81.3
2026-07-27 14:43:24.189,-0.42,-0.23,0.94,19.65,68.91,-81.3
2026-07-27 14:43:24.253,-0.42,-0.25,1.02,-10.01,73.55,-52.25
2026-07-27 14:43:24.253,-0.4,-0.22,1.09,-17.33,59.27,-33.94
2026-07-27 14:43:24.253,-0.4,-0.22,1.09,-17.33,59.27,-33.94
2026-07-27 14:43:24.308,-0.38,-0.12,1.18,-15.14,42.66,-20.87
2026-07-27 14:43:24.309,-0.38,-0.12,1.18,-15.14,42.66,-20.87
2026-07-27 14:43:24.375,-0.35,-0.05,1.26,-25.7,16.11,-2.93
2026-07-27 14:43:24.376,-0.35,-0.05,1.26,-25.7,16.11,-2.93
2026-07-27 14:43:24.376,-0.31,-0.07,1.28,-43.58,2.44,19.29
2026-07-27 14:43:24.431,-0.31,-0.07,1.28,-43.58,2.44,19.29
2026-07-27 14:43:24.431,-0.3,-0.16,1.23,-44.68,13.85,39.61
2026-07-27 14:43:24.488,-0.32,-0.26,1.18,-28.32,23.38,48.58
2026-07-27 14:43:24.488,-0.32,-0.26,1.18,-28.32,23.38,48.58
2026-07-27 14:43:24.489,-0.34,-0.32,1.15,-2.93,17.4,44.74
2026-07-27 14:43:24.549,-0.34,-0.32,1.15,-2.93,17.4,44.74
2026-07-27 14:43:24.549,-0.37,-0.34,1.13,24.29,-7.2,33.51
2026-07-27 14:43:24.549,-0.37,-0.34,1.13,24.29,-7.2,33.51
2026-07-27 14:43:24.608,-0.39,-0.35,1.05,41.32,-45.84,19.65
2026-07-27 14:43:24.618,-0.39,-0.35,1.05,41.32,-45.84,19.65
2026-07-27 14:43:24.619,-0.39,-0.33,0.92,41.14,-81.36,7.51
2026-07-27 14:43:24.674,-0.38,-0.27,0.78,28.56,-96.44,-3.42
2026-07-27 14:43:24.674,-0.38,-0.27,0.78,28.56,-96.44,-3.42
2026-07-27 14:43:24.730,-0.35,-0.2,0.67,13.43,-89.72,-10.44
2026-07-27 14:43:24.730,-0.35,-0.2,0.67,13.43,-89.72,-10.44
2026-07-27 14:43:24.730,-0.34,-0.18,0.59,5.13,-73.67,-10.68
2026-07-27 14:43:24.789,-0.34,-0.18,0.59,5.13,-73.67,-10.68
2026-07-27 14:43:24.789,-0.33,-0.18,0.54,6.84,-51.64,-19.35
2026-07-27 14:43:24.790,-0.33,-0.18,0.54,6.84,-51.64,-19.35
2026-07-27 14:43:24.848,-0.34,-0.15,0.59,6.9,-19.96,-37.41
2026-07-27 14:43:24.854,-0.35,-0.15,0.71,-13.61,13.61,-38.82
2026-07-27 14:43:24.909,-0.35,-0.15,0.71,-13.61,13.61,-38.82
2026-07-27 14:43:24.909,-0.34,-0.21,0.83,-64.27,35.4,-11.78
2026-07-27 14:43:24.910,-0.34,-0.21,0.83,-64.27,35.4,-11.78
2026-07-27 14:43:24.972,-0.34,-0.32,0.86,-128.6,38.39,28.63
2026-07-27 14:43:24.973,-0.34,-0.32,0.86,-128.6,38.39,28.63
2026-07-27 14:43:24.973,-0.34,-0.42,0.81,-160.03,31.56,53.89
2026-07-27 14:43:25.029,-0.35,-0.44,0.78,-124.88,32.78,49.62
2026-07-27 14:43:25.030,-0.35,-0.44,0.78,-124.88,32.78,49.62
2026-07-27 14:43:25.092,-0.35,-0.42,0.83,-55.3,44.31,33.14
2026-07-27 14:43:25.092,-0.35,-0.42,0.83,-55.3,44.31,33.14
2026-07-27 14:43:25.092,-0.34,-0.43,0.89,-9.64,53.34,25.39
2026-07-27 14:43:25.148,-0.34,-0.43,0.89,-9.64,53.34,25.39
2026-07-27 14:43:25.148,-0.34,-0.46,0.97,1.71,58.41,26.37
2026-07-27 14:43:25.220,-0.34,-0.46,0.97,6.59,69.15,33.14
2026-07-27 14:43:25.220,-0.35,-0.53,1.08,6.59,69.15,33.14
2026-07-27 14:43:25.221,-0.38,-0.6,1.22,27.71,79.53,36.38
2026-07-27 14:43:25.269,-0.38,-0.6,1.22,27.71,79.53,36.38
2026-07-27 14:43:25.269,-0.4,-0.61,1.28,48.83,62.26,16.48
2026-07-27 14:43:25.269,-0.4,-0.61,1.28,48.83,62.26,16.48
2026-07-27 14:43:25.334,-0.41,-0.55,1.19,40.41,10.74,-21.18
2026-07-27 14:43:25.336,-0.41,-0.55,1.19,40.41,10.74,-21.18
2026-07-27 14:43:25.412,-0.41,-0.49,1.01,15.38,-42.66,-48.65
2026-07-27 14:43:25.412,-0.4,-0.45,0.83,2.01,-70.98,-51.82
2026-07-27 14:43:25.413,-0.4,-0.45,0.83,2.01,-70.98,-51.82
2026-07-27 14:43:25.448,-0.4,-0.43,0.7,-1.34,-77.45,-39.49
2026-07-27 14:43:25.448,-0.4,-0.43,0.7,-1.34,-77.45,-39.49
2026-07-27 14:43:25.448,-0.39,-0.42,0.6,-2.99,-72.08,-26.73
2026-07-27 14:43:25.509,-0.39,-0.42,0.6,-2.99,-72.08,-26.73
2026-07-27 14:43:25.510,-0.43,-0.31,0.51,5.74,-55.91,-19.41
2026-07-27 14:43:25.510,-0.43,-0.31,0.51,5.74,-55.91,-19.41
2026-07-27 14:43:25.568,-0.48,-0.2,0.47,49.13,-23.56,-9.4
2026-07-27 14:43:25.568,-0.5,-0.21,0.57,94.42,14.22,-2.14
2026-07-27 14:43:25.634,-0.5,-0.21,0.57,94.42,14.22,-2.14
2026-07-27 14:43:25.635,-0.51,-0.2,0.67,57.68,28.32,-4.64
2026-07-27 14:43:25.635,-0.51,-0.2,0.67,57.68,28.32,-4.64
2026-07-27 14:43:25.688,-0.52,-0.23,0.69,-33.87,17.46,-0.06
2026-07-27 14:43:25.688,-0.52,-0.23,0.69,-33.87,17.46,-0.06
2026-07-27 14:43:25.751,-0.51,-0.33,0.69,-76.42,12.45,17.7
2026-07-27 14:43:25.751,-0.51,-0.33,0.69,-76.42,12.45,17.7
2026-07-27 14:43:25.751,-0.49,-0.44,0.71,-60.12,24.6,34.18
2026-07-27 14:43:25.808,-0.48,-0.51,0.73,-40.22,37.78,36.38
2026-07-27 14:43:25.808,-0.48,-0.51,0.73,-40.22,37.78,36.38
2026-07-27 14:43:25.809,-0.47,-0.52,0.75,-32.96,42.85,27.22
2026-07-27 14:43:25.871,-0.47,-0.52,0.75,-32.96,42.85,27.22
2026-07-27 14:43:25.871,-0.46,-0.5,0.8,-26.49,44.31,17.15
2026-07-27 14:43:25.872,-0.46,-0.5,0.8,-26.49,44.31,17.15
2026-07-27 14:43:25.929,-0.46,-0.5,0.88,-21.79,43.76,10.74
2026-07-27 14:43:25.933,-0.44,-0.5,0.95,-20.26,35.95,3.85
2026-07-27 14:43:25.991,-0.44,-0.5,0.95,-20.26,35.95,3.85
2026-07-27 14:43:25.991,-0.42,-0.5,0.99,-17.4,18.13,-7.87
2026-07-27 14:43:25.992,-0.42,-0.5,0.99,-17.4,18.13,-7.87
2026-07-27 14:43:26.049,-0.38,-0.5,0.99,-21.12,-2.38,-17.09
2026-07-27 14:43:26.049,-0.38,-0.5,0.99,-21.12,-2.38,-17.09
2026-07-27 14:43:26.108,-0.35,-0.54,0.97,-26.18,-14.34,-14.4
2026-07-27 14:43:26.109,-0.35,-0.54,0.97,-26.18,-14.34,-14.4
2026-07-27 14:43:26.109,-0.34,-0.6,0.94,-14.77,-17.94,-3.78
2026-07-27 14:43:26.168,-0.36,-0.64,0.89,2.32,-22.34,3.23
2026-07-27 14:43:26.168,-0.36,-0.64,0.89,2.32,-22.34,3.23
2026-07-27 14:43:26.169,-0.38,-0.64,0.8,10.25,-30.21,-0.24
2026-07-27 14:43:26.234,-0.38,-0.64,0.8,10.25,-30.21,-0.24
2026-07-27 14:43:26.235,-0.39,-0.61,0.72,13.12,-36.07,-10.74
2026-07-27 14:43:26.297,-0.39,-0.61,0.72,13.12,-36.07,-10.74
2026-07-27 14:43:26.297,-0.41,-0.57,0.66,15.08,-36.56,-20.26
2026-07-27 14:43:26.297,-0.42,-0.53,0.61,17.4,-31.49,-26.31
2026-07-27 14:43:26.350,-0.42,-0.53,0.61,17.4,-31.49,-26.31
2026-07-27 14:43:26.351,-0.42,-0.48,0.61,20.81,-20.75,-29.6
2026-07-27 14:43:26.351,-0.42,-0.48,0.61,20.81,-20.75,-29.6
2026-07-27 14:43:26.408,-0.43,-0.44,0.63,22.71,-7.93,-28.99
2026-07-27 14:43:26.409,-0.43,-0.44,0.63,22.71,-7.93,-28.99
2026-07-27 14:43:26.468,-0.43,-0.41,0.67,20.32,1.53,-23.25
2026-07-27 14:43:26.469,-0.43,-0.4,0.71,13.61,6.77,-14.95
2026-07-27 14:43:26.469,-0.43,-0.4,0.71,13.61,6.77,-14.95
2026-07-27 14:43:26.528,-0.42,-0.4,0.74,5.43,9.58,-7.26
2026-07-27 14:43:26.529,-0.42,-0.4,0.74,5.43,9.58,-7.26
2026-07-27 14:43:26.588,-0.41,-0.42,0.76,-0.37,11.29,-0.98
2026-07-27 14:43:26.589,-0.41,-0.42,0.76,-0.37,11.29,-0.98
2026-07-27 14:43:26.589,-0.4,-0.44,0.78,-2.62,13.43,3.72
2026-07-27 14:43:26.648,-0.4,-0.44,0.78,-2.62,13.43,3.72
2026-07-27 14:43:26.649,-0.39,-0.46,0.81,-3.11,15.75,6.65
2026-07-27 14:43:26.649,-0.39,-0.46,0.81,-3.11,15.75,6.65
2026-07-27 14:43:26.774,-0.39,-0.46,0.82,-2.75,15.99,7.81
2026-07-27 14:43:26.775,-0.38,-0.47,0.83,-2.2,13.24,8.24
2026-07-27 14:43:26.776,-0.38,-0.47,0.83,-2.2,13.24,8.24
2026-07-27 14:43:26.776,-0.38,-0.47,0.82,-2.38,9.4,9.46
2026-07-27 14:43:26.776,-0.38,-0.47,0.82,-2.38,9.4,9.46
2026-07-27 14:43:26.844,-0.38,-0.48,0.81,-2.81,6.1,11.05
2026-07-27 14:43:26.844,-0.38,-0.48,0.81,-2.81,6.1,11.05
2026-07-27 14:43:26.845,-0.39,-0.5,0.79,-1.83,4.15,10.68
2026-07-27 14:43:26.888,-0.39,-0.5,0.79,-1.83,4.15,10.68
2026-07-27 14:43:26.888,-0.4,-0.5,0.78,0.0,3.6,8.06
2026-07-27 14:43:26.889,-0.4,-0.5,0.78,0.0,3.6,8.06
2026-07-27 14:43:26.949,-0.4,-0.5,0.78,0.67,3.36,5.07
2026-07-27 14:43:26.949,-0.4,-0.5,0.78,0.49,2.62,2.56
2026-07-27 14:43:26.949,-0.4,-0.5,0.78,0.49,2.62,2.56
2026-07-27 14:43:27.008,-0.41,-0.49,0.78,0.85,1.65,0.06
2026-07-27 14:43:27.008,-0.41,-0.49,0.78,0.85,1.65,0.06
2026-07-27 14:43:27.068,-0.42,-0.48,0.77,1.77,1.16,-2.62
2026-07-27 14:43:27.069,-0.42,-0.48,0.77,1.77,1.16,-2.62
2026-07-27 14:43:27.069,-0.42,-0.47,0.76,3.66,1.46,-4.88
2026-07-27 14:43:27.130,-0.42,-0.47,0.76,3.66,1.46,-4.88
2026-07-27 14:43:27.130,-0.43,-0.45,0.76,6.65,2.87,-5.74
2026-07-27 14:43:27.131,-0.43,-0.45,0.76,6.65,2.87,-5.74
2026-07-27 14:43:27.188,-0.44,-0.44,0.77,8.48,4.64,-4.82
2026-07-27 14:43:27.188,-0.44,-0.44,0.77,7.81,5.31,-3.05
2026-07-27 14:43:27.260,-0.44,-0.44,0.77,7.81,5.31,-3.05
2026-07-27 14:43:27.260,-0.45,-0.44,0.77,6.1,4.94,-1.22
2026-07-27 14:43:27.261,-0.45,-0.44,0.77,6.1,4.94,-1.22
2026-07-27 14:43:27.310,-0.45,-0.45,0.76,3.85,3.97,0.31
2026-07-27 14:43:27.311,-0.45,-0.45,0.76,3.85,3.97,0.31
2026-07-27 14:43:27.311,-0.45,-0.45,0.75,2.62,3.54,1.1
2026-07-27 14:43:27.368,-0.45,-0.45,0.75,2.62,3.54,1.1
2026-07-27 14:43:27.368,-0.45,-0.45,0.74,4.7,5.31,1.16
2026-07-27 14:43:27.369,-0.45,-0.45,0.74,4.7,5.31,1.16
2026-07-27 14:43:27.432,-0.45,-0.45,0.74,8.67,8.97,0.49
2026-07-27 14:43:27.433,-0.45,-0.45,0.74,8.67,8.97,0.49
2026-07-27 14:43:27.488,-0.45,-0.44,0.76,10.8,11.96,-0.61
2026-07-27 14:43:27.489,-0.45,-0.43,0.78,8.97,11.96,-0.98
2026-07-27 14:43:27.489,-0.45,-0.43,0.78,8.97,11.96,-0.98
2026-07-27 14:43:27.555,-0.46,-0.43,0.79,3.72,8.54,0.0
2026-07-27 14:43:27.557,-0.46,-0.43,0.79,3.72,8.54,0.0
2026-07-27 14:43:27.557,-0.45,-0.44,0.79,-1.4,4.15,1.28
2026-07-27 14:43:27.609,-0.45,-0.44,0.79,-1.4,4.15,1.28
2026-07-27 14:43:27.610,-0.45,-0.44,0.78,-3.3,2.08,1.83
2026-07-27 14:43:27.610,-0.45,-0.44,0.78,-3.3,2.08,1.83
2026-07-27 14:43:27.671,-0.46,-0.44,0.78,-2.26,2.69,1.28
2026-07-27 14:43:27.671,-0.46,-0.44,0.78,-2.26,2.69,1.28
2026-07-27 14:43:27.730,-0.46,-0.44,0.77,0.73,4.15,-0.18
2026-07-27 14:43:27.730,-0.46,-0.44,0.77,4.21,5.25,-2.01
2026-07-27 14:43:27.787,-0.46,-0.44,0.77,4.21,5.25,-2.01
2026-07-27 14:43:27.788,-0.47,-0.42,0.77,6.29,5.68,-3.36
2026-07-27 14:43:27.804,-0.47,-0.42,0.77,6.29,5.68,-3.36
2026-07-27 14:43:27.804,-0.48,-0.41,0.77,6.77,4.94,-3.23
2026-07-27 14:43:27.850,-0.48,-0.41,0.77,6.77,4.94,-3.23
2026-07-27 14:43:27.850,-0.48,-0.42,0.76,5.13,2.75,-1.53
2026-07-27 14:43:27.852,-0.48,-0.42,0.76,5.13,2.75,-1.53
2026-07-27 14:43:27.908,-0.48,-0.43,0.76,1.71,0.49,0.06
2026-07-27 14:43:27.908,-0.48,-0.43,0.76,1.71,0.49,0.06
2026-07-27 14:43:28.028,-0.48,-0.42,0.75,-0.49,0.18,0.61
2026-07-27 14:43:28.029,-0.48,-0.42,0.75,-0.49,0.18,0.61
2026-07-27 14:43:28.030,-0.48,-0.42,0.75,-0.73,1.4,0.73
2026-07-27 14:43:28.030,-0.48,-0.42,0.75,-0.24,2.32,0.92
2026-07-27 14:43:28.031,-0.48,-0.42,0.75,-0.24,2.32,0.92
2026-07-27 14:43:28.031,-0.48,-0.42,0.76,0.61,2.2,0.55
2026-07-27 14:43:28.088,-0.48,-0.42,0.76,0.61,2.2,0.55
2026-07-27 14:43:28.090,-0.49,-0.42,0.75,1.4,1.71,-0.18
2026-07-27 14:43:28.091,-0.49,-0.42,0.75,1.4,1.71,-0.18
2026-07-27 14:43:28.148,-0.49,-0.42,0.75,1.83,1.83,-0.31
2026-07-27 14:43:28.149,-0.49,-0.42,0.75,1.83,1.83,-0.31
2026-07-27 14:43:28.210,-0.49,-0.42,0.75,2.14,2.5,0.31
2026-07-27 14:43:28.211,-0.49,-0.42,0.75,2.14,2.5,0.31
2026-07-27 14:43:28.211,-0.49,-0.42,0.76,2.08,3.23,1.04
2026-07-27 14:43:28.269,-0.49,-0.42,0.76,1.22,3.6,1.77
2026-07-27 14:43:28.269,-0.49,-0.42,0.76,1.22,3.6,1.77
2026-07-27 14:43:28.269,-0.49,-0.42,0.76,-0.18,2.99,2.2
2026-07-27 14:43:28.329,-0.49,-0.42,0.76,-0.18,2.99,2.2
2026-07-27 14:43:28.330,-0.49,-0.42,0.76,-0.92,1.83,1.77
2026-07-27 14:43:28.330,-0.49,-0.42,0.76,-0.92,1.83,1.77
2026-07-27 14:43:28.388,-0.49,-0.42,0.76,-0.43,0.85,0.61
2026-07-27 14:43:28.388,-0.49,-0.42,0.76,-0.43,0.85,0.61
2026-07-27 14:43:28.448,-0.49,-0.42,0.76,0.24,0.12,0.0
2026-07-27 14:43:28.449,-0.49,-0.42,0.76,-0.24,-0.49,0.55
2026-07-27 14:43:28.449,-0.49,-0.42,0.76,-0.24,-0.49,0.55
2026-07-27 14:43:28.512,-0.49,-0.42,0.75,-0.73,-0.55,1.34
2026-07-27 14:43:28.512,-0.49,-0.42,0.75,-0.73,-0.55,1.34
2026-07-27 14:43:28.573,-0.5,-0.41,0.74,0.18,1.1,1.46
2026-07-27 14:43:28.574,-0.5,-0.41,0.74,0.18,1.1,1.46
2026-07-27 14:43:28.574,-0.51,-0.41,0.73,0.06,7.08,1.95
2026-07-27 14:43:28.575,-0.51,-0.41,0.73,0.06,7.08,1.95
2026-07-27 14:43:28.628,-0.52,-0.41,0.72,-2.38,16.05,3.05
2026-07-27 14:43:28.631,-0.52,-0.41,0.72,-2.38,16.05,3.05
2026-07-27 14:43:28.691,-0.53,-0.42,0.73,-3.3,20.08,3.54
2026-07-27 14:43:28.691,-0.53,-0.42,0.73,-2.81,15.69,3.54
2026-07-27 14:43:28.691,-0.54,-0.42,0.73,-2.81,15.69,3.54
2026-07-27 14:43:28.758,-0.54,-0.43,0.72,-2.75,8.06,2.81
2026-07-27 14:43:28.759,-0.54,-0.43,0.72,-2.75,8.06,2.81
2026-07-27 14:43:28.890,-0.54,-0.42,0.72,-1.83,3.05,1.22
2026-07-27 14:43:28.891,-0.54,-0.42,0.72,-1.83,3.05,1.22
2026-07-27 14:43:28.891,-0.54,-0.41,0.72,-0.67,1.59,0.06
2026-07-27 14:43:28.891,-0.54,-0.41,0.72,-0.67,1.59,0.06
2026-07-27 14:43:28.892,-0.54,-0.4,0.73,0.12,1.46,-0.31
2026-07-27 14:43:28.892,-0.54,-0.4,0.73,0.12,1.46,-0.31
2026-07-27 14:43:28.929,-0.54,-0.41,0.73,0.31,1.04,-0.06
2026-07-27 14:43:28.929,-0.54,-0.41,0.73,0.31,1.04,-0.06
2026-07-27 14:43:28.930,-0.54,-0.42,0.73,-0.43,0.06,0.79
2026-07-27 14:43:28.988,-0.54,-0.42,0.73,-0.85,-0.49,1.22
2026-07-27 14:43:28.989,-0.54,-0.42,0.73,-0.85,-0.49,1.22
2026-07-27 14:43:29.048,-0.54,-0.42,0.73,0.06,-0.31,0.73
2026-07-27 14:43:29.049,-0.54,-0.42,0.73,0.06,-0.31,0.73
2026-07-27 14:43:29.049,-0.54,-0.42,0.73,0.73,-0.61,0.18
2026-07-27 14:43:29.108,-0.54,-0.42,0.73,0.73,-0.61,0.18
2026-07-27 14:43:29.108,-0.54,-0.42,0.73,-0.49,-1.46,0.31
2026-07-27 14:43:29.108,-0.54,-0.42,0.73,-0.49,-1.46,0.31
2026-07-27 14:43:29.169,-0.54,-0.42,0.72,-3.05,-1.28,1.16
2026-07-27 14:43:29.169,-0.54,-0.42,0.72,-3.05,-1.28,1.16
2026-07-27 14:43:29.169,-0.54,-0.42,0.71,-5.19,0.12,2.2
2026-07-27 14:43:29.228,-0.54,-0.42,0.71,-5.19,0.12,2.2
2026-07-27 14:43:29.228,-0.54,-0.42,0.7,-4.94,1.28,2.44
2026-07-27 14:43:29.294,-0.55,-0.42,0.7,-2.93,1.4,1.95
2026-07-27 14:43:29.303,-0.55,-0.42,0.7,-2.93,1.4,1.95
2026-07-27 14:43:29.303,-0.55,-0.43,0.71,-1.89,0.79,1.59
2026-07-27 14:43:29.348,-0.55,-0.43,0.71,-1.89,0.79,1.59
2026-07-27 14:43:29.348,-0.54,-0.43,0.72,-2.08,-0.79,1.22
2026-07-27 14:43:29.348,-0.54,-0.43,0.72,-2.08,-0.79,1.22
2026-07-27 14:43:29.408,-0.54,-0.43,0.72,-2.01,-2.32,0.31
2026-07-27 14:43:29.412,-0.54,-0.43,0.72,-2.01,-2.32,0.31
2026-07-27 14:43:29.412,-0.54,-0.41,0.71,-1.34,-2.75,-0.31
2026-07-27 14:43:29.470,-0.54,-0.41,0.71,-1.34,-2.75,-0.31
2026-07-27 14:43:29.472,-0.54,-0.41,0.71,-0.73,-2.44,0.12
2026-07-27 14:43:29.472,-0.54,-0.41,0.71,-0.18,-2.32,1.04
2026-07-27 14:43:29.528,-0.54,-0.41,0.71,-0.18,-2.32,1.04
2026-07-27 14:43:29.529,-0.54,-0.43,0.71,0.0,-2.44,1.77
2026-07-27 14:43:29.593,-0.54,-0.43,0.71,0.0,-2.44,1.77
2026-07-27 14:43:29.594,-0.54,-0.43,0.71,-0.06,-2.14,1.71
2026-07-27 14:43:29.594,-0.54,-0.43,0.71,-0.06,-2.14,1.71
2026-07-27 14:43:29.648,-0.54,-0.43,0.71,0.18,-1.4,0.85
2026-07-27 14:43:29.649,-0.54,-0.43,0.71,0.18,-1.4,0.85
2026-07-27 14:43:29.649,-0.54,-0.42,0.7,0.06,-0.67,0.31
2026-07-27 14:43:29.712,-0.54,-0.42,0.7,0.06,-0.67,0.31
2026-07-27 14:43:29.713,-0.54,-0.42,0.71,-0.85,0.0,0.67
2026-07-27 14:43:29.713,-0.54,-0.42,0.71,-0.85,0.0,0.67
2026-07-27 14:43:29.769,-0.54,-0.43,0.72,-2.2,0.43,1.16
2026-07-27 14:43:29.769,-0.54,-0.43,0.72,-3.48,0.67,1.22
2026-07-27 14:43:29.835,-0.54,-0.43,0.72,-3.48,0.67,1.22
2026-07-27 14:43:29.835,-0.54,-0.42,0.71,-4.21,1.53,1.22
2026-07-27 14:43:29.835,-0.54,-0.42,0.71,-4.21,1.53,1.22
2026-07-27 14:43:29.895,-0.54,-0.42,0.72,-3.23,1.89,1.16
2026-07-27 14:43:29.896,-0.54,-0.42,0.72,-3.23,1.89,1.16
2026-07-27 14:43:29.896,-0.54,-0.43,0.73,-1.28,0.55,0.85
2026-07-27 14:43:29.948,-0.54,-0.43,0.73,-1.28,0.55,0.85
2026-07-27 14:43:29.949,-0.54,-0.43,0.74,-0.61,-1.71,0.49
2026-07-27 14:43:29.949,-0.54,-0.43,0.74,-0.61,-1.71,0.49
2026-07-27 14:43:30.011,-0.54,-0.43,0.73,-1.53,-4.03,0.37
2026-07-27 14:43:30.011,-0.54,-0.44,0.74,-2.44,-5.92,0.61
2026-07-27 14:43:30.068,-0.54,-0.44,0.74,-2.44,-5.92,0.61
2026-07-27 14:43:30.082,-0.53,-0.45,0.81,-5.86,-9.03,0.55
2026-07-27 14:43:30.082,-0.53,-0.45,0.81,-5.86,-9.03,0.55
2026-07-27 14:43:30.130,-0.52,-0.45,0.93,-18.98,-20.08,0.43
2026-07-27 14:43:30.131,-0.52,-0.45,0.93,-18.98,-20.08,0.43
2026-07-27 14:43:30.131,-0.48,-0.49,1.0,-43.27,-43.76,2.99
2026-07-27 14:43:30.188,-0.48,-0.49,1.0,-43.27,-43.76,2.99
2026-07-27 14:43:30.189,-0.44,-0.57,0.96,-58.53,-68.73,7.39
2026-07-27 14:43:30.249,-0.41,-0.64,0.91,-39.67,-76.6,5.55
2026-07-27 14:43:30.250,-0.41,-0.64,0.91,-39.67,-76.6,5.55
2026-07-27 14:43:30.250,-0.39,-0.64,0.88,-3.17,-71.17,-5.55
2026-07-27 14:43:30.309,-0.39,-0.64,0.88,-3.17,-71.17,-5.55
2026-07-27 14:43:30.310,-0.37,-0.6,0.84,17.27,-68.48,-19.96
2026-07-27 14:43:30.310,-0.37,-0.6,0.84,17.27,-68.48,-19.96
2026-07-27 14:43:30.372,-0.35,-0.54,0.77,20.2,-70.07,-31.74
2026-07-27 14:43:30.373,-0.32,-0.48,0.69,16.24,-68.91,-37.17
2026-07-27 14:43:30.435,-0.32,-0.48,0.69,16.24,-68.91,-37.17
2026-07-27 14:43:30.435,-0.28,-0.43,0.63,1.1,-59.94,-33.02
2026-07-27 14:43:30.435,-0.28,-0.43,0.63,1.1,-59.94,-33.02
2026-07-27 14:43:30.488,-0.26,-0.42,0.58,-42.3,-42.66,-15.75
2026-07-27 14:43:30.488,-0.26,-0.42,0.58,-42.3,-42.66,-15.75
2026-07-27 14:43:30.549,-0.26,-0.45,0.49,-113.16,-14.4,11.05
2026-07-27 14:43:30.549,-0.26,-0.45,0.49,-187.93,16.97,37.05
2026-07-27 14:43:30.550,-0.28,-0.51,0.39,-187.93,16.97,37.05
2026-07-27 14:43:30.608,-0.31,-0.58,0.31,-224.37,27.16,49.56
2026-07-27 14:43:30.609,-0.31,-0.58,0.31,-224.37,27.16,49.56
2026-07-27 14:43:30.670,-0.33,-0.65,0.25,-205.69,24.05,47.3
2026-07-27 14:43:30.670,-0.33,-0.65,0.25,-205.69,24.05,47.3
2026-07-27 14:43:30.670,-0.36,-0.7,0.2,-167.97,19.04,41.63
2026-07-27 14:43:30.730,-0.36,-0.7,0.2,-134.22,7.75,40.71
2026-07-27 14:43:30.731,-0.38,-0.73,0.17,-134.22,7.75,40.71
2026-07-27 14:43:30.731,-0.41,-0.77,0.16,-107.91,-7.75,44.49
2026-07-27 14:43:30.791,-0.41,-0.77,0.16,-107.91,-7.75,44.49
2026-07-27 14:43:30.791,-0.45,-0.84,0.18,-72.75,-16.11,50.96
2026-07-27 14:43:30.792,-0.45,-0.84,0.18,-72.75,-16.11,50.96
2026-07-27 14:43:30.849,-0.48,-0.94,0.22,-8.12,-5.25,58.04
2026-07-27 14:43:30.850,-0.48,-0.94,0.22,-8.12,-5.25,58.04
2026-07-27 14:43:30.916,-0.51,-1.04,0.31,63.23,10.13,58.72
2026-07-27 14:43:30.916,-0.52,-1.13,0.4,92.96,11.11,48.77
2026-07-27 14:43:30.916,-0.52,-1.13,0.4,92.96,11.11,48.77
2026-07-27 14:43:30.970,-0.5,-1.18,0.45,70.8,-1.53,30.4
2026-07-27 14:43:30.971,-0.5,-1.18,0.45,70.8,-1.53,30.4
2026-07-27 14:43:31.029,-0.47,-1.19,0.47,38.39,-16.42,5.74
2026-07-27 14:43:31.030,-0.47,-1.19,0.47,38.39,-16.42,5.74
2026-07-27 14:43:31.031,-0.43,-1.14,0.47,27.71,-28.08,-22.89
2026-07-27 14:43:31.088,-0.43,-1.14,0.47,27.71,-28.08,-22.89
2026-07-27 14:43:31.089,-0.38,-1.04,0.48,46.08,-41.5,-53.59
2026-07-27 14:43:31.089,-0.38,-1.04,0.48,95.46,-68.91,-87.71
2026-07-27 14:43:31.148,-0.32,-0.92,0.51,95.46,-68.91,-87.71
2026-07-27 14:43:31.148,-0.26,-0.82,0.55,147.16,-98.63,-115.3
2026-07-27 14:43:31.149,-0.26,-0.82,0.55,147.16,-98.63,-115.3
2026-07-27 14:43:31.209,-0.19,-0.74,0.57,167.97,-99.79,-125.92
2026-07-27 14:43:31.209,-0.19,-0.74,0.57,167.97,-99.79,-125.92
2026-07-27 14:43:31.268,-0.14,-0.61,0.57,171.63,-62.5,-130.31
2026-07-27 14:43:31.268,-0.14,-0.61,0.57,180.3,-11.41,-130.55
2026-07-27 14:43:31.269,-0.14,-0.45,0.58,180.3,-11.41,-130.55
2026-07-27 14:43:31.329,-0.15,-0.3,0.62,201.78,22.71,-121.64
2026-07-27 14:43:31.329,-0.15,-0.3,0.62,201.78,22.71,-121.64
2026-07-27 14:43:31.392,-0.2,-0.12,0.65,248.6,50.23,-112.43
2026-07-27 14:43:31.392,-0.2,-0.12,0.65,248.6,50.23,-112.43
2026-07-27 14:43:31.392,-0.26,0.06,0.71,262.82,79.53,-79.53
2026-07-27 14:43:31.463,-0.26,0.06,0.71,168.52,88.56,-20.02
2026-07-27 14:43:31.463,-0.29,0.1,0.78,168.52,88.56,-20.02
2026-07-27 14:43:31.508,-0.3,-0.01,0.83,15.08,74.04,26.55
2026-07-27 14:43:31.509,-0.3,-0.01,0.83,15.08,74.04,26.55
2026-07-27 14:43:31.509,-0.29,-0.15,0.86,-96.01,57.56,52.98
2026-07-27 14:43:31.570,-0.29,-0.15,0.86,-96.01,57.56,52.98
2026-07-27 14:43:31.570,-0.3,-0.28,0.87,-137.39,61.46,70.37
2026-07-27 14:43:31.571,-0.3,-0.28,0.87,-137.39,61.46,70.37
2026-07-27 14:43:31.632,-0.36,-0.35,0.88,-133.18,84.23,74.16
2026-07-27 14:43:31.632,-0.45,-0.36,0.89,-103.94,106.51,54.99
2026-07-27 14:43:31.689,-0.45,-0.36,0.89,-103.94,106.51,54.99
2026-07-27 14:43:31.689,-0.51,-0.36,0.9,-69.27,117.49,27.22
2026-07-27 14:43:31.689,-0.51,-0.36,0.9,-69.27,117.49,27.22
2026-07-27 14:43:31.748,-0.55,-0.38,0.96,-35.1,115.97,12.15
2026-07-27 14:43:31.748,-0.55,-0.38,0.96,-35.1,115.97,12.15
2026-07-27 14:43:31.749,-0.63,-0.38,1.02,-5.62,92.41,6.04
2026-07-27 14:43:31.808,-0.61,-0.38,1.05,18.98,33.63,-17.15
2026-07-27 14:43:31.808,-0.61,-0.38,1.05,18.98,33.63,-17.15
2026-07-27 14:43:31.868,-0.44,-0.33,1.04,75.56,-28.99,-59.57
2026-07-27 14:43:31.868,-0.44,-0.33,1.04,75.56,-28.99,-59.57
2026-07-27 14:43:31.868,-0.35,-0.19,1.03,137.39,-46.33,-72.27
2026-07-27 14:43:31.932,-0.35,-0.19,1.03,137.39,-46.33,-72.27
2026-07-27 14:43:31.932,-0.38,-0.03,1.06,144.53,-20.75,-33.26
2026-07-27 14:43:31.932,-0.38,-0.03,1.06,116.7,20.57,28.08
2026-07-27 14:43:31.991,-0.45,0.1,1.05,116.7,20.57,28.08
2026-07-27 14:43:31.995,-0.52,0.17,0.95,80.14,47.79,69.89
2026-07-27 14:43:32.049,-0.52,0.17,0.95,80.14,47.79,69.89
2026-07-27 14:43:32.108,-0.57,0.15,0.83,42.72,37.6,66.04
2026-07-27 14:43:32.108,-0.57,0.15,0.83,42.72,37.6,66.04
2026-07-27 14:43:32.109,-0.6,0.08,0.73,17.76,9.7,36.8
2026-07-27 14:43:32.109,-0.6,0.08,0.73,17.76,9.7,36.8
2026-07-27 14:43:32.110,-0.6,0.04,0.68,11.78,-7.26,12.21
2026-07-27 14:43:32.169,-0.6,0.06,0.65,15.69,-12.33,2.01
2026-07-27 14:43:32.169,-0.6,0.06,0.65,15.69,-12.33,2.01
2026-07-27 14:43:32.229,-0.6,0.13,0.7,9.77,-9.77,1.28
2026-07-27 14:43:32.229,-0.6,0.13,0.7,9.77,-9.77,1.28
2026-07-27 14:43:32.231,-0.6,0.18,0.84,-33.08,-4.52,4.46
2026-07-27 14:43:32.290,-0.6,0.18,0.84,-33.08,-4.52,4.46
2026-07-27 14:43:32.290,-0.62,0.1,0.99,-107.48,-4.27,10.93
2026-07-27 14:43:32.350,-0.63,-0.08,1.08,-154.66,-20.51,19.47
2026-07-27 14:43:32.350,-0.63,-0.08,1.08,-154.66,-20.51,19.47
2026-07-27 14:43:32.350,-0.58,-0.29,1.07,-132.08,-55.66,24.41
2026-07-27 14:43:32.413,-0.58,-0.29,1.07,-132.08,-55.66,24.41
2026-07-27 14:43:32.422,-0.48,-0.39,0.98,-64.94,-86.85,15.75
2026-07-27 14:43:32.422,-0.48,-0.39,0.98,-64.94,-86.85,15.75
2026-07-27 14:43:32.468,-0.38,-0.34,0.83,-6.23,-92.16,-9.03
2026-07-27 14:43:32.468,-0.31,-0.21,0.7,22.77,-71.04,-37.23
2026-07-27 14:43:32.529,-0.31,-0.21,0.7,22.77,-71.04,-37.23
2026-07-27 14:43:32.529,-0.29,-0.07,0.58,33.69,-36.5,-52.25
2026-07-27 14:43:32.530,-0.29,-0.07,0.58,33.69,-36.5,-52.25
2026-07-27 14:43:32.590,-0.29,0.05,0.52,41.14,-2.81,-41.32
2026-07-27 14:43:32.590,-0.29,0.05,0.52,41.14,-2.81,-41.32
2026-07-27 14:43:32.649,-0.32,0.11,0.55,46.02,13.67,-2.2
2026-07-27 14:43:32.650,-0.32,0.11,0.55,46.02,13.67,-2.2
2026-07-27 14:43:32.650,-0.37,0.07,0.64,26.31,11.6,42.3
2026-07-27 14:43:32.708,-0.42,-0.02,0.73,-9.7,6.84,70.01
2026-07-27 14:43:32.709,-0.42,-0.02,0.73,-9.7,6.84,70.01
2026-07-27 14:43:32.719,-0.45,-0.1,0.8,-28.38,1.77,74.22
2026-07-27 14:43:32.768,-0.45,-0.1,0.8,-28.38,1.77,74.22
2026-07-27 14:43:32.769,-0.47,-0.14,0.83,-44.19,-7.81,61.22
2026-07-27 14:43:32.769,-0.47,-0.14,0.83,-44.19,-7.81,61.22
2026-07-27 14:43:32.837,-0.46,-0.21,0.89,-111.82,-9.16,51.51
2026-07-27 14:43:32.838,-0.46,-0.21,0.89,-111.82,-9.16,51.51
2026-07-27 14:43:32.888,-0.44,-0.3,0.97,-168.09,9.89,50.29
2026-07-27 14:43:32.895,-0.41,-0.33,1.02,-123.41,34.42,49.99
2026-07-27 14:43:32.895,-0.41,-0.33,1.02,-123.41,34.42,49.99
2026-07-27 14:43:32.948,-0.41,-0.37,1.08,-53.22,40.1,48.52
2026-07-27 14:43:32.948,-0.41,-0.37,1.08,-53.22,40.1,48.52
2026-07-27 14:43:33.008,-0.41,-0.51,1.16,-22.4,26.31,46.39
2026-07-27 14:43:33.009,-0.41,-0.51,1.16,-22.4,26.31,46.39
2026-07-27 14:43:33.068,-0.39,-0.69,1.24,0.43,5.98,35.22
2026-07-27 14:43:33.068,-0.35,-0.73,1.26,23.8,-17.7,5.25
2026-07-27 14:43:33.069,-0.35,-0.73,1.26,23.8,-17.7,5.25
2026-07-27 14:43:33.069,-0.3,-0.6,1.15,32.59,-43.52,-36.56
2026-07-27 14:43:33.128,-0.3,-0.6,1.15,32.59,-43.52,-36.56
2026-07-27 14:43:33.132,-0.26,-0.34,0.98,45.9,-67.87,-74.77
2026-07-27 14:43:33.132,-0.26,-0.34,0.98,45.9,-67.87,-74.77
2026-07-27 14:43:33.192,-0.23,-0.09,0.83,70.37,-82.21,-92.16
2026-07-27 14:43:33.193,-0.23,-0.09,0.83,70.37,-82.21,-92.16
2026-07-27 14:43:33.248,-0.23,0.02,0.72,81.67,-78.06,-80.44
2026-07-27 14:43:33.249,-0.26,0.03,0.64,75.56,-61.28,-56.7
2026-07-27 14:43:33.249,-0.26,0.03,0.64,75.56,-61.28,-56.7
2026-07-27 14:43:33.310,-0.3,0.03,0.61,64.15,-42.66,-39.18
2026-07-27 14:43:33.310,-0.3,0.03,0.61,64.15,-42.66,-39.18
2026-07-27 14:43:33.368,-0.34,-0.01,0.65,40.89,-23.5,-20.45
2026-07-27 14:43:33.368,-0.34,-0.01,0.65,40.89,-23.5,-20.45
2026-07-27 14:43:33.369,-0.37,-0.16,0.74,13.31,-5.37,5.25
2026-07-27 14:43:33.434,-0.34,-0.29,0.87,60.42,-19.23,39.98
2026-07-27 14:43:33.434,-0.34,-0.29,0.87,60.42,-19.23,39.98
2026-07-27 14:43:33.488,-0.12,0.01,0.94,280.33,-105.35,78.25
2026-07-27 14:43:33.489,-0.12,0.01,0.94,280.33,-105.35,78.25
2026-07-27 14:43:33.489,0.19,0.63,0.89,433.29,-165.89,70.37
2026-07-27 14:43:33.560,0.19,0.63,0.89,433.29,-165.89,70.37
2026-07-27 14:43:33.560,0.35,0.96,0.81,296.14,-113.65,38.45
2026-07-27 14:43:33.561,0.41,0.92,0.79,79.9,-33.39,61.28
2026-07-27 14:43:33.609,0.41,0.92,0.79,79.9,-33.39,61.28
2026-07-27 14:43:33.609,0.4,0.66,0.86,-115.48,52.98,114.2
2026-07-27 14:43:33.668,0.4,0.66,0.86,-115.48,52.98,114.2
2026-07-27 14:43:33.669,0.18,0.21,0.93,-369.14,222.9,153.2
2026-07-27 14:43:33.669,0.18,0.21,0.93,-369.14,222.9,153.2
2026-07-27 14:43:33.729,-0.1,-0.21,0.98,-450.32,293.15,167.6
2026-07-27 14:43:33.729,-0.2,-0.31,0.96,-263.55,147.89,134.28
2026-07-27 14:43:33.729,-0.2,-0.31,0.96,-263.55,147.89,134.28
2026-07-27 14:43:33.788,-0.19,-0.22,0.87,-73.61,-1.77,62.44
2026-07-27 14:43:33.788,-0.19,-0.22,0.87,-73.61,-1.77,62.44
2026-07-27 14:43:33.850,-0.16,-0.09,0.84,25.57,-60.85,-3.05
2026-07-27 14:43:33.850,-0.16,-0.09,0.84,25.57,-60.85,-3.05
2026-07-27 14:43:33.850,-0.09,0.11,0.91,68.97,-65.06,-36.44
2026-07-27 14:43:33.909,0.05,0.38,0.99,61.16,-47.06,-18.92
2026-07-27 14:43:33.909,0.05,0.38,0.99,61.16,-47.06,-18.92
2026-07-27 14:43:33.969,0.15,0.58,0.98,3.42,-23.32,63.72
2026-07-27 14:43:33.970,0.15,0.58,0.98,3.42,-23.32,63.72
2026-07-27 14:43:33.970,0.11,0.56,0.93,-53.34,-3.85,177.73
2026-07-27 14:43:34.029,0.11,0.56,0.93,-53.34,-3.85,177.73
2026-07-27 14:43:34.029,-0.02,0.4,0.96,-73.3,12.88,256.77
2026-07-27 14:43:34.029,-0.02,0.4,0.96,-73.3,12.88,256.77
2026-07-27 14:43:34.088,-0.16,0.21,1.01,-61.95,20.63,267.76
2026-07-27 14:43:34.089,-0.35,0.03,0.99,-39.61,14.71,237.0
2026-07-27 14:43:34.155,-0.35,0.03,0.99,-39.61,14.71,237.0
2026-07-27 14:43:34.169,-0.58,-0.22,0.97,-20.94,8.3,202.39
2026-07-27 14:43:34.169,-0.58,-0.22,0.97,-20.94,8.3,202.39
2026-07-27 14:43:34.208,-0.75,-0.48,0.98,-8.36,8.73,169.19
2026-07-27 14:43:34.209,-0.75,-0.48,0.98,-8.36,8.73,169.19
2026-07-27 14:43:34.269,-0.77,-0.61,0.96,-5.92,8.48,121.4
2026-07-27 14:43:34.269,-0.67,-0.58,0.88,-12.15,2.32,61.52
2026-07-27 14:43:34.269,-0.67,-0.58,0.88,-12.15,2.32,61.52
2026-07-27 14:43:34.336,-0.52,-0.48,0.79,-15.87,-4.82,10.8
2026-07-27 14:43:34.336,-0.52,-0.48,0.79,-15.87,-4.82,10.8
2026-07-27 14:43:34.337,-0.39,-0.38,0.78,-13.0,-2.99,-18.74
2026-07-27 14:43:34.388,-0.39,-0.38,0.78,-13.0,-2.99,-18.74
2026-07-27 14:43:34.392,-0.33,-0.33,0.87,-10.01,10.74,-28.93
2026-07-27 14:43:34.449,-0.29,-0.35,1.06,-16.17,15.99,-37.29
2026-07-27 14:43:34.449,-0.29,-0.35,1.06,-16.17,15.99,-37.29
2026-07-27 14:43:34.449,-0.14,-0.43,1.27,-44.98,-10.44,-59.63
2026-07-27 14:43:34.513,-0.14,-0.43,1.27,-44.98,-10.44,-59.63
2026-07-27 14:43:34.514,0.0,-0.43,1.4,-53.16,-38.27,-68.6
2026-07-27 14:43:34.514,0.0,-0.43,1.4,-53.16,-38.27,-68.6
2026-07-27 14:43:34.568,-0.0,-0.29,1.33,-7.87,-43.03,-51.82
2026-07-27 14:43:34.575,-0.0,-0.29,1.33,-7.87,-43.03,-51.82
2026-07-27 14:43:34.628,-0.05,-0.14,1.09,29.11,-47.55,-42.24
2026-07-27 14:43:34.629,-0.09,-0.05,0.85,22.09,-52.06,-44.68
2026-07-27 14:43:34.629,-0.09,-0.05,0.85,22.09,-52.06,-44.68
2026-07-27 14:43:34.748,-0.12,-0.03,0.66,0.24,-41.02,-46.45
2026-07-27 14:43:34.748,-0.12,-0.03,0.66,0.24,-41.02,-46.45
2026-07-27 14:43:34.751,-0.13,-0.02,0.55,-4.09,-15.81,-48.58
2026-07-27 14:43:34.751,-0.13,-0.02,0.55,-4.09,-15.81,-48.58
2026-07-27 14:43:34.753,-0.17,-0.02,0.52,9.7,36.25,-57.92
2026-07-27 14:43:34.753,-0.17,-0.02,0.52,9.7,36.25,-57.92
2026-07-27 14:43:34.809,-0.26,-0.06,0.54,21.97,121.03,-81.79
2026-07-27 14:43:34.810,-0.34,-0.1,0.54,30.09,184.08,-92.29
2026-07-27 14:43:34.869,-0.34,-0.1,0.54,30.09,184.08,-92.29
2026-07-27 14:43:34.869,-0.41,-0.11,0.56,39.06,176.03,-61.83
2026-07-27 14:43:34.869,-0.41,-0.11,0.56,39.06,176.03,-61.83
2026-07-27 14:43:34.929,-0.48,-0.13,0.61,45.59,129.82,-25.15
2026-07-27 14:43:34.929,-0.48,-0.13,0.61,45.59,129.82,-25.15
2026-07-27 14:43:34.989,-0.56,-0.16,0.67,46.75,98.21,-34.61
2026-07-27 14:43:34.989,-0.61,-0.21,0.79,33.51,83.13,-76.78
2026-07-27 14:43:34.991,-0.61,-0.21,0.79,33.51,83.13,-76.78
2026-07-27 14:43:35.048,-0.59,-0.28,1.02,12.39,56.7,-98.02
2026-07-27 14:43:35.049,-0.59,-0.28,1.02,12.39,56.7,-98.02
2026-07-27 14:43:35.049,-0.53,-0.32,1.26,9.83,39.25,-86.43
2026-07-27 14:43:35.110,-0.53,-0.32,1.26,9.83,39.25,-86.43
2026-07-27 14:43:35.112,-0.52,-0.31,1.39,14.34,60.3,-62.13
2026-07-27 14:43:35.169,-0.52,-0.31,1.39,14.34,60.3,-62.13
2026-07-27 14:43:35.169,-0.54,-0.34,1.4,4.15,72.39,-34.36
2026-07-27 14:43:35.170,-0.58,-0.39,1.29,-8.36,41.81,-10.5
2026-07-27 14:43:35.242,-0.58,-0.39,1.29,-8.36,41.81,-10.5
2026-07-27 14:43:35.243,-0.59,-0.38,1.12,-6.59,-9.77,-5.74
2026-07-27 14:43:35.243,-0.59,-0.38,1.12,-6.59,-9.77,-5.74
2026-07-27 14:43:35.289,-0.56,-0.33,0.96,8.73,-55.6,-17.52
2026-07-27 14:43:35.290,-0.56,-0.33,0.96,8.73,-55.6,-17.52
2026-07-27 14:43:35.350,-0.51,-0.27,0.85,20.2,-79.9,-30.4
2026-07-27 14:43:35.350,-0.51,-0.27,0.85,18.62,-82.34,-34.12
2026-07-27 14:43:35.351,-0.47,-0.25,0.77,18.62,-82.34,-34.12
2026-07-27 14:43:35.411,-0.44,-0.25,0.69,10.44,-73.06,-31.37
2026-07-27 14:43:35.412,-0.44,-0.25,0.69,10.44,-73.06,-31.37
2026-07-27 14:43:35.412,-0.41,-0.25,0.61,5.07,-60.0,-29.42
2026-07-27 14:43:35.468,-0.41,-0.25,0.61,5.07,-60.0,-29.42
2026-07-27 14:43:35.469,-0.38,-0.23,0.55,6.29,-43.95,-30.15
2026-07-27 14:43:35.530,-0.38,-0.23,0.55,6.29,-43.95,-30.15
2026-07-27 14:43:35.545,-0.37,-0.21,0.54,12.51,-23.86,-29.3
2026-07-27 14:43:35.545,-0.37,-0.19,0.57,19.78,-1.22,-23.74
2026-07-27 14:43:35.588,-0.37,-0.19,0.57,19.78,-1.22,-23.74
2026-07-27 14:43:35.588,-0.39,-0.19,0.66,21.73,21.42,-16.24
2026-07-27 14:43:35.589,-0.39,-0.19,0.66,21.73,21.42,-16.24
2026-07-27 14:43:35.654,-0.42,-0.21,0.74,18.01,39.86,-10.86
2026-07-27 14:43:35.655,-0.42,-0.21,0.74,18.01,39.86,-10.86
2026-07-27 14:43:35.709,-0.44,-0.23,0.8,16.97,50.42,-9.46
2026-07-27 14:43:35.710,-0.44,-0.23,0.8,16.97,50.42,-9.46
2026-07-27 14:43:35.710,-0.45,-0.23,0.83,21.61,55.73,-10.44
2026-07-27 14:43:35.768,-0.46,-0.22,0.88,25.57,59.51,-11.05
2026-07-27 14:43:35.769,-0.46,-0.22,0.88,25.57,59.51,-11.05
2026-07-27 14:43:35.828,-0.45,-0.21,0.99,26.0,58.72,-11.23
2026-07-27 14:43:35.835,-0.45,-0.21,0.99,26.0,58.72,-11.23
2026-07-27 14:43:35.835,-0.43,-0.18,1.16,23.62,48.83,-9.28
2026-07-27 14:43:35.888,-0.43,-0.18,1.16,23.62,48.83,-9.28
2026-07-27 14:43:35.889,-0.43,-0.21,1.29,14.71,32.23,2.5
2026-07-27 14:43:35.889,-0.43,-0.21,1.29,14.71,32.23,2.5
2026-07-27 14:43:35.949,-0.46,-0.28,1.3,0.55,12.82,20.2
2026-07-27 14:43:35.949,-0.49,-0.28,1.19,-6.47,-2.2,34.79
2026-07-27 14:43:35.949,-0.49,-0.28,1.19,-6.47,-2.2,34.79
2026-07-27 14:43:36.008,-0.55,-0.2,1.06,-0.43,-11.9,47.73
2026-07-27 14:43:36.009,-0.55,-0.2,1.06,-0.43,-11.9,47.73
2026-07-27 14:43:36.077,-0.56,-0.12,0.95,8.73,-32.41,42.97
2026-07-27 14:43:36.078,-0.56,-0.12,0.95,8.73,-32.41,42.97
2026-07-27 14:43:36.078,-0.52,-0.08,0.81,8.61,-55.85,13.67
2026-07-27 14:43:36.132,-0.52,-0.08,0.81,8.61,-55.85,13.67
2026-07-27 14:43:36.132,-0.46,-0.09,0.7,2.87,-77.27,-18.86
2026-07-27 14:43:36.188,-0.4,-0.14,0.67,1.59,-81.97,-36.68
2026-07-27 14:43:36.189,-0.4,-0.14,0.67,1.59,-81.97,-36.68
2026-07-27 14:43:36.190,-0.39,-0.16,0.66,3.91,-32.04,-39.37
2026-07-27 14:43:36.249,-0.39,-0.16,0.66,3.91,-32.04,-39.37
2026-07-27 14:43:36.249,-0.43,-0.16,0.63,7.08,46.94,-37.48
2026-07-27 14:43:36.249,-0.43,-0.16,0.63,9.83,104.0,-31.62
2026-07-27 14:43:36.309,-0.5,-0.17,0.6,9.83,104.0,-31.62
2026-07-27 14:43:36.309,-0.56,-0.15,0.56,14.95,131.65,-25.7
2026-07-27 14:43:36.371,-0.56,-0.15,0.56,14.95,131.65,-25.7
2026-07-27 14:43:36.373,-0.64,-0.09,0.54,21.12,135.44,-23.93
2026-07-27 14:43:36.373,-0.64,-0.09,0.54,21.12,135.44,-23.93
2026-07-27 14:43:36.428,-0.72,0.0,0.58,21.42,100.4,-35.95
2026-07-27 14:43:36.429,-0.72,0.0,0.58,21.42,100.4,-35.95
2026-07-27 14:43:36.429,-0.63,-0.08,0.68,12.63,-0.79,-77.45
2026-07-27 14:43:36.488,-0.44,-0.25,0.85,13.73,-92.47,-114.2
2026-07-27 14:43:36.488,-0.44,-0.25,0.85,13.73,-92.47,-114.2
2026-07-27 14:43:36.553,-0.38,-0.24,1.06,34.36,-83.07,-92.59
2026-07-27 14:43:36.553,-0.38,-0.24,1.06,34.36,-83.07,-92.59
2026-07-27 14:43:36.553,-0.42,-0.14,1.24,55.05,-56.15,-35.16
2026-07-27 14:43:36.609,-0.42,-0.14,1.24,55.05,-56.15,-35.16
2026-07-27 14:43:36.626,-0.35,-0.05,1.32,69.34,-97.66,3.11
2026-07-27 14:43:36.627,-0.35,-0.05,1.32,69.34,-97.66,3.11
2026-07-27 14:43:36.672,-0.35,-0.05,1.32,69.34,-97.66,3.11
2026-07-27 14:43:36.673,-0.35,-0.05,1.32,69.34,-97.66,3.11
2026-07-27 14:43:36.674,-0.11,-0.09,1.28,28.2,-127.32,10.01
2026-07-27 14:43:36.728,-0.11,-0.09,1.28,10.56,-93.26,17.58
2026-07-27 14:43:36.728,-0.1,-0.14,1.16,10.56,-93.26,17.58
2026-07-27 14:43:36.793,-0.12,-0.19,0.98,4.39,-84.29,21.18
2026-07-27 14:43:36.794,-0.12,-0.19,0.98,4.39,-84.29,21.18
2026-07-27 14:43:36.794,-0.14,-0.21,0.81,-3.11,-85.02,13.37
2026-07-27 14:43:36.848,-0.14,-0.21,0.81,-3.11,-85.02,13.37
2026-07-27 14:43:36.849,-0.14,-0.21,0.67,-7.51,-77.94,-0.98
2026-07-27 14:43:36.850,-0.14,-0.21,0.67,-7.51,-77.94,-0.98
2026-07-27 14:43:36.909,-0.16,-0.19,0.57,-9.7,-52.67,-13.85
2026-07-27 14:43:36.910,-0.16,-0.19,0.57,-9.7,-52.67,-13.85
2026-07-27 14:43:36.969,-0.18,-0.15,0.53,-8.0,-13.55,-20.87
2026-07-27 14:43:36.970,-0.2,-0.14,0.56,-6.29,28.26,-19.53
2026-07-27 14:43:36.970,-0.2,-0.14,0.56,-6.29,28.26,-19.53
2026-07-27 14:43:37.032,-0.23,-0.14,0.69,-10.01,65.98,-10.31
2026-07-27 14:43:37.033,-0.23,-0.14,0.69,-10.01,65.98,-10.31
2026-07-27 14:43:37.049,-0.24,-0.14,0.91,-13.37,88.13,2.44
2026-07-27 14:43:37.089,-0.24,-0.14,0.91,-13.37,88.13,2.44
2026-07-27 14:43:37.089,-0.2,-0.17,1.13,-15.44,86.24,14.65
2026-07-27 14:43:37.149,-0.2,-0.17,1.13,-13.85,73.12,21.0
2026-07-27 14:43:37.150,-0.16,-0.24,1.25,-13.85,73.12,21.0
2026-07-27 14:43:37.151,-0.11,-0.27,1.39,-0.18,63.23,14.22
2026-07-27 14:43:37.210,-0.11,-0.27,1.39,-0.18,63.23,14.22
2026-07-27 14:43:37.210,-0.05,-0.16,1.57,25.33,45.53,-6.41
2026-07-27 14:43:37.211,-0.05,-0.16,1.57,25.33,45.53,-6.41
2026-07-27 14:43:37.268,0.01,-0.02,1.67,43.52,7.75,-28.81
2026-07-27 14:43:37.268,0.01,-0.02,1.67,43.52,7.75,-28.81
2026-07-27 14:43:37.341,-0.01,-0.02,1.59,35.1,-38.45,-34.85
2026-07-27 14:43:37.342,-0.01,-0.02,1.59,17.64,-75.74,-27.22
2026-07-27 14:43:37.342,-0.11,-0.09,1.34,17.64,-75.74,-27.22
2026-07-27 14:43:37.389,-0.23,-0.12,1.03,6.84,-93.81,-19.65
2026-07-27 14:43:37.389,-0.23,-0.12,1.03,6.84,-93.81,-19.65
2026-07-27 14:43:37.389,-0.3,-0.09,0.74,-3.91,-87.1,-14.71
2026-07-27 14:43:37.449,-0.3,-0.09,0.74,-3.91,-87.1,-14.71
2026-07-27 14:43:37.449,-0.3,-0.04,0.45,-8.24,-63.35,-13.12
2026-07-27 14:43:37.449,-0.3,-0.04,0.45,-8.24,-63.35,-13.12
2026-07-27 14:43:37.509,-0.27,-0.02,0.22,0.85,-33.94,-12.88
2026-07-27 14:43:37.509,-0.25,-0.06,0.18,16.54,1.77,-5.68
2026-07-27 14:43:37.568,-0.25,-0.06,0.18,16.54,1.77,-5.68
2026-07-27 14:43:37.569,-0.26,-0.15,0.36,24.78,42.05,8.18
2026-07-27 14:43:37.570,-0.26,-0.15,0.36,24.78,42.05,8.18
2026-07-27 14:43:37.630,-0.27,-0.21,0.7,14.59,74.95,17.82
2026-07-27 14:43:37.630,-0.27,-0.21,0.7,14.59,74.95,17.82
2026-07-27 14:43:37.688,-0.25,-0.2,1.03,-3.91,90.03,19.35
2026-07-27 14:43:37.689,-0.25,-0.2,1.03,-3.91,90.03,19.35
2026-07-27 14:43:37.689,-0.19,-0.16,1.28,-17.21,85.45,17.27
2026-07-27 14:43:37.758,-0.14,-0.11,1.41,-23.99,69.58,15.08
2026-07-27 14:43:37.759,-0.14,-0.11,1.41,-23.99,69.58,15.08
2026-07-27 14:43:37.765,-0.1,-0.05,1.5,-21.12,50.17,11.29
2026-07-27 14:43:37.808,-0.1,-0.05,1.5,-21.12,50.17,11.29
2026-07-27 14:43:37.809,-0.06,-0.03,1.6,-9.4,24.17,8.18
2026-07-27 14:43:37.809,-0.06,-0.03,1.6,-9.4,24.17,8.18
2026-07-27 14:43:37.868,-0.07,-0.08,1.64,-0.73,-9.03,8.18
2026-07-27 14:43:37.869,-0.07,-0.08,1.64,-0.73,-9.03,8.18
2026-07-27 14:43:37.929,-0.11,-0.17,1.55,4.82,-44.92,4.88
2026-07-27 14:43:37.930,-0.11,-0.17,1.55,16.24,-79.53,-8.48
2026-07-27 14:43:37.930,-0.17,-0.2,1.31,16.24,-79.53,-8.48
2026-07-27 14:43:37.989,-0.2,-0.14,0.99,31.01,-102.91,-26.98
2026-07-27 14:43:37.989,-0.2,-0.14,0.99,31.01,-102.91,-26.98
2026-07-27 14:43:38.052,-0.22,-0.05,0.7,39.98,-106.57,-38.27
2026-07-27 14:43:38.052,-0.22,-0.05,0.7,39.98,-106.57,-38.27
2026-07-27 14:43:38.052,-0.23,0.01,0.47,37.29,-92.16,-37.84
2026-07-27 14:43:38.109,-0.23,0.01,0.47,37.29,-92.16,-37.84
2026-07-27 14:43:38.113,-0.23,0.05,0.32,31.49,-64.09,-31.74
2026-07-27 14:43:38.113,-0.23,0.04,0.29,31.62,-25.21,-21.55
2026-07-27 14:43:38.170,-0.23,0.04,0.29,31.62,-25.21,-21.55
2026-07-27 14:43:38.170,-0.25,-0.01,0.39,26.92,18.62,-5.31
2026-07-27 14:43:38.230,-0.25,-0.01,0.39,26.92,18.62,-5.31
2026-07-27 14:43:38.251,-0.29,-0.08,0.59,9.34,60.12,11.29
2026-07-27 14:43:38.252,-0.29,-0.08,0.59,-11.47,91.37,21.0
2026-07-27 14:43:38.295,-0.31,-0.14,0.86,-11.47,91.37,21.0
2026-07-27 14:43:38.295,-0.28,-0.16,1.14,-24.11,102.05,21.12
2026-07-27 14:43:38.296,-0.28,-0.16,1.14,-24.11,102.05,21.12
2026-07-27 14:43:38.350,-0.2,-0.12,1.35,-28.5,91.0,12.76
2026-07-27 14:43:38.350,-0.2,-0.12,1.35,-28.5,91.0,12.76
2026-07-27 14:43:38.408,-0.1,-0.01,1.48,-27.28,68.54,-0.67
2026-07-27 14:43:38.408,-0.1,-0.01,1.48,-27.28,68.54,-0.67
2026-07-27 14:43:38.408,0.01,0.12,1.57,-17.82,45.35,-12.08
2026-07-27 14:43:38.469,0.01,0.12,1.57,2.14,30.64,-4.7
2026-07-27 14:43:38.469,0.09,0.23,1.63,2.14,30.64,-4.7
2026-07-27 14:43:38.529,-0.01,0.2,1.59,14.1,31.07,40.1
2026-07-27 14:43:38.530,-0.01,0.2,1.59,14.1,31.07,40.1
2026-07-27 14:43:38.530,-0.22,0.09,1.4,3.23,33.81,93.93
2026-07-27 14:43:38.648,-0.22,0.09,1.4,3.23,33.81,93.93
2026-07-27 14:43:38.648,-0.36,0.03,1.13,-12.27,17.03,109.8
2026-07-27 14:43:38.649,-0.36,0.03,1.13,-12.27,17.03,109.8
2026-07-27 14:43:38.649,-0.47,-0.02,0.84,-30.15,-0.43,102.36
2026-07-27 14:43:38.649,-0.47,-0.02,0.84,-40.65,-8.18,83.13
2026-07-27 14:43:38.650,-0.52,-0.05,0.61,-40.65,-8.18,83.13
2026-07-27 14:43:38.710,-0.49,-0.02,0.44,-33.14,-15.56,50.17
2026-07-27 14:43:38.713,-0.49,-0.02,0.44,-33.14,-15.56,50.17
2026-07-27 14:43:38.771,-0.45,0.01,0.29,-22.83,-16.05,18.68
2026-07-27 14:43:38.772,-0.45,0.01,0.29,-22.83,-16.05,18.68
2026-07-27 14:43:38.772,-0.41,0.03,0.21,-2.44,-15.56,-14.22
2026-07-27 14:43:38.839,-0.41,0.03,0.21,-2.44,-15.56,-14.22
2026-07-27 14:43:38.840,-0.42,0.01,0.26,28.93,-2.2,-38.88
2026-07-27 14:43:38.888,-0.51,-0.02,0.37,48.34,42.24,-38.27
2026-07-27 14:43:38.888,-0.51,-0.02,0.37,48.34,42.24,-38.27
2026-07-27 14:43:38.891,-0.56,0.09,0.56,31.01,110.84,-34.0
2026-07-27 14:43:38.950,-0.56,0.09,0.56,31.01,110.84,-34.0
2026-07-27 14:43:38.950,-0.65,0.14,0.75,-15.69,193.54,-45.17
2026-07-27 14:43:38.951,-0.65,0.14,0.75,-15.69,193.54,-45.17
2026-07-27 14:43:39.011,-0.85,0.12,0.9,-18.62,271.91,-53.28
2026-07-27 14:43:39.011,-0.85,0.12,0.9,48.77,320.19,-47.42
2026-07-27 14:43:39.068,-1.12,0.24,1.05,48.77,320.19,-47.42
2026-07-27 14:43:39.068,-1.41,0.29,1.08,93.87,282.78,-59.94
2026-07-27 14:43:39.069,-1.41,0.29,1.08,93.87,282.78,-59.94
2026-07-27 14:43:39.133,-1.39,-0.0,1.06,43.82,128.72,-124.82
2026-07-27 14:43:39.133,-1.39,-0.0,1.06,43.82,128.72,-124.82
2026-07-27 14:43:39.133,-1.16,-0.39,0.93,-56.58,-12.33,-160.4
2026-07-27 14:43:39.189,-1.16,-0.39,0.93,-56.58,-12.33,-160.4
2026-07-27 14:43:39.191,-1.16,-0.39,0.93,-56.58,-12.33,-160.4
2026-07-27 14:43:39.191,-1.16,-0.39,0.93,-56.58,-12.33,-160.4
2026-07-27 14:43:39.256,-0.84,-0.55,0.4,-91.43,-33.02,-74.77
2026-07-27 14:43:39.256,-0.84,-0.55,0.4,-8.18,-57.62,-18.62
2026-07-27 14:43:39.309,-0.74,-0.41,0.23,-8.18,-57.62,-18.62
2026-07-27 14:43:39.316,-0.67,-0.35,0.12,53.47,-78.19,25.76
2026-07-27 14:43:39.316,-0.67,-0.35,0.12,53.47,-78.19,25.76
2026-07-27 14:43:39.368,-0.58,-0.34,0.04,58.72,-52.0,23.99
2026-07-27 14:43:39.368,-0.58,-0.34,0.04,58.72,-52.0,23.99
2026-07-27 14:43:39.371,-0.49,-0.31,-0.02,40.83,-6.71,-8.97
2026-07-27 14:43:39.431,-0.49,-0.31,-0.02,40.83,-6.71,-8.97
2026-07-27 14:43:39.431,-0.44,-0.24,-0.05,24.35,27.47,-34.73
2026-07-27 14:43:39.488,-0.5,-0.2,-0.03,6.16,51.7,-36.25
2026-07-27 14:43:39.488,-0.5,-0.2,-0.03,6.16,51.7,-36.25
2026-07-27 14:43:39.489,-0.72,-0.24,0.09,-18.07,74.1,-19.59
2026-07-27 14:43:39.558,-0.72,-0.24,0.09,-18.07,74.1,-19.59
2026-07-27 14:43:39.559,-1.02,-0.37,0.32,-43.15,88.13,3.54
2026-07-27 14:43:39.559,-1.02,-0.37,0.32,-43.15,88.13,3.54
2026-07-27 14:43:39.609,-1.28,-0.51,0.53,-53.96,75.26,27.4
2026-07-27 14:43:39.619,-1.28,-0.51,0.53,-53.96,75.26,27.4
2026-07-27 14:43:39.675,-1.39,-0.57,0.61,-47.67,45.17,34.0
2026-07-27 14:43:39.676,-1.35,-0.56,0.59,-33.51,24.78,12.27
2026-07-27 14:43:39.680,-1.35,-0.56,0.59,-33.51,24.78,12.27
2026-07-27 14:43:39.732,-1.22,-0.46,0.52,-9.7,8.79,-5.43
2026-07-27 14:43:39.732,-1.22,-0.46,0.52,-9.7,8.79,-5.43
2026-07-27 14:43:39.733,-1.08,-0.38,0.41,16.24,-15.62,8.06
2026-07-27 14:43:39.789,-1.08,-0.38,0.41,16.24,-15.62,8.06
2026-07-27 14:43:39.789,-0.91,-0.33,0.28,32.47,-40.59,33.08
2026-07-27 14:43:39.850,-0.91,-0.33,0.28,32.47,-40.59,33.08
2026-07-27 14:43:39.850,-0.71,-0.25,0.16,36.56,-53.83,41.87
2026-07-27 14:43:39.851,-0.53,-0.19,0.06,28.99,-50.17,33.14
2026-07-27 14:43:39.908,-0.53,-0.19,0.06,28.99,-50.17,33.14
2026-07-27 14:43:39.909,-0.4,-0.13,-0.03,17.94,-32.84,23.68
2026-07-27 14:43:39.909,-0.4,-0.13,-0.03,17.94,-32.84,23.68
2026-07-27 14:43:39.970,-0.38,-0.08,-0.08,11.78,-7.02,25.88
2026-07-27 14:43:39.971,-0.38,-0.08,-0.08,11.78,-7.02,25.88
2026-07-27 14:43:40.029,-0.5,-0.08,-0.07,3.54,19.41,31.19
2026-07-27 14:43:40.031,-0.5,-0.08,-0.07,3.54,19.41,31.19
2026-07-27 14:43:40.031,-0.5,-0.08,-0.07,3.54,19.41,31.19
2026-07-27 14:43:40.033,-0.5,-0.08,-0.07,3.54,19.41,31.19
2026-07-27 14:43:40.090,-0.98,-0.31,0.06,-46.57,63.05,3.42
2026-07-27 14:43:40.090,-0.98,-0.31,0.06,-46.57,63.05,3.42
2026-07-27 14:43:40.148,-1.23,-0.45,0.18,-58.59,71.59,-8.12
2026-07-27 14:43:40.148,-1.37,-0.48,0.29,-49.13,69.58,-15.56
2026-07-27 14:43:40.150,-1.37,-0.48,0.29,-49.13,69.58,-15.56
2026-07-27 14:43:40.210,-1.38,-0.4,0.36,-28.99,58.23,-28.02
2026-07-27 14:43:40.210,-1.38,-0.4,0.36,-28.99,58.23,-28.02
2026-07-27 14:43:40.269,-1.3,-0.29,0.39,-8.48,34.97,-35.64
2026-07-27 14:43:40.269,-1.19,-0.23,0.37,6.16,3.11,-28.26
2026-07-27 14:43:40.269,-1.19,-0.23,0.37,6.16,3.11,-28.26
2026-07-27 14:43:40.332,-1.06,-0.22,0.3,10.8,-28.44,-13.43
2026-07-27 14:43:40.333,-1.06,-0.22,0.3,10.8,-28.44,-13.43
2026-07-27 14:43:40.390,-0.93,-0.25,0.21,9.34,-51.03,-1.89
2026-07-27 14:43:40.390,-0.93,-0.25,0.21,9.34,-51.03,-1.89
2026-07-27 14:43:40.391,-0.81,-0.27,0.14,8.48,-64.33,6.96
2026-07-27 14:43:40.448,-0.81,-0.27,0.14,8.48,-64.33,6.96
2026-07-27 14:43:40.449,-0.72,-0.26,0.09,11.72,-75.74,16.11
2026-07-27 14:43:40.449,-0.64,-0.22,0.02,9.77,-77.64,20.32
2026-07-27 14:43:40.508,-0.64,-0.22,0.02,9.77,-77.64,20.32
2026-07-27 14:43:40.509,-0.62,-0.22,-0.0,-1.16,-51.15,17.76
2026-07-27 14:43:40.509,-0.62,-0.22,-0.0,-1.16,-51.15,17.76
2026-07-27 14:43:40.632,-0.68,-0.24,0.03,-10.13,-7.81,11.54
2026-07-27 14:43:40.633,-0.68,-0.24,0.03,-10.13,-7.81,11.54
2026-07-27 14:43:40.633,-0.79,-0.28,0.08,-18.01,25.21,2.01
2026-07-27 14:43:40.633,-0.79,-0.28,0.08,-18.01,25.21,2.01
2026-07-27 14:43:40.634,-0.93,-0.34,0.16,-27.47,40.53,-6.96
2026-07-27 14:43:40.689,-1.06,-0.42,0.25,-32.59,41.38,-11.66
2026-07-27 14:43:40.690,-1.06,-0.42,0.25,-32.59,41.38,-11.66
2026-07-27 14:43:40.748,-1.13,-0.49,0.32,-39.49,33.75,-23.5
2026-07-27 14:43:40.748,-1.13,-0.49,0.32,-39.49,33.75,-23.5
2026-07-27 14:43:40.749,-1.1,-0.51,0.35,-47.12,23.74,-45.84
2026-07-27 14:43:40.808,-1.1,-0.51,0.35,-47.12,23.74,-45.84
2026-07-27 14:43:40.809,-1.05,-0.48,0.36,-33.94,12.39,-52.25
2026-07-27 14:43:40.809,-1.05,-0.48,0.36,-33.94,12.39,-52.25
2026-07-27 14:43:40.868,-1.02,-0.42,0.37,-2.2,-2.08,-33.2
2026-07-27 14:43:40.869,-0.98,-0.37,0.34,21.0,-17.33,-14.16
2026-07-27 14:43:40.869,-0.98,-0.37,0.34,21.0,-17.33,-14.16
2026-07-27 14:43:40.936,-0.92,-0.34,0.28,25.7,-28.69,-7.63
2026-07-27 14:43:40.936,-0.92,-0.34,0.28,25.7,-28.69,-7.63
2026-07-27 14:43:40.988,-0.83,-0.32,0.2,21.61,-35.22,-4.82
2026-07-27 14:43:40.988,-0.83,-0.32,0.2,21.61,-35.22,-4.82
2026-07-27 14:43:40.989,-0.73,-0.31,0.12,17.09,-36.68,1.34
2026-07-27 14:43:41.050,-0.73,-0.31,0.12,14.22,-30.64,10.01
2026-07-27 14:43:41.051,-0.68,-0.29,0.07,14.22,-30.64,10.01
2026-07-27 14:43:41.108,-0.68,-0.28,0.06,11.05,-17.4,16.6
2026-07-27 14:43:41.109,-0.68,-0.28,0.06,11.05,-17.4,16.6
2026-07-27 14:43:41.117,-0.74,-0.3,0.1,4.03,-2.62,17.82
2026-07-27 14:43:41.168,-0.74,-0.3,0.1,4.03,-2.62,17.82
2026-07-27 14:43:41.168,-0.82,-0.36,0.14,-8.18,9.34,12.94
2026-07-27 14:43:41.169,-0.82,-0.36,0.14,-8.18,9.34,12.94
2026-07-27 14:43:41.231,-0.89,-0.43,0.19,-20.08,17.09,3.85
2026-07-27 14:43:41.231,-0.89,-0.43,0.19,-22.64,19.9,-3.91
2026-07-27 14:43:41.232,-0.93,-0.47,0.23,-22.64,19.9,-3.91
2026-07-27 14:43:41.290,-0.95,-0.45,0.28,-14.65,18.37,-7.14
2026-07-27 14:43:41.292,-0.95,-0.45,0.28,-14.65,18.37,-7.14
2026-07-27 14:43:41.353,-0.95,-0.4,0.31,-5.0,14.95,-8.0
2026-07-27 14:43:41.354,-0.95,-0.4,0.31,-5.0,14.95,-8.0
2026-07-27 14:43:41.355,-0.94,-0.37,0.32,0.37,10.56,-6.53
2026-07-27 14:43:41.408,-0.94,-0.37,0.32,0.37,10.56,-6.53
2026-07-27 14:43:41.409,-0.93,-0.36,0.3,2.38,5.31,-1.89
2026-07-27 14:43:41.409,-0.93,-0.36,0.3,2.38,5.31,-1.89
2026-07-27 14:43:41.470,-0.91,-0.38,0.27,2.93,-0.06,3.66
2026-07-27 14:43:41.471,-0.89,-0.39,0.24,3.66,-4.58,7.57
2026-07-27 14:43:41.529,-0.89,-0.39,0.24,3.66,-4.58,7.57
2026-07-27 14:43:41.529,-0.87,-0.4,0.2,4.64,-7.63,8.54
2026-07-27 14:43:41.530,-0.87,-0.4,0.2,4.64,-7.63,8.54
2026-07-27 14:43:41.588,-0.84,-0.39,0.18,4.94,-8.79,6.9
2026-07-27 14:43:41.588,-0.84,-0.39,0.18,4.94,-8.79,6.9
2026-07-27 14:43:41.589,-0.82,-0.37,0.16,4.46,-7.75,4.52
2026-07-27 14:43:41.649,-0.82,-0.37,0.16,4.46,-7.75,4.52
2026-07-27 14:43:41.652,-0.81,-0.35,0.16,2.81,-4.03,3.11
2026-07-27 14:43:41.708,-0.81,-0.35,0.16,-0.06,1.53,2.56
2026-07-27 14:43:41.709,-0.83,-0.35,0.17,-0.06,1.53,2.56
2026-07-27 14:43:41.710,-0.86,-0.36,0.18,-2.69,5.86,2.81
2026-07-27 14:43:41.770,-0.86,-0.36,0.18,-2.69,5.86,2.81
2026-07-27 14:43:41.770,-0.89,-0.38,0.2,-4.33,7.87,2.62
2026-07-27 14:43:41.771,-0.89,-0.38,0.2,-4.33,7.87,2.62
2026-07-27 14:43:41.829,-0.93,-0.41,0.23,-5.98,9.64,-1.22
2026-07-27 14:43:41.829,-0.93,-0.41,0.23,-5.98,9.64,-1.22
2026-07-27 14:43:41.830,-0.96,-0.44,0.25,-9.4,11.11,-10.8
2026-07-27 14:43:41.895,-0.96,-0.44,0.25,-9.4,11.11,-10.8
2026-07-27 14:43:41.899,-0.94,-0.44,0.25,-10.93,8.73,-20.81
2026-07-27 14:43:41.948,-0.89,-0.41,0.24,-4.52,2.01,-21.24
2026-07-27 14:43:41.949,-0.89,-0.41,0.24,-4.52,2.01,-21.24
2026-07-27 14:43:41.950,-0.85,-0.37,0.23,5.13,-6.41,-13.49
2026-07-27 14:43:42.008,-0.85,-0.37,0.23,5.13,-6.41,-13.49
2026-07-27 14:43:42.009,-0.82,-0.33,0.23,6.35,-17.15,-5.49
2026-07-27 14:43:42.010,-0.82,-0.33,0.23,6.35,-17.15,-5.49
2026-07-27 14:43:42.070,-0.83,-0.34,0.22,-3.72,-32.04,3.42
2026-07-27 14:43:42.072,-0.83,-0.34,0.22,-3.72,-32.04,3.42
2026-07-27 14:43:42.128,-0.84,-0.38,0.21,-13.98,-40.04,9.89
2026-07-27 14:43:42.129,-0.84,-0.38,0.21,-18.49,-35.64,8.0
2026-07-27 14:43:42.129,-0.86,-0.41,0.22,-18.49,-35.64,8.0
2026-07-27 14:43:42.188,-0.86,-0.43,0.23,-17.27,-27.95,3.6
2026-07-27 14:43:42.189,-0.86,-0.43,0.23,-17.27,-27.95,3.6
2026-07-27 14:43:42.189,-0.85,-0.43,0.25,-11.35,-20.75,0.73
2026-07-27 14:43:42.249,-0.85,-0.43,0.25,-11.35,-20.75,0.73
2026-07-27 14:43:42.249,-0.83,-0.42,0.27,-5.92,-15.56,-1.53
2026-07-27 14:43:42.308,-0.83,-0.39,0.28,-1.89,-12.51,-0.67
2026-07-27 14:43:42.309,-0.83,-0.39,0.28,-1.89,-12.51,-0.67
2026-07-27 14:43:42.309,-0.83,-0.38,0.3,1.59,-8.3,5.25
2026-07-27 14:43:42.370,-0.83,-0.38,0.3,1.59,-8.3,5.25
2026-07-27 14:43:42.370,-0.84,-0.38,0.31,4.82,-2.62,12.15
2026-07-27 14:43:42.370,-0.84,-0.38,0.31,4.82,-2.62,12.15
2026-07-27 14:43:42.431,-0.84,-0.38,0.31,7.26,0.24,13.79
2026-07-27 14:43:42.431,-0.84,-0.38,0.31,7.26,0.24,13.79
2026-07-27 14:43:42.489,-0.85,-0.38,0.31,8.67,-1.59,10.56
2026-07-27 14:43:42.489,-0.85,-0.38,0.31,11.11,-5.37,6.1
2026-07-27 14:43:42.490,-0.86,-0.39,0.31,11.11,-5.37,6.1
2026-07-27 14:43:42.548,-0.87,-0.4,0.33,13.85,-8.73,1.59
2026-07-27 14:43:42.548,-0.87,-0.4,0.33,13.85,-8.73,1.59
2026-07-27 14:43:42.551,-0.87,-0.4,0.35,15.62,-10.68,-1.65
2026-07-27 14:43:42.607,-0.87,-0.4,0.35,15.62,-10.68,-1.65
2026-07-27 14:43:42.608,-0.86,-0.39,0.36,15.69,-9.34,-2.26
2026-07-27 14:43:42.728,-0.86,-0.39,0.36,15.69,-9.34,-2.26
2026-07-27 14:43:42.728,-0.86,-0.38,0.36,18.13,-5.37,-0.67
2026-07-27 14:43:42.729,-0.86,-0.38,0.36,18.13,-5.37,-0.67
2026-07-27 14:43:42.729,-0.86,-0.37,0.38,30.09,-4.7,3.36
2026-07-27 14:43:42.730,-0.87,-0.35,0.41,52.06,-12.33,9.46
2026-07-27 14:43:42.730,-0.87,-0.35,0.41,52.06,-12.33,9.46
2026-07-27 14:43:42.793,-0.86,-0.33,0.45,68.6,-22.64,8.85
2026-07-27 14:43:42.794,-0.86,-0.33,0.45,68.6,-22.64,8.85
2026-07-27 14:43:42.848,-0.83,-0.29,0.48,66.22,-30.03,-1.77
2026-07-27 14:43:42.849,-0.83,-0.29,0.48,66.22,-30.03,-1.77
2026-07-27 14:43:42.849,-0.8,-0.26,0.51,55.05,-41.75,-7.87
2026-07-27 14:43:42.910,-0.8,-0.26,0.51,55.05,-41.75,-7.87
2026-07-27 14:43:42.910,-0.78,-0.23,0.53,43.4,-54.08,-3.3
2026-07-27 14:43:42.911,-0.76,-0.23,0.55,30.4,-54.99,2.62
2026-07-27 14:43:42.975,-0.76,-0.23,0.55,30.4,-54.99,2.62
2026-07-27 14:43:42.975,-0.74,-0.22,0.55,21.18,-44.74,3.36
2026-07-27 14:43:43.029,-0.74,-0.22,0.55,21.18,-44.74,3.36
2026-07-27 14:43:43.029,-0.73,-0.2,0.54,18.86,-32.9,2.38
2026-07-27 14:43:43.030,-0.73,-0.2,0.54,18.86,-32.9,2.38
2026-07-27 14:43:43.089,-0.71,-0.22,0.57,-0.73,-41.32,1.83
2026-07-27 14:43:43.089,-0.71,-0.22,0.57,-0.73,-41.32,1.83
2026-07-27 14:43:43.089,-0.7,-0.25,0.64,-26.31,-55.91,0.37
2026-07-27 14:43:43.148,-0.68,-0.25,0.67,-27.47,-48.16,-0.98
2026-07-27 14:43:43.149,-0.68,-0.25,0.67,-27.47,-48.16,-0.98
2026-07-27 14:43:43.209,-0.67,-0.24,0.69,-12.08,-31.74,0.98
2026-07-27 14:43:43.209,-0.67,-0.24,0.69,-12.08,-31.74,0.98
2026-07-27 14:43:43.210,-0.66,-0.21,0.71,11.23,-21.42,8.3
2026-07-27 14:43:43.272,-0.66,-0.21,0.71,11.23,-21.42,8.3
2026-07-27 14:43:43.272,-0.65,-0.2,0.67,20.08,-21.0,15.38
2026-07-27 14:43:43.273,-0.65,-0.2,0.67,20.08,-21.0,15.38
2026-07-27 14:43:43.342,-0.59,-0.19,0.67,10.56,-65.25,18.68
2026-07-27 14:43:43.342,-0.45,-0.19,0.81,2.93,-169.25,24.23
2026-07-27 14:43:43.391,-0.45,-0.19,0.81,2.93,-169.25,24.23
2026-07-27 14:43:43.391,-0.37,-0.17,0.98,27.95,-242.31,49.19
2026-07-27 14:43:43.392,-0.37,-0.17,0.98,27.95,-242.31,49.19
2026-07-27 14:43:43.450,-0.33,-0.15,1.14,61.65,-251.04,48.83
2026-07-27 14:43:43.451,-0.33,-0.15,1.14,61.65,-251.04,48.83
2026-07-27 14:43:43.451,-0.1,-0.13,1.19,47.3,-225.04,-37.11
2026-07-27 14:43:43.508,0.14,-0.1,1.12,5.68,-161.38,-121.4
2026-07-27 14:43:43.508,0.14,-0.1,1.12,5.68,-161.38,-121.4
2026-07-27 14:43:43.568,0.21,-0.11,1.01,-28.02,-92.65,-116.09
2026-07-27 14:43:43.568,0.21,-0.11,1.01,-28.02,-92.65,-116.09
2026-07-27 14:43:43.569,0.16,-0.14,0.91,-48.52,-47.24,-61.95
2026-07-27 14:43:43.691,0.16,-0.14,0.91,-48.52,-47.24,-61.95
2026-07-27 14:43:43.691,0.08,-0.18,0.84,-61.71,-21.85,-18.37
2026-07-27 14:43:43.691,0.08,-0.18,0.84,-61.71,-21.85,-18.37
2026-07-27 14:43:43.692,0.02,-0.22,0.78,-72.81,-5.43,-10.19
2026-07-27 14:43:43.692,0.02,-0.24,0.73,-65.31,8.97,-26.0
2026-07-27 14:43:43.748,0.02,-0.24,0.73,-65.31,8.97,-26.0
2026-07-27 14:43:43.749,-0.01,-0.24,0.69,-34.97,35.71,-22.09
2026-07-27 14:43:43.749,-0.01,-0.24,0.69,-34.97,35.71,-22.09
2026-07-27 14:43:43.817,-0.11,-0.26,0.7,-4.58,72.81,14.89
2026-07-27 14:43:43.818,-0.11,-0.26,0.7,-4.58,72.81,14.89
2026-07-27 14:43:43.818,-0.21,-0.28,0.77,18.74,95.89,53.16
2026-07-27 14:43:43.868,-0.21,-0.28,0.77,18.74,95.89,53.16
2026-07-27 14:43:43.869,-0.21,-0.28,0.77,18.74,95.89,53.16
2026-07-27 14:43:43.877,-0.21,-0.28,0.77,18.74,95.89,53.16
2026-07-27 14:43:43.929,-0.34,-0.31,1.05,60.97,139.04,46.2
2026-07-27 14:43:43.931,-0.34,-0.31,1.05,63.78,182.62,32.17
2026-07-27 14:43:43.988,-0.45,-0.28,1.0,63.78,182.62,32.17
2026-07-27 14:43:43.988,-0.48,-0.03,0.92,117.49,144.65,29.54
2026-07-27 14:43:43.992,-0.48,-0.03,0.92,117.49,144.65,29.54
2026-07-27 14:43:44.049,-0.46,0.25,0.86,217.35,60.12,-0.55
2026-07-27 14:43:44.049,-0.46,0.25,0.86,217.35,60.12,-0.55
2026-07-27 14:43:44.049,-0.38,0.56,0.87,333.68,-15.81,-55.36
2026-07-27 14:43:44.108,-0.38,0.56,0.87,415.65,-70.07,-81.3
2026-07-27 14:43:44.113,-0.25,0.86,0.88,415.65,-70.07,-81.3
2026-07-27 14:43:44.168,-0.17,0.98,0.83,332.52,-51.76,-41.5
2026-07-27 14:43:44.169,-0.17,0.98,0.83,332.52,-51.76,-41.5
2026-07-27 14:43:44.169,-0.18,0.96,0.78,118.77,29.17,19.53
2026-07-27 14:43:44.232,-0.18,0.96,0.78,118.77,29.17,19.53
2026-07-27 14:43:44.233,-0.27,0.83,0.76,-64.27,103.39,45.41
2026-07-27 14:43:44.233,-0.27,0.83,0.76,-64.27,103.39,45.41
2026-07-27 14:43:44.288,-0.33,0.64,0.81,-194.4,115.6,62.26
2026-07-27 14:43:44.288,-0.24,0.44,1.03,-296.02,17.76,103.21
2026-07-27 14:43:44.352,-0.24,0.44,1.03,-296.02,17.76,103.21
2026-07-27 14:43:44.352,-0.16,0.36,1.16,-238.77,-96.62,103.82
2026-07-27 14:43:44.408,-0.16,0.36,1.16,-54.02,-131.1,61.22
2026-07-27 14:43:44.409,-0.16,0.39,1.0,-54.02,-131.1,61.22
2026-07-27 14:43:44.409,-0.18,0.42,0.8,66.1,-127.81,45.1
2026-07-27 14:43:44.468,-0.18,0.42,0.8,66.1,-127.81,45.1
2026-07-27 14:43:44.469,-0.2,0.4,0.68,87.71,-106.02,49.38
2026-07-27 14:43:44.469,-0.2,0.4,0.68,87.71,-106.02,49.38
2026-07-27 14:43:44.529,-0.22,0.37,0.61,64.88,-76.6,44.86
2026-07-27 14:43:44.529,-0.22,0.37,0.61,64.88,-76.6,44.86
2026-07-27 14:43:44.588,-0.25,0.37,0.53,52.06,-54.38,21.42
2026-07-27 14:43:44.588,-0.26,0.41,0.48,65.92,-42.85,-16.42
2026-07-27 14:43:44.588,-0.26,0.41,0.48,65.92,-42.85,-16.42
2026-07-27 14:43:44.652,-0.28,0.48,0.47,93.02,-35.4,-55.85
2026-07-27 14:43:44.652,-0.28,0.48,0.47,93.02,-35.4,-55.85
2026-07-27 14:43:44.710,-0.28,0.56,0.51,107.73,-23.07,-83.44
2026-07-27 14:43:44.711,-0.28,0.56,0.51,107.73,-23.07,-83.44
2026-07-27 14:43:44.711,-0.3,0.63,0.56,94.73,-1.59,-94.48
2026-07-27 14:43:44.781,-0.34,0.69,0.6,64.27,21.73,-95.21
2026-07-27 14:43:44.787,-0.34,0.69,0.6,64.27,21.73,-95.21
2026-07-27 14:43:44.787,-0.36,0.74,0.63,39.31,35.89,-95.89
2026-07-27 14:43:44.831,-0.36,0.74,0.63,39.31,35.89,-95.89
2026-07-27 14:43:44.832,-0.38,0.8,0.64,31.92,36.25,-102.78
2026-07-27 14:43:44.888,-0.38,0.8,0.64,31.92,36.25,-102.78
2026-07-27 14:43:44.888,-0.38,0.88,0.62,38.51,23.74,-114.5
2026-07-27 14:43:44.956,-0.38,0.88,0.62,45.65,6.53,-121.58
2026-07-27 14:43:44.958,-0.36,0.96,0.58,45.65,6.53,-121.58
2026-07-27 14:43:44.958,-0.34,1.03,0.53,42.54,-5.92,-114.87
2026-07-27 14:43:44.958,-0.34,1.03,0.53,42.54,-5.92,-114.87
2026-07-27 14:43:45.008,-0.32,1.06,0.47,28.2,-7.81,-92.65
2026-07-27 14:43:45.009,-0.32,1.06,0.47,28.2,-7.81,-92.65
2026-07-27 14:43:45.077,-0.3,1.06,0.44,9.58,0.55,-59.57
2026-07-27 14:43:45.082,-0.3,1.06,0.44,9.58,0.55,-59.57
2026-07-27 14:43:45.083,-0.29,1.02,0.44,-4.15,14.16,-23.07
2026-07-27 14:43:45.129,-0.3,0.96,0.48,-8.18,25.51,8.61
2026-07-27 14:43:45.129,-0.3,0.96,0.48,-8.18,25.51,8.61
2026-07-27 14:43:45.188,-0.31,0.9,0.53,-5.0,28.26,29.72
2026-07-27 14:43:45.189,-0.31,0.9,0.53,-5.0,28.26,29.72
2026-07-27 14:43:45.189,-0.31,0.84,0.58,-1.28,22.22,40.95
2026-07-27 14:43:45.249,-0.31,0.84,0.58,-1.28,22.22,40.95
2026-07-27 14:43:45.249,-0.32,0.8,0.6,-0.24,11.72,47.73
2026-07-27 14:43:45.253,-0.32,0.8,0.6,-0.24,11.72,47.73
2026-07-27 14:43:45.308,-0.34,0.75,0.6,-1.34,0.37,53.04
2026-07-27 14:43:45.308,-0.36,0.71,0.61,-2.38,-10.38,55.42
2026-07-27 14:43:45.309,-0.36,0.71,0.61,-2.38,-10.38,55.42
2026-07-27 14:43:45.375,-0.37,0.68,0.6,-1.77,-21.0,52.31
2026-07-27 14:43:45.376,-0.37,0.68,0.6,-1.77,-21.0,52.31
2026-07-27 14:43:45.429,-0.38,0.66,0.58,1.04,-32.29,42.66
2026-07-27 14:43:45.431,-0.38,0.66,0.58,1.04,-32.29,42.66
2026-07-27 14:43:45.431,-0.39,0.66,0.55,4.88,-42.91,28.32
2026-07-27 14:43:45.488,-0.39,0.66,0.55,4.88,-42.91,28.32
2026-07-27 14:43:45.488,-0.39,0.67,0.51,7.75,-50.42,13.37
2026-07-27 14:43:45.549,-0.4,0.69,0.48,8.91,-53.53,0.24
2026-07-27 14:43:45.549,-0.4,0.69,0.48,8.91,-53.53,0.24
2026-07-27 14:43:45.549,-0.4,0.7,0.44,10.93,-53.41,-11.23
2026-07-27 14:43:45.609,-0.4,0.7,0.44,10.93,-53.41,-11.23
2026-07-27 14:43:45.610,-0.41,0.71,0.42,14.95,-51.82,-22.16
2026-07-27 14:43:45.610,-0.41,0.71,0.42,14.95,-51.82,-22.16
2026-07-27 14:43:45.670,-0.42,0.75,0.4,18.25,-49.01,-31.92
2026-07-27 14:43:45.670,-0.42,0.75,0.4,18.25,-49.01,-31.92
2026-07-27 14:43:45.670,-0.44,0.8,0.35,11.6,-44.13,-36.93
2026-07-27 14:43:45.729,-0.43,0.83,0.29,-6.59,-30.7,-33.63
2026-07-27 14:43:45.729,-0.43,0.83,0.29,-6.59,-30.7,-33.63
2026-07-27 14:43:45.792,-0.4,0.82,0.29,-12.82,-8.12,-26.55
2026-07-27 14:43:45.794,-0.4,0.82,0.29,-12.82,-8.12,-26.55
2026-07-27 14:43:45.794,-0.37,0.8,0.39,5.13,11.78,-21.55
2026-07-27 14:43:45.850,-0.37,0.8,0.39,5.13,11.78,-21.55
2026-07-27 14:43:45.851,-0.36,0.78,0.49,19.23,24.17,-16.97
2026-07-27 14:43:45.851,-0.36,0.78,0.49,8.42,33.75,-10.44
2026-07-27 14:43:45.908,-0.36,0.78,0.51,8.42,33.75,-10.44
2026-07-27 14:43:45.909,-0.35,0.78,0.5,-9.7,39.61,-5.8
2026-07-27 14:43:45.969,-0.35,0.78,0.5,-9.7,39.61,-5.8
2026-07-27 14:43:45.969,-0.34,0.79,0.51,-15.32,39.25,-5.19
2026-07-27 14:43:45.969,-0.34,0.79,0.51,-15.32,39.25,-5.19
2026-07-27 14:43:46.034,-0.33,0.8,0.53,-12.08,35.52,-5.55
2026-07-27 14:43:46.034,-0.33,0.8,0.53,-12.08,35.52,-5.55
2026-07-27 14:43:46.034,-0.32,0.8,0.54,-9.7,30.82,-4.94
2026-07-27 14:43:46.088,-0.31,0.8,0.55,-9.46,25.51,-2.69
2026-07-27 14:43:46.088,-0.31,0.8,0.55,-9.46,25.51,-2.69
2026-07-27 14:43:46.149,-0.32,0.8,0.55,-9.16,19.29,0.67
2026-07-27 14:43:46.149,-0.32,0.8,0.55,-9.16,19.29,0.67
2026-07-27 14:43:46.150,-0.32,0.79,0.54,-7.69,12.21,3.42
2026-07-27 14:43:46.208,-0.32,0.79,0.54,-7.69,12.21,3.42
2026-07-27 14:43:46.208,-0.32,0.78,0.53,-5.55,4.94,4.58
2026-07-27 14:43:46.208,-0.32,0.78,0.53,-5.55,4.94,4.58
2026-07-27 14:43:46.273,-0.33,0.78,0.52,-3.23,-1.65,4.58
2026-07-27 14:43:46.273,-0.33,0.78,0.52,-3.23,-1.65,4.58
2026-07-27 14:43:46.328,-0.34,0.79,0.51,-0.79,-7.14,4.27
2026-07-27 14:43:46.328,-0.35,0.79,0.5,1.16,-11.05,4.58
2026-07-27 14:43:46.328,-0.35,0.79,0.5,1.16,-11.05,4.58
2026-07-27 14:43:46.392,-0.36,0.79,0.5,2.08,-13.37,5.8
2026-07-27 14:43:46.393,-0.36,0.79,0.5,2.08,-13.37,5.8
2026-07-27 14:43:46.396,-0.37,0.78,0.49,2.69,-15.01,7.2
2026-07-27 14:43:46.448,-0.37,0.78,0.49,2.69,-15.01,7.2
2026-07-27 14:43:46.449,-0.38,0.78,0.48,3.66,-16.66,8.0
2026-07-27 14:43:46.508,-0.38,0.77,0.47,5.0,-17.7,8.12
2026-07-27 14:43:46.508,-0.38,0.77,0.47,5.0,-17.7,8.12
2026-07-27 14:43:46.509,-0.38,0.77,0.46,6.1,-17.76,7.69
2026-07-27 14:43:46.568,-0.38,0.77,0.46,6.1,-17.76,7.69
2026-07-27 14:43:46.568,-0.38,0.76,0.45,6.29,-16.17,7.32
2026-07-27 14:43:46.569,-0.38,0.76,0.45,6.29,-16.17,7.32
2026-07-27 14:43:46.628,-0.38,0.75,0.45,5.43,-13.0,7.32
2026-07-27 14:43:46.628,-0.38,0.75,0.45,5.43,-13.0,7.32
2026-07-27 14:43:46.688,-0.38,0.74,0.45,4.15,-9.09,6.71
2026-07-27 14:43:46.688,-0.38,0.74,0.45,4.15,-9.09,6.71
2026-07-27 14:43:46.689,-0.38,0.74,0.45,2.87,-5.19,4.76
2026-07-27 14:43:46.749,-0.38,0.74,0.45,2.87,-5.19,4.76
2026-07-27 14:43:46.749,-0.38,0.74,0.45,2.87,-5.19,4.76
2026-07-27 14:43:46.749,-0.38,0.74,0.45,2.87,-5.19,4.76
2026-07-27 14:43:46.819,-0.37,0.75,0.46,0.61,2.08,-1.28
2026-07-27 14:43:46.819,-0.37,0.75,0.46,0.61,2.08,-1.28
2026-07-27 14:43:46.819,-0.36,0.76,0.47,-0.49,5.13,-3.54
2026-07-27 14:43:46.868,-0.35,0.77,0.47,-1.34,7.26,-4.88
2026-07-27 14:43:46.870,-0.35,0.77,0.47,-1.34,7.26,-4.88
2026-07-27 14:43:46.870,-0.35,0.78,0.48,-1.83,8.54,-5.98
2026-07-27 14:43:46.930,-0.35,0.78,0.48,-1.83,8.54,-5.98
2026-07-27 14:43:46.930,-0.34,0.79,0.48,-2.14,9.46,-6.65
2026-07-27 14:43:46.931,-0.34,0.79,0.48,-2.14,9.46,-6.65
2026-07-27 14:43:46.988,-0.33,0.79,0.48,-2.44,10.07,-6.29
2026-07-27 14:43:46.989,-0.33,0.79,0.48,-2.44,10.07,-6.29
2026-07-27 14:43:47.049,-0.33,0.8,0.49,-2.69,10.07,-5.07
2026-07-27 14:43:47.049,-0.33,0.8,0.49,-2.69,10.07,-5.07
2026-07-27 14:43:47.050,-0.33,0.8,0.5,-2.62,9.03,-3.6
2026-07-27 14:43:47.110,-0.33,0.8,0.5,-1.89,7.02,-2.26
2026-07-27 14:43:47.110,-0.33,0.8,0.5,-1.89,7.02,-2.26
2026-07-27 14:43:47.170,-0.33,0.8,0.5,-0.79,4.39,-1.16
2026-07-27 14:43:47.170,-0.33,0.8,0.5,-0.79,4.39,-1.16
2026-07-27 14:43:47.170,-0.33,0.79,0.5,0.0,1.95,0.18
2026-07-27 14:43:47.170,-0.33,0.79,0.5,0.0,1.95,0.18
2026-07-27 14:43:47.228,-0.33,0.79,0.49,0.24,-0.06,1.71
2026-07-27 14:43:47.229,-0.33,0.79,0.49,0.24,-0.06,1.71
2026-07-27 14:43:47.290,-0.34,0.78,0.49,0.55,-1.95,2.75
2026-07-27 14:43:47.290,-0.34,0.78,0.49,0.55,-1.95,2.75
2026-07-27 14:43:47.290,-0.34,0.78,0.48,1.1,-3.54,2.99
2026-07-27 14:43:47.349,-0.34,0.78,0.48,1.1,-3.54,2.99
2026-07-27 14:43:47.349,-0.34,0.78,0.48,1.1,-3.54,2.99
2026-07-27 14:43:47.349,-0.34,0.78,0.48,1.1,-3.54,2.99
2026-07-27 14:43:47.418,-0.35,0.78,0.48,1.59,-5.07,3.6
2026-07-27 14:43:47.419,-0.35,0.78,0.48,1.59,-5.07,3.6
2026-07-27 14:43:47.421,-0.36,0.77,0.48,1.46,-5.25,3.72
2026-07-27 14:43:47.469,-0.36,0.77,0.48,1.4,-5.37,3.05
2026-07-27 14:43:47.469,-0.36,0.77,0.47,1.4,-5.37,3.05
2026-07-27 14:43:47.469,-0.36,0.77,0.47,1.16,-5.0,2.2
2026-07-27 14:43:47.528,-0.36,0.77,0.47,1.16,-5.0,2.2
2026-07-27 14:43:47.529,-0.36,0.77,0.47,0.79,-4.15,1.65
2026-07-27 14:43:47.530,-0.36,0.77,0.47,0.79,-4.15,1.65
2026-07-27 14:43:47.588,-0.36,0.77,0.46,0.43,-3.05,1.16
2026-07-27 14:43:47.589,-0.36,0.77,0.46,0.43,-3.05,1.16
2026-07-27 14:43:47.649,-0.36,0.77,0.46,0.12,-1.89,0.43
2026-07-27 14:43:47.649,-0.36,0.77,0.46,0.12,-1.89,0.43
2026-07-27 14:43:47.649,-0.36,0.77,0.46,-0.12,-0.79,-0.55
2026-07-27 14:43:47.708,-0.36,0.77,0.46,-0.12,-0.79,-0.55
2026-07-27 14:43:47.709,-0.36,0.77,0.46,-0.12,-0.79,-0.55
2026-07-27 14:43:47.717,-0.36,0.77,0.46,-0.12,-0.79,-0.55
2026-07-27 14:43:47.768,-0.34,0.8,0.48,-2.01,2.62,-0.31
2026-07-27 14:43:47.768,-0.34,0.8,0.48,-2.01,2.62,-0.31
2026-07-27 14:43:47.770,-0.29,0.79,0.45,-5.49,9.64,5.07
2026-07-27 14:43:47.832,-0.29,0.79,0.45,-5.49,9.64,5.07
2026-07-27 14:43:47.833,-0.29,0.79,0.45,-5.49,9.64,5.07
2026-07-27 14:43:47.833,-0.29,0.79,0.45,-5.49,9.64,5.07
2026-07-27 14:43:47.888,-0.36,0.84,0.32,26.67,80.38,29.24
2026-07-27 14:43:47.889,-0.36,0.84,0.32,26.67,80.38,29.24
2026-07-27 14:43:47.889,-0.42,0.83,0.37,44.74,109.8,28.5
2026-07-27 14:43:47.948,-0.42,0.83,0.4,46.75,94.36,18.13
2026-07-27 14:43:48.008,-0.42,0.83,0.4,46.75,94.36,18.13
2026-07-27 14:43:48.009,-0.41,0.85,0.38,34.79,49.56,11.66
2026-07-27 14:43:48.009,-0.41,0.85,0.38,34.79,49.56,11.66
2026-07-27 14:43:48.010,-0.39,0.87,0.36,14.1,5.0,7.69
2026-07-27 14:43:48.075,-0.39,0.87,0.36,14.1,5.0,7.69
2026-07-27 14:43:48.075,-0.36,0.85,0.33,-7.26,-18.49,2.14
2026-07-27 14:43:48.076,-0.36,0.85,0.33,-7.26,-18.49,2.14
2026-07-27 14:43:48.129,-0.32,0.86,0.28,-12.76,-14.71,2.44
2026-07-27 14:43:48.129,-0.23,0.94,0.24,5.62,14.1,12.76
2026-07-27 14:43:48.188,-0.23,0.94,0.24,5.62,14.1,12.76
2026-07-27 14:43:48.248,-0.21,1.03,0.18,31.92,70.25,25.02
2026-07-27 14:43:48.249,-0.21,1.03,0.18,31.92,70.25,25.02
2026-07-27 14:43:48.250,-0.29,1.05,0.12,36.19,127.75,39.61
2026-07-27 14:43:48.250,-0.29,1.05,0.12,36.19,127.75,39.61
2026-07-27 14:43:48.250,-0.33,0.99,0.11,9.95,133.3,59.39
2026-07-27 14:43:48.318,-0.29,0.96,0.17,-12.15,89.11,69.76
2026-07-27 14:43:48.318,-0.29,0.96,0.17,-12.15,89.11,69.76
2026-07-27 14:43:48.368,-0.18,1.1,0.24,-9.58,62.44,52.25
2026-07-27 14:43:48.370,-0.18,1.1,0.24,-9.58,62.44,52.25
2026-07-27 14:43:48.370,-0.05,1.51,0.41,-37.35,91.13,18.43
2026-07-27 14:43:48.433,-0.05,1.51,0.41,-37.35,91.13,18.43
2026-07-27 14:43:48.434,-0.22,1.76,0.72,-137.7,147.77,29.6
2026-07-27 14:43:48.489,-0.62,1.49,0.86,-241.03,153.87,77.88
2026-07-27 14:43:48.489,-0.62,1.49,0.86,-241.03,153.87,77.88
2026-07-27 14:43:48.489,-0.66,1.04,0.68,-281.49,50.78,77.21
2026-07-27 14:43:48.548,-0.66,1.04,0.68,-281.49,50.78,77.21
2026-07-27 14:43:48.549,-0.36,0.71,0.35,-283.63,-91.0,26.73
2026-07-27 14:43:48.549,-0.36,0.71,0.35,-283.63,-91.0,26.73
2026-07-27 14:43:48.612,-0.09,0.45,0.12,-283.63,-143.98,-18.92
2026-07-27 14:43:48.613,0.0,0.26,0.08,-274.48,-87.1,-46.26
2026-07-27 14:43:48.669,0.0,0.26,0.08,-274.48,-87.1,-46.26
2026-07-27 14:43:48.669,-0.03,0.16,0.12,-206.85,-14.83,-73.79
2026-07-27 14:43:48.670,-0.03,0.16,0.12,-206.85,-14.83,-73.79
2026-07-27 14:43:48.743,-0.11,0.14,0.22,-62.56,10.25,-113.16
2026-07-27 14:43:48.744,-0.11,0.14,0.22,-62.56,10.25,-113.16
2026-07-27 14:43:48.789,-0.24,0.15,0.35,65.67,35.22,-123.23
2026-07-27 14:43:48.789,-0.41,0.16,0.49,99.67,84.72,-80.44
2026-07-27 14:43:48.791,-0.41,0.16,0.49,99.67,84.72,-80.44
2026-07-27 14:43:48.848,-0.55,0.14,0.66,70.98,111.82,-32.29
2026-07-27 14:43:48.849,-0.55,0.14,0.66,70.98,111.82,-32.29
2026-07-27 14:43:48.849,-0.69,0.16,0.9,45.84,114.99,-10.5
2026-07-27 14:43:48.910,-0.69,0.16,0.9,45.84,114.99,-10.5
2026-07-27 14:43:48.911,-0.79,0.32,1.22,62.56,99.49,-5.37
2026-07-27 14:43:48.911,-0.79,0.32,1.22,62.56,99.49,-5.37
2026-07-27 14:43:48.968,-0.71,0.52,1.36,62.99,51.82,-17.4
2026-07-27 14:43:48.969,-0.47,0.74,1.28,16.24,-10.5,-45.96
2026-07-27 14:43:49.031,-0.47,0.74,1.28,16.24,-10.5,-45.96
2026-07-27 14:43:49.033,-0.24,0.9,1.21,-18.68,-56.09,-51.15
2026-07-27 14:43:49.034,-0.24,0.9,1.21,-18.68,-56.09,-51.15
2026-07-27 14:43:49.088,-0.15,0.91,1.19,-26.79,-70.19,-13.55
2026-07-27 14:43:49.088,-0.15,0.91,1.19,-26.79,-70.19,-13.55
2026-07-27 14:43:49.152,-0.18,0.8,1.19,-20.02,-71.66,36.07
2026-07-27 14:43:49.179,-0.22,0.61,1.19,-4.88,-84.11,64.94
2026-07-27 14:43:49.179,-0.22,0.61,1.19,-4.88,-84.11,64.94
2026-07-27 14:43:49.208,-0.2,0.44,1.12,12.7,-102.36,73.55
2026-07-27 14:43:49.209,-0.2,0.44,1.12,12.7,-102.36,73.55
2026-07-27 14:43:49.209,-0.13,0.37,0.99,42.79,-113.59,82.15
2026-07-27 14:43:49.268,-0.13,0.37,0.99,42.79,-113.59,82.15
2026-07-27 14:43:49.269,-0.04,0.32,0.85,73.91,-114.38,96.5
2026-07-27 14:43:49.330,-0.04,0.32,0.85,73.91,-114.38,96.5
2026-07-27 14:43:49.331,0.04,0.23,0.79,94.36,-100.89,105.53
2026-07-27 14:43:49.332,0.09,0.17,0.77,134.64,-85.75,98.14
2026-07-27 14:43:49.389,0.09,0.17,0.77,134.64,-85.75,98.14
2026-07-27 14:43:49.389,0.14,0.19,0.71,191.53,-87.34,70.25
2026-07-27 14:43:49.389,0.14,0.19,0.71,191.53,-87.34,70.25
2026-07-27 14:43:49.448,0.18,0.23,0.54,213.56,-99.85,24.23
2026-07-27 14:43:49.448,0.18,0.23,0.54,213.56,-99.85,24.23
2026-07-27 14:43:49.509,0.18,0.25,0.29,203.43,-110.9,-30.76
2026-07-27 14:43:49.509,0.1,0.33,0.02,200.74,-121.03,-83.19
2026-07-27 14:43:49.510,0.1,0.33,0.02,200.74,-121.03,-83.19
2026-07-27 14:43:49.568,-0.06,0.48,-0.2,193.54,-133.79,-125.79
2026-07-27 14:43:49.570,-0.06,0.48,-0.2,193.54,-133.79,-125.79
2026-07-27 14:43:49.631,-0.27,0.65,-0.32,155.76,-143.01,-160.4
2026-07-27 14:43:49.692,-0.27,0.65,-0.32,113.22,-147.09,-200.56
2026-07-27 14:43:49.693,-0.48,0.81,-0.35,113.22,-147.09,-200.56
2026-07-27 14:43:49.693,-0.52,0.97,-0.24,94.42,-136.41,-256.1
2026-07-27 14:43:49.693,-0.52,0.97,-0.24,94.42,-136.41,-256.1
2026-07-27 14:43:49.748,-0.4,1.1,-0.15,62.44,-67.57,-285.34
2026-07-27 14:43:49.761,-0.4,1.1,-0.15,62.44,-67.57,-285.34
2026-07-27 14:43:49.766,-0.37,0.99,-0.2,5.74,30.94,-240.72
2026-07-27 14:43:49.808,-0.37,0.99,-0.2,-32.78,67.87,-134.22
2026-07-27 14:43:49.808,-0.96,0.77,-0.23,-32.78,67.87,-134.22
2026-07-27 14:43:49.809,-1.39,0.95,-0.4,-28.75,12.82,-51.09
2026-07-27 14:43:49.867,-1.39,0.95,-0.4,-28.75,12.82,-51.09
2026-07-27 14:43:49.868,-0.94,1.23,-0.6,17.03,-59.94,-28.56
2026-07-27 14:43:49.928,-0.94,1.23,-0.6,17.03,-59.94,-28.56
2026-07-27 14:43:49.929,-0.53,1.11,-0.5,64.82,-44.19,42.36
2026-07-27 14:43:49.930,-0.53,1.11,-0.5,64.82,-44.19,42.36
2026-07-27 14:43:49.989,-0.44,0.95,-0.3,67.87,36.19,170.29
2026-07-27 14:43:49.989,-0.37,1.01,-0.22,34.61,99.12,240.78
2026-07-27 14:43:49.989,-0.37,1.01,-0.22,34.61,99.12,240.78
2026-07-27 14:43:50.059,-0.24,1.12,-0.25,-19.41,118.96,246.77
2026-07-27 14:43:50.062,-0.24,1.12,-0.25,-19.41,118.96,246.77
2026-07-27 14:43:50.109,-0.08,1.06,-0.25,-64.64,99.06,240.05
2026-07-27 14:43:50.109,-0.08,1.06,-0.25,-64.64,99.06,240.05
2026-07-27 14:43:50.109,0.01,0.89,-0.16,-62.19,81.85,222.6
2026-07-27 14:43:50.168,0.09,0.69,-0.08,-49.87,77.82,179.08
2026-07-27 14:43:50.168,0.09,0.69,-0.08,-49.87,77.82,179.08
2026-07-27 14:43:50.232,0.2,0.54,-0.12,-30.46,42.54,126.1
2026-07-27 14:43:50.233,0.2,0.54,-0.12,-30.46,42.54,126.1
2026-07-27 14:43:50.233,0.27,0.52,-0.2,15.2,-13.18,78.86
2026-07-27 14:43:50.288,0.27,0.52,-0.2,15.2,-13.18,78.86
2026-07-27 14:43:50.289,0.27,0.55,-0.22,45.23,-44.01,26.43
2026-07-27 14:43:50.290,0.27,0.55,-0.22,45.23,-44.01,26.43
2026-07-27 14:43:50.348,0.14,0.56,-0.15,43.76,-53.65,-44.74
2026-07-27 14:43:50.409,-0.14,0.59,-0.06,25.02,-79.04,-139.71
2026-07-27 14:43:50.409,-0.14,0.59,-0.06,25.02,-79.04,-139.71
2026-07-27 14:43:50.410,-0.5,0.73,-0.03,0.37,-144.78,-248.41
2026-07-27 14:43:50.410,-0.5,0.73,-0.03,0.37,-144.78,-248.41
2026-07-27 14:43:50.472,-0.75,1.02,-0.06,-46.02,-223.94,-339.42
2026-07-27 14:43:50.473,-0.77,1.38,-0.19,-108.28,-249.21,-365.0
2026-07-27 14:43:50.529,-0.77,1.38,-0.19,-108.28,-249.21,-365.0
2026-07-27 14:43:50.529,-0.64,1.68,-0.37,-129.76,-189.09,-288.5
2026-07-27 14:43:50.530,-0.64,1.68,-0.37,-129.76,-189.09,-288.5
2026-07-27 14:43:50.592,-0.5,1.63,-0.37,-81.36,-85.94,-118.1
2026-07-27 14:43:50.592,-0.5,1.63,-0.37,-81.36,-85.94,-118.1
2026-07-27 14:43:50.592,-0.45,1.29,-0.19,-0.79,-2.87,71.35
2026-07-27 14:43:50.648,-0.48,0.99,-0.07,62.5,44.13,207.76
2026-07-27 14:43:50.649,-0.48,0.99,-0.07,62.5,44.13,207.76
2026-07-27 14:43:50.709,-0.51,0.87,-0.07,95.7,73.91,273.56
2026-07-27 14:43:50.709,-0.51,0.87,-0.07,95.7,73.91,273.56
2026-07-27 14:43:50.710,-0.45,0.86,-0.09,99.37,87.59,268.98
2026-07-27 14:43:50.770,-0.45,0.86,-0.09,99.37,87.59,268.98
2026-07-27 14:43:50.771,-0.27,0.81,-0.06,81.12,75.68,211.49
2026-07-27 14:43:50.834,-0.1,0.72,-0.04,48.71,51.57,134.34
2026-07-27 14:43:50.835,-0.1,0.72,-0.04,48.71,51.57,134.34
2026-07-27 14:43:50.835,0.01,0.66,-0.07,9.95,26.18,63.72
2026-07-27 14:43:50.888,0.01,0.66,-0.07,9.95,26.18,63.72
2026-07-27 14:43:50.903,0.05,0.7,-0.13,-11.35,-3.42,8.3
2026-07-27 14:43:50.903,0.05,0.7,-0.13,-11.35,-3.42,8.3
2026-07-27 14:43:50.948,0.02,0.76,-0.16,-10.99,-30.03,-36.56
2026-07-27 14:43:50.948,0.02,0.76,-0.16,-10.99,-30.03,-36.56
2026-07-27 14:43:51.008,-0.08,0.8,-0.12,-14.47,-44.01,-70.25
2026-07-27 14:43:51.009,-0.21,0.85,-0.08,-38.88,-51.27,-88.56
2026-07-27 14:43:51.009,-0.21,0.85,-0.08,-38.88,-51.27,-88.56
2026-07-27 14:43:51.068,-0.3,0.96,-0.07,-69.09,-64.45,-109.56
2026-07-27 14:43:51.068,-0.3,0.96,-0.07,-69.09,-64.45,-109.56
2026-07-27 14:43:51.069,-0.31,1.14,-0.09,-80.93,-71.9,-128.42
2026-07-27 14:43:51.128,-0.31,1.14,-0.09,-80.93,-71.9,-128.42
2026-07-27 14:43:51.128,-0.19,1.37,-0.16,-70.25,-50.23,-111.39
2026-07-27 14:43:51.192,-0.05,1.49,-0.24,-39.86,-8.36,-58.29
2026-07-27 14:43:51.192,-0.05,1.49,-0.24,-39.86,-8.36,-58.29
2026-07-27 14:43:51.193,-0.09,1.41,-0.23,0.79,20.08,15.44
2026-07-27 14:43:51.248,-0.09,1.41,-0.23,0.79,20.08,15.44
2026-07-27 14:43:51.248,-0.21,1.18,-0.09,27.28,5.8,90.21
2026-07-27 14:43:51.249,-0.21,1.18,-0.09,27.28,5.8,90.21
2026-07-27 14:43:51.309,-0.19,0.96,0.09,33.02,-40.34,138.12
2026-07-27 14:43:51.309,-0.19,0.96,0.09,33.02,-40.34,138.12
2026-07-27 14:43:51.368,-0.11,0.84,0.15,44.86,-52.12,151.49
2026-07-27 14:43:51.369,-0.07,0.75,0.08,55.18,-14.77,137.08
2026-07-27 14:43:51.369,-0.07,0.75,0.08,55.18,-14.77,137.08
2026-07-27 14:43:51.432,-0.04,0.65,-0.0,37.29,13.49,94.24
2026-07-27 14:43:51.432,-0.04,0.65,-0.0,37.29,13.49,94.24
2026-07-27 14:43:51.432,-0.03,0.61,-0.05,7.75,6.59,29.36
2026-07-27 14:43:51.498,-0.03,0.61,-0.05,7.75,6.59,29.36
2026-07-27 14:43:51.499,-0.1,0.61,-0.04,-16.42,-17.46,-40.89
2026-07-27 14:43:51.548,-0.1,0.61,-0.04,-37.96,-35.52,-97.72
2026-07-27 14:43:51.548,-0.22,0.76,0.02,-37.96,-35.52,-97.72
2026-07-27 14:43:51.549,-0.33,0.99,0.06,-62.44,-39.18,-151.79
2026-07-27 14:43:51.608,-0.33,0.99,0.06,-62.44,-39.18,-151.79
2026-07-27 14:43:51.608,-0.35,1.19,0.02,-76.29,-25.09,-205.2
2026-07-27 14:43:51.609,-0.35,1.19,0.02,-76.29,-25.09,-205.2
2026-07-27 14:43:51.668,-0.33,1.39,-0.07,-59.2,6.77,-207.64
2026-07-27 14:43:51.668,-0.33,1.39,-0.07,-28.32,37.29,-146.18
2026-07-27 14:43:51.788,-0.26,1.46,-0.15,-28.32,37.29,-146.18
2026-07-27 14:43:51.788,-0.21,1.34,-0.18,0.98,48.77,-46.69
2026-07-27 14:43:51.788,-0.21,1.34,-0.18,0.98,48.77,-46.69
2026-07-27 14:43:51.788,-0.31,1.12,-0.1,37.96,48.03,70.31
2026-07-27 14:43:51.789,-0.31,1.12,-0.1,37.96,48.03,70.31
2026-07-27 14:43:51.850,-0.39,0.89,0.02,73.61,44.25,165.28
2026-07-27 14:43:51.850,-0.39,0.89,0.02,73.61,44.25,165.28
2026-07-27 14:43:51.851,-0.37,0.71,0.09,80.99,37.48,193.48
2026-07-27 14:43:51.908,-0.31,0.6,0.06,50.96,24.54,144.35
2026-07-27 14:43:51.908,-0.31,0.6,0.06,50.96,24.54,144.35
2026-07-27 14:43:51.909,-0.25,0.56,-0.02,8.06,2.08,53.47
2026-07-27 14:43:51.968,-0.25,0.56,-0.02,8.06,2.08,53.47
2026-07-27 14:43:51.968,-0.24,0.63,-0.08,-15.62,-20.75,-25.27
2026-07-27 14:43:52.029,-0.24,0.63,-0.08,-15.62,-20.75,-25.27
2026-07-27 14:43:52.029,-0.3,0.88,-0.15,-7.63,-24.48,-63.11
2026-07-27 14:43:52.030,-0.3,0.88,-0.15,-7.63,-24.48,-63.11
2026-07-27 14:43:52.088,-0.3,0.88,-0.15,-7.63,-24.48,-63.11
2026-07-27 14:43:52.088,-0.3,0.88,-0.15,-7.63,-24.48,-63.11
2026-07-27 14:43:52.089,-0.19,1.34,-0.36,4.09,-22.4,-127.81
2026-07-27 14:43:52.149,-0.19,1.34,-0.36,4.09,-22.4,-127.81
2026-07-27 14:43:52.149,-0.07,1.38,-0.46,2.87,-17.03,-111.02
2026-07-27 14:43:52.149,-0.12,1.31,-0.43,21.73,0.49,-23.74
2026-07-27 14:43:52.208,-0.12,1.31,-0.43,21.73,0.49,-23.74
2026-07-27 14:43:52.209,-0.28,1.12,-0.21,34.48,6.16,79.77
2026-07-27 14:43:52.209,-0.28,1.12,-0.21,34.48,6.16,79.77
2026-07-27 14:43:52.277,-0.37,0.83,0.05,24.84,-0.49,133.85
2026-07-27 14:43:52.277,-0.37,0.83,0.05,24.84,-0.49,133.85
2026-07-27 14:43:52.332,-0.34,0.61,0.14,3.54,1.83,117.13
2026-07-27 14:43:52.332,-0.34,0.61,0.14,3.54,1.83,117.13
2026-07-27 14:43:52.332,-0.29,0.53,0.08,-28.26,2.93,52.37
2026-07-27 14:43:52.388,-0.32,0.55,0.02,-65.86,-20.39,-39.0
2026-07-27 14:43:52.388,-0.32,0.55,0.02,-65.86,-20.39,-39.0
2026-07-27 14:43:52.449,-0.41,0.68,0.01,-91.61,-55.42,-135.07
2026-07-27 14:43:52.449,-0.41,0.68,0.01,-91.61,-55.42,-135.07
2026-07-27 14:43:52.449,-0.5,0.94,-0.02,-99.06,-75.13,-192.69
2026-07-27 14:43:52.512,-0.47,1.34,-0.09,-99.3,-63.78,-169.13
2026-07-27 14:43:52.513,-0.47,1.34,-0.09,-99.3,-63.78,-169.13
2026-07-27 14:43:52.569,-0.35,1.64,-0.11,-65.37,-24.78,-61.4
2026-07-27 14:43:52.569,-0.35,1.64,-0.11,-65.37,-24.78,-61.4
2026-07-27 14:43:52.629,-0.3,1.54,0.03,16.05,26.49,95.21
2026-07-27 14:43:52.630,-0.3,1.54,0.03,16.05,26.49,95.21
2026-07-27 14:43:52.630,-0.32,1.12,0.22,69.21,66.47,236.94
2026-07-27 14:43:52.688,-0.31,0.64,0.28,43.4,76.84,287.23
2026-07-27 14:43:52.689,-0.31,0.64,0.28,43.4,76.84,287.23
2026-07-27 14:43:52.689,-0.23,0.37,0.21,-12.02,53.34,214.78
2026-07-27 14:43:52.749,-0.23,0.37,0.21,-12.02,53.34,214.78
2026-07-27 14:43:52.749,-0.18,0.37,0.11,-29.66,8.3,68.18
2026-07-27 14:43:52.750,-0.18,0.37,0.11,-29.66,8.3,68.18
2026-07-27 14:43:52.808,-0.25,0.56,0.06,-8.12,-34.3,-76.42
2026-07-27 14:43:52.809,-0.25,0.56,0.06,-0.92,-59.08,-164.92
2026-07-27 14:43:52.809,-0.36,0.87,0.08,-0.92,-59.08,-164.92
2026-07-27 14:43:52.869,-0.35,1.23,0.12,-40.28,-48.4,-186.4
2026-07-27 14:43:52.869,-0.35,1.23,0.12,-40.28,-48.4,-186.4
2026-07-27 14:43:52.928,-0.13,1.58,0.08,-91.19,10.01,-137.57
2026-07-27 14:43:52.929,-0.13,1.58,0.08,-91.19,10.01,-137.57
2026-07-27 14:43:52.929,0.06,1.76,0.12,-98.51,86.43,-28.99
2026-07-27 14:43:52.996,0.06,1.76,0.12,-98.51,86.43,-28.99
2026-07-27 14:43:52.997,-0.06,1.51,0.26,-83.62,149.48,78.8
2026-07-27 14:43:53.048,-0.29,1.01,0.35,-86.49,146.91,156.49
2026-07-27 14:43:53.049,-0.29,1.01,0.35,-86.49,146.91,156.49
2026-07-27 14:43:53.049,-0.33,0.59,0.34,-93.44,60.06,200.2
2026-07-27 14:43:53.112,-0.33,0.59,0.34,-93.44,60.06,200.2
2026-07-27 14:43:53.112,-0.24,0.38,0.26,-78.25,-28.44,183.53
2026-07-27 14:43:53.112,-0.24,0.38,0.26,-78.25,-28.44,183.53
2026-07-27 14:43:53.229,-0.15,0.39,0.2,-22.28,-64.7,96.92
2026-07-27 14:43:53.229,-0.15,0.51,0.16,56.21,-64.21,-34.91
2026-07-27 14:43:53.231,-0.15,0.51,0.16,56.21,-64.21,-34.91
2026-07-27 14:43:53.254,-0.25,0.69,0.13,107.48,-56.88,-156.07
2026-07-27 14:43:53.254,-0.25,0.69,0.13,107.48,-56.88,-156.07
2026-07-27 14:43:53.289,-0.37,0.97,0.14,103.76,-54.44,-218.75
2026-07-27 14:43:53.291,-0.37,0.97,0.14,103.76,-54.44,-218.75
2026-07-27 14:43:53.349,-0.33,1.27,0.14,60.24,-37.29,-218.2
2026-07-27 14:43:53.350,-0.22,1.49,0.04,42.11,12.51,-170.9
2026-07-27 14:43:53.350,-0.22,1.49,0.04,42.11,12.51,-170.9
2026-07-27 14:43:53.410,-0.2,1.51,-0.11,71.66,51.82,-87.59
2026-07-27 14:43:53.417,-0.2,1.51,-0.11,71.66,51.82,-87.59
2026-07-27 14:43:53.418,-0.32,1.24,-0.1,78.55,39.79,21.85
2026-07-27 14:43:53.468,-0.32,1.24,-0.1,78.55,39.79,21.85
2026-07-27 14:43:53.468,-0.43,0.85,0.05,40.47,1.89,101.5
2026-07-27 14:43:53.528,-0.43,0.85,0.05,2.99,-22.89,107.18
2026-07-27 14:43:53.529,-0.36,0.59,0.16,2.99,-22.89,107.18
2026-07-27 14:43:53.531,-0.29,0.61,0.13,-0.43,-15.99,70.37
2026-07-27 14:43:53.590,-0.29,0.61,0.13,-0.43,-15.99,70.37
2026-07-27 14:43:53.590,-0.29,0.76,0.01,21.55,10.74,29.79
2026-07-27 14:43:53.597,-0.29,0.76,0.01,21.55,10.74,29.79
2026-07-27 14:43:53.659,-0.27,0.92,-0.09,42.42,28.81,1.65
2026-07-27 14:43:53.662,-0.27,0.92,-0.09,42.42,28.81,1.65
2026-07-27 14:43:53.723,-0.25,1.0,-0.17,52.73,30.03,-10.31
2026-07-27 14:43:53.723,-0.26,1.01,-0.26,59.2,21.55,-11.17
2026-07-27 14:43:53.723,-0.26,1.01,-0.26,59.2,21.55,-11.17
2026-07-27 14:43:53.768,-0.26,0.98,-0.29,46.08,5.55,0.55
2026-07-27 14:43:53.768,-0.26,0.98,-0.29,46.08,5.55,0.55
2026-07-27 14:43:53.769,-0.18,0.97,-0.23,5.37,3.91,8.36
2026-07-27 14:43:53.830,-0.18,0.97,-0.23,5.37,3.91,8.36
2026-07-27 14:43:53.830,-0.1,1.08,-0.23,7.08,23.8,-5.31
2026-07-27 14:43:53.831,-0.1,1.08,-0.23,7.08,23.8,-5.31
2026-07-27 14:43:53.888,-0.06,1.29,-0.26,30.76,38.76,12.7
2026-07-27 14:43:53.888,-0.06,1.29,-0.26,9.52,3.72,98.21
2026-07-27 14:43:53.955,-0.04,1.47,-0.28,9.52,3.72,98.21
2026-07-27 14:43:53.955,-0.05,1.37,-0.3,-33.14,-72.14,194.27
2026-07-27 14:43:53.956,-0.05,1.37,-0.3,-33.14,-72.14,194.27
2026-07-27 14:43:54.008,-0.1,0.94,-0.18,-117.13,-52.55,230.83
2026-07-27 14:43:54.008,-0.1,0.94,-0.18,-117.13,-52.55,230.83
2026-07-27 14:43:54.068,-0.09,0.49,0.04,-184.75,47.55,177.98
2026-07-27 14:43:54.069,-0.09,0.49,0.04,-184.75,47.55,177.98
2026-07-27 14:43:54.069,-0.03,0.25,0.21,-173.58,87.77,70.01
2026-07-27 14:43:54.134,-0.07,0.15,0.24,-156.19,84.35,-48.52
2026-07-27 14:43:54.134,-0.07,0.15,0.24,-156.19,84.35,-48.52
2026-07-27 14:43:54.134,-0.29,0.22,0.17,-130.07,105.1,-179.32
2026-07-27 14:43:54.188,-0.29,0.22,0.17,-130.07,105.1,-179.32
2026-07-27 14:43:54.188,-0.6,0.64,0.08,-16.85,136.23,-308.65
2026-07-27 14:43:54.249,-0.6,0.64,0.08,-16.85,136.23,-308.65
2026-07-27 14:43:54.249,-0.8,1.35,0.07,141.6,126.16,-371.15
2026-07-27 14:43:54.249,-0.75,1.97,0.17,194.03,79.65,-305.3
2026-07-27 14:43:54.308,-0.75,1.97,0.17,194.03,79.65,-305.3
2026-07-27 14:43:54.308,-0.65,1.98,0.28,93.69,27.16,-115.23
2026-07-27 14:43:54.309,-0.65,1.98,0.28,93.69,27.16,-115.23
2026-07-27 14:43:54.369,-0.64,1.43,0.38,-80.99,-11.11,101.99
2026-07-27 14:43:54.369,-0.6,0.88,0.39,-232.36,-47.24,237.55
2026-07-27 14:43:54.433,-0.6,0.88,0.39,-232.36,-47.24,237.55
2026-07-27 14:43:54.433,-0.46,0.5,0.28,-289.98,-88.26,268.98
2026-07-27 14:43:54.505,-0.46,0.5,0.28,-289.98,-88.26,268.98
2026-07-27 14:43:54.505,-0.24,0.28,0.19,-225.71,-86.91,207.76
2026-07-27 14:43:54.505,-0.24,0.28,0.19,-76.48,-48.58,100.34
2026-07-27 14:43:54.549,-0.09,0.22,0.18,-76.48,-48.58,100.34
2026-07-27 14:43:54.549,-0.11,0.26,0.18,63.35,-13.12,3.6
2026-07-27 14:43:54.549,-0.11,0.26,0.18,63.35,-13.12,3.6
2026-07-27 14:43:54.608,-0.31,0.36,0.16,138.37,22.71,-85.63
2026-07-27 14:43:54.613,-0.31,0.36,0.16,138.37,22.71,-85.63
2026-07-27 14:43:54.669,-0.62,0.56,0.18,155.03,59.51,-184.63
2026-07-27 14:43:54.670,-0.62,0.56,0.18,155.03,59.51,-184.63
2026-07-27 14:43:54.671,-0.89,0.85,0.26,130.68,78.74,-269.59
2026-07-27 14:43:54.728,-0.92,1.26,0.36,107.18,46.81,-272.16
2026-07-27 14:43:54.729,-0.92,1.26,0.36,107.18,46.81,-272.16
2026-07-27 14:43:54.805,-0.63,1.68,0.36,110.9,-24.66,-170.59
2026-07-27 14:43:54.805,-0.63,1.68,0.36,110.9,-24.66,-170.59
2026-07-27 14:43:54.806,-0.39,1.74,0.28,90.94,-56.52,-31.74
2026-07-27 14:43:54.850,-0.39,1.74,0.28,90.94,-56.52,-31.74
2026-07-27 14:43:54.908,-0.39,1.74,0.28,90.94,-56.52,-31.74
2026-07-27 14:43:54.909,-0.39,1.74,0.28,90.94,-56.52,-31.74
2026-07-27 14:43:54.909,-0.45,1.02,0.43,26.43,-75.32,233.03
2026-07-27 14:43:54.909,-0.45,1.02,0.43,26.43,-75.32,233.03
2026-07-27 14:43:54.910,-0.46,0.75,0.41,22.64,-82.46,303.16
2026-07-27 14:43:54.968,-0.41,0.48,0.26,-2.5,-62.19,265.87
2026-07-27 14:43:54.969,-0.41,0.48,0.26,-2.5,-62.19,265.87
2026-07-27 14:43:55.034,-0.25,0.31,0.07,-26.61,-46.14,134.09
2026-07-27 14:43:55.035,-0.25,0.31,0.07,-26.61,-46.14,134.09
2026-07-27 14:43:55.035,-0.18,0.31,-0.02,-23.32,-28.26,-13.85
2026-07-27 14:43:55.105,-0.18,0.31,-0.02,-23.32,-28.26,-13.85
2026-07-27 14:43:55.105,-0.33,0.44,0.05,-9.28,10.8,-122.99
2026-07-27 14:43:55.149,-0.59,0.69,0.2,-7.08,49.93,-202.33
2026-07-27 14:43:55.149,-0.59,0.69,0.2,-7.08,49.93,-202.33
2026-07-27 14:43:55.150,-0.74,1.01,0.32,-25.39,67.99,-265.01
2026-07-27 14:43:55.208,-0.74,1.01,0.32,-25.39,67.99,-265.01
2026-07-27 14:43:55.208,-0.71,1.34,0.38,-47.49,69.4,-273.44
2026-07-27 14:43:55.209,-0.71,1.34,0.38,-47.49,69.4,-273.44
2026-07-27 14:43:55.272,-0.58,1.5,0.39,-46.57,57.25,-189.7
2026-07-27 14:43:55.272,-0.48,1.37,0.4,-22.4,25.82,-37.54
2026-07-27 14:43:55.330,-0.48,1.37,0.4,-22.4,25.82,-37.54
2026-07-27 14:43:55.331,-0.48,1.04,0.44,10.07,-15.93,123.05
2026-07-27 14:43:55.331,-0.48,1.04,0.44,10.07,-15.93,123.05
2026-07-27 14:43:55.390,-0.48,0.73,0.45,28.14,-49.13,228.82
2026-07-27 14:43:55.391,-0.48,0.73,0.45,28.14,-49.13,228.82
2026-07-27 14:43:55.391,-0.41,0.57,0.36,18.8,-60.06,251.95
2026-07-27 14:43:55.449,-0.41,0.57,0.36,6.41,-45.1,211.61
2026-07-27 14:43:55.449,-0.3,0.58,0.23,6.41,-45.1,211.61
2026-07-27 14:43:55.508,-0.2,0.71,0.13,17.76,-14.34,145.45
2026-07-27 14:43:55.509,-0.2,0.71,0.13,17.76,-14.34,145.45
2026-07-27 14:43:55.509,-0.14,0.84,0.07,38.7,11.84,84.66
2026-07-27 14:43:55.568,-0.14,0.84,0.07,38.7,11.84,84.66
2026-07-27 14:43:55.569,-0.1,0.9,0.03,54.32,16.48,39.25
2026-07-27 14:43:55.570,-0.1,0.9,0.03,54.32,16.48,39.25
2026-07-27 14:43:55.628,-0.08,0.92,0.0,77.03,11.72,5.68
2026-07-27 14:43:55.628,-0.08,0.98,0.05,89.78,32.53,-21.91
2026-07-27 14:43:55.693,-0.08,0.98,0.05,89.78,32.53,-21.91
2026-07-27 14:43:55.694,-0.07,1.13,0.19,53.04,85.75,-55.18
2026-07-27 14:43:55.694,-0.07,1.13,0.19,53.04,85.75,-55.18
2026-07-27 14:43:55.748,-0.02,1.42,0.27,-10.44,103.33,-81.67
2026-07-27 14:43:55.748,-0.02,1.42,0.27,-10.44,103.33,-81.67
2026-07-27 14:43:55.749,-0.01,1.63,0.29,-110.05,53.47,-54.08
2026-07-27 14:43:55.808,-0.01,1.63,0.29,-110.05,53.47,-54.08
2026-07-27 14:43:55.808,-0.05,1.46,0.43,-296.63,-1.53,30.03
2026-07-27 14:43:55.869,-0.04,1.02,0.54,-444.82,-48.16,115.72
2026-07-27 14:43:55.870,-0.04,1.02,0.54,-444.82,-48.16,115.72
2026-07-27 14:43:55.870,-0.06,0.59,0.54,-380.13,-81.12,173.4
2026-07-27 14:43:55.929,-0.06,0.59,0.54,-380.13,-81.12,173.4
2026-07-27 14:43:55.930,-0.1,0.23,0.51,-171.94,-70.01,186.65
2026-07-27 14:43:55.930,-0.1,0.23,0.51,-171.94,-70.01,186.65
2026-07-27 14:43:55.990,-0.09,-0.02,0.44,7.51,-14.47,130.62
2026-07-27 14:43:55.994,-0.06,-0.1,0.32,114.07,46.33,19.78
2026-07-27 14:43:56.054,-0.06,-0.1,0.32,114.07,46.33,19.78
2026-07-27 14:43:56.054,-0.14,-0.0,0.17,198.3,62.01,-104.37
2026-07-27 14:43:56.054,-0.14,-0.0,0.17,198.3,62.01,-104.37
2026-07-27 14:43:56.121,-0.42,0.29,0.06,300.11,40.89,-217.59
2026-07-27 14:43:56.122,-0.42,0.29,0.06,300.11,40.89,-217.59
2026-07-27 14:43:56.168,-0.85,0.82,0.04,360.11,20.02,-318.24
2026-07-27 14:43:56.168,-1.06,1.51,0.2,295.65,-8.54,-368.04
2026-07-27 14:43:56.168,-1.06,1.51,0.2,295.65,-8.54,-368.04
2026-07-27 14:43:56.288,-0.76,2.16,0.24,153.44,-54.44,-298.77
2026-07-27 14:43:56.289,-0.76,2.16,0.24,153.44,-54.44,-298.77
2026-07-27 14:43:56.290,-0.38,2.21,0.09,36.38,-65.73,-130.07
2026-07-27 14:43:56.290,-0.38,2.21,0.09,36.38,-65.73,-130.07
2026-07-27 14:43:56.290,-0.39,1.57,0.09,-8.54,-45.65,68.6
2026-07-27 14:43:56.348,-0.54,0.95,0.24,11.47,-28.69,240.3
2026-07-27 14:43:56.349,-0.54,0.95,0.24,11.47,-28.69,240.3
2026-07-27 14:43:56.408,-0.56,0.65,0.31,35.22,-20.51,335.14
2026-07-27 14:43:56.409,-0.56,0.65,0.31,35.22,-20.51,335.14
2026-07-27 14:43:56.409,-0.4,0.48,0.23,8.0,-25.02,319.34
2026-07-27 14:43:56.539,-0.17,0.38,0.11,-32.53,-28.5,197.02
2026-07-27 14:43:56.542,-0.17,0.38,0.11,-32.53,-28.5,197.02
2026-07-27 14:43:56.543,-0.05,0.41,0.03,-24.29,-29.66,45.17
2026-07-27 14:43:56.543,-0.05,0.41,0.03,-24.29,-29.66,45.17
2026-07-27 14:43:56.544,-0.07,0.58,-0.0,22.34,-28.26,-65.67
2026-07-27 14:43:56.544,-0.07,0.58,-0.0,22.34,-28.26,-65.67
2026-07-27 14:43:56.590,-0.14,0.87,-0.06,80.75,-21.48,-120.79
2026-07-27 14:43:56.591,-0.14,0.87,-0.06,104.43,-11.66,-135.62
2026-07-27 14:43:56.649,-0.23,1.11,-0.12,104.43,-11.66,-135.62
2026-07-27 14:43:56.649,-0.35,1.11,-0.06,37.05,-2.62,-155.46
2026-07-27 14:43:56.767,-0.35,1.11,-0.06,37.05,-2.62,-155.46
2026-07-27 14:43:56.768,-0.45,0.96,0.06,-64.82,5.07,-197.45
2026-07-27 14:43:56.768,-0.45,0.96,0.06,-64.82,5.07,-197.45
2026-07-27 14:43:56.768,-0.52,0.95,0.13,-96.25,14.59,-208.01
2026-07-27 14:43:56.769,-0.52,0.95,0.13,-96.25,14.59,-208.01
2026-07-27 14:43:56.769,-0.47,1.23,0.17,-47.3,22.03,-158.39
2026-07-27 14:43:56.830,-0.36,1.59,0.16,14.71,16.24,-48.34
2026-07-27 14:43:56.831,-0.36,1.59,0.16,14.71,16.24,-48.34
2026-07-27 14:43:56.888,-0.37,1.61,0.12,23.38,-1.28,127.62
2026-07-27 14:43:56.889,-0.37,1.61,0.12,23.38,-1.28,127.62
2026-07-27 14:43:56.889,-0.44,1.28,0.09,-10.31,-9.58,290.53
2026-07-27 14:43:56.948,-0.44,1.28,0.09,-10.31,-9.58,290.53
2026-07-27 14:43:56.965,-0.43,0.79,0.12,-43.7,1.4,313.96
2026-07-27 14:43:56.965,-0.43,0.79,0.12,-43.7,1.4,313.96
2026-07-27 14:43:57.008,-0.32,0.36,0.16,-73.79,19.17,204.22
2026-07-27 14:43:57.009,-0.21,0.18,0.14,-78.31,19.53,64.7
2026-07-27 14:43:57.009,-0.21,0.18,0.14,-78.31,19.53,64.7
2026-07-27 14:43:57.133,-0.22,0.23,0.08,-36.99,-2.44,-56.88
2026-07-27 14:43:57.134,-0.22,0.23,0.08,-36.99,-2.44,-56.88
2026-07-27 14:43:57.134,-0.38,0.43,0.02,25.09,-24.29,-168.33
2026-07-27 14:43:57.134,-0.38,0.43,0.02,25.09,-24.29,-168.33
2026-07-27 14:43:57.134,-0.64,0.74,0.01,68.54,-19.96,-267.27
2026-07-27 14:43:57.188,-0.64,0.74,0.01,63.42,13.98,-313.48
2026-07-27 14:43:57.188,-0.83,1.16,0.04,63.42,13.98,-313.48
2026-07-27 14:43:57.252,-0.77,1.54,0.09,19.96,50.48,-256.16
2026-07-27 14:43:57.253,-0.77,1.54,0.09,19.96,50.48,-256.16
2026-07-27 14:43:57.253,-0.59,1.61,0.12,-12.88,59.08,-130.31
2026-07-27 14:43:57.309,-0.59,1.61,0.12,-12.88,59.08,-130.31
2026-07-27 14:43:57.333,-0.52,1.38,0.17,-5.62,31.92,0.37
2026-07-27 14:43:57.333,-0.52,1.38,0.17,-5.62,31.92,0.37
2026-07-27 14:43:57.368,-0.55,1.1,0.27,6.65,-11.05,123.35
2026-07-27 14:43:57.368,-0.59,0.89,0.37,-31.13,-50.72,215.03
2026-07-27 14:43:57.369,-0.59,0.89,0.37,-31.13,-50.72,215.03
2026-07-27 14:43:57.432,-0.54,0.69,0.37,-114.32,-79.59,243.35
2026-07-27 14:43:57.432,-0.54,0.69,0.37,-114.32,-79.59,243.35
2026-07-27 14:43:57.488,-0.38,0.53,0.31,-174.26,-91.37,193.73
2026-07-27 14:43:57.489,-0.38,0.53,0.31,-174.26,-91.37,193.73
2026-07-27 14:43:57.489,-0.23,0.48,0.26,-157.71,-85.14,101.32
2026-07-27 14:43:57.549,-0.17,0.49,0.22,-85.45,-63.54,17.4
2026-07-27 14:43:57.559,-0.17,0.49,0.22,-85.45,-63.54,17.4
2026-07-27 14:43:57.610,-0.22,0.51,0.16,-7.81,-29.11,-45.65
2026-07-27 14:43:57.611,-0.22,0.51,0.16,-7.81,-29.11,-45.65
2026-07-27 14:43:57.611,-0.34,0.56,0.07,63.54,13.79,-97.78
2026-07-27 14:43:57.683,-0.34,0.56,0.07,63.54,13.79,-97.78
2026-07-27 14:43:57.684,-0.49,0.79,-0.01,145.57,66.35,-136.96
2026-07-27 14:43:57.684,-0.49,0.79,-0.01,242.0,119.69,-153.81
2026-07-27 14:43:57.731,-0.55,1.26,-0.11,242.0,119.69,-153.81
2026-07-27 14:43:57.732,-0.45,1.72,-0.19,278.63,149.78,-130.37
2026-07-27 14:43:57.848,-0.45,1.72,-0.19,278.63,149.78,-130.37
2026-07-27 14:43:57.849,-0.35,1.79,-0.11,166.26,147.64,-49.26
2026-07-27 14:43:57.850,-0.35,1.79,-0.11,166.26,147.64,-49.26
2026-07-27 14:43:57.850,-0.38,1.5,0.08,-78.49,150.94,70.43
2026-07-27 14:43:57.851,-0.38,1.5,0.08,-376.77,179.87,183.59
2026-07-27 14:43:57.908,-0.47,1.09,0.25,-376.77,179.87,183.59
2026-07-27 14:43:57.908,-0.43,0.72,0.34,-531.56,132.81,229.19
2026-07-27 14:43:57.909,-0.43,0.72,0.34,-531.56,132.81,229.19
2026-07-27 14:43:57.968,-0.25,0.48,0.36,-403.99,-6.29,177.61
2026-07-27 14:43:57.969,-0.25,0.48,0.36,-403.99,-6.29,177.61
2026-07-27 14:43:57.969,-0.08,0.34,0.36,-152.89,-99.79,86.91
2026-07-27 14:43:58.030,-0.02,0.32,0.31,31.07,-94.12,11.6
2026-07-27 14:43:58.030,-0.02,0.32,0.31,31.07,-94.12,11.6
2026-07-27 14:43:58.088,-0.07,0.36,0.17,136.78,-42.18,-61.04
2026-07-27 14:43:58.088,-0.07,0.36,0.17,136.78,-42.18,-61.04
2026-07-27 14:43:58.088,-0.29,0.45,0.06,195.31,2.81,-143.55
2026-07-27 14:43:58.149,-0.29,0.45,0.06,195.31,2.81,-143.55
2026-07-27 14:43:58.149,-0.67,0.64,0.07,185.49,37.05,-232.6
2026-07-27 14:43:58.208,-0.67,0.64,0.07,106.69,61.95,-316.65
2026-07-27 14:43:58.210,-0.97,0.94,0.21,106.69,61.95,-316.65
2026-07-27 14:43:58.211,-0.95,1.32,0.47,9.58,67.5,-352.66
2026-07-27 14:43:58.281,-0.95,1.32,0.47,9.58,67.5,-352.66
2026-07-27 14:43:58.282,-0.67,1.68,0.65,-29.91,58.17,-257.32
2026-07-27 14:43:58.283,-0.67,1.68,0.65,-29.91,58.17,-257.32
2026-07-27 14:43:58.330,-0.48,1.64,0.61,-9.52,19.65,-41.99
2026-07-27 14:43:58.331,-0.48,1.64,0.61,10.38,-53.34,164.55
2026-07-27 14:43:58.388,-0.54,1.22,0.51,10.38,-53.34,164.55
2026-07-27 14:43:58.389,-0.65,0.8,0.41,7.2,-116.58,281.56
2026-07-27 14:43:58.389,-0.65,0.8,0.41,7.2,-116.58,281.56
2026-07-27 14:43:58.453,-0.64,0.49,0.3,-16.6,-133.73,292.54
2026-07-27 14:43:58.454,-0.64,0.49,0.3,-38.02,-105.16,209.41
2026-07-27 14:43:58.508,-0.48,0.31,0.2,-38.02,-105.16,209.41
2026-07-27 14:43:58.508,-0.34,0.27,0.16,-34.0,-59.02,75.44
2026-07-27 14:43:58.510,-0.34,0.27,0.16,-34.0,-59.02,75.44
2026-07-27 14:43:58.569,-0.34,0.36,0.16,-14.95,-16.24,-59.45
2026-07-27 14:43:58.569,-0.34,0.36,0.16,-14.95,-16.24,-59.45
2026-07-27 14:43:58.630,-0.43,0.6,0.15,1.46,29.97,-165.34
2026-07-27 14:43:58.630,-0.43,0.6,0.15,1.46,29.97,-165.34
2026-07-27 14:43:58.631,-0.49,1.06,0.22,17.82,81.6,-210.75
2026-07-27 14:43:58.697,-0.46,1.56,0.35,50.9,105.29,-173.95
2026-07-27 14:43:58.698,-0.46,1.56,0.35,50.9,105.29,-173.95
2026-07-27 14:43:58.698,-0.45,1.7,0.48,83.56,72.45,-65.55
2026-07-27 14:43:58.749,-0.45,1.7,0.48,83.56,72.45,-65.55
2026-07-27 14:43:58.749,-0.48,1.36,0.49,71.66,8.42,67.38
2026-07-27 14:43:58.808,-0.48,1.36,0.49,71.66,8.42,67.38
2026-07-27 14:43:58.809,-0.48,0.87,0.39,28.2,-41.26,164.25
2026-07-27 14:43:58.809,-0.4,0.52,0.27,-6.23,-56.7,192.26
2026-07-27 14:43:58.868,-0.4,0.52,0.27,-6.23,-56.7,192.26
2026-07-27 14:43:58.868,-0.25,0.46,0.2,-14.53,-48.58,156.92
2026-07-27 14:43:58.869,-0.25,0.46,0.2,-14.53,-48.58,156.92
2026-07-27 14:43:58.928,-0.13,0.66,0.18,10.01,-39.86,100.59
2026-07-27 14:43:58.930,-0.13,0.66,0.18,10.01,-39.86,100.59
2026-07-27 14:43:58.990,-0.06,0.98,0.18,49.68,-39.37,55.3
2026-07-27 14:43:58.991,-0.06,0.98,0.18,76.05,-41.63,34.24
2026-07-27 14:43:58.991,-0.0,1.23,0.13,76.05,-41.63,34.24
2026-07-27 14:43:59.049,0.03,1.25,0.06,71.04,-35.71,49.26
2026-07-27 14:43:59.049,0.03,1.25,0.06,71.04,-35.71,49.26
2026-07-27 14:43:59.120,0.05,1.09,0.02,41.26,-19.59,84.84
2026-07-27 14:43:59.125,0.05,1.09,0.02,41.26,-19.59,84.84
2026-07-27 14:43:59.125,0.1,0.94,0.01,18.62,-5.74,111.45
2026-07-27 14:43:59.170,0.1,0.94,0.01,18.62,-5.74,111.45
2026-07-27 14:43:59.170,0.2,0.91,0.01,20.51,-0.73,122.74
2026-07-27 14:43:59.170,0.2,0.91,0.01,32.04,1.89,128.97
2026-07-27 14:43:59.229,0.31,0.96,0.01,32.04,1.89,128.97
2026-07-27 14:43:59.229,0.41,1.01,0.02,35.28,7.08,139.4
2026-07-27 14:43:59.230,0.41,1.01,0.02,35.28,7.08,139.4
2026-07-27 14:43:59.291,0.5,0.98,0.01,30.94,12.63,157.53
2026-07-27 14:43:59.291,0.5,0.98,0.01,30.94,12.63,157.53
2026-07-27 14:43:59.348,0.57,0.83,-0.01,17.64,19.9,175.05
2026-07-27 14:43:59.349,0.57,0.83,-0.01,17.64,19.9,175.05
2026-07-27 14:43:59.349,0.63,0.6,-0.04,-2.62,28.87,176.94
2026-07-27 14:43:59.411,0.69,0.4,-0.06,-18.25,37.84,153.44
2026-07-27 14:43:59.414,0.69,0.4,-0.06,-18.25,37.84,153.44
2026-07-27 14:43:59.469,0.74,0.32,-0.02,-26.79,49.44,108.64
2026-07-27 14:43:59.469,0.74,0.32,-0.02,-26.79,49.44,108.64
2026-07-27 14:43:59.469,0.76,0.32,0.08,-30.46,59.14,57.31
2026-07-27 14:43:59.528,0.76,0.32,0.08,-30.46,59.14,57.31
2026-07-27 14:43:59.528,0.78,0.39,0.18,-28.38,57.19,10.19
2026-07-27 14:43:59.529,0.78,0.39,0.18,-22.16,45.23,-23.19
2026-07-27 14:43:59.594,0.81,0.52,0.27,-22.16,45.23,-23.19
2026-07-27 14:43:59.595,0.85,0.61,0.32,-16.36,31.92,-32.41
2026-07-27 14:43:59.648,0.85,0.61,0.32,-16.36,31.92,-32.41
2026-07-27 14:43:59.648,0.84,0.62,0.32,-13.98,22.16,-21.0
2026-07-27 14:43:59.649,0.84,0.62,0.32,-13.98,22.16,-21.0
2026-07-27 14:43:59.711,0.78,0.56,0.3,-14.89,16.54,-6.35
2026-07-27 14:43:59.711,0.78,0.56,0.3,-14.89,16.54,-6.35
2026-07-27 14:43:59.712,0.75,0.52,0.28,-14.28,11.23,-2.81
2026-07-27 14:43:59.769,0.77,0.53,0.26,-10.25,4.64,-9.09
2026-07-27 14:43:59.769,0.77,0.53,0.26,-10.25,4.64,-9.09
2026-07-27 14:43:59.842,0.8,0.55,0.25,-6.77,1.46,-14.47
2026-07-27 14:43:59.843,0.8,0.55,0.25,-6.77,1.46,-14.47
2026-07-27 14:43:59.843,0.81,0.51,0.21,-5.74,3.23,-14.1
2026-07-27 14:43:59.889,0.81,0.51,0.21,-5.74,3.23,-14.1
2026-07-27 14:43:59.891,0.8,0.48,0.16,-5.49,11.17,-5.49
2026-07-27 14:43:59.894,0.8,0.48,0.16,-5.49,11.17,-5.49
2026-07-27 14:43:59.949,0.77,0.46,0.16,-15.87,37.96,10.01
2026-07-27 14:43:59.950,0.77,0.46,0.16,-49.99,97.84,12.15
2026-07-27 14:43:59.950,0.69,0.44,0.3,-49.99,97.84,12.15
2026-07-27 14:44:00.010,0.59,0.42,0.5,-75.68,160.34,-2.08
2026-07-27 14:44:00.020,0.59,0.42,0.5,-75.68,160.34,-2.08
2026-07-27 14:44:00.069,0.44,0.43,0.62,-55.42,178.34,-21.79
2026-07-27 14:44:00.069,0.44,0.43,0.62,-55.42,178.34,-21.79
2026-07-27 14:44:00.069,0.33,0.52,0.68,2.75,147.22,-43.7
2026-07-27 14:44:00.137,0.33,0.52,0.68,2.75,147.22,-43.7
2026-07-27 14:44:00.137,0.36,0.67,0.77,63.42,85.82,-65.25
2026-07-27 14:44:00.189,0.47,0.84,0.83,87.22,28.32,-64.03
2026-07-27 14:44:00.190,0.47,0.84,0.83,87.22,28.32,-64.03
2026-07-27 14:44:00.190,0.51,0.93,0.83,54.26,14.77,-32.23
2026-07-27 14:44:00.248,0.51,0.93,0.83,54.26,14.77,-32.23
2026-07-27 14:44:00.248,0.45,0.85,0.75,-11.41,21.55,-3.36
2026-07-27 14:44:00.249,0.45,0.85,0.75,-11.41,21.55,-3.36
2026-07-27 14:44:00.330,0.41,0.69,0.63,-54.81,1.04,7.69
2026-07-27 14:44:00.331,0.41,0.69,0.63,-54.81,1.04,7.69
2026-07-27 14:44:00.368,0.41,0.58,0.56,-58.11,-24.05,8.18
2026-07-27 14:44:00.368,0.45,0.55,0.54,-37.54,-27.16,7.39
2026-07-27 14:44:00.369,0.45,0.55,0.54,-37.54,-27.16,7.39
2026-07-27 14:44:00.429,0.48,0.56,0.57,-11.17,-15.5,11.6
2026-07-27 14:44:00.430,0.48,0.56,0.57,-11.17,-15.5,11.6
2026-07-27 14:44:00.430,0.49,0.59,0.61,8.12,-1.71,20.45
2026-07-27 14:44:00.491,0.49,0.59,0.61,22.64,-2.87,25.51
2026-07-27 14:44:00.492,0.5,0.63,0.64,22.64,-2.87,25.51
2026-07-27 14:44:00.560,0.52,0.66,0.67,30.52,-15.75,24.41
2026-07-27 14:44:00.560,0.52,0.66,0.67,30.52,-15.75,24.41
2026-07-27 14:44:00.561,0.56,0.67,0.67,23.99,-27.65,25.02
2026-07-27 14:44:00.608,0.56,0.67,0.67,23.99,-27.65,25.02
2026-07-27 14:44:00.620,0.57,0.63,0.64,9.83,-35.77,27.95
2026-07-27 14:44:00.621,0.57,0.63,0.64,9.83,-35.77,27.95
2026-07-27 14:44:00.670,0.55,0.56,0.59,-2.01,-37.66,29.72
2026-07-27 14:44:00.670,0.53,0.5,0.55,-4.82,-35.16,29.72
2026-07-27 14:44:00.740,0.53,0.5,0.55,-4.82,-35.16,29.72
2026-07-27 14:44:00.740,0.55,0.48,0.53,1.89,-33.81,23.74
2026-07-27 14:44:00.744,0.55,0.48,0.53,1.89,-33.81,23.74
2026-07-27 14:44:00.790,0.6,0.5,0.54,4.82,-29.54,10.74
2026-07-27 14:44:00.790,0.6,0.5,0.54,4.82,-29.54,10.74
2026-07-27 14:44:00.848,0.64,0.54,0.57,-3.42,-15.08,-2.32
2026-07-27 14:44:00.848,0.64,0.54,0.57,-3.42,-15.08,-2.32
2026-07-27 14:44:00.849,0.64,0.56,0.58,-14.28,1.89,-8.42
2026-07-27 14:44:00.910,0.63,0.56,0.57,-20.14,10.62,-9.34
2026-07-27 14:44:00.911,0.63,0.56,0.57,-20.14,10.62,-9.34
2026-07-27 14:44:00.911,0.62,0.55,0.56,-20.26,10.19,-9.64
2026-07-27 14:44:00.968,0.62,0.55,0.56,-20.26,10.19,-9.64
2026-07-27 14:44:00.970,0.53,0.56,0.57,-19.84,10.56,-15.81
2026-07-27 14:44:00.970,0.53,0.56,0.57,-19.84,10.56,-15.81
2026-07-27 14:44:01.032,0.54,0.57,0.59,-29.97,14.95,-51.82
2026-07-27 14:44:01.032,0.54,0.57,0.59,-29.97,14.95,-51.82
2026-07-27 14:44:01.088,0.54,0.57,0.59,-29.97,14.95,-51.82
2026-07-27 14:44:01.090,0.54,0.57,0.59,-29.97,14.95,-51.82
2026-07-27 14:44:01.091,0.43,0.56,0.68,-74.04,133.85,-105.83
2026-07-27 14:44:01.148,0.43,0.56,0.68,-74.04,133.85,-105.83
2026-07-27 14:44:01.149,0.43,0.56,0.68,-74.04,133.85,-105.83
2026-07-27 14:44:01.149,0.43,0.56,0.68,-74.04,133.85,-105.83
2026-07-27 14:44:01.208,0.23,0.51,0.86,-44.62,101.87,27.04
2026-07-27 14:44:01.209,0.21,0.5,0.88,-24.78,63.48,55.05
2026-07-27 14:44:01.209,0.21,0.5,0.88,-24.78,63.48,55.05
2026-07-27 14:44:01.268,0.21,0.48,0.9,-25.7,49.07,23.93
2026-07-27 14:44:01.268,0.21,0.48,0.9,-25.7,49.07,23.93
2026-07-27 14:44:01.328,0.2,0.44,0.89,-39.49,45.59,-10.5
2026-07-27 14:44:01.328,0.2,0.44,0.89,-39.49,45.59,-10.5
2026-07-27 14:44:01.329,0.16,0.4,0.89,-51.09,45.17,-13.0
2026-07-27 14:44:01.388,0.16,0.4,0.89,-49.74,42.72,-0.24
2026-07-27 14:44:01.389,0.13,0.36,0.9,-49.74,42.72,-0.24
2026-07-27 14:44:01.389,0.09,0.33,0.92,-38.64,36.74,7.45
2026-07-27 14:44:01.448,0.09,0.33,0.92,-38.64,36.74,7.45
2026-07-27 14:44:01.449,0.08,0.33,0.93,-22.09,30.09,-3.36
2026-07-27 14:44:01.449,0.08,0.33,0.93,-22.09,30.09,-3.36
2026-07-27 14:44:01.509,0.07,0.33,0.94,-10.13,23.62,-20.32
2026-07-27 14:44:01.509,0.07,0.33,0.94,-10.13,23.62,-20.32
2026-07-27 14:44:01.569,0.06,0.33,0.94,-6.96,18.8,-28.5
2026-07-27 14:44:01.569,0.04,0.32,0.93,-6.23,14.89,-29.79
2026-07-27 14:44:01.570,0.04,0.32,0.93,-6.23,14.89,-29.79
2026-07-27 14:44:01.628,0.03,0.32,0.93,-4.39,9.64,-26.61
2026-07-27 14:44:01.629,0.03,0.32,0.93,-4.39,9.64,-26.61
2026-07-27 14:44:01.689,0.03,0.31,0.93,-1.59,0.12,-19.35
2026-07-27 14:44:01.689,0.03,0.31,0.93,-1.59,0.12,-19.35
2026-07-27 14:44:01.690,0.05,0.32,0.94,1.83,-13.98,-9.03
2026-07-27 14:44:01.749,0.05,0.32,0.94,1.83,-13.98,-9.03
2026-07-27 14:44:01.750,0.08,0.34,0.94,8.3,-32.41,4.33
2026-07-27 14:44:01.750,0.08,0.34,0.94,19.29,-46.14,15.99
2026-07-27 14:44:01.809,0.09,0.34,0.95,19.29,-46.14,15.99
2026-07-27 14:44:01.809,0.1,0.32,0.94,34.24,-43.03,18.31
2026-07-27 14:44:01.810,0.1,0.32,0.94,34.24,-43.03,18.31
2026-07-27 14:44:01.868,0.13,0.32,0.86,60.42,-41.2,18.19
2026-07-27 14:44:01.869,0.13,0.32,0.86,60.42,-41.2,18.19
2026-07-27 14:44:01.928,0.15,0.37,0.76,82.7,-42.6,22.58
2026-07-27 14:44:01.929,0.15,0.37,0.76,82.7,-42.6,22.58
2026-07-27 14:44:01.929,0.17,0.44,0.74,69.76,-21.67,21.36
2026-07-27 14:44:01.988,0.2,0.5,0.79,34.36,10.68,8.73
2026-07-27 14:44:01.988,0.2,0.5,0.79,34.36,10.68,8.73
2026-07-27 14:44:02.053,0.19,0.53,0.86,11.66,28.56,2.44
2026-07-27 14:44:02.053,0.19,0.53,0.86,11.66,28.56,2.44
2026-07-27 14:44:02.054,0.17,0.56,0.9,9.83,26.25,11.9
2026-07-27 14:44:02.108,0.17,0.56,0.9,9.83,26.25,11.9
2026-07-27 14:44:02.108,0.17,0.58,0.91,16.54,13.98,24.66
2026-07-27 14:44:02.108,0.17,0.58,0.91,16.54,13.98,24.66
2026-07-27 14:44:02.167,0.21,0.62,0.9,18.98,-2.38,34.0
2026-07-27 14:44:02.168,0.21,0.62,0.9,18.98,-2.38,34.0
2026-07-27 14:44:02.168,0.21,0.62,0.9,18.98,-2.38,34.0
2026-07-27 14:44:02.288,0.21,0.62,0.9,18.98,-2.38,34.0
2026-07-27 14:44:02.288,0.29,0.59,0.86,-24.72,-34.55,20.94
2026-07-27 14:44:02.288,0.29,0.59,0.86,-48.4,-35.71,8.85
2026-07-27 14:44:02.288,0.28,0.49,0.83,-48.4,-35.71,8.85
2026-07-27 14:44:02.288,0.27,0.42,0.78,-45.04,-31.98,6.84
2026-07-27 14:44:02.348,0.27,0.42,0.78,-45.04,-31.98,6.84
2026-07-27 14:44:02.349,0.28,0.4,0.77,-27.28,-37.78,6.35
2026-07-27 14:44:02.350,0.28,0.4,0.77,-27.28,-37.78,6.35
2026-07-27 14:44:02.408,0.32,0.39,0.77,-10.74,-67.5,-0.55
2026-07-27 14:44:02.408,0.39,0.4,0.77,1.16,-111.51,-9.77
2026-07-27 14:44:02.468,0.39,0.4,0.77,1.16,-111.51,-9.77
2026-07-27 14:44:02.468,0.46,0.41,0.75,10.56,-142.4,-13.85
2026-07-27 14:44:02.469,0.46,0.41,0.75,10.56,-142.4,-13.85
2026-07-27 14:44:02.533,0.56,0.44,0.72,19.71,-140.87,-10.74
2026-07-27 14:44:02.534,0.56,0.44,0.72,19.71,-140.87,-10.74
2026-07-27 14:44:02.534,0.63,0.48,0.7,22.28,-92.53,-8.12
2026-07-27 14:44:02.588,0.63,0.48,0.7,22.28,-92.53,-8.12
2026-07-27 14:44:02.588,0.65,0.53,0.67,10.13,-23.01,-5.25
2026-07-27 14:44:02.648,0.64,0.54,0.66,-7.26,16.97,3.78
2026-07-27 14:44:02.648,0.64,0.54,0.66,-7.26,16.97,3.78
2026-07-27 14:44:02.649,0.61,0.51,0.67,-17.58,26.18,14.34
2026-07-27 14:44:02.708,0.61,0.51,0.67,-17.58,26.18,14.34
2026-07-27 14:44:02.709,0.57,0.46,0.69,-22.58,37.66,20.75
2026-07-27 14:44:02.709,0.57,0.46,0.69,-22.58,37.66,20.75
2026-07-27 14:44:02.768,0.51,0.42,0.71,-24.6,61.77,18.19
2026-07-27 14:44:02.801,0.51,0.42,0.71,-24.6,61.77,18.19
2026-07-27 14:44:02.802,0.51,0.42,0.71,-24.6,61.77,18.19
2026-07-27 14:44:02.828,0.51,0.42,0.71,-24.6,61.77,18.19
2026-07-27 14:44:02.828,0.42,0.38,0.8,-20.39,81.42,-12.51
2026-07-27 14:44:02.828,0.42,0.38,0.8,-20.39,81.42,-12.51
2026-07-27 14:44:02.891,0.42,0.38,0.8,-20.39,81.42,-12.51
2026-07-27 14:44:02.897,0.42,0.38,0.8,-20.39,81.42,-12.51
2026-07-27 14:44:02.948,0.31,0.36,0.88,-11.78,70.31,-24.78
2026-07-27 14:44:02.948,0.31,0.36,0.88,-7.87,80.75,-28.14
2026-07-27 14:44:02.949,0.24,0.36,0.9,-7.87,80.75,-28.14
2026-07-27 14:44:03.009,0.18,0.37,0.89,-6.9,113.77,-31.31
2026-07-27 14:44:03.009,0.18,0.37,0.89,-6.9,113.77,-31.31
2026-07-27 14:44:03.009,0.15,0.39,0.87,4.33,101.93,-4.7
2026-07-27 14:44:03.068,0.15,0.39,0.87,4.33,101.93,-4.7
2026-07-27 14:44:03.068,0.18,0.42,0.86,21.3,40.34,41.08
2026-07-27 14:44:03.069,0.18,0.42,0.86,21.3,40.34,41.08
2026-07-27 14:44:03.128,0.23,0.43,0.85,23.99,-18.19,69.21
2026-07-27 14:44:03.128,0.28,0.41,0.85,11.96,-65.06,73.97
2026-07-27 14:44:03.188,0.28,0.41,0.85,11.96,-65.06,73.97
2026-07-27 14:44:03.189,0.36,0.4,0.81,-5.13,-119.02,71.35
2026-07-27 14:44:03.189,0.36,0.4,0.81,-5.13,-119.02,71.35
2026-07-27 14:44:03.254,0.47,0.35,0.76,-27.59,-194.27,77.21
2026-07-27 14:44:03.255,0.47,0.35,0.76,-27.59,-194.27,77.21
2026-07-27 14:44:03.308,0.63,0.29,0.67,-43.64,-286.62,74.95
2026-07-27 14:44:03.308,0.63,0.29,0.67,-43.64,-286.62,74.95
2026-07-27 14:44:03.308,0.81,0.28,0.55,-32.04,-314.09,34.18
2026-07-27 14:44:03.369,0.93,0.31,0.44,-11.23,-234.19,-16.6
2026-07-27 14:44:03.369,0.93,0.31,0.44,-11.23,-234.19,-16.6
2026-07-27 14:44:03.370,0.98,0.34,0.37,-0.37,-116.76,-35.22
2026-07-27 14:44:03.428,0.98,0.34,0.37,-0.37,-116.76,-35.22
2026-07-27 14:44:03.428,0.96,0.35,0.35,8.79,-19.65,-24.54
2026-07-27 14:44:03.494,0.96,0.35,0.35,8.79,-19.65,-24.54
2026-07-27 14:44:03.496,0.89,0.36,0.37,16.91,47.97,-4.88
2026-07-27 14:44:03.496,0.8,0.34,0.44,12.63,89.42,5.86
2026-07-27 14:44:03.548,0.8,0.34,0.44,12.63,89.42,5.86
2026-07-27 14:44:03.548,0.75,0.31,0.51,-10.44,93.38,1.65
2026-07-27 14:44:03.548,0.75,0.31,0.51,-10.44,93.38,1.65
2026-07-27 14:44:03.608,0.75,0.27,0.56,-35.28,65.8,-8.06
2026-07-27 14:44:03.609,0.75,0.27,0.56,-35.28,65.8,-8.06
2026-07-27 14:44:03.674,0.77,0.28,0.59,-28.81,32.17,-8.79
2026-07-27 14:44:03.675,0.77,0.28,0.59,-28.81,32.17,-8.79
2026-07-27 14:44:03.677,0.79,0.31,0.59,-4.33,4.7,-3.72
2026-07-27 14:44:03.728,0.79,0.32,0.56,3.78,-10.68,-1.65
2026-07-27 14:44:03.728,0.79,0.32,0.56,3.78,-10.68,-1.65
2026-07-27 14:44:03.729,0.79,0.32,0.54,4.15,-11.9,0.98
2026-07-27 14:44:03.788,0.79,0.32,0.54,4.15,-11.9,0.98
2026-07-27 14:44:03.788,0.78,0.33,0.53,4.82,-6.29,3.54
2026-07-27 14:44:03.848,0.78,0.33,0.53,4.82,-6.29,3.54
2026-07-27 14:44:03.848,0.78,0.32,0.53,2.14,-0.49,3.6
2026-07-27 14:44:03.849,0.78,0.32,0.53,2.14,-0.49,3.6
2026-07-27 14:44:03.910,0.78,0.31,0.55,-0.06,1.83,3.05
2026-07-27 14:44:03.910,0.78,0.31,0.55,-0.06,1.83,3.05
2026-07-27 14:44:03.911,0.79,0.31,0.56,-0.85,-2.44,1.77
2026-07-27 14:44:03.968,0.8,0.31,0.55,-1.77,-8.97,0.06
2026-07-27 14:44:03.968,0.8,0.31,0.55,-1.77,-8.97,0.06
2026-07-27 14:44:04.028,0.8,0.31,0.54,-0.85,-12.15,-0.12
2026-07-27 14:44:04.029,0.8,0.31,0.54,-0.85,-12.15,-0.12
2026-07-27 14:44:04.029,0.79,0.31,0.52,1.95,-11.78,1.04
2026-07-27 14:44:04.088,0.79,0.31,0.52,1.95,-11.78,1.04
2026-07-27 14:44:04.088,0.8,0.32,0.52,1.34,-10.31,0.67
2026-07-27 14:44:04.089,0.8,0.32,0.52,1.34,-10.31,0.67
2026-07-27 14:44:04.153,0.81,0.31,0.52,-4.27,-9.03,-2.2
2026-07-27 14:44:04.155,0.81,0.31,0.52,-4.27,-9.03,-2.2
2026-07-27 14:44:04.156,0.81,0.31,0.52,-9.34,-6.96,-4.39
2026-07-27 14:44:04.208,0.81,0.31,0.52,-11.47,-4.7,-4.39
2026-07-27 14:44:04.209,0.81,0.31,0.52,-11.47,-4.7,-4.39
2026-07-27 14:44:04.268,0.81,0.31,0.52,-11.78,-4.03,-3.66
2026-07-27 14:44:04.268,0.81,0.31,0.52,-11.78,-4.03,-3.66
2026-07-27 14:44:04.269,0.81,0.3,0.52,-10.31,-4.52,-3.05
2026-07-27 14:44:04.331,0.81,0.3,0.52,-10.31,-4.52,-3.05
2026-07-27 14:44:04.331,0.81,0.3,0.52,-8.0,-4.09,-2.69
2026-07-27 14:44:04.332,0.81,0.3,0.52,-8.0,-4.09,-2.69
2026-07-27 14:44:04.388,0.81,0.3,0.52,-6.53,-1.34,-1.95
2026-07-27 14:44:04.388,0.81,0.3,0.52,-6.35,2.5,-0.61
2026-07-27 14:44:04.448,0.81,0.3,0.52,-6.35,2.5,-0.61
2026-07-27 14:44:04.449,0.81,0.3,0.52,-6.59,6.1,0.98
2026-07-27 14:44:04.449,0.81,0.3,0.52,-6.59,6.1,0.98
2026-07-27 14:44:04.509,0.8,0.29,0.53,-5.98,8.12,2.26
2026-07-27 14:44:04.510,0.8,0.29,0.53,-5.98,8.12,2.26
2026-07-27 14:44:04.511,0.8,0.29,0.54,-4.76,8.48,2.69
2026-07-27 14:44:04.569,0.8,0.29,0.54,-4.76,8.48,2.69
2026-07-27 14:44:04.570,0.79,0.28,0.55,-5.13,7.63,1.46
2026-07-27 14:44:04.570,0.79,0.28,0.55,-5.74,5.68,-0.55
2026-07-27 14:44:04.629,0.79,0.28,0.56,-5.74,5.68,-0.55
2026-07-27 14:44:04.629,0.78,0.24,0.55,-7.14,3.78,-2.5
2026-07-27 14:44:04.688,0.78,0.24,0.55,-7.14,3.78,-2.5
2026-07-27 14:44:04.688,0.8,0.25,0.54,8.42,3.6,1.65
2026-07-27 14:44:04.689,0.8,0.25,0.54,8.42,3.6,1.65
2026-07-27 14:44:04.748,0.8,0.31,0.55,37.23,9.7,13.06
2026-07-27 14:44:04.749,0.8,0.31,0.55,37.23,9.7,13.06
2026-07-27 14:44:04.751,0.78,0.32,0.56,35.46,12.51,14.89
2026-07-27 14:44:04.808,0.78,0.32,0.56,35.46,12.51,14.89
2026-07-27 14:44:04.809,0.78,0.3,0.55,10.5,5.19,5.07
2026-07-27 14:44:04.869,0.78,0.3,0.54,-2.44,-1.46,-2.44
2026-07-27 14:44:04.870,0.78,0.3,0.54,-2.44,-1.46,-2.44
2026-07-27 14:44:04.870,0.79,0.3,0.54,-1.4,-2.75,-4.15
2026-07-27 14:44:04.929,0.79,0.3,0.54,-1.4,-2.75,-4.15
2026-07-27 14:44:04.929,0.79,0.3,0.54,2.32,-0.85,-3.23
2026-07-27 14:44:04.929,0.79,0.3,0.54,2.32,-0.85,-3.23
2026-07-27 14:44:04.992,0.79,0.31,0.55,3.72,0.31,-2.87
2026-07-27 14:44:04.992,0.79,0.31,0.55,3.72,0.31,-2.87
2026-07-27 14:44:04.993,0.78,0.31,0.55,3.6,1.22,-3.54
2026-07-27 14:44:05.048,0.78,0.31,0.55,3.6,1.22,-3.54
2026-07-27 14:44:05.048,0.78,0.31,0.55,3.11,2.87,-4.88
2026-07-27 14:44:05.109,0.79,0.32,0.55,4.27,5.8,-4.46
2026-07-27 14:44:05.109,0.79,0.32,0.55,4.27,5.8,-4.46
2026-07-27 14:44:05.109,0.78,0.32,0.56,5.49,9.03,-1.34
2026-07-27 14:44:05.168,0.78,0.32,0.56,5.49,9.03,-1.34
2026-07-27 14:44:05.169,0.77,0.32,0.56,4.15,8.85,1.22
2026-07-27 14:44:05.169,0.77,0.32,0.56,4.15,8.85,1.22
2026-07-27 14:44:05.228,0.76,0.32,0.57,1.83,6.65,0.79
2026-07-27 14:44:05.228,0.76,0.32,0.57,1.83,6.65,0.79
2026-07-27 14:44:05.229,0.76,0.32,0.57,0.73,6.53,-1.95
2026-07-27 14:44:05.295,0.76,0.32,0.57,0.73,6.53,-1.95
2026-07-27 14:44:05.296,0.76,0.32,0.58,-0.67,7.02,-4.94
2026-07-27 14:44:05.348,0.76,0.32,0.58,-0.67,7.02,-4.94
2026-07-27 14:44:05.350,0.76,0.32,0.58,-0.67,7.02,-4.94
2026-07-27 14:44:05.350,0.76,0.32,0.58,-0.67,7.02,-4.94
2026-07-27 14:44:05.417,0.75,0.33,0.58,-3.97,8.48,-10.13
2026-07-27 14:44:05.418,0.75,0.33,0.58,-3.97,8.48,-10.13
2026-07-27 14:44:05.418,0.75,0.34,0.58,0.49,5.92,-7.69
2026-07-27 14:44:05.549,0.75,0.34,0.57,0.37,-0.31,-4.64
2026-07-27 14:44:05.550,0.75,0.34,0.57,0.37,-0.31,-4.64
2026-07-27 14:44:05.550,0.77,0.34,0.57,-2.81,-5.31,-1.22
2026-07-27 14:44:05.551,0.77,0.34,0.57,-2.81,-5.31,-1.22
2026-07-27 14:44:05.551,0.78,0.33,0.57,0.24,-4.58,7.63
2026-07-27 14:44:05.551,0.78,0.33,0.57,0.24,-4.58,7.63
2026-07-27 14:44:05.588,0.75,0.33,0.58,7.2,-2.26,17.27
2026-07-27 14:44:05.590,0.75,0.33,0.58,7.2,-2.26,17.27
2026-07-27 14:44:05.648,0.73,0.32,0.58,4.46,-5.55,15.69
2026-07-27 14:44:05.648,0.73,0.32,0.58,4.46,-5.55,15.69
2026-07-27 14:44:05.649,0.75,0.31,0.57,-6.16,-9.46,4.46
2026-07-27 14:44:05.710,0.77,0.31,0.57,-11.96,-8.36,-4.39
2026-07-27 14:44:05.711,0.77,0.31,0.57,-11.96,-8.36,-4.39
2026-07-27 14:44:05.712,0.79,0.31,0.57,-11.96,-5.13,-5.37
2026-07-27 14:44:05.768,0.79,0.31,0.57,-11.96,-5.13,-5.37
2026-07-27 14:44:05.769,0.78,0.31,0.58,-12.33,-1.89,-2.69
2026-07-27 14:44:05.769,0.78,0.31,0.58,-12.33,-1.89,-2.69
2026-07-27 14:44:05.830,0.77,0.3,0.58,-14.83,1.4,-0.92
2026-07-27 14:44:05.831,0.77,0.3,0.58,-14.83,1.4,-0.92
2026-07-27 14:44:05.888,0.76,0.29,0.58,-19.23,2.32,-0.67
2026-07-27 14:44:05.889,0.76,0.29,0.58,-19.78,-0.43,-0.61
2026-07-27 14:44:05.889,0.76,0.28,0.58,-19.78,-0.43,-0.61
2026-07-27 14:44:05.949,0.78,0.27,0.56,-9.34,-2.08,0.98
2026-07-27 14:44:05.949,0.78,0.27,0.56,-9.34,-2.08,0.98
2026-07-27 14:44:05.949,0.78,0.28,0.57,25.51,1.65,10.13
2026-07-27 14:44:06.009,0.78,0.28,0.57,25.51,1.65,10.13
2026-07-27 14:44:06.009,0.77,0.31,0.59,48.46,6.16,17.58
2026-07-27 14:44:06.068,0.77,0.31,0.59,48.46,6.16,17.58
2026-07-27 14:44:06.069,0.76,0.31,0.58,28.32,6.65,12.21
2026-07-27 14:44:06.069,0.76,0.31,0.58,28.32,6.65,12.21
2026-07-27 14:44:06.129,0.76,0.3,0.56,2.81,3.23,3.54
2026-07-27 14:44:06.129,0.77,0.3,0.55,-5.74,-1.46,-1.16
2026-07-27 14:44:06.129,0.77,0.3,0.55,-5.74,-1.46,-1.16
2026-07-27 14:44:06.188,0.78,0.3,0.55,-1.22,-4.09,-1.34
2026-07-27 14:44:06.188,0.78,0.3,0.55,-1.22,-4.09,-1.34
2026-07-27 14:44:06.258,0.78,0.3,0.55,6.47,-4.94,0.98
2026-07-27 14:44:06.259,0.78,0.3,0.55,6.47,-4.94,0.98
2026-07-27 14:44:06.259,0.78,0.3,0.55,13.49,-5.92,3.36
2026-07-27 14:44:06.309,0.78,0.3,0.55,13.49,-5.92,3.36
2026-07-27 14:44:06.309,0.79,0.3,0.54,20.69,-7.08,4.7
2026-07-27 14:44:06.310,0.79,0.3,0.54,30.03,-9.22,6.47
2026-07-27 14:44:06.369,0.82,0.32,0.53,30.03,-9.22,6.47
2026-07-27 14:44:06.370,0.83,0.33,0.53,41.75,-1.71,10.07
2026-07-27 14:44:06.428,0.83,0.33,0.53,41.75,-1.71,10.07
2026-07-27 14:44:06.429,0.82,0.35,0.54,53.28,20.94,15.62
2026-07-27 14:44:06.430,0.82,0.35,0.54,53.28,20.94,15.62
2026-07-27 14:44:06.488,0.78,0.37,0.54,63.23,37.78,22.28
2026-07-27 14:44:06.488,0.74,0.37,0.57,67.99,21.48,21.42
2026-07-27 14:44:06.489,0.74,0.37,0.57,67.99,21.48,21.42
2026-07-27 14:44:06.552,0.78,0.4,0.5,76.17,-45.41,6.1
2026-07-27 14:44:06.552,0.78,0.4,0.5,76.17,-45.41,6.1
2026-07-27 14:44:06.608,0.86,0.45,0.37,77.51,-94.85,-10.07
2026-07-27 14:44:06.609,0.86,0.45,0.37,77.51,-94.85,-10.07
2026-07-27 14:44:06.609,0.84,0.46,0.33,56.46,-62.13,-11.29
2026-07-27 14:44:06.668,0.84,0.46,0.33,56.46,-62.13,-11.29
2026-07-27 14:44:06.669,0.79,0.46,0.36,36.62,-3.36,-2.81
2026-07-27 14:44:06.729,0.78,0.44,0.38,41.38,31.62,9.52
2026-07-27 14:44:06.729,0.78,0.44,0.38,41.38,31.62,9.52
2026-07-27 14:44:06.729,0.78,0.45,0.35,75.74,31.68,11.66
2026-07-27 14:44:06.791,0.78,0.45,0.35,75.74,31.68,11.66
2026-07-27 14:44:06.794,0.8,0.51,0.27,125.12,4.76,-13.55
2026-07-27 14:44:06.794,0.8,0.51,0.27,125.12,4.76,-13.55
2026-07-27 14:44:06.848,0.78,0.58,0.19,148.25,-19.71,-54.57
2026-07-27 14:44:06.849,0.78,0.58,0.19,148.25,-19.71,-54.57
2026-07-27 14:44:06.849,0.75,0.64,0.13,125.43,-34.97,-68.6
2026-07-27 14:44:06.908,0.75,0.67,0.08,95.34,-42.6,-45.04
2026-07-27 14:44:06.909,0.75,0.67,0.08,95.34,-42.6,-45.04
2026-07-27 14:44:06.981,0.75,0.7,-0.0,96.68,-34.91,-32.17
2026-07-27 14:44:06.987,0.75,0.7,-0.0,96.68,-34.91,-32.17
2026-07-27 14:44:06.987,0.73,0.71,-0.11,145.02,-23.13,-45.17
2026-07-27 14:44:07.029,0.73,0.71,-0.11,145.02,-23.13,-45.17
2026-07-27 14:44:07.029,0.7,0.69,-0.25,218.14,-37.66,-49.56
2026-07-27 14:44:07.091,0.64,0.63,-0.41,259.95,-80.44,-30.33
2026-07-27 14:44:07.091,0.64,0.63,-0.41,259.95,-80.44,-30.33
2026-07-27 14:44:07.091,0.61,0.55,-0.53,226.62,-110.66,-3.17
2026-07-27 14:44:07.148,0.61,0.55,-0.53,226.62,-110.66,-3.17
2026-07-27 14:44:07.149,0.59,0.51,-0.6,133.18,-105.9,23.44
2026-07-27 14:44:07.149,0.59,0.51,-0.6,133.18,-105.9,23.44
2026-07-27 14:44:07.208,0.56,0.5,-0.64,57.86,-90.7,43.52
2026-07-27 14:44:07.208,0.54,0.47,-0.67,42.24,-85.27,57.68
2026-07-27 14:44:07.268,0.54,0.47,-0.67,42.24,-85.27,57.68
2026-07-27 14:44:07.269,0.52,0.4,-0.73,53.89,-86.67,70.37
2026-07-27 14:44:07.273,0.52,0.4,-0.73,53.89,-86.67,70.37
2026-07-27 14:44:07.328,0.5,0.31,-0.8,57.56,-86.49,73.97
2026-07-27 14:44:07.329,0.5,0.31,-0.8,57.56,-86.49,73.97
2026-07-27 14:44:07.329,0.46,0.23,-0.85,62.32,-92.71,80.57
2026-07-27 14:44:07.393,0.4,0.14,-0.91,87.04,-118.96,114.32
2026-07-27 14:44:07.394,0.4,0.14,-0.91,87.04,-118.96,114.32
2026-07-27 14:44:07.457,0.34,0.05,-0.96,108.34,-143.43,161.56
2026-07-27 14:44:07.459,0.34,0.05,-0.96,108.34,-143.43,161.56
2026-07-27 14:44:07.460,0.27,-0.01,-1.01,82.95,-131.53,173.1
2026-07-27 14:44:07.568,0.27,-0.01,-1.01,82.95,-131.53,173.1
2026-07-27 14:44:07.568,0.22,-0.03,-1.02,11.6,-77.76,124.21
2026-07-27 14:44:07.568,0.2,-0.02,-1.02,-49.19,-15.87,51.64
2026-07-27 14:44:07.569,0.2,-0.02,-1.02,-49.19,-15.87,51.64
2026-07-27 14:44:07.569,0.21,0.01,-1.01,-60.0,17.15,-0.49
2026-07-27 14:44:07.630,0.21,0.01,-1.01,-60.0,17.15,-0.49
2026-07-27 14:44:07.630,0.24,0.06,-0.98,-48.1,25.09,-23.07
2026-07-27 14:44:07.631,0.24,0.06,-0.98,-48.1,25.09,-23.07
2026-07-27 14:44:07.690,0.25,0.12,-0.96,-57.07,21.42,-23.74
2026-07-27 14:44:07.690,0.25,0.12,-0.96,-57.07,21.42,-23.74
2026-07-27 14:44:07.748,0.24,0.18,-0.94,-76.66,13.49,-14.89
2026-07-27 14:44:07.748,0.24,0.23,-0.93,-74.22,7.51,-8.12
2026-07-27 14:44:07.748,0.24,0.23,-0.93,-74.22,7.51,-8.12
2026-07-27 14:44:07.808,0.26,0.25,-0.92,-45.17,7.32,-5.43
2026-07-27 14:44:07.809,0.26,0.25,-0.92,-45.17,7.32,-5.43
2026-07-27 14:44:07.809,0.29,0.25,-0.95,-7.57,5.68,-1.71
2026-07-27 14:44:07.874,0.29,0.25,-0.95,-7.57,5.68,-1.71
2026-07-27 14:44:07.928,0.3,0.22,-1.01,3.17,-7.08,-6.59
2026-07-27 14:44:07.929,0.3,0.22,-1.01,3.17,-7.08,-6.59
2026-07-27 14:44:07.929,0.23,0.23,-1.0,-23.93,-30.33,-11.66
2026-07-27 14:44:07.929,0.23,0.23,-1.0,-23.93,-30.33,-11.66
2026-07-27 14:44:07.990,0.15,0.27,-0.91,-36.25,-60.55,13.06
2026-07-27 14:44:07.990,0.09,0.27,-0.85,6.23,-97.6,52.73
2026-07-27 14:44:07.990,0.09,0.27,-0.85,6.23,-97.6,52.73
2026-07-27 14:44:08.048,0.03,0.2,-0.88,71.23,-142.33,74.28
2026-07-27 14:44:08.048,0.03,0.2,-0.88,71.23,-142.33,74.28
2026-07-27 14:44:08.108,-0.07,0.09,-0.95,117.74,-172.79,69.4
2026-07-27 14:44:08.109,-0.07,0.09,-0.95,117.74,-172.79,69.4
2026-07-27 14:44:08.110,-0.17,-0.02,-1.0,137.63,-159.61,43.4
2026-07-27 14:44:08.168,-0.2,-0.08,-1.05,144.59,-99.55,8.54
2026-07-27 14:44:08.168,-0.2,-0.08,-1.05,144.59,-99.55,8.54
2026-07-27 14:44:08.169,-0.18,-0.05,-1.1,97.66,-13.43,-13.67
2026-07-27 14:44:08.228,-0.18,-0.05,-1.1,97.66,-13.43,-13.67
2026-07-27 14:44:08.265,-0.19,-0.03,-1.08,-48.71,44.86,-1.71
2026-07-27 14:44:08.266,-0.19,-0.03,-1.08,-48.71,44.86,-1.71
2026-07-27 14:44:08.291,-0.2,-0.02,-1.02,-129.64,36.99,18.68
2026-07-27 14:44:08.348,-0.2,-0.02,-1.02,-129.64,36.99,18.68
2026-07-27 14:44:08.348,-0.18,0.01,-0.97,-61.71,4.27,11.9
2026-07-27 14:44:08.349,-0.18,0.0,-0.96,19.59,-10.13,-10.93
2026-07-27 14:44:08.349,-0.18,0.0,-0.96,19.59,-10.13,-10.93
2026-07-27 14:44:08.408,-0.16,0.0,-0.96,58.53,-5.62,-37.41
2026-07-27 14:44:08.408,-0.16,0.0,-0.96,58.53,-5.62,-37.41
2026-07-27 14:44:08.468,-0.12,0.05,-0.97,20.57,6.71,-43.33
2026-07-27 14:44:08.468,-0.12,0.05,-0.97,-64.64,1.89,-15.32
2026-07-27 14:44:08.469,-0.12,0.07,-0.98,-64.64,1.89,-15.32
2026-07-27 14:44:08.534,-0.17,0.05,-0.98,-82.58,-14.71,9.4
2026-07-27 14:44:08.534,-0.17,0.05,-0.98,-82.58,-14.71,9.4
2026-07-27 14:44:08.587,-0.2,0.03,-1.01,-36.19,-15.2,11.35
2026-07-27 14:44:08.588,-0.2,0.03,-1.01,-36.19,-15.2,11.35
2026-07-27 14:44:08.588,-0.19,0.09,-0.99,1.28,-3.17,2.69
2026-07-27 14:44:08.648,-0.19,0.09,-0.99,1.28,-3.17,2.69
2026-07-27 14:44:08.648,-0.16,0.13,-0.94,14.71,4.21,-6.29
2026-07-27 14:44:08.648,-0.16,0.13,-0.94,14.71,4.21,-6.29
2026-07-27 14:44:08.708,-0.16,0.12,-0.92,19.23,-5.55,-11.72
2026-07-27 14:44:08.709,-0.19,0.07,-0.95,21.61,-27.47,-11.9
2026-07-27 14:44:08.709,-0.19,0.07,-0.95,21.61,-27.47,-11.9
2026-07-27 14:44:08.769,-0.22,0.05,-0.97,19.65,-47.79,-2.44
2026-07-27 14:44:08.769,-0.22,0.05,-0.97,19.65,-47.79,-2.44
2026-07-27 14:44:08.830,-0.27,0.05,-0.97,8.24,-61.95,19.41
2026-07-27 14:44:08.831,-0.27,0.05,-0.97,8.24,-61.95,19.41
2026-07-27 14:44:08.831,-0.34,0.08,-0.93,-18.92,-79.83,48.4
2026-07-27 14:44:08.889,-0.34,0.08,-0.93,-18.92,-79.83,48.4
2026-07-27 14:44:08.889,-0.44,0.12,-0.89,-49.99,-116.52,63.05
2026-07-27 14:44:08.949,-0.53,0.15,-0.84,-54.32,-144.59,44.68
2026-07-27 14:44:08.951,-0.53,0.15,-0.84,-54.32,-144.59,44.68
2026-07-27 14:44:08.952,-0.6,0.16,-0.82,-21.0,-126.53,0.43
2026-07-27 14:44:09.009,-0.6,0.16,-0.82,-21.0,-126.53,0.43
2026-07-27 14:44:09.009,-0.62,0.17,-0.81,3.72,-81.91,-38.27
2026-07-27 14:44:09.011,-0.62,0.17,-0.81,3.72,-81.91,-38.27
2026-07-27 14:44:09.068,-0.65,0.16,-0.78,-27.4,-47.85,-34.55
2026-07-27 14:44:09.069,-0.65,0.16,-0.78,-61.77,-55.3,-13.31
2026-07-27 14:44:09.069,-0.7,0.15,-0.71,-61.77,-55.3,-13.31
2026-07-27 14:44:09.130,-0.73,0.16,-0.65,-43.09,-94.3,-14.1
2026-07-27 14:44:09.131,-0.73,0.16,-0.65,-43.09,-94.3,-14.1
2026-07-27 14:44:09.188,-0.76,0.2,-0.59,-13.37,-109.19,-19.53
2026-07-27 14:44:09.189,-0.76,0.2,-0.59,-13.37,-109.19,-19.53
2026-07-27 14:44:09.190,-0.79,0.23,-0.54,-13.0,-88.5,-15.26
2026-07-27 14:44:09.251,-0.79,0.23,-0.54,-13.0,-88.5,-15.26
2026-07-27 14:44:09.251,-0.82,0.24,-0.51,-35.03,-67.75,-3.91
2026-07-27 14:44:09.308,-0.86,0.23,-0.46,-55.79,-66.04,5.62
2026-07-27 14:44:09.309,-0.86,0.23,-0.46,-55.79,-66.04,5.62
2026-07-27 14:44:09.309,-0.9,0.21,-0.4,-46.69,-75.81,-8.61
2026-07-27 14:44:09.372,-0.9,0.21,-0.4,-46.69,-75.81,-8.61
2026-07-27 14:44:09.372,-0.92,0.21,-0.36,-17.46,-84.47,-47.61
2026-07-27 14:44:09.372,-0.92,0.21,-0.36,-17.46,-84.47,-47.61
2026-07-27 14:44:09.430,-0.91,0.19,-0.33,-8.97,-73.97,-57.07
2026-07-27 14:44:09.430,-0.91,0.19,-0.33,-8.97,-73.97,-57.07
2026-07-27 14:44:09.430,-0.96,0.14,-0.26,-11.23,-65.92,-13.37
2026-07-27 14:44:09.489,-1.03,0.07,-0.14,6.71,-117.19,-31.98
2026-07-27 14:44:09.489,-1.03,0.07,-0.14,6.71,-117.19,-31.98
2026-07-27 14:44:09.607,-1.02,-0.05,-0.0,27.83,-224.0,-144.96
2026-07-27 14:44:09.608,-1.02,-0.05,-0.0,27.83,-224.0,-144.96
2026-07-27 14:44:09.608,-0.88,-0.17,0.21,21.55,-333.5,-189.76
2026-07-27 14:44:09.608,-0.88,-0.17,0.21,21.55,-333.5,-189.76
2026-07-27 14:44:09.609,-0.75,-0.23,0.45,-8.61,-332.95,-101.32
2026-07-27 14:44:09.668,-0.75,-0.26,0.62,-40.77,-186.83,44.25
2026-07-27 14:44:09.668,-0.75,-0.26,0.62,-40.77,-186.83,44.25
2026-07-27 14:44:09.669,-0.8,-0.23,0.74,-51.33,-36.99,163.51
2026-07-27 14:44:09.732,-0.8,-0.23,0.74,-51.33,-36.99,163.51
2026-07-27 14:44:09.732,-0.86,-0.17,0.84,-32.41,36.13,197.14
2026-07-27 14:44:09.732,-0.86,-0.17,0.84,-32.41,36.13,197.14
2026-07-27 14:44:09.800,-0.81,-0.08,0.82,-10.93,72.81,166.69
2026-07-27 14:44:09.802,-0.59,0.14,0.58,-14.22,99.67,133.97
2026-07-27 14:44:09.848,-0.59,0.14,0.58,-14.22,99.67,133.97
2026-07-27 14:44:09.849,-0.36,0.34,0.3,-39.61,94.97,114.32
2026-07-27 14:44:09.849,-0.36,0.34,0.3,-39.61,94.97,114.32
2026-07-27 14:44:09.908,-0.28,0.31,0.17,-63.96,43.58,107.24
2026-07-27 14:44:09.908,-0.28,0.31,0.17,-63.96,43.58,107.24
2026-07-27 14:44:09.968,-0.27,0.26,0.18,-61.04,-34.97,120.36
2026-07-27 14:44:09.969,-0.27,0.26,0.18,-26.43,-94.85,146.85
2026-07-27 14:44:09.969,-0.22,0.33,0.25,-26.43,-94.85,146.85
2026-07-27 14:44:10.028,-0.18,0.46,0.35,9.46,-102.11,155.7
2026-07-27 14:44:10.029,-0.18,0.46,0.35,9.46,-102.11,155.7
2026-07-27 14:44:10.029,-0.2,0.65,0.49,13.24,-78.43,131.59
2026-07-27 14:44:10.088,-0.2,0.65,0.49,13.24,-78.43,131.59
2026-07-27 14:44:10.089,-0.27,0.93,0.58,-7.63,-51.57,97.41
2026-07-27 14:44:10.089,-0.27,0.93,0.58,-7.63,-51.57,97.41
2026-07-27 14:44:10.151,-0.25,1.11,0.5,-24.11,-24.11,71.72
2026-07-27 14:44:10.151,0.02,1.06,0.22,-58.17,-23.56,54.63
2026-07-27 14:44:10.208,0.02,1.06,0.22,-58.17,-23.56,54.63
2026-07-27 14:44:10.209,0.22,0.91,0.1,-96.19,-81.05,55.3
2026-07-27 14:44:10.209,0.22,0.91,0.1,-96.19,-81.05,55.3
2026-07-27 14:44:10.268,0.17,0.85,0.36,-7.08,-126.46,109.86
2026-07-27 14:44:10.269,0.17,0.85,0.36,-7.08,-126.46,109.86
2026-07-27 14:44:10.328,0.03,0.98,0.69,147.28,-103.76,177.61
2026-07-27 14:44:10.328,-0.1,1.17,0.89,160.03,-77.76,197.2
2026-07-27 14:44:10.329,-0.1,1.17,0.89,160.03,-77.76,197.2
2026-07-27 14:44:10.389,-0.14,1.27,0.98,59.63,-84.29,190.98
2026-07-27 14:44:10.390,-0.14,1.27,0.98,59.63,-84.29,190.98
2026-07-27 14:44:10.448,-0.02,1.24,0.89,-12.02,-83.37,180.48
2026-07-27 14:44:10.449,-0.02,1.24,0.89,-17.88,-53.04,152.04
2026-07-27 14:44:10.449,0.11,1.22,0.81,-17.88,-53.04,152.04
2026-07-27 14:44:10.509,0.11,1.28,0.83,3.23,-7.08,83.01
2026-07-27 14:44:10.509,0.11,1.28,0.83,3.23,-7.08,83.01
2026-07-27 14:44:10.509,-0.09,1.38,0.8,38.15,62.44,-23.13
2026-07-27 14:44:10.568,-0.09,1.38,0.8,38.15,62.44,-23.13
2026-07-27 14:44:10.568,-0.3,1.49,0.64,85.02,154.24,-104.37
2026-07-27 14:44:10.629,-0.3,1.49,0.64,85.02,154.24,-104.37
2026-07-27 14:44:10.629,-0.24,1.49,0.39,97.53,216.25,-128.97
2026-07-27 14:44:10.629,-0.13,1.34,0.25,46.08,228.82,-147.77
2026-07-27 14:44:10.688,-0.13,1.34,0.25,46.08,228.82,-147.77
2026-07-27 14:44:10.689,-0.08,1.13,0.3,-15.2,197.08,-150.94
2026-07-27 14:44:10.690,-0.08,1.13,0.3,-15.2,197.08,-150.94
2026-07-27 14:44:10.752,-0.01,0.93,0.44,-29.85,117.0,-92.65
2026-07-27 14:44:10.754,-0.01,0.93,0.44,-29.85,117.0,-92.65
2026-07-27 14:44:10.869,0.09,0.73,0.56,-18.74,22.16,-6.16
2026-07-27 14:44:10.870,0.16,0.54,0.61,-22.77,-51.82,58.59
2026-07-27 14:44:10.870,0.16,0.54,0.61,-22.77,-51.82,58.59
2026-07-27 14:44:10.870,0.18,0.4,0.58,-44.8,-142.46,73.85
2026-07-27 14:44:10.870,0.18,0.4,0.58,-44.8,-142.46,73.85
2026-07-27 14:44:10.930,0.23,0.33,0.46,-85.94,-256.04,-3.54
2026-07-27 14:44:10.932,0.23,0.33,0.46,-85.94,-256.04,-3.54
2026-07-27 14:44:10.932,0.3,0.3,0.35,-159.91,-301.27,-142.15
2026-07-27 14:44:10.988,0.34,0.32,0.37,-183.9,-235.35,-200.87
2026-07-27 14:44:10.990,0.34,0.32,0.37,-183.9,-235.35,-200.87
2026-07-27 14:44:11.050,0.38,0.34,0.42,-91.0,-147.16,-120.36
2026-07-27 14:44:11.064,0.38,0.34,0.42,-91.0,-147.16,-120.36
2026-07-27 14:44:11.064,0.42,0.36,0.44,6.47,-110.96,0.0
2026-07-27 14:44:11.113,0.42,0.36,0.44,6.47,-110.96,0.0
2026-07-27 14:44:11.114,0.45,0.37,0.61,0.0,-120.42,52.43
2026-07-27 14:44:11.114,0.45,0.37,0.61,-69.03,-147.16,40.41
2026-07-27 14:44:11.168,0.44,0.36,0.96,-69.03,-147.16,40.41
2026-07-27 14:44:11.169,0.41,0.34,1.24,-108.22,-133.36,42.6
2026-07-27 14:44:11.229,0.41,0.34,1.24,-108.22,-133.36,42.6
2026-07-27 14:44:11.229,0.41,0.41,1.28,-88.56,-67.5,90.15
2026-07-27 14:44:11.230,0.41,0.41,1.28,-88.56,-67.5,90.15
2026-07-27 14:44:11.289,0.42,0.54,1.2,-42.18,-7.26,118.71
2026-07-27 14:44:11.289,0.42,0.54,1.2,-42.18,-7.26,118.71
2026-07-27 14:44:11.352,0.41,0.64,1.15,-27.04,6.47,69.82
2026-07-27 14:44:11.353,0.32,0.58,1.21,-54.81,-10.07,-28.69
2026-07-27 14:44:11.353,0.32,0.58,1.21,-54.81,-10.07,-28.69
2026-07-27 14:44:11.408,0.16,0.42,1.33,-69.7,8.61,-89.78
2026-07-27 14:44:11.408,0.16,0.42,1.33,-69.7,8.61,-89.78
2026-07-27 14:44:11.409,0.05,0.35,1.34,-24.17,86.79,-57.68
2026-07-27 14:44:11.468,0.05,0.35,1.34,-24.17,86.79,-57.68
2026-07-27 14:44:11.468,0.06,0.41,1.2,51.57,152.4,9.52
2026-07-27 14:44:11.469,0.06,0.41,1.2,94.97,166.63,23.56
2026-07-27 14:44:11.549,0.14,0.49,0.99,94.97,166.63,23.56
2026-07-27 14:44:11.550,0.2,0.52,0.8,82.34,158.63,-24.29
2026-07-27 14:44:11.598,0.2,0.52,0.8,82.34,158.63,-24.29
2026-07-27 14:44:11.599,0.22,0.47,0.69,26.92,143.74,-74.89
2026-07-27 14:44:11.599,0.22,0.47,0.69,26.92,143.74,-74.89
2026-07-27 14:44:11.649,0.24,0.27,0.69,-27.89,108.7,-78.98
2026-07-27 14:44:11.649,0.24,0.27,0.69,-57.13,55.97,-67.02
2026-07-27 14:44:11.708,0.23,0.05,0.73,-57.13,55.97,-67.02
2026-07-27 14:44:11.708,0.17,0.04,0.73,-61.34,14.4,-51.94
2026-07-27 14:44:11.708,0.17,0.04,0.73,-61.34,14.4,-51.94
2026-07-27 14:44:11.768,0.17,0.14,0.65,-37.17,-4.46,5.37
2026-07-27 14:44:11.768,0.17,0.14,0.65,-37.17,-4.46,5.37
2026-07-27 14:44:11.768,0.24,0.2,0.61,-33.26,-22.28,80.26
2026-07-27 14:44:11.835,0.24,0.2,0.61,-33.26,-22.28,80.26
2026-07-27 14:44:11.835,0.27,0.13,0.75,-106.26,-53.1,99.24
2026-07-27 14:44:11.889,0.27,-0.0,0.94,-179.69,-116.82,51.09
2026-07-27 14:44:11.889,0.27,-0.0,0.94,-179.69,-116.82,51.09
2026-07-27 14:44:11.889,0.35,-0.05,0.96,-137.45,-254.58,-19.9
2026-07-27 14:44:11.949,0.35,-0.05,0.96,-137.45,-254.58,-19.9
2026-07-27 14:44:11.950,0.6,0.03,0.8,-32.35,-396.55,-88.2
2026-07-27 14:44:11.951,0.6,0.03,0.8,-32.35,-396.55,-88.2
2026-07-27 14:44:12.019,0.84,0.1,0.7,17.03,-374.33,-111.51
2026-07-27 14:44:12.019,0.89,0.08,0.8,0.92,-194.7,-70.86
2026-07-27 14:44:12.068,0.89,0.08,0.8,0.92,-194.7,-70.86
2026-07-27 14:44:12.069,0.82,-0.02,0.99,-27.04,-34.67,-17.64
2026-07-27 14:44:12.069,0.82,-0.02,0.99,-27.04,-34.67,-17.64
2026-07-27 14:44:12.128,0.72,-0.06,1.1,-25.76,19.84,9.28
2026-07-27 14:44:12.129,0.72,-0.06,1.1,-25.76,19.84,9.28
2026-07-27 14:44:12.129,0.66,-0.0,1.13,2.56,17.64,12.76
2026-07-27 14:44:12.188,0.66,-0.0,1.13,2.56,17.64,12.76
2026-07-27 14:44:12.188,0.6,0.08,1.2,32.59,19.35,13.43
2026-07-27 14:44:12.249,0.54,0.11,1.33,63.54,45.96,31.01
2026-07-27 14:44:12.250,0.54,0.11,1.33,63.54,45.96,31.01
2026-07-27 14:44:12.250,0.48,0.17,1.38,108.46,92.35,59.51
2026-07-27 14:44:12.316,0.48,0.17,1.38,108.46,92.35,59.51
2026-07-27 14:44:12.316,0.47,0.35,1.2,141.48,134.83,66.35
2026-07-27 14:44:12.316,0.47,0.35,1.2,141.48,134.83,66.35
2026-07-27 14:44:12.368,0.5,0.52,0.91,121.22,154.17,37.35
2026-07-27 14:44:12.368,0.51,0.55,0.71,58.59,145.14,-5.07
2026-07-27 14:44:12.429,0.51,0.55,0.71,58.59,145.14,-5.07
2026-07-27 14:44:12.429,0.5,0.44,0.65,-1.34,114.32,-39.61
2026-07-27 14:44:12.430,0.5,0.44,0.65,-1.34,114.32,-39.61
2026-07-27 14:44:12.549,0.5,0.28,0.66,-37.05,83.92,-65.0
2026-07-27 14:44:12.549,0.5,0.28,0.66,-37.05,83.92,-65.0
2026-07-27 14:44:12.550,0.5,0.28,0.66,-37.05,83.92,-65.0
2026-07-27 14:44:12.550,0.5,0.28,0.66,-37.05,83.92,-65.0
2026-07-27 14:44:12.550,0.43,0.13,0.59,-47.73,50.72,-113.83
2026-07-27 14:44:12.609,0.43,0.13,0.59,-35.4,19.04,-102.54
2026-07-27 14:44:12.609,0.39,0.11,0.53,-35.4,19.04,-102.54
2026-07-27 14:44:12.616,0.38,0.12,0.53,-28.75,-8.73,-66.77
2026-07-27 14:44:12.730,0.38,0.12,0.53,-28.75,-8.73,-66.77
2026-07-27 14:44:12.731,0.4,0.15,0.58,-23.01,-25.76,-28.93
2026-07-27 14:44:12.731,0.4,0.15,0.58,-23.01,-25.76,-28.93
2026-07-27 14:44:12.732,0.43,0.19,0.63,-13.31,-39.61,-5.37
2026-07-27 14:44:12.732,0.43,0.19,0.63,-13.31,-39.61,-5.37
2026-07-27 14:44:12.788,0.46,0.23,0.69,-2.26,-57.43,2.01
2026-07-27 14:44:12.789,0.49,0.24,0.78,2.2,-79.83,-1.22
2026-07-27 14:44:12.790,0.49,0.24,0.78,2.2,-79.83,-1.22
2026-07-27 14:44:12.849,0.52,0.21,0.91,-4.09,-101.2,-10.62
2026-07-27 14:44:12.849,0.52,0.21,0.91,-4.09,-101.2,-10.62
2026-07-27 14:44:12.908,0.53,0.16,1.06,-14.34,-115.54,-22.46
2026-07-27 14:44:12.909,0.53,0.16,1.06,-14.34,-115.54,-22.46
2026-07-27 14:44:12.910,0.51,0.09,1.23,-19.53,-115.36,-30.52
2026-07-27 14:44:12.968,0.51,0.09,1.23,-19.53,-115.36,-30.52
2026-07-27 14:44:12.969,0.45,0.04,1.38,-14.16,-99.55,-25.27
2026-07-27 14:44:12.969,0.41,0.04,1.43,5.55,-78.67,-4.88
2026-07-27 14:44:13.031,0.41,0.04,1.43,5.55,-78.67,-4.88
2026-07-27 14:44:13.031,0.43,0.11,1.38,42.66,-60.97,30.58
2026-07-27 14:44:13.031,0.43,0.11,1.38,42.66,-60.97,30.58
2026-07-27 14:44:13.088,0.49,0.11,1.3,88.2,-47.49,72.88
2026-07-27 14:44:13.089,0.49,0.11,1.3,88.2,-47.49,72.88
2026-07-27 14:44:13.150,0.55,0.05,1.28,94.42,-12.57,83.25
2026-07-27 14:44:13.150,0.55,0.05,1.28,59.69,58.59,62.93
2026-07-27 14:44:13.151,0.6,0.07,1.21,59.69,58.59,62.93
2026-07-27 14:44:13.217,0.65,0.19,0.97,70.5,112.61,47.49
2026-07-27 14:44:13.217,0.65,0.19,0.97,70.5,112.61,47.49
2026-07-27 14:44:13.275,0.66,0.35,0.63,137.51,113.95,30.82
2026-07-27 14:44:13.275,0.66,0.35,0.63,137.51,113.95,30.82
2026-07-27 14:44:13.275,0.62,0.46,0.38,170.17,88.2,2.56
2026-07-27 14:44:13.389,0.62,0.46,0.38,170.17,88.2,2.56
2026-07-27 14:44:13.390,0.56,0.49,0.29,119.75,60.91,-24.54
2026-07-27 14:44:13.390,0.52,0.44,0.31,34.97,39.61,-37.35
2026-07-27 14:44:13.390,0.52,0.44,0.31,34.97,39.61,-37.35
2026-07-27 14:44:13.391,0.51,0.39,0.34,-18.92,20.81,-38.51
2026-07-27 14:44:13.449,0.51,0.39,0.34,-18.92,20.81,-38.51
2026-07-27 14:44:13.450,0.53,0.37,0.36,-38.76,1.95,-34.91
2026-07-27 14:44:13.451,0.53,0.37,0.36,-38.76,1.95,-34.91
2026-07-27 14:44:13.509,0.55,0.37,0.4,-44.86,-15.87,-28.38
2026-07-27 14:44:13.509,0.57,0.37,0.46,-44.56,-32.35,-22.34
2026-07-27 14:44:13.509,0.57,0.37,0.46,-44.56,-32.35,-22.34
2026-07-27 14:44:13.571,0.58,0.38,0.55,-39.98,-47.67,-13.49
2026-07-27 14:44:13.572,0.58,0.38,0.55,-39.98,-47.67,-13.49
2026-07-27 14:44:13.628,0.6,0.38,0.65,-38.02,-60.0,-1.16
2026-07-27 14:44:13.630,0.6,0.38,0.65,-38.02,-60.0,-1.16
2026-07-27 14:44:13.630,0.61,0.38,0.73,-44.68,-68.05,4.64
2026-07-27 14:44:13.691,0.61,0.38,0.73,-44.68,-68.05,4.64
2026-07-27 14:44:13.691,0.62,0.32,0.82,-56.7,-72.27,0.92
2026-07-27 14:44:13.750,0.63,0.22,0.91,-77.39,-72.94,-8.0
2026-07-27 14:44:13.751,0.63,0.22,0.91,-77.39,-72.94,-8.0
2026-07-27 14:44:13.751,0.63,0.12,1.0,-117.61,-70.68,-21.0
2026-07-27 14:44:13.810,0.63,0.12,1.0,-117.61,-70.68,-21.0
2026-07-27 14:44:13.811,0.6,-0.02,1.13,-167.42,-59.75,-31.68
2026-07-27 14:44:13.811,0.6,-0.02,1.13,-167.42,-59.75,-31.68
2026-07-27 14:44:13.869,0.53,-0.18,1.28,-178.71,-32.59,-23.19
2026-07-27 14:44:13.869,0.53,-0.18,1.28,-125.98,-3.36,5.8
2026-07-27 14:44:13.933,0.47,-0.31,1.37,-125.98,-3.36,5.8
2026-07-27 14:44:13.935,0.47,-0.36,1.36,-42.36,0.85,33.14
2026-07-27 14:44:13.936,0.47,-0.36,1.36,-42.36,0.85,33.14
2026-07-27 14:44:14.002,0.57,-0.3,1.23,48.71,-22.64,43.33
2026-07-27 14:44:14.002,0.57,-0.3,1.23,48.71,-22.64,43.33
2026-07-27 14:44:14.002,0.71,-0.06,0.95,138.06,-35.64,39.92
2026-07-27 14:44:14.048,0.71,-0.06,0.95,138.06,-35.64,39.92
2026-07-27 14:44:14.049,0.75,0.25,0.67,187.56,6.96,39.73
2026-07-27 14:44:14.112,0.68,0.44,0.5,168.88,74.34,41.99
2026-07-27 14:44:14.112,0.68,0.44,0.5,168.88,74.34,41.99
2026-07-27 14:44:14.112,0.6,0.47,0.45,100.1,99.43,29.11
2026-07-27 14:44:14.170,0.6,0.47,0.45,100.1,99.43,29.11
2026-07-27 14:44:14.171,0.56,0.39,0.46,20.75,78.55,4.88
2026-07-27 14:44:14.171,0.56,0.39,0.46,20.75,78.55,4.88
2026-07-27 14:44:14.234,0.56,0.29,0.48,-37.35,46.63,-13.43
2026-07-27 14:44:14.235,0.56,0.29,0.48,-37.35,46.63,-13.43
2026-07-27 14:44:14.290,0.57,0.22,0.5,-63.42,24.6,-18.31
2026-07-27 14:44:14.290,0.59,0.19,0.51,-66.53,11.17,-15.56
2026-07-27 14:44:14.290,0.59,0.19,0.51,-66.53,11.17,-15.56
2026-07-27 14:44:14.349,0.6,0.17,0.53,-56.52,-2.44,-14.71
2026-07-27 14:44:14.349,0.6,0.17,0.53,-56.52,-2.44,-14.71
2026-07-27 14:44:14.360,0.61,0.16,0.53,-37.9,-20.69,-19.35
2026-07-27 14:44:14.410,0.61,0.16,0.53,-37.9,-20.69,-19.35
2026-07-27 14:44:14.411,0.65,0.14,0.56,-20.32,-40.16,-28.69
2026-07-27 14:44:14.411,0.65,0.14,0.56,-20.32,-40.16,-28.69
2026-07-27 14:44:14.468,0.65,0.14,0.56,-20.32,-40.16,-28.69
2026-07-27 14:44:14.469,0.68,0.04,0.69,-41.38,-5.62,-63.29
2026-07-27 14:44:14.530,0.68,0.04,0.69,-41.38,-5.62,-63.29
2026-07-27 14:44:14.531,0.57,0.0,0.92,-77.64,79.83,-70.56
2026-07-27 14:44:14.531,0.57,0.0,0.92,-77.64,79.83,-70.56
2026-07-27 14:44:14.597,0.37,-0.17,1.16,-123.96,144.35,-56.15
2026-07-27 14:44:14.598,0.37,-0.17,1.16,-123.96,144.35,-56.15
2026-07-27 14:44:14.650,0.19,-0.36,1.28,-140.14,120.79,-47.85
2026-07-27 14:44:14.651,0.19,-0.36,1.28,-108.95,42.97,-43.7
2026-07-27 14:44:14.651,0.07,-0.47,1.32,-108.95,42.97,-43.7
2026-07-27 14:44:14.709,0.01,-0.53,1.33,-63.6,-10.25,-12.45
2026-07-27 14:44:14.709,0.01,-0.53,1.33,-63.6,-10.25,-12.45
2026-07-27 14:44:14.710,0.03,-0.54,1.34,-18.19,-44.49,45.23
2026-07-27 14:44:14.770,0.03,-0.54,1.34,-18.19,-44.49,45.23
2026-07-27 14:44:14.770,0.2,-0.43,1.25,64.88,-125.85,104.37
2026-07-27 14:44:14.770,0.2,-0.43,1.25,64.88,-125.85,104.37
2026-07-27 14:44:14.828,0.46,-0.16,1.0,174.87,-218.2,116.7
2026-07-27 14:44:14.829,0.61,0.13,0.75,212.77,-174.62,75.87
2026-07-27 14:44:14.891,0.61,0.13,0.75,212.77,-174.62,75.87
2026-07-27 14:44:14.891,0.63,0.28,0.64,147.95,-28.02,34.48
2026-07-27 14:44:14.892,0.63,0.28,0.64,147.95,-28.02,34.48
2026-07-27 14:44:14.952,0.58,0.29,0.62,51.7,74.89,17.52
2026-07-27 14:44:14.952,0.58,0.29,0.62,51.7,74.89,17.52
2026-07-27 14:44:15.009,0.54,0.23,0.61,-13.85,98.45,5.8
2026-07-27 14:44:15.010,0.55,0.22,0.62,-37.35,74.04,-17.09
2026-07-27 14:44:15.010,0.55,0.22,0.62,-37.35,74.04,-17.09
2026-07-27 14:44:15.069,0.57,0.23,0.61,-35.71,38.94,-34.85
2026-07-27 14:44:15.071,0.57,0.23,0.61,-35.71,38.94,-34.85
2026-07-27 14:44:15.128,0.57,0.22,0.61,-33.02,15.14,-41.63
2026-07-27 14:44:15.129,0.57,0.22,0.61,-33.02,15.14,-41.63
2026-07-27 14:44:15.129,0.58,0.21,0.61,-40.16,5.31,-51.88
2026-07-27 14:44:15.190,0.58,0.21,0.61,-40.16,5.31,-51.88
2026-07-27 14:44:15.195,0.56,0.18,0.65,-53.04,8.91,-62.19
2026-07-27 14:44:15.195,0.52,0.09,0.69,-70.92,17.7,-59.63
2026-07-27 14:44:15.255,0.52,0.09,0.69,-70.92,17.7,-59.63
2026-07-27 14:44:15.255,0.5,-0.11,0.8,-109.37,28.93,-32.84
2026-07-27 14:44:15.256,0.5,-0.11,0.8,-109.37,28.93,-32.84
2026-07-27 14:44:15.319,0.5,-0.37,0.9,-173.4,31.86,3.11
2026-07-27 14:44:15.328,0.5,-0.37,0.9,-173.4,31.86,3.11
2026-07-27 14:44:15.374,0.46,-0.57,0.86,-198.18,-6.96,13.43
2026-07-27 14:44:15.375,0.47,-0.64,0.82,-138.18,-76.66,-10.19
2026-07-27 14:44:15.376,0.47,-0.64,0.82,-138.18,-76.66,-10.19
2026-07-27 14:44:15.428,0.54,-0.63,0.84,-47.61,-128.72,-43.33
2026-07-27 14:44:15.429,0.54,-0.63,0.84,-47.61,-128.72,-43.33
2026-07-27 14:44:15.489,0.58,-0.57,0.87,11.84,-141.72,-55.36
2026-07-27 14:44:15.489,0.58,-0.57,0.87,11.84,-141.72,-55.36
2026-07-27 14:44:15.548,0.56,-0.56,0.91,18.19,-118.16,-20.57
2026-07-27 14:44:15.548,0.56,-0.56,0.91,-2.56,-65.31,63.35
2026-07-27 14:44:15.549,0.49,-0.65,0.97,-2.56,-65.31,63.35
2026-07-27 14:44:15.549,0.42,-0.73,1.0,-7.26,-11.66,135.74
2026-07-27 14:44:15.609,0.42,-0.73,1.0,-7.26,-11.66,135.74
2026-07-27 14:44:15.610,0.44,-0.7,0.95,16.6,3.54,145.81
2026-07-27 14:44:15.670,0.44,-0.7,0.95,16.6,3.54,145.81
2026-07-27 14:44:15.671,0.52,-0.61,0.83,61.28,-12.33,123.78
2026-07-27 14:44:15.672,0.52,-0.61,0.83,61.28,-12.33,123.78
2026-07-27 14:44:15.742,0.6,-0.48,0.7,101.93,-28.26,101.44
2026-07-27 14:44:15.743,0.66,-0.37,0.58,113.83,-38.09,76.78
2026-07-27 14:44:15.744,0.66,-0.37,0.58,113.83,-38.09,76.78
2026-07-27 14:44:15.791,0.69,-0.28,0.5,98.39,-35.28,47.55
2026-07-27 14:44:15.792,0.69,-0.28,0.5,98.39,-35.28,47.55
2026-07-27 14:44:15.848,0.69,-0.25,0.48,70.25,-18.07,19.53
2026-07-27 14:44:15.849,0.69,-0.25,0.48,70.25,-18.07,19.53
2026-07-27 14:44:15.849,0.67,-0.26,0.5,40.95,-1.83,-3.6
2026-07-27 14:44:15.911,0.67,-0.26,0.5,16.72,4.15,-22.77
2026-07-27 14:44:15.912,0.64,-0.29,0.52,16.72,4.15,-22.77
2026-07-27 14:44:15.968,0.62,-0.32,0.53,1.1,2.56,-40.16
2026-07-27 14:44:15.968,0.62,-0.32,0.53,1.1,2.56,-40.16
2026-07-27 14:44:15.969,0.61,-0.33,0.55,-6.16,-0.98,-58.96
2026-07-27 14:44:16.031,0.61,-0.33,0.55,-6.16,-0.98,-58.96
2026-07-27 14:44:16.035,0.62,-0.3,0.59,-11.72,0.24,-92.47
2026-07-27 14:44:16.035,0.62,-0.3,0.59,-11.72,0.24,-92.47
2026-07-27 14:44:16.088,0.65,-0.28,0.63,-20.57,-4.64,-120.24
2026-07-27 14:44:16.089,0.65,-0.28,0.63,-20.57,-4.64,-120.24
2026-07-27 14:44:16.089,0.66,-0.28,0.71,-28.93,-21.97,-100.59
2026-07-27 14:44:16.151,0.66,-0.31,0.89,-25.21,-35.89,-51.03
2026-07-27 14:44:16.151,0.66,-0.31,0.89,-25.21,-35.89,-51.03
2026-07-27 14:44:16.212,0.6,-0.36,1.2,13.49,-35.34,-6.71
2026-07-27 14:44:16.213,0.6,-0.36,1.2,13.49,-35.34,-6.71
2026-07-27 14:44:16.214,0.51,-0.35,1.46,95.09,-18.8,27.95
2026-07-27 14:44:16.268,0.51,-0.35,1.46,95.09,-18.8,27.95
2026-07-27 14:44:16.268,0.52,-0.19,1.42,181.15,2.32,41.56
2026-07-27 14:44:16.333,0.63,0.06,1.14,209.23,19.23,15.62
2026-07-27 14:44:16.338,0.63,0.06,1.14,209.23,19.23,15.62
2026-07-27 14:44:16.338,0.69,0.19,0.91,152.95,47.06,-19.04
2026-07-27 14:44:16.392,0.69,0.19,0.91,152.95,47.06,-19.04
2026-07-27 14:44:16.392,0.65,0.13,0.8,62.81,75.56,-25.09
2026-07-27 14:44:16.392,0.65,0.13,0.8,62.81,75.56,-25.09
2026-07-27 14:44:16.448,0.6,0.03,0.74,6.29,68.12,-17.64
2026-07-27 14:44:16.448,0.6,0.03,0.74,-11.6,35.03,-28.56
2026-07-27 14:44:16.510,0.59,-0.0,0.66,-11.6,35.03,-28.56
2026-07-27 14:44:16.511,0.6,0.04,0.55,-23.19,5.86,-62.26
2026-07-27 14:44:16.512,0.6,0.04,0.55,-23.19,5.86,-62.26
2026-07-27 14:44:16.568,0.58,0.12,0.44,-50.9,-3.54,-91.37
2026-07-27 14:44:16.569,0.58,0.12,0.44,-50.9,-3.54,-91.37
2026-07-27 14:44:16.569,0.56,0.18,0.39,-74.28,10.07,-88.44
2026-07-27 14:44:16.630,0.55,0.22,0.39,-62.44,28.08,-60.24
2026-07-27 14:44:16.631,0.55,0.22,0.39,-62.44,28.08,-60.24
2026-07-27 14:44:16.688,0.54,0.23,0.43,-24.35,42.72,-37.35
2026-07-27 14:44:16.688,0.54,0.23,0.43,-24.35,42.72,-37.35
2026-07-27 14:44:16.689,0.52,0.23,0.51,16.11,53.1,-30.27
2026-07-27 14:44:16.748,0.52,0.23,0.51,16.11,53.1,-30.27
2026-07-27 14:44:16.748,0.52,0.22,0.63,30.76,43.7,-25.39
2026-07-27 14:44:16.748,0.52,0.22,0.63,30.76,43.7,-25.39
2026-07-27 14:44:16.809,0.53,0.2,0.73,7.02,6.16,-15.62
2026-07-27 14:44:16.810,0.56,0.13,0.8,-29.6,-40.34,-6.35
2026-07-27 14:44:16.868,0.56,0.13,0.8,-29.6,-40.34,-6.35
2026-07-27 14:44:16.868,0.59,0.0,0.89,-52.06,-70.74,2.26
2026-07-27 14:44:16.868,0.59,0.0,0.89,-52.06,-70.74,2.26
2026-07-27 14:44:16.936,0.6,-0.1,1.02,-57.01,-81.97,9.89
2026-07-27 14:44:16.936,0.6,-0.1,1.02,-57.01,-81.97,9.89
2026-07-27 14:44:16.988,0.58,-0.14,1.18,-51.15,-83.13,15.44
2026-07-27 14:44:16.989,0.58,-0.14,1.18,-34.91,-72.2,24.35
2026-07-27 14:44:16.990,0.52,-0.14,1.33,-34.91,-72.2,24.35
2026-07-27 14:44:17.048,0.43,-0.1,1.43,-2.81,-42.54,36.87
2026-07-27 14:44:17.049,0.43,-0.1,1.43,-2.81,-42.54,36.87
2026-07-27 14:44:17.050,0.35,-0.02,1.47,40.47,7.32,50.96
2026-07-27 14:44:17.109,0.35,-0.02,1.47,40.47,7.32,50.96
2026-07-27 14:44:17.109,0.26,0.07,1.45,86.24,76.9,71.53
2026-07-27 14:44:17.109,0.26,0.07,1.45,86.24,76.9,71.53
2026-07-27 14:44:17.181,0.22,0.19,1.34,120.54,133.79,83.92
2026-07-27 14:44:17.181,0.26,0.29,1.16,121.28,140.14,64.64
2026-07-27 14:44:17.231,0.26,0.29,1.16,121.28,140.14,64.64
2026-07-27 14:44:17.231,0.33,0.34,1.0,85.75,120.3,24.11
2026-07-27 14:44:17.231,0.33,0.34,1.0,85.75,120.3,24.11
2026-07-27 14:44:17.352,0.36,0.3,0.87,41.99,109.44,-8.12
2026-07-27 14:44:17.352,0.36,0.3,0.87,41.99,109.44,-8.12
2026-07-27 14:44:17.353,0.35,0.24,0.77,11.84,101.99,-25.15
2026-07-27 14:44:17.353,0.35,0.24,0.77,11.84,101.99,-25.15
2026-07-27 14:44:17.353,0.33,0.19,0.7,-9.46,86.3,-33.81
2026-07-27 14:44:17.411,0.31,0.13,0.67,-27.71,65.0,-32.29
2026-07-27 14:44:17.412,0.31,0.13,0.67,-27.71,65.0,-32.29
2026-07-27 14:44:17.412,0.33,0.05,0.62,-42.36,41.93,-24.9
2026-07-27 14:44:17.475,0.33,0.05,0.62,-42.36,41.93,-24.9
2026-07-27 14:44:17.478,0.35,-0.03,0.59,-58.29,26.06,-17.88
2026-07-27 14:44:17.529,0.35,-0.03,0.59,-58.29,26.06,-17.88
2026-07-27 14:44:17.529,0.35,-0.1,0.62,-69.4,24.35,-17.21
2026-07-27 14:44:17.529,0.31,-0.1,0.7,-62.44,19.29,-25.09
2026-07-27 14:44:17.588,0.31,-0.1,0.7,-62.44,19.29,-25.09
2026-07-27 14:44:17.589,0.28,-0.07,0.8,-51.82,-3.72,-33.39
2026-07-27 14:44:17.589,0.28,-0.07,0.8,-51.82,-3.72,-33.39
2026-07-27 14:44:17.649,0.25,-0.11,0.88,-54.81,-28.75,-31.49
2026-07-27 14:44:17.649,0.25,-0.11,0.88,-54.81,-28.75,-31.49
2026-07-27 14:44:17.710,0.23,-0.14,0.94,-56.27,-44.98,-19.41
2026-07-27 14:44:17.710,0.23,-0.14,0.94,-55.05,-58.53,-6.96
2026-07-27 14:44:17.710,0.21,-0.16,1.03,-55.05,-58.53,-6.96
2026-07-27 14:44:17.778,0.15,-0.23,1.13,-65.19,-62.62,1.95
2026-07-27 14:44:17.813,0.15,-0.23,1.13,-65.19,-62.62,1.95
2026-07-27 14:44:17.828,0.06,-0.35,1.2,-76.54,-58.78,8.18
2026-07-27 14:44:17.828,0.06,-0.35,1.2,-76.54,-58.78,8.18
2026-07-27 14:44:17.829,-0.04,-0.47,1.23,-79.22,-52.61,14.53
2026-07-27 14:44:17.888,-0.04,-0.47,1.23,-79.22,-52.61,14.53
2026-07-27 14:44:17.889,-0.11,-0.53,1.25,-67.93,-42.3,25.51
2026-07-27 14:44:17.889,-0.11,-0.53,1.25,-44.98,-31.92,42.18
2026-07-27 14:44:17.952,-0.16,-0.52,1.26,-44.98,-31.92,42.18
2026-07-27 14:44:17.952,-0.19,-0.49,1.27,-27.4,-10.07,59.63
2026-07-27 14:44:17.952,-0.19,-0.49,1.27,-27.4,-10.07,59.63
2026-07-27 14:44:18.008,-0.22,-0.46,1.24,-20.69,33.75,78.31
2026-07-27 14:44:18.010,-0.22,-0.46,1.24,-20.69,33.75,78.31
2026-07-27 14:44:18.068,-0.21,-0.43,1.2,-16.6,81.67,101.81
2026-07-27 14:44:18.068,-0.21,-0.43,1.2,-16.6,81.67,101.81
2026-07-27 14:44:18.069,-0.17,-0.39,1.16,-6.59,109.56,124.02
2026-07-27 14:44:18.130,-0.13,-0.34,1.09,11.29,112.43,130.37
2026-07-27 14:44:18.131,-0.13,-0.34,1.09,11.29,112.43,130.37
2026-07-27 14:44:18.188,-0.09,-0.29,0.98,28.32,104.31,115.54
2026-07-27 14:44:18.188,-0.09,-0.29,0.98,28.32,104.31,115.54
2026-07-27 14:44:18.189,-0.11,-0.26,0.88,24.66,104.61,89.54
2026-07-27 14:44:18.252,-0.11,-0.26,0.88,24.66,104.61,89.54
2026-07-27 14:44:18.252,-0.16,-0.3,0.84,-7.75,114.93,73.36
2026-07-27 14:44:18.253,-0.16,-0.3,0.84,-31.98,108.46,64.94
2026-07-27 14:44:18.308,-0.17,-0.35,0.8,-31.98,108.46,64.94
2026-07-27 14:44:18.309,-0.13,-0.36,0.69,-23.32,75.38,40.16
2026-07-27 14:44:18.369,-0.13,-0.36,0.69,-23.32,75.38,40.16
2026-07-27 14:44:18.369,-0.1,-0.37,0.55,-12.7,39.43,-0.18
2026-07-27 14:44:18.369,-0.1,-0.37,0.55,-12.7,39.43,-0.18
2026-07-27 14:44:18.429,-0.08,-0.4,0.45,-33.14,13.12,-38.21
2026-07-27 14:44:18.430,-0.08,-0.4,0.45,-33.14,13.12,-38.21
2026-07-27 14:44:18.430,-0.06,-0.5,0.39,-75.13,-13.12,-65.86
2026-07-27 14:44:18.489,-0.04,-0.55,0.38,-80.44,-39.06,-84.23
2026-07-27 14:44:18.490,-0.04,-0.55,0.38,-80.44,-39.06,-84.23
2026-07-27 14:44:18.548,-0.02,-0.56,0.43,-46.2,-54.08,-104.55
2026-07-27 14:44:18.548,-0.02,-0.56,0.43,-46.2,-54.08,-104.55
2026-07-27 14:44:18.549,-0.04,-0.68,0.52,-20.2,-59.14,-130.8
2026-07-27 14:44:18.615,-0.06,-0.84,0.63,-0.92,-74.1,-147.16
2026-07-27 14:44:18.615,-0.06,-0.84,0.63,-0.92,-74.1,-147.16
2026-07-27 14:44:18.668,-0.07,-0.96,0.76,16.17,-106.51,-139.16
2026-07-27 14:44:18.668,-0.07,-0.96,0.76,16.17,-106.51,-139.16
2026-07-27 14:44:18.669,-0.07,-1.0,0.93,25.27,-134.58,-105.9
2026-07-27 14:44:18.728,-0.07,-1.0,0.93,25.27,-134.58,-105.9
2026-07-27 14:44:18.728,-0.05,-0.95,1.07,30.15,-142.76,-61.77
2026-07-27 14:44:18.788,-0.03,-0.87,1.17,40.1,-128.85,-29.24
2026-07-27 14:44:18.789,-0.03,-0.87,1.17,40.1,-128.85,-29.24
2026-07-27 14:44:18.789,-0.01,-0.76,1.23,83.62,-103.15,-16.54
2026-07-27 14:44:18.850,-0.01,-0.76,1.23,83.62,-103.15,-16.54
2026-07-27 14:44:18.852,0.01,-0.52,1.32,177.67,-85.45,-13.06
2026-07-27 14:44:18.856,0.01,-0.52,1.32,177.67,-85.45,-13.06
2026-07-27 14:44:18.909,0.1,-0.25,1.38,233.64,-96.07,1.28
2026-07-27 14:44:18.911,0.1,-0.25,1.38,217.1,-142.27,26.37
2026-07-27 14:44:18.968,0.3,-0.1,1.31,217.1,-142.27,26.37
2026-07-27 14:44:18.968,0.56,0.09,1.0,232.54,-235.66,12.88
2026-07-27 14:44:18.976,0.56,0.09,1.0,232.54,-235.66,12.88
2026-07-27 14:44:19.029,0.79,0.35,0.54,254.7,-284.12,-27.04
2026-07-27 14:44:19.030,0.79,0.35,0.54,254.7,-284.12,-27.04
2026-07-27 14:44:19.030,0.86,0.45,0.25,182.8,-165.28,-32.35
2026-07-27 14:44:19.088,0.8,0.43,0.18,67.02,6.71,-25.15
2026-07-27 14:44:19.088,0.8,0.43,0.18,67.02,6.71,-25.15
2026-07-27 14:44:19.150,0.71,0.36,0.2,-2.2,79.1,-35.03
2026-07-27 14:44:19.150,0.71,0.36,0.2,-2.2,79.1,-35.03
2026-07-27 14:44:19.151,0.65,0.28,0.22,-18.98,61.16,-49.68
2026-07-27 14:44:19.208,0.65,0.28,0.22,-18.98,61.16,-49.68
2026-07-27 14:44:19.209,0.63,0.22,0.25,-20.32,20.63,-54.44
2026-07-27 14:44:19.209,0.63,0.22,0.25,-20.32,20.63,-54.44
2026-07-27 14:44:19.269,0.65,0.17,0.29,-30.76,-0.43,-40.04
2026-07-27 14:44:19.269,0.68,0.11,0.34,-42.91,-1.83,-10.93
2026-07-27 14:44:19.335,0.68,0.11,0.34,-42.91,-1.83,-10.93
2026-07-27 14:44:19.336,0.71,0.07,0.38,-36.25,2.87,24.11
2026-07-27 14:44:19.336,0.71,0.07,0.38,-36.25,2.87,24.11
2026-07-27 14:44:19.393,0.78,0.05,0.45,1.89,18.74,74.04
2026-07-27 14:44:19.403,0.78,0.05,0.45,1.89,18.74,74.04
2026-07-27 14:44:19.403,0.84,0.05,0.58,49.38,31.86,114.62
2026-07-27 14:44:19.448,0.84,0.05,0.58,49.38,31.86,114.62
2026-07-27 14:44:19.449,0.87,0.1,0.74,64.03,4.52,106.51
2026-07-27 14:44:19.508,0.89,0.21,0.88,34.0,-34.12,70.31
2026-07-27 14:44:19.511,0.89,0.21,0.88,34.0,-34.12,70.31
2026-07-27 14:44:19.512,0.83,0.24,1.03,-34.97,-23.07,21.61
2026-07-27 14:44:19.569,0.83,0.24,1.03,-34.97,-23.07,21.61
2026-07-27 14:44:19.569,0.68,0.15,1.16,-114.87,26.18,-31.98
2026-07-27 14:44:19.569,0.68,0.15,1.16,-114.87,26.18,-31.98
2026-07-27 14:44:19.629,0.58,0.06,1.18,-148.38,49.01,-55.24
2026-07-27 14:44:19.629,0.6,0.03,1.16,-129.94,34.3,-44.68
2026-07-27 14:44:19.690,0.6,0.03,1.16,-129.94,34.3,-44.68
2026-07-27 14:44:19.690,0.74,0.04,1.11,-85.33,-5.98,-26.73
2026-07-27 14:44:19.691,0.74,0.04,1.11,-85.33,-5.98,-26.73
2026-07-27 14:44:19.750,0.86,0.08,1.0,-23.5,-59.39,-42.54
2026-07-27 14:44:19.750,0.86,0.08,1.0,-23.5,-59.39,-42.54
2026-07-27 14:44:19.808,0.84,0.12,0.88,17.27,-52.31,-95.15
2026-07-27 14:44:19.809,0.84,0.12,0.88,17.27,-52.31,-95.15
2026-07-27 14:44:19.809,0.73,0.11,0.81,10.56,35.89,-117.25
2026-07-27 14:44:19.872,0.62,0.07,0.77,-12.7,140.62,-76.6
2026-07-27 14:44:19.872,0.62,0.07,0.77,-12.7,140.62,-76.6
2026-07-27 14:44:19.873,0.52,-0.04,0.49,-19.17,189.45,-10.01
2026-07-27 14:44:19.928,0.52,-0.04,0.49,-19.17,189.45,-10.01
2026-07-27 14:44:19.928,0.51,-0.1,0.11,-20.81,167.79,24.96
2026-07-27 14:44:19.989,0.51,-0.1,0.11,-20.81,167.79,24.96
2026-07-27 14:44:19.989,0.47,-0.07,0.25,-72.94,134.95,-3.23
2026-07-27 14:44:19.989,0.36,-0.09,0.66,-109.25,129.52,-37.72
2026-07-27 14:44:20.055,0.36,-0.09,0.66,-109.25,129.52,-37.72
2026-07-27 14:44:20.056,0.27,-0.21,0.8,-58.47,110.11,-22.83
2026-07-27 14:44:20.056,0.27,-0.21,0.8,-58.47,110.11,-22.83
2026-07-27 14:44:20.109,0.19,-0.31,0.8,-11.66,80.69,22.52
2026-07-27 14:44:20.109,0.19,-0.31,0.8,-11.66,80.69,22.52
2026-07-27 14:44:20.169,0.24,-0.26,0.79,-2.62,37.9,62.01
2026-07-27 14:44:20.169,0.39,-0.13,0.77,-3.6,-36.25,84.47
2026-07-27 14:44:20.169,0.39,-0.13,0.77,-3.6,-36.25,84.47
2026-07-27 14:44:20.228,0.51,-0.07,0.79,-32.1,-62.01,85.88
2026-07-27 14:44:20.229,0.51,-0.07,0.79,-32.1,-62.01,85.88
2026-07-27 14:44:20.293,0.5,-0.15,0.98,-84.11,-26.86,64.82
2026-07-27 14:44:20.294,0.5,-0.15,0.98,-84.11,-26.86,64.82
2026-07-27 14:44:20.295,0.36,-0.31,1.22,-113.65,-29.05,35.22
2026-07-27 14:44:20.349,0.36,-0.31,1.22,-113.65,-29.05,35.22
2026-07-27 14:44:20.349,0.23,-0.45,1.34,-99.61,-98.45,1.4
2026-07-27 14:44:20.349,0.17,-0.52,1.35,-52.12,-149.48,-17.09
2026-07-27 14:44:20.415,0.17,-0.52,1.35,-52.12,-149.48,-17.09
2026-07-27 14:44:20.419,0.2,-0.49,1.29,2.01,-143.74,-5.62
2026-07-27 14:44:20.469,0.2,-0.49,1.29,2.01,-143.74,-5.62
2026-07-27 14:44:20.469,0.29,-0.4,1.21,41.99,-110.9,25.33
2026-07-27 14:44:20.469,0.29,-0.4,1.21,41.99,-110.9,25.33
2026-07-27 14:44:20.528,0.35,-0.31,1.1,79.96,-60.36,43.58
2026-07-27 14:44:20.529,0.34,-0.23,1.0,131.29,15.75,30.09
2026-07-27 14:44:20.529,0.34,-0.23,1.0,131.29,15.75,30.09
2026-07-27 14:44:20.590,0.3,-0.11,0.99,145.75,111.94,23.99
2026-07-27 14:44:20.590,0.3,-0.11,0.99,145.75,111.94,23.99
2026-07-27 14:44:20.648,0.25,-0.0,1.03,85.82,185.06,47.42
2026-07-27 14:44:20.648,0.25,-0.0,1.03,85.82,185.06,47.42
2026-07-27 14:44:20.649,0.21,0.06,1.02,13.98,192.14,54.87
2026-07-27 14:44:20.717,0.18,0.08,0.96,-17.52,156.13,25.57
2026-07-27 14:44:20.718,0.18,0.08,0.96,-17.52,156.13,25.57
2026-07-27 14:44:20.768,0.16,0.11,0.92,-11.23,117.86,-25.57
2026-07-27 14:44:20.769,0.16,0.11,0.92,-11.23,117.86,-25.57
2026-07-27 14:44:20.769,0.15,0.16,0.9,9.34,80.26,-78.49
2026-07-27 14:44:20.829,0.15,0.16,0.9,9.34,80.26,-78.49
2026-07-27 14:44:20.829,0.14,0.18,0.87,19.41,35.64,-103.88
2026-07-27 14:44:20.829,0.14,0.18,0.87,16.85,-3.66,-103.64
2026-07-27 14:44:20.897,0.14,0.17,0.84,16.85,-3.66,-103.64
2026-07-27 14:44:20.897,0.14,0.11,0.85,7.39,-20.69,-102.48
2026-07-27 14:44:20.947,0.14,0.11,0.85,7.39,-20.69,-102.48
2026-07-27 14:44:20.951,0.11,0.03,0.89,-3.91,-17.7,-104.0
2026-07-27 14:44:20.954,0.11,0.03,0.89,-3.91,-17.7,-104.0
2026-07-27 14:44:21.009,0.08,-0.06,0.94,-6.23,-10.25,-97.96
2026-07-27 14:44:21.009,0.08,-0.06,0.94,-6.23,-10.25,-97.96
2026-07-27 14:44:21.009,0.04,-0.11,1.01,6.23,-7.02,-86.18
2026-07-27 14:44:21.069,-0.01,-0.13,1.11,25.09,-10.07,-76.35
2026-07-27 14:44:21.069,-0.01,-0.13,1.11,25.09,-10.07,-76.35
2026-07-27 14:44:21.128,-0.08,-0.14,1.23,38.45,-18.19,-70.68
2026-07-27 14:44:21.129,-0.08,-0.14,1.23,38.45,-18.19,-70.68
2026-07-27 14:44:21.129,-0.15,-0.21,1.34,43.27,-18.13,-63.9
2026-07-27 14:44:21.188,-0.15,-0.21,1.34,43.27,-18.13,-63.9
2026-07-27 14:44:21.188,-0.19,-0.31,1.4,39.25,1.16,-46.94
2026-07-27 14:44:21.188,-0.19,-0.31,1.4,39.25,1.16,-46.94
2026-07-27 14:44:21.250,-0.17,-0.35,1.35,26.61,28.32,-19.71
2026-07-27 14:44:21.251,-0.06,-0.25,1.21,15.62,46.08,11.23
2026-07-27 14:44:21.308,-0.06,-0.25,1.21,15.62,46.08,11.23
2026-07-27 14:44:21.309,0.06,-0.1,1.03,13.06,51.7,37.17
2026-07-27 14:44:21.309,0.06,-0.1,1.03,13.06,51.7,37.17
2026-07-27 14:44:21.370,0.14,0.0,0.86,11.17,52.12,51.94
2026-07-27 14:44:21.370,0.14,0.0,0.86,11.17,52.12,51.94
2026-07-27 14:44:21.370,0.15,0.01,0.75,0.67,57.25,57.01
2026-07-27 14:44:21.434,0.15,0.01,0.75,0.67,57.25,57.01
2026-07-27 14:44:21.434,0.12,-0.01,0.69,-14.16,62.62,56.64
2026-07-27 14:44:21.500,0.12,-0.02,0.64,-28.2,56.21,54.99
2026-07-27 14:44:21.504,0.12,-0.02,0.64,-28.2,56.21,54.99
2026-07-27 14:44:21.504,0.12,0.02,0.67,-38.33,42.11,65.61
2026-07-27 14:44:21.551,0.12,0.02,0.67,-38.33,42.11,65.61
2026-07-27 14:44:21.551,0.11,0.01,0.75,-34.24,14.65,99.49
2026-07-27 14:44:21.552,0.11,0.01,0.75,-34.24,14.65,99.49
2026-07-27 14:44:21.609,0.14,-0.05,0.78,-23.62,-30.88,114.44
2026-07-27 14:44:21.610,0.14,-0.05,0.78,-23.62,-30.88,114.44
2026-07-27 14:44:21.674,0.18,-0.09,0.78,-28.5,-63.05,77.94
2026-07-27 14:44:21.675,0.14,-0.15,0.85,-50.17,-50.72,29.48
2026-07-27 14:44:21.676,0.14,-0.15,0.85,-50.17,-50.72,29.48
2026-07-27 14:44:21.729,-0.01,-0.24,1.03,-70.31,-12.51,9.58
2026-07-27 14:44:21.730,-0.01,-0.24,1.03,-70.31,-12.51,9.58
2026-07-27 14:44:21.730,-0.15,-0.29,1.18,-72.51,-19.17,9.16
2026-07-27 14:44:21.793,-0.15,-0.29,1.18,-72.51,-19.17,9.16
2026-07-27 14:44:21.796,-0.18,-0.28,1.22,-52.19,-85.14,18.92
2026-07-27 14:44:21.852,-0.18,-0.28,1.22,-25.27,-133.42,45.29
2026-07-27 14:44:21.853,-0.15,-0.27,1.22,-25.27,-133.42,45.29
2026-07-27 14:44:21.853,-0.15,-0.26,1.23,-10.38,-120.61,72.45
2026-07-27 14:44:21.910,-0.15,-0.26,1.23,-10.38,-120.61,72.45
2026-07-27 14:44:21.911,-0.14,-0.23,1.24,-6.77,-76.84,85.88
2026-07-27 14:44:21.911,-0.14,-0.23,1.24,-6.77,-76.84,85.88
2026-07-27 14:44:21.972,-0.1,-0.18,1.22,-5.74,-36.87,87.71
2026-07-27 14:44:21.972,-0.1,-0.18,1.22,-5.74,-36.87,87.71
2026-07-27 14:44:22.028,-0.06,-0.13,1.2,-2.32,-11.72,85.75
2026-07-27 14:44:22.029,0.01,-0.09,1.16,4.76,-0.49,85.63
2026-07-27 14:44:22.029,0.01,-0.09,1.16,4.76,-0.49,85.63
2026-07-27 14:44:22.088,0.09,-0.06,1.1,11.9,7.57,83.25
2026-07-27 14:44:22.088,0.09,-0.06,1.1,11.9,7.57,83.25
2026-07-27 14:44:22.088,0.18,-0.04,1.04,15.08,19.96,72.75
2026-07-27 14:44:22.149,0.18,-0.04,1.04,15.08,19.96,72.75
2026-07-27 14:44:22.150,0.24,-0.02,0.99,14.16,33.33,53.47
2026-07-27 14:44:22.208,0.24,-0.02,0.99,14.16,33.33,53.47
2026-07-27 14:44:22.208,0.27,-0.02,0.94,12.21,37.54,29.36
2026-07-27 14:44:22.209,0.29,-0.03,0.91,12.15,19.84,17.4
2026-07-27 14:44:22.269,0.29,-0.03,0.91,12.15,19.84,17.4
2026-07-27 14:44:22.271,0.31,-0.06,0.87,11.54,-20.32,24.84
2026-07-27 14:44:22.271,0.31,-0.06,0.87,11.54,-20.32,24.84
2026-07-27 14:44:22.330,0.33,-0.1,0.84,12.15,-56.03,26.55
2026-07-27 14:44:22.330,0.33,-0.1,0.84,12.15,-56.03,26.55
2026-07-27 14:44:22.388,0.33,-0.15,0.85,12.27,-61.58,18.92
2026-07-27 14:44:22.388,0.29,-0.2,0.88,3.97,-55.79,39.06
2026-07-27 14:44:22.389,0.29,-0.2,0.88,3.97,-55.79,39.06
2026-07-27 14:44:22.448,0.22,-0.27,0.93,-13.49,-60.97,100.77
2026-07-27 14:44:22.449,0.22,-0.27,0.93,-13.49,-60.97,100.77
2026-07-27 14:44:22.508,0.08,-0.3,1.02,-36.13,-50.42,167.36
2026-07-27 14:44:22.509,0.08,-0.3,1.02,-36.13,-50.42,167.36
2026-07-27 14:44:22.509,-0.1,-0.3,1.13,-49.68,-6.41,202.15
2026-07-27 14:44:22.570,-0.26,-0.28,1.2,-45.1,25.88,218.2
2026-07-27 14:44:22.571,-0.26,-0.28,1.2,-45.1,25.88,218.2
2026-07-27 14:44:22.636,-0.3,-0.29,1.18,-33.45,-5.43,222.29
2026-07-27 14:44:22.645,-0.3,-0.29,1.18,-33.45,-5.43,222.29
2026-07-27 14:44:22.646,-0.19,-0.32,1.08,-16.48,-75.81,193.24
2026-07-27 14:44:22.688,-0.19,-0.32,1.08,-16.48,-75.81,193.24
2026-07-27 14:44:22.689,-0.11,-0.31,1.02,8.48,-110.23,149.66
2026-07-27 14:44:22.689,-0.06,-0.33,0.96,12.45,-111.39,123.23
2026-07-27 14:44:22.748,-0.06,-0.33,0.96,12.45,-111.39,123.23
2026-07-27 14:44:22.748,0.07,-0.42,0.83,-11.84,-124.69,89.6
2026-07-27 14:44:22.808,0.07,-0.42,0.83,-11.84,-124.69,89.6
2026-07-27 14:44:22.809,0.21,-0.48,0.7,-21.3,-122.74,33.81
2026-07-27 14:44:22.809,0.21,-0.48,0.7,-21.3,-122.74,33.81
2026-07-27 14:44:22.868,0.22,-0.48,0.65,-12.63,-78.12,18.31
2026-07-27 14:44:22.870,0.13,-0.51,0.61,-23.56,-35.71,71.66
2026-07-27 14:44:22.870,0.13,-0.51,0.61,-23.56,-35.71,71.66
2026-07-27 14:44:22.935,0.03,-0.56,0.56,-41.32,-34.18,131.53
2026-07-27 14:44:22.936,0.03,-0.56,0.56,-41.32,-34.18,131.53
2026-07-27 14:44:22.988,-0.04,-0.58,0.53,-28.93,-42.72,140.93
2026-07-27 14:44:22.989,-0.04,-0.58,0.53,-28.93,-42.72,140.93
2026-07-27 14:44:22.989,-0.04,-0.56,0.58,20.14,-20.02,100.16
2026-07-27 14:44:23.050,-0.04,-0.56,0.58,67.57,19.1,68.48
2026-07-27 14:44:23.051,-0.0,-0.51,0.73,67.57,19.1,68.48
2026-07-27 14:44:23.111,-0.0,-0.5,0.86,56.58,47.24,86.0
2026-07-27 14:44:23.111,-0.0,-0.5,0.86,56.58,47.24,86.0
2026-07-27 14:44:23.112,-0.03,-0.53,0.92,7.63,59.75,125.98
2026-07-27 14:44:23.173,-0.03,-0.53,0.92,7.63,59.75,125.98
2026-07-27 14:44:23.173,-0.09,-0.54,0.94,-7.57,72.27,148.68
2026-07-27 14:44:23.173,-0.09,-0.54,0.94,-7.57,72.27,148.68
2026-07-27 14:44:23.240,-0.16,-0.49,1.01,8.06,99.91,131.53
2026-07-27 14:44:23.252,-0.2,-0.43,1.11,6.9,108.64,79.41
2026-07-27 14:44:23.252,-0.2,-0.43,1.11,6.9,108.64,79.41
2026-07-27 14:44:23.288,-0.21,-0.37,1.18,-13.73,63.66,39.49
2026-07-27 14:44:23.289,-0.21,-0.37,1.18,-13.73,63.66,39.49
2026-07-27 14:44:23.353,-0.2,-0.36,1.18,-26.86,5.86,32.96
2026-07-27 14:44:23.355,-0.2,-0.36,1.18,-26.86,5.86,32.96
2026-07-27 14:44:23.360,-0.16,-0.4,1.14,-14.71,-21.91,32.29
2026-07-27 14:44:23.410,-0.16,-0.4,1.14,-14.71,-21.91,32.29
2026-07-27 14:44:23.411,-0.12,-0.43,1.11,7.2,-38.88,28.81
2026-07-27 14:44:23.468,-0.08,-0.48,1.08,14.04,-64.03,45.41
2026-07-27 14:44:23.469,-0.08,-0.48,1.08,14.04,-64.03,45.41
2026-07-27 14:44:23.469,-0.1,-0.52,1.06,12.27,-86.55,106.2
2026-07-27 14:44:23.530,-0.1,-0.52,1.06,12.27,-86.55,106.2
2026-07-27 14:44:23.530,-0.2,-0.46,1.01,8.12,-99.49,194.03
2026-07-27 14:44:23.531,-0.2,-0.46,1.01,8.12,-99.49,194.03
2026-07-27 14:44:23.588,-0.31,-0.38,0.9,-6.47,-108.58,258.0
2026-07-27 14:44:23.589,-0.31,-0.38,0.9,-6.47,-108.58,258.0
2026-07-27 14:44:23.656,-0.37,-0.3,0.79,-14.95,-105.1,256.41
2026-07-27 14:44:23.656,-0.37,-0.22,0.74,-4.88,-82.28,201.97
2026-07-27 14:44:23.656,-0.37,-0.22,0.74,-4.88,-82.28,201.97
2026-07-27 14:44:23.708,-0.35,-0.14,0.73,9.46,-54.87,150.7
2026-07-27 14:44:23.709,-0.35,-0.14,0.73,9.46,-54.87,150.7
2026-07-27 14:44:23.711,-0.33,-0.08,0.74,16.48,-39.49,129.15
2026-07-27 14:44:23.768,-0.33,-0.08,0.74,16.48,-39.49,129.15
2026-07-27 14:44:23.769,-0.29,-0.03,0.76,16.66,-37.48,107.54
2026-07-27 14:44:23.832,-0.23,0.01,0.8,9.4,-34.55,63.29
2026-07-27 14:44:23.833,-0.23,0.01,0.8,9.4,-34.55,63.29
2026-07-27 14:44:23.833,-0.16,0.04,0.84,-9.58,-12.82,23.38
2026-07-27 14:44:23.888,-0.16,0.04,0.84,-9.58,-12.82,23.38
2026-07-27 14:44:23.888,-0.14,0.05,0.89,-26.0,40.1,14.71
2026-07-27 14:44:23.889,-0.14,0.05,0.89,-26.0,40.1,14.71
2026-07-27 14:44:23.949,-0.19,0.05,0.91,-18.13,104.98,33.81
2026-07-27 14:44:23.949,-0.19,0.05,0.91,-12.51,134.4,64.51
2026-07-27 14:44:24.009,-0.35,-0.09,0.98,-12.51,134.4,64.51
2026-07-27 14:44:24.009,-0.5,-0.28,1.11,-12.02,101.87,46.57
2026-07-27 14:44:24.009,-0.5,-0.28,1.11,-12.02,101.87,46.57
2026-07-27 14:44:24.080,-0.41,-0.31,1.18,16.42,43.27,-36.32
2026-07-27 14:44:24.081,-0.41,-0.31,1.18,16.42,43.27,-36.32
2026-07-27 14:44:24.081,-0.26,-0.26,1.19,40.95,5.62,-85.63
2026-07-27 14:44:24.129,-0.26,-0.26,1.19,40.95,5.62,-85.63
2026-07-27 14:44:24.129,-0.26,-0.24,1.16,20.87,-2.2,-42.05
2026-07-27 14:44:24.192,-0.34,-0.25,1.11,-21.48,-3.3,35.83
2026-07-27 14:44:24.192,-0.34,-0.25,1.11,-21.48,-3.3,35.83
2026-07-27 14:44:24.195,-0.41,-0.24,1.06,-42.6,-15.01,89.72
2026-07-27 14:44:24.250,-0.41,-0.24,1.06,-42.6,-15.01,89.72
2026-07-27 14:44:24.251,-0.46,-0.15,1.0,-33.63,-12.51,164.31
2026-07-27 14:44:24.251,-0.46,-0.15,1.0,-33.63,-12.51,164.31
2026-07-27 14:44:24.309,-0.46,0.04,0.87,-37.84,55.54,300.17
2026-07-27 14:44:24.310,-0.46,0.04,0.87,-57.74,140.2,412.96
2026-07-27 14:44:24.369,-0.46,0.25,0.68,-57.74,140.2,412.96
2026-07-27 14:44:24.370,-0.38,0.39,0.57,-60.85,114.32,435.0
2026-07-27 14:44:24.370,-0.38,0.39,0.57,-60.85,114.32,435.0
2026-07-27 14:44:24.432,-0.28,0.45,0.55,-34.24,17.4,445.13
2026-07-27 14:44:24.433,-0.28,0.45,0.55,-34.24,17.4,445.13
2026-07-27 14:44:24.488,-0.2,0.51,0.56,28.87,-23.38,408.08
2026-07-27 14:44:24.488,-0.2,0.51,0.56,71.9,-9.52,248.41
2026-07-27 14:44:24.488,-0.1,0.6,0.56,71.9,-9.52,248.41
2026-07-27 14:44:24.549,-0.05,0.67,0.56,62.93,2.26,106.63
2026-07-27 14:44:24.549,-0.05,0.67,0.56,62.93,2.26,106.63
2026-07-27 14:44:24.609,-0.01,0.66,0.59,21.24,0.79,88.2
2026-07-27 14:44:24.609,-0.01,0.66,0.59,21.24,0.79,88.2
2026-07-27 14:44:24.609,0.02,0.5,0.64,-42.79,-10.13,195.13
2026-07-27 14:44:24.670,0.11,0.38,0.75,-88.26,10.38,343.38
2026-07-27 14:44:24.670,0.11,0.38,0.75,-88.26,10.38,343.38
2026-07-27 14:44:24.671,0.2,0.48,0.97,-90.82,72.94,302.8
2026-07-27 14:44:24.729,0.2,0.48,0.97,-90.82,72.94,302.8
2026-07-27 14:44:24.729,0.14,0.6,1.11,-66.59,78.12,108.95
2026-07-27 14:44:24.792,0.14,0.6,1.11,-66.59,78.12,108.95
2026-07-27 14:44:24.792,0.04,0.6,1.1,-36.32,22.46,-4.82
2026-07-27 14:44:24.793,0.04,0.6,1.1,-24.54,8.73,-11.23
2026-07-27 14:44:24.848,-0.03,0.58,1.09,-24.54,8.73,-11.23
2026-07-27 14:44:24.848,-0.07,0.57,1.1,-24.41,41.63,21.36
2026-07-27 14:44:24.849,-0.07,0.57,1.1,-24.41,41.63,21.36
2026-07-27 14:44:24.908,-0.07,0.54,1.06,-17.33,65.8,43.15
2026-07-27 14:44:24.908,-0.07,0.54,1.06,-17.33,65.8,43.15
2026-07-27 14:44:24.968,-0.01,0.46,1.06,-11.23,74.77,40.83
2026-07-27 14:44:24.968,-0.01,0.46,1.06,-11.23,74.77,40.83
2026-07-27 14:44:24.969,0.01,0.36,1.03,-1.83,19.9,-34.3
2026-07-27 14:44:25.045,0.01,0.36,1.03,8.67,-115.6,-163.09
2026-07-27 14:44:25.046,0.0,0.43,0.92,8.67,-115.6,-163.09
2026-07-27 14:44:25.091,0.07,0.53,0.83,3.11,-145.75,-178.41
2026-07-27 14:44:25.092,0.07,0.53,0.83,3.11,-145.75,-178.41
2026-07-27 14:44:25.092,0.13,0.52,0.76,-4.7,-25.82,-73.12
2026-07-27 14:44:25.150,0.13,0.52,0.76,-4.7,-25.82,-73.12
2026-07-27 14:44:25.150,0.14,0.44,0.73,-22.22,106.08,15.38
2026-07-27 14:44:25.150,0.14,0.44,0.73,-22.22,106.08,15.38
2026-07-27 14:44:25.208,0.08,0.34,0.75,-58.9,178.1,45.41
2026-07-27 14:44:25.208,0.0,0.27,0.79,-80.14,163.94,51.33
2026-07-27 14:44:25.209,0.0,0.27,0.79,-80.14,163.94,51.33
2026-07-27 14:44:25.268,-0.05,0.2,0.78,-76.78,73.61,119.32
2026-07-27 14:44:25.268,-0.05,0.2,0.78,-76.78,73.61,119.32
2026-07-27 14:44:25.333,-0.05,0.05,0.72,-86.18,-42.11,289.0
2026-07-27 14:44:25.333,-0.05,0.05,0.72,-86.18,-42.11,289.0
2026-07-27 14:44:25.333,0.06,-0.1,0.73,-87.83,-106.93,406.49
2026-07-27 14:44:25.392,0.16,-0.1,0.81,-38.39,-119.87,337.65
2026-07-27 14:44:25.392,0.16,-0.1,0.81,-38.39,-119.87,337.65
2026-07-27 14:44:25.447,0.23,-0.01,0.87,18.86,-132.69,225.65
2026-07-27 14:44:25.447,0.23,-0.01,0.87,18.86,-132.69,225.65
2026-07-27 14:44:25.448,0.36,0.02,0.92,22.83,-129.27,226.62
2026-07-27 14:44:25.512,0.36,0.02,0.92,22.83,-129.27,226.62
2026-07-27 14:44:25.512,0.5,-0.08,1.0,-30.88,-77.7,289.49
2026-07-27 14:44:25.580,0.56,-0.18,1.08,-74.52,-19.84,285.16
2026-07-27 14:44:25.582,0.56,-0.18,1.08,-74.52,-19.84,285.16
2026-07-27 14:44:25.582,0.58,-0.22,1.1,-66.35,-4.52,175.78
2026-07-27 14:44:25.629,0.58,-0.22,1.1,-66.35,-4.52,175.78
2026-07-27 14:44:25.629,0.56,-0.21,1.06,-35.52,-6.23,42.85
2026-07-27 14:44:25.629,0.56,-0.21,1.06,-35.52,-6.23,42.85
2026-07-27 14:44:25.688,0.51,-0.14,1.08,-3.23,20.39,-30.4
2026-07-27 14:44:25.688,0.43,-0.04,1.14,28.69,35.03,7.26
2026-07-27 14:44:25.748,0.43,-0.04,1.14,28.69,35.03,7.26
2026-07-27 14:44:25.748,0.34,-0.1,1.12,51.33,-5.55,164.18
2026-07-27 14:44:25.749,0.34,-0.1,1.12,51.33,-5.55,164.18
2026-07-27 14:44:25.808,0.3,-0.31,1.02,53.04,-52.0,306.58
2026-07-27 14:44:25.808,0.3,-0.31,1.02,53.04,-52.0,306.58
2026-07-27 14:44:25.809,0.3,-0.42,0.93,47.0,-58.78,291.56
2026-07-27 14:44:25.868,0.3,-0.42,0.93,41.32,-47.79,202.21
2026-07-27 14:44:25.875,0.3,-0.39,0.87,41.32,-47.79,202.21
2026-07-27 14:44:25.928,0.23,-0.37,0.79,14.83,-41.2,209.96
2026-07-27 14:44:25.929,0.23,-0.37,0.79,14.83,-41.2,209.96
2026-07-27 14:44:25.929,0.08,-0.44,0.71,-32.78,-35.64,295.53
2026-07-27 14:44:25.988,0.08,-0.44,0.71,-32.78,-35.64,295.53
2026-07-27 14:44:25.988,-0.06,-0.55,0.68,-51.27,-40.77,324.95
2026-07-27 14:44:25.989,-0.06,-0.55,0.68,-51.27,-40.77,324.95
2026-07-27 14:44:26.048,-0.11,-0.68,0.69,-31.62,-56.03,233.22
2026-07-27 14:44:26.048,-0.07,-0.7,0.74,-6.47,-49.68,64.88
2026-07-27 14:44:26.108,-0.07,-0.7,0.74,-6.47,-49.68,64.88
2026-07-27 14:44:26.109,0.03,-0.54,0.81,16.72,-23.25,-62.56
2026-07-27 14:44:26.109,0.03,-0.54,0.81,16.72,-23.25,-62.56
2026-07-27 14:44:26.171,0.14,-0.39,0.86,35.22,-13.18,-89.97
2026-07-27 14:44:26.171,0.14,-0.39,0.86,35.22,-13.18,-89.97
2026-07-27 14:44:26.240,0.2,-0.33,0.91,37.17,-10.01,-49.68
2026-07-27 14:44:26.243,0.21,-0.34,0.95,34.18,-0.85,0.31
2026-07-27 14:44:26.243,0.21,-0.34,0.95,34.18,-0.85,0.31
2026-07-27 14:44:26.289,0.2,-0.35,0.97,57.01,11.35,23.19
2026-07-27 14:44:26.290,0.2,-0.35,0.97,57.01,11.35,23.19
2026-07-27 14:44:26.290,0.19,-0.35,1.02,77.21,26.25,18.25
2026-07-27 14:44:26.349,0.19,-0.35,1.02,77.21,26.25,18.25
2026-07-27 14:44:26.349,0.18,-0.31,1.04,62.62,23.32,-1.16
2026-07-27 14:44:26.408,0.18,-0.31,1.04,62.62,23.32,-1.16
2026-07-27 14:44:26.409,0.17,-0.28,1.04,42.72,7.14,-20.14
2026-07-27 14:44:26.409,0.15,-0.25,1.03,45.96,2.87,-32.35
2026-07-27 14:44:26.468,0.15,-0.25,1.03,45.96,2.87,-32.35
2026-07-27 14:44:26.468,0.14,-0.2,1.02,59.88,9.58,-48.03
2026-07-27 14:44:26.469,0.14,-0.2,1.02,59.88,9.58,-48.03
2026-07-27 14:44:26.529,0.12,-0.14,0.97,52.98,16.36,-60.06
2026-07-27 14:44:26.530,0.12,-0.14,0.97,52.98,16.36,-60.06
2026-07-27 14:44:26.589,0.07,-0.15,0.9,8.42,23.07,-44.13
2026-07-27 14:44:26.589,0.02,-0.23,0.81,-46.33,27.59,-12.15
2026-07-27 14:44:26.591,0.02,-0.23,0.81,-46.33,27.59,-12.15
2026-07-27 14:44:26.648,-0.01,-0.29,0.75,-77.09,26.0,-0.98
2026-07-27 14:44:26.648,-0.01,-0.29,0.75,-77.09,26.0,-0.98
2026-07-27 14:44:26.649,-0.03,-0.32,0.73,-82.09,23.44,-18.92
2026-07-27 14:44:26.709,-0.03,-0.32,0.73,-82.09,23.44,-18.92
2026-07-27 14:44:26.710,-0.04,-0.3,0.75,-57.56,25.45,-32.78
2026-07-27 14:44:26.774,-0.04,-0.3,0.75,-57.56,25.45,-32.78
2026-07-27 14:44:26.777,-0.04,-0.3,0.75,-57.56,25.45,-32.78
2026-07-27 14:44:26.777,-0.04,-0.3,0.75,-57.56,25.45,-32.78
2026-07-27 14:44:26.841,-0.06,-0.25,0.88,15.87,32.23,7.45
2026-07-27 14:44:26.842,-0.06,-0.25,0.88,-2.32,39.73,-13.92
2026-07-27 14:44:26.842,-0.03,-0.27,1.01,-2.32,39.73,-13.92
2026-07-27 14:44:26.888,-0.01,-0.32,1.19,-35.95,61.34,-46.26
2026-07-27 14:44:26.888,-0.01,-0.32,1.19,-35.95,61.34,-46.26
2026-07-27 14:44:26.888,0.0,-0.5,1.29,-70.86,74.22,-8.79
2026-07-27 14:44:26.953,0.0,-0.5,1.29,-70.86,74.22,-8.79
2026-07-27 14:44:26.953,0.01,-0.77,1.22,-114.75,33.51,54.32
2026-07-27 14:44:27.009,0.01,-0.77,1.22,-114.75,33.51,54.32
2026-07-27 14:44:27.010,-0.0,-0.91,1.05,-127.75,-34.73,70.25
2026-07-27 14:44:27.010,-0.03,-0.83,0.87,-102.78,-79.83,67.57
2026-07-27 14:44:27.072,-0.03,-0.83,0.87,-102.78,-79.83,67.57
2026-07-27 14:44:27.072,-0.06,-0.68,0.75,-48.4,-97.78,55.6
2026-07-27 14:44:27.073,-0.06,-0.68,0.75,-48.4,-97.78,55.6
2026-07-27 14:44:27.129,-0.06,-0.56,0.72,44.01,-79.22,13.92
2026-07-27 14:44:27.132,-0.06,-0.56,0.72,44.01,-79.22,13.92
2026-07-27 14:44:27.196,-0.04,-0.45,0.67,78.98,-28.26,-38.57
2026-07-27 14:44:27.196,-0.08,-0.38,0.58,29.11,21.55,-33.14
2026-07-27 14:44:27.196,-0.08,-0.38,0.58,29.11,21.55,-33.14
2026-07-27 14:44:27.251,-0.17,-0.35,0.53,-7.26,61.4,52.0
2026-07-27 14:44:27.252,-0.17,-0.35,0.53,-7.26,61.4,52.0
2026-07-27 14:44:27.310,-0.29,-0.33,0.52,6.16,103.27,146.97
2026-07-27 14:44:27.310,-0.29,-0.33,0.52,6.16,103.27,146.97
2026-07-27 14:44:27.311,-0.42,-0.27,0.53,38.45,137.57,190.06
2026-07-27 14:44:27.369,-0.42,-0.27,0.53,38.45,137.57,190.06
2026-07-27 14:44:27.369,-0.56,-0.21,0.56,45.23,149.23,182.68
2026-07-27 14:44:27.369,-0.67,-0.18,0.6,17.94,146.79,149.23
2026-07-27 14:44:27.428,-0.67,-0.18,0.6,17.94,146.79,149.23
2026-07-27 14:44:27.428,-0.79,-0.2,0.62,-12.63,145.32,116.09
2026-07-27 14:44:27.495,-0.79,-0.2,0.62,-12.63,145.32,116.09
2026-07-27 14:44:27.496,-0.9,-0.25,0.63,-29.3,150.82,94.73
2026-07-27 14:44:27.496,-0.9,-0.25,0.63,-29.3,150.82,94.73
2026-07-27 14:44:27.552,-0.99,-0.28,0.64,-29.36,159.48,70.98
2026-07-27 14:44:27.553,-1.08,-0.31,0.65,-18.74,163.64,38.21
2026-07-27 14:44:27.553,-1.08,-0.31,0.65,-18.74,163.64,38.21
2026-07-27 14:44:27.608,-1.15,-0.34,0.67,-10.19,155.15,6.71
2026-07-27 14:44:27.608,-1.15,-0.34,0.67,-10.19,155.15,6.71
2026-07-27 14:44:27.669,-1.22,-0.36,0.66,-12.94,128.97,-16.24
2026-07-27 14:44:27.669,-1.22,-0.36,0.66,-12.94,128.97,-16.24
2026-07-27 14:44:27.669,-1.26,-0.4,0.51,-40.41,114.32,-33.26
2026-07-27 14:44:27.738,-1.22,-0.44,0.2,-80.69,132.81,-57.13
2026-07-27 14:44:27.738,-1.22,-0.44,0.2,-80.69,132.81,-57.13
2026-07-27 14:44:27.790,-1.07,-0.46,-0.13,-94.6,152.16,-93.51
2026-07-27 14:44:27.790,-1.07,-0.46,-0.13,-94.6,152.16,-93.51
2026-07-27 14:44:27.790,-0.85,-0.47,-0.37,-64.7,137.15,-126.04
2026-07-27 14:44:27.847,-0.85,-0.47,-0.37,-64.7,137.15,-126.04
2026-07-27 14:44:27.865,-0.66,-0.44,-0.48,-11.66,87.04,-133.67
2026-07-27 14:44:27.908,-0.51,-0.38,-0.46,34.48,41.44,-113.71
2026-07-27 14:44:27.910,-0.51,-0.38,-0.46,34.48,41.44,-113.71
2026-07-27 14:44:27.910,-0.41,-0.34,-0.4,56.88,27.4,-74.52
2026-07-27 14:44:27.968,-0.41,-0.34,-0.4,56.88,27.4,-74.52
2026-07-27 14:44:27.968,-0.4,-0.31,-0.34,58.84,29.66,-28.93
2026-07-27 14:44:27.968,-0.4,-0.31,-0.34,58.84,29.66,-28.93
2026-07-27 14:44:28.028,-0.43,-0.31,-0.3,51.09,42.6,0.92
2026-07-27 14:44:28.028,-0.43,-0.31,-0.3,32.71,65.73,7.02
2026-07-27 14:44:28.029,-0.49,-0.37,-0.31,32.71,65.73,7.02
2026-07-27 14:44:28.088,-0.56,-0.45,-0.35,10.99,90.33,-0.12
2026-07-27 14:44:28.088,-0.56,-0.45,-0.35,10.99,90.33,-0.12
2026-07-27 14:44:28.156,-0.61,-0.53,-0.37,-2.01,103.09,-12.45
2026-07-27 14:44:28.157,-0.61,-0.53,-0.37,-2.01,103.09,-12.45
2026-07-27 14:44:28.157,-0.63,-0.61,-0.43,-3.54,96.01,-25.15
2026-07-27 14:44:28.210,-0.63,-0.61,-0.43,-3.54,96.01,-25.15
2026-07-27 14:44:28.211,-0.62,-0.7,-0.45,15.81,79.71,-36.8
2026-07-27 14:44:28.211,-0.62,-0.7,-0.45,51.03,55.91,-60.36
2026-07-27 14:44:28.272,-0.59,-0.84,-0.4,51.03,55.91,-60.36
2026-07-27 14:44:28.272,-0.54,-0.97,-0.29,96.07,27.89,-97.84
2026-07-27 14:44:28.329,-0.54,-0.97,-0.29,96.07,27.89,-97.84
2026-07-27 14:44:28.330,-0.52,-0.95,-0.15,118.35,-5.68,-116.27
2026-07-27 14:44:28.330,-0.52,-0.95,-0.15,118.35,-5.68,-116.27
2026-07-27 14:44:28.388,-0.48,-0.97,-0.13,61.1,-37.23,-135.07
2026-07-27 14:44:28.388,-0.48,-0.97,-0.13,61.1,-37.23,-135.07
2026-07-27 14:44:28.449,-0.26,-1.15,-0.24,-24.48,-41.69,-182.86
2026-07-27 14:44:28.450,-0.06,-1.16,-0.31,-33.39,-35.95,-157.53
2026-07-27 14:44:28.452,-0.06,-1.16,-0.31,-33.39,-35.95,-157.53
2026-07-27 14:44:28.509,-0.03,-0.97,-0.26,18.07,-39.55,-51.51
2026-07-27 14:44:28.510,-0.03,-0.97,-0.26,18.07,-39.55,-51.51
2026-07-27 14:44:28.510,-0.09,-0.82,-0.24,49.5,-48.83,26.18
2026-07-27 14:44:28.631,-0.19,-0.77,-0.28,28.14,-51.09,51.94
2026-07-27 14:44:28.631,-0.19,-0.77,-0.28,28.14,-51.09,51.94
2026-07-27 14:44:28.632,-0.28,-0.82,-0.32,-18.68,-30.52,47.61
2026-07-27 14:44:28.632,-0.28,-0.82,-0.32,-18.68,-30.52,47.61
2026-07-27 14:44:28.632,-0.27,-0.92,-0.33,-37.35,19.04,39.37
2026-07-27 14:44:28.699,-0.27,-0.92,-0.33,-37.35,19.04,39.37
2026-07-27 14:44:28.702,-0.23,-0.98,-0.28,-29.05,69.21,28.26
2026-07-27 14:44:28.702,-0.23,-0.98,-0.28,-29.05,69.21,28.26
2026-07-27 14:44:28.749,-0.23,-0.98,-0.28,-29.05,69.21,28.26
2026-07-27 14:44:28.749,-0.23,-0.98,-0.28,-29.05,69.21,28.26
2026-07-27 14:44:28.808,-0.34,-0.98,-0.22,5.07,-22.09,31.07
2026-07-27 14:44:28.809,-0.43,-0.99,-0.15,78.0,-83.98,78.25
2026-07-27 14:44:28.810,-0.43,-0.99,-0.15,78.0,-83.98,78.25
2026-07-27 14:44:28.868,-0.52,-0.96,0.02,159.06,-86.91,121.22
2026-07-27 14:44:28.869,-0.52,-0.96,0.02,159.06,-86.91,121.22
2026-07-27 14:44:28.869,-0.6,-0.84,0.13,197.81,-56.95,151.12
2026-07-27 14:44:28.930,-0.6,-0.84,0.13,197.81,-56.95,151.12
2026-07-27 14:44:28.931,-0.66,-0.64,0.18,215.33,-25.27,190.55
2026-07-27 14:44:28.989,-0.66,-0.64,0.18,215.33,-25.27,190.55
2026-07-27 14:44:28.989,-0.66,-0.64,0.18,215.33,-25.27,190.55
2026-07-27 14:44:28.990,-0.66,-0.64,0.18,215.33,-25.27,190.55
2026-07-27 14:44:29.048,-0.93,-0.31,0.31,117.37,61.4,286.56
2026-07-27 14:44:29.049,-1.0,-0.29,0.22,8.85,91.49,240.72
2026-07-27 14:44:29.049,-1.0,-0.29,0.22,8.85,91.49,240.72
2026-07-27 14:44:29.108,-1.0,-0.28,0.14,-19.04,96.5,198.49
2026-07-27 14:44:29.109,-1.0,-0.28,0.14,-19.04,96.5,198.49
2026-07-27 14:44:29.168,-0.94,-0.19,0.1,0.12,89.11,274.66
2026-07-27 14:44:29.171,-0.94,-0.19,0.1,0.12,89.11,274.66
2026-07-27 14:44:29.171,-0.88,0.15,0.03,15.26,100.95,501.46
2026-07-27 14:44:29.228,-0.63,0.45,-0.04,-72.63,80.75,864.32
2026-07-27 14:44:29.229,-0.63,0.45,-0.04,-72.63,80.75,864.32
2026-07-27 14:44:29.229,-0.16,0.25,-0.05,-226.38,-134.89,1383.5
2026-07-27 14:44:29.288,-0.16,0.25,-0.05,-226.38,-134.89,1383.5
2026-07-27 14:44:29.289,0.15,-0.14,-0.06,-192.75,-484.5,1881.8
2026-07-27 14:44:29.348,0.15,-0.14,-0.06,-192.75,-484.5,1881.8
2026-07-27 14:44:29.348,0.23,-0.28,-0.05,30.76,-632.57,1999.94
2026-07-27 14:44:29.348,0.2,-0.17,-0.03,239.38,-417.79,1999.94
2026-07-27 14:44:29.468,0.2,-0.17,-0.03,239.38,-417.79,1999.94
2026-07-27 14:44:29.468,0.14,-0.01,-0.0,304.81,12.82,1999.94
2026-07-27 14:44:29.469,0.14,-0.01,-0.0,304.81,12.82,1999.94
2026-07-27 14:44:29.470,-0.02,0.02,-0.04,206.42,417.42,1988.04
2026-07-27 14:44:29.470,-0.02,0.02,-0.04,37.6,546.63,1986.02
2026-07-27 14:44:29.545,-0.13,-0.11,-0.08,37.6,546.63,1986.02
2026-07-27 14:44:29.545,-0.03,-0.19,-0.06,-10.8,302.98,1995.24
2026-07-27 14:44:29.546,-0.03,-0.19,-0.06,-10.8,302.98,1995.24
2026-07-27 14:44:29.595,0.09,-0.12,-0.01,68.6,55.48,1999.94
2026-07-27 14:44:29.595,0.09,-0.12,-0.01,68.6,55.48,1999.94
2026-07-27 14:44:29.648,0.07,-0.02,0.02,80.69,116.82,1999.94
2026-07-27 14:44:29.648,-0.02,-0.01,0.02,-47.67,270.75,1999.94
2026-07-27 14:44:29.648,-0.02,-0.01,0.02,-47.67,270.75,1999.94
2026-07-27 14:44:29.709,-0.12,-0.33,-0.07,-207.76,240.05,1962.1
2026-07-27 14:44:29.709,-0.12,-0.33,-0.07,-207.76,240.05,1962.1
2026-07-27 14:44:29.768,-0.16,-0.58,-0.15,-170.72,124.08,1390.3
2026-07-27 14:44:29.769,-0.16,-0.58,-0.15,-170.72,124.08,1390.3
2026-07-27 14:44:29.769,-0.11,-0.36,-0.11,53.16,168.64,101.38
2026-07-27 14:44:29.840,0.14,0.02,0.06,190.61,279.97,-950.38
2026-07-27 14:44:29.840,0.14,0.02,0.06,190.61,279.97,-950.38
2026-07-27 14:44:29.889,0.44,0.08,0.23,-72.45,283.57,-1017.27
2026-07-27 14:44:29.889,0.44,0.08,0.23,-72.45,283.57,-1017.27
2026-07-27 14:44:29.893,0.53,-0.2,0.21,-682.31,201.35,-438.11
2026-07-27 14:44:29.951,0.46,-0.45,0.04,-1154.24,79.04,123.54
2026-07-27 14:44:29.951,0.46,-0.45,0.04,-1154.24,79.04,123.54
2026-07-27 14:44:30.013,0.22,-0.55,-0.36,-1305.97,-62.07,459.41
2026-07-27 14:44:30.013,0.22,-0.55,-0.36,-1305.97,-62.07,459.41
2026-07-27 14:44:30.014,0.0,-0.3,-0.67,-1233.64,-138.37,434.5
2026-07-27 14:44:30.068,0.0,-0.3,-0.67,-1233.64,-138.37,434.5
2026-07-27 14:44:30.069,-0.03,0.13,-0.8,-725.95,-98.63,176.45
2026-07-27 14:44:30.134,-0.02,0.35,-0.92,-85.75,-35.89,43.46
2026-07-27 14:44:30.135,-0.02,0.35,-0.92,-85.75,-35.89,43.46
2026-07-27 14:44:30.137,-0.01,0.31,-0.93,169.43,-14.95,17.21
2026-07-27 14:44:30.189,-0.01,0.31,-0.93,169.43,-14.95,17.21
2026-07-27 14:44:30.189,-0.01,0.16,-0.97,166.26,-8.61,12.82
2026-07-27 14:44:30.190,-0.01,0.16,-0.97,166.26,-8.61,12.82
2026-07-27 14:44:30.250,-0.01,0.03,-1.0,72.94,-4.09,6.35
2026-07-27 14:44:30.251,-0.0,-0.03,-1.01,0.31,-1.53,-0.31
2026-07-27 14:44:30.251,-0.0,-0.03,-1.01,0.31,-1.53,-0.31
2026-07-27 14:44:30.314,0.0,-0.02,-1.01,-20.45,0.0,-1.95
2026-07-27 14:44:30.314,0.0,-0.02,-1.01,-20.45,0.0,-1.95
2026-07-27 14:44:30.368,0.0,-0.01,-1.0,-11.9,0.24,-1.1
2026-07-27 14:44:30.368,0.0,-0.01,-1.0,-11.9,0.24,-1.1
2026-07-27 14:44:30.369,0.0,0.0,-1.0,-1.1,-0.12,-0.06
2026-07-27 14:44:30.430,0.0,0.0,-1.0,-1.1,-0.12,-0.06
2026-07-27 14:44:30.430,0.0,0.0,-1.0,2.75,-0.37,0.24
2026-07-27 14:44:30.430,0.0,0.0,-1.0,2.75,-0.37,0.24
2026-07-27 14:44:30.495,0.0,0.0,-1.0,1.95,-0.43,0.12
2026-07-27 14:44:30.496,0.0,0.0,-1.0,0.37,-0.37,0.0
2026-07-27 14:44:30.497,0.0,-0.0,-1.0,0.37,-0.37,0.0
2026-07-27 14:44:30.548,0.0,-0.0,-1.0,-0.31,-0.31,-0.06
2026-07-27 14:44:30.548,0.0,-0.0,-1.0,-0.31,-0.31,-0.06
2026-07-27 14:44:30.611,0.0,-0.0,-1.0,-0.24,-0.31,-0.06
2026-07-27 14:44:30.614,0.0,-0.0,-1.0,-0.24,-0.31,-0.06
2026-07-27 14:44:30.614,0.0,-0.0,-1.0,0.0,-0.31,0.0
2026-07-27 14:44:30.668,0.0,-0.0,-1.0,0.0,-0.31,0.0
2026-07-27 14:44:30.669,-0.0,-0.0,-1.0,0.12,-0.31,-0.06
2026-07-27 14:44:30.669,-0.0,-0.0,-1.0,0.12,-0.31,-0.06
2026-07-27 14:44:30.729,0.0,-0.0,-1.0,0.06,-0.31,-0.06
2026-07-27 14:44:30.729,0.0,-0.0,-1.0,0.06,-0.31,-0.06
2026-07-27 14:44:30.788,0.0,-0.0,-1.0,0.06,-0.31,-0.06
2026-07-27 14:44:30.789,0.0,-0.0,-1.0,0.0,-0.31,-0.06
2026-07-27 14:44:30.789,0.0,-0.0,-1.0,0.0,-0.31,-0.06
2026-07-27 14:44:30.854,0.0,-0.0,-1.0,0.06,-0.31,-0.06
2026-07-27 14:44:30.855,0.0,-0.0,-1.0,0.06,-0.31,-0.06
2026-07-27 14:44:30.855,0.0,-0.0,-1.0,0.06,-0.31,-0.06
2026-07-27 14:44:30.925,0.0,-0.0,-1.0,0.06,-0.31,-0.06
2026-07-27 14:44:30.925,0.0,-0.0,-1.0,0.06,-0.31,-0.06
2026-07-27 14:44:30.925,0.0,-0.0,-1.0,0.06,-0.31,-0.06
2026-07-27 14:44:30.993,0.0,-0.0,-1.0,0.06,-0.31,-0.06
2026-07-27 14:44:30.997,0.0,-0.0,-1.0,0.06,-0.31,-0.06
2026-07-27 14:44:31.029,0.0,0.0,-1.0,0.06,-0.31,-0.06
2026-07-27 14:44:31.029,-0.0,0.0,-1.0,0.06,-0.31,-0.06
2026-07-27 14:44:31.029,-0.0,0.0,-1.0,0.06,-0.31,-0.06
2026-07-27 14:44:31.088,0.0,-0.0,-1.0,0.06,-0.31,-0.06
2026-07-27 14:44:31.088,0.0,-0.0,-1.0,0.06,-0.31,-0.06
2026-07-27 14:44:31.089,0.0,-0.0,-1.0,0.0,-0.31,-0.06
2026-07-27 14:44:31.153,0.0,-0.0,-1.0,0.0,-0.31,-0.06
2026-07-27 14:44:31.154,0.0,-0.0,-1.0,0.06,-0.31,-0.06
2026-07-27 14:44:31.154,0.0,-0.0,-1.0,0.06,-0.31,-0.06
2026-07-27 14:44:31.208,0.0,0.0,-1.0,0.06,-0.31,-0.06
2026-07-27 14:44:31.209,0.0,0.0,-1.0,0.06,-0.31,-0.06
2026-07-27 14:44:31.271,0.0,-0.0,-1.0,0.06,-0.31,-0.06
2026-07-27 14:44:31.273,0.0,-0.0,-1.0,0.06,-0.31,-0.06
2026-07-27 14:44:31.273,0.0,-0.0,-1.0,0.06,-0.31,-0.06
2026-07-27 14:44:31.276,0.0,-0.0,-1.0,0.06,-0.31,-0.06
2026-07-27 14:44:31.333,0.0,-0.0,-1.0,0.06,-0.31,-0.06
2026-07-27 14:44:31.334,0.0,-0.0,-1.0,0.06,-0.31,-0.06
2026-07-27 14:44:31.388,0.0,-0.0,-1.0,0.06,-0.31,-0.06
2026-07-27 14:44:31.389,0.0,-0.0,-1.0,0.06,-0.31,-0.06
2026-07-27 14:44:31.389,0.0,0.0,-1.0,0.06,-0.31,-0.06
2026-07-27 14:44:31.448,0.0,0.0,-1.0,0.0,-0.31,-0.06
2026-07-27 14:44:31.449,0.0,0.0,-1.0,0.0,-0.31,-0.06
2026-07-27 14:44:31.449,0.0,0.0,-1.0,0.0,-0.31,0.0
2026-07-27 14:44:31.569,0.0,0.0,-1.0,0.0,-0.31,0.0
2026-07-27 14:44:31.569,0.0,0.0,-1.0,0.0,-0.31,0.0
2026-07-27 14:44:31.569,0.0,0.0,-1.0,0.0,-0.31,0.0
2026-07-27 14:44:31.569,0.0,-0.0,-1.0,0.06,-0.31,0.0
2026-07-27 14:44:31.569,0.0,-0.0,-1.0,0.06,-0.31,0.0
2026-07-27 14:44:31.628,-0.0,-0.0,-1.0,0.06,-0.31,-0.06
2026-07-27 14:44:31.629,-0.0,-0.0,-1.0,0.06,-0.31,-0.06
2026-07-27 14:44:31.630,0.0,-0.0,-1.0,0.06,-0.31,-0.06
2026-07-27 14:44:31.694,0.0,-0.0,-1.0,0.06,-0.31,-0.06
2026-07-27 14:44:31.694,0.0,-0.0,-1.0,0.06,-0.31,-0.06
2026-07-27 14:44:31.694,0.0,-0.0,-1.0,0.06,-0.31,-0.06
2026-07-27 14:44:31.749,0.0,-0.0,-1.0,0.06,-0.31,-0.06
2026-07-27 14:44:31.749,0.0,-0.0,-1.0,0.0,-0.31,-0.06
2026-07-27 14:44:31.750,0.0,-0.0,-1.0,0.0,-0.31,-0.06
2026-07-27 14:44:31.809,0.0,-0.0,-1.0,0.0,-0.31,-0.06
2026-07-27 14:44:31.809,0.0,-0.0,-1.0,0.0,-0.31,-0.06
2026-07-27 14:44:31.871,0.0,-0.0,-1.0,0.06,-0.31,-0.06
2026-07-27 14:44:31.871,0.0,-0.0,-1.0,0.06,-0.31,-0.06
2026-07-27 14:44:31.872,0.0,-0.0,-1.0,0.06,-0.31,-0.06
2026-07-27 14:44:31.928,0.0,-0.0,-1.0,0.06,-0.31,-0.06
2026-07-27 14:44:31.929,0.0,-0.0,-1.0,0.06,-0.24,0.0
2026-07-27 14:44:31.929,0.0,-0.0,-1.0,0.06,-0.24,0.0
2026-07-27 14:44:31.988,0.0,-0.0,-1.0,0.06,-0.24,0.0
2026-07-27 14:44:31.988,0.0,-0.0,-1.0,0.06,-0.24,0.0
2026-07-27 14:44:31.989,0.0,-0.0,-1.0,0.0,-0.31,-0.06
2026-07-27 14:44:32.056,0.0,-0.0,-1.0,0.0,-0.31,-0.06
2026-07-27 14:44:32.057,0.0,-0.0,-1.0,0.0,-0.31,-0.06
2026-07-27 14:44:32.057,0.0,-0.0,-1.0,0.0,-0.31,-0.06
2026-07-27 14:44:32.114,0.0,-0.0,-1.0,0.0,-0.31,-0.06
2026-07-27 14:44:32.122,0.0,-0.0,-1.0,0.0,-0.31,-0.06
2026-07-27 14:44:32.123,-0.0,-0.0,-1.0,0.06,-0.31,-0.06
2026-07-27 14:44:32.168,-0.0,-0.0,-1.0,0.06,-0.31,-0.06
2026-07-27 14:44:32.168,-0.0,0.0,-1.0,0.06,-0.31,-0.06
2026-07-27 14:44:32.169,-0.0,0.0,-1.0,0.06,-0.31,-0.06
2026-07-27 14:44:32.228,0.0,0.0,-1.0,0.06,-0.31,0.0
2026-07-27 14:44:32.230,0.0,0.0,-1.0,0.06,-0.31,0.0
2026-07-27 14:44:32.231,0.0,0.0,-1.0,0.06,-0.31,0.0
2026-07-27 14:44:32.292,0.0,-0.0,-1.0,0.06,-0.31,0.0
2026-07-27 14:44:32.293,0.0,-0.0,-1.0,0.06,-0.31,0.0
2026-07-27 14:44:32.348,0.0,-0.0,-1.0,0.06,-0.37,0.0
2026-07-27 14:44:32.348,0.0,-0.0,-1.0,0.06,-0.37,0.0
2026-07-27 14:44:32.349,0.0,-0.0,-1.0,0.06,-0.37,-0.06
2026-07-27 14:44:32.412,0.0,-0.0,-1.0,0.06,-0.37,-0.06
2026-07-27 14:44:32.412,0.0,-0.0,-1.0,0.06,-0.37,-0.06
2026-07-27 14:44:32.413,0.0,-0.0,-1.0,0.06,-0.37,-0.06
2026-07-27 14:44:32.468,0.0,-0.0,-1.0,0.06,-0.31,-0.06
2026-07-27 14:44:32.469,0.0,-0.0,-1.0,0.06,-0.31,-0.06
2026-07-27 14:44:32.469,0.0,-0.0,-1.0,0.06,-0.31,-0.06
2026-07-27 14:44:32.528,0.0,-0.0,-1.0,0.06,-0.31,-0.06
2026-07-27 14:44:32.528,0.0,-0.0,-1.0,0.06,-0.31,-0.06
2026-07-27 14:44:32.590,0.0,-0.0,-1.0,0.06,-0.31,0.0
2026-07-27 14:44:32.590,0.0,-0.0,-1.0,0.06,-0.31,0.0
2026-07-27 14:44:32.590,0.0,-0.0,-1.0,0.06,-0.31,0.0
2026-07-27 14:44:32.649,0.0,-0.0,-1.0,0.06,-0.31,0.0
2026-07-27 14:44:32.649,0.0,-0.0,-1.0,0.06,-0.31,0.0
2026-07-27 14:44:32.649,0.0,-0.0,-1.0,0.06,-0.31,0.0
2026-07-27 14:44:32.709,0.0,-0.0,-1.0,0.06,-0.31,0.0
2026-07-27 14:44:32.709,0.0,-0.0,-1.0,0.06,-0.31,-0.06
2026-07-27 14:44:32.709,0.0,-0.0,-1.0,0.06,-0.31,-0.06
2026-07-27 14:44:32.771,-0.0,-0.0,-1.0,0.06,-0.31,-0.06
2026-07-27 14:44:32.793,-0.0,-0.0,-1.0,0.06,-0.31,-0.06
2026-07-27 14:44:32.844,0.0,-0.0,-1.0,0.06,-0.31,-0.06
2026-07-27 14:44:32.845,0.0,-0.0,-1.0,0.06,-0.31,-0.06
2026-07-27 14:44:32.845,0.0,-0.0,-1.0,0.06,-0.31,0.0
2026-07-27 14:44:32.892,0.0,-0.0,-1.0,0.06,-0.31,0.0
2026-07-27 14:44:32.892,0.0,-0.0,-1.0,0.06,-0.31,0.0
2026-07-27 14:44:32.893,0.0,-0.0,-1.0,0.06,-0.31,0.0
2026-07-27 14:44:32.948,0.0,-0.0,-1.0,0.06,-0.31,-0.06
2026-07-27 14:44:32.949,0.0,-0.0,-1.0,0.06,-0.31,-0.06
2026-07-27 14:44:32.949,0.0,0.0,-1.0,0.06,-0.31,-0.06
2026-07-27 14:44:33.008,0.0,0.0,-1.0,0.06,-0.31,-0.06
2026-07-27 14:44:33.008,0.0,0.0,-1.0,0.06,-0.31,-0.06
2026-07-27 14:44:33.069,0.0,-0.0,-1.0,0.06,-0.31,-0.06
2026-07-27 14:44:33.070,0.0,-0.0,-1.0,0.06,-0.31,-0.06
2026-07-27 14:44:33.070,-0.0,-0.0,-1.0,0.06,-0.31,-0.06
2026-07-27 14:44:33.130,-0.0,-0.0,-1.0,0.06,-0.31,-0.06
2026-07-27 14:44:33.130,0.0,-0.0,-1.0,0.12,-0.31,-0.06
2026-07-27 14:44:33.130,0.0,-0.0,-1.0,0.12,-0.31,-0.06
2026-07-27 14:44:33.188,0.0,-0.0,-1.0,0.12,-0.31,-0.06
2026-07-27 14:44:33.188,0.0,-0.0,-1.0,0.12,-0.31,-0.06
2026-07-27 14:44:33.189,0.0,-0.0,-1.0,0.12,-0.31,-0.06
2026-07-27 14:44:33.248,0.0,-0.0,-1.0,0.12,-0.31,-0.06
2026-07-27 14:44:33.248,0.0,-0.0,-1.0,0.06,-0.31,-0.06
2026-07-27 14:44:33.314,0.0,-0.0,-1.0,0.06,-0.31,0.0
2026-07-27 14:44:33.314,0.0,-0.0,-1.0,0.06,-0.31,0.0
2026-07-27 14:44:33.314,0.0,-0.0,-1.0,0.06,-0.31,0.0
2026-07-27 14:44:33.374,0.0,-0.0,-1.0,0.06,-0.31,0.0
2026-07-27 14:44:33.380,0.0,-0.0,-1.0,0.0,-0.31,-0.06
2026-07-27 14:44:33.381,0.0,-0.0,-1.0,0.0,-0.31,-0.06
2026-07-27 14:44:33.463,0.0,-0.0,-1.0,0.0,-0.31,-0.06
2026-07-27 14:44:33.463,0.0,-0.0,-1.0,0.0,-0.31,-0.06
2026-07-27 14:44:33.463,0.0,-0.0,-1.0,0.0,-0.31,-0.06
2026-07-27 14:44:33.489,0.0,-0.0,-1.0,0.0,-0.31,-0.06
2026-07-27 14:44:33.489,0.0,-0.0,-1.0,0.0,-0.31,-0.06
2026-07-27 14:44:33.490,0.0,-0.0,-1.0,0.0,-0.31,-0.06
2026-07-27 14:44:33.548,0.0,-0.0,-1.0,0.06,-0.31,-0.06
2026-07-27 14:44:33.548,-0.1,0.15,-1.01,1.46,-0.43,6.96
2026-07-27 14:44:33.609,-0.1,0.15,-1.01,1.46,-0.43,6.96
2026-07-27 14:44:33.610,-0.18,0.28,-1.03,15.26,0.92,44.86
2026-07-27 14:44:33.610,-0.18,0.28,-1.03,15.26,0.92,44.86
2026-07-27 14:44:33.669,-0.34,0.31,-1.07,70.92,13.37,124.82
2026-07-27 14:44:33.669,-0.34,0.31,-1.07,70.92,13.37,124.82
2026-07-27 14:44:33.670,-0.46,0.16,-1.02,129.15,31.31,201.17
2026-07-27 14:44:33.729,-0.46,0.16,-1.02,129.15,31.31,201.17
2026-07-27 14:44:33.729,-0.23,-0.17,-1.0,47.91,30.82,174.99
2026-07-27 14:44:33.788,0.01,-0.2,-1.13,-73.55,23.99,88.44
2026-07-27 14:44:33.790,0.01,-0.2,-1.13,-73.55,23.99,88.44
2026-07-27 14:44:33.792,0.06,-0.03,-1.22,-81.42,22.22,45.41
2026-07-27 14:44:33.848,0.06,-0.03,-1.22,-81.42,22.22,45.41
2026-07-27 14:44:33.850,-0.07,0.09,-1.23,-50.96,-4.7,71.96
2026-07-27 14:44:33.850,-0.07,0.09,-1.23,-50.96,-4.7,71.96
2026-07-27 14:44:33.908,-0.18,0.05,-1.22,-36.93,-73.67,182.68
2026-07-27 14:44:33.909,-0.18,0.05,-1.22,-36.93,-73.67,182.68
2026-07-27 14:44:33.972,-0.11,-0.09,-1.27,-35.4,-164.73,306.03
2026-07-27 14:44:33.973,0.01,-0.17,-1.35,-23.86,-231.32,342.53
2026-07-27 14:44:33.973,0.01,-0.17,-1.35,-23.86,-231.32,342.53
2026-07-27 14:44:34.028,-0.08,-0.13,-1.34,29.11,-218.75,296.2
2026-07-27 14:44:34.028,-0.08,-0.13,-1.34,29.11,-218.75,296.2
2026-07-27 14:44:34.091,-0.35,-0.1,-1.17,112.85,-128.66,216.06
2026-07-27 14:44:34.091,-0.35,-0.1,-1.17,112.85,-128.66,216.06
2026-07-27 14:44:34.091,-0.65,-0.29,-1.05,162.9,-34.24,130.86
2026-07-27 14:44:34.148,-0.98,-0.61,-1.11,168.82,8.24,96.68
2026-07-27 14:44:34.149,-0.98,-0.61,-1.11,168.82,8.24,96.68
2026-07-27 14:44:34.209,-1.42,-0.71,-1.17,181.21,-9.89,94.91
2026-07-27 14:44:34.209,-1.42,-0.71,-1.17,181.21,-9.89,94.91
2026-07-27 14:44:34.210,-1.75,-0.39,-1.09,199.71,-56.34,26.98
2026-07-27 14:44:34.268,-1.75,-0.39,-1.09,199.71,-56.34,26.98
2026-07-27 14:44:34.269,-1.5,0.13,-0.89,199.34,-87.1,-74.89
2026-07-27 14:44:34.269,-0.88,0.31,-0.71,181.82,-100.1,-107.85
2026-07-27 14:44:34.329,-0.88,0.31,-0.71,181.82,-100.1,-107.85
2026-07-27 14:44:34.333,-0.41,0.06,-0.63,149.48,-107.79,-81.6
2026-07-27 14:44:34.390,-0.41,0.06,-0.63,149.48,-107.79,-81.6
2026-07-27 14:44:34.396,-0.21,-0.29,-0.64,117.0,-104.61,-39.49
2026-07-27 14:44:34.396,-0.21,-0.29,-0.64,117.0,-104.61,-39.49
2026-07-27 14:44:34.449,-0.26,-0.48,-0.57,112.67,-88.26,-0.98
2026-07-27 14:44:34.449,-0.43,-0.44,-0.39,145.51,-80.44,24.9
2026-07-27 14:44:34.449,-0.43,-0.44,-0.39,145.51,-80.44,24.9
2026-07-27 14:44:34.508,-0.48,-0.26,-0.16,184.39,-94.36,48.95
2026-07-27 14:44:34.509,-0.48,-0.26,-0.16,184.39,-94.36,48.95
2026-07-27 14:44:34.568,-0.42,-0.17,0.04,192.2,-104.68,53.1
2026-07-27 14:44:34.569,-0.42,-0.17,0.04,192.2,-104.68,53.1
2026-07-27 14:44:34.569,-0.32,-0.21,0.16,174.8,-97.05,21.91
2026-07-27 14:44:34.628,-0.21,-0.28,0.22,160.28,-75.07,-17.7
2026-07-27 14:44:34.628,-0.21,-0.28,0.22,160.28,-75.07,-17.7
2026-07-27 14:44:34.691,-0.19,-0.43,0.24,147.22,-36.87,-50.42
2026-07-27 14:44:34.691,-0.19,-0.43,0.24,147.22,-36.87,-50.42
2026-07-27 14:44:34.692,-0.24,-0.59,0.25,135.13,-14.47,-51.39
2026-07-27 14:44:34.749,-0.24,-0.62,0.27,137.27,-31.92,-11.6
2026-07-27 14:44:34.750,-0.24,-0.62,0.27,137.27,-31.92,-11.6
2026-07-27 14:44:34.818,-0.22,-0.47,0.33,138.85,-70.68,40.47
2026-07-27 14:44:34.819,-0.22,-0.47,0.33,138.85,-70.68,40.47
2026-07-27 14:44:34.819,-0.21,-0.33,0.37,95.83,-103.15,39.55
2026-07-27 14:44:34.868,-0.21,-0.33,0.37,95.83,-103.15,39.55
2026-07-27 14:44:34.869,-0.23,-0.38,0.42,37.05,-154.79,-113.71
2026-07-27 14:44:34.869,-0.23,-0.38,0.42,37.05,-154.79,-113.71
2026-07-27 14:44:34.929,-0.01,-0.63,0.7,38.09,-295.65,-394.53
2026-07-27 14:44:34.929,0.66,-0.6,0.95,114.07,-440.49,-550.66
2026-07-27 14:44:34.990,0.66,-0.6,0.95,114.07,-440.49,-550.66
2026-07-27 14:44:34.991,1.25,-0.18,0.91,147.46,-365.11,-368.9
2026-07-27 14:44:34.992,1.25,-0.18,0.91,147.46,-365.11,-368.9
2026-07-27 14:44:35.049,1.18,-0.08,0.74,83.86,-36.74,72.88
2026-07-27 14:44:35.049,1.18,-0.08,0.74,-16.42,340.09,499.76
2026-07-27 14:44:35.049,0.33,-0.46,0.64,-16.42,340.09,499.76
2026-07-27 14:44:35.110,-0.48,-0.61,0.5,-159.48,499.94,661.01
2026-07-27 14:44:35.111,-0.48,-0.61,0.5,-159.48,499.94,661.01
2026-07-27 14:44:35.169,-0.88,-0.39,0.53,-239.69,326.54,532.84
2026-07-27 14:44:35.169,-0.88,-0.39,0.53,-239.69,326.54,532.84
2026-07-27 14:44:35.177,-1.06,-0.52,0.8,-224.12,17.09,239.07
2026-07-27 14:44:35.244,-0.87,-0.83,0.74,-185.3,-130.74,9.22
2026-07-27 14:44:35.247,-0.87,-0.83,0.74,-185.3,-130.74,9.22
2026-07-27 14:44:35.288,-0.7,-0.79,0.35,-96.86,-64.82,15.87
2026-07-27 14:44:35.289,-0.7,-0.79,0.35,-96.86,-64.82,15.87
2026-07-27 14:44:35.289,-0.75,-0.5,0.23,19.04,-20.94,104.37
2026-07-27 14:44:35.348,-0.75,-0.5,0.23,19.04,-20.94,104.37
2026-07-27 14:44:35.349,-0.76,-0.34,0.53,97.29,-115.23,44.98
2026-07-27 14:44:35.412,-0.63,-0.36,0.75,128.17,-165.22,-81.3
2026-07-27 14:44:35.412,-0.63,-0.36,0.75,128.17,-165.22,-81.3
2026-07-27 14:44:35.412,-0.47,-0.29,0.78,178.41,-141.48,-145.75
2026-07-27 14:44:35.468,-0.47,-0.29,0.78,178.41,-141.48,-145.75
2026-07-27 14:44:35.469,-0.38,-0.2,0.78,231.38,-89.48,-173.77
2026-07-27 14:44:35.469,-0.38,-0.2,0.78,231.38,-89.48,-173.77
2026-07-27 14:44:35.538,-0.43,-0.24,0.72,161.44,54.81,-126.95
2026-07-27 14:44:35.538,-0.55,-0.28,0.62,51.57,196.66,-38.82
2026-07-27 14:44:35.588,-0.55,-0.28,0.62,51.57,196.66,-38.82
2026-07-27 14:44:35.588,-0.63,-0.23,0.6,36.07,231.02,-21.36
2026-07-27 14:44:35.589,-0.63,-0.23,0.6,36.07,231.02,-21.36
2026-07-27 14:44:35.648,-0.65,-0.13,0.69,18.74,176.64,-54.87
2026-07-27 14:44:35.648,-0.65,-0.13,0.69,18.74,176.64,-54.87
2026-07-27 14:44:35.709,-0.6,-0.12,0.7,-31.31,86.61,-57.43
2026-07-27 14:44:35.709,-0.52,-0.11,0.56,-12.51,31.56,-30.4
2026-07-27 14:44:35.709,-0.52,-0.11,0.56,-12.51,31.56,-30.4
2026-07-27 14:44:35.768,-0.61,-0.11,0.6,27.65,48.22,5.19
2026-07-27 14:44:35.768,-0.61,-0.11,0.6,27.65,48.22,5.19
2026-07-27 14:44:35.769,-0.91,-0.27,0.85,27.53,41.02,28.93
2026-07-27 14:44:35.830,-0.91,-0.27,0.85,27.53,41.02,28.93
2026-07-27 14:44:35.830,-0.95,-0.4,0.94,39.06,-91.8,16.66
2026-07-27 14:44:35.831,-0.95,-0.4,0.94,39.06,-91.8,16.66
2026-07-27 14:44:35.891,-0.59,-0.16,0.7,134.52,-259.77,16.36
2026-07-27 14:44:35.891,-0.03,0.19,0.7,266.05,-428.59,50.66
2026-07-27 14:44:35.948,-0.03,0.19,0.7,266.05,-428.59,50.66
2026-07-27 14:44:35.950,0.33,0.24,1.05,211.06,-486.08,57.5
2026-07-27 14:44:35.965,0.33,0.24,1.05,211.06,-486.08,57.5
2026-07-27 14:44:36.009,0.26,0.2,1.13,51.88,-280.88,23.8
2026-07-27 14:44:36.010,0.26,0.2,1.13,51.88,-280.88,23.8
2026-07-27 14:44:36.069,0.12,0.24,1.0,-2.2,-44.19,4.58
2026-07-27 14:44:36.069,0.07,0.32,0.91,-7.93,51.45,28.5
2026-07-27 14:44:36.071,0.07,0.32,0.91,-7.93,51.45,28.5
2026-07-27 14:44:36.130,0.07,0.3,0.95,-15.81,70.8,82.21
2026-07-27 14:44:36.130,0.07,0.3,0.95,-15.81,70.8,82.21
2026-07-27 14:44:36.189,0.11,0.19,1.02,-17.09,56.52,128.54
2026-07-27 14:44:36.190,0.11,0.19,1.02,-17.09,56.52,128.54
2026-07-27 14:44:36.190,0.13,0.08,1.02,-9.83,32.17,112.12
2026-07-27 14:44:36.255,0.13,0.08,1.02,-4.21,13.79,32.04
2026-07-27 14:44:36.257,0.11,0.01,0.96,-4.21,13.79,32.04
2026-07-27 14:44:36.258,0.07,-0.02,0.94,-8.06,4.15,-35.95
2026-07-27 14:44:36.310,0.07,-0.02,0.94,-8.06,4.15,-35.95
2026-07-27 14:44:36.311,0.02,0.02,0.98,-8.85,11.17,-48.1
2026-07-27 14:44:36.311,0.02,0.02,0.98,-8.85,11.17,-48.1
2026-07-27 14:44:36.369,0.0,0.08,1.03,-2.26,26.86,-40.16
2026-07-27 14:44:36.369,0.0,0.08,1.03,-2.26,26.86,-40.16
2026-07-27 14:44:36.428,0.03,0.11,1.04,-2.75,28.81,-37.9
2026-07-27 14:44:36.429,0.03,0.11,1.04,-12.45,18.62,-19.1
2026-07-27 14:44:36.429,0.05,0.13,1.04,-12.45,18.62,-19.1
2026-07-27 14:44:36.488,0.08,0.13,1.1,-27.77,-4.7,16.78
2026-07-27 14:44:36.489,0.08,0.13,1.1,-27.77,-4.7,16.78
2026-07-27 14:44:36.489,0.13,0.07,1.2,-40.41,-36.5,17.09
2026-07-27 14:44:36.611,0.13,0.07,1.2,-40.41,-36.5,17.09
2026-07-27 14:44:36.612,0.13,0.04,1.21,-34.06,-43.95,-35.22
2026-07-27 14:44:36.612,0.13,0.04,1.21,-34.06,-43.95,-35.22
2026-07-27 14:44:36.613,0.08,0.09,1.13,-7.02,-23.62,-88.38
2026-07-27 14:44:36.613,0.04,0.15,1.0,25.15,-6.77,-108.09
2026-07-27 14:44:36.670,0.04,0.15,1.0,25.15,-6.77,-108.09
2026-07-27 14:44:36.671,0.01,0.19,0.92,40.89,0.98,-91.25
2026-07-27 14:44:36.728,0.01,0.19,0.92,40.89,0.98,-91.25
2026-07-27 14:44:36.731,-0.03,0.14,0.85,37.11,6.41,-53.83
2026-07-27 14:44:36.731,-0.03,0.14,0.85,37.11,6.41,-53.83
2026-07-27 14:44:36.788,-0.05,0.06,0.76,29.3,8.36,-29.6
2026-07-27 14:44:36.788,-0.05,0.06,0.76,29.3,8.36,-29.6
2026-07-27 14:44:36.788,-0.05,0.06,0.76,29.3,8.36,-29.6
2026-07-27 14:44:36.850,-0.05,0.06,0.76,29.3,8.36,-29.6
2026-07-27 14:44:36.869,-0.02,0.12,0.85,-0.61,46.2,-37.54
2026-07-27 14:44:36.869,-0.02,0.12,0.85,4.52,47.91,-31.62
2026-07-27 14:44:36.909,-0.04,0.15,0.9,4.52,47.91,-31.62
2026-07-27 14:44:36.911,-0.06,0.17,0.93,15.81,33.2,-20.14
2026-07-27 14:44:36.911,-0.06,0.17,0.93,15.81,33.2,-20.14
2026-07-27 14:44:36.977,-0.07,0.18,0.98,13.73,22.89,-12.7
2026-07-27 14:44:36.978,-0.07,0.18,0.98,13.73,22.89,-12.7
2026-07-27 14:44:37.028,-0.08,0.2,0.99,9.03,12.51,-8.48
2026-07-27 14:44:37.028,-0.08,0.2,0.99,9.03,12.51,-8.48
2026-07-27 14:44:37.029,-0.07,0.22,0.96,7.63,-5.13,0.98
2026-07-27 14:44:37.087,-0.07,0.22,0.96,6.9,-17.58,13.31
2026-07-27 14:44:37.088,-0.06,0.24,0.94,6.9,-17.58,13.31
2026-07-27 14:44:37.150,-0.07,0.25,0.94,7.63,-8.18,14.34
2026-07-27 14:44:37.151,-0.07,0.25,0.94,7.63,-8.18,14.34
2026-07-27 14:44:37.151,-0.08,0.25,0.95,7.02,13.98,4.88
2026-07-27 14:44:37.210,-0.08,0.25,0.95,7.02,13.98,4.88
2026-07-27 14:44:37.212,-0.1,0.24,0.97,-3.6,27.22,-0.79
2026-07-27 14:44:37.214,-0.1,0.24,0.97,-3.6,27.22,-0.79
2026-07-27 14:44:37.272,-0.11,0.22,0.99,-12.21,24.54,2.81
2026-07-27 14:44:37.272,-0.11,0.22,0.99,-12.21,24.54,2.81
2026-07-27 14:44:37.273,-0.12,0.19,0.99,-0.92,10.62,9.4
2026-07-27 14:44:37.342,-0.13,0.18,0.97,14.77,0.37,11.6
2026-07-27 14:44:37.344,-0.13,0.18,0.97,14.77,0.37,11.6
2026-07-27 14:44:37.390,-0.13,0.2,0.97,13.73,4.7,11.11
2026-07-27 14:44:37.390,-0.13,0.2,0.97,13.73,4.7,11.11
2026-07-27 14:44:37.390,-0.14,0.2,0.99,2.75,13.92,12.82
2026-07-27 14:44:37.448,-0.14,0.2,0.99,2.75,13.92,12.82
2026-07-27 14:44:37.449,-0.15,0.21,1.0,-4.64,16.11,15.26
2026-07-27 14:44:37.449,-0.15,0.21,1.0,-4.64,16.11,15.26
2026-07-27 14:44:37.508,-0.16,0.22,1.02,-5.74,12.39,14.4
2026-07-27 14:44:37.508,-0.16,0.22,1.02,-3.23,5.86,9.83
2026-07-27 14:44:37.509,-0.16,0.22,1.04,-3.23,5.86,9.83
2026-07-27 14:44:37.569,-0.15,0.22,1.04,-1.22,-3.78,3.36
2026-07-27 14:44:37.569,-0.15,0.22,1.04,-1.22,-3.78,3.36
2026-07-27 14:44:37.635,-0.13,0.23,1.04,-7.75,-15.44,-0.67
2026-07-27 14:44:37.636,-0.13,0.23,1.04,-7.75,-15.44,-0.67
2026-07-27 14:44:37.636,-0.09,0.23,1.03,-20.94,-26.55,1.16
2026-07-27 14:44:37.689,-0.09,0.23,1.03,-20.94,-26.55,1.16
2026-07-27 14:44:37.708,-0.07,0.21,1.01,-27.53,-35.28,6.53
2026-07-27 14:44:37.709,-0.07,0.21,1.01,-27.53,-35.28,6.53
2026-07-27 14:44:37.749,-0.05,0.17,0.99,-24.41,-40.65,10.38
2026-07-27 14:44:37.749,-0.03,0.12,0.97,-21.24,-42.72,9.77
2026-07-27 14:44:37.808,-0.03,0.12,0.97,-21.24,-42.72,9.77
2026-07-27 14:44:37.809,-0.02,0.09,0.97,-25.39,-40.22,4.21
2026-07-27 14:44:37.809,-0.02,0.09,0.97,-25.39,-40.22,4.21
2026-07-27 14:44:37.874,-0.0,0.08,0.98,-31.07,-33.45,-5.07
2026-07-27 14:44:37.875,-0.0,0.08,0.98,-31.07,-33.45,-5.07
2026-07-27 14:44:37.875,0.02,0.07,0.98,-27.65,-28.87,-15.75
2026-07-27 14:44:37.929,0.02,0.07,0.98,-27.65,-28.87,-15.75
2026-07-27 14:44:37.929,0.04,0.07,0.95,-17.46,-26.49,-23.25
2026-07-27 14:44:37.992,0.05,0.09,0.92,-10.38,-20.69,-22.52
2026-07-27 14:44:37.992,0.05,0.09,0.92,-10.38,-20.69,-22.52
2026-07-27 14:44:37.993,0.06,0.1,0.9,-6.71,-11.78,-14.95
2026-07-27 14:44:38.048,0.06,0.1,0.9,-6.71,-11.78,-14.95
2026-07-27 14:44:38.049,0.06,0.1,0.91,-2.38,-1.59,-5.07
2026-07-27 14:44:38.049,0.06,0.1,0.91,-2.38,-1.59,-5.07
2026-07-27 14:44:38.126,0.06,0.09,0.94,2.14,8.61,2.87
2026-07-27 14:44:38.127,0.06,0.09,0.94,2.14,8.61,2.87
2026-07-27 14:44:38.170,0.06,0.07,0.98,4.58,15.69,6.47
2026-07-27 14:44:38.170,0.04,0.07,1.0,6.23,18.37,6.35
2026-07-27 14:44:38.170,0.04,0.07,1.0,6.23,18.37,6.35
2026-07-27 14:44:38.228,0.03,0.07,1.01,7.81,19.96,3.85
2026-07-27 14:44:38.230,0.03,0.07,1.01,7.81,19.96,3.85
2026-07-27 14:44:38.230,0.01,0.09,1.02,8.3,21.67,-0.67
2026-07-27 14:44:38.291,0.01,0.09,1.02,8.3,21.67,-0.67
2026-07-27 14:44:38.293,-0.01,0.11,1.01,8.85,21.36,-5.49
2026-07-27 14:44:38.294,-0.01,0.11,1.01,8.85,21.36,-5.49
2026-07-27 14:44:38.350,-0.02,0.12,0.99,10.68,19.78,-6.77
2026-07-27 14:44:38.351,-0.02,0.12,0.99,10.68,19.78,-6.77
2026-07-27 14:44:38.411,-0.03,0.13,0.98,11.78,18.55,-3.66
2026-07-27 14:44:38.412,-0.04,0.13,0.96,12.57,17.33,1.59
2026-07-27 14:44:38.413,-0.04,0.13,0.96,12.57,17.33,1.59
2026-07-27 14:44:38.469,-0.06,0.13,0.96,12.94,18.07,7.87
2026-07-27 14:44:38.469,-0.06,0.13,0.96,12.94,18.07,7.87
2026-07-27 14:44:38.589,-0.07,0.13,0.99,8.73,21.79,13.85
2026-07-27 14:44:38.590,-0.07,0.13,0.99,8.73,21.79,13.85
2026-07-27 14:44:38.591,-0.08,0.14,1.03,2.08,23.62,15.38
2026-07-27 14:44:38.591,-0.08,0.14,1.03,2.08,23.62,15.38
2026-07-27 14:44:38.591,-0.09,0.13,1.06,-1.65,18.19,12.94
2026-07-27 14:44:38.591,-0.1,0.12,1.06,-2.75,6.29,9.89
2026-07-27 14:44:38.649,-0.1,0.12,1.06,-2.75,6.29,9.89
2026-07-27 14:44:38.649,-0.1,0.11,1.04,-4.21,-8.61,8.67
2026-07-27 14:44:38.650,-0.1,0.11,1.04,-4.21,-8.61,8.67
2026-07-27 14:44:38.718,-0.09,0.11,1.02,-7.93,-23.99,10.5
2026-07-27 14:44:38.718,-0.09,0.11,1.02,-7.93,-23.99,10.5
2026-07-27 14:44:38.769,-0.06,0.1,1.02,-12.39,-33.87,10.38
2026-07-27 14:44:38.769,-0.04,0.09,1.04,-14.71,-34.61,3.6
2026-07-27 14:44:38.769,-0.04,0.09,1.04,-14.71,-34.61,3.6
2026-07-27 14:44:38.836,-0.0,0.06,1.08,-19.04,-35.95,-2.2
2026-07-27 14:44:38.836,-0.0,0.06,1.08,-19.04,-35.95,-2.2
2026-07-27 14:44:38.889,0.04,0.03,1.11,-28.5,-52.98,-1.71
2026-07-27 14:44:38.889,0.04,0.03,1.11,-28.5,-52.98,-1.71
2026-07-27 14:44:38.890,0.09,0.02,1.05,-31.01,-83.56,-1.04
2026-07-27 14:44:38.948,0.09,0.02,1.05,-31.01,-83.56,-1.04
2026-07-27 14:44:38.949,0.14,0.04,0.93,-21.48,-102.72,-7.75
2026-07-27 14:44:38.950,0.19,0.07,0.85,-11.66,-93.08,-19.04
2026-07-27 14:44:39.010,0.19,0.07,0.85,-11.66,-93.08,-19.04
2026-07-27 14:44:39.018,0.23,0.08,0.79,-4.94,-64.15,-24.23
2026-07-27 14:44:39.019,0.23,0.08,0.79,-4.94,-64.15,-24.23
2026-07-27 14:44:39.068,0.24,0.07,0.77,4.03,-32.59,-22.09
2026-07-27 14:44:39.068,0.24,0.07,0.77,4.03,-32.59,-22.09
2026-07-27 14:44:39.133,0.25,0.06,0.8,10.31,-6.16,-17.82
2026-07-27 14:44:39.133,0.25,0.06,0.8,10.31,-6.16,-17.82
2026-07-27 14:44:39.133,0.24,0.03,0.85,15.01,12.63,-16.85
2026-07-27 14:44:39.188,0.2,0.04,0.88,28.38,26.0,-25.21
2026-07-27 14:44:39.188,0.2,0.04,0.88,28.38,26.0,-25.21
2026-07-27 14:44:39.251,0.19,0.13,0.94,33.69,42.85,-35.52
2026-07-27 14:44:39.252,0.19,0.13,0.94,33.69,42.85,-35.52
2026-07-27 14:44:39.252,0.19,0.21,1.01,20.75,63.54,-37.17
2026-07-27 14:44:39.309,0.19,0.21,1.01,20.75,63.54,-37.17
2026-07-27 14:44:39.309,0.15,0.25,1.03,14.77,73.06,-29.72
2026-07-27 14:44:39.310,0.15,0.25,1.03,16.48,67.08,-14.53
2026-07-27 14:44:39.368,0.12,0.27,1.06,16.48,67.08,-14.53
2026-07-27 14:44:39.369,0.1,0.27,1.08,15.62,50.48,3.3
2026-07-27 14:44:39.432,0.1,0.27,1.08,15.62,50.48,3.3
2026-07-27 14:44:39.432,0.09,0.26,1.09,17.27,27.4,19.78
2026-07-27 14:44:39.432,0.09,0.26,1.09,17.27,27.4,19.78
2026-07-27 14:44:39.489,0.08,0.21,1.08,17.82,5.25,33.02
2026-07-27 14:44:39.490,0.08,0.21,1.08,17.82,5.25,33.02
2026-07-27 14:44:39.491,0.05,0.15,1.04,17.09,-11.23,35.22
2026-07-27 14:44:39.553,0.04,0.14,1.02,11.11,-17.7,24.23
2026-07-27 14:44:39.555,0.04,0.14,1.02,11.11,-17.7,24.23
2026-07-27 14:44:39.609,0.07,0.16,1.04,-1.46,-17.88,10.8
2026-07-27 14:44:39.609,0.07,0.16,1.04,-1.46,-17.88,10.8
2026-07-27 14:44:39.611,0.1,0.16,1.07,-13.73,-22.03,4.88
2026-07-27 14:44:39.672,0.1,0.16,1.07,-13.73,-22.03,4.88
2026-07-27 14:44:39.676,0.13,0.15,1.1,-25.51,-32.23,5.49
2026-07-27 14:44:39.676,0.13,0.15,1.1,-25.51,-32.23,5.49
2026-07-27 14:44:39.733,0.16,0.14,1.09,-35.28,-46.33,5.62
2026-07-27 14:44:39.734,0.16,0.14,1.09,-35.28,-46.33,5.62
2026-07-27 14:44:39.734,0.17,0.13,1.04,-37.78,-60.49,-1.34
2026-07-27 14:44:39.788,0.19,0.11,0.98,-34.06,-67.63,-13.61
2026-07-27 14:44:39.788,0.19,0.11,0.98,-34.06,-67.63,-13.61
2026-07-27 14:44:39.849,0.22,0.09,0.94,-31.86,-65.92,-20.94
2026-07-27 14:44:39.849,0.22,0.09,0.94,-31.86,-65.92,-20.94
2026-07-27 14:44:39.850,0.27,0.09,0.91,-30.09,-60.85,-24.41
2026-07-27 14:44:39.909,0.27,0.09,0.91,-30.09,-60.85,-24.41
2026-07-27 14:44:39.910,0.32,0.1,0.86,-24.23,-54.69,-28.75
2026-07-27 14:44:39.910,0.32,0.1,0.86,-17.33,-45.59,-30.15
2026-07-27 14:44:39.968,0.36,0.11,0.82,-17.33,-45.59,-30.15
2026-07-27 14:44:39.968,0.38,0.11,0.77,-10.31,-32.78,-26.67
2026-07-27 14:44:40.031,0.38,0.11,0.77,-10.31,-32.78,-26.67
2026-07-27 14:44:40.032,0.38,0.11,0.76,-2.32,-16.85,-17.15
2026-07-27 14:44:40.032,0.38,0.11,0.76,-2.32,-16.85,-17.15
2026-07-27 14:44:40.096,0.39,0.11,0.8,3.6,1.16,-4.15
2026-07-27 14:44:40.106,0.39,0.11,0.8,3.6,1.16,-4.15
2026-07-27 14:44:40.106,0.38,0.11,0.85,7.39,16.72,4.58
2026-07-27 14:44:40.149,0.38,0.11,0.85,16.6,29.24,9.64
2026-07-27 14:44:40.149,0.34,0.11,0.86,16.6,29.24,9.64
2026-07-27 14:44:40.211,0.29,0.12,0.89,24.29,47.97,16.11
2026-07-27 14:44:40.211,0.29,0.12,0.89,24.29,47.97,16.11
2026-07-27 14:44:40.212,0.26,0.14,0.97,20.57,74.65,18.62
2026-07-27 14:44:40.274,0.26,0.14,0.97,20.57,74.65,18.62
2026-07-27 14:44:40.274,0.2,0.15,1.01,18.43,100.65,15.99
2026-07-27 14:44:40.274,0.2,0.15,1.01,18.43,100.65,15.99
2026-07-27 14:44:40.328,0.11,0.15,1.01,24.11,128.17,10.74
2026-07-27 14:44:40.329,-0.0,0.18,1.0,34.3,162.23,-3.91
2026-07-27 14:44:40.401,-0.0,0.18,1.0,34.3,162.23,-3.91
2026-07-27 14:44:40.401,-0.14,0.23,0.99,48.58,190.67,-18.25
2026-07-27 14:44:40.401,-0.14,0.23,0.99,48.58,190.67,-18.25
2026-07-27 14:44:40.451,-0.27,0.26,0.95,59.94,198.3,-13.61
2026-07-27 14:44:40.451,-0.27,0.26,0.95,59.94,198.3,-13.61
2026-07-27 14:44:40.508,-0.39,0.27,0.88,64.39,185.36,4.33
2026-07-27 14:44:40.509,-0.49,0.28,0.79,60.91,159.97,18.43
2026-07-27 14:44:40.509,-0.49,0.28,0.79,60.91,159.97,18.43
2026-07-27 14:44:40.569,-0.55,0.31,0.73,49.13,132.57,23.5
2026-07-27 14:44:40.569,-0.55,0.31,0.73,49.13,132.57,23.5
2026-07-27 14:44:40.569,-0.61,0.34,0.77,33.51,105.47,14.04
2026-07-27 14:44:40.629,-0.61,0.34,0.77,13.85,67.93,-7.2
2026-07-27 14:44:40.630,-0.66,0.36,0.87,13.85,67.93,-7.2
2026-07-27 14:44:40.692,-0.69,0.36,0.92,-6.1,11.35,-21.73
2026-07-27 14:44:40.692,-0.69,0.36,0.92,-6.1,11.35,-21.73
2026-07-27 14:44:40.692,-0.66,0.32,0.91,-21.79,-57.74,-17.33
2026-07-27 14:44:40.749,-0.66,0.32,0.91,-21.79,-57.74,-17.33
2026-07-27 14:44:40.749,-0.58,0.29,0.89,-32.96,-120.24,-0.61
2026-07-27 14:44:40.749,-0.58,0.29,0.89,-32.96,-120.24,-0.61
2026-07-27 14:44:40.812,-0.5,0.3,0.89,-29.48,-160.4,6.16
2026-07-27 14:44:40.812,-0.4,0.35,0.91,7.14,-172.73,-4.09
2026-07-27 14:44:40.869,-0.4,0.35,0.91,7.14,-172.73,-4.09
2026-07-27 14:44:40.869,-0.28,0.41,0.95,52.0,-156.25,-10.01
2026-07-27 14:44:40.872,-0.28,0.41,0.95,52.0,-156.25,-10.01
2026-07-27 14:44:40.928,-0.16,0.43,0.94,53.16,-133.91,-3.3
2026-07-27 14:44:40.929,-0.16,0.43,0.94,53.16,-133.91,-3.3
2026-07-27 14:44:40.999,-0.06,0.41,0.89,11.84,-130.62,2.26
2026-07-27 14:44:40.999,-0.06,0.41,0.89,11.84,-130.62,2.26
2026-07-27 14:44:41.000,0.02,0.37,0.8,-28.69,-130.19,0.31
2026-07-27 14:44:41.048,0.09,0.32,0.71,-44.25,-110.96,-2.93
2026-07-27 14:44:41.049,0.09,0.32,0.71,-44.25,-110.96,-2.93
2026-07-27 14:44:41.049,0.16,0.28,0.69,-40.1,-80.02,0.73
2026-07-27 14:44:41.109,0.16,0.28,0.69,-40.1,-80.02,0.73
2026-07-27 14:44:41.109,0.21,0.25,0.71,-28.32,-51.39,8.61
2026-07-27 14:44:41.110,0.21,0.25,0.71,-28.32,-51.39,8.61
2026-07-27 14:44:41.174,0.23,0.26,0.74,-9.58,-24.72,12.63
2026-07-27 14:44:41.174,0.23,0.26,0.74,-9.58,-24.72,12.63
2026-07-27 14:44:41.240,0.21,0.29,0.82,9.83,1.89,8.79
2026-07-27 14:44:41.240,0.17,0.3,0.89,15.2,24.23,0.79
2026-07-27 14:44:41.240,0.17,0.3,0.89,15.2,24.23,0.79
2026-07-27 14:44:41.288,0.13,0.32,0.92,15.38,40.47,-4.03
2026-07-27 14:44:41.289,0.13,0.32,0.92,15.38,40.47,-4.03
2026-07-27 14:44:41.347,0.09,0.35,0.95,13.49,48.16,-7.26
2026-07-27 14:44:41.348,0.09,0.35,0.95,13.49,48.16,-7.26
2026-07-27 14:44:41.348,0.07,0.34,0.9,14.83,45.9,-6.47
2026-07-27 14:44:41.411,0.07,0.34,0.9,14.83,45.9,-6.47
2026-07-27 14:44:41.412,0.04,0.36,0.85,23.07,40.53,8.06
2026-07-27 14:44:41.414,0.01,0.41,0.87,14.22,37.6,23.44
2026-07-27 14:44:41.468,0.01,0.41,0.87,14.22,37.6,23.44
2026-07-27 14:44:41.469,-0.01,0.42,0.89,8.54,34.42,30.7
2026-07-27 14:44:41.530,-0.01,0.42,0.89,8.54,34.42,30.7
2026-07-27 14:44:41.530,-0.02,0.41,0.96,22.52,31.31,34.55
2026-07-27 14:44:41.531,-0.02,0.41,0.96,22.52,31.31,34.55
2026-07-27 14:44:41.588,-0.03,0.39,1.06,25.39,38.09,26.0
2026-07-27 14:44:41.589,-0.03,0.39,1.06,25.39,38.09,26.0
2026-07-27 14:44:41.589,-0.03,0.39,1.06,25.39,38.09,26.0
2026-07-27 14:44:41.654,-0.03,0.39,1.06,25.39,38.09,26.0
2026-07-27 14:44:41.654,-0.12,0.38,1.05,10.62,58.11,-25.45
2026-07-27 14:44:41.654,-0.12,0.38,1.05,-7.32,39.98,-41.5
2026-07-27 14:44:41.709,-0.16,0.38,1.03,-7.32,39.98,-41.5
2026-07-27 14:44:41.710,-0.16,0.36,1.05,-33.63,7.08,-47.12
2026-07-27 14:44:41.710,-0.16,0.36,1.05,-33.63,7.08,-47.12
2026-07-27 14:44:41.768,-0.12,0.33,1.08,-51.39,-32.04,-37.23
2026-07-27 14:44:41.768,-0.12,0.33,1.08,-51.39,-32.04,-37.23
2026-07-27 14:44:41.829,-0.07,0.31,1.06,-48.22,-69.15,-17.21
2026-07-27 14:44:41.830,-0.07,0.31,1.06,-48.22,-69.15,-17.21
2026-07-27 14:44:41.830,-0.01,0.31,1.01,-32.78,-102.29,-0.18
2026-07-27 14:44:41.890,0.07,0.35,0.96,-21.3,-135.74,12.02
2026-07-27 14:44:41.890,0.07,0.35,0.96,-21.3,-135.74,12.02
2026-07-27 14:44:41.949,0.2,0.38,0.9,-28.02,-182.13,32.96
2026-07-27 14:44:41.949,0.2,0.38,0.9,-28.02,-182.13,32.96
2026-07-27 14:44:41.950,0.4,0.3,0.75,-41.38,-296.02,74.95
2026-07-27 14:44:42.010,0.4,0.3,0.75,-41.38,-296.02,74.95
2026-07-27 14:44:42.010,0.64,0.14,0.48,-37.9,-474.67,132.63
2026-07-27 14:44:42.011,0.64,0.14,0.48,-37.9,-474.67,132.63
2026-07-27 14:44:42.070,0.83,-0.04,0.18,-10.13,-595.52,195.8
2026-07-27 14:44:42.070,0.92,-0.15,-0.02,50.23,-550.35,227.91
2026-07-27 14:44:42.135,0.92,-0.15,-0.02,50.23,-550.35,227.91
2026-07-27 14:44:42.135,0.88,-0.21,-0.13,121.95,-349.91,179.81
2026-07-27 14:44:42.136,0.88,-0.21,-0.13,121.95,-349.91,179.81
2026-07-27 14:44:42.189,0.8,-0.26,-0.16,168.15,-132.87,79.83
2026-07-27 14:44:42.251,0.8,-0.26,-0.16,173.83,-17.21,7.32
2026-07-27 14:44:42.251,0.77,-0.3,-0.14,173.83,-17.21,7.32
2026-07-27 14:44:42.251,0.84,-0.37,-0.09,159.91,15.32,-4.03
2026-07-27 14:44:42.251,0.84,-0.37,-0.09,159.91,15.32,-4.03
2026-07-27 14:44:42.309,0.95,-0.44,-0.03,173.83,24.35,14.83
2026-07-27 14:44:42.322,0.95,-0.44,-0.03,173.83,24.35,14.83
2026-07-27 14:44:42.322,1.02,-0.51,0.04,197.69,25.94,26.31
2026-07-27 14:44:42.369,1.02,-0.51,0.04,197.69,25.94,26.31
2026-07-27 14:44:42.370,1.02,-0.56,0.14,192.44,22.16,29.85
2026-07-27 14:44:42.428,0.96,-0.54,0.22,180.42,29.42,28.38
2026-07-27 14:44:42.428,0.96,-0.54,0.22,180.42,29.42,28.38
2026-07-27 14:44:42.430,0.94,-0.49,0.28,178.89,36.19,9.46
2026-07-27 14:44:42.492,0.94,-0.49,0.28,178.89,36.19,9.46
2026-07-27 14:44:42.492,1.02,-0.46,0.32,157.17,10.5,-13.12
2026-07-27 14:44:42.492,1.02,-0.46,0.32,157.17,10.5,-13.12
2026-07-27 14:44:42.548,1.09,-0.47,0.35,78.31,-29.24,-8.48
2026-07-27 14:44:42.549,1.09,-0.47,0.35,-11.23,-44.49,20.08
2026-07-27 14:44:42.613,1.12,-0.47,0.36,-11.23,-44.49,20.08
2026-07-27 14:44:42.613,1.15,-0.42,0.32,-38.39,-19.04,30.58
2026-07-27 14:44:42.614,1.15,-0.42,0.32,-38.39,-19.04,30.58
2026-07-27 14:44:42.668,1.12,-0.37,0.21,-42.36,31.01,-0.37
2026-07-27 14:44:42.681,1.12,-0.37,0.21,-42.36,31.01,-0.37
2026-07-27 14:44:42.728,0.94,-0.31,0.07,-62.93,35.77,-50.48
2026-07-27 14:44:42.729,0.76,-0.28,-0.02,-60.3,-60.12,-98.75
2026-07-27 14:44:42.729,0.76,-0.28,-0.02,-60.3,-60.12,-98.75
2026-07-27 14:44:42.792,0.7,-0.28,-0.0,-32.9,-171.2,-102.05
2026-07-27 14:44:42.801,0.7,-0.28,-0.0,-32.9,-171.2,-102.05
2026-07-27 14:44:42.801,0.73,-0.26,0.01,-20.69,-168.21,-42.91
2026-07-27 14:44:42.848,0.73,-0.26,0.01,-20.69,-168.21,-42.91
2026-07-27 14:44:42.848,0.76,-0.25,-0.04,-27.59,-87.22,4.76
2026-07-27 14:44:42.909,0.76,-0.25,-0.04,-23.25,-30.21,-8.54
2026-07-27 14:44:42.909,0.8,-0.25,-0.06,-23.25,-30.21,-8.54
2026-07-27 14:44:42.910,0.83,-0.22,-0.08,3.23,-2.01,-49.26
2026-07-27 14:44:42.969,0.83,-0.22,-0.08,3.23,-2.01,-49.26
2026-07-27 14:44:42.969,0.85,-0.17,-0.07,28.02,18.19,-73.67
2026-07-27 14:44:42.970,0.85,-0.17,-0.07,28.02,18.19,-73.67
2026-07-27 14:44:43.028,0.89,-0.11,-0.06,31.62,33.75,-75.13
2026-07-27 14:44:43.088,0.89,-0.11,-0.06,31.62,33.75,-75.13
2026-07-27 14:44:43.089,0.96,-0.05,-0.06,23.25,48.1,-66.04
2026-07-27 14:44:43.089,1.08,-0.01,-0.06,19.1,43.82,-58.96
2026-07-27 14:44:43.089,1.08,-0.01,-0.06,19.1,43.82,-58.96
2026-07-27 14:44:43.148,1.2,0.0,-0.06,18.68,19.23,-49.01
2026-07-27 14:44:43.148,1.2,0.0,-0.06,18.68,19.23,-49.01
2026-07-27 14:44:43.219,1.25,0.01,-0.06,15.5,-1.28,-29.6
2026-07-27 14:44:43.219,1.25,0.01,-0.06,15.5,-1.28,-29.6
2026-07-27 14:44:43.220,1.22,0.01,-0.07,10.25,-10.8,-8.85
2026-07-27 14:44:43.268,1.22,0.01,-0.07,10.25,-10.8,-8.85
2026-07-27 14:44:43.270,1.15,0.01,-0.06,8.67,-13.85,6.1
2026-07-27 14:44:43.271,1.13,0.0,-0.05,9.95,-14.47,17.58
2026-07-27 14:44:43.328,1.13,0.0,-0.05,9.95,-14.47,17.58
2026-07-27 14:44:43.328,1.16,-0.02,-0.06,5.62,-18.62,33.26
2026-07-27 14:44:43.329,1.16,-0.02,-0.06,5.62,-18.62,33.26
2026-07-27 14:44:43.390,1.15,-0.06,-0.08,-4.64,-27.34,52.49
2026-07-27 14:44:43.391,1.15,-0.06,-0.08,-4.64,-27.34,52.49
2026-07-27 14:44:43.448,1.08,-0.1,-0.11,-13.67,-37.84,69.82
2026-07-27 14:44:43.449,1.08,-0.1,-0.11,-13.67,-37.84,69.82
2026-07-27 14:44:43.449,0.99,-0.14,-0.15,-17.09,-43.4,80.51
2026-07-27 14:44:43.509,0.92,-0.2,-0.18,-15.01,-43.46,80.08
2026-07-27 14:44:43.510,0.92,-0.2,-0.18,-15.01,-43.46,80.08
2026-07-27 14:44:43.511,0.87,-0.24,-0.22,-9.58,-41.56,71.96
2026-07-27 14:44:43.568,0.87,-0.24,-0.22,-9.58,-41.56,71.96
2026-07-27 14:44:43.568,0.82,-0.26,-0.25,-5.07,-39.92,60.55
2026-07-27 14:44:43.647,0.82,-0.26,-0.25,-5.07,-39.92,60.55
2026-07-27 14:44:43.648,0.77,-0.29,-0.25,-7.45,-37.9,42.85
2026-07-27 14:44:43.650,0.77,-0.29,-0.25,-8.3,-28.5,18.07
2026-07-27 14:44:43.688,0.75,-0.3,-0.25,-8.3,-28.5,18.07
2026-07-27 14:44:43.688,0.78,-0.28,-0.25,-0.06,-12.15,-8.36
2026-07-27 14:44:43.689,0.78,-0.28,-0.25,-0.06,-12.15,-8.36
2026-07-27 14:44:43.748,0.83,-0.28,-0.22,6.16,0.43,-29.36
2026-07-27 14:44:43.748,0.83,-0.28,-0.22,6.16,0.43,-29.36
2026-07-27 14:44:43.810,0.88,-0.27,-0.19,4.46,11.29,-39.0
2026-07-27 14:44:43.810,0.88,-0.27,-0.19,4.46,11.29,-39.0
2026-07-27 14:44:43.811,0.94,-0.26,-0.2,-2.2,29.72,-34.24
2026-07-27 14:44:43.869,0.94,-0.26,-0.2,-2.2,29.72,-34.24
2026-07-27 14:44:43.869,0.94,-0.26,-0.2,-2.2,29.72,-34.24
2026-07-27 14:44:43.869,0.94,-0.26,-0.2,-2.2,29.72,-34.24
2026-07-27 14:44:43.937,1.01,-0.22,-0.23,-12.82,28.63,-21.67
2026-07-27 14:44:43.941,1.01,-0.22,-0.23,-19.23,13.79,-21.42
2026-07-27 14:44:43.941,0.99,-0.22,-0.23,-19.23,13.79,-21.42
2026-07-27 14:44:43.989,0.94,-0.19,-0.22,-16.91,7.51,-23.93
2026-07-27 14:44:43.989,0.94,-0.19,-0.22,-16.91,7.51,-23.93
2026-07-27 14:44:44.048,0.93,-0.15,-0.2,-6.04,9.89,-28.08
2026-07-27 14:44:44.048,0.93,-0.15,-0.2,-6.04,9.89,-28.08
2026-07-27 14:44:44.049,0.95,-0.14,-0.17,2.14,15.32,-30.46
2026-07-27 14:44:44.108,0.95,-0.14,-0.17,2.14,15.32,-30.46
2026-07-27 14:44:44.109,0.96,-0.12,-0.16,3.11,18.68,-26.0
2026-07-27 14:44:44.109,0.96,-0.12,-0.16,3.11,18.68,-26.0
2026-07-27 14:44:44.169,0.97,-0.11,-0.14,-0.37,19.29,-18.98
2026-07-27 14:44:44.230,1.02,-0.11,-0.13,-2.14,20.87,-13.92
2026-07-27 14:44:44.231,1.02,-0.11,-0.13,-2.14,20.87,-13.92
2026-07-27 14:44:44.231,1.05,-0.1,-0.14,4.21,24.29,-10.31
2026-07-27 14:44:44.231,1.05,-0.1,-0.14,4.21,24.29,-10.31
2026-07-27 14:44:44.291,1.05,-0.08,-0.13,13.61,19.84,-12.63
2026-07-27 14:44:44.292,1.05,-0.08,-0.13,13.61,19.84,-12.63
2026-07-27 14:44:44.301,1.04,-0.09,-0.11,18.01,5.92,-20.32
2026-07-27 14:44:44.349,1.04,-0.09,-0.11,18.01,5.92,-20.32
2026-07-27 14:44:44.349,1.06,-0.08,-0.11,20.2,-1.65,-21.67
2026-07-27 14:44:44.414,1.11,-0.07,-0.13,21.85,-0.18,-14.28
2026-07-27 14:44:44.414,1.11,-0.07,-0.13,21.85,-0.18,-14.28
2026-07-27 14:44:44.414,1.12,-0.08,-0.12,19.71,-2.01,-5.98
2026-07-27 14:44:44.468,1.12,-0.08,-0.12,19.71,-2.01,-5.98
2026-07-27 14:44:44.468,1.11,-0.09,-0.1,14.77,-6.53,2.32
2026-07-27 14:44:44.469,1.11,-0.09,-0.1,14.77,-6.53,2.32
2026-07-27 14:44:44.532,1.1,-0.1,-0.1,9.09,-6.35,13.06
2026-07-27 14:44:44.532,1.1,-0.1,-0.1,9.09,-6.35,13.06
2026-07-27 14:44:44.532,1.1,-0.11,-0.1,2.38,-5.62,26.12
2026-07-27 14:44:44.588,1.1,-0.11,-0.1,2.38,-5.62,26.12
2026-07-27 14:44:44.588,1.09,-0.12,-0.12,-3.6,-8.06,39.98
2026-07-27 14:44:44.656,1.06,-0.15,-0.14,-6.16,-11.29,48.71
2026-07-27 14:44:44.660,1.06,-0.15,-0.14,-6.16,-11.29,48.71
2026-07-27 14:44:44.660,1.03,-0.17,-0.17,-4.82,-14.83,50.9
2026-07-27 14:44:44.709,1.03,-0.17,-0.17,-4.82,-14.83,50.9
2026-07-27 14:44:44.710,0.96,-0.19,-0.17,-4.09,-21.48,49.68
2026-07-27 14:44:44.712,0.96,-0.19,-0.17,-4.09,-21.48,49.68
2026-07-27 14:44:44.768,0.85,-0.22,-0.15,-7.93,-29.3,42.3
2026-07-27 14:44:44.769,0.74,-0.23,-0.14,-12.45,-27.53,30.4
2026-07-27 14:44:44.831,0.74,-0.23,-0.14,-12.45,-27.53,30.4
2026-07-27 14:44:44.832,0.7,-0.24,-0.13,-11.72,-14.47,16.17
2026-07-27 14:44:44.832,0.7,-0.24,-0.13,-11.72,-14.47,16.17
2026-07-27 14:44:44.888,0.74,-0.24,-0.14,-5.92,8.18,1.71
2026-07-27 14:44:44.888,0.74,-0.24,-0.14,-5.92,8.18,1.71
2026-07-27 14:44:44.888,0.86,-0.25,-0.19,0.67,32.47,-11.29
2026-07-27 14:44:44.949,0.86,-0.25,-0.19,0.67,32.47,-11.29
2026-07-27 14:44:44.949,0.97,-0.26,-0.2,5.19,39.43,-22.89
2026-07-27 14:44:45.018,0.99,-0.25,-0.17,6.65,23.01,-29.11
2026-07-27 14:44:45.018,0.99,-0.25,-0.17,6.65,23.01,-29.11
2026-07-27 14:44:45.018,0.98,-0.2,-0.12,4.15,0.12,-30.15
2026-07-27 14:44:45.068,0.98,-0.2,-0.12,4.15,0.12,-30.15
2026-07-27 14:44:45.069,0.99,-0.16,-0.11,-1.16,-8.06,-32.71
2026-07-27 14:44:45.069,0.99,-0.16,-0.11,-1.16,-8.06,-32.71
2026-07-27 14:44:45.129,1.01,-0.13,-0.12,-4.64,-3.72,-37.23
2026-07-27 14:44:45.129,1.01,-0.13,-0.12,-4.64,-3.72,-37.23
2026-07-27 14:44:45.188,1.05,-0.12,-0.13,-4.88,1.46,-39.43
2026-07-27 14:44:45.188,1.11,-0.13,-0.16,-3.36,9.77,-36.19
2026-07-27 14:44:45.189,1.11,-0.13,-0.16,-3.36,9.77,-36.19
2026-07-27 14:44:45.248,1.18,-0.15,-0.19,-0.18,14.1,-23.56
2026-07-27 14:44:45.248,1.18,-0.15,-0.19,-0.18,14.1,-23.56
2026-07-27 14:44:45.249,1.2,-0.16,-0.2,1.04,4.27,-1.34
2026-07-27 14:44:45.308,1.2,-0.16,-0.2,1.04,4.27,-1.34
2026-07-27 14:44:45.309,1.17,-0.16,-0.18,-0.43,-9.34,24.48
2026-07-27 14:44:45.310,1.17,-0.16,-0.18,-0.43,-9.34,24.48
2026-07-27 14:44:45.375,1.09,-0.16,-0.15,-2.2,-17.4,43.58
2026-07-27 14:44:45.378,1.09,-0.16,-0.15,-2.2,-17.4,43.58
2026-07-27 14:44:45.429,1.02,-0.18,-0.13,-5.07,-19.47,51.82
2026-07-27 14:44:45.430,1.0,-0.21,-0.15,-7.02,-15.5,54.5
2026-07-27 14:44:45.430,1.0,-0.21,-0.15,-7.02,-15.5,54.5
2026-07-27 14:44:45.488,1.0,-0.25,-0.18,-7.69,-14.59,59.57
2026-07-27 14:44:45.489,1.0,-0.25,-0.18,-7.69,-14.59,59.57
2026-07-27 14:44:45.489,0.96,-0.26,-0.2,-12.02,-23.99,66.65
2026-07-27 14:44:45.555,0.96,-0.26,-0.2,-12.02,-23.99,66.65
2026-07-27 14:44:45.555,0.88,-0.29,-0.2,-18.01,-34.55,62.5
2026-07-27 14:44:45.609,0.88,-0.29,-0.2,-18.01,-34.55,62.5
2026-07-27 14:44:45.609,0.79,-0.32,-0.22,-18.43,-32.1,43.64
2026-07-27 14:44:45.609,0.72,-0.32,-0.25,-13.79,-19.78,23.62
2026-07-27 14:44:45.675,0.72,-0.32,-0.25,-13.79,-19.78,23.62
2026-07-27 14:44:45.675,0.68,-0.3,-0.26,-8.48,-8.79,7.75
2026-07-27 14:44:45.676,0.68,-0.3,-0.26,-8.48,-8.79,7.75
2026-07-27 14:44:45.729,0.7,-0.29,-0.25,-4.76,-1.77,-10.07
2026-07-27 14:44:45.729,0.7,-0.29,-0.25,-4.76,-1.77,-10.07
2026-07-27 14:44:45.793,0.77,-0.29,-0.23,-4.15,5.8,-30.94
2026-07-27 14:44:45.793,0.77,-0.29,-0.23,-2.2,16.3,-49.32
2026-07-27 14:44:45.793,0.84,-0.25,-0.25,-2.2,16.3,-49.32
2026-07-27 14:44:45.850,0.89,-0.18,-0.23,9.52,21.0,-70.07
2026-07-27 14:44:45.851,0.89,-0.18,-0.23,9.52,21.0,-70.07
2026-07-27 14:44:45.909,0.98,-0.17,-0.18,26.55,24.41,-96.13
2026-07-27 14:44:45.909,0.98,-0.17,-0.18,26.55,24.41,-96.13
2026-07-27 14:44:45.910,1.1,-0.17,-0.18,33.87,35.46,-102.42
2026-07-27 14:44:45.972,1.1,-0.17,-0.18,33.87,35.46,-102.42
2026-07-27 14:44:45.973,1.18,-0.15,-0.19,27.53,34.97,-78.67
2026-07-27 14:44:45.974,1.19,-0.14,-0.16,17.21,17.82,-43.58
2026-07-27 14:44:46.028,1.19,-0.14,-0.16,17.21,17.82,-43.58
2026-07-27 14:44:46.028,1.16,-0.1,-0.16,10.5,3.97,-10.01
2026-07-27 14:44:46.029,1.16,-0.1,-0.16,10.5,3.97,-10.01
2026-07-27 14:44:46.088,1.11,-0.08,-0.15,7.39,-2.08,13.0
2026-07-27 14:44:46.088,1.11,-0.08,-0.15,7.39,-2.08,13.0
2026-07-27 14:44:46.152,1.1,-0.11,-0.14,4.39,-3.11,23.93
2026-07-27 14:44:46.152,1.1,-0.11,-0.14,4.39,-3.11,23.93
2026-07-27 14:44:46.152,1.11,-0.15,-0.16,-0.06,0.73,35.16
2026-07-27 14:44:46.217,1.11,-0.15,-0.16,-0.06,0.73,35.16
2026-07-27 14:44:46.219,1.1,-0.18,-0.17,-4.7,-0.92,51.39
2026-07-27 14:44:46.219,1.07,-0.21,-0.18,-7.2,-8.91,64.64
2026-07-27 14:44:46.269,1.07,-0.21,-0.18,-7.2,-8.91,64.64
2026-07-27 14:44:46.270,1.02,-0.22,-0.21,-10.13,-12.27,68.24
2026-07-27 14:44:46.272,1.02,-0.22,-0.21,-10.13,-12.27,68.24
2026-07-27 14:44:46.330,0.95,-0.24,-0.24,-16.6,-15.99,59.51
2026-07-27 14:44:46.330,0.95,-0.24,-0.24,-16.6,-15.99,59.51
2026-07-27 14:44:46.389,0.87,-0.26,-0.23,-20.2,-29.48,45.96
2026-07-27 14:44:46.390,0.87,-0.26,-0.23,-20.2,-29.48,45.96
2026-07-27 14:44:46.391,0.8,-0.29,-0.19,-16.48,-42.24,37.9
2026-07-27 14:44:46.449,0.75,-0.33,-0.15,-16.54,-39.73,38.27
2026-07-27 14:44:46.450,0.75,-0.33,-0.15,-16.54,-39.73,38.27
2026-07-27 14:44:46.511,0.72,-0.35,-0.17,-30.7,-16.54,48.03
2026-07-27 14:44:46.511,0.72,-0.35,-0.17,-30.7,-16.54,48.03
2026-07-27 14:44:46.512,0.69,-0.33,-0.25,-43.21,18.19,49.87
2026-07-27 14:44:46.568,0.69,-0.33,-0.25,-43.21,18.19,49.87
2026-07-27 14:44:46.570,0.69,-0.32,-0.3,-34.36,37.48,20.2
2026-07-27 14:44:46.638,0.71,-0.3,-0.3,-8.48,34.73,-26.67
2026-07-27 14:44:46.639,0.71,-0.3,-0.3,-8.48,34.73,-26.67
2026-07-27 14:44:46.639,0.75,-0.24,-0.26,19.96,26.55,-64.21
2026-07-27 14:44:46.690,0.75,-0.24,-0.26,19.96,26.55,-64.21
2026-07-27 14:44:46.690,0.86,-0.21,-0.17,46.39,18.37,-90.21
2026-07-27 14:44:46.690,0.86,-0.21,-0.17,66.53,20.39,-101.68
2026-07-27 14:44:46.811,1.04,-0.2,-0.08,66.53,20.39,-101.68
2026-07-27 14:44:46.813,1.22,-0.21,-0.07,68.73,43.76,-90.39
2026-07-27 14:44:46.814,1.22,-0.21,-0.07,68.73,43.76,-90.39
2026-07-27 14:44:46.814,1.31,-0.23,-0.09,50.72,60.42,-60.85
2026-07-27 14:44:46.815,1.31,-0.23,-0.09,50.72,60.42,-60.85
2026-07-27 14:44:46.868,1.28,-0.21,-0.06,24.23,46.51,-24.48
2026-07-27 14:44:46.869,1.28,-0.21,-0.06,24.23,46.51,-24.48
2026-07-27 14:44:46.869,1.13,-0.14,-0.0,2.08,21.79,2.26
2026-07-27 14:44:46.929,0.95,-0.08,0.04,-9.09,12.76,8.61
2026-07-27 14:44:46.930,0.95,-0.08,0.04,-9.09,12.76,8.61
2026-07-27 14:44:46.988,0.82,-0.02,0.04,-9.77,24.41,-2.93
2026-07-27 14:44:46.988,0.82,-0.02,0.04,-9.77,24.41,-2.93
2026-07-27 14:44:46.989,0.77,0.01,-0.01,-5.25,37.05,-27.28
2026-07-27 14:44:47.051,0.77,0.01,-0.01,-5.25,37.05,-27.28
2026-07-27 14:44:47.051,0.84,-0.04,-0.07,1.16,23.44,-51.03
2026-07-27 14:44:47.051,0.84,-0.04,-0.07,1.16,23.44,-51.03
2026-07-27 14:44:47.109,1.07,-0.11,-0.11,4.94,-30.21,-44.62
2026-07-27 14:44:47.109,1.25,-0.13,-0.14,2.32,-84.41,-20.57
2026-07-27 14:44:47.168,1.25,-0.13,-0.14,2.32,-84.41,-20.57
2026-07-27 14:44:47.168,1.23,-0.09,-0.13,-0.85,-82.34,-16.24
2026-07-27 14:44:47.168,1.23,-0.09,-0.13,-0.85,-82.34,-16.24
2026-07-27 14:44:47.244,1.11,-0.02,-0.12,-0.18,-38.94,-25.39
2026-07-27 14:44:47.244,1.11,-0.02,-0.12,-0.18,-38.94,-25.39
2026-07-27 14:44:47.244,1.01,0.03,-0.13,2.75,-3.17,-28.87
2026-07-27 14:44:47.288,1.01,0.03,-0.13,2.75,-3.17,-28.87
2026-07-27 14:44:47.288,0.95,0.06,-0.14,5.55,10.31,-21.36
2026-07-27 14:44:47.349,0.95,0.05,-0.14,5.98,9.77,-7.69
2026-07-27 14:44:47.353,0.95,0.05,-0.14,5.98,9.77,-7.69
2026-07-27 14:44:47.353,0.99,0.03,-0.14,4.39,4.39,2.5
2026-07-27 14:44:47.409,0.99,0.03,-0.14,4.39,4.39,2.5
2026-07-27 14:44:47.410,1.02,0.02,-0.13,3.66,2.08,3.48
2026-07-27 14:44:47.410,1.02,0.02,-0.13,3.66,2.08,3.48
2026-07-27 14:44:47.468,1.03,0.02,-0.12,4.7,6.35,-2.14
2026-07-27 14:44:47.468,1.03,0.02,-0.12,4.7,6.35,-2.14
2026-07-27 14:44:47.470,1.02,0.03,-0.11,6.04,13.49,-8.0
2026-07-27 14:44:47.529,1.02,0.03,-0.11,6.04,13.49,-8.0
2026-07-27 14:44:47.529,1.0,0.05,-0.09,5.13,17.4,-9.77
2026-07-27 14:44:47.530,1.0,0.05,-0.09,5.13,17.4,-9.77
2026-07-27 14:44:47.590,1.0,0.05,-0.09,5.13,17.4,-9.77
2026-07-27 14:44:47.591,1.0,0.05,-0.09,5.13,17.4,-9.77
2026-07-27 14:44:47.649,1.0,0.05,-0.08,-0.98,10.5,-6.04
2026-07-27 14:44:47.649,1.0,0.05,-0.08,-0.98,10.5,-6.04
2026-07-27 14:44:47.649,1.01,0.05,-0.07,-0.85,5.55,-7.2
2026-07-27 14:44:47.711,1.02,0.06,-0.07,0.67,2.56,-9.4
2026-07-27 14:44:47.712,1.02,0.06,-0.07,0.67,2.56,-9.4
2026-07-27 14:44:47.712,1.01,0.07,-0.07,1.77,1.28,-10.56
2026-07-27 14:44:47.772,1.01,0.07,-0.07,1.77,1.28,-10.56
2026-07-27 14:44:47.794,1.0,0.08,-0.08,2.2,0.61,-9.7
2026-07-27 14:44:47.794,1.0,0.08,-0.08,2.2,0.61,-9.7
2026-07-27 14:44:47.831,1.0,0.09,-0.08,1.77,-0.18,-6.59
2026-07-27 14:44:47.846,1.0,0.09,-0.08,1.77,-0.18,-6.59
2026-07-27 14:44:47.890,1.01,0.08,-0.07,0.92,-0.73,-2.56
2026-07-27 14:44:47.891,1.01,0.08,-0.07,0.92,-0.73,-2.56
2026-07-27 14:44:47.891,1.01,0.08,-0.07,0.37,-0.79,0.67
2026-07-27 14:44:47.948,1.0,0.08,-0.07,0.06,-1.34,2.01
2026-07-27 14:44:47.949,1.0,0.08,-0.07,0.06,-1.34,2.01
2026-07-27 14:44:47.949,1.0,0.08,-0.08,0.06,-2.01,1.1
2026-07-27 14:44:48.012,1.0,0.08,-0.08,0.06,-2.01,1.1
2026-07-27 14:44:48.014,1.0,0.08,-0.08,0.12,-1.71,-0.92
2026-07-27 14:44:48.014,1.0,0.08,-0.08,0.12,-1.71,-0.92
2026-07-27 14:44:48.069,1.0,0.08,-0.08,0.37,-0.18,-2.44
2026-07-27 14:44:48.069,1.0,0.08,-0.08,0.37,-0.18,-2.44
2026-07-27 14:44:48.135,1.01,0.08,-0.08,0.85,1.28,-2.93
2026-07-27 14:44:48.135,1.01,0.08,-0.08,0.85,1.28,-2.93
2026-07-27 14:44:48.135,1.01,0.09,-0.07,1.28,1.71,-2.38
2026-07-27 14:44:48.188,1.01,0.09,-0.07,1.28,0.98,-1.1
2026-07-27 14:44:48.189,1.0,0.09,-0.07,1.28,0.98,-1.1
2026-07-27 14:44:48.190,1.0,0.09,-0.07,0.79,-0.67,-0.06
2026-07-27 14:44:48.248,1.0,0.09,-0.07,0.79,-0.67,-0.06
2026-07-27 14:44:48.248,1.0,0.08,-0.08,0.18,-2.69,0.31
2026-07-27 14:44:48.249,1.0,0.08,-0.08,0.18,-2.69,0.31
2026-07-27 14:44:48.317,1.0,0.08,-0.08,-0.18,-4.03,0.0
2026-07-27 14:44:48.318,1.0,0.08,-0.08,-0.18,-4.03,0.0
2026-07-27 14:44:48.379,1.0,0.09,-0.08,-0.18,-3.91,-1.1
2026-07-27 14:44:48.381,1.0,0.09,-0.08,-0.18,-3.91,-1.1
2026-07-27 14:44:48.382,1.0,0.09,-0.09,0.0,-2.69,-2.2
2026-07-27 14:44:48.430,1.0,0.09,-0.09,0.0,-2.69,-2.2
2026-07-27 14:44:48.430,1.0,0.09,-0.09,0.43,-0.79,-2.26
2026-07-27 14:44:48.431,1.0,0.09,-0.08,1.16,1.22,-1.34
2026-07-27 14:44:48.488,1.0,0.09,-0.08,1.16,1.22,-1.34
2026-07-27 14:44:48.488,1.0,0.09,-0.08,1.83,2.01,-0.24
2026-07-27 14:44:48.489,1.0,0.09,-0.08,1.83,2.01,-0.24
2026-07-27 14:44:48.548,1.0,0.09,-0.08,1.71,0.85,0.37
2026-07-27 14:44:48.549,1.0,0.09,-0.08,1.71,0.85,0.37
2026-07-27 14:44:48.610,1.0,0.09,-0.08,0.85,-0.61,0.55
2026-07-27 14:44:48.611,1.0,0.09,-0.08,0.85,-0.61,0.55
2026-07-27 14:44:48.611,1.0,0.09,-0.08,0.12,-0.55,0.37
2026-07-27 14:44:48.668,1.0,0.09,-0.08,0.12,-0.55,0.37
2026-07-27 14:44:48.670,1.0,0.09,-0.08,0.18,0.73,0.0
2026-07-27 14:44:48.734,1.0,0.09,-0.08,0.61,1.4,-0.06
2026-07-27 14:44:48.736,1.0,0.09,-0.08,0.61,1.4,-0.06
2026-07-27 14:44:48.736,1.0,0.09,-0.08,0.73,0.49,0.0
2026-07-27 14:44:48.790,1.0,0.09,-0.08,0.73,0.49,0.0
2026-07-27 14:44:48.790,1.0,0.09,-0.08,0.73,-0.92,-0.43
2026-07-27 14:44:48.790,1.0,0.09,-0.08,0.73,-0.92,-0.43
2026-07-27 14:44:48.862,1.0,0.09,-0.08,0.98,-0.98,-1.34
2026-07-27 14:44:48.863,1.0,0.09,-0.08,0.98,-0.98,-1.34
2026-07-27 14:44:48.863,1.01,0.09,-0.08,1.83,0.67,-1.53
2026-07-27 14:44:48.913,1.0,0.09,-0.08,3.91,3.23,-0.67
2026-07-27 14:44:48.913,1.0,0.09,-0.08,3.91,3.23,-0.67
2026-07-27 14:44:48.970,1.0,0.09,-0.07,6.53,5.74,-0.18
2026-07-27 14:44:48.970,1.0,0.09,-0.07,6.53,5.74,-0.18
2026-07-27 14:44:48.971,1.0,0.09,-0.06,7.57,6.41,-1.28
2026-07-27 14:44:49.041,1.0,0.09,-0.06,7.57,6.41,-1.28
2026-07-27 14:44:49.041,1.0,0.09,-0.06,6.29,4.52,-3.17
2026-07-27 14:44:49.045,1.0,0.09,-0.06,6.29,4.52,-3.17
2026-07-27 14:44:49.088,1.01,0.1,-0.06,3.72,1.46,-3.85
2026-07-27 14:44:49.090,1.01,0.1,-0.06,3.72,1.46,-3.85
2026-07-27 14:44:49.090,1.01,0.1,-0.06,1.4,-0.73,-2.62
2026-07-27 14:44:49.149,1.01,0.1,-0.06,0.24,-1.16,-0.73
2026-07-27 14:44:49.150,1.01,0.1,-0.07,0.24,-1.16,-0.73
2026-07-27 14:44:49.208,1.0,0.1,-0.07,0.06,-0.67,0.43
2026-07-27 14:44:49.210,1.0,0.1,-0.07,0.06,-0.67,0.43
2026-07-27 14:44:49.211,1.0,0.1,-0.07,0.12,-0.55,0.67
2026-07-27 14:44:49.272,1.0,0.1,-0.07,0.12,-0.55,0.67
2026-07-27 14:44:49.273,1.0,0.1,-0.07,0.06,-0.92,0.43
2026-07-27 14:44:49.274,1.0,0.1,-0.07,0.06,-0.92,0.43
2026-07-27 14:44:49.333,1.0,0.1,-0.07,0.12,-1.04,-0.12
2026-07-27 14:44:49.334,1.0,0.1,-0.07,0.12,-1.04,-0.12
2026-07-27 14:44:49.334,1.0,0.1,-0.07,0.31,-1.04,-1.28
2026-07-27 14:44:49.449,1.0,0.1,-0.07,0.31,-1.04,-1.28
2026-07-27 14:44:49.450,1.0,0.1,-0.07,0.67,-1.4,-3.05
2026-07-27 14:44:49.450,1.0,0.1,-0.07,1.04,-1.28,-4.21
2026-07-27 14:44:49.451,1.0,0.1,-0.07,1.04,-1.28,-4.21
2026-07-27 14:44:49.451,1.0,0.11,-0.07,1.16,-0.31,-3.97
2026-07-27 14:44:49.508,1.0,0.11,-0.07,1.16,-0.31,-3.97
2026-07-27 14:44:49.509,1.01,0.11,-0.07,1.22,0.73,-2.93
2026-07-27 14:44:49.509,1.01,0.11,-0.07,1.22,0.73,-2.93
2026-07-27 14:44:49.581,1.0,0.11,-0.06,1.04,0.98,-1.59
2026-07-27 14:44:49.581,1.0,0.11,-0.06,1.04,0.98,-1.59
2026-07-27 14:44:49.581,1.0,0.11,-0.07,0.55,0.0,-0.18
2026-07-27 14:44:49.630,1.0,0.11,-0.07,0.55,0.0,-0.18
2026-07-27 14:44:49.630,1.0,0.11,-0.07,0.0,-1.46,0.49
2026-07-27 14:44:49.630,1.0,0.11,-0.07,0.0,-1.46,0.49
2026-07-27 14:44:49.690,1.0,0.11,-0.07,-0.24,-2.08,0.18
2026-07-27 14:44:49.690,1.0,0.11,-0.07,-0.18,-1.53,-0.55
2026-07-27 14:44:49.750,1.0,0.11,-0.07,-0.18,-1.53,-0.55
2026-07-27 14:44:49.751,1.0,0.11,-0.07,0.0,-0.67,-1.28
2026-07-27 14:44:49.751,1.0,0.11,-0.07,0.0,-0.67,-1.28
2026-07-27 14:44:49.809,1.0,0.11,-0.07,0.06,-0.24,-1.28
2026-07-27 14:44:49.809,1.0,0.11,-0.07,0.06,-0.24,-1.28
2026-07-27 14:44:49.810,1.0,0.11,-0.07,-0.06,-0.67,-0.55
2026-07-27 14:44:49.873,1.0,0.11,-0.07,-0.06,-0.67,-0.55
2026-07-27 14:44:49.873,1.0,0.11,-0.07,-0.24,-1.65,0.06
2026-07-27 14:44:49.873,1.0,0.11,-0.07,-0.24,-1.65,0.06
2026-07-27 14:44:49.931,1.0,0.11,-0.07,-0.31,-2.26,0.06
2026-07-27 14:44:49.931,1.0,0.11,-0.07,-0.31,-2.26,0.06
2026-07-27 14:44:49.988,1.0,0.11,-0.07,-0.31,-2.14,-0.24
2026-07-27 14:44:49.989,1.0,0.11,-0.07,-0.12,-1.46,-0.43
2026-07-27 14:44:49.989,1.0,0.11,-0.07,-0.12,-1.46,-0.43
2026-07-27 14:44:50.048,1.0,0.11,-0.07,0.0,-0.79,-0.24
2026-07-27 14:44:50.049,1.0,0.11,-0.07,0.0,-0.79,-0.24
2026-07-27 14:44:50.049,1.0,0.11,-0.07,-0.06,-0.73,0.49
2026-07-27 14:44:50.116,1.0,0.11,-0.07,-0.06,-0.73,0.49
2026-07-27 14:44:50.116,1.0,0.11,-0.07,-0.24,-1.34,1.4
2026-07-27 14:44:50.116,1.0,0.11,-0.07,-0.24,-1.34,1.4
2026-07-27 14:44:50.168,1.0,0.11,-0.08,-0.49,-2.14,1.83
2026-07-27 14:44:50.169,1.0,0.11,-0.08,-0.49,-2.14,1.83
2026-07-27 14:44:50.229,1.0,0.1,-0.08,-0.61,-3.05,0.92
2026-07-27 14:44:50.230,1.0,0.1,-0.08,-0.61,-3.05,0.92
2026-07-27 14:44:50.230,1.0,0.11,-0.08,-0.67,-4.03,-1.16
2026-07-27 14:44:50.292,1.0,0.11,-0.08,-0.24,-4.03,-2.62
2026-07-27 14:44:50.293,1.0,0.11,-0.08,-0.24,-4.03,-2.62
2026-07-27 14:44:50.294,1.0,0.11,-0.09,0.49,-2.87,-2.14
2026-07-27 14:44:50.348,1.0,0.11,-0.09,0.49,-2.87,-2.14
2026-07-27 14:44:50.349,1.0,0.11,-0.08,0.55,-2.26,-0.98
2026-07-27 14:44:50.353,1.0,0.11,-0.08,0.55,-2.26,-0.98
2026-07-27 14:44:50.409,1.0,0.11,-0.09,-0.31,-3.72,-0.79
2026-07-27 14:44:50.410,1.0,0.11,-0.09,-0.31,-3.72,-0.79
2026-07-27 14:44:50.468,1.0,0.11,-0.1,-1.16,-5.98,-0.85
2026-07-27 14:44:50.469,1.0,0.11,-0.1,-1.16,-5.98,-0.85
2026-07-27 14:44:50.469,1.0,0.11,-0.1,-1.59,-6.71,-1.59
2026-07-27 14:44:50.530,1.0,0.11,-0.1,-1.53,-5.8,-3.6
2026-07-27 14:44:50.530,1.0,0.11,-0.1,-1.53,-5.8,-3.6
2026-07-27 14:44:50.530,1.0,0.12,-0.1,-1.1,-5.19,-5.62
2026-07-27 14:44:50.588,1.0,0.12,-0.1,-1.1,-5.19,-5.62
2026-07-27 14:44:50.588,1.0,0.12,-0.1,-0.67,-5.92,-7.57
2026-07-27 14:44:50.588,1.0,0.12,-0.1,-0.67,-5.92,-7.57
2026-07-27 14:44:50.648,1.0,0.14,-0.11,-0.24,-7.2,-9.83
2026-07-27 14:44:50.648,1.0,0.14,-0.11,-0.24,-7.2,-9.83
2026-07-27 14:44:50.708,0.99,0.15,-0.12,0.24,-7.93,-8.42
2026-07-27 14:44:50.709,0.99,0.14,-0.12,0.49,-6.9,-2.81
2026-07-27 14:44:50.710,0.99,0.14,-0.12,0.49,-6.9,-2.81
2026-07-27 14:44:50.778,0.99,0.14,-0.13,0.31,-4.58,0.61
2026-07-27 14:44:50.780,0.99,0.14,-0.13,0.31,-4.58,0.61
2026-07-27 14:44:50.830,0.99,0.14,-0.13,0.0,-3.17,-0.12
2026-07-27 14:44:50.830,0.99,0.14,-0.13,0.0,-3.17,-0.12
2026-07-27 14:44:50.830,0.99,0.14,-0.13,0.0,-2.69,-2.08
2026-07-27 14:44:50.888,0.99,0.14,-0.13,0.0,-2.69,-2.08
2026-07-27 14:44:50.888,0.99,0.14,-0.13,0.24,-1.77,-2.81
2026-07-27 14:44:50.888,0.99,0.14,-0.13,0.24,-1.77,-2.81
2026-07-27 14:44:50.948,0.99,0.15,-0.13,0.43,-0.98,-2.2
2026-07-27 14:44:50.949,0.99,0.15,-0.13,0.43,-0.98,-2.2
2026-07-27 14:44:50.949,0.99,0.15,-0.13,0.24,-1.04,-1.22
2026-07-27 14:44:51.008,0.99,0.15,-0.13,-0.06,-1.59,0.0
2026-07-27 14:44:51.009,0.99,0.15,-0.13,-0.06,-1.59,0.0
2026-07-27 14:44:51.068,0.99,0.15,-0.13,-0.24,-2.08,1.1
2026-07-27 14:44:51.068,0.99,0.15,-0.13,-0.24,-2.08,1.1
2026-07-27 14:44:51.068,0.99,0.14,-0.13,-0.18,-2.32,1.59
2026-07-27 14:44:51.128,0.99,0.14,-0.13,-0.18,-2.32,1.59
2026-07-27 14:44:51.130,0.99,0.14,-0.14,0.0,-2.75,1.4
2026-07-27 14:44:51.130,0.99,0.14,-0.14,0.0,-2.75,1.4
2026-07-27 14:44:51.189,0.99,0.14,-0.14,0.18,-2.69,1.34
2026-07-27 14:44:51.190,0.99,0.14,-0.14,0.18,-2.69,1.34
2026-07-27 14:44:51.190,0.99,0.14,-0.14,0.18,-1.46,2.08
2026-07-27 14:44:51.248,0.99,0.14,-0.14,0.18,-1.46,2.08
2026-07-27 14:44:51.248,0.99,0.14,-0.14,0.12,-0.12,3.11
2026-07-27 14:44:51.309,0.99,0.13,-0.14,0.06,-0.24,3.6
2026-07-27 14:44:51.309,0.99,0.13,-0.14,0.06,-0.24,3.6
2026-07-27 14:44:51.310,0.99,0.13,-0.14,0.0,-2.01,3.48
2026-07-27 14:44:51.368,0.99,0.13,-0.14,0.0,-2.01,3.48
2026-07-27 14:44:51.369,0.99,0.13,-0.14,-0.06,-3.72,2.75
2026-07-27 14:44:51.370,0.99,0.13,-0.14,-0.06,-3.72,2.75
2026-07-27 14:44:51.432,0.99,0.13,-0.15,-0.12,-3.78,1.16
2026-07-27 14:44:51.435,0.99,0.13,-0.15,-0.12,-3.78,1.16
2026-07-27 14:44:51.436,0.99,0.13,-0.15,-0.12,-2.14,-0.85
2026-07-27 14:44:51.490,0.99,0.13,-0.15,-0.12,-2.14,-0.85
2026-07-27 14:44:51.491,0.99,0.13,-0.14,-0.12,-0.43,-2.2
2026-07-27 14:44:51.491,0.99,0.13,-0.14,-0.06,-0.24,-2.26
2026-07-27 14:44:51.548,0.99,0.14,-0.14,-0.06,-0.24,-2.26
2026-07-27 14:44:51.548,0.99,0.14,-0.15,-0.06,-0.92,-1.34
2026-07-27 14:44:51.608,0.99,0.14,-0.15,-0.06,-0.92,-1.34
2026-07-27 14:44:51.612,0.99,0.14,-0.14,-0.12,-1.46,-0.18
2026-07-27 14:44:51.613,0.99,0.14,-0.14,-0.12,-1.46,-0.18
2026-07-27 14:44:51.670,0.99,0.13,-0.15,-0.18,-2.08,0.43
2026-07-27 14:44:51.671,0.99,0.13,-0.15,-0.18,-2.08,0.43
2026-07-27 14:44:51.671,0.99,0.13,-0.15,-0.24,-2.44,0.24
2026-07-27 14:44:51.728,0.99,0.13,-0.15,-0.24,-2.44,0.24
2026-07-27 14:44:51.729,0.99,0.13,-0.15,-0.12,-1.77,-0.24
2026-07-27 14:44:51.730,0.99,0.13,-0.15,-0.12,-1.77,-0.24
2026-07-27 14:44:51.791,0.99,0.14,-0.15,0.0,-0.55,-0.49
2026-07-27 14:44:51.792,0.99,0.14,-0.15,0.12,0.18,-0.12
2026-07-27 14:44:51.848,0.99,0.14,-0.15,0.12,0.18,-0.12
2026-07-27 14:44:51.866,0.99,0.13,-0.15,0.06,0.0,0.55
2026-07-27 14:44:51.866,0.99,0.13,-0.15,0.06,0.0,0.55
2026-07-27 14:44:51.911,0.99,0.13,-0.15,0.0,-0.92,0.79
2026-07-27 14:44:51.912,0.99,0.13,-0.15,0.0,-0.92,0.79
2026-07-27 14:44:51.912,0.99,0.13,-0.15,0.0,-1.4,0.18
2026-07-27 14:44:51.971,0.99,0.13,-0.15,0.0,-1.4,0.18
2026-07-27 14:44:51.971,0.99,0.13,-0.15,-0.06,-0.73,-0.55
2026-07-27 14:44:51.972,0.99,0.13,-0.15,-0.06,-0.73,-0.55
2026-07-27 14:44:52.036,0.99,0.13,-0.15,-0.06,0.12,-0.67
2026-07-27 14:44:52.039,0.99,0.13,-0.15,-0.12,-0.73,-0.55
2026-07-27 14:44:52.088,0.99,0.14,-0.15,-0.12,-0.73,-0.55
2026-07-27 14:44:52.088,0.99,0.14,-0.15,-0.06,-2.26,-0.67
2026-07-27 14:44:52.089,0.99,0.14,-0.15,-0.06,-2.26,-0.67
2026-07-27 14:44:52.155,0.99,0.14,-0.16,0.06,-2.08,-0.37
2026-07-27 14:44:52.155,0.99,0.14,-0.16,0.06,-2.08,-0.37
2026-07-27 14:44:52.155,0.99,0.13,-0.15,0.06,-0.37,0.18
2026-07-27 14:44:52.209,0.99,0.13,-0.15,0.06,-0.37,0.18
2026-07-27 14:44:52.209,0.99,0.13,-0.15,0.12,0.85,0.18
2026-07-27 14:44:52.210,0.99,0.13,-0.15,0.12,0.85,0.18
2026-07-27 14:44:52.267,0.99,0.14,-0.15,0.06,0.24,-0.12
2026-07-27 14:44:52.268,0.99,0.14,-0.15,0.06,0.24,-0.12
2026-07-27 14:44:52.336,0.99,0.14,-0.15,-0.06,-1.16,-0.43
2026-07-27 14:44:52.336,0.99,0.14,-0.15,-0.12,-1.65,-0.85
2026-07-27 14:44:52.336,0.99,0.14,-0.15,-0.12,-1.65,-0.85
2026-07-27 14:44:52.394,0.99,0.14,-0.15,-0.06,-1.1,-1.16
2026-07-27 14:44:52.395,0.99,0.14,-0.15,-0.06,-1.1,-1.16
2026-07-27 14:44:52.395,0.99,0.14,-0.15,0.0,-0.49,-1.16
2026-07-27 14:44:52.462,0.99,0.14,-0.15,0.0,-0.49,-1.16
2026-07-27 14:44:52.462,0.99,0.14,-0.15,0.12,-0.43,-1.04
2026-07-27 14:44:52.463,0.99,0.14,-0.15,0.12,-0.43,-1.04
2026-07-27 14:44:52.510,0.99,0.14,-0.15,0.18,-0.73,-0.79
2026-07-27 14:44:52.510,0.99,0.14,-0.15,0.18,-0.73,-0.79
2026-07-27 14:44:52.568,0.99,0.14,-0.15,0.12,-1.1,-0.37
2026-07-27 14:44:52.568,0.99,0.14,-0.15,0.12,-1.34,-0.12
2026-07-27 14:44:52.568,0.99,0.14,-0.15,0.12,-1.34,-0.12
2026-07-27 14:44:52.630,0.99,0.14,-0.15,0.18,-1.53,-0.43
2026-07-27 14:44:52.630,0.99,0.14,-0.15,0.18,-1.53,-0.43
2026-07-27 14:44:52.637,0.99,0.14,-0.16,0.31,-1.65,-1.1
2026-07-27 14:44:52.688,0.99,0.14,-0.16,0.31,-1.65,-1.1
2026-07-27 14:44:52.688,0.99,0.14,-0.16,0.37,-1.59,-1.53
2026-07-27 14:44:52.751,0.99,0.14,-0.16,0.37,-1.59,-1.53
2026-07-27 14:44:52.751,0.99,0.14,-0.16,0.37,-1.22,-1.4
2026-07-27 14:44:52.752,0.99,0.14,-0.16,0.24,-0.92,-0.79
2026-07-27 14:44:52.809,0.99,0.14,-0.16,0.24,-0.92,-0.79
2026-07-27 14:44:52.809,0.99,0.14,-0.16,0.12,-0.92,0.12
2026-07-27 14:44:52.809,0.99,0.14,-0.16,0.12,-0.92,0.12
2026-07-27 14:44:52.877,0.99,0.14,-0.16,0.06,-1.16,0.98
2026-07-27 14:44:52.878,0.99,0.14,-0.16,0.06,-1.16,0.98
2026-07-27 14:44:52.929,0.99,0.14,-0.16,0.12,-1.16,1.46
2026-07-27 14:44:52.930,0.99,0.14,-0.16,0.12,-1.16,1.46
2026-07-27 14:44:52.930,0.99,0.14,-0.16,0.12,-0.79,1.46
2026-07-27 14:44:53.002,0.99,0.14,-0.16,0.12,-0.79,1.46
2026-07-27 14:44:53.002,0.99,0.14,-0.16,0.06,-0.73,1.34
2026-07-27 14:44:53.002,0.99,0.14,-0.16,0.06,-0.73,1.34
2026-07-27 14:44:53.054,0.99,0.14,-0.16,0.0,-1.77,1.1
2026-07-27 14:44:53.057,0.99,0.14,-0.17,0.06,-2.38,0.61
2026-07-27 14:44:53.063,0.99,0.14,-0.17,0.06,-2.38,0.61
2026-07-27 14:44:53.109,0.99,0.14,-0.16,0.12,-1.1,0.43
2026-07-27 14:44:53.109,0.99,0.14,-0.16,0.12,-1.1,0.43
2026-07-27 14:44:53.168,0.99,0.14,-0.16,0.06,0.61,0.73
2026-07-27 14:44:53.168,0.99,0.14,-0.16,0.06,0.61,0.73
2026-07-27 14:44:53.169,0.99,0.14,-0.16,0.06,0.85,1.1
2026-07-27 14:44:53.228,0.99,0.14,-0.16,0.06,0.85,1.1
2026-07-27 14:44:53.233,0.99,0.13,-0.16,0.06,-0.06,1.4
2026-07-27 14:44:53.233,0.99,0.13,-0.16,0.06,-0.06,1.4
2026-07-27 14:44:53.288,0.99,0.13,-0.16,0.0,-0.92,1.4
2026-07-27 14:44:53.288,0.99,0.13,-0.16,0.0,-0.92,1.4
2026-07-27 14:44:53.289,0.99,0.13,-0.16,0.0,-1.1,0.79
2026-07-27 14:44:53.348,0.99,0.13,-0.16,0.0,-0.67,0.12
2026-07-27 14:44:53.349,0.99,0.13,-0.16,0.0,-0.67,0.12
2026-07-27 14:44:53.411,0.99,0.13,-0.16,0.0,-0.06,0.0
2026-07-27 14:44:53.411,0.99,0.13,-0.16,0.0,-0.06,0.0
2026-07-27 14:44:53.412,0.99,0.13,-0.16,0.0,-0.12,0.61
2026-07-27 14:44:53.412,0.99,0.13,-0.16,0.0,-0.12,0.61
2026-07-27 14:44:53.468,0.99,0.13,-0.16,0.0,-0.61,1.34
2026-07-27 14:44:53.469,0.99,0.13,-0.16,0.0,-0.61,1.34
2026-07-27 14:44:53.532,0.99,0.13,-0.16,0.0,-0.92,1.77
2026-07-27 14:44:53.532,0.99,0.13,-0.16,0.0,-0.92,1.77
2026-07-27 14:44:53.533,0.99,0.13,-0.16,0.06,-0.85,1.71
2026-07-27 14:44:53.588,0.99,0.13,-0.16,0.06,-0.85,1.71
2026-07-27 14:44:53.589,0.99,0.13,-0.16,0.06,-0.73,1.28
2026-07-27 14:44:53.651,0.99,0.13,-0.16,0.12,-0.61,0.73
2026-07-27 14:44:53.651,0.99,0.13,-0.16,0.12,-0.61,0.73
2026-07-27 14:44:53.651,0.99,0.13,-0.16,0.06,-0.49,0.18
2026-07-27 14:44:53.652,0.99,0.13,-0.16,0.06,-0.49,0.18
2026-07-27 14:44:53.709,0.99,0.13,-0.16,0.06,-0.24,0.18
2026-07-27 14:44:53.711,0.99,0.13,-0.16,0.06,-0.24,0.18
2026-07-27 14:44:53.769,0.99,0.13,-0.16,0.0,-0.24,1.04
2026-07-27 14:44:53.769,0.99,0.13,-0.16,0.0,-0.24,1.04
2026-07-27 14:44:53.770,0.99,0.12,-0.16,0.0,-0.85,1.83
2026-07-27 14:44:53.828,0.99,0.12,-0.16,0.0,-0.85,1.83
2026-07-27 14:44:53.830,0.99,0.12,-0.17,-0.06,-1.16,1.95
2026-07-27 14:44:53.830,0.99,0.12,-0.17,0.06,-0.43,1.77
2026-07-27 14:44:53.890,0.99,0.12,-0.16,0.06,-0.43,1.77
2026-07-27 14:44:53.890,0.99,0.12,-0.16,0.12,0.61,1.34
2026-07-27 14:44:53.947,0.99,0.12,-0.16,0.12,0.61,1.34
2026-07-27 14:44:53.948,0.99,0.12,-0.16,0.12,0.43,0.67
2026-07-27 14:44:53.967,0.99,0.12,-0.16,0.12,0.43,0.67
2026-07-27 14:44:54.009,0.99,0.12,-0.16,0.12,-0.67,0.0
2026-07-27 14:44:54.009,0.99,0.12,-0.16,0.12,-0.67,0.0
2026-07-27 14:44:54.009,0.99,0.12,-0.17,0.06,-1.34,0.06
2026-07-27 14:44:54.068,0.99,0.12,-0.17,0.06,-1.34,0.06
2026-07-27 14:44:54.069,0.99,0.12,-0.17,0.0,-0.49,0.85
2026-07-27 14:44:54.070,0.99,0.12,-0.17,0.0,-0.49,0.85
2026-07-27 14:44:54.136,0.99,0.12,-0.16,0.06,0.79,1.59
2026-07-27 14:44:54.137,0.99,0.12,-0.16,0.18,0.49,1.83
2026-07-27 14:44:54.188,0.99,0.12,-0.16,0.18,0.49,1.83
2026-07-27 14:44:54.189,0.99,0.12,-0.16,0.06,-1.04,1.53
2026-07-27 14:44:54.189,0.99,0.12,-0.16,0.06,-1.04,1.53
2026-07-27 14:44:54.254,0.99,0.12,-0.17,-0.06,-1.59,1.1
2026-07-27 14:44:54.254,0.99,0.12,-0.17,-0.06,-1.59,1.1
2026-07-27 14:44:54.254,0.99,0.12,-0.17,0.0,-0.06,1.22
2026-07-27 14:44:54.309,0.99,0.12,-0.17,0.0,-0.06,1.22
2026-07-27 14:44:54.312,1.0,0.12,-0.16,0.06,4.39,3.42
2026-07-27 14:44:54.312,1.0,0.12,-0.16,0.06,4.39,3.42
2026-07-27 14:44:54.368,0.99,0.11,-0.14,-0.31,8.91,8.18
2026-07-27 14:44:54.369,0.99,0.11,-0.14,-0.31,8.91,8.18
2026-07-27 14:44:54.370,0.99,0.1,-0.13,-1.59,5.07,12.39
2026-07-27 14:44:54.429,0.99,0.1,-0.13,-1.59,5.07,12.39
2026-07-27 14:44:54.429,0.99,0.08,-0.16,-2.93,-5.92,12.51
2026-07-27 14:44:54.488,1.0,0.07,-0.18,-3.23,-10.07,8.61
2026-07-27 14:44:54.488,1.0,0.07,-0.18,-3.23,-10.07,8.61
2026-07-27 14:44:54.489,1.02,0.09,-0.21,-10.86,-0.31,2.5
2026-07-27 14:44:54.550,1.02,0.09,-0.21,-10.86,-0.31,2.5
2026-07-27 14:44:54.550,1.06,0.11,-0.17,-70.19,18.92,10.19
2026-07-27 14:44:54.550,1.06,0.11,-0.17,-70.19,18.92,10.19
2026-07-27 14:44:54.608,1.11,0.05,-0.06,-172.42,26.61,43.82
2026-07-27 14:44:54.608,1.11,0.05,-0.06,-172.42,26.61,43.82
2026-07-27 14:44:54.668,1.17,-0.1,-0.06,-219.06,0.79,77.58
2026-07-27 14:44:54.668,1.22,-0.22,-0.17,-169.31,-60.3,102.66
2026-07-27 14:44:54.669,1.22,-0.22,-0.17,-169.31,-60.3,102.66
2026-07-27 14:44:54.728,1.18,-0.23,-0.28,-83.19,-113.71,133.12
2026-07-27 14:44:54.728,1.18,-0.23,-0.28,-83.19,-113.71,133.12
2026-07-27 14:44:54.794,1.05,-0.21,-0.32,-40.83,-109.86,148.5
2026-07-27 14:44:54.797,0.88,-0.2,-0.3,-49.01,-73.91,130.13
2026-07-27 14:44:54.797,0.88,-0.2,-0.3,-49.01,-73.91,130.13
2026-07-27 14:44:54.848,0.72,-0.22,-0.25,-57.25,-44.92,98.45
2026-07-27 14:44:54.848,0.72,-0.22,-0.25,-57.25,-44.92,98.45
2026-07-27 14:44:54.849,0.62,-0.2,-0.24,-44.56,-15.75,74.04
2026-07-27 14:44:54.911,0.62,-0.2,-0.24,-44.56,-15.75,74.04
2026-07-27 14:44:54.911,0.6,-0.16,-0.28,-31.68,21.36,41.14
2026-07-27 14:44:54.968,0.6,-0.16,-0.28,-31.68,21.36,41.14
2026-07-27 14:44:54.968,0.67,-0.14,-0.32,-43.21,66.59,-17.33
2026-07-27 14:44:54.969,0.8,-0.15,-0.3,-60.85,129.39,-79.35
2026-07-27 14:44:55.028,0.8,-0.15,-0.3,-60.85,129.39,-79.35
2026-07-27 14:44:55.029,0.93,-0.11,-0.21,-56.03,207.03,-118.23
2026-07-27 14:44:55.029,0.93,-0.11,-0.21,-56.03,207.03,-118.23
2026-07-27 14:44:55.095,0.98,-0.02,-0.02,-32.65,284.06,-147.03
2026-07-27 14:44:55.095,0.98,-0.02,-0.02,-32.65,284.06,-147.03
2026-07-27 14:44:55.148,0.97,0.08,0.26,-7.81,326.42,-171.39
2026-07-27 14:44:55.148,0.91,0.16,0.54,-3.3,331.91,-166.14
2026-07-27 14:44:55.149,0.91,0.16,0.54,-3.3,331.91,-166.14
2026-07-27 14:44:55.213,0.84,0.2,0.78,-16.78,325.26,-126.53
2026-07-27 14:44:55.213,0.84,0.2,0.78,-16.78,325.26,-126.53
2026-07-27 14:44:55.270,0.77,0.21,0.95,-25.33,272.71,-69.34
2026-07-27 14:44:55.270,0.77,0.21,0.95,-25.33,272.71,-69.34
2026-07-27 14:44:55.271,0.66,0.19,1.02,-17.15,164.12,-23.44
2026-07-27 14:44:55.343,0.57,0.16,1.0,-4.39,53.28,6.16
2026-07-27 14:44:55.344,0.57,0.16,1.0,-4.39,53.28,6.16
2026-07-27 14:44:55.388,0.58,0.17,0.98,-7.81,-16.11,32.84
2026-07-27 14:44:55.389,0.58,0.17,0.98,-7.81,-16.11,32.84
2026-07-27 14:44:55.389,0.62,0.17,0.98,-27.89,-35.83,46.81
2026-07-27 14:44:55.449,0.62,0.17,0.98,-27.89,-35.83,46.81
2026-07-27 14:44:55.450,0.61,0.12,0.95,-47.67,-33.81,40.59
2026-07-27 14:44:55.450,0.61,0.12,0.95,-64.15,-48.22,39.55
2026-07-27 14:44:55.511,0.6,0.03,0.92,-64.15,-48.22,39.55
2026-07-27 14:44:55.511,0.6,-0.04,0.84,-90.21,-78.43,62.19
2026-07-27 14:44:55.511,0.6,-0.04,0.84,-90.21,-78.43,62.19
2026-07-27 14:44:55.568,0.59,-0.08,0.7,-96.37,-99.55,62.87
2026-07-27 14:44:55.569,0.59,-0.08,0.7,-96.37,-99.55,62.87
2026-07-27 14:44:55.632,0.56,-0.1,0.57,-69.21,-77.64,32.17
2026-07-27 14:44:55.632,0.56,-0.1,0.57,-69.21,-77.64,32.17
2026-07-27 14:44:55.632,0.55,-0.12,0.5,-55.48,-14.04,11.05
2026-07-27 14:44:55.691,0.54,-0.17,0.51,-66.16,57.5,10.74
2026-07-27 14:44:55.691,0.54,-0.17,0.51,-66.16,57.5,10.74
2026-07-27 14:44:55.748,0.5,-0.18,0.56,-66.96,122.68,26.06
2026-07-27 14:44:55.749,0.5,-0.18,0.56,-66.96,122.68,26.06
2026-07-27 14:44:55.749,0.47,-0.19,0.67,-43.09,166.14,34.12
2026-07-27 14:44:55.809,0.47,-0.19,0.67,-43.09,166.14,34.12
2026-07-27 14:44:55.809,0.42,-0.19,0.83,-3.97,194.09,20.75
2026-07-27 14:44:55.812,0.32,-0.16,0.96,29.11,221.86,-1.59
2026-07-27 14:44:55.868,0.32,-0.16,0.96,29.11,221.86,-1.59
2026-07-27 14:44:55.869,0.16,-0.15,1.02,35.34,240.17,-14.65
2026-07-27 14:44:55.929,0.16,-0.15,1.02,35.34,240.17,-14.65
2026-07-27 14:44:55.951,-0.04,-0.17,1.01,25.51,234.5,-7.2
2026-07-27 14:44:55.951,-0.04,-0.17,1.01,25.51,234.5,-7.2
2026-07-27 14:44:55.992,-0.22,-0.21,0.97,17.15,205.75,19.29
2026-07-27 14:44:55.992,-0.22,-0.21,0.97,17.15,205.75,19.29
2026-07-27 14:44:55.992,-0.35,-0.23,0.95,14.28,167.97,45.23
2026-07-27 14:44:56.048,-0.45,-0.21,0.95,20.69,139.53,49.5
2026-07-27 14:44:56.048,-0.45,-0.21,0.95,20.69,139.53,49.5
2026-07-27 14:44:56.109,-0.53,-0.23,0.96,22.09,118.77,37.84
2026-07-27 14:44:56.110,-0.53,-0.23,0.96,22.09,118.77,37.84
2026-07-27 14:44:56.110,-0.6,-0.26,0.98,7.93,88.5,25.09
2026-07-27 14:44:56.168,-0.6,-0.26,0.98,7.93,88.5,25.09
2026-07-27 14:44:56.168,-0.62,-0.25,0.96,-4.33,38.94,13.98
2026-07-27 14:44:56.231,-0.57,-0.22,0.94,-9.03,-28.02,5.25
2026-07-27 14:44:56.232,-0.57,-0.22,0.94,-9.03,-28.02,5.25
2026-07-27 14:44:56.232,-0.47,-0.18,0.94,-15.01,-103.27,3.11
2026-07-27 14:44:56.288,-0.47,-0.18,0.94,-15.01,-103.27,3.11
2026-07-27 14:44:56.289,-0.33,-0.17,0.95,-14.16,-183.47,10.86
2026-07-27 14:44:56.289,-0.33,-0.17,0.95,-14.16,-183.47,10.86
2026-07-27 14:44:56.355,-0.16,-0.17,0.97,-8.54,-248.96,23.01
2026-07-27 14:44:56.355,-0.16,-0.17,0.97,-27.59,-275.63,33.81
2026-07-27 14:44:56.418,0.01,-0.19,0.98,-27.59,-275.63,33.81
2026-07-27 14:44:56.418,0.22,-0.24,0.94,-66.22,-287.9,40.41
2026-07-27 14:44:56.418,0.22,-0.24,0.94,-66.22,-287.9,40.41
2026-07-27 14:44:56.468,0.43,-0.26,0.83,-86.67,-323.18,36.87
2026-07-27 14:44:56.469,0.43,-0.26,0.83,-86.67,-323.18,36.87
2026-07-27 14:44:56.469,0.63,-0.24,0.66,-70.01,-364.26,0.92
2026-07-27 14:44:56.530,0.63,-0.24,0.66,-36.93,-359.44,-45.59
2026-07-27 14:44:56.531,0.76,-0.24,0.51,-36.93,-359.44,-45.59
2026-07-27 14:44:56.588,0.81,-0.24,0.38,-17.76,-274.72,-50.23
2026-07-27 14:44:56.589,0.81,-0.24,0.38,-17.76,-274.72,-50.23
2026-07-27 14:44:56.590,0.82,-0.22,0.28,-9.7,-163.21,-27.59
2026-07-27 14:44:56.651,0.82,-0.22,0.28,-9.7,-163.21,-27.59
2026-07-27 14:44:56.651,0.85,-0.22,0.24,-1.53,-87.59,-15.87
2026-07-27 14:44:56.653,0.85,-0.22,0.24,-1.53,-87.59,-15.87
2026-07-27 14:44:56.717,0.91,-0.23,0.23,7.39,-34.0,-11.47
2026-07-27 14:44:56.719,0.9,-0.19,0.25,17.82,9.77,-8.91
2026-07-27 14:44:56.773,0.9,-0.19,0.25,17.82,9.77,-8.91
2026-07-27 14:44:56.773,0.84,-0.12,0.29,30.76,40.77,-24.54
2026-07-27 14:44:56.774,0.84,-0.12,0.29,30.76,40.77,-24.54
2026-07-27 14:44:56.845,0.83,-0.1,0.35,46.94,59.88,-50.17
2026-07-27 14:44:56.845,0.89,-0.1,0.41,68.36,67.32,-53.16
2026-07-27 14:44:56.893,0.89,-0.1,0.41,68.36,67.32,-53.16
2026-07-27 14:44:56.894,0.98,-0.06,0.45,86.98,56.15,-36.38
2026-07-27 14:44:56.894,0.98,-0.06,0.45,86.98,56.15,-36.38
2026-07-27 14:44:56.949,1.06,-0.04,0.48,86.67,33.69,-33.02
2026-07-27 14:44:56.950,1.06,-0.04,0.48,86.67,33.69,-33.02
2026-07-27 14:44:57.014,1.09,-0.07,0.53,68.36,18.49,-38.51
2026-07-27 14:44:57.014,1.09,-0.07,0.53,43.46,9.52,-23.8
2026-07-27 14:44:57.014,1.09,-0.12,0.58,43.46,9.52,-23.8
2026-07-27 14:44:57.070,1.08,-0.13,0.57,12.88,-6.71,8.24
2026-07-27 14:44:57.070,1.08,-0.13,0.57,12.88,-6.71,8.24
2026-07-27 14:44:57.070,1.06,-0.1,0.52,-18.19,-35.89,34.73
2026-07-27 14:44:57.142,1.06,-0.1,0.52,-18.19,-35.89,34.73
2026-07-27 14:44:57.145,1.05,-0.09,0.44,-44.49,-73.12,44.01
2026-07-27 14:44:57.145,1.05,-0.09,0.44,-44.49,-73.12,44.01
2026-07-27 14:44:57.188,1.04,-0.13,0.35,-66.1,-107.12,39.25
2026-07-27 14:44:57.189,1.04,-0.13,0.35,-73.73,-122.31,47.24
2026-07-27 14:44:57.249,0.99,-0.17,0.29,-73.73,-122.31,47.24
2026-07-27 14:44:57.249,0.92,-0.13,0.19,-67.75,-108.15,77.45
2026-07-27 14:44:57.250,0.92,-0.13,0.19,-67.75,-108.15,77.45
2026-07-27 14:44:57.308,0.86,-0.12,0.09,-61.83,-80.57,84.17
2026-07-27 14:44:57.314,0.86,-0.12,0.09,-61.83,-80.57,84.17
2026-07-27 14:44:57.368,0.8,-0.16,0.02,-58.04,-61.4,48.1
2026-07-27 14:44:57.369,0.8,-0.16,0.02,-58.04,-61.4,48.1
2026-07-27 14:44:57.369,0.75,-0.17,-0.03,-47.61,-38.76,13.24
2026-07-27 14:44:57.428,0.72,-0.15,-0.07,-22.03,-5.37,4.94
2026-07-27 14:44:57.429,0.72,-0.15,-0.07,-22.03,-5.37,4.94
2026-07-27 14:44:57.429,0.74,-0.12,-0.05,18.43,21.48,-4.76
2026-07-27 14:44:57.488,0.74,-0.12,-0.05,18.43,21.48,-4.76
2026-07-27 14:44:57.488,0.81,-0.1,0.01,62.32,33.14,-39.67
2026-07-27 14:44:57.489,0.81,-0.1,0.01,62.32,33.14,-39.67
2026-07-27 14:44:57.548,0.87,-0.04,0.11,87.83,37.84,-89.36
2026-07-27 14:44:57.549,0.87,-0.04,0.11,87.83,37.84,-89.36
2026-07-27 14:44:57.609,0.89,0.05,0.21,82.7,53.53,-123.84
2026-07-27 14:44:57.610,0.89,0.12,0.27,81.67,78.55,-122.44
2026-07-27 14:44:57.612,0.89,0.12,0.27,81.67,78.55,-122.44
2026-07-27 14:44:57.674,1.06,0.06,0.34,107.79,75.99,-106.93
2026-07-27 14:44:57.676,1.06,0.06,0.34,107.79,75.99,-106.93
2026-07-27 14:44:57.729,1.45,-0.09,0.38,119.14,47.61,-73.0
2026-07-27 14:44:57.729,1.45,-0.09,0.38,119.14,47.61,-73.0
2026-07-27 14:44:57.729,1.46,-0.01,0.41,89.48,67.26,-41.75
2026-07-27 14:44:57.788,1.04,0.22,0.43,37.9,124.69,-34.97
2026-07-27 14:44:57.789,1.04,0.22,0.43,37.9,124.69,-34.97
2026-07-27 14:44:57.848,0.76,0.28,0.46,-9.22,157.53,-23.68
2026-07-27 14:44:57.849,0.76,0.28,0.46,-9.22,157.53,-23.68
2026-07-27 14:44:57.850,0.66,0.22,0.53,-22.58,174.44,-27.47
2026-07-27 14:44:57.909,0.66,0.22,0.53,-22.58,174.44,-27.47
2026-07-27 14:44:57.909,0.63,0.24,0.67,14.53,188.6,-56.21
2026-07-27 14:44:57.909,0.55,0.36,0.77,82.34,185.91,-79.47
2026-07-27 14:44:57.971,0.55,0.36,0.77,82.34,185.91,-79.47
2026-07-27 14:44:57.971,0.44,0.49,0.77,122.25,149.66,-79.77
2026-07-27 14:44:58.029,0.44,0.49,0.77,122.25,149.66,-79.77
2026-07-27 14:44:58.029,0.39,0.56,0.77,99.79,97.29,-71.84
2026-07-27 14:44:58.030,0.39,0.56,0.77,99.79,97.29,-71.84
2026-07-27 14:44:58.095,0.34,0.6,0.78,51.03,66.59,-71.84
2026-07-27 14:44:58.096,0.27,0.61,0.77,39.79,64.33,-62.5
2026-07-27 14:44:58.097,0.27,0.61,0.77,39.79,64.33,-62.5
2026-07-27 14:44:58.149,0.21,0.63,0.73,82.09,61.77,-37.41
2026-07-27 14:44:58.149,0.21,0.63,0.73,82.09,61.77,-37.41
2026-07-27 14:44:58.208,0.17,0.64,0.69,156.37,39.67,-17.52
2026-07-27 14:44:58.208,0.17,0.64,0.69,156.37,39.67,-17.52
2026-07-27 14:44:58.209,0.19,0.62,0.5,288.15,3.36,4.03
2026-07-27 14:44:58.269,0.19,0.62,0.5,288.15,3.36,4.03
2026-07-27 14:44:58.269,0.19,0.62,0.5,288.15,3.36,4.03
2026-07-27 14:44:58.269,0.19,0.62,0.5,288.15,3.36,4.03
2026-07-27 14:44:58.330,0.36,0.86,-0.71,646.67,-47.55,60.67
2026-07-27 14:44:58.330,0.36,0.86,-0.71,646.67,-47.55,60.67
2026-07-27 14:44:58.331,0.28,0.82,-0.84,425.72,-68.91,14.65
2026-07-27 14:44:58.388,0.21,0.77,-0.71,163.39,-47.49,-30.15
2026-07-27 14:44:58.389,0.21,0.77,-0.71,163.39,-47.49,-30.15
2026-07-27 14:44:58.448,0.2,0.65,-0.6,122.99,-12.02,-30.33
2026-07-27 14:44:58.448,0.2,0.65,-0.6,122.99,-12.02,-30.33
2026-07-27 14:44:58.448,0.2,0.36,-0.67,326.17,-4.7,-11.05
2026-07-27 14:44:58.511,0.2,0.36,-0.67,326.17,-4.7,-11.05
2026-07-27 14:44:58.512,0.16,-0.21,-0.9,643.62,-84.59,18.92
2026-07-27 14:44:58.568,-0.03,-0.74,-0.93,756.71,-193.05,72.75
2026-07-27 14:44:58.568,-0.03,-0.74,-0.93,756.71,-193.05,72.75
2026-07-27 14:44:58.569,-0.19,-0.95,-0.64,562.38,-154.3,92.35
2026-07-27 14:44:58.634,-0.19,-0.95,-0.64,562.38,-154.3,92.35
2026-07-27 14:44:58.636,-0.19,-0.98,-0.35,292.42,-27.77,55.3
2026-07-27 14:44:58.637,-0.19,-0.98,-0.35,292.42,-27.77,55.3
2026-07-27 14:44:58.688,-0.18,-0.95,-0.28,93.32,27.04,17.7
2026-07-27 14:44:58.689,-0.16,-0.9,-0.39,-29.66,14.16,-0.98
2026-07-27 14:44:58.748,-0.16,-0.9,-0.39,-29.66,14.16,-0.98
2026-07-27 14:44:58.748,-0.15,-0.86,-0.49,-68.54,-8.18,-5.43
2026-07-27 14:44:58.748,-0.15,-0.86,-0.49,-68.54,-8.18,-5.43
2026-07-27 14:44:58.809,-0.15,-0.85,-0.5,-39.92,-14.4,-3.91
2026-07-27 14:44:58.809,-0.15,-0.85,-0.5,-3.66,-11.54,-0.43
2026-07-27 14:44:58.868,-0.17,-0.86,-0.48,-3.66,-11.54,-0.43
2026-07-27 14:44:58.869,-0.19,-0.86,-0.47,7.93,-9.64,4.46
2026-07-27 14:44:58.869,-0.19,-0.86,-0.47,7.93,-9.64,4.46
2026-07-27 14:44:58.929,-0.2,-0.86,-0.47,3.85,-7.51,6.04
2026-07-27 14:44:58.929,-0.2,-0.86,-0.47,3.85,-7.51,6.04
2026-07-27 14:44:58.929,-0.2,-0.87,-0.46,-2.56,-3.05,2.44
2026-07-27 14:44:58.994,-0.2,-0.87,-0.46,-2.56,-3.05,2.44
2026-07-27 14:44:58.995,-0.19,-0.87,-0.46,-6.16,1.59,-1.59
2026-07-27 14:44:58.995,-0.19,-0.87,-0.46,-6.16,1.59,-1.59
2026-07-27 14:44:59.065,-0.17,-0.87,-0.46,-7.69,4.33,-2.26
2026-07-27 14:44:59.066,-0.17,-0.87,-0.46,-8.0,5.31,-1.22
2026-07-27 14:44:59.111,-0.16,-0.86,-0.47,-8.0,5.31,-1.22
2026-07-27 14:44:59.112,-0.15,-0.86,-0.48,-7.45,6.04,-1.95
2026-07-27 14:44:59.112,-0.15,-0.86,-0.48,-7.45,6.04,-1.95
2026-07-27 14:44:59.168,-0.14,-0.86,-0.48,-7.75,5.49,-4.7
2026-07-27 14:44:59.169,-0.14,-0.86,-0.48,-7.75,5.49,-4.7
2026-07-27 14:44:59.169,-0.14,-0.85,-0.49,-9.7,2.14,-5.37
2026-07-27 14:44:59.230,-0.14,-0.85,-0.49,-9.7,2.14,-5.37
2026-07-27 14:44:59.231,-0.14,-0.84,-0.49,-12.02,-1.89,-2.08
2026-07-27 14:44:59.233,-0.14,-0.84,-0.49,-12.02,-1.89,-2.08
2026-07-27 14:44:59.288,-0.15,-0.84,-0.5,-12.27,-3.78,2.26
2026-07-27 14:44:59.288,-0.15,-0.84,-0.5,-12.15,-3.66,4.15
2026-07-27 14:44:59.350,-0.16,-0.84,-0.51,-12.15,-3.66,4.15
2026-07-27 14:44:59.350,-0.17,-0.84,-0.52,-12.88,-1.95,2.32
2026-07-27 14:44:59.350,-0.17,-0.84,-0.52,-12.88,-1.95,2.32
2026-07-27 14:44:59.409,-0.17,-0.83,-0.52,-11.35,0.61,-1.1
2026-07-27 14:44:59.409,-0.17,-0.83,-0.52,-11.35,0.61,-1.1
2026-07-27 14:44:59.409,-0.17,-0.83,-0.53,-9.64,1.89,-2.69
2026-07-27 14:44:59.468,-0.17,-0.83,-0.53,-9.64,1.89,-2.69
2026-07-27 14:44:59.469,-0.17,-0.82,-0.54,-12.7,1.22,-2.14
2026-07-27 14:44:59.470,-0.17,-0.82,-0.54,-12.7,1.22,-2.14
2026-07-27 14:44:59.531,-0.16,-0.81,-0.55,-17.7,-0.06,-1.53
2026-07-27 14:44:59.531,-0.15,-0.8,-0.56,-19.17,-1.71,0.12
2026-07-27 14:44:59.588,-0.15,-0.8,-0.56,-19.17,-1.71,0.12
2026-07-27 14:44:59.588,-0.15,-0.8,-0.56,-17.94,-4.88,4.94
2026-07-27 14:44:59.589,-0.15,-0.8,-0.56,-17.94,-4.88,4.94
2026-07-27 14:44:59.651,-0.16,-0.8,-0.57,-20.39,-9.16,11.6
2026-07-27 14:44:59.651,-0.16,-0.8,-0.57,-20.39,-9.16,11.6
2026-07-27 14:44:59.710,-0.18,-0.79,-0.59,-37.96,-10.38,14.53
2026-07-27 14:44:59.711,-0.18,-0.79,-0.59,-37.96,-10.38,14.53
2026-07-27 14:44:59.711,-0.18,-0.73,-0.64,-86.79,-5.49,11.41
2026-07-27 14:44:59.767,-0.18,-0.62,-0.75,-151.86,3.72,8.24
2026-07-27 14:44:59.768,-0.18,-0.62,-0.75,-151.86,3.72,8.24
2026-07-27 14:44:59.828,-0.19,-0.52,-0.86,-159.06,10.01,9.16
2026-07-27 14:44:59.829,-0.19,-0.52,-0.86,-159.06,10.01,9.16
2026-07-27 14:44:59.829,-0.2,-0.5,-0.87,-85.08,9.83,10.07
2026-07-27 14:44:59.830,-0.2,-0.5,-0.87,-85.08,9.83,10.07
2026-07-27 14:44:59.888,-0.19,-0.52,-0.84,-18.07,8.91,7.57
2026-07-27 14:44:59.888,-0.19,-0.52,-0.84,-18.07,8.91,7.57
2026-07-27 14:44:59.950,-0.18,-0.51,-0.83,-15.62,11.05,4.58
2026-07-27 14:44:59.952,-0.17,-0.47,-0.86,-46.75,14.65,3.85
2026-07-27 14:44:59.952,-0.17,-0.47,-0.86,-46.75,14.65,3.85
2026-07-27 14:45:00.023,-0.16,-0.42,-0.89,-73.79,18.19,4.64
2026-07-27 14:45:00.024,-0.16,-0.42,-0.89,-73.79,18.19,4.64
2026-07-27 14:45:00.068,-0.15,-0.36,-0.91,-86.79,20.08,5.19
2026-07-27 14:45:00.068,-0.15,-0.36,-0.91,-86.79,20.08,5.19
2026-07-27 14:45:00.069,-0.15,-0.31,-0.93,-84.53,18.07,4.94
2026-07-27 14:45:00.129,-0.15,-0.31,-0.93,-84.53,18.07,4.94
2026-07-27 14:45:00.129,-0.14,-0.27,-0.95,-65.06,11.9,3.91
2026-07-27 14:45:00.129,-0.14,-0.25,-0.96,-34.91,4.39,2.44
2026-07-27 14:45:00.187,-0.14,-0.25,-0.96,-34.91,4.39,2.44
2026-07-27 14:45:00.188,-0.14,-0.24,-0.96,-11.6,-0.61,1.46
2026-07-27 14:45:00.188,-0.14,-0.24,-0.96,-11.6,-0.61,1.46
2026-07-27 14:45:00.431,-0.14,-0.24,-0.96,-6.65,-1.34,1.22
2026-07-27 14:45:00.432,-0.14,-0.24,-0.96,-6.65,-1.34,1.22
2026-07-27 14:45:00.432,-0.13,-0.22,-0.97,-14.53,1.1,1.34
2026-07-27 14:45:00.432,-0.13,-0.22,-0.97,-14.53,1.1,1.34
2026-07-27 14:45:00.433,-0.13,-0.2,-0.97,-25.21,4.64,1.4
2026-07-27 14:45:00.433,-0.13,-0.2,-0.97,-25.21,4.64,1.4
2026-07-27 14:45:00.433,-0.12,-0.18,-0.98,-33.45,7.87,1.4
2026-07-27 14:45:00.433,-0.11,-0.16,-0.98,-35.1,9.16,1.28
2026-07-27 14:45:00.433,-0.11,-0.16,-0.98,-35.1,9.16,1.28
2026-07-27 14:45:00.433,-0.11,-0.14,-0.98,-29.54,8.12,1.04
2026-07-27 14:45:00.434,-0.11,-0.14,-0.98,-29.54,8.12,1.04
2026-07-27 14:45:00.488,-0.11,-0.12,-0.99,-21.3,5.8,0.67
2026-07-27 14:45:00.488,-0.11,-0.12,-0.99,-21.3,5.8,0.67
2026-07-27 14:45:00.552,-0.11,-0.11,-0.99,-15.08,3.78,0.31
2026-07-27 14:45:00.559,-0.11,-0.11,-0.99,-15.08,3.78,0.31
2026-07-27 14:45:00.561,-0.11,-0.11,-0.99,-12.39,2.81,0.12
2026-07-27 14:45:00.610,-0.11,-0.11,-0.99,-12.39,2.81,0.12
2026-07-27 14:45:00.667,-0.11,-0.1,-0.99,-11.35,2.44,0.12
2026-07-27 14:45:00.668,-0.11,-0.09,-0.99,-10.62,1.65,0.43
2026-07-27 14:45:00.668,-0.11,-0.09,-0.99,-10.62,1.65,0.43
2026-07-27 14:45:00.668,-0.11,-0.07,-0.99,-11.41,0.43,0.92
2026-07-27 14:45:00.732,-0.11,-0.07,-0.99,-11.41,0.43,0.92
2026-07-27 14:45:00.732,-0.11,-0.06,-1.0,-12.27,-0.12,1.16
2026-07-27 14:45:00.732,-0.11,-0.06,-1.0,-12.27,-0.12,1.16
2026-07-27 14:45:00.788,-0.1,-0.06,-1.0,-10.13,0.55,0.98
2026-07-27 14:45:00.788,-0.1,-0.06,-1.0,-10.13,0.55,0.98
2026-07-27 14:45:00.789,-0.1,-0.06,-1.0,-10.13,0.55,0.98
2026-07-27 14:45:00.849,-0.1,-0.06,-1.0,-10.13,0.55,0.98
2026-07-27 14:45:00.849,-0.09,-0.07,-0.99,-4.39,1.83,0.49
2026-07-27 14:45:00.850,-0.09,-0.07,-0.99,-4.39,1.83,0.49
2026-07-27 14:45:00.908,-0.09,-0.07,-0.99,-3.66,1.46,0.37
2026-07-27 14:45:00.909,-0.09,-0.06,-0.99,-2.56,0.73,0.18
2026-07-27 14:45:00.968,-0.09,-0.06,-0.99,-2.56,0.73,0.18
2026-07-27 14:45:00.968,-0.09,-0.05,-0.99,-1.28,0.24,0.06
2026-07-27 14:45:00.969,-0.09,-0.05,-0.99,-1.28,0.24,0.06
2026-07-27 14:45:01.030,-0.09,-0.04,-0.99,-0.85,0.12,-0.06
2026-07-27 14:45:01.030,-0.09,-0.04,-0.99,-0.85,0.12,-0.06
2026-07-27 14:45:01.031,-0.1,-0.05,-0.99,-1.34,0.18,-0.06
2026-07-27 14:45:01.091,-0.1,-0.05,-0.99,-1.34,0.18,-0.06
2026-07-27 14:45:01.091,-0.1,-0.05,-0.99,-2.26,0.24,-0.12
2026-07-27 14:45:01.092,-0.1,-0.05,-0.99,-2.26,0.24,-0.12
2026-07-27 14:45:01.148,-0.1,-0.05,-0.99,-2.99,0.24,-0.06
2026-07-27 14:45:01.149,-0.1,-0.05,-0.99,-2.93,0.12,0.06
2026-07-27 14:45:01.209,-0.1,-0.05,-0.99,-2.93,0.12,0.06
2026-07-27 14:45:01.209,-0.1,-0.05,-0.99,-2.08,0.06,0.12
2026-07-27 14:45:01.209,-0.1,-0.05,-0.99,-2.08,0.06,0.12
2026-07-27 14:45:01.268,-0.09,-0.05,-0.99,-0.79,0.0,0.12
2026-07-27 14:45:01.268,-0.09,-0.05,-0.99,-0.79,0.0,0.12
2026-07-27 14:45:01.269,-0.09,-0.04,-1.0,0.0,0.0,0.12
2026-07-27 14:45:01.355,-0.09,-0.04,-1.0,0.0,0.0,0.12
2026-07-27 14:45:01.355,-0.09,-0.04,-1.0,0.24,0.24,0.06
2026-07-27 14:45:01.355,-0.09,-0.04,-1.0,0.24,0.24,0.06
2026-07-27 14:45:01.388,-0.09,-0.04,-1.0,-0.12,0.43,0.0
2026-07-27 14:45:01.402,-0.09,-0.04,-0.99,-0.55,0.37,-0.06
2026-07-27 14:45:01.448,-0.09,-0.04,-0.99,-0.55,0.37,-0.06
2026-07-27 14:45:01.448,-0.09,-0.04,-0.99,-0.55,0.06,-0.12
2026-07-27 14:45:01.449,-0.09,-0.04,-0.99,-0.55,0.06,-0.12
2026-07-27 14:45:01.508,-0.09,-0.05,-0.99,-0.31,-0.24,-0.12
2026-07-27 14:45:01.508,-0.09,-0.05,-0.99,-0.31,-0.24,-0.12
2026-07-27 14:45:01.509,-0.09,-0.05,-0.99,-0.06,-0.43,-0.18
2026-07-27 14:45:01.585,-0.09,-0.05,-0.99,-0.06,-0.43,-0.18
2026-07-27 14:45:01.591,-0.09,-0.04,-1.0,0.06,-0.31,-0.12
2026-07-27 14:45:01.592,-0.09,-0.04,-1.0,0.06,-0.31,-0.12
2026-07-27 14:45:01.628,-0.09,-0.04,-1.0,-0.18,-0.06,-0.12
2026-07-27 14:45:01.629,-0.09,-0.04,-1.0,-0.18,-0.06,-0.12
2026-07-27 14:45:01.629,-0.09,-0.04,-1.0,-0.18,-0.06,-0.12
2026-07-27 14:45:01.688,-0.09,-0.04,-1.0,-0.18,-0.06,-0.12
2026-07-27 14:45:01.689,-0.09,-0.04,-1.0,-0.31,0.18,-0.06
2026-07-27 14:45:01.689,-0.09,-0.04,-1.0,-0.31,0.18,-0.06
2026-07-27 14:45:01.748,-0.09,-0.04,-1.0,-0.12,0.18,-0.06
2026-07-27 14:45:01.748,-0.09,-0.04,-0.99,0.06,0.12,-0.06
2026-07-27 14:45:01.808,-0.09,-0.04,-0.99,0.06,0.12,-0.06
2026-07-27 14:45:01.808,-0.09,-0.04,-0.99,0.31,0.0,-0.12
2026-07-27 14:45:01.809,-0.09,-0.04,-0.99,0.31,0.0,-0.12
2026-07-27 14:45:01.868,-0.09,-0.05,-1.0,0.79,-0.06,-0.18
2026-07-27 14:45:01.869,-0.09,-0.05,-1.0,0.79,-0.06,-0.18
2026-07-27 14:45:01.869,-0.09,-0.04,-1.0,1.4,-0.12,-0.31
2026-07-27 14:45:01.930,-0.09,-0.04,-1.0,1.4,-0.12,-0.31
2026-07-27 14:45:01.931,-0.09,-0.04,-1.0,1.4,-0.31,-0.24
2026-07-27 14:45:01.991,-0.09,-0.04,-1.0,1.4,-0.31,-0.24
2026-07-27 14:45:01.991,-0.09,-0.04,-1.0,0.37,-0.31,-0.12
2026-07-27 14:45:01.991,-0.09,-0.04,-0.99,-1.04,0.0,0.06
