Timestamp,AccX,AccY,AccZ,GyroX,GyroY,GyroZ
2026-07-27 13:16:18.457,0.08,0.01,0.91,7.81,-0.43,31.43
2026-07-27 13:16:20.483,0.08,-0.44,0.88,0.18,-1.28,3.66
2026-07-27 13:16:20.581,0.08,-0.45,0.88,0.18,-1.28,3.66
2026-07-27 13:16:20.581,0.08,-0.45,0.88,0.79,-0.67,3.3
2026-07-27 13:16:20.605,0.08,-0.45,0.88,0.79,-0.67,3.3
2026-07-27 13:16:20.605,0.08,-0.44,0.88,1.34,-0.61,3.36
2026-07-27 13:16:20.605,0.08,-0.44,0.88,1.34,-0.61,3.36
2026-07-27 13:16:20.721,0.07,-0.44,0.88,1.1,-0.55,2.93
2026-07-27 13:16:20.721,0.07,-0.44,0.88,1.1,-0.55,2.93
2026-07-27 13:16:20.721,0.07,-0.44,0.88,0.55,-0.55,1.89
2026-07-27 13:16:20.721,0.07,-0.44,0.88,0.37,-0.79,1.4
2026-07-27 13:16:20.723,0.07,-0.44,0.87,0.37,-0.79,1.4
2026-07-27 13:16:20.723,0.07,-0.44,0.87,-0.67,-1.46,1.1
2026-07-27 13:16:20.723,0.07,-0.44,0.87,-0.67,-1.46,1.1
2026-07-27 13:16:20.723,0.07,-0.44,0.88,-2.14,-2.2,0.55
2026-07-27 13:16:21.014,0.07,-0.44,0.88,-2.14,-2.2,0.55
2026-07-27 13:16:21.015,0.08,-0.45,0.88,-2.87,-2.44,0.18
2026-07-27 13:16:21.029,0.08,-0.45,0.88,-2.87,-2.44,0.18
2026-07-27 13:16:21.029,0.08,-0.45,0.88,-2.75,-2.26,0.24
2026-07-27 13:16:21.029,0.08,-0.45,0.88,-2.75,-2.26,0.24
2026-07-27 13:16:21.029,0.08,-0.45,0.88,-1.34,-1.83,0.73
2026-07-27 13:16:21.029,0.08,-0.45,0.88,1.1,-1.34,1.4
2026-07-27 13:16:21.029,0.08,-0.45,0.88,1.1,-1.34,1.4
2026-07-27 13:16:21.029,0.08,-0.44,0.88,2.5,-0.73,1.83
2026-07-27 13:16:21.029,0.08,-0.44,0.88,2.5,-0.73,1.83
2026-07-27 13:16:21.029,0.07,-0.44,0.88,1.83,-0.24,1.53
2026-07-27 13:16:21.029,0.07,-0.44,0.88,1.83,-0.24,1.53
2026-07-27 13:16:21.029,0.07,-0.44,0.88,0.55,-0.06,0.79
2026-07-27 13:16:21.030,0.07,-0.44,0.88,0.55,-0.06,0.79
2026-07-27 13:16:21.318,0.07,-0.43,0.89,-0.18,-0.24,-0.18
2026-07-27 13:16:21.334,0.07,-0.43,0.89,-0.18,-0.24,-0.18
2026-07-27 13:16:21.415,0.06,-0.41,0.92,-0.79,0.12,-2.14
2026-07-27 13:16:21.437,0.06,-0.41,0.92,-2.14,2.62,-5.25
2026-07-27 13:16:21.439,0.08,-0.42,0.94,-2.14,2.62,-5.25
2026-07-27 13:16:21.439,0.1,-0.47,0.91,-6.35,5.68,-6.71
2026-07-27 13:16:21.439,0.1,-0.47,0.91,-6.35,5.68,-6.71
2026-07-27 13:16:21.439,0.12,-0.53,0.84,-12.45,6.16,-3.85
2026-07-27 13:16:21.439,0.12,-0.53,0.84,-12.45,6.16,-3.85
2026-07-27 13:16:21.439,0.05,-0.5,0.76,-17.7,2.14,4.09
2026-07-27 13:16:21.439,0.05,-0.5,0.76,-17.7,2.14,4.09
2026-07-27 13:16:21.445,-0.29,-0.1,0.57,-11.05,-9.89,12.63
2026-07-27 13:16:21.445,-0.29,-0.1,0.57,-11.05,-9.89,12.63
2026-07-27 13:16:21.445,-0.76,0.86,0.34,22.4,-54.14,-16.3
2026-07-27 13:16:21.445,-0.39,1.29,0.48,68.24,-100.83,-149.35
2026-07-27 13:16:21.445,-0.39,1.29,0.48,68.24,-100.83,-149.35
2026-07-27 13:16:21.498,1.34,0.11,1.2,83.86,-84.96,-325.68
2026-07-27 13:16:21.521,1.34,0.11,1.2,83.86,-84.96,-325.68
2026-07-27 13:16:21.539,2.94,-1.61,1.86,35.83,-42.42,-331.05
2026-07-27 13:16:21.556,2.94,-1.61,1.86,35.83,-42.42,-331.05
2026-07-27 13:16:21.572,2.87,-1.99,1.72,-25.88,3.97,-105.41
2026-07-27 13:16:21.588,1.34,-0.74,0.96,-41.93,63.35,165.34
2026-07-27 13:16:21.614,1.34,-0.74,0.96,-41.93,63.35,165.34
2026-07-27 13:16:21.664,-0.76,1.2,0.23,-21.61,85.82,284.18
2026-07-27 13:16:21.666,-0.76,1.2,0.23,-21.61,85.82,284.18
2026-07-27 13:16:21.667,-1.93,2.32,0.04,-0.24,33.2,171.57
2026-07-27 13:16:21.667,-1.93,2.32,0.04,-0.24,33.2,171.57
2026-07-27 13:16:21.667,-0.96,1.51,0.36,27.28,-8.79,-89.97
2026-07-27 13:16:21.667,1.48,-0.65,1.19,57.19,0.55,-283.26
2026-07-27 13:16:21.954,1.48,-0.65,1.19,57.19,0.55,-283.26
2026-07-27 13:16:21.985,3.04,-2.15,1.93,33.02,-4.88,-227.11
2026-07-27 13:16:21.985,3.04,-2.15,1.93,33.02,-4.88,-227.11
2026-07-27 13:16:21.986,2.22,-1.49,1.61,-11.54,2.69,27.71
2026-07-27 13:16:21.986,2.22,-1.49,1.61,-11.54,2.69,27.71
2026-07-27 13:16:21.986,-0.12,0.62,0.72,-25.33,23.01,234.92
2026-07-27 13:16:21.986,-1.69,2.02,0.24,-24.11,2.87,206.79
2026-07-27 13:16:21.986,-1.69,2.02,0.24,-24.11,2.87,206.79
2026-07-27 13:16:21.987,-0.96,1.26,0.35,-7.81,-11.66,-0.98
2026-07-27 13:16:21.987,-0.96,1.26,0.35,-7.81,-11.66,-0.98
2026-07-27 13:16:22.094,1.07,-0.77,0.99,7.2,-3.17,-161.07
2026-07-27 13:16:22.136,1.07,-0.77,0.99,7.2,-3.17,-161.07
2026-07-27 13:16:22.191,2.08,-1.86,1.53,3.48,-2.87,-123.6
2026-07-27 13:16:22.234,2.08,-1.86,1.53,3.48,-2.87,-123.6
2026-07-27 13:16:22.260,1.1,-0.94,1.33,-2.81,0.43,42.85
2026-07-27 13:16:22.264,-0.64,0.85,0.82,-16.36,-10.31,138.0
2026-07-27 13:16:22.273,-0.64,0.85,0.82,-16.36,-10.31,138.0
2026-07-27 13:16:22.274,-1.08,1.41,0.51,-23.99,-19.71,51.7
2026-07-27 13:16:22.274,-1.08,1.41,0.51,-23.99,-19.71,51.7
2026-07-27 13:16:22.274,0.27,0.12,0.69,-9.52,0.31,-105.9
2026-07-27 13:16:22.274,0.27,0.12,0.69,-9.52,0.31,-105.9
2026-07-27 13:16:22.274,1.76,-1.47,1.21,0.24,15.08,-143.31
2026-07-27 13:16:22.275,1.76,-1.47,1.21,1.53,15.01,-16.97
2026-07-27 13:16:22.275,1.85,-1.66,1.39,1.53,15.01,-16.97
2026-07-27 13:16:22.275,0.39,-0.18,1.03,4.82,9.7,144.04
2026-07-27 13:16:22.275,0.39,-0.18,1.03,4.82,9.7,144.04
2026-07-27 13:16:22.330,-1.1,1.4,0.61,0.06,-14.16,170.47
2026-07-27 13:16:22.333,-1.1,1.4,0.61,0.06,-14.16,170.47
2026-07-27 13:16:22.338,-0.93,1.27,0.48,-0.06,-20.57,24.66
2026-07-27 13:16:22.405,-0.93,1.27,0.48,-0.06,-20.57,24.66
2026-07-27 13:16:22.405,0.66,-0.41,0.84,5.19,1.28,-130.49
2026-07-27 13:16:22.434,0.66,-0.41,0.84,5.19,1.28,-130.49
2026-07-27 13:16:22.868,1.78,-1.7,1.31,-3.3,11.23,-122.01
2026-07-27 13:16:22.868,1.28,-1.23,1.19,1.22,19.35,25.27
2026-07-27 13:16:22.927,1.28,-1.23,1.19,1.22,19.35,25.27
2026-07-27 13:16:22.927,-0.17,0.4,0.69,28.87,17.82,149.78
2026-07-27 13:16:22.972,-0.17,0.4,0.69,28.87,17.82,149.78
2026-07-27 13:16:22.972,-0.98,1.36,0.42,39.25,-15.32,120.67
2026-07-27 13:16:23.027,-0.32,0.65,0.69,24.96,-27.59,-32.65
2026-07-27 13:16:23.062,-0.32,0.65,0.69,24.96,-27.59,-32.65
2026-07-27 13:16:23.122,0.88,-0.79,1.22,-3.42,-7.08,-135.13
2026-07-27 13:16:23.149,0.88,-0.79,1.22,-3.42,-7.08,-135.13
2026-07-27 13:16:23.150,1.3,-1.37,1.41,-22.95,8.73,-92.47
2026-07-27 13:16:23.204,1.3,-1.37,1.41,-22.95,8.73,-92.47
2026-07-27 13:16:23.229,0.81,-0.82,1.16,-7.93,24.41,19.47
2026-07-27 13:16:23.376,0.81,-0.82,1.16,-7.93,24.41,19.47
2026-07-27 13:16:23.376,0.07,0.05,0.83,21.91,40.04,99.12
2026-07-27 13:16:23.441,-0.37,0.51,0.66,59.08,60.36,99.55
2026-07-27 13:16:23.442,-0.37,0.51,0.66,59.08,60.36,99.55
2026-07-27 13:16:23.442,-0.38,0.45,0.7,112.12,93.75,32.65
2026-07-27 13:16:23.442,-0.38,0.45,0.7,112.12,93.75,32.65
2026-07-27 13:16:23.442,-0.12,0.1,0.92,133.97,101.93,-33.75
2026-07-27 13:16:23.442,-0.12,0.1,0.92,133.97,101.93,-33.75
2026-07-27 13:16:23.442,0.13,-0.17,1.17,92.59,61.16,-51.51
2026-07-27 13:16:23.443,0.18,-0.19,1.24,40.41,16.36,-33.57
2026-07-27 13:16:23.443,0.18,-0.19,1.24,40.41,16.36,-33.57
2026-07-27 13:16:23.524,0.07,-0.02,1.14,15.81,1.53,-8.54
2026-07-27 13:16:23.555,0.07,-0.02,1.14,15.81,1.53,-8.54
2026-07-27 13:16:23.555,-0.06,0.14,1.01,6.65,4.46,7.63
2026-07-27 13:16:23.555,-0.06,0.14,1.01,6.65,4.46,7.63
2026-07-27 13:16:23.556,-0.12,0.19,0.94,-1.22,5.98,12.27
2026-07-27 13:16:23.557,-0.12,0.19,0.94,-1.22,5.98,12.27
2026-07-27 13:16:23.557,-0.11,0.15,0.92,-8.61,1.95,9.64
2026-07-27 13:16:23.557,-0.11,0.15,0.92,-8.61,1.95,9.64
2026-07-27 13:16:23.764,-0.07,0.08,0.94,-12.45,-3.6,5.98
2026-07-27 13:16:23.781,-0.04,0.04,0.98,-11.41,-6.77,4.15
2026-07-27 13:16:23.782,-0.04,0.04,0.98,-11.41,-6.77,4.15
2026-07-27 13:16:23.783,-0.03,0.04,1.0,-7.81,-7.26,3.85
2026-07-27 13:16:23.783,-0.03,0.04,1.0,-7.81,-7.26,3.85
2026-07-27 13:16:23.784,-0.04,0.07,1.01,-5.0,-6.47,3.72
2026-07-27 13:16:23.784,-0.04,0.07,1.01,-5.0,-6.47,3.72
2026-07-27 13:16:23.784,-0.05,0.08,1.0,-2.75,-5.13,2.38
2026-07-27 13:16:23.787,-0.05,0.08,1.0,-2.75,-5.13,2.38
2026-07-27 13:16:23.789,-0.04,0.07,0.99,-2.01,-4.82,1.04
2026-07-27 13:16:23.789,-0.04,0.07,0.99,-2.99,-5.13,0.73
2026-07-27 13:16:23.791,-0.03,0.06,1.0,-2.99,-5.13,0.73
2026-07-27 13:16:23.791,-0.02,0.04,1.0,-4.76,-4.76,0.73
2026-07-27 13:16:23.792,-0.02,0.04,1.0,-4.76,-4.76,0.73
2026-07-27 13:16:23.792,-0.02,0.03,1.0,-6.23,-3.66,0.18
2026-07-27 13:16:23.792,-0.02,0.03,1.0,-6.23,-3.66,0.18
2026-07-27 13:16:23.792,-0.01,0.02,1.0,-6.53,-1.4,-1.28
2026-07-27 13:16:23.792,-0.01,0.02,1.0,-6.53,-1.4,-1.28
2026-07-27 13:16:23.793,0.03,-0.05,1.04,-10.25,1.95,-2.26
2026-07-27 13:16:23.793,0.03,-0.05,1.04,-10.25,1.95,-2.26
2026-07-27 13:16:23.794,0.1,-0.18,1.09,-25.39,2.87,1.34
2026-07-27 13:16:23.794,0.1,-0.18,1.09,-43.7,-3.72,12.94
2026-07-27 13:16:23.795,0.11,-0.22,1.06,-43.7,-3.72,12.94
2026-07-27 13:16:23.795,0.03,-0.12,0.95,-41.56,-10.8,25.51
2026-07-27 13:16:23.795,0.03,-0.12,0.95,-41.56,-10.8,25.51
2026-07-27 13:16:23.797,-0.07,0.04,0.89,-16.72,-9.64,27.83
2026-07-27 13:16:23.797,-0.07,0.04,0.89,-16.72,-9.64,27.83
2026-07-27 13:16:23.798,-0.13,0.14,0.89,7.32,-3.97,21.42
2026-07-27 13:16:23.798,-0.13,0.14,0.89,7.32,-3.97,21.42
2026-07-27 13:16:23.798,-0.15,0.15,0.9,19.71,0.43,11.72
2026-07-27 13:16:23.825,-0.15,0.15,0.9,25.82,1.34,-2.56
2026-07-27 13:16:23.825,-0.13,0.13,0.92,25.82,1.34,-2.56
2026-07-27 13:16:23.945,-0.07,0.08,0.96,24.66,-0.55,-17.15
2026-07-27 13:16:23.946,-0.07,0.08,0.96,24.66,-0.55,-17.15
2026-07-27 13:16:23.946,-0.01,0.03,1.03,12.02,-5.8,-23.01
2026-07-27 13:16:23.946,-0.01,0.03,1.03,12.02,-5.8,-23.01
2026-07-27 13:16:23.946,0.04,-0.02,1.07,-4.7,-13.55,-19.23
2026-07-27 13:16:23.946,0.04,-0.02,1.07,-4.7,-13.55,-19.23
2026-07-27 13:16:24.195,0.05,-0.03,1.05,-10.62,-18.31,-12.63
2026-07-27 13:16:24.195,0.04,-0.01,1.0,-5.98,-18.43,-7.69
2026-07-27 13:16:24.196,0.04,-0.01,1.0,-5.98,-18.43,-7.69
2026-07-27 13:16:24.196,0.03,0.0,0.98,0.12,-16.17,-5.8
2026-07-27 13:16:24.197,0.03,0.0,0.98,0.12,-16.17,-5.8
2026-07-27 13:16:24.197,0.05,-0.0,0.99,5.07,-13.43,-7.08
2026-07-27 13:16:24.197,0.05,-0.0,0.99,5.07,-13.43,-7.08
2026-07-27 13:16:24.199,0.07,-0.0,1.01,10.68,-9.83,-7.69
2026-07-27 13:16:24.199,0.07,-0.0,1.01,10.68,-9.83,-7.69
2026-07-27 13:16:24.199,0.06,0.02,1.02,16.91,-2.87,-4.76
2026-07-27 13:16:24.200,0.06,0.02,1.02,16.91,-2.87,-4.76
2026-07-27 13:16:24.302,0.04,0.06,1.0,20.87,4.33,-1.71
2026-07-27 13:16:24.303,0.02,0.09,0.98,19.71,4.64,-3.11
2026-07-27 13:16:24.304,0.02,0.09,0.98,19.71,4.64,-3.11
2026-07-27 13:16:24.304,0.02,0.1,0.98,9.64,-0.43,-6.96
2026-07-27 13:16:24.304,0.02,0.1,0.98,9.64,-0.43,-6.96
2026-07-27 13:16:24.483,0.03,0.07,0.99,-11.47,-0.55,-6.65
2026-07-27 13:16:24.484,0.03,0.07,0.99,-11.47,-0.55,-6.65
2026-07-27 13:16:24.484,0.04,0.01,1.0,-33.26,6.96,-1.16
2026-07-27 13:16:24.484,0.04,0.01,1.0,-33.26,6.96,-1.16
2026-07-27 13:16:24.484,0.04,-0.04,1.01,-37.29,11.96,1.28
2026-07-27 13:16:24.485,0.05,-0.07,1.02,-25.76,9.95,-1.46
2026-07-27 13:16:24.485,0.05,-0.07,1.02,-25.76,9.95,-1.46
2026-07-27 13:16:24.486,0.06,-0.09,1.03,-16.3,6.23,-2.5
2026-07-27 13:16:24.662,0.06,-0.09,1.03,-16.3,6.23,-2.5
2026-07-27 13:16:24.663,0.05,-0.09,1.02,-11.84,3.36,-0.37
2026-07-27 13:16:24.663,0.05,-0.09,1.02,-11.84,3.36,-0.37
2026-07-27 13:16:24.664,0.03,-0.07,1.01,-5.98,1.71,1.77
2026-07-27 13:16:24.664,0.0,-0.03,0.98,-1.22,0.98,2.75
2026-07-27 13:16:24.667,0.0,-0.03,0.98,-1.22,0.98,2.75
2026-07-27 13:16:24.667,-0.0,-0.02,0.97,0.0,0.24,1.77
2026-07-27 13:16:24.667,-0.0,-0.02,0.97,0.0,0.24,1.77
2026-07-27 13:16:24.787,0.01,-0.04,0.98,-0.98,-0.31,-0.24
2026-07-27 13:16:24.788,0.01,-0.04,0.98,-0.98,-0.31,-0.24
2026-07-27 13:16:24.788,0.02,-0.06,0.99,-1.89,-1.1,-1.71
2026-07-27 13:16:24.788,0.02,-0.06,0.99,-1.89,-1.1,-1.71
2026-07-27 13:16:24.789,0.03,-0.07,1.0,-1.4,-0.98,-1.22
2026-07-27 13:16:24.789,0.03,-0.07,1.0,-1.4,-0.98,-1.22
2026-07-27 13:16:24.845,0.02,-0.06,1.0,-0.18,0.79,1.46
2026-07-27 13:16:24.846,0.01,-0.04,1.0,-0.85,2.38,4.09
2026-07-27 13:16:24.909,0.01,-0.04,1.0,-0.85,2.38,4.09
2026-07-27 13:16:24.909,0.0,-0.04,1.0,-2.87,2.32,4.39
2026-07-27 13:16:24.909,0.0,-0.04,1.0,-2.87,2.32,4.39
2026-07-27 13:16:25.023,0.0,-0.05,1.0,-4.46,1.4,2.87
2026-07-27 13:16:25.024,0.0,-0.05,1.0,-4.46,1.4,2.87
2026-07-27 13:16:25.025,0.01,-0.06,1.0,-4.39,0.55,1.1
2026-07-27 13:16:25.025,0.01,-0.06,1.0,-4.39,0.55,1.1
2026-07-27 13:16:25.026,0.01,-0.07,0.99,-2.62,-0.12,-0.31
2026-07-27 13:16:25.026,0.01,-0.07,0.99,-2.62,-0.12,-0.31
2026-07-27 13:16:25.083,0.01,-0.07,0.99,-0.31,-0.43,-1.1
2026-07-27 13:16:25.083,0.01,-0.06,0.99,1.16,-0.61,-1.34
2026-07-27 13:16:25.443,0.01,-0.06,0.99,1.16,-0.61,-1.34
2026-07-27 13:16:25.443,0.01,-0.06,0.99,1.22,-0.98,-1.28
2026-07-27 13:16:25.445,0.01,-0.06,0.99,1.22,-0.98,-1.28
2026-07-27 13:16:25.445,0.01,-0.06,0.99,0.37,-1.34,-1.22
2026-07-27 13:16:25.445,0.01,-0.06,0.99,0.37,-1.34,-1.22
2026-07-27 13:16:25.445,0.01,-0.06,0.99,-0.18,-1.59,-1.22
2026-07-27 13:16:25.445,0.01,-0.06,0.99,-0.18,-1.59,-1.22
2026-07-27 13:16:25.446,0.02,-0.07,0.99,0.06,-1.65,-1.22
2026-07-27 13:16:25.446,0.02,-0.07,0.99,0.06,-1.65,-1.22
2026-07-27 13:16:25.447,0.02,-0.07,0.99,0.24,-1.77,-0.98
2026-07-27 13:16:25.448,0.03,-0.07,1.01,-0.67,-2.08,-0.24
2026-07-27 13:16:25.449,0.03,-0.07,1.01,-0.67,-2.08,-0.24
2026-07-27 13:16:25.449,0.05,-0.1,1.03,-4.82,-2.32,1.28
2026-07-27 13:16:25.449,0.05,-0.1,1.03,-4.82,-2.32,1.28
2026-07-27 13:16:25.450,0.07,-0.14,1.04,-12.82,-2.2,4.76
2026-07-27 13:16:25.450,0.07,-0.14,1.04,-12.82,-2.2,4.76
2026-07-27 13:16:25.451,0.06,-0.14,1.03,-19.29,-1.4,11.05
2026-07-27 13:16:25.562,0.06,-0.14,1.03,-19.29,-1.4,11.05
2026-07-27 13:16:25.563,0.03,-0.12,0.98,-22.4,-1.77,17.4
2026-07-27 13:16:25.563,0.03,-0.12,0.98,-19.9,-3.54,19.84
2026-07-27 13:16:25.564,-0.0,-0.11,0.96,-19.9,-3.54,19.84
2026-07-27 13:16:25.564,-0.01,-0.11,0.97,-8.24,-5.43,16.72
2026-07-27 13:16:25.622,-0.01,-0.11,0.97,-8.24,-5.43,16.72
2026-07-27 13:16:25.623,-0.0,-0.1,0.99,5.25,-8.36,11.41
2026-07-27 13:16:25.623,-0.0,-0.1,0.99,5.25,-8.36,11.41
2026-07-27 13:16:25.683,-0.0,-0.06,0.99,24.78,-11.47,9.34
2026-07-27 13:16:25.683,-0.0,-0.06,0.99,24.78,-11.47,9.34
2026-07-27 13:16:25.742,0.0,0.02,0.97,75.32,-20.39,10.68
2026-07-27 13:16:25.743,0.02,0.11,0.96,140.99,-28.08,11.54
2026-07-27 13:16:25.743,0.02,0.11,0.96,140.99,-28.08,11.54
2026-07-27 13:16:25.984,0.05,0.2,0.96,170.53,-25.63,11.96
2026-07-27 13:16:25.986,0.05,0.2,0.96,170.53,-25.63,11.96
2026-07-27 13:16:25.986,0.09,0.26,0.93,146.79,-36.13,7.69
2026-07-27 13:16:25.986,0.09,0.26,0.93,146.79,-36.13,7.69
2026-07-27 13:16:25.986,0.15,0.32,0.89,82.89,-61.89,-4.94
2026-07-27 13:16:25.986,0.15,0.32,0.89,4.76,-69.15,-14.83
2026-07-27 13:16:25.986,0.18,0.36,0.91,4.76,-69.15,-14.83
2026-07-27 13:16:25.986,0.19,0.33,0.93,-60.42,-54.2,-22.03
2026-07-27 13:16:25.986,0.19,0.33,0.93,-60.42,-54.2,-22.03
2026-07-27 13:16:25.987,0.22,0.23,0.94,-113.71,-40.22,-33.87
2026-07-27 13:16:25.987,0.22,0.23,0.94,-113.71,-40.22,-33.87
2026-07-27 13:16:26.163,0.24,0.12,0.94,-160.95,-27.89,-42.66
2026-07-27 13:16:26.163,0.24,0.12,0.94,-160.95,-27.89,-42.66
2026-07-27 13:16:26.163,0.24,0.05,0.98,-179.44,-10.5,-41.08
2026-07-27 13:16:26.164,0.22,0.03,1.06,-154.66,-1.65,-39.79
2026-07-27 13:16:26.164,0.22,0.03,1.06,-154.66,-1.65,-39.79
2026-07-27 13:16:26.165,0.22,0.0,1.09,-100.46,-19.23,-69.82
2026-07-27 13:16:26.166,0.22,0.0,1.09,-100.46,-19.23,-69.82
2026-07-27 13:16:26.284,0.23,0.07,0.99,-47.36,-32.47,-128.78
2026-07-27 13:16:26.284,0.23,0.07,0.99,-47.36,-32.47,-128.78
2026-07-27 13:16:26.284,0.19,0.15,0.92,-56.27,7.26,-156.13
2026-07-27 13:16:26.285,0.27,0.12,0.95,-47.67,43.76,-144.59
2026-07-27 13:16:26.285,0.27,0.12,0.95,-47.67,43.76,-144.59
2026-07-27 13:16:26.702,0.56,0.06,0.87,89.17,12.15,-127.38
2026-07-27 13:16:26.703,0.56,0.06,0.87,89.17,12.15,-127.38
2026-07-27 13:16:26.703,0.53,-0.03,0.77,113.71,-46.69,-48.58
2026-07-27 13:16:26.703,0.53,-0.03,0.77,113.71,-46.69,-48.58
2026-07-27 13:16:26.704,0.28,-0.15,0.87,-25.09,-90.64,44.31
2026-07-27 13:16:26.704,0.36,-0.22,1.02,-66.89,-79.28,12.82
2026-07-27 13:16:26.705,0.36,-0.22,1.02,-66.89,-79.28,12.82
2026-07-27 13:16:26.706,0.53,-0.21,1.0,-28.44,-24.11,-75.74
2026-07-27 13:16:26.706,0.53,-0.21,1.0,-28.44,-24.11,-75.74
2026-07-27 13:16:26.706,0.69,-0.19,0.82,-21.97,10.8,-110.72
2026-07-27 13:16:26.707,0.74,-0.21,0.71,-22.95,26.12,-94.42
2026-07-27 13:16:26.708,0.74,-0.21,0.71,-22.95,26.12,-94.42
2026-07-27 13:16:26.708,0.58,-0.08,0.77,28.63,83.07,-70.56
2026-07-27 13:16:26.708,0.58,-0.08,0.77,28.63,83.07,-70.56
2026-07-27 13:16:26.710,0.43,0.16,0.87,70.86,167.24,-60.3
2026-07-27 13:16:26.710,0.43,0.16,0.87,70.86,167.24,-60.3
2026-07-27 13:16:26.711,0.33,0.21,0.93,27.89,181.58,-11.72
2026-07-27 13:16:26.711,0.33,0.21,0.93,-34.97,132.02,81.42
2026-07-27 13:16:26.712,0.23,0.07,1.01,-34.97,132.02,81.42
2026-07-27 13:16:26.890,0.08,-0.05,1.09,-15.87,95.89,119.69
2026-07-27 13:16:26.890,0.08,-0.05,1.09,-15.87,95.89,119.69
2026-07-27 13:16:26.890,-0.02,-0.05,1.1,91.0,99.06,64.7
2026-07-27 13:16:26.892,-0.02,-0.05,1.1,91.0,99.06,64.7
2026-07-27 13:16:26.892,-0.05,0.01,1.11,165.16,77.64,18.74
2026-07-27 13:16:26.892,-0.05,0.01,1.11,165.16,77.64,18.74
2026-07-27 13:16:26.893,-0.11,0.07,1.07,112.73,-5.19,23.8
2026-07-27 13:16:26.893,-0.14,0.13,0.98,-2.81,-92.96,8.3
2026-07-27 13:16:27.010,-0.14,0.13,0.98,-2.81,-92.96,8.3
2026-07-27 13:16:27.010,-0.09,0.3,0.92,-67.69,-148.62,-60.18
2026-07-27 13:16:27.010,-0.09,0.3,0.92,-67.69,-148.62,-60.18
2026-07-27 13:16:27.010,-0.06,0.64,0.86,-53.28,-156.98,-130.55
2026-07-27 13:16:27.012,-0.06,0.64,0.86,-53.28,-156.98,-130.55
2026-07-27 13:16:27.363,-0.09,0.74,0.85,-47.12,-114.32,-131.71
2026-07-27 13:16:27.364,0.09,0.3,0.9,-110.78,-71.53,-80.51
2026-07-27 13:16:27.364,0.09,0.3,0.9,-110.78,-71.53,-80.51
2026-07-27 13:16:27.364,0.35,-0.06,0.95,-152.77,-69.95,-48.4
2026-07-27 13:16:27.365,0.35,-0.06,0.95,-152.77,-69.95,-48.4
2026-07-27 13:16:27.365,0.45,-0.03,0.95,-103.94,-66.53,-46.75
2026-07-27 13:16:27.366,0.45,-0.03,0.95,-103.94,-66.53,-46.75
2026-07-27 13:16:27.367,0.38,0.07,0.95,-34.67,-19.78,-44.62
2026-07-27 13:16:27.367,0.28,0.06,0.95,-16.42,38.82,-29.3
2026-07-27 13:16:27.367,0.28,0.06,0.95,-16.42,38.82,-29.3
2026-07-27 13:16:27.367,0.25,-0.02,0.93,-26.79,73.18,-5.8
2026-07-27 13:16:27.368,0.25,-0.02,0.93,-26.79,73.18,-5.8
2026-07-27 13:16:27.372,0.27,-0.06,0.94,-12.88,78.31,-0.18
2026-07-27 13:16:27.372,0.27,-0.06,0.94,-12.88,78.31,-0.18
2026-07-27 13:16:27.372,0.2,-0.0,0.94,29.05,76.42,-18.98
2026-07-27 13:16:27.372,0.04,0.07,0.96,39.55,82.58,-25.51
2026-07-27 13:16:27.422,0.04,0.07,0.96,39.55,82.58,-25.51
2026-07-27 13:16:27.427,-0.01,-0.04,1.04,-12.39,81.48,0.37
2026-07-27 13:16:27.484,-0.01,-0.04,1.04,-12.39,81.48,0.37
2026-07-27 13:16:27.484,0.01,-0.2,1.09,-48.71,70.01,10.68
2026-07-27 13:16:27.484,0.01,-0.2,1.09,-48.71,70.01,10.68
2026-07-27 13:16:27.543,-0.05,-0.2,1.04,3.78,54.57,-36.44
2026-07-27 13:16:27.543,-0.05,-0.2,1.04,72.63,23.13,-85.69
2026-07-27 13:16:27.547,-0.11,-0.07,1.06,72.63,23.13,-85.69
2026-07-27 13:16:27.608,-0.1,0.08,1.19,71.41,-9.52,-77.58
2026-07-27 13:16:27.609,-0.1,0.08,1.19,71.41,-9.52,-77.58
2026-07-27 13:16:27.722,-0.07,0.17,1.25,36.38,11.54,-40.41
2026-07-27 13:16:27.723,-0.07,0.17,1.25,36.38,11.54,-40.41
2026-07-27 13:16:27.723,-0.04,0.16,1.18,9.46,47.91,-14.4
2026-07-27 13:16:27.723,-0.04,0.16,1.18,9.46,47.91,-14.4
2026-07-27 13:16:27.724,-0.02,0.04,1.04,-26.49,12.21,-1.53
2026-07-27 13:16:27.725,0.03,-0.1,0.9,-72.88,-70.92,4.21
2026-07-27 13:16:27.908,0.03,-0.1,0.9,-72.88,-70.92,4.21
2026-07-27 13:16:27.908,0.08,-0.19,0.77,-111.33,-120.18,19.23
2026-07-27 13:16:27.909,0.08,-0.19,0.77,-111.33,-120.18,19.23
2026-07-27 13:16:27.909,0.13,-0.21,0.66,-167.85,-118.16,36.8
2026-07-27 13:16:27.909,0.13,-0.21,0.66,-167.85,-118.16,36.8
2026-07-27 13:16:27.909,0.21,-0.31,0.54,-282.96,-133.06,33.57
2026-07-27 13:16:27.909,0.26,-0.51,0.38,-391.54,-178.28,37.9
2026-07-27 13:16:27.910,0.26,-0.51,0.38,-391.54,-178.28,37.9
2026-07-27 13:16:28.143,0.26,-0.71,0.31,-336.12,-171.51,57.25
2026-07-27 13:16:28.144,0.26,-0.71,0.31,-336.12,-171.51,57.25
2026-07-27 13:16:28.155,0.24,-0.76,0.48,-102.66,-74.52,30.58
2026-07-27 13:16:28.157,0.24,-0.76,0.48,-102.66,-74.52,30.58
2026-07-27 13:16:28.158,0.28,-0.71,0.92,132.93,48.22,-38.27
2026-07-27 13:16:28.158,0.35,-0.68,1.28,245.67,86.12,-69.03
2026-07-27 13:16:28.158,0.35,-0.68,1.28,245.67,86.12,-69.03
2026-07-27 13:16:28.158,0.31,-0.58,1.37,241.33,35.03,-61.34
2026-07-27 13:16:28.159,0.31,-0.58,1.37,241.33,35.03,-61.34
2026-07-27 13:16:28.159,0.21,-0.42,1.21,192.81,-7.75,-73.55
2026-07-27 13:16:28.266,0.21,-0.42,1.21,192.81,-7.75,-73.55
2026-07-27 13:16:28.266,0.09,-0.29,0.99,147.16,7.93,-116.82
2026-07-27 13:16:28.266,0.02,-0.26,0.86,119.26,57.56,-151.43
2026-07-27 13:16:28.267,0.02,-0.26,0.86,119.26,57.56,-151.43
2026-07-27 13:16:28.267,0.01,-0.26,0.8,122.13,86.79,-153.32
2026-07-27 13:16:28.442,0.01,-0.26,0.8,122.13,86.79,-153.32
2026-07-27 13:16:28.442,0.05,-0.16,0.82,136.11,66.59,-133.24
2026-07-27 13:16:28.443,0.05,-0.16,0.82,136.11,66.59,-133.24
2026-07-27 13:16:28.443,0.14,0.06,0.89,136.66,9.34,-86.79
2026-07-27 13:16:28.444,0.19,0.24,0.95,114.87,-42.3,-21.73
2026-07-27 13:16:28.445,0.19,0.24,0.95,114.87,-42.3,-21.73
2026-07-27 13:16:28.445,0.31,0.31,1.01,82.89,-52.19,27.71
2026-07-27 13:16:28.449,0.31,0.31,1.01,82.89,-52.19,27.71
2026-07-27 13:16:28.864,0.49,0.33,1.02,57.74,-36.38,45.29
2026-07-27 13:16:28.865,0.53,0.3,0.89,38.7,-33.2,42.48
2026-07-27 13:16:28.865,0.53,0.3,0.89,38.7,-33.2,42.48
2026-07-27 13:16:28.865,0.38,0.27,0.7,19.47,-38.7,24.9
2026-07-27 13:16:28.866,0.38,0.27,0.7,19.47,-38.7,24.9
2026-07-27 13:16:28.866,0.22,0.33,0.58,2.2,-21.61,-15.75
2026-07-27 13:16:28.866,0.22,0.33,0.58,2.2,-21.61,-15.75
2026-07-27 13:16:28.866,0.15,0.44,0.58,-9.95,7.32,-69.03
2026-07-27 13:16:28.866,0.15,0.44,0.58,-9.95,7.32,-69.03
2026-07-27 13:16:28.868,0.13,0.61,0.67,-24.72,19.29,-112.67
2026-07-27 13:16:28.868,0.17,0.82,0.83,-46.26,15.56,-138.06
2026-07-27 13:16:28.868,0.17,0.82,0.83,-46.26,15.56,-138.06
2026-07-27 13:16:28.869,0.18,0.92,0.92,-58.29,1.53,-145.81
2026-07-27 13:16:28.869,0.18,0.92,0.92,-58.29,1.53,-145.81
2026-07-27 13:16:28.870,0.13,0.86,0.88,-52.37,-17.58,-144.35
2026-07-27 13:16:28.871,0.13,0.86,0.88,-52.37,-17.58,-144.35
2026-07-27 13:16:28.872,0.08,0.78,0.83,-44.13,-29.72,-146.36
2026-07-27 13:16:28.872,0.1,0.74,0.89,-47.97,-24.17,-153.5
2026-07-27 13:16:28.872,0.1,0.74,0.89,-47.97,-24.17,-153.5
2026-07-27 13:16:28.922,0.15,0.7,1.07,-66.22,-4.15,-160.95
2026-07-27 13:16:28.922,0.15,0.7,1.07,-66.22,-4.15,-160.95
2026-07-27 13:16:29.105,0.18,0.6,1.19,-82.03,8.42,-162.6
2026-07-27 13:16:29.105,0.18,0.6,1.19,-82.03,8.42,-162.6
2026-07-27 13:16:29.106,0.17,0.44,1.17,-86.73,2.75,-156.31
2026-07-27 13:16:29.106,0.16,0.29,1.03,-89.66,-12.27,-153.75
2026-07-27 13:16:29.106,0.16,0.29,1.03,-89.66,-12.27,-153.75
2026-07-27 13:16:29.106,0.18,0.24,0.83,-85.51,-23.01,-159.3
2026-07-27 13:16:29.107,0.18,0.24,0.83,-85.51,-23.01,-159.3
2026-07-27 13:16:29.107,0.25,0.29,0.66,-73.3,-21.67,-154.42
2026-07-27 13:16:29.225,0.25,0.29,0.66,-73.3,-21.67,-154.42
2026-07-27 13:16:29.225,0.37,0.38,0.6,-57.86,-11.54,-126.71
2026-07-27 13:16:29.225,0.43,0.43,0.65,-26.55,-0.79,-93.99
2026-07-27 13:16:29.225,0.43,0.43,0.65,-26.55,-0.79,-93.99
2026-07-27 13:16:29.225,0.41,0.39,0.8,12.57,5.07,-64.27
2026-07-27 13:16:29.282,0.41,0.39,0.8,12.57,5.07,-64.27
2026-07-27 13:16:29.282,0.36,0.27,0.98,29.17,6.77,-27.83
2026-07-27 13:16:29.283,0.36,0.27,0.98,29.17,6.77,-27.83
2026-07-27 13:16:31.504,0.3,0.07,1.06,4.76,4.09,9.34
2026-07-27 13:16:31.504,0.3,0.07,1.06,4.76,4.09,9.34
2026-07-27 13:16:31.504,0.27,-0.15,1.05,-56.88,2.69,25.51
2026-07-27 13:16:31.505,0.23,-0.18,0.99,-110.41,23.5,-6.53
2026-07-27 13:16:31.505,0.23,-0.18,0.99,-110.41,23.5,-6.53
2026-07-27 13:16:31.507,0.08,-0.11,0.96,-119.51,65.49,-60.36
2026-07-27 13:16:31.507,0.08,-0.11,0.96,-119.51,65.49,-60.36
2026-07-27 13:16:31.508,-0.07,-0.09,0.96,-87.22,79.96,-54.93
2026-07-27 13:16:31.508,-0.07,-0.09,0.96,-87.22,79.96,-54.93
2026-07-27 13:16:31.508,-0.06,-0.09,0.96,-30.64,38.7,25.45
2026-07-27 13:16:31.508,0.06,-0.09,0.95,27.28,-28.75,115.78
2026-07-27 13:16:31.510,0.06,-0.09,0.95,27.28,-28.75,115.78
2026-07-27 13:16:31.510,0.07,-0.15,0.89,67.08,-73.0,169.92
2026-07-27 13:16:31.510,0.07,-0.15,0.89,67.08,-73.0,169.92
2026-07-27 13:16:31.511,-0.06,-0.33,0.93,71.23,-70.74,186.89
2026-07-27 13:16:31.511,-0.06,-0.33,0.93,71.23,-70.74,186.89
2026-07-27 13:16:31.511,-0.12,-0.38,1.18,34.06,-38.82,166.99
2026-07-27 13:16:31.511,-0.12,-0.38,1.18,-19.84,-24.48,116.94
2026-07-27 13:16:31.513,-0.15,-0.29,1.37,-19.84,-24.48,116.94
2026-07-27 13:16:31.513,-0.27,-0.22,1.27,-50.72,-50.42,53.89
2026-07-27 13:16:31.518,-0.27,-0.22,1.27,-50.72,-50.42,53.89
2026-07-27 13:16:31.518,-0.38,-0.05,1.03,-45.65,-73.85,-32.41
2026-07-27 13:16:31.519,-0.38,-0.05,1.03,-45.65,-73.85,-32.41
2026-07-27 13:16:31.519,-0.47,0.15,0.83,-12.63,-66.04,-124.45
2026-07-27 13:16:31.520,-0.47,0.15,0.83,-12.63,-66.04,-124.45
2026-07-27 13:16:31.683,-0.47,0.2,0.73,19.78,-42.24,-153.38
2026-07-27 13:16:31.742,-0.31,0.14,0.8,28.81,-10.38,-109.68
2026-07-27 13:16:31.743,-0.31,0.14,0.8,28.81,-10.38,-109.68
2026-07-27 13:16:31.743,-0.05,0.08,0.97,33.14,32.17,-63.96
2026-07-27 13:16:31.926,-0.05,0.08,0.97,33.14,32.17,-63.96
2026-07-27 13:16:31.926,0.2,0.1,1.11,49.8,64.94,-70.68
2026-07-27 13:16:31.927,0.2,0.1,1.11,49.8,64.94,-70.68
2026-07-27 13:16:31.927,0.35,0.17,1.1,71.78,66.59,-118.41
2026-07-27 13:16:31.927,0.35,0.17,1.1,71.78,66.59,-118.41
2026-07-27 13:16:31.927,0.4,0.25,0.96,79.71,43.58,-152.77
2026-07-27 13:16:31.927,0.43,0.33,0.83,64.03,17.33,-141.97
2026-07-27 13:16:31.927,0.43,0.33,0.83,64.03,17.33,-141.97
2026-07-27 13:16:31.927,0.47,0.38,0.81,41.75,1.83,-102.23
2026-07-27 13:16:31.929,0.47,0.38,0.81,41.75,1.83,-102.23
2026-07-27 13:16:31.929,0.52,0.34,0.98,26.61,-5.25,-55.3
2026-07-27 13:16:31.929,0.52,0.34,0.98,26.61,-5.25,-55.3
2026-07-27 13:16:31.929,0.55,0.21,1.3,19.96,-11.23,-16.48
2026-07-27 13:16:31.931,0.55,0.21,1.3,19.96,-11.23,-16.48
2026-07-27 13:16:31.931,0.48,0.18,1.57,-1.95,-33.94,11.9
2026-07-27 13:16:31.931,0.48,0.18,1.57,-1.95,-33.94,11.9
2026-07-27 13:16:31.932,0.48,0.18,1.57,-1.95,-33.94,11.9
2026-07-27 13:16:31.933,0.48,0.18,1.57,-1.95,-33.94,11.9
2026-07-27 13:16:31.933,0.12,0.26,1.55,-82.82,-120.24,54.08
2026-07-27 13:16:31.933,0.12,0.26,1.55,-82.82,-120.24,54.08
2026-07-27 13:16:31.934,0.03,0.28,1.36,-64.82,-129.64,26.25
2026-07-27 13:16:31.934,0.02,0.28,1.16,-30.09,-116.82,-7.45
2026-07-27 13:16:31.935,0.02,0.28,1.16,-30.09,-116.82,-7.45
2026-07-27 13:16:31.935,0.02,0.19,0.91,-11.96,-109.19,-6.59
2026-07-27 13:16:31.936,0.02,0.19,0.91,-11.96,-109.19,-6.59
2026-07-27 13:16:31.936,-0.03,0.06,0.63,-12.7,-113.71,12.45
2026-07-27 13:16:31.936,-0.03,0.06,0.63,-12.7,-113.71,12.45
2026-07-27 13:16:31.939,-0.06,-0.04,0.45,-22.58,-113.59,15.44
2026-07-27 13:16:32.105,-0.03,-0.06,0.41,-38.45,-99.06,-2.26
2026-07-27 13:16:32.105,-0.03,-0.06,0.41,-38.45,-99.06,-2.26
2026-07-27 13:16:32.106,0.02,-0.04,0.47,-70.43,-75.38,-18.92
2026-07-27 13:16:32.106,0.02,-0.04,0.47,-70.43,-75.38,-18.92
2026-07-27 13:16:32.106,0.06,-0.0,0.56,-113.53,-43.82,-12.63
2026-07-27 13:16:32.106,0.31,-0.09,1.2,-11.23,-54.57,4.09
2026-07-27 13:16:32.107,0.12,-0.27,1.11,-59.14,-86.06,3.85
2026-07-27 13:16:32.107,0.12,-0.27,1.11,-59.14,-86.06,3.85
2026-07-27 13:16:32.107,0.02,-0.44,1.11,-123.17,-100.52,-21.18
2026-07-27 13:16:32.582,0.02,-0.44,1.11,-123.17,-100.52,-21.18
2026-07-27 13:16:32.582,-0.03,-0.55,1.09,-160.95,-110.66,-54.08
2026-07-27 13:16:32.586,-0.03,-0.55,1.09,-160.95,-110.66,-54.08
2026-07-27 13:16:32.586,-0.05,-0.54,0.94,-138.85,-102.36,-81.24
2026-07-27 13:16:32.586,-0.09,-0.38,0.69,-88.5,-26.55,-114.32
2026-07-27 13:16:32.586,-0.09,-0.38,0.69,-88.5,-26.55,-114.32
2026-07-27 13:16:32.586,-0.08,-0.2,0.52,-28.93,97.11,-140.56
2026-07-27 13:16:32.587,-0.08,-0.2,0.52,-28.93,97.11,-140.56
2026-07-27 13:16:32.587,0.04,-0.04,0.56,34.67,182.37,-134.16
2026-07-27 13:16:32.588,0.04,-0.04,0.56,34.67,182.37,-134.16
2026-07-27 13:16:32.588,0.26,0.03,0.72,50.17,172.06,-108.34
2026-07-27 13:16:32.588,0.46,-0.03,0.86,0.79,88.44,-91.19
2026-07-27 13:16:32.591,0.46,-0.03,0.86,0.79,88.44,-91.19
2026-07-27 13:16:32.591,0.53,-0.09,0.96,-47.24,5.31,-89.9
2026-07-27 13:16:32.591,0.53,-0.09,0.96,-47.24,5.31,-89.9
2026-07-27 13:16:32.591,0.47,-0.09,0.99,-39.67,-27.4,-93.02
2026-07-27 13:16:32.591,0.47,-0.09,0.99,-39.67,-27.4,-93.02
2026-07-27 13:16:32.592,0.33,-0.02,0.96,-2.56,-15.38,-91.8
2026-07-27 13:16:32.592,0.33,-0.02,0.96,18.62,9.16,-83.98
2026-07-27 13:16:32.593,0.22,0.05,0.95,18.62,9.16,-83.98
2026-07-27 13:16:32.593,0.12,0.09,0.99,17.33,23.07,-70.68
2026-07-27 13:16:32.594,0.12,0.09,0.99,17.33,23.07,-70.68
2026-07-27 13:16:32.596,0.02,0.09,1.1,4.82,22.64,-57.01
2026-07-27 13:16:32.596,0.02,0.09,1.1,4.82,22.64,-57.01
2026-07-27 13:16:32.596,-0.08,0.1,1.19,-1.77,19.71,-48.77
2026-07-27 13:16:32.597,-0.08,0.1,1.19,-1.77,19.71,-48.77
2026-07-27 13:16:32.597,-0.21,0.04,1.16,8.67,16.6,-42.11
2026-07-27 13:16:32.597,-0.21,0.04,1.16,7.08,9.4,-28.26
2026-07-27 13:16:32.597,-0.24,-0.08,1.05,7.08,9.4,-28.26
2026-07-27 13:16:32.653,-0.09,-0.08,0.96,-19.29,8.67,-22.52
2026-07-27 13:16:32.654,-0.09,-0.08,0.96,-19.29,8.67,-22.52
2026-07-27 13:16:32.656,0.11,0.04,0.94,-31.01,27.53,-43.15
2026-07-27 13:16:32.656,0.11,0.04,0.94,-31.01,27.53,-43.15
2026-07-27 13:16:32.656,0.26,0.18,0.96,-19.47,54.87,-69.7
2026-07-27 13:16:32.656,0.26,0.18,0.96,-19.47,54.87,-69.7
2026-07-27 13:16:32.656,0.35,0.24,0.94,-10.93,67.81,-67.99
2026-07-27 13:16:32.704,0.35,0.24,0.94,-10.93,67.81,-67.99
2026-07-27 13:16:32.888,0.4,0.2,0.87,-14.22,66.77,-37.41
2026-07-27 13:16:32.888,0.43,0.08,0.85,-25.15,65.06,-3.78
2026-07-27 13:16:32.889,0.43,0.08,0.85,-25.15,65.06,-3.78
2026-07-27 13:16:32.889,0.42,-0.05,0.92,-34.73,59.75,17.94
2026-07-27 13:16:32.889,0.42,-0.05,0.92,-34.73,59.75,17.94
2026-07-27 13:16:32.891,0.35,-0.14,1.0,-34.55,31.98,34.36
2026-07-27 13:16:32.892,0.35,-0.14,1.0,-34.55,31.98,34.36
2026-07-27 13:16:32.892,0.26,-0.17,1.02,-35.16,-11.72,56.88
2026-07-27 13:16:32.892,0.15,-0.21,1.08,-44.37,-38.7,79.22
2026-07-27 13:16:32.892,0.15,-0.21,1.08,-44.37,-38.7,79.22
2026-07-27 13:16:32.892,0.11,-0.29,1.16,-48.4,-44.37,88.68
2026-07-27 13:16:32.892,0.11,-0.29,1.16,-48.4,-44.37,88.68
2026-07-27 13:16:32.893,0.13,-0.32,1.18,-34.67,-37.78,73.43
2026-07-27 13:16:32.893,0.13,-0.32,1.18,-34.67,-37.78,73.43
2026-07-27 13:16:32.893,0.17,-0.24,1.22,-7.45,-21.85,29.42
2026-07-27 13:16:32.893,0.19,-0.11,1.3,15.14,-12.21,-22.46
2026-07-27 13:16:32.893,0.19,-0.11,1.3,15.14,-12.21,-22.46
2026-07-27 13:16:32.894,0.13,-0.05,1.31,23.25,-27.22,-48.16
2026-07-27 13:16:32.894,0.13,-0.05,1.31,23.25,-27.22,-48.16
2026-07-27 13:16:32.894,0.02,-0.1,1.23,20.08,-60.24,-38.02
2026-07-27 13:16:32.894,0.02,-0.1,1.23,20.08,-60.24,-38.02
2026-07-27 13:16:33.007,-0.0,-0.16,1.11,14.47,-83.86,-22.03
2026-07-27 13:16:33.007,0.05,-0.18,0.99,13.73,-88.01,-17.7
2026-07-27 13:16:33.007,0.05,-0.18,0.99,13.73,-88.01,-17.7
2026-07-27 13:16:33.008,0.09,-0.22,0.84,10.68,-86.24,-10.07
2026-07-27 13:16:33.976,0.09,-0.22,0.84,10.68,-86.24,-10.07
2026-07-27 13:16:33.977,0.07,-0.3,0.68,-5.49,-78.31,7.14
2026-07-27 13:16:33.980,0.07,-0.3,0.68,-5.49,-78.31,7.14
2026-07-27 13:16:33.980,0.04,-0.38,0.58,-24.17,-50.29,15.32
2026-07-27 13:16:33.980,0.04,-0.38,0.58,-24.17,-50.29,15.32
2026-07-27 13:16:33.980,0.02,-0.35,0.52,-24.11,-14.65,-3.6
2026-07-27 13:16:33.980,0.01,-0.21,0.5,-9.7,9.64,-36.56
2026-07-27 13:16:33.980,0.01,-0.21,0.5,-9.7,9.64,-36.56
2026-07-27 13:16:33.980,0.02,-0.04,0.56,2.93,31.74,-60.24
2026-07-27 13:16:33.980,0.02,-0.04,0.56,2.93,31.74,-60.24
2026-07-27 13:16:34.090,0.04,0.11,0.71,9.95,65.49,-70.62
2026-07-27 13:16:34.091,0.04,0.11,0.71,9.95,65.49,-70.62
2026-07-27 13:16:34.091,0.02,0.19,0.83,8.24,103.64,-64.09
2026-07-27 13:16:34.091,0.02,0.19,0.83,-7.69,128.36,-29.66
2026-07-27 13:16:34.091,-0.1,0.09,0.88,-7.69,128.36,-29.66
2026-07-27 13:16:34.091,-0.3,-0.17,1.04,-42.72,138.85,27.95
2026-07-27 13:16:34.091,-0.3,-0.17,1.04,-42.72,138.85,27.95
2026-07-27 13:16:34.207,-0.4,-0.45,1.36,-87.52,142.21,88.44
2026-07-27 13:16:34.207,-0.4,-0.45,1.36,-87.52,142.21,88.44
2026-07-27 13:16:34.207,-0.37,-0.66,1.57,-114.81,124.39,131.1
2026-07-27 13:16:34.266,-0.37,-0.66,1.57,-114.81,124.39,131.1
2026-07-27 13:16:34.266,-0.27,-0.72,1.44,-105.22,78.49,133.24
2026-07-27 13:16:34.266,-0.17,-0.59,1.08,-55.42,36.8,71.35
2026-07-27 13:16:34.266,-0.17,-0.59,1.08,-55.42,36.8,71.35
2026-07-27 13:16:34.267,-0.12,-0.37,0.74,16.85,30.46,-40.83
2026-07-27 13:16:34.267,-0.12,-0.37,0.74,16.85,30.46,-40.83
2026-07-27 13:16:34.267,-0.12,-0.19,0.58,65.0,52.73,-137.21
2026-07-27 13:16:34.267,-0.12,-0.19,0.58,65.0,52.73,-137.21
2026-07-27 13:16:34.267,-0.16,-0.11,0.59,56.4,84.59,-170.17
2026-07-27 13:16:34.268,-0.16,-0.11,0.59,3.66,120.79,-155.58
2026-07-27 13:16:34.268,-0.24,-0.15,0.7,3.66,120.79,-155.58
2026-07-27 13:16:34.268,-0.3,-0.23,0.86,-50.35,148.32,-128.48
2026-07-27 13:16:34.269,-0.3,-0.23,0.86,-50.35,148.32,-128.48
2026-07-27 13:16:34.269,-0.32,-0.28,0.98,-62.93,145.63,-98.75
2026-07-27 13:16:34.269,-0.32,-0.28,0.98,-62.93,145.63,-98.75
2026-07-27 13:16:34.270,-0.34,-0.38,1.03,-37.35,105.41,-57.37
2026-07-27 13:16:34.270,-0.34,-0.38,1.03,-37.35,105.41,-57.37
2026-07-27 13:16:34.278,-0.39,-0.57,1.01,-13.06,39.43,2.38
2026-07-27 13:16:34.278,-0.42,-0.78,0.95,-5.68,-19.59,53.1
2026-07-27 13:16:34.278,-0.42,-0.78,0.95,-5.68,-19.59,53.1
2026-07-27 13:16:34.278,-0.42,-0.9,0.87,-4.39,-34.48,53.41
2026-07-27 13:16:34.279,-0.42,-0.9,0.87,-4.39,-34.48,53.41
2026-07-27 13:16:34.279,-0.31,-0.83,0.92,-12.51,0.61,12.15
2026-07-27 13:16:34.279,-0.31,-0.83,0.92,-12.51,0.61,12.15
2026-07-27 13:16:34.279,-0.17,-0.66,1.06,-23.32,27.28,-34.55
2026-07-27 13:16:34.383,-0.17,-0.66,1.06,-23.32,27.28,-34.55
2026-07-27 13:16:34.383,-0.13,-0.57,1.1,-26.18,-1.22,-59.81
2026-07-27 13:16:34.384,-0.26,-0.66,1.1,-36.25,-49.5,-58.17
2026-07-27 13:16:34.384,-0.26,-0.66,1.1,-36.25,-49.5,-58.17
2026-07-27 13:16:34.384,-0.44,-0.67,1.08,-23.56,-82.09,-48.16
2026-07-27 13:16:34.393,-0.44,-0.67,1.08,-23.56,-82.09,-48.16
2026-07-27 13:16:34.394,-0.44,-0.51,1.12,26.37,-102.36,-26.98
2026-07-27 13:16:34.394,-0.44,-0.51,1.12,26.37,-102.36,-26.98
2026-07-27 13:16:34.394,-0.36,-0.4,1.24,64.33,-110.11,5.62
2026-07-27 13:16:34.394,-0.36,-0.4,1.24,96.68,-99.24,27.1
2026-07-27 13:16:34.395,-0.41,-0.36,1.22,96.68,-99.24,27.1
2026-07-27 13:16:34.395,-0.57,-0.29,0.98,150.02,-75.62,45.96
2026-07-27 13:16:34.395,-0.57,-0.29,0.98,150.02,-75.62,45.96
2026-07-27 13:16:34.395,-0.64,-0.16,0.65,191.35,-56.52,80.81
2026-07-27 13:16:34.395,-0.64,-0.16,0.65,191.35,-56.52,80.81
2026-07-27 13:16:34.395,-0.58,-0.06,0.42,173.4,-48.52,120.42
2026-07-27 13:16:34.395,-0.43,-0.03,0.38,79.1,-45.84,142.15
2026-07-27 13:16:34.449,-0.43,-0.03,0.38,79.1,-45.84,142.15
2026-07-27 13:16:34.449,-0.3,-0.04,0.51,-15.5,-60.79,123.11
2026-07-27 13:16:34.566,-0.3,-0.04,0.51,-15.5,-60.79,123.11
2026-07-27 13:16:34.567,-0.2,-0.04,0.64,-19.65,-81.24,68.42
2026-07-27 13:16:34.568,-0.14,-0.04,0.64,30.82,-70.98,16.05
2026-07-27 13:16:34.568,-0.14,-0.04,0.64,30.82,-70.98,16.05
2026-07-27 13:16:34.568,-0.12,-0.05,0.61,52.31,-32.04,-11.23
2026-07-27 13:16:34.803,-0.12,-0.05,0.61,52.31,-32.04,-11.23
2026-07-27 13:16:34.803,-0.13,-0.06,0.59,29.79,14.22,-21.36
2026-07-27 13:16:34.803,-0.13,-0.06,0.59,29.79,14.22,-21.36
2026-07-27 13:16:34.804,-0.19,-0.05,0.62,1.89,57.13,-40.22
2026-07-27 13:16:34.809,-0.19,-0.05,0.62,1.89,57.13,-40.22
2026-07-27 13:16:34.810,-0.28,-0.05,0.89,-29.85,66.22,-82.64
2026-07-27 13:16:34.810,-0.28,-0.11,1.29,-91.13,29.17,-124.76
2026-07-27 13:16:34.810,-0.28,-0.11,1.29,-91.13,29.17,-124.76
2026-07-27 13:16:34.811,-0.18,-0.19,1.35,-124.39,7.69,-117.55
2026-07-27 13:16:34.811,-0.18,-0.19,1.35,-124.39,7.69,-117.55
2026-07-27 13:16:34.811,-0.09,-0.27,1.17,-91.74,22.46,-57.31
2026-07-27 13:16:34.864,-0.09,-0.27,1.17,-91.74,22.46,-57.31
2026-07-27 13:16:34.869,-0.01,-0.25,1.07,-34.85,34.55,-0.73
2026-07-27 13:16:34.983,0.05,-0.16,1.15,25.21,43.76,14.4
2026-07-27 13:16:34.984,0.05,-0.16,1.15,25.21,43.76,14.4
2026-07-27 13:16:34.985,0.08,-0.16,1.35,58.65,37.6,12.94
2026-07-27 13:16:34.986,0.08,-0.16,1.35,58.65,37.6,12.94
2026-07-27 13:16:34.986,0.08,-0.23,1.36,60.12,-2.32,20.81
2026-07-27 13:16:34.986,0.08,-0.23,1.36,60.12,-2.32,20.81
2026-07-27 13:16:35.103,-0.04,-0.18,1.16,49.44,-44.92,23.93
2026-07-27 13:16:35.111,-0.04,-0.18,1.16,42.79,-46.57,13.49
2026-07-27 13:16:35.111,-0.15,-0.02,1.01,42.79,-46.57,13.49
2026-07-27 13:16:35.111,-0.17,0.09,0.95,58.29,-12.21,8.12
2026-07-27 13:16:35.112,-0.17,0.09,0.95,58.29,-12.21,8.12
2026-07-27 13:16:35.171,-0.1,0.1,0.9,70.07,1.16,24.23
2026-07-27 13:16:35.171,-0.1,0.1,0.9,70.07,1.16,24.23
2026-07-27 13:16:35.171,0.0,0.04,0.84,46.69,-24.96,52.73
2026-07-27 13:16:35.233,0.0,0.04,0.84,46.69,-24.96,52.73
2026-07-27 13:16:35.233,0.08,0.02,0.73,11.6,-56.76,69.34
2026-07-27 13:16:35.403,0.11,0.05,0.64,-2.14,-60.36,63.96
2026-07-27 13:16:35.404,0.11,0.05,0.64,-2.14,-60.36,63.96
2026-07-27 13:16:35.824,0.09,0.09,0.64,-3.3,-38.09,56.95
2026-07-27 13:16:36.843,0.09,0.09,0.64,-3.3,-38.09,56.95
2026-07-27 13:16:36.844,0.07,0.04,0.72,-10.93,-14.47,66.77
2026-07-27 13:16:36.844,0.07,0.04,0.72,-10.93,-14.47,66.77
2026-07-27 13:16:37.683,0.1,-0.13,0.89,-24.66,1.46,85.14
2026-07-27 13:16:37.683,0.1,-0.13,0.89,-24.66,1.46,85.14
2026-07-27 13:16:37.683,0.21,-0.24,1.17,-30.33,11.78,92.41
2026-07-27 13:16:38.522,0.13,-0.18,1.64,4.21,56.46,70.98
2026-07-27 13:16:38.522,0.13,-0.18,1.64,4.21,56.46,70.98
2026-07-27 13:16:38.525,-0.14,-0.01,1.55,65.92,82.64,44.19
2026-07-27 13:16:38.525,-0.14,-0.01,1.55,65.92,82.64,44.19
2026-07-27 13:16:38.525,-0.31,0.15,0.9,49.74,9.46,53.89
2026-07-27 13:16:38.525,-0.31,0.15,0.9,49.74,9.46,53.89
2026-07-27 13:16:38.526,-0.36,0.13,0.77,-27.28,-34.18,76.17
2026-07-27 13:16:38.526,-0.36,0.13,0.77,-46.87,5.74,69.58
2026-07-27 13:16:38.526,-0.38,0.11,0.9,-46.87,5.74,69.58
2026-07-27 13:16:38.527,-0.39,0.22,0.94,-9.4,36.8,37.29
2026-07-27 13:16:38.527,-0.39,0.22,0.94,-9.4,36.8,37.29
2026-07-27 13:16:38.528,-0.36,0.28,0.95,19.41,39.73,12.51
2026-07-27 13:16:38.528,-0.36,0.28,0.95,19.41,39.73,12.51
2026-07-27 13:16:38.530,-0.3,0.26,0.9,22.28,25.94,10.74
2026-07-27 13:16:38.530,-0.3,0.26,0.9,22.28,25.94,10.74
2026-07-27 13:16:38.532,-0.22,0.2,0.87,19.65,11.72,16.11
2026-07-27 13:16:38.533,-0.15,0.12,0.89,13.85,3.54,19.29
2026-07-27 13:16:38.534,-0.15,0.12,0.89,13.85,3.54,19.29
2026-07-27 13:16:38.534,-0.08,0.08,0.83,1.28,-11.78,21.42
2026-07-27 13:16:39.250,-0.08,0.08,0.83,1.28,-11.78,21.42
2026-07-27 13:16:39.250,-0.0,0.1,0.69,-18.13,-30.03,21.3
2026-07-27 13:16:39.250,-0.0,0.1,0.69,-18.13,-30.03,21.3
2026-07-27 13:16:39.251,0.04,0.13,0.64,-31.56,-27.28,10.5
2026-07-27 13:16:39.251,0.04,0.13,0.64,-31.56,-27.28,10.5
2026-07-27 13:16:39.251,-0.03,0.18,0.84,-30.27,13.43,-15.26
2026-07-27 13:16:39.251,-0.03,0.18,0.84,-34.42,78.19,-48.4
2026-07-27 13:16:39.251,-0.33,0.14,1.27,-34.42,78.19,-48.4
2026-07-27 13:16:39.251,-0.7,0.0,1.65,-52.8,122.8,-73.79
2026-07-27 13:16:39.252,-0.7,0.0,1.65,-52.8,122.8,-73.79
2026-07-27 13:16:39.252,-0.73,-0.01,1.53,-49.62,96.07,-51.82
2026-07-27 13:16:39.252,-0.73,-0.01,1.53,-49.62,96.07,-51.82
2026-07-27 13:16:40.622,-0.39,0.02,1.09,-25.09,22.71,31.25
2026-07-27 13:16:40.622,-0.39,0.02,1.09,-25.09,22.71,31.25
2026-07-27 13:16:41.103,-0.01,-0.02,0.8,1.28,-24.11,109.31
2026-07-27 13:16:41.104,-0.01,-0.02,0.8,1.28,-24.11,109.31
2026-07-27 13:16:41.104,0.14,-0.02,0.68,50.17,-28.2,123.6
2026-07-27 13:16:41.104,0.04,-0.02,0.56,132.08,-0.73,75.99
2026-07-27 13:16:41.104,0.04,-0.02,0.56,132.08,-0.73,75.99
2026-07-27 13:16:41.104,-0.15,-0.01,0.48,178.34,34.79,17.21
2026-07-27 13:16:41.105,-0.15,-0.01,0.48,178.34,34.79,17.21
2026-07-27 13:16:41.106,-0.28,0.11,0.94,90.52,48.03,1.28
2026-07-27 13:16:41.106,-0.28,0.11,0.94,90.52,48.03,1.28
2026-07-27 13:16:41.107,-0.36,0.31,1.57,-46.51,37.11,25.21
2026-07-27 13:16:41.463,-0.36,0.31,1.57,-46.51,37.11,25.21
2026-07-27 13:16:41.463,-0.32,0.25,1.45,-78.37,9.34,65.55
2026-07-27 13:16:41.464,-0.24,-0.0,1.12,-51.15,-3.97,87.65
2026-07-27 13:16:41.464,-0.24,-0.0,1.12,-51.15,-3.97,87.65
2026-07-27 13:16:41.464,-0.37,0.05,0.96,-21.61,22.64,52.49
2026-07-27 13:16:41.464,-0.37,0.05,0.96,-21.61,22.64,52.49
2026-07-27 13:16:41.465,-0.58,0.36,0.78,8.18,48.65,-6.1
2026-07-27 13:16:41.465,-0.58,0.36,0.78,8.18,48.65,-6.1
2026-07-27 13:16:41.466,-0.66,0.49,0.72,16.11,56.46,-32.35
2026-07-27 13:16:41.471,-0.66,0.49,0.72,16.11,56.46,-32.35
2026-07-27 13:16:41.472,-0.66,0.49,0.72,16.11,56.46,-32.35
2026-07-27 13:16:41.472,-0.66,0.49,0.72,16.11,56.46,-32.35
2026-07-27 13:16:41.485,-0.76,0.45,0.74,8.73,68.73,-36.07
2026-07-27 13:16:41.487,-0.24,0.11,0.96,-32.96,-94.42,55.18
2026-07-27 13:16:41.487,-0.24,0.11,0.96,-32.96,-94.42,55.18
2026-07-27 13:16:41.487,-0.06,0.06,0.89,-15.93,-162.54,108.03
2026-07-27 13:16:41.487,-0.5,0.11,0.74,115.84,30.64,-139.95
2026-07-27 13:16:41.487,-0.47,0.29,0.73,102.91,-4.64,-83.74
2026-07-27 13:16:41.487,-0.43,0.17,0.74,-28.5,30.03,57.62
2026-07-27 13:16:41.488,-0.43,0.17,0.74,-28.5,30.03,57.62
2026-07-27 13:16:41.488,-0.52,0.19,0.79,-8.97,33.08,43.4
2026-07-27 13:16:41.488,-0.52,0.19,0.79,-8.97,33.08,43.4
2026-07-27 13:16:41.488,-0.53,0.17,0.86,-7.51,5.62,51.33
2026-07-27 13:16:41.489,-0.53,0.17,0.86,-7.51,5.62,51.33
2026-07-27 13:16:41.489,-0.46,0.15,0.9,-10.01,-48.1,74.52
2026-07-27 13:16:41.489,-0.46,0.15,0.9,-12.02,-78.49,88.75
2026-07-27 13:16:41.489,-0.37,0.17,0.91,-12.02,-78.49,88.75
2026-07-27 13:16:41.489,-0.3,0.17,0.88,-14.53,-57.98,77.7
2026-07-27 13:16:41.489,-0.3,0.17,0.88,-14.53,-57.98,77.7
2026-07-27 13:16:41.490,-0.26,0.15,0.83,-12.88,-26.49,52.43
2026-07-27 13:16:41.490,-0.26,0.15,0.83,-12.88,-26.49,52.43
2026-07-27 13:16:41.490,-0.26,0.18,0.86,-11.47,-17.94,33.39
2026-07-27 13:16:41.490,-0.26,0.18,0.86,-11.47,-17.94,33.39
2026-07-27 13:16:41.490,-0.34,0.31,0.96,-18.07,-21.91,28.56
2026-07-27 13:16:41.491,-0.34,0.31,0.96,-18.07,-21.91,28.56
2026-07-27 13:16:41.491,-0.39,0.45,1.04,-25.27,-32.84,47.91
2026-07-27 13:16:41.492,-0.22,0.37,1.09,-45.78,-56.09,88.81
2026-07-27 13:16:41.492,-0.22,0.37,1.09,-45.78,-56.09,88.81
2026-07-27 13:16:41.492,-0.4,-0.02,0.72,4.58,-8.0,74.89
2026-07-27 13:16:41.493,-0.4,-0.02,0.72,4.58,-8.0,74.89
2026-07-27 13:16:41.493,-0.37,-0.06,0.74,-13.98,-13.43,72.33
2026-07-27 13:16:41.493,-0.37,-0.06,0.74,-13.98,-13.43,72.33
2026-07-27 13:16:41.493,-0.35,-0.08,0.77,-46.14,-24.41,59.63
2026-07-27 13:16:41.493,-0.35,-0.08,0.77,-46.14,-24.41,59.63
2026-07-27 13:16:41.493,-0.28,-0.09,0.79,-57.68,-22.83,43.7
2026-07-27 13:16:41.493,-0.28,-0.09,0.79,-57.68,-22.83,43.7
2026-07-27 13:16:41.494,-0.2,-0.1,0.79,-41.26,-9.16,15.62
2026-07-27 13:16:41.522,-0.19,-0.08,0.79,-15.44,2.32,-12.02
2026-07-27 13:16:41.522,-0.19,-0.08,0.79,-15.44,2.32,-12.02
2026-07-27 13:16:41.522,-0.2,-0.03,0.86,2.56,8.67,-8.06
2026-07-27 13:16:41.534,-0.07,-0.15,1.08,-72.88,4.15,50.48
2026-07-27 13:16:41.702,-0.28,0.15,0.71,38.57,-23.86,-77.82
2026-07-27 13:16:41.702,-0.28,0.32,0.75,35.83,-7.51,-37.84
2026-07-27 13:16:41.704,-0.28,0.32,0.75,35.83,-7.51,-37.84
2026-07-27 13:16:41.708,-0.23,0.35,0.87,30.88,11.72,25.82
2026-07-27 13:16:41.708,-0.23,0.35,0.87,30.88,11.72,25.82
2026-07-27 13:16:41.708,0.21,-0.14,1.1,22.52,28.93,94.97
2026-07-27 13:16:41.708,0.21,-0.14,1.1,3.78,9.22,113.46
2026-07-27 13:16:41.709,0.69,-0.63,1.26,3.78,9.22,113.46
2026-07-27 13:16:41.709,0.63,-0.49,1.12,-14.34,-37.96,54.57
2026-07-27 13:16:41.709,0.63,-0.49,1.12,-14.34,-37.96,54.57
2026-07-27 13:16:41.709,0.31,-0.14,0.96,-20.94,-57.56,-11.11
2026-07-27 13:16:41.709,-0.22,0.3,1.04,92.29,100.4,-38.57
2026-07-27 13:16:41.709,-0.19,0.22,0.87,37.84,59.63,26.43
2026-07-27 13:16:41.710,-0.19,0.22,0.87,37.84,59.63,26.43
2026-07-27 13:16:41.710,-0.19,0.17,0.79,-28.87,1.34,92.47
2026-07-27 13:16:41.710,-0.19,0.17,0.79,-28.87,1.34,92.47
2026-07-27 13:16:41.710,-0.2,0.12,0.89,-54.02,-10.25,111.27
2026-07-27 13:16:41.717,-0.17,0.12,1.06,-54.63,4.09,89.23
2026-07-27 13:16:41.717,-0.17,0.12,1.06,-54.63,4.09,89.23
2026-07-27 13:16:41.718,-0.08,0.11,1.13,-60.3,2.44,51.51
2026-07-27 13:16:41.719,-0.08,0.11,1.13,-60.3,2.44,51.51
2026-07-27 13:16:41.720,-0.01,0.05,1.07,-69.95,-21.91,6.47
2026-07-27 13:16:41.822,-0.01,0.05,1.07,-69.95,-21.91,6.47
2026-07-27 13:16:41.823,0.01,0.0,0.94,-55.11,-37.35,-35.46
2026-07-27 13:16:41.825,0.01,0.0,0.94,-55.11,-37.35,-35.46
2026-07-27 13:16:41.825,0.03,-0.0,0.82,-10.99,-20.32,-59.27
2026-07-27 13:16:41.825,0.03,0.03,0.78,29.11,14.47,-64.76
2026-07-27 13:16:42.422,0.03,0.03,0.78,29.11,14.47,-64.76
2026-07-27 13:16:42.423,0.02,0.05,0.86,40.53,43.03,-55.6
2026-07-27 13:16:42.423,0.02,0.05,0.86,40.53,43.03,-55.6
2026-07-27 13:16:42.423,0.05,0.02,1.07,18.74,48.77,-32.29
2026-07-27 13:16:42.426,0.05,0.02,1.07,18.74,48.77,-32.29
2026-07-27 13:16:42.426,0.1,-0.04,1.27,-13.92,31.25,-7.81
2026-07-27 13:16:42.426,0.1,-0.09,1.27,-27.22,9.34,-2.2
2026-07-27 13:16:42.426,0.1,-0.09,1.27,-27.22,9.34,-2.2
2026-07-27 13:16:42.426,0.07,-0.14,1.14,-22.28,-2.99,-11.72
2026-07-27 13:16:42.427,0.07,-0.14,1.14,-22.28,-2.99,-11.72
2026-07-27 13:16:42.427,0.08,-0.16,1.06,-15.44,-5.68,-23.25
2026-07-27 13:16:42.429,0.08,-0.16,1.06,-15.44,-5.68,-23.25
2026-07-27 13:16:42.429,0.05,-0.07,1.08,-10.44,2.75,-42.97
2026-07-27 13:16:42.430,0.05,-0.07,1.08,-10.44,2.75,-42.97
2026-07-27 13:16:42.430,-0.01,0.07,1.08,-12.45,10.44,-57.56
2026-07-27 13:16:42.551,-0.03,0.09,0.98,-24.23,-3.48,-37.41
2026-07-27 13:16:42.551,-0.03,0.09,0.98,-24.23,-3.48,-37.41
2026-07-27 13:16:42.551,0.0,-0.11,0.86,-37.96,-32.59,19.35
2026-07-27 13:16:42.551,0.0,-0.11,0.86,-37.96,-32.59,19.35
2026-07-27 13:16:42.551,0.05,-0.33,0.9,-47.67,-47.85,62.87
2026-07-27 13:16:42.551,0.05,-0.33,0.9,-47.67,-47.85,62.87
2026-07-27 13:16:42.785,0.02,-0.33,1.0,-38.02,-34.85,34.67
2026-07-27 13:16:42.786,0.02,-0.33,1.0,-38.02,-34.85,34.67
2026-07-27 13:16:42.787,-0.04,-0.18,1.01,-7.69,-17.58,-28.75
2026-07-27 13:16:42.787,-0.04,-0.11,0.92,14.65,-16.3,-53.59
2026-07-27 13:16:42.787,-0.04,-0.11,0.92,14.65,-16.3,-53.59
2026-07-27 13:16:42.787,-0.0,-0.16,0.87,19.35,-16.42,-37.41
2026-07-27 13:16:42.787,-0.0,-0.16,0.87,19.35,-16.42,-37.41
2026-07-27 13:16:42.788,0.02,-0.18,0.9,20.26,-5.43,-17.82
2026-07-27 13:16:42.788,0.02,-0.18,0.9,20.26,-5.43,-17.82
2026-07-27 13:16:42.788,0.03,-0.15,0.93,21.42,7.26,-8.79
2026-07-27 13:16:42.788,0.05,-0.14,0.94,18.31,10.56,0.31
2026-07-27 13:16:42.791,0.05,-0.14,0.94,18.31,10.56,0.31
2026-07-27 13:16:42.798,0.1,-0.12,0.95,15.08,9.03,6.41
2026-07-27 13:16:42.798,0.1,-0.12,0.95,15.08,9.03,6.41
2026-07-27 13:16:42.799,0.12,-0.09,0.94,20.02,7.45,0.43
2026-07-27 13:16:42.799,0.12,-0.09,0.94,20.02,7.45,0.43
2026-07-27 13:16:42.799,0.16,-0.09,0.94,27.59,4.76,-6.35
2026-07-27 13:16:42.799,0.16,-0.09,0.94,28.69,5.49,0.12
2026-07-27 13:16:42.799,0.19,-0.14,0.97,28.69,5.49,0.12
2026-07-27 13:16:42.800,0.17,-0.14,0.99,26.37,11.84,15.26
2026-07-27 13:16:42.800,0.17,-0.14,0.99,26.37,11.84,15.26
2026-07-27 13:16:42.800,0.13,-0.11,0.99,16.97,11.96,21.18
2026-07-27 13:16:43.025,0.13,-0.11,0.99,16.97,11.96,21.18
2026-07-27 13:16:43.025,0.12,-0.09,1.06,-1.04,0.18,9.95
2026-07-27 13:16:43.025,0.12,-0.09,1.06,-1.04,0.18,9.95
2026-07-27 13:16:43.031,0.03,-0.01,1.15,5.43,8.18,-16.97
2026-07-27 13:16:43.032,0.03,-0.01,1.15,33.57,28.69,-40.71
2026-07-27 13:16:43.032,-0.05,0.08,1.16,33.57,28.69,-40.71
2026-07-27 13:16:43.032,-0.06,0.09,1.08,32.41,2.62,-27.77
2026-07-27 13:16:43.032,-0.06,0.09,1.08,32.41,2.62,-27.77
2026-07-27 13:16:43.032,-0.06,0.08,0.95,19.84,-53.22,21.36
2026-07-27 13:16:43.033,-0.06,0.08,0.95,19.84,-53.22,21.36
2026-07-27 13:16:43.146,-0.04,0.14,0.81,50.72,-67.63,70.74
2026-07-27 13:16:43.146,-0.04,0.14,0.81,50.72,-67.63,70.74
2026-07-27 13:16:43.146,-0.02,0.21,0.78,85.69,-29.6,93.44
2026-07-27 13:16:43.148,0.0,0.18,0.92,61.22,12.63,79.96
2026-07-27 13:16:43.149,0.0,0.18,0.92,61.22,12.63,79.96
2026-07-27 13:16:43.206,0.03,0.14,1.12,5.37,26.55,41.63
2026-07-27 13:16:43.207,0.03,0.14,1.12,5.37,26.55,41.63
2026-07-27 13:16:43.207,0.01,0.19,1.17,-24.29,19.04,1.28
2026-07-27 13:16:43.445,0.01,0.19,1.17,-24.29,19.04,1.28
2026-07-27 13:16:43.445,-0.06,0.23,1.04,-15.14,8.12,-23.68
2026-07-27 13:16:44.172,-0.06,0.23,1.04,-15.14,8.12,-23.68
2026-07-27 13:16:44.174,-0.1,0.2,0.88,4.58,2.93,-25.15
2026-07-27 13:16:44.176,-0.08,0.14,0.85,8.67,4.46,-13.24
2026-07-27 13:16:44.178,-0.08,0.14,0.85,8.67,4.46,-13.24
2026-07-27 13:16:44.178,-0.01,0.09,0.94,-0.85,10.56,-5.49
2026-07-27 13:16:44.178,-0.01,0.09,0.94,-0.85,10.56,-5.49
2026-07-27 13:16:44.179,0.04,0.04,1.04,-12.15,15.75,-9.95
2026-07-27 13:16:44.179,0.04,0.04,1.04,-12.15,15.75,-9.95
2026-07-27 13:16:44.179,0.06,0.02,1.08,-19.1,14.1,-23.56
2026-07-27 13:16:44.179,0.06,0.02,1.08,-19.1,14.1,-23.56
2026-07-27 13:16:44.179,0.03,0.06,1.04,-16.54,9.34,-44.8
2026-07-27 13:16:44.180,-0.0,0.15,0.97,-5.92,9.77,-68.12
2026-07-27 13:16:44.180,-0.0,0.15,0.97,-5.92,9.77,-68.12
2026-07-27 13:16:44.180,0.04,0.18,0.94,-0.67,13.85,-81.6
2026-07-27 13:16:44.180,0.04,0.18,0.94,-0.67,13.85,-81.6
2026-07-27 13:16:44.180,0.15,0.12,0.99,-9.77,15.2,-84.41
2026-07-27 13:16:44.181,0.15,0.12,0.99,-9.77,15.2,-84.41
2026-07-27 13:16:44.181,0.22,0.07,1.04,-26.55,9.77,-80.38
2026-07-27 13:16:44.183,0.22,0.07,1.04,-26.55,9.77,-80.38
2026-07-27 13:16:44.183,0.21,0.1,1.07,-39.98,0.12,-67.08
2026-07-27 13:16:44.184,0.13,0.15,1.14,-40.22,-0.43,-48.95
2026-07-27 13:16:44.185,0.13,0.15,1.14,-40.22,-0.43,-48.95
2026-07-27 13:16:44.185,0.03,0.15,1.17,-33.14,6.77,-24.41
2026-07-27 13:16:44.185,0.03,0.15,1.17,-33.14,6.77,-24.41
2026-07-27 13:16:44.185,-0.0,0.02,1.11,-42.05,-0.49,21.73
2026-07-27 13:16:44.186,-0.0,0.02,1.11,-42.05,-0.49,21.73
2026-07-27 13:16:44.186,0.04,-0.13,0.99,-65.92,-26.25,80.57
2026-07-27 13:16:44.191,0.04,-0.13,0.99,-65.92,-26.25,80.57
2026-07-27 13:16:44.191,0.1,-0.19,0.93,-76.17,-47.0,108.52
2026-07-27 13:16:44.191,0.1,-0.19,0.93,-50.17,-40.1,81.48
2026-07-27 13:16:44.191,0.11,-0.12,0.93,-50.17,-40.1,81.48
2026-07-27 13:16:44.191,0.01,-0.0,0.95,-4.7,-17.58,29.97
2026-07-27 13:16:44.191,0.01,-0.0,0.95,-4.7,-17.58,29.97
2026-07-27 13:16:44.193,-0.1,0.07,0.97,16.97,-10.31,4.21
2026-07-27 13:16:44.193,-0.1,0.07,0.97,16.97,-10.31,4.21
2026-07-27 13:16:44.193,-0.13,0.01,0.96,9.16,-22.95,20.39
2026-07-27 13:16:44.193,-0.13,0.01,0.96,9.16,-22.95,20.39
2026-07-27 13:16:44.193,-0.07,-0.13,0.91,-2.38,-36.68,51.33
2026-07-27 13:16:44.193,-0.07,-0.13,0.91,-2.38,-36.68,51.33
2026-07-27 13:16:44.193,0.05,-0.25,0.88,-4.46,-38.88,66.59
2026-07-27 13:16:44.194,0.05,-0.25,0.88,-4.46,-38.88,66.59
2026-07-27 13:16:44.194,0.05,-0.25,0.88,-4.46,-38.88,66.59
2026-07-27 13:16:44.194,0.05,-0.25,0.88,-4.46,-38.88,66.59
2026-07-27 13:16:44.402,0.23,-0.2,0.97,10.8,-23.62,37.9
2026-07-27 13:16:44.403,0.23,-0.15,0.96,18.31,-20.26,21.85
2026-07-27 13:16:44.406,0.23,-0.15,0.96,18.31,-20.26,21.85
2026-07-27 13:16:44.406,0.26,-0.2,0.91,21.91,-17.27,13.12
2026-07-27 13:16:44.407,0.26,-0.2,0.91,21.91,-17.27,13.12
2026-07-27 13:16:44.408,0.26,-0.17,0.86,30.27,-4.39,-4.88
2026-07-27 13:16:44.408,0.26,-0.17,0.86,30.27,-4.39,-4.88
2026-07-27 13:16:44.416,0.16,0.02,0.88,46.08,18.74,-30.88
2026-07-27 13:16:44.416,0.02,0.21,0.92,53.65,35.1,-28.93
2026-07-27 13:16:44.418,0.02,0.21,0.92,53.65,35.1,-28.93
2026-07-27 13:16:44.589,-0.09,0.27,0.95,44.13,36.99,20.14
2026-07-27 13:16:44.589,-0.09,0.27,0.95,44.13,36.99,20.14
2026-07-27 13:16:44.590,-0.11,0.22,1.04,20.87,32.29,97.23
2026-07-27 13:16:44.590,-0.11,0.22,1.04,20.87,32.29,97.23
2026-07-27 13:16:44.590,-0.07,0.11,1.12,2.62,28.32,173.71
2026-07-27 13:16:44.591,-0.03,-0.03,1.09,6.16,28.63,228.64
2026-07-27 13:16:44.591,-0.03,-0.03,1.09,6.16,28.63,228.64
2026-07-27 13:16:44.649,0.07,-0.17,1.01,14.04,25.09,251.65
2026-07-27 13:16:44.649,0.07,-0.17,1.01,14.04,25.09,251.65
2026-07-27 13:16:44.649,0.17,-0.17,0.99,6.96,15.08,225.34
2026-07-27 13:16:44.763,0.17,-0.17,0.99,-14.22,4.76,145.2
2026-07-27 13:16:44.764,0.16,0.03,1.06,-14.22,4.76,145.2
2026-07-27 13:16:44.764,0.04,0.22,1.18,-39.61,-11.23,59.45
2026-07-27 13:16:45.665,0.04,0.22,1.18,-39.61,-11.23,59.45
2026-07-27 13:16:45.723,-0.09,0.3,1.25,-53.34,-32.78,12.21
2026-07-27 13:16:45.723,-0.09,0.3,1.25,-53.34,-32.78,12.21
2026-07-27 13:16:45.724,-0.18,0.33,1.21,-45.9,-48.1,-5.07
2026-07-27 13:16:46.263,-0.18,0.33,1.21,-45.9,-48.1,-5.07
2026-07-27 13:16:46.263,-0.24,0.33,1.07,-22.16,-50.9,-8.91
2026-07-27 13:16:46.266,-0.25,0.31,0.92,1.1,-44.13,1.1
2026-07-27 13:16:46.266,-0.25,0.31,0.92,1.1,-44.13,1.1
2026-07-27 13:16:46.266,-0.2,0.27,0.84,10.99,-31.98,25.15
2026-07-27 13:16:46.267,-0.2,0.27,0.84,10.99,-31.98,25.15
2026-07-27 13:16:46.267,-0.13,0.23,0.82,9.7,-17.94,55.6
2026-07-27 13:16:46.267,-0.13,0.23,0.82,9.7,-17.94,55.6
2026-07-27 13:16:46.267,-0.06,0.19,0.85,6.1,-4.21,81.97
2026-07-27 13:16:46.267,-0.06,0.19,0.85,6.1,-4.21,81.97
2026-07-27 13:16:46.268,-0.0,0.16,0.92,5.62,8.06,99.37
2026-07-27 13:16:46.268,0.04,0.12,1.0,4.64,15.81,112.37
2026-07-27 13:16:46.268,0.04,0.12,1.0,4.64,15.81,112.37
2026-07-27 13:16:46.269,0.12,-0.03,1.08,-4.03,13.73,127.75
2026-07-27 13:16:46.269,0.12,-0.03,1.08,-4.03,13.73,127.75
2026-07-27 13:16:46.382,0.25,-0.25,1.13,-19.41,-0.37,140.69
2026-07-27 13:16:46.382,0.25,-0.25,1.13,-19.41,-0.37,140.69
2026-07-27 13:16:46.383,0.32,-0.31,1.18,-28.44,-17.03,123.72
2026-07-27 13:16:46.386,0.32,-0.31,1.18,-28.44,-17.03,123.72
2026-07-27 13:16:46.386,0.23,-0.18,1.21,-22.52,-26.73,68.79
2026-07-27 13:16:46.387,0.03,-0.03,1.19,-8.12,-32.84,18.98
2026-07-27 13:16:46.387,0.03,-0.03,1.19,-8.12,-32.84,18.98
2026-07-27 13:16:46.387,-0.12,0.06,1.1,4.09,-36.62,10.68
2026-07-27 13:16:46.387,-0.12,0.06,1.1,4.09,-36.62,10.68
2026-07-27 13:16:46.388,-0.17,0.11,0.98,11.6,-33.75,38.39
2026-07-27 13:16:46.388,-0.17,0.11,0.98,11.6,-33.75,38.39
2026-07-27 13:16:46.388,-0.18,0.07,0.88,15.87,-26.25,84.17
2026-07-27 13:16:46.389,-0.18,0.07,0.88,15.87,-26.25,84.17
2026-07-27 13:16:46.389,-0.2,-0.06,0.92,14.22,-19.04,134.09
2026-07-27 13:16:46.389,-0.2,-0.06,0.92,14.22,-19.04,134.09
2026-07-27 13:16:46.394,-0.2,-0.24,1.07,22.52,-7.2,179.63
2026-07-27 13:16:46.394,-0.16,-0.33,1.11,65.19,18.07,215.76
2026-07-27 13:16:46.394,-0.16,-0.33,1.11,65.19,18.07,215.76
2026-07-27 13:16:46.394,-0.13,-0.33,1.01,108.64,35.89,223.39
2026-07-27 13:16:46.395,-0.13,-0.33,1.01,108.64,35.89,223.39
2026-07-27 13:16:46.395,-0.12,-0.27,0.9,106.87,25.39,187.74
2026-07-27 13:16:46.395,-0.12,-0.27,0.9,106.87,25.39,187.74
2026-07-27 13:16:46.396,-0.13,-0.13,0.83,78.06,7.2,124.88
2026-07-27 13:16:46.396,-0.13,-0.13,0.83,78.06,7.2,124.88
2026-07-27 13:16:46.396,-0.14,-0.03,0.82,46.08,3.48,67.08
2026-07-27 13:16:46.396,-0.08,-0.07,0.9,8.73,10.86,37.84
2026-07-27 13:16:46.397,-0.08,-0.07,0.9,8.73,10.86,37.84
2026-07-27 13:16:46.397,0.05,-0.17,1.06,-21.55,17.21,30.88
2026-07-27 13:16:46.399,0.05,-0.17,1.06,-21.55,17.21,30.88
2026-07-27 13:16:46.399,0.12,-0.17,1.16,-27.71,11.47,20.63
2026-07-27 13:16:46.399,0.12,-0.17,1.16,-27.71,11.47,20.63
2026-07-27 13:16:46.399,0.08,-0.03,1.09,-15.75,-11.29,1.4
2026-07-27 13:16:46.399,0.08,-0.03,1.09,-15.75,-11.29,1.4
2026-07-27 13:16:46.401,0.02,0.13,0.97,-3.17,-33.08,-11.6
2026-07-27 13:16:46.402,0.02,0.13,0.97,1.89,-34.24,-7.51
2026-07-27 13:16:46.407,0.02,0.2,0.91,1.89,-34.24,-7.51
2026-07-27 13:16:46.408,0.05,0.19,0.9,1.95,-20.63,9.64
2026-07-27 13:16:46.408,0.05,0.19,0.9,1.95,-20.63,9.64
2026-07-27 13:16:46.408,0.08,0.15,0.89,0.0,-6.53,26.12
2026-07-27 13:16:46.408,0.08,0.15,0.89,0.0,-6.53,26.12
2026-07-27 13:16:46.408,0.09,0.1,0.88,-6.1,2.08,35.83
2026-07-27 13:16:46.408,0.09,0.1,0.88,-6.1,2.08,35.83
2026-07-27 13:16:46.409,0.08,0.06,0.9,-22.46,0.79,38.45
2026-07-27 13:16:46.409,0.08,0.06,0.9,-22.46,0.79,38.45
2026-07-27 13:16:46.409,0.05,0.06,0.97,-44.07,-7.14,29.6
2026-07-27 13:16:46.409,0.05,0.06,0.97,-48.83,-10.8,14.65
2026-07-27 13:16:46.409,0.08,-0.03,0.94,18.43,-5.98,2.93
2026-07-27 13:16:46.409,0.08,-0.03,0.94,18.43,-5.98,2.93
2026-07-27 13:16:46.409,0.09,-0.01,0.88,25.15,1.28,9.58
2026-07-27 13:16:46.410,0.09,-0.01,0.88,25.15,1.28,9.58
2026-07-27 13:16:46.410,0.1,0.02,0.91,20.75,11.23,22.22
2026-07-27 13:16:46.410,0.08,0.06,0.95,13.67,19.1,32.78
2026-07-27 13:16:47.115,0.08,0.06,0.95,13.67,19.1,32.78
2026-07-27 13:16:47.115,0.05,0.09,0.96,11.78,22.83,37.41
2026-07-27 13:16:47.115,0.05,0.09,0.96,11.78,22.83,37.41
2026-07-27 13:16:47.115,0.03,0.08,0.94,14.89,24.41,40.41
2026-07-27 13:16:47.115,0.03,0.08,0.94,17.46,26.06,44.07
2026-07-27 13:16:47.115,0.03,0.04,0.95,17.46,26.06,44.07
2026-07-27 13:16:47.115,0.04,0.01,0.98,17.15,27.1,44.19
2026-07-27 13:16:47.115,0.04,0.01,0.98,17.15,27.1,44.19
2026-07-27 13:16:47.115,0.03,-0.02,1.0,16.6,26.49,36.13
2026-07-27 13:16:47.115,0.03,-0.02,1.0,16.6,26.49,36.13
2026-07-27 13:16:47.115,-0.0,-0.04,1.02,16.05,25.63,20.2
2026-07-27 13:16:47.116,-0.04,-0.05,1.09,12.51,27.16,1.16
2026-07-27 13:16:47.116,-0.04,-0.05,1.09,12.51,27.16,1.16
2026-07-27 13:16:47.116,-0.06,-0.03,1.19,6.41,30.09,-17.46
2026-07-27 13:16:47.116,-0.06,-0.03,1.19,6.41,30.09,-17.46
2026-07-27 13:16:47.116,-0.04,0.01,1.24,4.09,28.75,-32.84
2026-07-27 13:16:47.117,-0.04,0.01,1.24,4.09,28.75,-32.84
2026-07-27 13:16:47.117,0.01,0.04,1.17,7.87,18.55,-40.34
2026-07-27 13:16:47.118,0.01,0.04,1.17,7.87,18.55,-40.34
2026-07-27 13:16:47.118,0.03,0.05,1.04,11.05,2.62,-40.77
2026-07-27 13:16:47.118,-0.01,0.08,0.95,6.84,-11.47,-39.0
2026-07-27 13:16:47.119,-0.01,0.08,0.95,6.84,-11.47,-39.0
2026-07-27 13:16:47.119,-0.05,0.17,0.93,-1.04,-18.68,-37.41
2026-07-27 13:16:47.119,-0.05,0.17,0.93,-1.04,-18.68,-37.41
2026-07-27 13:16:47.119,-0.08,0.27,0.93,-2.14,-20.32,-36.13
2026-07-27 13:16:47.119,-0.08,0.27,0.93,-2.14,-20.32,-36.13
2026-07-27 13:16:47.119,-0.11,0.31,0.92,2.81,-21.42,-25.09
2026-07-27 13:16:47.119,-0.11,0.31,0.92,2.81,-21.42,-25.09
2026-07-27 13:16:47.120,-0.14,0.25,0.96,0.79,-22.34,1.16
2026-07-27 13:16:47.120,-0.14,0.25,0.96,-9.83,-21.36,24.6
2026-07-27 13:16:47.121,-0.11,0.2,1.08,-9.83,-21.36,24.6
2026-07-27 13:16:47.121,-0.1,0.19,1.12,-11.41,-21.61,26.86
2026-07-27 13:16:47.226,-0.1,0.19,1.12,-11.41,-21.61,26.86
2026-07-27 13:16:47.227,-0.12,0.19,1.04,2.69,-24.35,16.3
2026-07-27 13:16:47.227,-0.12,0.19,1.04,2.69,-24.35,16.3
2026-07-27 13:16:47.227,-0.12,0.2,0.98,18.55,-23.62,8.67
2026-07-27 13:16:47.227,-0.12,0.2,0.98,18.55,-23.62,8.67
2026-07-27 13:16:47.583,-0.13,0.21,0.97,29.54,-18.01,7.02
2026-07-27 13:16:47.589,-0.13,0.15,0.93,33.08,-14.4,17.33
2026-07-27 13:16:47.589,-0.13,0.15,0.93,33.08,-14.4,17.33
2026-07-27 13:16:47.590,-0.09,0.06,0.89,21.48,-14.71,40.28
2026-07-27 13:16:47.591,-0.09,0.06,0.89,21.48,-14.71,40.28
2026-07-27 13:16:47.591,-0.02,0.0,0.89,0.98,-12.15,52.92
2026-07-27 13:16:47.592,-0.02,0.0,0.89,0.98,-12.15,52.92
2026-07-27 13:16:47.593,0.04,0.03,0.94,-13.92,-3.05,39.43
2026-07-27 13:16:47.593,0.04,0.03,0.94,-13.92,-3.05,39.43
2026-07-27 13:16:47.593,0.08,0.1,0.99,-21.24,9.34,12.88
2026-07-27 13:16:47.594,0.1,0.16,1.05,-27.34,20.94,-5.98
2026-07-27 13:16:47.594,0.1,0.16,1.05,-27.34,20.94,-5.98
2026-07-27 13:16:47.595,0.14,0.14,1.14,-44.13,35.71,-11.84
2026-07-27 13:16:47.595,0.14,0.14,1.14,-44.13,35.71,-11.84
2026-07-27 13:16:47.595,0.2,0.08,1.24,-86.18,54.14,-13.0
2026-07-27 13:16:47.595,0.2,0.08,1.24,-86.18,54.14,-13.0
2026-07-27 13:16:47.643,0.17,0.0,1.17,-121.22,51.82,-8.85
2026-07-27 13:16:47.643,0.17,0.0,1.17,-102.11,22.77,-5.43
2026-07-27 13:16:47.703,0.03,-0.13,0.92,-102.11,22.77,-5.43
2026-07-27 13:16:47.703,-0.12,-0.26,0.74,-52.8,-11.23,-7.02
2026-07-27 13:16:47.712,-0.12,-0.26,0.74,-52.8,-11.23,-7.02
2026-07-27 13:16:47.822,-0.2,-0.32,0.76,-15.93,-26.73,-12.76
2026-07-27 13:16:47.942,-0.2,-0.32,0.76,-15.93,-26.73,-12.76
2026-07-27 13:16:47.943,-0.21,-0.3,0.87,20.57,-8.3,-44.8
2026-07-27 13:16:47.943,-0.21,-0.3,0.87,62.19,23.74,-95.52
2026-07-27 13:16:48.005,-0.17,-0.22,0.95,62.19,23.74,-95.52
2026-07-27 13:16:48.005,-0.1,-0.17,0.98,78.86,34.24,-109.74
2026-07-27 13:16:48.006,-0.1,-0.17,0.98,78.86,34.24,-109.74
2026-07-27 13:16:48.006,-0.04,-0.17,0.95,64.03,17.46,-73.73
2026-07-27 13:16:48.006,-0.04,-0.17,0.95,64.03,17.46,-73.73
2026-07-27 13:16:48.006,-0.08,-0.11,0.87,35.77,-7.87,-28.87
2026-07-27 13:16:48.006,-0.08,-0.11,0.87,35.77,-7.87,-28.87
2026-07-27 13:16:48.007,-0.14,-0.03,0.84,2.44,-24.72,4.39
2026-07-27 13:16:48.007,-0.12,0.0,0.9,-23.5,-23.5,25.57
2026-07-27 13:16:48.069,-0.12,0.0,0.9,-23.5,-23.5,25.57
2026-07-27 13:16:48.069,-0.01,0.01,0.98,-21.55,-4.21,26.92
2026-07-27 13:16:48.069,-0.01,0.01,0.98,-21.55,-4.21,26.92
2026-07-27 13:16:48.123,0.08,0.03,1.05,4.76,22.09,10.5
2026-07-27 13:16:48.123,0.08,0.03,1.05,4.76,22.09,10.5
2026-07-27 13:16:48.247,0.14,0.1,1.16,32.59,37.11,-7.69
2026-07-27 13:16:48.248,0.14,0.1,1.16,39.61,20.94,-9.7
2026-07-27 13:16:48.248,0.18,0.17,1.2,39.61,20.94,-9.7
2026-07-27 13:16:48.248,0.19,0.15,1.05,21.61,-23.99,8.3
2026-07-27 13:16:48.248,0.19,0.15,1.05,21.61,-23.99,8.3
2026-07-27 13:16:48.605,0.2,0.07,0.83,1.46,-59.51,26.0
2026-07-27 13:16:48.605,0.2,0.07,0.83,1.46,-59.51,26.0
2026-07-27 13:16:48.606,0.19,0.04,0.71,0.18,-56.88,25.45
2026-07-27 13:16:48.606,0.19,0.04,0.71,0.18,-56.88,25.45
2026-07-27 13:16:48.606,0.12,0.06,0.79,13.12,-25.39,16.05
2026-07-27 13:16:48.606,-0.02,0.08,1.13,19.53,11.11,17.94
2026-07-27 13:16:48.606,-0.02,0.08,1.13,19.53,11.11,17.94
2026-07-27 13:16:48.607,-0.07,0.07,1.57,-9.7,20.51,50.05
2026-07-27 13:16:48.607,-0.07,0.07,1.57,-9.7,20.51,50.05
2026-07-27 13:16:48.607,0.01,-0.03,1.68,-59.88,-18.13,113.77
2026-07-27 13:16:48.608,0.01,-0.03,1.68,-59.88,-18.13,113.77
2026-07-27 13:16:48.608,0.09,-0.18,1.28,-67.99,-72.02,163.94
2026-07-27 13:16:48.610,0.09,-0.18,1.28,-67.99,-72.02,163.94
2026-07-27 13:16:48.611,0.08,-0.27,0.79,-27.4,-94.97,153.81
2026-07-27 13:16:48.611,0.05,-0.25,0.62,6.23,-87.4,98.27
2026-07-27 13:16:48.611,0.05,-0.25,0.62,6.23,-87.4,98.27
2026-07-27 13:16:48.664,0.1,-0.17,0.79,0.0,-74.52,44.43
2026-07-27 13:16:48.665,0.1,-0.17,0.79,0.0,-74.52,44.43
2026-07-27 13:16:48.665,0.21,-0.06,1.03,-22.22,-65.43,5.31
2026-07-27 13:16:48.729,0.26,0.05,1.05,-23.5,-57.31,-29.17
2026-07-27 13:16:48.729,0.26,0.05,1.05,-23.5,-57.31,-29.17
2026-07-27 13:16:48.965,0.24,0.11,0.93,-6.9,-46.63,-52.37
2026-07-27 13:16:48.966,0.24,0.11,0.93,-6.9,-46.63,-52.37
2026-07-27 13:16:48.966,0.19,0.13,0.88,1.59,-31.98,-55.85
2026-07-27 13:16:48.966,0.19,0.13,0.88,1.59,-31.98,-55.85
2026-07-27 13:16:48.966,0.14,0.07,0.89,-2.87,-18.86,-42.6
2026-07-27 13:16:48.966,0.14,0.07,0.89,-7.26,-8.73,-24.96
2026-07-27 13:16:48.966,0.1,-0.03,0.88,-7.26,-8.73,-24.96
2026-07-27 13:16:48.967,0.06,-0.09,0.84,-2.56,2.99,-15.56
2026-07-27 13:16:48.967,0.06,-0.09,0.84,-2.56,2.99,-15.56
2026-07-27 13:16:48.967,0.04,-0.13,0.8,5.98,18.92,-9.09
2026-07-27 13:16:48.967,0.04,-0.13,0.8,5.98,18.92,-9.09
2026-07-27 13:16:49.141,0.04,-0.18,0.79,5.92,37.66,3.72
2026-07-27 13:16:49.149,0.04,-0.18,0.79,5.92,37.66,3.72
2026-07-27 13:16:49.149,0.08,-0.23,0.87,-3.6,55.54,17.7
2026-07-27 13:16:49.149,0.08,-0.23,0.87,-17.7,68.79,26.92
2026-07-27 13:16:49.149,0.15,-0.27,1.01,-17.7,68.79,26.92
2026-07-27 13:16:49.150,0.21,-0.37,1.17,-36.87,75.01,33.57
2026-07-27 13:16:49.262,0.21,-0.37,1.17,-36.87,75.01,33.57
2026-07-27 13:16:49.263,0.26,-0.46,1.33,-56.88,79.35,29.72
2026-07-27 13:16:49.263,0.26,-0.46,1.33,-56.88,79.35,29.72
2026-07-27 13:16:49.263,0.35,-0.36,1.38,-60.49,81.36,-1.04
2026-07-27 13:16:49.264,0.35,-0.36,1.38,-60.49,81.36,-1.04
2026-07-27 13:16:49.265,0.35,-0.14,1.21,-36.62,69.21,-47.06
2026-07-27 13:16:49.265,0.23,-0.06,0.91,-9.34,37.96,-63.96
2026-07-27 13:16:49.269,0.23,-0.06,0.91,-9.34,37.96,-63.96
2026-07-27 13:16:49.383,0.08,-0.17,0.73,-8.54,2.69,-39.98
2026-07-27 13:16:49.383,0.08,-0.17,0.73,-8.54,2.69,-39.98
2026-07-27 13:16:49.389,0.02,-0.26,0.76,-21.06,-7.08,-24.54
2026-07-27 13:16:49.389,0.02,-0.26,0.76,-21.06,-7.08,-24.54
2026-07-27 13:16:49.389,0.02,-0.18,0.89,-19.29,12.39,-49.07
2026-07-27 13:16:49.684,0.02,-0.18,0.89,-0.73,33.69,-84.72
2026-07-27 13:16:49.685,0.04,-0.06,0.99,-0.73,33.69,-84.72
2026-07-27 13:16:49.685,0.06,-0.05,1.0,20.57,39.06,-96.25
2026-07-27 13:16:49.686,0.06,-0.05,1.0,20.57,39.06,-96.25
2026-07-27 13:16:49.686,0.05,-0.14,0.97,28.99,31.62,-89.84
2026-07-27 13:16:49.686,0.05,-0.14,0.97,28.99,31.62,-89.84
2026-07-27 13:16:49.686,0.03,-0.19,0.94,20.69,23.68,-91.55
2026-07-27 13:16:49.686,0.03,-0.19,0.94,20.69,23.68,-91.55
2026-07-27 13:16:49.688,0.06,-0.2,0.92,10.5,24.78,-85.63
2026-07-27 13:16:49.688,0.15,-0.24,0.93,14.77,33.33,-51.39
2026-07-27 13:16:49.688,0.15,-0.24,0.93,14.77,33.33,-51.39
2026-07-27 13:16:49.688,0.17,-0.23,0.94,31.74,45.41,-23.32
2026-07-27 13:16:49.689,0.17,-0.23,0.94,31.74,45.41,-23.32
2026-07-27 13:16:49.806,0.09,-0.12,0.94,42.79,49.26,-15.44
2026-07-27 13:16:49.806,0.09,-0.12,0.94,42.79,49.26,-15.44
2026-07-27 13:16:49.806,0.03,-0.0,0.94,34.91,38.21,-4.39
2026-07-27 13:16:49.806,0.03,-0.0,0.94,21.18,27.59,7.87
2026-07-27 13:16:49.807,0.03,0.07,0.94,21.18,27.59,7.87
2026-07-27 13:16:49.923,0.04,0.05,0.97,16.66,26.0,10.07
2026-07-27 13:16:49.924,0.04,0.05,0.97,16.66,26.0,10.07
2026-07-27 13:16:49.924,0.02,-0.04,1.07,19.1,28.08,-0.79
2026-07-27 13:16:49.925,0.02,-0.04,1.07,19.1,28.08,-0.79
2026-07-27 13:16:49.925,-0.13,-0.08,1.18,29.97,36.8,-21.06
2026-07-27 13:16:49.925,-0.13,-0.08,1.18,29.97,36.8,-21.06
2026-07-27 13:16:50.047,-0.33,-0.08,1.25,40.95,44.01,-23.74
2026-07-27 13:16:50.048,-0.36,-0.16,1.22,17.09,21.24,22.4
2026-07-27 13:16:50.165,-0.36,-0.16,1.22,17.09,21.24,22.4
2026-07-27 13:16:50.165,-0.25,-0.22,1.08,-41.44,-44.8,89.84
2026-07-27 13:16:50.165,-0.25,-0.22,1.08,-41.44,-44.8,89.84
2026-07-27 13:16:50.166,-0.16,-0.21,0.89,-80.99,-113.71,111.45
2026-07-27 13:16:50.166,-0.16,-0.21,0.89,-80.99,-113.71,111.45
2026-07-27 13:16:50.167,-0.14,-0.26,0.85,-66.22,-117.13,59.2
2026-07-27 13:16:50.167,-0.14,-0.26,0.85,-66.22,-117.13,59.2
2026-07-27 13:16:50.167,-0.14,-0.26,0.85,-66.22,-117.13,59.2
2026-07-27 13:16:50.167,-0.14,-0.26,0.85,-66.22,-117.13,59.2
2026-07-27 13:16:50.230,-0.18,-0.32,1.12,-0.61,-29.11,-98.14
2026-07-27 13:16:50.234,-0.18,-0.32,1.12,18.55,-32.78,-131.9
2026-07-27 13:16:51.129,-0.2,-0.2,1.09,18.55,-32.78,-131.9
2026-07-27 13:16:51.129,-0.14,-0.08,0.96,43.09,-35.03,-157.71
2026-07-27 13:16:51.131,-0.14,-0.08,0.96,43.09,-35.03,-157.71
2026-07-27 13:16:51.133,0.02,-0.02,0.91,49.99,-27.89,-170.35
2026-07-27 13:16:51.133,0.02,-0.02,0.91,49.99,-27.89,-170.35
2026-07-27 13:16:51.133,0.16,0.02,0.98,32.84,-28.93,-164.73
2026-07-27 13:16:51.133,0.16,0.02,0.98,32.84,-28.93,-164.73
2026-07-27 13:16:51.133,0.19,0.09,1.11,6.47,-45.1,-155.09
2026-07-27 13:16:51.133,0.14,0.19,1.18,-15.5,-67.69,-144.47
2026-07-27 13:16:51.133,0.14,0.19,1.18,-15.5,-67.69,-144.47
2026-07-27 13:16:51.134,0.12,0.31,1.12,-12.15,-80.87,-134.77
2026-07-27 13:16:51.134,0.12,0.31,1.12,-12.15,-80.87,-134.77
2026-07-27 13:16:51.134,0.06,0.38,0.93,27.22,-72.2,-141.24
2026-07-27 13:16:51.603,0.06,0.38,0.93,27.22,-72.2,-141.24
2026-07-27 13:16:51.603,-0.11,0.39,0.69,84.72,-38.64,-169.68
2026-07-27 13:16:51.603,-0.29,0.38,0.45,121.46,1.71,-184.2
2026-07-27 13:16:51.603,-0.29,0.38,0.45,121.46,1.71,-184.2
2026-07-27 13:16:51.614,-0.33,0.28,0.34,93.38,29.48,-139.47
2026-07-27 13:16:51.616,-0.33,0.28,0.34,93.38,29.48,-139.47
2026-07-27 13:16:51.616,-0.2,0.08,0.43,17.15,44.01,-57.37
2026-07-27 13:16:51.616,-0.03,-0.08,0.61,-47.18,49.19,6.96
2026-07-27 13:16:51.616,-0.03,-0.08,0.61,-47.18,49.19,6.96
2026-07-27 13:16:51.616,0.13,-0.1,0.76,-82.34,38.88,46.51
2026-07-27 13:16:51.616,0.13,-0.1,0.76,-82.34,38.88,46.51
2026-07-27 13:16:51.616,0.32,-0.12,0.77,-97.66,10.19,82.4
2026-07-27 13:16:51.616,0.32,-0.12,0.77,-97.66,10.19,82.4
2026-07-27 13:16:51.616,0.63,-0.17,0.81,-99.18,-10.68,93.75
2026-07-27 13:16:51.616,0.63,-0.17,0.81,-99.18,-10.68,93.75
2026-07-27 13:16:51.617,0.98,0.0,1.14,-57.01,8.36,13.12
2026-07-27 13:16:51.617,1.02,0.56,1.7,52.43,43.09,-149.66
2026-07-27 13:16:51.617,1.02,0.56,1.7,52.43,43.09,-149.66
2026-07-27 13:16:51.617,0.71,1.0,1.99,131.47,17.27,-211.49
2026-07-27 13:16:51.617,0.71,1.0,1.99,131.47,17.27,-211.49
2026-07-27 13:16:51.617,0.32,0.82,1.64,114.14,-57.13,-101.75
2026-07-27 13:16:52.505,0.32,0.82,1.64,114.14,-57.13,-101.75
2026-07-27 13:16:52.505,0.04,0.43,0.97,57.92,-96.92,23.44
2026-07-27 13:16:52.506,0.04,0.43,0.97,57.92,-96.92,23.44
2026-07-27 13:16:52.506,0.03,0.29,0.52,8.3,-80.57,71.66
2026-07-27 13:16:52.507,0.25,0.28,0.52,-25.27,-39.98,69.03
2026-07-27 13:16:52.507,0.25,0.28,0.52,-25.27,-39.98,69.03
2026-07-27 13:16:52.507,0.46,0.24,0.73,-34.91,-11.66,56.03
2026-07-27 13:16:52.508,0.46,0.24,0.73,-34.91,-11.66,56.03
2026-07-27 13:16:52.508,0.51,0.23,0.88,-20.26,0.73,44.92
2026-07-27 13:16:52.508,0.51,0.23,0.88,-20.26,0.73,44.92
2026-07-27 13:16:52.508,0.45,0.3,0.97,0.43,9.77,29.91
2026-07-27 13:16:52.509,0.45,0.3,0.97,0.43,9.77,29.91
2026-07-27 13:16:52.509,0.33,0.37,0.99,11.9,9.89,14.34
2026-07-27 13:16:52.510,0.25,0.41,0.94,9.22,-2.81,9.4
2026-07-27 13:16:52.623,0.25,0.41,0.94,9.22,-2.81,9.4
2026-07-27 13:16:52.623,0.27,0.4,0.89,0.31,-17.03,12.57
2026-07-27 13:16:52.623,0.27,0.4,0.89,0.31,-17.03,12.57
2026-07-27 13:16:52.624,0.34,0.37,0.85,-6.77,-24.96,15.5
2026-07-27 13:16:52.624,0.34,0.37,0.85,-6.77,-24.96,15.5
2026-07-27 13:16:52.626,0.42,0.34,0.83,-11.35,-26.73,15.62
2026-07-27 13:16:52.626,0.42,0.34,0.83,-11.35,-26.73,15.62
2026-07-27 13:16:52.626,0.5,0.3,0.79,-13.43,-25.21,11.23
2026-07-27 13:16:52.631,0.5,0.3,0.79,-13.43,-25.21,11.23
2026-07-27 13:16:52.631,0.58,0.31,0.72,-10.31,-20.08,1.59
2026-07-27 13:16:52.631,0.55,0.36,0.66,-2.01,-7.93,-6.29
2026-07-27 13:16:52.631,0.55,0.36,0.66,-2.01,-7.93,-6.29
2026-07-27 13:16:52.631,0.43,0.38,0.71,3.97,11.72,-0.79
2026-07-27 13:16:52.632,0.43,0.38,0.71,3.97,11.72,-0.79
2026-07-27 13:16:52.632,0.32,0.32,0.87,1.83,32.29,17.7
2026-07-27 13:16:52.632,0.32,0.32,0.87,1.83,32.29,17.7
2026-07-27 13:16:52.632,0.26,0.22,1.01,-3.78,43.52,33.63
2026-07-27 13:16:52.683,0.26,0.22,1.01,-3.78,43.52,33.63
2026-07-27 13:16:52.683,0.25,0.16,1.05,-1.71,49.19,35.34
2026-07-27 13:16:52.684,0.25,0.16,1.05,-1.71,49.19,35.34
2026-07-27 13:16:52.685,0.27,0.2,1.04,14.59,61.34,22.89
2026-07-27 13:16:52.685,0.28,0.33,1.0,30.15,64.39,3.54
2026-07-27 13:16:52.685,0.28,0.33,1.0,30.15,64.39,3.54
2026-07-27 13:16:52.687,0.28,0.44,0.93,29.79,44.8,-4.7
2026-07-27 13:16:52.688,0.28,0.44,0.93,29.79,44.8,-4.7
2026-07-27 13:16:53.044,0.27,0.45,0.88,9.22,22.77,6.9
2026-07-27 13:16:53.044,0.27,0.45,0.88,9.22,22.77,6.9
2026-07-27 13:16:53.044,0.27,0.36,0.9,-24.35,8.0,23.38
2026-07-27 13:16:54.243,0.27,0.36,0.9,-24.35,8.0,23.38
2026-07-27 13:16:54.243,0.28,0.22,0.92,-52.31,-5.0,23.25
2026-07-27 13:16:54.243,0.26,0.13,0.93,-50.72,-0.06,-0.37
2026-07-27 13:16:54.425,0.26,0.13,0.93,-50.72,-0.06,-0.37
2026-07-27 13:16:54.543,0.16,0.09,0.88,-18.62,18.01,-31.07
2026-07-27 13:16:54.603,0.16,0.09,0.88,-18.62,18.01,-31.07
2026-07-27 13:16:54.603,0.15,0.13,0.85,31.74,0.18,-43.88
2026-07-27 13:16:54.618,0.15,0.13,0.85,31.74,0.18,-43.88
2026-07-27 13:16:54.619,0.28,0.29,0.91,70.25,-42.72,-55.66
2026-07-27 13:16:54.619,0.28,0.29,0.91,70.25,-42.72,-55.66
2026-07-27 13:16:55.504,0.31,0.45,0.9,75.44,-38.15,-101.44
2026-07-27 13:16:55.505,0.31,0.45,0.9,75.44,-38.15,-101.44
2026-07-27 13:16:55.505,0.19,0.51,0.86,42.54,15.69,-118.35
2026-07-27 13:16:55.505,0.12,0.45,0.9,-7.93,42.66,-51.03
2026-07-27 13:16:55.505,0.12,0.45,0.9,-7.93,42.66,-51.03
2026-07-27 13:16:55.505,0.16,0.41,0.91,-21.3,19.23,34.91
2026-07-27 13:16:55.506,0.16,0.41,0.91,-21.3,19.23,34.91
2026-07-27 13:16:55.506,0.22,0.42,0.89,-1.46,-14.59,70.25
2026-07-27 13:16:55.506,0.22,0.42,0.89,-1.46,-14.59,70.25
2026-07-27 13:16:55.507,0.26,0.39,0.9,9.7,-2.62,14.71
2026-07-27 13:16:55.508,0.27,0.41,0.88,20.2,-3.91,17.7
2026-07-27 13:16:55.508,0.27,0.41,0.88,28.08,-5.19,21.73
2026-07-27 13:16:55.509,0.29,0.44,0.84,28.08,-5.19,21.73
2026-07-27 13:16:55.509,0.31,0.45,0.82,22.83,-4.21,22.03
2026-07-27 13:16:55.515,0.31,0.45,0.82,22.83,-4.21,22.03
2026-07-27 13:16:55.515,0.31,0.45,0.83,8.42,-0.12,16.36
2026-07-27 13:16:55.516,0.31,0.45,0.83,8.42,-0.12,16.36
2026-07-27 13:16:55.516,0.31,0.44,0.85,-1.95,3.72,8.54
2026-07-27 13:16:55.516,0.31,0.44,0.85,-1.95,3.72,8.54
2026-07-27 13:16:55.516,0.3,0.44,0.86,-3.85,3.97,2.99
2026-07-27 13:16:55.517,0.3,0.44,0.86,-2.26,1.65,0.92
2026-07-27 13:16:55.517,0.3,0.44,0.85,-2.26,1.65,0.92
2026-07-27 13:16:55.518,0.3,0.44,0.85,-1.77,0.43,0.73
2026-07-27 13:16:55.518,0.3,0.44,0.85,-1.77,0.43,0.73
2026-07-27 13:16:55.519,0.3,0.43,0.85,-3.42,1.77,0.0
2026-07-27 13:16:55.519,0.3,0.43,0.85,-3.42,1.77,0.0
2026-07-27 13:16:55.519,0.29,0.43,0.86,-5.49,3.66,-0.98
2026-07-27 13:16:55.519,0.29,0.43,0.86,-5.49,3.66,-0.98
2026-07-27 13:16:55.519,0.29,0.43,0.86,-7.57,4.76,-0.85
2026-07-27 13:16:55.519,0.29,0.43,0.86,-7.57,4.76,-0.85
2026-07-27 13:16:55.519,0.29,0.43,0.86,-11.23,5.8,1.46
2026-07-27 13:16:55.519,0.29,0.43,0.86,-11.23,5.8,1.46
2026-07-27 13:16:55.519,0.29,0.41,0.87,-15.32,6.77,5.43
2026-07-27 13:16:55.520,0.29,0.41,0.87,-15.32,6.77,5.43
2026-07-27 13:16:55.521,0.29,0.41,0.87,-15.32,6.77,5.43
2026-07-27 13:16:56.342,0.29,0.41,0.87,-15.32,6.77,5.43
2026-07-27 13:16:56.344,0.28,0.38,0.88,-15.38,6.23,9.95
2026-07-27 13:16:56.353,0.28,0.38,0.88,-15.38,6.23,9.95
2026-07-27 13:16:56.353,0.28,0.37,0.89,-11.29,6.04,8.97
2026-07-27 13:16:56.356,0.28,0.37,0.89,-11.29,6.04,8.97
2026-07-27 13:16:56.356,0.27,0.37,0.9,-7.32,5.55,7.02
2026-07-27 13:16:56.356,0.27,0.36,0.9,-4.46,4.03,5.37
2026-07-27 13:16:56.356,0.27,0.36,0.9,-4.46,4.03,5.37
2026-07-27 13:16:56.356,0.28,0.36,0.9,-2.69,2.38,3.17
2026-07-27 13:16:56.356,0.28,0.36,0.9,-2.69,2.38,3.17
2026-07-27 13:16:56.357,0.28,0.36,0.89,-1.1,1.22,0.61
2026-07-27 13:16:56.357,0.28,0.36,0.89,-1.1,1.22,0.61
2026-07-27 13:16:56.357,0.27,0.36,0.89,-0.18,0.73,-0.67
2026-07-27 13:16:56.357,0.27,0.36,0.89,-0.18,0.73,-0.67
2026-07-27 13:16:56.357,0.27,0.36,0.89,-0.37,0.98,-0.55
2026-07-27 13:16:56.357,0.27,0.36,0.89,-0.37,0.98,-0.55
2026-07-27 13:16:56.357,0.27,0.36,0.9,-1.16,1.4,-1.04
2026-07-27 13:16:56.357,0.27,0.35,0.9,-1.59,1.4,-1.04
2026-07-27 13:16:56.357,0.27,0.35,0.9,-1.59,1.4,-1.04
2026-07-27 13:16:56.357,0.27,0.35,0.9,-0.31,-0.79,-0.61
2026-07-27 13:16:56.358,0.27,0.36,0.9,0.98,0.67,-1.89
2026-07-27 13:16:56.358,0.27,0.36,0.9,0.98,0.67,-1.89
2026-07-27 13:16:56.358,0.27,0.36,0.9,-1.04,2.32,-4.15
2026-07-27 13:16:56.358,0.26,0.35,0.9,-1.04,2.32,-4.15
2026-07-27 13:16:56.359,0.26,0.35,0.91,-0.49,2.2,-5.13
2026-07-27 13:16:56.359,0.26,0.35,0.91,-0.49,2.2,-5.13
2026-07-27 13:16:56.359,0.25,0.35,0.91,0.24,1.16,-5.0
2026-07-27 13:16:56.359,0.21,0.32,0.93,-0.85,4.21,-14.47
2026-07-27 13:16:56.359,0.21,0.32,0.93,0.73,0.92,-19.78
2026-07-27 13:16:56.463,0.21,0.35,0.9,0.73,0.92,-19.78
2026-07-27 13:16:56.463,0.2,0.36,0.9,-1.1,2.32,-15.87
2026-07-27 13:16:56.464,0.2,0.36,0.9,-1.1,2.32,-15.87
2026-07-27 13:16:56.465,0.18,0.36,0.91,-4.82,6.29,-6.9
2026-07-27 13:16:56.465,0.18,0.36,0.91,-4.82,6.29,-6.9
2026-07-27 13:16:56.465,0.17,0.34,0.93,-8.12,9.46,1.53
2026-07-27 13:16:56.466,0.17,0.34,0.93,-8.12,9.46,1.53
2026-07-27 13:16:56.466,0.17,0.32,0.94,-9.16,10.07,5.98
2026-07-27 13:16:56.466,0.17,0.32,0.94,-9.16,10.07,5.98
2026-07-27 13:16:56.467,0.16,0.3,0.95,-7.63,7.87,5.8
2026-07-27 13:16:56.467,0.16,0.3,0.95,-7.63,7.87,5.8
2026-07-27 13:16:56.472,0.16,0.3,0.95,-5.0,3.78,3.54
2026-07-27 13:16:56.472,0.16,0.3,0.95,-5.0,3.78,3.54
2026-07-27 13:16:56.473,0.16,0.3,0.94,-2.26,0.43,0.85
2026-07-27 13:16:56.473,0.16,0.31,0.93,0.31,0.0,-1.1
2026-07-27 13:16:56.473,0.16,0.31,0.93,0.31,0.0,-1.1
2026-07-27 13:16:56.473,0.16,0.31,0.94,1.89,1.89,-0.73
2026-07-27 13:16:56.473,0.16,0.31,0.94,1.89,1.89,-0.73
2026-07-27 13:16:56.473,0.16,0.32,0.94,3.11,4.03,0.98
2026-07-27 13:16:56.473,0.16,0.32,0.94,3.11,4.03,0.98
2026-07-27 13:16:56.474,0.15,0.32,0.94,4.27,4.39,1.53
2026-07-27 13:16:56.474,0.15,0.32,0.94,4.27,4.39,1.53
2026-07-27 13:16:56.475,0.16,0.33,0.94,5.25,2.75,0.06
2026-07-27 13:16:56.475,0.16,0.33,0.94,5.25,2.75,0.06
2026-07-27 13:16:56.475,0.16,0.33,0.93,5.43,0.67,-2.56
2026-07-27 13:16:56.475,0.16,0.33,0.93,5.43,0.67,-2.56
2026-07-27 13:16:56.476,0.16,0.33,0.93,3.78,-0.12,-3.97
2026-07-27 13:16:56.478,0.16,0.33,0.93,3.78,-0.12,-3.97
2026-07-27 13:16:56.478,0.15,0.32,0.94,0.31,0.18,-3.11
2026-07-27 13:16:56.480,0.15,0.32,0.94,-2.38,-0.31,-2.14
2026-07-27 13:16:56.480,0.15,0.32,0.94,-2.38,-0.31,-2.14
2026-07-27 13:16:56.480,0.16,0.33,0.94,-2.14,-2.5,-2.56
2026-07-27 13:16:56.481,0.16,0.33,0.94,-2.14,-2.5,-2.56
2026-07-27 13:16:56.481,0.17,0.34,0.92,0.37,-12.39,-2.2
2026-07-27 13:16:56.482,0.17,0.34,0.92,0.37,-12.39,-2.2
2026-07-27 13:16:56.482,0.17,0.34,0.92,0.43,-11.11,-1.53
2026-07-27 13:16:56.482,0.17,0.34,0.92,0.43,-11.11,-1.53
2026-07-27 13:16:56.482,0.18,0.34,0.92,0.92,-7.51,-1.1
2026-07-27 13:16:56.483,0.17,0.34,0.92,2.08,-2.44,-0.73
2026-07-27 13:16:56.582,0.17,0.34,0.92,2.08,-2.44,-0.73
2026-07-27 13:16:56.583,0.17,0.35,0.93,3.3,3.23,0.61
2026-07-27 13:16:56.585,0.17,0.35,0.93,3.3,3.23,0.61
2026-07-27 13:16:56.585,0.17,0.34,0.93,3.23,6.59,2.87
2026-07-27 13:16:56.585,0.17,0.34,0.93,3.23,6.59,2.87
2026-07-27 13:16:57.063,0.18,0.33,0.92,2.69,6.16,3.23
2026-07-27 13:16:57.063,0.18,0.33,0.92,3.05,4.82,0.24
2026-07-27 13:16:57.063,0.18,0.33,0.92,3.05,4.82,0.24
2026-07-27 13:16:57.064,0.17,0.33,0.92,3.23,4.15,-3.3
2026-07-27 13:16:57.064,0.17,0.33,0.92,3.23,4.15,-3.3
2026-07-27 13:16:57.064,0.16,0.33,0.93,2.08,3.66,-5.25
2026-07-27 13:16:57.066,0.16,0.33,0.93,2.08,3.66,-5.25
2026-07-27 13:16:57.066,0.15,0.34,0.94,1.04,3.23,-6.59
2026-07-27 13:16:57.066,0.15,0.34,0.94,1.04,3.23,-6.59
2026-07-27 13:16:57.067,0.15,0.35,0.93,1.16,2.2,-7.32
2026-07-27 13:16:57.068,0.15,0.35,0.93,0.98,0.85,-6.23
2026-07-27 13:16:57.068,0.16,0.36,0.92,0.98,0.85,-6.23
2026-07-27 13:16:57.070,0.16,0.35,0.92,-0.06,0.31,-4.09
2026-07-27 13:16:57.070,0.16,0.35,0.92,-0.06,0.31,-4.09
2026-07-27 13:16:57.072,0.16,0.35,0.92,-0.31,0.18,-3.48
2026-07-27 13:16:57.075,0.16,0.35,0.92,-0.31,0.18,-3.48
2026-07-27 13:16:57.075,0.16,0.35,0.92,0.24,-0.12,-5.07
2026-07-27 13:16:57.076,0.16,0.35,0.92,0.24,-0.12,-5.07
2026-07-27 13:16:57.076,0.15,0.36,0.93,0.49,-0.18,-6.1
2026-07-27 13:16:57.076,0.15,0.36,0.93,0.49,-0.18,-6.1
2026-07-27 13:16:57.076,0.14,0.36,0.93,1.16,-0.24,-5.19
2026-07-27 13:16:57.076,0.14,0.36,0.93,1.16,-0.24,-5.19
2026-07-27 13:16:57.363,0.13,0.36,0.93,1.83,-0.67,-2.69
2026-07-27 13:16:57.668,0.12,0.34,0.93,1.22,-0.92,0.0
2026-07-27 13:16:57.670,0.12,0.34,0.93,1.22,-0.92,0.0
2026-07-27 13:16:57.670,0.12,0.34,0.94,0.24,-0.55,0.37
2026-07-27 13:16:57.671,0.12,0.34,0.94,0.24,-0.55,0.37
2026-07-27 13:16:57.671,0.14,0.34,0.94,0.37,-0.18,-0.67
2026-07-27 13:16:57.671,0.14,0.34,0.94,0.37,-0.18,-0.67
2026-07-27 13:16:57.671,0.18,0.35,0.93,1.34,-1.46,-1.4
2026-07-27 13:16:57.672,0.18,0.35,0.93,1.34,-1.46,-1.4
2026-07-27 13:16:57.672,0.19,0.37,0.9,2.81,-4.21,-2.93
2026-07-27 13:16:57.672,0.19,0.37,0.9,2.81,-4.21,-2.93
2026-07-27 13:16:57.783,0.16,0.37,0.89,2.87,-4.58,-3.91
2026-07-27 13:16:57.784,0.14,0.36,0.91,-0.06,-1.34,-2.01
2026-07-27 13:16:57.784,0.14,0.36,0.91,-0.06,-1.34,-2.01
2026-07-27 13:16:57.784,0.13,0.34,0.94,-3.17,2.32,0.37
2026-07-27 13:16:57.784,0.13,0.34,0.94,-3.17,2.32,0.37
2026-07-27 13:16:57.785,0.14,0.34,0.95,-2.44,2.99,-0.18
2026-07-27 13:16:57.785,0.14,0.34,0.95,-2.44,2.99,-0.18
2026-07-27 13:16:57.785,0.15,0.36,0.93,1.22,-0.06,-2.75
2026-07-27 13:16:57.786,0.15,0.36,0.93,1.22,-0.06,-2.75
2026-07-27 13:16:57.786,0.15,0.37,0.92,3.42,-3.91,-4.33
2026-07-27 13:16:57.789,0.15,0.37,0.92,3.42,-3.91,-4.33
2026-07-27 13:16:57.789,0.15,0.37,0.92,3.05,-4.94,-3.54
2026-07-27 13:16:57.789,0.15,0.37,0.92,3.05,-4.94,-3.54
2026-07-27 13:16:57.789,0.15,0.37,0.92,3.05,-4.94,-3.54
2026-07-27 13:16:57.842,0.15,0.37,0.92,3.05,-4.94,-3.54
2026-07-27 13:16:58.322,0.16,0.35,0.93,1.53,-4.33,-0.12
2026-07-27 13:16:58.323,0.16,0.35,0.93,1.53,-4.33,-0.12
2026-07-27 13:16:58.326,0.16,0.36,0.92,2.2,-6.71,-0.49
2026-07-27 13:16:58.622,0.17,0.36,0.91,2.5,-9.09,-0.98
2026-07-27 13:16:58.622,0.17,0.36,0.91,2.5,-9.09,-0.98
2026-07-27 13:16:58.742,0.17,0.35,0.91,0.92,-9.22,-0.79
2026-07-27 13:16:58.743,0.17,0.35,0.91,0.92,-9.22,-0.79
2026-07-27 13:16:58.743,0.16,0.36,0.93,-1.4,-7.02,-1.04
2026-07-27 13:16:58.744,0.16,0.36,0.93,-1.4,-7.02,-1.04
2026-07-27 13:16:58.745,0.15,0.37,0.93,-2.44,-5.37,-1.53
2026-07-27 13:16:58.745,0.15,0.37,0.93,-2.44,-5.37,-1.53
2026-07-27 13:16:58.745,0.17,0.39,0.91,-1.46,-5.13,-1.59
2026-07-27 13:16:58.752,0.17,0.39,0.91,-1.46,-5.13,-1.59
2026-07-27 13:16:58.752,0.19,0.4,0.9,0.12,-4.46,-0.85
2026-07-27 13:16:58.752,0.2,0.4,0.88,0.61,-3.05,1.77
2026-07-27 13:16:58.753,0.2,0.4,0.88,0.61,-3.05,1.77
2026-07-27 13:16:58.753,0.22,0.39,0.89,-0.31,0.06,5.86
2026-07-27 13:16:58.753,0.22,0.39,0.89,-0.31,0.06,5.86
2026-07-27 13:16:58.753,0.21,0.36,0.91,-2.2,3.85,10.25
2026-07-27 13:16:58.753,0.21,0.36,0.91,-2.2,3.85,10.25
2026-07-27 13:16:58.754,0.2,0.34,0.92,-4.94,4.15,13.79
2026-07-27 13:16:58.754,0.2,0.34,0.92,-4.94,4.15,13.79
2026-07-27 13:16:58.754,0.19,0.32,0.93,-8.3,0.98,13.92
2026-07-27 13:16:58.755,0.19,0.32,0.93,-8.3,0.98,13.92
2026-07-27 13:16:58.755,0.17,0.31,0.95,-10.38,-1.83,10.13
2026-07-27 13:16:58.756,0.16,0.31,0.94,-8.24,-3.42,4.58
2026-07-27 13:16:58.756,0.16,0.31,0.94,-8.24,-3.42,4.58
2026-07-27 13:16:58.756,0.17,0.34,0.92,-3.66,-3.05,-0.98
2026-07-27 13:16:58.756,0.17,0.34,0.92,-3.66,-3.05,-0.98
2026-07-27 13:16:58.756,0.19,0.35,0.92,-1.83,-0.31,-2.62
2026-07-27 13:16:58.756,0.19,0.35,0.92,-1.83,-0.31,-2.62
2026-07-27 13:16:58.756,0.21,0.33,0.92,-3.78,2.38,0.79
2026-07-27 13:16:58.758,0.21,0.33,0.92,-3.78,2.38,0.79
2026-07-27 13:16:58.761,0.21,0.32,0.93,-5.62,3.72,2.5
2026-07-27 13:16:58.761,0.21,0.32,0.93,-5.62,3.72,2.5
2026-07-27 13:16:58.761,0.19,0.32,0.93,-4.15,3.17,-0.55
2026-07-27 13:16:58.761,0.19,0.32,0.93,-4.15,3.17,-0.55
2026-07-27 13:16:58.761,0.18,0.33,0.92,-1.95,1.22,-3.85
2026-07-27 13:16:58.761,0.17,0.32,0.93,-1.95,0.37,-3.85
2026-07-27 13:16:58.761,0.17,0.32,0.93,-1.95,0.37,-3.85
2026-07-27 13:16:58.762,0.17,0.31,0.94,-2.5,1.34,-2.87
2026-07-27 13:16:58.762,0.17,0.31,0.94,-2.5,1.34,-2.87
2026-07-27 13:16:58.763,0.18,0.31,0.94,-1.95,2.01,-3.48
2026-07-27 13:16:58.763,0.18,0.31,0.94,-1.95,2.01,-3.48
2026-07-27 13:16:58.763,0.2,0.31,0.92,-0.24,1.22,-4.46
2026-07-27 13:16:58.766,0.2,0.31,0.92,-0.24,1.22,-4.46
2026-07-27 13:16:58.766,0.2,0.33,0.91,0.37,0.37,-5.68
2026-07-27 13:16:58.766,0.2,0.33,0.91,-1.65,1.46,-7.63
2026-07-27 13:16:58.766,0.18,0.34,0.92,-1.65,1.46,-7.63
2026-07-27 13:16:58.766,0.16,0.33,0.93,-3.85,3.42,-8.42
2026-07-27 13:16:58.767,0.16,0.33,0.93,-3.85,3.42,-8.42
2026-07-27 13:16:58.768,0.15,0.32,0.94,-3.97,4.58,-6.9
2026-07-27 13:16:59.043,0.15,0.32,0.94,-3.97,4.58,-6.9
2026-07-27 13:16:59.043,0.15,0.31,0.95,-4.09,4.46,-5.0
2026-07-27 13:16:59.046,0.15,0.31,0.95,-4.09,4.46,-5.0
2026-07-27 13:16:59.047,0.14,0.3,0.95,-5.55,2.44,-4.82
2026-07-27 13:16:59.047,0.14,0.3,0.95,-5.55,2.44,-4.82
2026-07-27 13:16:59.047,0.15,0.29,0.95,-6.65,-0.49,-6.16
2026-07-27 13:16:59.047,0.16,0.29,0.95,-6.23,-2.56,-8.0
2026-07-27 13:16:59.048,0.16,0.29,0.95,-6.23,-2.56,-8.0
2026-07-27 13:16:59.048,0.16,0.3,0.94,-5.07,-3.11,-10.5
2026-07-27 13:16:59.170,0.16,0.3,0.94,-5.07,-3.11,-10.5
2026-07-27 13:16:59.170,0.16,0.32,0.93,-4.64,-1.89,-12.02
2026-07-27 13:16:59.170,0.16,0.32,0.93,-4.64,-1.89,-12.02
2026-07-27 13:16:59.170,0.15,0.32,0.94,-5.37,0.31,-9.4
2026-07-27 13:16:59.282,0.15,0.32,0.94,-5.37,0.31,-9.4
2026-07-27 13:16:59.283,0.16,0.31,0.94,-5.55,2.01,-4.03
2026-07-27 13:16:59.283,0.16,0.31,0.94,-5.55,2.01,-4.03
2026-07-27 13:16:59.283,0.15,0.29,0.94,-3.72,2.87,0.43
2026-07-27 13:16:59.283,0.15,0.28,0.95,-1.65,3.3,2.14
2026-07-27 13:16:59.284,0.15,0.28,0.95,-1.65,3.3,2.14
2026-07-27 13:16:59.284,0.14,0.28,0.96,-0.37,3.3,2.14
2026-07-27 13:16:59.285,0.14,0.28,0.96,-0.37,3.3,2.14
2026-07-27 13:16:59.285,0.14,0.28,0.96,0.67,2.5,1.4
2026-07-27 13:16:59.286,0.14,0.28,0.96,0.67,2.5,1.4
2026-07-27 13:16:59.342,0.14,0.28,0.95,1.22,0.61,0.24
2026-07-27 13:16:59.343,0.14,0.28,0.95,1.22,0.61,0.24
2026-07-27 13:16:59.343,0.15,0.29,0.95,1.34,-1.22,-0.92
2026-07-27 13:16:59.464,0.15,0.29,0.95,1.34,-1.22,-0.92
2026-07-27 13:16:59.464,0.15,0.29,0.95,1.34,-1.22,-0.92
2026-07-27 13:16:59.464,0.15,0.29,0.95,1.34,-1.22,-0.92
2026-07-27 13:16:59.464,0.14,0.29,0.94,0.24,-2.38,-2.26
2026-07-27 13:16:59.465,0.14,0.29,0.94,0.24,-2.38,-2.26
2026-07-27 13:16:59.465,0.14,0.29,0.94,-1.65,-2.08,-2.75
2026-07-27 13:16:59.643,0.14,0.29,0.94,-2.26,-0.92,-3.11
2026-07-27 13:16:59.644,0.15,0.29,0.95,-2.26,-0.92,-3.11
2026-07-27 13:16:59.646,0.15,0.3,0.95,-1.1,0.12,-1.71
2026-07-27 13:16:59.646,0.15,0.3,0.95,-1.1,0.12,-1.71
2026-07-27 13:16:59.646,0.15,0.29,0.95,0.0,-0.06,0.37
2026-07-27 13:16:59.646,0.15,0.29,0.95,0.0,-0.06,0.37
2026-07-27 13:16:59.647,0.15,0.29,0.95,0.49,-0.98,1.04
2026-07-27 13:16:59.647,0.15,0.29,0.95,0.49,-0.98,1.04
2026-07-27 13:16:59.707,0.14,0.29,0.95,0.55,-1.71,0.43
2026-07-27 13:16:59.707,0.14,0.29,0.95,0.55,-1.71,0.43
2026-07-27 13:16:59.707,0.15,0.29,0.95,0.31,-1.71,0.0
2026-07-27 13:16:59.768,0.15,0.29,0.95,0.31,-1.71,0.0
2026-07-27 13:16:59.770,0.15,0.29,0.94,0.06,-1.04,0.24
2026-07-27 13:16:59.770,0.15,0.29,0.95,0.06,-0.06,0.61
2026-07-27 13:16:59.883,0.15,0.29,0.95,0.06,-0.06,0.61
2026-07-27 13:16:59.884,0.15,0.29,0.95,0.0,0.24,0.85
2026-07-27 13:17:00.364,0.15,0.29,0.95,0.0,0.24,0.85
2026-07-27 13:17:00.364,0.15,0.29,0.95,-0.06,-0.31,1.1
2026-07-27 13:17:00.364,0.15,0.29,0.95,-0.06,-0.31,1.1
2026-07-27 13:17:00.366,0.15,0.29,0.95,0.12,-0.79,1.04
2026-07-27 13:17:00.366,0.15,0.29,0.95,0.12,-0.79,1.04
2026-07-27 13:17:00.367,0.15,0.29,0.95,0.37,-1.04,0.61
2026-07-27 13:17:00.367,0.15,0.29,0.95,0.37,-1.04,0.61
2026-07-27 13:17:00.426,0.15,0.29,0.94,0.61,-1.1,0.12
2026-07-27 13:17:00.426,0.15,0.29,0.94,0.61,-0.92,-0.18
2026-07-27 13:17:00.427,0.15,0.29,0.94,0.61,-0.92,-0.18
2026-07-27 13:17:00.427,0.15,0.29,0.95,0.55,-0.73,-0.12
2026-07-27 13:17:00.427,0.15,0.29,0.95,0.55,-0.73,-0.12
2026-07-27 13:17:00.427,0.15,0.29,0.95,0.61,-0.67,-0.12
2026-07-27 13:17:00.427,0.15,0.29,0.95,0.61,-0.67,-0.12
2026-07-27 13:17:00.427,0.15,0.29,0.95,0.79,-0.67,-0.24
2026-07-27 13:17:00.427,0.15,0.29,0.95,0.79,-0.67,-0.24
2026-07-27 13:17:00.427,0.15,0.29,0.94,0.85,-0.67,-0.37
2026-07-27 13:17:00.428,0.15,0.29,0.94,0.85,-0.67,-0.37
2026-07-27 13:17:00.666,0.15,0.29,0.94,0.73,-0.67,-0.37
2026-07-27 13:17:01.022,0.15,0.29,0.94,0.67,-0.61,-0.31
2026-07-27 13:17:01.022,0.15,0.29,0.94,0.67,-0.61,-0.31
2026-07-27 13:17:01.027,0.15,0.29,0.94,0.73,-0.55,-0.43
2026-07-27 13:17:01.027,0.15,0.29,0.94,0.73,-0.55,-0.43
2026-07-27 13:17:01.027,0.15,0.3,0.94,0.85,-0.49,-0.55
2026-07-27 13:17:01.028,0.15,0.3,0.94,0.85,-0.49,-0.55
2026-07-27 13:17:01.028,0.15,0.3,0.94,0.79,-0.43,-0.37
2026-07-27 13:17:01.028,0.15,0.3,0.94,0.79,-0.43,-0.37
2026-07-27 13:17:01.028,0.15,0.3,0.94,0.55,-0.43,0.18
2026-07-27 13:17:01.028,0.15,0.3,0.94,0.55,-0.43,0.18
2026-07-27 13:17:01.085,0.15,0.3,0.95,0.73,-0.37,0.43
2026-07-27 13:17:01.085,0.15,0.3,0.95,1.1,-0.12,0.12
2026-07-27 13:17:01.085,0.15,0.3,0.94,1.1,-0.12,0.12
2026-07-27 13:17:01.088,0.15,0.3,0.94,0.79,-0.06,-0.18
2026-07-27 13:17:01.088,0.15,0.3,0.94,0.79,-0.06,-0.18
2026-07-27 13:17:01.088,0.15,0.3,0.94,-0.18,-0.06,0.12
2026-07-27 13:17:01.089,0.15,0.3,0.94,-0.18,-0.06,0.12
2026-07-27 13:17:01.089,0.15,0.29,0.95,-0.55,-0.06,0.31
2026-07-27 13:17:01.090,0.15,0.29,0.95,-0.55,-0.06,0.31
2026-07-27 13:17:01.090,0.15,0.3,0.94,-0.31,0.0,0.12
2026-07-27 13:17:01.090,0.15,0.3,0.94,-0.12,-0.12,0.0
2026-07-27 13:17:01.090,0.15,0.3,0.94,-0.12,-0.12,0.0
2026-07-27 13:17:01.090,0.15,0.3,0.94,-0.06,-0.18,0.06
2026-07-27 13:17:01.090,0.15,0.3,0.94,-0.06,-0.18,0.06
2026-07-27 13:17:01.090,0.15,0.3,0.94,0.0,0.0,0.06
2026-07-27 13:17:01.090,0.15,0.3,0.94,0.0,0.0,0.06
2026-07-27 13:17:01.091,0.15,0.3,0.94,-0.06,0.0,0.06
2026-07-27 13:17:01.091,0.15,0.3,0.94,-0.06,0.0,0.06
2026-07-27 13:17:01.091,0.15,0.3,0.94,-0.18,-0.06,0.06
2026-07-27 13:17:01.093,0.15,0.3,0.94,-0.18,-0.06,0.06
2026-07-27 13:17:01.095,0.15,0.3,0.94,-0.18,-0.12,-0.12
2026-07-27 13:17:01.095,0.15,0.3,0.94,-0.18,-0.12,-0.12
2026-07-27 13:17:01.095,0.15,0.3,0.94,-0.24,-0.06,-0.12
2026-07-27 13:17:01.095,0.15,0.3,0.94,-0.24,-0.06,-0.12
2026-07-27 13:17:01.098,0.15,0.3,0.94,-0.37,0.06,0.0
2026-07-27 13:17:01.099,0.15,0.3,0.94,-0.31,0.12,-0.18
2026-07-27 13:17:01.099,0.15,0.3,0.94,-0.31,0.12,-0.18
2026-07-27 13:17:01.099,0.15,0.3,0.94,-0.37,0.18,-0.31
2026-07-27 13:17:01.099,0.15,0.3,0.94,-0.37,0.18,-0.31
2026-07-27 13:17:01.099,0.15,0.3,0.94,-0.31,0.24,-0.12
2026-07-27 13:17:01.281,0.15,0.3,0.94,-0.31,0.24,-0.12
2026-07-27 13:17:01.281,0.15,0.3,0.95,-0.37,0.43,0.12
2026-07-27 13:17:01.288,0.15,0.3,0.95,-0.37,0.43,0.12
2026-07-27 13:17:01.288,0.15,0.29,0.95,-0.49,0.49,0.31
2026-07-27 13:17:01.288,0.15,0.29,0.95,-0.31,0.37,0.31
2026-07-27 13:17:01.290,0.15,0.29,0.95,-0.31,0.37,0.31
2026-07-27 13:17:01.290,0.15,0.3,0.95,0.12,0.24,-0.31
2026-07-27 13:17:01.383,0.15,0.3,0.95,0.12,0.24,-0.31
2026-07-27 13:17:01.384,0.15,0.3,0.94,0.12,0.12,-0.61
2026-07-27 13:17:01.384,0.15,0.3,0.94,0.12,0.12,-0.61
2026-07-27 13:17:01.390,0.14,0.29,0.95,-0.24,0.06,-0.31
2026-07-27 13:17:01.391,0.14,0.29,0.95,-0.24,0.06,-0.31
2026-07-27 13:17:01.392,0.14,0.29,0.95,-0.31,0.06,-0.12
2026-07-27 13:17:01.503,0.14,0.29,0.95,-0.31,0.06,-0.12
2026-07-27 13:17:01.503,0.14,0.3,0.95,-0.06,-0.12,-0.18
2026-07-27 13:17:01.504,0.14,0.3,0.95,0.06,-0.49,-0.06
2026-07-27 13:17:01.504,0.14,0.3,0.95,0.06,-0.49,-0.06
2026-07-27 13:17:01.504,0.15,0.3,0.95,0.24,-0.85,0.12
2026-07-27 13:17:01.571,0.15,0.3,0.95,0.24,-0.85,0.12
2026-07-27 13:17:01.572,0.15,0.29,0.95,0.37,-1.22,0.31
2026-07-27 13:17:01.573,0.15,0.29,0.95,0.37,-1.22,0.31
2026-07-27 13:17:01.624,0.15,0.29,0.95,0.49,-1.53,0.24
2026-07-27 13:17:01.624,0.15,0.29,0.95,0.49,-1.53,0.24
2026-07-27 13:17:01.624,0.15,0.3,0.95,0.55,-1.59,-0.31
2026-07-27 13:17:01.803,0.15,0.3,0.95,0.55,-1.59,-0.31
2026-07-27 13:17:01.803,0.15,0.3,0.94,0.24,-1.34,-0.55
2026-07-27 13:17:01.803,0.15,0.3,0.94,0.24,-1.34,-0.55
2026-07-27 13:17:01.803,0.15,0.3,0.94,0.24,-1.34,-0.55
2026-07-27 13:17:01.807,0.15,0.3,0.94,0.24,-1.34,-0.55
2026-07-27 13:17:01.807,0.15,0.3,0.94,-0.31,0.18,-0.24
2026-07-27 13:17:01.807,0.15,0.3,0.94,-0.31,0.18,-0.24
2026-07-27 13:17:01.807,0.15,0.3,0.95,-0.49,0.67,0.12
2026-07-27 13:17:02.043,0.15,0.3,0.95,-0.49,0.73,0.31
2026-07-27 13:17:02.044,0.15,0.3,0.95,-0.49,0.73,0.31
2026-07-27 13:17:02.044,0.14,0.29,0.95,-0.37,0.61,0.24
2026-07-27 13:17:02.044,0.14,0.29,0.95,-0.37,0.61,0.24
2026-07-27 13:17:02.045,0.14,0.29,0.95,-0.49,0.55,0.12
2026-07-27 13:17:02.045,0.14,0.29,0.95,-0.49,0.55,0.12
2026-07-27 13:17:02.048,0.14,0.29,0.95,-0.67,0.85,-0.06
2026-07-27 13:17:02.048,0.14,0.29,0.95,-0.67,0.85,-0.06
2026-07-27 13:17:02.049,0.14,0.29,0.95,-0.61,1.22,-0.49
2026-07-27 13:17:02.049,0.14,0.29,0.95,-0.61,1.22,-0.49
2026-07-27 13:17:02.050,0.14,0.29,0.95,-0.24,0.98,-0.79
2026-07-27 13:17:02.343,0.14,0.29,0.95,-0.18,0.06,-0.55
2026-07-27 13:17:02.343,0.14,0.29,0.95,-0.18,0.06,-0.55
2026-07-27 13:17:02.349,0.14,0.29,0.95,0.06,-1.04,-0.18
2026-07-27 13:17:02.349,0.14,0.29,0.95,0.06,-1.04,-0.18
2026-07-27 13:17:02.349,0.14,0.29,0.95,0.55,-1.83,-0.31
2026-07-27 13:17:02.350,0.14,0.29,0.95,0.55,-1.83,-0.31
2026-07-27 13:17:02.350,0.14,0.29,0.94,0.79,-2.01,-0.61
2026-07-27 13:17:02.350,0.14,0.29,0.94,0.79,-2.01,-0.61
2026-07-27 13:17:02.351,0.15,0.3,0.94,0.67,-1.77,-0.73
2026-07-27 13:17:02.351,0.15,0.3,0.94,0.67,-1.77,-0.73
2026-07-27 13:17:02.351,0.15,0.3,0.95,0.55,-1.4,-0.61
2026-07-27 13:17:02.352,0.15,0.3,0.95,0.49,-1.22,-0.43
2026-07-27 13:17:02.352,0.15,0.3,0.95,0.49,-1.22,-0.43
2026-07-27 13:17:02.352,0.15,0.3,0.95,0.61,-1.28,-0.49
2026-07-27 13:17:02.463,0.15,0.3,0.95,0.61,-1.28,-0.49
2026-07-27 13:17:02.464,0.15,0.3,0.94,0.55,-1.22,-0.55
2026-07-27 13:17:02.464,0.15,0.3,0.94,0.55,-1.22,-0.55
2026-07-27 13:17:02.464,0.15,0.3,0.94,0.31,-1.04,-0.43
2026-07-27 13:17:02.466,0.15,0.3,0.94,0.31,-1.04,-0.43
2026-07-27 13:17:02.883,0.15,0.3,0.94,0.06,-0.67,-0.18
2026-07-27 13:17:02.884,0.15,0.3,0.94,0.06,-0.67,-0.18
2026-07-27 13:17:02.884,0.15,0.3,0.94,0.0,-0.43,0.0
2026-07-27 13:17:02.885,0.15,0.3,0.95,0.0,-0.49,0.06
2026-07-27 13:17:02.885,0.15,0.3,0.95,0.0,-0.49,0.06
2026-07-27 13:17:02.885,0.15,0.3,0.94,-0.06,-0.55,-0.06
2026-07-27 13:17:02.886,0.15,0.3,0.94,-0.06,-0.55,-0.06
2026-07-27 13:17:02.886,0.15,0.3,0.94,-0.18,-0.55,-0.12
2026-07-27 13:17:02.887,0.15,0.3,0.94,-0.18,-0.55,-0.12
2026-07-27 13:17:02.887,0.15,0.3,0.94,-0.24,-0.43,0.0
2026-07-27 13:17:02.887,0.15,0.3,0.94,-0.24,-0.43,0.0
2026-07-27 13:17:02.887,0.15,0.29,0.95,-0.18,-0.31,0.06
2026-07-27 13:17:02.888,0.15,0.3,0.94,-0.06,-0.24,-0.18
2026-07-27 13:17:02.890,0.15,0.3,0.94,-0.06,-0.24,-0.18
2026-07-27 13:17:02.890,0.15,0.3,0.94,-0.18,-0.24,-0.31
2026-07-27 13:17:02.893,0.15,0.3,0.94,-0.18,-0.24,-0.31
2026-07-27 13:17:02.893,0.15,0.3,0.94,-0.37,-0.18,-0.12
2026-07-27 13:17:03.062,0.15,0.3,0.94,-0.37,-0.18,-0.12
2026-07-27 13:17:03.062,0.15,0.3,0.95,-0.37,-0.12,0.0
2026-07-27 13:17:03.063,0.15,0.3,0.95,-0.37,-0.12,0.0
2026-07-27 13:17:03.063,0.15,0.3,0.94,-0.18,-0.12,-0.06
2026-07-27 13:17:03.064,0.15,0.3,0.94,-0.18,-0.12,-0.06
2026-07-27 13:17:03.065,0.15,0.3,0.94,-0.18,-0.12,-0.12
2026-07-27 13:17:03.072,0.15,0.29,0.95,-0.24,-0.12,-0.12
2026-07-27 13:17:03.072,0.15,0.29,0.95,-0.24,-0.12,-0.12
2026-07-27 13:17:03.075,0.15,0.29,0.95,-0.18,-0.06,-0.06
2026-07-27 13:17:03.075,0.15,0.29,0.95,-0.18,-0.06,-0.06
2026-07-27 13:17:03.075,0.15,0.29,0.95,-0.12,-0.12,-0.12
2026-07-27 13:17:03.128,0.15,0.29,0.95,-0.12,-0.12,-0.12
2026-07-27 13:17:03.190,0.15,0.29,0.94,0.0,-0.31,-0.18
2026-07-27 13:17:03.191,0.15,0.29,0.94,0.0,-0.31,-0.18
2026-07-27 13:17:03.191,0.15,0.3,0.94,0.06,-0.31,-0.24
2026-07-27 13:17:03.191,0.15,0.3,0.94,0.06,-0.31,-0.24
2026-07-27 13:17:03.303,0.15,0.29,0.95,0.0,-0.18,-0.12
2026-07-27 13:17:03.303,0.15,0.29,0.95,-0.06,-0.06,-0.12
2026-07-27 13:17:03.305,0.15,0.29,0.95,-0.06,-0.06,-0.12
2026-07-27 13:17:03.305,0.15,0.3,0.95,-0.18,-0.12,-0.24
2026-07-27 13:17:03.306,0.15,0.3,0.95,-0.18,-0.12,-0.24
2026-07-27 13:17:03.306,0.14,0.3,0.95,-0.24,-0.24,-0.31
2026-07-27 13:17:03.370,0.14,0.3,0.95,-0.24,-0.24,-0.31
2026-07-27 13:17:03.370,0.14,0.3,0.95,-0.31,-0.31,-0.31
2026-07-27 13:17:03.371,0.14,0.3,0.95,-0.31,-0.31,-0.31
2026-07-27 13:17:03.483,0.15,0.29,0.94,-0.37,-0.18,-0.18
2026-07-27 13:17:03.484,0.15,0.29,0.94,-0.37,-0.18,-0.18
2026-07-27 13:17:03.487,0.15,0.29,0.94,-0.37,-0.18,-0.18
2026-07-27 13:17:03.487,0.15,0.29,0.94,-0.37,-0.18,-0.18
2026-07-27 13:17:03.487,0.15,0.29,0.95,-0.31,0.18,0.31
2026-07-27 13:17:03.487,0.15,0.29,0.95,-0.31,0.18,0.31
2026-07-27 13:17:03.786,0.15,0.29,0.95,-0.06,0.24,0.12
2026-07-27 13:17:03.787,0.15,0.29,0.94,0.0,0.18,-0.31
2026-07-27 13:17:03.787,0.15,0.29,0.94,0.0,0.18,-0.31
2026-07-27 13:17:03.787,0.14,0.29,0.95,-0.31,0.12,-0.24
2026-07-27 13:17:03.788,0.14,0.29,0.95,-0.31,0.12,-0.24
2026-07-27 13:17:03.788,0.14,0.29,0.95,-0.43,0.18,0.06
2026-07-27 13:17:03.790,0.14,0.29,0.95,-0.43,0.18,0.06
2026-07-27 13:17:03.791,0.14,0.29,0.95,-0.24,0.24,0.06
2026-07-27 13:17:03.791,0.14,0.29,0.95,-0.24,0.24,0.06
2026-07-27 13:17:03.791,0.14,0.29,0.95,-0.12,0.12,-0.12
2026-07-27 13:17:03.791,0.14,0.29,0.95,-0.12,0.12,-0.12
2026-07-27 13:17:03.791,0.14,0.29,0.95,-0.12,0.12,-0.12
2026-07-27 13:17:03.792,0.14,0.29,0.95,-0.12,0.12,-0.12
2026-07-27 13:17:04.506,0.14,0.29,0.95,-0.06,0.12,-0.12
2026-07-27 13:17:04.506,0.14,0.29,0.95,-0.12,0.06,-0.12
2026-07-27 13:17:04.507,0.14,0.29,0.95,-0.12,0.06,-0.12
2026-07-27 13:17:04.507,0.14,0.29,0.95,-0.12,-0.06,-0.12
2026-07-27 13:17:04.507,0.14,0.29,0.95,-0.12,-0.06,-0.12
2026-07-27 13:17:04.508,0.14,0.29,0.95,-0.12,-0.12,-0.24
2026-07-27 13:17:04.508,0.14,0.29,0.95,-0.12,-0.12,-0.24
2026-07-27 13:17:04.508,0.14,0.29,0.95,-0.12,-0.12,-0.24
2026-07-27 13:17:04.509,0.14,0.29,0.95,-0.12,-0.12,-0.24
2026-07-27 13:17:04.509,0.14,0.29,0.95,-0.18,-0.12,-0.12
2026-07-27 13:17:04.509,0.14,0.29,0.95,-0.18,-0.12,-0.12
2026-07-27 13:17:04.509,0.14,0.29,0.95,-0.12,-0.18,-0.06
2026-07-27 13:17:04.510,0.14,0.29,0.95,0.0,-0.24,-0.12
2026-07-27 13:17:04.510,0.14,0.29,0.95,0.0,-0.24,-0.12
2026-07-27 13:17:04.510,0.14,0.29,0.95,0.18,-0.49,-0.24
2026-07-27 13:17:04.510,0.14,0.29,0.95,0.18,-0.49,-0.24
2026-07-27 13:17:04.511,0.14,0.29,0.95,0.24,-0.73,-0.49
2026-07-27 13:17:04.511,0.14,0.29,0.95,0.24,-0.73,-0.49
2026-07-27 13:17:04.512,0.14,0.29,0.95,0.24,-1.04,-0.67
2026-07-27 13:17:04.512,0.14,0.29,0.95,0.24,-1.04,-0.67
2026-07-27 13:17:04.516,0.14,0.29,0.95,0.18,-1.1,-0.73
2026-07-27 13:17:04.517,0.14,0.29,0.95,0.18,-1.1,-0.73
2026-07-27 13:17:04.517,0.14,0.3,0.95,0.31,-0.79,-0.55
2026-07-27 13:17:04.517,0.14,0.3,0.95,0.31,-0.79,-0.55
2026-07-27 13:17:04.517,0.14,0.3,0.95,0.43,-0.49,-0.55
2026-07-27 13:17:04.518,0.14,0.29,0.94,0.31,-0.49,-0.43
2026-07-27 13:17:04.518,0.14,0.29,0.94,0.31,-0.49,-0.43
2026-07-27 13:17:04.518,0.14,0.29,0.95,0.0,-0.55,-0.18
2026-07-27 13:17:04.518,0.14,0.29,0.95,0.0,-0.55,-0.18
2026-07-27 13:17:04.518,0.14,0.29,0.95,-0.06,-0.49,-0.12
2026-07-27 13:17:04.519,0.14,0.29,0.95,-0.06,-0.49,-0.12
2026-07-27 13:17:04.862,0.14,0.29,0.95,0.06,-0.43,-0.24
2026-07-27 13:17:04.864,0.14,0.29,0.95,0.06,-0.43,-0.24
2026-07-27 13:17:05.227,0.14,0.29,0.95,0.12,-0.37,-0.43
2026-07-27 13:17:05.236,0.14,0.29,0.95,0.12,-0.37,-0.43
2026-07-27 13:17:05.236,0.14,0.3,0.95,0.18,-0.31,-0.43
2026-07-27 13:17:05.237,0.14,0.3,0.95,0.12,-0.37,-0.31
2026-07-27 13:17:05.237,0.14,0.3,0.95,0.12,-0.37,-0.31
2026-07-27 13:17:05.238,0.14,0.29,0.95,0.12,-0.55,-0.18
2026-07-27 13:17:05.238,0.14,0.29,0.95,0.12,-0.55,-0.18
2026-07-27 13:17:05.238,0.14,0.29,0.95,0.24,-0.61,-0.24
2026-07-27 13:17:05.238,0.14,0.29,0.95,0.24,-0.61,-0.24
2026-07-27 13:17:05.238,0.14,0.29,0.95,0.31,-0.61,-0.31
2026-07-27 13:17:05.238,0.14,0.29,0.95,0.31,-0.61,-0.31
2026-07-27 13:17:05.238,0.14,0.29,0.95,0.18,-0.55,-0.31
2026-07-27 13:17:05.238,0.14,0.29,0.95,0.12,-0.55,-0.31
2026-07-27 13:17:05.238,0.14,0.29,0.95,0.12,-0.55,-0.31
2026-07-27 13:17:05.238,0.14,0.3,0.95,0.18,-0.43,-0.24
2026-07-27 13:17:05.238,0.14,0.3,0.95,0.18,-0.43,-0.24
2026-07-27 13:17:05.238,0.14,0.3,0.95,0.18,-0.31,-0.31
2026-07-27 13:17:05.238,0.14,0.3,0.95,0.18,-0.31,-0.31
2026-07-27 13:17:05.238,0.14,0.3,0.95,-0.06,-0.43,-0.55
2026-07-27 13:17:05.238,0.14,0.3,0.95,-0.06,-0.43,-0.55
2026-07-27 13:17:05.239,0.14,0.29,0.94,-0.55,-1.1,-0.79
2026-07-27 13:17:05.239,0.14,0.29,0.94,-0.55,-1.1,-0.79
2026-07-27 13:17:05.239,0.14,0.28,0.94,-1.22,-1.77,-0.85
2026-07-27 13:17:05.239,0.14,0.28,0.94,-1.4,-1.04,-1.89
2026-07-27 13:17:05.239,0.14,0.29,0.95,-1.4,-1.04,-1.89
2026-07-27 13:17:05.239,0.14,0.3,0.95,-0.85,1.46,-4.27
2026-07-27 13:17:05.239,0.14,0.3,0.95,-0.85,1.46,-4.27
2026-07-27 13:17:05.239,0.15,0.31,0.94,-1.16,3.23,-5.19
2026-07-27 13:17:05.239,0.15,0.31,0.94,-1.16,3.23,-5.19
2026-07-27 13:17:05.240,0.16,0.29,0.93,-1.95,3.97,-3.42
2026-07-27 13:17:05.240,0.16,0.29,0.93,-1.95,3.97,-3.42
2026-07-27 13:17:05.240,0.16,0.27,0.94,-1.22,5.98,-1.4
2026-07-27 13:17:05.240,0.16,0.27,0.94,-1.22,5.98,-1.4
2026-07-27 13:17:05.240,0.14,0.28,0.95,1.95,9.28,-2.44
2026-07-27 13:17:06.303,0.14,0.28,0.95,1.95,9.28,-2.44
2026-07-27 13:17:06.304,0.11,0.31,0.96,6.29,11.96,-5.98
2026-07-27 13:17:06.305,0.1,0.33,0.96,10.38,11.9,-5.07
2026-07-27 13:17:06.305,0.1,0.33,0.96,10.38,11.9,-5.07
2026-07-27 13:17:06.305,0.11,0.35,0.95,18.55,8.12,6.77
2026-07-27 13:17:06.306,0.11,0.35,0.95,18.55,8.12,6.77
2026-07-27 13:17:06.306,0.13,0.36,0.92,29.11,2.32,22.03
2026-07-27 13:17:06.306,0.13,0.36,0.92,29.11,2.32,22.03
2026-07-27 13:17:06.309,0.14,0.35,0.91,30.82,-0.61,26.31
2026-07-27 13:17:06.309,0.14,0.35,0.91,30.82,-0.61,26.31
2026-07-27 13:17:06.309,0.13,0.33,0.92,23.01,1.77,16.66
2026-07-27 13:17:06.309,0.1,0.33,0.93,15.2,6.1,1.46
2026-07-27 13:17:06.309,0.1,0.33,0.93,15.2,6.1,1.46
2026-07-27 13:17:06.311,0.09,0.33,0.92,10.86,7.26,-7.63
2026-07-27 13:17:06.311,0.09,0.33,0.92,10.86,7.26,-7.63
2026-07-27 13:17:06.311,0.09,0.32,0.92,6.77,5.37,-9.03
2026-07-27 13:17:06.312,0.09,0.32,0.92,6.77,5.37,-9.03
2026-07-27 13:17:06.313,0.09,0.34,0.93,3.85,3.42,-12.76
2026-07-27 13:17:06.313,0.09,0.34,0.93,3.85,3.42,-12.76
2026-07-27 13:17:06.314,0.07,0.41,0.94,5.0,2.87,-21.67
2026-07-27 13:17:06.319,0.07,0.41,0.94,8.79,1.53,-26.92
2026-07-27 13:17:06.319,0.05,0.46,0.92,8.79,1.53,-26.92
2026-07-27 13:17:06.319,0.06,0.46,0.89,10.74,-1.65,-23.62
2026-07-27 13:17:06.319,0.06,0.46,0.89,10.74,-1.65,-23.62
2026-07-27 13:17:06.319,0.07,0.45,0.89,10.01,-3.11,-17.21
2026-07-27 13:17:06.320,0.07,0.45,0.89,10.01,-3.11,-17.21
2026-07-27 13:17:06.320,0.07,0.43,0.9,9.34,-1.65,-13.49
2026-07-27 13:17:06.320,0.07,0.43,0.9,9.34,-1.65,-13.49
2026-07-27 13:17:06.320,0.07,0.42,0.9,9.77,0.92,-12.76
2026-07-27 13:17:06.320,0.07,0.42,0.9,9.77,0.92,-12.76
2026-07-27 13:17:06.320,0.07,0.42,0.9,9.77,2.56,-13.43
2026-07-27 13:17:06.321,0.08,0.43,0.9,8.73,3.3,-14.83
2026-07-27 13:17:06.322,0.08,0.43,0.9,8.73,3.3,-14.83
2026-07-27 13:17:06.322,0.09,0.45,0.92,7.63,3.91,-16.6
2026-07-27 13:17:06.324,0.09,0.45,0.92,7.63,3.91,-16.6
2026-07-27 13:17:06.324,0.11,0.51,0.96,7.63,2.93,-16.24
2026-07-27 13:17:06.324,0.11,0.51,0.96,7.63,2.93,-16.24
2026-07-27 13:17:06.325,0.11,0.54,0.91,10.93,-9.09,-7.02
2026-07-27 13:17:06.328,0.11,0.54,0.91,10.93,-9.09,-7.02
2026-07-27 13:17:06.328,0.09,0.53,0.77,15.99,-28.5,7.14
2026-07-27 13:17:06.328,0.09,0.53,0.77,15.99,-28.5,7.14
2026-07-27 13:17:06.329,0.06,0.5,0.76,13.31,-31.19,14.28
2026-07-27 13:17:06.329,0.06,0.5,0.76,13.31,-31.19,14.28
2026-07-27 13:17:06.329,0.03,0.42,0.84,-2.56,-18.8,20.26
2026-07-27 13:17:06.329,0.01,0.33,0.9,-23.68,-13.06,29.3
2026-07-27 13:17:06.329,0.01,0.33,0.9,-23.68,-13.06,29.3
2026-07-27 13:17:06.330,0.01,0.3,0.94,-31.37,-10.25,25.82
2026-07-27 13:17:06.331,0.01,0.3,0.94,-31.37,-10.25,25.82
2026-07-27 13:17:06.331,0.03,0.35,0.98,-16.48,-1.04,5.74
2026-07-27 13:17:06.487,0.03,0.35,0.98,-16.48,-1.04,5.74
2026-07-27 13:17:06.488,0.07,0.43,0.99,3.05,2.08,-10.62
2026-07-27 13:17:06.489,0.13,0.49,0.93,5.62,-9.34,-9.77
2026-07-27 13:17:06.489,0.13,0.49,0.93,5.62,-9.34,-9.77
2026-07-27 13:17:06.489,0.19,0.47,0.86,-6.47,-22.71,0.0
2026-07-27 13:17:06.489,0.19,0.47,0.86,-6.47,-22.71,0.0
2026-07-27 13:17:06.489,0.24,0.42,0.83,-13.06,-26.67,0.61
2026-07-27 13:17:06.903,0.24,0.42,0.83,-13.06,-26.67,0.61
2026-07-27 13:17:06.903,0.23,0.44,0.84,-3.54,-21.79,-10.62
2026-07-27 13:17:06.903,0.23,0.44,0.84,-3.54,-21.79,-10.62
2026-07-27 13:17:06.904,0.21,0.49,0.88,12.08,-15.14,-16.97
2026-07-27 13:17:06.905,0.2,0.5,0.91,19.84,-15.87,-10.44
2026-07-27 13:17:06.906,0.2,0.5,0.91,19.84,-15.87,-10.44
2026-07-27 13:17:06.966,0.22,0.47,0.96,18.43,-19.29,-6.35
2026-07-27 13:17:06.966,0.22,0.47,0.96,18.43,-19.29,-6.35
2026-07-27 13:17:06.967,0.2,0.44,1.0,17.27,-19.96,-18.07
2026-07-27 13:17:06.967,0.2,0.44,1.0,19.71,-27.53,-31.56
2026-07-27 13:17:06.967,0.17,0.43,0.91,19.71,-27.53,-31.56
2026-07-27 13:17:06.967,0.15,0.45,0.73,17.03,-36.68,-31.25
2026-07-27 13:17:06.967,0.15,0.45,0.73,17.03,-36.68,-31.25
2026-07-27 13:17:06.967,0.18,0.5,0.65,6.29,-31.49,-23.56
2026-07-27 13:17:06.967,0.18,0.5,0.65,6.29,-31.49,-23.56
2026-07-27 13:17:06.967,0.24,0.57,0.68,-4.76,-13.73,-17.21
2026-07-27 13:17:06.968,0.24,0.57,0.68,-4.76,-13.73,-17.21
2026-07-27 13:17:06.968,0.27,0.59,0.76,-12.33,5.86,-12.02
2026-07-27 13:17:06.968,0.27,0.59,0.76,-12.33,5.86,-12.02
2026-07-27 13:17:06.970,0.27,0.59,0.76,-12.33,5.86,-12.02
2026-07-27 13:17:06.970,0.27,0.59,0.76,-12.33,5.86,-12.02
2026-07-27 13:17:06.970,0.16,0.46,0.84,-34.12,28.14,-6.53
2026-07-27 13:17:07.023,0.12,0.37,0.89,-47.0,27.22,-5.8
2026-07-27 13:17:07.023,0.12,0.37,0.89,-47.0,27.22,-5.8
2026-07-27 13:17:07.509,0.14,0.33,0.95,-48.52,24.35,-7.32
2026-07-27 13:17:07.510,0.14,0.33,0.95,-48.52,24.35,-7.32
2026-07-27 13:17:07.510,0.16,0.34,0.97,-36.07,21.12,-12.82
2026-07-27 13:17:07.510,0.16,0.34,0.97,-36.07,21.12,-12.82
2026-07-27 13:17:07.511,0.17,0.39,0.96,-24.6,18.43,-22.22
2026-07-27 13:17:07.511,0.17,0.39,0.96,-24.6,18.43,-22.22
2026-07-27 13:17:07.511,0.15,0.38,0.97,-26.18,17.64,-32.41
2026-07-27 13:17:07.511,0.09,0.35,0.98,-31.56,19.71,-37.17
2026-07-27 13:17:07.511,0.09,0.35,0.98,-31.56,19.71,-37.17
2026-07-27 13:17:07.512,0.04,0.31,1.0,-31.19,28.02,-32.04
2026-07-27 13:17:07.512,0.04,0.31,1.0,-31.19,28.02,-32.04
2026-07-27 13:17:07.513,-0.0,0.29,1.04,-15.5,38.51,-28.14
2026-07-27 13:17:07.514,-0.0,0.29,1.04,-15.5,38.51,-28.14
2026-07-27 13:17:07.515,0.04,0.39,0.97,10.31,10.74,-46.63
2026-07-27 13:17:07.515,0.16,0.51,0.86,6.53,-39.73,-76.42
2026-07-27 13:17:07.515,0.16,0.51,0.86,6.53,-39.73,-76.42
2026-07-27 13:17:07.515,0.21,0.5,0.87,-26.73,-41.56,-83.92
2026-07-27 13:17:07.515,0.21,0.5,0.87,-26.73,-41.56,-83.92
2026-07-27 13:17:07.515,0.15,0.33,0.93,-51.94,7.57,-61.4
2026-07-27 13:17:07.516,0.15,0.33,0.93,-51.94,7.57,-61.4
2026-07-27 13:17:07.516,-0.02,0.12,0.97,-44.43,50.54,-32.65
2026-07-27 13:17:07.516,-0.02,0.12,0.97,-44.43,50.54,-32.65
2026-07-27 13:17:07.626,-0.17,0.06,0.98,-10.5,54.44,-21.0
2026-07-27 13:17:07.626,-0.22,0.1,0.93,11.05,42.05,-19.04
2026-07-27 13:17:07.626,-0.22,0.1,0.93,11.05,42.05,-19.04
2026-07-27 13:17:07.743,-0.2,0.18,0.91,6.84,24.78,-16.66
2026-07-27 13:17:07.743,-0.2,0.18,0.91,6.84,24.78,-16.66
2026-07-27 13:17:07.983,-0.18,0.27,0.97,17.09,2.5,-15.32
2026-07-27 13:17:07.983,-0.18,0.27,0.97,17.09,2.5,-15.32
2026-07-27 13:17:07.983,-0.09,0.35,0.9,76.48,-29.17,8.18
2026-07-27 13:17:07.984,-0.09,0.35,0.9,151.43,-60.24,66.22
2026-07-27 13:17:07.984,0.1,0.49,0.67,151.43,-60.24,66.22
2026-07-27 13:17:07.985,0.18,0.62,0.48,153.87,-58.72,97.23
2026-07-27 13:17:07.985,0.18,0.62,0.48,153.87,-58.72,97.23
2026-07-27 13:17:07.985,0.11,0.64,0.54,65.25,-36.74,70.56
2026-07-27 13:17:07.986,0.11,0.64,0.54,65.25,-36.74,70.56
2026-07-27 13:17:07.986,0.08,0.61,0.78,-28.26,-4.27,25.88
2026-07-27 13:17:07.987,0.08,0.61,0.78,-80.02,41.93,-17.4
2026-07-27 13:17:08.342,0.02,0.55,1.03,-80.02,41.93,-17.4
2026-07-27 13:17:08.525,-0.09,0.44,1.23,-110.84,73.49,-40.89
2026-07-27 13:17:08.525,-0.09,0.44,1.23,-110.84,73.49,-40.89
2026-07-27 13:17:08.525,-0.17,0.33,1.27,-138.85,79.71,-38.82
2026-07-27 13:17:08.525,-0.17,0.33,1.27,-138.85,79.71,-38.82
2026-07-27 13:17:08.525,-0.28,0.2,1.19,-154.17,75.99,-35.52
2026-07-27 13:17:08.526,-0.28,0.2,1.19,-154.17,75.99,-35.52
2026-07-27 13:17:08.526,-0.34,0.08,1.11,-142.7,67.14,-38.02
2026-07-27 13:17:08.712,-0.27,-0.03,1.06,-122.74,27.59,-37.29
2026-07-27 13:17:08.712,-0.27,-0.03,1.06,-122.74,27.59,-37.29
2026-07-27 13:17:08.712,-0.17,-0.16,1.04,-111.69,-33.2,-34.73
2026-07-27 13:17:08.712,-0.17,-0.16,1.04,-111.69,-33.2,-34.73
2026-07-27 13:17:08.712,-0.1,-0.25,0.97,-88.44,-60.49,-31.25
2026-07-27 13:17:08.713,-0.1,-0.25,0.97,-88.44,-60.49,-31.25
2026-07-27 13:17:08.713,-0.09,-0.3,0.8,-48.71,-44.07,-26.98
2026-07-27 13:17:08.713,-0.12,-0.31,0.64,-15.2,-17.52,-21.12
2026-07-27 13:17:08.714,-0.12,-0.31,0.64,-15.2,-17.52,-21.12
2026-07-27 13:17:08.714,-0.15,-0.32,0.52,7.51,30.03,-6.1
2026-07-27 13:17:08.723,-0.15,-0.32,0.52,7.51,30.03,-6.1
2026-07-27 13:17:08.723,-0.19,-0.36,0.54,11.47,106.69,19.29
2026-07-27 13:17:08.723,-0.19,-0.36,0.54,11.47,106.69,19.29
2026-07-27 13:17:08.724,-0.18,-0.33,0.83,0.06,138.85,44.01
2026-07-27 13:17:08.724,-0.18,-0.33,0.83,0.06,138.85,44.01
2026-07-27 13:17:08.890,-0.23,-0.17,1.09,2.5,91.13,38.45
2026-07-27 13:17:08.890,-0.36,-0.07,1.04,4.15,9.28,3.05
2026-07-27 13:17:08.890,-0.36,-0.07,1.04,4.15,9.28,3.05
2026-07-27 13:17:08.890,-0.42,-0.07,0.93,-26.86,-65.43,-26.79
2026-07-27 13:17:08.890,-0.42,-0.07,0.93,-26.86,-65.43,-26.79
2026-07-27 13:17:08.891,-0.33,-0.12,0.93,-56.09,-106.45,-30.76
2026-07-27 13:17:08.891,-0.33,-0.12,0.93,-56.09,-106.45,-30.76
2026-07-27 13:17:08.891,-0.19,-0.18,1.0,-43.95,-88.13,-16.85
2026-07-27 13:17:08.892,-0.19,-0.18,1.0,-4.27,-26.12,-8.36
2026-07-27 13:17:08.893,-0.11,-0.22,1.08,-4.27,-26.12,-8.36
2026-07-27 13:17:08.893,-0.11,-0.25,1.12,28.56,23.86,-1.95
2026-07-27 13:17:08.893,-0.11,-0.25,1.12,28.56,23.86,-1.95
2026-07-27 13:17:08.893,-0.19,-0.25,1.1,41.81,35.4,19.96
2026-07-27 13:17:08.893,-0.19,-0.25,1.1,41.81,35.4,19.96
2026-07-27 13:17:08.893,-0.26,-0.24,1.03,30.82,4.33,42.6
2026-07-27 13:17:08.893,-0.22,-0.25,0.97,10.99,-48.83,51.76
2026-07-27 13:17:08.893,-0.22,-0.25,0.97,10.99,-48.83,51.76
2026-07-27 13:17:08.893,-0.17,-0.21,0.95,28.99,-65.61,43.82
2026-07-27 13:17:08.893,-0.17,-0.21,0.95,28.99,-65.61,43.82
2026-07-27 13:17:08.893,-0.19,-0.13,0.93,65.37,-26.25,18.86
2026-07-27 13:17:08.894,-0.19,-0.13,0.93,65.37,-26.25,18.86
2026-07-27 13:17:08.894,-0.21,-0.02,0.9,79.77,-0.61,11.72
2026-07-27 13:17:09.124,-0.19,0.08,0.87,84.41,-27.1,35.89
2026-07-27 13:17:09.125,-0.19,0.08,0.87,84.41,-27.1,35.89
2026-07-27 13:17:09.125,-0.18,0.16,0.84,78.74,-44.07,55.18
2026-07-27 13:17:09.126,-0.18,0.16,0.84,78.74,-44.07,55.18
2026-07-27 13:17:09.126,-0.15,0.16,0.94,69.4,-25.94,61.71
2026-07-27 13:17:09.126,-0.15,0.16,0.94,69.4,-25.94,61.71
2026-07-27 13:17:09.126,0.01,0.19,1.1,81.97,-5.0,66.77
2026-07-27 13:17:09.127,0.01,0.19,1.1,81.97,-5.0,66.77
2026-07-27 13:17:09.128,0.16,0.36,1.14,89.17,-12.7,55.18
2026-07-27 13:17:09.132,0.15,0.49,1.0,47.97,-37.84,19.59
2026-07-27 13:17:10.022,0.15,0.49,1.0,47.97,-37.84,19.59
2026-07-27 13:17:10.024,0.04,0.45,0.84,-15.87,-41.63,-18.31
2026-07-27 13:17:10.024,0.04,0.45,0.84,-15.87,-41.63,-18.31
2026-07-27 13:17:10.024,-0.03,0.33,0.79,-50.66,-21.24,-30.76
2026-07-27 13:17:10.024,-0.03,0.33,0.79,-50.66,-21.24,-30.76
2026-07-27 13:17:10.025,-0.01,0.21,0.87,-46.51,1.1,-11.05
2026-07-27 13:17:10.026,0.04,0.17,0.99,-22.89,11.66,15.5
2026-07-27 13:17:10.026,0.04,0.17,0.99,-22.89,11.66,15.5
2026-07-27 13:17:10.026,0.05,0.19,1.04,1.71,8.18,26.43
2026-07-27 13:17:10.027,0.05,0.19,1.04,1.71,8.18,26.43
2026-07-27 13:17:10.027,0.03,0.21,1.01,17.03,-6.77,25.76
2026-07-27 13:17:10.028,0.03,0.21,1.01,17.03,-6.77,25.76
2026-07-27 13:17:10.028,0.02,0.22,0.96,33.69,-21.18,28.2
2026-07-27 13:17:10.029,0.02,0.22,0.96,33.69,-21.18,28.2
2026-07-27 13:17:10.029,0.04,0.26,0.85,60.61,-26.86,38.88
2026-07-27 13:17:10.030,0.09,0.32,0.77,66.35,-26.31,41.5
2026-07-27 13:17:10.031,0.09,0.32,0.77,66.35,-26.31,41.5
2026-07-27 13:17:10.031,0.16,0.32,0.76,30.33,-21.12,32.59
2026-07-27 13:17:10.031,0.16,0.32,0.76,30.33,-21.12,32.59
2026-07-27 13:17:10.032,0.22,0.27,0.76,-18.55,-18.31,23.13
2026-07-27 13:17:10.147,0.22,0.27,0.76,-18.55,-18.31,23.13
2026-07-27 13:17:10.147,0.25,0.28,0.69,-42.54,-24.6,11.41
2026-07-27 13:17:10.147,0.29,0.39,0.61,-29.85,-25.76,-4.46
2026-07-27 13:17:10.147,0.29,0.39,0.61,-29.85,-25.76,-4.46
2026-07-27 13:17:10.147,0.34,0.49,0.63,2.44,-8.0,-10.07
2026-07-27 13:17:10.148,0.34,0.49,0.63,2.44,-8.0,-10.07
2026-07-27 13:17:10.148,0.32,0.52,0.7,15.99,14.53,14.4
2026-07-27 13:17:10.148,0.32,0.52,0.7,15.99,14.53,14.4
2026-07-27 13:17:10.149,0.17,0.48,0.77,-8.85,22.03,64.03
2026-07-27 13:17:10.150,0.17,0.48,0.77,-8.85,22.03,64.03
2026-07-27 13:17:10.151,0.03,0.35,0.93,-52.92,13.73,116.94
2026-07-27 13:17:10.151,0.03,0.35,0.93,-52.92,13.73,116.94
2026-07-27 13:17:10.152,0.08,0.04,1.34,-82.03,3.54,153.99
2026-07-27 13:17:10.152,0.12,-0.19,1.8,-56.03,17.21,133.36
2026-07-27 13:17:10.152,0.12,-0.19,1.8,-56.03,17.21,133.36
2026-07-27 13:17:10.152,0.03,-0.0,1.87,4.82,53.04,51.51
2026-07-27 13:17:10.152,0.03,-0.0,1.87,4.82,53.04,51.51
2026-07-27 13:17:10.153,0.0,0.16,1.55,32.9,59.33,-9.58
2026-07-27 13:17:10.153,0.0,0.16,1.55,32.9,59.33,-9.58
2026-07-27 13:17:10.153,0.03,0.1,1.03,20.45,20.94,-18.37
2026-07-27 13:17:10.154,0.03,0.1,1.03,20.45,20.94,-18.37
2026-07-27 13:17:10.154,0.05,0.07,0.58,-9.22,-27.95,-15.32
2026-07-27 13:17:10.154,0.02,0.09,0.41,-40.34,-51.09,-17.09
2026-07-27 13:17:10.155,0.02,0.09,0.41,-40.34,-51.09,-17.09
2026-07-27 13:17:10.157,0.03,0.02,0.51,-53.34,-30.76,-22.77
2026-07-27 13:17:10.157,0.03,0.02,0.51,-53.34,-30.76,-22.77
2026-07-27 13:17:10.446,0.09,-0.1,0.74,-46.94,2.44,-43.27
2026-07-27 13:17:10.447,0.09,-0.1,0.74,-36.93,12.7,-72.45
2026-07-27 13:17:10.448,0.16,-0.12,0.91,-36.93,12.7,-72.45
2026-07-27 13:17:10.451,0.22,-0.07,0.93,-37.96,6.1,-79.65
2026-07-27 13:17:10.451,0.22,-0.07,0.93,-37.96,6.1,-79.65
2026-07-27 13:17:10.451,0.22,-0.04,0.84,-40.53,0.85,-62.68
2026-07-27 13:17:10.452,0.22,-0.04,0.84,-40.53,0.85,-62.68
2026-07-27 13:17:10.452,0.15,-0.03,0.73,-29.48,6.9,-41.75
2026-07-27 13:17:10.452,0.15,-0.03,0.73,-29.48,6.9,-41.75
2026-07-27 13:17:10.452,0.14,-0.07,0.75,-18.31,12.15,-23.44
2026-07-27 13:17:10.453,0.22,-0.14,0.84,-13.85,5.37,-11.11
2026-07-27 13:17:10.453,0.22,-0.14,0.84,-13.85,5.37,-11.11
2026-07-27 13:17:10.453,0.28,-0.2,0.85,-2.99,1.89,-12.82
2026-07-27 13:17:10.687,0.28,-0.2,0.85,-2.99,1.89,-12.82
2026-07-27 13:17:10.687,0.32,-0.2,0.8,13.12,6.35,-22.09
2026-07-27 13:17:10.687,0.32,-0.2,0.8,13.12,6.35,-22.09
2026-07-27 13:17:10.688,0.26,-0.13,0.87,27.28,11.41,-32.23
2026-07-27 13:17:10.688,0.26,-0.13,0.87,27.28,11.41,-32.23
2026-07-27 13:17:10.688,0.02,-0.01,1.17,40.41,18.01,-48.77
2026-07-27 13:17:10.688,-0.24,0.15,1.61,47.12,26.92,-72.27
2026-07-27 13:17:10.688,-0.24,0.15,1.61,47.12,26.92,-72.27
2026-07-27 13:17:10.688,-0.31,0.26,1.81,45.65,32.71,-80.87
2026-07-27 13:17:10.688,-0.31,0.26,1.81,45.65,32.71,-80.87
2026-07-27 13:17:10.803,-0.27,0.27,1.68,41.44,31.25,-69.21
2026-07-27 13:17:10.805,-0.27,0.27,1.68,41.44,31.25,-69.21
2026-07-27 13:17:10.805,-0.27,0.27,1.68,41.44,31.25,-69.21
2026-07-27 13:17:10.805,-0.27,0.27,1.68,41.44,31.25,-69.21
2026-07-27 13:17:10.806,-0.09,0.2,1.16,7.75,12.63,-60.73
2026-07-27 13:17:10.806,-0.09,0.2,1.16,-12.08,-3.23,-40.04
2026-07-27 13:17:11.105,0.01,0.12,0.89,-12.08,-3.23,-40.04
2026-07-27 13:17:11.105,0.03,0.04,0.71,-30.94,-22.77,-7.93
2026-07-27 13:17:11.105,0.03,0.04,0.71,-30.94,-22.77,-7.93
2026-07-27 13:17:11.105,0.01,0.02,0.65,-37.72,-29.72,4.76
2026-07-27 13:17:11.105,0.01,0.02,0.65,-37.72,-29.72,4.76
2026-07-27 13:17:11.106,-0.0,0.02,0.69,-29.48,-21.24,-11.84
2026-07-27 13:17:11.106,-0.0,0.02,0.69,-29.48,-21.24,-11.84
2026-07-27 13:17:11.106,-0.01,0.02,0.75,-14.1,-6.53,-44.19
2026-07-27 13:17:11.162,-0.0,0.04,0.82,3.23,10.38,-79.47
2026-07-27 13:17:11.163,-0.0,0.04,0.82,3.23,10.38,-79.47
2026-07-27 13:17:11.282,0.04,0.15,0.9,22.77,27.28,-112.37
2026-07-27 13:17:11.282,0.04,0.15,0.9,22.77,27.28,-112.37
2026-07-27 13:17:11.282,0.09,0.3,0.96,41.93,32.53,-136.17
2026-07-27 13:17:11.283,0.09,0.3,0.96,41.93,32.53,-136.17
2026-07-27 13:17:11.284,0.1,0.37,0.92,49.38,14.65,-134.22
2026-07-27 13:17:11.289,0.1,0.34,0.84,35.03,-13.49,-96.62
2026-07-27 13:17:11.289,0.1,0.34,0.84,35.03,-13.49,-96.62
2026-07-27 13:17:11.289,0.13,0.24,0.78,6.96,-29.66,-43.82
2026-07-27 13:17:11.289,0.13,0.24,0.78,6.96,-29.66,-43.82
2026-07-27 13:17:11.290,0.17,0.16,0.76,-14.22,-29.48,-5.8
2026-07-27 13:17:11.290,0.17,0.16,0.76,-14.22,-29.48,-5.8
2026-07-27 13:17:11.511,0.23,0.14,0.78,-12.08,-14.71,-2.32
2026-07-27 13:17:11.514,0.23,0.14,0.78,-12.08,-14.71,-2.32
2026-07-27 13:17:11.514,0.21,0.24,0.74,12.08,1.95,-28.2
2026-07-27 13:17:11.514,0.11,0.37,0.69,37.23,3.6,-43.27
2026-07-27 13:17:11.514,0.11,0.37,0.69,37.23,3.6,-43.27
2026-07-27 13:17:11.514,-0.06,0.35,1.06,64.51,12.21,-41.56
2026-07-27 13:17:11.515,-0.06,0.35,1.06,64.51,12.21,-41.56
2026-07-27 13:17:11.515,-0.32,0.41,1.72,109.56,59.94,-71.84
2026-07-27 13:17:11.711,-0.32,0.41,1.72,109.56,59.94,-71.84
2026-07-27 13:17:11.713,-0.42,0.61,1.97,95.7,82.58,-83.25
2026-07-27 13:17:11.714,-0.27,0.49,1.67,-32.35,19.9,25.94
2026-07-27 13:17:11.714,-0.27,0.49,1.67,-32.35,19.9,25.94
2026-07-27 13:17:11.714,-0.1,0.1,1.19,-145.69,-52.67,161.99
2026-07-27 13:17:11.714,-0.1,0.1,1.19,-145.69,-52.67,161.99
2026-07-27 13:17:11.714,-0.03,-0.16,0.84,-139.71,-62.19,187.87
2026-07-27 13:17:11.714,-0.03,-0.16,0.84,-139.71,-62.19,187.87
2026-07-27 13:17:11.714,0.01,-0.21,0.72,-71.59,-26.98,131.1
2026-07-27 13:17:11.714,0.01,-0.21,0.72,-21.91,0.92,50.29
2026-07-27 13:17:11.714,0.02,-0.19,0.77,-21.91,0.92,50.29
2026-07-27 13:17:11.762,-0.03,-0.13,0.82,-4.09,-2.56,-40.65
2026-07-27 13:17:11.762,-0.03,-0.13,0.82,-4.09,-2.56,-40.65
2026-07-27 13:17:11.823,-0.13,-0.02,0.84,-3.85,-14.77,-119.14
2026-07-27 13:17:11.824,-0.13,-0.02,0.84,-3.85,-14.77,-119.14
2026-07-27 13:17:11.831,-0.2,0.07,0.84,-23.32,-17.64,-155.7
2026-07-27 13:17:11.953,-0.2,0.07,0.84,-23.32,-17.64,-155.7
2026-07-27 13:17:11.953,-0.19,0.02,0.8,-54.5,-21.61,-145.57
2026-07-27 13:17:12.064,-0.12,-0.1,0.79,-77.27,-24.17,-107.67
2026-07-27 13:17:12.064,-0.12,-0.1,0.79,-77.27,-24.17,-107.67
2026-07-27 13:17:12.065,0.16,-0.31,0.99,-90.94,2.87,-69.4
2026-07-27 13:17:12.065,0.16,-0.31,0.99,-90.94,2.87,-69.4
2026-07-27 13:17:12.065,0.5,-0.57,1.35,-78.49,96.68,-40.59
2026-07-27 13:17:12.065,0.5,-0.57,1.35,-78.49,96.68,-40.59
2026-07-27 13:17:12.122,0.39,-0.6,1.44,-1.59,199.16,-27.71
2026-07-27 13:17:12.422,0.04,-0.37,1.26,93.08,150.27,-36.38
2026-07-27 13:17:12.422,0.04,-0.37,1.26,93.08,150.27,-36.38
2026-07-27 13:17:12.422,-0.31,-0.01,1.1,122.38,-7.93,-75.07
2026-07-27 13:17:12.424,-0.31,-0.01,1.1,122.38,-7.93,-75.07
2026-07-27 13:17:12.424,-0.61,0.29,0.96,83.8,-80.26,-121.34
2026-07-27 13:17:12.429,-0.61,0.29,0.96,83.8,-80.26,-121.34
2026-07-27 13:17:12.430,-0.63,0.37,0.83,10.8,-49.13,-123.29
2026-07-27 13:17:12.430,-0.49,0.27,0.78,-57.92,-1.89,-96.92
2026-07-27 13:17:12.430,-0.49,0.27,0.78,-57.92,-1.89,-96.92
2026-07-27 13:17:12.430,-0.3,0.07,0.83,-87.4,28.56,-79.04
2026-07-27 13:17:12.430,-0.3,0.07,0.83,-87.4,28.56,-79.04
2026-07-27 13:17:12.431,-0.14,-0.11,0.92,-74.1,49.32,-52.31
2026-07-27 13:17:12.431,-0.14,-0.11,0.92,-74.1,49.32,-52.31
2026-07-27 13:17:12.431,-0.09,-0.17,1.02,-37.29,50.29,-11.9
2026-07-27 13:17:12.431,-0.09,-0.17,1.02,-37.29,50.29,-11.9
2026-07-27 13:17:12.431,-0.18,-0.13,1.04,1.46,28.81,8.18
2026-07-27 13:17:12.431,-0.3,-0.08,0.92,28.44,9.22,-1.95
2026-07-27 13:17:12.431,-0.3,-0.08,0.92,28.44,9.22,-1.95
2026-07-27 13:17:12.663,-0.36,-0.09,0.78,33.75,-4.82,-19.35
2026-07-27 13:17:12.664,-0.36,-0.09,0.78,33.75,-4.82,-19.35
2026-07-27 13:17:12.664,-0.32,-0.12,0.75,22.77,-12.02,-24.96
2026-07-27 13:17:12.664,-0.32,-0.12,0.75,22.77,-12.02,-24.96
2026-07-27 13:17:12.665,-0.21,-0.11,0.86,14.04,-0.55,-18.37
2026-07-27 13:17:12.665,-0.12,-0.08,0.99,13.73,16.48,-10.19
2026-07-27 13:17:12.665,-0.12,-0.08,0.99,13.73,16.48,-10.19
2026-07-27 13:17:12.665,-0.13,-0.02,1.04,15.38,18.55,-4.94
2026-07-27 13:17:12.668,-0.13,-0.02,1.04,15.38,18.55,-4.94
2026-07-27 13:17:12.669,-0.17,0.03,1.04,12.15,8.06,1.77
2026-07-27 13:17:12.787,-0.17,0.03,1.04,12.15,8.06,1.77
2026-07-27 13:17:12.788,-0.14,0.01,1.05,4.21,-3.36,7.51
2026-07-27 13:17:12.788,-0.09,-0.04,1.11,-5.68,-10.07,4.88
2026-07-27 13:17:12.788,-0.09,-0.04,1.11,-5.68,-10.07,4.88
2026-07-27 13:17:12.788,-0.13,-0.08,1.21,-16.97,-14.16,-7.02
2026-07-27 13:17:12.904,-0.13,-0.08,1.21,-16.97,-14.16,-7.02
2026-07-27 13:17:13.084,-0.22,-0.08,1.26,-25.7,-21.79,-21.97
2026-07-27 13:17:13.086,-0.22,-0.08,1.26,-25.7,-21.79,-21.97
2026-07-27 13:17:13.086,-0.27,-0.08,1.07,-31.07,-49.62,-24.29
2026-07-27 13:17:13.086,-0.27,-0.08,1.07,-31.07,-49.62,-24.29
2026-07-27 13:17:13.086,-0.16,-0.28,0.86,-48.34,-91.61,12.08
2026-07-27 13:17:13.086,0.0,-0.53,0.89,-54.75,-87.46,53.71
2026-07-27 13:17:13.087,0.0,-0.53,0.89,-54.75,-87.46,53.71
2026-07-27 13:17:13.087,-0.03,-0.43,0.91,-8.12,-31.07,19.78
2026-07-27 13:17:13.087,-0.03,-0.43,0.91,-8.12,-31.07,19.78
2026-07-27 13:17:13.087,-0.17,-0.1,0.81,50.66,6.96,-49.93
2026-07-27 13:17:13.087,-0.17,-0.1,0.81,50.66,6.96,-49.93
2026-07-27 13:17:13.090,-0.16,0.03,0.76,63.05,4.21,-56.15
2026-07-27 13:17:13.090,-0.16,0.03,0.76,47.85,-7.26,-5.25
2026-07-27 13:17:13.142,-0.09,-0.06,0.8,47.85,-7.26,-5.25
2026-07-27 13:17:13.142,-0.06,-0.13,0.83,40.83,-14.65,45.65
2026-07-27 13:17:13.209,-0.06,-0.13,0.83,40.83,-14.65,45.65
2026-07-27 13:17:13.210,-0.01,-0.11,0.83,26.86,-29.91,65.86
2026-07-27 13:17:13.210,-0.01,-0.11,0.83,26.86,-29.91,65.86
2026-07-27 13:17:13.622,0.09,-0.14,0.82,-9.22,-43.03,54.57
2026-07-27 13:17:13.742,0.09,-0.14,0.82,-9.22,-43.03,54.57
2026-07-27 13:17:13.743,0.2,-0.19,0.87,-33.14,-30.7,20.75
2026-07-27 13:17:13.743,0.27,-0.19,1.04,-16.36,3.78,-26.98
2026-07-27 13:17:13.744,0.27,-0.19,1.04,-16.36,3.78,-26.98
2026-07-27 13:17:13.744,0.36,-0.18,1.22,14.89,29.85,-63.78
2026-07-27 13:17:13.745,0.36,-0.18,1.22,14.89,29.85,-63.78
2026-07-27 13:17:13.746,0.35,-0.17,1.25,33.2,23.8,-59.88
2026-07-27 13:17:13.746,0.35,-0.17,1.25,33.2,23.8,-59.88
2026-07-27 13:17:13.746,0.02,-0.11,1.24,30.58,19.41,-27.4
2026-07-27 13:17:13.757,-0.34,-0.06,1.22,12.63,49.01,7.14
2026-07-27 13:17:13.757,-0.34,-0.06,1.22,12.63,49.01,7.14
2026-07-27 13:17:13.757,-0.42,-0.09,1.06,-8.79,59.2,49.13
2026-07-27 13:17:13.863,-0.42,-0.09,1.06,-8.79,59.2,49.13
2026-07-27 13:17:13.863,-0.37,-0.1,0.83,-24.6,11.47,89.9
2026-07-27 13:17:13.863,-0.37,-0.1,0.83,-24.6,11.47,89.9
2026-07-27 13:17:13.864,-0.37,-0.03,0.71,-14.47,-29.79,101.75
2026-07-27 13:17:13.864,-0.37,-0.03,0.71,-14.47,-29.79,101.75
2026-07-27 13:17:13.866,-0.41,0.03,0.77,8.97,-18.19,80.51
2026-07-27 13:17:13.866,-0.36,0.0,0.91,14.1,12.57,52.73
2026-07-27 13:17:13.874,-0.36,0.0,0.91,14.1,12.57,52.73
2026-07-27 13:17:13.874,-0.18,-0.1,0.99,6.16,30.33,34.55
2026-07-27 13:17:13.874,-0.18,-0.1,0.99,6.16,30.33,34.55
2026-07-27 13:17:13.874,-0.05,-0.13,0.99,5.55,31.98,10.13
2026-07-27 13:17:13.875,-0.05,-0.13,0.99,5.55,31.98,10.13
2026-07-27 13:17:13.875,-0.09,-0.02,0.95,14.4,24.17,-23.56
2026-07-27 13:17:13.875,-0.17,0.09,0.92,20.39,16.3,-42.97
2026-07-27 13:17:13.875,-0.17,0.09,0.92,20.39,16.3,-42.97
2026-07-27 13:17:13.875,-0.2,0.1,0.95,16.42,13.55,-39.86
2026-07-27 13:17:14.106,-0.2,0.1,0.95,16.42,13.55,-39.86
2026-07-27 13:17:14.107,-0.18,0.06,0.99,4.64,12.21,-28.38
2026-07-27 13:17:14.107,-0.18,0.06,0.99,4.64,12.21,-28.38
2026-07-27 13:17:14.107,-0.14,-0.0,1.02,-10.25,10.13,-22.89
2026-07-27 13:17:14.107,-0.14,-0.0,1.02,-10.25,10.13,-22.89
2026-07-27 13:17:14.107,-0.05,-0.04,1.05,-20.26,11.23,-31.8
2026-07-27 13:17:14.108,0.03,-0.04,1.1,-18.55,15.14,-52.19
2026-07-27 13:17:14.108,0.03,-0.04,1.1,-18.55,15.14,-52.19
2026-07-27 13:17:14.108,0.03,-0.01,1.16,-14.47,9.83,-70.01
2026-07-27 13:17:14.108,0.03,-0.01,1.16,-14.47,9.83,-70.01
2026-07-27 13:17:14.108,-0.06,-0.02,1.22,-17.21,-5.68,-77.15
2026-07-27 13:17:14.284,-0.06,-0.02,1.22,-17.21,-5.68,-77.15
2026-07-27 13:17:14.402,-0.19,-0.02,1.19,-22.71,-20.51,-76.66
2026-07-27 13:17:14.522,-0.27,-0.01,0.99,-35.46,-42.54,-54.63
2026-07-27 13:17:14.522,-0.27,-0.01,0.99,-35.46,-42.54,-54.63
2026-07-27 13:17:14.523,-0.22,-0.19,0.86,-60.12,-65.86,5.25
2026-07-27 13:17:14.523,-0.22,-0.19,0.86,-60.12,-65.86,5.25
2026-07-27 13:17:14.527,-0.1,-0.45,0.9,-64.82,-57.13,58.41
2026-07-27 13:17:14.527,-0.1,-0.45,0.9,-64.82,-57.13,58.41
2026-07-27 13:17:14.528,-0.05,-0.42,0.94,-18.31,-19.17,35.28
2026-07-27 13:17:14.528,-0.05,-0.42,0.94,-18.31,-19.17,35.28
2026-07-27 13:17:14.528,-0.07,-0.17,0.88,41.26,4.46,-36.13
2026-07-27 13:17:14.528,-0.12,-0.0,0.79,57.43,-3.05,-62.93
2026-07-27 13:17:14.528,-0.12,-0.0,0.79,57.43,-3.05,-62.93
2026-07-27 13:17:14.528,-0.16,-0.01,0.71,31.43,-17.21,-23.99
2026-07-27 13:17:14.529,-0.16,-0.01,0.71,31.43,-17.21,-23.99
2026-07-27 13:17:14.529,-0.2,-0.13,0.73,-3.66,-15.87,33.02
2026-07-27 13:17:14.530,-0.2,-0.13,0.73,-3.66,-15.87,33.02
2026-07-27 13:17:14.531,-0.17,-0.27,0.85,-24.78,-0.85,70.07
2026-07-27 13:17:14.531,-0.17,-0.27,0.85,-24.78,11.17,75.81
2026-07-27 13:17:14.591,-0.05,-0.39,0.98,-24.78,11.17,75.81
2026-07-27 13:17:14.592,0.08,-0.39,1.05,-2.38,14.89,45.59
2026-07-27 13:17:15.122,0.08,-0.39,1.05,-2.38,14.89,45.59
2026-07-27 13:17:15.123,0.16,-0.26,1.08,40.71,24.96,-2.01
2026-07-27 13:17:15.123,0.16,-0.26,1.08,40.71,24.96,-2.01
2026-07-27 13:17:15.124,0.21,-0.13,1.06,81.42,37.9,-33.81
2026-07-27 13:17:15.128,0.16,0.01,0.99,77.33,18.74,-45.78
2026-07-27 13:17:15.128,0.16,0.01,0.99,77.33,18.74,-45.78
2026-07-27 13:17:15.128,0.01,0.11,0.96,29.11,-30.64,-37.78
2026-07-27 13:17:15.128,0.01,0.11,0.96,29.11,-30.64,-37.78
2026-07-27 13:17:15.129,-0.2,0.02,1.09,6.59,-32.71,-2.32
2026-07-27 13:17:15.129,-0.2,0.02,1.09,6.59,-32.71,-2.32
2026-07-27 13:17:15.136,-0.39,-0.12,1.2,43.21,44.56,40.28
2026-07-27 13:17:15.136,-0.39,-0.12,1.2,45.35,82.89,69.76
2026-07-27 13:17:15.136,-0.48,-0.1,1.11,45.35,82.89,69.76
2026-07-27 13:17:15.136,-0.46,0.05,0.94,-36.07,10.31,88.87
2026-07-27 13:17:15.136,-0.46,0.05,0.94,-36.07,10.31,88.87
2026-07-27 13:17:15.302,-0.42,0.09,0.8,-95.34,-68.24,92.83
2026-07-27 13:17:15.302,-0.42,0.09,0.8,-95.34,-68.24,92.83
2026-07-27 13:17:15.303,-0.34,-0.03,0.78,-70.13,-56.27,75.74
2026-07-27 13:17:15.303,-0.34,-0.03,0.78,-70.13,-56.27,75.74
2026-07-27 13:17:15.304,-0.21,-0.21,0.91,-16.17,16.54,46.39
2026-07-27 13:17:15.304,-0.16,-0.25,1.01,16.72,64.76,3.42
2026-07-27 13:17:15.305,-0.16,-0.25,1.01,16.72,64.76,3.42
2026-07-27 13:17:15.305,-0.22,-0.09,0.96,26.67,55.54,-46.02
2026-07-27 13:17:15.306,-0.22,-0.09,0.96,26.67,55.54,-46.02
2026-07-27 13:17:15.307,-0.23,0.04,0.88,25.63,31.13,-73.55
2026-07-27 13:17:15.363,-0.23,0.04,0.88,25.63,31.13,-73.55
2026-07-27 13:17:15.363,-0.19,0.05,0.88,25.51,30.15,-74.65
2026-07-27 13:17:15.364,-0.2,0.07,0.9,30.27,42.11,-64.33
2026-07-27 13:17:15.364,-0.2,0.07,0.9,30.27,42.11,-64.33
2026-07-27 13:17:15.365,-0.25,0.05,0.93,32.53,47.55,-44.98
2026-07-27 13:17:15.365,-0.25,0.05,0.93,32.53,47.55,-44.98
2026-07-27 13:17:15.365,-0.25,-0.06,0.98,25.21,45.47,-25.51
2026-07-27 13:17:15.366,-0.25,-0.06,0.98,25.21,45.47,-25.51
2026-07-27 13:17:15.366,-0.18,-0.13,1.06,13.79,41.69,-27.34
2026-07-27 13:17:15.606,-0.12,-0.13,1.14,4.94,36.25,-47.55
2026-07-27 13:17:15.606,-0.12,-0.13,1.14,4.94,36.25,-47.55
2026-07-27 13:17:15.606,-0.14,-0.1,1.22,-9.95,19.29,-61.89
2026-07-27 13:17:15.663,-0.14,-0.1,1.22,-9.95,19.29,-61.89
2026-07-27 13:17:15.663,-0.27,-0.12,1.29,-28.81,-6.96,-65.98
2026-07-27 13:17:15.664,-0.27,-0.12,1.29,-28.81,-6.96,-65.98
2026-07-27 13:17:15.664,-0.41,-0.09,1.29,-36.25,-25.27,-75.56
2026-07-27 13:17:15.664,-0.41,-0.09,1.29,-36.25,-25.27,-75.56
2026-07-27 13:17:15.664,-0.45,-0.01,1.07,-45.17,-54.14,-71.35
2026-07-27 13:17:15.666,-0.35,-0.17,0.81,-73.49,-104.98,-17.58
2026-07-27 13:17:16.568,-0.35,-0.17,0.81,-73.49,-104.98,-17.58
2026-07-27 13:17:16.570,-0.18,-0.43,0.73,-85.02,-123.47,30.52
2026-07-27 13:17:16.570,-0.18,-0.43,0.73,-85.02,-123.47,30.52
2026-07-27 13:17:16.570,-0.13,-0.39,0.75,-32.47,-77.27,-9.7
2026-07-27 13:17:16.570,-0.13,-0.39,0.75,-32.47,-77.27,-9.7
2026-07-27 13:17:16.570,-0.15,-0.17,0.78,49.87,-10.93,-85.51
2026-07-27 13:17:16.570,-0.17,-0.06,0.79,91.06,26.25,-99.37
2026-07-27 13:17:16.571,-0.17,-0.06,0.79,91.06,26.25,-99.37
2026-07-27 13:17:16.682,-0.17,-0.07,0.78,72.69,26.43,-51.64
2026-07-27 13:17:16.682,-0.17,-0.07,0.78,72.69,26.43,-51.64
2026-07-27 13:17:16.683,-0.17,-0.11,0.73,21.42,7.57,6.84
2026-07-27 13:17:16.683,-0.17,-0.11,0.73,21.42,7.57,6.84
2026-07-27 13:17:16.683,-0.11,-0.14,0.72,-23.25,-3.85,43.15
2026-07-27 13:17:16.684,-0.11,-0.14,0.72,-23.25,-3.85,43.15
2026-07-27 13:17:16.685,0.01,-0.2,0.81,-34.91,4.88,51.76
2026-07-27 13:17:16.691,0.01,-0.2,0.81,-10.44,29.72,39.37
2026-07-27 13:17:16.692,0.12,-0.26,1.0,-10.44,29.72,39.37
2026-07-27 13:17:16.692,0.17,-0.34,1.2,35.52,60.06,18.31
2026-07-27 13:17:16.692,0.17,-0.34,1.2,35.52,60.06,18.31
2026-07-27 13:17:16.692,0.13,-0.41,1.34,74.71,73.36,-6.47
2026-07-27 13:17:16.692,0.13,-0.41,1.34,74.71,73.36,-6.47
2026-07-27 13:17:16.692,-0.22,-0.24,1.24,97.05,60.73,-43.09
2026-07-27 13:17:16.693,-0.22,-0.24,1.24,97.05,60.73,-43.09
2026-07-27 13:17:16.693,-0.67,0.07,1.03,88.26,30.27,-74.46
2026-07-27 13:17:16.693,-0.74,0.1,0.97,19.17,2.38,-49.13
2026-07-27 13:17:16.693,-0.74,0.1,0.97,19.17,2.38,-49.13
2026-07-27 13:17:16.693,-0.53,-0.07,0.93,-70.62,-27.53,28.26
2026-07-27 13:17:16.693,-0.53,-0.07,0.93,-70.62,-27.53,28.26
2026-07-27 13:17:16.693,-0.47,-0.14,0.83,-100.1,-57.62,73.55
2026-07-27 13:17:16.693,-0.47,-0.14,0.83,-100.1,-57.62,73.55
2026-07-27 13:17:16.693,-0.58,-0.14,0.73,-56.95,-47.42,56.03
2026-07-27 13:17:16.695,-0.58,-0.14,0.73,-56.95,-47.42,56.03
2026-07-27 13:17:16.695,-0.49,-0.25,0.77,-13.31,-8.73,35.03
2026-07-27 13:17:16.695,-0.26,-0.39,0.89,-4.03,20.32,22.34
2026-07-27 13:17:16.696,-0.26,-0.39,0.89,-4.03,20.32,22.34
2026-07-27 13:17:16.697,-0.23,-0.31,0.9,2.5,25.33,-17.03
2026-07-27 13:17:16.700,-0.23,-0.31,0.9,2.5,25.33,-17.03
2026-07-27 13:17:16.701,-0.33,-0.1,0.83,12.76,15.81,-58.9
2026-07-27 13:17:16.701,-0.33,-0.1,0.83,12.76,15.81,-58.9
2026-07-27 13:17:16.701,-0.32,-0.0,0.83,17.21,13.85,-70.25
2026-07-27 13:17:16.701,-0.32,-0.0,0.83,17.21,13.85,-70.25
2026-07-27 13:17:16.701,-0.24,-0.04,0.9,22.77,24.54,-65.55
2026-07-27 13:17:16.701,-0.24,-0.04,0.9,33.2,33.57,-66.04
2026-07-27 13:17:16.703,-0.23,-0.08,0.94,33.2,33.57,-66.04
2026-07-27 13:17:16.711,-0.24,-0.09,0.95,38.57,34.36,-69.4
2026-07-27 13:17:16.711,-0.24,-0.09,0.95,38.57,34.36,-69.4
2026-07-27 13:17:16.711,-0.21,-0.15,1.0,34.73,36.56,-69.52
2026-07-27 13:17:16.712,-0.21,-0.15,1.0,34.73,36.56,-69.52
2026-07-27 13:17:16.712,-0.15,-0.19,1.06,25.02,41.99,-72.57
2026-07-27 13:17:16.808,-0.11,-0.19,1.13,11.66,41.5,-82.58
2026-07-27 13:17:16.983,-0.11,-0.19,1.13,11.66,41.5,-82.58
2026-07-27 13:17:16.983,-0.14,-0.2,1.17,0.67,29.48,-93.69
2026-07-27 13:17:16.983,-0.14,-0.2,1.17,0.67,29.48,-93.69
2026-07-27 13:17:16.983,-0.24,-0.25,1.19,-1.1,12.39,-102.84
2026-07-27 13:17:16.983,-0.24,-0.25,1.19,-1.1,12.39,-102.84
2026-07-27 13:17:16.984,-0.39,-0.2,1.14,-0.18,-7.63,-108.52
2026-07-27 13:17:16.985,-0.43,-0.19,1.03,-15.99,-45.9,-86.61
2026-07-27 13:17:16.987,-0.43,-0.19,1.03,-15.99,-45.9,-86.61
2026-07-27 13:17:16.992,-0.31,-0.4,0.91,-41.93,-94.79,-37.78
2026-07-27 13:17:16.992,-0.31,-0.4,0.91,-41.93,-94.79,-37.78
2026-07-27 13:17:16.993,-0.18,-0.51,0.79,-35.64,-104.61,-25.94
2026-07-27 13:17:16.997,-0.18,-0.51,0.79,-35.64,-104.61,-25.94
2026-07-27 13:17:17.403,-0.16,-0.35,0.7,13.61,-58.17,-76.23
2026-07-27 13:17:17.583,-0.18,-0.12,0.66,65.19,-0.06,-129.27
2026-07-27 13:17:17.583,-0.18,-0.12,0.66,65.19,-0.06,-129.27
2026-07-27 13:17:17.587,-0.14,-0.03,0.71,85.08,34.12,-136.23
2026-07-27 13:17:17.587,-0.14,-0.03,0.71,85.08,34.12,-136.23
2026-07-27 13:17:17.587,-0.07,-0.08,0.8,71.47,40.16,-105.47
2026-07-27 13:17:17.588,-0.07,-0.08,0.8,71.47,40.16,-105.47
2026-07-27 13:17:17.588,-0.06,-0.13,0.83,36.99,24.84,-60.0
2026-07-27 13:17:17.588,-0.06,-0.13,0.83,0.73,8.12,-17.03
2026-07-27 13:17:17.589,-0.06,-0.13,0.81,0.73,8.12,-17.03
2026-07-27 13:17:17.589,-0.0,-0.14,0.89,-16.48,13.79,8.79
2026-07-27 13:17:17.590,-0.0,-0.14,0.89,-16.48,13.79,8.79
2026-07-27 13:17:17.590,0.09,-0.19,1.09,-3.72,42.54,14.47
2026-07-27 13:17:17.590,0.09,-0.19,1.09,-3.72,42.54,14.47
2026-07-27 13:17:17.590,0.17,-0.27,1.28,26.86,67.87,13.24
2026-07-27 13:17:17.590,0.17,-0.27,1.28,26.86,67.87,13.24
2026-07-27 13:17:17.590,0.15,-0.31,1.35,47.24,57.43,0.85
2026-07-27 13:17:18.422,0.15,-0.31,1.35,57.8,21.55,-26.98
2026-07-27 13:17:19.202,-0.21,-0.12,1.17,57.8,21.55,-26.98
2026-07-27 13:17:19.202,-0.56,0.12,0.97,46.33,-3.54,-25.76
2026-07-27 13:17:19.203,-0.56,0.12,0.97,46.33,-3.54,-25.76
2026-07-27 13:17:19.205,-0.5,0.1,0.91,-8.36,-11.47,24.23
2026-07-27 13:17:19.206,-0.5,0.1,0.91,-8.36,-11.47,24.23
2026-07-27 13:17:19.206,-0.35,-0.02,0.84,-64.64,-30.33,80.08
2026-07-27 13:17:19.207,-0.35,-0.02,0.84,-64.64,-30.33,80.08
2026-07-27 13:17:19.207,-0.37,-0.06,0.76,-75.07,-50.42,107.24
2026-07-27 13:17:19.207,-0.46,-0.09,0.82,-46.33,-28.02,101.75
2026-07-27 13:17:19.207,-0.46,-0.09,0.82,-46.33,-28.02,101.75
2026-07-27 13:17:19.207,-0.41,-0.16,0.98,-20.69,18.8,82.7
2026-07-27 13:17:19.208,-0.41,-0.16,0.98,-20.69,18.8,82.7
2026-07-27 13:17:19.209,-0.28,-0.21,1.05,-18.07,39.06,61.71
2026-07-27 13:17:20.402,-0.28,-0.21,1.05,-18.07,39.06,61.71
2026-07-27 13:17:20.402,-0.2,-0.23,0.96,-24.17,20.02,37.17
2026-07-27 13:17:20.403,-0.2,-0.23,0.96,-23.68,-3.91,13.73
2026-07-27 13:17:20.403,-0.2,-0.2,0.84,-23.68,-3.91,13.73
2026-07-27 13:17:20.404,-0.21,-0.15,0.82,-11.6,-1.89,-6.35
2026-07-27 13:17:20.404,-0.21,-0.15,0.82,-11.6,-1.89,-6.35
2026-07-27 13:17:20.405,-0.23,-0.1,0.87,4.46,17.82,-22.34
2026-07-27 13:17:20.405,-0.23,-0.1,0.87,4.46,17.82,-22.34
2026-07-27 13:17:20.406,-0.23,-0.08,0.92,15.08,32.47,-31.86
2026-07-27 13:17:20.406,-0.23,-0.08,0.92,15.08,32.47,-31.86
2026-07-27 13:17:20.407,-0.2,-0.12,0.97,17.4,35.89,-35.16
2026-07-27 13:17:20.409,-0.2,-0.12,0.97,15.01,34.61,-38.51
2026-07-27 13:17:20.409,-0.16,-0.18,1.02,15.01,34.61,-38.51
2026-07-27 13:17:20.409,-0.12,-0.24,1.07,9.83,31.86,-44.98
2026-07-27 13:17:20.410,-0.12,-0.24,1.07,9.83,31.86,-44.98
2026-07-27 13:17:20.410,-0.07,-0.28,1.09,-4.39,21.91,-48.28
2026-07-27 13:17:20.410,-0.07,-0.28,1.09,-4.39,21.91,-48.28
2026-07-27 13:17:20.413,-0.13,-0.3,1.14,-27.4,1.22,-51.88
2026-07-27 13:17:20.413,-0.13,-0.3,1.14,-27.4,1.22,-51.88
2026-07-27 13:17:20.416,-0.33,-0.28,1.22,-35.4,-8.67,-70.01
2026-07-27 13:17:20.416,-0.33,-0.28,1.22,-35.4,-8.67,-70.01
2026-07-27 13:17:20.417,-0.46,-0.18,1.16,-25.88,-4.58,-93.08
2026-07-27 13:17:20.417,-0.46,-0.18,1.16,-40.1,-33.26,-69.7
2026-07-27 13:17:20.418,-0.41,-0.2,0.97,-40.1,-33.26,-69.7
2026-07-27 13:17:20.419,-0.23,-0.44,0.84,-76.6,-94.06,3.23
2026-07-27 13:17:20.419,-0.23,-0.44,0.84,-76.6,-94.06,3.23
2026-07-27 13:17:20.419,-0.14,-0.55,0.77,-72.33,-108.4,28.69
2026-07-27 13:17:20.419,-0.14,-0.55,0.77,-72.33,-108.4,28.69
2026-07-27 13:17:20.419,-0.18,-0.37,0.71,-9.77,-48.65,-38.57
2026-07-27 13:17:20.419,-0.18,-0.37,0.71,-9.77,-48.65,-38.57
2026-07-27 13:17:20.420,-0.22,-0.15,0.68,56.88,22.28,-111.63
2026-07-27 13:17:20.420,-0.22,-0.15,0.68,56.88,22.28,-111.63
2026-07-27 13:17:20.420,-0.17,-0.12,0.69,78.25,51.94,-111.27
2026-07-27 13:17:20.420,-0.13,-0.19,0.74,54.02,44.43,-56.82
2026-07-27 13:17:20.420,-0.13,-0.19,0.74,54.02,44.43,-56.82
2026-07-27 13:17:20.421,-0.19,-0.26,0.8,13.0,23.32,2.44
2026-07-27 13:17:20.422,-0.19,-0.26,0.8,13.0,23.32,2.44
2026-07-27 13:17:20.422,-0.2,-0.35,0.88,-18.74,6.84,45.53
2026-07-27 13:17:20.426,-0.2,-0.35,0.88,-18.74,6.84,45.53
2026-07-27 13:17:20.431,-0.07,-0.47,1.01,-19.65,13.67,58.04
2026-07-27 13:17:20.432,-0.07,-0.47,1.01,-19.65,13.67,58.04
2026-07-27 13:17:20.432,0.09,-0.47,1.16,27.65,50.9,28.87
2026-07-27 13:17:20.432,0.1,-0.29,1.15,106.14,83.25,-31.62
2026-07-27 13:17:20.432,0.1,-0.29,1.15,106.14,83.25,-31.62
2026-07-27 13:17:20.432,-0.05,-0.03,0.98,152.77,64.58,-94.48
2026-07-27 13:17:20.432,-0.05,-0.03,0.98,152.77,64.58,-94.48
2026-07-27 13:17:20.433,-0.2,0.17,0.82,133.0,6.23,-116.39
2026-07-27 13:17:20.433,-0.2,0.17,0.82,133.0,6.23,-116.39
2026-07-27 13:17:20.433,-0.12,-0.15,0.82,-20.63,-5.92,41.38
2026-07-27 13:17:20.433,0.04,-0.19,0.95,-21.36,7.39,28.08
2026-07-27 13:17:20.433,0.04,-0.19,0.95,-21.36,7.39,28.08
2026-07-27 13:17:20.433,0.08,-0.14,1.05,-10.13,22.89,-11.9
2026-07-27 13:17:20.433,0.08,-0.14,1.05,-10.13,22.89,-11.9
2026-07-27 13:17:20.434,-0.05,-0.01,1.08,1.04,30.76,-57.43
2026-07-27 13:17:20.434,-0.05,-0.01,1.08,1.04,30.76,-57.43
2026-07-27 13:17:20.434,-0.13,0.07,1.1,-1.4,29.42,-75.2
2026-07-27 13:17:20.434,-0.13,0.07,1.1,-1.4,29.42,-75.2
2026-07-27 13:17:20.435,-0.01,0.05,1.15,-17.21,20.63,-58.41
2026-07-27 13:17:20.436,0.1,-0.04,1.24,-34.73,1.71,-34.67
2026-07-27 13:17:20.436,0.1,-0.04,1.24,-34.73,1.71,-34.67
2026-07-27 13:17:20.436,0.03,-0.1,1.3,-41.08,-19.78,-37.29
2026-07-27 13:17:20.436,0.14,-0.47,0.78,-12.88,-41.87,-42.66
2026-07-27 13:17:20.436,-0.49,-0.61,0.61,-91.8,-54.38,-20.26
2026-07-27 13:17:20.650,-0.43,-0.64,0.59,-114.81,-138.85,-22.58
2026-07-27 13:17:20.650,-0.43,-0.64,0.59,-138.79,-178.83,-8.97
2026-07-27 13:17:20.650,-0.28,-0.65,0.6,-138.79,-178.83,-8.97
2026-07-27 13:17:20.650,-0.13,-0.64,0.64,-136.29,-175.17,-7.57
2026-07-27 13:17:20.650,-0.13,-0.64,0.64,-136.29,-175.17,-7.57
2026-07-27 13:17:20.651,-0.03,-0.64,0.67,-100.22,-124.21,-34.73
2026-07-27 13:17:20.651,-0.03,-0.64,0.67,-100.22,-124.21,-34.73
2026-07-27 13:17:21.123,-0.02,-0.65,0.66,-55.05,-33.02,-71.66
2026-07-27 13:17:21.124,-0.02,-0.65,0.66,-55.05,-33.02,-71.66
2026-07-27 13:17:21.124,-0.02,-0.65,0.66,-55.05,-33.02,-71.66
2026-07-27 13:17:21.124,-0.02,-0.65,0.66,-55.05,-33.02,-71.66
2026-07-27 13:17:21.124,-0.08,-0.57,0.69,-19.04,123.41,-96.25
2026-07-27 13:17:21.125,-0.02,-0.53,0.83,-26.43,129.88,-84.59
2026-07-27 13:17:21.132,-0.02,-0.53,0.83,-26.43,129.88,-84.59
2026-07-27 13:17:21.133,0.12,-0.58,0.94,-26.73,99.12,-55.73
2026-07-27 13:17:21.133,0.12,-0.58,0.94,-26.73,99.12,-55.73
2026-07-27 13:17:21.133,0.27,-0.69,0.91,-13.92,62.74,-19.9
2026-07-27 13:17:21.133,0.27,-0.69,0.91,5.68,46.45,2.01
2026-07-27 13:17:21.133,0.3,-0.77,0.81,5.68,46.45,2.01
2026-07-27 13:17:21.140,0.21,-0.79,0.75,25.57,50.96,2.56
2026-07-27 13:17:21.143,0.21,-0.79,0.75,25.57,50.96,2.56
2026-07-27 13:17:21.144,0.1,-0.84,0.76,37.9,53.53,-13.06
2026-07-27 13:17:21.144,0.1,-0.84,0.76,37.9,53.53,-13.06
2026-07-27 13:17:21.144,-0.01,-0.92,0.83,34.12,47.61,-36.93
2026-07-27 13:17:21.144,-0.01,-0.92,0.83,34.12,47.61,-36.93
2026-07-27 13:17:21.144,-0.03,-0.83,0.91,17.88,48.77,-63.48
2026-07-27 13:17:21.145,-0.03,-0.56,0.82,12.88,54.2,-80.14
2026-07-27 13:17:21.147,-0.03,-0.56,0.82,12.88,54.2,-80.14
2026-07-27 13:17:21.147,-0.05,-0.39,0.53,29.72,35.83,-71.29
2026-07-27 13:17:21.147,-0.05,-0.39,0.53,29.72,35.83,-71.29
2026-07-27 13:17:21.147,-0.08,-0.48,0.32,43.58,-1.65,-50.35
2026-07-27 13:17:21.483,-0.08,-0.48,0.32,43.58,-1.65,-50.35
2026-07-27 13:17:21.483,-0.06,-0.63,0.44,33.81,-6.41,-48.65
2026-07-27 13:17:21.484,-0.02,-0.64,0.77,13.31,31.49,-67.93
2026-07-27 13:17:21.484,-0.02,-0.64,0.77,13.31,31.49,-67.93
2026-07-27 13:17:21.484,0.1,-0.62,0.94,4.46,70.07,-89.66
2026-07-27 13:17:21.485,0.1,-0.62,0.94,4.46,70.07,-89.66
2026-07-27 13:17:23.044,0.26,-0.65,0.89,11.78,98.45,-118.47
2026-07-27 13:17:23.044,0.26,-0.65,0.89,11.78,98.45,-118.47
2026-07-27 13:17:23.044,0.29,-0.6,0.81,26.37,127.81,-158.57
2026-07-27 13:17:23.044,0.29,-0.6,0.81,26.37,127.81,-158.57
2026-07-27 13:17:23.048,0.17,-0.36,0.82,37.84,144.71,-175.11
2026-07-27 13:17:23.048,0.08,-0.09,0.9,44.56,138.24,-144.47
2026-07-27 13:17:23.049,0.08,-0.09,0.9,44.56,138.24,-144.47
2026-07-27 13:17:23.049,0.2,-0.05,0.97,42.66,107.54,-77.09
2026-07-27 13:17:23.049,0.2,-0.05,0.97,42.66,107.54,-77.09
2026-07-27 13:17:23.049,0.32,-0.14,0.94,32.41,50.23,-8.48
2026-07-27 13:17:23.052,0.32,-0.14,0.94,32.41,50.23,-8.48
2026-07-27 13:17:23.052,0.29,-0.21,0.8,28.5,-13.12,28.99
2026-07-27 13:17:23.052,0.27,-0.26,0.66,30.09,-43.46,32.59
2026-07-27 13:17:23.053,0.27,-0.26,0.66,30.09,-43.46,32.59
2026-07-27 13:17:23.054,0.3,-0.29,0.58,28.69,-32.78,8.67
2026-07-27 13:17:23.054,0.3,-0.29,0.58,28.69,-32.78,8.67
2026-07-27 13:17:23.054,0.25,-0.23,0.54,25.82,-23.74,-25.57
2026-07-27 13:17:23.054,0.25,-0.23,0.54,25.82,-23.74,-25.57
2026-07-27 13:17:23.054,0.23,-0.16,0.7,11.6,-57.5,-29.24
2026-07-27 13:17:23.055,0.44,-0.16,1.15,-10.01,-99.79,7.45
2026-07-27 13:17:23.055,0.44,-0.16,1.15,-10.01,-99.79,7.45
2026-07-27 13:17:23.055,0.89,-0.29,1.82,-15.32,-99.06,51.76
2026-07-27 13:17:23.055,0.89,-0.29,1.82,-15.32,-99.06,51.76
2026-07-27 13:17:23.056,1.57,-0.79,2.63,-11.47,-80.81,80.69
2026-07-27 13:17:23.056,1.57,-0.79,2.63,-11.47,-80.81,80.69
2026-07-27 13:17:23.056,1.9,-1.39,2.97,3.11,-110.53,75.68
2026-07-27 13:17:23.056,1.9,-1.39,2.97,3.11,-110.53,75.68
2026-07-27 13:17:23.104,1.45,-1.39,2.4,49.93,-180.85,20.69
2026-07-27 13:17:23.104,0.45,-0.7,1.21,111.45,-215.15,-55.48
2026-07-27 13:17:23.105,0.45,-0.7,1.21,111.45,-215.15,-55.48
2026-07-27 13:17:23.105,-0.53,-0.02,0.01,136.11,-201.72,-80.63
2026-07-27 13:17:23.107,-0.53,-0.02,0.01,136.11,-201.72,-80.63
2026-07-27 13:17:23.107,-1.2,0.24,-0.71,115.84,-157.04,-42.36
2026-07-27 13:17:23.107,-1.2,0.24,-0.71,115.84,-157.04,-42.36
2026-07-27 13:17:23.107,-1.72,0.25,-1.03,92.04,-87.46,11.05
2026-07-27 13:17:23.107,-1.72,0.25,-1.03,92.04,-87.46,11.05
2026-07-27 13:17:23.587,-2.05,0.05,-0.91,69.52,-9.09,46.94
2026-07-27 13:17:23.588,-1.99,-0.5,-0.21,29.24,101.2,67.32
2026-07-27 13:17:23.588,-1.99,-0.5,-0.21,29.24,101.2,67.32
2026-07-27 13:17:23.589,-1.72,-1.39,0.91,-39.67,230.96,74.83
2026-07-27 13:17:24.362,-1.72,-1.39,0.91,-39.67,230.96,74.83
2026-07-27 13:17:24.362,-1.17,-2.41,2.51,-151.79,330.2,56.52
2026-07-27 13:17:24.364,-1.17,-2.41,2.51,-151.79,330.2,56.52
2026-07-27 13:17:24.374,-0.06,-2.71,3.93,-241.21,390.81,15.01
2026-07-27 13:17:24.374,-0.06,-2.71,3.93,-210.39,356.26,-17.52
2026-07-27 13:17:24.379,0.84,-1.92,3.96,-210.39,356.26,-17.52
2026-07-27 13:17:24.379,0.99,-0.74,2.58,-101.62,221.44,-37.48
2026-07-27 13:17:24.603,0.99,-0.74,2.58,-101.62,221.44,-37.48
2026-07-27 13:17:24.661,0.86,0.26,0.93,-19.9,112.55,-85.69
2026-07-27 13:17:24.662,0.86,0.26,0.93,-19.9,112.55,-85.69
2026-07-27 13:17:24.662,0.77,0.88,-0.04,2.2,78.06,-151.86
2026-07-27 13:17:24.663,0.77,0.88,-0.04,2.2,78.06,-151.86
2026-07-27 13:17:24.664,0.78,1.08,-0.34,-1.53,63.23,-181.88
2026-07-27 13:17:24.851,0.75,0.94,-0.38,14.16,24.11,-166.08
2026-07-27 13:17:24.852,0.75,0.94,-0.38,14.16,24.11,-166.08
2026-07-27 13:17:24.852,0.61,0.67,-0.32,44.98,-28.26,-136.35
2026-07-27 13:17:24.902,0.61,0.67,-0.32,44.98,-28.26,-136.35
2026-07-27 13:17:24.902,0.41,0.41,0.02,71.9,-59.14,-112.0
2026-07-27 13:17:24.903,0.41,0.41,0.02,71.9,-59.14,-112.0
2026-07-27 13:17:24.903,0.26,0.27,1.12,124.08,-43.52,-78.37
2026-07-27 13:17:24.903,0.26,0.27,1.12,124.08,-43.52,-78.37
2026-07-27 13:17:24.907,0.43,-0.15,2.91,181.4,1.46,15.44
2026-07-27 13:17:24.907,0.21,-0.83,2.49,-96.44,135.07,-79.47
2026-07-27 13:17:24.910,0.21,-0.83,2.49,-96.44,135.07,-79.47
2026-07-27 13:17:24.910,0.49,-0.56,3.12,-110.41,201.48,-87.22
2026-07-27 13:17:24.910,0.49,-0.56,3.12,-110.41,201.48,-87.22
2026-07-27 13:17:24.910,0.56,-0.26,2.18,-75.5,179.26,-66.71
2026-07-27 13:17:24.911,0.55,-0.02,0.97,-84.11,124.82,-45.17
2026-07-27 13:17:24.911,0.55,-0.02,0.97,-84.11,124.82,-45.17
2026-07-27 13:17:24.911,0.49,0.1,0.29,-117.13,99.85,-55.85
2026-07-27 13:17:24.912,0.49,0.1,0.29,-117.13,99.85,-55.85
2026-07-27 13:17:24.912,0.46,0.18,0.09,-122.31,94.85,-76.35
2026-07-27 13:17:24.912,0.46,0.18,0.09,-122.31,94.85,-76.35
2026-07-27 13:17:24.912,0.5,0.27,0.04,-101.81,81.79,-75.99
2026-07-27 13:17:24.964,0.5,0.27,0.04,-101.81,81.79,-75.99
2026-07-27 13:17:24.964,0.65,0.45,0.06,-67.87,58.29,-57.25
2026-07-27 13:17:24.964,0.81,0.66,0.45,-15.32,39.06,-34.97
2026-07-27 13:17:24.964,0.81,0.66,0.45,-15.32,39.06,-34.97
2026-07-27 13:17:24.977,0.77,0.64,1.7,47.73,30.46,-8.36
2026-07-27 13:17:24.977,0.77,0.64,1.7,47.73,30.46,-8.36
2026-07-27 13:17:24.977,0.44,0.43,2.9,94.85,11.54,21.3
2026-07-27 13:17:24.978,0.44,0.43,2.9,94.85,11.54,21.3
2026-07-27 13:17:24.978,-0.11,0.34,2.85,134.46,-15.62,23.5
2026-07-27 13:17:24.978,-0.11,0.34,2.85,134.46,-15.62,23.5
2026-07-27 13:17:24.979,-0.59,0.3,2.13,133.61,-31.68,17.46
2026-07-27 13:17:24.979,-0.59,0.3,2.13,32.41,-71.78,67.87
2026-07-27 13:17:24.979,-0.76,-0.02,1.71,32.41,-71.78,67.87
2026-07-27 13:17:24.979,-0.64,-0.57,1.51,-88.75,-159.55,162.23
2026-07-27 13:17:24.979,-0.64,-0.57,1.51,-88.75,-159.55,162.23
2026-07-27 13:17:24.980,-0.49,-0.92,1.09,-110.96,-253.36,214.54
2026-07-27 13:17:24.981,-0.49,-0.92,1.09,-110.96,-253.36,214.54
2026-07-27 13:17:25.324,-0.45,-0.86,0.54,-52.25,-310.0,184.08
2026-07-27 13:17:25.324,-0.45,-0.86,0.54,11.23,-307.37,111.82
2026-07-27 13:17:25.324,-0.43,-0.55,0.17,11.23,-307.37,111.82
2026-07-27 13:17:25.330,-0.39,-0.24,-0.01,56.34,-250.43,49.62
2026-07-27 13:17:25.331,-0.39,-0.24,-0.01,56.34,-250.43,49.62
2026-07-27 13:17:25.331,-0.29,-0.18,-0.06,91.0,-159.12,28.44
2026-07-27 13:17:25.331,-0.29,-0.18,-0.06,91.0,-159.12,28.44
2026-07-27 13:17:25.331,-0.02,-0.35,0.28,102.84,-21.85,43.58
2026-07-27 13:17:25.331,-0.02,-0.35,0.28,102.84,-21.85,43.58
2026-07-27 13:17:25.332,0.36,-0.51,1.08,67.93,115.84,56.27
2026-07-27 13:17:25.332,0.05,-0.37,0.82,-5.19,-3.3,-47.49
2026-07-27 13:17:25.332,0.03,-0.2,0.71,-4.15,-0.67,-88.32
2026-07-27 13:17:25.332,0.03,-0.2,0.71,-4.15,-0.67,-88.32
2026-07-27 13:17:25.332,0.13,-0.11,0.69,5.31,16.72,-94.73
2026-07-27 13:17:25.332,0.13,-0.11,0.69,5.31,16.72,-94.73
2026-07-27 13:17:25.332,0.32,-0.12,0.77,21.79,38.7,-68.79
2026-07-27 13:17:25.333,0.32,-0.12,0.77,21.79,38.7,-68.79
2026-07-27 13:17:25.339,0.47,-0.1,0.95,31.01,55.11,-36.19
2026-07-27 13:17:25.340,0.5,-0.06,1.13,7.14,26.43,28.02
2026-07-27 13:17:25.340,0.32,0.01,1.29,-11.96,-13.37,65.06
2026-07-27 13:17:25.341,0.19,-0.02,1.35,-26.67,-51.64,100.22
2026-07-27 13:17:25.341,0.19,-0.02,1.35,-26.67,-51.64,100.22
2026-07-27 13:17:25.341,0.02,-0.11,1.36,-28.93,-96.8,131.71
2026-07-27 13:17:25.341,0.02,-0.11,1.36,8.42,-159.97,148.44
2026-07-27 13:17:25.341,-0.39,0.3,1.13,123.41,-196.29,197.57
2026-07-27 13:17:25.341,-0.39,0.3,1.13,123.41,-196.29,197.57
2026-07-27 13:17:25.341,-0.36,0.18,1.16,110.6,-138.18,224.61
2026-07-27 13:17:25.385,-0.36,0.18,1.16,110.6,-138.18,224.61
2026-07-27 13:17:25.862,-0.36,0.18,1.16,110.6,-138.18,224.61
2026-07-27 13:17:25.863,-0.36,0.18,1.16,110.6,-138.18,224.61
2026-07-27 13:17:25.863,-0.23,-0.12,1.06,80.08,-67.14,195.74
2026-07-27 13:17:25.863,-0.2,-0.22,1.0,74.71,-53.53,169.56
2026-07-27 13:17:25.869,-0.2,-0.22,1.0,74.71,-53.53,169.56
2026-07-27 13:17:25.869,-0.16,-0.35,0.94,60.36,-48.46,162.48
2026-07-27 13:17:25.870,-0.16,-0.35,0.94,60.36,-48.46,162.48
2026-07-27 13:17:25.871,-0.08,-0.51,0.88,39.55,-60.12,172.3
2026-07-27 13:17:25.871,-0.08,-0.51,0.88,39.55,-60.12,172.3
2026-07-27 13:17:25.871,0.06,-0.66,0.81,17.88,-82.89,174.32
2026-07-27 13:17:25.871,0.17,-0.69,0.75,-1.95,-99.12,144.84
2026-07-27 13:17:25.872,0.17,-0.69,0.75,-1.95,-99.12,144.84
2026-07-27 13:17:25.872,0.19,-0.61,0.74,-10.56,-88.44,92.65
2026-07-27 13:17:25.872,0.19,-0.61,0.74,-10.56,-88.44,92.65
2026-07-27 13:17:25.872,0.21,-0.56,0.86,-5.37,-42.66,44.68
2026-07-27 13:17:25.873,0.21,-0.56,0.86,-5.37,-42.66,44.68
2026-07-27 13:17:25.874,0.28,-0.44,1.1,4.94,21.36,8.18
2026-07-27 13:17:25.874,0.28,-0.44,1.1,4.94,21.36,8.18
2026-07-27 13:17:26.282,0.29,-0.29,1.2,23.74,67.02,-12.33
2026-07-27 13:17:26.282,0.22,-0.33,1.1,40.04,62.99,3.91
2026-07-27 13:17:26.283,0.22,-0.33,1.1,40.04,62.99,3.91
2026-07-27 13:17:26.283,0.17,-0.51,0.95,28.5,16.54,50.6
2026-07-27 13:17:26.284,0.17,-0.51,0.95,28.5,16.54,50.6
2026-07-27 13:17:26.284,0.16,-0.61,0.8,4.27,-27.1,79.41
2026-07-27 13:17:26.285,0.16,-0.61,0.8,4.27,-27.1,79.41
2026-07-27 13:17:26.285,0.12,-0.57,0.64,-2.08,-31.62,63.72
2026-07-27 13:17:26.287,0.12,-0.57,0.64,-2.08,-31.62,63.72
2026-07-27 13:17:26.288,0.08,-0.47,0.54,3.11,-8.18,28.81
2026-07-27 13:17:26.288,0.1,-0.44,0.53,-3.6,16.85,8.36
2026-07-27 13:17:26.288,0.1,-0.44,0.53,-3.6,16.85,8.36
2026-07-27 13:17:26.288,0.14,-0.46,0.63,-26.73,49.74,0.61
2026-07-27 13:17:26.291,0.14,-0.46,0.63,-26.73,49.74,0.61
2026-07-27 13:17:26.291,0.17,-0.45,0.83,-46.39,90.88,-9.34
2026-07-27 13:17:26.291,0.17,-0.45,0.83,-46.39,90.88,-9.34
2026-07-27 13:17:26.292,0.2,-0.43,1.02,-42.97,112.67,-16.05
2026-07-27 13:17:26.292,0.2,-0.43,1.02,-42.97,112.67,-16.05
2026-07-27 13:17:26.292,0.15,-0.46,1.07,-18.31,101.99,-15.38
2026-07-27 13:17:26.292,0.15,-0.46,1.07,-18.31,101.99,-15.38
2026-07-27 13:17:26.293,-0.01,-0.62,1.01,6.96,70.13,-15.87
2026-07-27 13:17:26.294,-0.12,-0.87,0.95,9.89,22.16,-21.24
2026-07-27 13:17:26.294,-0.12,-0.87,0.95,9.89,22.16,-21.24
2026-07-27 13:17:26.294,-0.08,-0.97,0.87,-5.62,-26.37,-33.69
2026-07-27 13:17:26.295,-0.08,-0.97,0.87,-5.62,-26.37,-33.69
2026-07-27 13:17:26.298,0.0,-0.74,0.78,-22.09,-21.61,-62.07
2026-07-27 13:17:26.298,0.0,-0.74,0.78,-22.09,-21.61,-62.07
2026-07-27 13:17:26.522,0.13,-0.22,0.82,-38.94,36.01,-99.79
2026-07-27 13:17:26.523,0.13,-0.22,0.82,-59.14,76.11,-115.97
2026-07-27 13:17:26.527,0.33,0.4,0.99,-59.14,76.11,-115.97
2026-07-27 13:17:26.528,0.49,0.85,1.03,-59.94,63.23,-92.96
2026-07-27 13:17:26.528,0.49,0.85,1.03,-59.94,63.23,-92.96
2026-07-27 13:17:26.528,0.55,0.95,0.92,-14.28,18.68,-47.61
2026-07-27 13:17:26.702,0.55,0.95,0.92,-14.28,18.68,-47.61
2026-07-27 13:17:26.702,0.4,0.74,1.23,60.73,-18.01,-6.47
2026-07-27 13:17:26.703,0.4,0.74,1.23,60.73,-18.01,-6.47
2026-07-27 13:17:26.703,0.21,0.26,2.49,103.64,-36.56,49.38
2026-07-27 13:17:26.708,0.21,0.26,2.49,103.64,-36.56,49.38
2026-07-27 13:17:26.708,-0.05,-0.36,3.62,103.15,-86.36,137.82
2026-07-27 13:17:26.722,-0.51,-0.8,3.21,140.81,-168.46,206.97
2026-07-27 13:17:26.722,-0.51,-0.8,3.21,140.81,-168.46,206.97
2026-07-27 13:17:26.722,-0.76,-0.86,1.68,204.04,-230.83,231.99
2026-07-27 13:17:26.722,-0.76,-0.86,1.68,204.04,-230.83,231.99
2026-07-27 13:17:26.722,-0.78,-0.69,0.28,194.58,-270.63,232.85
2026-07-27 13:17:26.722,-0.79,-0.51,-0.5,112.3,-286.25,195.43
2026-07-27 13:17:26.722,-0.79,-0.51,-0.5,112.3,-286.25,195.43
2026-07-27 13:17:26.723,-0.81,-0.37,-0.69,44.49,-243.41,113.46
2026-07-27 13:17:26.723,-0.81,-0.37,-0.69,44.49,-243.41,113.46
2026-07-27 13:17:26.723,-0.74,-0.31,-0.47,35.71,-133.18,40.1
2026-07-27 13:17:26.723,-0.74,-0.31,-0.47,40.95,-13.12,21.24
2026-07-27 13:17:27.065,-0.51,-0.42,-0.09,40.95,-13.12,21.24
2026-07-27 13:17:27.065,-0.21,-0.76,0.65,26.79,72.2,22.83
2026-07-27 13:17:27.065,-0.21,-0.76,0.65,26.79,72.2,22.83
2026-07-27 13:17:27.065,0.3,-1.07,2.22,-7.45,151.55,-1.83
2026-07-27 13:17:27.065,0.3,-1.07,2.22,-7.45,151.55,-1.83
2026-07-27 13:17:27.065,0.79,-0.97,3.38,-59.08,190.86,-45.29
2026-07-27 13:17:27.065,0.79,-0.97,3.38,-59.08,190.86,-45.29
2026-07-27 13:17:27.068,0.82,-0.55,2.71,-72.81,146.79,-89.54
2026-07-27 13:17:27.068,0.59,-0.05,1.14,-59.57,84.05,-122.99
2026-07-27 13:17:27.072,0.59,-0.05,1.14,-59.57,84.05,-122.99
2026-07-27 13:17:27.072,0.45,0.35,0.1,-75.26,55.85,-138.06
2026-07-27 13:17:27.072,0.45,0.35,0.1,-75.26,55.85,-138.06
2026-07-27 13:17:27.072,0.47,0.58,-0.15,-91.86,54.93,-130.13
2026-07-27 13:17:27.422,0.53,0.57,-0.04,-84.84,41.63,-90.88
2026-07-27 13:17:27.422,0.53,0.57,-0.04,-84.84,41.63,-90.88
2026-07-27 13:17:27.422,0.56,0.42,0.12,-57.01,-2.2,-34.85
2026-07-27 13:17:27.423,0.56,0.42,0.12,-57.01,-2.2,-34.85
2026-07-27 13:17:27.423,0.51,0.29,0.25,-12.63,-60.49,10.99
2026-07-27 13:17:27.424,0.51,0.29,0.25,-12.63,-60.49,10.99
2026-07-27 13:17:27.424,0.42,0.2,0.72,49.68,-94.18,27.89
2026-07-27 13:17:27.425,0.42,0.2,0.72,63.54,-53.04,39.92
2026-07-27 13:17:27.427,0.59,0.02,2.09,63.54,-53.04,39.92
2026-07-27 13:17:27.427,0.65,-0.14,3.12,11.11,1.95,53.22
2026-07-27 13:17:27.427,0.65,-0.14,3.12,11.11,1.95,53.22
2026-07-27 13:17:27.427,0.26,-0.19,2.52,12.82,-4.52,54.26
2026-07-27 13:17:27.428,0.26,-0.19,2.52,12.82,-4.52,54.26
2026-07-27 13:17:27.428,-0.06,-0.34,1.25,54.87,-51.76,84.72
2026-07-27 13:17:27.429,-0.06,-0.34,1.25,54.87,-51.76,84.72
2026-07-27 13:17:27.429,-0.06,-0.53,0.37,51.88,-117.13,135.07
2026-07-27 13:17:27.430,0.12,-0.61,0.06,29.3,-164.31,133.97
2026-07-27 13:17:27.430,0.12,-0.61,0.06,29.3,-164.31,133.97
2026-07-27 13:17:27.431,0.19,-0.59,0.09,16.24,-161.93,54.08
2026-07-27 13:17:27.432,0.19,-0.59,0.09,16.24,-161.93,54.08
2026-07-27 13:17:27.432,-0.01,-0.58,0.19,15.32,-116.76,-72.2
2026-07-27 13:17:27.433,-0.01,-0.58,0.19,15.32,-116.76,-72.2
2026-07-27 13:17:27.433,-0.32,-0.53,0.28,29.36,-44.56,-180.66
2026-07-27 13:17:27.434,-0.32,-0.53,0.28,40.65,69.7,-212.04
2026-07-27 13:17:27.434,-0.37,-0.34,0.99,40.65,69.7,-212.04
2026-07-27 13:17:27.435,0.03,-0.25,2.12,2.01,173.1,-138.61
2026-07-27 13:17:27.435,0.03,-0.25,2.12,2.01,173.1,-138.61
2026-07-27 13:17:27.436,0.54,-0.35,2.11,-11.9,163.88,-7.08
2026-07-27 13:17:27.438,0.54,-0.35,2.11,-11.9,163.88,-7.08
2026-07-27 13:17:27.438,0.8,-0.31,1.1,32.1,71.78,82.95
2026-07-27 13:17:27.662,0.8,-0.31,1.1,32.1,71.78,82.95
2026-07-27 13:17:27.663,0.82,-0.17,0.35,36.01,-8.73,84.78
2026-07-27 13:17:27.665,0.68,-0.02,0.14,4.7,-32.59,29.72
2026-07-27 13:17:27.665,0.68,-0.02,0.14,4.7,-32.59,29.72
2026-07-27 13:17:27.666,0.53,0.06,0.28,-19.35,-9.09,-26.61
2026-07-27 13:17:27.666,0.53,0.06,0.28,-19.35,-9.09,-26.61
2026-07-27 13:17:27.666,0.49,0.07,0.57,-31.56,18.49,-54.57
2026-07-27 13:17:27.666,0.49,0.07,0.57,-31.56,18.49,-54.57
2026-07-27 13:17:27.666,0.54,0.04,0.88,-32.17,27.89,-60.49
2026-07-27 13:17:27.666,0.63,-0.01,1.14,-18.8,31.07,-66.65
2026-07-27 13:17:28.205,0.63,-0.01,1.14,-18.8,31.07,-66.65
2026-07-27 13:17:28.205,0.65,-0.05,1.28,16.17,44.98,-91.06
2026-07-27 13:17:28.205,0.65,-0.05,1.28,16.17,44.98,-91.06
2026-07-27 13:17:28.209,0.57,-0.02,1.21,68.6,68.24,-130.98
2026-07-27 13:17:28.209,0.57,-0.02,1.21,68.6,68.24,-130.98
2026-07-27 13:17:28.210,0.58,0.05,1.11,100.52,80.02,-146.61
2026-07-27 13:17:28.273,0.58,0.05,1.11,78.25,52.49,-116.46
2026-07-27 13:17:28.274,0.6,0.07,1.09,78.25,52.49,-116.46
2026-07-27 13:17:28.275,0.33,0.11,0.97,30.33,-2.81,-79.65
2026-07-27 13:17:28.275,0.33,0.11,0.97,30.33,-2.81,-79.65
2026-07-27 13:17:28.275,-0.02,0.17,0.83,-2.38,-38.57,-52.92
2026-07-27 13:17:28.276,-0.02,0.17,0.83,-2.38,-38.57,-52.92
2026-07-27 13:17:28.276,-0.1,0.16,0.87,-23.01,-40.04,-23.8
2026-07-27 13:17:28.276,-0.1,0.16,0.87,-23.01,-40.04,-23.8
2026-07-27 13:17:28.278,0.02,0.09,1.09,-50.23,-28.26,-4.82
2026-07-27 13:17:28.278,0.14,0.01,1.25,-77.39,-28.32,-10.74
2026-07-27 13:17:28.279,0.14,0.01,1.25,-77.39,-28.32,-10.74
2026-07-27 13:17:28.279,0.17,-0.05,1.12,-77.82,-41.75,-32.84
2026-07-27 13:17:28.279,0.17,-0.05,1.12,-77.82,-41.75,-32.84
2026-07-27 13:17:28.280,0.22,-0.1,0.93,-62.26,-51.21,-54.81
2026-07-27 13:17:28.280,0.22,-0.1,0.93,-62.26,-51.21,-54.81
2026-07-27 13:17:28.280,0.29,-0.09,0.94,-67.5,-42.72,-83.98
2026-07-27 13:17:28.280,0.29,-0.09,0.94,-67.5,-42.72,-83.98
2026-07-27 13:17:28.280,0.26,-0.01,1.08,-105.9,-20.2,-132.39
2026-07-27 13:17:28.625,0.18,-0.01,1.17,-166.26,-4.27,-169.92
2026-07-27 13:17:28.625,0.18,-0.01,1.17,-166.26,-4.27,-169.92
2026-07-27 13:17:28.625,0.18,-0.11,1.19,-195.19,-8.97,-170.72
2026-07-27 13:17:28.626,0.18,-0.11,1.19,-195.19,-8.97,-170.72
2026-07-27 13:17:28.626,0.23,-0.17,1.11,-151.25,-19.23,-154.36
2026-07-27 13:17:28.626,0.23,-0.17,1.11,-151.25,-19.23,-154.36
2026-07-27 13:17:28.626,0.28,-0.13,0.97,-75.74,-19.35,-137.63
2026-07-27 13:17:28.626,0.32,-0.06,0.86,-23.86,-0.18,-122.5
2026-07-27 13:17:28.627,0.32,-0.06,0.86,-23.86,-0.18,-122.5
2026-07-27 13:17:28.627,0.26,0.05,0.76,-1.71,36.8,-105.41
2026-07-27 13:17:28.628,0.26,0.05,0.76,-1.71,36.8,-105.41
2026-07-27 13:17:28.628,0.26,0.12,0.73,2.56,62.81,-70.74
2026-07-27 13:17:28.633,0.26,0.12,0.73,2.56,62.81,-70.74
2026-07-27 13:17:28.633,0.41,0.05,0.78,-11.72,59.14,-12.27
2026-07-27 13:17:28.633,0.42,-0.02,0.81,-23.62,60.85,41.75
2026-07-27 13:17:28.633,0.42,-0.02,0.81,-23.62,60.85,41.75
2026-07-27 13:17:28.633,0.3,0.0,0.91,-4.15,81.36,55.85
2026-07-27 13:17:28.633,0.3,0.0,0.91,-4.15,81.36,55.85
2026-07-27 13:17:28.684,0.25,0.05,1.05,32.53,88.99,38.45
2026-07-27 13:17:28.684,0.25,0.05,1.05,32.53,88.99,38.45
2026-07-27 13:17:28.694,0.19,0.12,1.07,56.95,95.64,34.55
2026-07-27 13:17:28.986,0.19,0.12,1.07,25.27,70.56,80.81
2026-07-27 13:17:28.987,0.16,0.14,1.01,25.27,70.56,80.81
2026-07-27 13:17:28.987,0.24,0.03,1.0,-67.75,-23.68,185.42
2026-07-27 13:17:28.987,0.24,0.03,1.0,-67.75,-23.68,185.42
2026-07-27 13:17:29.708,0.28,-0.24,0.98,-158.57,-77.64,258.36
2026-07-27 13:17:29.708,0.28,-0.24,0.98,-158.57,-77.64,258.36
2026-07-27 13:17:29.708,0.22,-0.42,0.93,-165.53,-34.06,221.86
2026-07-27 13:17:29.708,0.16,-0.33,0.84,-70.43,17.58,117.74
2026-07-27 13:17:29.709,0.16,-0.33,0.84,-70.43,17.58,117.74
2026-07-27 13:17:29.709,0.1,-0.25,0.79,13.24,29.85,27.83
2026-07-27 13:17:29.709,0.1,-0.25,0.79,13.24,29.85,27.83
2026-07-27 13:17:29.709,0.01,-0.33,0.85,16.3,19.23,-6.16
2026-07-27 13:17:29.709,0.01,-0.33,0.85,16.3,19.23,-6.16
2026-07-27 13:17:29.709,-0.08,-0.45,0.95,-4.46,6.9,-6.04
2026-07-27 13:17:29.709,-0.14,-0.48,0.99,-9.64,1.4,-6.59
2026-07-27 13:17:29.710,-0.14,-0.48,0.99,-9.64,1.4,-6.59
2026-07-27 13:17:29.710,-0.14,-0.44,0.89,-9.77,-1.65,-20.75
2026-07-27 13:17:29.710,-0.14,-0.44,0.89,-9.77,-1.65,-20.75
2026-07-27 13:17:29.710,-0.12,-0.45,0.75,-15.62,2.08,-40.83
2026-07-27 13:17:29.710,-0.12,-0.45,0.75,-15.62,2.08,-40.83
2026-07-27 13:17:29.710,-0.13,-0.45,0.72,-21.85,22.89,-63.78
2026-07-27 13:17:29.716,-0.13,-0.45,0.72,-21.85,22.89,-63.78
2026-07-27 13:17:29.716,-0.11,-0.4,0.68,-28.2,48.83,-84.66
2026-07-27 13:17:29.717,-0.08,-0.43,0.62,-41.26,53.04,-118.41
2026-07-27 13:17:29.717,-0.08,-0.43,0.62,-41.26,53.04,-118.41
2026-07-27 13:17:29.718,-0.03,-0.55,0.65,-44.8,44.07,-157.9
2026-07-27 13:17:29.718,-0.03,-0.55,0.65,-44.8,44.07,-157.9
2026-07-27 13:17:29.718,0.04,-0.66,0.76,-28.87,52.61,-162.35
2026-07-27 13:17:29.718,0.04,-0.66,0.76,-28.87,52.61,-162.35
2026-07-27 13:17:29.718,0.12,-0.65,0.86,-8.73,66.71,-140.5
2026-07-27 13:17:29.718,0.12,-0.65,0.86,-8.73,66.71,-140.5
2026-07-27 13:17:29.718,0.19,-0.56,0.9,4.94,61.65,-117.98
2026-07-27 13:17:29.718,0.27,-0.44,0.92,17.94,46.26,-96.5
2026-07-27 13:17:29.718,0.27,-0.44,0.92,17.94,46.26,-96.5
2026-07-27 13:17:29.718,0.35,-0.34,0.97,28.63,37.29,-80.69
2026-07-27 13:17:29.718,0.35,-0.34,0.97,28.63,37.29,-80.69
2026-07-27 13:17:29.725,0.38,-0.31,1.06,33.45,27.4,-74.58
2026-07-27 13:17:29.725,0.38,-0.31,1.06,33.45,27.4,-74.58
2026-07-27 13:17:29.725,0.33,-0.32,1.17,43.03,14.77,-65.8
2026-07-27 13:17:29.725,0.33,-0.32,1.17,43.03,14.77,-65.8
2026-07-27 13:17:29.726,0.25,-0.29,1.25,62.62,2.2,-40.89
2026-07-27 13:17:29.947,0.16,-0.28,1.31,77.39,-14.47,4.27
2026-07-27 13:17:29.947,0.16,-0.28,1.31,77.39,-14.47,4.27
2026-07-27 13:17:29.948,0.08,-0.34,1.36,66.35,-28.32,55.42
2026-07-27 13:17:29.948,0.08,-0.34,1.36,66.35,-28.32,55.42
2026-07-27 13:17:29.948,0.02,-0.35,1.2,36.68,-35.28,80.2
2026-07-27 13:17:29.949,0.02,-0.35,1.2,36.68,-35.28,80.2
2026-07-27 13:17:29.949,0.03,-0.24,0.89,14.4,-37.05,71.29
2026-07-27 13:17:29.949,0.03,-0.24,0.89,10.25,-33.26,53.71
2026-07-27 13:17:29.949,0.05,-0.13,0.75,10.25,-33.26,53.71
2026-07-27 13:17:29.949,0.05,-0.05,0.84,26.37,-21.97,50.9
2026-07-27 13:17:29.949,0.05,-0.05,0.84,26.37,-21.97,50.9
2026-07-27 13:17:29.950,0.04,0.01,0.93,56.7,-5.37,67.14
2026-07-27 13:17:29.950,0.04,0.01,0.93,56.7,-5.37,67.14
2026-07-27 13:17:29.950,0.03,0.03,0.9,77.21,8.67,86.06
2026-07-27 13:17:29.950,0.03,0.03,0.9,77.21,8.67,86.06
2026-07-27 13:17:30.124,0.03,-0.02,0.85,76.17,19.78,91.0
2026-07-27 13:17:30.125,0.03,-0.02,0.87,56.76,30.46,67.87
2026-07-27 13:17:30.125,0.03,-0.02,0.87,56.76,30.46,67.87
2026-07-27 13:17:30.125,0.05,-0.01,0.93,20.75,30.46,26.92
2026-07-27 13:17:30.184,0.05,-0.01,0.93,20.75,30.46,26.92
2026-07-27 13:17:30.184,0.08,-0.01,0.92,-8.79,17.33,-5.92
2026-07-27 13:17:30.185,0.08,-0.01,0.92,-8.79,17.33,-5.92
2026-07-27 13:17:30.185,0.12,0.02,0.89,-15.44,5.92,-25.09
2026-07-27 13:17:30.185,0.15,0.04,0.9,-12.15,3.11,-32.47
2026-07-27 13:17:30.185,0.15,0.04,0.9,-12.15,3.11,-32.47
2026-07-27 13:17:31.383,0.17,0.02,0.93,-7.87,5.74,-31.07
2026-07-27 13:17:31.383,0.17,0.02,0.93,-7.87,5.74,-31.07
2026-07-27 13:17:31.383,0.19,-0.03,0.97,-5.49,9.64,-27.53
2026-07-27 13:17:31.403,0.19,-0.03,0.97,-5.49,9.64,-27.53
2026-07-27 13:17:31.403,0.19,-0.08,1.0,-7.57,11.54,-28.38
2026-07-27 13:17:31.403,0.19,-0.08,1.0,-7.57,11.54,-28.38
2026-07-27 13:17:31.403,0.17,-0.1,1.03,-13.67,11.29,-34.24
2026-07-27 13:17:31.404,0.17,-0.1,1.03,-23.25,8.3,-38.33
2026-07-27 13:17:31.405,0.12,-0.13,1.04,-23.25,8.3,-38.33
2026-07-27 13:17:31.405,0.09,-0.18,1.0,-31.31,0.06,-37.54
2026-07-27 13:17:31.405,0.09,-0.18,1.0,-31.31,0.06,-37.54
2026-07-27 13:17:31.405,-0.01,-0.23,1.04,-29.6,-3.54,-40.47
2026-07-27 13:17:31.405,-0.01,-0.23,1.04,-29.6,-3.54,-40.47
2026-07-27 13:17:31.406,-0.18,-0.2,1.12,-13.0,4.52,-59.08
2026-07-27 13:17:31.406,-0.18,-0.2,1.12,-13.0,4.52,-59.08
2026-07-27 13:17:31.406,-0.24,-0.18,0.94,-1.46,2.99,-85.88
2026-07-27 13:17:31.406,-0.24,-0.18,0.94,-30.94,-10.86,-109.44
2026-07-27 13:17:31.406,-0.23,-0.27,0.6,-30.94,-10.86,-109.44
2026-07-27 13:17:31.406,-0.18,-0.36,0.41,-90.33,-17.21,-143.43
2026-07-27 13:17:31.406,-0.18,-0.36,0.41,-90.33,-17.21,-143.43
2026-07-27 13:17:31.407,-0.08,-0.29,0.45,-101.5,5.43,-205.51
2026-07-27 13:17:31.407,-0.08,-0.29,0.45,-101.5,5.43,-205.51
2026-07-27 13:17:31.407,-0.02,-0.12,0.71,-50.84,45.47,-250.0
2026-07-27 13:17:31.407,-0.02,-0.12,0.71,-50.84,45.47,-250.0
2026-07-27 13:17:31.407,0.03,-0.03,1.03,-19.47,63.48,-224.43
2026-07-27 13:17:31.407,0.1,-0.01,1.25,-19.17,59.45,-160.34
2026-07-27 13:17:31.409,0.1,-0.01,1.25,-19.17,59.45,-160.34
2026-07-27 13:17:31.409,0.17,-0.01,1.29,-12.76,48.65,-104.68
2026-07-27 13:17:31.409,0.17,-0.01,1.29,-12.76,48.65,-104.68
2026-07-27 13:17:31.409,0.24,-0.05,1.19,-4.21,37.23,-65.86
2026-07-27 13:17:31.410,0.24,-0.05,1.19,-2.62,28.08,-31.31
2026-07-27 13:17:31.410,0.29,-0.13,1.04,-2.62,28.08,-31.31
2026-07-27 13:17:31.410,0.28,-0.22,0.93,-4.46,24.23,0.31
2026-07-27 13:17:31.410,0.28,-0.22,0.93,-4.46,24.23,0.31
2026-07-27 13:17:31.410,0.15,-0.28,0.89,14.4,23.62,12.94
2026-07-27 13:17:31.410,0.15,-0.28,0.89,14.4,23.62,12.94
2026-07-27 13:17:31.410,0.16,-0.24,0.89,52.98,2.56,48.1
2026-07-27 13:17:31.410,0.16,-0.24,0.89,52.98,2.56,48.1
2026-07-27 13:17:31.410,0.33,-0.17,0.84,64.82,-50.78,109.8
2026-07-27 13:17:31.410,0.33,-0.17,0.84,64.82,-50.78,109.8
2026-07-27 13:17:32.247,0.4,-0.13,0.79,39.06,-69.21,117.25
2026-07-27 13:17:32.247,0.3,-0.06,0.81,19.78,-14.95,74.22
2026-07-27 13:17:32.247,0.3,-0.06,0.81,19.78,-14.95,74.22
2026-07-27 13:17:32.247,0.07,-0.02,0.93,32.35,50.48,43.03
2026-07-27 13:17:32.247,0.07,-0.02,0.93,32.35,50.48,43.03
2026-07-27 13:17:32.248,-0.08,-0.06,1.2,45.59,75.13,45.41
2026-07-27 13:17:32.248,-0.08,-0.06,1.2,45.59,75.13,45.41
2026-07-27 13:17:32.248,-0.08,-0.1,1.38,36.8,55.6,51.94
2026-07-27 13:17:32.248,-0.08,-0.1,1.38,36.8,55.6,51.94
2026-07-27 13:17:32.248,-0.09,-0.1,1.34,7.69,21.73,38.33
2026-07-27 13:17:32.248,-0.13,-0.1,1.24,-40.65,3.36,7.45
2026-07-27 13:17:32.248,-0.13,-0.1,1.24,-40.65,3.36,7.45
2026-07-27 13:17:32.248,-0.2,-0.08,1.13,-83.56,10.5,-35.03
2026-07-27 13:17:32.249,-0.2,-0.08,1.13,-83.56,10.5,-35.03
2026-07-27 13:17:32.249,-0.31,-0.11,1.01,-100.71,40.22,-77.45
2026-07-27 13:17:32.249,-0.31,-0.11,1.01,-100.71,40.22,-77.45
2026-07-27 13:17:32.249,-0.35,-0.16,0.91,-82.76,62.01,-95.95
2026-07-27 13:17:32.249,-0.33,-0.16,0.74,-30.64,57.19,-70.86
2026-07-27 13:17:32.249,-0.33,-0.16,0.74,-30.64,57.19,-70.86
2026-07-27 13:17:32.249,-0.27,-0.21,0.69,3.54,12.21,-24.23
2026-07-27 13:17:32.389,-0.27,-0.21,0.69,3.54,12.21,-24.23
2026-07-27 13:17:32.389,-0.07,-0.3,0.84,13.85,-55.97,9.83
2026-07-27 13:17:32.453,-0.07,-0.3,0.84,13.85,-55.97,9.83
2026-07-27 13:17:32.454,0.17,-0.3,1.01,45.65,-66.41,12.7
2026-07-27 13:17:32.454,0.17,-0.3,1.01,45.65,-66.41,12.7
2026-07-27 13:17:32.454,0.3,-0.25,1.1,73.18,-16.66,-16.48
2026-07-27 13:17:32.454,0.27,-0.16,1.12,61.04,16.66,-61.4
2026-07-27 13:17:32.454,0.27,-0.16,1.12,61.04,16.66,-61.4
2026-07-27 13:17:32.455,0.12,0.0,1.0,31.68,3.78,-102.11
2026-07-27 13:17:32.455,0.12,0.0,1.0,31.68,3.78,-102.11
2026-07-27 13:17:32.456,-0.07,0.15,0.78,23.38,-29.48,-108.34
2026-07-27 13:17:32.456,-0.07,0.15,0.78,23.38,-29.48,-108.34
2026-07-27 13:17:32.488,-0.17,0.23,0.66,39.61,-48.22,-67.2
2026-07-27 13:17:32.488,-0.17,0.23,0.66,39.61,-48.22,-67.2
2026-07-27 13:17:32.489,-0.2,0.18,0.79,54.2,-36.93,-8.36
2026-07-27 13:17:32.489,-0.2,0.18,0.79,41.87,-3.66,53.53
2026-07-27 13:17:32.489,-0.15,-0.13,1.17,41.87,-3.66,53.53
2026-07-27 13:17:32.489,-0.03,-0.58,1.5,1.28,24.11,128.42
2026-07-27 13:17:32.489,-0.03,-0.58,1.5,1.28,24.11,128.42
2026-07-27 13:17:32.490,-0.03,-0.78,1.46,-38.94,12.7,174.99
2026-07-27 13:17:32.490,-0.03,-0.78,1.46,-38.94,12.7,174.99
2026-07-27 13:17:32.490,-0.1,-0.7,1.22,-56.7,-19.41,138.67
2026-07-27 13:17:32.490,-0.1,-0.7,1.22,-56.7,-19.41,138.67
2026-07-27 13:17:32.490,-0.09,-0.48,1.0,-48.16,-22.4,38.82
2026-07-27 13:17:32.490,-0.09,-0.48,1.0,-48.16,-22.4,38.82
2026-07-27 13:17:32.490,-0.02,-0.23,0.87,-24.9,3.78,-56.82
2026-07-27 13:17:32.491,0.03,-0.04,0.75,-4.88,26.37,-94.18
2026-07-27 13:17:32.491,0.03,-0.04,0.75,-4.88,26.37,-94.18
2026-07-27 13:17:32.492,0.03,0.03,0.65,3.3,36.62,-70.74
2026-07-27 13:17:32.497,0.03,0.03,0.65,3.3,36.62,-70.74
2026-07-27 13:17:32.499,-0.02,-0.08,0.65,4.88,48.28,-25.15
2026-07-27 13:17:32.499,-0.02,-0.08,0.65,4.88,48.28,-25.15
2026-07-27 13:17:32.679,-0.05,-0.31,0.81,4.64,53.83,10.01
2026-07-27 13:17:32.679,-0.04,-0.51,1.1,-1.16,28.5,16.11
2026-07-27 13:17:32.679,-0.04,-0.51,1.1,-1.16,28.5,16.11
2026-07-27 13:17:32.680,-0.07,-0.58,1.32,-0.24,-11.84,-26.86
2026-07-27 13:17:32.682,-0.07,-0.58,1.32,-0.24,-11.84,-26.86
2026-07-27 13:17:32.682,-0.16,-0.54,1.38,16.17,-28.81,-100.52
2026-07-27 13:17:32.682,-0.16,-0.54,1.38,16.17,-28.81,-100.52
2026-07-27 13:17:32.683,-0.15,-0.46,1.41,29.42,-21.55,-148.13
2026-07-27 13:17:32.684,-0.15,-0.46,1.41,29.42,-21.55,-148.13
2026-07-27 13:17:32.684,0.07,-0.43,1.5,25.33,1.04,-148.68
2026-07-27 13:17:32.684,0.38,-0.47,1.42,12.39,28.02,-124.82
2026-07-27 13:17:32.684,0.38,-0.47,1.42,12.39,28.02,-124.82
2026-07-27 13:17:32.684,0.48,-0.42,0.97,6.41,27.83,-108.4
2026-07-27 13:17:32.684,0.48,-0.42,0.97,6.41,27.83,-108.4
2026-07-27 13:17:32.684,0.24,-0.21,0.35,25.15,1.22,-116.52
2026-07-27 13:17:32.685,0.24,-0.21,0.35,25.15,1.22,-116.52
2026-07-27 13:17:32.686,-0.13,0.03,-0.13,58.17,-21.0,-124.82
2026-07-27 13:17:32.686,-0.34,0.17,-0.23,59.88,-32.35,-86.0
2026-07-27 13:17:33.722,-0.34,0.17,-0.23,59.88,-32.35,-86.0
2026-07-27 13:17:33.722,-0.39,0.29,0.2,26.73,-34.67,-16.97
2026-07-27 13:17:33.724,-0.39,0.29,0.2,26.73,-34.67,-16.97
2026-07-27 13:17:33.724,-0.25,0.37,1.21,-7.57,-3.11,24.41
2026-07-27 13:17:33.725,-0.25,0.37,1.21,-7.57,-3.11,24.41
2026-07-27 13:17:33.725,0.05,0.37,2.2,-35.64,58.9,25.82
2026-07-27 13:17:33.725,0.05,0.38,2.21,-39.31,45.72,-5.31
2026-07-27 13:17:33.725,0.05,0.38,2.21,-39.31,45.72,-5.31
2026-07-27 13:17:33.726,-0.09,0.28,1.5,-24.54,-32.53,-26.37
2026-07-27 13:17:33.728,-0.09,0.28,1.5,-24.54,-32.53,-26.37
2026-07-27 13:17:33.729,0.04,0.03,0.96,-39.43,-52.92,-3.05
2026-07-27 13:17:33.729,0.04,0.03,0.96,-39.43,-52.92,-3.05
2026-07-27 13:17:33.729,0.24,-0.16,0.67,-72.69,-31.19,15.93
2026-07-27 13:17:33.730,0.23,-0.15,0.43,-70.13,-15.99,-6.65
2026-07-27 13:17:35.402,0.23,-0.15,0.43,-70.13,-15.99,-6.65
2026-07-27 13:17:35.770,0.15,0.02,0.39,-26.12,3.91,-39.0
2026-07-27 13:17:35.772,0.15,0.02,0.39,-26.12,3.91,-39.0
2026-07-27 13:17:35.772,0.16,0.17,0.67,26.18,32.17,-40.59
2026-07-27 13:17:35.772,0.16,0.17,0.67,26.18,32.17,-40.59
2026-07-27 13:17:35.772,0.24,0.15,1.12,61.28,50.78,-4.15
2026-07-27 13:17:37.023,0.24,0.15,1.12,53.47,45.9,44.19
2026-07-27 13:17:37.024,0.34,0.05,1.55,53.47,45.9,44.19
2026-07-27 13:17:37.033,0.36,0.05,1.73,6.77,14.83,60.42
2026-07-27 13:17:37.034,0.36,0.05,1.73,6.77,14.83,60.42
2026-07-27 13:17:37.034,0.29,0.08,1.5,-28.63,-23.74,40.41
2026-07-27 13:17:37.034,0.29,0.08,1.5,-28.63,-23.74,40.41
2026-07-27 13:17:37.034,0.21,0.07,1.03,-27.47,-40.16,23.62
2026-07-27 13:17:37.034,0.21,0.07,1.03,-27.47,-40.16,23.62
2026-07-27 13:17:37.034,0.18,0.0,0.6,-14.53,-31.01,25.63
2026-07-27 13:17:37.035,0.18,0.0,0.6,-11.78,-17.15,32.17
2026-07-27 13:17:37.035,0.14,-0.07,0.35,-11.78,-17.15,32.17
2026-07-27 13:17:37.035,0.06,-0.1,0.32,-16.97,-12.94,34.73
2026-07-27 13:17:37.035,0.06,-0.1,0.32,-16.97,-12.94,34.73
2026-07-27 13:17:37.035,-0.06,-0.17,0.54,-23.07,-19.41,40.41
2026-07-27 13:17:37.035,-0.06,-0.17,0.54,-23.07,-19.41,40.41
2026-07-27 13:17:37.035,-0.15,-0.3,1.02,-24.66,-23.07,49.5
2026-07-27 13:17:37.035,-0.15,-0.3,1.02,-24.66,-23.07,49.5
2026-07-27 13:17:37.037,-0.18,-0.36,1.51,-10.68,-4.46,44.68
2026-07-27 13:17:37.037,-0.18,-0.36,1.51,-10.68,-4.46,44.68
2026-07-27 13:17:37.450,-0.11,-0.37,1.77,10.62,28.26,29.79
2026-07-27 13:17:37.450,-0.11,-0.37,1.77,13.12,34.85,16.48
2026-07-27 13:17:37.450,0.03,-0.39,1.66,13.12,34.85,16.48
2026-07-27 13:17:37.450,0.08,-0.34,1.15,8.48,8.0,-13.37
2026-07-27 13:17:37.450,0.08,-0.34,1.15,8.48,8.0,-13.37
2026-07-27 13:17:37.451,0.01,-0.22,0.58,16.05,-16.85,-50.84
2026-07-27 13:17:37.451,0.01,-0.22,0.58,16.05,-16.85,-50.84
2026-07-27 13:17:37.451,-0.05,-0.13,0.28,24.23,-13.85,-61.58
2026-07-27 13:17:37.451,-0.05,-0.13,0.28,24.23,-13.85,-61.58
2026-07-27 13:17:37.451,-0.04,-0.11,0.34,24.9,11.47,-45.65
2026-07-27 13:17:37.451,-0.04,-0.11,0.34,20.94,34.48,-17.94
2026-07-27 13:17:37.451,-0.03,-0.12,0.62,20.94,34.48,-17.94
2026-07-27 13:17:37.452,0.03,-0.22,1.14,14.34,47.3,22.22
2026-07-27 13:17:37.453,0.03,-0.22,1.14,14.34,47.3,22.22
2026-07-27 13:17:37.453,0.14,-0.37,1.64,7.75,42.6,62.81
2026-07-27 13:17:37.454,0.14,-0.37,1.64,7.75,42.6,62.81
2026-07-27 13:17:37.455,0.19,-0.4,1.74,1.46,10.93,67.44
2026-07-27 13:17:37.455,0.19,-0.4,1.74,1.46,10.93,67.44
2026-07-27 13:17:37.507,0.22,-0.35,1.48,-6.59,-18.19,40.53
2026-07-27 13:17:37.512,0.22,-0.35,1.48,-6.59,-18.19,40.53
2026-07-27 13:17:37.512,0.2,-0.3,1.05,-18.43,-28.5,14.71
2026-07-27 13:17:37.512,0.2,-0.3,1.05,-18.43,-28.5,14.71
2026-07-27 13:17:37.512,0.11,-0.2,0.48,-23.07,-35.89,-0.73
2026-07-27 13:17:37.512,0.03,-0.08,-0.01,-14.28,-37.84,-2.69
2026-07-27 13:17:37.512,0.03,-0.08,-0.01,-14.28,-37.84,-2.69
2026-07-27 13:17:37.512,-0.01,0.04,-0.1,-16.36,-31.98,9.22
2026-07-27 13:17:37.512,-0.01,0.04,-0.1,-16.36,-31.98,9.22
2026-07-27 13:17:37.512,-0.08,0.08,0.51,-21.48,-21.73,28.02
2026-07-27 13:17:37.512,-0.08,0.08,0.51,-21.48,-21.73,28.02
2026-07-27 13:17:37.512,-0.2,0.1,1.52,34.73,25.02,44.98
2026-07-27 13:17:37.512,-0.2,0.1,1.52,34.73,25.02,44.98
2026-07-27 13:17:37.512,-0.35,0.3,2.18,99.18,66.1,2.69
2026-07-27 13:17:37.512,-0.35,0.3,2.18,52.8,21.67,-77.88
2026-07-27 13:17:37.515,-0.35,0.4,2.07,52.8,21.67,-77.88
2026-07-27 13:17:37.515,-0.1,0.19,1.35,-44.31,-39.79,-87.59
2026-07-27 13:17:37.561,-0.1,0.19,1.35,-44.31,-39.79,-87.59
2026-07-27 13:17:37.562,0.13,0.0,0.65,-89.29,-41.63,-39.43
2026-07-27 13:17:37.563,-0.04,-0.43,1.26,-56.64,28.75,-23.56
2026-07-27 13:17:37.563,-0.04,-0.43,1.26,-56.64,28.75,-23.56
2026-07-27 13:17:37.564,0.04,-0.43,1.04,-36.87,26.73,-26.73
2026-07-27 13:17:37.573,0.04,-0.43,1.04,-13.43,25.45,-34.61
2026-07-27 13:17:37.574,0.06,-0.39,0.79,-13.43,25.45,-34.61
2026-07-27 13:17:37.574,0.06,-0.36,0.67,-3.78,26.18,-41.02
2026-07-27 13:17:37.574,0.09,-0.44,0.86,25.39,15.62,-95.64
2026-07-27 13:17:37.574,-0.05,-0.37,1.01,11.6,33.69,-100.34
2026-07-27 13:17:37.574,-0.05,-0.37,1.01,11.6,33.69,-100.34
2026-07-27 13:17:37.750,-0.05,-0.35,1.1,-7.87,41.02,-78.74
2026-07-27 13:17:37.751,-0.05,-0.35,1.1,-12.15,26.18,-48.28
2026-07-27 13:17:37.751,0.01,-0.35,1.0,-12.15,26.18,-48.28
2026-07-27 13:17:37.752,0.04,-0.34,0.88,-8.18,9.4,-28.14
2026-07-27 13:17:37.752,0.04,-0.34,0.88,-8.18,9.4,-28.14
2026-07-27 13:17:37.752,0.03,-0.3,0.88,-10.07,12.21,-25.76
2026-07-27 13:17:37.752,0.03,-0.3,0.88,-10.07,12.21,-25.76
2026-07-27 13:17:37.752,0.02,-0.28,0.96,-18.37,23.93,-31.25
2026-07-27 13:17:37.752,0.02,-0.28,0.96,-18.37,23.93,-31.25
2026-07-27 13:17:37.752,0.01,-0.32,1.01,-21.36,32.1,-39.25
2026-07-27 13:17:37.752,0.01,-0.32,1.01,-10.01,36.19,-50.48
2026-07-27 13:17:37.752,-0.02,-0.33,1.01,-10.01,36.19,-50.48
2026-07-27 13:17:37.752,-0.04,-0.29,1.01,7.2,36.62,-60.61
2026-07-27 13:17:37.753,-0.04,-0.29,1.01,7.2,36.62,-60.61
2026-07-27 13:17:37.753,-0.07,-0.23,1.0,18.98,34.12,-67.08
2026-07-27 13:17:37.753,-0.07,-0.23,1.0,18.98,34.12,-67.08
2026-07-27 13:17:37.753,-0.09,-0.18,0.98,24.9,27.77,-70.19
2026-07-27 13:17:37.753,-0.09,-0.18,0.98,24.9,27.77,-70.19
2026-07-27 13:17:37.754,-0.1,-0.15,0.94,24.23,20.94,-68.12
2026-07-27 13:17:37.754,-0.1,-0.17,0.91,16.66,18.37,-61.65
2026-07-27 13:17:37.754,-0.1,-0.17,0.91,16.66,18.37,-61.65
2026-07-27 13:17:37.754,-0.1,-0.21,0.9,8.06,18.8,-55.05
2026-07-27 13:17:37.754,-0.1,-0.21,0.9,8.06,18.8,-55.05
2026-07-27 13:17:37.754,-0.09,-0.25,0.91,1.4,20.94,-53.47
2026-07-27 13:17:38.230,-0.09,-0.25,0.91,1.4,20.94,-53.47
2026-07-27 13:17:38.232,-0.06,-0.27,0.93,-0.98,22.22,-56.95
2026-07-27 13:17:38.232,-0.06,-0.27,0.93,4.64,17.46,-58.9
2026-07-27 13:17:38.232,0.04,-0.3,0.97,4.64,17.46,-58.9
2026-07-27 13:17:38.232,0.09,-0.38,1.05,13.79,10.8,-64.39
2026-07-27 13:17:38.232,0.09,-0.38,1.05,13.79,10.8,-64.39
2026-07-27 13:17:38.232,-0.01,-0.46,1.19,13.18,18.55,-93.14
2026-07-27 13:17:38.232,-0.01,-0.46,1.19,13.18,18.55,-93.14
2026-07-27 13:17:38.232,-0.15,-0.38,1.23,9.16,39.92,-141.91
2026-07-27 13:17:38.232,-0.15,-0.38,1.23,9.16,39.92,-141.91
2026-07-27 13:17:38.404,-0.17,-0.25,0.99,14.04,47.36,-159.12
2026-07-27 13:17:38.404,-0.04,-0.28,0.7,11.41,26.86,-115.48
2026-07-27 13:17:38.415,-0.04,-0.28,0.7,11.41,26.86,-115.48
2026-07-27 13:17:38.415,0.09,-0.37,0.63,-5.92,4.39,-66.53
2026-07-27 13:17:38.416,0.09,-0.37,0.63,-5.92,4.39,-66.53
2026-07-27 13:17:38.416,0.11,-0.39,0.78,-19.53,5.98,-68.79
2026-07-27 13:17:38.416,0.11,-0.39,0.78,-19.53,5.98,-68.79
2026-07-27 13:17:38.416,0.06,-0.34,0.95,-18.01,20.69,-107.54
2026-07-27 13:17:38.416,0.06,-0.34,0.95,-18.01,20.69,-107.54
2026-07-27 13:17:38.417,0.01,-0.25,0.98,-4.27,30.64,-143.49
2026-07-27 13:17:38.417,0.01,-0.15,0.89,11.47,33.14,-159.24
2026-07-27 13:17:38.417,0.01,-0.15,0.89,11.47,33.14,-159.24
2026-07-27 13:17:38.417,0.05,-0.04,0.79,23.68,35.1,-157.41
2026-07-27 13:17:38.417,0.05,-0.04,0.79,23.68,35.1,-157.41
2026-07-27 13:17:38.418,0.12,0.05,0.79,33.63,43.64,-146.91
2026-07-27 13:17:38.418,0.12,0.05,0.79,33.63,43.64,-146.91
2026-07-27 13:17:38.418,0.21,0.04,0.95,37.35,53.04,-128.23
2026-07-27 13:17:38.418,0.28,-0.08,1.16,29.72,45.65,-96.13
2026-07-27 13:17:38.419,0.28,-0.08,1.16,29.72,45.65,-96.13
2026-07-27 13:17:38.419,0.31,-0.23,1.2,16.54,16.42,-58.11
2026-07-27 13:17:38.419,0.31,-0.23,1.2,16.54,16.42,-58.11
2026-07-27 13:17:38.420,0.27,-0.35,1.07,6.16,-14.34,-32.35
2026-07-27 13:17:38.420,0.27,-0.35,1.07,6.16,-14.34,-32.35
2026-07-27 13:17:38.463,0.19,-0.37,0.99,-2.69,-24.23,-29.72
2026-07-27 13:17:38.463,0.19,-0.37,0.99,-2.69,-24.23,-29.72
2026-07-27 13:17:38.463,0.19,-0.37,0.99,-2.69,-24.23,-29.72
2026-07-27 13:17:38.463,0.19,-0.37,0.99,-2.69,-24.23,-29.72
2026-07-27 13:17:38.524,0.15,-0.14,1.07,-5.31,-2.87,-61.28
2026-07-27 13:17:38.524,0.15,-0.14,1.07,-5.31,-2.87,-61.28
2026-07-27 13:17:38.586,0.18,-0.06,1.02,-0.31,-4.03,-62.01
2026-07-27 13:17:38.655,0.12,-0.02,0.99,-4.33,-10.62,-55.97
2026-07-27 13:17:38.655,0.12,-0.02,0.99,-4.33,-10.62,-55.97
2026-07-27 13:17:38.655,0.01,0.02,0.99,-13.31,-15.56,-49.68
2026-07-27 13:17:38.655,0.01,0.02,0.99,-13.31,-15.56,-49.68
2026-07-27 13:17:38.655,-0.05,0.05,1.0,-18.19,-13.92,-43.27
2026-07-27 13:17:38.771,-0.05,0.05,1.0,-18.19,-13.92,-43.27
2026-07-27 13:17:38.882,-0.05,0.06,0.99,-16.97,-6.1,-34.91
2026-07-27 13:17:38.882,-0.05,0.06,0.99,-14.59,1.95,-22.52
2026-07-27 13:17:38.886,0.01,0.04,0.97,-14.59,1.95,-22.52
2026-07-27 13:17:38.886,0.07,0.03,0.94,-13.67,5.98,-10.19
2026-07-27 13:17:38.887,0.07,0.03,0.94,-13.67,5.98,-10.19
2026-07-27 13:17:38.887,0.11,0.01,0.92,-14.04,6.04,-2.44
2026-07-27 13:17:38.887,0.11,0.01,0.92,-14.04,6.04,-2.44
2026-07-27 13:17:38.887,0.14,-0.0,0.92,-14.65,4.76,0.67
2026-07-27 13:17:38.888,0.15,-0.03,0.94,-13.92,3.3,0.43
2026-07-27 13:17:38.888,0.15,-0.03,0.94,-13.92,3.3,0.43
2026-07-27 13:17:39.126,0.16,-0.08,0.98,-12.76,1.89,-2.87
2026-07-27 13:17:39.126,0.16,-0.08,0.98,-12.76,1.89,-2.87
2026-07-27 13:17:39.126,0.15,-0.12,1.01,-11.47,1.59,-8.06
2026-07-27 13:17:39.126,0.15,-0.12,1.01,-11.47,1.59,-8.06
2026-07-27 13:17:39.127,0.15,-0.16,1.02,-8.06,1.77,-12.15
2026-07-27 13:17:39.127,0.15,-0.16,1.02,-8.06,1.77,-12.15
2026-07-27 13:17:39.127,0.14,-0.2,0.98,-4.76,1.22,-15.93
2026-07-27 13:17:39.127,0.14,-0.2,0.98,-4.76,1.22,-15.93
2026-07-27 13:17:39.127,0.14,-0.22,0.97,-5.92,1.22,-20.02
2026-07-27 13:17:39.127,0.17,-0.25,0.99,-11.6,1.1,-20.94
2026-07-27 13:17:39.128,0.17,-0.25,0.99,-11.6,1.1,-20.94
2026-07-27 13:17:39.484,0.19,-0.3,1.05,-18.01,2.32,-21.0
2026-07-27 13:17:39.484,0.19,-0.3,1.05,-18.01,2.32,-21.0
2026-07-27 13:17:39.484,0.22,-0.31,1.18,-24.48,8.85,-28.75
2026-07-27 13:17:39.485,0.22,-0.31,1.18,-24.48,8.85,-28.75
2026-07-27 13:17:39.485,0.21,-0.24,1.18,-23.01,8.61,-38.94
2026-07-27 13:17:39.485,0.21,-0.24,1.18,-23.01,8.61,-38.94
2026-07-27 13:17:39.485,0.18,-0.22,0.98,-10.13,-12.33,-33.51
2026-07-27 13:17:39.485,0.25,-0.3,0.93,-9.52,-36.38,-17.7
2026-07-27 13:17:39.488,0.25,-0.3,0.93,-9.52,-36.38,-17.7
2026-07-27 13:17:39.488,0.42,-0.35,1.09,-20.87,-44.49,-16.85
2026-07-27 13:17:39.489,0.42,-0.35,1.09,-20.87,-44.49,-16.85
2026-07-27 13:17:39.493,0.65,-0.34,1.23,-21.36,-50.96,-30.82
2026-07-27 13:17:39.493,0.65,-0.34,1.23,-21.36,-50.96,-30.82
2026-07-27 13:17:39.493,0.96,-0.4,1.34,-21.79,-84.84,-30.58
2026-07-27 13:17:39.494,1.26,-0.53,1.39,-27.83,-146.3,-14.22
2026-07-27 13:17:39.494,1.26,-0.53,1.39,-27.83,-146.3,-14.22
2026-07-27 13:17:39.542,1.4,-0.57,1.38,-23.56,-204.16,-12.08
2026-07-27 13:17:39.544,1.4,-0.57,1.38,-23.56,-204.16,-12.08
2026-07-27 13:17:39.604,1.3,-0.48,1.32,-13.98,-242.92,-28.99
2026-07-27 13:17:39.604,1.3,-0.48,1.32,-13.98,-242.92,-28.99
2026-07-27 13:17:39.605,0.9,-0.37,1.19,-37.66,-298.58,-43.52
2026-07-27 13:17:40.502,0.17,-0.41,1.25,-107.85,-404.48,-66.47
2026-07-27 13:17:40.505,0.17,-0.41,1.25,-107.85,-404.48,-66.47
2026-07-27 13:17:40.506,-1.19,-0.79,1.9,-191.96,-530.33,-146.2
2026-07-27 13:17:40.506,-1.19,-0.79,1.9,-191.96,-530.33,-146.2
2026-07-27 13:17:40.506,-3.01,-0.87,2.93,-244.32,-555.48,-318.3
2026-07-27 13:17:40.508,-3.01,-0.87,2.93,-244.32,-555.48,-318.3
2026-07-27 13:17:40.508,-4.0,0.03,3.5,-178.89,-344.18,-449.65
2026-07-27 13:17:40.508,-4.0,-0.19,3.68,30.52,72.51,-182.68
2026-07-27 13:17:40.508,-4.0,-0.19,3.68,30.52,72.51,-182.68
2026-07-27 13:17:40.508,-2.73,-2.37,3.92,283.39,627.08,425.54
2026-07-27 13:17:40.508,-2.73,-2.37,3.92,283.39,627.08,425.54
2026-07-27 13:17:40.508,1.05,-3.81,3.99,374.08,1029.17,751.16
2026-07-27 13:17:40.516,1.05,-3.81,3.99,268.31,802.18,552.19
2026-07-27 13:17:40.516,3.49,-3.31,2.94,268.31,802.18,552.19
2026-07-27 13:17:40.516,3.17,-2.21,1.2,125.49,211.79,164.0
2026-07-27 13:17:40.516,3.17,-2.21,1.2,125.49,211.79,164.0
2026-07-27 13:17:40.516,2.18,-1.41,0.43,3.54,-132.32,-91.67
2026-07-27 13:17:40.517,2.18,-1.41,0.43,3.54,-132.32,-91.67
2026-07-27 13:17:40.517,1.36,-0.78,0.74,-71.11,-168.95,-157.9
2026-07-27 13:17:40.517,1.36,-0.78,0.74,-82.4,-83.37,-137.15
2026-07-27 13:17:40.517,0.71,-0.5,1.42,-82.4,-83.37,-137.15
2026-07-27 13:17:40.517,0.19,-0.55,1.66,-35.89,-9.28,-89.54
2026-07-27 13:17:40.517,0.19,-0.55,1.66,-35.89,-9.28,-89.54
2026-07-27 13:17:40.517,-0.05,-0.66,1.33,16.66,-2.75,-24.17
2026-07-27 13:17:40.517,-0.05,-0.66,1.33,16.66,-2.75,-24.17
2026-07-27 13:17:40.518,0.05,-0.71,0.99,2.32,-17.64,11.23
2026-07-27 13:17:40.518,0.05,-0.71,0.99,2.32,-17.64,11.23
2026-07-27 13:17:40.518,0.23,-0.75,0.84,-49.8,-3.17,0.98
2026-07-27 13:17:40.518,0.23,-0.75,0.84,-49.8,-3.17,0.98
2026-07-27 13:17:40.518,0.37,-0.7,0.74,-61.65,31.31,-11.23
2026-07-27 13:17:40.518,0.46,-0.59,0.65,-38.82,56.15,-1.53
2026-07-27 13:17:40.570,0.46,-0.59,0.65,-38.82,56.15,-1.53
2026-07-27 13:17:40.570,0.52,-0.52,0.58,-23.32,52.55,16.11
2026-07-27 13:17:40.570,0.52,-0.52,0.58,-23.32,52.55,16.11
2026-07-27 13:17:40.571,0.53,-0.47,0.51,-18.43,31.31,23.25
2026-07-27 13:17:40.571,0.53,-0.47,0.51,-18.43,31.31,23.25
2026-07-27 13:17:40.571,0.52,-0.46,0.5,-22.16,12.02,18.62
2026-07-27 13:17:40.571,0.52,-0.46,0.5,-22.16,12.02,18.62
2026-07-27 13:17:40.572,0.51,-0.48,0.55,-28.44,1.04,6.53
2026-07-27 13:17:40.572,0.52,-0.5,0.62,-25.88,-2.44,-7.39
2026-07-27 13:17:40.572,0.52,-0.5,0.62,-25.88,-2.44,-7.39
2026-07-27 13:17:40.578,0.54,-0.55,0.71,-20.51,2.2,-17.52
2026-07-27 13:17:41.342,0.54,-0.55,0.71,-20.51,2.2,-17.52
2026-07-27 13:17:41.342,0.54,-0.64,0.82,-20.02,12.02,-24.11
2026-07-27 13:17:41.348,0.54,-0.64,0.82,-20.02,12.02,-24.11
2026-07-27 13:17:41.349,0.54,-0.73,0.93,-19.29,31.25,-26.37
2026-07-27 13:17:41.350,0.54,-0.82,1.02,-19.29,59.14,-24.35
2026-07-27 13:17:41.351,0.54,-0.82,1.02,-19.29,59.14,-24.35
2026-07-27 13:17:41.351,0.59,-0.88,1.06,-11.9,82.89,-21.85
2026-07-27 13:17:41.351,0.59,-0.88,1.06,-11.9,82.89,-21.85
2026-07-27 13:17:41.351,0.65,-0.86,1.11,19.84,102.91,-18.8
2026-07-27 13:17:41.352,0.65,-0.86,1.11,19.84,102.91,-18.8
2026-07-27 13:17:41.352,0.66,-0.8,1.17,51.39,97.17,-16.11
2026-07-27 13:17:41.352,0.61,-0.8,1.2,43.46,56.52,-15.5
2026-07-27 13:17:41.354,0.61,-0.8,1.2,43.46,56.52,-15.5
2026-07-27 13:17:41.354,0.42,-0.85,1.17,11.05,14.1,-17.33
2026-07-27 13:17:41.354,0.42,-0.85,1.17,11.05,14.1,-17.33
2026-07-27 13:17:41.355,0.19,-0.91,1.08,-20.75,-27.59,-26.25
2026-07-27 13:17:41.355,0.19,-0.91,1.08,-20.75,-27.59,-26.25
2026-07-27 13:17:41.355,-0.0,-0.89,0.93,-27.83,-65.19,-39.92
2026-07-27 13:17:41.355,-0.1,-0.74,0.72,-0.55,-88.5,-54.75
2026-07-27 13:17:41.355,-0.1,-0.74,0.72,-0.55,-88.5,-54.75
2026-07-27 13:17:41.356,-0.03,-0.58,0.58,12.63,-111.63,-70.25
2026-07-27 13:17:41.356,-0.03,-0.58,0.58,12.63,-111.63,-70.25
2026-07-27 13:17:41.356,0.17,-0.47,0.52,11.96,-143.07,-79.41
2026-07-27 13:17:41.357,0.17,-0.47,0.52,11.96,-143.07,-79.41
2026-07-27 13:17:41.361,0.45,-0.34,0.54,66.16,-188.54,-78.74
2026-07-27 13:17:41.365,0.66,-0.1,0.59,165.34,-227.11,-63.6
2026-07-27 13:17:41.365,0.66,-0.1,0.59,165.34,-227.11,-63.6
2026-07-27 13:17:41.365,0.69,0.02,0.54,172.55,-213.75,-26.55
2026-07-27 13:17:41.365,0.69,0.02,0.54,172.55,-213.75,-26.55
2026-07-27 13:17:41.365,0.63,-0.09,0.42,73.97,-163.21,7.81
2026-07-27 13:17:41.365,0.63,-0.09,0.42,73.97,-163.21,7.81
2026-07-27 13:17:41.365,0.58,-0.17,0.28,-4.7,-125.85,8.3
2026-07-27 13:17:41.365,0.58,-0.17,0.28,-4.7,-125.85,8.3
2026-07-27 13:17:41.366,0.55,-0.16,0.17,-30.52,-113.04,-13.61
2026-07-27 13:17:41.366,0.56,-0.11,0.06,-30.94,-113.53,-30.46
2026-07-27 13:17:41.405,0.56,-0.11,0.06,-30.94,-113.53,-30.46
2026-07-27 13:17:41.589,0.57,-0.05,-0.05,-21.36,-111.76,-33.87
2026-07-27 13:17:41.598,0.57,-0.05,-0.05,-21.36,-111.76,-33.87
2026-07-27 13:17:41.599,0.6,-0.02,-0.14,-5.13,-95.89,-24.84
2026-07-27 13:17:41.599,0.6,-0.02,-0.14,10.62,-71.35,-10.07
2026-07-27 13:17:41.599,0.66,-0.01,-0.2,10.62,-71.35,-10.07
2026-07-27 13:17:41.599,0.74,0.02,-0.25,18.43,-48.95,-2.62
2026-07-27 13:17:41.599,0.74,0.02,-0.25,18.43,-48.95,-2.62
2026-07-27 13:17:41.599,0.81,0.02,-0.25,16.6,-30.76,-2.69
2026-07-27 13:17:41.599,0.81,0.02,-0.25,16.6,-30.76,-2.69
2026-07-27 13:17:41.826,0.88,-0.01,-0.24,12.33,-16.85,-3.3
2026-07-27 13:17:41.826,0.88,-0.01,-0.24,12.33,-16.85,-3.3
2026-07-27 13:17:41.830,0.92,-0.07,-0.23,11.35,-7.45,-2.62
2026-07-27 13:17:41.831,0.94,-0.14,-0.21,11.11,-0.37,-2.2
2026-07-27 13:17:41.831,0.94,-0.14,-0.21,11.11,-0.37,-2.2
2026-07-27 13:17:41.831,0.95,-0.17,-0.17,10.38,4.52,-2.44
2026-07-27 13:17:41.831,0.95,-0.17,-0.17,10.38,4.52,-2.44
2026-07-27 13:17:42.184,0.98,-0.17,-0.15,9.83,8.3,-1.95
2026-07-27 13:17:42.184,0.98,-0.17,-0.15,9.83,8.3,-1.95
2026-07-27 13:17:42.185,1.04,-0.13,-0.16,10.31,12.02,1.28
2026-07-27 13:17:42.186,1.04,-0.13,-0.16,10.31,12.02,1.28
2026-07-27 13:17:42.199,1.07,-0.08,-0.23,12.7,17.58,9.22
2026-07-27 13:17:42.204,1.07,-0.08,-0.23,13.79,29.79,22.83
2026-07-27 13:17:42.204,0.99,-0.13,-0.25,13.79,29.79,22.83
2026-07-27 13:17:42.205,0.81,-0.29,-0.16,10.25,46.69,40.59
2026-07-27 13:17:42.205,0.81,-0.29,-0.16,10.25,46.69,40.59
2026-07-27 13:17:42.205,0.6,-0.38,0.06,16.17,75.13,57.74
2026-07-27 13:17:42.205,0.6,-0.38,0.06,16.17,75.13,57.74
2026-07-27 13:17:42.205,0.54,-0.44,0.42,33.81,124.27,77.09
2026-07-27 13:17:42.205,0.54,-0.44,0.42,33.81,124.27,77.09
2026-07-27 13:17:42.205,0.77,-0.56,0.74,39.98,156.19,99.0
2026-07-27 13:17:42.205,1.1,-0.58,0.9,40.95,146.91,101.14
2026-07-27 13:17:42.205,1.1,-0.58,0.9,40.95,146.91,101.14
2026-07-27 13:17:42.205,1.23,-0.57,0.94,41.08,123.29,77.03
2026-07-27 13:17:42.205,1.23,-0.57,0.94,41.08,123.29,77.03
2026-07-27 13:17:42.206,1.15,-0.49,0.93,40.28,112.85,34.48
2026-07-27 13:17:42.206,1.15,-0.49,0.93,40.28,112.85,34.48
2026-07-27 13:17:42.304,0.93,-0.36,0.98,42.11,129.94,-12.21
2026-07-27 13:17:42.305,0.71,-0.26,1.01,32.65,145.39,-30.03
2026-07-27 13:17:42.305,0.71,-0.26,1.01,32.65,145.39,-30.03
2026-07-27 13:17:42.305,0.49,-0.18,0.91,20.57,136.23,-12.39
2026-07-27 13:17:42.305,0.49,-0.18,0.91,20.57,136.23,-12.39
2026-07-27 13:17:42.783,0.31,-0.14,0.73,18.31,123.47,17.15
2026-07-27 13:17:42.783,0.31,-0.14,0.73,18.31,123.47,17.15
2026-07-27 13:17:42.783,0.23,-0.18,0.53,17.94,111.21,43.7
2026-07-27 13:17:42.783,0.35,-0.32,0.42,5.74,79.9,66.83
2026-07-27 13:17:42.785,0.35,-0.32,0.42,5.74,79.9,66.83
2026-07-27 13:17:42.785,0.57,-0.45,0.41,-2.75,42.36,74.58
2026-07-27 13:17:42.785,0.57,-0.45,0.41,-2.75,42.36,74.58
2026-07-27 13:17:42.790,0.67,-0.47,0.52,11.96,34.61,50.6
2026-07-27 13:17:42.790,0.67,-0.47,0.52,11.96,34.61,50.6
2026-07-27 13:17:42.791,0.6,-0.46,0.7,29.91,44.56,5.92
2026-07-27 13:17:42.791,0.6,-0.46,0.7,28.14,33.57,-28.32
2026-07-27 13:17:42.791,0.45,-0.48,0.82,28.14,33.57,-28.32
2026-07-27 13:17:42.791,0.4,-0.58,0.9,4.82,-1.4,-37.35
2026-07-27 13:17:42.792,0.4,-0.58,0.9,4.82,-1.4,-37.35
2026-07-27 13:17:42.792,0.46,-0.7,0.94,-23.74,-29.6,-35.58
2026-07-27 13:17:42.792,0.46,-0.7,0.94,-23.74,-29.6,-35.58
2026-07-27 13:17:42.792,0.52,-0.73,0.82,-34.73,-35.52,-36.32
2026-07-27 13:17:42.792,0.52,-0.73,0.82,-34.73,-35.52,-36.32
2026-07-27 13:17:42.792,0.52,-0.65,0.58,-29.79,-32.35,-38.02
2026-07-27 13:17:42.793,0.46,-0.5,0.48,-24.96,-19.9,-43.15
2026-07-27 13:17:42.794,0.46,-0.5,0.48,-24.96,-19.9,-43.15
2026-07-27 13:17:43.083,0.36,-0.32,0.55,-22.89,5.98,-50.96
2026-07-27 13:17:43.083,0.36,-0.32,0.55,-22.89,5.98,-50.96
2026-07-27 13:17:43.083,0.29,-0.17,0.65,-19.71,27.89,-49.99
2026-07-27 13:17:43.084,0.29,-0.12,0.69,-14.53,34.73,-35.4
2026-07-27 13:17:43.084,0.29,-0.12,0.69,-14.53,34.73,-35.4
2026-07-27 13:17:43.084,0.39,-0.18,0.73,-10.25,32.1,-12.94
2026-07-27 13:17:43.085,0.39,-0.18,0.73,-10.25,32.1,-12.94
2026-07-27 13:17:43.085,0.52,-0.28,0.81,-8.24,31.98,3.91
2026-07-27 13:17:43.086,0.52,-0.28,0.81,-8.24,31.98,3.91
2026-07-27 13:17:43.086,0.6,-0.36,0.91,-2.81,36.87,7.26
2026-07-27 13:17:43.087,0.6,-0.36,0.91,-2.81,36.87,7.26
2026-07-27 13:17:43.087,0.62,-0.44,1.0,2.81,33.26,4.52
2026-07-27 13:17:43.092,0.62,-0.55,1.13,-4.7,19.84,0.61
2026-07-27 13:17:43.145,0.62,-0.55,1.13,-4.7,19.84,0.61
2026-07-27 13:17:43.145,0.54,-0.61,1.17,-19.29,10.62,-7.81
2026-07-27 13:17:43.145,0.54,-0.61,1.17,-19.29,10.62,-7.81
2026-07-27 13:17:43.263,0.42,-0.51,0.97,-15.62,-0.92,-14.34
2026-07-27 13:17:43.263,0.42,-0.51,0.97,-15.62,-0.92,-14.34
2026-07-27 13:17:43.263,0.35,-0.37,0.7,3.23,-23.8,-11.72
2026-07-27 13:17:43.263,0.35,-0.37,0.7,3.23,-23.8,-11.72
2026-07-27 13:17:43.264,0.32,-0.27,0.62,12.63,-40.65,-7.51
2026-07-27 13:17:43.504,0.31,-0.21,0.73,10.56,-40.22,-5.92
2026-07-27 13:17:43.504,0.31,-0.21,0.73,10.56,-40.22,-5.92
2026-07-27 13:17:43.504,0.32,-0.25,0.93,3.72,-34.67,-1.22
2026-07-27 13:17:43.509,0.32,-0.25,0.93,3.72,-34.67,-1.22
2026-07-27 13:17:43.510,0.35,-0.38,1.13,-7.2,-36.44,6.41
2026-07-27 13:17:43.510,0.35,-0.38,1.13,-7.2,-36.44,6.41
2026-07-27 13:17:43.510,0.36,-0.49,1.13,-12.63,-46.2,8.79
2026-07-27 13:17:43.510,0.36,-0.49,1.13,-12.63,-46.2,8.79
2026-07-27 13:17:43.511,0.35,-0.46,0.9,-0.92,-57.43,4.33
2026-07-27 13:17:43.511,0.35,-0.36,0.68,15.56,-59.02,-1.65
2026-07-27 13:17:43.511,0.35,-0.36,0.68,15.56,-59.02,-1.65
2026-07-27 13:17:43.623,0.37,-0.29,0.62,21.24,-47.36,-6.29
2026-07-27 13:17:43.626,0.37,-0.29,0.62,21.24,-47.36,-6.29
2026-07-27 13:17:43.626,0.41,-0.28,0.65,18.37,-32.9,-8.18
2026-07-27 13:17:43.628,0.41,-0.28,0.65,18.37,-32.9,-8.18
2026-07-27 13:17:43.628,0.46,-0.32,0.7,12.63,-25.27,-8.0
2026-07-27 13:17:43.748,0.46,-0.32,0.7,12.63,-25.27,-8.0
2026-07-27 13:17:43.749,0.5,-0.36,0.74,7.2,-22.09,-8.79
2026-07-27 13:17:44.168,0.51,-0.38,0.79,4.03,-15.69,-12.08
2026-07-27 13:17:44.168,0.51,-0.38,0.79,4.03,-15.69,-12.08
2026-07-27 13:17:44.168,0.51,-0.36,0.81,4.21,-4.27,-16.11
2026-07-27 13:17:44.168,0.51,-0.36,0.81,4.21,-4.27,-16.11
2026-07-27 13:17:44.169,0.53,-0.33,0.82,5.43,6.04,-16.66
2026-07-27 13:17:44.171,0.53,-0.33,0.82,5.43,6.04,-16.66
2026-07-27 13:17:44.171,0.56,-0.31,0.84,3.91,11.05,-11.96
2026-07-27 13:17:44.172,0.56,-0.31,0.84,3.91,11.05,-11.96
2026-07-27 13:17:44.172,0.55,-0.28,0.89,3.85,20.02,-7.32
2026-07-27 13:17:44.172,0.44,-0.18,0.91,14.77,39.55,-5.13
2026-07-27 13:17:44.172,0.44,-0.18,0.91,14.77,39.55,-5.13
2026-07-27 13:17:44.173,0.33,-0.09,0.83,34.73,50.23,3.17
2026-07-27 13:17:44.173,0.33,-0.09,0.83,34.73,50.23,3.17
2026-07-27 13:17:44.173,0.36,-0.17,0.72,45.9,33.39,21.06
2026-07-27 13:17:44.173,0.36,-0.17,0.72,45.9,33.39,21.06
2026-07-27 13:17:44.173,0.5,-0.42,0.74,42.72,9.09,34.85
2026-07-27 13:17:44.173,0.5,-0.42,0.74,42.72,9.09,34.85
2026-07-27 13:17:44.173,0.61,-0.6,0.8,41.26,8.73,28.99
2026-07-27 13:17:44.174,0.61,-0.55,0.77,48.16,27.28,6.96
2026-07-27 13:17:44.174,0.61,-0.55,0.77,48.16,27.28,6.96
2026-07-27 13:17:44.174,0.54,-0.37,0.7,51.82,41.69,-15.5
2026-07-27 13:17:44.175,0.54,-0.37,0.7,51.82,41.69,-15.5
2026-07-27 13:17:44.175,0.46,-0.21,0.7,45.17,46.39,-27.4
2026-07-27 13:17:44.345,0.46,-0.21,0.7,45.17,46.39,-27.4
2026-07-27 13:17:44.346,0.41,-0.14,0.76,35.58,45.96,-23.32
2026-07-27 13:17:44.346,0.39,-0.1,0.83,39.31,40.71,-2.01
2026-07-27 13:17:44.486,0.39,-0.1,0.83,39.31,40.71,-2.01
2026-07-27 13:17:44.486,0.41,-0.06,0.85,55.48,32.71,24.11
2026-07-27 13:17:44.486,0.41,-0.06,0.85,55.48,32.71,24.11
2026-07-27 13:17:44.487,0.44,-0.02,0.86,55.97,28.63,34.36
2026-07-27 13:17:44.487,0.44,-0.02,0.86,55.97,28.63,34.36
2026-07-27 13:17:44.487,0.44,-0.02,0.86,28.38,28.32,23.62
2026-07-27 13:17:44.487,0.44,-0.02,0.86,-12.82,26.98,4.03
2026-07-27 13:17:44.487,0.43,-0.03,0.89,-12.82,26.98,4.03
2026-07-27 13:17:44.487,0.38,-0.09,0.96,-53.34,25.63,-12.45
2026-07-27 13:17:44.487,0.38,-0.09,0.96,-53.34,25.63,-12.45
2026-07-27 13:17:45.125,0.32,-0.2,1.12,-77.64,26.37,-16.66
2026-07-27 13:17:45.906,0.32,-0.2,1.12,-77.64,26.37,-16.66
2026-07-27 13:17:46.203,0.25,-0.3,1.33,-82.28,29.48,-9.09
2026-07-27 13:17:46.203,0.25,-0.3,1.33,-82.28,29.48,-9.09
2026-07-27 13:17:46.205,0.2,-0.31,1.3,-63.84,17.03,1.71
2026-07-27 13:17:46.206,0.24,-0.23,0.98,-25.02,-25.76,15.26
2026-07-27 13:17:46.224,0.24,-0.23,0.98,-25.02,-25.76,15.26
2026-07-27 13:17:46.225,0.34,-0.19,0.69,-1.65,-71.96,28.69
2026-07-27 13:17:46.863,0.34,-0.19,0.69,-1.65,-71.96,28.69
2026-07-27 13:17:46.863,0.45,-0.27,0.62,-14.4,-96.01,33.39
2026-07-27 13:17:46.864,0.45,-0.27,0.62,-14.4,-96.01,33.39
2026-07-27 13:17:46.879,0.55,-0.47,0.84,-54.69,-98.08,23.13
2026-07-27 13:17:46.880,0.56,-0.65,1.12,-89.6,-84.11,-5.37
2026-07-27 13:17:46.880,0.56,-0.65,1.12,-89.6,-84.11,-5.37
2026-07-27 13:17:46.880,0.47,-0.62,1.12,-79.83,-65.73,-39.0
2026-07-27 13:17:46.880,0.47,-0.62,1.12,-79.83,-65.73,-39.0
2026-07-27 13:17:46.880,0.36,-0.45,0.88,-36.62,-51.88,-60.12
2026-07-27 13:17:46.881,0.36,-0.45,0.88,-5.0,-43.09,-66.35
2026-07-27 13:17:46.881,0.32,-0.28,0.68,-5.0,-43.09,-66.35
2026-07-27 13:17:46.881,0.35,-0.22,0.65,-0.37,-35.95,-62.68
2026-07-27 13:17:46.882,0.35,-0.22,0.65,-0.37,-35.95,-62.68
2026-07-27 13:17:46.882,0.42,-0.22,0.72,-7.63,-27.53,-54.5
2026-07-27 13:17:46.882,0.42,-0.22,0.72,-7.63,-27.53,-54.5
2026-07-27 13:17:46.882,0.5,-0.25,0.79,-12.45,-20.14,-45.53
2026-07-27 13:17:46.882,0.5,-0.25,0.79,-12.45,-20.14,-45.53
2026-07-27 13:17:46.882,0.57,-0.27,0.79,-11.6,-16.48,-37.78
2026-07-27 13:17:46.882,0.57,-0.27,0.79,-9.46,-16.78,-31.68
2026-07-27 13:17:46.883,0.62,-0.26,0.71,-9.46,-16.78,-31.68
2026-07-27 13:17:46.883,0.67,-0.24,0.58,-12.45,-22.52,-27.34
2026-07-27 13:17:46.883,0.67,-0.24,0.58,-12.45,-22.52,-27.34
2026-07-27 13:17:46.883,0.81,-0.36,0.5,-24.23,-39.0,-30.21
2026-07-27 13:17:46.884,0.81,-0.36,0.5,-24.23,-39.0,-30.21
2026-07-27 13:17:46.884,1.04,-0.53,0.52,-20.51,-90.21,-58.23
2026-07-27 13:17:46.884,1.04,-0.53,0.52,-20.51,-90.21,-58.23
2026-07-27 13:17:46.884,0.99,-0.4,0.55,19.65,-194.4,-99.06
2026-07-27 13:17:46.885,0.27,-0.31,0.48,39.61,-306.46,-135.62
2026-07-27 13:17:46.885,0.27,-0.31,0.48,39.61,-306.46,-135.62
2026-07-27 13:17:46.885,-1.51,-0.64,0.42,-18.31,-384.95,-216.49
2026-07-27 13:17:46.886,-1.51,-0.64,0.42,-18.31,-384.95,-216.49
2026-07-27 13:17:46.890,-3.51,-0.07,0.2,-96.5,-376.4,-330.26
2026-07-27 13:17:46.890,-3.51,-0.07,0.2,-96.5,-376.4,-330.26
2026-07-27 13:17:46.890,-4.0,0.21,1.05,-140.38,-87.04,-130.07
2026-07-27 13:17:46.891,-4.0,0.21,1.05,-140.38,-87.04,-130.07
2026-07-27 13:17:46.891,-3.15,-1.78,3.07,-83.31,435.36,538.76
2026-07-27 13:17:46.891,0.28,-3.8,4.0,68.18,732.91,952.21
2026-07-27 13:17:46.891,0.28,-3.8,4.0,68.18,732.91,952.21
2026-07-27 13:17:46.891,2.75,-3.7,3.88,133.48,537.84,679.44
2026-07-27 13:17:46.891,2.75,-3.7,3.88,133.48,537.84,679.44
2026-07-27 13:17:46.891,2.5,-2.58,2.62,72.02,161.32,184.94
2026-07-27 13:17:46.891,2.5,-2.58,2.62,72.02,161.32,184.94
2026-07-27 13:17:46.891,1.09,-1.83,1.5,8.67,-39.92,-99.37
2026-07-27 13:17:46.892,-0.07,-1.43,1.02,6.47,-61.58,-130.62
2026-07-27 13:17:46.892,-0.07,-1.43,1.02,6.47,-61.58,-130.62
2026-07-27 13:17:46.892,-0.52,-1.42,1.18,21.42,6.16,-60.24
2026-07-27 13:17:46.892,-0.52,-1.42,1.18,21.42,6.16,-60.24
2026-07-27 13:17:46.893,-0.34,-1.57,1.48,8.85,95.28,11.23
2026-07-27 13:17:46.893,-0.34,-1.57,1.48,8.85,95.28,11.23
2026-07-27 13:17:46.893,-0.07,-1.53,1.63,-25.88,167.6,39.73
2026-07-27 13:17:46.893,-0.07,-1.53,1.63,-25.88,167.6,39.73
2026-07-27 13:17:46.893,-0.02,-1.29,1.46,-69.03,172.79,27.34
2026-07-27 13:17:46.893,-0.1,-1.07,1.08,-106.63,97.11,11.29
2026-07-27 13:17:46.926,-0.1,-1.07,1.08,-106.63,97.11,11.29
2026-07-27 13:17:46.927,-0.15,-0.94,0.68,-123.35,5.07,6.29
2026-07-27 13:17:46.927,-0.15,-0.94,0.68,-123.35,5.07,6.29
2026-07-27 13:17:46.927,0.06,-0.18,0.51,14.22,-26.18,81.3
2026-07-27 13:17:46.927,0.06,-0.18,0.51,14.22,-26.18,81.3
2026-07-27 13:17:46.927,0.21,-0.15,0.46,13.79,-29.66,84.78
2026-07-27 13:17:46.927,0.21,-0.15,0.46,36.25,-33.45,64.58
2026-07-27 13:17:46.927,0.25,-0.13,0.51,36.25,-33.45,64.58
2026-07-27 13:17:46.927,0.14,-0.16,0.59,85.82,-12.76,34.61
2026-07-27 13:17:46.928,-0.04,-0.38,0.95,-24.11,-28.2,33.33
2026-07-27 13:17:46.928,-0.04,-0.38,0.95,-24.11,-28.2,33.33
2026-07-27 13:17:47.531,-0.05,-0.36,0.92,3.17,-12.63,28.32
2026-07-27 13:17:47.531,-0.05,-0.36,0.92,3.17,-12.63,28.32
2026-07-27 13:17:47.532,-0.12,-0.3,0.87,27.71,20.45,22.03
2026-07-27 13:17:47.532,-0.12,-0.3,0.87,27.71,20.45,22.03
2026-07-27 13:17:47.532,-0.19,-0.25,0.86,31.49,44.43,13.73
2026-07-27 13:17:47.532,-0.21,-0.21,0.86,25.88,47.55,5.68
2026-07-27 13:17:47.532,-0.21,-0.21,0.86,25.88,47.55,5.68
2026-07-27 13:17:47.532,-0.23,-0.17,0.87,23.8,42.85,3.66
2026-07-27 13:17:47.532,-0.23,-0.17,0.87,23.8,42.85,3.66
2026-07-27 13:17:47.532,-0.25,-0.18,0.91,12.82,29.91,3.23
2026-07-27 13:17:48.122,-0.25,-0.18,0.91,12.82,29.91,3.23
2026-07-27 13:17:48.544,-0.29,-0.2,1.01,-6.96,14.28,0.98
2026-07-27 13:17:48.544,-0.29,-0.2,1.01,-6.96,14.28,0.98
2026-07-27 13:17:48.545,-0.35,-0.19,1.09,-17.64,7.63,1.83
2026-07-27 13:17:48.545,-0.36,-0.18,1.07,-17.03,1.46,13.37
2026-07-27 13:17:48.545,-0.36,-0.18,1.07,-17.03,1.46,13.37
2026-07-27 13:17:48.546,-0.31,-0.2,0.97,-12.88,-10.74,34.06
2026-07-27 13:17:48.553,-0.31,-0.2,0.97,-12.88,-10.74,34.06
2026-07-27 13:17:48.554,-0.27,-0.19,0.89,-9.52,-21.18,50.17
2026-07-27 13:17:48.554,-0.27,-0.19,0.89,-9.52,-21.18,50.17
2026-07-27 13:17:48.555,-0.27,-0.14,0.87,-11.66,-26.37,56.82
2026-07-27 13:17:48.555,-0.27,-0.14,0.87,-11.66,-26.37,56.82
2026-07-27 13:17:48.555,-0.29,-0.1,0.87,-20.26,-30.64,65.0
2026-07-27 13:17:48.555,-0.3,-0.13,0.94,-36.38,-37.35,79.22
2026-07-27 13:17:48.556,-0.3,-0.13,0.94,-36.38,-37.35,79.22
2026-07-27 13:17:48.556,-0.3,-0.19,1.04,-53.59,-45.65,90.88
2026-07-27 13:17:48.556,-0.3,-0.19,1.04,-53.59,-45.65,90.88
2026-07-27 13:17:48.556,-0.3,-0.22,1.07,-56.52,-54.02,94.24
2026-07-27 13:17:48.556,-0.3,-0.22,1.07,-56.52,-54.02,94.24
2026-07-27 13:17:48.557,-0.27,-0.2,0.98,-44.19,-63.05,92.22
2026-07-27 13:17:48.557,-0.25,-0.19,0.87,-33.26,-69.52,87.95
2026-07-27 13:17:48.557,-0.25,-0.19,0.87,-33.26,-69.52,87.95
2026-07-27 13:17:48.557,-0.25,-0.22,0.87,-34.91,-69.58,80.44
2026-07-27 13:17:48.558,-0.25,-0.22,0.87,-34.91,-69.58,80.44
2026-07-27 13:17:48.562,-0.27,-0.29,0.93,-42.24,-66.83,67.69
2026-07-27 13:17:48.562,-0.27,-0.29,0.93,-42.24,-66.83,67.69
2026-07-27 13:17:48.563,-0.29,-0.34,0.96,-42.18,-64.76,49.8
2026-07-27 13:17:48.563,-0.29,-0.34,0.96,-42.18,-64.76,49.8
2026-07-27 13:17:48.563,-0.3,-0.36,0.91,-31.07,-61.16,29.42
2026-07-27 13:17:48.564,-0.29,-0.35,0.8,-15.81,-52.19,8.79
2026-07-27 13:17:48.564,-0.29,-0.35,0.8,-15.81,-52.19,8.79
2026-07-27 13:17:48.564,-0.28,-0.3,0.73,-2.69,-34.42,-9.46
2026-07-27 13:17:48.564,-0.28,-0.3,0.73,-2.69,-34.42,-9.46
2026-07-27 13:17:48.564,-0.29,-0.29,0.77,1.4,-9.83,-19.47
2026-07-27 13:17:48.564,-0.29,-0.29,0.77,1.4,-9.83,-19.47
2026-07-27 13:17:48.565,-0.31,-0.39,0.97,-10.13,14.71,-19.59
2026-07-27 13:17:48.565,-0.31,-0.39,0.97,-10.13,14.71,-19.59
2026-07-27 13:17:48.565,-0.27,-0.42,1.15,-18.43,27.16,-11.17
2026-07-27 13:17:48.565,-0.27,-0.42,1.15,4.09,10.01,13.98
2026-07-27 13:17:48.567,-0.16,-0.33,1.06,4.09,10.01,13.98
2026-07-27 13:17:48.567,-0.05,-0.35,0.78,34.12,-37.41,61.4
2026-07-27 13:17:48.570,-0.05,-0.35,0.78,34.12,-37.41,61.4
2026-07-27 13:17:48.570,0.02,-0.51,0.61,30.15,-79.04,101.07
2026-07-27 13:17:48.571,0.02,-0.51,0.61,30.15,-79.04,101.07
2026-07-27 13:17:48.577,0.03,-0.57,0.7,8.97,-68.42,96.37
2026-07-27 13:17:48.581,0.03,-0.57,0.7,8.97,-68.42,96.37
2026-07-27 13:17:48.581,-0.02,-0.47,0.86,10.13,-13.61,60.91
2026-07-27 13:17:48.581,-0.02,-0.47,0.86,10.13,-13.61,60.91
2026-07-27 13:17:48.582,-0.04,-0.37,0.91,19.04,24.54,36.99
2026-07-27 13:17:48.582,-0.02,-0.38,0.89,7.45,21.0,36.93
2026-07-27 13:17:48.582,-0.02,-0.38,0.89,7.45,21.0,36.93
2026-07-27 13:17:48.582,-0.0,-0.41,0.86,-11.05,4.58,41.44
2026-07-27 13:17:48.582,-0.0,-0.41,0.86,-11.05,4.58,41.44
2026-07-27 13:17:48.583,-0.02,-0.44,0.88,-23.93,-4.94,37.35
2026-07-27 13:17:48.583,-0.02,-0.44,0.88,-23.93,-4.94,37.35
2026-07-27 13:17:48.583,-0.04,-0.46,0.9,-37.48,-13.67,26.43
2026-07-27 13:17:48.583,-0.04,-0.46,0.9,-37.48,-13.67,26.43
2026-07-27 13:17:48.583,-0.02,-0.51,0.9,-50.84,-27.77,16.66
2026-07-27 13:17:48.583,-0.02,-0.51,0.9,-50.84,-27.77,16.66
2026-07-27 13:17:48.583,-0.02,-0.51,0.9,-50.84,-27.77,16.66
2026-07-27 13:17:48.583,-0.02,-0.51,0.9,-50.84,-27.77,16.66
2026-07-27 13:17:48.604,0.13,-0.78,1.06,-80.63,-53.34,8.97
2026-07-27 13:17:48.782,0.13,-0.78,1.06,-80.63,-53.34,8.97
2026-07-27 13:17:48.783,0.17,-0.83,1.15,-91.86,-62.01,-7.57
2026-07-27 13:17:48.783,0.17,-0.73,1.04,-75.87,-78.25,-29.54
2026-07-27 13:17:48.783,0.17,-0.73,1.04,-75.87,-78.25,-29.54
2026-07-27 13:17:48.785,0.21,-0.63,0.83,-46.57,-93.51,-41.93
2026-07-27 13:17:48.786,0.21,-0.63,0.83,-46.57,-93.51,-41.93
2026-07-27 13:17:48.787,0.23,-0.68,0.73,-36.99,-88.81,-35.64
2026-07-27 13:17:48.788,0.17,-0.71,0.7,-33.26,-69.21,-17.46
2026-07-27 13:17:48.799,0.17,-0.71,0.7,-33.26,-69.21,-17.46
2026-07-27 13:17:48.799,0.12,-0.68,0.65,-25.02,-58.53,-3.11
2026-07-27 13:17:48.801,0.12,-0.68,0.65,-25.02,-58.53,-3.11
2026-07-27 13:17:49.444,0.1,-0.59,0.56,-12.76,-65.0,-2.14
2026-07-27 13:17:49.444,0.1,-0.59,0.56,-12.76,-65.0,-2.14
2026-07-27 13:17:49.445,0.07,-0.46,0.49,0.43,-68.6,-4.46
2026-07-27 13:17:49.445,0.07,-0.46,0.49,0.43,-68.6,-4.46
2026-07-27 13:17:49.446,0.01,-0.43,0.47,-14.89,-56.82,8.73
2026-07-27 13:17:49.446,-0.0,-0.57,0.51,-56.58,-46.63,32.65
2026-07-27 13:17:49.447,-0.0,-0.57,0.51,-56.58,-46.63,32.65
2026-07-27 13:17:49.447,0.04,-0.75,0.57,-83.44,-36.01,49.5
2026-07-27 13:17:49.449,0.04,-0.75,0.57,-83.44,-36.01,49.5
2026-07-27 13:17:49.449,0.1,-0.8,0.63,-70.8,-16.66,49.74
2026-07-27 13:17:49.450,0.17,-0.73,0.62,-38.51,1.59,40.83
2026-07-27 13:17:49.450,0.17,-0.73,0.62,-38.51,1.59,40.83
2026-07-27 13:17:49.624,0.22,-0.63,0.58,-13.98,16.17,32.65
2026-07-27 13:17:49.625,0.22,-0.63,0.58,-13.98,16.17,32.65
2026-07-27 13:17:49.687,0.28,-0.57,0.57,1.89,49.99,36.99
2026-07-27 13:17:49.687,0.28,-0.57,0.57,1.89,49.99,36.99
2026-07-27 13:17:49.687,0.16,-0.59,0.61,-3.3,129.76,83.44
2026-07-27 13:17:49.688,0.16,-0.59,0.61,-3.3,129.76,83.44
2026-07-27 13:17:49.688,0.16,-0.59,0.61,-3.3,129.76,83.44
2026-07-27 13:17:49.688,0.16,-0.59,0.61,-3.3,129.76,83.44
2026-07-27 13:17:49.688,-0.41,-0.91,0.6,-92.77,181.15,144.23
2026-07-27 13:17:49.743,-0.41,-0.91,0.6,-46.63,77.27,80.08
2026-07-27 13:17:49.744,-0.38,-0.96,0.56,-46.63,77.27,80.08
2026-07-27 13:17:49.989,-0.27,-0.92,0.5,5.25,-11.11,35.03
2026-07-27 13:17:49.990,-0.27,-0.92,0.5,5.25,-11.11,35.03
2026-07-27 13:17:49.990,-0.2,-0.89,0.42,11.11,-48.22,31.86
2026-07-27 13:17:49.990,-0.2,-0.89,0.42,11.11,-48.22,31.86
2026-07-27 13:17:49.992,-0.18,-0.89,0.35,-14.16,-60.36,45.78
2026-07-27 13:17:49.993,-0.18,-0.89,0.35,-14.16,-60.36,45.78
2026-07-27 13:17:49.994,-0.19,-0.89,0.28,-40.77,-73.18,55.66
2026-07-27 13:17:49.994,-0.26,-0.89,0.19,-59.27,-73.73,61.46
2026-07-27 13:17:49.994,-0.26,-0.89,0.19,-59.27,-73.73,61.46
2026-07-27 13:17:49.994,-0.36,-0.88,0.13,-52.12,-54.57,62.19
2026-07-27 13:17:49.994,-0.36,-0.88,0.13,-52.12,-54.57,62.19
2026-07-27 13:17:49.994,-0.44,-0.97,0.18,-9.09,-20.69,44.56
2026-07-27 13:17:49.994,-0.44,-0.97,0.18,-9.09,-20.69,44.56
2026-07-27 13:17:49.994,-0.49,-1.04,0.38,53.1,21.48,7.63
2026-07-27 13:17:49.994,-0.49,-1.04,0.38,53.1,21.48,7.63
2026-07-27 13:17:49.994,-0.38,-0.76,0.56,129.64,24.11,-40.65
2026-07-27 13:17:49.994,-0.18,-0.48,0.57,152.71,-21.85,-65.49
2026-07-27 13:17:49.994,-0.18,-0.48,0.57,152.71,-21.85,-65.49
2026-07-27 13:17:49.994,-0.14,-0.64,0.57,75.01,-42.66,-38.27
2026-07-27 13:17:49.994,-0.14,-0.64,0.57,75.01,-42.66,-38.27
2026-07-27 13:17:50.287,-0.21,-0.82,0.74,27.83,-18.25,-1.28
2026-07-27 13:17:50.287,-0.21,-0.82,0.74,27.83,-18.25,-1.28
2026-07-27 13:17:50.288,-0.27,-0.68,0.83,65.43,6.96,11.05
2026-07-27 13:17:50.288,-0.29,-0.55,0.74,91.31,-12.33,26.49
2026-07-27 13:17:50.288,-0.29,-0.55,0.74,91.31,-12.33,26.49
2026-07-27 13:17:50.288,-0.23,-0.57,0.68,93.2,-68.54,59.51
2026-07-27 13:17:50.288,-0.23,-0.57,0.68,93.2,-68.54,59.51
2026-07-27 13:17:50.288,-0.19,-0.51,0.7,140.08,-67.44,91.43
2026-07-27 13:17:50.288,-0.19,-0.51,0.7,140.08,-67.44,91.43
2026-07-27 13:17:50.288,-0.22,-0.34,0.75,199.46,3.97,98.02
2026-07-27 13:17:50.522,-0.22,-0.34,0.75,199.46,3.97,98.02
2026-07-27 13:17:50.705,-0.27,-0.21,0.81,172.67,49.93,78.8
2026-07-27 13:17:50.705,-0.31,-0.16,0.86,83.98,40.53,58.53
2026-07-27 13:17:50.706,-0.31,-0.16,0.86,83.98,40.53,58.53
2026-07-27 13:17:50.706,-0.37,-0.16,0.94,4.39,12.88,51.64
2026-07-27 13:17:50.886,-0.37,-0.16,0.94,4.39,12.88,51.64
2026-07-27 13:17:50.886,-0.47,-0.18,1.07,-44.37,-6.16,54.32
2026-07-27 13:17:50.887,-0.47,-0.18,1.07,-44.37,-6.16,54.32
2026-07-27 13:17:50.887,-0.53,-0.18,1.16,-54.26,-17.21,55.6
2026-07-27 13:17:50.887,-0.53,-0.18,1.16,-54.26,-17.21,55.6
2026-07-27 13:17:50.887,-0.49,-0.13,1.1,-37.29,-25.27,57.19
2026-07-27 13:17:50.887,-0.42,-0.1,0.94,-27.28,-27.59,63.42
2026-07-27 13:17:50.887,-0.42,-0.1,0.94,-27.28,-27.59,63.42
2026-07-27 13:17:50.888,-0.37,-0.08,0.81,-37.6,-27.65,70.43
2026-07-27 13:17:50.888,-0.37,-0.08,0.81,-37.6,-27.65,70.43
2026-07-27 13:17:50.888,-0.35,-0.05,0.74,-51.51,-27.65,75.87
2026-07-27 13:17:50.888,-0.35,-0.05,0.74,-51.51,-27.65,75.87
2026-07-27 13:17:50.889,-0.38,-0.04,0.77,-62.93,-25.21,80.2
2026-07-27 13:17:50.889,-0.43,-0.06,0.91,-77.76,-19.04,80.87
2026-07-27 13:17:50.890,-0.43,-0.06,0.91,-77.76,-19.04,80.87
2026-07-27 13:17:50.890,-0.45,-0.09,1.03,-88.44,-14.77,75.01
2026-07-27 13:17:50.893,-0.45,-0.09,1.03,-88.44,-14.77,75.01
2026-07-27 13:17:50.893,-0.39,-0.08,1.0,-82.09,-18.49,63.05
2026-07-27 13:17:50.893,-0.39,-0.08,1.0,-82.09,-18.49,63.05
2026-07-27 13:17:50.893,-0.31,-0.04,0.9,-62.19,-25.27,50.42
2026-07-27 13:17:50.894,-0.31,-0.04,0.9,-62.19,-25.27,50.42
2026-07-27 13:17:50.894,-0.26,-0.01,0.87,-44.68,-27.1,41.2
2026-07-27 13:17:50.895,-0.29,-0.02,0.94,-35.34,-24.78,34.06
2026-07-27 13:17:50.895,-0.29,-0.02,0.94,-35.34,-24.78,34.06
2026-07-27 13:17:50.895,-0.35,-0.05,1.0,-28.75,-23.32,27.83
2026-07-27 13:17:50.896,-0.35,-0.05,1.0,-28.75,-23.32,27.83
2026-07-27 13:17:50.900,-0.41,-0.08,0.98,-20.14,-25.63,22.52
2026-07-27 13:17:51.067,-0.41,-0.08,0.98,-20.14,-25.63,22.52
2026-07-27 13:17:51.067,-0.43,-0.1,0.88,-10.01,-29.85,17.76
2026-07-27 13:17:51.068,-0.43,-0.1,0.88,-1.46,-29.66,15.14
2026-07-27 13:17:51.068,-0.4,-0.1,0.76,-1.46,-29.66,15.14
2026-07-27 13:17:51.069,-0.38,-0.13,0.77,2.62,-19.17,16.11
2026-07-27 13:17:51.083,-0.38,-0.13,0.77,2.62,-19.17,16.11
2026-07-27 13:17:51.083,-0.4,-0.19,0.93,5.62,0.61,15.75
2026-07-27 13:17:51.083,-0.4,-0.19,0.93,5.62,0.61,15.75
2026-07-27 13:17:51.084,-0.41,-0.18,1.05,21.0,15.5,11.35
2026-07-27 13:17:51.084,-0.41,-0.18,1.05,21.0,15.5,11.35
2026-07-27 13:17:51.085,-0.38,-0.13,1.0,42.79,10.74,15.5
2026-07-27 13:17:51.086,-0.39,-0.19,0.87,37.54,-11.66,39.73
2026-07-27 13:17:51.086,-0.39,-0.19,0.87,37.54,-11.66,39.73
2026-07-27 13:17:51.087,-0.44,-0.36,0.82,1.28,-32.1,70.25
2026-07-27 13:17:51.087,-0.44,-0.36,0.82,1.28,-32.1,70.25
2026-07-27 13:17:51.087,-0.41,-0.5,0.88,-23.74,-35.83,81.91
2026-07-27 13:17:51.087,-0.41,-0.5,0.88,-23.74,-35.83,81.91
2026-07-27 13:17:51.122,-0.3,-0.58,0.94,-18.62,-31.56,70.68
2026-07-27 13:17:51.123,-0.23,-0.57,0.91,-13.61,-33.81,51.33
2026-07-27 13:17:51.302,-0.23,-0.57,0.91,-13.61,-33.81,51.33
2026-07-27 13:17:51.302,-0.27,-0.33,0.82,-12.94,-37.17,31.98
2026-07-27 13:17:51.303,-0.27,-0.33,0.82,-12.94,-37.17,31.98
2026-07-27 13:17:51.303,-0.37,0.0,0.78,-1.95,-29.54,23.68
2026-07-27 13:17:51.304,-0.37,0.0,0.78,-1.95,-29.54,23.68
2026-07-27 13:17:51.306,-0.44,0.13,0.81,-0.31,-15.14,39.92
2026-07-27 13:17:51.306,-0.42,-0.01,0.86,-18.19,-4.88,68.73
2026-07-27 13:17:51.306,-0.42,-0.01,0.86,-18.19,-4.88,68.73
2026-07-27 13:17:51.426,-0.34,-0.2,0.91,-33.87,-1.46,81.79
2026-07-27 13:17:51.426,-0.34,-0.2,0.91,-33.87,-1.46,81.79
2026-07-27 13:17:51.601,-0.26,-0.31,0.91,-33.63,-4.64,65.06
2026-07-27 13:17:51.603,-0.26,-0.31,0.91,-33.63,-4.64,65.06
2026-07-27 13:17:51.605,-0.19,-0.32,0.93,-20.63,-13.85,11.11
2026-07-27 13:17:51.613,-0.19,-0.32,0.93,-20.63,-13.85,11.11
2026-07-27 13:17:51.613,-0.11,-0.24,1.0,21.3,-25.94,-79.28
2026-07-27 13:17:51.613,-0.07,-0.19,1.04,71.72,-23.32,-172.55
2026-07-27 13:17:51.613,-0.07,-0.19,1.04,71.72,-23.32,-172.55
2026-07-27 13:17:51.614,-0.1,-0.2,1.07,87.46,-16.36,-232.48
2026-07-27 13:17:51.614,-0.1,-0.2,1.07,87.46,-16.36,-232.48
2026-07-27 13:17:51.614,-0.21,-0.15,1.1,90.52,-39.61,-200.62
2026-07-27 13:17:51.614,-0.21,-0.15,1.1,90.52,-39.61,-200.62
2026-07-27 13:17:51.614,-0.3,0.02,1.11,108.15,-79.04,-63.6
2026-07-27 13:17:52.093,-0.25,0.18,1.07,111.27,-92.16,90.03
2026-07-27 13:17:52.098,-0.25,0.18,1.07,111.27,-92.16,90.03
2026-07-27 13:17:52.098,-0.12,0.22,0.97,80.08,-43.27,182.13
2026-07-27 13:17:53.943,-0.12,0.22,0.97,80.08,-43.27,182.13
2026-07-27 13:17:54.122,-0.11,0.17,0.87,49.44,22.16,160.83
2026-07-27 13:17:54.123,-0.11,0.17,0.87,49.44,22.16,160.83
2026-07-27 13:17:54.123,-0.12,0.12,0.94,20.57,29.54,73.36
2026-07-27 13:17:54.123,-0.13,0.17,1.01,-2.75,25.45,23.13
2026-07-27 13:17:54.124,-0.13,0.17,1.01,-2.75,25.45,23.13
2026-07-27 13:17:54.125,-0.21,0.27,0.88,2.99,53.41,32.17
2026-07-27 13:17:54.125,-0.21,0.27,0.88,2.99,53.41,32.17
2026-07-27 13:17:54.126,-0.2,0.28,0.79,7.02,62.44,81.73
2026-07-27 13:17:54.128,-0.2,0.28,0.79,7.02,62.44,81.73
2026-07-27 13:17:54.128,-0.06,0.21,0.87,-5.68,34.18,133.36
2026-07-27 13:17:54.154,-0.06,0.21,0.87,-14.28,1.1,143.92
2026-07-27 13:17:54.154,0.07,0.17,0.97,-14.28,1.1,143.92
2026-07-27 13:17:54.190,0.08,0.19,0.98,-12.15,-18.92,108.76
2026-07-27 13:17:54.190,0.08,0.19,0.98,-12.15,-18.92,108.76
2026-07-27 13:17:54.190,0.07,0.23,0.97,-8.73,-23.62,60.3
2026-07-27 13:17:54.190,0.07,0.23,0.97,-8.73,-23.62,60.3
2026-07-27 13:17:54.190,0.12,0.25,1.01,-11.96,-22.77,20.69
2026-07-27 13:17:54.191,0.12,0.25,1.01,-11.96,-22.77,20.69
2026-07-27 13:17:54.191,0.13,0.28,1.11,-16.11,-30.4,-8.54
