Sample,Timestamp,Elapsed_s,AccX,AccY,AccZ,GyroX,GyroY,GyroZ
0,2026-08-03 13:23:11.086,0.0,-0.11,-0.11,0.79,42.79,71.47,-122.44
1,2026-08-03 13:23:11.116,0.03,-0.27,-0.02,0.88,136.6,131.71,-76.42
2,2026-08-03 13:23:11.145,0.059,-0.4,0.06,1.08,175.54,132.93,-41.08
3,2026-08-03 13:23:11.160,0.074,-0.4,0.06,1.08,175.54,132.93,-41.08
4,2026-08-03 13:23:11.189,0.103,-0.46,0.13,1.11,96.68,62.56,-29.97
5,2026-08-03 13:23:11.212,0.126,-0.46,0.13,1.11,96.68,62.56,-29.97
6,2026-08-03 13:23:11.235,0.149,-0.44,0.13,0.93,-10.13,9.4,-37.84
7,2026-08-03 13:23:11.268,0.182,-0.44,0.13,0.93,-44.74,5.25,-40.28
8,2026-08-03 13:23:11.281,0.195,-0.38,0.04,0.74,-44.74,5.25,-40.28
9,2026-08-03 13:23:11.310,0.224,-0.32,-0.08,0.68,-28.32,11.35,-33.2
10,2026-08-03 13:23:11.325,0.239,-0.32,-0.08,0.68,-28.32,11.35,-33.2
11,2026-08-03 13:23:11.355,0.269,-0.23,-0.17,0.7,-8.79,3.72,-20.26
12,2026-08-03 13:23:11.375,0.289,-0.23,-0.17,0.7,-8.79,3.72,-20.26
13,2026-08-03 13:23:11.420,0.334,-0.1,-0.21,0.77,-5.8,-24.17,1.28
14,2026-08-03 13:23:11.447,0.361,0.07,-0.21,0.89,-23.32,-64.33,24.84
15,2026-08-03 13:23:11.476,0.39,0.18,-0.14,0.98,-44.8,-99.06,41.26
16,2026-08-03 13:23:11.493,0.407,0.18,-0.14,0.98,-44.8,-99.06,41.26
17,2026-08-03 13:23:11.532,0.446,0.24,-0.12,0.99,-48.89,-118.16,43.33
18,2026-08-03 13:23:11.550,0.464,0.24,-0.12,0.99,-48.89,-118.16,43.33
19,2026-08-03 13:23:11.568,0.482,0.28,-0.19,0.94,-51.45,-113.65,41.75
20,2026-08-03 13:23:11.595,0.509,0.28,-0.19,0.94,-72.45,-106.87,88.87
21,2026-08-03 13:23:11.612,0.526,0.37,-0.25,0.95,-72.45,-106.87,88.87
22,2026-08-03 13:23:11.640,0.554,0.43,-0.26,1.05,-38.02,-102.42,149.66
23,2026-08-03 13:23:11.655,0.569,0.43,-0.26,1.05,-38.02,-102.42,149.66
24,2026-08-03 13:23:11.702,0.616,0.29,-0.26,1.13,45.84,-65.06,149.6
25,2026-08-03 13:23:11.730,0.644,0.06,-0.2,1.24,94.73,5.74,108.15
26,2026-08-03 13:23:11.748,0.662,-0.07,-0.06,1.46,92.22,79.22,58.04
27,2026-08-03 13:23:11.776,0.69,-0.07,-0.06,1.46,92.22,79.22,58.04
28,2026-08-03 13:23:11.805,0.719,-0.06,0.04,1.56,45.17,100.22,26.0
29,2026-08-03 13:23:11.820,0.734,-0.06,0.04,1.56,45.17,100.22,26.0
30,2026-08-03 13:23:11.851,0.765,-0.06,0.08,1.37,-11.84,52.19,24.54
31,2026-08-03 13:23:11.865,0.779,-0.06,0.08,1.37,-73.18,-4.7,38.21
32,2026-08-03 13:23:11.895,0.809,-0.08,0.07,1.09,-73.18,-4.7,38.21
33,2026-08-03 13:23:11.911,0.825,-0.02,-0.06,0.94,-173.77,-25.33,53.41
34,2026-08-03 13:23:11.940,0.854,-0.02,-0.06,0.94,-173.77,-25.33,53.41
35,2026-08-03 13:23:11.955,0.869,0.04,-0.19,0.85,-233.89,-18.07,51.39
36,2026-08-03 13:23:11.985,0.899,0.04,-0.19,0.85,-233.89,-18.07,51.39
37,2026-08-03 13:23:12.009,0.923,0.02,-0.18,0.69,-175.72,-11.47,26.31
38,2026-08-03 13:23:12.031,0.945,-0.02,-0.16,0.55,-94.06,-14.1,4.88
39,2026-08-03 13:23:12.045,0.959,-0.02,-0.16,0.55,-94.06,-14.1,4.88
40,2026-08-03 13:23:12.075,0.989,-0.04,-0.18,0.55,-53.34,-10.19,-8.18
41,2026-08-03 13:23:12.090,1.004,-0.04,-0.18,0.55,-53.34,-10.19,-8.18
42,2026-08-03 13:23:12.121,1.035,-0.05,-0.18,0.6,-32.17,0.12,-20.32
43,2026-08-03 13:23:12.158,1.072,-0.07,-0.2,0.68,-34.85,11.9,-25.51
44,2026-08-03 13:23:12.181,1.095,-0.07,-0.2,0.68,-34.85,11.9,-25.51
45,2026-08-03 13:23:12.196,1.11,-0.07,-0.36,0.78,-71.59,29.97,-38.51
46,2026-08-03 13:23:12.227,1.141,-0.07,-0.36,0.78,-71.59,29.97,-38.51
47,2026-08-03 13:23:12.241,1.155,-0.04,-0.57,0.87,-75.99,57.86,-62.44
48,2026-08-03 13:23:12.270,1.184,-0.09,-0.71,1.06,7.63,95.64,-65.73
49,2026-08-03 13:23:12.310,1.224,-0.09,-0.71,1.06,7.63,95.64,-65.73
50,2026-08-03 13:23:12.315,1.229,-0.13,-0.82,1.28,101.99,128.48,-51.7
51,2026-08-03 13:23:12.346,1.26,-0.13,-0.82,1.28,101.99,128.48,-51.7
52,2026-08-03 13:23:12.390,1.304,-0.13,-0.8,1.3,155.27,128.36,-51.7
53,2026-08-03 13:23:12.392,1.306,-0.13,-0.8,1.3,155.27,128.36,-51.7
54,2026-08-03 13:23:12.456,1.37,-0.17,-0.59,1.13,217.35,95.09,-58.72
55,2026-08-03 13:23:12.456,1.37,-0.27,-0.3,0.93,293.21,57.92,-48.4
56,2026-08-03 13:23:12.457,1.371,-0.27,-0.3,0.93,293.21,57.92,-48.4
57,2026-08-03 13:23:12.510,1.424,-0.31,-0.03,0.83,341.13,23.74,-35.83
58,2026-08-03 13:23:12.511,1.425,-0.31,-0.03,0.83,341.13,23.74,-35.83
59,2026-08-03 13:23:12.570,1.484,-0.22,0.18,0.71,338.56,-19.84,-41.44
60,2026-08-03 13:23:12.571,1.485,-0.22,0.18,0.71,338.56,-19.84,-41.44
61,2026-08-03 13:23:12.571,1.485,-0.04,0.31,0.59,269.78,-56.52,-63.84
62,2026-08-03 13:23:12.690,1.604,0.09,0.35,0.54,162.05,-60.67,-77.09
63,2026-08-03 13:23:12.691,1.605,0.09,0.35,0.54,162.05,-60.67,-77.09
64,2026-08-03 13:23:12.691,1.605,0.13,0.36,0.58,82.64,-43.09,-63.35
65,2026-08-03 13:23:12.692,1.606,0.13,0.36,0.58,82.64,-43.09,-63.35
66,2026-08-03 13:23:12.692,1.606,0.13,0.42,0.65,51.7,-28.08,-40.53
67,2026-08-03 13:23:12.752,1.666,0.13,0.42,0.65,51.7,-28.08,-40.53
68,2026-08-03 13:23:12.753,1.667,0.15,0.55,0.74,43.46,-22.52,-26.67
69,2026-08-03 13:23:12.753,1.667,0.16,0.77,0.84,33.39,-19.78,-21.06
70,2026-08-03 13:23:12.811,1.725,0.16,0.77,0.84,33.39,-19.78,-21.06
71,2026-08-03 13:23:12.811,1.725,0.15,0.97,0.94,16.85,-9.64,-9.89
72,2026-08-03 13:23:12.879,1.793,0.15,0.97,0.94,16.85,-9.64,-9.89
73,2026-08-03 13:23:12.879,1.793,0.08,1.01,1.01,-3.11,13.37,17.52
74,2026-08-03 13:23:12.930,1.844,-0.05,0.92,1.06,-20.45,39.55,57.19
75,2026-08-03 13:23:12.931,1.845,-0.05,0.92,1.06,-20.45,39.55,57.19
76,2026-08-03 13:23:12.932,1.846,-0.2,0.86,1.12,-37.11,46.39,94.48
77,2026-08-03 13:23:12.991,1.905,-0.27,0.84,1.12,-48.52,27.34,115.05
78,2026-08-03 13:23:13.056,1.97,-0.29,0.81,1.04,-66.77,8.42,104.0
79,2026-08-03 13:23:13.057,1.971,-0.29,0.81,1.04,-66.77,8.42,104.0
80,2026-08-03 13:23:13.057,1.971,-0.39,0.73,1.02,-119.51,4.39,59.08
81,2026-08-03 13:23:13.111,2.025,-0.39,0.73,1.02,-119.51,4.39,59.08
82,2026-08-03 13:23:13.112,2.026,-0.53,0.63,1.02,-178.22,-7.69,-0.24
83,2026-08-03 13:23:13.112,2.026,-0.53,0.63,1.02,-194.27,-43.33,-50.29
84,2026-08-03 13:23:13.186,2.1,-0.52,0.53,0.86,-194.27,-43.33,-50.29
85,2026-08-03 13:23:13.186,2.1,-0.36,0.42,0.57,-165.1,-84.23,-77.09
86,2026-08-03 13:23:13.232,2.146,-0.36,0.42,0.57,-165.1,-84.23,-77.09
87,2026-08-03 13:23:13.233,2.147,-0.16,0.3,0.34,-114.62,-100.95,-82.95
88,2026-08-03 13:23:13.291,2.205,-0.01,0.2,0.29,-72.63,-81.97,-80.99
89,2026-08-03 13:23:13.352,2.266,0.04,0.12,0.4,-51.94,-42.42,-75.87
90,2026-08-03 13:23:13.353,2.267,-0.01,0.0,0.57,-40.1,-2.38,-65.25
91,2026-08-03 13:23:13.354,2.268,-0.01,0.0,0.57,-40.1,-2.38,-65.25
92,2026-08-03 13:23:13.483,2.397,-0.13,-0.11,0.73,-24.84,34.79,-60.42
93,2026-08-03 13:23:13.483,2.397,-0.26,-0.1,0.94,-6.65,70.98,-77.58
94,2026-08-03 13:23:13.484,2.398,-0.26,-0.1,0.94,-6.65,70.98,-77.58
95,2026-08-03 13:23:13.531,2.445,-0.31,0.03,1.2,8.61,96.25,-112.18
96,2026-08-03 13:23:13.531,2.445,-0.3,0.19,1.46,15.93,105.71,-143.8
97,2026-08-03 13:23:13.532,2.446,-0.3,0.19,1.46,15.93,105.71,-143.8
98,2026-08-03 13:23:13.532,2.446,-0.33,0.25,1.68,6.96,101.56,-159.73
99,2026-08-03 13:23:13.593,2.507,-0.33,0.25,1.68,6.96,101.56,-159.73
100,2026-08-03 13:23:13.593,2.507,-0.33,0.22,1.63,-8.79,73.55,-163.27
101,2026-08-03 13:23:13.594,2.508,-0.33,0.22,1.63,-8.79,73.55,-163.27
102,2026-08-03 13:23:13.655,2.569,-0.22,0.14,1.19,-15.99,23.01,-157.9
103,2026-08-03 13:23:13.655,2.569,-0.12,0.02,0.75,-23.19,-18.86,-148.32
104,2026-08-03 13:23:13.711,2.625,-0.12,0.02,0.75,-23.19,-18.86,-148.32
105,2026-08-03 13:23:13.711,2.625,-0.08,-0.04,0.63,-30.76,-30.33,-146.91
106,2026-08-03 13:23:13.770,2.684,-0.01,0.01,0.74,-16.6,-27.83,-151.92
107,2026-08-03 13:23:13.771,2.685,0.06,0.04,0.82,9.34,-30.58,-145.14
108,2026-08-03 13:23:13.837,2.751,0.12,-0.02,0.79,12.57,-32.71,-120.36
109,2026-08-03 13:23:13.838,2.752,0.12,-0.02,0.79,12.57,-32.71,-120.36
110,2026-08-03 13:23:13.891,2.805,0.14,-0.15,0.73,-4.52,-25.88,-88.56
111,2026-08-03 13:23:13.892,2.806,0.14,-0.15,0.73,-4.52,-25.88,-88.56
112,2026-08-03 13:23:13.893,2.807,0.15,-0.28,0.77,-16.48,-15.5,-60.97
113,2026-08-03 13:23:13.952,2.866,0.15,-0.28,0.77,-16.48,-15.5,-60.97
114,2026-08-03 13:23:13.952,2.866,0.18,-0.39,0.9,-14.71,-12.88,-43.03
115,2026-08-03 13:23:13.953,2.867,0.18,-0.39,0.9,-14.71,-12.88,-43.03
116,2026-08-03 13:23:14.010,2.924,0.28,-0.41,1.01,-8.36,-17.52,-34.67
117,2026-08-03 13:23:14.011,2.925,0.36,-0.34,1.19,-9.77,-15.93,-27.59
118,2026-08-03 13:23:14.077,2.991,0.36,-0.34,1.19,-9.77,-15.93,-27.59
119,2026-08-03 13:23:14.077,2.991,0.29,-0.21,1.51,-17.27,2.01,-19.78
120,2026-08-03 13:23:14.078,2.992,0.29,-0.21,1.51,-17.27,2.01,-19.78
121,2026-08-03 13:23:14.131,3.045,0.1,-0.06,1.6,-6.77,19.53,-15.62
122,2026-08-03 13:23:14.132,3.046,0.1,-0.06,1.6,-6.77,19.53,-15.62
123,2026-08-03 13:23:14.197,3.111,0.03,0.01,1.22,18.86,5.98,-0.31
124,2026-08-03 13:23:14.197,3.111,0.09,0.01,0.82,20.94,-22.83,27.34
125,2026-08-03 13:23:14.198,3.112,0.09,0.01,0.82,20.94,-22.83,27.34
126,2026-08-03 13:23:14.250,3.164,0.1,-0.02,0.77,-7.63,-28.87,46.08
127,2026-08-03 13:23:14.254,3.168,0.1,-0.02,0.77,-7.63,-28.87,46.08
128,2026-08-03 13:23:14.370,3.284,0.06,-0.04,0.92,-36.19,-15.38,50.29
129,2026-08-03 13:23:14.371,3.285,0.06,-0.04,0.92,-39.43,-7.87,46.39
130,2026-08-03 13:23:14.371,3.285,0.03,-0.06,0.94,-39.43,-7.87,46.39
131,2026-08-03 13:23:14.372,3.286,0.06,-0.09,0.77,-23.8,-12.63,44.74
132,2026-08-03 13:23:14.373,3.287,0.06,-0.09,0.77,-23.8,-12.63,44.74
133,2026-08-03 13:23:14.374,3.288,0.09,-0.16,0.57,-10.5,-16.48,53.16
134,2026-08-03 13:23:14.497,3.411,0.09,-0.16,0.57,-10.5,-16.48,53.16
135,2026-08-03 13:23:14.498,3.412,0.11,-0.25,0.51,-3.23,-10.19,68.42
136,2026-08-03 13:23:14.499,3.413,0.08,-0.27,0.72,3.42,10.56,76.9
137,2026-08-03 13:23:14.501,3.415,0.03,-0.21,1.09,7.02,38.76,70.98
138,2026-08-03 13:23:14.554,3.468,0.03,-0.21,1.09,7.02,38.76,70.98
139,2026-08-03 13:23:14.554,3.468,0.01,-0.15,1.3,16.3,51.76,58.96
140,2026-08-03 13:23:14.555,3.469,0.01,-0.15,1.3,16.3,51.76,58.96
141,2026-08-03 13:23:14.670,3.584,0.01,-0.13,1.29,30.52,43.76,50.72
142,2026-08-03 13:23:14.671,3.585,0.01,-0.13,1.29,30.52,43.76,50.72
143,2026-08-03 13:23:14.671,3.585,-0.04,-0.1,1.32,33.63,32.23,43.4
144,2026-08-03 13:23:14.730,3.644,-0.04,-0.1,1.32,33.63,32.23,43.4
145,2026-08-03 13:23:14.731,3.645,-0.04,-0.1,1.32,33.63,32.23,43.4
146,2026-08-03 13:23:14.731,3.645,-0.16,0.03,1.13,10.25,0.55,24.11
147,2026-08-03 13:23:14.732,3.646,-0.16,0.03,1.13,10.25,0.55,24.11
148,2026-08-03 13:23:14.857,3.771,-0.11,-0.0,0.74,-3.3,-28.87,42.05
149,2026-08-03 13:23:14.857,3.771,-0.06,-0.09,0.54,-13.12,-37.35,68.24
150,2026-08-03 13:23:14.858,3.772,-0.06,-0.09,0.54,-13.12,-37.35,68.24
151,2026-08-03 13:23:14.859,3.773,-0.03,-0.12,0.65,-9.16,-20.14,78.12
152,2026-08-03 13:23:14.910,3.824,-0.0,-0.02,0.87,15.32,-1.59,71.11
153,2026-08-03 13:23:14.911,3.825,-0.0,-0.02,0.87,15.32,-1.59,71.11
154,2026-08-03 13:23:14.911,3.825,0.03,0.09,0.98,41.69,1.89,66.89
155,2026-08-03 13:23:14.971,3.885,0.03,0.09,0.98,50.05,-2.56,78.0
156,2026-08-03 13:23:14.971,3.885,0.01,0.1,0.94,50.05,-2.56,78.0
157,2026-08-03 13:23:14.971,3.885,-0.04,0.03,0.87,49.01,-4.82,95.03
158,2026-08-03 13:23:15.031,3.945,-0.04,0.03,0.87,49.01,-4.82,95.03
159,2026-08-03 13:23:15.031,3.945,-0.06,0.01,0.83,51.15,-3.54,103.64
160,2026-08-03 13:23:15.032,3.946,-0.06,0.01,0.83,51.15,-3.54,103.64
161,2026-08-03 13:23:15.091,4.005,-0.09,0.05,0.89,49.93,4.33,103.21
162,2026-08-03 13:23:15.092,4.006,-0.09,0.05,0.89,49.93,4.33,103.21
163,2026-08-03 13:23:15.152,4.066,-0.16,0.11,1.01,34.3,16.85,100.16
164,2026-08-03 13:23:15.153,4.067,-0.28,0.12,1.09,8.61,21.97,98.33
165,2026-08-03 13:23:15.210,4.124,-0.36,0.05,1.06,-10.99,13.12,94.42
166,2026-08-03 13:23:15.211,4.125,-0.36,0.05,1.06,-10.99,13.12,94.42
167,2026-08-03 13:23:15.270,4.184,-0.36,-0.02,0.95,-14.59,-6.35,82.09
168,2026-08-03 13:23:15.272,4.186,-0.36,-0.02,0.95,-14.59,-6.35,82.09
169,2026-08-03 13:23:15.272,4.186,-0.28,-0.06,0.85,-2.32,-28.08,63.05
170,2026-08-03 13:23:15.331,4.245,-0.19,-0.03,0.82,23.86,-42.05,44.13
171,2026-08-03 13:23:15.332,4.246,-0.19,-0.03,0.82,23.86,-42.05,44.13
172,2026-08-03 13:23:15.332,4.246,-0.1,0.16,0.94,60.85,-39.55,29.66
173,2026-08-03 13:23:15.396,4.31,-0.1,0.16,0.94,60.85,-39.55,29.66
174,2026-08-03 13:23:15.451,4.365,-0.03,0.51,1.13,95.76,-23.07,31.07
175,2026-08-03 13:23:15.453,4.367,-0.03,0.78,1.21,110.84,-2.5,63.78
176,2026-08-03 13:23:15.691,4.605,-0.2,0.78,1.23,90.09,24.96,113.22
177,2026-08-03 13:23:15.694,4.608,-0.4,0.52,1.28,37.29,54.2,132.57
178,2026-08-03 13:23:15.695,4.609,-0.42,0.29,1.2,-9.83,54.69,90.03
179,2026-08-03 13:23:15.695,4.609,-0.31,0.27,1.0,-34.3,19.17,1.77
180,2026-08-03 13:23:15.696,4.61,-0.24,0.36,0.8,-51.7,-23.13,-87.04
181,2026-08-03 13:23:15.696,4.61,-0.24,0.36,0.8,-59.88,-51.57,-151.06
182,2026-08-03 13:23:15.696,4.61,-0.22,0.45,0.66,-59.88,-51.57,-151.06
183,2026-08-03 13:23:15.696,4.61,-0.17,0.52,0.59,-52.86,-63.6,-190.73
184,2026-08-03 13:23:15.751,4.665,-0.17,0.52,0.59,-52.86,-63.6,-190.73
185,2026-08-03 13:23:15.752,4.666,-0.12,0.55,0.63,-40.89,-58.96,-211.12
186,2026-08-03 13:23:15.813,4.727,-0.12,0.55,0.63,-40.89,-58.96,-211.12
187,2026-08-03 13:23:15.813,4.727,-0.06,0.57,0.74,-28.93,-46.26,-220.28
188,2026-08-03 13:23:15.814,4.728,-0.06,0.57,0.74,-16.6,-36.68,-221.25
189,2026-08-03 13:23:15.876,4.79,0.01,0.59,0.86,-16.6,-36.68,-221.25
190,2026-08-03 13:23:15.877,4.791,0.06,0.56,0.96,-8.67,-32.29,-211.06
191,2026-08-03 13:23:15.931,4.845,0.06,0.56,0.96,-8.67,-32.29,-211.06
192,2026-08-03 13:23:15.943,4.857,0.07,0.49,0.99,-6.04,-33.02,-192.2
193,2026-08-03 13:23:16.111,5.025,0.07,0.4,0.95,-6.96,-36.93,-173.4
194,2026-08-03 13:23:16.112,5.026,0.07,0.4,0.95,-8.73,-38.39,-159.67
195,2026-08-03 13:23:16.113,5.027,0.08,0.33,0.9,-8.73,-38.39,-159.67
196,2026-08-03 13:23:16.113,5.027,0.1,0.28,0.85,-6.23,-35.28,-149.23
197,2026-08-03 13:23:16.114,5.028,0.13,0.24,0.81,1.46,-29.17,-138.43
198,2026-08-03 13:23:16.115,5.029,0.17,0.22,0.81,6.84,-20.81,-126.83
199,2026-08-03 13:23:16.172,5.086,0.17,0.22,0.81,6.84,-20.81,-126.83
200,2026-08-03 13:23:16.172,5.086,0.19,0.21,0.86,-1.59,-6.35,-115.36
201,2026-08-03 13:23:16.239,5.153,0.14,0.19,0.99,-15.81,16.05,-105.65
202,2026-08-03 13:23:16.241,5.155,0.14,0.19,0.99,-15.81,16.05,-105.65
203,2026-08-03 13:23:16.242,5.156,0.01,0.22,1.29,-16.54,38.88,-104.43
204,2026-08-03 13:23:16.291,5.205,0.01,0.22,1.29,-16.54,38.88,-104.43
205,2026-08-03 13:23:16.292,5.206,-0.17,0.34,1.6,-14.1,45.41,-117.68
206,2026-08-03 13:23:16.351,5.265,-0.24,0.44,1.56,-9.64,17.76,-129.94
207,2026-08-03 13:23:16.353,5.267,-0.24,0.44,1.56,-9.64,17.76,-129.94
208,2026-08-03 13:23:16.353,5.267,-0.16,0.37,1.1,-0.79,-31.13,-118.65
209,2026-08-03 13:23:16.412,5.326,-0.16,0.37,1.1,-0.79,-31.13,-118.65
210,2026-08-03 13:23:16.414,5.328,-0.08,0.14,0.65,-10.68,-56.7,-91.25
211,2026-08-03 13:23:16.471,5.385,-0.07,-0.07,0.54,-29.3,-45.96,-76.66
212,2026-08-03 13:23:16.474,5.388,-0.01,-0.09,0.66,-22.34,-32.17,-84.96
213,2026-08-03 13:23:16.531,5.445,0.18,0.01,0.73,8.06,-35.77,-92.83
214,2026-08-03 13:23:16.533,5.447,0.18,0.01,0.73,8.06,-35.77,-92.83
215,2026-08-03 13:23:16.591,5.505,0.35,0.04,0.73,29.48,-41.32,-74.89
216,2026-08-03 13:23:16.592,5.506,0.43,-0.0,0.74,30.21,-35.46,-36.38
217,2026-08-03 13:23:16.651,5.565,0.43,-0.0,0.74,30.21,-35.46,-36.38
218,2026-08-03 13:23:16.653,5.567,0.43,0.01,0.83,23.86,-22.64,1.59
219,2026-08-03 13:23:16.771,5.685,0.43,0.01,0.83,23.86,-22.64,1.59
220,2026-08-03 13:23:16.772,5.686,0.43,0.01,0.83,23.86,-22.64,1.59
221,2026-08-03 13:23:16.773,5.687,0.37,0.23,1.13,19.84,-7.32,60.55
222,2026-08-03 13:23:16.773,5.687,0.31,0.32,1.29,16.66,-5.98,89.84
223,2026-08-03 13:23:16.891,5.805,0.22,0.36,1.47,11.47,-5.37,113.59
224,2026-08-03 13:23:16.892,5.806,0.22,0.36,1.47,11.47,-5.37,113.59
225,2026-08-03 13:23:16.893,5.807,0.12,0.41,1.49,7.87,-5.25,125.79
226,2026-08-03 13:23:16.893,5.807,0.06,0.38,1.26,-5.07,0.12,128.54
227,2026-08-03 13:23:16.894,5.808,0.06,0.38,1.26,-5.07,0.12,128.54
228,2026-08-03 13:23:16.951,5.865,0.05,0.25,0.91,-24.6,8.12,128.6
229,2026-08-03 13:23:16.951,5.865,0.04,0.13,0.76,-44.68,18.01,122.19
230,2026-08-03 13:23:17.014,5.928,0.04,0.13,0.76,-44.68,18.01,122.19
231,2026-08-03 13:23:17.014,5.928,0.01,0.06,0.86,-66.41,29.72,102.54
232,2026-08-03 13:23:17.131,6.045,-0.03,0.05,1.02,-79.83,31.74,72.45
233,2026-08-03 13:23:17.132,6.046,-0.03,0.05,1.02,-79.83,31.74,72.45
234,2026-08-03 13:23:17.133,6.047,-0.04,0.09,1.1,-78.0,15.75,40.65
235,2026-08-03 13:23:17.133,6.047,-0.04,0.09,1.1,-59.27,-16.78,19.17
236,2026-08-03 13:23:17.133,6.047,-0.01,0.1,1.02,-59.27,-16.78,19.17
237,2026-08-03 13:23:17.190,6.104,0.03,0.05,0.86,-30.82,-49.93,11.72
238,2026-08-03 13:23:17.372,6.286,0.03,0.05,0.86,-30.82,-49.93,11.72
239,2026-08-03 13:23:17.372,6.286,0.06,-0.05,0.73,-18.37,-55.91,5.0
240,2026-08-03 13:23:17.373,6.287,0.06,-0.05,0.73,-18.37,-55.91,5.0
241,2026-08-03 13:23:17.373,6.287,0.08,-0.16,0.69,-28.2,-30.03,-11.23
242,2026-08-03 13:23:17.374,6.288,0.06,-0.25,0.74,-42.48,7.63,-33.51
243,2026-08-03 13:23:17.374,6.288,0.02,-0.3,0.83,-49.26,40.34,-55.42
244,2026-08-03 13:23:17.375,6.289,0.02,-0.3,0.83,-49.26,40.34,-55.42
245,2026-08-03 13:23:17.376,6.29,-0.02,-0.35,0.86,-43.4,60.18,-73.18
246,2026-08-03 13:23:17.434,6.348,-0.07,-0.33,0.9,-23.32,69.89,-89.23
247,2026-08-03 13:23:17.440,6.354,-0.07,-0.33,0.9,-23.32,69.89,-89.23
248,2026-08-03 13:23:17.491,6.405,-0.15,-0.22,1.08,-1.95,80.93,-107.97
249,2026-08-03 13:23:17.492,6.406,-0.19,-0.13,1.22,7.45,90.33,-123.47
250,2026-08-03 13:23:17.551,6.465,-0.19,-0.13,1.13,9.64,84.96,-125.73
251,2026-08-03 13:23:17.552,6.466,-0.17,-0.21,0.94,5.37,69.76,-119.63
252,2026-08-03 13:23:17.611,6.525,-0.17,-0.21,0.94,5.37,69.76,-119.63
253,2026-08-03 13:23:17.611,6.525,-0.15,-0.28,0.85,-4.15,57.8,-118.59
254,2026-08-03 13:23:17.672,6.586,-0.15,-0.28,0.85,-4.15,57.8,-118.59
255,2026-08-03 13:23:17.672,6.586,-0.12,-0.27,0.88,-6.29,49.68,-127.32
256,2026-08-03 13:23:17.672,6.586,-0.05,-0.2,0.94,5.92,37.78,-138.0
257,2026-08-03 13:23:17.737,6.651,-0.05,-0.2,0.94,5.92,37.78,-138.0
258,2026-08-03 13:23:17.738,6.652,0.05,-0.15,0.93,24.6,21.48,-137.21
259,2026-08-03 13:23:17.791,6.705,0.13,-0.14,0.89,32.29,10.13,-119.08
260,2026-08-03 13:23:17.792,6.706,0.13,-0.14,0.89,32.29,10.13,-119.08
261,2026-08-03 13:23:17.918,6.832,0.11,-0.2,0.87,20.69,8.36,-87.65
262,2026-08-03 13:23:17.919,6.833,0.03,-0.31,0.85,2.38,10.56,-54.81
263,2026-08-03 13:23:17.971,6.885,0.03,-0.31,0.85,2.38,10.56,-54.81
264,2026-08-03 13:23:17.979,6.893,-0.03,-0.39,0.83,-4.27,8.3,-34.24
265,2026-08-03 13:23:17.979,6.893,-0.0,-0.4,0.82,6.47,-1.59,-28.02
266,2026-08-03 13:23:17.979,6.893,0.08,-0.36,0.86,24.11,-13.43,-27.16
267,2026-08-03 13:23:18.034,6.948,0.08,-0.36,0.86,24.11,-13.43,-27.16
268,2026-08-03 13:23:18.047,6.961,0.13,-0.25,1.03,34.79,-14.65,-26.73
269,2026-08-03 13:23:18.047,6.961,0.09,-0.11,1.3,32.84,1.59,-27.28
270,2026-08-03 13:23:18.151,7.065,0.09,-0.11,1.3,32.84,1.59,-27.28
271,2026-08-03 13:23:18.151,7.065,0.02,0.0,1.44,29.17,15.44,-24.54
272,2026-08-03 13:23:18.152,7.066,0.02,0.0,1.44,29.17,15.44,-24.54
273,2026-08-03 13:23:18.211,7.125,0.04,0.05,1.28,33.08,3.54,-12.88
274,2026-08-03 13:23:18.212,7.126,0.11,0.05,1.02,27.04,-17.33,4.94
275,2026-08-03 13:23:18.212,7.126,0.14,0.01,0.87,4.27,-20.94,20.39
276,2026-08-03 13:23:18.215,7.129,0.14,0.01,0.87,4.27,-20.94,20.39
277,2026-08-03 13:23:18.271,7.185,0.14,0.01,0.87,-16.72,-9.03,26.92
278,2026-08-03 13:23:18.337,7.251,0.09,0.03,0.99,-29.17,7.51,25.15
279,2026-08-03 13:23:18.337,7.251,0.04,0.02,1.06,-34.91,17.09,21.67
280,2026-08-03 13:23:18.391,7.305,0.01,-0.07,0.99,-31.74,13.24,20.87
281,2026-08-03 13:23:18.452,7.366,-0.0,-0.18,0.88,-26.25,8.36,18.55
282,2026-08-03 13:23:18.453,7.367,-0.02,-0.26,0.87,-27.89,15.14,9.77
283,2026-08-03 13:23:18.510,7.424,-0.02,-0.26,0.87,-27.89,15.14,9.77
284,2026-08-03 13:23:18.512,7.426,-0.02,-0.3,0.93,-31.43,26.98,-3.54
285,2026-08-03 13:23:18.512,7.426,-0.02,-0.3,0.93,-30.15,35.1,-16.78
286,2026-08-03 13:23:18.631,7.545,-0.01,-0.28,0.99,-30.15,35.1,-16.78
287,2026-08-03 13:23:18.633,7.547,0.0,-0.25,1.03,-29.24,41.14,-26.0
288,2026-08-03 13:23:18.633,7.547,0.01,-0.25,1.0,-29.66,45.9,-28.44
289,2026-08-03 13:23:18.692,7.606,-0.02,-0.26,1.0,-24.23,48.77,-25.7
290,2026-08-03 13:23:18.693,7.607,-0.02,-0.26,1.0,-24.23,48.77,-25.7
291,2026-08-03 13:23:18.693,7.607,-0.09,-0.23,1.07,-17.58,50.72,-22.77
292,2026-08-03 13:23:18.872,7.786,-0.13,-0.2,1.03,-14.83,42.11,-16.78
293,2026-08-03 13:23:18.873,7.787,-0.13,-0.2,1.03,-14.83,42.11,-16.78
294,2026-08-03 13:23:18.873,7.787,-0.12,-0.21,0.84,-14.59,20.39,-0.37
295,2026-08-03 13:23:18.874,7.788,-0.12,-0.27,0.7,-20.32,4.52,20.39
296,2026-08-03 13:23:18.878,7.792,-0.12,-0.27,0.7,-20.32,4.52,20.39
297,2026-08-03 13:23:18.878,7.792,-0.15,-0.3,0.73,-24.29,3.42,34.06
298,2026-08-03 13:23:18.878,7.792,-0.15,-0.3,0.73,-14.04,6.47,37.84
299,2026-08-03 13:23:18.938,7.852,-0.17,-0.29,0.84,-14.04,6.47,37.84
300,2026-08-03 13:23:18.939,7.853,-0.15,-0.26,0.93,1.53,4.82,38.15
301,2026-08-03 13:23:19.053,7.967,-0.15,-0.26,0.93,1.53,4.82,38.15
302,2026-08-03 13:23:19.053,7.967,-0.11,-0.28,0.96,8.91,-2.99,43.82
303,2026-08-03 13:23:19.054,7.968,-0.08,-0.33,0.92,9.03,-16.24,54.69
304,2026-08-03 13:23:19.055,7.969,-0.08,-0.33,0.92,9.03,-16.24,54.69
305,2026-08-03 13:23:19.055,7.969,-0.04,-0.36,0.89,8.67,-30.58,62.32
306,2026-08-03 13:23:19.114,8.028,-0.04,-0.36,0.89,8.67,-30.58,62.32
307,2026-08-03 13:23:19.116,8.03,-0.04,-0.36,0.89,8.67,-30.58,62.32
308,2026-08-03 13:23:19.170,8.084,-0.05,-0.23,0.93,10.5,-46.39,64.76
309,2026-08-03 13:23:19.185,8.099,-0.05,-0.23,0.93,7.81,-48.03,68.73
310,2026-08-03 13:23:19.187,8.101,-0.08,-0.17,0.95,7.81,-48.03,68.73
311,2026-08-03 13:23:19.234,8.148,-0.13,-0.15,0.95,1.77,-46.69,75.56
312,2026-08-03 13:23:19.290,8.204,-0.2,-0.21,0.93,-5.55,-44.13,81.85
313,2026-08-03 13:23:19.291,8.205,-0.2,-0.21,0.93,-5.55,-44.13,81.85
314,2026-08-03 13:23:19.291,8.205,-0.23,-0.3,0.9,-8.91,-43.33,81.12
315,2026-08-03 13:23:19.356,8.27,-0.23,-0.3,0.9,-8.91,-43.33,81.12
316,2026-08-03 13:23:19.357,8.271,-0.21,-0.34,0.88,-0.67,-48.58,71.41
317,2026-08-03 13:23:19.411,8.325,-0.13,-0.32,0.89,16.42,-56.15,58.17
318,2026-08-03 13:23:19.412,8.326,-0.13,-0.32,0.89,16.42,-56.15,58.17
319,2026-08-03 13:23:19.413,8.327,-0.03,-0.25,0.99,30.46,-56.95,48.71
320,2026-08-03 13:23:19.532,8.446,-0.03,-0.25,0.99,30.46,-56.95,48.71
321,2026-08-03 13:23:19.537,8.451,0.03,-0.15,1.15,36.74,-48.71,47.85
322,2026-08-03 13:23:19.537,8.451,0.01,-0.07,1.34,39.37,-36.19,54.87
323,2026-08-03 13:23:19.538,8.452,0.01,-0.07,1.34,43.46,-32.04,62.38
324,2026-08-03 13:23:19.538,8.452,-0.01,-0.01,1.42,43.46,-32.04,62.38
325,2026-08-03 13:23:19.657,8.571,0.04,0.08,1.36,46.08,-41.2,65.12
326,2026-08-03 13:23:19.657,8.571,0.09,0.15,1.25,37.05,-49.62,66.28
327,2026-08-03 13:23:19.658,8.572,0.15,0.15,1.1,22.64,-49.74,68.91
328,2026-08-03 13:23:19.774,8.688,0.15,0.15,1.1,22.64,-49.74,68.91
329,2026-08-03 13:23:19.776,8.69,0.19,0.11,0.96,12.94,-41.69,71.41
330,2026-08-03 13:23:19.777,8.691,0.18,0.06,0.92,2.81,-26.06,69.89
331,2026-08-03 13:23:19.778,8.692,0.2,0.02,0.89,-1.46,-16.05,64.58
332,2026-08-03 13:23:19.835,8.749,0.2,0.02,0.89,-1.46,-16.05,64.58
333,2026-08-03 13:23:19.836,8.75,0.25,0.01,0.88,6.04,-15.08,58.78
334,2026-08-03 13:23:19.890,8.804,0.27,0.01,0.91,9.95,-11.35,54.02
335,2026-08-03 13:23:19.891,8.805,0.27,0.01,0.91,9.95,-11.35,54.02
336,2026-08-03 13:23:19.965,8.879,0.26,0.01,0.93,4.94,-7.39,52.0
337,2026-08-03 13:23:19.966,8.88,0.24,-0.0,0.91,-1.28,-8.18,53.53
338,2026-08-03 13:23:20.011,8.925,0.22,-0.02,0.9,-8.24,-8.54,54.87
339,2026-08-03 13:23:20.131,9.045,0.22,-0.02,0.9,-8.24,-8.54,54.87
340,2026-08-03 13:23:20.198,9.112,0.19,-0.02,0.9,-17.21,-8.36,53.89
341,2026-08-03 13:23:20.199,9.113,0.19,-0.02,0.9,-17.21,-8.36,53.89
342,2026-08-03 13:23:20.200,9.114,0.16,-0.02,0.88,-31.68,-10.86,54.81
343,2026-08-03 13:23:20.201,9.115,0.16,-0.02,0.88,-31.68,-10.86,54.81
344,2026-08-03 13:23:20.201,9.115,0.13,-0.07,0.84,-43.64,-13.67,57.86
345,2026-08-03 13:23:20.201,9.115,0.1,-0.15,0.8,-38.02,-12.08,56.58
346,2026-08-03 13:23:20.202,9.116,0.1,-0.15,0.8,-38.02,-12.08,56.58
347,2026-08-03 13:23:20.203,9.117,0.1,-0.23,0.83,-20.14,-3.97,49.19
348,2026-08-03 13:23:20.251,9.165,0.1,-0.23,0.83,-20.14,-3.97,49.19
349,2026-08-03 13:23:20.252,9.166,0.09,-0.3,0.91,-7.2,7.14,38.21
350,2026-08-03 13:23:20.252,9.166,0.06,-0.4,0.95,-6.35,15.08,25.21
351,2026-08-03 13:23:20.311,9.225,0.06,-0.4,0.95,-6.35,15.08,25.21
352,2026-08-03 13:23:20.311,9.225,0.06,-0.45,0.98,-10.31,19.65,10.01
353,2026-08-03 13:23:20.313,9.227,0.06,-0.45,0.98,-10.31,19.65,10.01
354,2026-08-03 13:23:20.370,9.284,0.07,-0.43,1.06,-15.32,28.56,-5.74
355,2026-08-03 13:23:20.371,9.285,0.07,-0.43,1.06,-15.32,28.56,-5.74
356,2026-08-03 13:23:20.433,9.347,0.03,-0.36,1.21,-18.43,44.86,-17.27
357,2026-08-03 13:23:20.434,9.348,0.03,-0.36,1.21,-18.43,44.86,-17.27
358,2026-08-03 13:23:20.490,9.404,-0.09,-0.19,1.22,14.47,55.24,-27.22
359,2026-08-03 13:23:20.496,9.41,-0.09,-0.19,1.22,14.47,55.24,-27.22
360,2026-08-03 13:23:20.567,9.481,-0.09,-0.13,1.08,35.4,45.04,-30.94
361,2026-08-03 13:23:20.567,9.481,-0.14,-0.06,1.06,32.53,45.78,-37.54
362,2026-08-03 13:23:20.568,9.482,-0.14,-0.06,1.06,32.53,45.78,-37.54
363,2026-08-03 13:23:20.670,9.584,-0.21,-0.03,1.06,12.21,48.22,-41.08
364,2026-08-03 13:23:20.671,9.585,-0.21,-0.03,1.06,12.21,48.22,-41.08
365,2026-08-03 13:23:20.671,9.585,-0.23,-0.11,0.94,-5.43,38.21,-35.16
366,2026-08-03 13:23:20.672,9.586,-0.21,-0.2,0.81,-13.61,23.62,-26.98
367,2026-08-03 13:23:20.791,9.705,-0.15,-0.24,0.79,-15.87,14.47,-26.86
368,2026-08-03 13:23:20.866,9.78,-0.15,-0.24,0.79,-15.87,14.47,-26.86
369,2026-08-03 13:23:20.869,9.783,-0.13,-0.24,0.82,-16.48,9.03,-32.65
370,2026-08-03 13:23:20.870,9.784,-0.13,-0.24,0.82,-16.48,9.03,-32.65
371,2026-08-03 13:23:20.871,9.785,-0.14,-0.26,0.77,-16.66,1.77,-38.64
372,2026-08-03 13:23:20.873,9.787,-0.15,-0.27,0.67,-16.24,-6.71,-46.63
373,2026-08-03 13:23:20.873,9.787,-0.15,-0.27,0.67,-14.1,-11.05,-56.88
374,2026-08-03 13:23:20.911,9.825,-0.14,-0.25,0.6,-14.1,-11.05,-56.88
375,2026-08-03 13:23:20.912,9.826,-0.12,-0.24,0.57,-8.91,-8.79,-64.39
376,2026-08-03 13:23:20.916,9.83,-0.12,-0.24,0.57,-8.91,-8.79,-64.39
377,2026-08-03 13:23:20.971,9.885,-0.09,-0.26,0.58,2.14,-5.49,-66.22
378,2026-08-03 13:23:21.038,9.952,-0.04,-0.3,0.63,19.9,-5.8,-64.58
379,2026-08-03 13:23:21.040,9.954,0.05,-0.33,0.74,37.29,-7.2,-61.46
380,2026-08-03 13:23:21.091,10.005,0.13,-0.32,0.9,46.75,-6.1,-54.99
381,2026-08-03 13:23:21.093,10.007,0.13,-0.32,0.9,46.75,-6.1,-54.99
382,2026-08-03 13:23:21.093,10.007,0.18,-0.31,1.07,49.5,-3.3,-42.18
383,2026-08-03 13:23:21.151,10.065,0.18,-0.31,1.07,49.5,-3.3,-42.18
384,2026-08-03 13:23:21.152,10.066,0.22,-0.28,1.17,49.32,-5.31,-22.95
385,2026-08-03 13:23:21.216,10.13,0.22,-0.28,1.17,49.32,-5.31,-22.95
386,2026-08-03 13:23:21.219,10.133,0.26,-0.24,1.19,49.5,-13.31,-0.98
387,2026-08-03 13:23:21.281,10.195,0.24,-0.12,1.25,53.65,-18.07,18.37
388,2026-08-03 13:23:21.282,10.196,0.17,0.1,1.34,59.69,-13.43,32.04
389,2026-08-03 13:23:21.331,10.245,0.12,0.3,1.35,55.54,-1.77,44.25
390,2026-08-03 13:23:21.452,10.366,0.09,0.35,1.2,35.95,6.9,59.27
391,2026-08-03 13:23:21.453,10.367,0.04,0.29,1.03,13.0,8.54,70.07
392,2026-08-03 13:23:21.453,10.367,0.04,0.29,1.03,0.55,12.02,66.22
393,2026-08-03 13:23:21.453,10.367,-0.03,0.21,0.97,0.55,12.02,66.22
394,2026-08-03 13:23:21.453,10.367,-0.06,0.17,0.97,2.2,17.76,47.18
395,2026-08-03 13:23:21.511,10.425,-0.06,0.17,0.97,2.2,17.76,47.18
396,2026-08-03 13:23:21.511,10.425,-0.02,0.18,0.94,12.7,14.28,22.89
397,2026-08-03 13:23:21.573,10.487,-0.02,0.18,0.94,12.7,14.28,22.89
398,2026-08-03 13:23:21.574,10.488,0.08,0.21,0.82,23.99,0.12,8.79
399,2026-08-03 13:23:21.632,10.546,0.16,0.18,0.67,31.25,-12.27,12.02
400,2026-08-03 13:23:21.632,10.546,0.2,0.14,0.59,36.8,-12.82,23.74
401,2026-08-03 13:23:21.633,10.547,0.2,0.14,0.59,36.8,-12.82,23.74
402,2026-08-03 13:23:21.694,10.608,0.23,0.14,0.65,41.32,-0.85,33.57
403,2026-08-03 13:23:21.750,10.664,0.24,0.17,0.81,39.43,18.37,40.89
404,2026-08-03 13:23:21.751,10.665,0.24,0.17,0.81,39.43,18.37,40.89
405,2026-08-03 13:23:21.752,10.666,0.22,0.19,1.03,29.17,34.73,48.95
406,2026-08-03 13:23:21.871,10.785,0.22,0.19,1.03,29.17,34.73,48.95
407,2026-08-03 13:23:21.872,10.786,0.18,0.2,1.18,13.18,38.7,57.68
408,2026-08-03 13:23:21.872,10.786,0.14,0.17,1.22,-5.37,31.56,65.73
409,2026-08-03 13:23:21.873,10.787,0.11,0.12,1.18,-22.52,22.83,71.9
410,2026-08-03 13:23:21.932,10.846,0.11,0.12,1.18,-22.52,22.83,71.9
411,2026-08-03 13:23:21.933,10.847,0.07,0.08,1.16,-36.07,19.78,73.91
412,2026-08-03 13:23:21.937,10.851,0.07,0.08,1.16,-36.07,19.78,73.91
413,2026-08-03 13:23:22.056,10.97,0.01,0.08,1.19,-49.19,21.97,68.6
414,2026-08-03 13:23:22.060,10.974,0.01,0.08,1.19,-58.59,18.19,57.62
415,2026-08-03 13:23:22.060,10.974,-0.03,0.08,1.16,-58.59,18.19,57.62
416,2026-08-03 13:23:22.180,11.094,-0.01,0.07,1.0,-56.46,2.93,48.03
417,2026-08-03 13:23:22.183,11.097,-0.01,0.07,1.0,-56.46,2.93,48.03
418,2026-08-03 13:23:22.185,11.099,0.03,0.04,0.82,-46.02,-10.25,42.36
419,2026-08-03 13:23:22.186,11.1,0.07,0.01,0.7,-33.75,-11.54,40.04
420,2026-08-03 13:23:22.186,11.1,0.08,-0.04,0.68,-22.58,-0.61,40.71
421,2026-08-03 13:23:22.186,11.1,0.06,-0.07,0.77,-15.93,21.06,39.86
422,2026-08-03 13:23:22.231,11.145,0.06,-0.07,0.77,-15.93,21.06,39.86
423,2026-08-03 13:23:22.232,11.146,0.04,-0.08,0.93,-10.13,41.02,34.48
424,2026-08-03 13:23:22.290,11.204,0.04,-0.08,0.93,-10.13,41.02,34.48
425,2026-08-03 13:23:22.291,11.205,0.05,-0.08,1.02,0.12,45.65,29.11
426,2026-08-03 13:23:22.291,11.205,0.05,-0.08,1.02,10.8,39.37,27.22
427,2026-08-03 13:23:22.354,11.268,0.07,-0.1,1.0,10.8,39.37,27.22
428,2026-08-03 13:23:22.355,11.269,0.08,-0.12,0.95,15.69,35.03,26.86
429,2026-08-03 13:23:22.411,11.325,0.08,-0.12,0.95,15.69,35.03,26.86
430,2026-08-03 13:23:22.530,11.444,0.05,-0.08,0.99,18.01,36.13,26.67
431,2026-08-03 13:23:22.531,11.445,0.05,-0.08,0.99,18.01,36.13,26.67
432,2026-08-03 13:23:22.531,11.445,-0.02,-0.0,1.11,20.26,42.11,28.08
433,2026-08-03 13:23:22.533,11.447,-0.02,-0.0,1.11,20.26,42.11,28.08
434,2026-08-03 13:23:22.534,11.448,-0.1,0.03,1.17,27.34,42.36,34.42
435,2026-08-03 13:23:22.534,11.448,-0.13,0.03,1.1,48.58,21.0,44.92
436,2026-08-03 13:23:22.591,11.505,-0.05,0.17,1.03,70.31,-10.93,52.73
437,2026-08-03 13:23:22.650,11.564,-0.05,0.17,1.03,70.31,-10.93,52.73
438,2026-08-03 13:23:22.651,11.565,0.02,0.44,1.1,60.06,-20.69,64.09
439,2026-08-03 13:23:22.651,11.565,-0.03,0.59,1.23,6.59,2.62,92.96
440,2026-08-03 13:23:22.652,11.566,-0.03,0.59,1.23,-57.19,25.27,132.32
441,2026-08-03 13:23:22.712,11.626,-0.15,0.6,1.2,-57.19,25.27,132.32
442,2026-08-03 13:23:22.712,11.626,-0.24,0.6,1.09,-100.28,26.0,163.02
443,2026-08-03 13:23:22.776,11.69,-0.24,0.6,1.09,-100.28,26.0,163.02
444,2026-08-03 13:23:22.776,11.69,-0.28,0.56,1.01,-120.54,18.68,179.93
445,2026-08-03 13:23:22.777,11.691,-0.28,0.56,1.01,-120.54,18.68,179.93
446,2026-08-03 13:23:22.833,11.747,-0.21,0.43,0.93,-114.2,4.03,186.83
447,2026-08-03 13:23:22.833,11.747,-0.07,0.27,0.9,-88.68,-16.3,187.19
448,2026-08-03 13:23:22.891,11.805,-0.07,0.27,0.9,-88.68,-16.3,187.19
449,2026-08-03 13:23:22.893,11.807,0.03,0.23,1.0,-76.78,-21.73,177.98
450,2026-08-03 13:23:22.896,11.81,0.03,0.23,1.0,-76.78,-21.73,177.98
451,2026-08-03 13:23:22.952,11.866,0.03,0.32,1.18,-92.29,-8.42,160.1
452,2026-08-03 13:23:22.953,11.867,0.03,0.32,1.18,-92.29,-8.42,160.1
453,2026-08-03 13:23:23.010,11.924,-0.1,0.43,1.32,-110.96,-2.56,145.2
454,2026-08-03 13:23:23.011,11.925,-0.26,0.49,1.24,-114.14,-20.87,136.17
455,2026-08-03 13:23:23.013,11.927,-0.26,0.49,1.24,-114.14,-20.87,136.17
456,2026-08-03 13:23:23.070,11.984,-0.32,0.45,0.92,-98.33,-51.39,130.55
457,2026-08-03 13:23:23.071,11.985,-0.32,0.45,0.92,-98.33,-51.39,130.55
458,2026-08-03 13:23:23.071,11.985,-0.32,0.35,0.62,-71.17,-61.83,126.1
459,2026-08-03 13:23:23.131,12.045,-0.32,0.35,0.62,-71.17,-61.83,126.1
460,2026-08-03 13:23:23.132,12.046,-0.35,0.35,0.59,-49.44,-32.53,116.94
461,2026-08-03 13:23:23.190,12.104,-0.47,0.42,0.73,-39.86,14.4,107.3
462,2026-08-03 13:23:23.191,12.105,-0.47,0.42,0.73,-39.86,14.4,107.3
463,2026-08-03 13:23:23.191,12.105,-0.61,0.37,0.74,-38.09,41.69,108.76
464,2026-08-03 13:23:23.255,12.169,-0.61,0.37,0.74,-38.09,41.69,108.76
465,2026-08-03 13:23:23.255,12.169,-0.66,0.09,0.56,-31.25,32.65,117.37
466,2026-08-03 13:23:23.256,12.17,-0.66,0.09,0.56,-31.25,32.65,117.37
467,2026-08-03 13:23:23.310,12.224,-0.55,-0.37,0.4,1.28,-1.22,117.68
468,2026-08-03 13:23:23.311,12.225,-0.55,-0.37,0.4,54.93,-31.31,96.13
469,2026-08-03 13:23:23.371,12.285,-0.35,-0.69,0.5,54.93,-31.31,96.13
470,2026-08-03 13:23:23.371,12.285,-0.15,-0.6,0.87,81.73,-37.78,53.28
471,2026-08-03 13:23:23.372,12.286,-0.15,-0.6,0.87,81.73,-37.78,53.28
472,2026-08-03 13:23:23.431,12.345,-0.07,-0.28,1.18,54.63,-29.3,21.0
473,2026-08-03 13:23:23.490,12.404,-0.15,-0.07,1.19,8.06,-23.5,25.76
474,2026-08-03 13:23:23.491,12.405,-0.15,-0.07,1.19,8.06,-23.5,25.76
475,2026-08-03 13:23:23.491,12.405,-0.25,0.01,0.97,-18.98,-26.31,50.29
476,2026-08-03 13:23:23.553,12.467,-0.3,0.06,0.81,-19.23,-29.79,69.89
477,2026-08-03 13:23:23.682,12.596,-0.33,0.11,0.81,-7.08,-21.91,78.49
478,2026-08-03 13:23:23.682,12.596,-0.36,0.13,0.9,-0.73,-0.43,78.55
479,2026-08-03 13:23:23.683,12.597,-0.36,0.13,0.9,-0.73,-0.43,78.55
480,2026-08-03 13:23:23.790,12.704,-0.39,0.12,1.0,-2.2,22.09,75.81
481,2026-08-03 13:23:23.792,12.706,-0.39,0.12,1.0,-2.2,22.09,75.81
482,2026-08-03 13:23:23.793,12.707,-0.39,0.08,1.03,-1.04,28.99,72.02
483,2026-08-03 13:23:23.793,12.707,-0.36,0.04,1.0,6.53,17.46,66.28
484,2026-08-03 13:23:23.795,12.709,-0.3,0.02,0.94,14.77,-2.2,60.73
485,2026-08-03 13:23:23.796,12.71,-0.3,0.02,0.94,14.77,-2.2,60.73
486,2026-08-03 13:23:23.797,12.711,-0.25,0.02,0.91,18.98,-19.1,57.07
487,2026-08-03 13:23:23.850,12.764,-0.25,0.02,0.91,18.98,-19.1,57.07
488,2026-08-03 13:23:23.851,12.765,-0.22,0.03,0.91,14.71,-24.35,55.18
489,2026-08-03 13:23:23.911,12.825,-0.22,0.03,0.91,14.71,-24.35,55.18
490,2026-08-03 13:23:23.912,12.826,-0.22,0.03,0.91,14.71,-24.35,55.18
491,2026-08-03 13:23:23.913,12.827,-0.22,0.03,0.91,14.71,-24.35,55.18
492,2026-08-03 13:23:23.976,12.89,-0.23,0.05,0.95,-0.98,-14.1,52.73
493,2026-08-03 13:23:23.976,12.89,-0.23,0.05,0.95,-4.64,-7.51,49.01
494,2026-08-03 13:23:23.977,12.891,-0.28,0.09,0.98,-4.64,-7.51,49.01
495,2026-08-03 13:23:24.031,12.945,-0.33,0.14,1.01,-11.72,1.89,41.02
496,2026-08-03 13:23:24.033,12.947,-0.37,0.16,0.99,-16.36,9.89,30.88
497,2026-08-03 13:23:24.091,13.005,-0.37,0.16,0.99,-16.36,9.89,30.88
498,2026-08-03 13:23:24.092,13.006,-0.42,0.15,0.99,-18.07,17.15,20.32
499,2026-08-03 13:23:24.153,13.067,-0.42,0.15,0.99,-18.07,17.15,20.32
500,2026-08-03 13:23:24.153,13.067,-0.46,0.13,0.99,-22.09,21.18,8.79
501,2026-08-03 13:23:24.153,13.067,-0.46,0.13,0.99,-23.38,13.37,-0.98
502,2026-08-03 13:23:24.211,13.125,-0.46,0.1,0.95,-23.38,13.37,-0.98
503,2026-08-03 13:23:24.211,13.125,-0.43,0.07,0.9,-20.2,-0.61,-7.69
504,2026-08-03 13:23:24.271,13.185,-0.43,0.07,0.9,-20.2,-0.61,-7.69
505,2026-08-03 13:23:24.271,13.185,-0.39,0.02,0.9,-19.96,-7.2,-12.88
506,2026-08-03 13:23:24.272,13.186,-0.39,0.02,0.9,-19.96,-7.2,-12.88
507,2026-08-03 13:23:24.334,13.248,-0.36,-0.04,0.95,-25.09,-4.76,-18.31
508,2026-08-03 13:23:24.335,13.249,-0.35,-0.1,1.0,-31.07,-1.04,-26.73
509,2026-08-03 13:23:24.391,13.305,-0.33,-0.12,1.03,-33.57,0.37,-39.18
510,2026-08-03 13:23:24.392,13.306,-0.33,-0.12,1.03,-33.57,0.37,-39.18
511,2026-08-03 13:23:24.510,13.424,-0.32,-0.13,1.04,-32.29,3.36,-52.49
512,2026-08-03 13:23:24.511,13.425,-0.33,-0.14,1.08,-24.54,8.0,-63.96
513,2026-08-03 13:23:24.511,13.425,-0.33,-0.14,1.08,-3.91,4.27,-71.96
514,2026-08-03 13:23:24.511,13.425,-0.3,-0.11,1.11,-3.91,4.27,-71.96
515,2026-08-03 13:23:24.512,13.426,-0.22,-0.09,1.04,21.97,-12.02,-70.31
516,2026-08-03 13:23:24.574,13.488,-0.22,-0.09,1.04,21.97,-12.02,-70.31
517,2026-08-03 13:23:24.574,13.488,-0.16,-0.15,0.9,32.17,-29.36,-54.57
518,2026-08-03 13:23:24.630,13.544,-0.16,-0.15,0.9,32.17,-29.36,-54.57
519,2026-08-03 13:23:24.631,13.545,-0.14,-0.28,0.8,24.05,-38.09,-35.58
520,2026-08-03 13:23:24.632,13.546,-0.14,-0.28,0.8,24.05,-38.09,-35.58
521,2026-08-03 13:23:24.697,13.611,-0.12,-0.36,0.83,12.7,-41.08,-31.86
522,2026-08-03 13:23:24.697,13.611,-0.03,-0.33,0.93,11.66,-44.68,-46.08
523,2026-08-03 13:23:24.751,13.665,0.09,-0.19,1.04,20.69,-49.01,-64.27
524,2026-08-03 13:23:24.752,13.666,0.09,-0.19,1.04,20.69,-49.01,-64.27
525,2026-08-03 13:23:24.813,13.727,0.19,-0.06,1.09,22.89,-47.49,-69.89
526,2026-08-03 13:23:24.813,13.727,0.24,-0.05,1.03,13.49,-41.38,-52.92
527,2026-08-03 13:23:24.870,13.784,0.23,-0.17,0.95,0.31,-31.37,-20.32
528,2026-08-03 13:23:24.871,13.785,0.23,-0.17,0.95,0.31,-31.37,-20.32
529,2026-08-03 13:23:24.931,13.845,0.17,-0.27,0.93,-15.93,-13.37,6.35
530,2026-08-03 13:23:24.932,13.846,0.17,-0.27,0.93,-15.93,-13.37,6.35
531,2026-08-03 13:23:24.933,13.847,0.11,-0.24,0.96,-28.26,3.78,13.43
532,2026-08-03 13:23:24.990,13.904,0.11,-0.24,0.96,-28.26,3.78,13.43
533,2026-08-03 13:23:24.991,13.905,0.11,-0.14,0.95,-30.21,10.56,8.67
534,2026-08-03 13:23:24.997,13.911,0.11,-0.14,0.95,-30.21,10.56,8.67
535,2026-08-03 13:23:25.050,13.964,0.1,-0.08,0.88,-26.0,9.28,7.39
536,2026-08-03 13:23:25.051,13.965,0.1,-0.08,0.83,-18.68,4.33,10.56
537,2026-08-03 13:23:25.112,14.026,0.1,-0.07,0.82,-9.83,-1.04,12.94
538,2026-08-03 13:23:25.171,14.085,0.12,-0.05,0.84,-1.22,-4.33,15.62
539,2026-08-03 13:23:25.172,14.086,0.1,-0.03,0.89,6.16,-4.94,20.81
540,2026-08-03 13:23:25.232,14.146,0.1,-0.03,0.89,6.16,-4.94,20.81
541,2026-08-03 13:23:25.232,14.146,0.05,-0.03,0.95,10.56,-3.54,28.26
542,2026-08-03 13:23:25.290,14.204,0.05,-0.03,0.95,10.56,-3.54,28.26
543,2026-08-03 13:23:25.291,14.205,0.05,-0.03,0.95,10.56,-3.54,28.26
544,2026-08-03 13:23:25.291,14.205,-0.07,-0.13,0.99,13.31,-4.52,36.8
545,2026-08-03 13:23:25.358,14.272,-0.1,-0.18,0.96,17.03,-7.93,34.18
546,2026-08-03 13:23:25.419,14.333,-0.09,-0.21,0.93,23.25,-9.46,27.34
547,2026-08-03 13:23:25.419,14.333,-0.07,-0.22,0.94,29.85,-7.63,18.92
548,2026-08-03 13:23:25.531,14.445,-0.07,-0.22,0.94,29.85,-7.63,18.92
549,2026-08-03 13:23:25.533,14.447,-0.05,-0.2,0.96,33.26,-2.69,10.56
550,2026-08-03 13:23:25.534,14.448,-0.05,-0.2,0.96,33.26,-2.69,10.56
551,2026-08-03 13:23:25.536,14.45,-0.01,-0.16,0.97,33.63,2.56,2.08
552,2026-08-03 13:23:25.536,14.45,0.01,-0.09,0.99,33.75,6.71,-5.07
553,2026-08-03 13:23:25.590,14.504,0.01,-0.09,0.99,33.75,6.71,-5.07
554,2026-08-03 13:23:25.591,14.505,0.02,-0.02,1.0,33.51,9.28,-8.12
555,2026-08-03 13:23:25.594,14.508,0.02,-0.02,1.0,33.51,9.28,-8.12
556,2026-08-03 13:23:25.654,14.568,0.03,0.01,0.97,33.14,8.61,-6.35
557,2026-08-03 13:23:25.655,14.569,0.03,0.01,0.97,33.14,8.61,-6.35
558,2026-08-03 13:23:25.656,14.57,0.05,0.01,0.92,33.51,6.29,-1.65
559,2026-08-03 13:23:25.772,14.686,0.05,0.01,0.92,33.51,6.29,-1.65
560,2026-08-03 13:23:25.773,14.687,0.07,0.02,0.9,35.22,5.07,4.21
561,2026-08-03 13:23:25.774,14.688,0.07,0.04,0.95,37.48,6.53,10.62
562,2026-08-03 13:23:25.774,14.688,0.04,0.06,1.05,36.07,11.66,16.3
563,2026-08-03 13:23:25.837,14.751,0.04,0.06,1.05,36.07,11.66,16.3
564,2026-08-03 13:23:25.837,14.751,-0.02,0.08,1.15,29.72,16.66,19.78
565,2026-08-03 13:23:25.890,14.804,-0.08,0.09,1.18,22.46,15.44,20.57
566,2026-08-03 13:23:25.891,14.805,-0.08,0.09,1.18,22.46,15.44,20.57
567,2026-08-03 13:23:25.953,14.867,-0.11,0.1,1.13,17.7,9.09,18.37
568,2026-08-03 13:23:25.954,14.868,-0.15,0.12,1.08,15.32,3.85,13.92
569,2026-08-03 13:23:26.018,14.932,-0.21,0.14,1.06,13.43,2.87,8.61
570,2026-08-03 13:23:26.018,14.932,-0.27,0.16,1.02,13.0,3.23,0.0
571,2026-08-03 13:23:26.071,14.985,-0.27,0.16,1.02,13.0,3.23,0.0
572,2026-08-03 13:23:26.071,14.985,-0.31,0.19,0.99,16.42,2.14,-14.28
573,2026-08-03 13:23:26.072,14.986,-0.31,0.19,0.99,16.42,2.14,-14.28
574,2026-08-03 13:23:26.132,15.046,-0.32,0.25,1.03,19.41,2.14,-31.62
575,2026-08-03 13:23:26.132,15.046,-0.34,0.3,1.13,17.21,2.5,-46.45
576,2026-08-03 13:23:26.190,15.104,-0.34,0.3,1.13,17.21,2.5,-46.45
577,2026-08-03 13:23:26.191,15.105,-0.38,0.33,1.26,14.1,-3.23,-54.02
578,2026-08-03 13:23:26.262,15.176,-0.42,0.3,1.3,12.94,-14.47,-53.96
579,2026-08-03 13:23:26.263,15.177,-0.42,0.3,1.3,12.94,-14.47,-53.96
580,2026-08-03 13:23:26.311,15.225,-0.46,0.22,1.21,7.26,-23.25,-51.76
581,2026-08-03 13:23:26.313,15.227,-0.5,0.11,1.09,-4.52,-27.34,-55.91
582,2026-08-03 13:23:26.432,15.346,-0.52,0.05,0.96,-15.75,-32.65,-71.17
583,2026-08-03 13:23:26.433,15.347,-0.52,0.05,0.96,-15.75,-32.65,-71.17
584,2026-08-03 13:23:26.433,15.347,-0.48,0.05,0.78,-20.2,-44.8,-95.09
585,2026-08-03 13:23:26.434,15.348,-0.48,0.05,0.78,-20.2,-44.8,-95.09
586,2026-08-03 13:23:26.434,15.348,-0.38,0.12,0.57,-17.76,-57.92,-122.13
587,2026-08-03 13:23:26.491,15.405,-0.26,0.25,0.49,-16.6,-53.83,-148.74
588,2026-08-03 13:23:26.492,15.406,-0.14,0.42,0.61,-21.91,-25.39,-170.41
589,2026-08-03 13:23:26.551,15.465,-0.14,0.42,0.61,-21.91,-25.39,-170.41
590,2026-08-03 13:23:26.553,15.467,-0.05,0.54,0.88,-29.42,11.47,-180.11
591,2026-08-03 13:23:26.671,15.585,-0.02,0.56,1.14,-33.94,36.01,-175.29
592,2026-08-03 13:23:26.671,15.585,-0.01,0.49,1.2,-30.33,35.89,-160.22
593,2026-08-03 13:23:26.672,15.586,-0.01,0.49,1.2,-30.33,35.89,-160.22
594,2026-08-03 13:23:26.674,15.588,0.01,0.38,1.09,-19.1,17.21,-143.13
595,2026-08-03 13:23:26.677,15.591,0.01,0.38,1.09,-19.1,17.21,-143.13
596,2026-08-03 13:23:26.733,15.647,0.02,0.28,0.93,-8.36,-1.53,-130.92
597,2026-08-03 13:23:26.792,15.706,0.02,0.21,0.8,-2.14,-9.46,-124.63
598,2026-08-03 13:23:26.792,15.706,0.02,0.21,0.8,1.04,-5.92,-121.4
599,2026-08-03 13:23:26.793,15.707,0.03,0.16,0.76,1.04,-5.92,-121.4
600,2026-08-03 13:23:26.851,15.765,0.05,0.16,0.82,4.21,2.26,-117.25
601,2026-08-03 13:23:26.852,15.766,0.05,0.16,0.82,4.21,2.26,-117.25
602,2026-08-03 13:23:26.852,15.766,0.08,0.17,0.93,5.62,8.97,-107.24
603,2026-08-03 13:23:26.912,15.826,0.08,0.17,0.93,5.62,8.97,-107.24
604,2026-08-03 13:23:26.912,15.826,0.06,0.15,1.07,-0.85,15.62,-90.15
605,2026-08-03 13:23:26.971,15.885,0.06,0.15,1.07,-0.85,15.62,-90.15
606,2026-08-03 13:23:26.971,15.885,0.02,0.09,1.15,-11.11,19.78,-71.78
607,2026-08-03 13:23:26.972,15.886,0.02,0.09,1.15,-14.1,15.44,-57.74
608,2026-08-03 13:23:27.032,15.946,0.02,0.03,1.09,-14.1,15.44,-57.74
609,2026-08-03 13:23:27.033,15.947,0.05,-0.02,0.97,-9.28,9.4,-49.5
610,2026-08-03 13:23:27.091,16.005,0.05,-0.04,0.88,-3.36,11.35,-45.84
611,2026-08-03 13:23:27.092,16.006,0.05,-0.04,0.88,-3.36,11.35,-45.84
612,2026-08-03 13:23:27.153,16.067,0.01,-0.05,0.88,1.34,23.07,-43.95
613,2026-08-03 13:23:27.154,16.068,0.01,-0.05,0.88,1.34,23.07,-43.95
614,2026-08-03 13:23:27.154,16.068,-0.11,-0.05,1.05,2.2,45.72,-42.91
615,2026-08-03 13:23:27.271,16.185,-0.24,-0.04,1.26,-3.11,68.6,-44.25
616,2026-08-03 13:23:27.272,16.186,-0.24,-0.04,1.26,-3.11,68.6,-44.25
617,2026-08-03 13:23:27.273,16.187,-0.3,-0.03,1.26,-5.43,61.83,-39.98
618,2026-08-03 13:23:27.273,16.187,-0.32,-0.06,0.99,-7.87,23.38,-18.49
619,2026-08-03 13:23:27.275,16.189,-0.32,-0.06,0.99,-7.87,23.38,-18.49
620,2026-08-03 13:23:27.330,16.244,-0.41,-0.2,0.7,-27.34,-8.54,10.07
621,2026-08-03 13:23:27.333,16.247,-0.41,-0.2,0.7,-27.34,-8.54,10.07
622,2026-08-03 13:23:27.390,16.304,-0.54,-0.38,0.64,-35.22,-22.95,18.74
623,2026-08-03 13:23:27.451,16.365,-0.52,-0.38,0.76,13.18,-49.13,-5.98
624,2026-08-03 13:23:27.451,16.365,-0.26,-0.18,0.78,82.21,-80.44,-46.2
625,2026-08-03 13:23:27.511,16.425,-0.26,-0.18,0.78,82.21,-80.44,-46.2
626,2026-08-03 13:23:27.511,16.425,0.05,-0.02,0.72,101.07,-76.72,-70.37
627,2026-08-03 13:23:27.512,16.426,0.05,-0.02,0.72,101.07,-76.72,-70.37
628,2026-08-03 13:23:27.570,16.484,0.2,-0.01,0.72,68.18,-39.98,-66.65
629,2026-08-03 13:23:27.570,16.484,0.22,-0.05,0.79,29.72,-4.33,-48.58
630,2026-08-03 13:23:27.571,16.485,0.22,-0.05,0.79,29.72,-4.33,-48.58
631,2026-08-03 13:23:27.631,16.545,0.21,-0.03,0.91,13.85,12.88,-29.85
632,2026-08-03 13:23:27.632,16.546,0.21,-0.03,0.91,13.85,12.88,-29.85
633,2026-08-03 13:23:27.633,16.547,0.2,0.03,1.04,14.65,15.81,-10.93
634,2026-08-03 13:23:27.698,16.612,0.2,0.03,1.04,14.65,15.81,-10.93
635,2026-08-03 13:23:27.750,16.664,0.16,0.08,1.13,14.47,12.27,12.51
636,2026-08-03 13:23:27.751,16.665,0.16,0.08,1.13,14.47,12.27,12.51
637,2026-08-03 13:23:27.752,16.666,0.08,0.09,1.17,6.04,7.14,39.67
638,2026-08-03 13:23:27.752,16.666,-0.03,0.07,1.21,-7.51,5.8,62.32
639,2026-08-03 13:23:27.753,16.667,-0.03,0.07,1.21,-7.51,5.8,62.32
640,2026-08-03 13:23:27.810,16.724,-0.14,0.05,1.29,-19.47,10.01,72.69
641,2026-08-03 13:23:27.811,16.725,-0.14,0.05,1.29,-19.47,10.01,72.69
642,2026-08-03 13:23:27.870,16.784,-0.24,0.06,1.37,-26.86,16.24,70.74
643,2026-08-03 13:23:27.870,16.784,-0.25,0.08,1.27,-27.89,11.9,63.42
644,2026-08-03 13:23:27.930,16.844,-0.25,0.08,1.27,-27.89,11.9,63.42
645,2026-08-03 13:23:27.931,16.845,-0.16,0.11,0.98,-20.02,-11.78,62.01
646,2026-08-03 13:23:28.051,16.965,-0.12,0.1,0.74,-18.19,-30.94,67.57
647,2026-08-03 13:23:28.110,17.024,-0.12,0.1,0.74,-18.19,-30.94,67.57
648,2026-08-03 13:23:28.111,17.025,-0.19,0.09,0.8,-36.01,-19.65,66.83
649,2026-08-03 13:23:28.112,17.026,-0.3,0.09,1.05,-56.82,4.64,50.48
650,2026-08-03 13:23:28.112,17.026,-0.3,0.12,1.15,-56.76,5.8,26.37
651,2026-08-03 13:23:28.113,17.027,-0.21,0.13,1.0,-37.66,-19.65,8.48
652,2026-08-03 13:23:28.170,17.084,-0.13,0.12,0.83,-22.52,-41.02,-0.67
653,2026-08-03 13:23:28.171,17.085,-0.13,0.12,0.83,-22.52,-41.02,-0.67
654,2026-08-03 13:23:28.291,17.205,-0.1,0.1,0.78,-19.47,-41.2,-6.65
655,2026-08-03 13:23:28.292,17.206,-0.1,0.1,0.78,-19.47,-41.2,-6.65
656,2026-08-03 13:23:28.292,17.206,-0.09,0.07,0.79,-17.15,-29.79,-12.15
657,2026-08-03 13:23:28.292,17.206,-0.06,0.02,0.75,-7.08,-18.98,-15.75
658,2026-08-03 13:23:28.293,17.207,-0.06,0.02,0.75,-7.08,-18.98,-15.75
659,2026-08-03 13:23:28.364,17.278,-0.03,-0.02,0.71,9.58,-10.5,-17.46
660,2026-08-03 13:23:28.365,17.279,-0.03,-0.02,0.71,9.58,-10.5,-17.46
661,2026-08-03 13:23:28.365,17.279,-0.01,-0.05,0.7,24.48,1.04,-19.23
662,2026-08-03 13:23:28.474,17.388,-0.01,-0.05,0.7,24.48,1.04,-19.23
663,2026-08-03 13:23:28.474,17.388,-0.01,-0.08,0.75,33.87,17.94,-22.64
664,2026-08-03 13:23:28.474,17.388,-0.01,-0.08,0.75,39.73,37.17,-29.36
665,2026-08-03 13:23:28.474,17.388,-0.04,-0.07,0.88,39.73,37.17,-29.36
666,2026-08-03 13:23:28.475,17.389,-0.07,-0.05,1.06,42.6,53.1,-38.27
667,2026-08-03 13:23:28.535,17.449,-0.07,-0.05,1.06,42.6,53.1,-38.27
668,2026-08-03 13:23:28.536,17.45,-0.09,-0.05,1.16,43.88,60.49,-45.78
669,2026-08-03 13:23:28.719,17.633,-0.11,-0.06,1.22,46.69,60.55,-51.27
670,2026-08-03 13:23:28.719,17.633,-0.17,-0.05,1.35,51.09,57.92,-57.56
671,2026-08-03 13:23:28.719,17.633,-0.2,0.01,1.44,57.62,43.64,-65.92
672,2026-08-03 13:23:28.720,17.634,-0.2,0.01,1.44,57.62,43.64,-65.92
673,2026-08-03 13:23:28.720,17.634,-0.14,0.1,1.33,60.85,11.41,-70.56
674,2026-08-03 13:23:28.720,17.634,-0.07,0.16,1.08,47.24,-21.42,-62.32
675,2026-08-03 13:23:28.770,17.684,-0.07,0.16,1.08,47.24,-21.42,-62.32
676,2026-08-03 13:23:28.771,17.685,-0.05,0.17,0.87,13.06,-32.41,-42.97
677,2026-08-03 13:23:28.833,17.747,-0.05,0.17,0.87,-24.6,-19.59,-22.22
678,2026-08-03 13:23:28.833,17.747,-0.09,0.13,0.78,-24.6,-19.59,-22.22
679,2026-08-03 13:23:28.833,17.747,-0.11,0.11,0.82,-41.69,-0.43,-5.74
680,2026-08-03 13:23:28.890,17.804,-0.11,0.11,0.82,-41.69,-0.43,-5.74
681,2026-08-03 13:23:28.891,17.805,-0.1,0.12,0.91,-35.4,11.35,6.16
682,2026-08-03 13:23:28.892,17.806,-0.1,0.12,0.91,-35.4,11.35,6.16
683,2026-08-03 13:23:28.951,17.865,-0.05,0.14,0.95,-21.42,14.4,18.13
684,2026-08-03 13:23:28.952,17.866,-0.05,0.14,0.95,-21.42,14.4,18.13
685,2026-08-03 13:23:29.071,17.985,-0.01,0.13,0.93,-11.72,13.24,34.06
686,2026-08-03 13:23:29.071,17.985,-0.01,0.11,0.89,-9.58,12.45,52.06
687,2026-08-03 13:23:29.072,17.986,-0.01,0.11,0.89,-9.58,12.45,52.06
688,2026-08-03 13:23:29.072,17.986,-0.05,0.09,0.87,-12.39,12.33,67.08
689,2026-08-03 13:23:29.072,17.986,-0.11,0.08,0.87,-15.69,10.86,76.78
690,2026-08-03 13:23:29.131,18.045,-0.11,0.08,0.87,-15.69,10.86,76.78
691,2026-08-03 13:23:29.132,18.046,-0.18,0.05,0.91,-18.07,6.84,82.21
692,2026-08-03 13:23:29.198,18.112,-0.23,0.02,0.94,-17.64,-1.4,83.37
693,2026-08-03 13:23:29.198,18.112,-0.27,0.02,1.0,-13.79,-10.01,79.16
694,2026-08-03 13:23:29.252,18.166,-0.27,0.02,1.0,-13.79,-10.01,79.16
695,2026-08-03 13:23:29.252,18.166,-0.28,0.01,1.06,-7.51,-14.04,71.9
696,2026-08-03 13:23:29.317,18.231,-0.26,0.02,1.13,3.85,-14.22,66.1
697,2026-08-03 13:23:29.318,18.232,-0.26,0.02,1.13,3.85,-14.22,66.1
698,2026-08-03 13:23:29.371,18.285,-0.27,0.11,1.27,12.02,-7.93,61.22
699,2026-08-03 13:23:29.371,18.285,-0.26,0.22,1.26,4.27,-1.46,58.53
700,2026-08-03 13:23:29.430,18.344,-0.23,0.23,1.03,-16.54,-3.23,64.88
701,2026-08-03 13:23:29.431,18.345,-0.23,0.23,1.03,-16.54,-3.23,64.88
702,2026-08-03 13:23:29.431,18.345,-0.28,0.17,0.85,-42.79,-2.01,73.61
703,2026-08-03 13:23:29.498,18.412,-0.28,0.17,0.85,-42.79,-2.01,73.61
704,2026-08-03 13:23:29.498,18.412,-0.37,0.15,0.91,-66.41,10.44,67.32
705,2026-08-03 13:23:29.552,18.466,-0.45,0.16,1.05,-79.9,24.41,45.04
706,2026-08-03 13:23:29.552,18.466,-0.45,0.16,1.05,-75.32,21.0,20.26
707,2026-08-03 13:23:29.612,18.526,-0.44,0.14,1.02,-75.32,21.0,20.26
708,2026-08-03 13:23:29.613,18.527,-0.36,0.09,0.81,-51.09,-3.3,2.44
709,2026-08-03 13:23:29.672,18.586,-0.28,0.05,0.61,-23.68,-25.09,-8.85
710,2026-08-03 13:23:29.730,18.644,-0.24,0.03,0.54,-6.16,-26.73,-18.07
711,2026-08-03 13:23:29.791,18.705,-0.24,0.03,0.54,-6.16,-26.73,-18.07
712,2026-08-03 13:23:29.792,18.706,-0.26,0.03,0.61,6.23,-12.33,-26.49
713,2026-08-03 13:23:29.792,18.706,-0.28,0.03,0.73,19.96,5.74,-34.48
714,2026-08-03 13:23:29.792,18.706,-0.27,0.03,0.81,34.55,18.49,-41.99
715,2026-08-03 13:23:29.852,18.766,-0.27,0.03,0.81,34.55,18.49,-41.99
716,2026-08-03 13:23:29.853,18.767,-0.24,0.03,0.86,45.72,27.53,-47.42
717,2026-08-03 13:23:29.916,18.83,-0.23,0.02,0.94,48.95,39.98,-51.27
718,2026-08-03 13:23:29.916,18.83,-0.23,0.02,0.94,44.13,56.64,-55.3
719,2026-08-03 13:23:29.971,18.885,-0.26,-0.01,1.08,44.13,56.64,-55.3
720,2026-08-03 13:23:29.971,18.885,-0.33,-0.05,1.26,42.91,67.63,-60.85
721,2026-08-03 13:23:29.972,18.886,-0.33,-0.05,1.26,42.91,67.63,-60.85
722,2026-08-03 13:23:30.031,18.945,-0.35,-0.03,1.43,56.7,61.58,-71.84
723,2026-08-03 13:23:30.161,19.075,-0.22,0.06,1.46,75.38,31.98,-83.8
724,2026-08-03 13:23:30.163,19.077,-0.22,0.06,1.46,75.38,31.98,-83.8
725,2026-08-03 13:23:30.163,19.077,0.0,0.15,1.21,78.86,-16.85,-77.27
726,2026-08-03 13:23:30.163,19.077,0.16,0.2,0.86,52.86,-52.25,-41.2
727,2026-08-03 13:23:30.165,19.079,0.16,0.2,0.86,52.86,-52.25,-41.2
728,2026-08-03 13:23:30.165,19.079,0.08,0.21,0.73,-3.42,-35.4,11.05
729,2026-08-03 13:23:30.212,19.126,0.08,0.21,0.73,-3.42,-35.4,11.05
730,2026-08-03 13:23:30.212,19.126,-0.19,0.2,0.87,-63.66,23.44,58.53
731,2026-08-03 13:23:30.270,19.184,-0.19,0.2,0.87,-63.66,23.44,58.53
732,2026-08-03 13:23:30.271,19.185,-0.39,0.16,1.0,-92.71,68.36,89.23
733,2026-08-03 13:23:30.331,19.245,-0.39,0.13,0.9,-77.03,59.2,105.53
734,2026-08-03 13:23:30.332,19.246,-0.3,0.13,0.71,-41.93,20.2,115.66
735,2026-08-03 13:23:30.390,19.304,-0.3,0.13,0.71,-41.93,20.2,115.66
736,2026-08-03 13:23:30.391,19.305,-0.26,0.13,0.66,-23.99,0.31,121.89
737,2026-08-03 13:23:30.391,19.305,-0.28,0.15,0.74,-23.32,3.72,123.54
738,2026-08-03 13:23:30.452,19.366,-0.28,0.15,0.74,-23.32,3.72,123.54
739,2026-08-03 13:23:30.453,19.367,-0.3,0.2,0.83,-21.97,5.07,122.99
740,2026-08-03 13:23:30.510,19.424,-0.3,0.2,0.83,-21.97,5.07,122.99
741,2026-08-03 13:23:30.511,19.425,-0.31,0.27,0.84,-16.6,-3.42,125.37
742,2026-08-03 13:23:30.512,19.426,-0.31,0.27,0.84,-16.6,-3.42,125.37
743,2026-08-03 13:23:30.634,19.548,-0.33,0.33,0.86,-12.27,-8.48,131.65
744,2026-08-03 13:23:30.634,19.548,-0.33,0.33,0.86,-9.52,-3.97,137.15
745,2026-08-03 13:23:30.634,19.548,-0.35,0.38,0.89,-9.52,-3.97,137.15
746,2026-08-03 13:23:30.635,19.549,-0.31,0.43,0.86,-5.8,-1.46,139.65
747,2026-08-03 13:23:30.691,19.605,-0.27,0.49,0.76,-4.52,-3.17,142.09
748,2026-08-03 13:23:30.694,19.608,-0.27,0.49,0.76,-4.52,-3.17,142.09
749,2026-08-03 13:23:30.694,19.608,-0.32,0.5,0.75,-15.26,6.84,141.97
750,2026-08-03 13:23:30.752,19.666,-0.32,0.5,0.75,-15.26,6.84,141.97
751,2026-08-03 13:23:30.753,19.667,-0.44,0.48,0.94,-33.08,29.54,125.37
752,2026-08-03 13:23:30.810,19.724,-0.52,0.44,1.18,-45.23,43.7,86.49
753,2026-08-03 13:23:30.812,19.726,-0.52,0.44,1.18,-45.23,43.7,86.49
754,2026-08-03 13:23:30.812,19.726,-0.5,0.39,1.16,-38.09,27.59,42.24
755,2026-08-03 13:23:30.933,19.847,-0.5,0.39,1.16,-38.09,27.59,42.24
756,2026-08-03 13:23:30.933,19.847,-0.36,0.34,0.92,-8.36,-11.17,10.93
757,2026-08-03 13:23:30.933,19.847,-0.19,0.33,0.69,22.16,-37.11,-3.36
758,2026-08-03 13:23:30.934,19.848,-0.19,0.33,0.69,22.16,-37.11,-3.36
759,2026-08-03 13:23:30.935,19.849,-0.05,0.35,0.63,35.71,-31.56,-1.89
760,2026-08-03 13:23:30.991,19.905,-0.01,0.36,0.72,29.85,-4.64,13.67
761,2026-08-03 13:23:31.053,19.967,-0.06,0.32,0.82,10.5,25.51,36.5
762,2026-08-03 13:23:31.054,19.968,-0.15,0.3,0.9,-9.77,44.86,54.44
763,2026-08-03 13:23:31.118,20.032,-0.15,0.3,0.9,-9.77,44.86,54.44
764,2026-08-03 13:23:31.119,20.033,-0.19,0.33,0.97,-21.12,48.22,60.97
765,2026-08-03 13:23:31.171,20.085,-0.21,0.38,1.01,-26.18,39.67,60.85
766,2026-08-03 13:23:31.231,20.145,-0.21,0.38,1.01,-26.18,39.67,60.85
767,2026-08-03 13:23:31.231,20.145,-0.27,0.41,1.02,-34.18,28.2,61.89
768,2026-08-03 13:23:31.232,20.146,-0.27,0.41,1.02,-34.18,28.2,61.89
769,2026-08-03 13:23:31.232,20.146,-0.38,0.38,1.0,-47.36,19.41,64.7
770,2026-08-03 13:23:31.233,20.147,-0.38,0.38,1.0,-47.36,19.41,64.7
771,2026-08-03 13:23:31.290,20.204,-0.45,0.3,0.95,-57.01,9.52,64.82
772,2026-08-03 13:23:31.291,20.205,-0.45,0.3,0.95,-57.01,9.52,64.82
773,2026-08-03 13:23:31.291,20.205,-0.46,0.23,0.91,-57.13,-1.89,59.45
774,2026-08-03 13:23:31.595,20.509,-0.43,0.18,0.92,-53.34,-7.93,48.1
775,2026-08-03 13:23:31.596,20.51,-0.43,0.18,0.92,-53.34,-7.93,48.1
776,2026-08-03 13:23:31.596,20.51,-0.37,0.18,0.93,-49.74,-12.27,35.22
777,2026-08-03 13:23:31.596,20.51,-0.32,0.2,0.91,-46.87,-19.29,28.81
778,2026-08-03 13:23:31.597,20.511,-0.32,0.2,0.91,-46.87,-19.29,28.81
779,2026-08-03 13:23:31.597,20.511,-0.3,0.19,0.9,-49.13,-20.39,29.66
780,2026-08-03 13:23:31.598,20.512,-0.3,0.15,0.91,-54.26,-14.95,31.68
781,2026-08-03 13:23:31.598,20.512,-0.29,0.09,0.88,-57.19,-9.16,32.29
782,2026-08-03 13:23:31.598,20.512,-0.34,0.01,0.93,-55.36,1.65,30.52
783,2026-08-03 13:23:31.653,20.567,-0.42,-0.03,1.12,-42.97,18.01,21.97
784,2026-08-03 13:23:31.654,20.568,-0.42,-0.03,1.12,-42.97,18.01,21.97
785,2026-08-03 13:23:31.711,20.625,-0.42,-0.01,1.24,-16.17,20.08,8.73
786,2026-08-03 13:23:31.711,20.625,-0.29,0.03,1.09,13.79,-2.38,1.46
787,2026-08-03 13:23:31.712,20.626,-0.29,0.03,1.09,13.79,-2.38,1.46
788,2026-08-03 13:23:31.772,20.686,-0.13,0.03,0.79,30.94,-31.56,6.47
789,2026-08-03 13:23:31.772,20.686,-0.06,-0.01,0.63,31.07,-44.49,18.49
790,2026-08-03 13:23:31.831,20.745,-0.06,-0.01,0.63,31.07,-44.49,18.49
791,2026-08-03 13:23:31.832,20.746,-0.1,-0.05,0.7,16.78,-31.19,26.73
792,2026-08-03 13:23:31.896,20.81,-0.1,-0.05,0.7,-2.69,-2.69,24.05
793,2026-08-03 13:23:31.897,20.811,-0.21,-0.06,0.95,-2.69,-2.69,24.05
794,2026-08-03 13:23:31.898,20.812,-0.29,-0.05,1.18,-12.63,15.14,12.94
795,2026-08-03 13:23:31.952,20.866,-0.29,-0.05,1.18,-12.63,15.14,12.94
796,2026-08-03 13:23:31.953,20.867,-0.29,-0.03,1.23,-8.61,10.07,1.1
797,2026-08-03 13:23:31.954,20.868,-0.29,-0.03,1.23,-8.61,10.07,1.1
798,2026-08-03 13:23:32.011,20.925,-0.25,-0.01,1.16,-2.5,-4.03,-7.45
799,2026-08-03 13:23:32.012,20.926,-0.25,-0.01,1.16,-2.5,-4.03,-7.45
800,2026-08-03 13:23:32.012,20.926,-0.21,-0.0,1.05,-3.36,-13.73,-12.63
801,2026-08-03 13:23:32.131,21.045,-0.21,-0.0,1.05,-3.36,-13.73,-12.63
802,2026-08-03 13:23:32.131,21.045,-0.18,0.01,0.95,-6.9,-18.92,-15.14
803,2026-08-03 13:23:32.252,21.166,-0.15,0.02,0.89,-8.61,-20.45,-15.5
804,2026-08-03 13:23:32.253,21.167,-0.13,0.03,0.89,-7.57,-18.31,-13.73
805,2026-08-03 13:23:32.253,21.167,-0.13,0.05,0.95,-5.25,-14.47,-10.44
806,2026-08-03 13:23:32.256,21.17,-0.13,0.05,0.95,-5.25,-14.47,-10.44
807,2026-08-03 13:23:32.256,21.17,-0.12,0.05,1.01,-3.48,-12.02,-6.71
808,2026-08-03 13:23:32.257,21.171,-0.12,0.05,1.01,-3.48,-12.02,-6.71
809,2026-08-03 13:23:32.313,21.227,-0.09,0.04,1.01,-1.95,-14.16,-3.05
810,2026-08-03 13:23:32.313,21.227,-0.05,0.03,0.97,1.22,-19.96,0.55
811,2026-08-03 13:23:32.314,21.228,-0.05,0.03,0.97,1.22,-19.96,0.55
812,2026-08-03 13:23:32.371,21.285,-0.0,0.02,0.93,6.84,-24.54,4.09
813,2026-08-03 13:23:32.431,21.345,0.03,0.02,0.93,13.0,-23.5,8.42
814,2026-08-03 13:23:32.432,21.346,0.03,0.03,0.97,14.4,-16.48,13.85
815,2026-08-03 13:23:32.504,21.418,0.01,0.04,1.03,8.24,-8.61,18.8
816,2026-08-03 13:23:32.505,21.419,0.01,0.04,1.03,8.24,-8.61,18.8
817,2026-08-03 13:23:32.505,21.419,0.0,0.05,1.05,-0.61,-5.74,23.38
818,2026-08-03 13:23:32.550,21.464,0.0,0.05,1.05,-0.61,-5.74,23.38
819,2026-08-03 13:23:32.552,21.466,-0.02,0.04,1.02,-7.51,-6.71,28.87
820,2026-08-03 13:23:32.553,21.467,-0.02,0.04,1.02,-7.51,-6.71,28.87
821,2026-08-03 13:23:32.611,21.525,-0.05,-0.01,0.97,-12.08,-6.71,33.81
822,2026-08-03 13:23:32.670,21.584,-0.08,-0.08,0.94,-11.66,-5.25,34.61
823,2026-08-03 13:23:32.671,21.585,-0.08,-0.13,0.93,-4.88,-4.21,28.93
824,2026-08-03 13:23:32.731,21.645,-0.07,-0.14,0.97,2.01,-2.87,18.37
825,2026-08-03 13:23:32.732,21.646,-0.07,-0.14,0.97,2.01,-2.87,18.37
826,2026-08-03 13:23:32.791,21.705,-0.05,-0.11,1.01,2.44,-1.4,6.29
827,2026-08-03 13:23:32.793,21.707,-0.05,-0.11,1.01,2.44,-1.4,6.29
828,2026-08-03 13:23:32.795,21.709,-0.03,-0.06,1.03,-1.77,-1.46,-3.3
829,2026-08-03 13:23:32.851,21.765,-0.03,-0.06,1.03,-1.77,-1.46,-3.3
830,2026-08-03 13:23:32.852,21.766,-0.02,-0.02,1.03,-5.92,-2.14,-8.0
831,2026-08-03 13:23:32.852,21.766,-0.02,0.01,0.99,-7.02,-2.44,-9.09
832,2026-08-03 13:23:32.910,21.824,-0.02,0.01,0.99,-7.02,-2.44,-9.09
833,2026-08-03 13:23:32.911,21.825,-0.0,0.02,0.93,-4.33,-2.2,-8.73
834,2026-08-03 13:23:32.912,21.826,-0.0,0.02,0.93,-4.33,-2.2,-8.73
835,2026-08-03 13:23:32.970,21.884,0.02,0.02,0.87,0.49,0.0,-7.26
836,2026-08-03 13:23:32.971,21.885,0.02,0.02,0.87,0.49,0.0,-7.26
837,2026-08-03 13:23:33.030,21.944,0.03,0.02,0.86,6.41,4.52,-4.88
838,2026-08-03 13:23:33.032,21.946,0.03,0.02,0.86,6.41,4.52,-4.88
839,2026-08-03 13:23:33.032,21.946,0.01,0.03,0.89,12.08,9.89,-1.77
840,2026-08-03 13:23:33.090,22.004,0.01,0.03,0.89,12.08,9.89,-1.77
841,2026-08-03 13:23:33.091,22.005,-0.02,0.02,0.94,16.3,13.43,1.22
842,2026-08-03 13:23:33.092,22.006,-0.04,0.01,0.96,20.87,12.76,2.5
843,2026-08-03 13:23:33.152,22.066,-0.04,0.01,0.96,20.87,12.76,2.5
844,2026-08-03 13:23:33.153,22.067,-0.04,0.0,0.96,27.47,9.16,1.89
845,2026-08-03 13:23:33.210,22.124,-0.03,0.01,0.94,33.45,7.2,0.37
846,2026-08-03 13:23:33.272,22.186,-0.01,0.05,0.94,36.62,8.79,-0.49
847,2026-08-03 13:23:33.274,22.188,-0.01,0.05,0.94,36.62,8.79,-0.49
848,2026-08-03 13:23:33.275,22.189,-0.01,0.11,0.95,38.33,12.94,1.1
849,2026-08-03 13:23:33.330,22.244,-0.02,0.17,1.0,38.82,20.63,5.49
850,2026-08-03 13:23:33.331,22.245,-0.02,0.17,1.0,38.82,20.63,5.49
851,2026-08-03 13:23:33.393,22.307,-0.06,0.21,1.04,37.9,30.76,12.21
852,2026-08-03 13:23:33.394,22.308,-0.06,0.21,1.04,37.9,30.76,12.21
853,2026-08-03 13:23:33.394,22.308,-0.13,0.24,1.08,36.8,39.43,18.49
854,2026-08-03 13:23:33.451,22.365,-0.13,0.24,1.08,36.8,39.43,18.49
855,2026-08-03 13:23:33.452,22.366,-0.21,0.26,1.1,36.68,46.69,20.69
856,2026-08-03 13:23:33.452,22.366,-0.26,0.29,1.07,45.53,50.9,21.79
857,2026-08-03 13:23:33.515,22.429,-0.26,0.29,1.07,45.53,50.9,21.79
858,2026-08-03 13:23:33.516,22.43,-0.29,0.38,1.02,64.94,49.8,25.82
859,2026-08-03 13:23:33.571,22.485,-0.29,0.38,1.02,64.94,49.8,25.82
860,2026-08-03 13:23:33.571,22.485,-0.39,0.46,1.03,65.55,50.48,25.88
861,2026-08-03 13:23:33.572,22.486,-0.39,0.46,1.03,65.55,50.48,25.88
862,2026-08-03 13:23:33.695,22.609,-0.51,0.48,1.06,36.13,46.45,15.32
863,2026-08-03 13:23:33.695,22.609,-0.56,0.49,1.04,14.59,20.81,-2.44
864,2026-08-03 13:23:33.695,22.609,-0.57,0.47,1.0,7.45,-9.89,-24.84
865,2026-08-03 13:23:33.758,22.672,-0.57,0.37,0.88,4.03,-29.54,-45.35
866,2026-08-03 13:23:33.760,22.674,-0.57,0.37,0.88,4.03,-29.54,-45.35
867,2026-08-03 13:23:33.767,22.681,-0.57,0.27,0.75,14.22,-43.58,-57.92
868,2026-08-03 13:23:33.811,22.725,-0.57,0.27,0.75,14.22,-43.58,-57.92
869,2026-08-03 13:23:33.812,22.726,-0.6,0.22,0.65,23.93,-45.84,-72.81
870,2026-08-03 13:23:33.873,22.787,-0.61,0.21,0.48,25.57,-38.45,-97.53
871,2026-08-03 13:23:33.874,22.788,-0.58,0.24,0.26,40.04,-31.62,-124.08
872,2026-08-03 13:23:33.931,22.845,-0.58,0.24,0.26,40.04,-31.62,-124.08
873,2026-08-03 13:23:33.932,22.846,-0.55,0.31,0.11,72.81,-22.22,-146.85
874,2026-08-03 13:23:33.991,22.905,-0.54,0.37,-0.02,111.51,-7.51,-163.82
875,2026-08-03 13:23:33.991,22.905,-0.55,0.44,-0.18,148.74,8.3,-174.13
876,2026-08-03 13:23:33.992,22.906,-0.55,0.44,-0.18,148.74,8.3,-174.13
877,2026-08-03 13:23:34.051,22.965,-0.58,0.62,-0.24,169.62,25.82,-181.76
878,2026-08-03 13:23:34.052,22.966,-0.58,0.62,-0.24,169.62,25.82,-181.76
879,2026-08-03 13:23:34.112,23.026,-0.67,0.9,-0.05,159.48,47.91,-182.92
880,2026-08-03 13:23:34.113,23.027,-0.79,1.17,0.32,132.75,69.95,-172.12
881,2026-08-03 13:23:34.185,23.099,-0.9,1.28,0.67,101.62,84.23,-149.41
882,2026-08-03 13:23:34.186,23.1,-0.9,1.28,0.67,101.62,84.23,-149.41
883,2026-08-03 13:23:34.290,23.204,-0.94,1.19,0.84,68.79,73.43,-118.29
884,2026-08-03 13:23:34.291,23.205,-0.94,1.19,0.84,68.79,73.43,-118.29
885,2026-08-03 13:23:34.292,23.206,-0.85,1.06,0.85,43.82,41.63,-87.04
886,2026-08-03 13:23:34.293,23.207,-0.85,1.06,0.85,43.82,41.63,-87.04
887,2026-08-03 13:23:34.293,23.207,-0.75,0.91,0.8,28.2,18.8,-54.2
888,2026-08-03 13:23:34.351,23.265,-0.73,0.74,0.75,15.5,8.79,-20.63
889,2026-08-03 13:23:34.352,23.266,-0.73,0.74,0.75,15.5,8.79,-20.63
890,2026-08-03 13:23:34.354,23.268,-0.72,0.63,0.69,-1.89,-3.48,-1.16
891,2026-08-03 13:23:34.410,23.324,-0.72,0.63,0.69,-1.89,-3.48,-1.16
892,2026-08-03 13:23:34.411,23.325,-0.69,0.57,0.61,-26.61,-18.19,4.27
893,2026-08-03 13:23:34.472,23.386,-0.66,0.47,0.5,-49.56,-26.73,9.83
894,2026-08-03 13:23:34.474,23.388,-0.65,0.36,0.42,-59.33,-26.92,17.52
895,2026-08-03 13:23:34.591,23.505,-0.65,0.36,0.42,-59.33,-26.92,17.52
896,2026-08-03 13:23:34.592,23.506,-0.68,0.27,0.38,-55.54,-23.62,23.5
897,2026-08-03 13:23:34.600,23.514,-0.68,0.27,0.38,-55.54,-23.62,23.5
898,2026-08-03 13:23:34.600,23.514,-0.73,0.21,0.35,-46.14,-21.18,26.79
899,2026-08-03 13:23:34.610,23.524,-0.73,0.21,0.35,-46.14,-21.18,26.79
900,2026-08-03 13:23:34.611,23.525,-0.79,0.17,0.38,-39.79,-17.21,25.76
901,2026-08-03 13:23:34.711,23.625,-0.91,0.13,0.52,-39.92,-5.98,18.62
902,2026-08-03 13:23:34.712,23.626,-0.91,0.13,0.52,-39.92,-5.98,18.62
903,2026-08-03 13:23:34.712,23.626,-1.02,0.08,0.63,-40.95,8.54,5.55
904,2026-08-03 13:23:34.713,23.627,-1.02,0.08,0.63,-40.95,8.54,5.55
905,2026-08-03 13:23:34.714,23.628,-1.01,0.09,0.59,-31.68,8.36,-9.64
906,2026-08-03 13:23:34.837,23.751,-1.01,0.09,0.59,-31.68,8.36,-9.64
907,2026-08-03 13:23:34.837,23.751,-0.89,0.19,0.49,-11.78,-7.57,-15.75
908,2026-08-03 13:23:34.838,23.752,-0.89,0.19,0.49,-11.78,-7.57,-15.75
909,2026-08-03 13:23:34.838,23.752,-0.76,0.3,0.46,10.44,-19.71,-2.69
910,2026-08-03 13:23:34.839,23.753,-0.68,0.36,0.52,16.97,-15.44,17.46
911,2026-08-03 13:23:34.890,23.804,-0.68,0.36,0.52,16.97,-15.44,17.46
912,2026-08-03 13:23:34.891,23.805,-0.64,0.37,0.58,5.74,0.79,31.98
913,2026-08-03 13:23:34.901,23.815,-0.64,0.37,0.58,5.74,0.79,31.98
914,2026-08-03 13:23:35.010,23.924,-0.66,0.32,0.67,-6.23,15.38,43.82
915,2026-08-03 13:23:35.011,23.925,-0.66,0.32,0.67,-6.23,15.38,43.82
916,2026-08-03 13:23:35.012,23.926,-0.65,0.29,0.76,-17.27,14.4,55.36
917,2026-08-03 13:23:35.012,23.926,-0.65,0.29,0.76,-23.07,-3.11,68.24
918,2026-08-03 13:23:35.012,23.926,-0.59,0.32,0.79,-23.07,-3.11,68.24
919,2026-08-03 13:23:35.070,23.984,-0.57,0.35,0.78,-18.25,-12.45,78.49
920,2026-08-03 13:23:35.071,23.985,-0.57,0.35,0.78,-18.25,-12.45,78.49
921,2026-08-03 13:23:35.080,23.994,-0.57,0.38,0.76,-14.4,-2.01,79.83
922,2026-08-03 13:23:35.131,24.045,-0.57,0.38,0.76,-14.4,-2.01,79.83
923,2026-08-03 13:23:35.131,24.045,-0.54,0.45,0.73,-22.4,16.66,73.73
924,2026-08-03 13:23:35.197,24.111,-0.54,0.45,0.73,-22.4,16.66,73.73
925,2026-08-03 13:23:35.198,24.112,-0.54,0.51,0.75,-42.36,45.65,59.63
926,2026-08-03 13:23:35.198,24.112,-0.6,0.53,0.81,-62.87,77.15,44.56
927,2026-08-03 13:23:35.252,24.166,-0.6,0.53,0.81,-62.87,77.15,44.56
928,2026-08-03 13:23:35.256,24.17,-0.66,0.59,0.82,-69.7,92.1,41.44
929,2026-08-03 13:23:35.311,24.225,-0.71,0.71,0.78,-68.6,87.4,48.52
930,2026-08-03 13:23:35.312,24.226,-0.71,0.71,0.78,-68.6,87.4,48.52
931,2026-08-03 13:23:35.370,24.284,-0.76,0.8,0.74,-68.66,66.22,52.86
932,2026-08-03 13:23:35.430,24.344,-0.74,0.88,0.64,-57.5,31.43,48.83
933,2026-08-03 13:23:35.431,24.345,-0.74,0.88,0.64,-57.5,31.43,48.83
934,2026-08-03 13:23:35.435,24.349,-0.6,1.01,0.46,-39.73,-6.47,42.85
935,2026-08-03 13:23:35.436,24.35,-0.46,1.1,0.32,-45.96,-32.47,33.87
936,2026-08-03 13:23:35.493,24.407,-0.46,1.1,0.32,-45.96,-32.47,33.87
937,2026-08-03 13:23:35.494,24.408,-0.39,1.07,0.25,-71.9,-43.95,23.32
938,2026-08-03 13:23:35.551,24.465,-0.39,1.07,0.25,-71.9,-43.95,23.32
939,2026-08-03 13:23:35.551,24.465,-0.38,0.96,0.21,-90.03,-45.9,24.9
940,2026-08-03 13:23:35.552,24.466,-0.4,0.84,0.18,-93.2,-37.9,39.79
941,2026-08-03 13:23:35.611,24.525,-0.4,0.84,0.18,-93.2,-37.9,39.79
942,2026-08-03 13:23:35.611,24.525,-0.41,0.73,0.15,-86.85,-16.36,58.04
943,2026-08-03 13:23:35.612,24.526,-0.41,0.73,0.15,-86.85,-16.36,58.04
944,2026-08-03 13:23:35.674,24.588,-0.44,0.66,0.16,-76.84,15.32,75.44
945,2026-08-03 13:23:35.731,24.645,-0.52,0.61,0.24,-67.44,49.5,91.43
946,2026-08-03 13:23:35.732,24.646,-0.66,0.54,0.36,-64.03,79.9,104.92
947,2026-08-03 13:23:35.733,24.647,-0.66,0.54,0.36,-64.03,79.9,104.92
948,2026-08-03 13:23:35.791,24.705,-0.81,0.4,0.46,-70.56,104.19,113.34
949,2026-08-03 13:23:35.792,24.706,-0.81,0.4,0.46,-70.56,104.19,113.34
950,2026-08-03 13:23:35.850,24.764,-0.88,0.2,0.53,-74.58,114.93,114.75
951,2026-08-03 13:23:35.851,24.765,-0.88,0.2,0.53,-74.58,114.93,114.75
952,2026-08-03 13:23:35.852,24.766,-0.87,0.05,0.59,-61.89,105.41,109.74
953,2026-08-03 13:23:35.911,24.825,-0.81,0.03,0.66,-38.45,81.67,96.68
954,2026-08-03 13:23:35.976,24.89,-0.74,0.22,0.73,-21.12,55.11,73.12
955,2026-08-03 13:23:35.977,24.891,-0.75,0.49,0.8,-27.22,37.72,43.09
956,2026-08-03 13:23:36.046,24.96,-0.75,0.49,0.8,-27.22,37.72,43.09
957,2026-08-03 13:23:36.046,24.96,-0.79,0.63,0.81,-52.73,32.35,16.91
958,2026-08-03 13:23:36.047,24.961,-0.79,0.61,0.71,-75.56,30.4,5.43
959,2026-08-03 13:23:36.093,25.007,-0.79,0.61,0.71,-75.56,30.4,5.43
960,2026-08-03 13:23:36.094,25.008,-0.74,0.46,0.59,-90.88,19.65,6.9
961,2026-08-03 13:23:36.151,25.065,-0.64,0.31,0.55,-94.73,-0.12,9.95
962,2026-08-03 13:23:36.211,25.125,-0.48,0.27,0.55,-72.88,-12.63,14.77
963,2026-08-03 13:23:36.212,25.126,-0.48,0.27,0.55,-72.88,-12.63,14.77
964,2026-08-03 13:23:36.212,25.126,-0.35,0.32,0.59,-42.6,-12.39,21.97
965,2026-08-03 13:23:36.270,25.184,-0.32,0.37,0.7,-38.21,-4.52,28.87
966,2026-08-03 13:23:36.271,25.185,-0.32,0.37,0.7,-38.21,-4.52,28.87
967,2026-08-03 13:23:36.332,25.246,-0.38,0.35,0.82,-58.84,6.59,39.67
968,2026-08-03 13:23:36.342,25.256,-0.38,0.35,0.82,-58.84,6.59,39.67
969,2026-08-03 13:23:36.342,25.256,-0.44,0.32,0.85,-74.4,11.66,52.98
970,2026-08-03 13:23:36.390,25.304,-0.44,0.31,0.78,-72.2,8.24,60.97
971,2026-08-03 13:23:36.452,25.366,-0.42,0.3,0.72,-64.33,4.15,63.42
972,2026-08-03 13:23:36.452,25.366,-0.41,0.27,0.72,-59.57,2.69,66.22
973,2026-08-03 13:23:36.510,25.424,-0.41,0.27,0.72,-59.57,2.69,66.22
974,2026-08-03 13:23:36.516,25.43,-0.43,0.24,0.77,-56.27,1.4,71.23
975,2026-08-03 13:23:36.517,25.431,-0.43,0.24,0.77,-56.27,1.4,71.23
976,2026-08-03 13:23:36.581,25.495,-0.47,0.24,0.84,-54.57,0.43,77.58
977,2026-08-03 13:23:36.583,25.497,-0.56,0.29,0.91,-52.49,-1.71,85.27
978,2026-08-03 13:23:36.584,25.498,-0.56,0.29,0.91,-52.49,-1.71,85.27
979,2026-08-03 13:23:36.631,25.545,-0.7,0.37,0.96,-45.96,-5.8,92.47
980,2026-08-03 13:23:36.632,25.546,-0.7,0.37,0.96,-45.96,-5.8,92.47
981,2026-08-03 13:23:36.690,25.604,-0.86,0.43,1.11,-39.37,-4.94,90.03
982,2026-08-03 13:23:36.693,25.607,-0.86,0.43,1.11,-39.37,-4.94,90.03
983,2026-08-03 13:23:36.694,25.608,-0.89,0.38,1.32,-37.41,-1.4,66.35
984,2026-08-03 13:23:36.753,25.667,-0.68,0.28,1.19,-22.77,-23.68,33.14
985,2026-08-03 13:23:36.871,25.785,-0.34,0.28,0.71,7.39,-80.81,17.82
986,2026-08-03 13:23:36.872,25.786,-0.34,0.28,0.71,7.39,-80.81,17.82
987,2026-08-03 13:23:36.872,25.786,-0.09,0.36,0.41,8.61,-124.94,20.02
988,2026-08-03 13:23:36.873,25.787,-0.08,0.42,0.52,-27.95,-106.14,23.25
989,2026-08-03 13:23:36.931,25.845,-0.21,0.45,0.85,-59.27,-46.2,23.25
990,2026-08-03 13:23:36.931,25.845,-0.31,0.46,1.07,-67.14,-3.66,18.8
991,2026-08-03 13:23:36.935,25.849,-0.31,0.46,1.07,-67.14,-3.66,18.8
992,2026-08-03 13:23:36.992,25.906,-0.32,0.39,0.96,-63.54,-1.34,16.97
993,2026-08-03 13:23:36.995,25.909,-0.32,0.39,0.96,-63.54,-1.34,16.97
994,2026-08-03 13:23:37.051,25.965,-0.23,0.26,0.65,-51.39,-21.73,26.12
995,2026-08-03 13:23:37.052,25.966,-0.16,0.16,0.46,-31.86,-26.12,36.19
996,2026-08-03 13:23:37.110,26.024,-0.16,0.16,0.46,-14.22,-0.55,38.33
997,2026-08-03 13:23:37.111,26.025,-0.21,0.12,0.49,-14.22,-0.55,38.33
998,2026-08-03 13:23:37.174,26.088,-0.29,0.11,0.61,2.75,29.36,33.81
999,2026-08-03 13:23:37.175,26.089,-0.29,0.11,0.61,2.75,29.36,33.81
1000,2026-08-03 13:23:37.175,26.089,-0.36,0.16,0.73,26.79,44.56,20.2
1001,2026-08-03 13:23:37.230,26.144,-0.36,0.16,0.73,26.79,44.56,20.2
1002,2026-08-03 13:23:37.231,26.145,-0.42,0.27,0.84,55.05,52.86,-0.18
1003,2026-08-03 13:23:37.297,26.211,-0.48,0.36,0.92,80.93,63.78,-22.28
1004,2026-08-03 13:23:37.297,26.211,-0.55,0.45,0.96,103.76,72.45,-46.08
1005,2026-08-03 13:23:37.352,26.266,-0.55,0.45,0.96,103.76,72.45,-46.08
1006,2026-08-03 13:23:37.352,26.266,-0.66,0.57,1.11,118.59,81.3,-70.31
1007,2026-08-03 13:23:37.353,26.267,-0.66,0.57,1.11,118.59,81.3,-70.31
1008,2026-08-03 13:23:37.411,26.325,-0.7,0.62,1.31,117.55,82.64,-92.1
1009,2026-08-03 13:23:37.414,26.328,-0.7,0.62,1.31,117.55,82.64,-92.1
1010,2026-08-03 13:23:37.414,26.328,-0.56,0.56,1.19,100.59,41.26,-100.77
1011,2026-08-03 13:23:37.470,26.384,-0.38,0.45,0.79,65.19,-30.03,-87.59
1012,2026-08-03 13:23:37.471,26.385,-0.38,0.45,0.79,65.19,-30.03,-87.59
1013,2026-08-03 13:23:37.531,26.445,-0.35,0.35,0.51,16.72,-64.82,-66.1
1014,2026-08-03 13:23:37.532,26.446,-0.35,0.35,0.51,16.72,-64.82,-66.1
1015,2026-08-03 13:23:37.536,26.45,-0.41,0.32,0.57,-14.34,-47.67,-58.84
1016,2026-08-03 13:23:37.606,26.52,-0.41,0.32,0.57,-14.34,-47.67,-58.84
1017,2026-08-03 13:23:37.607,26.521,-0.38,0.35,0.77,-12.63,-28.69,-62.44
1018,2026-08-03 13:23:37.710,26.624,-0.27,0.34,0.84,-2.26,-37.78,-52.06
1019,2026-08-03 13:23:37.711,26.625,-0.27,0.34,0.84,-2.26,-37.78,-52.06
1020,2026-08-03 13:23:37.775,26.689,-0.18,0.27,0.79,-1.83,-57.19,-23.93
1021,2026-08-03 13:23:37.776,26.69,-0.12,0.21,0.74,-4.58,-64.88,5.19
1022,2026-08-03 13:23:37.776,26.69,-0.08,0.18,0.73,-1.22,-54.99,28.5
1023,2026-08-03 13:23:37.777,26.691,-0.08,0.19,0.76,8.18,-32.35,48.77
1024,2026-08-03 13:23:37.831,26.745,-0.11,0.22,0.81,18.25,-11.11,69.09
1025,2026-08-03 13:23:37.832,26.746,-0.11,0.22,0.81,18.25,-11.11,69.09
1026,2026-08-03 13:23:37.901,26.815,-0.16,0.25,0.85,22.58,-0.73,91.55
1027,2026-08-03 13:23:37.904,26.818,-0.16,0.25,0.85,22.58,-0.73,91.55
1028,2026-08-03 13:23:37.904,26.818,-0.24,0.29,0.92,17.21,4.09,114.69
1029,2026-08-03 13:23:37.951,26.865,-0.24,0.29,0.92,17.21,4.09,114.69
1030,2026-08-03 13:23:37.952,26.866,-0.32,0.37,1.07,12.15,7.81,128.78
1031,2026-08-03 13:23:38.011,26.925,-0.36,0.54,1.3,14.34,6.71,125.98
1032,2026-08-03 13:23:38.012,26.926,-0.41,0.74,1.47,8.36,8.54,105.41
1033,2026-08-03 13:23:38.132,27.046,-0.41,0.74,1.47,8.36,8.54,105.41
1034,2026-08-03 13:23:38.132,27.046,-0.44,0.84,1.44,-16.85,16.78,70.8
1035,2026-08-03 13:23:38.133,27.047,-0.34,0.77,1.06,-46.75,4.64,35.83
1036,2026-08-03 13:23:38.193,27.107,-0.18,0.63,0.56,-63.78,-26.86,15.32
1037,2026-08-03 13:23:38.195,27.109,-0.13,0.56,0.3,-64.33,-32.65,9.03
1038,2026-08-03 13:23:38.310,27.224,-0.19,0.55,0.34,-49.13,-4.33,5.25
1039,2026-08-03 13:23:38.311,27.225,-0.19,0.55,0.34,-49.13,-4.33,5.25
1040,2026-08-03 13:23:38.371,27.285,-0.25,0.59,0.53,-21.55,20.94,-4.33
1041,2026-08-03 13:23:38.372,27.286,-0.25,0.59,0.53,-21.55,20.94,-4.33
1042,2026-08-03 13:23:38.372,27.286,-0.26,0.62,0.67,4.94,23.44,-16.78
1043,2026-08-03 13:23:38.374,27.288,-0.25,0.6,0.7,19.53,12.63,-27.16
1044,2026-08-03 13:23:38.375,27.289,-0.22,0.54,0.63,26.0,-0.37,-35.4
1045,2026-08-03 13:23:38.433,27.347,-0.22,0.54,0.63,26.0,-0.37,-35.4
1046,2026-08-03 13:23:38.433,27.347,-0.2,0.48,0.55,34.0,-10.07,-43.33
1047,2026-08-03 13:23:38.491,27.405,-0.19,0.47,0.53,47.91,-14.53,-53.28
1048,2026-08-03 13:23:38.492,27.406,-0.18,0.54,0.61,65.67,-15.75,-65.92
1049,2026-08-03 13:23:38.551,27.465,-0.18,0.54,0.61,65.67,-15.75,-65.92
1050,2026-08-03 13:23:38.551,27.465,-0.19,0.67,0.74,83.5,-15.2,-79.22
1051,2026-08-03 13:23:38.552,27.466,-0.19,0.67,0.74,83.5,-15.2,-79.22
1052,2026-08-03 13:23:38.614,27.528,-0.21,0.8,0.86,97.17,-15.08,-92.59
1053,2026-08-03 13:23:38.615,27.529,-0.21,0.8,0.86,97.17,-15.08,-92.59
1054,2026-08-03 13:23:38.671,27.585,-0.21,0.91,0.95,102.97,-18.31,-106.57
1055,2026-08-03 13:23:38.672,27.586,-0.21,0.91,0.95,102.97,-18.31,-106.57
1056,2026-08-03 13:23:38.736,27.65,-0.29,1.02,1.06,87.71,-27.53,-123.35
1057,2026-08-03 13:23:38.737,27.651,-0.23,0.85,0.94,75.99,-55.18,-119.63
1058,2026-08-03 13:23:38.790,27.704,-0.23,0.85,0.94,75.99,-55.18,-119.63
1059,2026-08-03 13:23:38.792,27.706,-0.06,0.6,0.67,63.17,-96.62,-102.66
1060,2026-08-03 13:23:38.852,27.766,-0.01,0.44,0.43,39.86,-97.9,-72.88
1061,2026-08-03 13:23:38.911,27.825,-0.18,0.43,0.36,13.79,-39.49,-41.93
1062,2026-08-03 13:23:38.913,27.827,-0.4,0.51,0.47,8.61,25.02,-20.02
1063,2026-08-03 13:23:38.974,27.888,-0.5,0.59,0.61,24.41,44.98,-7.51
1064,2026-08-03 13:23:39.049,27.963,-0.51,0.57,0.62,35.34,29.54,0.92
1065,2026-08-03 13:23:39.049,27.963,-0.51,0.5,0.55,30.21,13.43,6.16
1066,2026-08-03 13:23:39.092,28.006,-0.51,0.5,0.55,22.95,8.0,3.48
1067,2026-08-03 13:23:39.092,28.006,-0.5,0.47,0.56,22.95,8.0,3.48
1068,2026-08-03 13:23:39.093,28.007,-0.47,0.51,0.69,18.8,7.57,-5.55
1069,2026-08-03 13:23:39.152,28.066,-0.47,0.51,0.69,18.8,7.57,-5.55
1070,2026-08-03 13:23:39.153,28.067,-0.45,0.59,0.8,5.0,7.32,-11.47
1071,2026-08-03 13:23:39.211,28.125,-0.45,0.75,0.87,-18.68,4.82,-8.06
1072,2026-08-03 13:23:39.271,28.185,-0.47,1.05,0.99,-41.5,14.4,-0.92
1073,2026-08-03 13:23:39.272,28.186,-0.44,1.25,1.08,-58.59,44.25,6.71
1074,2026-08-03 13:23:39.331,28.245,-0.34,0.96,0.85,-72.51,61.89,29.6
1075,2026-08-03 13:23:39.401,28.315,-0.19,0.2,0.35,-80.26,46.33,69.52
1076,2026-08-03 13:23:39.401,28.315,0.06,-0.56,0.0,-70.56,19.96,97.66
1077,2026-08-03 13:23:39.450,28.364,0.06,-0.56,0.0,-70.56,19.96,97.66
1078,2026-08-03 13:23:39.451,28.365,0.28,-0.85,-0.08,-59.27,7.87,92.96
1079,2026-08-03 13:23:39.452,28.366,0.17,-0.65,-0.18,-72.14,-4.52,70.43
1080,2026-08-03 13:23:39.511,28.425,0.17,-0.65,-0.18,-72.14,-4.52,70.43
1081,2026-08-03 13:23:39.511,28.425,-0.13,0.22,0.09,-80.2,-57.56,33.2
1082,2026-08-03 13:23:39.571,28.485,-0.13,0.22,0.09,-80.2,-57.56,33.2
1083,2026-08-03 13:23:39.571,28.485,-0.32,1.78,1.64,-47.67,-140.87,-32.17
1084,2026-08-03 13:23:39.572,28.486,-0.32,1.78,1.64,-47.67,-140.87,-32.17
1085,2026-08-03 13:23:39.630,28.544,-0.41,2.75,3.09,4.76,-215.94,-64.45
1086,2026-08-03 13:23:39.631,28.545,-0.41,2.75,3.09,17.15,-216.37,-17.21
1087,2026-08-03 13:23:39.631,28.545,-0.52,2.26,2.71,17.15,-216.37,-17.21
1088,2026-08-03 13:23:39.698,28.612,-0.69,1.14,1.49,-32.17,-94.36,45.96
1089,2026-08-03 13:23:39.752,28.666,-0.79,0.28,0.64,-85.21,49.19,76.9
1090,2026-08-03 13:23:39.753,28.667,-0.79,0.28,0.64,-85.21,49.19,76.9
1091,2026-08-03 13:23:39.753,28.667,-0.74,-0.12,0.12,-91.37,99.06,81.18
1092,2026-08-03 13:23:39.811,28.725,-0.74,-0.12,0.12,-91.37,99.06,81.18
1093,2026-08-03 13:23:39.814,28.728,-0.5,-0.06,-0.18,-63.42,97.78,52.61
1094,2026-08-03 13:23:39.871,28.785,-0.25,0.13,-0.27,-43.4,122.86,-3.97
1095,2026-08-03 13:23:39.872,28.786,-0.19,0.06,-0.51,-52.0,137.45,-70.98
1096,2026-08-03 13:23:39.933,28.847,-0.19,0.06,-0.51,-52.0,137.45,-70.98
1097,2026-08-03 13:23:39.934,28.848,-0.13,-0.0,-0.97,-60.24,83.92,-164.0
1098,2026-08-03 13:23:39.990,28.904,0.08,0.34,-0.98,0.73,-35.71,-259.4
1099,2026-08-03 13:23:39.991,28.905,0.35,1.51,0.53,157.9,-163.82,-294.37
1100,2026-08-03 13:23:40.058,28.972,0.35,1.51,0.53,157.9,-163.82,-294.37
1101,2026-08-03 13:23:40.059,28.973,0.5,2.46,2.75,284.48,-195.56,-252.2
1102,2026-08-03 13:23:40.171,29.085,0.38,1.65,3.15,263.67,-151.12,-121.22
1103,2026-08-03 13:23:40.231,29.145,0.38,1.65,3.15,154.17,-105.77,27.28
1104,2026-08-03 13:23:40.233,29.147,0.14,0.08,1.75,154.17,-105.77,27.28
1105,2026-08-03 13:23:40.233,29.147,-0.08,-0.73,0.47,51.57,-43.95,83.56
1106,2026-08-03 13:23:40.234,29.148,-0.08,-0.73,0.47,51.57,-43.95,83.56
1107,2026-08-03 13:23:40.234,29.148,-0.22,-0.68,0.02,-13.73,12.02,68.6
1108,2026-08-03 13:23:40.235,29.149,-0.22,-0.68,0.02,-13.73,12.02,68.6
1109,2026-08-03 13:23:40.235,29.149,-0.28,-0.39,0.06,-61.71,10.8,50.48
1110,2026-08-03 13:23:40.291,29.205,-0.28,-0.39,0.06,-91.13,-47.61,50.66
1111,2026-08-03 13:23:40.291,29.205,-0.08,0.06,0.6,-91.13,-47.61,50.66
1112,2026-08-03 13:23:40.353,29.267,0.3,1.3,2.16,-91.74,-62.38,37.78
1113,2026-08-03 13:23:40.354,29.268,0.3,1.3,2.16,-91.74,-62.38,37.78
1114,2026-08-03 13:23:40.354,29.268,0.4,2.33,3.31,-94.3,-7.63,13.92
1115,2026-08-03 13:23:40.412,29.326,0.4,2.33,3.31,-94.3,-7.63,13.92
1116,2026-08-03 13:23:40.412,29.326,0.35,2.06,2.44,-99.43,-13.12,9.09
1117,2026-08-03 13:23:40.471,29.385,0.12,1.18,0.73,-94.18,-26.31,-1.04
1118,2026-08-03 13:23:40.472,29.386,0.12,1.18,0.73,-94.18,-26.31,-1.04
1119,2026-08-03 13:23:40.472,29.386,-0.35,0.42,-0.27,-75.5,55.24,-36.74
1120,2026-08-03 13:23:40.591,29.505,-0.35,0.42,-0.27,-75.5,55.24,-36.74
1121,2026-08-03 13:23:40.591,29.505,-0.54,0.09,-0.43,-29.6,129.46,-91.13
1122,2026-08-03 13:23:40.592,29.506,-0.54,0.09,-0.43,-29.6,129.46,-91.13
1123,2026-08-03 13:23:40.592,29.506,-0.36,-0.02,-0.29,7.51,123.11,-144.35
1124,2026-08-03 13:23:40.592,29.506,-0.09,-0.18,-0.33,-6.29,65.06,-183.78
1125,2026-08-03 13:23:40.650,29.564,-0.09,-0.18,-0.33,-6.29,65.06,-183.78
1126,2026-08-03 13:23:40.652,29.566,0.15,-0.3,-0.62,-54.75,-9.89,-220.7
1127,2026-08-03 13:23:40.771,29.685,0.26,-0.45,-0.96,-82.64,-67.08,-242.13
1128,2026-08-03 13:23:40.772,29.686,0.26,-0.45,-0.96,-82.64,-67.08,-242.13
1129,2026-08-03 13:23:40.773,29.687,0.11,-0.36,-0.77,-16.48,-83.44,-227.72
1130,2026-08-03 13:23:40.774,29.688,-0.11,1.05,1.07,133.91,-52.61,-227.11
1131,2026-08-03 13:23:40.834,29.748,-0.09,2.57,3.42,211.06,-25.7,-233.22
1132,2026-08-03 13:23:40.835,29.749,-0.09,2.57,3.42,211.06,-25.7,-233.22
1133,2026-08-03 13:23:40.835,29.749,0.06,2.24,3.66,162.96,-76.05,-139.53
1134,2026-08-03 13:23:40.890,29.804,0.06,2.24,3.66,162.96,-76.05,-139.53
1135,2026-08-03 13:23:40.891,29.805,-0.06,0.81,2.03,69.34,-118.16,19.53
1136,2026-08-03 13:23:40.951,29.865,-0.36,-0.34,0.5,3.6,-79.04,108.28
1137,2026-08-03 13:23:40.952,29.866,-0.36,-0.34,0.5,3.6,-79.04,108.28
1138,2026-08-03 13:23:40.952,29.866,-0.43,-0.63,-0.03,17.21,-33.94,88.26
1139,2026-08-03 13:23:41.071,29.985,-0.43,-0.63,-0.03,17.21,-33.94,88.26
1140,2026-08-03 13:23:41.072,29.986,-0.25,-0.38,0.09,72.02,-13.67,16.11
1141,2026-08-03 13:23:41.072,29.986,-0.08,-0.1,0.38,109.99,1.83,-36.93
1142,2026-08-03 13:23:41.073,29.987,0.05,0.14,0.69,120.36,8.97,-52.43
1143,2026-08-03 13:23:41.130,30.044,0.05,0.14,0.69,120.36,8.97,-52.43
1144,2026-08-03 13:23:41.131,30.045,0.22,0.62,1.11,111.88,24.35,-63.54
1145,2026-08-03 13:23:41.133,30.047,0.22,0.62,1.11,111.88,24.35,-63.54
1146,2026-08-03 13:23:41.198,30.112,0.26,1.27,1.67,71.29,81.73,-83.86
1147,2026-08-03 13:23:41.199,30.113,0.26,1.27,1.67,71.29,81.73,-83.86
1148,2026-08-03 13:23:41.255,30.169,0.12,1.69,1.94,6.47,127.01,-79.22
1149,2026-08-03 13:23:41.256,30.17,-0.09,1.61,1.53,-69.15,96.56,-36.38
1150,2026-08-03 13:23:41.323,30.237,-0.23,1.13,0.72,-141.24,26.0,13.18
1151,2026-08-03 13:23:41.326,30.24,-0.23,1.13,0.72,-141.24,26.0,13.18
1152,2026-08-03 13:23:41.327,30.241,-0.2,0.6,0.05,-156.37,-32.78,44.07
1153,2026-08-03 13:23:41.371,30.285,-0.2,0.6,0.05,-156.37,-32.78,44.07
1154,2026-08-03 13:23:41.371,30.285,-0.09,0.31,-0.22,-106.99,-59.94,54.57
1155,2026-08-03 13:23:41.430,30.344,-0.09,0.31,-0.22,-106.99,-59.94,54.57
1156,2026-08-03 13:23:41.496,30.41,-0.04,0.28,-0.12,-39.67,-49.56,50.72
1157,2026-08-03 13:23:41.552,30.466,-0.09,0.36,0.17,9.83,-15.01,36.87
1158,2026-08-03 13:23:41.553,30.467,-0.19,0.41,0.49,33.08,14.71,15.62
1159,2026-08-03 13:23:41.554,30.468,-0.26,0.46,0.69,42.05,15.99,-15.32
1160,2026-08-03 13:23:41.610,30.524,-0.29,0.49,0.75,39.79,-15.44,-67.44
1161,2026-08-03 13:23:41.611,30.525,-0.29,0.49,0.75,26.98,-42.24,-132.81
1162,2026-08-03 13:23:41.611,30.525,-0.31,0.57,0.77,26.98,-42.24,-132.81
1163,2026-08-03 13:23:41.671,30.585,-0.39,0.82,0.82,20.2,-23.44,-183.9
1164,2026-08-03 13:23:41.730,30.644,-0.42,1.06,1.08,11.66,-8.48,-218.08
1165,2026-08-03 13:23:41.732,30.646,-0.42,1.06,1.08,11.66,-8.48,-218.08
1166,2026-08-03 13:23:41.733,30.647,-0.24,1.02,1.47,-31.98,-47.24,-224.12
1167,2026-08-03 13:23:41.790,30.704,-0.24,1.02,1.47,-31.98,-47.24,-224.12
1168,2026-08-03 13:23:41.791,30.705,-0.04,0.71,1.49,-61.4,-77.58,-174.74
1169,2026-08-03 13:23:41.910,30.824,0.0,0.4,1.01,16.17,-43.95,-104.61
1170,2026-08-03 13:23:41.911,30.825,0.0,0.4,1.01,16.17,-43.95,-104.61
1171,2026-08-03 13:23:41.911,30.825,-0.0,0.16,0.54,164.0,0.73,-111.45
1172,2026-08-03 13:23:41.911,30.825,0.07,0.05,0.52,205.14,-31.01,-159.79
1173,2026-08-03 13:23:41.971,30.885,0.07,0.05,0.52,205.14,-31.01,-159.79
1174,2026-08-03 13:23:41.971,30.885,0.19,0.25,0.79,103.58,-84.47,-120.91
1175,2026-08-03 13:23:41.972,30.886,0.23,0.52,0.87,11.6,-48.95,-39.25
1176,2026-08-03 13:23:42.036,30.95,0.14,0.59,0.7,-6.84,23.44,-9.95
1177,2026-08-03 13:23:42.102,31.016,-0.02,0.51,0.56,-1.77,43.15,-15.87
1178,2026-08-03 13:23:42.103,31.017,-0.13,0.41,0.58,-18.37,23.44,-19.84
1179,2026-08-03 13:23:42.152,31.066,-0.16,0.36,0.65,-37.6,5.68,-22.83
1180,2026-08-03 13:23:42.153,31.067,-0.16,0.36,0.65,-37.6,5.68,-22.83
1181,2026-08-03 13:23:42.153,31.067,-0.2,0.45,0.96,-38.21,9.52,-19.29
1182,2026-08-03 13:23:42.211,31.125,-0.2,0.45,0.96,-38.21,9.52,-19.29
1183,2026-08-03 13:23:42.212,31.126,-0.33,0.52,1.64,-30.4,22.58,7.87
1184,2026-08-03 13:23:42.271,31.185,-0.33,0.52,1.64,-30.4,22.58,7.87
1185,2026-08-03 13:23:42.272,31.186,-0.41,0.66,2.11,-34.42,3.3,21.91
1186,2026-08-03 13:23:42.331,31.245,-0.43,0.8,1.96,-66.65,-39.67,9.03
1187,2026-08-03 13:23:42.332,31.246,-0.49,0.66,1.39,-88.32,-77.51,28.32
1188,2026-08-03 13:23:42.391,31.305,-0.49,0.66,1.39,-88.32,-77.51,28.32
1189,2026-08-03 13:23:42.392,31.306,-0.53,0.39,0.81,-82.34,-100.52,77.39
1190,2026-08-03 13:23:42.451,31.365,-0.5,0.24,0.48,-75.93,-97.6,97.84
1191,2026-08-03 13:23:42.451,31.365,-0.43,0.22,0.41,-71.84,-73.67,79.04
1192,2026-08-03 13:23:42.514,31.428,-0.34,0.24,0.47,-63.96,-44.13,43.95
1193,2026-08-03 13:23:42.570,31.484,-0.28,0.26,0.53,-42.79,-24.84,7.51
1194,2026-08-03 13:23:42.571,31.485,-0.28,0.26,0.53,-42.79,-24.84,7.51
1195,2026-08-03 13:23:42.572,31.486,-0.26,0.29,0.52,-5.86,-16.42,-22.83
1196,2026-08-03 13:23:42.631,31.545,-0.29,0.34,0.46,37.9,-10.8,-44.43
1197,2026-08-03 13:23:42.690,31.604,-0.34,0.37,0.39,75.74,-1.53,-57.68
1198,2026-08-03 13:23:42.691,31.605,-0.34,0.37,0.39,75.74,-1.53,-57.68
1199,2026-08-03 13:23:42.691,31.605,-0.41,0.41,0.35,103.52,16.3,-64.58
1200,2026-08-03 13:23:42.757,31.671,-0.41,0.41,0.35,103.52,16.3,-64.58
1201,2026-08-03 13:23:42.758,31.672,-0.57,0.5,0.34,127.08,45.29,-71.29
1202,2026-08-03 13:23:42.871,31.785,-0.85,0.68,0.42,136.05,80.63,-86.06
1203,2026-08-03 13:23:42.930,31.844,-1.19,0.94,0.61,117.92,117.43,-112.61
1204,2026-08-03 13:23:42.931,31.845,-1.19,0.94,0.61,117.92,117.43,-112.61
1205,2026-08-03 13:23:42.931,31.845,-1.42,1.24,0.96,88.87,162.11,-145.87
1206,2026-08-03 13:23:42.932,31.846,-1.42,1.24,0.96,88.87,162.11,-145.87
1207,2026-08-03 13:23:42.932,31.846,-1.25,1.26,1.44,54.63,226.5,-157.78
1208,2026-08-03 13:23:42.934,31.848,-1.25,1.26,1.44,54.63,226.5,-157.78
1209,2026-08-03 13:23:42.935,31.849,-0.68,0.79,1.84,4.76,282.96,-117.8
1210,2026-08-03 13:23:42.990,31.904,-0.2,0.26,1.78,-46.75,259.64,-49.8
1211,2026-08-03 13:23:42.991,31.905,-0.2,0.26,1.78,-46.75,259.64,-49.8
1212,2026-08-03 13:23:43.111,32.025,-0.14,0.11,1.36,-69.34,140.38,1.4
1213,2026-08-03 13:23:43.111,32.025,-0.35,0.24,1.02,-64.51,-6.47,18.01
1214,2026-08-03 13:23:43.112,32.026,-0.35,0.24,1.02,-64.51,-6.47,18.01
1215,2026-08-03 13:23:43.112,32.026,-0.56,0.42,0.87,-68.12,-116.82,2.38
1216,2026-08-03 13:23:43.113,32.027,-0.67,0.52,0.8,-94.85,-181.03,-14.1
1217,2026-08-03 13:23:43.173,32.087,-0.67,0.52,0.8,-94.85,-181.03,-14.1
1218,2026-08-03 13:23:43.173,32.087,-0.69,0.63,0.79,-113.89,-217.1,16.91
1219,2026-08-03 13:23:43.235,32.149,-0.69,0.63,0.79,-113.89,-217.1,16.91
1220,2026-08-03 13:23:43.236,32.15,-0.65,0.75,0.86,-119.81,-227.36,98.08
1221,2026-08-03 13:23:43.290,32.204,-0.54,0.77,1.04,-108.03,-210.39,176.03
1222,2026-08-03 13:23:43.290,32.204,-0.43,0.67,1.19,-33.63,-191.1,200.26
1223,2026-08-03 13:23:43.471,32.385,-0.43,0.67,1.19,-33.63,-191.1,200.26
1224,2026-08-03 13:23:43.471,32.385,-0.35,0.63,1.11,71.47,-172.67,185.85
1225,2026-08-03 13:23:43.472,32.386,-0.35,0.63,1.11,71.47,-172.67,185.85
1226,2026-08-03 13:23:43.472,32.386,-0.33,0.7,0.81,130.43,-145.75,179.69
1227,2026-08-03 13:23:43.473,32.387,-0.53,0.61,0.36,132.75,-115.11,179.5
1228,2026-08-03 13:23:43.473,32.387,-0.81,0.26,-0.02,68.6,-60.73,176.82
1229,2026-08-03 13:23:43.531,32.445,-0.69,0.08,0.03,-35.58,11.9,140.81
1230,2026-08-03 13:23:43.536,32.45,0.0,0.28,0.66,-90.64,61.16,51.51
1231,2026-08-03 13:23:43.591,32.505,0.0,0.28,0.66,-90.64,61.16,51.51
1232,2026-08-03 13:23:43.592,32.506,0.72,0.49,1.24,-84.35,65.06,-24.23
1233,2026-08-03 13:23:43.660,32.574,0.91,0.44,1.25,-57.8,32.29,-41.08
1234,2026-08-03 13:23:43.661,32.575,0.91,0.44,1.25,-57.8,32.29,-41.08
1235,2026-08-03 13:23:43.661,32.575,0.66,0.3,0.98,-37.17,-5.55,-25.63
1236,2026-08-03 13:23:43.711,32.625,0.66,0.3,0.98,-37.17,-5.55,-25.63
1237,2026-08-03 13:23:43.711,32.625,0.35,0.28,0.79,-27.4,-25.33,-10.8
1238,2026-08-03 13:23:43.712,32.626,0.35,0.28,0.79,-27.4,-25.33,-10.8
1239,2026-08-03 13:23:43.780,32.694,0.21,0.39,0.76,-18.8,-26.06,-2.81
1240,2026-08-03 13:23:43.783,32.697,0.21,0.39,0.76,-4.64,-17.27,4.39
1241,2026-08-03 13:23:43.831,32.745,0.22,0.41,0.82,-4.64,-17.27,4.39
1242,2026-08-03 13:23:43.831,32.745,0.25,0.27,0.92,15.38,-10.25,8.54
1243,2026-08-03 13:23:43.890,32.804,0.25,0.27,0.92,15.38,-10.25,8.54
1244,2026-08-03 13:23:43.890,32.804,0.26,0.19,1.0,26.55,-9.89,0.61
1245,2026-08-03 13:23:43.891,32.805,0.26,0.19,1.0,26.55,-9.89,0.61
1246,2026-08-03 13:23:43.892,32.806,0.29,0.33,1.0,15.44,-10.13,-15.56
1247,2026-08-03 13:23:43.953,32.867,0.29,0.33,1.0,15.44,-10.13,-15.56
1248,2026-08-03 13:23:43.953,32.867,0.31,0.47,0.89,-3.36,-5.74,-24.05
1249,2026-08-03 13:23:44.011,32.925,0.31,0.47,0.89,-9.7,-1.28,-18.92
1250,2026-08-03 13:23:44.012,32.926,0.29,0.43,0.74,-9.7,-1.28,-18.92
1251,2026-08-03 13:23:44.013,32.927,0.27,0.33,0.67,-2.08,2.99,-9.64
1252,2026-08-03 13:23:44.130,33.044,0.27,0.33,0.67,-2.08,2.99,-9.64
1253,2026-08-03 13:23:44.131,33.045,0.28,0.34,0.75,17.09,9.09,-6.65
1254,2026-08-03 13:23:44.131,33.045,0.29,0.4,0.93,35.52,12.39,-5.98
1255,2026-08-03 13:23:44.190,33.104,0.28,0.42,1.01,36.25,7.32,-7.32
1256,2026-08-03 13:23:44.191,33.105,0.28,0.42,1.01,24.17,-6.16,-21.48
1257,2026-08-03 13:23:44.191,33.105,0.27,0.42,0.97,24.17,-6.16,-21.48
1258,2026-08-03 13:23:44.253,33.167,0.28,0.44,0.92,10.31,-19.9,-44.62
1259,2026-08-03 13:23:44.253,33.167,0.29,0.47,0.87,-3.48,-27.77,-62.68
1260,2026-08-03 13:23:44.373,33.287,0.29,0.47,0.87,-3.48,-27.77,-62.68
1261,2026-08-03 13:23:44.373,33.287,0.28,0.44,0.81,-13.92,-30.09,-69.03
1262,2026-08-03 13:23:44.430,33.344,0.28,0.44,0.81,-13.92,-30.09,-69.03
1263,2026-08-03 13:23:44.432,33.346,0.27,0.39,0.78,-15.62,-27.95,-68.24
1264,2026-08-03 13:23:44.433,33.347,0.28,0.38,0.8,-8.91,-24.17,-67.99
1265,2026-08-03 13:23:44.493,33.407,0.29,0.4,0.84,-1.89,-21.67,-68.66
1266,2026-08-03 13:23:44.495,33.409,0.3,0.42,0.87,1.4,-19.59,-69.15
1267,2026-08-03 13:23:44.495,33.409,0.29,0.42,0.89,-0.31,-17.7,-68.36
1268,2026-08-03 13:23:44.610,33.524,0.29,0.42,0.89,-0.31,-17.7,-68.36
1269,2026-08-03 13:23:44.611,33.525,0.28,0.41,0.89,-8.67,-17.21,-65.49
1270,2026-08-03 13:23:44.612,33.526,0.26,0.37,0.88,-18.62,-18.13,-64.15
1271,2026-08-03 13:23:44.671,33.585,0.28,0.35,0.91,-30.09,-20.14,-73.24
1272,2026-08-03 13:23:44.672,33.586,0.28,0.35,0.91,-30.09,-20.14,-73.24
1273,2026-08-03 13:23:44.672,33.586,0.29,0.36,0.96,-50.72,-21.85,-91.49
1274,2026-08-03 13:23:44.730,33.644,0.26,0.34,1.02,-76.84,-23.38,-102.23
1275,2026-08-03 13:23:44.731,33.645,0.26,0.34,1.02,-76.84,-23.38,-102.23
1276,2026-08-03 13:23:44.791,33.705,0.18,0.28,1.08,-95.21,-24.96,-105.59
1277,2026-08-03 13:23:44.792,33.706,0.18,0.28,1.08,-95.21,-24.96,-105.59
1278,2026-08-03 13:23:44.795,33.709,0.13,0.35,1.17,-95.64,-23.44,-115.54
1279,2026-08-03 13:23:44.853,33.767,0.13,0.35,1.17,-87.65,-18.37,-125.98
1280,2026-08-03 13:23:44.853,33.767,0.14,0.5,1.15,-87.65,-18.37,-125.98
1281,2026-08-03 13:23:44.853,33.767,0.1,0.47,0.93,-88.26,-8.85,-115.78
1282,2026-08-03 13:23:44.910,33.824,0.1,0.47,0.93,-88.26,-8.85,-115.78
1283,2026-08-03 13:23:44.911,33.825,-0.02,0.21,0.71,-92.41,5.62,-92.53
1284,2026-08-03 13:23:44.971,33.885,-0.08,-0.04,0.69,-86.91,18.07,-86.43
1285,2026-08-03 13:23:45.030,33.944,-0.01,-0.1,0.84,-70.31,26.98,-103.45
1286,2026-08-03 13:23:45.030,33.944,0.17,0.01,1.03,-45.1,31.49,-124.69
1287,2026-08-03 13:23:45.031,33.945,0.17,0.01,1.03,-45.1,31.49,-124.69
1288,2026-08-03 13:23:45.093,34.007,0.29,0.08,1.09,-21.55,25.76,-121.09
1289,2026-08-03 13:23:45.154,34.068,0.29,0.08,1.09,-21.55,25.76,-121.09
1290,2026-08-03 13:23:45.157,34.071,0.26,-0.01,0.97,-16.3,16.36,-86.24
1291,2026-08-03 13:23:45.158,34.072,0.16,-0.14,0.82,-20.75,13.06,-49.93
1292,2026-08-03 13:23:45.211,34.125,0.1,-0.17,0.79,-14.65,13.61,-33.87
1293,2026-08-03 13:23:45.270,34.184,0.09,-0.15,0.83,-0.12,15.56,-30.94
1294,2026-08-03 13:23:45.271,34.185,0.09,-0.15,0.83,-0.12,15.56,-30.94
1295,2026-08-03 13:23:45.271,34.185,0.14,-0.12,0.86,19.29,26.31,-29.17
1296,2026-08-03 13:23:45.330,34.244,0.14,-0.12,0.86,19.29,26.31,-29.17
1297,2026-08-03 13:23:45.331,34.245,0.22,-0.05,0.9,46.94,40.77,-24.84
1298,2026-08-03 13:23:45.331,34.245,0.22,-0.05,0.9,67.75,35.64,-15.2
1299,2026-08-03 13:23:45.450,34.364,0.26,0.02,0.97,67.75,35.64,-15.2
1300,2026-08-03 13:23:45.451,34.365,0.24,0.06,1.04,66.47,6.29,-2.62
1301,2026-08-03 13:23:45.452,34.366,0.15,0.08,1.14,49.93,-25.82,6.59
1302,2026-08-03 13:23:45.570,34.484,0.15,0.08,1.14,49.93,-25.82,6.59
1303,2026-08-03 13:23:45.571,34.485,-0.11,0.11,1.33,28.81,-38.82,16.72
1304,2026-08-03 13:23:45.633,34.547,-0.43,0.21,1.46,2.75,-35.34,23.32
1305,2026-08-03 13:23:45.634,34.548,-0.62,0.25,1.19,-34.55,-27.1,9.89
1306,2026-08-03 13:23:45.634,34.548,-0.68,0.12,0.78,-58.23,-13.0,-27.95
1307,2026-08-03 13:23:45.635,34.549,-0.68,0.12,0.78,-58.23,-13.0,-27.95
1308,2026-08-03 13:23:45.635,34.549,-0.57,0.07,0.73,-30.4,0.31,-93.87
1309,2026-08-03 13:23:45.691,34.605,-0.57,0.07,0.73,-30.4,0.31,-93.87
1310,2026-08-03 13:23:45.691,34.605,-0.24,0.28,0.91,26.18,-0.55,-177.25
1311,2026-08-03 13:23:45.692,34.606,-0.24,0.28,0.91,26.18,-0.55,-177.25
1312,2026-08-03 13:23:45.752,34.666,0.07,0.4,1.02,51.45,-8.3,-228.09
1313,2026-08-03 13:23:45.752,34.666,0.19,0.31,1.01,35.03,-10.01,-223.27
1314,2026-08-03 13:23:45.753,34.667,0.19,0.31,1.01,35.03,-10.01,-223.27
1315,2026-08-03 13:23:45.878,34.792,0.18,0.22,0.95,9.52,-8.24,-195.25
1316,2026-08-03 13:23:45.878,34.792,0.15,0.15,0.91,-6.16,-5.55,-169.98
1317,2026-08-03 13:23:45.880,34.794,0.15,0.15,0.91,-6.16,-5.55,-169.98
1318,2026-08-03 13:23:45.880,34.794,0.15,0.1,0.88,-10.56,-2.56,-153.08
1319,2026-08-03 13:23:45.991,34.905,0.19,0.12,0.9,-5.31,-1.77,-141.6
1320,2026-08-03 13:23:45.992,34.906,0.19,0.12,0.9,-5.31,-1.77,-141.6
1321,2026-08-03 13:23:45.993,34.907,0.21,0.15,1.01,2.87,-1.59,-126.28
1322,2026-08-03 13:23:46.054,34.968,0.21,0.15,1.01,2.87,-1.59,-126.28
1323,2026-08-03 13:23:46.054,34.968,0.22,0.17,1.15,5.55,-0.67,-101.99
1324,2026-08-03 13:23:46.055,34.969,0.17,0.14,1.21,1.89,-1.89,-72.14
1325,2026-08-03 13:23:46.110,35.024,0.02,0.02,1.19,-1.71,-5.55,-42.66
1326,2026-08-03 13:23:46.112,35.026,0.02,0.02,1.19,-1.71,-5.55,-42.66
1327,2026-08-03 13:23:46.112,35.026,-0.11,0.03,1.05,-4.15,-8.61,-25.7
1328,2026-08-03 13:23:46.175,35.089,-0.15,0.13,0.84,-8.97,-7.63,-21.48
1329,2026-08-03 13:23:46.177,35.091,-0.15,0.13,0.84,-8.97,-7.63,-21.48
1330,2026-08-03 13:23:46.295,35.209,-0.22,-0.03,0.72,-12.45,-1.34,-13.18
1331,2026-08-03 13:23:46.296,35.21,-0.22,-0.03,0.72,-12.45,-1.34,-13.18
1332,2026-08-03 13:23:46.297,35.211,-0.2,-0.21,0.8,1.34,-2.38,-16.78
1333,2026-08-03 13:23:46.297,35.211,0.02,-0.08,1.01,34.79,-19.71,-45.17
1334,2026-08-03 13:23:46.351,35.265,0.21,0.12,1.12,50.66,-32.9,-57.56
1335,2026-08-03 13:23:46.353,35.267,0.17,0.12,1.0,21.79,-23.86,-32.17
1336,2026-08-03 13:23:46.410,35.324,0.17,0.12,1.0,21.79,-23.86,-32.17
1337,2026-08-03 13:23:46.411,35.325,0.0,-0.01,0.81,-18.92,-3.85,-0.79
1338,2026-08-03 13:23:46.412,35.326,0.0,-0.01,0.81,-18.92,-3.85,-0.79
1339,2026-08-03 13:23:46.474,35.388,-0.05,-0.07,0.73,-28.99,6.1,3.72
1340,2026-08-03 13:23:46.590,35.504,0.07,-0.04,0.76,-10.01,0.06,-16.24
1341,2026-08-03 13:23:46.592,35.506,0.28,0.03,0.89,16.91,-10.74,-35.4
1342,2026-08-03 13:23:46.593,35.507,0.28,0.03,0.89,16.91,-10.74,-35.4
1343,2026-08-03 13:23:46.593,35.507,0.41,0.14,1.07,38.02,-13.24,-33.81
1344,2026-08-03 13:23:46.593,35.507,0.4,0.24,1.19,43.52,-8.73,-8.24
1345,2026-08-03 13:23:46.650,35.564,0.4,0.24,1.19,43.52,-8.73,-8.24
1346,2026-08-03 13:23:46.651,35.565,0.31,0.22,1.2,35.1,-10.86,22.58
1347,2026-08-03 13:23:46.711,35.625,0.31,0.22,1.2,12.88,-7.26,44.8
1348,2026-08-03 13:23:46.712,35.626,0.13,0.19,1.19,12.88,-7.26,44.8
1349,2026-08-03 13:23:46.712,35.626,-0.16,0.23,1.19,-15.87,9.52,64.64
1350,2026-08-03 13:23:46.771,35.685,-0.16,0.23,1.19,-15.87,9.52,64.64
1351,2026-08-03 13:23:46.771,35.685,-0.44,0.25,1.09,-35.83,19.96,76.23
1352,2026-08-03 13:23:46.772,35.686,-0.44,0.25,1.09,-35.83,19.96,76.23
1353,2026-08-03 13:23:46.890,35.804,-0.58,0.15,0.89,-42.05,23.56,67.63
1354,2026-08-03 13:23:46.891,35.805,-0.58,0.15,0.89,-42.05,23.56,67.63
1355,2026-08-03 13:23:46.891,35.805,-0.56,0.06,0.8,-21.36,24.84,37.48
1356,2026-08-03 13:23:46.951,35.865,-0.37,0.14,0.87,22.71,17.21,-11.11
1357,2026-08-03 13:23:46.952,35.866,-0.37,0.14,0.87,22.71,17.21,-11.11
1358,2026-08-03 13:23:46.952,35.866,-0.13,0.26,0.96,50.78,5.55,-61.89
1359,2026-08-03 13:23:46.953,35.867,-0.13,0.26,0.96,50.78,5.55,-61.89
1360,2026-08-03 13:23:46.953,35.867,0.03,0.26,0.96,38.15,3.91,-89.23
1361,2026-08-03 13:23:47.011,35.925,0.03,0.26,0.96,38.15,3.91,-89.23
1362,2026-08-03 13:23:47.011,35.925,0.09,0.2,0.92,9.03,12.08,-87.89
1363,2026-08-03 13:23:47.071,35.985,0.11,0.18,0.91,-9.58,19.71,-71.96
1364,2026-08-03 13:23:47.071,35.985,0.08,0.16,0.88,-18.49,20.51,-51.33
1365,2026-08-03 13:23:47.130,36.044,0.08,0.16,0.88,-18.49,20.51,-51.33
1366,2026-08-03 13:23:47.131,36.045,0.02,0.15,0.86,-19.84,16.78,-34.91
1367,2026-08-03 13:23:47.190,36.104,-0.03,0.19,0.95,-11.96,11.84,-31.19
1368,2026-08-03 13:23:47.315,36.229,-0.03,0.2,1.15,-2.38,3.6,-36.56
1369,2026-08-03 13:23:47.323,36.237,-0.06,0.12,1.32,1.04,-6.71,-42.05
1370,2026-08-03 13:23:47.324,36.238,-0.06,0.12,1.32,1.04,-6.71,-42.05
1371,2026-08-03 13:23:47.324,36.238,-0.14,0.09,1.37,-4.03,-11.96,-43.09
1372,2026-08-03 13:23:47.325,36.239,-0.21,0.2,1.25,-21.55,-10.8,-38.7
1373,2026-08-03 13:23:47.372,36.286,-0.21,0.2,1.25,-21.55,-10.8,-38.7
1374,2026-08-03 13:23:47.373,36.287,-0.27,0.3,0.93,-45.41,-10.38,-23.86
1375,2026-08-03 13:23:47.430,36.344,-0.27,0.3,0.93,-57.74,-10.74,6.16
1376,2026-08-03 13:23:47.431,36.345,-0.43,0.12,0.59,-57.74,-10.74,6.16
1377,2026-08-03 13:23:47.431,36.345,-0.54,-0.24,0.54,-43.82,-12.15,21.97
1378,2026-08-03 13:23:47.611,36.525,-0.54,-0.24,0.54,-43.82,-12.15,21.97
1379,2026-08-03 13:23:47.613,36.527,-0.34,-0.28,0.77,4.88,-25.76,-17.27
1380,2026-08-03 13:23:47.614,36.528,-0.34,-0.28,0.77,4.88,-25.76,-17.27
1381,2026-08-03 13:23:47.614,36.528,0.06,0.03,0.99,45.84,-40.34,-81.12
1382,2026-08-03 13:23:47.622,36.536,0.3,0.15,1.02,31.01,-39.37,-92.41
1383,2026-08-03 13:23:47.622,36.536,0.28,0.0,0.89,-5.07,-32.78,-47.85
1384,2026-08-03 13:23:47.670,36.584,0.28,0.0,0.89,-5.07,-32.78,-47.85
1385,2026-08-03 13:23:47.671,36.585,0.18,-0.09,0.78,-13.43,-24.9,-7.02
1386,2026-08-03 13:23:47.732,36.646,0.12,-0.04,0.82,3.78,-10.62,6.04
1387,2026-08-03 13:23:47.733,36.647,0.12,-0.04,0.82,3.78,-10.62,6.04
1388,2026-08-03 13:23:47.733,36.647,0.14,0.06,0.95,16.97,3.54,9.16
1389,2026-08-03 13:23:47.791,36.705,0.14,0.06,0.95,9.28,9.83,21.97
1390,2026-08-03 13:23:47.791,36.705,0.18,0.07,1.04,9.28,9.83,21.97
1391,2026-08-03 13:23:47.791,36.705,0.2,0.03,1.09,-1.46,11.05,45.35
1392,2026-08-03 13:23:47.850,36.764,0.2,0.03,1.09,-1.46,11.05,45.35
1393,2026-08-03 13:23:47.851,36.765,0.28,0.05,1.16,7.81,2.38,61.28
1394,2026-08-03 13:23:47.853,36.767,0.28,0.05,1.16,7.81,2.38,61.28
1395,2026-08-03 13:23:47.911,36.825,0.44,0.09,1.24,27.4,-20.39,60.79
1396,2026-08-03 13:23:47.913,36.827,0.44,0.09,1.24,27.4,-20.39,60.79
1397,2026-08-03 13:23:48.030,36.944,0.45,0.2,1.24,35.1,-28.63,68.05
1398,2026-08-03 13:23:48.031,36.945,0.45,0.2,1.24,26.79,-6.65,106.63
1399,2026-08-03 13:23:48.032,36.946,0.15,0.39,1.18,26.79,-6.65,106.63
1400,2026-08-03 13:23:48.033,36.947,-0.27,0.47,1.02,4.82,19.04,157.47
1401,2026-08-03 13:23:48.153,37.067,-0.53,0.33,0.77,-19.71,33.39,185.79
1402,2026-08-03 13:23:48.154,37.068,-0.54,0.14,0.68,-17.76,39.43,177.55
1403,2026-08-03 13:23:48.219,37.133,-0.54,0.14,0.68,-17.76,39.43,177.55
1404,2026-08-03 13:23:48.220,37.134,-0.33,0.08,0.83,17.27,36.68,138.49
1405,2026-08-03 13:23:48.220,37.134,-0.07,0.2,0.99,43.88,31.86,89.23
1406,2026-08-03 13:23:48.221,37.135,-0.07,0.2,0.99,43.88,31.86,89.23
1407,2026-08-03 13:23:48.221,37.135,0.05,0.31,0.97,33.33,32.59,53.16
1408,2026-08-03 13:23:48.341,37.255,0.05,0.31,0.97,33.33,32.59,53.16
1409,2026-08-03 13:23:48.344,37.258,-0.01,0.26,0.84,10.44,33.2,32.96
1410,2026-08-03 13:23:48.345,37.259,-0.01,0.26,0.84,10.44,33.2,32.96
1411,2026-08-03 13:23:48.451,37.365,-0.09,0.14,0.8,0.67,27.89,13.98
1412,2026-08-03 13:23:48.454,37.368,-0.12,0.09,0.84,-1.04,21.85,-4.46
1413,2026-08-03 13:23:48.455,37.369,-0.12,0.09,0.84,-1.04,21.85,-4.46
1414,2026-08-03 13:23:48.455,37.369,-0.16,0.1,0.94,0.43,21.67,-8.42
1415,2026-08-03 13:23:48.456,37.37,-0.16,0.1,0.94,0.43,21.67,-8.42
1416,2026-08-03 13:23:48.570,37.484,-0.24,0.14,1.05,4.15,21.61,-6.59
1417,2026-08-03 13:23:48.571,37.485,-0.24,0.14,1.05,4.15,21.61,-6.59
1418,2026-08-03 13:23:48.571,37.485,-0.3,0.14,1.15,3.48,14.77,-19.59
1419,2026-08-03 13:23:48.571,37.485,-0.35,0.12,1.28,-1.4,7.75,-45.23
1420,2026-08-03 13:23:48.572,37.486,-0.35,0.12,1.28,-1.4,7.75,-45.23
1421,2026-08-03 13:23:48.572,37.486,-0.36,0.23,1.33,-9.16,8.18,-69.95
1422,2026-08-03 13:23:48.692,37.606,-0.26,0.42,1.22,-21.79,12.08,-82.52
1423,2026-08-03 13:23:48.693,37.607,-0.21,0.34,0.91,-35.52,12.39,-74.83
1424,2026-08-03 13:23:48.693,37.607,-0.31,0.02,0.56,-41.5,6.96,-56.15
1425,2026-08-03 13:23:48.693,37.607,-0.38,-0.14,0.52,-25.88,-4.82,-52.55
1426,2026-08-03 13:23:48.754,37.668,-0.27,-0.02,0.84,11.41,-20.14,-65.25
1427,2026-08-03 13:23:48.812,37.726,-0.14,0.09,1.07,32.65,-28.02,-68.42
1428,2026-08-03 13:23:48.813,37.727,-0.13,0.02,0.95,19.35,-21.73,-55.36
1429,2026-08-03 13:23:48.931,37.845,-0.17,-0.11,0.76,6.84,-11.11,-46.08
1430,2026-08-03 13:23:48.931,37.845,-0.14,-0.15,0.76,16.6,-7.02,-54.32
1431,2026-08-03 13:23:48.932,37.846,-0.14,-0.15,0.76,16.6,-7.02,-54.32
1432,2026-08-03 13:23:49.053,37.967,-0.02,-0.1,0.87,30.09,-11.11,-74.22
1433,2026-08-03 13:23:49.057,37.971,-0.02,-0.1,0.87,30.09,-11.11,-74.22
1434,2026-08-03 13:23:49.058,37.972,0.04,-0.05,0.95,31.86,-14.4,-90.39
1435,2026-08-03 13:23:49.059,37.973,-0.01,-0.06,1.01,26.06,-10.5,-90.58
1436,2026-08-03 13:23:49.059,37.973,-0.04,-0.04,1.08,28.02,-18.86,-87.65
1437,2026-08-03 13:23:49.060,37.974,-0.04,-0.04,1.08,28.02,-18.86,-87.65
1438,2026-08-03 13:23:49.110,38.024,0.03,0.06,1.22,41.14,-43.03,-92.29
1439,2026-08-03 13:23:49.231,38.145,0.01,0.24,1.39,44.92,-45.04,-71.96
1440,2026-08-03 13:23:49.232,38.146,0.01,0.24,1.39,44.92,-45.04,-71.96
1441,2026-08-03 13:23:49.233,38.147,-0.2,0.38,1.32,15.87,-19.71,-18.86
1442,2026-08-03 13:23:49.233,38.147,-0.46,0.27,0.95,-30.33,3.78,19.78
1443,2026-08-03 13:23:49.234,38.148,-0.46,0.27,0.95,-30.33,3.78,19.78
1444,2026-08-03 13:23:49.357,38.271,-0.55,0.11,0.64,-43.15,10.93,9.95
1445,2026-08-03 13:23:49.357,38.271,-0.41,0.1,0.72,-5.49,5.25,-37.78
1446,2026-08-03 13:23:49.358,38.272,-0.41,0.1,0.72,-5.49,5.25,-37.78
1447,2026-08-03 13:23:49.358,38.272,-0.15,0.17,0.98,30.21,5.74,-91.31
1448,2026-08-03 13:23:49.410,38.324,-0.01,0.19,1.09,22.46,23.56,-120.48
1449,2026-08-03 13:23:49.411,38.325,-0.05,0.11,0.98,-1.71,43.64,-111.51
1450,2026-08-03 13:23:49.473,38.387,-0.05,0.11,0.98,-1.71,43.64,-111.51
1451,2026-08-03 13:23:49.474,38.388,-0.13,0.02,0.85,-10.5,46.39,-83.92
1452,2026-08-03 13:23:49.535,38.449,-0.08,0.02,0.85,-3.17,32.65,-64.64
1453,2026-08-03 13:23:49.536,38.45,-0.08,0.02,0.85,-3.17,32.65,-64.64
1454,2026-08-03 13:23:49.536,38.45,0.01,0.06,0.89,0.55,20.2,-51.15
1455,2026-08-03 13:23:49.831,38.745,0.01,0.06,0.89,-3.72,16.85,-31.74
1456,2026-08-03 13:23:49.832,38.746,-0.01,0.07,0.91,-3.72,16.85,-31.74
1457,2026-08-03 13:23:49.834,38.748,-0.11,0.03,0.99,0.49,13.12,-12.63
1458,2026-08-03 13:23:49.835,38.749,-0.22,-0.07,1.1,8.0,7.14,-4.27
1459,2026-08-03 13:23:49.836,38.75,-0.22,-0.07,1.1,8.0,7.14,-4.27
1460,2026-08-03 13:23:49.836,38.75,-0.35,-0.11,1.12,2.38,10.74,-4.76
1461,2026-08-03 13:23:49.837,38.751,-0.4,0.04,1.1,-11.78,26.86,-5.62
1462,2026-08-03 13:23:49.838,38.752,-0.4,0.04,1.1,-11.78,26.86,-5.62
1463,2026-08-03 13:23:49.841,38.755,-0.37,0.23,1.05,-23.25,39.98,-0.92
1464,2026-08-03 13:23:49.841,38.755,-0.42,0.17,0.86,-35.77,39.92,13.79
1465,2026-08-03 13:23:49.951,38.865,-0.49,-0.03,0.68,-41.26,32.65,27.22
1466,2026-08-03 13:23:49.952,38.866,-0.49,-0.03,0.68,-41.26,32.65,27.22
1467,2026-08-03 13:23:49.953,38.867,-0.43,-0.08,0.75,-19.78,21.0,25.63
1468,2026-08-03 13:23:49.953,38.867,-0.35,-0.04,0.91,8.79,10.68,25.27
1469,2026-08-03 13:23:49.954,38.868,-0.35,-0.04,0.91,8.79,10.68,25.27
1470,2026-08-03 13:23:50.011,38.925,-0.37,-0.01,0.93,11.05,11.23,42.05
1471,2026-08-03 13:23:50.016,38.93,-0.43,0.01,0.83,-3.23,16.6,63.17
1472,2026-08-03 13:23:50.191,39.105,-0.43,0.01,0.83,-3.23,16.6,63.17
1473,2026-08-03 13:23:50.191,39.105,-0.44,0.04,0.74,-9.4,18.19,73.61
1474,2026-08-03 13:23:50.193,39.107,-0.44,0.04,0.74,-9.4,18.19,73.61
1475,2026-08-03 13:23:50.195,39.109,-0.41,0.07,0.72,-2.38,16.17,75.07
1476,2026-08-03 13:23:50.197,39.111,-0.41,0.07,0.72,-2.38,16.17,75.07
1477,2026-08-03 13:23:50.198,39.112,-0.37,0.08,0.75,13.49,13.12,74.46
1478,2026-08-03 13:23:50.198,39.112,-0.37,0.08,0.75,28.02,9.52,77.03
1479,2026-08-03 13:23:50.198,39.112,-0.34,0.1,0.8,28.02,9.52,77.03
1480,2026-08-03 13:23:50.311,39.225,-0.33,0.1,0.83,34.85,4.88,85.75
1481,2026-08-03 13:23:50.312,39.226,-0.33,0.1,0.83,34.85,4.88,85.75
1482,2026-08-03 13:23:50.312,39.226,-0.32,0.08,0.83,34.06,4.46,97.96
1483,2026-08-03 13:23:50.313,39.227,-0.34,0.08,0.81,30.82,12.63,110.23
1484,2026-08-03 13:23:50.370,39.284,-0.34,0.08,0.81,30.82,12.63,110.23
1485,2026-08-03 13:23:50.371,39.285,-0.4,0.09,0.82,28.87,22.46,119.57
1486,2026-08-03 13:23:50.371,39.285,-0.36,0.24,0.75,21.97,25.27,120.48
1487,2026-08-03 13:23:50.490,39.404,-0.36,0.24,0.75,21.97,25.27,120.48
1488,2026-08-03 13:23:50.491,39.405,-0.32,0.49,0.69,8.67,29.6,123.6
1489,2026-08-03 13:23:50.492,39.406,-0.37,0.58,0.7,0.85,29.97,129.27
1490,2026-08-03 13:23:50.492,39.406,-0.35,0.56,0.65,3.78,16.6,124.69
1491,2026-08-03 13:23:50.557,39.471,-0.35,0.56,0.65,3.78,16.6,124.69
1492,2026-08-03 13:23:50.611,39.525,-0.29,0.51,0.62,6.9,7.75,108.34
1493,2026-08-03 13:23:50.611,39.525,-0.24,0.5,0.69,14.95,8.54,86.43
1494,2026-08-03 13:23:50.675,39.589,-0.24,0.5,0.69,14.95,8.54,86.43
1495,2026-08-03 13:23:50.675,39.589,-0.24,0.56,0.83,27.28,10.01,73.43
1496,2026-08-03 13:23:50.675,39.589,-0.3,0.7,1.0,27.95,13.18,70.62
1497,2026-08-03 13:23:50.676,39.59,-0.3,0.7,1.0,27.95,13.18,70.62
1498,2026-08-03 13:23:50.730,39.644,-0.42,0.84,1.12,16.66,16.6,67.14
1499,2026-08-03 13:23:50.731,39.645,-0.42,0.84,1.12,16.66,16.6,67.14
1500,2026-08-03 13:23:50.795,39.709,-0.53,0.84,1.13,-1.89,20.63,55.36
1501,2026-08-03 13:23:50.796,39.71,-0.53,0.84,1.13,-1.89,20.63,55.36
1502,2026-08-03 13:23:50.796,39.71,-0.56,0.76,1.03,-21.97,28.44,33.63
1503,2026-08-03 13:23:50.855,39.769,-0.56,0.76,1.03,-21.97,28.44,33.63
1504,2026-08-03 13:23:50.855,39.769,-0.44,0.57,0.84,-37.48,39.06,8.18
1505,2026-08-03 13:23:50.856,39.77,-0.06,0.27,0.79,-61.83,62.93,-16.66
1506,2026-08-03 13:23:50.910,39.824,-0.06,0.27,0.79,-61.83,62.93,-16.66
1507,2026-08-03 13:23:50.972,39.886,0.39,0.15,0.77,-110.41,88.01,-39.49
1508,2026-08-03 13:23:50.973,39.887,0.39,0.15,0.77,-110.41,88.01,-39.49
1509,2026-08-03 13:23:50.974,39.888,0.3,0.34,0.57,-144.1,68.73,-23.56
1510,2026-08-03 13:23:51.152,40.066,-0.44,0.58,0.48,-123.47,8.79,44.98
1511,2026-08-03 13:23:51.152,40.066,-0.91,0.61,0.91,-42.11,-16.05,81.24
1512,2026-08-03 13:23:51.153,40.067,-0.91,0.61,0.91,-42.11,-16.05,81.24
1513,2026-08-03 13:23:51.510,40.424,-0.76,0.22,1.17,4.82,5.43,69.89
1514,2026-08-03 13:23:51.513,40.427,-0.76,0.22,1.17,4.82,5.43,69.89
1515,2026-08-03 13:23:51.514,40.428,-0.4,-0.26,0.7,-41.99,12.82,77.27
1516,2026-08-03 13:23:51.570,40.484,-0.4,-0.26,0.7,-41.99,12.82,77.27
1517,2026-08-03 13:23:51.571,40.485,-0.04,-0.21,0.47,-60.61,7.93,73.24
1518,2026-08-03 13:23:51.571,40.485,-0.04,-0.21,0.47,-21.61,12.57,28.02
1519,2026-08-03 13:23:51.572,40.486,-0.3,0.42,1.14,-21.61,12.57,28.02
1520,2026-08-03 13:23:51.572,40.486,-0.81,0.92,1.56,-22.58,31.68,-11.54
1521,2026-08-03 13:23:51.630,40.544,-0.81,0.92,1.56,-22.58,31.68,-11.54
1522,2026-08-03 13:23:51.631,40.545,-0.3,0.63,1.13,-41.44,53.1,-12.88
1523,2026-08-03 13:23:51.632,40.546,0.41,0.27,0.88,-12.94,36.01,6.53
1524,2026-08-03 13:23:51.637,40.551,0.35,0.35,0.97,19.47,-13.73,1.28
1525,2026-08-03 13:23:51.638,40.552,0.35,0.35,0.97,19.47,-13.73,1.28
1526,2026-08-03 13:23:51.639,40.553,0.35,0.35,0.97,19.47,-13.73,1.28
1527,2026-08-03 13:23:51.639,40.553,-0.02,0.25,1.02,-7.93,-68.3,-38.39
1528,2026-08-03 13:23:51.690,40.604,-0.22,0.25,0.99,-18.74,-53.34,-18.92
1529,2026-08-03 13:23:51.753,40.667,-0.34,0.3,0.96,-13.12,-21.73,4.15
1530,2026-08-03 13:23:51.814,40.728,-0.39,0.25,0.91,1.46,2.93,19.53
1531,2026-08-03 13:23:51.815,40.729,-0.42,0.23,0.93,34.0,8.36,30.58
1532,2026-08-03 13:23:51.817,40.731,-0.42,0.23,0.93,34.0,8.36,30.58
1533,2026-08-03 13:23:51.818,40.732,-0.64,0.43,0.98,169.31,11.9,16.54
1534,2026-08-03 13:23:51.818,40.732,-0.64,0.43,0.98,317.63,41.08,-34.24
1535,2026-08-03 13:23:51.818,40.732,-0.86,0.6,1.09,317.63,41.08,-34.24
1536,2026-08-03 13:23:51.818,40.732,-0.72,0.52,1.03,221.37,78.8,-82.4
1537,2026-08-03 13:23:51.819,40.733,-0.29,0.57,0.71,-14.4,83.44,-116.64
1538,2026-08-03 13:23:51.819,40.733,0.07,0.57,0.65,-112.73,60.06,-120.54
1539,2026-08-03 13:23:51.819,40.733,0.07,0.57,0.65,-83.31,29.91,-70.8
1540,2026-08-03 13:23:51.870,40.784,0.09,0.43,1.12,-83.31,29.91,-70.8
1541,2026-08-03 13:23:51.871,40.785,-0.2,0.34,1.2,-84.11,-26.49,-6.41
1542,2026-08-03 13:23:51.930,40.844,-0.2,0.34,1.2,-84.11,-26.49,-6.41
1543,2026-08-03 13:23:51.935,40.849,-0.54,-0.01,0.67,-163.09,-86.85,65.55
1544,2026-08-03 13:23:51.937,40.851,-0.54,-0.01,0.67,-163.09,-86.85,65.55
1545,2026-08-03 13:23:51.990,40.904,-0.48,-0.48,0.35,-194.76,-93.51,118.16
1546,2026-08-03 13:23:51.991,40.905,-0.48,-0.48,0.35,-194.76,-93.51,118.16
1547,2026-08-03 13:23:51.992,40.906,-0.07,-0.24,0.59,-64.45,-57.56,71.23
1548,2026-08-03 13:23:52.052,40.966,-0.26,0.78,1.21,69.89,-33.87,-21.06
1549,2026-08-03 13:23:52.055,40.969,-0.26,0.78,1.21,69.89,-33.87,-21.06
1550,2026-08-03 13:23:52.111,41.025,-0.85,1.19,1.25,57.98,-54.08,-49.19
1551,2026-08-03 13:23:52.112,41.026,-0.58,0.75,0.95,45.53,-60.97,-48.34
1552,2026-08-03 13:23:52.239,41.153,-0.58,0.75,0.95,45.53,-60.97,-48.34
1553,2026-08-03 13:23:52.239,41.153,0.05,0.65,0.79,87.52,-32.04,-72.69
1554,2026-08-03 13:23:52.240,41.154,0.16,0.83,0.74,107.73,-2.38,-99.67
1555,2026-08-03 13:23:52.240,41.154,-0.14,0.64,0.76,106.45,29.97,-91.67
1556,2026-08-03 13:23:52.291,41.205,-0.14,0.64,0.76,106.45,29.97,-91.67
1557,2026-08-03 13:23:52.292,41.206,-0.46,0.38,0.76,107.79,56.58,-65.43
1558,2026-08-03 13:23:52.351,41.265,-0.54,0.4,0.77,122.13,63.42,-68.79
1559,2026-08-03 13:23:52.351,41.265,-0.5,0.52,0.67,127.62,45.59,-89.6
1560,2026-08-03 13:23:52.410,41.324,-0.5,0.52,0.67,127.62,45.59,-89.6
1561,2026-08-03 13:23:52.411,41.325,-0.51,0.55,0.65,109.56,29.6,-96.07
1562,2026-08-03 13:23:52.591,41.505,-0.57,0.48,0.76,98.51,22.77,-79.96
1563,2026-08-03 13:23:52.591,41.505,-0.62,0.5,0.84,90.88,-12.76,-68.97
1564,2026-08-03 13:23:52.592,41.506,-0.62,0.5,0.84,90.88,-12.76,-68.97
1565,2026-08-03 13:23:52.656,41.57,-0.67,0.61,0.84,37.66,-69.27,-79.53
1566,2026-08-03 13:23:52.657,41.571,-0.67,0.61,0.84,37.66,-69.27,-79.53
1567,2026-08-03 13:23:52.657,41.571,-0.72,0.63,0.72,-24.29,-116.94,-92.83
1568,2026-08-03 13:23:52.658,41.572,-0.72,0.63,0.72,-24.29,-116.94,-92.83
1569,2026-08-03 13:23:52.658,41.572,-0.77,0.62,0.49,-42.11,-151.43,-107.24
1570,2026-08-03 13:23:52.658,41.572,-0.74,0.64,0.25,-29.17,-166.63,-116.15
1571,2026-08-03 13:23:52.724,41.638,-0.6,0.71,0.21,-10.07,-153.99,-102.17
1572,2026-08-03 13:23:52.725,41.639,-0.38,0.72,0.42,0.79,-119.08,-67.57
1573,2026-08-03 13:23:52.771,41.685,-0.38,0.72,0.42,0.79,-119.08,-67.57
1574,2026-08-03 13:23:52.771,41.685,-0.2,0.51,0.73,-16.11,-80.14,-18.13
1575,2026-08-03 13:23:52.831,41.745,-0.2,0.51,0.73,-60.12,-52.12,37.48
1576,2026-08-03 13:23:52.832,41.746,-0.13,0.15,0.94,-60.12,-52.12,37.48
1577,2026-08-03 13:23:52.832,41.746,-0.05,-0.01,0.9,-81.42,-40.83,65.86
1578,2026-08-03 13:23:52.893,41.807,-0.05,-0.01,0.9,-81.42,-40.83,65.86
1579,2026-08-03 13:23:52.894,41.808,0.08,0.06,0.72,-68.24,-37.84,60.3
1580,2026-08-03 13:23:53.071,41.985,0.15,0.13,0.64,-51.76,-33.51,50.23
1581,2026-08-03 13:23:53.072,41.986,0.15,0.13,0.64,-51.76,-33.51,50.23
1582,2026-08-03 13:23:53.073,41.987,0.02,0.09,0.9,-16.48,-24.11,14.34
1583,2026-08-03 13:23:53.075,41.989,-0.09,0.16,0.95,-21.85,-15.75,-0.55
1584,2026-08-03 13:23:53.075,41.989,-0.21,0.22,0.95,-41.63,-12.15,12.51
1585,2026-08-03 13:23:53.131,42.045,-0.21,0.22,0.95,-41.63,-12.15,12.51
1586,2026-08-03 13:23:53.131,42.045,-0.24,0.25,0.96,-55.11,-11.41,31.68
1587,2026-08-03 13:23:53.132,42.046,-0.24,0.25,0.96,-55.11,-11.41,31.68
1588,2026-08-03 13:23:53.191,42.105,-0.07,0.27,1.13,-63.54,-11.9,27.28
1589,2026-08-03 13:23:53.250,42.164,0.09,0.27,1.35,-49.13,-13.37,11.29
1590,2026-08-03 13:23:53.251,42.165,0.0,0.26,1.36,-13.61,-7.93,23.86
1591,2026-08-03 13:23:53.252,42.166,0.0,0.26,1.36,-13.61,-7.93,23.86
1592,2026-08-03 13:23:53.320,42.234,-0.27,0.21,1.07,-21.3,-1.16,74.4
1593,2026-08-03 13:23:53.321,42.235,-0.48,0.11,0.72,-68.3,-6.16,130.86
1594,2026-08-03 13:23:53.430,42.344,-0.48,0.11,0.72,-68.3,-6.16,130.86
1595,2026-08-03 13:23:53.431,42.345,-0.43,0.04,0.73,-71.23,-13.98,157.29
1596,2026-08-03 13:23:53.432,42.346,-0.22,0.06,0.98,-34.06,-13.61,148.07
1597,2026-08-03 13:23:53.432,42.346,-0.11,0.1,1.09,-21.06,-4.46,127.69
1598,2026-08-03 13:23:53.550,42.464,-0.11,0.1,1.09,-21.06,-4.46,127.69
1599,2026-08-03 13:23:53.551,42.465,-0.13,0.12,0.99,-41.87,4.21,110.9
1600,2026-08-03 13:23:53.610,42.524,-0.13,0.12,0.99,-41.87,4.21,110.9
1601,2026-08-03 13:23:53.611,42.525,-0.16,0.12,0.85,-63.23,2.26,96.98
1602,2026-08-03 13:23:53.612,42.526,-0.14,0.11,0.85,-60.0,-13.12,76.66
1603,2026-08-03 13:23:53.612,42.526,-0.14,0.11,0.85,-33.63,-30.15,46.08
1604,2026-08-03 13:23:53.613,42.527,-0.14,0.04,0.95,-33.63,-30.15,46.08
1605,2026-08-03 13:23:53.678,42.592,-0.2,-0.05,1.11,1.1,-29.17,20.51
1606,2026-08-03 13:23:53.679,42.593,-0.18,0.01,1.4,23.19,-17.33,-8.61
1607,2026-08-03 13:23:53.730,42.644,-0.18,0.01,1.4,23.19,-17.33,-8.61
1608,2026-08-03 13:23:53.731,42.645,-0.15,0.13,1.43,11.47,-11.84,-35.22
1609,2026-08-03 13:23:53.792,42.706,-0.15,0.13,1.43,11.47,-11.84,-35.22
1610,2026-08-03 13:23:53.792,42.706,-0.25,-0.0,1.0,-25.7,-5.55,-21.42
1611,2026-08-03 13:23:53.793,42.707,-0.25,-0.0,1.0,-50.17,8.0,12.88
1612,2026-08-03 13:23:53.852,42.766,-0.37,-0.27,0.61,-50.17,8.0,12.88
1613,2026-08-03 13:23:53.852,42.766,-0.34,-0.42,0.6,-41.2,15.56,25.63
1614,2026-08-03 13:23:53.853,42.767,-0.34,-0.42,0.6,-41.2,15.56,25.63
1615,2026-08-03 13:23:53.913,42.827,-0.17,-0.37,0.81,-6.16,6.41,24.54
1616,2026-08-03 13:23:54.033,42.947,0.04,-0.23,1.01,25.33,-7.45,33.51
1617,2026-08-03 13:23:54.034,42.948,0.04,-0.23,1.01,25.33,-7.45,33.51
1618,2026-08-03 13:23:54.098,43.012,0.13,-0.17,1.03,18.68,-5.74,54.93
1619,2026-08-03 13:23:54.098,43.012,0.05,-0.15,0.89,-16.3,12.63,84.78
1620,2026-08-03 13:23:54.101,43.015,0.05,-0.15,0.89,-16.3,12.63,84.78
1621,2026-08-03 13:23:54.101,43.015,-0.13,-0.15,0.77,-41.44,25.7,112.18
1622,2026-08-03 13:23:54.102,43.016,-0.13,-0.15,0.77,-41.44,25.7,112.18
1623,2026-08-03 13:23:54.151,43.065,-0.26,-0.18,0.73,-43.88,21.97,118.71
1624,2026-08-03 13:23:54.152,43.066,-0.26,-0.18,0.73,-43.88,21.97,118.71
1625,2026-08-03 13:23:54.152,43.066,-0.28,-0.17,0.77,-31.43,14.04,106.87
1626,2026-08-03 13:23:54.154,43.068,-0.29,-0.13,0.83,-10.86,12.88,95.21
1627,2026-08-03 13:23:54.211,43.125,-0.29,-0.13,0.83,-10.86,12.88,95.21
1628,2026-08-03 13:23:54.212,43.126,-0.37,-0.14,0.88,11.11,18.43,91.61
1629,2026-08-03 13:23:54.271,43.185,-0.37,-0.13,0.94,31.13,19.59,83.74
1630,2026-08-03 13:23:54.330,43.244,-0.14,-0.05,1.02,42.42,-4.46,50.29
1631,2026-08-03 13:23:54.331,43.245,-0.14,-0.05,1.02,42.42,-4.46,50.29
1632,2026-08-03 13:23:54.398,43.312,0.1,0.01,1.15,39.73,-45.23,14.04
1633,2026-08-03 13:23:54.399,43.313,0.02,0.13,1.28,30.64,-48.71,33.51
1634,2026-08-03 13:23:54.452,43.366,-0.36,0.29,1.25,15.14,-11.35,107.6
1635,2026-08-03 13:23:54.453,43.367,-0.71,0.22,0.96,-14.77,15.5,165.77
1636,2026-08-03 13:23:54.571,43.485,-0.74,0.02,0.65,-39.92,16.17,158.14
1637,2026-08-03 13:23:54.572,43.486,-0.74,0.02,0.65,-39.92,16.17,158.14
1638,2026-08-03 13:23:54.572,43.486,-0.44,0.01,0.7,-24.9,4.52,103.45
1639,2026-08-03 13:23:54.576,43.49,-0.44,0.01,0.7,-24.9,4.52,103.45
1640,2026-08-03 13:23:54.577,43.491,-0.13,0.14,0.96,4.33,-0.61,56.52
1641,2026-08-03 13:23:54.631,43.545,-0.13,0.14,0.96,4.33,-0.61,56.52
1642,2026-08-03 13:23:54.632,43.546,-0.08,0.17,0.99,-2.01,12.57,48.22
1643,2026-08-03 13:23:54.633,43.547,-0.08,0.17,0.99,-2.01,12.57,48.22
1644,2026-08-03 13:23:54.693,43.607,-0.22,0.14,0.84,-21.61,31.8,62.93
1645,2026-08-03 13:23:54.693,43.607,-0.34,0.12,0.77,-21.42,39.86,74.89
1646,2026-08-03 13:23:54.694,43.608,-0.34,0.12,0.77,-21.42,39.86,74.89
1647,2026-08-03 13:23:54.810,43.724,-0.35,0.11,0.84,-12.39,37.41,74.4
1648,2026-08-03 13:23:54.811,43.725,-0.35,0.11,0.84,-12.39,37.41,74.4
1649,2026-08-03 13:23:54.811,43.725,-0.33,0.1,0.92,-9.7,31.74,61.46
1650,2026-08-03 13:23:54.812,43.726,-0.33,0.1,0.92,-9.7,31.74,61.46
1651,2026-08-03 13:23:54.812,43.726,-0.33,0.07,0.96,-16.54,22.89,39.12
1652,2026-08-03 13:23:54.871,43.785,-0.33,0.07,0.96,-24.66,12.33,20.39
1653,2026-08-03 13:23:54.871,43.785,-0.42,0.03,0.98,-24.66,12.33,20.39
1654,2026-08-03 13:23:54.933,43.847,-0.56,0.14,1.05,-17.4,8.79,12.02
1655,2026-08-03 13:23:54.934,43.848,-0.56,0.14,1.05,-17.4,8.79,12.02
1656,2026-08-03 13:23:54.936,43.85,-0.59,0.32,1.07,-4.33,14.34,14.16
1657,2026-08-03 13:23:55.293,44.207,-0.59,0.32,1.07,-4.33,14.34,14.16
1658,2026-08-03 13:23:55.294,44.208,-0.51,0.25,0.88,-16.85,18.19,28.26
1659,2026-08-03 13:23:55.294,44.208,-0.43,0.0,0.61,-42.18,11.78,40.47
1660,2026-08-03 13:23:55.295,44.209,-0.37,-0.1,0.57,-37.84,1.53,37.23
1661,2026-08-03 13:23:55.295,44.209,-0.37,0.05,0.79,-7.39,2.38,35.28
1662,2026-08-03 13:23:55.297,44.211,-0.37,0.05,0.79,-7.39,2.38,35.28
1663,2026-08-03 13:23:55.297,44.211,-0.47,0.22,0.92,3.54,13.31,56.58
1664,2026-08-03 13:23:55.299,44.213,-0.47,0.22,0.92,3.54,13.31,56.58
1665,2026-08-03 13:23:55.299,44.213,-0.58,0.19,0.82,-12.7,19.9,85.82
1666,2026-08-03 13:23:55.302,44.216,-0.58,0.19,0.82,-12.7,19.9,85.82
1667,2026-08-03 13:23:55.303,44.217,-0.57,0.07,0.72,-17.03,19.71,90.7
1668,2026-08-03 13:23:55.303,44.217,-0.46,0.03,0.75,-0.79,20.02,72.81
1669,2026-08-03 13:23:55.304,44.218,-0.37,0.04,0.78,14.16,23.5,60.42
1670,2026-08-03 13:23:55.364,44.278,-0.36,0.06,0.77,24.05,26.55,62.99
1671,2026-08-03 13:23:55.365,44.279,-0.36,0.06,0.77,24.05,26.55,62.99
1672,2026-08-03 13:23:55.412,44.326,-0.38,0.09,0.75,37.35,25.39,67.14
1673,2026-08-03 13:23:55.413,44.327,-0.38,0.17,0.77,55.05,21.18,66.83
1674,2026-08-03 13:23:55.471,44.385,-0.38,0.17,0.77,55.05,21.18,66.83
1675,2026-08-03 13:23:55.472,44.386,-0.41,0.28,0.8,69.64,16.05,63.66
1676,2026-08-03 13:23:55.590,44.504,-0.5,0.47,0.75,72.57,16.66,60.42
1677,2026-08-03 13:23:55.591,44.505,-0.5,0.47,0.75,72.57,16.66,60.42
1678,2026-08-03 13:23:55.591,44.505,-0.69,0.7,0.73,73.18,34.48,63.23
1679,2026-08-03 13:23:55.592,44.506,-0.69,0.7,0.73,83.37,54.87,56.58
1680,2026-08-03 13:23:55.592,44.506,-0.72,0.68,0.64,83.37,54.87,56.58
1681,2026-08-03 13:23:55.652,44.566,-0.5,0.55,0.42,98.02,62.44,24.78
1682,2026-08-03 13:23:55.653,44.567,-0.5,0.55,0.42,98.02,62.44,24.78
1683,2026-08-03 13:23:55.653,44.567,-0.45,0.67,0.26,102.6,69.58,0.43
1684,2026-08-03 13:23:55.831,44.745,-0.45,0.67,0.26,102.6,69.58,0.43
1685,2026-08-03 13:23:55.832,44.746,-0.64,0.83,0.26,90.39,66.71,14.04
1686,2026-08-03 13:23:55.832,44.746,-0.74,0.9,0.36,81.67,45.59,36.74
1687,2026-08-03 13:23:55.833,44.747,-0.74,0.95,0.35,83.07,27.83,37.9
1688,2026-08-03 13:23:55.834,44.748,-0.69,0.99,0.29,78.86,17.94,22.83
1689,2026-08-03 13:23:55.953,44.867,-0.6,0.95,0.28,65.31,7.63,-1.34
1690,2026-08-03 13:23:55.954,44.868,-0.6,0.95,0.28,65.31,7.63,-1.34
1691,2026-08-03 13:23:55.954,44.868,-0.56,0.85,0.28,43.7,-0.98,-26.25
1692,2026-08-03 13:23:55.954,44.868,-0.58,0.8,0.29,22.22,-7.14,-38.21
1693,2026-08-03 13:23:56.071,44.985,-0.64,0.81,0.33,8.61,-15.56,-35.16
1694,2026-08-03 13:23:56.074,44.988,-0.64,0.81,0.33,8.61,-15.56,-35.16
1695,2026-08-03 13:23:56.076,44.99,-0.72,0.8,0.39,-0.18,-28.87,-22.89
1696,2026-08-03 13:23:56.076,44.99,-0.76,0.76,0.45,-10.31,-44.01,-8.97
1697,2026-08-03 13:23:56.132,45.046,-0.75,0.72,0.52,-24.78,-51.57,-4.46
1698,2026-08-03 13:23:56.370,45.284,-0.71,0.67,0.57,-42.54,-47.73,-11.23
1699,2026-08-03 13:23:56.430,45.344,-0.71,0.67,0.57,-42.54,-47.73,-11.23
1700,2026-08-03 13:23:56.431,45.345,-0.65,0.63,0.57,-46.14,-41.38,-24.66
1701,2026-08-03 13:23:56.433,45.347,-0.65,0.63,0.57,-46.14,-41.38,-24.66
1702,2026-08-03 13:23:56.433,45.347,-0.56,0.58,0.57,-35.52,-41.44,-40.04
1703,2026-08-03 13:23:56.434,45.348,-0.56,0.58,0.57,-35.52,-41.44,-40.04
1704,2026-08-03 13:23:56.435,45.349,-0.49,0.51,0.56,-39.25,-48.28,-50.6
1705,2026-08-03 13:23:56.435,45.349,-0.46,0.41,0.55,-59.39,-56.88,-56.95
1706,2026-08-03 13:23:56.439,45.353,-0.45,0.32,0.54,-74.46,-64.39,-68.42
1707,2026-08-03 13:23:56.440,45.354,-0.45,0.32,0.54,-74.46,-64.39,-68.42
1708,2026-08-03 13:23:56.441,45.355,-0.4,0.24,0.57,-70.31,-71.72,-88.75
1709,2026-08-03 13:23:56.493,45.407,-0.39,0.17,0.65,-57.43,-78.0,-106.81
1710,2026-08-03 13:23:56.494,45.408,-0.48,0.11,0.73,-54.14,-84.41,-113.59
1711,2026-08-03 13:23:56.495,45.409,-0.67,0.18,0.74,-59.33,-92.71,-117.74
1712,2026-08-03 13:23:56.561,45.475,-0.67,0.18,0.74,-59.33,-92.71,-117.74
1713,2026-08-03 13:23:56.561,45.475,-0.92,0.32,0.75,-66.1,-93.69,-130.62
1714,2026-08-03 13:23:56.618,45.532,-0.92,0.32,0.75,-66.1,-93.69,-130.62
1715,2026-08-03 13:23:56.625,45.539,-1.0,0.41,0.87,-46.08,-74.52,-150.45
1716,2026-08-03 13:23:56.625,45.539,-0.81,0.38,0.99,4.09,-47.79,-147.95
1717,2026-08-03 13:23:56.731,45.645,-0.81,0.38,0.99,4.09,-47.79,-147.95
1718,2026-08-03 13:23:56.731,45.645,-0.5,0.18,0.95,35.71,-41.38,-105.65
1719,2026-08-03 13:23:56.799,45.713,-0.5,0.18,0.95,35.71,-41.38,-105.65
1720,2026-08-03 13:23:56.802,45.716,-0.17,-0.05,0.85,51.09,-56.03,-75.26
1721,2026-08-03 13:23:56.802,45.716,0.08,-0.08,0.82,72.57,-66.71,-89.48
1722,2026-08-03 13:23:56.802,45.716,0.12,-0.01,0.79,68.6,-57.86,-89.23
1723,2026-08-03 13:23:56.852,45.766,-0.02,0.01,0.66,26.0,-41.75,-36.74
1724,2026-08-03 13:23:56.853,45.767,-0.02,0.01,0.66,26.0,-41.75,-36.74
1725,2026-08-03 13:23:56.924,45.838,-0.11,0.01,0.61,-11.9,-30.64,25.15
1726,2026-08-03 13:23:56.925,45.839,-0.07,-0.01,0.77,-13.98,-24.72,49.19
1727,2026-08-03 13:23:57.030,45.944,-0.07,-0.01,0.77,-2.38,-27.04,39.92
1728,2026-08-03 13:23:57.031,45.945,-0.04,-0.03,0.98,-2.38,-27.04,39.92
1729,2026-08-03 13:23:57.036,45.95,-0.13,-0.02,1.17,2.87,-40.77,32.23
1730,2026-08-03 13:23:57.036,45.95,-0.16,0.07,1.43,16.54,-54.32,32.71
1731,2026-08-03 13:23:57.091,46.005,-0.09,0.28,1.57,32.29,-44.49,31.37
1732,2026-08-03 13:23:57.217,46.131,-0.16,0.48,1.38,19.1,-13.61,45.35
1733,2026-08-03 13:23:57.218,46.132,-0.36,0.4,0.94,-23.74,15.26,79.04
1734,2026-08-03 13:23:57.219,46.133,-0.36,0.4,0.94,-23.74,15.26,79.04
1735,2026-08-03 13:23:57.220,46.134,-0.5,0.19,0.53,-65.37,31.13,101.75
1736,2026-08-03 13:23:57.273,46.187,-0.48,0.09,0.47,-58.11,34.55,98.82
1737,2026-08-03 13:23:57.274,46.188,-0.48,0.09,0.47,-58.11,34.55,98.82
1738,2026-08-03 13:23:57.274,46.188,-0.4,0.09,0.71,-0.24,30.58,81.3
1739,2026-08-03 13:23:57.330,46.244,-0.4,0.09,0.71,38.76,22.71,54.87
1740,2026-08-03 13:23:57.331,46.245,-0.33,0.18,0.95,38.76,22.71,54.87
1741,2026-08-03 13:23:57.450,46.364,-0.31,0.25,1.0,33.51,12.7,22.22
1742,2026-08-03 13:23:57.451,46.365,-0.31,0.25,1.0,33.51,12.7,22.22
1743,2026-08-03 13:23:57.451,46.365,-0.32,0.23,0.91,17.94,4.09,-9.52
1744,2026-08-03 13:23:57.452,46.366,-0.32,0.23,0.91,17.94,4.09,-9.52
1745,2026-08-03 13:23:57.453,46.367,-0.31,0.2,0.86,10.31,0.67,-36.62
1746,2026-08-03 13:23:57.510,46.424,-0.31,0.2,0.86,10.31,0.67,-36.62
1747,2026-08-03 13:23:57.511,46.425,-0.29,0.17,0.9,5.37,2.93,-55.6
1748,2026-08-03 13:23:57.511,46.425,-0.31,0.13,0.92,-5.86,7.26,-65.61
1749,2026-08-03 13:23:57.750,46.664,-0.33,0.12,0.88,-18.01,8.3,-75.38
1750,2026-08-03 13:23:57.751,46.665,-0.33,0.12,0.88,-18.01,8.3,-75.38
1751,2026-08-03 13:23:57.752,46.666,-0.33,0.14,0.93,-14.83,4.03,-89.84
1752,2026-08-03 13:23:57.752,46.666,-0.3,0.17,1.1,3.72,-3.11,-106.87
1753,2026-08-03 13:23:57.753,46.667,-0.3,0.17,1.1,3.72,-3.11,-106.87
1754,2026-08-03 13:23:57.753,46.667,-0.36,0.14,1.19,14.16,-5.49,-122.13
1755,2026-08-03 13:23:57.753,46.667,-0.53,0.13,1.14,12.21,2.87,-128.42
1756,2026-08-03 13:23:57.754,46.668,-0.53,0.13,1.14,12.21,2.87,-128.42
1757,2026-08-03 13:23:57.754,46.668,-0.59,0.24,1.0,9.95,11.72,-125.79
1758,2026-08-03 13:23:57.870,46.784,-0.52,0.29,0.78,2.14,10.74,-120.36
1759,2026-08-03 13:23:57.871,46.785,-0.52,0.29,0.78,2.14,10.74,-120.36
1760,2026-08-03 13:23:57.871,46.785,-0.44,0.11,0.62,-4.7,10.25,-119.14
1761,2026-08-03 13:23:57.871,46.785,-0.44,0.11,0.62,14.22,9.64,-136.29
1762,2026-08-03 13:23:57.872,46.786,-0.4,-0.15,0.7,14.22,9.64,-136.29
1763,2026-08-03 13:23:57.990,46.904,-0.28,-0.16,1.0,50.96,5.68,-157.9
1764,2026-08-03 13:23:57.991,46.905,-0.28,-0.16,1.0,50.96,5.68,-157.9
1765,2026-08-03 13:23:57.991,46.905,-0.1,0.05,1.2,60.91,7.75,-148.56
1766,2026-08-03 13:23:57.993,46.907,-0.1,0.05,1.2,60.91,7.75,-148.56
1767,2026-08-03 13:23:57.993,46.907,-0.04,0.1,1.04,22.16,13.67,-110.53
1768,2026-08-03 13:23:58.051,46.965,-0.04,0.1,1.04,22.16,13.67,-110.53
1769,2026-08-03 13:23:58.052,46.966,-0.13,-0.07,0.74,-22.89,18.98,-69.89
1770,2026-08-03 13:23:58.110,47.024,-0.23,-0.24,0.64,-25.45,22.28,-44.74
1771,2026-08-03 13:23:58.111,47.025,-0.23,-0.24,0.64,-25.45,22.28,-44.74
1772,2026-08-03 13:23:58.111,47.025,-0.26,-0.25,0.76,7.2,21.36,-38.39
1773,2026-08-03 13:23:58.236,47.15,-0.26,-0.25,0.76,7.2,21.36,-38.39
1774,2026-08-03 13:23:58.236,47.15,-0.3,-0.09,0.93,46.81,19.78,-33.81
1775,2026-08-03 13:23:58.237,47.151,-0.43,0.07,1.01,66.22,26.12,-5.13
1776,2026-08-03 13:23:58.237,47.151,-0.43,0.07,1.01,54.32,41.99,42.6
1777,2026-08-03 13:23:58.237,47.151,-0.58,0.02,0.99,54.32,41.99,42.6
1778,2026-08-03 13:23:58.291,47.205,-0.56,-0.1,0.92,33.14,44.19,58.04
1779,2026-08-03 13:23:58.292,47.206,-0.56,-0.1,0.92,33.14,44.19,58.04
1780,2026-08-03 13:23:58.350,47.264,-0.33,-0.1,0.88,19.29,18.31,22.28
1781,2026-08-03 13:23:58.351,47.265,-0.33,-0.1,0.88,19.29,18.31,22.28
1782,2026-08-03 13:23:58.351,47.265,-0.14,-0.05,0.88,2.08,-10.56,-16.78
1783,2026-08-03 13:23:58.410,47.324,-0.14,-0.05,0.88,2.08,-10.56,-16.78
1784,2026-08-03 13:23:58.411,47.325,-0.14,-0.01,0.88,-16.97,-18.31,-21.61
1785,2026-08-03 13:23:58.470,47.384,-0.33,0.03,0.89,-22.89,-7.87,3.78
1786,2026-08-03 13:23:58.471,47.385,-0.51,0.05,0.88,-18.98,2.44,30.33
1787,2026-08-03 13:23:58.530,47.444,-0.51,0.05,0.88,-18.98,2.44,30.33
1788,2026-08-03 13:23:58.530,47.444,-0.51,0.06,0.85,-9.89,3.66,34.85
1789,2026-08-03 13:23:58.590,47.504,-0.42,0.1,0.85,1.65,3.66,26.98
1790,2026-08-03 13:23:58.591,47.505,-0.42,0.1,0.85,1.65,3.66,26.98
1791,2026-08-03 13:23:58.591,47.505,-0.4,0.11,0.86,7.63,8.24,25.27
1792,2026-08-03 13:23:58.654,47.568,-0.4,0.11,0.86,7.63,8.24,25.27
1793,2026-08-03 13:23:58.654,47.568,-0.46,0.11,0.85,10.44,12.76,27.71
1794,2026-08-03 13:23:58.655,47.569,-0.46,0.11,0.85,10.44,12.76,27.71
1795,2026-08-03 13:23:58.777,47.691,-0.48,0.13,0.87,15.44,10.56,21.48
1796,2026-08-03 13:23:58.786,47.7,-0.48,0.13,0.87,15.44,10.56,21.48
1797,2026-08-03 13:23:58.787,47.701,-0.44,0.16,0.9,19.17,0.37,5.19
1798,2026-08-03 13:23:58.788,47.702,-0.39,0.17,0.92,17.7,-11.54,-10.07
1799,2026-08-03 13:23:58.789,47.703,-0.39,0.17,0.92,17.7,-11.54,-10.07
1800,2026-08-03 13:23:58.830,47.744,-0.37,0.16,0.91,14.1,-19.17,-17.21
1801,2026-08-03 13:23:58.833,47.747,-0.37,0.16,0.91,14.1,-19.17,-17.21
1802,2026-08-03 13:23:58.834,47.748,-0.36,0.15,0.9,13.37,-23.8,-19.65
1803,2026-08-03 13:23:58.890,47.804,-0.36,0.15,0.9,13.37,-23.8,-19.65
1804,2026-08-03 13:23:58.891,47.805,-0.33,0.15,0.89,14.95,-27.83,-21.0
1805,2026-08-03 13:23:58.953,47.867,-0.33,0.15,0.89,15.87,-30.21,-19.71
1806,2026-08-03 13:23:58.955,47.869,-0.28,0.14,0.87,15.87,-30.21,-19.71
1807,2026-08-03 13:23:58.955,47.869,-0.25,0.13,0.87,16.78,-30.58,-13.0
1808,2026-08-03 13:23:59.070,47.984,-0.25,0.13,0.87,16.78,-30.58,-13.0
1809,2026-08-03 13:23:59.071,47.985,-0.23,0.14,0.9,18.8,-30.09,-4.76
1810,2026-08-03 13:23:59.071,47.985,-0.2,0.16,0.94,20.87,-31.01,-2.99
1811,2026-08-03 13:23:59.256,48.17,-0.12,0.22,0.95,23.44,-32.96,-3.36
1812,2026-08-03 13:23:59.256,48.17,-0.1,0.28,0.9,21.36,-24.96,13.98
1813,2026-08-03 13:23:59.257,48.171,-0.1,0.28,0.9,21.36,-24.96,13.98
1814,2026-08-03 13:23:59.257,48.171,-0.18,0.33,0.84,13.61,-1.59,57.68
1815,2026-08-03 13:23:59.258,48.172,-0.18,0.33,0.84,13.61,-1.59,57.68
1816,2026-08-03 13:23:59.258,48.172,-0.3,0.39,0.84,13.73,24.66,106.45
1817,2026-08-03 13:23:59.258,48.172,-0.39,0.39,0.9,27.04,45.29,133.73
1818,2026-08-03 13:23:59.310,48.224,-0.4,0.34,0.94,35.22,60.06,133.3
1819,2026-08-03 13:23:59.312,48.226,-0.33,0.33,0.92,30.46,66.28,116.58
1820,2026-08-03 13:23:59.373,48.287,-0.33,0.33,0.92,30.46,66.28,116.58
1821,2026-08-03 13:23:59.373,48.287,-0.22,0.38,0.93,25.51,65.25,102.05
1822,2026-08-03 13:23:59.434,48.348,-0.17,0.39,1.0,18.86,62.01,99.61
1823,2026-08-03 13:23:59.435,48.349,-0.2,0.35,1.07,-4.33,55.97,93.26
1824,2026-08-03 13:23:59.491,48.405,-0.2,0.35,1.07,-4.33,55.97,93.26
1825,2026-08-03 13:23:59.491,48.405,-0.26,0.35,1.06,-39.73,41.87,65.43
1826,2026-08-03 13:23:59.492,48.406,-0.26,0.35,1.06,-39.73,41.87,65.43
1827,2026-08-03 13:23:59.551,48.465,-0.31,0.37,0.95,-64.94,18.86,22.77
1828,2026-08-03 13:23:59.552,48.466,-0.31,0.37,0.95,-64.94,18.86,22.77
1829,2026-08-03 13:23:59.730,48.644,-0.32,0.33,0.81,-67.81,-2.14,-17.7
1830,2026-08-03 13:23:59.731,48.645,-0.32,0.33,0.81,-67.81,-2.14,-17.7
1831,2026-08-03 13:23:59.731,48.645,-0.23,0.27,0.82,-56.03,-12.08,-44.68
1832,2026-08-03 13:23:59.732,48.646,-0.06,0.28,0.94,-40.34,-17.27,-55.73
1833,2026-08-03 13:23:59.732,48.646,0.09,0.32,1.03,-29.97,-22.95,-48.28
1834,2026-08-03 13:23:59.735,48.649,0.09,0.32,1.03,-29.97,-22.95,-48.28
1835,2026-08-03 13:23:59.735,48.649,0.11,0.32,1.0,-30.52,-21.48,-18.37
1836,2026-08-03 13:23:59.790,48.704,-0.05,0.27,0.91,-30.64,-4.88,26.18
1837,2026-08-03 13:23:59.790,48.704,-0.3,0.26,0.91,-9.83,14.16,62.44
1838,2026-08-03 13:23:59.852,48.766,-0.3,0.26,0.91,-9.83,14.16,62.44
1839,2026-08-03 13:23:59.854,48.768,-0.52,0.27,0.98,18.19,17.15,70.56
1840,2026-08-03 13:24:00.036,48.95,-0.59,0.21,0.97,16.17,10.01,51.09
1841,2026-08-03 13:24:00.037,48.951,-0.59,0.21,0.97,16.17,10.01,51.09
1842,2026-08-03 13:24:00.037,48.951,-0.52,0.13,0.91,-6.04,4.09,18.62
1843,2026-08-03 13:24:00.038,48.952,-0.38,0.06,0.86,-21.18,-1.65,-14.04
1844,2026-08-03 13:24:00.040,48.954,-0.26,0.07,0.83,-23.13,-6.16,-38.88
1845,2026-08-03 13:24:00.040,48.954,-0.22,0.12,0.86,-10.44,-4.46,-48.16
1846,2026-08-03 13:24:00.751,49.665,-0.22,0.12,0.86,-10.44,-4.46,-48.16
1847,2026-08-03 13:24:00.751,49.665,-0.25,0.16,0.89,1.59,1.04,-43.15
1848,2026-08-03 13:24:00.752,49.666,-0.25,0.16,0.89,1.59,1.04,-43.15
1849,2026-08-03 13:24:00.752,49.666,-0.29,0.17,0.88,2.93,3.17,-35.58
1850,2026-08-03 13:24:00.753,49.667,-0.31,0.16,0.88,3.3,0.85,-33.94
1851,2026-08-03 13:24:00.754,49.668,-0.29,0.13,0.88,5.74,-5.43,-40.47
1852,2026-08-03 13:24:00.755,49.669,-0.24,0.07,0.89,5.07,-17.4,-54.32
1853,2026-08-03 13:24:00.759,49.673,-0.24,0.07,0.89,5.07,-17.4,-54.32
1854,2026-08-03 13:24:00.759,49.673,-0.13,0.04,0.93,-0.43,-33.94,-70.43
1855,2026-08-03 13:24:00.759,49.673,0.0,0.05,1.01,-7.02,-44.68,-80.87
1856,2026-08-03 13:24:00.990,49.904,0.0,0.05,1.01,-7.02,-44.68,-80.87
1857,2026-08-03 13:24:01.112,50.026,0.08,0.03,1.1,-10.86,-41.75,-80.63
1858,2026-08-03 13:24:01.113,50.027,0.12,0.05,1.15,-9.95,-32.53,-68.54
1859,2026-08-03 13:24:01.114,50.028,0.1,0.14,1.12,0.18,-24.54,-44.31
1860,2026-08-03 13:24:01.120,50.034,0.1,0.14,1.12,0.18,-24.54,-44.31
1861,2026-08-03 13:24:01.120,50.034,-0.12,0.15,1.09,24.72,-0.43,-9.83
1862,2026-08-03 13:24:01.121,50.035,-0.12,0.15,1.09,24.72,-0.43,-9.83
1863,2026-08-03 13:24:01.121,50.035,-0.41,0.15,1.06,48.16,44.98,21.06
1864,2026-08-03 13:24:01.122,50.036,-0.56,0.22,0.97,43.88,71.17,37.66
1865,2026-08-03 13:24:01.122,50.036,-0.5,0.23,0.86,16.17,54.26,41.08
1866,2026-08-03 13:24:01.123,50.037,-0.5,0.23,0.86,16.17,54.26,41.08
1867,2026-08-03 13:24:01.124,50.038,-0.34,0.23,0.82,-2.93,18.07,38.82
1868,2026-08-03 13:24:01.124,50.038,-0.22,0.26,0.81,-2.2,-8.36,46.94
1869,2026-08-03 13:24:01.125,50.039,-0.22,0.26,0.81,-2.2,-8.36,46.94
1870,2026-08-03 13:24:01.125,50.039,-0.17,0.31,0.79,0.98,-12.45,63.29
1871,2026-08-03 13:24:01.126,50.04,-0.19,0.34,0.77,-2.75,2.2,78.37
1872,2026-08-03 13:24:01.126,50.04,-0.24,0.33,0.76,-10.25,21.18,90.45
1873,2026-08-03 13:24:01.127,50.041,-0.23,0.36,0.81,-18.55,34.79,90.7
1874,2026-08-03 13:24:01.128,50.042,-0.19,0.41,0.9,-28.32,38.64,76.78
1875,2026-08-03 13:24:01.129,50.043,-0.19,0.41,0.9,-28.32,38.64,76.78
1876,2026-08-03 13:24:01.129,50.043,-0.17,0.41,1.02,-46.45,30.15,54.99
1877,2026-08-03 13:24:01.129,50.043,-0.17,0.41,1.02,-86.79,8.36,29.72
1878,2026-08-03 13:24:01.129,50.043,-0.2,0.34,1.16,-86.79,8.36,29.72
1879,2026-08-03 13:24:01.130,50.044,-0.23,0.23,1.19,-138.67,-25.27,4.46
1880,2026-08-03 13:24:01.130,50.044,-0.28,0.13,1.11,-152.47,-53.28,-15.69
1881,2026-08-03 13:24:01.130,50.044,-0.32,0.09,1.06,-114.99,-60.79,-25.76
1882,2026-08-03 13:24:01.130,50.044,-0.26,0.16,0.99,-63.9,-45.9,-23.44
1883,2026-08-03 13:24:01.170,50.084,-0.2,0.15,0.82,-33.33,-19.17,0.43
1884,2026-08-03 13:24:01.230,50.144,-0.2,0.15,0.82,-33.33,-19.17,0.43
1885,2026-08-03 13:24:01.230,50.144,-0.26,-0.1,0.66,-29.54,-3.6,41.44
1886,2026-08-03 13:24:01.231,50.145,-0.26,-0.1,0.66,-29.54,-3.6,41.44
1887,2026-08-03 13:24:01.291,50.205,-0.27,-0.29,0.76,-14.16,-11.84,63.84
1888,2026-08-03 13:24:01.291,50.205,-0.1,-0.14,1.07,22.95,-20.94,53.89
1889,2026-08-03 13:24:01.409,50.323,-0.1,-0.14,1.07,22.95,-20.94,53.89
1890,2026-08-03 13:24:01.410,50.324,-0.1,-0.14,1.07,22.95,-20.94,53.89
1891,2026-08-03 13:24:01.411,50.325,0.11,0.17,1.03,-2.75,0.43,70.07
1892,2026-08-03 13:24:01.530,50.444,0.11,0.17,1.03,-43.64,2.62,124.69
1893,2026-08-03 13:24:01.531,50.445,-0.01,0.04,0.75,-43.64,2.62,124.69
1894,2026-08-03 13:24:01.531,50.445,-0.12,-0.04,0.61,-57.68,14.83,173.58
1895,2026-08-03 13:24:01.532,50.446,-0.15,-0.01,0.7,-56.58,37.29,192.02
1896,2026-08-03 13:24:01.533,50.447,-0.15,-0.01,0.7,-56.58,37.29,192.02
1897,2026-08-03 13:24:01.534,50.448,-0.14,0.07,0.91,-60.49,43.4,180.6
1898,2026-08-03 13:24:01.663,50.577,-0.14,0.07,0.91,-60.49,43.4,180.6
1899,2026-08-03 13:24:01.663,50.577,-0.12,0.16,1.06,-54.75,22.46,156.37
1900,2026-08-03 13:24:01.664,50.578,-0.16,0.21,1.13,-26.25,-8.12,138.73
1901,2026-08-03 13:24:01.664,50.578,-0.24,0.2,1.18,5.19,-32.78,131.84
1902,2026-08-03 13:24:01.715,50.629,-0.24,0.2,1.18,5.19,-32.78,131.84
1903,2026-08-03 13:24:01.716,50.63,-0.35,0.22,1.29,22.52,-44.98,124.69
1904,2026-08-03 13:24:01.891,50.805,-0.47,0.27,1.35,28.2,-43.27,113.28
1905,2026-08-03 13:24:01.891,50.805,-0.57,0.28,1.05,12.57,-33.94,110.41
1906,2026-08-03 13:24:01.897,50.811,-0.57,0.28,1.05,12.57,-33.94,110.41
1907,2026-08-03 13:24:01.898,50.812,-0.63,0.21,0.74,-17.21,-21.61,121.09
1908,2026-08-03 13:24:01.898,50.812,-0.53,0.15,0.79,-25.15,-3.23,120.06
1909,2026-08-03 13:24:01.949,50.863,-0.53,0.15,0.79,-25.15,-3.23,120.06
1910,2026-08-03 13:24:01.960,50.874,-0.31,0.18,0.9,-11.54,21.55,95.4
1911,2026-08-03 13:24:01.961,50.875,-0.31,0.18,0.9,-11.54,21.55,95.4
1912,2026-08-03 13:24:02.013,50.927,-0.31,0.18,0.9,-11.54,21.55,95.4
1913,2026-08-03 13:24:02.070,50.984,-0.14,0.15,0.61,-9.52,49.62,69.7
1914,2026-08-03 13:24:02.071,50.985,-0.2,0.08,0.55,-13.0,45.41,73.18
1915,2026-08-03 13:24:02.071,50.985,-0.28,0.01,0.68,-12.76,39.0,70.01
1916,2026-08-03 13:24:02.141,51.055,-0.34,-0.03,0.96,-8.54,35.95,52.61
1917,2026-08-03 13:24:02.145,51.059,-0.34,-0.03,0.96,-8.54,35.95,52.61
1918,2026-08-03 13:24:02.145,51.059,-0.31,-0.03,1.25,-5.8,31.86,22.28
1919,2026-08-03 13:24:02.251,51.165,-0.31,-0.03,1.25,-5.8,31.86,22.28
1920,2026-08-03 13:24:02.253,51.167,-0.2,0.02,1.34,-8.42,23.19,-12.57
1921,2026-08-03 13:24:02.254,51.168,-0.13,0.17,1.23,-9.83,17.52,-35.77
1922,2026-08-03 13:24:02.370,51.284,-0.13,0.17,1.23,-9.83,17.52,-35.77
1923,2026-08-03 13:24:02.371,51.285,-0.19,0.26,1.0,-7.08,16.17,-33.02
1924,2026-08-03 13:24:02.372,51.286,-0.19,0.26,1.0,-7.08,16.17,-33.02
1925,2026-08-03 13:24:02.372,51.286,-0.44,0.24,0.7,-12.7,11.66,-6.23
1926,2026-08-03 13:24:02.373,51.287,-0.44,0.24,0.7,-12.7,11.66,-6.23
1927,2026-08-03 13:24:02.374,51.288,-0.74,0.18,0.61,-28.14,6.53,23.99
1928,2026-08-03 13:24:02.622,51.536,-0.87,0.1,1.06,-26.98,3.36,25.02
1929,2026-08-03 13:24:02.624,51.538,-0.69,0.13,1.66,-4.33,-7.02,-4.15
1930,2026-08-03 13:24:02.625,51.539,-0.38,0.13,1.74,10.38,-22.46,-28.08
1931,2026-08-03 13:24:02.626,51.54,-0.12,-0.04,1.28,24.35,-31.68,-35.77
1932,2026-08-03 13:24:02.626,51.54,0.1,-0.12,0.65,46.51,-36.68,-42.3
1933,2026-08-03 13:24:02.627,51.541,0.27,0.03,0.2,58.72,-35.34,-44.07
1934,2026-08-03 13:24:02.628,51.542,0.26,0.2,0.03,48.03,-22.03,-15.99
1935,2026-08-03 13:24:02.730,51.644,0.26,0.2,0.03,48.03,-22.03,-15.99
1936,2026-08-03 13:24:02.731,51.645,-0.01,0.15,-0.05,11.05,-6.1,42.91
1937,2026-08-03 13:24:02.732,51.646,-0.01,0.15,-0.05,11.05,-6.1,42.91
1938,2026-08-03 13:24:02.733,51.647,-0.33,0.07,0.11,-20.87,-3.72,89.54
1939,2026-08-03 13:24:02.734,51.648,-0.51,0.19,0.99,-10.56,-8.54,105.35
1940,2026-08-03 13:24:02.972,51.886,-0.51,0.19,0.99,-10.56,-8.54,105.35
1941,2026-08-03 13:24:02.973,51.887,-0.44,0.64,2.01,26.49,-7.02,102.29
1942,2026-08-03 13:24:02.974,51.888,-0.38,0.74,2.13,31.25,3.11,105.59
1943,2026-08-03 13:24:02.974,51.888,-0.43,0.39,1.65,25.76,27.1,115.48
1944,2026-08-03 13:24:02.975,51.889,-0.43,0.39,1.65,25.76,27.1,115.48
1945,2026-08-03 13:24:03.042,51.956,-0.35,0.38,1.28,34.67,47.36,98.14
1946,2026-08-03 13:24:03.042,51.956,-0.23,0.52,1.0,20.57,40.34,69.58
1947,2026-08-03 13:24:03.044,51.958,-0.23,0.52,1.0,20.57,40.34,69.58
1948,2026-08-03 13:24:03.044,51.958,-0.24,0.43,0.56,-11.9,16.42,59.75
1949,2026-08-03 13:24:03.046,51.96,-0.24,0.43,0.56,-11.9,16.42,59.75
1950,2026-08-03 13:24:03.046,51.96,-0.37,0.22,0.12,-41.08,3.97,56.76
1951,2026-08-03 13:24:03.090,52.004,-0.37,0.22,0.12,-41.08,3.97,56.76
1952,2026-08-03 13:24:03.091,52.005,-0.51,0.05,-0.13,-53.47,9.4,34.12
1953,2026-08-03 13:24:03.091,52.005,-0.59,0.01,-0.09,-47.49,17.09,-15.87
1954,2026-08-03 13:24:03.211,52.125,-0.59,0.01,-0.09,-47.49,17.09,-15.87
1955,2026-08-03 13:24:03.212,52.126,-0.73,0.2,0.61,-26.43,22.4,-75.68
1956,2026-08-03 13:24:03.213,52.127,-0.73,0.2,0.61,-26.43,22.4,-75.68
1957,2026-08-03 13:24:03.342,52.256,-0.79,0.64,1.78,6.35,23.07,-109.19
1958,2026-08-03 13:24:03.343,52.257,-0.79,0.64,1.78,6.35,23.07,-109.19
1959,2026-08-03 13:24:03.344,52.258,-0.51,0.9,2.34,31.62,-3.36,-101.75
1960,2026-08-03 13:24:03.345,52.259,-0.51,0.9,2.34,28.26,-49.26,-74.46
1961,2026-08-03 13:24:03.345,52.259,-0.13,0.51,1.77,28.26,-49.26,-74.46
1962,2026-08-03 13:24:03.345,52.259,0.12,-0.03,0.75,24.17,-73.91,-61.34
1963,2026-08-03 13:24:03.346,52.26,0.12,-0.03,0.75,24.17,-73.91,-61.34
1964,2026-08-03 13:24:03.391,52.305,0.28,-0.16,0.06,40.83,-68.48,-67.69
1965,2026-08-03 13:24:03.392,52.306,0.28,-0.16,0.06,40.83,-68.48,-67.69
1966,2026-08-03 13:24:03.393,52.307,0.31,0.05,-0.17,44.62,-43.95,-48.4
1967,2026-08-03 13:24:03.450,52.364,0.31,0.05,-0.17,44.62,-43.95,-48.4
1968,2026-08-03 13:24:03.451,52.365,0.11,0.23,-0.16,18.07,-13.24,20.08
1969,2026-08-03 13:24:03.451,52.365,-0.17,0.28,0.2,-7.87,11.41,97.72
1970,2026-08-03 13:24:03.644,52.558,-0.17,0.28,0.2,-7.87,11.41,97.72
1971,2026-08-03 13:24:03.646,52.56,-0.4,0.31,1.22,-21.24,25.45,134.34
1972,2026-08-03 13:24:03.875,52.789,-0.4,0.31,1.22,-21.24,25.45,134.34
1973,2026-08-03 13:24:03.891,52.805,-0.51,0.66,2.43,-25.7,22.77,127.56
1974,2026-08-03 13:24:03.892,52.806,-0.53,0.87,2.62,-21.79,9.83,116.7
1975,2026-08-03 13:24:03.892,52.806,-0.56,0.43,1.67,-3.6,18.55,107.24
1976,2026-08-03 13:24:03.893,52.807,-0.56,0.43,1.67,-3.6,18.55,107.24
1977,2026-08-03 13:24:03.893,52.807,-0.45,0.11,0.6,17.4,36.38,77.39
1978,2026-08-03 13:24:03.894,52.808,-0.45,0.11,0.6,17.4,36.38,77.39
1979,2026-08-03 13:24:03.894,52.808,-0.27,0.17,-0.07,9.83,32.17,42.79
1980,2026-08-03 13:24:03.895,52.809,-0.27,0.17,-0.07,9.83,32.17,42.79
1981,2026-08-03 13:24:03.895,52.809,-0.21,0.16,-0.33,-13.37,22.09,25.57
1982,2026-08-03 13:24:03.993,52.907,-0.21,0.16,-0.33,-13.37,22.09,25.57
1983,2026-08-03 13:24:04.111,53.025,-0.3,0.02,-0.26,-21.48,18.31,6.41
1984,2026-08-03 13:24:04.112,53.026,-0.5,-0.04,0.09,-16.85,19.23,-36.93
1985,2026-08-03 13:24:04.112,53.026,-0.79,0.27,1.05,-18.68,27.16,-83.37
1986,2026-08-03 13:24:04.113,53.027,-0.88,0.87,2.44,-20.87,33.26,-105.77
1987,2026-08-03 13:24:04.114,53.028,-0.59,1.0,2.83,-13.37,14.34,-97.96
1988,2026-08-03 13:24:04.114,53.028,-0.22,0.37,1.85,13.12,-21.18,-68.36
1989,2026-08-03 13:24:04.115,53.029,-0.22,0.37,1.85,13.12,-21.18,-68.36
1990,2026-08-03 13:24:04.115,53.029,0.04,-0.23,0.59,51.76,-50.72,-51.94
1991,2026-08-03 13:24:04.116,53.03,0.04,-0.23,0.59,51.76,-50.72,-51.94
1992,2026-08-03 13:24:04.116,53.03,0.19,-0.37,-0.2,74.28,-66.65,-65.19
1993,2026-08-03 13:24:04.118,53.032,0.19,-0.37,-0.2,74.28,-66.65,-65.19
1994,2026-08-03 13:24:04.118,53.032,0.29,-0.15,-0.37,69.46,-55.97,-71.66
1995,2026-08-03 13:24:04.170,53.084,0.29,-0.15,-0.37,44.8,-14.4,-38.88
1996,2026-08-03 13:24:04.170,53.084,0.28,0.27,-0.02,44.8,-14.4,-38.88
1997,2026-08-03 13:24:04.238,53.152,0.03,0.52,0.3,8.36,20.57,20.94
1998,2026-08-03 13:24:04.239,53.153,-0.42,0.49,0.62,-23.32,23.19,77.94
1999,2026-08-03 13:24:04.295,53.209,-0.42,0.49,0.62,-23.32,23.19,77.94
2000,2026-08-03 13:24:04.410,53.324,-0.82,0.48,1.72,-38.45,29.05,125.24
2001,2026-08-03 13:24:04.412,53.326,-0.82,0.48,1.72,-38.45,29.05,125.24
2002,2026-08-03 13:24:04.412,53.326,-0.84,0.69,2.71,-45.59,39.98,141.54
2003,2026-08-03 13:24:04.413,53.327,-0.56,0.71,2.3,-44.19,14.65,106.38
2004,2026-08-03 13:24:04.414,53.328,-0.3,0.31,1.02,-24.48,-28.38,55.48
2005,2026-08-03 13:24:04.469,53.383,-0.15,0.07,-0.1,-2.56,-41.26,28.38
2006,2026-08-03 13:24:04.530,53.444,-0.15,0.07,-0.1,-2.56,-41.26,28.38
2007,2026-08-03 13:24:04.531,53.445,-0.14,0.17,-0.49,12.88,-14.4,25.94
2008,2026-08-03 13:24:04.532,53.446,-0.29,0.23,-0.3,30.27,25.15,25.94
2009,2026-08-03 13:24:04.590,53.504,-0.54,0.18,0.1,31.8,43.88,8.79
2010,2026-08-03 13:24:04.591,53.505,-0.79,0.18,0.8,3.85,42.42,-17.94
2011,2026-08-03 13:24:04.650,53.564,-0.79,0.18,0.8,-27.89,29.72,-54.14
2012,2026-08-03 13:24:04.651,53.565,-0.82,0.51,1.81,-27.89,29.72,-54.14
2013,2026-08-03 13:24:04.721,53.635,-0.42,0.98,2.43,-21.61,-2.69,-102.48
2014,2026-08-03 13:24:04.726,53.64,-0.42,0.98,2.43,-21.61,-2.69,-102.48
2015,2026-08-03 13:24:04.727,53.641,0.02,0.84,2.25,18.8,-38.57,-112.43
2016,2026-08-03 13:24:04.774,53.688,0.02,0.84,2.25,18.8,-38.57,-112.43
2017,2026-08-03 13:24:04.775,53.689,0.18,0.26,1.54,44.56,-56.7,-81.24
2018,2026-08-03 13:24:04.776,53.69,0.18,0.26,1.54,44.56,-56.7,-81.24
2019,2026-08-03 13:24:04.831,53.745,0.21,-0.07,0.59,45.23,-73.55,-70.98
2020,2026-08-03 13:24:04.833,53.747,0.16,-0.18,-0.16,40.41,-90.52,-74.16
2021,2026-08-03 13:24:04.904,53.818,0.16,-0.18,-0.16,40.41,-90.52,-74.16
2022,2026-08-03 13:24:04.905,53.819,0.03,-0.13,-0.51,25.51,-85.21,-52.31
2023,2026-08-03 13:24:05.070,53.984,0.03,-0.13,-0.51,25.51,-85.21,-52.31
2024,2026-08-03 13:24:05.071,53.985,-0.1,0.12,-0.38,-1.22,-56.95,-13.12
2025,2026-08-03 13:24:05.074,53.988,-0.1,0.12,-0.38,-1.22,-56.95,-13.12
2026,2026-08-03 13:24:05.075,53.989,-0.15,0.46,0.36,-22.4,-18.19,23.62
2027,2026-08-03 13:24:05.075,53.989,-0.15,0.46,0.36,-33.63,27.22,63.05
2028,2026-08-03 13:24:05.075,53.989,-0.2,0.74,1.76,-33.63,27.22,63.05
2029,2026-08-03 13:24:05.076,53.99,-0.29,0.81,2.91,-53.1,57.74,112.98
2030,2026-08-03 13:24:05.083,53.997,-0.29,0.81,2.91,-53.1,57.74,112.98
2031,2026-08-03 13:24:05.083,53.997,-0.3,0.68,2.65,-68.48,36.25,135.8
2032,2026-08-03 13:24:05.142,54.056,-0.3,0.68,2.65,-68.48,36.25,135.8
2033,2026-08-03 13:24:05.143,54.057,-0.36,0.35,1.37,-39.25,-2.69,110.23
2034,2026-08-03 13:24:05.191,54.105,-0.36,0.35,1.37,17.82,5.98,70.13
2035,2026-08-03 13:24:05.192,54.106,-0.45,0.02,0.12,17.82,5.98,70.13
2036,2026-08-03 13:24:05.310,54.224,-0.34,0.06,-0.52,48.03,40.59,31.86
2037,2026-08-03 13:24:05.311,54.225,-0.34,0.06,-0.52,48.03,40.59,31.86
2038,2026-08-03 13:24:05.312,54.226,-0.25,0.16,-0.5,49.74,54.81,5.43
2039,2026-08-03 13:24:05.313,54.227,-0.25,0.16,-0.5,49.74,54.81,5.43
2040,2026-08-03 13:24:05.314,54.228,-0.33,0.11,-0.06,53.34,41.99,-9.28
2041,2026-08-03 13:24:05.375,54.289,-0.47,0.21,0.44,41.81,9.4,-39.61
2042,2026-08-03 13:24:05.377,54.291,-0.58,0.47,1.12,-12.33,-21.55,-75.99
2043,2026-08-03 13:24:05.378,54.292,-0.58,0.47,1.12,-12.33,-21.55,-75.99
2044,2026-08-03 13:24:05.497,54.411,-0.47,0.81,2.24,-59.14,-31.56,-110.84
2045,2026-08-03 13:24:05.498,54.412,-0.47,0.81,2.24,-59.14,-31.56,-110.84
2046,2026-08-03 13:24:05.503,54.417,-0.12,0.98,2.9,-48.28,-41.38,-137.21
2047,2026-08-03 13:24:05.504,54.418,-0.12,0.98,2.9,-48.28,-41.38,-137.21
2048,2026-08-03 13:24:05.505,54.419,0.12,0.57,2.31,-23.19,-55.85,-118.23
2049,2026-08-03 13:24:05.550,54.464,0.12,0.57,2.31,-2.14,-66.77,-92.77
2050,2026-08-03 13:24:05.551,54.465,0.2,0.0,1.06,-2.14,-66.77,-92.77
2051,2026-08-03 13:24:05.552,54.466,0.26,-0.24,0.02,26.31,-76.23,-104.0
2052,2026-08-03 13:24:05.611,54.525,0.26,-0.24,0.02,26.31,-76.23,-104.0
2053,2026-08-03 13:24:05.612,54.526,0.31,-0.17,-0.4,37.54,-66.16,-106.75
2054,2026-08-03 13:24:05.671,54.585,0.31,-0.17,-0.4,37.54,-66.16,-106.75
2055,2026-08-03 13:24:05.672,54.586,0.26,0.06,-0.3,30.4,-33.75,-62.62
2056,2026-08-03 13:24:05.801,54.715,0.11,0.3,-0.04,14.1,-5.86,18.55
2057,2026-08-03 13:24:05.805,54.719,-0.03,0.43,0.48,-0.92,8.85,106.26
2058,2026-08-03 13:24:05.814,54.728,-0.04,0.47,1.68,-10.62,21.79,168.46
2059,2026-08-03 13:24:05.851,54.765,0.03,0.65,2.74,-11.72,12.94,178.47
2060,2026-08-03 13:24:05.853,54.767,0.03,0.65,2.74,-11.72,12.94,178.47
2061,2026-08-03 13:24:05.858,54.772,0.06,0.87,2.46,-1.83,-18.98,134.4
2062,2026-08-03 13:24:05.910,54.824,-0.14,0.68,1.22,19.78,-20.69,98.82
2063,2026-08-03 13:24:06.090,55.004,-0.14,0.68,1.22,19.78,-20.69,98.82
2064,2026-08-03 13:24:06.091,55.005,-0.4,0.14,0.22,51.94,30.88,109.86
2065,2026-08-03 13:24:06.151,55.065,-0.4,0.14,0.22,51.94,30.88,109.86
2066,2026-08-03 13:24:06.152,55.066,-0.41,-0.16,-0.11,69.21,82.52,107.36
2067,2026-08-03 13:24:06.153,55.067,-0.41,-0.16,-0.11,69.21,82.52,107.36
2068,2026-08-03 13:24:06.153,55.067,-0.3,0.0,-0.04,49.26,95.83,68.79
2069,2026-08-03 13:24:06.213,55.127,-0.31,0.33,0.13,4.52,89.11,31.8
2070,2026-08-03 13:24:06.214,55.128,-0.31,0.33,0.13,4.52,89.11,31.8
2071,2026-08-03 13:24:06.451,55.365,-0.5,0.35,0.29,-31.74,73.18,-0.49
2072,2026-08-03 13:24:06.452,55.366,-0.5,0.35,0.29,-31.74,73.18,-0.49
2073,2026-08-03 13:24:06.453,55.367,-0.83,0.15,0.79,-47.85,52.86,-42.05
2074,2026-08-03 13:24:06.454,55.368,-0.92,0.43,1.94,-57.56,35.58,-113.95
2075,2026-08-03 13:24:06.455,55.369,-0.92,0.43,1.94,-57.56,35.58,-113.95
2076,2026-08-03 13:24:06.455,55.369,-0.48,1.09,2.67,-44.25,12.63,-195.62
2077,2026-08-03 13:24:06.456,55.37,0.03,1.03,2.13,-4.64,-8.54,-184.33
2078,2026-08-03 13:24:06.510,55.424,0.22,0.22,1.19,41.93,-14.34,-86.18
2079,2026-08-03 13:24:06.511,55.425,0.22,0.22,1.19,41.93,-14.34,-86.18
2080,2026-08-03 13:24:06.511,55.425,0.26,-0.25,0.53,83.19,-32.9,-38.45
2081,2026-08-03 13:24:06.512,55.426,0.26,-0.25,0.53,83.19,-32.9,-38.45
2082,2026-08-03 13:24:06.512,55.426,0.31,-0.16,0.1,76.23,-71.53,-69.82
2083,2026-08-03 13:24:06.513,55.427,0.25,0.03,-0.17,20.08,-87.1,-82.76
2084,2026-08-03 13:24:06.514,55.428,0.04,0.18,-0.26,-31.49,-61.52,-29.11
2085,2026-08-03 13:24:06.515,55.429,-0.13,0.32,0.14,-40.28,-17.52,36.5
2086,2026-08-03 13:24:06.515,55.429,-0.13,0.32,0.14,9.16,19.1,67.26
2087,2026-08-03 13:24:06.576,55.49,-0.25,0.38,1.37,9.16,19.1,67.26
2088,2026-08-03 13:24:06.580,55.494,-0.27,0.72,2.57,52.37,34.0,93.57
2089,2026-08-03 13:24:06.691,55.605,-0.27,0.72,2.57,52.37,34.0,93.57
2090,2026-08-03 13:24:06.691,55.605,-0.18,1.1,2.58,7.51,35.34,150.33
2091,2026-08-03 13:24:06.692,55.606,-0.18,1.1,2.58,7.51,35.34,150.33
2092,2026-08-03 13:24:06.693,55.607,-0.23,0.7,1.61,-31.8,40.22,199.52
2093,2026-08-03 13:24:06.694,55.608,-0.23,0.7,1.61,-31.8,40.22,199.52
2094,2026-08-03 13:24:06.695,55.609,-0.34,0.05,0.58,14.77,51.45,192.32
2095,2026-08-03 13:24:06.750,55.664,-0.31,-0.08,0.0,51.15,60.79,141.11
2096,2026-08-03 13:24:06.751,55.665,-0.31,-0.08,0.0,51.15,60.79,141.11
2097,2026-08-03 13:24:06.810,55.724,-0.22,0.05,-0.12,28.02,57.68,83.01
2098,2026-08-03 13:24:06.811,55.725,-0.22,0.05,-0.12,28.02,57.68,83.01
2099,2026-08-03 13:24:06.811,55.725,-0.23,0.15,-0.02,-2.87,43.7,34.61
2100,2026-08-03 13:24:06.871,55.785,-0.23,0.15,-0.02,-2.87,43.7,34.61
2101,2026-08-03 13:24:06.872,55.786,-0.37,0.24,0.15,-19.35,31.8,-7.32
2102,2026-08-03 13:24:06.936,55.85,-0.68,0.3,0.53,-41.5,28.26,-47.3
2103,2026-08-03 13:24:06.937,55.851,-0.97,0.44,1.49,-70.37,31.31,-90.76
2104,2026-08-03 13:24:06.997,55.911,-0.97,0.44,1.49,-70.37,31.31,-90.76
2105,2026-08-03 13:24:06.997,55.911,-0.8,0.8,2.52,-64.33,23.8,-147.28
2106,2026-08-03 13:24:06.998,55.912,-0.8,0.8,2.52,-64.33,23.8,-147.28
2107,2026-08-03 13:24:07.246,56.16,-0.24,0.82,2.49,-5.86,-7.93,-168.95
2108,2026-08-03 13:24:07.248,56.162,-0.24,0.82,2.49,42.42,-31.62,-116.09
2109,2026-08-03 13:24:07.249,56.163,0.17,0.25,1.56,42.42,-31.62,-116.09
2110,2026-08-03 13:24:07.249,56.163,0.31,-0.21,0.51,50.17,-40.71,-56.09
2111,2026-08-03 13:24:07.250,56.164,0.31,-0.21,0.51,50.17,-40.71,-56.09
2112,2026-08-03 13:24:07.250,56.164,0.29,-0.18,-0.06,47.49,-51.88,-36.5
2113,2026-08-03 13:24:07.251,56.165,0.22,-0.01,-0.04,46.14,-51.21,-26.31
2114,2026-08-03 13:24:07.251,56.165,0.13,0.09,0.04,35.64,-35.03,3.78
2115,2026-08-03 13:24:07.353,56.267,0.03,0.22,-0.02,8.79,-8.73,57.68
2116,2026-08-03 13:24:07.354,56.268,0.03,0.22,-0.02,8.79,-8.73,57.68
2117,2026-08-03 13:24:07.354,56.268,-0.08,0.52,0.21,-12.82,16.36,119.69
2118,2026-08-03 13:24:07.355,56.269,-0.08,0.52,0.21,-12.82,16.36,119.69
2119,2026-08-03 13:24:07.355,56.269,-0.37,0.78,1.38,-13.12,40.16,177.61
2120,2026-08-03 13:24:07.410,56.324,-0.63,0.76,2.53,6.53,57.98,206.05
2121,2026-08-03 13:24:07.411,56.325,-0.56,0.55,2.46,52.12,38.51,161.25
2122,2026-08-03 13:24:07.470,56.384,-0.56,0.55,2.46,52.12,38.51,161.25
2123,2026-08-03 13:24:07.471,56.385,-0.26,0.42,1.85,89.36,10.31,71.53
2124,2026-08-03 13:24:07.472,56.386,-0.26,0.42,1.85,89.36,10.31,71.53
2125,2026-08-03 13:24:07.591,56.505,0.19,0.53,1.17,82.21,0.24,9.4
2126,2026-08-03 13:24:07.592,56.506,0.33,0.49,0.49,50.96,4.52,22.89
2127,2026-08-03 13:24:07.593,56.507,0.33,0.49,0.49,50.96,4.52,22.89
2128,2026-08-03 13:24:07.593,56.507,-0.0,0.21,-0.04,17.46,27.28,81.85
2129,2026-08-03 13:24:07.771,56.685,-0.4,0.07,-0.34,-9.52,41.14,97.6
2130,2026-08-03 13:24:07.772,56.686,-0.66,0.1,-0.28,-25.45,36.87,51.27
2131,2026-08-03 13:24:07.772,56.686,-0.71,0.25,0.11,-28.08,23.19,-26.86
2132,2026-08-03 13:24:07.773,56.687,-0.71,0.25,0.11,-28.08,23.19,-26.86
2133,2026-08-03 13:24:07.774,56.688,-0.57,0.78,0.92,-37.6,6.96,-98.69
2134,2026-08-03 13:24:07.774,56.688,-0.44,1.36,2.32,-66.22,10.74,-121.77
2135,2026-08-03 13:24:07.830,56.744,-0.44,1.36,2.32,-66.22,10.74,-121.77
2136,2026-08-03 13:24:07.831,56.745,-0.32,1.31,2.87,-58.29,-4.82,-112.3
2137,2026-08-03 13:24:07.832,56.746,-0.32,1.31,2.87,-58.29,-4.82,-112.3
2138,2026-08-03 13:24:07.891,56.805,-0.04,0.68,1.77,-0.85,-68.18,-99.37
2139,2026-08-03 13:24:08.011,56.925,0.23,-0.01,0.47,60.06,-112.37,-76.97
2140,2026-08-03 13:24:08.012,56.926,0.23,-0.01,0.47,108.95,-106.32,-53.96
2141,2026-08-03 13:24:08.012,56.926,0.28,-0.31,0.01,108.95,-106.32,-53.96
2142,2026-08-03 13:24:08.013,56.927,0.28,-0.1,0.09,106.75,-73.73,-39.12
2143,2026-08-03 13:24:08.014,56.928,0.24,0.22,0.05,45.72,-35.16,-8.91
2144,2026-08-03 13:24:08.253,57.167,0.24,0.22,0.05,45.72,-35.16,-8.91
2145,2026-08-03 13:24:08.256,57.17,0.02,0.23,-0.14,-25.45,11.35,53.77
2146,2026-08-03 13:24:08.257,57.171,0.02,0.23,-0.14,-25.45,11.35,53.77
2147,2026-08-03 13:24:08.258,57.172,-0.24,0.13,-0.17,-76.42,53.96,107.91
2148,2026-08-03 13:24:08.259,57.173,-0.33,0.41,0.65,-77.45,65.31,108.34
2149,2026-08-03 13:24:08.260,57.174,-0.19,1.07,2.23,-48.71,69.27,90.52
2150,2026-08-03 13:24:08.262,57.176,-0.19,1.07,2.23,-48.71,69.27,90.52
2151,2026-08-03 13:24:08.263,57.177,-0.11,1.28,2.86,-21.91,55.24,99.98
2152,2026-08-03 13:24:08.317,57.231,-0.11,1.28,2.86,-21.91,55.24,99.98
2153,2026-08-03 13:24:08.317,57.231,-0.32,0.69,2.07,21.18,18.55,121.09
2154,2026-08-03 13:24:08.318,57.232,-0.35,0.22,1.03,65.67,0.31,107.73
2155,2026-08-03 13:24:08.430,57.344,-0.35,0.22,1.03,65.67,0.31,107.73
2156,2026-08-03 13:24:08.431,57.345,-0.11,0.21,0.44,80.44,0.92,60.61
2157,2026-08-03 13:24:08.432,57.346,-0.11,0.21,0.44,80.44,0.92,60.61
2158,2026-08-03 13:24:08.432,57.346,-0.01,0.22,0.27,70.31,8.73,21.61
2159,2026-08-03 13:24:08.433,57.347,-0.01,0.22,0.27,70.31,8.73,21.61
2160,2026-08-03 13:24:08.433,57.347,-0.08,0.25,0.1,37.11,9.64,-7.08
2161,2026-08-03 13:24:08.491,57.405,-0.08,0.25,0.1,37.11,9.64,-7.08
2162,2026-08-03 13:24:08.550,57.464,-0.08,0.25,0.1,37.11,9.64,-7.08
2163,2026-08-03 13:24:08.551,57.465,-0.45,0.3,-0.09,-42.85,-14.71,-70.62
2164,2026-08-03 13:24:08.551,57.465,-0.49,0.73,0.72,-47.55,-17.94,-105.22
2165,2026-08-03 13:24:08.552,57.466,-0.49,0.73,0.72,-47.55,-17.94,-105.22
2166,2026-08-03 13:24:08.616,57.53,-0.43,1.42,2.13,-52.73,-3.3,-122.44
2167,2026-08-03 13:24:08.669,57.583,-0.43,1.42,2.13,-52.73,-3.3,-122.44
2168,2026-08-03 13:24:08.670,57.584,-0.37,1.49,2.58,-50.05,-9.09,-119.02
2169,2026-08-03 13:24:08.671,57.585,-0.37,1.49,2.58,-50.05,-9.09,-119.02
2170,2026-08-03 13:24:08.671,57.585,-0.15,0.86,1.67,-7.75,-60.73,-128.3
2171,2026-08-03 13:24:08.791,57.705,-0.15,0.86,1.67,63.29,-107.42,-151.73
2172,2026-08-03 13:24:08.791,57.705,0.23,0.22,0.84,63.29,-107.42,-151.73
2173,2026-08-03 13:24:08.981,57.895,0.49,-0.03,0.44,91.92,-106.57,-145.45
2174,2026-08-03 13:24:08.992,57.906,0.48,-0.01,0.1,53.89,-71.35,-93.2
2175,2026-08-03 13:24:08.994,57.908,0.48,-0.01,0.1,53.89,-71.35,-93.2
2176,2026-08-03 13:24:09.210,58.124,0.2,-0.03,-0.21,-0.98,-28.75,-19.9
2177,2026-08-03 13:24:09.210,58.124,0.2,-0.03,-0.21,-37.23,3.3,37.17
2178,2026-08-03 13:24:09.211,58.125,-0.13,-0.09,-0.4,-37.23,3.3,37.17
2179,2026-08-03 13:24:09.212,58.126,-0.24,0.08,0.03,-37.9,16.91,58.72
2180,2026-08-03 13:24:09.336,58.25,-0.24,0.08,0.03,-37.9,16.91,58.72
2181,2026-08-03 13:24:09.337,58.251,-0.1,0.61,1.19,-27.71,25.39,62.32
2182,2026-08-03 13:24:09.450,58.364,-0.1,0.61,1.19,-27.71,25.39,62.32
2183,2026-08-03 13:24:09.633,58.547,0.04,1.32,2.36,-22.4,34.91,86.24
2184,2026-08-03 13:24:09.634,58.548,0.04,1.32,2.36,-22.4,34.91,86.24
2185,2026-08-03 13:24:09.634,58.548,-0.08,1.45,2.56,-6.1,43.33,134.77
2186,2026-08-03 13:24:09.635,58.549,-0.37,0.74,1.83,21.0,52.31,162.78
2187,2026-08-03 13:24:09.636,58.55,-0.37,0.74,1.83,21.0,52.31,162.78
2188,2026-08-03 13:24:09.636,58.55,-0.37,0.19,0.96,51.09,47.85,132.87
2189,2026-08-03 13:24:09.637,58.551,-0.37,0.19,0.96,51.09,47.85,132.87
2190,2026-08-03 13:24:09.638,58.552,-0.12,0.11,0.26,57.31,32.35,75.38
2191,2026-08-03 13:24:09.639,58.553,-0.12,0.11,0.26,57.31,32.35,75.38
2192,2026-08-03 13:24:09.639,58.553,-0.03,0.05,-0.11,33.69,21.0,35.83
2193,2026-08-03 13:24:09.707,58.621,-0.03,0.05,-0.11,33.69,21.0,35.83
2194,2026-08-03 13:24:09.708,58.622,-0.03,0.05,-0.11,33.69,21.0,35.83
2195,2026-08-03 13:24:09.709,58.623,-0.29,0.12,-0.41,-21.97,6.96,-2.2
2196,2026-08-03 13:24:09.710,58.624,-0.42,0.4,0.04,-29.48,1.83,-29.54
2197,2026-08-03 13:24:09.710,58.624,-0.4,1.02,1.09,-29.42,-12.45,-79.71
2198,2026-08-03 13:24:09.711,58.625,-0.4,1.02,1.09,-29.42,-12.45,-79.71
2199,2026-08-03 13:24:09.711,58.625,-0.27,1.71,2.38,-36.32,-18.31,-125.31
2200,2026-08-03 13:24:09.711,58.625,-0.23,1.67,2.64,-30.88,-27.22,-123.17
2201,2026-08-03 13:24:09.712,58.626,-0.23,1.67,2.64,-30.88,-27.22,-123.17
2202,2026-08-03 13:24:09.712,58.626,-0.19,0.88,1.66,-8.3,-45.9,-83.8
2203,2026-08-03 13:24:09.712,58.626,0.06,0.17,0.72,21.55,-57.43,-69.52
2204,2026-08-03 13:24:09.713,58.627,0.06,0.17,0.72,21.55,-57.43,-69.52
2205,2026-08-03 13:24:09.713,58.627,0.35,-0.08,0.36,39.37,-61.22,-89.48
2206,2026-08-03 13:24:09.714,58.628,0.35,-0.08,0.36,39.37,-61.22,-89.48
2207,2026-08-03 13:24:09.714,58.628,0.45,-0.13,0.26,25.27,-52.43,-95.58
2208,2026-08-03 13:24:09.751,58.665,0.45,-0.13,0.26,25.27,-52.43,-95.58
2209,2026-08-03 13:24:10.005,58.919,0.36,-0.1,0.1,-10.44,-30.88,-65.8
2210,2026-08-03 13:24:10.056,58.97,0.36,-0.1,0.1,-10.44,-30.88,-65.8
2211,2026-08-03 13:24:10.057,58.971,0.17,0.05,-0.1,-33.26,-10.86,-11.78
2212,2026-08-03 13:24:10.057,58.971,-0.07,0.32,-0.0,-29.97,3.6,46.81
2213,2026-08-03 13:24:10.058,58.972,-0.07,0.32,-0.0,-29.97,3.6,46.81
2214,2026-08-03 13:24:10.058,58.972,-0.3,0.66,0.86,-36.13,39.12,96.5
2215,2026-08-03 13:24:10.059,58.973,-0.3,0.66,0.86,-36.13,39.12,96.5
2216,2026-08-03 13:24:10.059,58.973,-0.29,1.06,2.08,-58.41,84.11,123.9
2217,2026-08-03 13:24:10.060,58.974,-0.16,1.18,2.47,-65.67,84.05,116.27
2218,2026-08-03 13:24:10.060,58.974,-0.16,0.64,1.88,-49.68,57.01,105.71
2219,2026-08-03 13:24:10.070,58.984,-0.16,0.64,1.88,-49.68,57.01,105.71
2220,2026-08-03 13:24:10.071,58.985,-0.11,0.08,1.02,-18.49,43.82,110.05
2221,2026-08-03 13:24:10.071,58.985,0.06,0.0,0.36,9.16,43.95,110.66
2222,2026-08-03 13:24:10.071,58.985,0.13,0.06,0.05,11.54,55.66,112.67
2223,2026-08-03 13:24:10.231,59.145,0.13,0.06,0.05,0.85,62.19,107.6
2224,2026-08-03 13:24:10.291,59.205,0.07,0.1,-0.02,0.85,62.19,107.6
2225,2026-08-03 13:24:10.420,59.334,-0.01,0.29,0.07,-0.43,50.23,82.03
2226,2026-08-03 13:24:10.421,59.335,-0.19,0.59,0.35,-13.0,32.35,57.31
2227,2026-08-03 13:24:10.422,59.336,-0.19,0.59,0.35,-13.0,32.35,57.31
2228,2026-08-03 13:24:10.422,59.336,-0.39,0.95,0.83,-44.98,21.12,49.38
2229,2026-08-03 13:24:10.423,59.337,-0.42,1.31,1.63,-49.13,16.3,39.18
2230,2026-08-03 13:24:10.423,59.337,-0.39,1.27,2.18,-22.58,8.3,32.96
2231,2026-08-03 13:24:10.426,59.34,-0.39,1.27,2.18,-22.58,8.3,32.96
2232,2026-08-03 13:24:10.430,59.344,-0.4,0.69,1.9,-18.68,3.17,50.23
2233,2026-08-03 13:24:10.473,59.387,-0.23,0.17,1.18,-22.03,2.81,49.44
2234,2026-08-03 13:24:10.530,59.444,0.06,0.11,0.55,-5.19,4.7,15.81
2235,2026-08-03 13:24:10.531,59.445,0.06,0.11,0.55,-0.12,26.31,13.49
2236,2026-08-03 13:24:10.532,59.446,0.23,0.21,0.19,-0.12,26.31,13.49
2237,2026-08-03 13:24:10.532,59.446,0.22,0.21,0.05,-25.15,57.62,56.34
2238,2026-08-03 13:24:10.533,59.447,0.22,0.21,0.05,-25.15,57.62,56.34
2239,2026-08-03 13:24:10.728,59.642,0.15,0.15,0.07,-57.86,62.62,93.75
2240,2026-08-03 13:24:10.731,59.645,0.15,0.15,0.07,-57.86,62.62,93.75
2241,2026-08-03 13:24:10.732,59.646,0.18,0.16,0.44,-54.2,36.19,101.56
2242,2026-08-03 13:24:10.732,59.646,0.33,0.51,0.95,-24.72,25.7,106.63
2243,2026-08-03 13:24:10.733,59.647,0.33,0.51,0.95,-24.72,25.7,106.63
2244,2026-08-03 13:24:10.738,59.652,0.33,1.11,1.27,-20.39,64.03,151.49
2245,2026-08-03 13:24:10.739,59.653,0.07,1.49,1.29,-11.78,102.91,213.68
2246,2026-08-03 13:24:10.743,59.657,0.07,1.49,1.29,-11.78,102.91,213.68
2247,2026-08-03 13:24:10.750,59.664,-0.31,1.26,1.13,34.18,109.07,253.66
2248,2026-08-03 13:24:10.751,59.665,-0.43,0.75,0.89,63.78,113.83,261.54
2249,2026-08-03 13:24:10.771,59.685,-0.43,0.75,0.89,63.78,113.83,261.54
2250,2026-08-03 13:24:10.779,59.693,-0.21,0.52,0.66,36.56,130.68,235.96
2251,2026-08-03 13:24:10.780,59.694,-0.21,0.52,0.66,36.56,130.68,235.96
2252,2026-08-03 13:24:10.831,59.745,-0.03,0.48,0.64,-14.53,140.62,202.03
2253,2026-08-03 13:24:10.832,59.746,-0.03,0.48,0.64,-14.53,140.62,202.03
2254,2026-08-03 13:24:10.889,59.803,0.03,0.56,0.82,-49.68,122.25,164.79
2255,2026-08-03 13:24:10.890,59.804,0.04,0.67,0.94,-54.38,68.85,122.68
2256,2026-08-03 13:24:10.891,59.805,0.04,0.67,0.94,-54.38,68.85,122.68
2257,2026-08-03 13:24:10.962,59.876,0.05,0.67,0.91,-36.99,12.02,89.97
2258,2026-08-03 13:24:10.963,59.877,0.05,0.67,0.91,-36.99,12.02,89.97
2259,2026-08-03 13:24:10.963,59.877,0.09,0.59,0.83,-27.16,-11.05,64.03
2260,2026-08-03 13:24:11.071,59.985,0.09,0.59,0.83,-27.16,-11.05,64.03
2261,2026-08-03 13:24:11.071,59.985,0.18,0.54,0.75,-31.98,-3.85,38.09
2262,2026-08-03 13:24:11.072,59.986,0.27,0.58,0.74,-33.63,14.89,15.26
2263,2026-08-03 13:24:11.072,59.986,0.24,0.71,0.88,-26.25,32.41,8.48
2264,2026-08-03 13:24:11.131,60.045,0.24,0.71,0.88,-26.25,32.41,8.48
2265,2026-08-03 13:24:11.131,60.045,-0.04,0.74,1.02,-16.6,43.76,29.3
2266,2026-08-03 13:24:11.134,60.048,-0.04,0.74,1.02,-16.6,43.76,29.3
2267,2026-08-03 13:24:11.193,60.107,-0.47,0.6,0.99,-13.18,54.87,62.93
2268,2026-08-03 13:24:11.193,60.107,-0.74,0.46,0.89,-25.27,69.58,78.74
2269,2026-08-03 13:24:11.311,60.225,-0.74,0.46,0.89,-25.27,69.58,78.74
2270,2026-08-03 13:24:11.312,60.226,-0.77,0.41,0.87,-41.75,73.12,58.04
2271,2026-08-03 13:24:11.313,60.227,-0.6,0.44,0.9,-34.36,51.76,4.64
2272,2026-08-03 13:24:11.372,60.286,-0.34,0.47,0.85,-4.27,11.96,-50.66
2273,2026-08-03 13:24:11.374,60.288,-0.34,0.47,0.85,-4.27,11.96,-50.66
2274,2026-08-03 13:24:11.374,60.288,-0.14,0.43,0.69,18.92,-26.43,-68.79
2275,2026-08-03 13:24:11.434,60.348,-0.04,0.31,0.46,27.83,-47.49,-48.1
2276,2026-08-03 13:24:11.435,60.349,-0.04,0.31,0.46,27.83,-47.49,-48.1
2277,2026-08-03 13:24:11.437,60.351,-0.05,0.1,0.4,23.5,-45.84,-26.43
2278,2026-08-03 13:24:11.514,60.428,-0.05,0.1,0.4,23.5,-45.84,-26.43
2279,2026-08-03 13:24:11.515,60.429,-0.03,0.04,0.6,9.89,-28.56,-32.84
2280,2026-08-03 13:24:11.551,60.465,-0.03,0.04,0.6,9.89,-28.56,-32.84
2281,2026-08-03 13:24:11.551,60.465,0.12,0.27,0.94,1.65,-3.42,-43.03
2282,2026-08-03 13:24:11.552,60.466,0.2,0.49,1.22,-7.39,22.4,-16.97
2283,2026-08-03 13:24:11.737,60.651,0.2,0.49,1.22,-7.39,22.4,-16.97
2284,2026-08-03 13:24:11.737,60.651,0.12,0.51,1.23,-20.32,33.33,29.36
2285,2026-08-03 13:24:11.738,60.652,0.12,0.51,1.23,-20.32,33.33,29.36
2286,2026-08-03 13:24:11.738,60.652,-0.0,0.47,1.07,-23.86,27.22,55.36
2287,2026-08-03 13:24:11.739,60.653,-0.0,0.47,1.07,-23.86,27.22,55.36
2288,2026-08-03 13:24:11.739,60.653,-0.11,0.42,0.82,-25.82,15.87,55.91
2289,2026-08-03 13:24:11.740,60.654,-0.11,0.42,0.82,-25.82,15.87,55.91
2290,2026-08-03 13:24:11.740,60.654,-0.27,0.34,0.68,-37.9,8.79,46.14
2291,2026-08-03 13:24:11.803,60.717,-0.44,0.36,0.85,-52.49,8.0,35.58
2292,2026-08-03 13:24:11.804,60.718,-0.44,0.36,0.85,-52.49,8.0,35.58
2293,2026-08-03 13:24:11.910,60.824,-0.59,0.53,1.25,-66.16,13.79,39.73
2294,2026-08-03 13:24:11.912,60.826,-0.63,0.59,1.65,-74.52,25.7,52.61
2295,2026-08-03 13:24:11.912,60.826,-0.45,0.35,1.7,-82.46,28.81,47.06
2296,2026-08-03 13:24:11.913,60.827,-0.21,0.09,1.29,-97.66,14.83,25.45
2297,2026-08-03 13:24:11.970,60.884,-0.21,0.09,1.29,-97.66,14.83,25.45
2298,2026-08-03 13:24:12.031,60.945,-0.08,-0.01,0.67,-98.57,-1.95,6.47
2299,2026-08-03 13:24:12.034,60.948,-0.08,-0.01,0.67,-98.57,-1.95,6.47
2300,2026-08-03 13:24:12.042,60.956,-0.09,-0.03,0.17,-56.15,-5.92,-8.18
2301,2026-08-03 13:24:12.043,60.957,-0.09,-0.03,0.17,-56.15,-5.92,-8.18
2302,2026-08-03 13:24:12.212,61.126,-0.19,0.06,-0.12,6.1,0.31,-15.93
2303,2026-08-03 13:24:12.213,61.127,-0.19,0.06,-0.12,6.1,0.31,-15.93
2304,2026-08-03 13:24:12.214,61.128,-0.4,0.09,-0.13,26.55,6.65,-6.53
2305,2026-08-03 13:24:12.215,61.129,-0.71,0.04,0.33,7.02,13.43,-5.98
2306,2026-08-03 13:24:12.216,61.13,-0.71,0.04,0.33,7.02,13.43,-5.98
2307,2026-08-03 13:24:12.218,61.132,-1.02,0.13,1.26,-4.09,19.96,-48.89
2308,2026-08-03 13:24:12.219,61.133,-1.02,0.13,1.26,-4.09,19.96,-48.89
2309,2026-08-03 13:24:12.220,61.134,-0.99,0.49,2.15,24.05,21.48,-113.46
2310,2026-08-03 13:24:12.281,61.195,-0.99,0.49,2.15,24.05,21.48,-113.46
2311,2026-08-03 13:24:12.284,61.198,-0.49,0.66,2.32,69.46,11.17,-131.47
2312,2026-08-03 13:24:12.284,61.198,-0.49,0.66,2.32,92.59,-14.47,-88.44
2313,2026-08-03 13:24:12.333,61.247,0.05,0.32,1.68,92.59,-14.47,-88.44
2314,2026-08-03 13:24:12.334,61.248,0.34,-0.14,0.67,91.13,-48.71,-53.34
2315,2026-08-03 13:24:12.389,61.303,0.34,-0.14,0.67,91.13,-48.71,-53.34
2316,2026-08-03 13:24:12.390,61.304,0.37,-0.31,-0.05,72.45,-66.59,-41.56
2317,2026-08-03 13:24:12.391,61.305,0.37,-0.31,-0.05,72.45,-66.59,-41.56
2318,2026-08-03 13:24:12.457,61.371,0.23,-0.07,-0.17,44.31,-49.5,-13.85
2319,2026-08-03 13:24:12.458,61.372,0.05,0.29,-0.01,13.49,-14.53,35.77
2320,2026-08-03 13:24:12.513,61.427,-0.19,0.41,0.34,-13.0,16.3,93.32
2321,2026-08-03 13:24:12.517,61.431,-0.19,0.41,0.34,-13.0,16.3,93.32
2322,2026-08-03 13:24:12.690,61.604,-0.49,0.43,1.16,-18.55,38.51,127.81
2323,2026-08-03 13:24:12.811,61.725,-0.49,0.43,1.16,-18.55,38.51,127.81
2324,2026-08-03 13:24:12.812,61.726,-0.65,0.71,2.06,10.19,54.69,113.65
2325,2026-08-03 13:24:12.812,61.726,-0.69,0.81,2.18,35.46,57.92,79.77
2326,2026-08-03 13:24:12.813,61.727,-0.69,0.81,2.18,35.46,57.92,79.77
2327,2026-08-03 13:24:12.813,61.727,-0.66,0.58,1.59,20.75,47.49,66.59
2328,2026-08-03 13:24:12.814,61.728,-0.66,0.58,1.59,20.75,47.49,66.59
2329,2026-08-03 13:24:12.814,61.728,-0.47,0.34,0.87,-11.35,35.64,65.67
2330,2026-08-03 13:24:12.815,61.729,-0.47,0.34,0.87,-11.35,35.64,65.67
2331,2026-08-03 13:24:12.815,61.729,-0.21,0.14,0.32,-25.76,24.17,51.82
2332,2026-08-03 13:24:12.816,61.73,-0.21,0.14,0.32,-18.01,8.73,19.71
2333,2026-08-03 13:24:12.816,61.73,-0.07,0.04,-0.01,-18.01,8.73,19.71
2334,2026-08-03 13:24:12.816,61.73,-0.2,0.11,-0.13,-6.77,-1.89,-9.83
2335,2026-08-03 13:24:12.817,61.731,-0.2,0.11,-0.13,-6.77,-1.89,-9.83
2336,2026-08-03 13:24:12.873,61.787,-0.48,0.15,-0.1,2.14,5.68,-16.48
2337,2026-08-03 13:24:12.937,61.851,-0.48,0.15,-0.1,2.14,5.68,-16.48
2338,2026-08-03 13:24:12.937,61.851,-0.67,0.08,0.28,4.94,26.25,-15.81
2339,2026-08-03 13:24:12.938,61.852,-0.67,0.08,0.28,4.94,26.25,-15.81
2340,2026-08-03 13:24:12.939,61.853,-0.78,0.49,1.38,6.35,49.38,-35.77
2341,2026-08-03 13:24:12.992,61.906,-0.78,0.49,1.38,5.0,49.74,-59.33
2342,2026-08-03 13:24:12.993,61.907,-0.78,1.2,2.38,5.0,49.74,-59.33
2343,2026-08-03 13:24:13.110,62.024,-0.64,1.11,2.13,-8.0,10.31,-33.75
2344,2026-08-03 13:24:13.111,62.025,-0.64,1.11,2.13,-8.0,10.31,-33.75
2345,2026-08-03 13:24:13.111,62.025,-0.4,0.45,1.12,2.5,-35.95,1.95
2346,2026-08-03 13:24:13.170,62.084,-0.4,0.45,1.12,2.5,-35.95,1.95
2347,2026-08-03 13:24:13.175,62.089,-0.14,-0.01,0.45,71.78,-64.33,-27.04
2348,2026-08-03 13:24:13.176,62.09,0.06,-0.06,0.3,133.73,-72.02,-78.49
2349,2026-08-03 13:24:13.176,62.09,0.17,0.15,0.2,102.72,-52.31,-70.74
2350,2026-08-03 13:24:13.231,62.145,0.17,0.15,0.2,102.72,-52.31,-70.74
2351,2026-08-03 13:24:13.248,62.162,0.08,0.22,-0.02,23.8,-17.46,-1.4
2352,2026-08-03 13:24:13.358,62.272,-0.14,0.22,-0.05,-17.58,9.03,61.4
2353,2026-08-03 13:24:13.364,62.278,-0.14,0.22,-0.05,-17.58,9.03,61.4
2354,2026-08-03 13:24:13.376,62.29,-0.41,0.36,0.63,-15.2,28.32,83.07
2355,2026-08-03 13:24:13.376,62.29,-0.61,1.04,1.82,-5.98,47.24,76.72
2356,2026-08-03 13:24:13.530,62.444,-0.69,1.47,2.26,-20.32,47.06,72.08
2357,2026-08-03 13:24:13.531,62.445,-0.69,1.47,2.26,-20.32,47.06,72.08
2358,2026-08-03 13:24:13.532,62.446,-0.6,0.84,1.57,-30.15,21.06,68.73
2359,2026-08-03 13:24:13.535,62.449,-0.35,0.2,0.66,-19.9,2.08,47.42
2360,2026-08-03 13:24:13.539,62.453,-0.35,0.2,0.66,-19.9,2.08,47.42
2361,2026-08-03 13:24:13.539,62.453,-0.16,0.06,0.12,-37.35,7.14,33.75
2362,2026-08-03 13:24:13.540,62.454,-0.16,0.06,0.12,-60.97,12.08,28.99
2363,2026-08-03 13:24:13.540,62.454,-0.11,0.16,-0.0,-60.97,12.08,28.99
2364,2026-08-03 13:24:13.590,62.504,-0.23,0.3,0.0,-50.35,6.59,12.63
2365,2026-08-03 13:24:13.653,62.567,-0.23,0.3,0.0,-50.35,6.59,12.63
2366,2026-08-03 13:24:13.654,62.568,-0.51,0.25,0.0,-35.71,2.2,-6.04
2367,2026-08-03 13:24:13.655,62.569,-0.51,0.25,0.0,-35.71,2.2,-6.04
2368,2026-08-03 13:24:13.655,62.569,-0.92,0.21,0.53,-27.1,4.82,-27.47
2369,2026-08-03 13:24:13.712,62.626,-0.92,0.21,0.53,-27.1,4.82,-27.47
2370,2026-08-03 13:24:13.713,62.627,-1.1,0.71,1.65,-20.14,5.25,-69.46
2371,2026-08-03 13:24:13.832,62.746,-0.69,1.26,2.29,1.04,-13.67,-120.12
2372,2026-08-03 13:24:13.833,62.747,-0.09,0.96,1.91,62.38,-46.08,-125.12
2373,2026-08-03 13:24:13.834,62.748,0.26,0.31,1.14,127.87,-73.91,-94.54
2374,2026-08-03 13:24:14.017,62.931,0.39,-0.02,0.54,138.55,-88.56,-71.66
2375,2026-08-03 13:24:14.018,62.932,0.39,-0.02,0.54,82.89,-81.42,-43.27
2376,2026-08-03 13:24:14.018,62.932,0.33,-0.07,0.11,82.89,-81.42,-43.27
2377,2026-08-03 13:24:14.018,62.932,0.16,-0.02,-0.19,6.84,-49.01,-5.68
2378,2026-08-03 13:24:14.190,63.104,0.16,-0.02,-0.19,6.84,-49.01,-5.68
2379,2026-08-03 13:24:14.191,63.105,-0.1,0.04,-0.24,-35.95,-2.69,17.09
2380,2026-08-03 13:24:14.193,63.107,-0.1,0.04,-0.24,-35.95,-2.69,17.09
2381,2026-08-03 13:24:14.194,63.108,-0.45,0.23,0.28,-36.87,38.57,21.67
2382,2026-08-03 13:24:14.195,63.109,-0.68,0.91,1.56,-16.36,65.19,32.41
2383,2026-08-03 13:24:14.196,63.11,-0.61,1.6,2.52,-4.58,70.56,53.77
2384,2026-08-03 13:24:14.197,63.111,-0.54,1.24,2.24,-14.28,58.72,95.76
2385,2026-08-03 13:24:14.198,63.112,-0.54,0.43,1.18,-25.82,40.34,117.61
2386,2026-08-03 13:24:14.251,63.165,-0.49,0.02,0.1,-25.27,19.53,84.41
2387,2026-08-03 13:24:14.252,63.166,-0.49,0.02,0.1,-0.67,6.47,45.65
2388,2026-08-03 13:24:14.434,63.348,-0.43,-0.18,-0.36,-0.67,6.47,45.65
2389,2026-08-03 13:24:14.435,63.349,-0.35,-0.07,-0.28,54.75,1.77,-1.95
2390,2026-08-03 13:24:14.436,63.35,-0.35,-0.07,-0.28,54.75,1.77,-1.95
2391,2026-08-03 13:24:14.436,63.35,-0.29,0.31,-0.1,108.22,-6.59,-70.56
2392,2026-08-03 13:24:14.437,63.351,-0.29,0.31,-0.1,108.22,-6.59,-70.56
2393,2026-08-03 13:24:14.437,63.351,-0.31,0.44,0.28,96.8,-15.14,-110.72
2394,2026-08-03 13:24:14.438,63.352,-0.31,0.44,0.28,96.8,-15.14,-110.72
2395,2026-08-03 13:24:14.438,63.352,-0.55,0.87,1.19,31.49,-23.5,-107.54
2396,2026-08-03 13:24:14.490,63.404,-0.73,1.82,2.06,-19.59,-45.72,-89.17
2397,2026-08-03 13:24:14.491,63.405,-0.73,1.82,2.06,-19.59,-45.72,-89.17
2398,2026-08-03 13:24:14.492,63.406,-0.61,1.83,2.03,-33.69,-75.01,-42.05
2399,2026-08-03 13:24:14.611,63.525,-0.61,1.83,2.03,-33.69,-75.01,-42.05
2400,2026-08-03 13:24:14.612,63.526,-0.24,0.82,1.2,-9.64,-91.8,10.93
2401,2026-08-03 13:24:14.613,63.527,-0.24,0.82,1.2,29.05,-87.1,7.14
2402,2026-08-03 13:24:14.671,63.585,0.15,-0.06,0.34,29.05,-87.1,7.14
2403,2026-08-03 13:24:14.672,63.586,0.32,-0.35,-0.02,50.6,-54.14,-29.91
2404,2026-08-03 13:24:14.673,63.587,0.32,-0.35,-0.02,50.6,-54.14,-29.91
2405,2026-08-03 13:24:14.673,63.587,0.3,-0.13,-0.04,50.35,-3.17,-49.8
2406,2026-08-03 13:24:14.674,63.588,0.3,-0.13,-0.04,50.35,-3.17,-49.8
2407,2026-08-03 13:24:14.732,63.646,0.13,0.21,-0.02,32.53,44.8,-35.1
2408,2026-08-03 13:24:14.740,63.654,0.13,0.21,-0.02,32.53,44.8,-35.1
2409,2026-08-03 13:24:14.850,63.764,-0.21,0.46,0.2,1.46,80.87,5.8
2410,2026-08-03 13:24:14.850,63.764,-0.62,0.94,1.06,-31.37,98.27,43.95
2411,2026-08-03 13:24:14.851,63.765,-0.62,0.94,1.06,-31.37,98.27,43.95
2412,2026-08-03 13:24:14.851,63.765,-0.79,1.57,2.05,-61.89,82.52,75.38
2413,2026-08-03 13:24:14.852,63.766,-0.79,1.57,2.05,-61.89,82.52,75.38
2414,2026-08-03 13:24:14.910,63.824,-0.62,1.58,2.09,-96.5,36.8,115.17
2415,2026-08-03 13:24:14.911,63.825,-0.62,1.58,2.09,-96.5,36.8,115.17
2416,2026-08-03 13:24:14.982,63.896,-0.38,0.81,1.17,-100.04,-6.04,139.53
2417,2026-08-03 13:24:14.987,63.901,-0.3,0.09,0.11,-61.1,-16.78,131.59
2418,2026-08-03 13:24:14.988,63.902,-0.3,0.09,0.11,-61.1,-16.78,131.59
2419,2026-08-03 13:24:15.031,63.945,-0.39,-0.12,-0.39,-17.94,4.21,106.87
2420,2026-08-03 13:24:15.103,64.017,-0.39,-0.12,-0.39,-17.94,4.21,106.87
2421,2026-08-03 13:24:15.104,64.018,-0.48,-0.06,-0.39,3.6,27.77,65.12
2422,2026-08-03 13:24:15.105,64.019,-0.48,-0.06,-0.39,3.6,27.77,65.12
2423,2026-08-03 13:24:15.105,64.019,-0.51,0.11,-0.16,8.24,26.25,1.89
2424,2026-08-03 13:24:15.106,64.02,-0.51,0.11,-0.16,8.24,26.25,1.89
2425,2026-08-03 13:24:15.151,64.065,-0.59,0.39,0.37,12.94,5.0,-60.97
2426,2026-08-03 13:24:15.152,64.066,-0.75,0.92,1.32,-4.09,-12.82,-102.17
2427,2026-08-03 13:24:15.209,64.123,-0.75,0.92,1.32,-4.09,-12.82,-102.17
2428,2026-08-03 13:24:15.271,64.185,-0.72,1.59,2.29,-15.75,-26.86,-129.58
2429,2026-08-03 13:24:15.331,64.245,-0.72,1.59,2.29,-15.75,-26.86,-129.58
2430,2026-08-03 13:24:15.331,64.245,-0.49,1.58,2.3,0.98,-49.8,-120.24
2431,2026-08-03 13:24:15.332,64.246,-0.49,1.58,2.3,0.98,-49.8,-120.24
2432,2026-08-03 13:24:15.405,64.319,-0.16,0.77,1.29,28.38,-73.97,-77.39
2433,2026-08-03 13:24:15.406,64.32,0.24,0.0,0.31,78.12,-100.46,-73.79
2434,2026-08-03 13:24:15.407,64.321,0.24,0.0,0.31,78.12,-100.46,-73.79
2435,2026-08-03 13:24:15.407,64.321,0.54,-0.31,-0.11,109.13,-112.61,-102.54
2436,2026-08-03 13:24:15.510,64.424,0.54,-0.31,-0.11,109.13,-112.61,-102.54
2437,2026-08-03 13:24:15.510,64.424,0.58,-0.22,-0.15,82.34,-76.66,-88.13
2438,2026-08-03 13:24:15.511,64.425,0.58,-0.22,-0.15,82.34,-76.66,-88.13
2439,2026-08-03 13:24:15.511,64.425,0.34,0.08,-0.09,21.85,-11.47,-16.48
2440,2026-08-03 13:24:15.512,64.426,-0.06,0.42,0.17,-39.12,41.93,71.35
2441,2026-08-03 13:24:15.513,64.427,-0.49,0.78,1.1,-70.07,82.28,138.85
2442,2026-08-03 13:24:15.750,64.664,-0.62,1.43,2.29,-67.93,109.13,154.36
2443,2026-08-03 13:24:15.810,64.724,-0.62,1.43,2.29,-67.93,109.13,154.36
2444,2026-08-03 13:24:15.877,64.791,-0.48,1.76,2.42,-51.64,84.05,120.12
2445,2026-08-03 13:24:15.887,64.801,-0.48,1.76,2.42,-22.71,42.3,84.47
2446,2026-08-03 13:24:15.889,64.803,-0.42,0.95,1.51,-22.71,42.3,84.47
2447,2026-08-03 13:24:15.889,64.803,-0.32,0.07,0.46,5.37,37.84,64.15
2448,2026-08-03 13:24:15.890,64.804,-0.19,-0.07,-0.27,9.34,45.96,50.96
2449,2026-08-03 13:24:15.891,64.805,-0.22,-0.03,-0.53,-11.35,45.04,48.22
2450,2026-08-03 13:24:15.892,64.806,-0.22,-0.03,-0.53,-11.35,45.04,48.22
2451,2026-08-03 13:24:15.892,64.806,-0.43,0.05,-0.35,-29.3,33.63,31.31
2452,2026-08-03 13:24:15.893,64.807,-0.68,0.31,0.22,-22.09,12.39,-19.23
2453,2026-08-03 13:24:15.895,64.809,-0.78,0.76,1.06,-9.09,-11.72,-85.88
2454,2026-08-03 13:24:15.916,64.83,-0.78,0.76,1.06,-9.09,-11.72,-85.88
2455,2026-08-03 13:24:15.941,64.855,-0.55,1.4,2.05,4.09,-31.56,-146.73
2456,2026-08-03 13:24:15.942,64.856,-0.55,1.4,2.05,4.09,-31.56,-146.73
2457,2026-08-03 13:24:15.993,64.907,-0.24,1.59,2.39,17.33,-54.57,-152.83
2458,2026-08-03 13:24:15.994,64.908,-0.1,0.95,1.64,15.08,-74.89,-87.65
2459,2026-08-03 13:24:16.111,65.025,-0.02,0.18,0.58,26.06,-90.52,-35.71
2460,2026-08-03 13:24:16.112,65.026,-0.02,0.18,0.58,26.06,-90.52,-35.71
2461,2026-08-03 13:24:16.112,65.026,0.19,-0.18,-0.03,64.82,-111.88,-54.14
2462,2026-08-03 13:24:16.113,65.027,0.19,-0.18,-0.03,64.82,-111.88,-54.14
2463,2026-08-03 13:24:16.113,65.027,0.44,-0.13,-0.08,85.14,-119.08,-93.44
2464,2026-08-03 13:24:16.177,65.091,0.44,-0.13,-0.08,85.14,-119.08,-93.44
2465,2026-08-03 13:24:16.190,65.104,0.46,0.14,0.04,55.79,-87.52,-78.06
2466,2026-08-03 13:24:16.233,65.147,0.1,0.38,0.09,2.32,-26.25,4.46
2467,2026-08-03 13:24:16.234,65.148,0.1,0.38,0.09,2.32,-26.25,4.46
2468,2026-08-03 13:24:16.235,65.149,-0.37,0.56,0.54,-33.45,42.48,98.57
2469,2026-08-03 13:24:16.410,65.324,-0.37,0.56,0.54,-33.45,42.48,98.57
2470,2026-08-03 13:24:16.411,65.325,-0.43,0.96,1.73,-44.98,105.29,139.65
2471,2026-08-03 13:24:16.412,65.326,-0.43,0.96,1.73,-44.98,105.29,139.65
2472,2026-08-03 13:24:16.412,65.326,-0.16,1.37,2.46,-63.17,118.71,125.18
2473,2026-08-03 13:24:16.413,65.327,-0.16,1.37,2.46,-63.17,118.71,125.18
2474,2026-08-03 13:24:16.414,65.328,-0.09,0.55,0.99,-4.27,9.09,67.75
2475,2026-08-03 13:24:16.471,65.385,-0.19,0.26,0.26,50.42,4.58,54.93
2476,2026-08-03 13:24:16.472,65.386,-0.19,0.26,0.26,50.42,4.58,54.93
2477,2026-08-03 13:24:16.472,65.386,-0.29,0.19,-0.2,18.68,32.53,64.39
2478,2026-08-03 13:24:16.710,65.624,-0.29,0.19,-0.2,18.68,32.53,64.39
2479,2026-08-03 13:24:16.711,65.625,-0.42,0.09,-0.34,-25.39,51.88,66.96
2480,2026-08-03 13:24:16.831,65.745,-0.56,0.07,-0.26,-27.95,43.21,29.05
2481,2026-08-03 13:24:16.831,65.745,-0.72,0.28,0.29,-16.11,19.9,-42.18
2482,2026-08-03 13:24:16.891,65.805,-0.83,0.82,1.47,-20.75,8.73,-116.09
2483,2026-08-03 13:24:16.892,65.806,-0.61,1.52,2.38,-32.59,-7.39,-178.59
2484,2026-08-03 13:24:16.892,65.806,-0.17,1.51,2.21,-17.09,-41.44,-182.01
2485,2026-08-03 13:24:16.892,65.806,0.14,0.68,1.38,29.11,-62.87,-111.69
2486,2026-08-03 13:24:17.014,65.928,0.14,0.68,1.38,29.11,-62.87,-111.69
2487,2026-08-03 13:24:17.016,65.93,0.31,-0.01,0.59,74.58,-73.85,-53.28
2488,2026-08-03 13:24:17.016,65.93,0.43,-0.17,0.13,89.29,-88.38,-51.03
2489,2026-08-03 13:24:17.019,65.933,0.43,-0.17,0.13,89.29,-88.38,-51.03
2490,2026-08-03 13:24:17.019,65.933,0.45,-0.05,-0.03,69.27,-85.51,-57.8
2491,2026-08-03 13:24:17.020,65.934,0.45,-0.05,-0.03,28.26,-48.1,-18.86
2492,2026-08-03 13:24:17.023,65.937,0.22,0.16,-0.05,28.26,-48.1,-18.86
2493,2026-08-03 13:24:17.023,65.937,-0.2,0.36,0.11,-20.45,12.15,62.01
2494,2026-08-03 13:24:17.027,65.941,-0.54,0.62,0.96,-43.64,73.12,125.73
2495,2026-08-03 13:24:17.028,65.942,-0.54,0.62,0.96,-43.64,73.12,125.73
2496,2026-08-03 13:24:17.071,65.985,-0.46,1.18,2.13,-31.68,103.27,121.03
2497,2026-08-03 13:24:17.079,65.993,-0.46,1.18,2.13,-31.68,103.27,121.03
2498,2026-08-03 13:24:17.131,66.045,-0.28,1.38,2.38,-39.31,83.13,86.0
2499,2026-08-03 13:24:17.131,66.045,-0.32,0.79,1.59,-51.7,51.09,81.79
2500,2026-08-03 13:24:17.132,66.046,-0.32,0.79,1.59,-51.7,51.09,81.79
2501,2026-08-03 13:24:17.430,66.344,-0.31,0.23,0.56,-22.83,40.95,82.09
2502,2026-08-03 13:24:17.431,66.345,-0.31,0.23,0.56,-22.83,40.95,82.09
2503,2026-08-03 13:24:17.431,66.345,-0.23,0.01,-0.14,6.16,39.06,59.27
2504,2026-08-03 13:24:17.432,66.346,-0.23,0.01,-0.14,6.16,39.06,59.27
2505,2026-08-03 13:24:17.433,66.347,-0.24,-0.07,-0.38,14.71,26.92,28.93
2506,2026-08-03 13:24:17.490,66.404,-0.35,0.09,-0.23,11.35,8.3,-7.93
2507,2026-08-03 13:24:17.491,66.405,-0.35,0.09,-0.23,11.35,8.3,-7.93
2508,2026-08-03 13:24:17.492,66.406,-0.55,0.29,0.25,-5.86,-4.09,-49.56
2509,2026-08-03 13:24:17.493,66.407,-0.55,0.29,0.25,-5.86,-4.09,-49.56
2510,2026-08-03 13:24:17.493,66.407,-0.7,0.51,1.08,-28.2,-9.64,-87.65
2511,2026-08-03 13:24:17.494,66.408,-0.57,1.1,2.14,-37.17,-11.72,-130.74
2512,2026-08-03 13:24:17.629,66.543,-0.26,1.4,2.6,-12.88,-19.9,-137.76
2513,2026-08-03 13:24:17.630,66.544,-0.1,0.81,1.92,32.35,-32.9,-73.18
2514,2026-08-03 13:24:17.633,66.547,-0.1,0.81,1.92,32.35,-32.9,-73.18
2515,2026-08-03 13:24:17.633,66.547,0.02,-0.0,0.73,67.99,-46.26,-12.57
2516,2026-08-03 13:24:17.634,66.548,0.02,-0.0,0.73,67.99,-46.26,-12.57
2517,2026-08-03 13:24:17.634,66.548,0.24,-0.33,-0.17,76.29,-56.4,-16.78
2518,2026-08-03 13:24:17.635,66.549,0.43,-0.21,-0.41,59.27,-47.79,-43.27
2519,2026-08-03 13:24:17.730,66.644,0.43,-0.21,-0.41,59.27,-47.79,-43.27
2520,2026-08-03 13:24:17.733,66.647,0.38,0.04,-0.09,46.75,-17.4,-25.88
2521,2026-08-03 13:24:17.796,66.71,0.17,0.35,0.32,20.57,20.32,41.56
2522,2026-08-03 13:24:17.849,66.763,-0.1,0.77,0.86,-44.07,54.08,126.89
2523,2026-08-03 13:24:17.911,66.825,-0.1,0.77,0.86,-44.07,54.08,126.89
2524,2026-08-03 13:24:17.913,66.827,-0.4,1.15,1.81,-91.49,85.21,193.79
2525,2026-08-03 13:24:17.914,66.828,-0.4,1.15,1.81,-91.49,85.21,193.79
2526,2026-08-03 13:24:17.914,66.828,-0.54,1.31,2.34,-80.2,88.62,202.94
2527,2026-08-03 13:24:18.090,67.004,-0.51,0.92,1.8,-31.25,53.16,163.27
2528,2026-08-03 13:24:18.091,67.005,-0.51,0.92,1.8,-31.25,53.16,163.27
2529,2026-08-03 13:24:18.092,67.006,-0.42,0.33,0.84,29.54,20.75,115.48
2530,2026-08-03 13:24:18.093,67.007,-0.42,0.33,0.84,29.54,20.75,115.48
2531,2026-08-03 13:24:18.093,67.007,-0.26,0.17,0.06,62.87,13.43,78.55
2532,2026-08-03 13:24:18.094,67.008,-0.18,0.14,-0.25,47.24,19.1,55.36
2533,2026-08-03 13:24:18.094,67.008,-0.22,0.07,-0.16,20.51,16.97,28.63
2534,2026-08-03 13:24:18.095,67.009,-0.22,0.07,-0.16,20.51,16.97,28.63
2535,2026-08-03 13:24:18.095,67.009,-0.36,0.2,0.08,-4.88,4.46,-20.08
2536,2026-08-03 13:24:18.096,67.01,-0.64,0.51,0.65,-31.62,-8.24,-78.74
2537,2026-08-03 13:24:18.210,67.124,-0.82,0.96,1.62,-48.1,-19.65,-129.88
2538,2026-08-03 13:24:18.450,67.364,-0.82,0.96,1.62,-51.88,-32.71,-166.08
2539,2026-08-03 13:24:18.450,67.364,-0.56,1.4,2.36,-51.88,-32.71,-166.08
2540,2026-08-03 13:24:18.451,67.365,-0.08,1.21,2.12,-36.56,-43.7,-157.53
2541,2026-08-03 13:24:18.452,67.366,0.25,0.45,1.2,8.48,-52.31,-113.16
2542,2026-08-03 13:24:18.452,67.366,0.39,-0.08,0.41,69.64,-69.09,-95.21
2543,2026-08-03 13:24:18.453,67.367,0.39,-0.08,0.41,69.64,-69.09,-95.21
2544,2026-08-03 13:24:18.454,67.368,0.39,-0.19,0.0,95.64,-79.04,-101.93
2545,2026-08-03 13:24:18.454,67.368,0.34,-0.15,-0.17,69.27,-59.88,-85.63
2546,2026-08-03 13:24:18.456,67.37,0.34,-0.15,-0.17,69.27,-59.88,-85.63
2547,2026-08-03 13:24:18.456,67.37,0.29,-0.05,-0.04,23.93,-10.13,-35.03
2548,2026-08-03 13:24:18.457,67.371,0.29,-0.05,-0.04,23.93,-10.13,-35.03
2549,2026-08-03 13:24:18.457,67.371,0.26,0.18,0.52,-21.48,43.09,39.06
2550,2026-08-03 13:24:18.528,67.442,0.26,0.18,0.52,-21.48,43.09,39.06
2551,2026-08-03 13:24:18.810,67.724,0.17,0.6,1.47,-60.73,61.58,126.04
2552,2026-08-03 13:24:18.810,67.724,-0.12,1.14,2.51,-107.06,55.18,193.3
2553,2026-08-03 13:24:18.811,67.725,-0.12,1.14,2.51,-107.06,55.18,193.3
2554,2026-08-03 13:24:18.813,67.727,-0.39,1.55,2.55,-126.77,23.01,190.86
2555,2026-08-03 13:24:18.814,67.728,-0.46,1.46,1.43,-75.74,-25.51,146.91
2556,2026-08-03 13:24:18.814,67.728,-0.48,0.78,0.3,-16.36,-26.49,134.64
2557,2026-08-03 13:24:18.815,67.729,-0.48,0.78,0.3,-16.36,-26.49,134.64
2558,2026-08-03 13:24:18.816,67.73,-0.53,-0.04,-0.28,7.57,12.57,136.72
2559,2026-08-03 13:24:18.816,67.73,-0.61,-0.56,-0.35,-7.81,42.24,99.67
2560,2026-08-03 13:24:18.816,67.73,-0.73,-0.55,0.05,-50.11,43.58,7.02
2561,2026-08-03 13:24:18.817,67.731,-0.73,-0.55,0.05,-50.11,43.58,7.02
2562,2026-08-03 13:24:18.930,67.844,-0.73,-0.55,0.05,-50.11,43.58,7.02
2563,2026-08-03 13:24:18.930,67.844,-0.7,0.59,1.48,-51.82,-35.4,-230.22
2564,2026-08-03 13:24:18.931,67.845,-0.7,0.59,1.48,-54.26,-24.6,-263.61
2565,2026-08-03 13:24:18.931,67.845,-0.39,0.85,2.4,-54.26,-24.6,-263.61
2566,2026-08-03 13:24:18.931,67.845,-0.06,0.63,2.56,-58.29,-7.63,-221.07
2567,2026-08-03 13:24:18.990,67.904,-0.06,0.63,2.56,-58.29,-7.63,-221.07
2568,2026-08-03 13:24:18.990,67.904,0.13,0.13,1.63,-62.74,-24.29,-140.93
2569,2026-08-03 13:24:18.991,67.905,0.13,0.13,1.63,-62.74,-24.29,-140.93
2570,2026-08-03 13:24:19.113,68.027,0.27,-0.21,0.48,-67.32,-39.12,-87.22
2571,2026-08-03 13:24:19.114,68.028,0.27,-0.21,0.48,-47.42,-37.11,-85.69
2572,2026-08-03 13:24:19.115,68.029,0.48,-0.15,-0.13,-47.42,-37.11,-85.69
2573,2026-08-03 13:24:19.115,68.029,0.6,0.02,-0.09,-23.19,-24.23,-85.88
2574,2026-08-03 13:24:19.116,68.03,0.6,0.02,-0.09,-23.19,-24.23,-85.88
2575,2026-08-03 13:24:19.175,68.089,0.58,0.06,0.27,-19.9,-23.38,-52.19
2576,2026-08-03 13:24:19.176,68.09,0.51,0.04,0.63,-21.0,-54.5,-0.37
2577,2026-08-03 13:24:19.409,68.323,0.51,0.04,0.63,-21.0,-54.5,-0.37
2578,2026-08-03 13:24:19.410,68.324,0.4,-0.06,1.06,-27.16,-85.57,59.39
2579,2026-08-03 13:24:19.411,68.325,0.1,-0.33,1.84,-62.32,-59.57,121.4
2580,2026-08-03 13:24:19.412,68.326,0.1,-0.33,1.84,-62.32,-59.57,121.4
2581,2026-08-03 13:24:19.412,68.326,-0.25,-0.5,2.49,-87.22,-11.35,133.3
2582,2026-08-03 13:24:19.412,68.326,-0.33,-0.34,2.08,-48.4,-26.0,70.25
2583,2026-08-03 13:24:19.413,68.327,-0.33,-0.34,2.08,-48.4,-26.0,70.25
2584,2026-08-03 13:24:19.413,68.327,-0.25,-0.19,1.03,10.99,-68.42,4.64
2585,2026-08-03 13:24:19.413,68.327,-0.23,-0.17,0.34,26.92,-67.87,-15.14
2586,2026-08-03 13:24:19.531,68.445,-0.23,-0.17,0.34,26.92,-67.87,-15.14
2587,2026-08-03 13:24:19.532,68.446,-0.34,-0.16,0.17,-0.85,-42.48,-6.96
2588,2026-08-03 13:24:19.532,68.446,-0.5,-0.13,0.19,-46.75,-22.46,4.7
2589,2026-08-03 13:24:19.533,68.447,-0.5,-0.13,0.19,-46.75,-22.46,4.7
2590,2026-08-03 13:24:19.533,68.447,-0.59,-0.09,0.2,-80.51,-3.91,-7.02
2591,2026-08-03 13:24:19.592,68.506,-0.59,-0.09,0.2,-80.51,-3.91,-7.02
2592,2026-08-03 13:24:19.592,68.506,-0.45,-0.05,0.31,-87.95,31.8,-52.06
2593,2026-08-03 13:24:19.652,68.566,-0.07,-0.02,0.9,-65.98,93.81,-102.29
2594,2026-08-03 13:24:19.653,68.567,-0.07,-0.02,0.9,-65.98,93.81,-102.29
2595,2026-08-03 13:24:19.653,68.567,0.35,-0.05,1.84,-2.44,140.69,-113.89
2596,2026-08-03 13:24:19.710,68.624,0.35,-0.05,1.84,-2.44,140.69,-113.89
2597,2026-08-03 13:24:19.712,68.626,0.62,-0.23,2.22,74.4,118.47,-80.02
2598,2026-08-03 13:24:19.770,68.684,0.73,-0.48,1.66,120.79,38.02,-34.97
2599,2026-08-03 13:24:19.771,68.685,0.71,-0.62,0.77,131.71,-44.01,-5.98
2600,2026-08-03 13:24:19.847,68.761,0.71,-0.62,0.77,131.71,-44.01,-5.98
2601,2026-08-03 13:24:19.848,68.762,0.65,-0.62,0.29,109.25,-83.86,7.26
2602,2026-08-03 13:24:19.851,68.765,0.65,-0.62,0.29,109.25,-83.86,7.26
2603,2026-08-03 13:24:19.896,68.81,0.71,-0.52,0.44,59.88,-87.89,13.85
2604,2026-08-03 13:24:19.953,68.867,0.86,-0.33,0.81,7.08,-101.14,25.33
2605,2026-08-03 13:24:19.953,68.867,0.92,-0.3,0.99,-46.26,-137.27,59.81
2606,2026-08-03 13:24:19.954,68.868,0.92,-0.3,0.99,-46.26,-137.27,59.81
2607,2026-08-03 13:24:20.070,68.984,0.84,-0.66,1.1,-118.16,-157.71,100.77
2608,2026-08-03 13:24:20.071,68.985,0.84,-0.66,1.1,-118.16,-157.71,100.77
2609,2026-08-03 13:24:20.072,68.986,0.46,-1.18,1.24,-195.13,-138.18,103.27
2610,2026-08-03 13:24:20.072,68.986,-0.04,-1.3,1.07,-231.14,-93.14,41.99
2611,2026-08-03 13:24:20.130,69.044,-0.29,-1.09,1.05,-225.1,-26.31,-45.1
2612,2026-08-03 13:24:20.131,69.045,-0.29,-1.09,1.05,-225.1,-26.31,-45.1
2613,2026-08-03 13:24:20.131,69.045,-0.36,-0.96,1.28,-223.63,42.05,-96.86
2614,2026-08-03 13:24:20.192,69.106,-0.36,-0.96,1.28,-223.63,42.05,-96.86
2615,2026-08-03 13:24:20.192,69.106,-0.3,-0.68,1.07,-215.33,68.66,-133.18
2616,2026-08-03 13:24:20.193,69.107,-0.3,-0.68,1.07,-215.33,68.66,-133.18
2617,2026-08-03 13:24:20.370,69.284,-0.08,-0.26,0.64,-196.96,57.74,-168.58
2618,2026-08-03 13:24:20.371,69.285,0.12,-0.12,0.44,-203.37,29.48,-166.2
2619,2026-08-03 13:24:20.372,69.286,0.18,-0.21,0.32,-207.58,-3.05,-130.0
2620,2026-08-03 13:24:20.373,69.287,0.53,-0.27,0.69,-232.85,-14.1,-102.17
2621,2026-08-03 13:24:20.430,69.344,0.77,-0.42,0.45,-249.69,-62.44,-98.63
2622,2026-08-03 13:24:20.431,69.345,0.82,-0.9,-0.46,-112.67,-110.23,-76.54
2623,2026-08-03 13:24:20.490,69.404,1.03,-0.79,-0.6,51.15,-65.67,-61.28
2624,2026-08-03 13:24:20.491,69.405,1.03,-0.79,-0.6,51.15,-65.67,-61.28
2625,2026-08-03 13:24:20.673,69.587,1.01,-0.26,-0.4,61.04,8.3,-59.2
2626,2026-08-03 13:24:20.674,69.588,1.01,-0.26,-0.4,61.04,8.3,-59.2
2627,2026-08-03 13:24:20.857,69.771,0.92,-0.17,-0.18,-0.12,43.88,-27.53
2628,2026-08-03 13:24:20.912,69.826,0.94,-0.17,-0.12,-28.14,34.61,-0.98
2629,2026-08-03 13:24:20.913,69.827,0.96,-0.23,-0.16,-21.73,15.38,8.24
2630,2026-08-03 13:24:20.913,69.827,0.95,-0.33,-0.19,-13.49,8.12,11.84
2631,2026-08-03 13:24:20.914,69.828,0.95,-0.33,-0.19,-13.49,8.12,11.84
2632,2026-08-03 13:24:20.915,69.829,0.93,-0.3,-0.13,-5.68,9.4,6.47
2633,2026-08-03 13:24:20.916,69.83,0.93,-0.33,-0.11,5.31,1.95,6.9
2634,2026-08-03 13:24:20.917,69.831,0.94,-0.32,-0.1,28.2,-9.09,2.01
2635,2026-08-03 13:24:20.918,69.832,0.94,-0.32,-0.1,28.2,-9.09,2.01
2636,2026-08-03 13:24:20.918,69.832,0.94,-0.31,-0.08,52.37,-17.64,-7.45
2637,2026-08-03 13:24:20.919,69.833,0.94,-0.31,-0.08,52.37,-17.64,-7.45
2638,2026-08-03 13:24:20.919,69.833,0.94,-0.33,-0.07,71.47,-24.11,-13.0
2639,2026-08-03 13:24:20.920,69.834,0.94,-0.33,-0.07,71.47,-24.11,-13.0
2640,2026-08-03 13:24:20.971,69.885,0.95,-0.32,-0.07,87.22,-29.11,-18.86
2641,2026-08-03 13:24:20.972,69.886,0.95,-0.32,-0.07,87.22,-29.11,-18.86
2642,2026-08-03 13:24:21.090,70.004,0.97,-0.27,-0.07,88.5,-29.48,-20.87
2643,2026-08-03 13:24:21.091,70.005,0.99,-0.26,-0.05,74.89,-23.5,-7.32
2644,2026-08-03 13:24:21.092,70.006,0.99,-0.26,-0.05,74.89,-23.5,-7.32
2645,2026-08-03 13:24:21.092,70.006,0.99,-0.29,-0.02,77.21,-13.37,13.31
2646,2026-08-03 13:24:21.093,70.007,0.99,-0.29,-0.02,77.21,-13.37,13.31
2647,2026-08-03 13:24:21.211,70.125,0.97,-0.31,0.02,102.54,-4.27,31.49
2648,2026-08-03 13:24:21.212,70.126,0.97,-0.31,0.02,102.54,-4.27,31.49
2649,2026-08-03 13:24:21.212,70.126,0.94,-0.29,0.07,125.55,3.23,47.73
2650,2026-08-03 13:24:21.212,70.126,0.91,-0.32,0.12,137.27,18.13,68.79
2651,2026-08-03 13:24:21.213,70.127,0.91,-0.32,0.12,137.27,18.13,68.79
2652,2026-08-03 13:24:21.390,70.304,0.77,-0.48,0.3,150.15,50.96,105.71
2653,2026-08-03 13:24:21.393,70.307,0.41,-0.65,0.57,196.04,84.66,148.8
2654,2026-08-03 13:24:21.394,70.308,0.09,-0.58,0.73,288.76,79.04,141.72
2655,2026-08-03 13:24:21.394,70.308,0.06,-0.38,0.71,291.69,60.91,70.86
2656,2026-08-03 13:24:21.395,70.309,0.06,-0.38,0.71,291.69,60.91,70.86
2657,2026-08-03 13:24:21.395,70.309,0.09,-0.45,0.69,146.36,87.34,18.43
2658,2026-08-03 13:24:21.465,70.379,0.03,-0.67,0.74,31.92,129.64,-3.17
2659,2026-08-03 13:24:21.514,70.428,0.05,-0.64,0.76,35.22,128.66,-48.95
2660,2026-08-03 13:24:21.578,70.492,0.16,-0.44,0.77,55.6,103.94,-110.05
2661,2026-08-03 13:24:21.579,70.493,0.27,-0.21,0.79,29.48,98.57,-162.54
2662,2026-08-03 13:24:21.633,70.547,0.27,-0.21,0.79,29.48,98.57,-162.54
2663,2026-08-03 13:24:21.634,70.548,0.27,0.03,0.87,3.23,111.15,-189.7
2664,2026-08-03 13:24:21.636,70.55,0.13,0.11,1.03,-10.86,141.6,-176.7
2665,2026-08-03 13:24:21.692,70.606,-0.04,0.07,1.26,-25.33,176.39,-153.75
2666,2026-08-03 13:24:21.695,70.609,-0.04,0.07,1.26,-25.33,176.39,-153.75
2667,2026-08-03 13:24:21.751,70.665,-0.11,0.14,1.6,-20.87,188.48,-153.32
2668,2026-08-03 13:24:21.752,70.666,-0.11,0.14,1.6,-20.87,188.48,-153.32
2669,2026-08-03 13:24:21.752,70.666,-0.08,0.23,1.75,-7.02,175.23,-154.91
2670,2026-08-03 13:24:21.812,70.726,-0.08,0.23,1.75,-7.02,175.23,-154.91
2671,2026-08-03 13:24:21.812,70.726,-0.05,0.24,1.57,4.76,136.11,-135.01
2672,2026-08-03 13:24:21.813,70.727,-0.05,0.24,1.57,15.2,77.58,-110.17
2673,2026-08-03 13:24:21.870,70.784,-0.06,0.19,1.31,15.2,77.58,-110.17
2674,2026-08-03 13:24:21.871,70.785,-0.06,0.11,1.11,13.73,25.82,-102.54
2675,2026-08-03 13:24:21.934,70.848,-0.06,0.11,1.11,13.73,25.82,-102.54
2676,2026-08-03 13:24:21.934,70.848,-0.04,0.04,0.94,14.71,-10.8,-110.11
2677,2026-08-03 13:24:21.936,70.85,-0.04,0.04,0.94,14.71,-10.8,-110.11
2678,2026-08-03 13:24:21.991,70.905,-0.02,-0.02,0.79,21.61,-35.71,-114.75
2679,2026-08-03 13:24:21.993,70.907,-0.02,-0.02,0.79,21.61,-35.71,-114.75
2680,2026-08-03 13:24:21.993,70.907,0.01,-0.09,0.69,19.96,-47.73,-107.73
2681,2026-08-03 13:24:22.050,70.964,0.03,-0.15,0.67,4.09,-46.57,-96.01
2682,2026-08-03 13:24:22.051,70.965,0.03,-0.15,0.67,4.09,-46.57,-96.01
2683,2026-08-03 13:24:22.119,71.033,0.05,-0.22,0.71,-23.56,-37.78,-87.77
2684,2026-08-03 13:24:22.120,71.034,0.05,-0.22,0.71,-23.56,-37.78,-87.77
2685,2026-08-03 13:24:22.120,71.034,0.11,-0.27,0.79,-43.7,-35.1,-81.85
2686,2026-08-03 13:24:22.171,71.085,0.11,-0.27,0.79,-43.7,-35.1,-81.85
2687,2026-08-03 13:24:22.235,71.149,0.19,-0.29,0.87,-49.93,-38.82,-69.27
2688,2026-08-03 13:24:22.250,71.164,0.27,-0.31,0.97,-50.42,-36.38,-48.65
2689,2026-08-03 13:24:22.251,71.165,0.27,-0.31,0.97,-50.42,-36.38,-48.65
2690,2026-08-03 13:24:22.252,71.166,0.31,-0.26,1.18,-40.71,-22.71,-25.88
2691,2026-08-03 13:24:22.294,71.208,0.31,-0.26,1.18,-40.71,-22.71,-25.88
2692,2026-08-03 13:24:22.295,71.209,0.28,-0.23,1.46,-27.1,-7.45,-2.99
2693,2026-08-03 13:24:22.296,71.21,0.28,-0.23,1.46,-27.1,-7.45,-2.99
2694,2026-08-03 13:24:22.356,71.27,0.23,-0.24,1.48,-17.46,-8.42,9.16
2695,2026-08-03 13:24:22.362,71.276,0.23,-0.24,1.48,-17.46,-8.42,9.16
2696,2026-08-03 13:24:22.411,71.325,0.24,-0.19,1.24,-9.4,-24.05,4.03
2697,2026-08-03 13:24:22.418,71.332,0.27,-0.13,1.02,-8.85,-32.59,0.85
2698,2026-08-03 13:24:22.470,71.384,0.27,-0.13,1.02,-8.85,-32.59,0.85
2699,2026-08-03 13:24:22.472,71.386,0.25,-0.14,0.96,-24.17,-24.17,9.4
2700,2026-08-03 13:24:22.473,71.387,0.25,-0.14,0.96,-24.17,-24.17,9.4
2701,2026-08-03 13:24:22.473,71.387,0.22,-0.19,0.92,-43.88,-9.28,10.13
2702,2026-08-03 13:24:22.590,71.504,0.22,-0.19,0.92,-43.88,-9.28,10.13
2703,2026-08-03 13:24:22.592,71.506,0.18,-0.21,0.82,-42.54,3.91,-11.72
2704,2026-08-03 13:24:22.593,71.507,0.18,-0.21,0.82,-30.52,13.61,-45.35
2705,2026-08-03 13:24:22.596,71.51,0.11,-0.2,0.68,-30.52,13.61,-45.35
2706,2026-08-03 13:24:22.596,71.51,0.05,-0.16,0.57,-26.86,23.56,-72.69
2707,2026-08-03 13:24:22.650,71.564,0.05,-0.16,0.57,-26.86,23.56,-72.69
2708,2026-08-03 13:24:22.710,71.624,0.03,-0.12,0.54,-18.55,38.09,-85.75
2709,2026-08-03 13:24:22.711,71.625,0.03,-0.12,0.54,-18.55,38.09,-85.75
2710,2026-08-03 13:24:22.711,71.625,0.04,-0.09,0.58,1.89,51.76,-85.08
2711,2026-08-03 13:24:22.711,71.625,0.04,-0.05,0.66,29.6,62.5,-70.92
2712,2026-08-03 13:24:22.785,71.699,0.04,-0.05,0.66,29.6,62.5,-70.92
2713,2026-08-03 13:24:22.799,71.713,0.01,-0.03,0.85,62.07,75.56,-47.36
2714,2026-08-03 13:24:22.842,71.756,-0.03,-0.0,1.12,94.18,90.21,-31.19
2715,2026-08-03 13:24:22.950,71.864,-0.06,0.04,1.39,107.18,98.08,-32.53
2716,2026-08-03 13:24:22.951,71.865,-0.08,0.08,1.56,92.83,89.42,-42.3
2717,2026-08-03 13:24:23.011,71.925,-0.08,0.08,1.56,92.83,89.42,-42.3
2718,2026-08-03 13:24:23.011,71.925,-0.08,0.07,1.49,67.38,59.2,-45.29
2719,2026-08-03 13:24:23.012,71.926,-0.1,-0.01,1.19,38.21,18.37,-31.98
2720,2026-08-03 13:24:23.013,71.927,-0.14,-0.15,0.89,4.03,-7.39,-8.91
2721,2026-08-03 13:24:23.081,71.995,-0.14,-0.15,0.89,-19.84,-3.3,0.12
2722,2026-08-03 13:24:23.082,71.996,-0.16,-0.25,0.78,-19.84,-3.3,0.12
2723,2026-08-03 13:24:23.082,71.996,-0.11,-0.22,0.83,-21.18,9.28,-18.55
2724,2026-08-03 13:24:23.130,72.044,-0.11,-0.22,0.83,-21.18,9.28,-18.55
2725,2026-08-03 13:24:23.131,72.045,-0.01,-0.1,0.87,-7.75,3.91,-42.48
2726,2026-08-03 13:24:23.132,72.046,-0.01,-0.1,0.87,-7.75,3.91,-42.48
2727,2026-08-03 13:24:23.194,72.108,0.06,-0.03,0.86,1.95,-8.97,-43.88
2728,2026-08-03 13:24:23.195,72.109,0.06,-0.03,0.86,1.95,-8.97,-43.88
2729,2026-08-03 13:24:23.311,72.225,0.05,-0.04,0.88,-4.52,-13.0,-27.53
2730,2026-08-03 13:24:23.312,72.226,0.03,-0.06,0.92,-16.72,-15.08,-14.28
2731,2026-08-03 13:24:23.370,72.284,0.03,-0.04,0.94,-17.94,-24.96,-13.43
2732,2026-08-03 13:24:23.372,72.286,0.03,-0.04,0.94,-17.94,-24.96,-13.43
2733,2026-08-03 13:24:23.373,72.287,0.08,-0.01,0.93,-13.0,-40.41,-13.18
2734,2026-08-03 13:24:23.374,72.288,0.08,-0.01,0.93,-13.0,-40.41,-13.18
2735,2026-08-03 13:24:23.374,72.288,0.11,-0.03,0.95,-12.76,-50.6,8.54
2736,2026-08-03 13:24:23.376,72.29,0.11,-0.03,0.95,-12.76,-50.6,8.54
2737,2026-08-03 13:24:23.430,72.344,0.1,-0.13,1.05,-2.26,-51.45,43.15
2738,2026-08-03 13:24:23.432,72.346,0.11,-0.17,1.18,31.74,-55.48,70.07
2739,2026-08-03 13:24:23.490,72.404,0.11,-0.17,1.18,31.74,-55.48,70.07
2740,2026-08-03 13:24:23.490,72.404,0.17,-0.07,1.29,71.41,-70.74,101.5
2741,2026-08-03 13:24:23.491,72.405,0.17,-0.07,1.29,71.41,-70.74,101.5
2742,2026-08-03 13:24:23.550,72.464,0.25,0.11,1.3,83.62,-86.91,138.73
2743,2026-08-03 13:24:23.671,72.585,0.32,0.23,1.24,52.43,-85.94,151.12
2744,2026-08-03 13:24:23.672,72.586,0.24,0.16,1.21,-51.64,-30.7,52.49
2745,2026-08-03 13:24:23.672,72.586,0.19,0.13,1.12,-68.12,-7.75,18.49
2746,2026-08-03 13:24:23.730,72.644,0.19,0.13,1.12,-68.12,-7.75,18.49
2747,2026-08-03 13:24:23.731,72.645,0.17,0.09,0.91,-78.98,-1.59,14.83
2748,2026-08-03 13:24:23.732,72.646,0.17,0.09,0.91,-78.98,-1.59,14.83
2749,2026-08-03 13:24:23.790,72.704,0.15,0.01,0.7,-89.11,2.01,22.52
2750,2026-08-03 13:24:23.791,72.705,0.15,0.01,0.7,-89.11,2.01,22.52
2751,2026-08-03 13:24:23.850,72.764,0.14,-0.11,0.57,-86.67,9.46,30.03
2752,2026-08-03 13:24:23.857,72.771,0.14,-0.11,0.57,-86.67,9.46,30.03
2753,2026-08-03 13:24:23.857,72.771,0.19,-0.2,0.53,-71.9,13.43,32.1
2754,2026-08-03 13:24:23.912,72.826,0.23,-0.28,0.57,-56.95,14.04,29.97
2755,2026-08-03 13:24:23.979,72.893,0.24,-0.34,0.64,-42.85,18.01,21.0
2756,2026-08-03 13:24:23.980,72.894,0.24,-0.34,0.64,-42.85,18.01,21.0
2757,2026-08-03 13:24:23.980,72.894,0.22,-0.36,0.75,-23.8,29.97,3.17
2758,2026-08-03 13:24:24.089,73.003,0.22,-0.36,0.75,-23.8,29.97,3.17
2759,2026-08-03 13:24:24.090,73.004,0.19,-0.37,0.87,-3.05,44.19,-16.24
2760,2026-08-03 13:24:24.091,73.005,0.19,-0.37,0.87,14.53,48.95,-29.85
2761,2026-08-03 13:24:24.093,73.007,0.17,-0.37,0.95,14.53,48.95,-29.85
2762,2026-08-03 13:24:24.095,73.009,0.18,-0.29,1.16,36.8,44.49,-40.59
2763,2026-08-03 13:24:24.096,73.01,0.18,-0.29,1.16,36.8,44.49,-40.59
2764,2026-08-03 13:24:24.150,73.064,0.19,-0.11,1.39,55.73,36.93,-54.93
2765,2026-08-03 13:24:24.151,73.065,0.19,-0.11,1.39,55.73,36.93,-54.93
2766,2026-08-03 13:24:24.215,73.129,0.13,-0.04,1.2,34.79,28.99,-57.56
2767,2026-08-03 13:24:24.216,73.13,0.01,-0.17,0.74,-25.51,21.24,-35.03
2768,2026-08-03 13:24:24.271,73.185,-0.06,-0.35,0.47,-64.76,11.6,-15.2
2769,2026-08-03 13:24:24.273,73.187,-0.06,-0.35,0.47,-64.76,11.6,-15.2
2770,2026-08-03 13:24:24.330,73.244,-0.0,-0.4,0.54,-40.16,6.71,-20.94
2771,2026-08-03 13:24:24.331,73.245,-0.0,-0.4,0.54,-40.16,6.71,-20.94
2772,2026-08-03 13:24:24.331,73.245,0.14,-0.35,0.74,13.49,10.99,-34.67
2773,2026-08-03 13:24:24.390,73.304,0.14,-0.35,0.74,13.49,10.99,-34.67
2774,2026-08-03 13:24:24.392,73.306,0.25,-0.31,0.86,43.27,11.84,-36.13
2775,2026-08-03 13:24:24.473,73.387,0.25,-0.31,0.86,42.79,7.08,-27.1
2776,2026-08-03 13:24:24.475,73.389,0.26,-0.31,0.89,42.79,7.08,-27.1
2777,2026-08-03 13:24:24.475,73.389,0.23,-0.35,0.91,29.05,4.03,-17.7
2778,2026-08-03 13:24:24.476,73.39,0.23,-0.35,0.91,29.05,4.03,-17.7
2779,2026-08-03 13:24:24.516,73.43,0.22,-0.38,0.94,15.26,-0.79,-11.9
2780,2026-08-03 13:24:24.570,73.484,0.24,-0.38,0.93,6.47,-9.09,-6.04
2781,2026-08-03 13:24:24.572,73.486,0.24,-0.38,0.93,6.47,-9.09,-6.04
2782,2026-08-03 13:24:24.575,73.489,0.26,-0.38,0.9,1.4,-10.8,4.52
2783,2026-08-03 13:24:24.630,73.544,0.26,-0.38,0.9,0.06,4.39,18.74
2784,2026-08-03 13:24:24.631,73.545,0.24,-0.4,0.86,0.06,4.39,18.74
2785,2026-08-03 13:24:24.693,73.607,0.19,-0.36,0.98,9.89,38.21,21.67
2786,2026-08-03 13:24:24.694,73.608,0.19,-0.36,0.98,9.89,38.21,21.67
2787,2026-08-03 13:24:24.694,73.608,0.07,-0.2,1.29,33.57,81.54,-6.16
2788,2026-08-03 13:24:24.759,73.673,0.07,-0.2,1.29,33.57,81.54,-6.16
2789,2026-08-03 13:24:24.760,73.674,0.01,-0.06,1.35,42.3,88.13,-26.37
2790,2026-08-03 13:24:24.810,73.724,0.07,-0.06,1.17,29.6,38.88,-0.49
2791,2026-08-03 13:24:24.811,73.725,0.07,-0.06,1.17,29.6,38.88,-0.49
2792,2026-08-03 13:24:24.811,73.725,0.09,-0.07,1.04,21.73,-10.74,31.01
2793,2026-08-03 13:24:24.870,73.784,0.09,-0.07,1.04,21.73,-10.74,31.01
2794,2026-08-03 13:24:24.871,73.785,0.03,-0.06,0.88,17.52,-33.14,40.22
2795,2026-08-03 13:24:24.932,73.846,-0.02,-0.03,0.69,7.75,-33.14,34.42
2796,2026-08-03 13:24:24.933,73.847,-0.02,-0.03,0.69,7.75,-33.14,34.42
2797,2026-08-03 13:24:24.937,73.851,-0.04,0.03,0.59,-3.91,-14.89,17.09
2798,2026-08-03 13:24:24.992,73.906,-0.06,0.07,0.54,-4.7,6.53,1.53
2799,2026-08-03 13:24:25.051,73.965,-0.11,0.09,0.53,7.69,28.38,-4.94
2800,2026-08-03 13:24:25.053,73.967,-0.11,0.09,0.53,7.69,28.38,-4.94
2801,2026-08-03 13:24:25.054,73.968,-0.16,0.11,0.56,25.39,52.61,-9.28
2802,2026-08-03 13:24:25.110,74.024,-0.16,0.11,0.56,25.39,52.61,-9.28
2803,2026-08-03 13:24:25.111,74.025,-0.22,0.14,0.64,49.68,69.4,-19.35
2804,2026-08-03 13:24:25.170,74.084,-0.28,0.23,0.82,78.19,76.42,-38.33
2805,2026-08-03 13:24:25.171,74.085,-0.34,0.35,1.15,101.01,85.39,-58.53
2806,2026-08-03 13:24:25.237,74.151,-0.34,0.35,1.15,101.01,85.39,-58.53
2807,2026-08-03 13:24:25.239,74.153,-0.41,0.43,1.56,111.45,98.33,-69.52
2808,2026-08-03 13:24:25.241,74.155,-0.41,0.43,1.56,111.45,98.33,-69.52
2809,2026-08-03 13:24:25.292,74.206,-0.45,0.42,1.92,115.23,99.3,-71.66
2810,2026-08-03 13:24:25.293,74.207,-0.45,0.42,1.92,115.23,99.3,-71.66
2811,2026-08-03 13:24:25.294,74.208,-0.32,0.38,1.96,122.86,64.09,-68.73
2812,2026-08-03 13:24:25.355,74.269,-0.06,0.4,1.5,115.05,-4.21,-47.3
2813,2026-08-03 13:24:25.356,74.27,-0.06,0.4,1.5,115.05,-4.21,-47.3
2814,2026-08-03 13:24:25.470,74.384,0.03,0.39,0.93,54.14,-48.95,7.93
2815,2026-08-03 13:24:25.471,74.385,0.03,0.39,0.93,54.14,-48.95,7.93
2816,2026-08-03 13:24:25.481,74.395,-0.14,0.27,0.65,-37.29,-33.51,74.1
2817,2026-08-03 13:24:25.482,74.396,-0.14,0.27,0.65,-37.29,-33.51,74.1
2818,2026-08-03 13:24:25.485,74.399,-0.33,0.14,0.62,-95.34,8.42,109.68
2819,2026-08-03 13:24:25.545,74.459,-0.33,0.14,0.62,-95.34,8.42,109.68
2820,2026-08-03 13:24:25.554,74.468,-0.33,0.14,0.62,-95.34,8.42,109.68
2821,2026-08-03 13:24:25.554,74.468,-0.29,0.15,0.66,-98.51,41.08,85.63
2822,2026-08-03 13:24:25.592,74.506,-0.28,0.15,0.66,-86.18,48.34,78.55
2823,2026-08-03 13:24:25.596,74.51,-0.28,0.15,0.66,-86.18,48.34,78.55
2824,2026-08-03 13:24:25.772,74.686,-0.33,0.06,0.74,-66.1,61.65,78.98
2825,2026-08-03 13:24:25.772,74.686,-0.37,-0.03,0.85,-38.09,63.42,69.03
2826,2026-08-03 13:24:25.773,74.687,-0.37,-0.03,0.85,-38.09,63.42,69.03
2827,2026-08-03 13:24:25.773,74.687,-0.36,-0.05,0.92,-10.86,44.01,43.09
2828,2026-08-03 13:24:25.773,74.687,-0.36,-0.05,0.92,7.26,16.72,11.11
2829,2026-08-03 13:24:25.774,74.688,-0.33,0.0,1.0,7.26,16.72,11.11
2830,2026-08-03 13:24:25.779,74.693,-0.33,0.12,1.13,16.05,1.1,-14.16
2831,2026-08-03 13:24:25.838,74.752,-0.33,0.12,1.13,16.05,1.1,-14.16
2832,2026-08-03 13:24:25.839,74.753,-0.34,0.23,1.3,19.9,3.6,-26.55
2833,2026-08-03 13:24:25.891,74.805,-0.29,0.27,1.38,28.69,8.12,-25.27
2834,2026-08-03 13:24:26.010,74.924,-0.15,0.31,1.24,37.84,-8.79,-12.02
2835,2026-08-03 13:24:26.079,74.993,-0.15,0.31,1.24,22.95,-32.71,13.92
2836,2026-08-03 13:24:26.084,74.998,-0.06,0.4,1.06,22.95,-32.71,13.92
2837,2026-08-03 13:24:26.084,74.998,-0.14,0.45,1.07,-25.02,-27.71,51.7
2838,2026-08-03 13:24:26.085,74.999,-0.14,0.45,1.07,-25.02,-27.71,51.7
2839,2026-08-03 13:24:26.085,74.999,-0.31,0.42,1.14,-82.82,-0.06,87.71
2840,2026-08-03 13:24:26.086,75.0,-0.31,0.42,1.14,-82.82,-0.06,87.71
2841,2026-08-03 13:24:26.086,75.0,-0.4,0.34,0.99,-118.65,14.95,106.26
2842,2026-08-03 13:24:26.138,75.052,-0.39,0.31,0.68,-123.66,10.68,105.83
2843,2026-08-03 13:24:26.138,75.052,-0.39,0.31,0.43,-113.89,12.21,94.06
2844,2026-08-03 13:24:26.208,75.122,-0.39,0.31,0.43,-113.89,12.21,94.06
2845,2026-08-03 13:24:26.208,75.122,-0.46,0.3,0.28,-100.77,28.32,82.09
2846,2026-08-03 13:24:26.209,75.123,-0.46,0.3,0.28,-100.77,28.32,82.09
2847,2026-08-03 13:24:26.250,75.164,-0.54,0.24,0.21,-75.74,46.14,79.41
2848,2026-08-03 13:24:26.310,75.224,-0.54,0.24,0.21,-75.74,46.14,79.41
2849,2026-08-03 13:24:26.311,75.225,-0.56,0.17,0.25,-29.66,65.37,76.29
2850,2026-08-03 13:24:26.312,75.226,-0.58,0.2,0.4,21.0,90.88,56.27
2851,2026-08-03 13:24:26.442,75.356,-0.68,0.32,0.55,54.38,117.92,25.45
2852,2026-08-03 13:24:26.443,75.357,-0.68,0.32,0.55,54.38,117.92,25.45
2853,2026-08-03 13:24:26.443,75.357,-0.78,0.46,0.71,87.95,126.89,-5.13
2854,2026-08-03 13:24:26.444,75.358,-0.78,0.46,0.71,87.95,126.89,-5.13
2855,2026-08-03 13:24:26.444,75.358,-0.69,0.53,0.95,151.0,95.89,-34.18
2856,2026-08-03 13:24:26.491,75.405,-0.69,0.53,0.95,216.74,28.69,-51.82
2857,2026-08-03 13:24:26.513,75.427,-0.43,0.54,1.0,216.74,28.69,-51.82
2858,2026-08-03 13:24:26.515,75.429,-0.23,0.64,0.75,213.13,-27.47,-37.66
2859,2026-08-03 13:24:26.550,75.464,-0.23,0.64,0.75,213.13,-27.47,-37.66
2860,2026-08-03 13:24:26.551,75.465,-0.35,0.75,0.46,118.84,-13.73,19.96
2861,2026-08-03 13:24:26.615,75.529,-0.35,0.75,0.46,118.84,-13.73,19.96
2862,2026-08-03 13:24:26.615,75.529,-0.74,0.69,0.37,14.77,61.52,97.47
2863,2026-08-03 13:24:26.616,75.53,-1.05,0.54,0.49,-10.13,135.62,143.92
2864,2026-08-03 13:24:26.670,75.584,-1.05,0.54,0.49,-10.13,135.62,143.92
2865,2026-08-03 13:24:26.671,75.585,-1.12,0.47,0.7,19.96,173.95,141.85
2866,2026-08-03 13:24:26.732,75.646,-1.12,0.47,0.7,19.96,173.95,141.85
2867,2026-08-03 13:24:26.732,75.646,-1.11,0.37,0.83,28.44,184.75,121.4
2868,2026-08-03 13:24:26.733,75.647,-1.07,0.17,0.84,2.93,176.76,99.85
2869,2026-08-03 13:24:26.790,75.704,-1.07,0.17,0.84,2.93,176.76,99.85
2870,2026-08-03 13:24:26.791,75.705,-0.97,0.04,0.77,-25.39,139.71,68.66
2871,2026-08-03 13:24:26.794,75.708,-0.97,0.04,0.77,-25.39,139.71,68.66
2872,2026-08-03 13:24:26.854,75.768,-0.82,0.13,0.72,-32.29,68.73,23.19
2873,2026-08-03 13:24:26.855,75.769,-0.82,0.13,0.72,-32.29,68.73,23.19
2874,2026-08-03 13:24:26.911,75.825,-0.66,0.43,0.67,-21.55,-11.35,-25.45
2875,2026-08-03 13:24:26.912,75.826,-0.66,0.43,0.67,-21.55,-11.35,-25.45
2876,2026-08-03 13:24:27.032,75.946,-0.66,0.43,0.67,-21.55,-11.35,-25.45
2877,2026-08-03 13:24:27.032,75.946,-0.49,1.33,0.9,-39.0,-68.66,-54.14
2878,2026-08-03 13:24:27.033,75.947,-0.49,1.33,0.9,-78.67,-43.21,-23.25
2879,2026-08-03 13:24:27.033,75.947,-0.39,1.43,1.16,-78.67,-43.21,-23.25
2880,2026-08-03 13:24:27.033,75.947,-0.37,1.2,1.1,-125.0,-14.1,26.86
2881,2026-08-03 13:24:27.034,75.948,-0.37,1.2,1.1,-125.0,-14.1,26.86
2882,2026-08-03 13:24:27.090,76.004,-0.56,0.99,0.83,-180.79,-4.46,69.21
2883,2026-08-03 13:24:27.091,76.005,-0.56,0.99,0.83,-180.79,-4.46,69.21
2884,2026-08-03 13:24:27.150,76.064,-0.8,0.91,0.62,-223.14,-20.2,75.93
2885,2026-08-03 13:24:27.151,76.065,-0.8,0.91,0.62,-223.14,-20.2,75.93
2886,2026-08-03 13:24:27.151,76.065,-0.89,0.87,0.55,-206.91,-50.66,46.75
2887,2026-08-03 13:24:27.221,76.135,-0.78,0.86,0.59,-145.39,-80.87,6.16
2888,2026-08-03 13:24:27.222,76.136,-0.78,0.86,0.59,-145.39,-80.87,6.16
2889,2026-08-03 13:24:27.272,76.186,-0.65,0.86,0.62,-99.06,-101.26,-16.17
2890,2026-08-03 13:24:27.273,76.187,-0.65,0.86,0.62,-99.06,-101.26,-16.17
2891,2026-08-03 13:24:27.274,76.188,-0.64,0.89,0.59,-99.73,-105.53,-11.05
2892,2026-08-03 13:24:27.390,76.304,-0.64,0.89,0.59,-132.2,-93.32,6.77
2893,2026-08-03 13:24:27.475,76.389,-0.68,0.9,0.48,-132.2,-93.32,6.77
2894,2026-08-03 13:24:27.476,76.39,-0.67,0.83,0.31,-158.2,-74.1,23.25
2895,2026-08-03 13:24:27.477,76.391,-0.67,0.83,0.31,-158.2,-74.1,23.25
2896,2026-08-03 13:24:27.478,76.392,-0.61,0.69,0.09,-154.6,-53.71,38.21
2897,2026-08-03 13:24:27.478,76.392,-0.59,0.51,-0.11,-124.88,-28.75,56.15
2898,2026-08-03 13:24:27.479,76.393,-0.59,0.51,-0.11,-124.88,-28.75,56.15
2899,2026-08-03 13:24:27.515,76.429,-0.68,0.35,-0.24,-70.74,0.61,68.48
2900,2026-08-03 13:24:27.516,76.43,-0.84,0.35,-0.28,11.29,27.65,50.84
2901,2026-08-03 13:24:27.572,76.486,-0.84,0.35,-0.28,11.29,27.65,50.84
2902,2026-08-03 13:24:27.573,76.487,-0.95,0.63,-0.08,122.38,52.12,-4.58
2903,2026-08-03 13:24:27.630,76.544,-0.94,0.93,0.65,243.77,87.1,-62.62
2904,2026-08-03 13:24:27.631,76.545,-0.94,0.93,0.65,243.77,87.1,-62.62
2905,2026-08-03 13:24:27.631,76.545,-0.82,0.91,1.48,310.55,114.26,-88.75
2906,2026-08-03 13:24:27.690,76.604,-0.66,0.76,1.63,279.17,85.69,-92.22
2907,2026-08-03 13:24:27.764,76.678,-0.66,0.76,1.63,279.17,85.69,-92.22
2908,2026-08-03 13:24:27.765,76.679,-0.57,0.69,1.32,212.1,5.55,-95.76
2909,2026-08-03 13:24:27.766,76.68,-0.57,0.69,1.32,212.1,5.55,-95.76
2910,2026-08-03 13:24:27.766,76.68,-0.48,0.61,1.08,180.97,-72.14,-107.85
2911,2026-08-03 13:24:27.810,76.724,-0.48,0.61,1.08,172.0,-121.34,-122.86
2912,2026-08-03 13:24:27.810,76.724,-0.28,0.54,0.92,172.0,-121.34,-122.86
2913,2026-08-03 13:24:27.872,76.786,-0.09,0.49,0.7,159.97,-156.19,-125.43
2914,2026-08-03 13:24:27.873,76.787,-0.0,0.48,0.48,151.43,-180.42,-110.47
2915,2026-08-03 13:24:27.930,76.844,-0.0,0.48,0.48,151.43,-180.42,-110.47
2916,2026-08-03 13:24:27.931,76.845,-0.02,0.51,0.4,144.35,-174.07,-87.4
2917,2026-08-03 13:24:28.007,76.921,-0.12,0.57,0.5,128.78,-135.8,-63.84
2918,2026-08-03 13:24:28.008,76.922,-0.12,0.57,0.5,128.78,-135.8,-63.84
2919,2026-08-03 13:24:28.008,76.922,-0.28,0.63,0.7,113.71,-89.23,-41.63
2920,2026-08-03 13:24:28.051,76.965,-0.28,0.63,0.7,113.71,-89.23,-41.63
2921,2026-08-03 13:24:28.060,76.974,-0.46,0.74,0.93,100.22,-46.26,-22.52
2922,2026-08-03 13:24:28.110,77.024,-0.59,0.9,1.11,75.44,-9.7,-8.73
2923,2026-08-03 13:24:28.111,77.025,-0.59,0.9,1.11,75.44,-9.7,-8.73
2924,2026-08-03 13:24:28.112,77.026,-0.59,0.9,1.11,75.44,-9.7,-8.73
2925,2026-08-03 13:24:28.170,77.084,-0.59,0.9,1.11,75.44,-9.7,-8.73
2926,2026-08-03 13:24:28.171,77.085,-0.72,0.85,1.08,-14.28,51.57,28.38
2927,2026-08-03 13:24:28.230,77.144,-0.66,0.67,0.88,-100.71,94.73,45.23
2928,2026-08-03 13:24:28.231,77.145,-0.6,0.68,0.79,-169.37,90.76,39.61
2929,2026-08-03 13:24:28.298,77.212,-0.6,0.68,0.79,-169.37,90.76,39.61
2930,2026-08-03 13:24:28.299,77.213,-0.65,0.79,0.79,-179.87,26.06,21.67
2931,2026-08-03 13:24:28.350,77.264,-0.76,0.79,0.84,-146.67,-56.15,2.2
2932,2026-08-03 13:24:28.424,77.338,-0.77,0.71,0.85,-96.62,-130.07,-20.75
2933,2026-08-03 13:24:28.425,77.339,-0.65,0.66,0.75,-60.85,-182.19,-38.76
2934,2026-08-03 13:24:28.426,77.34,-0.65,0.66,0.75,-60.85,-182.19,-38.76
2935,2026-08-03 13:24:28.470,77.384,-0.52,0.59,0.59,-56.46,-191.83,-37.48
2936,2026-08-03 13:24:28.471,77.385,-0.44,0.47,0.46,-67.5,-161.56,-22.22
2937,2026-08-03 13:24:28.532,77.446,-0.44,0.47,0.46,-67.5,-161.56,-22.22
2938,2026-08-03 13:24:28.533,77.447,-0.38,0.33,0.31,-69.7,-119.08,-10.99
2939,2026-08-03 13:24:28.593,77.507,-0.29,0.23,0.24,-55.05,-77.7,-11.17
2940,2026-08-03 13:24:28.594,77.508,-0.27,0.17,0.36,-28.38,-33.87,-20.08
2941,2026-08-03 13:24:28.771,77.685,-0.27,0.17,0.36,-28.38,-33.87,-20.08
2942,2026-08-03 13:24:28.771,77.685,-0.3,0.17,0.59,5.8,5.31,-40.1
2943,2026-08-03 13:24:28.772,77.686,-0.28,0.26,0.77,36.74,26.98,-66.71
2944,2026-08-03 13:24:28.773,77.687,-0.26,0.36,0.97,52.31,35.83,-85.08
2945,2026-08-03 13:24:28.773,77.687,-0.28,0.4,1.38,60.18,41.75,-99.12
2946,2026-08-03 13:24:28.774,77.688,-0.28,0.4,1.38,60.18,41.75,-99.12
2947,2026-08-03 13:24:28.841,77.755,-0.14,0.46,1.65,59.81,26.06,-115.66
2948,2026-08-03 13:24:28.842,77.756,0.03,0.47,1.37,26.0,-23.13,-109.56
2949,2026-08-03 13:24:28.892,77.806,0.03,0.47,1.37,26.0,-23.13,-109.56
2950,2026-08-03 13:24:28.892,77.806,-0.03,0.31,0.88,-31.8,-62.99,-77.27
2951,2026-08-03 13:24:28.950,77.864,-0.2,0.14,0.61,-66.47,-62.68,-61.16
2952,2026-08-03 13:24:28.951,77.865,-0.2,0.14,0.61,-66.47,-62.68,-61.16
2953,2026-08-03 13:24:29.010,77.924,-0.23,0.1,0.62,-55.36,-46.94,-79.28
2954,2026-08-03 13:24:29.011,77.925,-0.23,0.1,0.62,-55.36,-46.94,-79.28
2955,2026-08-03 13:24:29.012,77.926,-0.23,0.1,0.62,-55.36,-46.94,-79.28
2956,2026-08-03 13:24:29.070,77.984,0.06,0.26,0.67,6.65,-54.32,-116.33
2957,2026-08-03 13:24:29.071,77.985,0.06,0.26,0.67,25.45,-58.35,-100.89
2958,2026-08-03 13:24:29.138,78.052,0.17,0.31,0.63,25.45,-58.35,-100.89
2959,2026-08-03 13:24:29.138,78.052,0.2,0.31,0.68,39.06,-40.95,-67.44
2960,2026-08-03 13:24:29.139,78.053,0.2,0.31,0.68,39.06,-40.95,-67.44
2961,2026-08-03 13:24:29.191,78.105,0.17,0.24,0.84,45.59,-12.51,-27.77
2962,2026-08-03 13:24:29.192,78.106,0.17,0.24,0.84,45.59,-12.51,-27.77
2963,2026-08-03 13:24:29.250,78.164,0.11,0.18,1.02,51.27,6.29,0.06
2964,2026-08-03 13:24:29.251,78.165,0.12,0.19,1.09,56.64,9.52,13.67
2965,2026-08-03 13:24:29.315,78.229,0.14,0.26,1.15,57.37,13.43,22.64
2966,2026-08-03 13:24:29.316,78.23,0.01,0.36,1.39,51.03,34.55,20.94
2967,2026-08-03 13:24:29.371,78.285,0.01,0.36,1.39,51.03,34.55,20.94
2968,2026-08-03 13:24:29.371,78.285,-0.13,0.51,1.61,22.52,63.48,7.93
2969,2026-08-03 13:24:29.432,78.346,-0.09,0.6,1.43,-23.62,70.98,15.81
2970,2026-08-03 13:24:29.490,78.404,-0.09,0.6,1.43,-23.62,70.98,15.81
2971,2026-08-03 13:24:29.549,78.463,-0.09,0.6,1.43,-23.62,70.98,15.81
2972,2026-08-03 13:24:29.550,78.464,-0.09,0.6,1.43,-23.62,70.98,15.81
2973,2026-08-03 13:24:29.551,78.465,0.01,0.41,0.41,-42.54,16.42,102.72
2974,2026-08-03 13:24:29.551,78.465,0.01,0.41,0.41,-32.9,25.57,111.57
2975,2026-08-03 13:24:29.551,78.465,-0.08,0.34,0.35,-32.9,25.57,111.57
2976,2026-08-03 13:24:29.551,78.465,-0.18,0.35,0.7,-49.13,74.65,78.61
2977,2026-08-03 13:24:29.617,78.531,-0.18,0.35,0.7,-49.13,74.65,78.61
2978,2026-08-03 13:24:29.620,78.534,-0.24,0.38,1.09,-83.44,108.95,30.64
2979,2026-08-03 13:24:29.671,78.585,-0.23,0.38,1.16,-95.89,86.36,5.49
2980,2026-08-03 13:24:29.672,78.586,-0.23,0.38,1.16,-95.89,86.36,5.49
2981,2026-08-03 13:24:29.730,78.644,-0.19,0.38,0.96,-70.62,29.97,4.76
2982,2026-08-03 13:24:29.731,78.645,-0.17,0.39,0.82,-36.8,-7.14,4.09
2983,2026-08-03 13:24:29.790,78.704,-0.19,0.41,0.85,-21.3,-8.24,-8.0
2984,2026-08-03 13:24:29.858,78.772,-0.21,0.44,0.92,-18.37,-1.71,-23.99
2985,2026-08-03 13:24:29.859,78.773,-0.21,0.44,0.92,-18.37,-1.71,-23.99
2986,2026-08-03 13:24:29.859,78.773,-0.19,0.46,0.88,-4.03,-16.24,-34.12
2987,2026-08-03 13:24:29.910,78.824,-0.19,0.46,0.88,-4.03,-16.24,-34.12
2988,2026-08-03 13:24:29.911,78.825,-0.14,0.53,0.77,49.8,-53.71,-41.32
2989,2026-08-03 13:24:29.911,78.825,0.06,0.83,0.61,140.38,-88.2,-42.18
2990,2026-08-03 13:24:29.970,78.884,0.06,0.83,0.61,140.38,-88.2,-42.18
2991,2026-08-03 13:24:29.970,78.884,0.28,1.21,0.46,190.31,-75.5,-3.66
2992,2026-08-03 13:24:30.030,78.944,0.28,1.21,0.46,190.31,-75.5,-3.66
2993,2026-08-03 13:24:30.030,78.944,0.01,1.17,0.56,140.87,12.02,91.43
2994,2026-08-03 13:24:30.031,78.945,0.01,1.17,0.56,140.87,12.02,91.43
2995,2026-08-03 13:24:30.091,79.005,-0.6,0.64,0.81,42.91,128.17,199.58
2996,2026-08-03 13:24:30.093,79.007,-0.9,0.11,0.92,-28.63,188.42,253.36
2997,2026-08-03 13:24:30.150,79.064,-0.85,-0.13,0.98,-53.16,180.3,230.77
2998,2026-08-03 13:24:30.151,79.065,-0.85,-0.13,0.98,-53.16,180.3,230.77
2999,2026-08-03 13:24:30.210,79.124,-0.7,-0.14,1.05,-46.39,146.73,161.32
3000,2026-08-03 13:24:30.211,79.125,-0.7,-0.14,1.05,-46.39,146.73,161.32
3001,2026-08-03 13:24:30.211,79.125,-0.5,0.05,1.03,-41.69,106.51,79.41
3002,2026-08-03 13:24:30.270,79.184,-0.37,0.25,0.95,-52.12,65.25,18.74
3003,2026-08-03 13:24:30.271,79.185,-0.37,0.25,0.95,-52.12,65.25,18.74
3004,2026-08-03 13:24:30.335,79.249,-0.35,0.33,0.89,-54.69,32.23,-5.86
3005,2026-08-03 13:24:30.336,79.25,-0.35,0.33,0.89,-54.69,32.23,-5.86
3006,2026-08-03 13:24:30.336,79.25,-0.35,0.37,0.84,-37.6,5.19,-13.24
3007,2026-08-03 13:24:30.391,79.305,-0.35,0.37,0.84,-37.6,5.19,-13.24
3008,2026-08-03 13:24:30.391,79.305,-0.33,0.38,0.79,-13.55,-17.27,-14.47
3009,2026-08-03 13:24:30.391,79.305,-0.29,0.35,0.71,2.81,-27.83,-6.23
3010,2026-08-03 13:24:30.450,79.364,-0.29,0.35,0.71,2.81,-27.83,-6.23
3011,2026-08-03 13:24:30.450,79.364,-0.24,0.3,0.63,10.56,-21.79,7.87
3012,2026-08-03 13:24:30.510,79.424,-0.24,0.3,0.63,10.56,-21.79,7.87
3013,2026-08-03 13:24:30.510,79.424,-0.2,0.36,0.6,12.51,-5.86,19.9
3014,2026-08-03 13:24:30.570,79.484,-0.2,0.5,0.64,7.45,11.29,31.92
3015,2026-08-03 13:24:30.571,79.485,-0.2,0.5,0.64,7.45,11.29,31.92
3016,2026-08-03 13:24:30.571,79.485,-0.3,0.57,0.74,0.98,26.92,50.29
3017,2026-08-03 13:24:30.631,79.545,-0.44,0.5,0.84,5.07,36.44,69.46
3018,2026-08-03 13:24:30.632,79.546,-0.44,0.5,0.84,5.07,36.44,69.46
3019,2026-08-03 13:24:30.690,79.604,-0.59,0.41,0.94,13.12,41.26,72.27
3020,2026-08-03 13:24:30.691,79.605,-0.76,0.33,1.09,8.0,52.73,56.09
3021,2026-08-03 13:24:30.750,79.664,-0.87,0.29,1.21,-4.76,62.99,34.48
3022,2026-08-03 13:24:30.814,79.728,-0.8,0.38,1.22,-3.48,53.71,12.76
3023,2026-08-03 13:24:30.816,79.73,-0.8,0.38,1.22,-3.48,53.71,12.76
3024,2026-08-03 13:24:30.817,79.731,-0.64,0.53,1.19,11.23,29.3,-19.1
3025,2026-08-03 13:24:30.870,79.784,-0.64,0.53,1.19,11.23,29.3,-19.1
3026,2026-08-03 13:24:30.871,79.785,-0.43,0.65,1.06,20.69,-9.09,-64.21
3027,2026-08-03 13:24:30.872,79.786,-0.43,0.65,1.06,20.69,-9.09,-64.21
3028,2026-08-03 13:24:30.930,79.844,-0.24,0.7,0.82,21.73,-64.15,-99.24
3029,2026-08-03 13:24:30.931,79.845,-0.22,0.7,0.61,11.72,-108.83,-112.79
3030,2026-08-03 13:24:30.990,79.904,-0.22,0.7,0.61,11.72,-108.83,-112.79
3031,2026-08-03 13:24:30.991,79.905,-0.29,0.7,0.53,-5.37,-123.84,-117.68
3032,2026-08-03 13:24:31.050,79.964,-0.31,0.77,0.47,-5.0,-125.0,-117.49
3033,2026-08-03 13:24:31.051,79.965,-0.31,0.77,0.47,-5.0,-125.0,-117.49
3034,2026-08-03 13:24:31.051,79.965,-0.17,0.84,0.39,21.85,-124.21,-104.31
3035,2026-08-03 13:24:31.115,80.029,0.06,0.82,0.37,47.61,-112.43,-74.1
3036,2026-08-03 13:24:31.116,80.03,0.06,0.82,0.37,47.61,-112.43,-74.1
3037,2026-08-03 13:24:31.182,80.096,0.19,0.63,0.4,50.42,-85.51,-39.18
3038,2026-08-03 13:24:31.183,80.097,0.19,0.63,0.4,50.42,-85.51,-39.18
3039,2026-08-03 13:24:31.183,80.097,0.16,0.37,0.46,44.98,-49.99,-16.17
3040,2026-08-03 13:24:31.230,80.144,0.16,0.37,0.46,44.98,-49.99,-16.17
3041,2026-08-03 13:24:31.231,80.145,0.08,0.17,0.59,58.9,-16.3,-7.02
3042,2026-08-03 13:24:31.295,80.209,-0.03,0.12,0.87,94.67,3.05,-8.54
3043,2026-08-03 13:24:31.324,80.238,-0.15,0.21,1.2,120.06,2.5,-23.8
3044,2026-08-03 13:24:31.352,80.266,-0.15,0.21,1.2,120.06,2.5,-23.8
3045,2026-08-03 13:24:31.352,80.266,-0.17,0.38,1.33,103.94,-15.81,-51.94
3046,2026-08-03 13:24:31.353,80.267,-0.17,0.38,1.33,103.94,-15.81,-51.94
3047,2026-08-03 13:24:31.410,80.324,-0.17,0.57,1.3,57.98,-35.1,-86.36
3048,2026-08-03 13:24:31.411,80.325,-0.17,0.57,1.3,19.78,-46.02,-130.31
3049,2026-08-03 13:24:31.470,80.384,-0.24,0.89,1.29,19.78,-46.02,-130.31
3050,2026-08-03 13:24:31.470,80.384,-0.18,1.39,1.33,-12.63,-71.84,-186.16
3051,2026-08-03 13:24:31.471,80.385,-0.18,1.39,1.33,-12.63,-71.84,-186.16
3052,2026-08-03 13:24:31.534,80.448,0.2,1.63,1.2,-76.35,-120.36,-195.07
3053,2026-08-03 13:24:31.535,80.449,0.2,1.63,1.2,-76.35,-120.36,-195.07
3054,2026-08-03 13:24:31.535,80.449,0.48,1.33,0.75,-141.66,-137.82,-85.45
3055,2026-08-03 13:24:31.593,80.507,0.48,1.33,0.75,-141.66,-137.82,-85.45
3056,2026-08-03 13:24:31.594,80.508,0.21,0.81,0.21,-166.56,-69.34,75.74
3057,2026-08-03 13:24:31.652,80.566,-0.37,0.32,-0.07,-158.26,47.97,164.55
3058,2026-08-03 13:24:31.653,80.567,-0.67,-0.08,-0.02,-103.7,127.32,158.39
3059,2026-08-03 13:24:31.770,80.684,-0.67,-0.08,-0.02,-103.7,127.32,158.39
3060,2026-08-03 13:24:31.770,80.684,-0.49,-0.08,0.27,-14.59,129.64,81.97
3061,2026-08-03 13:24:31.771,80.685,-0.49,-0.08,0.27,52.8,98.63,-23.5
3062,2026-08-03 13:24:31.772,80.686,-0.13,0.35,0.7,52.8,98.63,-23.5
3063,2026-08-03 13:24:31.772,80.686,0.06,0.76,1.24,53.65,100.59,-82.28
3064,2026-08-03 13:24:31.852,80.766,0.06,0.76,1.24,53.65,100.59,-82.28
3065,2026-08-03 13:24:31.852,80.766,0.03,0.77,1.44,-6.96,125.79,-46.57
3066,2026-08-03 13:24:31.858,80.772,0.03,0.77,1.44,-6.96,125.79,-46.57
3067,2026-08-03 13:24:31.901,80.815,-0.07,0.5,1.17,-76.84,130.25,45.53
3068,2026-08-03 13:24:31.902,80.816,-0.07,0.5,1.17,-76.84,130.25,45.53
3069,2026-08-03 13:24:31.952,80.866,-0.18,0.28,0.91,-116.39,119.32,113.4
3070,2026-08-03 13:24:31.952,80.866,-0.32,0.24,0.87,-131.04,104.74,128.66
3071,2026-08-03 13:24:32.010,80.924,-0.46,0.34,0.8,-137.94,75.62,122.19
3072,2026-08-03 13:24:32.011,80.925,-0.46,0.34,0.8,-137.94,75.62,122.19
3073,2026-08-03 13:24:32.071,80.985,-0.69,0.48,0.76,-142.94,57.74,122.13
3074,2026-08-03 13:24:32.071,80.985,-0.69,0.48,0.76,-142.58,93.38,117.49
3075,2026-08-03 13:24:32.072,80.986,-1.02,0.49,1.03,-142.58,93.38,117.49
3076,2026-08-03 13:24:32.136,81.05,-1.04,0.44,1.16,-119.14,102.17,104.37
3077,2026-08-03 13:24:32.137,81.051,-1.04,0.44,1.16,-119.14,102.17,104.37
3078,2026-08-03 13:24:32.137,81.051,-0.59,0.52,0.76,-77.88,2.01,109.37
3079,2026-08-03 13:24:32.191,81.105,-0.59,0.52,0.76,-77.88,2.01,109.37
3080,2026-08-03 13:24:32.191,81.105,-0.27,0.63,0.37,-55.6,-84.05,137.15
3081,2026-08-03 13:24:32.256,81.17,-0.27,0.63,0.37,-75.38,-23.99,154.72
3082,2026-08-03 13:24:32.256,81.17,-0.46,0.58,0.5,-75.38,-23.99,154.72
3083,2026-08-03 13:24:32.257,81.171,-0.8,0.47,0.83,-132.26,98.39,130.55
3084,2026-08-03 13:24:32.312,81.226,-0.8,0.47,0.83,-132.26,98.39,130.55
3085,2026-08-03 13:24:32.313,81.227,-0.91,0.38,0.85,-178.1,125.37,82.95
3086,2026-08-03 13:24:32.370,81.284,-0.82,0.31,0.6,-160.77,46.39,48.4
3087,2026-08-03 13:24:32.371,81.285,-0.69,0.32,0.38,-101.01,-37.11,22.58
3088,2026-08-03 13:24:32.435,81.349,-0.69,0.32,0.38,-101.01,-37.11,22.58
3089,2026-08-03 13:24:32.436,81.35,-0.65,0.41,0.33,-52.37,-59.94,-11.47
3090,2026-08-03 13:24:32.490,81.404,-0.65,0.53,0.38,-24.23,-41.02,-44.31
3091,2026-08-03 13:24:32.552,81.466,-0.65,0.58,0.4,1.59,-26.0,-56.76
3092,2026-08-03 13:24:32.553,81.467,-0.65,0.58,0.4,36.56,-27.4,-46.08
3093,2026-08-03 13:24:32.554,81.468,-0.61,0.56,0.35,36.56,-27.4,-46.08
3094,2026-08-03 13:24:32.611,81.525,-0.56,0.52,0.54,84.23,-16.48,-22.64
3095,2026-08-03 13:24:32.612,81.526,-0.56,0.52,0.54,84.23,-16.48,-22.64
3096,2026-08-03 13:24:32.670,81.584,-0.54,0.39,0.95,118.41,12.57,6.29
3097,2026-08-03 13:24:32.671,81.585,-0.54,0.39,0.95,118.41,12.57,6.29
3098,2026-08-03 13:24:32.672,81.586,-0.55,0.18,1.02,96.74,19.04,41.26
3099,2026-08-03 13:24:32.734,81.648,-0.66,-0.05,0.75,27.53,8.67,72.2
3100,2026-08-03 13:24:32.743,81.657,-0.66,-0.05,0.75,27.53,8.67,72.2
3101,2026-08-03 13:24:32.792,81.706,-0.86,-0.22,0.57,-23.86,19.96,79.65
3102,2026-08-03 13:24:32.793,81.707,-0.86,-0.22,0.57,-23.86,19.96,79.65
3103,2026-08-03 13:24:32.793,81.707,-0.94,-0.25,0.67,-14.47,38.94,53.1
3104,2026-08-03 13:24:32.850,81.764,-0.94,-0.25,0.67,-14.47,38.94,53.1
3105,2026-08-03 13:24:32.853,81.767,-0.78,-0.08,0.84,26.18,30.64,5.0
3106,2026-08-03 13:24:32.853,81.767,-0.52,0.14,0.86,48.71,2.14,-26.98
3107,2026-08-03 13:24:32.910,81.824,-0.52,0.14,0.86,48.71,2.14,-26.98
3108,2026-08-03 13:24:32.911,81.825,-0.4,0.25,0.8,38.27,-7.39,-22.77
3109,2026-08-03 13:24:32.992,81.906,-0.43,0.24,0.79,10.19,11.84,-0.79
3110,2026-08-03 13:24:32.993,81.907,-0.43,0.24,0.79,10.19,11.84,-0.79
3111,2026-08-03 13:24:33.043,81.957,-0.48,0.23,0.81,-14.59,28.87,17.03
3112,2026-08-03 13:24:33.044,81.958,-0.51,0.27,0.82,-28.99,27.1,28.14
3113,2026-08-03 13:24:33.092,82.006,-0.58,0.31,0.84,-39.31,22.28,37.17
3114,2026-08-03 13:24:33.151,82.065,-0.68,0.39,0.87,-51.03,27.28,42.24
3115,2026-08-03 13:24:33.152,82.066,-0.68,0.39,0.87,-51.03,27.28,42.24
3116,2026-08-03 13:24:33.153,82.067,-0.78,0.47,0.93,-62.74,40.83,42.42
3117,2026-08-03 13:24:33.286,82.2,-0.78,0.47,0.93,-62.74,40.83,42.42
3118,2026-08-03 13:24:33.287,82.201,-0.78,0.47,0.93,-62.74,40.83,42.42
3119,2026-08-03 13:24:33.288,82.202,-0.78,0.47,0.93,-62.74,40.83,42.42
3120,2026-08-03 13:24:33.288,82.202,-0.76,0.36,1.0,-75.56,36.5,42.42
3121,2026-08-03 13:24:33.288,82.202,-0.76,0.36,1.0,-94.73,0.49,40.95
3122,2026-08-03 13:24:33.290,82.204,-0.64,0.33,0.79,-94.73,0.49,40.95
3123,2026-08-03 13:24:33.335,82.249,-0.58,0.32,0.61,-123.72,-19.47,35.52
3124,2026-08-03 13:24:33.336,82.25,-0.58,0.32,0.61,-123.72,-19.47,35.52
3125,2026-08-03 13:24:33.390,82.304,-0.62,0.28,0.64,-139.47,-4.64,24.23
3126,2026-08-03 13:24:33.391,82.305,-0.62,0.28,0.64,-139.47,-4.64,24.23
3127,2026-08-03 13:24:33.391,82.305,-0.69,0.24,0.77,-137.39,14.77,-0.12
3128,2026-08-03 13:24:33.450,82.364,-0.69,0.24,0.77,-137.39,14.77,-0.12
3129,2026-08-03 13:24:33.450,82.364,-0.69,0.22,0.85,-124.76,4.21,-29.79
3130,2026-08-03 13:24:33.510,82.424,-0.61,0.21,0.78,-106.75,-37.05,-51.39
3131,2026-08-03 13:24:33.511,82.425,-0.61,0.21,0.78,-106.75,-37.05,-51.39
3132,2026-08-03 13:24:33.512,82.426,-0.5,0.23,0.64,-91.0,-78.74,-61.83
3133,2026-08-03 13:24:33.578,82.492,-0.5,0.23,0.64,-91.0,-78.74,-61.83
3134,2026-08-03 13:24:33.579,82.493,-0.42,0.21,0.59,-83.8,-92.22,-60.49
3135,2026-08-03 13:24:33.630,82.544,-0.43,0.13,0.63,-80.44,-78.43,-49.44
3136,2026-08-03 13:24:33.630,82.544,-0.5,0.01,0.7,-66.96,-61.89,-33.69
3137,2026-08-03 13:24:33.631,82.545,-0.5,0.01,0.7,-66.96,-61.89,-33.69
3138,2026-08-03 13:24:33.690,82.604,-0.54,-0.06,0.72,-33.26,-58.53,-16.6
3139,2026-08-03 13:24:33.691,82.605,-0.54,-0.06,0.72,-33.26,-58.53,-16.6
3140,2026-08-03 13:24:33.751,82.665,-0.51,-0.07,0.77,13.31,-60.3,2.87
3141,2026-08-03 13:24:33.753,82.667,-0.51,-0.07,0.77,13.31,-60.3,2.87
3142,2026-08-03 13:24:33.753,82.667,-0.5,-0.13,0.94,52.06,-51.33,24.11
3143,2026-08-03 13:24:33.810,82.724,-0.51,-0.25,1.16,75.44,-34.18,43.52
3144,2026-08-03 13:24:33.811,82.725,-0.51,-0.25,1.16,75.44,-34.18,43.52
3145,2026-08-03 13:24:33.872,82.786,-0.45,-0.36,1.22,93.26,-29.85,65.37
3146,2026-08-03 13:24:33.873,82.787,-0.34,-0.32,0.93,108.22,-47.67,91.25
3147,2026-08-03 13:24:33.937,82.851,-0.34,-0.32,0.93,108.22,-47.67,91.25
3148,2026-08-03 13:24:33.938,82.852,-0.21,-0.12,0.58,110.47,-61.46,108.34
3149,2026-08-03 13:24:33.990,82.904,-0.14,0.09,0.59,97.53,-33.33,114.38
3150,2026-08-03 13:24:33.992,82.906,-0.14,0.09,0.59,97.53,-33.33,114.38
3151,2026-08-03 13:24:33.992,82.906,-0.15,0.15,0.99,69.64,23.86,116.21
3152,2026-08-03 13:24:34.051,82.965,-0.15,0.15,0.99,69.64,23.86,116.21
3153,2026-08-03 13:24:34.051,82.965,-0.13,0.11,1.33,21.73,59.02,110.29
3154,2026-08-03 13:24:34.052,82.966,-0.13,0.11,1.33,21.73,59.02,110.29
3155,2026-08-03 13:24:34.110,83.024,-0.11,0.1,1.29,-30.09,51.09,95.89
3156,2026-08-03 13:24:34.111,83.025,-0.11,0.1,1.29,-30.09,51.09,95.89
3157,2026-08-03 13:24:34.111,83.025,-0.14,0.1,1.03,-62.19,17.15,84.05
3158,2026-08-03 13:24:34.171,83.085,-0.15,0.15,0.86,-62.74,-9.34,80.44
3159,2026-08-03 13:24:34.172,83.086,-0.15,0.15,0.86,-62.74,-9.34,80.44
3160,2026-08-03 13:24:34.230,83.144,-0.13,0.27,0.85,-38.57,-5.07,82.52
3161,2026-08-03 13:24:34.231,83.145,-0.13,0.27,0.85,-38.57,-5.07,82.52
3162,2026-08-03 13:24:34.232,83.146,-0.12,0.39,0.89,-23.62,20.26,95.34
3163,2026-08-03 13:24:34.297,83.211,-0.12,0.39,0.89,-23.62,20.26,95.34
3164,2026-08-03 13:24:34.297,83.211,-0.18,0.41,0.93,-32.29,38.51,117.43
3165,2026-08-03 13:24:34.350,83.264,-0.29,0.34,0.91,-41.14,29.85,137.94
3166,2026-08-03 13:24:34.351,83.265,-0.29,0.34,0.91,-41.14,29.85,137.94
3167,2026-08-03 13:24:34.352,83.266,-0.34,0.21,0.76,-29.97,6.9,142.76
3168,2026-08-03 13:24:34.410,83.324,-0.34,0.21,0.76,-29.97,6.9,142.76
3169,2026-08-03 13:24:34.411,83.325,-0.29,0.16,0.59,-11.84,-5.43,109.56
3170,2026-08-03 13:24:34.471,83.385,-0.23,0.21,0.5,-26.67,-18.31,50.05
3171,2026-08-03 13:24:34.489,83.403,-0.23,0.21,0.5,-71.23,-36.68,14.28
3172,2026-08-03 13:24:34.533,83.447,-0.14,0.25,0.51,-71.23,-36.68,14.28
3173,2026-08-03 13:24:34.534,83.448,-0.06,0.28,0.7,-56.58,-42.18,15.56
3174,2026-08-03 13:24:34.545,83.459,-0.06,0.28,0.7,-56.58,-42.18,15.56
3175,2026-08-03 13:24:34.590,83.504,-0.06,0.3,0.93,52.55,-53.28,17.33
3176,2026-08-03 13:24:34.591,83.505,-0.06,0.3,0.93,52.55,-53.28,17.33
3177,2026-08-03 13:24:34.592,83.506,-0.14,0.33,1.03,132.51,-56.64,25.39
3178,2026-08-03 13:24:34.651,83.565,-0.14,0.33,1.03,99.73,-14.4,66.1
3179,2026-08-03 13:24:34.651,83.565,-0.23,0.36,1.09,99.73,-14.4,66.1
3180,2026-08-03 13:24:34.722,83.636,-0.26,0.29,1.21,25.15,49.56,102.91
3181,2026-08-03 13:24:34.727,83.641,-0.26,0.29,1.21,25.15,49.56,102.91
3182,2026-08-03 13:24:34.737,83.651,-0.24,0.17,1.24,-23.38,86.67,97.05
3183,2026-08-03 13:24:34.770,83.684,-0.24,0.17,1.24,-23.38,86.67,97.05
3184,2026-08-03 13:24:34.773,83.687,-0.24,0.12,1.12,-46.02,78.37,60.06
3185,2026-08-03 13:24:34.833,83.747,-0.27,0.18,0.97,-59.33,48.34,19.29
3186,2026-08-03 13:24:34.834,83.748,-0.27,0.34,0.94,-70.74,29.11,-18.01
3187,2026-08-03 13:24:34.890,83.804,-0.27,0.34,0.94,-70.74,29.11,-18.01
3188,2026-08-03 13:24:34.891,83.805,-0.28,0.49,0.98,-65.37,44.68,-66.16
3189,2026-08-03 13:24:34.893,83.807,-0.28,0.49,0.98,-65.37,44.68,-66.16
3190,2026-08-03 13:24:34.952,83.866,-0.32,0.51,0.92,-38.64,60.73,-96.68
3191,2026-08-03 13:24:34.953,83.867,-0.35,0.44,0.85,-28.08,29.24,-70.8
3192,2026-08-03 13:24:35.026,83.94,-0.35,0.44,0.85,-28.08,29.24,-70.8
3193,2026-08-03 13:24:35.026,83.94,-0.36,0.33,0.88,-54.08,-36.99,-16.48
3194,2026-08-03 13:24:35.030,83.944,-0.36,0.33,0.88,-54.08,-36.99,-16.48
3195,2026-08-03 13:24:35.077,83.991,-0.3,0.22,0.97,-88.38,-101.14,22.34
3196,2026-08-03 13:24:35.079,83.993,-0.3,0.22,0.97,-88.38,-101.14,22.34
3197,2026-08-03 13:24:35.130,84.044,-0.18,0.11,1.08,-91.06,-118.96,36.25
3198,2026-08-03 13:24:35.132,84.046,-0.11,0.01,1.15,-68.3,-67.99,38.82
3199,2026-08-03 13:24:35.191,84.105,-0.15,-0.07,1.08,-44.25,3.85,33.81
3200,2026-08-03 13:24:35.192,84.106,-0.22,-0.08,0.88,-15.14,20.87,36.38
3201,2026-08-03 13:24:35.250,84.164,-0.22,-0.08,0.88,-15.14,20.87,36.38
3202,2026-08-03 13:24:35.251,84.165,-0.17,0.02,0.61,33.14,-52.92,64.45
3203,2026-08-03 13:24:35.320,84.234,-0.17,0.02,0.61,70.37,-124.63,94.3
3204,2026-08-03 13:24:35.321,84.235,-0.05,0.06,0.55,70.37,-124.63,94.3
3205,2026-08-03 13:24:35.321,84.235,0.0,0.01,0.77,54.2,-91.8,99.79
3206,2026-08-03 13:24:35.373,84.287,0.0,0.01,0.77,54.2,-91.8,99.79
3207,2026-08-03 13:24:35.373,84.287,-0.0,-0.03,0.98,14.77,-19.35,76.23
3208,2026-08-03 13:24:35.375,84.289,-0.0,-0.03,0.98,14.77,-19.35,76.23
3209,2026-08-03 13:24:35.431,84.345,-0.01,-0.03,1.05,-6.35,14.65,33.26
3210,2026-08-03 13:24:35.490,84.404,-0.0,-0.01,1.02,-7.69,13.85,0.24
3211,2026-08-03 13:24:35.490,84.404,0.0,-0.0,0.99,-2.62,3.78,-9.09
3212,2026-08-03 13:24:35.491,84.405,0.0,-0.0,0.99,-2.62,3.78,-9.09
3213,2026-08-03 13:24:35.550,84.464,0.0,-0.0,0.98,0.79,-1.77,-5.19
3214,2026-08-03 13:24:35.551,84.465,0.0,-0.0,0.98,0.79,-1.77,-5.19
3215,2026-08-03 13:24:35.674,84.588,0.0,-0.0,0.98,1.22,-2.2,-0.31
3216,2026-08-03 13:24:35.674,84.588,0.0,-0.01,0.99,0.55,-0.85,1.46
3217,2026-08-03 13:24:35.678,84.592,0.0,-0.01,0.99,0.55,-0.85,1.46
3218,2026-08-03 13:24:35.678,84.592,0.0,-0.01,0.99,0.06,0.06,1.1
3219,2026-08-03 13:24:35.682,84.596,0.0,-0.01,0.99,0.06,0.06,1.1
3220,2026-08-03 13:24:35.744,84.658,0.0,-0.01,0.99,-0.06,0.18,0.37
3221,2026-08-03 13:24:35.744,84.658,0.0,-0.01,0.99,0.0,0.0,0.06
3222,2026-08-03 13:24:35.746,84.66,0.0,-0.01,0.99,0.0,0.0,0.06
3223,2026-08-03 13:24:35.790,84.704,0.0,-0.01,0.99,0.12,-0.12,0.06
3224,2026-08-03 13:24:35.792,84.706,0.0,-0.01,0.99,0.12,-0.12,0.06
3225,2026-08-03 13:24:35.850,84.764,0.0,-0.01,0.99,0.12,-0.12,0.18
3226,2026-08-03 13:24:35.851,84.765,0.0,-0.01,0.99,0.12,-0.12,0.18
3227,2026-08-03 13:24:35.851,84.765,0.0,-0.01,0.99,0.12,-0.12,0.24
3228,2026-08-03 13:24:35.913,84.827,0.0,-0.01,0.99,0.12,-0.12,0.24
3229,2026-08-03 13:24:35.913,84.827,0.0,-0.01,0.99,0.12,-0.06,0.24
3230,2026-08-03 13:24:35.914,84.828,0.0,-0.01,0.99,0.12,-0.06,0.24
3231,2026-08-03 13:24:35.977,84.891,0.0,-0.01,0.99,0.12,-0.06,0.24
3232,2026-08-03 13:24:35.978,84.892,0.0,-0.01,0.99,0.12,-0.06,0.24
3233,2026-08-03 13:24:36.038,84.952,0.0,-0.01,0.99,0.12,-0.06,0.24
3234,2026-08-03 13:24:36.045,84.959,0.0,-0.01,0.99,0.12,-0.06,0.24
3235,2026-08-03 13:24:36.091,85.005,0.0,-0.01,0.99,0.12,-0.06,0.24
3236,2026-08-03 13:24:36.092,85.006,0.0,-0.01,0.99,0.12,-0.06,0.24
3237,2026-08-03 13:24:36.092,85.006,0.0,-0.01,0.99,0.12,-0.06,0.18
3238,2026-08-03 13:24:36.150,85.064,0.0,-0.01,0.99,0.12,-0.06,0.18
3239,2026-08-03 13:24:36.151,85.065,0.0,-0.01,0.99,0.12,-0.12,0.18
3240,2026-08-03 13:24:36.211,85.125,0.0,-0.01,0.99,0.12,-0.12,0.18
3241,2026-08-03 13:24:36.212,85.126,0.0,-0.01,0.98,0.12,-0.12,0.18
3242,2026-08-03 13:24:36.273,85.187,0.0,-0.01,0.99,0.12,-0.06,0.24
3243,2026-08-03 13:24:36.274,85.188,0.0,-0.01,0.99,0.12,-0.06,0.24
3244,2026-08-03 13:24:36.330,85.244,0.0,-0.01,0.99,0.06,-0.06,0.24
3245,2026-08-03 13:24:36.332,85.246,0.0,-0.01,0.99,0.06,-0.06,0.24
3246,2026-08-03 13:24:36.390,85.304,0.0,-0.01,0.99,0.06,-0.06,0.24
3247,2026-08-03 13:24:36.391,85.305,-0.0,-0.01,0.99,0.06,-0.06,0.18
3248,2026-08-03 13:24:36.467,85.381,0.0,-0.01,0.99,0.06,-0.06,0.18
3249,2026-08-03 13:24:36.469,85.383,0.0,-0.01,0.99,0.0,-0.06,0.24
3250,2026-08-03 13:24:36.471,85.385,0.0,-0.01,0.99,0.0,-0.06,0.24
3251,2026-08-03 13:24:36.511,85.425,0.0,-0.01,0.99,0.0,-0.06,0.24
3252,2026-08-03 13:24:36.570,85.484,0.0,-0.01,0.99,0.06,-0.06,0.18
3253,2026-08-03 13:24:36.571,85.485,0.0,-0.01,0.99,0.06,-0.06,0.18
3254,2026-08-03 13:24:36.630,85.544,0.0,-0.01,0.99,0.06,-0.06,0.18
3255,2026-08-03 13:24:36.631,85.545,0.0,-0.01,0.99,0.06,-0.12,0.24
3256,2026-08-03 13:24:36.690,85.604,0.0,-0.01,0.99,0.06,-0.06,0.18
3257,2026-08-03 13:24:36.691,85.605,0.0,-0.01,0.99,0.06,-0.06,0.18
3258,2026-08-03 13:24:36.774,85.688,0.0,-0.01,0.99,0.06,-0.06,0.18
3259,2026-08-03 13:24:36.776,85.69,0.0,-0.01,0.99,0.06,-0.06,0.18
3260,2026-08-03 13:24:36.818,85.732,0.0,-0.01,0.99,0.06,-0.06,0.18
3261,2026-08-03 13:24:36.819,85.733,0.0,-0.01,0.99,0.06,-0.06,0.18
3262,2026-08-03 13:24:36.820,85.734,0.0,-0.01,0.99,0.06,-0.12,0.18
3263,2026-08-03 13:24:36.870,85.784,0.0,-0.01,0.99,0.06,-0.12,0.24
3264,2026-08-03 13:24:36.871,85.785,0.0,-0.01,0.99,0.06,-0.12,0.24
3265,2026-08-03 13:24:36.931,85.845,0.0,-0.01,0.99,0.06,-0.12,0.24
3266,2026-08-03 13:24:36.932,85.846,0.0,-0.01,0.99,0.12,-0.12,0.24
3267,2026-08-03 13:24:36.990,85.904,0.0,-0.01,0.99,0.12,-0.12,0.24
3268,2026-08-03 13:24:36.991,85.905,0.0,-0.01,0.99,0.12,-0.12,0.24
3269,2026-08-03 13:24:36.992,85.906,0.0,-0.01,0.99,0.12,-0.12,0.24
3270,2026-08-03 13:24:37.050,85.964,0.0,-0.01,0.99,0.12,-0.12,0.18
3271,2026-08-03 13:24:37.051,85.965,0.0,-0.01,0.99,0.12,-0.12,0.18
3272,2026-08-03 13:24:37.118,86.032,0.0,-0.01,0.99,0.12,-0.06,0.18
3273,2026-08-03 13:24:37.120,86.034,0.0,-0.01,0.99,0.12,-0.06,0.18
3274,2026-08-03 13:24:37.171,86.085,0.0,-0.01,0.99,0.06,-0.12,0.18
3275,2026-08-03 13:24:37.172,86.086,0.0,-0.01,0.99,0.06,-0.12,0.18
3276,2026-08-03 13:24:37.172,86.086,0.0,-0.01,0.99,0.06,-0.12,0.24
3277,2026-08-03 13:24:37.230,86.144,0.0,-0.01,0.99,0.06,-0.12,0.24
3278,2026-08-03 13:24:37.232,86.146,0.0,-0.01,0.99,0.06,-0.12,0.24
3279,2026-08-03 13:24:37.290,86.204,0.0,-0.01,0.99,0.06,-0.12,0.18
3280,2026-08-03 13:24:37.291,86.205,0.0,-0.01,0.99,0.12,-0.12,0.18
3281,2026-08-03 13:24:37.411,86.325,0.0,-0.01,0.99,0.06,-0.06,0.18
3282,2026-08-03 13:24:37.412,86.326,0.0,-0.01,0.99,0.06,-0.06,0.18
3283,2026-08-03 13:24:37.413,86.327,0.0,-0.01,0.99,0.06,-0.12,0.18
3284,2026-08-03 13:24:37.471,86.385,0.0,-0.01,0.99,0.06,-0.12,0.18
3285,2026-08-03 13:24:37.529,86.443,0.0,-0.01,0.99,0.06,-0.12,0.18
3286,2026-08-03 13:24:37.530,86.444,0.0,-0.01,0.99,0.06,-0.12,0.18
3287,2026-08-03 13:24:37.531,86.445,0.0,-0.01,0.99,0.06,-0.12,0.18
3288,2026-08-03 13:24:37.531,86.445,0.0,-0.01,0.99,0.12,-0.12,0.18
3289,2026-08-03 13:24:37.593,86.507,0.0,-0.01,0.99,0.12,-0.12,0.18
3290,2026-08-03 13:24:37.650,86.564,0.0,-0.01,0.99,0.12,-0.12,0.24
3291,2026-08-03 13:24:37.651,86.565,0.0,-0.01,0.99,0.12,-0.12,0.24
3292,2026-08-03 13:24:37.710,86.624,0.0,-0.01,0.99,0.12,-0.12,0.24
3293,2026-08-03 13:24:37.711,86.625,0.0,-0.01,0.99,0.12,-0.12,0.24
3294,2026-08-03 13:24:37.775,86.689,0.0,-0.01,0.99,0.06,-0.12,0.18
3295,2026-08-03 13:24:37.776,86.69,0.0,-0.01,0.99,0.06,-0.12,0.18
3296,2026-08-03 13:24:37.831,86.745,0.0,-0.01,0.99,0.06,-0.12,0.24
3297,2026-08-03 13:24:37.832,86.746,0.0,-0.01,0.99,0.06,-0.12,0.24
3298,2026-08-03 13:24:37.891,86.805,0.0,-0.01,0.99,0.12,-0.12,0.24
3299,2026-08-03 13:24:37.951,86.865,0.0,-0.01,0.99,0.12,-0.12,0.24
3300,2026-08-03 13:24:37.954,86.868,0.0,-0.01,0.99,0.06,-0.12,0.24
3301,2026-08-03 13:24:37.955,86.869,0.0,-0.01,0.99,0.06,-0.12,0.24
3302,2026-08-03 13:24:38.015,86.929,0.0,-0.01,0.99,0.06,-0.06,0.24
3303,2026-08-03 13:24:38.018,86.932,0.0,-0.01,0.99,0.06,-0.06,0.24
3304,2026-08-03 13:24:38.021,86.935,0.0,-0.01,0.99,0.06,-0.06,0.24
3305,2026-08-03 13:24:38.071,86.985,0.0,-0.01,0.99,0.06,-0.06,0.24
3306,2026-08-03 13:24:38.072,86.986,0.0,-0.01,0.99,0.06,-0.12,0.18
3307,2026-08-03 13:24:38.073,86.987,0.0,-0.01,0.99,0.06,-0.12,0.18
3308,2026-08-03 13:24:38.130,87.044,0.0,-0.01,0.99,0.12,-0.12,0.24
3309,2026-08-03 13:24:38.131,87.045,0.0,-0.01,0.99,0.12,-0.12,0.24
3310,2026-08-03 13:24:38.190,87.104,0.0,-0.01,0.99,0.12,-0.12,0.24
3311,2026-08-03 13:24:38.191,87.105,0.0,-0.01,0.99,0.12,-0.12,0.24
3312,2026-08-03 13:24:38.251,87.165,0.0,-0.01,0.99,0.12,-0.12,0.18
3313,2026-08-03 13:24:38.252,87.166,0.0,-0.01,0.99,0.12,-0.12,0.18
3314,2026-08-03 13:24:38.323,87.237,0.0,-0.01,0.99,0.12,-0.12,0.18
3315,2026-08-03 13:24:38.327,87.241,0.0,-0.01,0.99,0.12,-0.12,0.18
3316,2026-08-03 13:24:38.371,87.285,0.0,-0.01,0.99,0.12,-0.12,0.18
3317,2026-08-03 13:24:38.372,87.286,0.0,-0.01,0.99,0.12,-0.12,0.18
3318,2026-08-03 13:24:38.430,87.344,0.0,-0.01,0.99,0.12,-0.06,0.24
3319,2026-08-03 13:24:38.431,87.345,0.0,-0.01,0.99,0.12,-0.06,0.24
3320,2026-08-03 13:24:38.491,87.405,0.0,-0.01,0.99,0.12,-0.06,0.24
3321,2026-08-03 13:24:38.492,87.406,0.0,-0.01,0.99,0.12,-0.06,0.24
3322,2026-08-03 13:24:38.550,87.464,0.0,-0.01,0.99,0.12,-0.06,0.24
3323,2026-08-03 13:24:38.551,87.465,0.0,-0.01,0.99,0.12,-0.12,0.24
3324,2026-08-03 13:24:38.611,87.525,0.0,-0.01,0.99,0.12,-0.12,0.24
3325,2026-08-03 13:24:38.613,87.527,0.0,-0.01,0.99,0.12,-0.12,0.24
3326,2026-08-03 13:24:38.671,87.585,0.0,-0.01,0.99,0.12,-0.06,0.18
3327,2026-08-03 13:24:38.672,87.586,0.0,-0.01,0.99,0.12,-0.06,0.18
3328,2026-08-03 13:24:38.731,87.645,0.0,-0.01,0.99,0.12,-0.06,0.18
3329,2026-08-03 13:24:38.734,87.648,0.0,-0.01,0.99,0.12,-0.06,0.18
3330,2026-08-03 13:24:38.790,87.704,0.0,-0.01,0.99,0.12,-0.06,0.18
3331,2026-08-03 13:24:38.791,87.705,0.0,-0.01,0.99,0.12,-0.06,0.24
3332,2026-08-03 13:24:38.850,87.764,0.0,-0.01,0.99,0.12,-0.06,0.24
3333,2026-08-03 13:24:38.851,87.765,0.0,-0.01,0.99,0.06,-0.06,0.24
3334,2026-08-03 13:24:38.912,87.826,0.0,-0.01,0.99,0.06,-0.06,0.24
3335,2026-08-03 13:24:38.947,87.861,0.0,-0.01,0.99,0.12,-0.06,0.18
3336,2026-08-03 13:24:38.949,87.863,0.0,-0.01,0.99,0.12,-0.06,0.18
3337,2026-08-03 13:24:38.977,87.891,0.0,-0.01,0.99,0.12,-0.06,0.18
3338,2026-08-03 13:24:38.978,87.892,0.0,-0.01,0.99,0.12,-0.06,0.18
3339,2026-08-03 13:24:39.030,87.944,0.0,-0.01,0.99,0.06,-0.06,0.18
3340,2026-08-03 13:24:39.031,87.945,0.0,-0.01,0.99,0.06,-0.06,0.18
3341,2026-08-03 13:24:39.094,88.008,0.0,-0.01,0.99,0.06,-0.12,0.18
3342,2026-08-03 13:24:39.095,88.009,0.0,-0.01,0.99,0.12,-0.12,0.24
3343,2026-08-03 13:24:39.096,88.01,0.0,-0.01,0.99,0.12,-0.12,0.24
3344,2026-08-03 13:24:39.150,88.064,0.0,-0.01,0.99,0.12,-0.12,0.24
3345,2026-08-03 13:24:39.151,88.065,0.0,-0.01,0.99,0.12,-0.12,0.18
3346,2026-08-03 13:24:39.213,88.127,0.0,-0.01,0.99,0.12,-0.12,0.18
3347,2026-08-03 13:24:39.213,88.127,0.0,-0.01,0.99,0.06,-0.12,0.18
3348,2026-08-03 13:24:39.214,88.128,0.0,-0.01,0.99,0.06,-0.12,0.18
3349,2026-08-03 13:24:39.277,88.191,0.0,-0.01,0.99,0.12,-0.12,0.18
3350,2026-08-03 13:24:39.278,88.192,0.0,-0.01,0.99,0.12,-0.12,0.18
3351,2026-08-03 13:24:39.278,88.192,0.0,-0.01,0.99,0.12,-0.06,0.18
3352,2026-08-03 13:24:39.337,88.251,0.0,-0.01,0.99,0.06,-0.12,0.18
3353,2026-08-03 13:24:39.338,88.252,0.0,-0.01,0.99,0.06,-0.12,0.18
3354,2026-08-03 13:24:39.397,88.311,0.0,-0.01,0.99,0.06,-0.12,0.18
3355,2026-08-03 13:24:39.398,88.312,0.0,-0.01,0.99,0.06,-0.12,0.18
3356,2026-08-03 13:24:39.398,88.312,0.0,-0.01,0.99,0.06,-0.12,0.24
3357,2026-08-03 13:24:39.511,88.425,0.0,-0.01,0.99,0.06,-0.12,0.24
3358,2026-08-03 13:24:39.512,88.426,0.0,-0.01,0.99,0.12,-0.12,0.24
3359,2026-08-03 13:24:39.513,88.427,0.0,-0.01,0.99,0.12,-0.12,0.24
3360,2026-08-03 13:24:39.514,88.428,0.0,-0.01,0.99,0.12,-0.12,0.18
3361,2026-08-03 13:24:39.515,88.429,0.0,-0.01,0.99,0.12,-0.12,0.18
3362,2026-08-03 13:24:39.516,88.43,0.0,-0.01,0.99,0.12,-0.12,0.18
3363,2026-08-03 13:24:39.634,88.548,0.0,-0.01,0.99,0.12,-0.06,0.24
3364,2026-08-03 13:24:39.635,88.549,0.0,-0.01,0.99,0.06,-0.06,0.24
3365,2026-08-03 13:24:39.691,88.605,0.0,-0.01,0.99,0.06,-0.06,0.24
3366,2026-08-03 13:24:39.692,88.606,0.0,-0.01,0.99,0.06,-0.06,0.24
3367,2026-08-03 13:24:39.750,88.664,0.0,-0.01,0.99,0.06,-0.12,0.24
3368,2026-08-03 13:24:39.751,88.665,0.0,-0.01,0.99,0.06,-0.12,0.24
3369,2026-08-03 13:24:39.752,88.666,0.0,-0.01,0.99,0.12,-0.12,0.18
3370,2026-08-03 13:24:39.810,88.724,0.0,-0.01,0.99,0.12,-0.12,0.18
3371,2026-08-03 13:24:39.811,88.725,0.0,-0.01,0.99,0.12,-0.12,0.18
3372,2026-08-03 13:24:39.873,88.787,-0.0,-0.01,0.99,0.12,-0.12,0.24
3373,2026-08-03 13:24:39.874,88.788,0.0,-0.01,0.99,0.12,-0.12,0.24
3374,2026-08-03 13:24:39.932,88.846,0.0,-0.01,0.99,0.12,-0.12,0.24
3375,2026-08-03 13:24:39.933,88.847,0.0,-0.01,0.99,0.12,-0.12,0.18
3376,2026-08-03 13:24:39.991,88.905,0.0,-0.01,0.99,0.12,-0.12,0.18
3377,2026-08-03 13:24:40.050,88.964,0.0,-0.01,0.99,0.12,-0.12,0.18
3378,2026-08-03 13:24:40.051,88.965,0.0,-0.01,0.99,0.06,-0.06,0.18
3379,2026-08-03 13:24:40.110,89.024,0.0,-0.01,0.99,0.06,-0.06,0.18
3380,2026-08-03 13:24:40.111,89.025,0.0,-0.01,0.99,0.06,-0.12,0.24
3381,2026-08-03 13:24:40.230,89.144,0.0,-0.01,0.99,0.06,-0.12,0.24
3382,2026-08-03 13:24:40.231,89.145,0.0,-0.01,0.99,0.06,-0.12,0.24
3383,2026-08-03 13:24:40.232,89.146,0.0,-0.01,0.99,0.06,-0.12,0.24
3384,2026-08-03 13:24:40.233,89.147,0.0,-0.01,0.99,0.06,-0.12,0.24
3385,2026-08-03 13:24:40.234,89.148,0.0,-0.01,0.99,0.06,-0.12,0.24
3386,2026-08-03 13:24:40.295,89.209,0.0,-0.01,0.99,0.06,-0.12,0.24
3387,2026-08-03 13:24:40.301,89.215,0.0,-0.01,0.99,0.06,-0.12,0.24
3388,2026-08-03 13:24:40.350,89.264,0.0,-0.01,0.99,0.12,-0.12,0.24
3389,2026-08-03 13:24:40.352,89.266,0.0,-0.01,0.99,0.12,-0.12,0.24
3390,2026-08-03 13:24:40.353,89.267,0.0,-0.01,0.99,0.12,-0.12,0.24
3391,2026-08-03 13:24:40.414,89.328,0.0,-0.01,0.99,0.12,-0.12,0.24
3392,2026-08-03 13:24:40.415,89.329,0.0,-0.01,0.99,0.12,-0.12,0.24
3393,2026-08-03 13:24:40.471,89.385,0.0,-0.01,0.99,0.12,-0.12,0.18
3394,2026-08-03 13:24:40.472,89.386,0.0,-0.01,0.99,0.12,-0.12,0.18
3395,2026-08-03 13:24:40.538,89.452,0.0,-0.01,0.99,0.12,-0.12,0.18
3396,2026-08-03 13:24:40.538,89.452,0.0,-0.01,0.99,0.12,-0.06,0.18
3397,2026-08-03 13:24:40.594,89.508,0.0,-0.01,0.99,0.12,-0.06,0.18
3398,2026-08-03 13:24:40.595,89.509,0.0,-0.01,0.99,0.12,-0.12,0.18
3399,2026-08-03 13:24:40.650,89.564,0.0,-0.01,0.99,0.12,-0.12,0.18
3400,2026-08-03 13:24:40.651,89.565,0.0,-0.01,0.99,0.12,-0.12,0.18
3401,2026-08-03 13:24:40.710,89.624,0.0,-0.01,0.99,0.12,-0.12,0.18
3402,2026-08-03 13:24:40.711,89.625,0.0,-0.01,0.99,0.12,-0.12,0.18
3403,2026-08-03 13:24:40.712,89.626,0.0,-0.01,0.99,0.12,-0.12,0.18
3404,2026-08-03 13:24:40.770,89.684,0.0,-0.01,0.99,0.12,-0.12,0.18
3405,2026-08-03 13:24:40.771,89.685,0.0,-0.01,0.99,0.12,-0.12,0.18
3406,2026-08-03 13:24:40.830,89.744,0.0,-0.01,0.99,0.12,-0.12,0.18
3407,2026-08-03 13:24:40.831,89.745,0.0,-0.01,0.99,0.12,-0.12,0.18
3408,2026-08-03 13:24:40.831,89.745,0.0,-0.01,0.99,0.12,-0.12,0.24
3409,2026-08-03 13:24:40.891,89.805,0.0,-0.01,0.99,0.12,-0.12,0.24
3410,2026-08-03 13:24:40.892,89.806,0.0,-0.01,0.99,0.12,-0.12,0.24
3411,2026-08-03 13:24:40.950,89.864,0.0,-0.01,0.99,0.12,-0.12,0.24
3412,2026-08-03 13:24:40.951,89.865,0.0,-0.01,0.99,0.12,-0.12,0.24
3413,2026-08-03 13:24:41.014,89.928,0.0,-0.01,0.99,0.12,-0.12,0.24
3414,2026-08-03 13:24:41.017,89.931,0.0,-0.01,0.99,0.12,-0.12,0.24
3415,2026-08-03 13:24:41.078,89.992,0.0,-0.01,0.99,0.12,-0.12,0.24
3416,2026-08-03 13:24:41.079,89.993,0.0,-0.01,0.99,0.06,-0.12,0.24
3417,2026-08-03 13:24:41.132,90.046,0.0,-0.01,0.99,0.06,-0.12,0.24
3418,2026-08-03 13:24:41.192,90.106,0.0,-0.01,0.99,0.12,-0.12,0.24
3419,2026-08-03 13:24:41.193,90.107,0.0,-0.01,0.99,0.12,-0.12,0.24
3420,2026-08-03 13:24:41.251,90.165,0.0,-0.01,0.99,0.12,-0.12,0.24
3421,2026-08-03 13:24:41.252,90.166,0.0,-0.01,0.99,0.12,-0.12,0.24
3422,2026-08-03 13:24:41.322,90.236,0.0,-0.01,0.99,0.12,-0.12,0.18
3423,2026-08-03 13:24:41.323,90.237,0.0,-0.01,0.99,0.12,-0.12,0.18
3424,2026-08-03 13:24:41.372,90.286,0.0,-0.01,0.99,0.12,-0.12,0.18
3425,2026-08-03 13:24:41.373,90.287,0.0,-0.01,0.99,0.12,-0.12,0.18
3426,2026-08-03 13:24:41.437,90.351,0.0,-0.01,0.99,0.12,-0.12,0.18
3427,2026-08-03 13:24:41.438,90.352,0.0,-0.01,0.99,0.12,-0.12,0.18
3428,2026-08-03 13:24:41.493,90.407,0.0,-0.01,0.99,0.12,-0.12,0.24
3429,2026-08-03 13:24:41.494,90.408,0.0,-0.01,0.99,0.12,-0.12,0.24
3430,2026-08-03 13:24:41.551,90.465,0.0,-0.01,0.99,0.12,-0.12,0.24
3431,2026-08-03 13:24:41.552,90.466,0.0,-0.01,0.99,0.12,-0.12,0.24
3432,2026-08-03 13:24:41.629,90.543,0.0,-0.01,0.99,0.12,-0.12,0.24
3433,2026-08-03 13:24:41.630,90.544,0.0,-0.01,0.99,0.12,-0.12,0.24
3434,2026-08-03 13:24:41.672,90.586,0.0,-0.01,0.99,0.12,-0.12,0.24
3435,2026-08-03 13:24:41.730,90.644,0.0,-0.01,0.99,0.12,-0.12,0.24
3436,2026-08-03 13:24:41.794,90.708,0.0,-0.01,0.99,0.12,-0.06,0.24
3437,2026-08-03 13:24:41.854,90.768,0.0,-0.01,0.99,0.12,-0.06,0.24
3438,2026-08-03 13:24:41.855,90.769,0.0,-0.01,0.99,0.12,-0.12,0.24
3439,2026-08-03 13:24:41.911,90.825,0.0,-0.01,0.99,0.12,-0.12,0.24
3440,2026-08-03 13:24:41.912,90.826,0.0,-0.01,0.99,0.12,-0.12,0.24
3441,2026-08-03 13:24:41.975,90.889,0.0,-0.01,0.99,0.12,-0.12,0.24
3442,2026-08-03 13:24:42.030,90.944,0.0,-0.01,0.99,0.12,-0.12,0.18
3443,2026-08-03 13:24:42.090,91.004,0.0,-0.01,0.99,0.12,-0.12,0.18
3444,2026-08-03 13:24:42.091,91.005,0.0,-0.01,0.99,0.12,-0.12,0.18
3445,2026-08-03 13:24:42.108,91.022,0.0,-0.01,0.99,0.12,-0.12,0.18
3446,2026-08-03 13:24:42.153,91.067,0.0,-0.01,0.99,0.12,-0.12,0.18
3447,2026-08-03 13:24:42.154,91.068,0.0,-0.01,0.99,0.12,-0.12,0.18
3448,2026-08-03 13:24:42.210,91.124,0.0,-0.01,0.99,0.12,-0.12,0.18
3449,2026-08-03 13:24:42.211,91.125,0.0,-0.01,0.99,0.12,-0.12,0.24
3450,2026-08-03 13:24:42.334,91.248,0.0,-0.01,0.99,0.12,-0.06,0.24
3451,2026-08-03 13:24:42.335,91.249,0.0,-0.01,0.99,0.12,-0.06,0.24
3452,2026-08-03 13:24:42.335,91.249,0.0,-0.01,0.99,0.12,-0.12,0.24
3453,2026-08-03 13:24:42.390,91.304,0.0,-0.01,0.99,0.12,-0.12,0.24
3454,2026-08-03 13:24:42.390,91.304,0.0,-0.01,0.99,0.12,-0.06,0.24
3455,2026-08-03 13:24:42.391,91.305,0.0,-0.01,0.99,0.12,-0.06,0.24
3456,2026-08-03 13:24:42.452,91.366,0.0,-0.01,0.99,0.12,-0.06,0.24
3457,2026-08-03 13:24:42.510,91.424,0.0,-0.01,0.99,0.12,-0.06,0.24
3458,2026-08-03 13:24:42.510,91.424,0.0,-0.01,0.99,0.12,-0.12,0.24
3459,2026-08-03 13:24:42.511,91.425,0.0,-0.01,0.99,0.12,-0.12,0.24
3460,2026-08-03 13:24:42.571,91.485,0.0,-0.01,0.99,0.12,-0.12,0.18
3461,2026-08-03 13:24:42.572,91.486,0.0,-0.01,0.99,0.12,-0.12,0.18
3462,2026-08-03 13:24:42.630,91.544,0.0,-0.01,0.99,0.12,-0.12,0.24
3463,2026-08-03 13:24:42.631,91.545,0.0,-0.01,0.99,0.12,-0.12,0.24
3464,2026-08-03 13:24:42.750,91.664,0.0,-0.01,0.99,0.12,-0.12,0.24
3465,2026-08-03 13:24:42.752,91.666,0.0,-0.01,0.99,0.12,-0.12,0.24
3466,2026-08-03 13:24:42.753,91.667,0.0,-0.01,0.99,0.12,-0.12,0.24
3467,2026-08-03 13:24:42.753,91.667,0.0,-0.01,0.99,0.12,-0.12,0.18
3468,2026-08-03 13:24:42.872,91.786,0.0,-0.01,0.99,0.12,-0.12,0.18
3469,2026-08-03 13:24:42.873,91.787,0.0,-0.01,0.99,0.12,-0.12,0.18
3470,2026-08-03 13:24:42.931,91.845,0.0,-0.01,0.99,0.12,-0.12,0.18
3471,2026-08-03 13:24:42.932,91.846,0.0,-0.01,0.99,0.12,-0.12,0.18
3472,2026-08-03 13:24:42.989,91.903,0.0,-0.01,0.99,0.12,-0.12,0.18
3473,2026-08-03 13:24:43.005,91.919,0.0,-0.01,0.99,0.12,-0.12,0.18
3474,2026-08-03 13:24:43.049,91.963,0.0,-0.01,0.99,0.12,-0.12,0.24
3475,2026-08-03 13:24:43.050,91.964,0.0,-0.01,0.99,0.12,-0.12,0.24
3476,2026-08-03 13:24:43.110,92.024,0.0,-0.01,0.99,0.12,-0.12,0.24
3477,2026-08-03 13:24:43.110,92.024,0.0,-0.01,0.99,0.06,-0.12,0.24
3478,2026-08-03 13:24:43.171,92.085,0.0,-0.01,0.99,0.06,-0.12,0.24
3479,2026-08-03 13:24:43.175,92.089,0.0,-0.01,0.99,0.06,-0.12,0.24
3480,2026-08-03 13:24:43.175,92.089,0.0,-0.01,0.99,0.12,-0.12,0.24
3481,2026-08-03 13:24:43.314,92.228,0.0,-0.01,0.99,0.12,-0.12,0.24
3482,2026-08-03 13:24:43.315,92.229,0.0,-0.01,0.99,0.12,-0.06,0.24
3483,2026-08-03 13:24:43.315,92.229,0.0,-0.01,0.99,0.12,-0.06,0.18
3484,2026-08-03 13:24:43.316,92.23,0.0,-0.01,0.99,0.12,-0.06,0.18
3485,2026-08-03 13:24:43.350,92.264,0.0,-0.01,0.99,0.12,-0.06,0.18
3486,2026-08-03 13:24:43.352,92.266,0.0,-0.01,0.99,0.12,-0.12,0.24
3487,2026-08-03 13:24:43.353,92.267,0.0,-0.01,0.99,0.12,-0.12,0.24
3488,2026-08-03 13:24:43.410,92.324,0.0,-0.01,0.99,0.12,-0.12,0.24
3489,2026-08-03 13:24:43.411,92.325,0.0,-0.01,0.99,0.12,-0.12,0.24
3490,2026-08-03 13:24:43.470,92.384,0.0,-0.01,0.99,0.12,-0.12,0.24
3491,2026-08-03 13:24:43.530,92.444,0.0,-0.01,0.99,0.12,-0.06,0.24
3492,2026-08-03 13:24:43.531,92.445,0.0,-0.01,0.99,0.12,-0.06,0.24
3493,2026-08-03 13:24:43.531,92.445,0.0,-0.01,0.99,0.12,-0.06,0.18
3494,2026-08-03 13:24:43.590,92.504,0.0,-0.01,0.99,0.12,-0.06,0.18
3495,2026-08-03 13:24:43.651,92.565,0.0,-0.01,0.99,0.12,-0.12,0.18
3496,2026-08-03 13:24:43.652,92.566,0.0,-0.01,0.99,0.12,-0.12,0.18
